<add xmlns:dc="http://purl.org/dc/elements/1.1/" overwrite="true">
<doc>
<field name="uri">http://pt.dbpedia.org/resource/Abbott_Handerson_Thayer</field>
<field name="entity_type">artists</field>
<field name="timestamp">NOW</field>
<field name="sameAs">http://dbpedia.org/resource/Abbott_Handerson_Thayer</field>
</doc>
<doc>
<field name="uri">http://es.dbpedia.org/resource/Abbott_Handerson_Thayer</field>
<field name="entity_type">artists</field>
<field name="timestamp">NOW</field>
<field name="sameAs">http://dbpedia.org/resource/Abbott_Handerson_Thayer</field>
</doc>
<doc>
<field name="uri">http://ru.dbpedia.org/resource/Тайер,_Эббот_Хэндерсон</field>
<field name="entity_type">artists</field>
<field name="timestamp">NOW</field>
<field name="sameAs">http://dbpedia.org/resource/Abbott_Handerson_Thayer</field>
</doc>
<doc>
<field name="uri">http://dbpedia.org/resource/Abbott_Handerson_Thayer</field>
<field name="entity_type">artists</field>
<field name="timestamp">NOW</field>
<field name="sameAs">http://yago-knowledge.org/resource/Abbott_Handerson_Thayer</field>
<field name="sameAs">http://nl.dbpedia.org/resource/Abbott_Handerson_Thayer</field>
<field name="sameAs">http://fr.dbpedia.org/resource/Abbott_Handerson_Thayer</field>
<field name="sameAs">http://pl.dbpedia.org/resource/Abbott_Handerson_Thayer</field>
<field name="sameAs">http://dbpedia.org/resource/Abbott_Handerson_Thayer</field>
<field name="sameAs">http://de.dbpedia.org/resource/Abbott_Handerson_Thayer</field>
<field name="sameAs">http://www.wikidata.org/entity/Q306759</field>
<field name="sameAs">http://ru.dbpedia.org/resource/Тайер,_Эббот_Хэндерсон</field>
<field name="sameAs">http://pt.dbpedia.org/resource/Abbott_Handerson_Thayer</field>
<field name="sameAs">http://it.dbpedia.org/resource/Abbott_Handerson_Thayer</field>
<field name="sameAs">http://es.dbpedia.org/resource/Abbott_Handerson_Thayer</field>
<field name="sameAs">http://rdf.freebase.com/ns/m.07h4l5</field>
<field name="sameAs">http://sv.dbpedia.org/resource/Abbott_Handerson_Thayer</field>
<field name="subject" update="add">http://dbpedia.org/resource/Category:1849_births</field>
<field name="subject" update="add">http://dbpedia.org/resource/Category:Camoufleurs</field>
<field name="subject" update="add">http://dbpedia.org/resource/Category:People_with_bipolar_disorder</field>
<field name="subject" update="add">http://dbpedia.org/resource/Category:Artists_from_Boston,_Massachusetts</field>
<field name="subject" update="add">http://dbpedia.org/resource/Category:People_from_Cheshire_County,_New_Hampshire</field>
<field name="subject" update="add">http://dbpedia.org/resource/Category:Archives_of_American_Art_related</field>
<field name="subject" update="add">http://dbpedia.org/resource/Category:American_alumni_of_the_%C3%89cole_des_Beaux-Arts</field>
<field name="subject" update="add">http://dbpedia.org/resource/Category:American_painters</field>
<field name="subject" update="add">http://dbpedia.org/resource/Category:Landscape_artists</field>
<field name="subject" update="add">http://dbpedia.org/resource/Category:1921_deaths</field>
<field name="abstract">Abbott Handerson Thayer (August 12, 1849 – May 29, 1921) was an American artist, naturalist and teacher. As a painter of portraits, figures, animals and landscapes, he enjoyed a certain prominence during his lifetime, as indicated by the fact that his paintings are part of the most important U.S. art collections. During the last third of his life, he worked together with his son, Gerald Handerson Thayer, on a major book about protective coloration in nature, titled Concealing-Coloration in the Animal Kingdom: An Exposition of the Laws of Disguise Through Color and Pattern; Being a Summary of Abbott H. Thayer’s Disclosures. First published by Macmillan in 1909, then reissued in 1918, it had an effect on the use of military camouflage during World War I. He also influenced American art by his efforts as a teacher who trained apprentices in his New Hampshire studio.</field>
<field name="birth-place">http://dbpedia.org/resource/Boston</field>
<field name="field">http://dbpedia.org/resource/Painting</field>
<field name="field">http://dbpedia.org/resource/Camouflage</field>
<field name="label">Abbott Handerson Thayer</field>
<field name="depiction">http://upload.wikimedia.org/wikipedia/commons/7/79/Abbott_thayer.jpg</field>
<field name="comment">Abbott Handerson Thayer (August 12, 1849 – May 29, 1921) was an American artist, naturalist and teacher. As a painter of portraits, figures, animals and landscapes, he enjoyed a certain prominence during his lifetime, as indicated by the fact that his paintings are part of the most important U.S. art collections.</field>
<field name="name"/>
<field name="thumbnail">http://upload.wikimedia.org/wikipedia/commons/thumb/7/79/Abbott_thayer.jpg/200px-Abbott_thayer.jpg</field>
<field name="link_external">http://www.aaa.si.edu/collectionsonline/thayabbo/</field>
<field name="link_external">http://www.bobolinkbooks.com/Camoupedia/DazzleThayer.html</field>
<field name="link_external">http://www.smithsonianmag.com/arts-culture/A-Painter-of-Angels-Became-the-Father-of-Camouflage.html</field>
<field name="link_external">http://crocat.cornwall.gov.uk/dserve/dserve.exe?dsqIni=Dserve.ini&amp;dsqApp=Archive&amp;dsqCmd=Show.tcl&amp;dsqDb=Catalog&amp;dsqPos=0&amp;dsqSearch=(RefNo='GHW/12/3/6/1/91/43')</field>
<field name="link_external">http://www.aaa.si.edu/collections/searchimages/images/item_5682.htm</field>
<field name="link_external">http://www.lymanallyn.org</field>
<field name="link_external">http://www.aaa.si.edu/collections/findingaids/brumthom.htm</field>
<field name="field">http://dbpedia.org/resource/Camouflage</field>
<field name="field">http://dbpedia.org/resource/Painting</field>
<field name="isPrimaryTopicOf">http://en.wikipedia.org/wiki/Abbott_Handerson_Thayer</field>
<field name="description"/>
<field name="photo-collection">http://wifo5-03.informatik.uni-mannheim.de/flickrwrappr/photos/Abbott_Handerson_Thayer</field>
</doc>
<doc>
<field name="uri">http://dbpedia.org/resource/The_Sisters_(Abbott_Thayer)</field>
<field name="entity_type">artists</field>
<field name="timestamp">NOW</field>
<field name="artist">http://dbpedia.org/resource/Abbott_Handerson_Thayer</field>
</doc>
<doc>
<field name="uri">http://en.wikipedia.org/wiki/Abbott_Handerson_Thayer</field>
<field name="entity_type">artists</field>
<field name="timestamp">NOW</field>
<field name="primaryTopic">http://dbpedia.org/resource/Abbott_Handerson_Thayer</field>
</doc>
<doc>
<field name="uri">http://dbpedia.org/resource/Abbot_H._Thayer</field>
<field name="entity_type">artists</field>
<field name="timestamp">NOW</field>
</doc>
<doc>
<field name="uri">http://dbpedia.org/resource/Abbott_H._Thayer</field>
<field name="entity_type">artists</field>
<field name="timestamp">NOW</field>
</doc>
<doc>
<field name="uri">http://dbpedia.org/resource/Stevenson_Memorial</field>
<field name="entity_type">artists</field>
<field name="timestamp">NOW</field>
<field name="artist">http://dbpedia.org/resource/Abbott_Handerson_Thayer</field>
</doc>
<doc>
<field name="uri">http://dbpedia.org/resource/Abbott_Thayer</field>
<field name="entity_type">artists</field>
<field name="timestamp">NOW</field>
</doc>
<doc>
<field name="uri">http://dbpedia.org/resource/Thayer</field>
<field name="entity_type">artists</field>
<field name="timestamp">NOW</field>
</doc>
<doc>
<field name="uri">http://pl.dbpedia.org/resource/Abbott_Handerson_Thayer</field>
<field name="entity_type">artists</field>
<field name="timestamp">NOW</field>
<field name="sameAs">http://dbpedia.org/resource/Abbott_Handerson_Thayer</field>
</doc>
<doc>
<field name="uri">http://dbpedia.org/resource/Abbot_Thayer</field>
<field name="entity_type">artists</field>
<field name="timestamp">NOW</field>
</doc>
<doc>
<field name="uri">http://dbpedia.org/resource/Abbott</field>
<field name="entity_type">artists</field>
<field name="timestamp">NOW</field>
</doc>
<doc>
<field name="uri">http://de.dbpedia.org/resource/Abbott_Handerson_Thayer</field>
<field name="entity_type">artists</field>
<field name="timestamp">NOW</field>
<field name="sameAs">http://dbpedia.org/resource/Abbott_Handerson_Thayer</field>
</doc>
<doc>
<field name="uri">http://fr.dbpedia.org/resource/Abbott_Handerson_Thayer</field>
<field name="entity_type">artists</field>
<field name="timestamp">NOW</field>
<field name="sameAs">http://dbpedia.org/resource/Abbott_Handerson_Thayer</field>
</doc>
<doc>
<field name="uri">http://it.dbpedia.org/resource/Abbott_Handerson_Thayer</field>
<field name="entity_type">artists</field>
<field name="timestamp">NOW</field>
<field name="sameAs">http://dbpedia.org/resource/Abbott_Handerson_Thayer</field>
</doc>
<doc>
<field name="uri">http://dbpedia.org/resource/Abbot_Handerson_Thayer</field>
<field name="entity_type">artists</field>
<field name="timestamp">NOW</field>
</doc>
<doc>
<field name="uri">http://nl.dbpedia.org/resource/Abbott_Handerson_Thayer</field>
<field name="entity_type">artists</field>
<field name="timestamp">NOW</field>
<field name="sameAs">http://dbpedia.org/resource/Abbott_Handerson_Thayer</field>
</doc>
<doc>
<field name="uri">http://wikidata.dbpedia.org/resource/Q306759</field>
<field name="entity_type">artists</field>
<field name="timestamp">NOW</field>
<field name="sameAs">http://dbpedia.org/resource/Abbott_Handerson_Thayer</field>
</doc>
<doc>
<field name="uri">http://sv.dbpedia.org/resource/Abbott_Handerson_Thayer</field>
<field name="entity_type">artists</field>
<field name="timestamp">NOW</field>
<field name="sameAs">http://dbpedia.org/resource/Abbott_Handerson_Thayer</field>
</doc>
</add>
