<add xmlns:dc="http://purl.org/dc/elements/1.1/" overwrite="true">
<doc>
<field name="uri">http://dbpedia.org/resource/Alexandre_Cabanel</field>
<field name="entity_type">artists</field>
<field name="timestamp">NOW</field>
<field name="sameAs">http://it.dbpedia.org/resource/Alexandre_Cabanel</field>
<field name="sameAs">http://de.dbpedia.org/resource/Alexandre_Cabanel</field>
<field name="sameAs">http://hu.dbpedia.org/resource/Alexandre_Cabanel</field>
<field name="sameAs">http://fr.dbpedia.org/resource/Alexandre_Cabanel</field>
<field name="sameAs">http://el.dbpedia.org/resource/Αλεξάντρ_Καμπανέλ</field>
<field name="sameAs">http://cs.dbpedia.org/resource/Alexandre_Cabanel</field>
<field name="sameAs">http://rdf.freebase.com/ns/m.022g_8</field>
<field name="sameAs">http://br.dbpedia.org/resource/Alexandre_Cabanel</field>
<field name="sameAs">http://ca.dbpedia.org/resource/Alexandre_Cabanel</field>
<field name="sameAs">http://yago-knowledge.org/resource/Alexandre_Cabanel</field>
<field name="sameAs">http://es.dbpedia.org/resource/Alexandre_Cabanel</field>
<field name="sameAs">http://nl.dbpedia.org/resource/Alexandre_Cabanel</field>
<field name="sameAs">http://uk.dbpedia.org/resource/Александр_Кабанель</field>
<field name="sameAs">http://da.dbpedia.org/resource/Alexandre_Cabanel</field>
<field name="sameAs">http://www.wikidata.org/entity/Q310437</field>
<field name="sameAs">http://la.dbpedia.org/resource/Alexander_Cabanel</field>
<field name="sameAs">http://zh.dbpedia.org/resource/亚历山大·卡巴内尔</field>
<field name="sameAs">http://sv.dbpedia.org/resource/Alexandre_Cabanel</field>
<field name="sameAs">http://az.dbpedia.org/resource/Aleksandr_Kabanel</field>
<field name="sameAs">http://oc.dbpedia.org/resource/Alexandre_Cabanèl</field>
<field name="sameAs">http://pt.dbpedia.org/resource/Alexandre_Cabanel</field>
<field name="sameAs">http://ja.dbpedia.org/resource/アレクサンドル・カバネル</field>
<field name="sameAs">http://dbpedia.org/resource/Alexandre_Cabanel</field>
<field name="sameAs">http://et.dbpedia.org/resource/Alexandre_Cabanel</field>
<field name="sameAs">http://ru.dbpedia.org/resource/Кабанель,_Александр</field>
<field name="sameAs">http://nn.dbpedia.org/resource/Alexandre_Cabanel</field>
<field name="sameAs">http://be.dbpedia.org/resource/Аляксандр_Кабанель</field>
<field name="sameAs">http://pl.dbpedia.org/resource/Alexandre_Cabanel</field>
<field name="sameAs">http://tr.dbpedia.org/resource/Alexandre_Cabanel</field>
<field name="subject" update="add">http://dbpedia.org/resource/Category:1823_births</field>
<field name="subject" update="add">http://dbpedia.org/resource/Category:People_from_Montpellier</field>
<field name="subject" update="add">http://dbpedia.org/resource/Category:French_romantic_painters</field>
<field name="subject" update="add">http://dbpedia.org/resource/Category:1889_deaths</field>
<field name="subject" update="add">http://dbpedia.org/resource/Category:Prix_de_Rome_for_painting</field>
<field name="subject" update="add">http://dbpedia.org/resource/Category:Faculty_of_the_%C3%89cole_des_Beaux-Arts</field>
<field name="subject" update="add">http://dbpedia.org/resource/Category:Members_of_the_Acad%C3%A9mie_des_beaux-arts</field>
<field name="subject" update="add">http://dbpedia.org/resource/Category:Academic_art</field>
<field name="subject" update="add">http://dbpedia.org/resource/Category:French_neoclassical_painters</field>
<field name="abstract">Alexandre Cabanel (28 September 1823 – 23 January 1889) was a French painter.</field>
<field name="birth-place">http://dbpedia.org/resource/France</field>
<field name="birth-place">http://dbpedia.org/resource/Montpellier</field>
<field name="death-place">http://dbpedia.org/resource/France</field>
<field name="death-place">http://dbpedia.org/resource/Paris</field>
<field name="field">http://dbpedia.org/resource/Painting</field>
<field name="movement">http://dbpedia.org/resource/Academic_art</field>
<field name="label">Alexandre Cabanel</field>
<field name="depiction">http://upload.wikimedia.org/wikipedia/commons/c/cf/Self_Portrait_(Alexandre_Cabanel).jpg</field>
<field name="comment">Alexandre Cabanel (28 September 1823 – 23 January 1889) was a French painter.</field>
<field name="name"/>
<field name="thumbnail">http://upload.wikimedia.org/wikipedia/commons/thumb/c/cf/Self_Portrait_(Alexandre_Cabanel).jpg/200px-Self_Portrait_(Alexandre_Cabanel).jpg</field>
<field name="link_external">http://www.theartinpixels.com/alexandre-cabanel/</field>
<field name="link_external">http://www.artrenewal.org/pages/artist.php?artistid=5</field>
<field name="link_external">http://www.insecula.com/us/contact/A005672.html</field>
<field name="link_external">http://www.artcyclopedia.com/artists/cabanel_alexandre.html</field>
<field name="field">http://dbpedia.org/resource/Painting</field>
<field name="movement">http://dbpedia.org/resource/Academic_art</field>
<field name="influenced"/>
<field name="isPrimaryTopicOf">http://en.wikipedia.org/wiki/Alexandre_Cabanel</field>
<field name="description"/>
<field name="photo-collection">http://wifo5-03.informatik.uni-mannheim.de/flickrwrappr/photos/Alexandre_Cabanel</field>
</doc>
<doc>
<field name="uri">http://dbpedia.org/resource/Cleopatra_Testing_Poisons_on_Condemned_Prisoners</field>
<field name="entity_type">artists</field>
<field name="timestamp">NOW</field>
<field name="artist">http://dbpedia.org/resource/Alexandre_Cabanel</field>
</doc>
<doc>
<field name="uri">http://de.dbpedia.org/resource/Alexandre_Cabanel</field>
<field name="entity_type">artists</field>
<field name="timestamp">NOW</field>
<field name="sameAs">http://dbpedia.org/resource/Alexandre_Cabanel</field>
</doc>
<doc>
<field name="uri">http://fr.dbpedia.org/resource/Alexandre_Cabanel</field>
<field name="entity_type">artists</field>
<field name="timestamp">NOW</field>
<field name="sameAs">http://dbpedia.org/resource/Alexandre_Cabanel</field>
</doc>
<doc>
<field name="uri">http://el.dbpedia.org/resource/Αλεξάντρ_Καμπανέλ</field>
<field name="entity_type">artists</field>
<field name="timestamp">NOW</field>
<field name="sameAs">http://dbpedia.org/resource/Alexandre_Cabanel</field>
</doc>
<doc>
<field name="uri">http://es.dbpedia.org/resource/Alexandre_Cabanel</field>
<field name="entity_type">artists</field>
<field name="timestamp">NOW</field>
<field name="sameAs">http://dbpedia.org/resource/Alexandre_Cabanel</field>
</doc>
<doc>
<field name="uri">http://ru.dbpedia.org/resource/Кабанель,_Александр</field>
<field name="entity_type">artists</field>
<field name="timestamp">NOW</field>
<field name="sameAs">http://dbpedia.org/resource/Alexandre_Cabanel</field>
</doc>
<doc>
<field name="uri">http://en.wikipedia.org/wiki/Alexandre_Cabanel</field>
<field name="entity_type">artists</field>
<field name="timestamp">NOW</field>
<field name="primaryTopic">http://dbpedia.org/resource/Alexandre_Cabanel</field>
</doc>
<doc>
<field name="uri">http://dbpedia.org/resource/Solomon_Joseph_Solomon</field>
<field name="entity_type">artists</field>
<field name="timestamp">NOW</field>
<field name="influenced">http://dbpedia.org/resource/Alexandre_Cabanel</field>
</doc>
<doc>
<field name="uri">http://it.dbpedia.org/resource/Alexandre_Cabanel</field>
<field name="entity_type">artists</field>
<field name="timestamp">NOW</field>
<field name="sameAs">http://dbpedia.org/resource/Alexandre_Cabanel</field>
</doc>
<doc>
<field name="uri">http://ja.dbpedia.org/resource/アレクサンドル・カバネル</field>
<field name="entity_type">artists</field>
<field name="timestamp">NOW</field>
<field name="sameAs">http://dbpedia.org/resource/Alexandre_Cabanel</field>
</doc>
<doc>
<field name="uri">http://pt.dbpedia.org/resource/Alexandre_Cabanel</field>
<field name="entity_type">artists</field>
<field name="timestamp">NOW</field>
<field name="sameAs">http://dbpedia.org/resource/Alexandre_Cabanel</field>
</doc>
<doc>
<field name="uri">http://cs.dbpedia.org/resource/Alexandre_Cabanel</field>
<field name="entity_type">artists</field>
<field name="timestamp">NOW</field>
<field name="sameAs">http://dbpedia.org/resource/Alexandre_Cabanel</field>
</doc>
<doc>
<field name="uri">http://pl.dbpedia.org/resource/Alexandre_Cabanel</field>
<field name="entity_type">artists</field>
<field name="timestamp">NOW</field>
<field name="sameAs">http://dbpedia.org/resource/Alexandre_Cabanel</field>
</doc>
<doc>
<field name="uri">http://dbpedia.org/resource/The_Birth_of_Venus_(Cabanel)</field>
<field name="entity_type">artists</field>
<field name="timestamp">NOW</field>
<field name="artist">http://dbpedia.org/resource/Alexandre_Cabanel</field>
</doc>
<doc>
<field name="uri">http://dbpedia.org/resource/Cabanel</field>
<field name="entity_type">artists</field>
<field name="timestamp">NOW</field>
</doc>
<doc>
<field name="uri">http://nl.dbpedia.org/resource/Alexandre_Cabanel</field>
<field name="entity_type">artists</field>
<field name="timestamp">NOW</field>
<field name="sameAs">http://dbpedia.org/resource/Alexandre_Cabanel</field>
</doc>
<doc>
<field name="uri">http://zh.dbpedia.org/resource/亚历山大·卡巴内尔</field>
<field name="entity_type">artists</field>
<field name="timestamp">NOW</field>
<field name="sameAs">http://dbpedia.org/resource/Alexandre_Cabanel</field>
</doc>
<doc>
<field name="uri">http://az.dbpedia.org/resource/Aleksandr_Kabanel</field>
<field name="entity_type">artists</field>
<field name="timestamp">NOW</field>
<field name="sameAs">http://dbpedia.org/resource/Alexandre_Cabanel</field>
</doc>
<doc>
<field name="uri">http://be.dbpedia.org/resource/Аляксандр_Кабанель</field>
<field name="entity_type">artists</field>
<field name="timestamp">NOW</field>
<field name="sameAs">http://dbpedia.org/resource/Alexandre_Cabanel</field>
</doc>
<doc>
<field name="uri">http://br.dbpedia.org/resource/Alexandre_Cabanel</field>
<field name="entity_type">artists</field>
<field name="timestamp">NOW</field>
<field name="sameAs">http://dbpedia.org/resource/Alexandre_Cabanel</field>
</doc>
<doc>
<field name="uri">http://ca.dbpedia.org/resource/Alexandre_Cabanel</field>
<field name="entity_type">artists</field>
<field name="timestamp">NOW</field>
<field name="sameAs">http://dbpedia.org/resource/Alexandre_Cabanel</field>
</doc>
<doc>
<field name="uri">http://da.dbpedia.org/resource/Alexandre_Cabanel</field>
<field name="entity_type">artists</field>
<field name="timestamp">NOW</field>
<field name="sameAs">http://dbpedia.org/resource/Alexandre_Cabanel</field>
</doc>
<doc>
<field name="uri">http://et.dbpedia.org/resource/Alexandre_Cabanel</field>
<field name="entity_type">artists</field>
<field name="timestamp">NOW</field>
<field name="sameAs">http://dbpedia.org/resource/Alexandre_Cabanel</field>
</doc>
<doc>
<field name="uri">http://hu.dbpedia.org/resource/Alexandre_Cabanel</field>
<field name="entity_type">artists</field>
<field name="timestamp">NOW</field>
<field name="sameAs">http://dbpedia.org/resource/Alexandre_Cabanel</field>
</doc>
<doc>
<field name="uri">http://la.dbpedia.org/resource/Alexander_Cabanel</field>
<field name="entity_type">artists</field>
<field name="timestamp">NOW</field>
<field name="sameAs">http://dbpedia.org/resource/Alexandre_Cabanel</field>
</doc>
<doc>
<field name="uri">http://nn.dbpedia.org/resource/Alexandre_Cabanel</field>
<field name="entity_type">artists</field>
<field name="timestamp">NOW</field>
<field name="sameAs">http://dbpedia.org/resource/Alexandre_Cabanel</field>
</doc>
<doc>
<field name="uri">http://oc.dbpedia.org/resource/Alexandre_Cabanèl</field>
<field name="entity_type">artists</field>
<field name="timestamp">NOW</field>
<field name="sameAs">http://dbpedia.org/resource/Alexandre_Cabanel</field>
</doc>
<doc>
<field name="uri">http://sv.dbpedia.org/resource/Alexandre_Cabanel</field>
<field name="entity_type">artists</field>
<field name="timestamp">NOW</field>
<field name="sameAs">http://dbpedia.org/resource/Alexandre_Cabanel</field>
</doc>
<doc>
<field name="uri">http://tr.dbpedia.org/resource/Alexandre_Cabanel</field>
<field name="entity_type">artists</field>
<field name="timestamp">NOW</field>
<field name="sameAs">http://dbpedia.org/resource/Alexandre_Cabanel</field>
</doc>
<doc>
<field name="uri">http://uk.dbpedia.org/resource/Александр_Кабанель</field>
<field name="entity_type">artists</field>
<field name="timestamp">NOW</field>
<field name="sameAs">http://dbpedia.org/resource/Alexandre_Cabanel</field>
</doc>
<doc>
<field name="uri">http://wikidata.dbpedia.org/resource/Q310437</field>
<field name="entity_type">artists</field>
<field name="timestamp">NOW</field>
<field name="sameAs">http://dbpedia.org/resource/Alexandre_Cabanel</field>
</doc>
</add>
