<add xmlns:dc="http://purl.org/dc/elements/1.1/" overwrite="true">
<doc>
<field name="uri">http://dbpedia.org/resource/Ambrogio_Lorenzetti</field>
<field name="entity_type">artists</field>
<field name="timestamp">NOW</field>
<field name="sameAs">http://lt.dbpedia.org/resource/Ambrogio_Lorenzetti</field>
<field name="sameAs">http://pt.dbpedia.org/resource/Ambrogio_Lorenzetti</field>
<field name="sameAs">http://nn.dbpedia.org/resource/Ambrogio_Lorenzetti</field>
<field name="sameAs">http://sv.dbpedia.org/resource/Ambrogio_Lorenzetti</field>
<field name="sameAs">http://fi.dbpedia.org/resource/Ambrogio_Lorenzetti</field>
<field name="sameAs">http://www.wikidata.org/entity/Q211562</field>
<field name="sameAs">http://dbpedia.org/resource/Ambrogio_Lorenzetti</field>
<field name="sameAs">http://sl.dbpedia.org/resource/Ambrogio_Lorenzetti</field>
<field name="sameAs">http://th.dbpedia.org/resource/อัมโบรโจ_โลเรนเซตตี</field>
<field name="sameAs">http://rdf.freebase.com/ns/m.01zxp6</field>
<field name="sameAs">http://be.dbpedia.org/resource/Амброджа_Ларанцэці</field>
<field name="sameAs">http://et.dbpedia.org/resource/Ambrogio_Lorenzetti</field>
<field name="sameAs">http://ru.dbpedia.org/resource/Лоренцетти,_Амброджо</field>
<field name="sameAs">http://hr.dbpedia.org/resource/Ambrogio_Lorenzetti</field>
<field name="sameAs">http://it.dbpedia.org/resource/Ambrogio_Lorenzetti</field>
<field name="sameAs">http://fr.dbpedia.org/resource/Ambrogio_Lorenzetti</field>
<field name="sameAs">http://stq.dbpedia.org/resource/Ambrogio_Lorenzetti</field>
<field name="sameAs">http://nl.dbpedia.org/resource/Ambrogio_Lorenzetti</field>
<field name="sameAs">http://ca.dbpedia.org/resource/Ambrogio_Lorenzetti</field>
<field name="sameAs">http://sh.dbpedia.org/resource/Ambrogio_Lorenzetti</field>
<field name="sameAs">http://pl.dbpedia.org/resource/Ambrogio_Lorenzetti</field>
<field name="sameAs">http://no.dbpedia.org/resource/Ambrogio_Lorenzetti</field>
<field name="sameAs">http://ja.dbpedia.org/resource/アンブロージョ・ロレンツェッティ</field>
<field name="sameAs">http://da.dbpedia.org/resource/Ambrogio_Lorenzetti</field>
<field name="sameAs">http://yago-knowledge.org/resource/Ambrogio_Lorenzetti</field>
<field name="sameAs">http://zh_min_nan.dbpedia.org/resource/Ambrogio_Lorenzetti</field>
<field name="sameAs">http://de.dbpedia.org/resource/Ambrogio_Lorenzetti</field>
<field name="sameAs">http://hu.dbpedia.org/resource/Ambrogio_Lorenzetti</field>
<field name="sameAs">http://pms.dbpedia.org/resource/Ambrogio_Lorenzetti</field>
<field name="sameAs">http://sk.dbpedia.org/resource/Ambrogio_Lorenzetti</field>
<field name="sameAs">http://es.dbpedia.org/resource/Ambrogio_Lorenzetti</field>
<field name="sameAs">http://uk.dbpedia.org/resource/Амброджо_Лоренцетті</field>
<field name="sameAs">http://ro.dbpedia.org/resource/Ambrogio_Lorenzetti</field>
<field name="subject" update="add">http://dbpedia.org/resource/Category:People_from_Siena</field>
<field name="subject" update="add">http://dbpedia.org/resource/Category:1348_deaths</field>
<field name="subject" update="add">http://dbpedia.org/resource/Category:Gothic_painters</field>
<field name="subject" update="add">http://dbpedia.org/resource/Category:Trecento_painters</field>
<field name="subject" update="add">http://dbpedia.org/resource/Category:1290_births</field>
<field name="subject" update="add">http://dbpedia.org/resource/Category:Sienese_painters</field>
<field name="subject" update="add">http://dbpedia.org/resource/Category:14th-century_deaths_from_plague_(disease)</field>
<field name="abstract">Ambrogio Lorenzetti (or Ambruogio Laurati) (c. 1290 – 9 June 1348) was an Italian painter of the Sienese school. He was active between approximately 1317 to 1348. His elder brother was the painter Pietro Lorenzetti. Ambrogio Lorenzetti was highly influenced by both Byzantine art and classical art forms, and used these to create a unique and individualistic style of painting. His work was exceptionally original. Individuality at this time was unusual due to the influence of patronage on art. Because paintings were often commissioned, individualism in art was infrequently seen. It is known that Lorenzetti engaged in artistic pursuits that were thought to have their origins during the Renaissance, such as experimenting with perspective and physiognomy, and studying classical antiquity. His body of work clearly shows the innovativeness that subsequent artists chose to emulate. His work shows the influence of Simone Martini, although more naturalistic. The earliest dated work of the Sienese painter is a Madonna and Child (1319, Museo Diocesano, San Casciano). His presence was documented in Florence up until 1321. He would return there after spending a number of years in Siena. The frescoes on the walls of the Room of the Nine (Sala dei Nove) or Room of Peace (Sala della Pace) in the Palazzo Pubblico of Siena are one of the masterworks of early renaissance secular painting. The "nine" was the oligarchal assembly of guild and monetary interests that governed the republic. Three walls are painted with frescoes consisting of a large assembly of allegorical figures of virtues in the Allegory of Good Government. In the other two facing panels, Ambrogio weaves panoramic visions of Effects of Good Government on Town and Country, and Allegory of Bad Government and its Effects on Town and Country (also called "Ill-governed Town and Country"). The better preserved "well-governed town and country" is an unrivaled pictorial encyclopedia of incidents in a peaceful medieval "borgo" and countryside. The first evidence of the existence of the hourglass can be found in the fresco, Allegory of Bad Government and Its Effects on Town and Country. Like his brother, he is believed to have died of bubonic plague in 1348. Giorgio Vasari includes a biography of Lorenzetti in his Lives.</field>
<field name="birth-place">http://dbpedia.org/resource/Siena</field>
<field name="birth-place">http://dbpedia.org/resource/Italy</field>
<field name="field">http://dbpedia.org/resource/Fresco</field>
<field name="field">http://dbpedia.org/resource/Painting</field>
<field name="movement">http://dbpedia.org/resource/Gothic_art</field>
<field name="label">Ambrogio Lorenzetti</field>
<field name="depiction">http://upload.wikimedia.org/wikipedia/commons/5/50/013_le_vite,_ambrogio_lorenzetti.jpg</field>
<field name="comment">Ambrogio Lorenzetti (or Ambruogio Laurati) (c. 1290 – 9 June 1348) was an Italian painter of the Sienese school. He was active between approximately 1317 to 1348. His elder brother was the painter Pietro Lorenzetti. Ambrogio Lorenzetti was highly influenced by both Byzantine art and classical art forms, and used these to create a unique and individualistic style of painting. His work was exceptionally original. Individuality at this time was unusual due to the influence of patronage on art.</field>
<field name="name"/>
<field name="thumbnail">http://upload.wikimedia.org/wikipedia/commons/thumb/5/50/013_le_vite,_ambrogio_lorenzetti.jpg/200px-013_le_vite,_ambrogio_lorenzetti.jpg</field>
<field name="link_external">http://www.owlnet.rice.edu/~arch343/lecture10.html</field>
<field name="link_external">http://www.aiwaz.net/gallery/lorenzetti-ambrogio/gc57</field>
<field name="field">http://dbpedia.org/resource/Painting</field>
<field name="field">http://dbpedia.org/resource/Fresco</field>
<field name="movement">http://dbpedia.org/resource/Gothic_art</field>
<field name="influenced"/>
<field name="isPrimaryTopicOf">http://en.wikipedia.org/wiki/Ambrogio_Lorenzetti</field>
<field name="description"/>
<field name="photo-collection">http://wifo5-03.informatik.uni-mannheim.de/flickrwrappr/photos/Ambrogio_Lorenzetti</field>
</doc>
<doc>
<field name="uri">http://es.dbpedia.org/resource/Ambrogio_Lorenzetti</field>
<field name="entity_type">artists</field>
<field name="timestamp">NOW</field>
<field name="sameAs">http://dbpedia.org/resource/Ambrogio_Lorenzetti</field>
</doc>
<doc>
<field name="uri">http://it.dbpedia.org/resource/Ambrogio_Lorenzetti</field>
<field name="entity_type">artists</field>
<field name="timestamp">NOW</field>
<field name="sameAs">http://dbpedia.org/resource/Ambrogio_Lorenzetti</field>
</doc>
<doc>
<field name="uri">http://pt.dbpedia.org/resource/Ambrogio_Lorenzetti</field>
<field name="entity_type">artists</field>
<field name="timestamp">NOW</field>
<field name="sameAs">http://dbpedia.org/resource/Ambrogio_Lorenzetti</field>
</doc>
<doc>
<field name="uri">http://de.dbpedia.org/resource/Ambrogio_Lorenzetti</field>
<field name="entity_type">artists</field>
<field name="timestamp">NOW</field>
<field name="sameAs">http://dbpedia.org/resource/Ambrogio_Lorenzetti</field>
</doc>
<doc>
<field name="uri">http://fr.dbpedia.org/resource/Ambrogio_Lorenzetti</field>
<field name="entity_type">artists</field>
<field name="timestamp">NOW</field>
<field name="sameAs">http://dbpedia.org/resource/Ambrogio_Lorenzetti</field>
</doc>
<doc>
<field name="uri">http://en.wikipedia.org/wiki/Ambrogio_Lorenzetti</field>
<field name="entity_type">artists</field>
<field name="timestamp">NOW</field>
<field name="primaryTopic">http://dbpedia.org/resource/Ambrogio_Lorenzetti</field>
</doc>
<doc>
<field name="uri">http://dbpedia.org/resource/Presentation_at_the_Temple_(Ambrogio_Lorenzetti)</field>
<field name="entity_type">artists</field>
<field name="timestamp">NOW</field>
<field name="artist">http://dbpedia.org/resource/Ambrogio_Lorenzetti</field>
</doc>
<doc>
<field name="uri">http://dbpedia.org/resource/Annunciation_(Ambrogio_Lorenzetti)</field>
<field name="entity_type">artists</field>
<field name="timestamp">NOW</field>
<field name="artist">http://dbpedia.org/resource/Ambrogio_Lorenzetti</field>
</doc>
<doc>
<field name="uri">http://dbpedia.org/resource/Duccio</field>
<field name="entity_type">artists</field>
<field name="timestamp">NOW</field>
</doc>
<doc>
<field name="uri">http://dbpedia.org/resource/Lorenzetti</field>
<field name="entity_type">artists</field>
<field name="timestamp">NOW</field>
</doc>
<doc>
<field name="uri">http://dbpedia.org/resource/Ambruogio_Laurati</field>
<field name="entity_type">artists</field>
<field name="timestamp">NOW</field>
</doc>
<doc>
<field name="uri">http://ja.dbpedia.org/resource/アンブロージョ・ロレンツェッティ</field>
<field name="entity_type">artists</field>
<field name="timestamp">NOW</field>
<field name="sameAs">http://dbpedia.org/resource/Ambrogio_Lorenzetti</field>
</doc>
<doc>
<field name="uri">http://pl.dbpedia.org/resource/Ambrogio_Lorenzetti</field>
<field name="entity_type">artists</field>
<field name="timestamp">NOW</field>
<field name="sameAs">http://dbpedia.org/resource/Ambrogio_Lorenzetti</field>
</doc>
<doc>
<field name="uri">http://ru.dbpedia.org/resource/Лоренцетти,_Амброджо</field>
<field name="entity_type">artists</field>
<field name="timestamp">NOW</field>
<field name="sameAs">http://dbpedia.org/resource/Ambrogio_Lorenzetti</field>
</doc>
<doc>
<field name="uri">http://dbpedia.org/resource/Ambrogio</field>
<field name="entity_type">artists</field>
<field name="timestamp">NOW</field>
</doc>
<doc>
<field name="uri">http://nl.dbpedia.org/resource/Ambrogio_Lorenzetti</field>
<field name="entity_type">artists</field>
<field name="timestamp">NOW</field>
<field name="sameAs">http://dbpedia.org/resource/Ambrogio_Lorenzetti</field>
</doc>
<doc>
<field name="uri">http://wikidata.dbpedia.org/resource/Q211562</field>
<field name="entity_type">artists</field>
<field name="timestamp">NOW</field>
<field name="sameAs">http://dbpedia.org/resource/Ambrogio_Lorenzetti</field>
</doc>
<doc>
<field name="uri">http://be.dbpedia.org/resource/Амброджа_Ларанцэці</field>
<field name="entity_type">artists</field>
<field name="timestamp">NOW</field>
<field name="sameAs">http://dbpedia.org/resource/Ambrogio_Lorenzetti</field>
</doc>
<doc>
<field name="uri">http://ca.dbpedia.org/resource/Ambrogio_Lorenzetti</field>
<field name="entity_type">artists</field>
<field name="timestamp">NOW</field>
<field name="sameAs">http://dbpedia.org/resource/Ambrogio_Lorenzetti</field>
</doc>
<doc>
<field name="uri">http://da.dbpedia.org/resource/Ambrogio_Lorenzetti</field>
<field name="entity_type">artists</field>
<field name="timestamp">NOW</field>
<field name="sameAs">http://dbpedia.org/resource/Ambrogio_Lorenzetti</field>
</doc>
<doc>
<field name="uri">http://et.dbpedia.org/resource/Ambrogio_Lorenzetti</field>
<field name="entity_type">artists</field>
<field name="timestamp">NOW</field>
<field name="sameAs">http://dbpedia.org/resource/Ambrogio_Lorenzetti</field>
</doc>
<doc>
<field name="uri">http://fi.dbpedia.org/resource/Ambrogio_Lorenzetti</field>
<field name="entity_type">artists</field>
<field name="timestamp">NOW</field>
<field name="sameAs">http://dbpedia.org/resource/Ambrogio_Lorenzetti</field>
</doc>
<doc>
<field name="uri">http://hr.dbpedia.org/resource/Ambrogio_Lorenzetti</field>
<field name="entity_type">artists</field>
<field name="timestamp">NOW</field>
<field name="sameAs">http://dbpedia.org/resource/Ambrogio_Lorenzetti</field>
</doc>
<doc>
<field name="uri">http://hu.dbpedia.org/resource/Ambrogio_Lorenzetti</field>
<field name="entity_type">artists</field>
<field name="timestamp">NOW</field>
<field name="sameAs">http://dbpedia.org/resource/Ambrogio_Lorenzetti</field>
</doc>
<doc>
<field name="uri">http://lt.dbpedia.org/resource/Ambrogio_Lorenzetti</field>
<field name="entity_type">artists</field>
<field name="timestamp">NOW</field>
<field name="sameAs">http://dbpedia.org/resource/Ambrogio_Lorenzetti</field>
</doc>
<doc>
<field name="uri">http://nn.dbpedia.org/resource/Ambrogio_Lorenzetti</field>
<field name="entity_type">artists</field>
<field name="timestamp">NOW</field>
<field name="sameAs">http://dbpedia.org/resource/Ambrogio_Lorenzetti</field>
</doc>
<doc>
<field name="uri">http://no.dbpedia.org/resource/Ambrogio_Lorenzetti</field>
<field name="entity_type">artists</field>
<field name="timestamp">NOW</field>
<field name="sameAs">http://dbpedia.org/resource/Ambrogio_Lorenzetti</field>
</doc>
<doc>
<field name="uri">http://pms.dbpedia.org/resource/Ambrogio_Lorenzetti</field>
<field name="entity_type">artists</field>
<field name="timestamp">NOW</field>
<field name="sameAs">http://dbpedia.org/resource/Ambrogio_Lorenzetti</field>
</doc>
<doc>
<field name="uri">http://ro.dbpedia.org/resource/Ambrogio_Lorenzetti</field>
<field name="entity_type">artists</field>
<field name="timestamp">NOW</field>
<field name="sameAs">http://dbpedia.org/resource/Ambrogio_Lorenzetti</field>
</doc>
<doc>
<field name="uri">http://sh.dbpedia.org/resource/Ambrogio_Lorenzetti</field>
<field name="entity_type">artists</field>
<field name="timestamp">NOW</field>
<field name="sameAs">http://dbpedia.org/resource/Ambrogio_Lorenzetti</field>
</doc>
<doc>
<field name="uri">http://sk.dbpedia.org/resource/Ambrogio_Lorenzetti</field>
<field name="entity_type">artists</field>
<field name="timestamp">NOW</field>
<field name="sameAs">http://dbpedia.org/resource/Ambrogio_Lorenzetti</field>
</doc>
<doc>
<field name="uri">http://sl.dbpedia.org/resource/Ambrogio_Lorenzetti</field>
<field name="entity_type">artists</field>
<field name="timestamp">NOW</field>
<field name="sameAs">http://dbpedia.org/resource/Ambrogio_Lorenzetti</field>
</doc>
<doc>
<field name="uri">http://sv.dbpedia.org/resource/Ambrogio_Lorenzetti</field>
<field name="entity_type">artists</field>
<field name="timestamp">NOW</field>
<field name="sameAs">http://dbpedia.org/resource/Ambrogio_Lorenzetti</field>
</doc>
<doc>
<field name="uri">http://th.dbpedia.org/resource/อัมโบรโจ_โลเรนเซตตี</field>
<field name="entity_type">artists</field>
<field name="timestamp">NOW</field>
<field name="sameAs">http://dbpedia.org/resource/Ambrogio_Lorenzetti</field>
</doc>
<doc>
<field name="uri">http://uk.dbpedia.org/resource/Амброджо_Лоренцетті</field>
<field name="entity_type">artists</field>
<field name="timestamp">NOW</field>
<field name="sameAs">http://dbpedia.org/resource/Ambrogio_Lorenzetti</field>
</doc>
<doc>
<field name="uri">http://stq.dbpedia.org/resource/Ambrogio_Lorenzetti</field>
<field name="entity_type">artists</field>
<field name="timestamp">NOW</field>
<field name="sameAs">http://dbpedia.org/resource/Ambrogio_Lorenzetti</field>
</doc>
<doc>
<field name="uri">http://zh_min_nan.dbpedia.org/resource/Ambrogio_Lorenzetti</field>
<field name="entity_type">artists</field>
<field name="timestamp">NOW</field>
<field name="sameAs">http://dbpedia.org/resource/Ambrogio_Lorenzetti</field>
</doc>
</add>
