<add xmlns:dc="http://purl.org/dc/elements/1.1/" overwrite="true">
<doc>
<field name="uri">http://dbpedia.org/resource/Antonello_Da_Messina</field>
<field name="entity_type">artists</field>
<field name="timestamp">NOW</field>
</doc>
<doc>
<field name="uri">http://dbpedia.org/resource/Salting_Madonna_(Antonello_da_Messina)</field>
<field name="entity_type">artists</field>
<field name="timestamp">NOW</field>
</doc>
<doc>
<field name="uri">http://cs.dbpedia.org/resource/Antonello_da_Messina</field>
<field name="entity_type">artists</field>
<field name="timestamp">NOW</field>
<field name="sameAs">http://dbpedia.org/resource/Antonello_da_Messina</field>
</doc>
<doc>
<field name="uri">http://el.dbpedia.org/resource/Αντονέλλο_ντα_Μεσσίνα</field>
<field name="entity_type">artists</field>
<field name="timestamp">NOW</field>
<field name="sameAs">http://dbpedia.org/resource/Antonello_da_Messina</field>
</doc>
<doc>
<field name="uri">http://pl.dbpedia.org/resource/Antonello_da_Messina</field>
<field name="entity_type">artists</field>
<field name="timestamp">NOW</field>
<field name="sameAs">http://dbpedia.org/resource/Antonello_da_Messina</field>
</doc>
<doc>
<field name="uri">http://ru.dbpedia.org/resource/Антонелло_да_Мессина</field>
<field name="entity_type">artists</field>
<field name="timestamp">NOW</field>
<field name="sameAs">http://dbpedia.org/resource/Antonello_da_Messina</field>
</doc>
<doc>
<field name="uri">http://de.dbpedia.org/resource/Antonello_da_Messina</field>
<field name="entity_type">artists</field>
<field name="timestamp">NOW</field>
<field name="sameAs">http://dbpedia.org/resource/Antonello_da_Messina</field>
</doc>
<doc>
<field name="uri">http://fr.dbpedia.org/resource/Antonello_de_Messine</field>
<field name="entity_type">artists</field>
<field name="timestamp">NOW</field>
<field name="sameAs">http://dbpedia.org/resource/Antonello_da_Messina</field>
</doc>
<doc>
<field name="uri">http://dbpedia.org/resource/Crucifixion_(Antonello_da_Messina)</field>
<field name="entity_type">artists</field>
<field name="timestamp">NOW</field>
</doc>
<doc>
<field name="uri">http://dbpedia.org/resource/St._Sebastian_(Antonello_da_Messina)</field>
<field name="entity_type">artists</field>
<field name="timestamp">NOW</field>
</doc>
<doc>
<field name="uri">http://dbpedia.org/resource/Virgin_Annunciate_(Antonello_da_Messina,_Palermo)</field>
<field name="entity_type">artists</field>
<field name="timestamp">NOW</field>
<field name="artist">http://dbpedia.org/resource/Antonello_da_Messina</field>
</doc>
<doc>
<field name="uri">http://dbpedia.org/resource/Antonello_da_Messina</field>
<field name="entity_type">artists</field>
<field name="timestamp">NOW</field>
<field name="sameAs">http://gl.dbpedia.org/resource/Antonello_da_Mesina</field>
<field name="sameAs">http://vls.dbpedia.org/resource/Antonello_da_Messina</field>
<field name="sameAs">http://es.dbpedia.org/resource/Antonello_da_Messina</field>
<field name="sameAs">http://nap.dbpedia.org/resource/Antonello_da_Messina</field>
<field name="sameAs">http://it.dbpedia.org/resource/Antonello_da_Messina</field>
<field name="sameAs">http://ca.dbpedia.org/resource/Antonello_da_Messina</field>
<field name="sameAs">http://he.dbpedia.org/resource/אנטונלו_דה_מסינה</field>
<field name="sameAs">http://www.wikidata.org/entity/Q5594</field>
<field name="sameAs">http://lt.dbpedia.org/resource/Antonello_da_Messina</field>
<field name="sameAs">http://la.dbpedia.org/resource/Antonellus_Messanensis</field>
<field name="sameAs">http://yago-knowledge.org/resource/Antonello_da_Messina</field>
<field name="sameAs">http://hr.dbpedia.org/resource/Antonello_da_Messina</field>
<field name="sameAs">http://el.dbpedia.org/resource/Αντονέλλο_ντα_Μεσσίνα</field>
<field name="sameAs">http://pl.dbpedia.org/resource/Antonello_da_Messina</field>
<field name="sameAs">http://se.dbpedia.org/resource/Antonello_da_Messina</field>
<field name="sameAs">http://oc.dbpedia.org/resource/Antonello_da_Messina</field>
<field name="sameAs">http://fiu_vro.dbpedia.org/resource/Da_Messina_Antonello</field>
<field name="sameAs">http://lv.dbpedia.org/resource/Antonello_da_Mesīna</field>
<field name="sameAs">http://zh.dbpedia.org/resource/安托内罗·达·梅西那</field>
<field name="sameAs">http://nl.dbpedia.org/resource/Antonello_da_Messina</field>
<field name="sameAs">http://nn.dbpedia.org/resource/Antonello_da_Messina</field>
<field name="sameAs">http://th.dbpedia.org/resource/อันโตเนลโล_ดา_เมสสินา</field>
<field name="sameAs">http://dbpedia.org/resource/Antonello_da_Messina</field>
<field name="sameAs">http://hu.dbpedia.org/resource/Antonello_da_Messina</field>
<field name="sameAs">http://de.dbpedia.org/resource/Antonello_da_Messina</field>
<field name="sameAs">http://pms.dbpedia.org/resource/Antonello_ëd_Messin-a</field>
<field name="sameAs">http://bo.dbpedia.org/resource/ཨན་ཏོ་ནེལ་ལོ་ད་མེ་སི་ན།</field>
<field name="sameAs">http://no.dbpedia.org/resource/Antonello_da_Messina</field>
<field name="sameAs">http://ru.dbpedia.org/resource/Антонелло_да_Мессина</field>
<field name="sameAs">http://sv.dbpedia.org/resource/Antonello_da_Messina</field>
<field name="sameAs">http://bg.dbpedia.org/resource/Антонело_да_Месина</field>
<field name="sameAs">http://ml.dbpedia.org/resource/അന്തോനെല്ലോ_ദ_മെസ്സീന</field>
<field name="sameAs">http://uk.dbpedia.org/resource/Антонелло_да_Мессіна</field>
<field name="sameAs">http://pt.dbpedia.org/resource/Antonello_da_Messina</field>
<field name="sameAs">http://ja.dbpedia.org/resource/アントネロ・ダ・メッシーナ</field>
<field name="sameAs">http://fi.dbpedia.org/resource/Antonello_da_Messina</field>
<field name="sameAs">http://fr.dbpedia.org/resource/Antonello_de_Messine</field>
<field name="sameAs">http://scn.dbpedia.org/resource/Antonellu_di_Missina</field>
<field name="sameAs">http://rdf.freebase.com/ns/m.01lrbt</field>
<field name="sameAs">http://ar.dbpedia.org/resource/أنطونيلو_دا_مسينا</field>
<field name="sameAs">http://io.dbpedia.org/resource/Antonello_da_Messina</field>
<field name="sameAs">http://cs.dbpedia.org/resource/Antonello_da_Messina</field>
<field name="subject" update="add">http://dbpedia.org/resource/Category:Renaissance_painters</field>
<field name="subject" update="add">http://dbpedia.org/resource/Category:1430s_births</field>
<field name="subject" update="add">http://dbpedia.org/resource/Category:Sicilian_painters</field>
<field name="subject" update="add">http://dbpedia.org/resource/Category:Portrait_painters</field>
<field name="subject" update="add">http://dbpedia.org/resource/Category:People_from_Messina</field>
<field name="subject" update="add">http://dbpedia.org/resource/Category:1479_deaths</field>
<field name="subject" update="add">http://dbpedia.org/resource/Category:Italian_painters</field>
<field name="abstract">Antonello da Messina, properly Antonello di Giovanni di Antonio (c. 1430 – February 1479), was an Italian painter from Messina, Sicily, active during the Italian Renaissance. His work shows strong influences from Early Netherlandish painting although there is no documentary evidence that he ever travelled beyond Italy. {{#invoke:Footnotes|sfn}} Giorgio Vasari mistakenly credited him with the introduction of oil-painting into Italy. {{#invoke:Footnotes|sfn}} Unusually for a south Italian artist, his work proved influential on painters in northern Italy, especially in Venice.</field>
<field name="birth-place">http://dbpedia.org/resource/Italy</field>
<field name="birth-place">http://dbpedia.org/resource/Messina</field>
<field name="death-place">http://dbpedia.org/resource/Messina</field>
<field name="death-place">http://dbpedia.org/resource/Italy</field>
<field name="field">http://dbpedia.org/resource/Painting</field>
<field name="movement">http://dbpedia.org/resource/Italian_Renaissance</field>
<field name="label">Antonello da Messina</field>
<field name="depiction">http://upload.wikimedia.org/wikipedia/commons/1/18/AntonelloCondottiere.jpg</field>
<field name="comment">Antonello da Messina, properly Antonello di Giovanni di Antonio (c. 1430 – February 1479), was an Italian painter from Messina, Sicily, active during the Italian Renaissance. His work shows strong influences from Early Netherlandish painting although there is no documentary evidence that he ever travelled beyond Italy. {{#invoke:Footnotes|sfn}} Giorgio Vasari mistakenly credited him with the introduction of oil-painting into Italy.</field>
<field name="name"/>
<field name="name"/>
<field name="thumbnail">http://upload.wikimedia.org/wikipedia/commons/thumb/1/18/AntonelloCondottiere.jpg/200px-AntonelloCondottiere.jpg</field>
<field name="link_external">http://www.all-art.org/gothic_era/messina1.html</field>
<field name="link_external">http://www.wga.hu/frames-e.html?/html/a/antonell/</field>
<field name="link_external">http://libmma.contentdm.oclc.org/cdm/compoundobject/collection/p15324coll10/id/51392</field>
<field name="link_external">http://www.bestofsicily.com/mag/art24.htm</field>
<field name="link_external">http://libmma.contentdm.oclc.org/cdm/compoundobject/collection/p15324coll10/id/91807/rec/320</field>
<field name="link_external">http://www.guardian.co.uk/arts/portrait/story/0,11109,740337,00.html</field>
<field name="field">http://dbpedia.org/resource/Painting</field>
<field name="movement">http://dbpedia.org/resource/Italian_Renaissance</field>
<field name="influenced"/>
<field name="influenced"/>
<field name="isPrimaryTopicOf">http://en.wikipedia.org/wiki/Antonello_da_Messina</field>
<field name="description"/>
<field name="photo-collection">http://wifo5-03.informatik.uni-mannheim.de/flickrwrappr/photos/Antonello_da_Messina</field>
</doc>
<doc>
<field name="uri">http://es.dbpedia.org/resource/Antonello_da_Messina</field>
<field name="entity_type">artists</field>
<field name="timestamp">NOW</field>
<field name="sameAs">http://dbpedia.org/resource/Antonello_da_Messina</field>
</doc>
<doc>
<field name="uri">http://ja.dbpedia.org/resource/アントネロ・ダ・メッシーナ</field>
<field name="entity_type">artists</field>
<field name="timestamp">NOW</field>
<field name="sameAs">http://dbpedia.org/resource/Antonello_da_Messina</field>
</doc>
<doc>
<field name="uri">http://dbpedia.org/resource/Annunciation_(da_Messina)</field>
<field name="entity_type">artists</field>
<field name="timestamp">NOW</field>
</doc>
<doc>
<field name="uri">http://dbpedia.org/resource/Andrea_Solari</field>
<field name="entity_type">artists</field>
<field name="timestamp">NOW</field>
</doc>
<doc>
<field name="uri">http://dbpedia.org/resource/Antonello</field>
<field name="entity_type">artists</field>
<field name="timestamp">NOW</field>
</doc>
<doc>
<field name="uri">http://dbpedia.org/resource/Ecce_Homo_(Antonello_da_Messina)</field>
<field name="entity_type">artists</field>
<field name="timestamp">NOW</field>
</doc>
<doc>
<field name="uri">http://dbpedia.org/resource/Male_portraits_by_Antonello_da_Messina</field>
<field name="entity_type">artists</field>
<field name="timestamp">NOW</field>
</doc>
<doc>
<field name="uri">http://dbpedia.org/resource/Christ_at_the_Column_(Antonello_da_Messina)</field>
<field name="entity_type">artists</field>
<field name="timestamp">NOW</field>
</doc>
<doc>
<field name="uri">http://dbpedia.org/resource/Virgin_Annunciate_(Antonello_da_Messina,_Munich)</field>
<field name="entity_type">artists</field>
<field name="timestamp">NOW</field>
<field name="artist">http://dbpedia.org/resource/Antonello_da_Messina</field>
</doc>
<doc>
<field name="uri">http://dbpedia.org/resource/San_Cassiano_Altarpiece</field>
<field name="entity_type">artists</field>
<field name="timestamp">NOW</field>
</doc>
<doc>
<field name="uri">http://dbpedia.org/resource/Messina_(disambiguation)</field>
<field name="entity_type">artists</field>
<field name="timestamp">NOW</field>
</doc>
<doc>
<field name="uri">http://it.dbpedia.org/resource/Antonello_da_Messina</field>
<field name="entity_type">artists</field>
<field name="timestamp">NOW</field>
<field name="sameAs">http://dbpedia.org/resource/Antonello_da_Messina</field>
</doc>
<doc>
<field name="uri">http://pt.dbpedia.org/resource/Antonello_da_Messina</field>
<field name="entity_type">artists</field>
<field name="timestamp">NOW</field>
<field name="sameAs">http://dbpedia.org/resource/Antonello_da_Messina</field>
</doc>
<doc>
<field name="uri">http://dbpedia.org/resource/Antonello_da_messina</field>
<field name="entity_type">artists</field>
<field name="timestamp">NOW</field>
</doc>
<doc>
<field name="uri">http://dbpedia.org/resource/St._Jerome_in_His_Study_(Antonello_da_Messina)</field>
<field name="entity_type">artists</field>
<field name="timestamp">NOW</field>
</doc>
<doc>
<field name="uri">http://dbpedia.org/resource/Antonello_d'Antonio</field>
<field name="entity_type">artists</field>
<field name="timestamp">NOW</field>
</doc>
<doc>
<field name="uri">http://dbpedia.org/resource/Antonello_di_Antonio</field>
<field name="entity_type">artists</field>
<field name="timestamp">NOW</field>
</doc>
<doc>
<field name="uri">http://dbpedia.org/resource/Messina,_Antonello_da</field>
<field name="entity_type">artists</field>
<field name="timestamp">NOW</field>
</doc>
<doc>
<field name="uri">http://dbpedia.org/resource/St._Jerome_and_Abraham_panels_(Antonello_da_Messina)</field>
<field name="entity_type">artists</field>
<field name="timestamp">NOW</field>
</doc>
<doc>
<field name="uri">http://en.wikipedia.org/wiki/Antonello_da_Messina</field>
<field name="entity_type">artists</field>
<field name="timestamp">NOW</field>
<field name="primaryTopic">http://dbpedia.org/resource/Antonello_da_Messina</field>
</doc>
<doc>
<field name="uri">http://nl.dbpedia.org/resource/Antonello_da_Messina</field>
<field name="entity_type">artists</field>
<field name="timestamp">NOW</field>
<field name="sameAs">http://dbpedia.org/resource/Antonello_da_Messina</field>
</doc>
<doc>
<field name="uri">http://dbpedia.org/resource/Antonello_di_Messina</field>
<field name="entity_type">artists</field>
<field name="timestamp">NOW</field>
</doc>
<doc>
<field name="uri">http://wikidata.dbpedia.org/resource/Q5594</field>
<field name="entity_type">artists</field>
<field name="timestamp">NOW</field>
<field name="sameAs">http://dbpedia.org/resource/Antonello_da_Messina</field>
</doc>
<doc>
<field name="uri">http://zh.dbpedia.org/resource/安托内罗·达·梅西那</field>
<field name="entity_type">artists</field>
<field name="timestamp">NOW</field>
<field name="sameAs">http://dbpedia.org/resource/Antonello_da_Messina</field>
</doc>
<doc>
<field name="uri">http://ar.dbpedia.org/resource/أنطونيلو_دا_مسينا</field>
<field name="entity_type">artists</field>
<field name="timestamp">NOW</field>
<field name="sameAs">http://dbpedia.org/resource/Antonello_da_Messina</field>
</doc>
<doc>
<field name="uri">http://bg.dbpedia.org/resource/Антонело_да_Месина</field>
<field name="entity_type">artists</field>
<field name="timestamp">NOW</field>
<field name="sameAs">http://dbpedia.org/resource/Antonello_da_Messina</field>
</doc>
<doc>
<field name="uri">http://ca.dbpedia.org/resource/Antonello_da_Messina</field>
<field name="entity_type">artists</field>
<field name="timestamp">NOW</field>
<field name="sameAs">http://dbpedia.org/resource/Antonello_da_Messina</field>
</doc>
<doc>
<field name="uri">http://fi.dbpedia.org/resource/Antonello_da_Messina</field>
<field name="entity_type">artists</field>
<field name="timestamp">NOW</field>
<field name="sameAs">http://dbpedia.org/resource/Antonello_da_Messina</field>
</doc>
<doc>
<field name="uri">http://gl.dbpedia.org/resource/Antonello_da_Mesina</field>
<field name="entity_type">artists</field>
<field name="timestamp">NOW</field>
<field name="sameAs">http://dbpedia.org/resource/Antonello_da_Messina</field>
</doc>
<doc>
<field name="uri">http://he.dbpedia.org/resource/אנטונלו_דה_מסינה</field>
<field name="entity_type">artists</field>
<field name="timestamp">NOW</field>
<field name="sameAs">http://dbpedia.org/resource/Antonello_da_Messina</field>
</doc>
<doc>
<field name="uri">http://hr.dbpedia.org/resource/Antonello_da_Messina</field>
<field name="entity_type">artists</field>
<field name="timestamp">NOW</field>
<field name="sameAs">http://dbpedia.org/resource/Antonello_da_Messina</field>
</doc>
<doc>
<field name="uri">http://hu.dbpedia.org/resource/Antonello_da_Messina</field>
<field name="entity_type">artists</field>
<field name="timestamp">NOW</field>
<field name="sameAs">http://dbpedia.org/resource/Antonello_da_Messina</field>
</doc>
<doc>
<field name="uri">http://io.dbpedia.org/resource/Antonello_da_Messina</field>
<field name="entity_type">artists</field>
<field name="timestamp">NOW</field>
<field name="sameAs">http://dbpedia.org/resource/Antonello_da_Messina</field>
</doc>
<doc>
<field name="uri">http://la.dbpedia.org/resource/Antonellus_Messanensis</field>
<field name="entity_type">artists</field>
<field name="timestamp">NOW</field>
<field name="sameAs">http://dbpedia.org/resource/Antonello_da_Messina</field>
</doc>
<doc>
<field name="uri">http://lt.dbpedia.org/resource/Antonello_da_Messina</field>
<field name="entity_type">artists</field>
<field name="timestamp">NOW</field>
<field name="sameAs">http://dbpedia.org/resource/Antonello_da_Messina</field>
</doc>
<doc>
<field name="uri">http://lv.dbpedia.org/resource/Antonello_da_Mesīna</field>
<field name="entity_type">artists</field>
<field name="timestamp">NOW</field>
<field name="sameAs">http://dbpedia.org/resource/Antonello_da_Messina</field>
</doc>
<doc>
<field name="uri">http://ml.dbpedia.org/resource/അന്തോനെല്ലോ_ദ_മെസ്സീന</field>
<field name="entity_type">artists</field>
<field name="timestamp">NOW</field>
<field name="sameAs">http://dbpedia.org/resource/Antonello_da_Messina</field>
</doc>
<doc>
<field name="uri">http://nap.dbpedia.org/resource/Antonello_da_Messina</field>
<field name="entity_type">artists</field>
<field name="timestamp">NOW</field>
<field name="sameAs">http://dbpedia.org/resource/Antonello_da_Messina</field>
</doc>
<doc>
<field name="uri">http://nn.dbpedia.org/resource/Antonello_da_Messina</field>
<field name="entity_type">artists</field>
<field name="timestamp">NOW</field>
<field name="sameAs">http://dbpedia.org/resource/Antonello_da_Messina</field>
</doc>
<doc>
<field name="uri">http://no.dbpedia.org/resource/Antonello_da_Messina</field>
<field name="entity_type">artists</field>
<field name="timestamp">NOW</field>
<field name="sameAs">http://dbpedia.org/resource/Antonello_da_Messina</field>
</doc>
<doc>
<field name="uri">http://oc.dbpedia.org/resource/Antonello_da_Messina</field>
<field name="entity_type">artists</field>
<field name="timestamp">NOW</field>
<field name="sameAs">http://dbpedia.org/resource/Antonello_da_Messina</field>
</doc>
<doc>
<field name="uri">http://pms.dbpedia.org/resource/Antonello_ëd_Messin-a</field>
<field name="entity_type">artists</field>
<field name="timestamp">NOW</field>
<field name="sameAs">http://dbpedia.org/resource/Antonello_da_Messina</field>
</doc>
<doc>
<field name="uri">http://scn.dbpedia.org/resource/Antonellu_di_Missina</field>
<field name="entity_type">artists</field>
<field name="timestamp">NOW</field>
<field name="sameAs">http://dbpedia.org/resource/Antonello_da_Messina</field>
</doc>
<doc>
<field name="uri">http://sv.dbpedia.org/resource/Antonello_da_Messina</field>
<field name="entity_type">artists</field>
<field name="timestamp">NOW</field>
<field name="sameAs">http://dbpedia.org/resource/Antonello_da_Messina</field>
</doc>
<doc>
<field name="uri">http://th.dbpedia.org/resource/อันโตเนลโล_ดา_เมสสินา</field>
<field name="entity_type">artists</field>
<field name="timestamp">NOW</field>
<field name="sameAs">http://dbpedia.org/resource/Antonello_da_Messina</field>
</doc>
<doc>
<field name="uri">http://uk.dbpedia.org/resource/Антонелло_да_Мессіна</field>
<field name="entity_type">artists</field>
<field name="timestamp">NOW</field>
<field name="sameAs">http://dbpedia.org/resource/Antonello_da_Messina</field>
</doc>
<doc>
<field name="uri">http://bo.dbpedia.org/resource/ཨན་ཏོ་ནེལ་ལོ་ད་མེ་སི་ན།</field>
<field name="entity_type">artists</field>
<field name="timestamp">NOW</field>
<field name="sameAs">http://dbpedia.org/resource/Antonello_da_Messina</field>
</doc>
<doc>
<field name="uri">http://fiu_vro.dbpedia.org/resource/Da_Messina_Antonello</field>
<field name="entity_type">artists</field>
<field name="timestamp">NOW</field>
<field name="sameAs">http://dbpedia.org/resource/Antonello_da_Messina</field>
</doc>
<doc>
<field name="uri">http://se.dbpedia.org/resource/Antonello_da_Messina</field>
<field name="entity_type">artists</field>
<field name="timestamp">NOW</field>
<field name="sameAs">http://dbpedia.org/resource/Antonello_da_Messina</field>
</doc>
<doc>
<field name="uri">http://vls.dbpedia.org/resource/Antonello_da_Messina</field>
<field name="entity_type">artists</field>
<field name="timestamp">NOW</field>
<field name="sameAs">http://dbpedia.org/resource/Antonello_da_Messina</field>
</doc>
</add>
