<add xmlns:dc="http://purl.org/dc/elements/1.1/" overwrite="true">
<doc>
<field name="uri">http://dbpedia.org/resource/Barnett</field>
<field name="entity_type">artists</field>
<field name="timestamp">NOW</field>
</doc>
<doc>
<field name="uri">http://es.dbpedia.org/resource/Barnett_Newman</field>
<field name="entity_type">artists</field>
<field name="timestamp">NOW</field>
<field name="sameAs">http://dbpedia.org/resource/Barnett_Newman</field>
</doc>
<doc>
<field name="uri">http://pl.dbpedia.org/resource/Barnett_Newman</field>
<field name="entity_type">artists</field>
<field name="timestamp">NOW</field>
<field name="sameAs">http://dbpedia.org/resource/Barnett_Newman</field>
</doc>
<doc>
<field name="uri">http://dbpedia.org/resource/Barnett_Newman</field>
<field name="entity_type">artists</field>
<field name="timestamp">NOW</field>
<field name="sameAs">http://pt.dbpedia.org/resource/Barnett_Newman</field>
<field name="sameAs">http://ja.dbpedia.org/resource/バーネット・ニューマン</field>
<field name="sameAs">http://es.dbpedia.org/resource/Barnett_Newman</field>
<field name="sameAs">http://de.dbpedia.org/resource/Barnett_Newman</field>
<field name="sameAs">http://ru.dbpedia.org/resource/Ньюман,_Барнетт</field>
<field name="sameAs">http://sh.dbpedia.org/resource/Barnett_Newman</field>
<field name="sameAs">http://pl.dbpedia.org/resource/Barnett_Newman</field>
<field name="sameAs">http://az.dbpedia.org/resource/Barnett_Nyuman</field>
<field name="sameAs">http://fi.dbpedia.org/resource/Barnett_Newman</field>
<field name="sameAs">http://fr.dbpedia.org/resource/Barnett_Newman</field>
<field name="sameAs">http://www.wikidata.org/entity/Q374504</field>
<field name="sameAs">http://yago-knowledge.org/resource/Barnett_Newman</field>
<field name="sameAs">http://rdf.freebase.com/ns/m.01jlc2</field>
<field name="sameAs">http://dbpedia.org/resource/Barnett_Newman</field>
<field name="sameAs">http://sv.dbpedia.org/resource/Barnett_Newman</field>
<field name="sameAs">http://tr.dbpedia.org/resource/Barnett_Newman</field>
<field name="sameAs">http://nl.dbpedia.org/resource/Barnett_Newman</field>
<field name="sameAs">http://no.dbpedia.org/resource/Barnett_Newman</field>
<field name="sameAs">http://it.dbpedia.org/resource/Barnett_Newman</field>
<field name="sameAs">http://th.dbpedia.org/resource/บาร์เนต_นิวแมน</field>
<field name="subject" update="add">http://dbpedia.org/resource/Category:American_artists</field>
<field name="subject" update="add">http://dbpedia.org/resource/Category:Modern_painters</field>
<field name="subject" update="add">http://dbpedia.org/resource/Category:Artists_from_New_York_City</field>
<field name="subject" update="add">http://dbpedia.org/resource/Category:Art_Students_League_of_New_York_alumni</field>
<field name="subject" update="add">http://dbpedia.org/resource/Category:Jewish_American_artists</field>
<field name="subject" update="add">http://dbpedia.org/resource/Category:Abstract_expressionist_artists</field>
<field name="subject" update="add">http://dbpedia.org/resource/Category:1970_deaths</field>
<field name="subject" update="add">http://dbpedia.org/resource/Category:City_College_of_New_York_alumni</field>
<field name="subject" update="add">http://dbpedia.org/resource/Category:Jewish_artists</field>
<field name="subject" update="add">http://dbpedia.org/resource/Category:American_painters</field>
<field name="subject" update="add">http://dbpedia.org/resource/Category:Jewish_painters</field>
<field name="subject" update="add">http://dbpedia.org/resource/Category:Deaths_from_myocardial_infarction</field>
<field name="subject" update="add">http://dbpedia.org/resource/Category:American_people_of_Polish-Jewish_descent</field>
<field name="subject" update="add">http://dbpedia.org/resource/Category:1905_births</field>
<field name="abstract">Barnett Newman (January 29, 1905 – July 4, 1970) was an American artist. He is seen as one of the major figures in abstract expressionism and one of the foremost of the color field painters.</field>
<field name="birth-place">http://dbpedia.org/resource/New_York_City</field>
<field name="field">http://dbpedia.org/resource/Painting</field>
<field name="movement">http://dbpedia.org/resource/Abstract_expressionism</field>
<field name="movement">http://dbpedia.org/resource/Color_Field</field>
<field name="label">Barnett Newman</field>
<field name="depiction">http://upload.wikimedia.org/wikipedia/commons/2/29/Newman-Onement_1.jpg</field>
<field name="comment">Barnett Newman (January 29, 1905 – July 4, 1970) was an American artist. He is seen as one of the major figures in abstract expressionism and one of the foremost of the color field painters.</field>
<field name="name"/>
<field name="thumbnail">http://upload.wikimedia.org/wikipedia/commons/thumb/2/29/Newman-Onement_1.jpg/200px-Newman-Onement_1.jpg</field>
<field name="link_external">http://www.worldcat.org/title/barnett-newman/oclc/48674613</field>
<field name="link_external">http://www.worldcatlibraries.org/oclc/50253062&amp;tab=holdings</field>
<field name="link_external">http://www.barnettnewman.org/</field>
<field name="link_external">http://www.tate.org.uk/servlet/ArtistWorks?cgroupid=999999961&amp;artistid=1699&amp;page=1&amp;sole=y&amp;collab=y&amp;attr=y&amp;sort=default&amp;tabview=worklist</field>
<field name="link_external">http://www.worldcat.org/title/barnett-newman-a-catalogue-raisonne/oclc/55487321</field>
<field name="link_external">http://www.aaa.si.edu/collections/american-museum-natural-history-dept-anthropology-correspondence-barnett-newman-and-betty-parsons-10978</field>
<field name="link_external">http://www.philamuseum.org/micro_sites/exhibitions/newman/index.html</field>
<field name="link_external">http://books.google.ch/books?id=NSMagZEohhwC&amp;lpg=PP1&amp;hl=de&amp;pg=PP1#v=onepage&amp;q&amp;f=false</field>
<field name="link_external">http://books.google.ch/books?id=fJu2-D2nhRwC&amp;pg=PA52#v=onepage&amp;q&amp;f=false</field>
<field name="link_external">http://www.thedrivetouqbar.com/?page_id=42</field>
<field name="field">http://dbpedia.org/resource/Painting</field>
<field name="movement">http://dbpedia.org/resource/Abstract_expressionism</field>
<field name="movement">http://dbpedia.org/resource/Color_Field</field>
<field name="influenced"/>
<field name="isPrimaryTopicOf">http://en.wikipedia.org/wiki/Barnett_Newman</field>
<field name="description"/>
<field name="photo-collection">http://wifo5-03.informatik.uni-mannheim.de/flickrwrappr/photos/Barnett_Newman</field>
</doc>
<doc>
<field name="uri">http://dbpedia.org/resource/Frank_Stella</field>
<field name="entity_type">artists</field>
<field name="timestamp">NOW</field>
<field name="influenced">http://dbpedia.org/resource/Barnett_Newman</field>
</doc>
<doc>
<field name="uri">http://dbpedia.org/resource/Robert_Irwin_(artist)</field>
<field name="entity_type">artists</field>
<field name="timestamp">NOW</field>
<field name="influenced">http://dbpedia.org/resource/Barnett_Newman</field>
</doc>
<doc>
<field name="uri">http://dbpedia.org/resource/Vir_Heroicus_Sublimis</field>
<field name="entity_type">artists</field>
<field name="timestamp">NOW</field>
<field name="artist">http://dbpedia.org/resource/Barnett_Newman</field>
</doc>
<doc>
<field name="uri">http://dbpedia.org/resource/Robert_Ryman</field>
<field name="entity_type">artists</field>
<field name="timestamp">NOW</field>
</doc>
<doc>
<field name="uri">http://dbpedia.org/resource/Voice_of_Fire</field>
<field name="entity_type">artists</field>
<field name="timestamp">NOW</field>
<field name="artist">http://dbpedia.org/resource/Barnett_Newman</field>
</doc>
<doc>
<field name="uri">http://de.dbpedia.org/resource/Barnett_Newman</field>
<field name="entity_type">artists</field>
<field name="timestamp">NOW</field>
<field name="sameAs">http://dbpedia.org/resource/Barnett_Newman</field>
</doc>
<doc>
<field name="uri">http://fr.dbpedia.org/resource/Barnett_Newman</field>
<field name="entity_type">artists</field>
<field name="timestamp">NOW</field>
<field name="sameAs">http://dbpedia.org/resource/Barnett_Newman</field>
</doc>
<doc>
<field name="uri">http://ja.dbpedia.org/resource/バーネット・ニューマン</field>
<field name="entity_type">artists</field>
<field name="timestamp">NOW</field>
<field name="sameAs">http://dbpedia.org/resource/Barnett_Newman</field>
</doc>
<doc>
<field name="uri">http://ru.dbpedia.org/resource/Ньюман,_Барнетт</field>
<field name="entity_type">artists</field>
<field name="timestamp">NOW</field>
<field name="sameAs">http://dbpedia.org/resource/Barnett_Newman</field>
</doc>
<doc>
<field name="uri">http://dbpedia.org/resource/Robert_Murray_(artist)</field>
<field name="entity_type">artists</field>
<field name="timestamp">NOW</field>
</doc>
<doc>
<field name="uri">http://dbpedia.org/resource/Ryszard_Wasko</field>
<field name="entity_type">artists</field>
<field name="timestamp">NOW</field>
<field name="influenced">http://dbpedia.org/resource/Barnett_Newman</field>
</doc>
<doc>
<field name="uri">http://dbpedia.org/resource/Newman</field>
<field name="entity_type">artists</field>
<field name="timestamp">NOW</field>
</doc>
<doc>
<field name="uri">http://it.dbpedia.org/resource/Barnett_Newman</field>
<field name="entity_type">artists</field>
<field name="timestamp">NOW</field>
<field name="sameAs">http://dbpedia.org/resource/Barnett_Newman</field>
</doc>
<doc>
<field name="uri">http://pt.dbpedia.org/resource/Barnett_Newman</field>
<field name="entity_type">artists</field>
<field name="timestamp">NOW</field>
<field name="sameAs">http://dbpedia.org/resource/Barnett_Newman</field>
</doc>
<doc>
<field name="uri">http://en.wikipedia.org/wiki/Barnett_Newman</field>
<field name="entity_type">artists</field>
<field name="timestamp">NOW</field>
<field name="primaryTopic">http://dbpedia.org/resource/Barnett_Newman</field>
</doc>
<doc>
<field name="uri">http://dbpedia.org/resource/Barnet_Newman</field>
<field name="entity_type">artists</field>
<field name="timestamp">NOW</field>
</doc>
<doc>
<field name="uri">http://nl.dbpedia.org/resource/Barnett_Newman</field>
<field name="entity_type">artists</field>
<field name="timestamp">NOW</field>
<field name="sameAs">http://dbpedia.org/resource/Barnett_Newman</field>
</doc>
<doc>
<field name="uri">http://wikidata.dbpedia.org/resource/Q374504</field>
<field name="entity_type">artists</field>
<field name="timestamp">NOW</field>
<field name="sameAs">http://dbpedia.org/resource/Barnett_Newman</field>
</doc>
<doc>
<field name="uri">http://az.dbpedia.org/resource/Barnett_Nyuman</field>
<field name="entity_type">artists</field>
<field name="timestamp">NOW</field>
<field name="sameAs">http://dbpedia.org/resource/Barnett_Newman</field>
</doc>
<doc>
<field name="uri">http://fi.dbpedia.org/resource/Barnett_Newman</field>
<field name="entity_type">artists</field>
<field name="timestamp">NOW</field>
<field name="sameAs">http://dbpedia.org/resource/Barnett_Newman</field>
</doc>
<doc>
<field name="uri">http://no.dbpedia.org/resource/Barnett_Newman</field>
<field name="entity_type">artists</field>
<field name="timestamp">NOW</field>
<field name="sameAs">http://dbpedia.org/resource/Barnett_Newman</field>
</doc>
<doc>
<field name="uri">http://sh.dbpedia.org/resource/Barnett_Newman</field>
<field name="entity_type">artists</field>
<field name="timestamp">NOW</field>
<field name="sameAs">http://dbpedia.org/resource/Barnett_Newman</field>
</doc>
<doc>
<field name="uri">http://sv.dbpedia.org/resource/Barnett_Newman</field>
<field name="entity_type">artists</field>
<field name="timestamp">NOW</field>
<field name="sameAs">http://dbpedia.org/resource/Barnett_Newman</field>
</doc>
<doc>
<field name="uri">http://th.dbpedia.org/resource/บาร์เนต_นิวแมน</field>
<field name="entity_type">artists</field>
<field name="timestamp">NOW</field>
<field name="sameAs">http://dbpedia.org/resource/Barnett_Newman</field>
</doc>
<doc>
<field name="uri">http://tr.dbpedia.org/resource/Barnett_Newman</field>
<field name="entity_type">artists</field>
<field name="timestamp">NOW</field>
<field name="sameAs">http://dbpedia.org/resource/Barnett_Newman</field>
</doc>
</add>
