<add xmlns:dc="http://purl.org/dc/elements/1.1/" overwrite="true">
<doc>
<field name="uri">http://en.wikipedia.org/wiki/Bronzino</field>
<field name="entity_type">artists</field>
<field name="timestamp">NOW</field>
<field name="primaryTopic">http://dbpedia.org/resource/Bronzino</field>
</doc>
<doc>
<field name="uri">http://de.dbpedia.org/resource/Agnolo_Bronzino</field>
<field name="entity_type">artists</field>
<field name="timestamp">NOW</field>
<field name="sameAs">http://dbpedia.org/resource/Bronzino</field>
</doc>
<doc>
<field name="uri">http://fr.dbpedia.org/resource/Agnolo_di_Cosimo_di_Mariano,_dit_Bronzino</field>
<field name="entity_type">artists</field>
<field name="timestamp">NOW</field>
<field name="sameAs">http://dbpedia.org/resource/Bronzino</field>
</doc>
<doc>
<field name="uri">http://es.dbpedia.org/resource/Bronzino</field>
<field name="entity_type">artists</field>
<field name="timestamp">NOW</field>
<field name="sameAs">http://dbpedia.org/resource/Bronzino</field>
</doc>
<doc>
<field name="uri">http://ru.dbpedia.org/resource/Бронзино,_Аньоло</field>
<field name="entity_type">artists</field>
<field name="timestamp">NOW</field>
<field name="sameAs">http://dbpedia.org/resource/Bronzino</field>
</doc>
<doc>
<field name="uri">http://dbpedia.org/resource/Loretta_Lux</field>
<field name="entity_type">artists</field>
<field name="timestamp">NOW</field>
<field name="influenced">http://dbpedia.org/resource/Bronzino</field>
</doc>
<doc>
<field name="uri">http://dbpedia.org/resource/Bronzino</field>
<field name="entity_type">artists</field>
<field name="timestamp">NOW</field>
<field name="sameAs">http://io.dbpedia.org/resource/Agnolo_Bronzino</field>
<field name="sameAs">http://sv.dbpedia.org/resource/Agnolo_Bronzino</field>
<field name="sameAs">http://lt.dbpedia.org/resource/Bronzinas</field>
<field name="sameAs">http://yago-knowledge.org/resource/Bronzino</field>
<field name="sameAs">http://sk.dbpedia.org/resource/Agnolo_Bronzino</field>
<field name="sameAs">http://ga.dbpedia.org/resource/Il_Bronzino</field>
<field name="sameAs">http://ko.dbpedia.org/resource/브론치노</field>
<field name="sameAs">http://hu.dbpedia.org/resource/Agnolo_Bronzino</field>
<field name="sameAs">http://sh.dbpedia.org/resource/Bronzino</field>
<field name="sameAs">http://tr.dbpedia.org/resource/Agnolo_Bronzino</field>
<field name="sameAs">http://fr.dbpedia.org/resource/Agnolo_di_Cosimo_di_Mariano,_dit_Bronzino</field>
<field name="sameAs">http://pl.dbpedia.org/resource/Agnolo_Bronzino</field>
<field name="sameAs">http://uk.dbpedia.org/resource/Бронзіно</field>
<field name="sameAs">http://sc.dbpedia.org/resource/Agnolo_Bronzino</field>
<field name="sameAs">http://www.wikidata.org/entity/Q7803</field>
<field name="sameAs">http://de.dbpedia.org/resource/Agnolo_Bronzino</field>
<field name="sameAs">http://br.dbpedia.org/resource/Agnolo_Bronzino</field>
<field name="sameAs">http://he.dbpedia.org/resource/אניולו_ברונזינו</field>
<field name="sameAs">http://ca.dbpedia.org/resource/Bronzino</field>
<field name="sameAs">http://nl.dbpedia.org/resource/Agnolo_Bronzino</field>
<field name="sameAs">http://id.dbpedia.org/resource/Bronzino</field>
<field name="sameAs">http://it.dbpedia.org/resource/Agnolo_Bronzino</field>
<field name="sameAs">http://zh.dbpedia.org/resource/布龙齐诺</field>
<field name="sameAs">http://ro.dbpedia.org/resource/Agnolo_Bronzino</field>
<field name="sameAs">http://dbpedia.org/resource/Bronzino</field>
<field name="sameAs">http://cs.dbpedia.org/resource/Agnolo_Bronzino</field>
<field name="sameAs">http://th.dbpedia.org/resource/บรอนซีโน</field>
<field name="sameAs">http://nn.dbpedia.org/resource/Agnolo_Bronzino</field>
<field name="sameAs">http://es.dbpedia.org/resource/Bronzino</field>
<field name="sameAs">http://pt.dbpedia.org/resource/Agnolo_Bronzino</field>
<field name="sameAs">http://ru.dbpedia.org/resource/Бронзино,_Аньоло</field>
<field name="sameAs">http://la.dbpedia.org/resource/Angelus_Bronzino</field>
<field name="sameAs">http://no.dbpedia.org/resource/Agnolo_Bronzino</field>
<field name="sameAs">http://eu.dbpedia.org/resource/Bronzino</field>
<field name="sameAs">http://da.dbpedia.org/resource/Bronzino</field>
<field name="sameAs">http://ja.dbpedia.org/resource/アーニョロ・ブロンズィーノ</field>
<field name="sameAs">http://bg.dbpedia.org/resource/Аньоло_Бронзино</field>
<field name="sameAs">http://lv.dbpedia.org/resource/Anjolo_Bronzino</field>
<field name="sameAs">http://gl.dbpedia.org/resource/Agnolo_Bronzino</field>
<field name="sameAs">http://oc.dbpedia.org/resource/Bronzino</field>
<field name="sameAs">http://hr.dbpedia.org/resource/Bronzino</field>
<field name="sameAs">http://an.dbpedia.org/resource/Agnolo_Bronzino</field>
<field name="sameAs">http://rdf.freebase.com/ns/m.0550nt</field>
<field name="sameAs">http://tl.dbpedia.org/resource/Bronzino</field>
<field name="sameAs">http://vls.dbpedia.org/resource/Agnolo_Bronzino</field>
<field name="sameAs">http://fa.dbpedia.org/resource/آنجلو_برونزینو</field>
<field name="sameAs">http://ar.dbpedia.org/resource/برونزينو</field>
<field name="sameAs">http://fi.dbpedia.org/resource/Agnolo_Bronzino</field>
<field name="subject" update="add">http://dbpedia.org/resource/Category:Portrait_artists</field>
<field name="subject" update="add">http://dbpedia.org/resource/Category:Court_painters</field>
<field name="subject" update="add">http://dbpedia.org/resource/Category:1572_deaths</field>
<field name="subject" update="add">http://dbpedia.org/resource/Category:1503_births</field>
<field name="subject" update="add">http://dbpedia.org/resource/Category:Mannerist_painters</field>
<field name="subject" update="add">http://dbpedia.org/resource/Category:Florentine_painters</field>
<field name="abstract">Agnolo di Cosimo (November 17, 1503 – November 23, 1572), usually known as Il Bronzino, or Agnolo Bronzino (mistaken attempts also have been made in the past to assert his name was Agnolo Tori and even Angelo Allori), was an Italian Mannerist painter from Florence. His sobriquet, Bronzino, in all probability refers to his relatively dark skin.</field>
<field name="birth-place">http://dbpedia.org/resource/Florence</field>
<field name="death-place">http://dbpedia.org/resource/Florence</field>
<field name="field">http://dbpedia.org/resource/Painting</field>
<field name="movement">http://dbpedia.org/resource/Mannerism</field>
<field name="label">Bronzino</field>
<field name="depiction">http://upload.wikimedia.org/wikipedia/commons/b/bd/Angelo_Bronzino_001.jpg</field>
<field name="comment">Agnolo di Cosimo (November 17, 1503 – November 23, 1572), usually known as Il Bronzino, or Agnolo Bronzino (mistaken attempts also have been made in the past to assert his name was Agnolo Tori and even Angelo Allori), was an Italian Mannerist painter from Florence. His sobriquet, Bronzino, in all probability refers to his relatively dark skin.</field>
<field name="name"/>
<field name="thumbnail">http://upload.wikimedia.org/wikipedia/commons/thumb/b/bd/Angelo_Bronzino_001.jpg/200px-Angelo_Bronzino_001.jpg</field>
<field name="link_external">http://www.nationalgallery.org.uk/artists/bronzino</field>
<field name="link_external">http://www.palazzostrozzi.org/SezioneBronzino.jsp?titolo=Dell'arte+e+delle+cipolle%3A+Omaggio+al+Bronzino+by+Bruce+Adolphe&amp;idSezione=771</field>
<field name="link_external">http://smarthistory.khanacademy.org/bronzino-portrait-of-eleonora-di-toledo-with-her-giovanni.html</field>
<field name="link_external">http://smarthistory.khanacademy.org/bronzino-portraits.html</field>
<field name="link_external">http://www.turismo.intoscana.it/intoscana2/export/TurismoRTen/sito-TurismoRTen/Contenuti/Attivita/visualizza_asset.html_2066122814.html</field>
<field name="link_external">http://www.artble.com/artists/agnolo_bronzino</field>
<field name="field">http://dbpedia.org/resource/Painting</field>
<field name="influenced">http://dbpedia.org/resource/Raffaellino_del_Garbo</field>
<field name="movement">http://dbpedia.org/resource/Mannerism</field>
<field name="width">210</field>
<field name="isPrimaryTopicOf">http://en.wikipedia.org/wiki/Bronzino</field>
<field name="description"/>
<field name="photo-collection">http://wifo5-03.informatik.uni-mannheim.de/flickrwrappr/photos/Bronzino</field>
</doc>
<doc>
<field name="uri">http://it.dbpedia.org/resource/Agnolo_Bronzino</field>
<field name="entity_type">artists</field>
<field name="timestamp">NOW</field>
<field name="sameAs">http://dbpedia.org/resource/Bronzino</field>
</doc>
<doc>
<field name="uri">http://pt.dbpedia.org/resource/Agnolo_Bronzino</field>
<field name="entity_type">artists</field>
<field name="timestamp">NOW</field>
<field name="sameAs">http://dbpedia.org/resource/Bronzino</field>
</doc>
<doc>
<field name="uri">http://dbpedia.org/resource/Angelo</field>
<field name="entity_type">artists</field>
<field name="timestamp">NOW</field>
</doc>
<doc>
<field name="uri">http://dbpedia.org/resource/Raffaellino_del_Garbo</field>
<field name="entity_type">artists</field>
<field name="timestamp">NOW</field>
</doc>
<doc>
<field name="uri">http://dbpedia.org/resource/Venus,_Cupid,_Folly_and_Time</field>
<field name="entity_type">artists</field>
<field name="timestamp">NOW</field>
<field name="artist">http://dbpedia.org/resource/Bronzino</field>
</doc>
<doc>
<field name="uri">http://dbpedia.org/resource/Il_Bronzino</field>
<field name="entity_type">artists</field>
<field name="timestamp">NOW</field>
</doc>
<doc>
<field name="uri">http://dbpedia.org/resource/Angelo_Allori</field>
<field name="entity_type">artists</field>
<field name="timestamp">NOW</field>
</doc>
<doc>
<field name="uri">http://dbpedia.org/resource/Agnolo_di_Cosimo</field>
<field name="entity_type">artists</field>
<field name="timestamp">NOW</field>
</doc>
<doc>
<field name="uri">http://dbpedia.org/resource/Bronzino,_Il</field>
<field name="entity_type">artists</field>
<field name="timestamp">NOW</field>
</doc>
<doc>
<field name="uri">http://dbpedia.org/resource/Portrait_of_Giovanni_de'_Medici_as_a_Child</field>
<field name="entity_type">artists</field>
<field name="timestamp">NOW</field>
<field name="artist">http://dbpedia.org/resource/Bronzino</field>
</doc>
<doc>
<field name="uri">http://dbpedia.org/resource/Agnolo_Bronzini</field>
<field name="entity_type">artists</field>
<field name="timestamp">NOW</field>
</doc>
<doc>
<field name="uri">http://dbpedia.org/resource/Angolo_Bronzini</field>
<field name="entity_type">artists</field>
<field name="timestamp">NOW</field>
</doc>
<doc>
<field name="uri">http://dbpedia.org/resource/Allori</field>
<field name="entity_type">artists</field>
<field name="timestamp">NOW</field>
</doc>
<doc>
<field name="uri">http://cs.dbpedia.org/resource/Agnolo_Bronzino</field>
<field name="entity_type">artists</field>
<field name="timestamp">NOW</field>
<field name="sameAs">http://dbpedia.org/resource/Bronzino</field>
</doc>
<doc>
<field name="uri">http://ja.dbpedia.org/resource/アーニョロ・ブロンズィーノ</field>
<field name="entity_type">artists</field>
<field name="timestamp">NOW</field>
<field name="sameAs">http://dbpedia.org/resource/Bronzino</field>
</doc>
<doc>
<field name="uri">http://pl.dbpedia.org/resource/Agnolo_Bronzino</field>
<field name="entity_type">artists</field>
<field name="timestamp">NOW</field>
<field name="sameAs">http://dbpedia.org/resource/Bronzino</field>
</doc>
<doc>
<field name="uri">http://dbpedia.org/resource/Agnolo_Tori</field>
<field name="entity_type">artists</field>
<field name="timestamp">NOW</field>
</doc>
<doc>
<field name="uri">http://dbpedia.org/resource/Angelo_Bronzino</field>
<field name="entity_type">artists</field>
<field name="timestamp">NOW</field>
</doc>
<doc>
<field name="uri">http://dbpedia.org/resource/Agnolo_Tori_di_Cosimo_di_Mariano_Bronzino</field>
<field name="entity_type">artists</field>
<field name="timestamp">NOW</field>
</doc>
<doc>
<field name="uri">http://dbpedia.org/resource/Portrait_of_Eleanor_of_Toledo</field>
<field name="entity_type">artists</field>
<field name="timestamp">NOW</field>
</doc>
<doc>
<field name="uri">http://dbpedia.org/resource/Agnolo_Bronzino</field>
<field name="entity_type">artists</field>
<field name="timestamp">NOW</field>
</doc>
<doc>
<field name="uri">http://dbpedia.org/resource/Agnolo_Di_Cosimo</field>
<field name="entity_type">artists</field>
<field name="timestamp">NOW</field>
</doc>
<doc>
<field name="uri">http://ko.dbpedia.org/resource/브론치노</field>
<field name="entity_type">artists</field>
<field name="timestamp">NOW</field>
<field name="sameAs">http://dbpedia.org/resource/Bronzino</field>
</doc>
<doc>
<field name="uri">http://nl.dbpedia.org/resource/Agnolo_Bronzino</field>
<field name="entity_type">artists</field>
<field name="timestamp">NOW</field>
<field name="sameAs">http://dbpedia.org/resource/Bronzino</field>
</doc>
<doc>
<field name="uri">http://eu.dbpedia.org/resource/Bronzino</field>
<field name="entity_type">artists</field>
<field name="timestamp">NOW</field>
<field name="sameAs">http://dbpedia.org/resource/Bronzino</field>
</doc>
<doc>
<field name="uri">http://wikidata.dbpedia.org/resource/Q7803</field>
<field name="entity_type">artists</field>
<field name="timestamp">NOW</field>
<field name="sameAs">http://dbpedia.org/resource/Bronzino</field>
</doc>
<doc>
<field name="uri">http://zh.dbpedia.org/resource/布龙齐诺</field>
<field name="entity_type">artists</field>
<field name="timestamp">NOW</field>
<field name="sameAs">http://dbpedia.org/resource/Bronzino</field>
</doc>
<doc>
<field name="uri">http://an.dbpedia.org/resource/Agnolo_Bronzino</field>
<field name="entity_type">artists</field>
<field name="timestamp">NOW</field>
<field name="sameAs">http://dbpedia.org/resource/Bronzino</field>
</doc>
<doc>
<field name="uri">http://ar.dbpedia.org/resource/برونزينو</field>
<field name="entity_type">artists</field>
<field name="timestamp">NOW</field>
<field name="sameAs">http://dbpedia.org/resource/Bronzino</field>
</doc>
<doc>
<field name="uri">http://bg.dbpedia.org/resource/Аньоло_Бронзино</field>
<field name="entity_type">artists</field>
<field name="timestamp">NOW</field>
<field name="sameAs">http://dbpedia.org/resource/Bronzino</field>
</doc>
<doc>
<field name="uri">http://br.dbpedia.org/resource/Agnolo_Bronzino</field>
<field name="entity_type">artists</field>
<field name="timestamp">NOW</field>
<field name="sameAs">http://dbpedia.org/resource/Bronzino</field>
</doc>
<doc>
<field name="uri">http://ca.dbpedia.org/resource/Bronzino</field>
<field name="entity_type">artists</field>
<field name="timestamp">NOW</field>
<field name="sameAs">http://dbpedia.org/resource/Bronzino</field>
</doc>
<doc>
<field name="uri">http://da.dbpedia.org/resource/Bronzino</field>
<field name="entity_type">artists</field>
<field name="timestamp">NOW</field>
<field name="sameAs">http://dbpedia.org/resource/Bronzino</field>
</doc>
<doc>
<field name="uri">http://fa.dbpedia.org/resource/آنجلو_برونزینو</field>
<field name="entity_type">artists</field>
<field name="timestamp">NOW</field>
<field name="sameAs">http://dbpedia.org/resource/Bronzino</field>
</doc>
<doc>
<field name="uri">http://fi.dbpedia.org/resource/Agnolo_Bronzino</field>
<field name="entity_type">artists</field>
<field name="timestamp">NOW</field>
<field name="sameAs">http://dbpedia.org/resource/Bronzino</field>
</doc>
<doc>
<field name="uri">http://ga.dbpedia.org/resource/Il_Bronzino</field>
<field name="entity_type">artists</field>
<field name="timestamp">NOW</field>
<field name="sameAs">http://dbpedia.org/resource/Bronzino</field>
</doc>
<doc>
<field name="uri">http://gl.dbpedia.org/resource/Agnolo_Bronzino</field>
<field name="entity_type">artists</field>
<field name="timestamp">NOW</field>
<field name="sameAs">http://dbpedia.org/resource/Bronzino</field>
</doc>
<doc>
<field name="uri">http://he.dbpedia.org/resource/אניולו_ברונזינו</field>
<field name="entity_type">artists</field>
<field name="timestamp">NOW</field>
<field name="sameAs">http://dbpedia.org/resource/Bronzino</field>
</doc>
<doc>
<field name="uri">http://hr.dbpedia.org/resource/Bronzino</field>
<field name="entity_type">artists</field>
<field name="timestamp">NOW</field>
<field name="sameAs">http://dbpedia.org/resource/Bronzino</field>
</doc>
<doc>
<field name="uri">http://hu.dbpedia.org/resource/Agnolo_Bronzino</field>
<field name="entity_type">artists</field>
<field name="timestamp">NOW</field>
<field name="sameAs">http://dbpedia.org/resource/Bronzino</field>
</doc>
<doc>
<field name="uri">http://id.dbpedia.org/resource/Bronzino</field>
<field name="entity_type">artists</field>
<field name="timestamp">NOW</field>
<field name="sameAs">http://dbpedia.org/resource/Bronzino</field>
</doc>
<doc>
<field name="uri">http://io.dbpedia.org/resource/Agnolo_Bronzino</field>
<field name="entity_type">artists</field>
<field name="timestamp">NOW</field>
<field name="sameAs">http://dbpedia.org/resource/Bronzino</field>
</doc>
<doc>
<field name="uri">http://la.dbpedia.org/resource/Angelus_Bronzino</field>
<field name="entity_type">artists</field>
<field name="timestamp">NOW</field>
<field name="sameAs">http://dbpedia.org/resource/Bronzino</field>
</doc>
<doc>
<field name="uri">http://lt.dbpedia.org/resource/Bronzinas</field>
<field name="entity_type">artists</field>
<field name="timestamp">NOW</field>
<field name="sameAs">http://dbpedia.org/resource/Bronzino</field>
</doc>
<doc>
<field name="uri">http://lv.dbpedia.org/resource/Anjolo_Bronzino</field>
<field name="entity_type">artists</field>
<field name="timestamp">NOW</field>
<field name="sameAs">http://dbpedia.org/resource/Bronzino</field>
</doc>
<doc>
<field name="uri">http://nn.dbpedia.org/resource/Agnolo_Bronzino</field>
<field name="entity_type">artists</field>
<field name="timestamp">NOW</field>
<field name="sameAs">http://dbpedia.org/resource/Bronzino</field>
</doc>
<doc>
<field name="uri">http://no.dbpedia.org/resource/Agnolo_Bronzino</field>
<field name="entity_type">artists</field>
<field name="timestamp">NOW</field>
<field name="sameAs">http://dbpedia.org/resource/Bronzino</field>
</doc>
<doc>
<field name="uri">http://oc.dbpedia.org/resource/Bronzino</field>
<field name="entity_type">artists</field>
<field name="timestamp">NOW</field>
<field name="sameAs">http://dbpedia.org/resource/Bronzino</field>
</doc>
<doc>
<field name="uri">http://ro.dbpedia.org/resource/Agnolo_Bronzino</field>
<field name="entity_type">artists</field>
<field name="timestamp">NOW</field>
<field name="sameAs">http://dbpedia.org/resource/Bronzino</field>
</doc>
<doc>
<field name="uri">http://sh.dbpedia.org/resource/Bronzino</field>
<field name="entity_type">artists</field>
<field name="timestamp">NOW</field>
<field name="sameAs">http://dbpedia.org/resource/Bronzino</field>
</doc>
<doc>
<field name="uri">http://sk.dbpedia.org/resource/Agnolo_Bronzino</field>
<field name="entity_type">artists</field>
<field name="timestamp">NOW</field>
<field name="sameAs">http://dbpedia.org/resource/Bronzino</field>
</doc>
<doc>
<field name="uri">http://sv.dbpedia.org/resource/Agnolo_Bronzino</field>
<field name="entity_type">artists</field>
<field name="timestamp">NOW</field>
<field name="sameAs">http://dbpedia.org/resource/Bronzino</field>
</doc>
<doc>
<field name="uri">http://th.dbpedia.org/resource/บรอนซีโน</field>
<field name="entity_type">artists</field>
<field name="timestamp">NOW</field>
<field name="sameAs">http://dbpedia.org/resource/Bronzino</field>
</doc>
<doc>
<field name="uri">http://tl.dbpedia.org/resource/Bronzino</field>
<field name="entity_type">artists</field>
<field name="timestamp">NOW</field>
<field name="sameAs">http://dbpedia.org/resource/Bronzino</field>
</doc>
<doc>
<field name="uri">http://tr.dbpedia.org/resource/Agnolo_Bronzino</field>
<field name="entity_type">artists</field>
<field name="timestamp">NOW</field>
<field name="sameAs">http://dbpedia.org/resource/Bronzino</field>
</doc>
<doc>
<field name="uri">http://uk.dbpedia.org/resource/Бронзіно</field>
<field name="entity_type">artists</field>
<field name="timestamp">NOW</field>
<field name="sameAs">http://dbpedia.org/resource/Bronzino</field>
</doc>
<doc>
<field name="uri">http://sc.dbpedia.org/resource/Agnolo_Bronzino</field>
<field name="entity_type">artists</field>
<field name="timestamp">NOW</field>
<field name="sameAs">http://dbpedia.org/resource/Bronzino</field>
</doc>
<doc>
<field name="uri">http://vls.dbpedia.org/resource/Agnolo_Bronzino</field>
<field name="entity_type">artists</field>
<field name="timestamp">NOW</field>
<field name="sameAs">http://dbpedia.org/resource/Bronzino</field>
</doc>
</add>
