<add xmlns:dc="http://purl.org/dc/elements/1.1/" overwrite="true">
<doc>
<field name="uri">http://de.dbpedia.org/resource/Carl_Fredrik_Hill</field>
<field name="entity_type">artists</field>
<field name="timestamp">NOW</field>
<field name="sameAs">http://dbpedia.org/resource/Carl_Fredrik_Hill</field>
</doc>
<doc>
<field name="uri">http://fr.dbpedia.org/resource/Carl_Fredrik_Hill</field>
<field name="entity_type">artists</field>
<field name="timestamp">NOW</field>
<field name="sameAs">http://dbpedia.org/resource/Carl_Fredrik_Hill</field>
</doc>
<doc>
<field name="uri">http://pl.dbpedia.org/resource/Carl_Fredrik_Hill</field>
<field name="entity_type">artists</field>
<field name="timestamp">NOW</field>
<field name="sameAs">http://dbpedia.org/resource/Carl_Fredrik_Hill</field>
</doc>
<doc>
<field name="uri">http://dbpedia.org/resource/The_Cemetery</field>
<field name="entity_type">artists</field>
<field name="timestamp">NOW</field>
<field name="artist">http://dbpedia.org/resource/Carl_Fredrik_Hill</field>
</doc>
<doc>
<field name="uri">http://dbpedia.org/resource/Carl_Fredrik_Hill</field>
<field name="entity_type">artists</field>
<field name="timestamp">NOW</field>
<field name="sameAs">http://rdf.freebase.com/ns/m.012rm7</field>
<field name="sameAs">http://pl.dbpedia.org/resource/Carl_Fredrik_Hill</field>
<field name="sameAs">http://fr.dbpedia.org/resource/Carl_Fredrik_Hill</field>
<field name="sameAs">http://ru.dbpedia.org/resource/Хилл,_Карл_Фредрик</field>
<field name="sameAs">http://www.wikidata.org/entity/Q858483</field>
<field name="sameAs">http://sv.dbpedia.org/resource/Carl_Fredrik_Hill</field>
<field name="sameAs">http://dbpedia.org/resource/Carl_Fredrik_Hill</field>
<field name="sameAs">http://de.dbpedia.org/resource/Carl_Fredrik_Hill</field>
<field name="sameAs">http://hu.dbpedia.org/resource/Carl_Fredrik_Hill</field>
<field name="sameAs">http://yago-knowledge.org/resource/Carl_Fredrik_Hill</field>
<field name="subject" update="add">http://dbpedia.org/resource/Category:Outsider_artists</field>
<field name="subject" update="add">http://dbpedia.org/resource/Category:Landscape_artists</field>
<field name="subject" update="add">http://dbpedia.org/resource/Category:19th-century_Swedish_people</field>
<field name="subject" update="add">http://dbpedia.org/resource/Category:Swedish_painters</field>
<field name="subject" update="add">http://dbpedia.org/resource/Category:1911_deaths</field>
<field name="subject" update="add">http://dbpedia.org/resource/Category:People_from_Lund</field>
<field name="subject" update="add">http://dbpedia.org/resource/Category:1849_births</field>
<field name="abstract">Carl Fredrik Hill (31 May 1849 - 22 February 1911) was a Swedish painter.</field>
<field name="label">Carl Fredrik Hill</field>
<field name="depiction">http://upload.wikimedia.org/wikipedia/commons/3/3f/Hill_portrait.jpg</field>
<field name="comment">Carl Fredrik Hill (31 May 1849 - 22 February 1911) was a Swedish painter.</field>
<field name="name"/>
<field name="thumbnail">http://upload.wikimedia.org/wikipedia/commons/thumb/3/3f/Hill_portrait.jpg/200px-Hill_portrait.jpg</field>
<field name="isPrimaryTopicOf">http://en.wikipedia.org/wiki/Carl_Fredrik_Hill</field>
<field name="description"/>
<field name="photo-collection">http://wifo5-03.informatik.uni-mannheim.de/flickrwrappr/photos/Carl_Fredrik_Hill</field>
</doc>
<doc>
<field name="uri">http://en.wikipedia.org/wiki/Carl_Fredrik_Hill</field>
<field name="entity_type">artists</field>
<field name="timestamp">NOW</field>
<field name="primaryTopic">http://dbpedia.org/resource/Carl_Fredrik_Hill</field>
</doc>
<doc>
<field name="uri">http://ru.dbpedia.org/resource/Хилл,_Карл_Фредрик</field>
<field name="entity_type">artists</field>
<field name="timestamp">NOW</field>
<field name="sameAs">http://dbpedia.org/resource/Carl_Fredrik_Hill</field>
</doc>
<doc>
<field name="uri">http://wikidata.dbpedia.org/resource/Q858483</field>
<field name="entity_type">artists</field>
<field name="timestamp">NOW</field>
<field name="sameAs">http://dbpedia.org/resource/Carl_Fredrik_Hill</field>
</doc>
<doc>
<field name="uri">http://hu.dbpedia.org/resource/Carl_Fredrik_Hill</field>
<field name="entity_type">artists</field>
<field name="timestamp">NOW</field>
<field name="sameAs">http://dbpedia.org/resource/Carl_Fredrik_Hill</field>
</doc>
<doc>
<field name="uri">http://sv.dbpedia.org/resource/Carl_Fredrik_Hill</field>
<field name="entity_type">artists</field>
<field name="timestamp">NOW</field>
<field name="sameAs">http://dbpedia.org/resource/Carl_Fredrik_Hill</field>
</doc>
</add>
