<add xmlns:dc="http://purl.org/dc/elements/1.1/" overwrite="true">
<doc>
<field name="uri">http://dbpedia.org/resource/Sir_Nicholas_Serota_Makes_an_Acquisitions_Decision</field>
<field name="entity_type">artists</field>
<field name="timestamp">NOW</field>
<field name="artist">http://dbpedia.org/resource/Charles_Thomson_(artist)</field>
</doc>
<doc>
<field name="uri">http://de.dbpedia.org/resource/Charles_Thomson_(Künstler)</field>
<field name="entity_type">artists</field>
<field name="timestamp">NOW</field>
<field name="sameAs">http://dbpedia.org/resource/Charles_Thomson_(artist)</field>
</doc>
<doc>
<field name="uri">http://fr.dbpedia.org/resource/Charles_Thomson</field>
<field name="entity_type">artists</field>
<field name="timestamp">NOW</field>
<field name="sameAs">http://dbpedia.org/resource/Charles_Thomson_(artist)</field>
</doc>
<doc>
<field name="uri">http://dbpedia.org/resource/Charles_Thomson_(artist)</field>
<field name="entity_type">artists</field>
<field name="timestamp">NOW</field>
<field name="sameAs">http://www.wikidata.org/entity/Q340159</field>
<field name="sameAs">http://de.dbpedia.org/resource/Charles_Thomson_(Künstler)</field>
<field name="sameAs">http://fr.dbpedia.org/resource/Charles_Thomson</field>
<field name="sameAs">http://yago-knowledge.org/resource/Charles_Thomson_(artist)</field>
<field name="sameAs">http://fa.dbpedia.org/resource/چارلز_تامسون_(هنرمند)</field>
<field name="sameAs">http://dbpedia.org/resource/Charles_Thomson_(artist)</field>
<field name="sameAs">http://rdf.freebase.com/ns/m.04vx98</field>
<field name="subject" update="add">http://dbpedia.org/resource/Category:Alumni_of_the_University_for_the_Creative_Arts</field>
<field name="subject" update="add">http://dbpedia.org/resource/Category:Contemporary_painters</field>
<field name="subject" update="add">http://dbpedia.org/resource/Category:People_from_Romford</field>
<field name="subject" update="add">http://dbpedia.org/resource/Category:English_painters</field>
<field name="subject" update="add">http://dbpedia.org/resource/Category:1953_births</field>
<field name="subject" update="add">http://dbpedia.org/resource/Category:English_artists</field>
<field name="subject" update="add">http://dbpedia.org/resource/Category:Living_people</field>
<field name="subject" update="add">http://dbpedia.org/resource/Category:Stuckism</field>
<field name="abstract">Charles Thomson (born 6 February 1953) is an English artist, poet and photographer. In the early 1980s he was a member of The Medway Poets. In 1999 he named and co-founded the Stuckists art movement with Billy Childish. He has curated Stuckist shows, organised demonstrations against the Turner Prize, run an art gallery, stood for parliament and reported Charles Saatchi to the OFT. He is frequently quoted in the media as an opponent of conceptual art. He was briefly married to artist Stella Vine.</field>
<field name="birth-place">http://dbpedia.org/resource/Romford</field>
<field name="movement">http://dbpedia.org/resource/Stuckism</field>
<field name="label">Charles Thomson (artist)</field>
<field name="depiction">http://upload.wikimedia.org/wikipedia/commons/d/d8/Photograph_of_Charles_Thomson.jpg</field>
<field name="comment">Charles Thomson (born 6 February 1953) is an English artist, poet and photographer. In the early 1980s he was a member of The Medway Poets. In 1999 he named and co-founded the Stuckists art movement with Billy Childish. He has curated Stuckist shows, organised demonstrations against the Turner Prize, run an art gallery, stood for parliament and reported Charles Saatchi to the OFT. He is frequently quoted in the media as an opponent of conceptual art. He was briefly married to artist Stella Vine.</field>
<field name="name"/>
<field name="thumbnail">http://upload.wikimedia.org/wikipedia/commons/thumb/d/d8/Photograph_of_Charles_Thomson.jpg/200px-Photograph_of_Charles_Thomson.jpg</field>
<field name="link_external">http://www.stuckism.com/Walker/AStuckistOnStuckism.html</field>
<field name="link_external">http://www.myartspace.com/interviews/interviews/art-space-talk-charles-thomson.html</field>
<field name="link_external">http://www.student.livjm.ac.uk/lsaiwyli/TheTriumphOfStuckism/index.html</field>
<field name="link_external">http://www.heyokamagazine.com/HEYOKA.3.PAINT.%20CHARLES%20THOMSON.htm</field>
<field name="link_external">http://www.3ammagazine.com/artarchives/2002_dec/interview_charles_thomson.html</field>
<field name="link_external">http://www.stuckismphotography.com/pages/charles.html</field>
<field name="link_external">http://www.stuckism.com/thomson/IFeelBadWhenIRejectYourLove(detail).html#PicTop</field>
<field name="link_external">http://www.stuckism.com/thomson/index.html</field>
<field name="link_external">http://www.thethingis.co.uk/index.php/2007/10/15/tti-speak-to-charles-thomson/</field>
<field name="link_external">http://www.artistica.co.uk/category/specials/</field>
<field name="field"/>
<field name="movement">http://dbpedia.org/resource/Stuckism</field>
<field name="influenced">http://dbpedia.org/resource/Sir_Nicholas_Serota_Makes_an_Acquisitions_Decision</field>
<field name="isPrimaryTopicOf">http://en.wikipedia.org/wiki/Charles_Thomson_(artist)</field>
<field name="description"/>
<field name="photo-collection">http://wifo5-03.informatik.uni-mannheim.de/flickrwrappr/photos/Charles_Thomson_(artist)</field>
</doc>
<doc>
<field name="uri">http://dbpedia.org/resource/Stuckism</field>
<field name="entity_type">artists</field>
<field name="timestamp">NOW</field>
</doc>
<doc>
<field name="uri">http://dbpedia.org/resource/Charles_Thomson_(disambiguation)</field>
<field name="entity_type">artists</field>
<field name="timestamp">NOW</field>
</doc>
<doc>
<field name="uri">http://en.wikipedia.org/wiki/Charles_Thomson_(artist)</field>
<field name="entity_type">artists</field>
<field name="timestamp">NOW</field>
<field name="primaryTopic">http://dbpedia.org/resource/Charles_Thomson_(artist)</field>
</doc>
<doc>
<field name="uri">http://wikidata.dbpedia.org/resource/Q340159</field>
<field name="entity_type">artists</field>
<field name="timestamp">NOW</field>
<field name="sameAs">http://dbpedia.org/resource/Charles_Thomson_(artist)</field>
</doc>
<doc>
<field name="uri">http://fa.dbpedia.org/resource/چارلز_تامسون_(هنرمند)</field>
<field name="entity_type">artists</field>
<field name="timestamp">NOW</field>
<field name="sameAs">http://dbpedia.org/resource/Charles_Thomson_(artist)</field>
</doc>
</add>
