<add xmlns:dc="http://purl.org/dc/elements/1.1/" overwrite="true">
<doc>
<field name="uri">http://dbpedia.org/resource/Master_Humphrey's_Clock</field>
<field name="entity_type">artists</field>
<field name="timestamp">NOW</field>
</doc>
<doc>
<field name="uri">http://dbpedia.org/resource/The_Chimes</field>
<field name="entity_type">artists</field>
<field name="timestamp">NOW</field>
</doc>
<doc>
<field name="uri">http://de.dbpedia.org/resource/Daniel_Maclise</field>
<field name="entity_type">artists</field>
<field name="timestamp">NOW</field>
<field name="sameAs">http://dbpedia.org/resource/Daniel_Maclise</field>
</doc>
<doc>
<field name="uri">http://fr.dbpedia.org/resource/Daniel_Maclise</field>
<field name="entity_type">artists</field>
<field name="timestamp">NOW</field>
<field name="sameAs">http://dbpedia.org/resource/Daniel_Maclise</field>
</doc>
<doc>
<field name="uri">http://dbpedia.org/resource/The_Old_Curiosity_Shop</field>
<field name="entity_type">artists</field>
<field name="timestamp">NOW</field>
</doc>
<doc>
<field name="uri">http://dbpedia.org/resource/The_Death_of_Nelson_(Maclise_painting)</field>
<field name="entity_type">artists</field>
<field name="timestamp">NOW</field>
<field name="artist">http://dbpedia.org/resource/Daniel_Maclise</field>
</doc>
<doc>
<field name="uri">http://dbpedia.org/resource/Daniel_Maclise</field>
<field name="entity_type">artists</field>
<field name="timestamp">NOW</field>
<field name="sameAs">http://yago-knowledge.org/resource/Daniel_Maclise</field>
<field name="sameAs">http://rdf.freebase.com/ns/m.020zdv</field>
<field name="sameAs">http://pl.dbpedia.org/resource/Daniel_Maclise</field>
<field name="sameAs">http://ru.dbpedia.org/resource/Маклис,_Дэниел</field>
<field name="sameAs">http://sv.dbpedia.org/resource/Daniel_Maclise</field>
<field name="sameAs">http://fr.dbpedia.org/resource/Daniel_Maclise</field>
<field name="sameAs">http://de.dbpedia.org/resource/Daniel_Maclise</field>
<field name="sameAs">http://dbpedia.org/resource/Daniel_Maclise</field>
<field name="sameAs">http://www.wikidata.org/entity/Q1161631</field>
<field name="subject" update="add">http://dbpedia.org/resource/Category:1870_deaths</field>
<field name="subject" update="add">http://dbpedia.org/resource/Category:Burials_at_Kensal_Green_Cemetery</field>
<field name="subject" update="add">http://dbpedia.org/resource/Category:Muralists</field>
<field name="subject" update="add">http://dbpedia.org/resource/Category:Irish_people_of_Scottish_descent</field>
<field name="subject" update="add">http://dbpedia.org/resource/Category:History_artists</field>
<field name="subject" update="add">http://dbpedia.org/resource/Category:1806_births</field>
<field name="subject" update="add">http://dbpedia.org/resource/Category:People_from_County_Cork</field>
<field name="subject" update="add">http://dbpedia.org/resource/Category:Fantasy_artists</field>
<field name="subject" update="add">http://dbpedia.org/resource/Category:Pre-Raphaelite_painters</field>
<field name="subject" update="add">http://dbpedia.org/resource/Category:Portrait_artists</field>
<field name="subject" update="add">http://dbpedia.org/resource/Category:Royal_Academicians</field>
<field name="subject" update="add">http://dbpedia.org/resource/Category:Irish_painters</field>
<field name="abstract">Daniel Maclise (25 January 1806 – 25 April 1870) was an Irish history, literary and portrait painter, and illustrator, who worked for most of his life in London, England.</field>
<field name="label">Daniel Maclise</field>
<field name="depiction">http://upload.wikimedia.org/wikipedia/commons/4/42/Daniel_Maclise1857Lithograph.jpg</field>
<field name="comment">Daniel Maclise (25 January 1806 – 25 April 1870) was an Irish history, literary and portrait painter, and illustrator, who worked for most of his life in London, England.</field>
<field name="name"/>
<field name="thumbnail">http://upload.wikimedia.org/wikipedia/commons/thumb/4/42/Daniel_Maclise1857Lithograph.jpg/200px-Daniel_Maclise1857Lithograph.jpg</field>
<field name="link_external">http://www.artnet.com/artist/633512/daniel-maclise.html</field>
<field name="link_external">http://www.artrenewal.org/pages/artist.php?artistid=804</field>
<field name="link_external">http://www.drawpaintsculpt.com/artist-biographies/daniel-maclise/</field>
<field name="link_external">http://www.artcyclopedia.com/artists/maclise_daniel.html</field>
<field name="link_external">http://www.visual-arts-cork.com/irish-artists/daniel-maclise.htm</field>
<field name="title">Maclise, Daniel</field>
<field name="title">Daniel Maclise</field>
<field name="isPrimaryTopicOf">http://en.wikipedia.org/wiki/Daniel_Maclise</field>
<field name="description"/>
<field name="photo-collection">http://wifo5-03.informatik.uni-mannheim.de/flickrwrappr/photos/Daniel_Maclise</field>
</doc>
<doc>
<field name="uri">http://dbpedia.org/resource/The_Cricket_on_the_Hearth</field>
<field name="entity_type">artists</field>
<field name="timestamp">NOW</field>
</doc>
<doc>
<field name="uri">http://en.wikipedia.org/wiki/Daniel_Maclise</field>
<field name="entity_type">artists</field>
<field name="timestamp">NOW</field>
<field name="primaryTopic">http://dbpedia.org/resource/Daniel_Maclise</field>
</doc>
<doc>
<field name="uri">http://pl.dbpedia.org/resource/Daniel_Maclise</field>
<field name="entity_type">artists</field>
<field name="timestamp">NOW</field>
<field name="sameAs">http://dbpedia.org/resource/Daniel_Maclise</field>
</doc>
<doc>
<field name="uri">http://ru.dbpedia.org/resource/Маклис,_Дэниел</field>
<field name="entity_type">artists</field>
<field name="timestamp">NOW</field>
<field name="sameAs">http://dbpedia.org/resource/Daniel_Maclise</field>
</doc>
<doc>
<field name="uri">http://dbpedia.org/resource/Alfred_Croquis</field>
<field name="entity_type">artists</field>
<field name="timestamp">NOW</field>
</doc>
<doc>
<field name="uri">http://wikidata.dbpedia.org/resource/Q1161631</field>
<field name="entity_type">artists</field>
<field name="timestamp">NOW</field>
<field name="sameAs">http://dbpedia.org/resource/Daniel_Maclise</field>
</doc>
<doc>
<field name="uri">http://sv.dbpedia.org/resource/Daniel_Maclise</field>
<field name="entity_type">artists</field>
<field name="timestamp">NOW</field>
<field name="sameAs">http://dbpedia.org/resource/Daniel_Maclise</field>
</doc>
</add>
