<add xmlns:dc="http://purl.org/dc/elements/1.1/" overwrite="true">
<doc>
<field name="uri">http://dbpedia.org/resource/Llandaff_Cathedral</field>
<field name="entity_type">artists</field>
<field name="timestamp">NOW</field>
</doc>
<doc>
<field name="uri">http://dbpedia.org/resource/Edward_Burne-Jones</field>
<field name="entity_type">artists</field>
<field name="timestamp">NOW</field>
<field name="influenced">http://dbpedia.org/resource/Dante_Gabriel_Rossetti</field>
</doc>
<doc>
<field name="uri">http://dbpedia.org/resource/Louis_Davis</field>
<field name="entity_type">artists</field>
<field name="timestamp">NOW</field>
<field name="influenced">http://dbpedia.org/resource/Dante_Gabriel_Rossetti</field>
</doc>
<doc>
<field name="uri">http://dbpedia.org/resource/Hall_Caine</field>
<field name="entity_type">artists</field>
<field name="timestamp">NOW</field>
</doc>
<doc>
<field name="uri">http://cs.dbpedia.org/resource/Dante_Gabriel_Rossetti</field>
<field name="entity_type">artists</field>
<field name="timestamp">NOW</field>
<field name="sameAs">http://dbpedia.org/resource/Dante_Gabriel_Rossetti</field>
</doc>
<doc>
<field name="uri">http://ko.dbpedia.org/resource/단테이_게이브리얼_로세티</field>
<field name="entity_type">artists</field>
<field name="timestamp">NOW</field>
<field name="sameAs">http://dbpedia.org/resource/Dante_Gabriel_Rossetti</field>
</doc>
<doc>
<field name="uri">http://pl.dbpedia.org/resource/Dante_Gabriel_Rossetti</field>
<field name="entity_type">artists</field>
<field name="timestamp">NOW</field>
<field name="sameAs">http://dbpedia.org/resource/Dante_Gabriel_Rossetti</field>
</doc>
<doc>
<field name="uri">http://ru.dbpedia.org/resource/Россетти,_Данте_Габриэль</field>
<field name="entity_type">artists</field>
<field name="timestamp">NOW</field>
<field name="sameAs">http://dbpedia.org/resource/Dante_Gabriel_Rossetti</field>
</doc>
<doc>
<field name="uri">http://de.dbpedia.org/resource/Dante_Gabriel_Rossetti</field>
<field name="entity_type">artists</field>
<field name="timestamp">NOW</field>
<field name="sameAs">http://dbpedia.org/resource/Dante_Gabriel_Rossetti</field>
</doc>
<doc>
<field name="uri">http://fr.dbpedia.org/resource/Dante_Gabriel_Rossetti</field>
<field name="entity_type">artists</field>
<field name="timestamp">NOW</field>
<field name="sameAs">http://dbpedia.org/resource/Dante_Gabriel_Rossetti</field>
</doc>
<doc>
<field name="uri">http://dbpedia.org/resource/Francis_Joseph_Sherman</field>
<field name="entity_type">artists</field>
<field name="timestamp">NOW</field>
</doc>
<doc>
<field name="uri">http://dbpedia.org/resource/Marjorie_Pickthall</field>
<field name="entity_type">artists</field>
<field name="timestamp">NOW</field>
</doc>
<doc>
<field name="uri">http://dbpedia.org/resource/Rossetti</field>
<field name="entity_type">artists</field>
<field name="timestamp">NOW</field>
</doc>
<doc>
<field name="uri">http://dbpedia.org/resource/Dante_Gabriel_Rossetti</field>
<field name="entity_type">artists</field>
<field name="timestamp">NOW</field>
<field name="sameAs">http://sk.dbpedia.org/resource/Dante_Gabriel_Rossetti</field>
<field name="sameAs">http://th.dbpedia.org/resource/ดานเต_เกเบรียล_รอสเซ็ตติ</field>
<field name="sameAs">http://bg.dbpedia.org/resource/Данте_Габриел_Росети</field>
<field name="sameAs">http://br.dbpedia.org/resource/Dante_Gabriel_Rossetti</field>
<field name="sameAs">http://bs.dbpedia.org/resource/Dante_Gabriel_Rossetti</field>
<field name="sameAs">http://eu.dbpedia.org/resource/Dante_Gabriel_Rossetti</field>
<field name="sameAs">http://fi.dbpedia.org/resource/Dante_Gabriel_Rossetti</field>
<field name="sameAs">http://qu.dbpedia.org/resource/Dante_Gabriel_Rossetti</field>
<field name="sameAs">http://zh_min_nan.dbpedia.org/resource/Dante_Gabriel_Rossetti</field>
<field name="sameAs">http://zh.dbpedia.org/resource/但丁·加百列·羅塞蒂</field>
<field name="sameAs">http://simple.dbpedia.org/resource/Dante_Gabriel_Rossetti</field>
<field name="sameAs">http://nl.dbpedia.org/resource/Dante_Gabriel_Rossetti</field>
<field name="sameAs">http://ko.dbpedia.org/resource/단테이_게이브리얼_로세티</field>
<field name="sameAs">http://id.dbpedia.org/resource/Dante_Gabriel_Rossetti</field>
<field name="sameAs">http://it.dbpedia.org/resource/Dante_Gabriel_Rossetti</field>
<field name="sameAs">http://es.dbpedia.org/resource/Dante_Gabriel_Rossetti</field>
<field name="sameAs">http://et.dbpedia.org/resource/Dante_Gabriel_Rossetti</field>
<field name="sameAs">http://eo.dbpedia.org/resource/Dante_Gabriel_Rossetti</field>
<field name="sameAs">http://www.wikidata.org/entity/Q186748</field>
<field name="sameAs">http://da.dbpedia.org/resource/Dante_Gabriel_Rossetti</field>
<field name="sameAs">http://de.dbpedia.org/resource/Dante_Gabriel_Rossetti</field>
<field name="sameAs">http://sh.dbpedia.org/resource/Dante_Gabriel_Rossetti</field>
<field name="sameAs">http://hr.dbpedia.org/resource/Dante_Gabriel_Rossetti</field>
<field name="sameAs">http://sv.dbpedia.org/resource/Dante_Gabriel_Rossetti</field>
<field name="sameAs">http://pt.dbpedia.org/resource/Dante_Gabriel_Rossetti</field>
<field name="sameAs">http://sr.dbpedia.org/resource/Данте_Габријел_Росети</field>
<field name="sameAs">http://dbpedia.org/resource/Dante_Gabriel_Rossetti</field>
<field name="sameAs">http://www4.wiwiss.fu-berlin.de/gutendata/resource/people/Rossetti_Dante_Gabriel_1828-1882</field>
<field name="sameAs">http://ro.dbpedia.org/resource/Dante_Gabriel_Rossetti</field>
<field name="sameAs">http://uk.dbpedia.org/resource/Данте_Габрієль_Росетті</field>
<field name="sameAs">http://no.dbpedia.org/resource/Dante_Gabriel_Rossetti</field>
<field name="sameAs">http://nn.dbpedia.org/resource/Dante_Gabriel_Rossetti</field>
<field name="sameAs">http://fr.dbpedia.org/resource/Dante_Gabriel_Rossetti</field>
<field name="sameAs">http://vi.dbpedia.org/resource/Dante_Gabriel_Rossetti</field>
<field name="sameAs">http://tr.dbpedia.org/resource/Dante_Gabriel_Rossetti</field>
<field name="sameAs">http://ru.dbpedia.org/resource/Россетти,_Данте_Габриэль</field>
<field name="sameAs">http://el.dbpedia.org/resource/Ντάντε_Γκάμπριελ_Ροσέτι</field>
<field name="sameAs">http://cs.dbpedia.org/resource/Dante_Gabriel_Rossetti</field>
<field name="sameAs">http://yago-knowledge.org/resource/Dante_Gabriel_Rossetti</field>
<field name="sameAs">http://pl.dbpedia.org/resource/Dante_Gabriel_Rossetti</field>
<field name="sameAs">http://be.dbpedia.org/resource/Дантэ_Габрыэл_Расеці</field>
<field name="sameAs">http://la.dbpedia.org/resource/Dante_Gabriel_Rossetti</field>
<field name="sameAs">http://rdf.freebase.com/ns/m.03xpqgs</field>
<field name="sameAs">http://cy.dbpedia.org/resource/Dante_Gabriel_Rossetti</field>
<field name="sameAs">http://ja.dbpedia.org/resource/ダンテ・ゲイブリエル・ロセッティ</field>
<field name="sameAs">http://ca.dbpedia.org/resource/Dante_Gabriel_Rossetti</field>
<field name="subject" update="add">http://dbpedia.org/resource/Category:Artist_authors</field>
<field name="subject" update="add">http://dbpedia.org/resource/Category:English_illustrators</field>
<field name="subject" update="add">http://dbpedia.org/resource/Category:1828_births</field>
<field name="subject" update="add">http://dbpedia.org/resource/Category:English_Anglicans</field>
<field name="subject" update="add">http://dbpedia.org/resource/Category:English_people_of_Italian_descent</field>
<field name="subject" update="add">http://dbpedia.org/resource/Category:Victorian_poets</field>
<field name="subject" update="add">http://dbpedia.org/resource/Category:Anglican_poets</field>
<field name="subject" update="add">http://dbpedia.org/resource/Category:English_poets</field>
<field name="subject" update="add">http://dbpedia.org/resource/Category:People_educated_at_King's_College_School,_Wimbledon</field>
<field name="subject" update="add">http://dbpedia.org/resource/Category:1882_deaths</field>
<field name="subject" update="add">http://dbpedia.org/resource/Category:Artists_from_London</field>
<field name="subject" update="add">http://dbpedia.org/resource/Category:Sonneteers</field>
<field name="subject" update="add">http://dbpedia.org/resource/Category:Artists'_Rifles_soldiers</field>
<field name="subject" update="add">http://dbpedia.org/resource/Category:Morris_&amp;_Co.</field>
<field name="subject" update="add">http://dbpedia.org/resource/Category:English_painters</field>
<field name="subject" update="add">http://dbpedia.org/resource/Category:Pre-Raphaelite_painters</field>
<field name="abstract">Dante Gabriel Rossetti was an English poet, illustrator, painter and translator. He founded the Pre-Raphaelite Brotherhood in 1848 with William Holman Hunt and John Everett Millais, and was later to be the main inspiration for a second generation of artists and writers influenced by the movement, most notably William Morris and Edward Burne-Jones. His work also influenced the European Symbolists and was a major precursor of the Aesthetic movement. Rossetti's art was characterised by its sensuality and its medieval revivalism. His early poetry was influenced by John Keats. His later poetry was characterised by the complex interlinking of thought and feeling, especially in his sonnet sequence The House of Life. Poetry and image are closely entwined in Rossetti's work; he frequently wrote sonnets to accompany his pictures, spanning from The Girlhood of Mary Virgin (1849) and Astarte Syriaca (1877), while also creating art to illustrate poems such as Goblin Market by the celebrated poet Christina Rossetti, his sister. Rossetti's personal life was closely linked to his work, especially his relationships with his models and muses Elizabeth Siddal, Fanny Cornforth, and Jane Morris.</field>
<field name="death-place">http://dbpedia.org/resource/Birchington-on-Sea</field>
<field name="label">Dante Gabriel Rossetti</field>
<field name="depiction">http://upload.wikimedia.org/wikipedia/commons/6/67/Dante_Gabriel_Rossetti_by_George_Frederic_Watts.jpg</field>
<field name="comment">Dante Gabriel Rossetti was an English poet, illustrator, painter and translator. He founded the Pre-Raphaelite Brotherhood in 1848 with William Holman Hunt and John Everett Millais, and was later to be the main inspiration for a second generation of artists and writers influenced by the movement, most notably William Morris and Edward Burne-Jones. His work also influenced the European Symbolists and was a major precursor of the Aesthetic movement.</field>
<field name="name"/>
<field name="thumbnail">http://upload.wikimedia.org/wikipedia/commons/thumb/6/67/Dante_Gabriel_Rossetti_by_George_Frederic_Watts.jpg/200px-Dante_Gabriel_Rossetti_by_George_Frederic_Watts.jpg</field>
<field name="link_external">http://www.rossettiarchive.org</field>
<field name="link_external">http://www.preraphaelites.org/the-collection/artist-biography/dante-gabriel-rossetti/</field>
<field name="link_external">http://onlinebooks.library.upenn.edu/webbin/gutbook/lookup?num=3692</field>
<field name="link_external">http://www.LizzieSiddal.com</field>
<field name="isPrimaryTopicOf">http://en.wikipedia.org/wiki/Dante_Gabriel_Rossetti</field>
<field name="description"/>
<field name="photo-collection">http://wifo5-03.informatik.uni-mannheim.de/flickrwrappr/photos/Dante_Gabriel_Rossetti</field>
</doc>
<doc>
<field name="uri">http://dbpedia.org/resource/George_Meredith</field>
<field name="entity_type">artists</field>
<field name="timestamp">NOW</field>
</doc>
<doc>
<field name="uri">http://dbpedia.org/resource/Elizabeth_Barrett_Browning</field>
<field name="entity_type">artists</field>
<field name="timestamp">NOW</field>
</doc>
<doc>
<field name="uri">http://dbpedia.org/resource/The_Chelsea_Murders</field>
<field name="entity_type">artists</field>
<field name="timestamp">NOW</field>
</doc>
<doc>
<field name="uri">http://dbpedia.org/resource/Ecce_Ancilla_Domini</field>
<field name="entity_type">artists</field>
<field name="timestamp">NOW</field>
</doc>
<doc>
<field name="uri">http://dbpedia.org/resource/Monna_Rosa</field>
<field name="entity_type">artists</field>
<field name="timestamp">NOW</field>
</doc>
<doc>
<field name="uri">http://el.dbpedia.org/resource/Ντάντε_Γκάμπριελ_Ροσέτι</field>
<field name="entity_type">artists</field>
<field name="timestamp">NOW</field>
<field name="sameAs">http://dbpedia.org/resource/Dante_Gabriel_Rossetti</field>
</doc>
<doc>
<field name="uri">http://es.dbpedia.org/resource/Dante_Gabriel_Rossetti</field>
<field name="entity_type">artists</field>
<field name="timestamp">NOW</field>
<field name="sameAs">http://dbpedia.org/resource/Dante_Gabriel_Rossetti</field>
</doc>
<doc>
<field name="uri">http://dbpedia.org/resource/Alias_Grace</field>
<field name="entity_type">artists</field>
<field name="timestamp">NOW</field>
</doc>
<doc>
<field name="uri">http://dbpedia.org/resource/Paolo_and_Francesca_da_Rimini</field>
<field name="entity_type">artists</field>
<field name="timestamp">NOW</field>
</doc>
<doc>
<field name="uri">http://dbpedia.org/resource/The_Beloved_(Rossetti_painting)</field>
<field name="entity_type">artists</field>
<field name="timestamp">NOW</field>
</doc>
<doc>
<field name="uri">http://dbpedia.org/resource/Poems_by_D._G._Rossetti</field>
<field name="entity_type">artists</field>
<field name="timestamp">NOW</field>
</doc>
<doc>
<field name="uri">http://dbpedia.org/resource/Charles_Dante_Gabriel_Rossetti</field>
<field name="entity_type">artists</field>
<field name="timestamp">NOW</field>
</doc>
<doc>
<field name="uri">http://dbpedia.org/resource/Pia_de'_Tolomei_(painting)</field>
<field name="entity_type">artists</field>
<field name="timestamp">NOW</field>
</doc>
<doc>
<field name="uri">http://dbpedia.org/resource/A_Vision_of_Fiammetta</field>
<field name="entity_type">artists</field>
<field name="timestamp">NOW</field>
<field name="artist">http://dbpedia.org/resource/Dante_Gabriel_Rossetti</field>
</doc>
<doc>
<field name="uri">http://dbpedia.org/resource/Beata_Beatrix</field>
<field name="entity_type">artists</field>
<field name="timestamp">NOW</field>
<field name="artist">http://dbpedia.org/resource/Dante_Gabriel_Rossetti</field>
</doc>
<doc>
<field name="uri">http://dbpedia.org/resource/Bocca_Baciata</field>
<field name="entity_type">artists</field>
<field name="timestamp">NOW</field>
<field name="artist">http://dbpedia.org/resource/Dante_Gabriel_Rossetti</field>
</doc>
<doc>
<field name="uri">http://dbpedia.org/resource/Dante's_Dream</field>
<field name="entity_type">artists</field>
<field name="timestamp">NOW</field>
<field name="artist">http://dbpedia.org/resource/Dante_Gabriel_Rossetti</field>
</doc>
<doc>
<field name="uri">http://dbpedia.org/resource/Found_(Rossetti)</field>
<field name="entity_type">artists</field>
<field name="timestamp">NOW</field>
</doc>
<doc>
<field name="uri">http://dbpedia.org/resource/Mnemosyne_(Rossetti)</field>
<field name="entity_type">artists</field>
<field name="timestamp">NOW</field>
</doc>
<doc>
<field name="uri">http://dbpedia.org/resource/Proserpine_(Rossetti_painting)</field>
<field name="entity_type">artists</field>
<field name="timestamp">NOW</field>
</doc>
<doc>
<field name="uri">http://dbpedia.org/resource/Veronica_Veronese</field>
<field name="entity_type">artists</field>
<field name="timestamp">NOW</field>
</doc>
<doc>
<field name="uri">http://dbpedia.org/resource/Water_Willow_(Rossetti)</field>
<field name="entity_type">artists</field>
<field name="timestamp">NOW</field>
</doc>
<doc>
<field name="uri">http://dbpedia.org/resource/Dante_Rossetti</field>
<field name="entity_type">artists</field>
<field name="timestamp">NOW</field>
</doc>
<doc>
<field name="uri">http://dbpedia.org/resource/The_Blessed_Damozel</field>
<field name="entity_type">artists</field>
<field name="timestamp">NOW</field>
</doc>
<doc>
<field name="uri">http://dbpedia.org/resource/Kambara_Ariake</field>
<field name="entity_type">artists</field>
<field name="timestamp">NOW</field>
</doc>
<doc>
<field name="uri">http://dbpedia.org/resource/Hans_Unger</field>
<field name="entity_type">artists</field>
<field name="timestamp">NOW</field>
</doc>
<doc>
<field name="uri">http://dbpedia.org/resource/D._G._Rossetti</field>
<field name="entity_type">artists</field>
<field name="timestamp">NOW</field>
</doc>
<doc>
<field name="uri">http://dbpedia.org/resource/Lady_Lilith</field>
<field name="entity_type">artists</field>
<field name="timestamp">NOW</field>
</doc>
<doc>
<field name="uri">http://it.dbpedia.org/resource/Dante_Gabriel_Rossetti</field>
<field name="entity_type">artists</field>
<field name="timestamp">NOW</field>
<field name="sameAs">http://dbpedia.org/resource/Dante_Gabriel_Rossetti</field>
</doc>
<doc>
<field name="uri">http://ja.dbpedia.org/resource/ダンテ・ゲイブリエル・ロセッティ</field>
<field name="entity_type">artists</field>
<field name="timestamp">NOW</field>
<field name="sameAs">http://dbpedia.org/resource/Dante_Gabriel_Rossetti</field>
</doc>
<doc>
<field name="uri">http://pt.dbpedia.org/resource/Dante_Gabriel_Rossetti</field>
<field name="entity_type">artists</field>
<field name="timestamp">NOW</field>
<field name="sameAs">http://dbpedia.org/resource/Dante_Gabriel_Rossetti</field>
</doc>
<doc>
<field name="uri">http://en.wikipedia.org/wiki/Dante_Gabriel_Rossetti</field>
<field name="entity_type">artists</field>
<field name="timestamp">NOW</field>
<field name="primaryTopic">http://dbpedia.org/resource/Dante_Gabriel_Rossetti</field>
</doc>
<doc>
<field name="uri">http://dbpedia.org/resource/Elizabeth_Siddal</field>
<field name="entity_type">artists</field>
<field name="timestamp">NOW</field>
</doc>
<doc>
<field name="uri">http://dbpedia.org/resource/Poems_by_D.G._Rossetti</field>
<field name="entity_type">artists</field>
<field name="timestamp">NOW</field>
</doc>
<doc>
<field name="uri">http://dbpedia.org/resource/Poems_by_DG_Rossetti</field>
<field name="entity_type">artists</field>
<field name="timestamp">NOW</field>
</doc>
<doc>
<field name="uri">http://dbpedia.org/resource/Poems_by_D_G_Rossetti</field>
<field name="entity_type">artists</field>
<field name="timestamp">NOW</field>
</doc>
<doc>
<field name="uri">http://dbpedia.org/resource/Charles_Dante</field>
<field name="entity_type">artists</field>
<field name="timestamp">NOW</field>
</doc>
<doc>
<field name="uri">http://dbpedia.org/resource/Charles_Dante_Rossetti</field>
<field name="entity_type">artists</field>
<field name="timestamp">NOW</field>
</doc>
<doc>
<field name="uri">http://dbpedia.org/resource/Charles_Rossetti</field>
<field name="entity_type">artists</field>
<field name="timestamp">NOW</field>
</doc>
<doc>
<field name="uri">http://dbpedia.org/resource/D.G._Rosetti</field>
<field name="entity_type">artists</field>
<field name="timestamp">NOW</field>
</doc>
<doc>
<field name="uri">http://dbpedia.org/resource/D.G._Rossetti</field>
<field name="entity_type">artists</field>
<field name="timestamp">NOW</field>
</doc>
<doc>
<field name="uri">http://dbpedia.org/resource/DG_Rosetti</field>
<field name="entity_type">artists</field>
<field name="timestamp">NOW</field>
</doc>
<doc>
<field name="uri">http://dbpedia.org/resource/Dante_Gabriel</field>
<field name="entity_type">artists</field>
<field name="timestamp">NOW</field>
</doc>
<doc>
<field name="uri">http://dbpedia.org/resource/Dante_Gabriel_Rosetti</field>
<field name="entity_type">artists</field>
<field name="timestamp">NOW</field>
</doc>
<doc>
<field name="uri">http://dbpedia.org/resource/Dg_Rossetti</field>
<field name="entity_type">artists</field>
<field name="timestamp">NOW</field>
</doc>
<doc>
<field name="uri">http://dbpedia.org/resource/Gabriel_Charles</field>
<field name="entity_type">artists</field>
<field name="timestamp">NOW</field>
</doc>
<doc>
<field name="uri">http://dbpedia.org/resource/Gabriel_Charles_Dante</field>
<field name="entity_type">artists</field>
<field name="timestamp">NOW</field>
</doc>
<doc>
<field name="uri">http://dbpedia.org/resource/Gabriel_Charles_Dante_Rossetti</field>
<field name="entity_type">artists</field>
<field name="timestamp">NOW</field>
</doc>
<doc>
<field name="uri">http://dbpedia.org/resource/Gabriel_Charles_Rossetti</field>
<field name="entity_type">artists</field>
<field name="timestamp">NOW</field>
</doc>
<doc>
<field name="uri">http://dbpedia.org/resource/Gabriel_Dante</field>
<field name="entity_type">artists</field>
<field name="timestamp">NOW</field>
</doc>
<doc>
<field name="uri">http://dbpedia.org/resource/Gabriel_Dante_Rossetti</field>
<field name="entity_type">artists</field>
<field name="timestamp">NOW</field>
</doc>
<doc>
<field name="uri">http://dbpedia.org/resource/Gabriel_Rossetti</field>
<field name="entity_type">artists</field>
<field name="timestamp">NOW</field>
</doc>
<doc>
<field name="uri">http://dbpedia.org/resource/Georgiana_Burne-Jones</field>
<field name="entity_type">artists</field>
<field name="timestamp">NOW</field>
<field name="influenced">http://dbpedia.org/resource/Dante_Gabriel_Rossetti</field>
</doc>
<doc>
<field name="uri">http://nl.dbpedia.org/resource/Dante_Gabriel_Rossetti</field>
<field name="entity_type">artists</field>
<field name="timestamp">NOW</field>
<field name="sameAs">http://dbpedia.org/resource/Dante_Gabriel_Rossetti</field>
</doc>
<doc>
<field name="uri">http://eu.dbpedia.org/resource/Dante_Gabriel_Rossetti</field>
<field name="entity_type">artists</field>
<field name="timestamp">NOW</field>
<field name="sameAs">http://dbpedia.org/resource/Dante_Gabriel_Rossetti</field>
</doc>
<doc>
<field name="uri">http://wikidata.dbpedia.org/resource/Q186748</field>
<field name="entity_type">artists</field>
<field name="timestamp">NOW</field>
<field name="sameAs">http://dbpedia.org/resource/Dante_Gabriel_Rossetti</field>
</doc>
<doc>
<field name="uri">http://zh.dbpedia.org/resource/但丁·加百列·羅塞蒂</field>
<field name="entity_type">artists</field>
<field name="timestamp">NOW</field>
<field name="sameAs">http://dbpedia.org/resource/Dante_Gabriel_Rossetti</field>
</doc>
<doc>
<field name="uri">http://be.dbpedia.org/resource/Дантэ_Габрыэл_Расеці</field>
<field name="entity_type">artists</field>
<field name="timestamp">NOW</field>
<field name="sameAs">http://dbpedia.org/resource/Dante_Gabriel_Rossetti</field>
</doc>
<doc>
<field name="uri">http://bg.dbpedia.org/resource/Данте_Габриел_Росети</field>
<field name="entity_type">artists</field>
<field name="timestamp">NOW</field>
<field name="sameAs">http://dbpedia.org/resource/Dante_Gabriel_Rossetti</field>
</doc>
<doc>
<field name="uri">http://br.dbpedia.org/resource/Dante_Gabriel_Rossetti</field>
<field name="entity_type">artists</field>
<field name="timestamp">NOW</field>
<field name="sameAs">http://dbpedia.org/resource/Dante_Gabriel_Rossetti</field>
</doc>
<doc>
<field name="uri">http://bs.dbpedia.org/resource/Dante_Gabriel_Rossetti</field>
<field name="entity_type">artists</field>
<field name="timestamp">NOW</field>
<field name="sameAs">http://dbpedia.org/resource/Dante_Gabriel_Rossetti</field>
</doc>
<doc>
<field name="uri">http://ca.dbpedia.org/resource/Dante_Gabriel_Rossetti</field>
<field name="entity_type">artists</field>
<field name="timestamp">NOW</field>
<field name="sameAs">http://dbpedia.org/resource/Dante_Gabriel_Rossetti</field>
</doc>
<doc>
<field name="uri">http://cy.dbpedia.org/resource/Dante_Gabriel_Rossetti</field>
<field name="entity_type">artists</field>
<field name="timestamp">NOW</field>
<field name="sameAs">http://dbpedia.org/resource/Dante_Gabriel_Rossetti</field>
</doc>
<doc>
<field name="uri">http://da.dbpedia.org/resource/Dante_Gabriel_Rossetti</field>
<field name="entity_type">artists</field>
<field name="timestamp">NOW</field>
<field name="sameAs">http://dbpedia.org/resource/Dante_Gabriel_Rossetti</field>
</doc>
<doc>
<field name="uri">http://eo.dbpedia.org/resource/Dante_Gabriel_Rossetti</field>
<field name="entity_type">artists</field>
<field name="timestamp">NOW</field>
<field name="sameAs">http://dbpedia.org/resource/Dante_Gabriel_Rossetti</field>
</doc>
<doc>
<field name="uri">http://et.dbpedia.org/resource/Dante_Gabriel_Rossetti</field>
<field name="entity_type">artists</field>
<field name="timestamp">NOW</field>
<field name="sameAs">http://dbpedia.org/resource/Dante_Gabriel_Rossetti</field>
</doc>
<doc>
<field name="uri">http://fi.dbpedia.org/resource/Dante_Gabriel_Rossetti</field>
<field name="entity_type">artists</field>
<field name="timestamp">NOW</field>
<field name="sameAs">http://dbpedia.org/resource/Dante_Gabriel_Rossetti</field>
</doc>
<doc>
<field name="uri">http://hr.dbpedia.org/resource/Dante_Gabriel_Rossetti</field>
<field name="entity_type">artists</field>
<field name="timestamp">NOW</field>
<field name="sameAs">http://dbpedia.org/resource/Dante_Gabriel_Rossetti</field>
</doc>
<doc>
<field name="uri">http://id.dbpedia.org/resource/Dante_Gabriel_Rossetti</field>
<field name="entity_type">artists</field>
<field name="timestamp">NOW</field>
<field name="sameAs">http://dbpedia.org/resource/Dante_Gabriel_Rossetti</field>
</doc>
<doc>
<field name="uri">http://la.dbpedia.org/resource/Dante_Gabriel_Rossetti</field>
<field name="entity_type">artists</field>
<field name="timestamp">NOW</field>
<field name="sameAs">http://dbpedia.org/resource/Dante_Gabriel_Rossetti</field>
</doc>
<doc>
<field name="uri">http://nn.dbpedia.org/resource/Dante_Gabriel_Rossetti</field>
<field name="entity_type">artists</field>
<field name="timestamp">NOW</field>
<field name="sameAs">http://dbpedia.org/resource/Dante_Gabriel_Rossetti</field>
</doc>
<doc>
<field name="uri">http://no.dbpedia.org/resource/Dante_Gabriel_Rossetti</field>
<field name="entity_type">artists</field>
<field name="timestamp">NOW</field>
<field name="sameAs">http://dbpedia.org/resource/Dante_Gabriel_Rossetti</field>
</doc>
<doc>
<field name="uri">http://qu.dbpedia.org/resource/Dante_Gabriel_Rossetti</field>
<field name="entity_type">artists</field>
<field name="timestamp">NOW</field>
<field name="sameAs">http://dbpedia.org/resource/Dante_Gabriel_Rossetti</field>
</doc>
<doc>
<field name="uri">http://ro.dbpedia.org/resource/Dante_Gabriel_Rossetti</field>
<field name="entity_type">artists</field>
<field name="timestamp">NOW</field>
<field name="sameAs">http://dbpedia.org/resource/Dante_Gabriel_Rossetti</field>
</doc>
<doc>
<field name="uri">http://sh.dbpedia.org/resource/Dante_Gabriel_Rossetti</field>
<field name="entity_type">artists</field>
<field name="timestamp">NOW</field>
<field name="sameAs">http://dbpedia.org/resource/Dante_Gabriel_Rossetti</field>
</doc>
<doc>
<field name="uri">http://simple.dbpedia.org/resource/Dante_Gabriel_Rossetti</field>
<field name="entity_type">artists</field>
<field name="timestamp">NOW</field>
<field name="sameAs">http://dbpedia.org/resource/Dante_Gabriel_Rossetti</field>
</doc>
<doc>
<field name="uri">http://sk.dbpedia.org/resource/Dante_Gabriel_Rossetti</field>
<field name="entity_type">artists</field>
<field name="timestamp">NOW</field>
<field name="sameAs">http://dbpedia.org/resource/Dante_Gabriel_Rossetti</field>
</doc>
<doc>
<field name="uri">http://sr.dbpedia.org/resource/Данте_Габријел_Росети</field>
<field name="entity_type">artists</field>
<field name="timestamp">NOW</field>
<field name="sameAs">http://dbpedia.org/resource/Dante_Gabriel_Rossetti</field>
</doc>
<doc>
<field name="uri">http://sv.dbpedia.org/resource/Dante_Gabriel_Rossetti</field>
<field name="entity_type">artists</field>
<field name="timestamp">NOW</field>
<field name="sameAs">http://dbpedia.org/resource/Dante_Gabriel_Rossetti</field>
</doc>
<doc>
<field name="uri">http://th.dbpedia.org/resource/ดานเต_เกเบรียล_รอสเซ็ตติ</field>
<field name="entity_type">artists</field>
<field name="timestamp">NOW</field>
<field name="sameAs">http://dbpedia.org/resource/Dante_Gabriel_Rossetti</field>
</doc>
<doc>
<field name="uri">http://tr.dbpedia.org/resource/Dante_Gabriel_Rossetti</field>
<field name="entity_type">artists</field>
<field name="timestamp">NOW</field>
<field name="sameAs">http://dbpedia.org/resource/Dante_Gabriel_Rossetti</field>
</doc>
<doc>
<field name="uri">http://uk.dbpedia.org/resource/Данте_Габрієль_Росетті</field>
<field name="entity_type">artists</field>
<field name="timestamp">NOW</field>
<field name="sameAs">http://dbpedia.org/resource/Dante_Gabriel_Rossetti</field>
</doc>
<doc>
<field name="uri">http://vi.dbpedia.org/resource/Dante_Gabriel_Rossetti</field>
<field name="entity_type">artists</field>
<field name="timestamp">NOW</field>
<field name="sameAs">http://dbpedia.org/resource/Dante_Gabriel_Rossetti</field>
</doc>
<doc>
<field name="uri">http://zh_min_nan.dbpedia.org/resource/Dante_Gabriel_Rossetti</field>
<field name="entity_type">artists</field>
<field name="timestamp">NOW</field>
<field name="sameAs">http://dbpedia.org/resource/Dante_Gabriel_Rossetti</field>
</doc>
</add>
