<add xmlns:dc="http://purl.org/dc/elements/1.1/" overwrite="true">
<doc>
<field name="uri">http://dbpedia.org/resource/Johannes_Vermeer</field>
<field name="entity_type">artists</field>
<field name="timestamp">NOW</field>
</doc>
<doc>
<field name="uri">http://it.dbpedia.org/resource/Dirck_van_Baburen</field>
<field name="entity_type">artists</field>
<field name="timestamp">NOW</field>
<field name="sameAs">http://dbpedia.org/resource/Dirck_van_Baburen</field>
</doc>
<doc>
<field name="uri">http://de.dbpedia.org/resource/Dirck_van_Baburen</field>
<field name="entity_type">artists</field>
<field name="timestamp">NOW</field>
<field name="sameAs">http://dbpedia.org/resource/Dirck_van_Baburen</field>
</doc>
<doc>
<field name="uri">http://fr.dbpedia.org/resource/Dirck_van_Baburen</field>
<field name="entity_type">artists</field>
<field name="timestamp">NOW</field>
<field name="sameAs">http://dbpedia.org/resource/Dirck_van_Baburen</field>
</doc>
<doc>
<field name="uri">http://dbpedia.org/resource/Dirck</field>
<field name="entity_type">artists</field>
<field name="timestamp">NOW</field>
</doc>
<doc>
<field name="uri">http://dbpedia.org/resource/Prometheus_Being_Chained_by_Vulcan</field>
<field name="entity_type">artists</field>
<field name="timestamp">NOW</field>
<field name="artist">http://dbpedia.org/resource/Dirck_van_Baburen</field>
</doc>
<doc>
<field name="uri">http://dbpedia.org/resource/The_Procuress_(Dirck_van_Baburen)</field>
<field name="entity_type">artists</field>
<field name="timestamp">NOW</field>
<field name="artist">http://dbpedia.org/resource/Dirck_van_Baburen</field>
</doc>
<doc>
<field name="uri">http://dbpedia.org/resource/Dirck_Van_Baburen</field>
<field name="entity_type">artists</field>
<field name="timestamp">NOW</field>
</doc>
<doc>
<field name="uri">http://pl.dbpedia.org/resource/Dirck_van_Baburen</field>
<field name="entity_type">artists</field>
<field name="timestamp">NOW</field>
<field name="sameAs">http://dbpedia.org/resource/Dirck_van_Baburen</field>
</doc>
<doc>
<field name="uri">http://en.wikipedia.org/wiki/Dirck_van_Baburen</field>
<field name="entity_type">artists</field>
<field name="timestamp">NOW</field>
<field name="primaryTopic">http://dbpedia.org/resource/Dirck_van_Baburen</field>
</doc>
<doc>
<field name="uri">http://dbpedia.org/resource/Dirck_van_Baburen</field>
<field name="entity_type">artists</field>
<field name="timestamp">NOW</field>
<field name="sameAs">http://uk.dbpedia.org/resource/Дірк_ван_Бабюрен</field>
<field name="sameAs">http://da.dbpedia.org/resource/Dirck_van_Baburen</field>
<field name="sameAs">http://kl.dbpedia.org/resource/Dirck_van_Baburen</field>
<field name="sameAs">http://es.dbpedia.org/resource/Dirck_van_Baburen</field>
<field name="sameAs">http://no.dbpedia.org/resource/Dirck_van_Baburen</field>
<field name="sameAs">http://ru.dbpedia.org/resource/Бабюрен,_Дирк_ван</field>
<field name="sameAs">http://dbpedia.org/resource/Dirck_van_Baburen</field>
<field name="sameAs">http://fr.dbpedia.org/resource/Dirck_van_Baburen</field>
<field name="sameAs">http://nl.dbpedia.org/resource/Dirck_van_Baburen</field>
<field name="sameAs">http://it.dbpedia.org/resource/Dirck_van_Baburen</field>
<field name="sameAs">http://th.dbpedia.org/resource/เดิร์ค_ฟาน_บาบูเร็น</field>
<field name="sameAs">http://pl.dbpedia.org/resource/Dirck_van_Baburen</field>
<field name="sameAs">http://eu.dbpedia.org/resource/Dirk_van_Baburen</field>
<field name="sameAs">http://fy.dbpedia.org/resource/Dirck_van_Baburen</field>
<field name="sameAs">http://sv.dbpedia.org/resource/Dirck_van_Baburen</field>
<field name="sameAs">http://ja.dbpedia.org/resource/ディルク・ファン・バビューレン</field>
<field name="sameAs">http://rdf.freebase.com/ns/m.038g94</field>
<field name="sameAs">http://de.dbpedia.org/resource/Dirck_van_Baburen</field>
<field name="sameAs">http://www.wikidata.org/entity/Q380708</field>
<field name="sameAs">http://yago-knowledge.org/resource/Dirck_van_Baburen</field>
<field name="subject" update="add">http://dbpedia.org/resource/Category:Members_of_the_Utrecht_Guild_of_Saint_Luke</field>
<field name="subject" update="add">http://dbpedia.org/resource/Category:Dutch_Golden_Age_painters</field>
<field name="subject" update="add">http://dbpedia.org/resource/Category:1624_deaths</field>
<field name="subject" update="add">http://dbpedia.org/resource/Category:Dutch_painters</field>
<field name="subject" update="add">http://dbpedia.org/resource/Category:Members_of_the_Bentvueghels</field>
<field name="subject" update="add">http://dbpedia.org/resource/Category:1590s_births</field>
<field name="subject" update="add">http://dbpedia.org/resource/Category:People_from_Utrecht_(city)</field>
<field name="abstract">Dirck Jaspersz. van Baburen (c. 1595 – 21 February 1624) was a Dutch painter associated with the Utrecht Caravaggisti.</field>
<field name="label">Dirck van Baburen</field>
<field name="depiction">http://upload.wikimedia.org/wikipedia/commons/0/00/Dirck_van_Baburen_-_de_luitspeler_1622.jpg</field>
<field name="comment">Dirck Jaspersz. van Baburen (c. 1595 – 21 February 1624) was a Dutch painter associated with the Utrecht Caravaggisti.</field>
<field name="name"/>
<field name="thumbnail">http://upload.wikimedia.org/wikipedia/commons/thumb/0/00/Dirck_van_Baburen_-_de_luitspeler_1622.jpg/200px-Dirck_van_Baburen_-_de_luitspeler_1622.jpg</field>
<field name="link_external">http://libmma.contentdm.oclc.org/cdm/compoundobject/collection/p15324coll10/id/65202/rec/17</field>
<field name="link_external">http://www.all-art.org/history252-20.html</field>
<field name="link_external">http://essentialvermeer.20m.com/catalogue/procuress.htm</field>
<field name="isPrimaryTopicOf">http://en.wikipedia.org/wiki/Dirck_van_Baburen</field>
<field name="description"/>
<field name="photo-collection">http://wifo5-03.informatik.uni-mannheim.de/flickrwrappr/photos/Dirck_van_Baburen</field>
</doc>
<doc>
<field name="uri">http://es.dbpedia.org/resource/Dirck_van_Baburen</field>
<field name="entity_type">artists</field>
<field name="timestamp">NOW</field>
<field name="sameAs">http://dbpedia.org/resource/Dirck_van_Baburen</field>
</doc>
<doc>
<field name="uri">http://ja.dbpedia.org/resource/ディルク・ファン・バビューレン</field>
<field name="entity_type">artists</field>
<field name="timestamp">NOW</field>
<field name="sameAs">http://dbpedia.org/resource/Dirck_van_Baburen</field>
</doc>
<doc>
<field name="uri">http://dbpedia.org/resource/Dirck_(Jaspersz.)_van_Baburen</field>
<field name="entity_type">artists</field>
<field name="timestamp">NOW</field>
</doc>
<doc>
<field name="uri">http://dbpedia.org/resource/Dirck_van_baburen</field>
<field name="entity_type">artists</field>
<field name="timestamp">NOW</field>
</doc>
<doc>
<field name="uri">http://dbpedia.org/resource/Dirk_van_Baburen</field>
<field name="entity_type">artists</field>
<field name="timestamp">NOW</field>
</doc>
<doc>
<field name="uri">http://dbpedia.org/resource/Theodoor_Babuer</field>
<field name="entity_type">artists</field>
<field name="timestamp">NOW</field>
</doc>
<doc>
<field name="uri">http://dbpedia.org/resource/Theodor_van_Baburen</field>
<field name="entity_type">artists</field>
<field name="timestamp">NOW</field>
</doc>
<doc>
<field name="uri">http://ru.dbpedia.org/resource/Бабюрен,_Дирк_ван</field>
<field name="entity_type">artists</field>
<field name="timestamp">NOW</field>
<field name="sameAs">http://dbpedia.org/resource/Dirck_van_Baburen</field>
</doc>
<doc>
<field name="uri">http://nl.dbpedia.org/resource/Dirck_van_Baburen</field>
<field name="entity_type">artists</field>
<field name="timestamp">NOW</field>
<field name="sameAs">http://dbpedia.org/resource/Dirck_van_Baburen</field>
</doc>
<doc>
<field name="uri">http://eu.dbpedia.org/resource/Dirk_van_Baburen</field>
<field name="entity_type">artists</field>
<field name="timestamp">NOW</field>
<field name="sameAs">http://dbpedia.org/resource/Dirck_van_Baburen</field>
</doc>
<doc>
<field name="uri">http://wikidata.dbpedia.org/resource/Q380708</field>
<field name="entity_type">artists</field>
<field name="timestamp">NOW</field>
<field name="sameAs">http://dbpedia.org/resource/Dirck_van_Baburen</field>
</doc>
<doc>
<field name="uri">http://da.dbpedia.org/resource/Dirck_van_Baburen</field>
<field name="entity_type">artists</field>
<field name="timestamp">NOW</field>
<field name="sameAs">http://dbpedia.org/resource/Dirck_van_Baburen</field>
</doc>
<doc>
<field name="uri">http://fy.dbpedia.org/resource/Dirck_van_Baburen</field>
<field name="entity_type">artists</field>
<field name="timestamp">NOW</field>
<field name="sameAs">http://dbpedia.org/resource/Dirck_van_Baburen</field>
</doc>
<doc>
<field name="uri">http://no.dbpedia.org/resource/Dirck_van_Baburen</field>
<field name="entity_type">artists</field>
<field name="timestamp">NOW</field>
<field name="sameAs">http://dbpedia.org/resource/Dirck_van_Baburen</field>
</doc>
<doc>
<field name="uri">http://sv.dbpedia.org/resource/Dirck_van_Baburen</field>
<field name="entity_type">artists</field>
<field name="timestamp">NOW</field>
<field name="sameAs">http://dbpedia.org/resource/Dirck_van_Baburen</field>
</doc>
<doc>
<field name="uri">http://th.dbpedia.org/resource/เดิร์ค_ฟาน_บาบูเร็น</field>
<field name="entity_type">artists</field>
<field name="timestamp">NOW</field>
<field name="sameAs">http://dbpedia.org/resource/Dirck_van_Baburen</field>
</doc>
<doc>
<field name="uri">http://uk.dbpedia.org/resource/Дірк_ван_Бабюрен</field>
<field name="entity_type">artists</field>
<field name="timestamp">NOW</field>
<field name="sameAs">http://dbpedia.org/resource/Dirck_van_Baburen</field>
</doc>
<doc>
<field name="uri">http://kl.dbpedia.org/resource/Dirck_van_Baburen</field>
<field name="entity_type">artists</field>
<field name="timestamp">NOW</field>
<field name="sameAs">http://dbpedia.org/resource/Dirck_van_Baburen</field>
</doc>
</add>
