<add xmlns:dc="http://purl.org/dc/elements/1.1/" overwrite="true">
<doc>
<field name="uri">http://fr.dbpedia.org/resource/Le_Dominiquin</field>
<field name="entity_type">artists</field>
<field name="timestamp">NOW</field>
<field name="sameAs">http://dbpedia.org/resource/Domenichino</field>
</doc>
<doc>
<field name="uri">http://it.dbpedia.org/resource/Domenichino</field>
<field name="entity_type">artists</field>
<field name="timestamp">NOW</field>
<field name="sameAs">http://dbpedia.org/resource/Domenichino</field>
</doc>
<doc>
<field name="uri">http://de.dbpedia.org/resource/Domenichino</field>
<field name="entity_type">artists</field>
<field name="timestamp">NOW</field>
<field name="sameAs">http://dbpedia.org/resource/Domenichino</field>
</doc>
<doc>
<field name="uri">http://es.dbpedia.org/resource/Domenico_Zampieri</field>
<field name="entity_type">artists</field>
<field name="timestamp">NOW</field>
<field name="sameAs">http://dbpedia.org/resource/Domenichino</field>
</doc>
<doc>
<field name="uri">http://ru.dbpedia.org/resource/Доменикино</field>
<field name="entity_type">artists</field>
<field name="timestamp">NOW</field>
<field name="sameAs">http://dbpedia.org/resource/Domenichino</field>
</doc>
<doc>
<field name="uri">http://dbpedia.org/resource/Domenichino</field>
<field name="entity_type">artists</field>
<field name="timestamp">NOW</field>
<field name="sameAs">http://es.dbpedia.org/resource/Domenico_Zampieri</field>
<field name="sameAs">http://bn.dbpedia.org/resource/দমেনিকো_জাম্পিয়েরি</field>
<field name="sameAs">http://fr.dbpedia.org/resource/Le_Dominiquin</field>
<field name="sameAs">http://yago-knowledge.org/resource/Domenichino</field>
<field name="sameAs">http://it.dbpedia.org/resource/Domenichino</field>
<field name="sameAs">http://ja.dbpedia.org/resource/ドメニキーノ</field>
<field name="sameAs">http://bg.dbpedia.org/resource/Доменикино</field>
<field name="sameAs">http://dbpedia.org/resource/Domenichino</field>
<field name="sameAs">http://no.dbpedia.org/resource/Domenichino</field>
<field name="sameAs">http://rdf.freebase.com/ns/m.03n9fj</field>
<field name="sameAs">http://pt.dbpedia.org/resource/Domenico_Zampieri</field>
<field name="sameAs">http://sv.dbpedia.org/resource/Domenichino</field>
<field name="sameAs">http://an.dbpedia.org/resource/Domenico_Zampieri</field>
<field name="sameAs">http://sl.dbpedia.org/resource/Domenichino</field>
<field name="sameAs">http://uk.dbpedia.org/resource/Доменікіно</field>
<field name="sameAs">http://nl.dbpedia.org/resource/Domenichino</field>
<field name="sameAs">http://ca.dbpedia.org/resource/Domenico_Zampieri</field>
<field name="sameAs">http://lt.dbpedia.org/resource/Domenichino</field>
<field name="sameAs">http://nn.dbpedia.org/resource/Domenichino</field>
<field name="sameAs">http://pl.dbpedia.org/resource/Domenichino</field>
<field name="sameAs">http://ru.dbpedia.org/resource/Доменикино</field>
<field name="sameAs">http://sk.dbpedia.org/resource/Domenichino</field>
<field name="sameAs">http://th.dbpedia.org/resource/โดเมนีกีโน</field>
<field name="sameAs">http://ml.dbpedia.org/resource/ഡൊമിനിചിനോ</field>
<field name="sameAs">http://de.dbpedia.org/resource/Domenichino</field>
<field name="sameAs">http://www.wikidata.org/entity/Q320118</field>
<field name="sameAs">http://bo.dbpedia.org/resource/དོ་མེ་ནི་ཀི་ནོ།</field>
<field name="subject" update="add">http://dbpedia.org/resource/Category:1641_deaths</field>
<field name="subject" update="add">http://dbpedia.org/resource/Category:Italian_painters</field>
<field name="subject" update="add">http://dbpedia.org/resource/Category:1581_births</field>
<field name="subject" update="add">http://dbpedia.org/resource/Category:Italian_Baroque_painters</field>
<field name="subject" update="add">http://dbpedia.org/resource/Category:People_from_Bologna</field>
<field name="subject" update="add">http://dbpedia.org/resource/Category:Bolognese_painters</field>
<field name="abstract">Domenico Zampieri (or Domenichino; October 21, 1581 – April 6, 1641) was an Italian Baroque painter of the Bolognese School, or Carracci School, of painters.</field>
<field name="birth-place">http://dbpedia.org/resource/Bologna</field>
<field name="death-place">http://dbpedia.org/resource/Rome</field>
<field name="field">http://dbpedia.org/resource/Painting</field>
<field name="label">Domenichino</field>
<field name="depiction">http://upload.wikimedia.org/wikipedia/commons/0/0d/LastCommunion.jpg</field>
<field name="comment">Domenico Zampieri (or Domenichino; October 21, 1581 – April 6, 1641) was an Italian Baroque painter of the Bolognese School, or Carracci School, of painters.</field>
<field name="name"/>
<field name="thumbnail">http://upload.wikimedia.org/wikipedia/commons/thumb/0/0d/LastCommunion.jpg/200px-LastCommunion.jpg</field>
<field name="link_external">http://www.artonline.it/opera.asp?IDOpera=360</field>
<field name="link_external">http://www.artonline.it/opera.asp?IDOpera=585</field>
<field name="link_external">http://www.artonline.it/opera.asp?IDOpera=588</field>
<field name="link_external">http://www.kimbellart.org/database/index.cfm?detail=yes&amp;ID=AP%201982.03</field>
<field name="link_external">http://artyzm.com/world/d/domenichino/sibyl.htm</field>
<field name="link_external">http://www.learn.columbia.edu/dbcourses/baroque/medium/domenich_rs82_2_068_090603.jpg</field>
<field name="link_external">http://www.learn.columbia.edu/dbcourses/baroque/medium/domenich_rs82_2_293_090603.jpg</field>
<field name="link_external">http://cartelen.louvre.fr/cartelen/visite?srv=car_not_frame&amp;idNotice=18811</field>
<field name="link_external">http://cartelen.louvre.fr/cartelen/visite?srv=car_not_frame&amp;idNotice=18823</field>
<field name="link_external">http://cartelen.louvre.fr/cartelen/visite?srv=car_not_frame&amp;idNotice=18498</field>
<field name="link_external">http://cartelen.louvre.fr/cartelen/visite?srv=car_not_frame&amp;idNotice=18499</field>
<field name="link_external">http://cartelen.louvre.fr/cartelen/visite?srv=car_not_frame&amp;idNotice=18695</field>
<field name="link_external">http://cartelen.louvre.fr/cartelen/visite?srv=car_not_frame&amp;idNotice=28413</field>
<field name="link_external">http://www.learn.columbia.edu/dbcourses/baroque/medium/domenichino_wga02_090503.jpg</field>
<field name="link_external">http://cartelen.louvre.fr/cartelen/visite?srv=car_not_frame&amp;idNotice=20891</field>
<field name="link_external">http://www.learn.columbia.edu/dbcourses/baroque/medium/domenich_rs82_2_075_090603.jpg</field>
<field name="link_external">http://www.getty.edu/art/collections/objects/o841.html</field>
<field name="link_external">http://www.learn.columbia.edu/dbcourses/baroque/medium/domenich_rs82_2_273_090603.jpg</field>
<field name="link_external">http://www.learn.columbia.edu/dbcourses/baroque/medium/domenich_rs82_2_277_090603.jpg</field>
<field name="link_external">http://mv.vatican.va/3_EN/pages/x-Schede/PINs/PINs_Sala12_02_048.html</field>
<field name="link_external">http://www.flickr.com/photos/26957617@N08/6414059465/</field>
<field name="link_external">http://www.italica.rai.it/principali/argomenti/arte/bellori/arco.jpg</field>
<field name="link_external">http://www.learn.columbia.edu/dbcourses/baroque/medium/domenich_rs82_2_285_090603.jpg</field>
<field name="link_external">http://www.learn.columbia.edu/dbcourses/baroque/medium/domenichino_wga03_090503.jpg</field>
<field name="link_external">http://www.artonline.it/img/large/p06-g118.jpg</field>
<field name="link_external">http://www.artonline.it/img/large/p21-g118.jpg</field>
<field name="link_external">http://www.learn.columbia.edu/dbcourses/baroque/medium/domenich_rs82_1_cp1_090603.jpg</field>
<field name="link_external">http://www.kunsthaus.ch/cgi-bin/kunsthaus?ID=GGAnQX8AAAEAAAQhKB0AAAAS&amp;Q=&amp;S=2:1:18;:::12:::1::&amp;P=0&amp;MT=main</field>
<field name="link_external">http://www.wga.hu/frames-e.html?/bio/d/domenich/biograph.html</field>
<field name="link_external">http://www.learn.columbia.edu/dbcourses/baroque/medium/domenich_rs82_2_270_090603.jpg</field>
<field name="link_external">http://www.artonline.it/img/large/p08-g118.jpg</field>
<field name="link_external">http://www.nga.gov/cgi-bin/pinfo?Object=111270+0+none</field>
<field name="link_external">http://cartelen.louvre.fr/cartelen/visite?srv=car_not_frame&amp;idNotice=18494</field>
<field name="link_external">http://cartelen.louvre.fr/cartelen/visite?srv=car_not_frame&amp;idNotice=18496</field>
<field name="link_external">http://cartelen.louvre.fr/cartelen/visite?srv=rs_display_res&amp;critere=dominiquin+1581&amp;operator=AND&amp;photoOnly=true&amp;nbToDisplay=20&amp;langue=fr</field>
<field name="link_external">http://pintura.aut.org/BU04?AutNum=11.844?EmpNum=15187</field>
<field name="link_external">http://www.pinacotecabologna.it/visita/quadro1.php?n_opera=55</field>
<field name="field">http://dbpedia.org/resource/Painting</field>
<field name="isPrimaryTopicOf">http://en.wikipedia.org/wiki/Domenichino</field>
<field name="description"/>
<field name="photo-collection">http://wifo5-03.informatik.uni-mannheim.de/flickrwrappr/photos/Domenichino</field>
</doc>
<doc>
<field name="uri">http://dbpedia.org/resource/Saint_John_the_Evangelist_(Domenichino)</field>
<field name="entity_type">artists</field>
<field name="timestamp">NOW</field>
<field name="artist">http://dbpedia.org/resource/Domenichino</field>
</doc>
<doc>
<field name="uri">http://ja.dbpedia.org/resource/ドメニキーノ</field>
<field name="entity_type">artists</field>
<field name="timestamp">NOW</field>
<field name="sameAs">http://dbpedia.org/resource/Domenichino</field>
</doc>
<doc>
<field name="uri">http://pl.dbpedia.org/resource/Domenichino</field>
<field name="entity_type">artists</field>
<field name="timestamp">NOW</field>
<field name="sameAs">http://dbpedia.org/resource/Domenichino</field>
</doc>
<doc>
<field name="uri">http://dbpedia.org/resource/Domenico_Zampieri</field>
<field name="entity_type">artists</field>
<field name="timestamp">NOW</field>
</doc>
<doc>
<field name="uri">http://pt.dbpedia.org/resource/Domenico_Zampieri</field>
<field name="entity_type">artists</field>
<field name="timestamp">NOW</field>
<field name="sameAs">http://dbpedia.org/resource/Domenichino</field>
</doc>
<doc>
<field name="uri">http://dbpedia.org/resource/Zampieri_Domenichino</field>
<field name="entity_type">artists</field>
<field name="timestamp">NOW</field>
</doc>
<doc>
<field name="uri">http://en.wikipedia.org/wiki/Domenichino</field>
<field name="entity_type">artists</field>
<field name="timestamp">NOW</field>
<field name="primaryTopic">http://dbpedia.org/resource/Domenichino</field>
</doc>
<doc>
<field name="uri">http://dbpedia.org/resource/Domenechino</field>
<field name="entity_type">artists</field>
<field name="timestamp">NOW</field>
</doc>
<doc>
<field name="uri">http://dbpedia.org/resource/Dominiquin</field>
<field name="entity_type">artists</field>
<field name="timestamp">NOW</field>
</doc>
<doc>
<field name="uri">http://nl.dbpedia.org/resource/Domenichino</field>
<field name="entity_type">artists</field>
<field name="timestamp">NOW</field>
<field name="sameAs">http://dbpedia.org/resource/Domenichino</field>
</doc>
<doc>
<field name="uri">http://wikidata.dbpedia.org/resource/Q320118</field>
<field name="entity_type">artists</field>
<field name="timestamp">NOW</field>
<field name="sameAs">http://dbpedia.org/resource/Domenichino</field>
</doc>
<doc>
<field name="uri">http://an.dbpedia.org/resource/Domenico_Zampieri</field>
<field name="entity_type">artists</field>
<field name="timestamp">NOW</field>
<field name="sameAs">http://dbpedia.org/resource/Domenichino</field>
</doc>
<doc>
<field name="uri">http://bg.dbpedia.org/resource/Доменикино</field>
<field name="entity_type">artists</field>
<field name="timestamp">NOW</field>
<field name="sameAs">http://dbpedia.org/resource/Domenichino</field>
</doc>
<doc>
<field name="uri">http://bn.dbpedia.org/resource/দমেনিকো_জাম্পিয়েরি</field>
<field name="entity_type">artists</field>
<field name="timestamp">NOW</field>
<field name="sameAs">http://dbpedia.org/resource/Domenichino</field>
</doc>
<doc>
<field name="uri">http://ca.dbpedia.org/resource/Domenico_Zampieri</field>
<field name="entity_type">artists</field>
<field name="timestamp">NOW</field>
<field name="sameAs">http://dbpedia.org/resource/Domenichino</field>
</doc>
<doc>
<field name="uri">http://lt.dbpedia.org/resource/Domenichino</field>
<field name="entity_type">artists</field>
<field name="timestamp">NOW</field>
<field name="sameAs">http://dbpedia.org/resource/Domenichino</field>
</doc>
<doc>
<field name="uri">http://ml.dbpedia.org/resource/ഡൊമിനിചിനോ</field>
<field name="entity_type">artists</field>
<field name="timestamp">NOW</field>
<field name="sameAs">http://dbpedia.org/resource/Domenichino</field>
</doc>
<doc>
<field name="uri">http://nn.dbpedia.org/resource/Domenichino</field>
<field name="entity_type">artists</field>
<field name="timestamp">NOW</field>
<field name="sameAs">http://dbpedia.org/resource/Domenichino</field>
</doc>
<doc>
<field name="uri">http://no.dbpedia.org/resource/Domenichino</field>
<field name="entity_type">artists</field>
<field name="timestamp">NOW</field>
<field name="sameAs">http://dbpedia.org/resource/Domenichino</field>
</doc>
<doc>
<field name="uri">http://sk.dbpedia.org/resource/Domenichino</field>
<field name="entity_type">artists</field>
<field name="timestamp">NOW</field>
<field name="sameAs">http://dbpedia.org/resource/Domenichino</field>
</doc>
<doc>
<field name="uri">http://sl.dbpedia.org/resource/Domenichino</field>
<field name="entity_type">artists</field>
<field name="timestamp">NOW</field>
<field name="sameAs">http://dbpedia.org/resource/Domenichino</field>
</doc>
<doc>
<field name="uri">http://sv.dbpedia.org/resource/Domenichino</field>
<field name="entity_type">artists</field>
<field name="timestamp">NOW</field>
<field name="sameAs">http://dbpedia.org/resource/Domenichino</field>
</doc>
<doc>
<field name="uri">http://th.dbpedia.org/resource/โดเมนีกีโน</field>
<field name="entity_type">artists</field>
<field name="timestamp">NOW</field>
<field name="sameAs">http://dbpedia.org/resource/Domenichino</field>
</doc>
<doc>
<field name="uri">http://uk.dbpedia.org/resource/Доменікіно</field>
<field name="entity_type">artists</field>
<field name="timestamp">NOW</field>
<field name="sameAs">http://dbpedia.org/resource/Domenichino</field>
</doc>
<doc>
<field name="uri">http://bo.dbpedia.org/resource/དོ་མེ་ནི་ཀི་ནོ།</field>
<field name="entity_type">artists</field>
<field name="timestamp">NOW</field>
<field name="sameAs">http://dbpedia.org/resource/Domenichino</field>
</doc>
</add>
