<add xmlns:dc="http://purl.org/dc/elements/1.1/" overwrite="true">
<doc>
<field name="uri">http://pl.dbpedia.org/resource/Domenico_Veneziano</field>
<field name="entity_type">artists</field>
<field name="timestamp">NOW</field>
<field name="sameAs">http://dbpedia.org/resource/Domenico_Veneziano</field>
</doc>
<doc>
<field name="uri">http://dbpedia.org/resource/Santa_Lucia_de'_Magnoli_Altarpiece</field>
<field name="entity_type">artists</field>
<field name="timestamp">NOW</field>
<field name="artist">http://dbpedia.org/resource/Domenico_Veneziano</field>
</doc>
<doc>
<field name="uri">http://es.dbpedia.org/resource/Domenico_Veneziano</field>
<field name="entity_type">artists</field>
<field name="timestamp">NOW</field>
<field name="sameAs">http://dbpedia.org/resource/Domenico_Veneziano</field>
</doc>
<doc>
<field name="uri">http://de.dbpedia.org/resource/Domenico_Veneziano</field>
<field name="entity_type">artists</field>
<field name="timestamp">NOW</field>
<field name="sameAs">http://dbpedia.org/resource/Domenico_Veneziano</field>
</doc>
<doc>
<field name="uri">http://fr.dbpedia.org/resource/Domenico_Veneziano</field>
<field name="entity_type">artists</field>
<field name="timestamp">NOW</field>
<field name="sameAs">http://dbpedia.org/resource/Domenico_Veneziano</field>
</doc>
<doc>
<field name="uri">http://it.dbpedia.org/resource/Domenico_Veneziano</field>
<field name="entity_type">artists</field>
<field name="timestamp">NOW</field>
<field name="sameAs">http://dbpedia.org/resource/Domenico_Veneziano</field>
</doc>
<doc>
<field name="uri">http://ko.dbpedia.org/resource/도메니코_베네치아노</field>
<field name="entity_type">artists</field>
<field name="timestamp">NOW</field>
<field name="sameAs">http://dbpedia.org/resource/Domenico_Veneziano</field>
</doc>
<doc>
<field name="uri">http://pt.dbpedia.org/resource/Domenico_Veneziano</field>
<field name="entity_type">artists</field>
<field name="timestamp">NOW</field>
<field name="sameAs">http://dbpedia.org/resource/Domenico_Veneziano</field>
</doc>
<doc>
<field name="uri">http://ru.dbpedia.org/resource/Доменико_Венециано</field>
<field name="entity_type">artists</field>
<field name="timestamp">NOW</field>
<field name="sameAs">http://dbpedia.org/resource/Domenico_Veneziano</field>
</doc>
<doc>
<field name="uri">http://dbpedia.org/resource/Domenico_Veneziano</field>
<field name="entity_type">artists</field>
<field name="timestamp">NOW</field>
<field name="sameAs">http://sv.dbpedia.org/resource/Domenico_Veneziano</field>
<field name="sameAs">http://ko.dbpedia.org/resource/도메니코_베네치아노</field>
<field name="sameAs">http://no.dbpedia.org/resource/Domenico_Veneziano</field>
<field name="sameAs">http://pl.dbpedia.org/resource/Domenico_Veneziano</field>
<field name="sameAs">http://pt.dbpedia.org/resource/Domenico_Veneziano</field>
<field name="sameAs">http://de.dbpedia.org/resource/Domenico_Veneziano</field>
<field name="sameAs">http://it.dbpedia.org/resource/Domenico_Veneziano</field>
<field name="sameAs">http://tr.dbpedia.org/resource/Domenico_Veneziano</field>
<field name="sameAs">http://yago-knowledge.org/resource/Domenico_Veneziano</field>
<field name="sameAs">http://es.dbpedia.org/resource/Domenico_Veneziano</field>
<field name="sameAs">http://nl.dbpedia.org/resource/Domenico_Veneziano</field>
<field name="sameAs">http://www.wikidata.org/entity/Q368546</field>
<field name="sameAs">http://ca.dbpedia.org/resource/Domenico_Veneziano</field>
<field name="sameAs">http://lt.dbpedia.org/resource/Domenico_Veneziano</field>
<field name="sameAs">http://rdf.freebase.com/ns/m.01fs5z</field>
<field name="sameAs">http://lv.dbpedia.org/resource/Domeniko_Veneciano</field>
<field name="sameAs">http://fr.dbpedia.org/resource/Domenico_Veneziano</field>
<field name="sameAs">http://eu.dbpedia.org/resource/Domenico_Veneziano</field>
<field name="sameAs">http://ml.dbpedia.org/resource/ഡൊമനിക്കോ_വെനീസിയാനോ</field>
<field name="sameAs">http://dbpedia.org/resource/Domenico_Veneziano</field>
<field name="sameAs">http://ru.dbpedia.org/resource/Доменико_Венециано</field>
<field name="subject" update="add">http://dbpedia.org/resource/Category:Italian_Renaissance_painters</field>
<field name="subject" update="add">http://dbpedia.org/resource/Category:1410s_births</field>
<field name="subject" update="add">http://dbpedia.org/resource/Category:Italian_painters</field>
<field name="subject" update="add">http://dbpedia.org/resource/Category:Venetian_painters</field>
<field name="subject" update="add">http://dbpedia.org/resource/Category:Tuscan_painters</field>
<field name="subject" update="add">http://dbpedia.org/resource/Category:1461_deaths</field>
<field name="abstract">Domenico Veneziano (c. 1410 – May 15, 1461) was an Italian painter of the early Renaissance, active mostly in Perugia and Tuscany. Little is known of his birth, though he is thought to have been born in Venice, hence his last name. He then moved to Florence in 1422-23 as a boy, to become a pupil of Gentile da Fabriano. He is said to have worked with Pisanello in Rome around 1423-1430. His work was influenced by the style of Benozzo Gozzoli. In a letter from him to Piero de' Medici, dated from Perugia in 1438, where he likewise resided for many years, he mentions his long connection with the fortunes of the Medici family, and begs to be allowed to paint an altar-piece for the head of that house. He was a contemporary with Fra Angelico and Fra Filippo Lippi, since those two artists and himself are known to have valued the frescoes of Buonfigli at Perugia. Between 1439 and 1441 he painted a masterpiece of the Adoration of the Magi. Another masterpiece is considered to be the St. Lucy Altarpiece (c. 1445-1447), originally in the Santa Lucia dei Magnoli in Florence but has been moved to the Uffizi. The painting, tempera on panel, displays such an unusual palette for this period that Vasari wrote that it had been painted in oil. He is also known for a round panel of the Adoration of the Magi (1439–1441) which was probably commissioned for the palace of the wealthy Medici family and now in Berlin. He influenced Andrea Mantegna. Other important works are the Madonna del Roseto in the National Museum of Art of Romania and the Madonna Berenson in the Villa I Tatti in Florence, both around 1432-1437. Vasari alleged that Veneziano was murdered by Andrea del Castagno. However, Castagno died c. 1457, four years before Veneziano. He worked at the decorations of the Portinari chapel in the hospital of Santa Maria Nuova in Florence from 1439–1445, and had as his assistants Piero della Francesca and Bicci di Lorenzo. It is certain that whilst employed there he used linseed oil as his medium, since the hospital books of that dato make many allusions to this item in his expenses. His latter days were spent in Florence, where he died on 15 May 1461, .</field>
<field name="label">Domenico Veneziano</field>
<field name="depiction">http://upload.wikimedia.org/wikipedia/commons/9/90/Domenico_Veneziano_002.jpg</field>
<field name="comment">Domenico Veneziano (c. 1410 – May 15, 1461) was an Italian painter of the early Renaissance, active mostly in Perugia and Tuscany. Little is known of his birth, though he is thought to have been born in Venice, hence his last name. He then moved to Florence in 1422-23 as a boy, to become a pupil of Gentile da Fabriano. He is said to have worked with Pisanello in Rome around 1423-1430. His work was influenced by the style of Benozzo Gozzoli.</field>
<field name="name"/>
<field name="thumbnail">http://upload.wikimedia.org/wikipedia/commons/thumb/9/90/Domenico_Veneziano_002.jpg/200px-Domenico_Veneziano_002.jpg</field>
<field name="isPrimaryTopicOf">http://en.wikipedia.org/wiki/Domenico_Veneziano</field>
<field name="description"/>
<field name="photo-collection">http://wifo5-03.informatik.uni-mannheim.de/flickrwrappr/photos/Domenico_Veneziano</field>
</doc>
<doc>
<field name="uri">http://en.wikipedia.org/wiki/Domenico_Veneziano</field>
<field name="entity_type">artists</field>
<field name="timestamp">NOW</field>
<field name="primaryTopic">http://dbpedia.org/resource/Domenico_Veneziano</field>
</doc>
<doc>
<field name="uri">http://dbpedia.org/resource/Domenico_di_Bartolommeo_Veneziano</field>
<field name="entity_type">artists</field>
<field name="timestamp">NOW</field>
</doc>
<doc>
<field name="uri">http://nl.dbpedia.org/resource/Domenico_Veneziano</field>
<field name="entity_type">artists</field>
<field name="timestamp">NOW</field>
<field name="sameAs">http://dbpedia.org/resource/Domenico_Veneziano</field>
</doc>
<doc>
<field name="uri">http://eu.dbpedia.org/resource/Domenico_Veneziano</field>
<field name="entity_type">artists</field>
<field name="timestamp">NOW</field>
<field name="sameAs">http://dbpedia.org/resource/Domenico_Veneziano</field>
</doc>
<doc>
<field name="uri">http://wikidata.dbpedia.org/resource/Q368546</field>
<field name="entity_type">artists</field>
<field name="timestamp">NOW</field>
<field name="sameAs">http://dbpedia.org/resource/Domenico_Veneziano</field>
</doc>
<doc>
<field name="uri">http://ca.dbpedia.org/resource/Domenico_Veneziano</field>
<field name="entity_type">artists</field>
<field name="timestamp">NOW</field>
<field name="sameAs">http://dbpedia.org/resource/Domenico_Veneziano</field>
</doc>
<doc>
<field name="uri">http://lt.dbpedia.org/resource/Domenico_Veneziano</field>
<field name="entity_type">artists</field>
<field name="timestamp">NOW</field>
<field name="sameAs">http://dbpedia.org/resource/Domenico_Veneziano</field>
</doc>
<doc>
<field name="uri">http://lv.dbpedia.org/resource/Domeniko_Veneciano</field>
<field name="entity_type">artists</field>
<field name="timestamp">NOW</field>
<field name="sameAs">http://dbpedia.org/resource/Domenico_Veneziano</field>
</doc>
<doc>
<field name="uri">http://ml.dbpedia.org/resource/ഡൊമനിക്കോ_വെനീസിയാനോ</field>
<field name="entity_type">artists</field>
<field name="timestamp">NOW</field>
<field name="sameAs">http://dbpedia.org/resource/Domenico_Veneziano</field>
</doc>
<doc>
<field name="uri">http://no.dbpedia.org/resource/Domenico_Veneziano</field>
<field name="entity_type">artists</field>
<field name="timestamp">NOW</field>
<field name="sameAs">http://dbpedia.org/resource/Domenico_Veneziano</field>
</doc>
<doc>
<field name="uri">http://sv.dbpedia.org/resource/Domenico_Veneziano</field>
<field name="entity_type">artists</field>
<field name="timestamp">NOW</field>
<field name="sameAs">http://dbpedia.org/resource/Domenico_Veneziano</field>
</doc>
<doc>
<field name="uri">http://tr.dbpedia.org/resource/Domenico_Veneziano</field>
<field name="entity_type">artists</field>
<field name="timestamp">NOW</field>
<field name="sameAs">http://dbpedia.org/resource/Domenico_Veneziano</field>
</doc>
</add>
