<add xmlns:dc="http://purl.org/dc/elements/1.1/" overwrite="true">
<doc>
<field name="uri">http://dbpedia.org/resource/Emanuel_Fox</field>
<field name="entity_type">artists</field>
<field name="timestamp">NOW</field>
</doc>
<doc>
<field name="uri">http://dbpedia.org/resource/Nasturtiums_(E._Phillips_Fox)</field>
<field name="entity_type">artists</field>
<field name="timestamp">NOW</field>
<field name="artist">http://dbpedia.org/resource/E._Phillips_Fox</field>
</doc>
<doc>
<field name="uri">http://dbpedia.org/resource/E._Phillips_Fox</field>
<field name="entity_type">artists</field>
<field name="timestamp">NOW</field>
<field name="sameAs">http://nl.dbpedia.org/resource/Emanuel_Phillips_Fox</field>
<field name="sameAs">http://www.wikidata.org/entity/Q2379882</field>
<field name="sameAs">http://yago-knowledge.org/resource/E._Phillips_Fox</field>
<field name="sameAs">http://rdf.freebase.com/ns/m.08d4b4</field>
<field name="sameAs">http://dbpedia.org/resource/E._Phillips_Fox</field>
<field name="subject" update="add">http://dbpedia.org/resource/Category:Australian_painters</field>
<field name="subject" update="add">http://dbpedia.org/resource/Category:1865_births</field>
<field name="subject" update="add">http://dbpedia.org/resource/Category:1915_deaths</field>
<field name="abstract">Emanuel Phillips Fox (1865–1915) was an Australian Impressionist painter.</field>
<field name="birth-place">http://dbpedia.org/resource/Fitzroy,_Victoria</field>
<field name="death-place">http://dbpedia.org/resource/Fitzroy,_Victoria</field>
<field name="label">E. Phillips Fox</field>
<field name="depiction">http://upload.wikimedia.org/wikipedia/commons/4/44/Emanuel_Phillips_Fox_-_Art_Students,_1895.jpg</field>
<field name="comment">Emanuel Phillips Fox (1865–1915) was an Australian Impressionist painter.</field>
<field name="name"/>
<field name="thumbnail">http://upload.wikimedia.org/wikipedia/commons/thumb/4/44/Emanuel_Phillips_Fox_-_Art_Students,_1895.jpg/200px-Emanuel_Phillips_Fox_-_Art_Students,_1895.jpg</field>
<field name="link_external">http://www.artgallery.nsw.gov.au/collection/search/?artist_id=fox-e-phillips</field>
<field name="link_external">http://www.art-museum.unimelb.edu.au/frameworkresources.ashx/Articles/10/PdfFileName/027DA3BF402001F6A41C58A09923B7C5/02_Fox.pdf</field>
<field name="link_external">http://www.brightoncemetery.com/HistoricInterments/150Names/foxe.htm</field>
<field name="link_external">http://www.ngv.vic.gov.au/explore/ngv-collection/artist-a-z?sq_content_src=%2BdXJsPWh0dHAlM0ElMkYlMkZ3d3cubmd2LnZpYy5nb3YuYXUlMkZjb2xhcHAlMkZwdWIlMkZhcnRpc3RzJTJGNzUxNyUyRmRldGFpbHMmYWxsPTE%3D</field>
<field name="link_external">http://gutenberg.net.au/dictbiog/0-dict-biogF.html</field>
<field name="link_external">http://www.artgalleryofballarat.com.au/collection/australian-collection/fox,-emanuel-phillips.aspx</field>
<field name="link_external">http://www.ngv.vic.gov.au/explore/ngv-collection/artist-a-z?sq_content_src=%2BdXJsPWh0dHAlM0ElMkYlMkZ3d3cubmd2LnZpYy5nb3YuYXUlMkZjb2xhcHAlMkZwdWIlMkZhcnR3b3JrcyUyRjU1ODMlMkZkZXRhaWxzJmFsbD0x</field>
<field name="link_external">http://artrenewal.org/pages/artist.php?artistid=2181</field>
<field name="isPrimaryTopicOf">http://en.wikipedia.org/wiki/E._Phillips_Fox</field>
<field name="description"/>
<field name="photo-collection">http://wifo5-03.informatik.uni-mannheim.de/flickrwrappr/photos/E._Phillips_Fox</field>
</doc>
<doc>
<field name="uri">http://dbpedia.org/resource/E_Phillips_Fox</field>
<field name="entity_type">artists</field>
<field name="timestamp">NOW</field>
</doc>
<doc>
<field name="uri">http://dbpedia.org/resource/Emanuel_Phillips_Fox</field>
<field name="entity_type">artists</field>
<field name="timestamp">NOW</field>
</doc>
<doc>
<field name="uri">http://en.wikipedia.org/wiki/E._Phillips_Fox</field>
<field name="entity_type">artists</field>
<field name="timestamp">NOW</field>
<field name="primaryTopic">http://dbpedia.org/resource/E._Phillips_Fox</field>
</doc>
<doc>
<field name="uri">http://nl.dbpedia.org/resource/Emanuel_Phillips_Fox</field>
<field name="entity_type">artists</field>
<field name="timestamp">NOW</field>
<field name="sameAs">http://dbpedia.org/resource/E._Phillips_Fox</field>
</doc>
<doc>
<field name="uri">http://wikidata.dbpedia.org/resource/Q2379882</field>
<field name="entity_type">artists</field>
<field name="timestamp">NOW</field>
<field name="sameAs">http://dbpedia.org/resource/E._Phillips_Fox</field>
</doc>
</add>
