<add xmlns:dc="http://purl.org/dc/elements/1.1/" overwrite="true">
<doc>
<field name="uri">http://data.nytimes.com/48414760255347932773</field>
<field name="entity_type">artists</field>
<field name="timestamp">NOW</field>
<field name="sameAs">http://dbpedia.org/resource/Edvard_Munch</field>
</doc>
<doc>
<field name="uri">http://dbpedia.org/resource/Munch</field>
<field name="entity_type">artists</field>
<field name="timestamp">NOW</field>
</doc>
<doc>
<field name="uri">http://de.dbpedia.org/resource/Edvard_Munch</field>
<field name="entity_type">artists</field>
<field name="timestamp">NOW</field>
<field name="sameAs">http://dbpedia.org/resource/Edvard_Munch</field>
</doc>
<doc>
<field name="uri">http://fr.dbpedia.org/resource/Edvard_Munch</field>
<field name="entity_type">artists</field>
<field name="timestamp">NOW</field>
<field name="sameAs">http://dbpedia.org/resource/Edvard_Munch</field>
</doc>
<doc>
<field name="uri">http://ko.dbpedia.org/resource/에드바르_뭉크</field>
<field name="entity_type">artists</field>
<field name="timestamp">NOW</field>
<field name="sameAs">http://dbpedia.org/resource/Edvard_Munch</field>
</doc>
<doc>
<field name="uri">http://dbpedia.org/resource/Bo%C5%BEidar_Jakac</field>
<field name="entity_type">artists</field>
<field name="timestamp">NOW</field>
<field name="influenced">http://dbpedia.org/resource/Edvard_Munch</field>
</doc>
<doc>
<field name="uri">http://dbpedia.org/resource/Arnold_B%C3%B6cklin</field>
<field name="entity_type">artists</field>
<field name="timestamp">NOW</field>
</doc>
<doc>
<field name="uri">http://dbpedia.org/resource/Paul_Gauguin</field>
<field name="entity_type">artists</field>
<field name="timestamp">NOW</field>
</doc>
<doc>
<field name="uri">http://dbpedia.org/resource/Meeting_in_Infinity</field>
<field name="entity_type">artists</field>
<field name="timestamp">NOW</field>
</doc>
<doc>
<field name="uri">http://es.dbpedia.org/resource/Edvard_Munch</field>
<field name="entity_type">artists</field>
<field name="timestamp">NOW</field>
<field name="sameAs">http://dbpedia.org/resource/Edvard_Munch</field>
</doc>
<doc>
<field name="uri">http://ru.dbpedia.org/resource/Мунк,_Эдвард</field>
<field name="entity_type">artists</field>
<field name="timestamp">NOW</field>
<field name="sameAs">http://dbpedia.org/resource/Edvard_Munch</field>
</doc>
<doc>
<field name="uri">http://dbpedia.org/resource/5699_Munch</field>
<field name="entity_type">artists</field>
<field name="timestamp">NOW</field>
</doc>
<doc>
<field name="uri">http://dbpedia.org/resource/Munch_(crater)</field>
<field name="entity_type">artists</field>
<field name="timestamp">NOW</field>
</doc>
<doc>
<field name="uri">http://dbpedia.org/resource/Edward_Munch</field>
<field name="entity_type">artists</field>
<field name="timestamp">NOW</field>
</doc>
<doc>
<field name="uri">http://dbpedia.org/resource/Edvard</field>
<field name="entity_type">artists</field>
<field name="timestamp">NOW</field>
</doc>
<doc>
<field name="uri">http://dbpedia.org/resource/Edvard_munch</field>
<field name="entity_type">artists</field>
<field name="timestamp">NOW</field>
</doc>
<doc>
<field name="uri">http://dbpedia.org/resource/Edvvard_Munch</field>
<field name="entity_type">artists</field>
<field name="timestamp">NOW</field>
</doc>
<doc>
<field name="uri">http://dbpedia.org/resource/Edvard_Munch</field>
<field name="entity_type">artists</field>
<field name="timestamp">NOW</field>
<field name="sameAs">http://cy.dbpedia.org/resource/Edvard_Munch</field>
<field name="sameAs">http://ru.dbpedia.org/resource/Мунк,_Эдвард</field>
<field name="sameAs">http://sw.cyc.com/concept/Mx4rvhXrjJwpEbGdrcN5Y29ycA</field>
<field name="sameAs">http://sv.dbpedia.org/resource/Edvard_Munch</field>
<field name="sameAs">http://stq.dbpedia.org/resource/Edvard_Munch</field>
<field name="sameAs">http://sh.dbpedia.org/resource/Edvard_Munch</field>
<field name="sameAs">http://eu.dbpedia.org/resource/Edvard_Munch</field>
<field name="sameAs">http://fr.dbpedia.org/resource/Edvard_Munch</field>
<field name="sameAs">http://et.dbpedia.org/resource/Edvard_Munch</field>
<field name="sameAs">http://fa.dbpedia.org/resource/ادوارد_مونک</field>
<field name="sameAs">http://de.dbpedia.org/resource/Edvard_Munch</field>
<field name="sameAs">http://lv.dbpedia.org/resource/Edvards_Munks</field>
<field name="sameAs">http://lb.dbpedia.org/resource/Edvard_Munch</field>
<field name="sameAs">http://sl.dbpedia.org/resource/Edvard_Munch</field>
<field name="sameAs">http://af.dbpedia.org/resource/Edvard_Munch</field>
<field name="sameAs">http://hu.dbpedia.org/resource/Edvard_Munch</field>
<field name="sameAs">http://no.dbpedia.org/resource/Edvard_Munch</field>
<field name="sameAs">http://als.dbpedia.org/resource/Edvard_Munch</field>
<field name="sameAs">http://br.dbpedia.org/resource/Edvard_Munch</field>
<field name="sameAs">http://zh.dbpedia.org/resource/爱德华·蒙克</field>
<field name="sameAs">http://fi.dbpedia.org/resource/Edvard_Munch</field>
<field name="sameAs">http://rdf.freebase.com/ns/m.02nsp</field>
<field name="sameAs">http://es.dbpedia.org/resource/Edvard_Munch</field>
<field name="sameAs">http://da.dbpedia.org/resource/Edvard_Munch</field>
<field name="sameAs">http://ca.dbpedia.org/resource/Edvard_Munch</field>
<field name="sameAs">http://zh_min_nan.dbpedia.org/resource/Edvard_Munch</field>
<field name="sameAs">http://uz.dbpedia.org/resource/Edvard_Munch</field>
<field name="sameAs">http://nl.dbpedia.org/resource/Edvard_Munch</field>
<field name="sameAs">http://be.dbpedia.org/resource/Эдвард_Мунк</field>
<field name="sameAs">http://el.dbpedia.org/resource/Έντβαρτ_Μουνκ</field>
<field name="sameAs">http://uk.dbpedia.org/resource/Едвард_Мунк</field>
<field name="sameAs">http://vi.dbpedia.org/resource/Edvard_Munch</field>
<field name="sameAs">http://sq.dbpedia.org/resource/Edvard_Munch</field>
<field name="sameAs">http://war.dbpedia.org/resource/Edvard_Munch</field>
<field name="sameAs">http://ka.dbpedia.org/resource/ედვარდ_მუნკი</field>
<field name="sameAs">http://www.wikidata.org/entity/Q41406</field>
<field name="sameAs">http://it.dbpedia.org/resource/Edvard_Munch</field>
<field name="sameAs">http://he.dbpedia.org/resource/אדוורד_מונק</field>
<field name="sameAs">http://la.dbpedia.org/resource/Eduardus_Munch</field>
<field name="sameAs">http://id.dbpedia.org/resource/Edvard_Munch</field>
<field name="sameAs">http://ja.dbpedia.org/resource/エドヴァルド・ムンク</field>
<field name="sameAs">http://cs.dbpedia.org/resource/Edvard_Munch</field>
<field name="sameAs">http://hi.dbpedia.org/resource/एडवर्ड_मुंख</field>
<field name="sameAs">http://eo.dbpedia.org/resource/Edvard_Munch</field>
<field name="sameAs">http://pnb.dbpedia.org/resource/ایڈورڈ_منک</field>
<field name="sameAs">http://mzn.dbpedia.org/resource/ادوارد_مونک</field>
<field name="sameAs">http://simple.dbpedia.org/resource/Edvard_Munch</field>
<field name="sameAs">http://ar.dbpedia.org/resource/إدفارت_مونك</field>
<field name="sameAs">http://fo.dbpedia.org/resource/Edvard_Munch</field>
<field name="sameAs">http://scn.dbpedia.org/resource/Edvard_Munch</field>
<field name="sameAs">http://dbpedia.org/resource/Edvard_Munch</field>
<field name="sameAs">http://gl.dbpedia.org/resource/Edvard_Munch</field>
<field name="sameAs">http://sw.dbpedia.org/resource/Edvard_Munch</field>
<field name="sameAs">http://ml.dbpedia.org/resource/എഡ്വേർഡ്_മങ്ക്</field>
<field name="sameAs">http://bs.dbpedia.org/resource/Edvard_Munch</field>
<field name="sameAs">http://tr.dbpedia.org/resource/Edvard_Munch</field>
<field name="sameAs">http://ta.dbpedia.org/resource/எட்வர்ட்_மண்ச்</field>
<field name="sameAs">http://mrj.dbpedia.org/resource/Мунк,_Эдвард</field>
<field name="sameAs">http://is.dbpedia.org/resource/Edvard_Munch</field>
<field name="sameAs">http://sr.dbpedia.org/resource/Едвард_Мунк</field>
<field name="sameAs">http://lt.dbpedia.org/resource/Edvard_Munch</field>
<field name="sameAs">http://be_x_old.dbpedia.org/resource/Эдвард_Мунк</field>
<field name="sameAs">http://hr.dbpedia.org/resource/Edvard_Munch</field>
<field name="sameAs">http://az.dbpedia.org/resource/Edvard_Munk</field>
<field name="sameAs">http://pl.dbpedia.org/resource/Edvard_Munch</field>
<field name="sameAs">http://bg.dbpedia.org/resource/Едвард_Мунк</field>
<field name="sameAs">http://sk.dbpedia.org/resource/Edvard_Munch</field>
<field name="sameAs">http://nn.dbpedia.org/resource/Edvard_Munch</field>
<field name="sameAs">http://ro.dbpedia.org/resource/Edvard_Munch</field>
<field name="sameAs">http://mi.dbpedia.org/resource/Edvard_Munch</field>
<field name="sameAs">http://pt.dbpedia.org/resource/Edvard_Munch</field>
<field name="sameAs">http://an.dbpedia.org/resource/Edvard_Munch</field>
<field name="sameAs">http://yago-knowledge.org/resource/Edvard_Munch</field>
<field name="sameAs">http://se.dbpedia.org/resource/Edvard_Munch</field>
<field name="sameAs">http://ko.dbpedia.org/resource/에드바르_뭉크</field>
<field name="sameAs">http://kl.dbpedia.org/resource/Edvard_Munch</field>
<field name="sameAs">http://fy.dbpedia.org/resource/Edvard_Munch</field>
<field name="subject" update="add">http://dbpedia.org/resource/Category:Art_Nouveau</field>
<field name="subject" update="add">http://dbpedia.org/resource/Category:Norwegian_painters</field>
<field name="subject" update="add">http://dbpedia.org/resource/Category:Knights_Grand_Cross_of_the_Order_of_St._Olav</field>
<field name="subject" update="add">http://dbpedia.org/resource/Category:Norwegian_artists</field>
<field name="subject" update="add">http://dbpedia.org/resource/Category:1863_births</field>
<field name="subject" update="add">http://dbpedia.org/resource/Category:1944_deaths</field>
<field name="subject" update="add">http://dbpedia.org/resource/Category:People_from_L%C3%B8ten</field>
<field name="subject" update="add">http://dbpedia.org/resource/Category:Expressionist_painters</field>
<field name="subject" update="add">http://dbpedia.org/resource/Category:Symbolist_painters</field>
<field name="subject" update="add">http://dbpedia.org/resource/Category:Burials_at_V%C3%A5r_Frelsers_gravlund</field>
<field name="abstract">For the 1974 film, see Edvard Munch (film). Edvard Munch {{#invoke:InfoboxImage|InfoboxImage|image=Edvard Munch 1921. jpg|size=|sizedefault=frameless|alt=|suppressplaceholder=yes}}Munch in 1921Born (1863-12-12)12 December 1863Ådalsbruk in Løten, NorwayDied 23 January 1944(1944-01-23) (aged 80)Oslo, NorwayNationality NorwegianField Painting and graphic artistMovement Expressionism, SymbolismWorks The Scream Edvard Munch (12 December 1863 – 23 January 1944) was a Norwegian painter and printmaker whose intensely evocative treatment of psychological themes built upon some of the main tenets of late 19th-century Symbolism and greatly influenced German Expressionism in the early 20th century. One of his most well-known works is The Scream of 1893.</field>
<field name="birth-place">http://dbpedia.org/resource/L%C3%B8ten</field>
<field name="birth-place">http://dbpedia.org/resource/%C3%85dalsbruk</field>
<field name="death-place">http://dbpedia.org/resource/Oslo</field>
<field name="death-place">http://dbpedia.org/resource/Sk%C3%B8yen</field>
<field name="field">http://dbpedia.org/resource/Painting</field>
<field name="movement">http://dbpedia.org/resource/Symbolism_(arts)</field>
<field name="movement">http://dbpedia.org/resource/Expressionism</field>
<field name="label">Edvard Munch</field>
<field name="depiction">http://upload.wikimedia.org/wikipedia/commons/6/67/Edvard_Munch_1921.jpg</field>
<field name="comment">For the 1974 film, see Edvard Munch (film). Edvard Munch {{#invoke:InfoboxImage|InfoboxImage|image=Edvard Munch 1921.</field>
<field name="name"/>
<field name="thumbnail">http://upload.wikimedia.org/wikipedia/commons/thumb/6/67/Edvard_Munch_1921.jpg/200px-Edvard_Munch_1921.jpg</field>
<field name="link_external">http://www.wikigallery.org/wiki/artist36535/Edvard-Munch/page-1</field>
<field name="link_external">http://www.moreeuw.com/histoire-art/exposition-munch-pompidou.htm</field>
<field name="link_external">http://www.munch-raisonne.com/</field>
<field name="link_external">http://www.digitaltmuseum.no/search?query=edvard+munch&amp;rows=24&amp;sort_by=&amp;page=1&amp;owner_filter=NMK-B</field>
<field name="link_external">http://www.e-edvardmunch.com/</field>
<field name="link_external">http://www.edvard-munch.com/index1.htm</field>
<field name="link_external">http://abcgallery.com/M/munch/munch.html</field>
<field name="link_external">http://www.artcyclopedia.com/artists/munch_edvard.html</field>
<field name="link_external">http://www.edvardmunch.info/</field>
<field name="field"/>
<field name="movement">http://dbpedia.org/resource/Symbolism_(arts)</field>
<field name="movement">http://dbpedia.org/resource/Expressionism</field>
<field name="width">200</field>
<field name="influenced"/>
<field name="isPrimaryTopicOf">http://en.wikipedia.org/wiki/Edvard_Munch</field>
<field name="description"/>
<field name="photo-collection">http://wifo5-03.informatik.uni-mannheim.de/flickrwrappr/photos/Edvard_Munch</field>
</doc>
<doc>
<field name="uri">http://dbpedia.org/resource/The_Scream</field>
<field name="entity_type">artists</field>
<field name="timestamp">NOW</field>
<field name="artist">http://dbpedia.org/resource/Edvard_Munch</field>
</doc>
<doc>
<field name="uri">http://dbpedia.org/resource/Death_In_the_Sickroom</field>
<field name="entity_type">artists</field>
<field name="timestamp">NOW</field>
</doc>
<doc>
<field name="uri">http://dbpedia.org/resource/Edward_munch</field>
<field name="entity_type">artists</field>
<field name="timestamp">NOW</field>
</doc>
<doc>
<field name="uri">http://dbpedia.org/resource/Frieze_of_Life</field>
<field name="entity_type">artists</field>
<field name="timestamp">NOW</field>
</doc>
<doc>
<field name="uri">http://dbpedia.org/resource/Henry_Villierme</field>
<field name="entity_type">artists</field>
<field name="timestamp">NOW</field>
<field name="influenced">http://dbpedia.org/resource/Edvard_Munch</field>
</doc>
<doc>
<field name="uri">http://cs.dbpedia.org/resource/Edvard_Munch</field>
<field name="entity_type">artists</field>
<field name="timestamp">NOW</field>
<field name="sameAs">http://dbpedia.org/resource/Edvard_Munch</field>
</doc>
<doc>
<field name="uri">http://ja.dbpedia.org/resource/エドヴァルド・ムンク</field>
<field name="entity_type">artists</field>
<field name="timestamp">NOW</field>
<field name="sameAs">http://dbpedia.org/resource/Edvard_Munch</field>
</doc>
<doc>
<field name="uri">http://pl.dbpedia.org/resource/Edvard_Munch</field>
<field name="entity_type">artists</field>
<field name="timestamp">NOW</field>
<field name="sameAs">http://dbpedia.org/resource/Edvard_Munch</field>
</doc>
<doc>
<field name="uri">http://dbpedia.org/resource/Puberty_(Edvard_Munch)</field>
<field name="entity_type">artists</field>
<field name="timestamp">NOW</field>
<field name="artist">http://dbpedia.org/resource/Edvard_Munch</field>
</doc>
<doc>
<field name="uri">http://el.dbpedia.org/resource/Έντβαρτ_Μουνκ</field>
<field name="entity_type">artists</field>
<field name="timestamp">NOW</field>
<field name="sameAs">http://dbpedia.org/resource/Edvard_Munch</field>
</doc>
<doc>
<field name="uri">http://it.dbpedia.org/resource/Edvard_Munch</field>
<field name="entity_type">artists</field>
<field name="timestamp">NOW</field>
<field name="sameAs">http://dbpedia.org/resource/Edvard_Munch</field>
</doc>
<doc>
<field name="uri">http://pt.dbpedia.org/resource/Edvard_Munch</field>
<field name="entity_type">artists</field>
<field name="timestamp">NOW</field>
<field name="sameAs">http://dbpedia.org/resource/Edvard_Munch</field>
</doc>
<doc>
<field name="uri">http://en.wikipedia.org/wiki/Edvard_Munch</field>
<field name="entity_type">artists</field>
<field name="timestamp">NOW</field>
<field name="primaryTopic">http://dbpedia.org/resource/Edvard_Munch</field>
</doc>
<doc>
<field name="uri">http://eu.dbpedia.org/resource/Edvard_Munch</field>
<field name="entity_type">artists</field>
<field name="timestamp">NOW</field>
<field name="sameAs">http://dbpedia.org/resource/Edvard_Munch</field>
</doc>
<doc>
<field name="uri">http://nl.dbpedia.org/resource/Edvard_Munch</field>
<field name="entity_type">artists</field>
<field name="timestamp">NOW</field>
<field name="sameAs">http://dbpedia.org/resource/Edvard_Munch</field>
</doc>
<doc>
<field name="uri">http://dbpedia.org/resource/Jealousy_(painting)</field>
<field name="entity_type">artists</field>
<field name="timestamp">NOW</field>
<field name="artist">http://dbpedia.org/resource/Edvard_Munch</field>
</doc>
<doc>
<field name="uri">http://dbpedia.org/resource/Dance_Of_Life_(painting)</field>
<field name="entity_type">artists</field>
<field name="timestamp">NOW</field>
<field name="artist">http://dbpedia.org/resource/Edvard_Munch</field>
</doc>
<doc>
<field name="uri">http://dbpedia.org/resource/Man_and_Woman_(Edvard_Munch)</field>
<field name="entity_type">artists</field>
<field name="timestamp">NOW</field>
<field name="artist">http://dbpedia.org/resource/Edvard_Munch</field>
</doc>
<doc>
<field name="uri">http://zh.dbpedia.org/resource/爱德华·蒙克</field>
<field name="entity_type">artists</field>
<field name="timestamp">NOW</field>
<field name="sameAs">http://dbpedia.org/resource/Edvard_Munch</field>
</doc>
<doc>
<field name="uri">http://af.dbpedia.org/resource/Edvard_Munch</field>
<field name="entity_type">artists</field>
<field name="timestamp">NOW</field>
<field name="sameAs">http://dbpedia.org/resource/Edvard_Munch</field>
</doc>
<doc>
<field name="uri">http://an.dbpedia.org/resource/Edvard_Munch</field>
<field name="entity_type">artists</field>
<field name="timestamp">NOW</field>
<field name="sameAs">http://dbpedia.org/resource/Edvard_Munch</field>
</doc>
<doc>
<field name="uri">http://ar.dbpedia.org/resource/إدفارت_مونك</field>
<field name="entity_type">artists</field>
<field name="timestamp">NOW</field>
<field name="sameAs">http://dbpedia.org/resource/Edvard_Munch</field>
</doc>
<doc>
<field name="uri">http://az.dbpedia.org/resource/Edvard_Munk</field>
<field name="entity_type">artists</field>
<field name="timestamp">NOW</field>
<field name="sameAs">http://dbpedia.org/resource/Edvard_Munch</field>
</doc>
<doc>
<field name="uri">http://be.dbpedia.org/resource/Эдвард_Мунк</field>
<field name="entity_type">artists</field>
<field name="timestamp">NOW</field>
<field name="sameAs">http://dbpedia.org/resource/Edvard_Munch</field>
</doc>
<doc>
<field name="uri">http://bg.dbpedia.org/resource/Едвард_Мунк</field>
<field name="entity_type">artists</field>
<field name="timestamp">NOW</field>
<field name="sameAs">http://dbpedia.org/resource/Edvard_Munch</field>
</doc>
<doc>
<field name="uri">http://br.dbpedia.org/resource/Edvard_Munch</field>
<field name="entity_type">artists</field>
<field name="timestamp">NOW</field>
<field name="sameAs">http://dbpedia.org/resource/Edvard_Munch</field>
</doc>
<doc>
<field name="uri">http://bs.dbpedia.org/resource/Edvard_Munch</field>
<field name="entity_type">artists</field>
<field name="timestamp">NOW</field>
<field name="sameAs">http://dbpedia.org/resource/Edvard_Munch</field>
</doc>
<doc>
<field name="uri">http://ca.dbpedia.org/resource/Edvard_Munch</field>
<field name="entity_type">artists</field>
<field name="timestamp">NOW</field>
<field name="sameAs">http://dbpedia.org/resource/Edvard_Munch</field>
</doc>
<doc>
<field name="uri">http://cy.dbpedia.org/resource/Edvard_Munch</field>
<field name="entity_type">artists</field>
<field name="timestamp">NOW</field>
<field name="sameAs">http://dbpedia.org/resource/Edvard_Munch</field>
</doc>
<doc>
<field name="uri">http://da.dbpedia.org/resource/Edvard_Munch</field>
<field name="entity_type">artists</field>
<field name="timestamp">NOW</field>
<field name="sameAs">http://dbpedia.org/resource/Edvard_Munch</field>
</doc>
<doc>
<field name="uri">http://eo.dbpedia.org/resource/Edvard_Munch</field>
<field name="entity_type">artists</field>
<field name="timestamp">NOW</field>
<field name="sameAs">http://dbpedia.org/resource/Edvard_Munch</field>
</doc>
<doc>
<field name="uri">http://et.dbpedia.org/resource/Edvard_Munch</field>
<field name="entity_type">artists</field>
<field name="timestamp">NOW</field>
<field name="sameAs">http://dbpedia.org/resource/Edvard_Munch</field>
</doc>
<doc>
<field name="uri">http://fa.dbpedia.org/resource/ادوارد_مونک</field>
<field name="entity_type">artists</field>
<field name="timestamp">NOW</field>
<field name="sameAs">http://dbpedia.org/resource/Edvard_Munch</field>
</doc>
<doc>
<field name="uri">http://fi.dbpedia.org/resource/Edvard_Munch</field>
<field name="entity_type">artists</field>
<field name="timestamp">NOW</field>
<field name="sameAs">http://dbpedia.org/resource/Edvard_Munch</field>
</doc>
<doc>
<field name="uri">http://fo.dbpedia.org/resource/Edvard_Munch</field>
<field name="entity_type">artists</field>
<field name="timestamp">NOW</field>
<field name="sameAs">http://dbpedia.org/resource/Edvard_Munch</field>
</doc>
<doc>
<field name="uri">http://fy.dbpedia.org/resource/Edvard_Munch</field>
<field name="entity_type">artists</field>
<field name="timestamp">NOW</field>
<field name="sameAs">http://dbpedia.org/resource/Edvard_Munch</field>
</doc>
<doc>
<field name="uri">http://gl.dbpedia.org/resource/Edvard_Munch</field>
<field name="entity_type">artists</field>
<field name="timestamp">NOW</field>
<field name="sameAs">http://dbpedia.org/resource/Edvard_Munch</field>
</doc>
<doc>
<field name="uri">http://he.dbpedia.org/resource/אדוורד_מונק</field>
<field name="entity_type">artists</field>
<field name="timestamp">NOW</field>
<field name="sameAs">http://dbpedia.org/resource/Edvard_Munch</field>
</doc>
<doc>
<field name="uri">http://hi.dbpedia.org/resource/एडवर्ड_मुंख</field>
<field name="entity_type">artists</field>
<field name="timestamp">NOW</field>
<field name="sameAs">http://dbpedia.org/resource/Edvard_Munch</field>
</doc>
<doc>
<field name="uri">http://hr.dbpedia.org/resource/Edvard_Munch</field>
<field name="entity_type">artists</field>
<field name="timestamp">NOW</field>
<field name="sameAs">http://dbpedia.org/resource/Edvard_Munch</field>
</doc>
<doc>
<field name="uri">http://hu.dbpedia.org/resource/Edvard_Munch</field>
<field name="entity_type">artists</field>
<field name="timestamp">NOW</field>
<field name="sameAs">http://dbpedia.org/resource/Edvard_Munch</field>
</doc>
<doc>
<field name="uri">http://id.dbpedia.org/resource/Edvard_Munch</field>
<field name="entity_type">artists</field>
<field name="timestamp">NOW</field>
<field name="sameAs">http://dbpedia.org/resource/Edvard_Munch</field>
</doc>
<doc>
<field name="uri">http://is.dbpedia.org/resource/Edvard_Munch</field>
<field name="entity_type">artists</field>
<field name="timestamp">NOW</field>
<field name="sameAs">http://dbpedia.org/resource/Edvard_Munch</field>
</doc>
<doc>
<field name="uri">http://ka.dbpedia.org/resource/ედვარდ_მუნკი</field>
<field name="entity_type">artists</field>
<field name="timestamp">NOW</field>
<field name="sameAs">http://dbpedia.org/resource/Edvard_Munch</field>
</doc>
<doc>
<field name="uri">http://la.dbpedia.org/resource/Eduardus_Munch</field>
<field name="entity_type">artists</field>
<field name="timestamp">NOW</field>
<field name="sameAs">http://dbpedia.org/resource/Edvard_Munch</field>
</doc>
<doc>
<field name="uri">http://lb.dbpedia.org/resource/Edvard_Munch</field>
<field name="entity_type">artists</field>
<field name="timestamp">NOW</field>
<field name="sameAs">http://dbpedia.org/resource/Edvard_Munch</field>
</doc>
<doc>
<field name="uri">http://lt.dbpedia.org/resource/Edvard_Munch</field>
<field name="entity_type">artists</field>
<field name="timestamp">NOW</field>
<field name="sameAs">http://dbpedia.org/resource/Edvard_Munch</field>
</doc>
<doc>
<field name="uri">http://lv.dbpedia.org/resource/Edvards_Munks</field>
<field name="entity_type">artists</field>
<field name="timestamp">NOW</field>
<field name="sameAs">http://dbpedia.org/resource/Edvard_Munch</field>
</doc>
<doc>
<field name="uri">http://mi.dbpedia.org/resource/Edvard_Munch</field>
<field name="entity_type">artists</field>
<field name="timestamp">NOW</field>
<field name="sameAs">http://dbpedia.org/resource/Edvard_Munch</field>
</doc>
<doc>
<field name="uri">http://ml.dbpedia.org/resource/എഡ്വേർഡ്_മങ്ക്</field>
<field name="entity_type">artists</field>
<field name="timestamp">NOW</field>
<field name="sameAs">http://dbpedia.org/resource/Edvard_Munch</field>
</doc>
<doc>
<field name="uri">http://mzn.dbpedia.org/resource/ادوارد_مونک</field>
<field name="entity_type">artists</field>
<field name="timestamp">NOW</field>
<field name="sameAs">http://dbpedia.org/resource/Edvard_Munch</field>
</doc>
<doc>
<field name="uri">http://nn.dbpedia.org/resource/Edvard_Munch</field>
<field name="entity_type">artists</field>
<field name="timestamp">NOW</field>
<field name="sameAs">http://dbpedia.org/resource/Edvard_Munch</field>
</doc>
<doc>
<field name="uri">http://no.dbpedia.org/resource/Edvard_Munch</field>
<field name="entity_type">artists</field>
<field name="timestamp">NOW</field>
<field name="sameAs">http://dbpedia.org/resource/Edvard_Munch</field>
</doc>
<doc>
<field name="uri">http://pnb.dbpedia.org/resource/ایڈورڈ_منک</field>
<field name="entity_type">artists</field>
<field name="timestamp">NOW</field>
<field name="sameAs">http://dbpedia.org/resource/Edvard_Munch</field>
</doc>
<doc>
<field name="uri">http://ro.dbpedia.org/resource/Edvard_Munch</field>
<field name="entity_type">artists</field>
<field name="timestamp">NOW</field>
<field name="sameAs">http://dbpedia.org/resource/Edvard_Munch</field>
</doc>
<doc>
<field name="uri">http://scn.dbpedia.org/resource/Edvard_Munch</field>
<field name="entity_type">artists</field>
<field name="timestamp">NOW</field>
<field name="sameAs">http://dbpedia.org/resource/Edvard_Munch</field>
</doc>
<doc>
<field name="uri">http://sh.dbpedia.org/resource/Edvard_Munch</field>
<field name="entity_type">artists</field>
<field name="timestamp">NOW</field>
<field name="sameAs">http://dbpedia.org/resource/Edvard_Munch</field>
</doc>
<doc>
<field name="uri">http://simple.dbpedia.org/resource/Edvard_Munch</field>
<field name="entity_type">artists</field>
<field name="timestamp">NOW</field>
<field name="sameAs">http://dbpedia.org/resource/Edvard_Munch</field>
</doc>
<doc>
<field name="uri">http://sk.dbpedia.org/resource/Edvard_Munch</field>
<field name="entity_type">artists</field>
<field name="timestamp">NOW</field>
<field name="sameAs">http://dbpedia.org/resource/Edvard_Munch</field>
</doc>
<doc>
<field name="uri">http://sl.dbpedia.org/resource/Edvard_Munch</field>
<field name="entity_type">artists</field>
<field name="timestamp">NOW</field>
<field name="sameAs">http://dbpedia.org/resource/Edvard_Munch</field>
</doc>
<doc>
<field name="uri">http://sq.dbpedia.org/resource/Edvard_Munch</field>
<field name="entity_type">artists</field>
<field name="timestamp">NOW</field>
<field name="sameAs">http://dbpedia.org/resource/Edvard_Munch</field>
</doc>
<doc>
<field name="uri">http://sr.dbpedia.org/resource/Едвард_Мунк</field>
<field name="entity_type">artists</field>
<field name="timestamp">NOW</field>
<field name="sameAs">http://dbpedia.org/resource/Edvard_Munch</field>
</doc>
<doc>
<field name="uri">http://sv.dbpedia.org/resource/Edvard_Munch</field>
<field name="entity_type">artists</field>
<field name="timestamp">NOW</field>
<field name="sameAs">http://dbpedia.org/resource/Edvard_Munch</field>
</doc>
<doc>
<field name="uri">http://sw.dbpedia.org/resource/Edvard_Munch</field>
<field name="entity_type">artists</field>
<field name="timestamp">NOW</field>
<field name="sameAs">http://dbpedia.org/resource/Edvard_Munch</field>
</doc>
<doc>
<field name="uri">http://ta.dbpedia.org/resource/எட்வர்ட்_மண்ச்</field>
<field name="entity_type">artists</field>
<field name="timestamp">NOW</field>
<field name="sameAs">http://dbpedia.org/resource/Edvard_Munch</field>
</doc>
<doc>
<field name="uri">http://tr.dbpedia.org/resource/Edvard_Munch</field>
<field name="entity_type">artists</field>
<field name="timestamp">NOW</field>
<field name="sameAs">http://dbpedia.org/resource/Edvard_Munch</field>
</doc>
<doc>
<field name="uri">http://uk.dbpedia.org/resource/Едвард_Мунк</field>
<field name="entity_type">artists</field>
<field name="timestamp">NOW</field>
<field name="sameAs">http://dbpedia.org/resource/Edvard_Munch</field>
</doc>
<doc>
<field name="uri">http://uz.dbpedia.org/resource/Edvard_Munch</field>
<field name="entity_type">artists</field>
<field name="timestamp">NOW</field>
<field name="sameAs">http://dbpedia.org/resource/Edvard_Munch</field>
</doc>
<doc>
<field name="uri">http://vi.dbpedia.org/resource/Edvard_Munch</field>
<field name="entity_type">artists</field>
<field name="timestamp">NOW</field>
<field name="sameAs">http://dbpedia.org/resource/Edvard_Munch</field>
</doc>
<doc>
<field name="uri">http://war.dbpedia.org/resource/Edvard_Munch</field>
<field name="entity_type">artists</field>
<field name="timestamp">NOW</field>
<field name="sameAs">http://dbpedia.org/resource/Edvard_Munch</field>
</doc>
<doc>
<field name="uri">http://als.dbpedia.org/resource/Edvard_Munch</field>
<field name="entity_type">artists</field>
<field name="timestamp">NOW</field>
<field name="sameAs">http://dbpedia.org/resource/Edvard_Munch</field>
</doc>
<doc>
<field name="uri">http://be_x_old.dbpedia.org/resource/Эдвард_Мунк</field>
<field name="entity_type">artists</field>
<field name="timestamp">NOW</field>
<field name="sameAs">http://dbpedia.org/resource/Edvard_Munch</field>
</doc>
<doc>
<field name="uri">http://kl.dbpedia.org/resource/Edvard_Munch</field>
<field name="entity_type">artists</field>
<field name="timestamp">NOW</field>
<field name="sameAs">http://dbpedia.org/resource/Edvard_Munch</field>
</doc>
<doc>
<field name="uri">http://mrj.dbpedia.org/resource/Мунк,_Эдвард</field>
<field name="entity_type">artists</field>
<field name="timestamp">NOW</field>
<field name="sameAs">http://dbpedia.org/resource/Edvard_Munch</field>
</doc>
<doc>
<field name="uri">http://se.dbpedia.org/resource/Edvard_Munch</field>
<field name="entity_type">artists</field>
<field name="timestamp">NOW</field>
<field name="sameAs">http://dbpedia.org/resource/Edvard_Munch</field>
</doc>
<doc>
<field name="uri">http://stq.dbpedia.org/resource/Edvard_Munch</field>
<field name="entity_type">artists</field>
<field name="timestamp">NOW</field>
<field name="sameAs">http://dbpedia.org/resource/Edvard_Munch</field>
</doc>
<doc>
<field name="uri">http://zh_min_nan.dbpedia.org/resource/Edvard_Munch</field>
<field name="entity_type">artists</field>
<field name="timestamp">NOW</field>
<field name="sameAs">http://dbpedia.org/resource/Edvard_Munch</field>
</doc>
<doc>
<field name="uri">http://dbpedia.org/resource/Christmas_in_the_Brothel</field>
<field name="entity_type">artists</field>
<field name="timestamp">NOW</field>
<field name="artist">http://dbpedia.org/resource/Edvard_Munch</field>
</doc>
<doc>
<field name="uri">http://dbpedia.org/resource/Near_the_Bed_of_Death_(Fever)</field>
<field name="entity_type">artists</field>
<field name="timestamp">NOW</field>
<field name="artist">http://dbpedia.org/resource/Edvard_Munch</field>
</doc>
<doc>
<field name="uri">http://wikidata.dbpedia.org/resource/Q41406</field>
<field name="entity_type">artists</field>
<field name="timestamp">NOW</field>
<field name="sameAs">http://dbpedia.org/resource/Edvard_Munch</field>
</doc>
</add>
