<add xmlns:dc="http://purl.org/dc/elements/1.1/" overwrite="true">
<doc>
<field name="uri">http://dbpedia.org/resource/The_Council_of_Nicaea_(painting)</field>
<field name="entity_type">artists</field>
<field name="timestamp">NOW</field>
<field name="artist">http://dbpedia.org/resource/F._Pavlovskyi</field>
</doc>
<doc>
<field name="uri">http://dbpedia.org/resource/F._Pavlovskyi</field>
<field name="entity_type">artists</field>
<field name="timestamp">NOW</field>
<field name="sameAs">http://dbpedia.org/resource/F._Pavlovskyi</field>
</doc>
</add>
