<add xmlns:dc="http://purl.org/dc/elements/1.1/" overwrite="true">
<doc>
<field name="uri">http://dbpedia.org/resource/Filippo_Lippi</field>
<field name="entity_type">artists</field>
<field name="timestamp">NOW</field>
<field name="sameAs">http://fr.dbpedia.org/resource/Fra_Filippo_Lippi</field>
<field name="sameAs">http://he.dbpedia.org/resource/פיליפו_ליפי</field>
<field name="sameAs">http://tr.dbpedia.org/resource/Fra_Filippo_Lippi</field>
<field name="sameAs">http://www.wikidata.org/entity/Q205148</field>
<field name="sameAs">http://uk.dbpedia.org/resource/Філіппо_Ліппі</field>
<field name="sameAs">http://lt.dbpedia.org/resource/Fra_Filippo_Lippi</field>
<field name="sameAs">http://be.dbpedia.org/resource/Філіпа_Ліпі</field>
<field name="sameAs">http://ru.dbpedia.org/resource/Липпи,_Филиппо</field>
<field name="sameAs">http://th.dbpedia.org/resource/ฟีลิปโป_ลิปปี</field>
<field name="sameAs">http://hr.dbpedia.org/resource/Filippo_Lippi</field>
<field name="sameAs">http://pt.dbpedia.org/resource/Fra_Filippo_Lippi</field>
<field name="sameAs">http://bg.dbpedia.org/resource/Филипо_Липи</field>
<field name="sameAs">http://pl.dbpedia.org/resource/Fra_Filippo_Lippi</field>
<field name="sameAs">http://eo.dbpedia.org/resource/Filippo_Lippi</field>
<field name="sameAs">http://nl.dbpedia.org/resource/Filippo_Lippi</field>
<field name="sameAs">http://hu.dbpedia.org/resource/Fra_Filippo_Lippi</field>
<field name="sameAs">http://it.dbpedia.org/resource/Filippo_Lippi</field>
<field name="sameAs">http://ro.dbpedia.org/resource/Fra_Filippo_Lippi</field>
<field name="sameAs">http://sv.dbpedia.org/resource/Filippo_Lippi</field>
<field name="sameAs">http://eu.dbpedia.org/resource/Fra_Filippo_Lippi</field>
<field name="sameAs">http://et.dbpedia.org/resource/Filippo_Lippi</field>
<field name="sameAs">http://yago-knowledge.org/resource/Filippo_Lippi</field>
<field name="sameAs">http://de.dbpedia.org/resource/Filippo_Lippi</field>
<field name="sameAs">http://hy.dbpedia.org/resource/Ֆրա_Ֆիլիպպո_Լիպպի</field>
<field name="sameAs">http://sr.dbpedia.org/resource/Фра_Филипо_Липи</field>
<field name="sameAs">http://da.dbpedia.org/resource/Filippo_Lippi</field>
<field name="sameAs">http://fi.dbpedia.org/resource/Fra_Filippo_Lippi</field>
<field name="sameAs">http://ja.dbpedia.org/resource/フィリッポ・リッピ</field>
<field name="sameAs">http://no.dbpedia.org/resource/Fra_Filippo_Lippi</field>
<field name="sameAs">http://cs.dbpedia.org/resource/Filippo_Lippi</field>
<field name="sameAs">http://sh.dbpedia.org/resource/Filippo_Lippi</field>
<field name="sameAs">http://nn.dbpedia.org/resource/Fra_Filippo_Lippi</field>
<field name="sameAs">http://ca.dbpedia.org/resource/Filippo_Lippi</field>
<field name="sameAs">http://dbpedia.org/resource/Filippo_Lippi</field>
<field name="sameAs">http://es.dbpedia.org/resource/Fra_Filippo_Lippi</field>
<field name="sameAs">http://ko.dbpedia.org/resource/프라_필리포_리피</field>
<field name="sameAs">http://rdf.freebase.com/ns/m.03kb6h</field>
<field name="sameAs">http://bs.dbpedia.org/resource/Filippo_Lippi</field>
<field name="subject" update="add">http://dbpedia.org/resource/Category:Burials_in_Spoleto_Cathedral</field>
<field name="subject" update="add">http://dbpedia.org/resource/Category:1406_births</field>
<field name="subject" update="add">http://dbpedia.org/resource/Category:Italian_Roman_Catholic_priests</field>
<field name="subject" update="add">http://dbpedia.org/resource/Category:Carmelites</field>
<field name="subject" update="add">http://dbpedia.org/resource/Category:Quattrocento_painters</field>
<field name="subject" update="add">http://dbpedia.org/resource/Category:Renaissance_painters</field>
<field name="subject" update="add">http://dbpedia.org/resource/Category:Florentine_painters</field>
<field name="subject" update="add">http://dbpedia.org/resource/Category:15th-century_Roman_Catholic_priests</field>
<field name="subject" update="add">http://dbpedia.org/resource/Category:Roman_Catholic_Church_painters</field>
<field name="subject" update="add">http://dbpedia.org/resource/Category:1469_deaths</field>
<field name="abstract">Fra' Filippo Lippi, O. Carm. (c. 1406 – 8 October 1469), also called Lippo Lippi, was an Italian painter of the Italian Quattrocento (15th century).</field>
<field name="birth-place">http://dbpedia.org/resource/Republic_of_Florence</field>
<field name="birth-place">http://dbpedia.org/resource/Florence</field>
<field name="death-place">http://dbpedia.org/resource/Spoleto</field>
<field name="death-place">http://dbpedia.org/resource/Papal_States</field>
<field name="field">http://dbpedia.org/resource/Fresco</field>
<field name="field">http://dbpedia.org/resource/Painting</field>
<field name="movement">http://dbpedia.org/resource/Renaissance</field>
<field name="label">Filippo Lippi</field>
<field name="depiction">http://upload.wikimedia.org/wikipedia/commons/7/70/Fra_Filippo_Lippi_007.1.jpg</field>
<field name="comment">Fra' Filippo Lippi, O. Carm. (c. 1406 – 8 October 1469), also called Lippo Lippi, was an Italian painter of the Italian Quattrocento (15th century).</field>
<field name="name"/>
<field name="name"/>
<field name="thumbnail">http://upload.wikimedia.org/wikipedia/commons/thumb/7/70/Fra_Filippo_Lippi_007.1.jpg/200px-Fra_Filippo_Lippi_007.1.jpg</field>
<field name="link_external">http://www.frafilippolippi.org</field>
<field name="field">http://dbpedia.org/resource/Fresco</field>
<field name="field">http://dbpedia.org/resource/Painting</field>
<field name="movement">http://dbpedia.org/resource/Renaissance</field>
<field name="influenced">http://dbpedia.org/resource/Annunciation_(Lippi,_Munich)</field>
<field name="influenced">http://dbpedia.org/resource/Madonna_and_Child_Enthroned_(Filippo_Lippi)</field>
<field name="isPrimaryTopicOf">http://en.wikipedia.org/wiki/Filippo_Lippi</field>
<field name="description"/>
<field name="photo-collection">http://wifo5-03.informatik.uni-mannheim.de/flickrwrappr/photos/Filippo_Lippi</field>
</doc>
<doc>
<field name="uri">http://dbpedia.org/resource/Fra'_Filippo_Lippi</field>
<field name="entity_type">artists</field>
<field name="timestamp">NOW</field>
</doc>
<doc>
<field name="uri">http://dbpedia.org/resource/Annunciation_(Lippi,_Munich)</field>
<field name="entity_type">artists</field>
<field name="timestamp">NOW</field>
</doc>
<doc>
<field name="uri">http://dbpedia.org/resource/Annunciation_(Lippi,_Rome)</field>
<field name="entity_type">artists</field>
<field name="timestamp">NOW</field>
</doc>
<doc>
<field name="uri">http://dbpedia.org/resource/Annunciation_with_two_Kneeling_Donors_(Lippi)</field>
<field name="entity_type">artists</field>
<field name="timestamp">NOW</field>
</doc>
<doc>
<field name="uri">http://dbpedia.org/resource/Madonna_del_Ceppo</field>
<field name="entity_type">artists</field>
<field name="timestamp">NOW</field>
</doc>
<doc>
<field name="uri">http://dbpedia.org/resource/St._Jerome_in_Penance_(Fra_Lippo_Lippi)</field>
<field name="entity_type">artists</field>
<field name="timestamp">NOW</field>
</doc>
<doc>
<field name="uri">http://es.dbpedia.org/resource/Fra_Filippo_Lippi</field>
<field name="entity_type">artists</field>
<field name="timestamp">NOW</field>
<field name="sameAs">http://dbpedia.org/resource/Filippo_Lippi</field>
</doc>
<doc>
<field name="uri">http://dbpedia.org/resource/Sandro_Botticelli</field>
<field name="entity_type">artists</field>
<field name="timestamp">NOW</field>
<field name="influenced">http://dbpedia.org/resource/Filippo_Lippi</field>
</doc>
<doc>
<field name="uri">http://dbpedia.org/resource/Madonna_and_Child_(Filippo_Lippi)</field>
<field name="entity_type">artists</field>
<field name="timestamp">NOW</field>
<field name="artist">http://dbpedia.org/resource/Filippo_Lippi</field>
</doc>
<doc>
<field name="uri">http://dbpedia.org/resource/Martelli_Annunciation</field>
<field name="entity_type">artists</field>
<field name="timestamp">NOW</field>
<field name="artist">http://dbpedia.org/resource/Filippo_Lippi</field>
</doc>
<doc>
<field name="uri">http://de.dbpedia.org/resource/Filippo_Lippi</field>
<field name="entity_type">artists</field>
<field name="timestamp">NOW</field>
<field name="sameAs">http://dbpedia.org/resource/Filippo_Lippi</field>
</doc>
<doc>
<field name="uri">http://fr.dbpedia.org/resource/Fra_Filippo_Lippi</field>
<field name="entity_type">artists</field>
<field name="timestamp">NOW</field>
<field name="sameAs">http://dbpedia.org/resource/Filippo_Lippi</field>
</doc>
<doc>
<field name="uri">http://ko.dbpedia.org/resource/프라_필리포_리피</field>
<field name="entity_type">artists</field>
<field name="timestamp">NOW</field>
<field name="sameAs">http://dbpedia.org/resource/Filippo_Lippi</field>
</doc>
<doc>
<field name="uri">http://dbpedia.org/resource/Lippi</field>
<field name="entity_type">artists</field>
<field name="timestamp">NOW</field>
</doc>
<doc>
<field name="uri">http://dbpedia.org/resource/Coronation_of_the_Virgin_(Filippo_Lippi)</field>
<field name="entity_type">artists</field>
<field name="timestamp">NOW</field>
</doc>
<doc>
<field name="uri">http://cs.dbpedia.org/resource/Filippo_Lippi</field>
<field name="entity_type">artists</field>
<field name="timestamp">NOW</field>
<field name="sameAs">http://dbpedia.org/resource/Filippo_Lippi</field>
</doc>
<doc>
<field name="uri">http://pl.dbpedia.org/resource/Fra_Filippo_Lippi</field>
<field name="entity_type">artists</field>
<field name="timestamp">NOW</field>
<field name="sameAs">http://dbpedia.org/resource/Filippo_Lippi</field>
</doc>
<doc>
<field name="uri">http://ru.dbpedia.org/resource/Липпи,_Филиппо</field>
<field name="entity_type">artists</field>
<field name="timestamp">NOW</field>
<field name="sameAs">http://dbpedia.org/resource/Filippo_Lippi</field>
</doc>
<doc>
<field name="uri">http://dbpedia.org/resource/Lippo_Lippi</field>
<field name="entity_type">artists</field>
<field name="timestamp">NOW</field>
</doc>
<doc>
<field name="uri">http://dbpedia.org/resource/Fra_Lippo_Lippi</field>
<field name="entity_type">artists</field>
<field name="timestamp">NOW</field>
</doc>
<doc>
<field name="uri">http://dbpedia.org/resource/Fra_lippo_lippi</field>
<field name="entity_type">artists</field>
<field name="timestamp">NOW</field>
</doc>
<doc>
<field name="uri">http://dbpedia.org/resource/Annunciation_(Filippo_Lippi,_London)</field>
<field name="entity_type">artists</field>
<field name="timestamp">NOW</field>
<field name="artist">http://dbpedia.org/resource/Filippo_Lippi</field>
</doc>
<doc>
<field name="uri">http://dbpedia.org/resource/Funeral_of_St._Jerome_(Filippo_Lippi)</field>
<field name="entity_type">artists</field>
<field name="timestamp">NOW</field>
</doc>
<doc>
<field name="uri">http://dbpedia.org/resource/Madonna_of_Palazzo_Medici-Riccardi</field>
<field name="entity_type">artists</field>
<field name="timestamp">NOW</field>
<field name="artist">http://dbpedia.org/resource/Filippo_Lippi</field>
</doc>
<doc>
<field name="uri">http://dbpedia.org/resource/Seven_Saints_(Filippo_Lippi)</field>
<field name="entity_type">artists</field>
<field name="timestamp">NOW</field>
<field name="artist">http://dbpedia.org/resource/Filippo_Lippi</field>
</doc>
<doc>
<field name="uri">http://dbpedia.org/resource/Filippino_Lippi</field>
<field name="entity_type">artists</field>
<field name="timestamp">NOW</field>
</doc>
<doc>
<field name="uri">http://dbpedia.org/resource/Fra_Filippo_Lippi</field>
<field name="entity_type">artists</field>
<field name="timestamp">NOW</field>
</doc>
<doc>
<field name="uri">http://dbpedia.org/resource/Barbadori_Altarpiece</field>
<field name="entity_type">artists</field>
<field name="timestamp">NOW</field>
<field name="artist">http://dbpedia.org/resource/Filippo_Lippi</field>
</doc>
<doc>
<field name="uri">http://dbpedia.org/resource/Jacopo_da_Sellaio</field>
<field name="entity_type">artists</field>
<field name="timestamp">NOW</field>
</doc>
<doc>
<field name="uri">http://it.dbpedia.org/resource/Filippo_Lippi</field>
<field name="entity_type">artists</field>
<field name="timestamp">NOW</field>
<field name="sameAs">http://dbpedia.org/resource/Filippo_Lippi</field>
</doc>
<doc>
<field name="uri">http://ja.dbpedia.org/resource/フィリッポ・リッピ</field>
<field name="entity_type">artists</field>
<field name="timestamp">NOW</field>
<field name="sameAs">http://dbpedia.org/resource/Filippo_Lippi</field>
</doc>
<doc>
<field name="uri">http://pt.dbpedia.org/resource/Fra_Filippo_Lippi</field>
<field name="entity_type">artists</field>
<field name="timestamp">NOW</field>
<field name="sameAs">http://dbpedia.org/resource/Filippo_Lippi</field>
</doc>
<doc>
<field name="uri">http://dbpedia.org/resource/Lippi,_Filippo</field>
<field name="entity_type">artists</field>
<field name="timestamp">NOW</field>
</doc>
<doc>
<field name="uri">http://dbpedia.org/resource/Marsuppini_Coronation</field>
<field name="entity_type">artists</field>
<field name="timestamp">NOW</field>
</doc>
<doc>
<field name="uri">http://en.wikipedia.org/wiki/Filippo_Lippi</field>
<field name="entity_type">artists</field>
<field name="timestamp">NOW</field>
<field name="primaryTopic">http://dbpedia.org/resource/Filippo_Lippi</field>
</doc>
<doc>
<field name="uri">http://nl.dbpedia.org/resource/Filippo_Lippi</field>
<field name="entity_type">artists</field>
<field name="timestamp">NOW</field>
<field name="sameAs">http://dbpedia.org/resource/Filippo_Lippi</field>
</doc>
<doc>
<field name="uri">http://eu.dbpedia.org/resource/Fra_Filippo_Lippi</field>
<field name="entity_type">artists</field>
<field name="timestamp">NOW</field>
<field name="sameAs">http://dbpedia.org/resource/Filippo_Lippi</field>
</doc>
<doc>
<field name="uri">http://wikidata.dbpedia.org/resource/Q205148</field>
<field name="entity_type">artists</field>
<field name="timestamp">NOW</field>
<field name="sameAs">http://dbpedia.org/resource/Filippo_Lippi</field>
</doc>
<doc>
<field name="uri">http://be.dbpedia.org/resource/Філіпа_Ліпі</field>
<field name="entity_type">artists</field>
<field name="timestamp">NOW</field>
<field name="sameAs">http://dbpedia.org/resource/Filippo_Lippi</field>
</doc>
<doc>
<field name="uri">http://bg.dbpedia.org/resource/Филипо_Липи</field>
<field name="entity_type">artists</field>
<field name="timestamp">NOW</field>
<field name="sameAs">http://dbpedia.org/resource/Filippo_Lippi</field>
</doc>
<doc>
<field name="uri">http://bs.dbpedia.org/resource/Filippo_Lippi</field>
<field name="entity_type">artists</field>
<field name="timestamp">NOW</field>
<field name="sameAs">http://dbpedia.org/resource/Filippo_Lippi</field>
</doc>
<doc>
<field name="uri">http://ca.dbpedia.org/resource/Filippo_Lippi</field>
<field name="entity_type">artists</field>
<field name="timestamp">NOW</field>
<field name="sameAs">http://dbpedia.org/resource/Filippo_Lippi</field>
</doc>
<doc>
<field name="uri">http://da.dbpedia.org/resource/Filippo_Lippi</field>
<field name="entity_type">artists</field>
<field name="timestamp">NOW</field>
<field name="sameAs">http://dbpedia.org/resource/Filippo_Lippi</field>
</doc>
<doc>
<field name="uri">http://eo.dbpedia.org/resource/Filippo_Lippi</field>
<field name="entity_type">artists</field>
<field name="timestamp">NOW</field>
<field name="sameAs">http://dbpedia.org/resource/Filippo_Lippi</field>
</doc>
<doc>
<field name="uri">http://et.dbpedia.org/resource/Filippo_Lippi</field>
<field name="entity_type">artists</field>
<field name="timestamp">NOW</field>
<field name="sameAs">http://dbpedia.org/resource/Filippo_Lippi</field>
</doc>
<doc>
<field name="uri">http://fi.dbpedia.org/resource/Fra_Filippo_Lippi</field>
<field name="entity_type">artists</field>
<field name="timestamp">NOW</field>
<field name="sameAs">http://dbpedia.org/resource/Filippo_Lippi</field>
</doc>
<doc>
<field name="uri">http://he.dbpedia.org/resource/פיליפו_ליפי</field>
<field name="entity_type">artists</field>
<field name="timestamp">NOW</field>
<field name="sameAs">http://dbpedia.org/resource/Filippo_Lippi</field>
</doc>
<doc>
<field name="uri">http://hr.dbpedia.org/resource/Filippo_Lippi</field>
<field name="entity_type">artists</field>
<field name="timestamp">NOW</field>
<field name="sameAs">http://dbpedia.org/resource/Filippo_Lippi</field>
</doc>
<doc>
<field name="uri">http://hu.dbpedia.org/resource/Fra_Filippo_Lippi</field>
<field name="entity_type">artists</field>
<field name="timestamp">NOW</field>
<field name="sameAs">http://dbpedia.org/resource/Filippo_Lippi</field>
</doc>
<doc>
<field name="uri">http://hy.dbpedia.org/resource/Ֆրա_Ֆիլիպպո_Լիպպի</field>
<field name="entity_type">artists</field>
<field name="timestamp">NOW</field>
<field name="sameAs">http://dbpedia.org/resource/Filippo_Lippi</field>
</doc>
<doc>
<field name="uri">http://lt.dbpedia.org/resource/Fra_Filippo_Lippi</field>
<field name="entity_type">artists</field>
<field name="timestamp">NOW</field>
<field name="sameAs">http://dbpedia.org/resource/Filippo_Lippi</field>
</doc>
<doc>
<field name="uri">http://nn.dbpedia.org/resource/Fra_Filippo_Lippi</field>
<field name="entity_type">artists</field>
<field name="timestamp">NOW</field>
<field name="sameAs">http://dbpedia.org/resource/Filippo_Lippi</field>
</doc>
<doc>
<field name="uri">http://no.dbpedia.org/resource/Fra_Filippo_Lippi</field>
<field name="entity_type">artists</field>
<field name="timestamp">NOW</field>
<field name="sameAs">http://dbpedia.org/resource/Filippo_Lippi</field>
</doc>
<doc>
<field name="uri">http://ro.dbpedia.org/resource/Fra_Filippo_Lippi</field>
<field name="entity_type">artists</field>
<field name="timestamp">NOW</field>
<field name="sameAs">http://dbpedia.org/resource/Filippo_Lippi</field>
</doc>
<doc>
<field name="uri">http://sh.dbpedia.org/resource/Filippo_Lippi</field>
<field name="entity_type">artists</field>
<field name="timestamp">NOW</field>
<field name="sameAs">http://dbpedia.org/resource/Filippo_Lippi</field>
</doc>
<doc>
<field name="uri">http://sr.dbpedia.org/resource/Фра_Филипо_Липи</field>
<field name="entity_type">artists</field>
<field name="timestamp">NOW</field>
<field name="sameAs">http://dbpedia.org/resource/Filippo_Lippi</field>
</doc>
<doc>
<field name="uri">http://sv.dbpedia.org/resource/Filippo_Lippi</field>
<field name="entity_type">artists</field>
<field name="timestamp">NOW</field>
<field name="sameAs">http://dbpedia.org/resource/Filippo_Lippi</field>
</doc>
<doc>
<field name="uri">http://th.dbpedia.org/resource/ฟีลิปโป_ลิปปี</field>
<field name="entity_type">artists</field>
<field name="timestamp">NOW</field>
<field name="sameAs">http://dbpedia.org/resource/Filippo_Lippi</field>
</doc>
<doc>
<field name="uri">http://tr.dbpedia.org/resource/Fra_Filippo_Lippi</field>
<field name="entity_type">artists</field>
<field name="timestamp">NOW</field>
<field name="sameAs">http://dbpedia.org/resource/Filippo_Lippi</field>
</doc>
<doc>
<field name="uri">http://uk.dbpedia.org/resource/Філіппо_Ліппі</field>
<field name="entity_type">artists</field>
<field name="timestamp">NOW</field>
<field name="sameAs">http://dbpedia.org/resource/Filippo_Lippi</field>
</doc>
</add>
