<add xmlns:dc="http://purl.org/dc/elements/1.1/" overwrite="true">
<doc>
<field name="uri">http://de.dbpedia.org/resource/George_Stubbs</field>
<field name="entity_type">artists</field>
<field name="timestamp">NOW</field>
<field name="sameAs">http://dbpedia.org/resource/George_Stubbs</field>
</doc>
<doc>
<field name="uri">http://fr.dbpedia.org/resource/George_Stubbs</field>
<field name="entity_type">artists</field>
<field name="timestamp">NOW</field>
<field name="sameAs">http://dbpedia.org/resource/George_Stubbs</field>
</doc>
<doc>
<field name="uri">http://ru.dbpedia.org/resource/Стаббс,_Джордж</field>
<field name="entity_type">artists</field>
<field name="timestamp">NOW</field>
<field name="sameAs">http://dbpedia.org/resource/George_Stubbs</field>
</doc>
<doc>
<field name="uri">http://es.dbpedia.org/resource/George_Stubbs</field>
<field name="entity_type">artists</field>
<field name="timestamp">NOW</field>
<field name="sameAs">http://dbpedia.org/resource/George_Stubbs</field>
</doc>
<doc>
<field name="uri">http://dbpedia.org/resource/George_Stubbs</field>
<field name="entity_type">artists</field>
<field name="timestamp">NOW</field>
<field name="sameAs">http://ro.dbpedia.org/resource/George_Stubbs</field>
<field name="sameAs">http://fr.dbpedia.org/resource/George_Stubbs</field>
<field name="sameAs">http://sh.dbpedia.org/resource/George_Stubbs</field>
<field name="sameAs">http://cs.dbpedia.org/resource/George_Stubbs</field>
<field name="sameAs">http://pl.dbpedia.org/resource/George_Stubbs</field>
<field name="sameAs">http://ru.dbpedia.org/resource/Стаббс,_Джордж</field>
<field name="sameAs">http://ca.dbpedia.org/resource/George_Stubbs</field>
<field name="sameAs">http://it.dbpedia.org/resource/George_Stubbs</field>
<field name="sameAs">http://de.dbpedia.org/resource/George_Stubbs</field>
<field name="sameAs">http://www.wikidata.org/entity/Q381728</field>
<field name="sameAs">http://be.dbpedia.org/resource/Джордж_Стабс</field>
<field name="sameAs">http://fi.dbpedia.org/resource/George_Stubbs</field>
<field name="sameAs">http://dbpedia.org/resource/George_Stubbs</field>
<field name="sameAs">http://yago-knowledge.org/resource/George_Stubbs</field>
<field name="sameAs">http://es.dbpedia.org/resource/George_Stubbs</field>
<field name="sameAs">http://fa.dbpedia.org/resource/جرج_استابز</field>
<field name="sameAs">http://sv.dbpedia.org/resource/George_Stubbs</field>
<field name="sameAs">http://rdf.freebase.com/ns/m.01hbvq</field>
<field name="sameAs">http://az.dbpedia.org/resource/Corc_Stabbs</field>
<field name="sameAs">http://ja.dbpedia.org/resource/ジョージ・スタッブス</field>
<field name="sameAs">http://pt.dbpedia.org/resource/George_Stubbs</field>
<field name="subject" update="add">http://dbpedia.org/resource/Category:Equine_artists</field>
<field name="subject" update="add">http://dbpedia.org/resource/Category:1724_births</field>
<field name="subject" update="add">http://dbpedia.org/resource/Category:Animal_artists</field>
<field name="subject" update="add">http://dbpedia.org/resource/Category:Royal_Academicians</field>
<field name="subject" update="add">http://dbpedia.org/resource/Category:English_painters</field>
<field name="subject" update="add">http://dbpedia.org/resource/Category:Enamellers</field>
<field name="subject" update="add">http://dbpedia.org/resource/Category:1806_deaths</field>
<field name="subject" update="add">http://dbpedia.org/resource/Category:Artists_from_Liverpool</field>
<field name="abstract">George Stubbs (25 August 1724 – 10 July 1806) was an English painter, best known for his paintings of horses.</field>
<field name="label">George Stubbs</field>
<field name="depiction">http://upload.wikimedia.org/wikipedia/commons/a/a8/George_Stubbs_-_self_portrait.jpg</field>
<field name="comment">George Stubbs (25 August 1724 – 10 July 1806) was an English painter, best known for his paintings of horses.</field>
<field name="name"/>
<field name="thumbnail">http://upload.wikimedia.org/wikipedia/commons/thumb/a/a8/George_Stubbs_-_self_portrait.jpg/200px-George_Stubbs_-_self_portrait.jpg</field>
<field name="link_external">http://www.time.com/time/magazine/article/0,9171,950216,00.html</field>
<field name="link_external">http://www.liverpoolmuseums.org.uk/walker/exhibitions/stubbs/</field>
<field name="link_external">http://www.archive.org/details/cu31924029785668</field>
<field name="link_external">http://www.visual-arts-cork.com/famous-artists/george-stubbs.htm</field>
<field name="link_external">http://www.artcyclopedia.com/artists/stubbs_george.html</field>
<field name="link_external">http://83.138.168.41/ixbin/hixclient.exe?submit-button=search&amp;search-form=artist_record.html&amp;_IXARTIST_=5918</field>
<field name="link_external">http://www.mezzo-mondo.com/arts/mm/stubbs/stubbs.html</field>
<field name="link_external">http://www.tate.org.uk/servlet/ArtistWorks?cgroupid=999999961&amp;artistid=538&amp;page=1</field>
<field name="link_external">http://books.google.co.uk/books?id=yDCTkQvl_rgC&amp;printsec=frontcover&amp;source=gbs_v2_summary_r&amp;cad=0#v=onepage&amp;q&amp;f=false</field>
<field name="isPrimaryTopicOf">http://en.wikipedia.org/wiki/George_Stubbs</field>
<field name="description"/>
<field name="photo-collection">http://wifo5-03.informatik.uni-mannheim.de/flickrwrappr/photos/George_Stubbs</field>
</doc>
<doc>
<field name="uri">http://it.dbpedia.org/resource/George_Stubbs</field>
<field name="entity_type">artists</field>
<field name="timestamp">NOW</field>
<field name="sameAs">http://dbpedia.org/resource/George_Stubbs</field>
</doc>
<doc>
<field name="uri">http://pt.dbpedia.org/resource/George_Stubbs</field>
<field name="entity_type">artists</field>
<field name="timestamp">NOW</field>
<field name="sameAs">http://dbpedia.org/resource/George_Stubbs</field>
</doc>
<doc>
<field name="uri">http://dbpedia.org/resource/Stubbs</field>
<field name="entity_type">artists</field>
<field name="timestamp">NOW</field>
</doc>
<doc>
<field name="uri">http://cs.dbpedia.org/resource/George_Stubbs</field>
<field name="entity_type">artists</field>
<field name="timestamp">NOW</field>
<field name="sameAs">http://dbpedia.org/resource/George_Stubbs</field>
</doc>
<doc>
<field name="uri">http://ja.dbpedia.org/resource/ジョージ・スタッブス</field>
<field name="entity_type">artists</field>
<field name="timestamp">NOW</field>
<field name="sameAs">http://dbpedia.org/resource/George_Stubbs</field>
</doc>
<doc>
<field name="uri">http://pl.dbpedia.org/resource/George_Stubbs</field>
<field name="entity_type">artists</field>
<field name="timestamp">NOW</field>
<field name="sameAs">http://dbpedia.org/resource/George_Stubbs</field>
</doc>
<doc>
<field name="uri">http://dbpedia.org/resource/Whistlejacket</field>
<field name="entity_type">artists</field>
<field name="timestamp">NOW</field>
<field name="artist">http://dbpedia.org/resource/George_Stubbs</field>
</doc>
<doc>
<field name="uri">http://en.wikipedia.org/wiki/George_Stubbs</field>
<field name="entity_type">artists</field>
<field name="timestamp">NOW</field>
<field name="primaryTopic">http://dbpedia.org/resource/George_Stubbs</field>
</doc>
<doc>
<field name="uri">http://wikidata.dbpedia.org/resource/Q381728</field>
<field name="entity_type">artists</field>
<field name="timestamp">NOW</field>
<field name="sameAs">http://dbpedia.org/resource/George_Stubbs</field>
</doc>
<doc>
<field name="uri">http://az.dbpedia.org/resource/Corc_Stabbs</field>
<field name="entity_type">artists</field>
<field name="timestamp">NOW</field>
<field name="sameAs">http://dbpedia.org/resource/George_Stubbs</field>
</doc>
<doc>
<field name="uri">http://be.dbpedia.org/resource/Джордж_Стабс</field>
<field name="entity_type">artists</field>
<field name="timestamp">NOW</field>
<field name="sameAs">http://dbpedia.org/resource/George_Stubbs</field>
</doc>
<doc>
<field name="uri">http://ca.dbpedia.org/resource/George_Stubbs</field>
<field name="entity_type">artists</field>
<field name="timestamp">NOW</field>
<field name="sameAs">http://dbpedia.org/resource/George_Stubbs</field>
</doc>
<doc>
<field name="uri">http://fa.dbpedia.org/resource/جرج_استابز</field>
<field name="entity_type">artists</field>
<field name="timestamp">NOW</field>
<field name="sameAs">http://dbpedia.org/resource/George_Stubbs</field>
</doc>
<doc>
<field name="uri">http://fi.dbpedia.org/resource/George_Stubbs</field>
<field name="entity_type">artists</field>
<field name="timestamp">NOW</field>
<field name="sameAs">http://dbpedia.org/resource/George_Stubbs</field>
</doc>
<doc>
<field name="uri">http://ro.dbpedia.org/resource/George_Stubbs</field>
<field name="entity_type">artists</field>
<field name="timestamp">NOW</field>
<field name="sameAs">http://dbpedia.org/resource/George_Stubbs</field>
</doc>
<doc>
<field name="uri">http://sh.dbpedia.org/resource/George_Stubbs</field>
<field name="entity_type">artists</field>
<field name="timestamp">NOW</field>
<field name="sameAs">http://dbpedia.org/resource/George_Stubbs</field>
</doc>
<doc>
<field name="uri">http://sv.dbpedia.org/resource/George_Stubbs</field>
<field name="entity_type">artists</field>
<field name="timestamp">NOW</field>
<field name="sameAs">http://dbpedia.org/resource/George_Stubbs</field>
</doc>
</add>
