<add xmlns:dc="http://purl.org/dc/elements/1.1/" overwrite="true">
<doc>
<field name="uri">http://dbpedia.org/resource/George_Frederic_Watts</field>
<field name="entity_type">artists</field>
<field name="timestamp">NOW</field>
<field name="sameAs">http://dbpedia.org/resource/George_Frederic_Watts</field>
<field name="sameAs">http://pt.dbpedia.org/resource/George_Frederic_Watts</field>
<field name="sameAs">http://de.dbpedia.org/resource/George_Frederic_Watts</field>
<field name="sameAs">http://www.wikidata.org/entity/Q183245</field>
<field name="sameAs">http://pl.dbpedia.org/resource/George_Frederick_Watts</field>
<field name="sameAs">http://la.dbpedia.org/resource/Georgius_Fridericus_Watts</field>
<field name="sameAs">http://ru.dbpedia.org/resource/Уоттс,_Джордж_Фредерик</field>
<field name="sameAs">http://yago-knowledge.org/resource/George_Frederic_Watts</field>
<field name="sameAs">http://nl.dbpedia.org/resource/George_Frederic_Watts</field>
<field name="sameAs">http://rdf.freebase.com/ns/m.03dhsw</field>
<field name="sameAs">http://fa.dbpedia.org/resource/جرج_فردریک_واتس</field>
<field name="sameAs">http://ja.dbpedia.org/resource/ジョージ・フレデリック・ワッツ</field>
<field name="sameAs">http://it.dbpedia.org/resource/George_Frederic_Watts</field>
<field name="sameAs">http://sv.dbpedia.org/resource/George_Frederick_Watts</field>
<field name="sameAs">http://el.dbpedia.org/resource/Τζωρτζ_Φρέντερικ_Ουώτς</field>
<field name="sameAs">http://es.dbpedia.org/resource/George_Frederick_Watts</field>
<field name="sameAs">http://fr.dbpedia.org/resource/George_Frederic_Watts</field>
<field name="sameAs">http://tr.dbpedia.org/resource/George_Frederick_Watts</field>
<field name="sameAs">http://sw.cyc.com/concept/Mx4rvYEo2ZwpEbGdrcN5Y29ycA</field>
<field name="subject" update="add">http://dbpedia.org/resource/Category:Royal_Society_of_Portrait_Painters</field>
<field name="subject" update="add">http://dbpedia.org/resource/Category:Academic_art</field>
<field name="subject" update="add">http://dbpedia.org/resource/Category:1904_deaths</field>
<field name="subject" update="add">http://dbpedia.org/resource/Category:Royal_Academicians</field>
<field name="subject" update="add">http://dbpedia.org/resource/Category:Artists'_Rifles_soldiers</field>
<field name="subject" update="add">http://dbpedia.org/resource/Category:English_painters</field>
<field name="subject" update="add">http://dbpedia.org/resource/Category:Symbolist_painters</field>
<field name="subject" update="add">http://dbpedia.org/resource/Category:1817_births</field>
<field name="subject" update="add">http://dbpedia.org/resource/Category:Members_of_the_Order_of_Merit</field>
<field name="subject" update="add">http://dbpedia.org/resource/Category:English_sculptors</field>
<field name="subject" update="add">http://dbpedia.org/resource/Category:Symbolist_sculptors</field>
<field name="abstract">Not to be confused with George Fiddes Watt. George Frederic Watts {{#invoke:InfoboxImage|InfoboxImage|image=Watts George Frederic. jpeg|size=200px|sizedefault=frameless|alt=|suppressplaceholder=yes}}Birth name George Frederic WattsBorn (1817-02-23)23 February 1817Marylebone, London, EnglandDied 1 July 1904(1904-07-01) (aged 87)Compton, SurreyNationality BritishField Painting, SculptureTraining William BehnesRoyal AcademyMovement SymbolistWorks HopeLove and LifePhysical EnergyPatrons Alexander Constantine IonidesAwards Order of Merit George Frederic Watts, OM (23 February 1817 – 1 July 1904) was a popular English Victorian painter and sculptor associated with the Symbolist movement. Watts became famous in his lifetime for his allegorical works, such as Hope (see image) and Love and Life. These paintings were intended to form part of an epic symbolic cycle called the "House of Life", in which the emotions and aspirations of life would all be represented in a universal symbolic language.</field>
<field name="birth-place">http://dbpedia.org/resource/England</field>
<field name="birth-place">http://dbpedia.org/resource/Marylebone</field>
<field name="birth-place">http://dbpedia.org/resource/London</field>
<field name="death-place">http://dbpedia.org/resource/Compton,_Guildford</field>
<field name="death-place">http://dbpedia.org/resource/England</field>
<field name="death-place">http://dbpedia.org/resource/Surrey</field>
<field name="field">http://dbpedia.org/resource/Painting</field>
<field name="field">http://dbpedia.org/resource/Sculpture</field>
<field name="movement">http://dbpedia.org/resource/Symbolism_(arts)</field>
<field name="label">George Frederic Watts</field>
<field name="depiction">http://upload.wikimedia.org/wikipedia/commons/8/81/Watts_George_Frederic.jpeg</field>
<field name="comment">Not to be confused with George Fiddes Watt. George Frederic Watts {{#invoke:InfoboxImage|InfoboxImage|image=Watts George Frederic.</field>
<field name="name"/>
<field name="thumbnail">http://upload.wikimedia.org/wikipedia/commons/thumb/8/81/Watts_George_Frederic.jpeg/200px-Watts_George_Frederic.jpeg</field>
<field name="link_external">http://www.wattschapel.co.uk</field>
<field name="link_external">http://www.georgefredericwatts.org</field>
<field name="link_external">http://www.wattsgallery.org.uk/</field>
<field name="link_external">http://www.npg.org.uk/live/watts.asp</field>
<field name="link_external">http://www.bbc.co.uk/history/programmes/restoration/2006/se_watts_gallery_01.shtml</field>
<field name="link_external">http://www.tate.org.uk/learning/worksinfocus/watts/</field>
<field name="field">http://dbpedia.org/resource/Sculpture</field>
<field name="field">http://dbpedia.org/resource/Painting</field>
<field name="movement">http://dbpedia.org/resource/Symbolism_(arts)</field>
<field name="influenced"/>
<field name="influenced"/>
<field name="influenced"/>
<field name="isPrimaryTopicOf">http://en.wikipedia.org/wiki/George_Frederic_Watts</field>
<field name="description"/>
<field name="photo-collection">http://wifo5-03.informatik.uni-mannheim.de/flickrwrappr/photos/George_Frederic_Watts</field>
</doc>
<doc>
<field name="uri">http://dbpedia.org/resource/John_Roddam_Spencer_Stanhope</field>
<field name="entity_type">artists</field>
<field name="timestamp">NOW</field>
<field name="influenced">http://dbpedia.org/resource/George_Frederic_Watts</field>
</doc>
<doc>
<field name="uri">http://it.dbpedia.org/resource/George_Frederic_Watts</field>
<field name="entity_type">artists</field>
<field name="timestamp">NOW</field>
<field name="sameAs">http://dbpedia.org/resource/George_Frederic_Watts</field>
</doc>
<doc>
<field name="uri">http://pt.dbpedia.org/resource/George_Frederic_Watts</field>
<field name="entity_type">artists</field>
<field name="timestamp">NOW</field>
<field name="sameAs">http://dbpedia.org/resource/George_Frederic_Watts</field>
</doc>
<doc>
<field name="uri">http://ru.dbpedia.org/resource/Уоттс,_Джордж_Фредерик</field>
<field name="entity_type">artists</field>
<field name="timestamp">NOW</field>
<field name="sameAs">http://dbpedia.org/resource/George_Frederic_Watts</field>
</doc>
<doc>
<field name="uri">http://dbpedia.org/resource/George_Frederick_Watts</field>
<field name="entity_type">artists</field>
<field name="timestamp">NOW</field>
</doc>
<doc>
<field name="uri">http://dbpedia.org/resource/Alfred_Turner_(sculptor)</field>
<field name="entity_type">artists</field>
<field name="timestamp">NOW</field>
</doc>
<doc>
<field name="uri">http://de.dbpedia.org/resource/George_Frederic_Watts</field>
<field name="entity_type">artists</field>
<field name="timestamp">NOW</field>
<field name="sameAs">http://dbpedia.org/resource/George_Frederic_Watts</field>
</doc>
<doc>
<field name="uri">http://fr.dbpedia.org/resource/George_Frederic_Watts</field>
<field name="entity_type">artists</field>
<field name="timestamp">NOW</field>
<field name="sameAs">http://dbpedia.org/resource/George_Frederic_Watts</field>
</doc>
<doc>
<field name="uri">http://ja.dbpedia.org/resource/ジョージ・フレデリック・ワッツ</field>
<field name="entity_type">artists</field>
<field name="timestamp">NOW</field>
<field name="sameAs">http://dbpedia.org/resource/George_Frederic_Watts</field>
</doc>
<doc>
<field name="uri">http://dbpedia.org/resource/Hope_(painting)</field>
<field name="entity_type">artists</field>
<field name="timestamp">NOW</field>
<field name="artist">http://dbpedia.org/resource/George_Frederic_Watts</field>
</doc>
<doc>
<field name="uri">http://dbpedia.org/resource/Austin_Osman_Spare</field>
<field name="entity_type">artists</field>
<field name="timestamp">NOW</field>
</doc>
<doc>
<field name="uri">http://es.dbpedia.org/resource/George_Frederick_Watts</field>
<field name="entity_type">artists</field>
<field name="timestamp">NOW</field>
<field name="sameAs">http://dbpedia.org/resource/George_Frederic_Watts</field>
</doc>
<doc>
<field name="uri">http://en.wikipedia.org/wiki/George_Frederic_Watts</field>
<field name="entity_type">artists</field>
<field name="timestamp">NOW</field>
<field name="primaryTopic">http://dbpedia.org/resource/George_Frederic_Watts</field>
</doc>
<doc>
<field name="uri">http://dbpedia.org/resource/G._F._Watts</field>
<field name="entity_type">artists</field>
<field name="timestamp">NOW</field>
</doc>
<doc>
<field name="uri">http://dbpedia.org/resource/Mary_Fraser_Tytler</field>
<field name="entity_type">artists</field>
<field name="timestamp">NOW</field>
<field name="influenced">http://dbpedia.org/resource/George_Frederic_Watts</field>
</doc>
<doc>
<field name="uri">http://dbpedia.org/resource/The_All-Pervading</field>
<field name="entity_type">artists</field>
<field name="timestamp">NOW</field>
<field name="artist">http://dbpedia.org/resource/George_Frederic_Watts</field>
</doc>
<doc>
<field name="uri">http://el.dbpedia.org/resource/Τζωρτζ_Φρέντερικ_Ουώτς</field>
<field name="entity_type">artists</field>
<field name="timestamp">NOW</field>
<field name="sameAs">http://dbpedia.org/resource/George_Frederic_Watts</field>
</doc>
<doc>
<field name="uri">http://pl.dbpedia.org/resource/George_Frederick_Watts</field>
<field name="entity_type">artists</field>
<field name="timestamp">NOW</field>
<field name="sameAs">http://dbpedia.org/resource/George_Frederic_Watts</field>
</doc>
<doc>
<field name="uri">http://dbpedia.org/resource/G.F._Watts</field>
<field name="entity_type">artists</field>
<field name="timestamp">NOW</field>
</doc>
<doc>
<field name="uri">http://dbpedia.org/resource/GF_Watts</field>
<field name="entity_type">artists</field>
<field name="timestamp">NOW</field>
</doc>
<doc>
<field name="uri">http://nl.dbpedia.org/resource/George_Frederic_Watts</field>
<field name="entity_type">artists</field>
<field name="timestamp">NOW</field>
<field name="sameAs">http://dbpedia.org/resource/George_Frederic_Watts</field>
</doc>
<doc>
<field name="uri">http://wikidata.dbpedia.org/resource/Q183245</field>
<field name="entity_type">artists</field>
<field name="timestamp">NOW</field>
<field name="sameAs">http://dbpedia.org/resource/George_Frederic_Watts</field>
</doc>
<doc>
<field name="uri">http://fa.dbpedia.org/resource/جرج_فردریک_واتس</field>
<field name="entity_type">artists</field>
<field name="timestamp">NOW</field>
<field name="sameAs">http://dbpedia.org/resource/George_Frederic_Watts</field>
</doc>
<doc>
<field name="uri">http://la.dbpedia.org/resource/Georgius_Fridericus_Watts</field>
<field name="entity_type">artists</field>
<field name="timestamp">NOW</field>
<field name="sameAs">http://dbpedia.org/resource/George_Frederic_Watts</field>
</doc>
<doc>
<field name="uri">http://sv.dbpedia.org/resource/George_Frederick_Watts</field>
<field name="entity_type">artists</field>
<field name="timestamp">NOW</field>
<field name="sameAs">http://dbpedia.org/resource/George_Frederic_Watts</field>
</doc>
<doc>
<field name="uri">http://tr.dbpedia.org/resource/George_Frederick_Watts</field>
<field name="entity_type">artists</field>
<field name="timestamp">NOW</field>
<field name="sameAs">http://dbpedia.org/resource/George_Frederic_Watts</field>
</doc>
</add>
