<add xmlns:dc="http://purl.org/dc/elements/1.1/" overwrite="true">
<doc>
<field name="uri">http://dbpedia.org/resource/Grant_Wood</field>
<field name="entity_type">artists</field>
<field name="timestamp">NOW</field>
<field name="sameAs">http://es.dbpedia.org/resource/Grant_Wood</field>
<field name="sameAs">http://tr.dbpedia.org/resource/Grant_Wood</field>
<field name="sameAs">http://it.dbpedia.org/resource/Grant_Wood</field>
<field name="sameAs">http://sv.dbpedia.org/resource/Grant_Wood</field>
<field name="sameAs">http://dbpedia.org/resource/Grant_Wood</field>
<field name="sameAs">http://sh.dbpedia.org/resource/Grant_Wood</field>
<field name="sameAs">http://no.dbpedia.org/resource/Grant_Wood</field>
<field name="sameAs">http://nn.dbpedia.org/resource/Grant_Wood</field>
<field name="sameAs">http://www.wikidata.org/entity/Q217434</field>
<field name="sameAs">http://war.dbpedia.org/resource/Grant_Wood</field>
<field name="sameAs">http://be_x_old.dbpedia.org/resource/Грант_Ўуд</field>
<field name="sameAs">http://da.dbpedia.org/resource/Grant_Wood</field>
<field name="sameAs">http://yago-knowledge.org/resource/Grant_Wood</field>
<field name="sameAs">http://nl.dbpedia.org/resource/Grant_Wood</field>
<field name="sameAs">http://la.dbpedia.org/resource/Grant_Wood</field>
<field name="sameAs">http://zh.dbpedia.org/resource/格兰特·伍德</field>
<field name="sameAs">http://pl.dbpedia.org/resource/Grant_Wood</field>
<field name="sameAs">http://de.dbpedia.org/resource/Grant_Wood</field>
<field name="sameAs">http://ja.dbpedia.org/resource/グラント・ウッド</field>
<field name="sameAs">http://he.dbpedia.org/resource/גרנט_ווד</field>
<field name="sameAs">http://ru.dbpedia.org/resource/Вуд,_Грант</field>
<field name="sameAs">http://az.dbpedia.org/resource/Qrant_Vud</field>
<field name="sameAs">http://cs.dbpedia.org/resource/Grant_Wood</field>
<field name="sameAs">http://fr.dbpedia.org/resource/Grant_Wood</field>
<field name="sameAs">http://rdf.freebase.com/ns/m.01k69k</field>
<field name="sameAs">http://sw.cyc.com/concept/Mx4rwLH5E5wpEbGdrcN5Y29ycA</field>
<field name="sameAs">http://hu.dbpedia.org/resource/Grant_Wood</field>
<field name="sameAs">http://be.dbpedia.org/resource/Грант_Вуд</field>
<field name="sameAs">http://fi.dbpedia.org/resource/Grant_Wood</field>
<field name="sameAs">http://ka.dbpedia.org/resource/გრანტ_ვუდი</field>
<field name="subject" update="add">http://dbpedia.org/resource/Category:People_from_Park_Ridge,_Illinois</field>
<field name="subject" update="add">http://dbpedia.org/resource/Category:People_from_Jones_County,_Iowa</field>
<field name="subject" update="add">http://dbpedia.org/resource/Category:LGBT_artists_from_the_United_States</field>
<field name="subject" update="add">http://dbpedia.org/resource/Category:Archives_of_American_Art_related</field>
<field name="subject" update="add">http://dbpedia.org/resource/Category:People_of_the_New_Deal_arts_projects</field>
<field name="subject" update="add">http://dbpedia.org/resource/Category:Artists_from_Iowa</field>
<field name="subject" update="add">http://dbpedia.org/resource/Category:Gay_artists</field>
<field name="subject" update="add">http://dbpedia.org/resource/Category:1891_births</field>
<field name="subject" update="add">http://dbpedia.org/resource/Category:School_of_the_Art_Institute_of_Chicago_alumni</field>
<field name="subject" update="add">http://dbpedia.org/resource/Category:1942_deaths</field>
<field name="subject" update="add">http://dbpedia.org/resource/Category:People_from_Cedar_Rapids,_Iowa</field>
<field name="subject" update="add">http://dbpedia.org/resource/Category:American_printmakers</field>
<field name="subject" update="add">http://dbpedia.org/resource/Category:American_painters</field>
<field name="subject" update="add">http://dbpedia.org/resource/Category:University_of_Iowa_faculty</field>
<field name="abstract">Grant DeVolson Wood (February 13, 1891 – February 12, 1942) was an American painter born four miles east of Anamosa, Iowa. He is best known for his paintings depicting the rural American Midwest, particularly the painting American Gothic, an iconic image of the 20th century.</field>
<field name="birth-place">http://dbpedia.org/resource/Anamosa,_Iowa</field>
<field name="death-place">http://dbpedia.org/resource/Iowa_City,_Iowa</field>
<field name="field">http://dbpedia.org/resource/Painting</field>
<field name="movement">http://dbpedia.org/resource/Regionalism_(art)</field>
<field name="label">Grant Wood</field>
<field name="depiction">http://upload.wikimedia.org/wikipedia/commons/0/02/Grant_Wood.jpg</field>
<field name="comment">Grant DeVolson Wood (February 13, 1891 – February 12, 1942) was an American painter born four miles east of Anamosa, Iowa. He is best known for his paintings depicting the rural American Midwest, particularly the painting American Gothic, an iconic image of the 20th century.</field>
<field name="name"/>
<field name="name"/>
<field name="thumbnail">http://upload.wikimedia.org/wikipedia/commons/thumb/0/02/Grant_Wood.jpg/200px-Grant_Wood.jpg</field>
<field name="link_external">http://www.bobolinkbooks.com/DesignHist/WoodWright.html</field>
<field name="link_external">http://www.tendreams.org/wood.htm</field>
<field name="link_external">http://www.aaa.si.edu/collectionsonline/woodgrap/</field>
<field name="link_external">http://xroads.virginia.edu/~MA98/haven/wood/home.html</field>
<field name="link_external">http://digital.lib.uiowa.edu/grantwood</field>
<field name="link_external">http://figgeart.org/Grant-Wood.aspx</field>
<field name="link_external">http://www.artcyclopedia.com/artists/wood_grant.html</field>
<field name="link_external">http://www.grantwoodstudio.org/index.html</field>
<field name="link_external">http://weeklystandard.com/Content/Public/Articles/000/000/011/904sbwjz.asp</field>
<field name="link_external">http://webs.cedar-rapids.net/kwradio/</field>
<field name="link_external">http://www.crma.org/collection/wood/wood.htm</field>
<field name="link_external">http://www.siouxcityartcenter.com/exhibitions/introduction.asp?key=131</field>
<field name="link_external">http://www.museumsyndicate.com/artist.php?artist=62</field>
<field name="field">http://dbpedia.org/resource/Painting</field>
<field name="influenced">http://dbpedia.org/resource/Jan_van_Eyck</field>
<field name="movement">http://dbpedia.org/resource/Regionalism_(art)</field>
<field name="influenced"/>
<field name="isPrimaryTopicOf">http://en.wikipedia.org/wiki/Grant_Wood</field>
<field name="description"/>
<field name="photo-collection">http://wifo5-03.informatik.uni-mannheim.de/flickrwrappr/photos/Grant_Wood</field>
</doc>
<doc>
<field name="uri">http://dbpedia.org/resource/Grant_DeVolson_Wood</field>
<field name="entity_type">artists</field>
<field name="timestamp">NOW</field>
</doc>
<doc>
<field name="uri">http://it.dbpedia.org/resource/Grant_Wood</field>
<field name="entity_type">artists</field>
<field name="timestamp">NOW</field>
<field name="sameAs">http://dbpedia.org/resource/Grant_Wood</field>
</doc>
<doc>
<field name="uri">http://de.dbpedia.org/resource/Grant_Wood</field>
<field name="entity_type">artists</field>
<field name="timestamp">NOW</field>
<field name="sameAs">http://dbpedia.org/resource/Grant_Wood</field>
</doc>
<doc>
<field name="uri">http://fr.dbpedia.org/resource/Grant_Wood</field>
<field name="entity_type">artists</field>
<field name="timestamp">NOW</field>
<field name="sameAs">http://dbpedia.org/resource/Grant_Wood</field>
</doc>
<doc>
<field name="uri">http://ru.dbpedia.org/resource/Вуд,_Грант</field>
<field name="entity_type">artists</field>
<field name="timestamp">NOW</field>
<field name="sameAs">http://dbpedia.org/resource/Grant_Wood</field>
</doc>
<doc>
<field name="uri">http://dbpedia.org/resource/American_Gothic</field>
<field name="entity_type">artists</field>
<field name="timestamp">NOW</field>
<field name="artist">http://dbpedia.org/resource/Grant_Wood</field>
</doc>
<doc>
<field name="uri">http://ja.dbpedia.org/resource/グラント・ウッド</field>
<field name="entity_type">artists</field>
<field name="timestamp">NOW</field>
<field name="sameAs">http://dbpedia.org/resource/Grant_Wood</field>
</doc>
<doc>
<field name="uri">http://pl.dbpedia.org/resource/Grant_Wood</field>
<field name="entity_type">artists</field>
<field name="timestamp">NOW</field>
<field name="sameAs">http://dbpedia.org/resource/Grant_Wood</field>
</doc>
<doc>
<field name="uri">http://dbpedia.org/resource/Charles_Wish</field>
<field name="entity_type">artists</field>
<field name="timestamp">NOW</field>
</doc>
<doc>
<field name="uri">http://es.dbpedia.org/resource/Grant_Wood</field>
<field name="entity_type">artists</field>
<field name="timestamp">NOW</field>
<field name="sameAs">http://dbpedia.org/resource/Grant_Wood</field>
</doc>
<doc>
<field name="uri">http://en.wikipedia.org/wiki/Grant_Wood</field>
<field name="entity_type">artists</field>
<field name="timestamp">NOW</field>
<field name="primaryTopic">http://dbpedia.org/resource/Grant_Wood</field>
</doc>
<doc>
<field name="uri">http://dbpedia.org/resource/Daughters_of_Revolution</field>
<field name="entity_type">artists</field>
<field name="timestamp">NOW</field>
<field name="artist">http://dbpedia.org/resource/Grant_Wood</field>
</doc>
<doc>
<field name="uri">http://cs.dbpedia.org/resource/Grant_Wood</field>
<field name="entity_type">artists</field>
<field name="timestamp">NOW</field>
<field name="sameAs">http://dbpedia.org/resource/Grant_Wood</field>
</doc>
<doc>
<field name="uri">http://nl.dbpedia.org/resource/Grant_Wood</field>
<field name="entity_type">artists</field>
<field name="timestamp">NOW</field>
<field name="sameAs">http://dbpedia.org/resource/Grant_Wood</field>
</doc>
<doc>
<field name="uri">http://zh.dbpedia.org/resource/格兰特·伍德</field>
<field name="entity_type">artists</field>
<field name="timestamp">NOW</field>
<field name="sameAs">http://dbpedia.org/resource/Grant_Wood</field>
</doc>
<doc>
<field name="uri">http://az.dbpedia.org/resource/Qrant_Vud</field>
<field name="entity_type">artists</field>
<field name="timestamp">NOW</field>
<field name="sameAs">http://dbpedia.org/resource/Grant_Wood</field>
</doc>
<doc>
<field name="uri">http://be.dbpedia.org/resource/Грант_Вуд</field>
<field name="entity_type">artists</field>
<field name="timestamp">NOW</field>
<field name="sameAs">http://dbpedia.org/resource/Grant_Wood</field>
</doc>
<doc>
<field name="uri">http://da.dbpedia.org/resource/Grant_Wood</field>
<field name="entity_type">artists</field>
<field name="timestamp">NOW</field>
<field name="sameAs">http://dbpedia.org/resource/Grant_Wood</field>
</doc>
<doc>
<field name="uri">http://fi.dbpedia.org/resource/Grant_Wood</field>
<field name="entity_type">artists</field>
<field name="timestamp">NOW</field>
<field name="sameAs">http://dbpedia.org/resource/Grant_Wood</field>
</doc>
<doc>
<field name="uri">http://he.dbpedia.org/resource/גרנט_ווד</field>
<field name="entity_type">artists</field>
<field name="timestamp">NOW</field>
<field name="sameAs">http://dbpedia.org/resource/Grant_Wood</field>
</doc>
<doc>
<field name="uri">http://hu.dbpedia.org/resource/Grant_Wood</field>
<field name="entity_type">artists</field>
<field name="timestamp">NOW</field>
<field name="sameAs">http://dbpedia.org/resource/Grant_Wood</field>
</doc>
<doc>
<field name="uri">http://ka.dbpedia.org/resource/გრანტ_ვუდი</field>
<field name="entity_type">artists</field>
<field name="timestamp">NOW</field>
<field name="sameAs">http://dbpedia.org/resource/Grant_Wood</field>
</doc>
<doc>
<field name="uri">http://la.dbpedia.org/resource/Grant_Wood</field>
<field name="entity_type">artists</field>
<field name="timestamp">NOW</field>
<field name="sameAs">http://dbpedia.org/resource/Grant_Wood</field>
</doc>
<doc>
<field name="uri">http://nn.dbpedia.org/resource/Grant_Wood</field>
<field name="entity_type">artists</field>
<field name="timestamp">NOW</field>
<field name="sameAs">http://dbpedia.org/resource/Grant_Wood</field>
</doc>
<doc>
<field name="uri">http://no.dbpedia.org/resource/Grant_Wood</field>
<field name="entity_type">artists</field>
<field name="timestamp">NOW</field>
<field name="sameAs">http://dbpedia.org/resource/Grant_Wood</field>
</doc>
<doc>
<field name="uri">http://sh.dbpedia.org/resource/Grant_Wood</field>
<field name="entity_type">artists</field>
<field name="timestamp">NOW</field>
<field name="sameAs">http://dbpedia.org/resource/Grant_Wood</field>
</doc>
<doc>
<field name="uri">http://sv.dbpedia.org/resource/Grant_Wood</field>
<field name="entity_type">artists</field>
<field name="timestamp">NOW</field>
<field name="sameAs">http://dbpedia.org/resource/Grant_Wood</field>
</doc>
<doc>
<field name="uri">http://tr.dbpedia.org/resource/Grant_Wood</field>
<field name="entity_type">artists</field>
<field name="timestamp">NOW</field>
<field name="sameAs">http://dbpedia.org/resource/Grant_Wood</field>
</doc>
<doc>
<field name="uri">http://war.dbpedia.org/resource/Grant_Wood</field>
<field name="entity_type">artists</field>
<field name="timestamp">NOW</field>
<field name="sameAs">http://dbpedia.org/resource/Grant_Wood</field>
</doc>
<doc>
<field name="uri">http://be_x_old.dbpedia.org/resource/Грант_Ўуд</field>
<field name="entity_type">artists</field>
<field name="timestamp">NOW</field>
<field name="sameAs">http://dbpedia.org/resource/Grant_Wood</field>
</doc>
<doc>
<field name="uri">http://wikidata.dbpedia.org/resource/Q217434</field>
<field name="entity_type">artists</field>
<field name="timestamp">NOW</field>
<field name="sameAs">http://dbpedia.org/resource/Grant_Wood</field>
</doc>
</add>
