<add xmlns:dc="http://purl.org/dc/elements/1.1/" overwrite="true">
<doc>
<field name="uri">http://cs.dbpedia.org/resource/Hans_Holbein_mladší</field>
<field name="entity_type">artists</field>
<field name="timestamp">NOW</field>
<field name="sameAs">http://dbpedia.org/resource/Hans_Holbein_the_Younger</field>
</doc>
<doc>
<field name="uri">http://el.dbpedia.org/resource/Χανς_Χόλμπαϊν_ο_νεότερος</field>
<field name="entity_type">artists</field>
<field name="timestamp">NOW</field>
<field name="sameAs">http://dbpedia.org/resource/Hans_Holbein_the_Younger</field>
</doc>
<doc>
<field name="uri">http://it.dbpedia.org/resource/Hans_Holbein_il_Giovane</field>
<field name="entity_type">artists</field>
<field name="timestamp">NOW</field>
<field name="sameAs">http://dbpedia.org/resource/Hans_Holbein_the_Younger</field>
</doc>
<doc>
<field name="uri">http://ko.dbpedia.org/resource/한스_홀바인</field>
<field name="entity_type">artists</field>
<field name="timestamp">NOW</field>
<field name="sameAs">http://dbpedia.org/resource/Hans_Holbein_the_Younger</field>
</doc>
<doc>
<field name="uri">http://ru.dbpedia.org/resource/Гольбейн,_Ганс_(Младший)</field>
<field name="entity_type">artists</field>
<field name="timestamp">NOW</field>
<field name="sameAs">http://dbpedia.org/resource/Hans_Holbein_the_Younger</field>
</doc>
<doc>
<field name="uri">http://dbpedia.org/resource/Hans,_the_Younger_Holbein</field>
<field name="entity_type">artists</field>
<field name="timestamp">NOW</field>
</doc>
<doc>
<field name="uri">http://dbpedia.org/resource/Holbein,_Hans</field>
<field name="entity_type">artists</field>
<field name="timestamp">NOW</field>
</doc>
<doc>
<field name="uri">http://fr.dbpedia.org/resource/Hans_Holbein_le_Jeune</field>
<field name="entity_type">artists</field>
<field name="timestamp">NOW</field>
<field name="sameAs">http://dbpedia.org/resource/Hans_Holbein_the_Younger</field>
</doc>
<doc>
<field name="uri">http://ja.dbpedia.org/resource/ハンス・ホルバイン</field>
<field name="entity_type">artists</field>
<field name="timestamp">NOW</field>
<field name="sameAs">http://dbpedia.org/resource/Hans_Holbein_the_Younger</field>
</doc>
<doc>
<field name="uri">http://pl.dbpedia.org/resource/Hans_Holbein_(młodszy)</field>
<field name="entity_type">artists</field>
<field name="timestamp">NOW</field>
<field name="sameAs">http://dbpedia.org/resource/Hans_Holbein_the_Younger</field>
</doc>
<doc>
<field name="uri">http://dbpedia.org/resource/Hans_Holbein_the_Elder</field>
<field name="entity_type">artists</field>
<field name="timestamp">NOW</field>
</doc>
<doc>
<field name="uri">http://dbpedia.org/resource/Hans_Holbein_the_Younger</field>
<field name="entity_type">artists</field>
<field name="timestamp">NOW</field>
<field name="sameAs">http://mk.dbpedia.org/resource/Ханс_Холбајн_Помладиот</field>
<field name="sameAs">http://sh.dbpedia.org/resource/Hans_Holbein_Mlađi</field>
<field name="sameAs">http://rdf.freebase.com/ns/m.0cy9m</field>
<field name="sameAs">http://el.dbpedia.org/resource/Χανς_Χόλμπαϊν_ο_νεότερος</field>
<field name="sameAs">http://simple.dbpedia.org/resource/Hans_Holbein_the_Younger</field>
<field name="sameAs">http://fi.dbpedia.org/resource/Hans_Holbein_nuorempi</field>
<field name="sameAs">http://fr.dbpedia.org/resource/Hans_Holbein_le_Jeune</field>
<field name="sameAs">http://sr.dbpedia.org/resource/Ханс_Холбајн_Млађи</field>
<field name="sameAs">http://la.dbpedia.org/resource/Ioannes_Holpenius</field>
<field name="sameAs">http://gl.dbpedia.org/resource/Hans_Holbein_o_Novo</field>
<field name="sameAs">http://hu.dbpedia.org/resource/Hans_Holbein,_ifj.</field>
<field name="sameAs">http://als.dbpedia.org/resource/Hans_Holbein_der_Jüngere</field>
<field name="sameAs">http://ru.dbpedia.org/resource/Гольбейн,_Ганс_(Младший)</field>
<field name="sameAs">http://nl.dbpedia.org/resource/Hans_Holbein_de_Jonge</field>
<field name="sameAs">http://my.dbpedia.org/resource/ဟောလဗိုင်း_၊_ဟန်းဇ်</field>
<field name="sameAs">http://dbpedia.org/resource/Hans_Holbein_the_Younger</field>
<field name="sameAs">http://it.dbpedia.org/resource/Hans_Holbein_il_Giovane</field>
<field name="sameAs">http://yago-knowledge.org/resource/Hans_Holbein_the_Younger</field>
<field name="sameAs">http://zh.dbpedia.org/resource/小汉斯·霍尔拜因</field>
<field name="sameAs">http://hy.dbpedia.org/resource/Հանս_Հոլբայն_Կրտսեր</field>
<field name="sameAs">http://lv.dbpedia.org/resource/Hanss_Holbeins_Jaunākais</field>
<field name="sameAs">http://ro.dbpedia.org/resource/Hans_Holbein_cel_Tânăr</field>
<field name="sameAs">http://de.dbpedia.org/resource/Hans_Holbein_der_Jüngere</field>
<field name="sameAs">http://es.dbpedia.org/resource/Hans_Holbein_el_Joven</field>
<field name="sameAs">http://br.dbpedia.org/resource/Hans_Holbein_ar_Yaouankañ</field>
<field name="sameAs">http://lt.dbpedia.org/resource/Hansas_Holbeinas_Jaunesnysis</field>
<field name="sameAs">http://is.dbpedia.org/resource/Hans_Holbein_yngri</field>
<field name="sameAs">http://hr.dbpedia.org/resource/Hans_Holbein_mlađi</field>
<field name="sameAs">http://sv.dbpedia.org/resource/Hans_Holbein_den_yngre</field>
<field name="sameAs">http://pl.dbpedia.org/resource/Hans_Holbein_(młodszy)</field>
<field name="sameAs">http://he.dbpedia.org/resource/האנס_הולביין</field>
<field name="sameAs">http://th.dbpedia.org/resource/ฮันส์_โฮลไบน์_(ผู้ลูก)</field>
<field name="sameAs">http://be.dbpedia.org/resource/Ганс_Гольбейн_Малодшы</field>
<field name="sameAs">http://no.dbpedia.org/resource/Hans_Holbein_den_yngre</field>
<field name="sameAs">http://stq.dbpedia.org/resource/Hans_Holbein_(die_Jungere)</field>
<field name="sameAs">http://ka.dbpedia.org/resource/ჰანს_ჰოლბაინ_უმცროსი</field>
<field name="sameAs">http://nn.dbpedia.org/resource/Hans_Holbein_den_yngre</field>
<field name="sameAs">http://cy.dbpedia.org/resource/Hans_Holbein_yr_Ieuaf</field>
<field name="sameAs">http://uk.dbpedia.org/resource/Ганс_Гольбайн_молодший</field>
<field name="sameAs">http://eo.dbpedia.org/resource/Hans_Holbein_la_malpliaĝa</field>
<field name="sameAs">http://tr.dbpedia.org/resource/Hans_Holbein</field>
<field name="sameAs">http://fa.dbpedia.org/resource/هانس_هلباین_پسر</field>
<field name="sameAs">http://www.wikidata.org/entity/Q48319</field>
<field name="sameAs">http://ar.dbpedia.org/resource/هانس_هولباين_الصغير</field>
<field name="sameAs">http://ko.dbpedia.org/resource/한스_홀바인</field>
<field name="sameAs">http://eu.dbpedia.org/resource/Hans_Holbein_Gaztea</field>
<field name="sameAs">http://bg.dbpedia.org/resource/Ханс_Холбайн_Младия</field>
<field name="sameAs">http://ja.dbpedia.org/resource/ハンス・ホルバイン</field>
<field name="sameAs">http://zu.dbpedia.org/resource/Hans_Holbein_the_Younger</field>
<field name="sameAs">http://da.dbpedia.org/resource/Hans_Holbein_den_yngre</field>
<field name="sameAs">http://pt.dbpedia.org/resource/Hans_Holbein,_o_Jovem</field>
<field name="sameAs">http://cs.dbpedia.org/resource/Hans_Holbein_mladší</field>
<field name="sameAs">http://ca.dbpedia.org/resource/Hans_Holbein_el_Jove</field>
<field name="subject" update="add">http://dbpedia.org/resource/Category:Book_designers</field>
<field name="subject" update="add">http://dbpedia.org/resource/Category:German_Renaissance_painters</field>
<field name="subject" update="add">http://dbpedia.org/resource/Category:German_printmakers</field>
<field name="subject" update="add">http://dbpedia.org/resource/Category:1490s_births</field>
<field name="subject" update="add">http://dbpedia.org/resource/Category:1543_deaths</field>
<field name="subject" update="add">http://dbpedia.org/resource/Category:German_painters</field>
<field name="subject" update="add">http://dbpedia.org/resource/Category:Portrait_artists</field>
<field name="subject" update="add">http://dbpedia.org/resource/Category:Portrait_by_Hans_Holbein_the_younger</field>
<field name="subject" update="add">http://dbpedia.org/resource/Category:16th-century_deaths_from_plague_(disease)</field>
<field name="subject" update="add">http://dbpedia.org/resource/Category:People_from_Augsburg</field>
<field name="abstract">Hans Holbein the Younger (c. 1497 – between 7 October and 29 November 1543) was a German artist and printmaker who worked in a Northern Renaissance style. He is best known as one of the greatest portraitists of the 16th century. He also produced religious art, satire, and Reformation propaganda, and made a significant contribution to the history of book design. He is called "the Younger" to distinguish him from his father, Hans Holbein the Elder, an accomplished painter of the Late Gothic school. Born in Augsburg, Holbein worked mainly in Basel as a young artist. At first he painted murals and religious works and designed for stained glass windows and printed books. He also painted the occasional portrait, making his international mark with portraits of the humanist Desiderius Erasmus of Rotterdam. When the Reformation reached Basel, Holbein worked for reformist clients while continuing to serve traditional religious patrons. His Late Gothic style was enriched by artistic trends in Italy, France, and the Netherlands, as well as by Renaissance Humanism. The result was a combined aesthetic uniquely his own. Holbein travelled to England in 1526 in search of work, with a recommendation from Erasmus. He was welcomed into the humanist circle of Thomas More, where he quickly built a high reputation. After returning to Basel for four years, he resumed his career in England in 1532. This time he worked under the patronage of Anne Boleyn and Thomas Cromwell. By 1535, he was King's Painter to King Henry VIII. In this role, he produced not only portraits and festive decorations but designs for jewellery, plate, and other precious objects. His portraits of the royal family and nobles are a record of the court in the years when Henry was asserting his supremacy over the English church. Holbein's art was prized from early in his career. The French poet and reformer Nicholas Bourbon dubbed him "the Apelles of our time," a typical contemporary accolade. Holbein has also been described as a great "one-off" of art history, since he founded no school. After his death, some of his work was lost, but much was collected, and by the 19th century, Holbein was recognised among the great portrait masters. Recent exhibitions have also highlighted his versatility. He turned his fluid line to designs ranging from intricate jewellery to monumental frescoes. Holbein's art has sometimes been called realist, since he drew and painted with a rare precision. His portraits were renowned in their time for their likeness; and it is through Holbein's eyes that many famous figures of his day, such as Erasmus and More, are now "seen". Holbein was never content, however, with outward appearance. He embedded layers of symbolism, allusion, and paradox in his art, to the lasting fascination of scholars. In the view of art historian Ellis Waterhouse, his portraiture "remains unsurpassed for sureness and economy of statement, penetration into character, and a combined richness and purity of style".</field>
<field name="birth-place">http://dbpedia.org/resource/Holy_Roman_Empire</field>
<field name="birth-place">http://dbpedia.org/resource/Augsburg</field>
<field name="death-place">http://dbpedia.org/resource/London</field>
<field name="death-place">http://dbpedia.org/resource/Kingdom_of_England</field>
<field name="movement">http://dbpedia.org/resource/Northern_Renaissance</field>
<field name="label">Hans Holbein the Younger</field>
<field name="depiction">http://upload.wikimedia.org/wikipedia/commons/d/d7/Hans_Holbein_the_Younger,_self-portrait.jpg</field>
<field name="comment">Hans Holbein the Younger (c. 1497 – between 7 October and 29 November 1543) was a German artist and printmaker who worked in a Northern Renaissance style. He is best known as one of the greatest portraitists of the 16th century. He also produced religious art, satire, and Reformation propaganda, and made a significant contribution to the history of book design.</field>
<field name="name"/>
<field name="name"/>
<field name="thumbnail">http://upload.wikimedia.org/wikipedia/commons/thumb/d/d7/Hans_Holbein_the_Younger,_self-portrait.jpg/200px-Hans_Holbein_the_Younger,_self-portrait.jpg</field>
<field name="link_external">http://www.worldcat.org/oclc/822974?referer=di&amp;ht=edition</field>
<field name="link_external">http://www.hans-holbein.org</field>
<field name="link_external">http://www.worldcat.org/oclc/1293216&amp;referer=brief_results</field>
<field name="link_external">http://www.worldcat.org/oclc/2105129&amp;referer=brief_results</field>
<field name="link_external">http://www.christianmind.org/illus/Holbein/</field>
<field name="link_external">http://web.archive.org/web/20060423155438/http:/www.newcastle.edu.au/school/fine-art/arttheoryessaywritingguide/analysisofhansholbeinstheambassadors.html</field>
<field name="link_external">http://www.worldcat.org/oclc/8256471&amp;referer=brief_results</field>
<field name="link_external">http://www.tate.org.uk/britain/exhibitions/holbein/</field>
<field name="link_external">http://www.michaelservetusresearch.com/ENGLISH/works.html</field>
<field name="link_external">http://findarticles.com/p/articles/mi_m0PAL/is_/ai_n6137152</field>
<field name="link_external">http://www.museumsyndicate.com/artist.php?artist=410</field>
<field name="link_external">http://www.artcyclopedia.com/artists/holbein_the_younger_hans.html</field>
<field name="influenced">http://dbpedia.org/resource/Hans_Holbein_the_Elder</field>
<field name="movement">http://dbpedia.org/resource/Northern_Renaissance</field>
<field name="isPrimaryTopicOf">http://en.wikipedia.org/wiki/Hans_Holbein_the_Younger</field>
<field name="description"/>
<field name="photo-collection">http://wifo5-03.informatik.uni-mannheim.de/flickrwrappr/photos/Hans_Holbein_the_Younger</field>
</doc>
<doc>
<field name="uri">http://dbpedia.org/resource/Venus_and_Amor</field>
<field name="entity_type">artists</field>
<field name="timestamp">NOW</field>
<field name="artist">http://dbpedia.org/resource/Hans_Holbein_the_Younger</field>
</doc>
<doc>
<field name="uri">http://es.dbpedia.org/resource/Hans_Holbein_el_Joven</field>
<field name="entity_type">artists</field>
<field name="timestamp">NOW</field>
<field name="sameAs">http://dbpedia.org/resource/Hans_Holbein_the_Younger</field>
</doc>
<doc>
<field name="uri">http://de.dbpedia.org/resource/Hans_Holbein_der_Jüngere</field>
<field name="entity_type">artists</field>
<field name="timestamp">NOW</field>
<field name="sameAs">http://dbpedia.org/resource/Hans_Holbein_the_Younger</field>
</doc>
<doc>
<field name="uri">http://pt.dbpedia.org/resource/Hans_Holbein,_o_Jovem</field>
<field name="entity_type">artists</field>
<field name="timestamp">NOW</field>
<field name="sameAs">http://dbpedia.org/resource/Hans_Holbein_the_Younger</field>
</doc>
<doc>
<field name="uri">http://dbpedia.org/resource/Hans_Holbein,_Jr.</field>
<field name="entity_type">artists</field>
<field name="timestamp">NOW</field>
</doc>
<doc>
<field name="uri">http://dbpedia.org/resource/Hans_Holbein_(disambiguation)</field>
<field name="entity_type">artists</field>
<field name="timestamp">NOW</field>
</doc>
<doc>
<field name="uri">http://dbpedia.org/resource/Giovanni_Holbein</field>
<field name="entity_type">artists</field>
<field name="timestamp">NOW</field>
</doc>
<doc>
<field name="uri">http://dbpedia.org/resource/Hans_Holbein_The_Younger</field>
<field name="entity_type">artists</field>
<field name="timestamp">NOW</field>
</doc>
<doc>
<field name="uri">http://dbpedia.org/resource/Hans_Holbein_der_Juengere</field>
<field name="entity_type">artists</field>
<field name="timestamp">NOW</field>
</doc>
<doc>
<field name="uri">http://dbpedia.org/resource/Hans_Holbein_der_Jungere</field>
<field name="entity_type">artists</field>
<field name="timestamp">NOW</field>
</doc>
<doc>
<field name="uri">http://dbpedia.org/resource/Hans_Holbein_le_Jeune</field>
<field name="entity_type">artists</field>
<field name="timestamp">NOW</field>
</doc>
<doc>
<field name="uri">http://dbpedia.org/resource/Hans_Holbein_the_younger</field>
<field name="entity_type">artists</field>
<field name="timestamp">NOW</field>
</doc>
<doc>
<field name="uri">http://dbpedia.org/resource/Holbein</field>
<field name="entity_type">artists</field>
<field name="timestamp">NOW</field>
</doc>
<doc>
<field name="uri">http://dbpedia.org/resource/Self-portrait_(Hans_Holbein_the_Younger)</field>
<field name="entity_type">artists</field>
<field name="timestamp">NOW</field>
<field name="artist">http://dbpedia.org/resource/Hans_Holbein_the_Younger</field>
</doc>
<doc>
<field name="uri">http://dbpedia.org/resource/Friedrich_August_von_Kaulbach</field>
<field name="entity_type">artists</field>
<field name="timestamp">NOW</field>
<field name="influenced">http://dbpedia.org/resource/Hans_Holbein_the_Younger</field>
</doc>
<doc>
<field name="uri">http://dbpedia.org/resource/8122_Holbein</field>
<field name="entity_type">artists</field>
<field name="timestamp">NOW</field>
</doc>
<doc>
<field name="uri">http://dbpedia.org/resource/Portrait_of_Henry_VIII</field>
<field name="entity_type">artists</field>
<field name="timestamp">NOW</field>
</doc>
<doc>
<field name="uri">http://dbpedia.org/resource/Portrait_of_Sir_Thomas_More_(Holbein)</field>
<field name="entity_type">artists</field>
<field name="timestamp">NOW</field>
</doc>
<doc>
<field name="uri">http://dbpedia.org/resource/The_Younger_Holbein_Hans</field>
<field name="entity_type">artists</field>
<field name="timestamp">NOW</field>
</doc>
<doc>
<field name="uri">http://dbpedia.org/resource/Portrait_Miniature_of_Margaret_Roper</field>
<field name="entity_type">artists</field>
<field name="timestamp">NOW</field>
<field name="artist">http://dbpedia.org/resource/Hans_Holbein_the_Younger</field>
</doc>
<doc>
<field name="uri">http://dbpedia.org/resource/Portrait_of_Sir_Richard_Southwell</field>
<field name="entity_type">artists</field>
<field name="timestamp">NOW</field>
<field name="artist">http://dbpedia.org/resource/Hans_Holbein_the_Younger</field>
</doc>
<doc>
<field name="uri">http://dbpedia.org/resource/Darmstadt_Madonna</field>
<field name="entity_type">artists</field>
<field name="timestamp">NOW</field>
<field name="artist">http://dbpedia.org/resource/Hans_Holbein_the_Younger</field>
</doc>
<doc>
<field name="uri">http://dbpedia.org/resource/The_Ambassadors_(Holbein)</field>
<field name="entity_type">artists</field>
<field name="timestamp">NOW</field>
<field name="artist">http://dbpedia.org/resource/Hans_Holbein_the_Younger</field>
</doc>
<doc>
<field name="uri">http://dbpedia.org/resource/Hans_Holbein_der_J%C3%BCngere</field>
<field name="entity_type">artists</field>
<field name="timestamp">NOW</field>
</doc>
<doc>
<field name="uri">http://dbpedia.org/resource/Hans_Holbein</field>
<field name="entity_type">artists</field>
<field name="timestamp">NOW</field>
</doc>
<doc>
<field name="uri">http://en.wikipedia.org/wiki/Hans_Holbein_the_Younger</field>
<field name="entity_type">artists</field>
<field name="timestamp">NOW</field>
<field name="primaryTopic">http://dbpedia.org/resource/Hans_Holbein_the_Younger</field>
</doc>
<doc>
<field name="uri">http://nl.dbpedia.org/resource/Hans_Holbein_de_Jonge</field>
<field name="entity_type">artists</field>
<field name="timestamp">NOW</field>
<field name="sameAs">http://dbpedia.org/resource/Hans_Holbein_the_Younger</field>
</doc>
<doc>
<field name="uri">http://eu.dbpedia.org/resource/Hans_Holbein_Gaztea</field>
<field name="entity_type">artists</field>
<field name="timestamp">NOW</field>
<field name="sameAs">http://dbpedia.org/resource/Hans_Holbein_the_Younger</field>
</doc>
<doc>
<field name="uri">http://wikidata.dbpedia.org/resource/Q48319</field>
<field name="entity_type">artists</field>
<field name="timestamp">NOW</field>
<field name="sameAs">http://dbpedia.org/resource/Hans_Holbein_the_Younger</field>
</doc>
<doc>
<field name="uri">http://zh.dbpedia.org/resource/小汉斯·霍尔拜因</field>
<field name="entity_type">artists</field>
<field name="timestamp">NOW</field>
<field name="sameAs">http://dbpedia.org/resource/Hans_Holbein_the_Younger</field>
</doc>
<doc>
<field name="uri">http://ar.dbpedia.org/resource/هانس_هولباين_الصغير</field>
<field name="entity_type">artists</field>
<field name="timestamp">NOW</field>
<field name="sameAs">http://dbpedia.org/resource/Hans_Holbein_the_Younger</field>
</doc>
<doc>
<field name="uri">http://be.dbpedia.org/resource/Ганс_Гольбейн_Малодшы</field>
<field name="entity_type">artists</field>
<field name="timestamp">NOW</field>
<field name="sameAs">http://dbpedia.org/resource/Hans_Holbein_the_Younger</field>
</doc>
<doc>
<field name="uri">http://bg.dbpedia.org/resource/Ханс_Холбайн_Младия</field>
<field name="entity_type">artists</field>
<field name="timestamp">NOW</field>
<field name="sameAs">http://dbpedia.org/resource/Hans_Holbein_the_Younger</field>
</doc>
<doc>
<field name="uri">http://br.dbpedia.org/resource/Hans_Holbein_ar_Yaouankañ</field>
<field name="entity_type">artists</field>
<field name="timestamp">NOW</field>
<field name="sameAs">http://dbpedia.org/resource/Hans_Holbein_the_Younger</field>
</doc>
<doc>
<field name="uri">http://ca.dbpedia.org/resource/Hans_Holbein_el_Jove</field>
<field name="entity_type">artists</field>
<field name="timestamp">NOW</field>
<field name="sameAs">http://dbpedia.org/resource/Hans_Holbein_the_Younger</field>
</doc>
<doc>
<field name="uri">http://cy.dbpedia.org/resource/Hans_Holbein_yr_Ieuaf</field>
<field name="entity_type">artists</field>
<field name="timestamp">NOW</field>
<field name="sameAs">http://dbpedia.org/resource/Hans_Holbein_the_Younger</field>
</doc>
<doc>
<field name="uri">http://da.dbpedia.org/resource/Hans_Holbein_den_yngre</field>
<field name="entity_type">artists</field>
<field name="timestamp">NOW</field>
<field name="sameAs">http://dbpedia.org/resource/Hans_Holbein_the_Younger</field>
</doc>
<doc>
<field name="uri">http://eo.dbpedia.org/resource/Hans_Holbein_la_malpliaĝa</field>
<field name="entity_type">artists</field>
<field name="timestamp">NOW</field>
<field name="sameAs">http://dbpedia.org/resource/Hans_Holbein_the_Younger</field>
</doc>
<doc>
<field name="uri">http://fa.dbpedia.org/resource/هانس_هلباین_پسر</field>
<field name="entity_type">artists</field>
<field name="timestamp">NOW</field>
<field name="sameAs">http://dbpedia.org/resource/Hans_Holbein_the_Younger</field>
</doc>
<doc>
<field name="uri">http://fi.dbpedia.org/resource/Hans_Holbein_nuorempi</field>
<field name="entity_type">artists</field>
<field name="timestamp">NOW</field>
<field name="sameAs">http://dbpedia.org/resource/Hans_Holbein_the_Younger</field>
</doc>
<doc>
<field name="uri">http://gl.dbpedia.org/resource/Hans_Holbein_o_Novo</field>
<field name="entity_type">artists</field>
<field name="timestamp">NOW</field>
<field name="sameAs">http://dbpedia.org/resource/Hans_Holbein_the_Younger</field>
</doc>
<doc>
<field name="uri">http://he.dbpedia.org/resource/האנס_הולביין</field>
<field name="entity_type">artists</field>
<field name="timestamp">NOW</field>
<field name="sameAs">http://dbpedia.org/resource/Hans_Holbein_the_Younger</field>
</doc>
<doc>
<field name="uri">http://hr.dbpedia.org/resource/Hans_Holbein_mlađi</field>
<field name="entity_type">artists</field>
<field name="timestamp">NOW</field>
<field name="sameAs">http://dbpedia.org/resource/Hans_Holbein_the_Younger</field>
</doc>
<doc>
<field name="uri">http://hu.dbpedia.org/resource/Hans_Holbein,_ifj.</field>
<field name="entity_type">artists</field>
<field name="timestamp">NOW</field>
<field name="sameAs">http://dbpedia.org/resource/Hans_Holbein_the_Younger</field>
</doc>
<doc>
<field name="uri">http://hy.dbpedia.org/resource/Հանս_Հոլբայն_Կրտսեր</field>
<field name="entity_type">artists</field>
<field name="timestamp">NOW</field>
<field name="sameAs">http://dbpedia.org/resource/Hans_Holbein_the_Younger</field>
</doc>
<doc>
<field name="uri">http://is.dbpedia.org/resource/Hans_Holbein_yngri</field>
<field name="entity_type">artists</field>
<field name="timestamp">NOW</field>
<field name="sameAs">http://dbpedia.org/resource/Hans_Holbein_the_Younger</field>
</doc>
<doc>
<field name="uri">http://ka.dbpedia.org/resource/ჰანს_ჰოლბაინ_უმცროსი</field>
<field name="entity_type">artists</field>
<field name="timestamp">NOW</field>
<field name="sameAs">http://dbpedia.org/resource/Hans_Holbein_the_Younger</field>
</doc>
<doc>
<field name="uri">http://la.dbpedia.org/resource/Ioannes_Holpenius</field>
<field name="entity_type">artists</field>
<field name="timestamp">NOW</field>
<field name="sameAs">http://dbpedia.org/resource/Hans_Holbein_the_Younger</field>
</doc>
<doc>
<field name="uri">http://lt.dbpedia.org/resource/Hansas_Holbeinas_Jaunesnysis</field>
<field name="entity_type">artists</field>
<field name="timestamp">NOW</field>
<field name="sameAs">http://dbpedia.org/resource/Hans_Holbein_the_Younger</field>
</doc>
<doc>
<field name="uri">http://lv.dbpedia.org/resource/Hanss_Holbeins_Jaunākais</field>
<field name="entity_type">artists</field>
<field name="timestamp">NOW</field>
<field name="sameAs">http://dbpedia.org/resource/Hans_Holbein_the_Younger</field>
</doc>
<doc>
<field name="uri">http://mk.dbpedia.org/resource/Ханс_Холбајн_Помладиот</field>
<field name="entity_type">artists</field>
<field name="timestamp">NOW</field>
<field name="sameAs">http://dbpedia.org/resource/Hans_Holbein_the_Younger</field>
</doc>
<doc>
<field name="uri">http://my.dbpedia.org/resource/ဟောလဗိုင်း_၊_ဟန်းဇ်</field>
<field name="entity_type">artists</field>
<field name="timestamp">NOW</field>
<field name="sameAs">http://dbpedia.org/resource/Hans_Holbein_the_Younger</field>
</doc>
<doc>
<field name="uri">http://nn.dbpedia.org/resource/Hans_Holbein_den_yngre</field>
<field name="entity_type">artists</field>
<field name="timestamp">NOW</field>
<field name="sameAs">http://dbpedia.org/resource/Hans_Holbein_the_Younger</field>
</doc>
<doc>
<field name="uri">http://no.dbpedia.org/resource/Hans_Holbein_den_yngre</field>
<field name="entity_type">artists</field>
<field name="timestamp">NOW</field>
<field name="sameAs">http://dbpedia.org/resource/Hans_Holbein_the_Younger</field>
</doc>
<doc>
<field name="uri">http://ro.dbpedia.org/resource/Hans_Holbein_cel_Tânăr</field>
<field name="entity_type">artists</field>
<field name="timestamp">NOW</field>
<field name="sameAs">http://dbpedia.org/resource/Hans_Holbein_the_Younger</field>
</doc>
<doc>
<field name="uri">http://sh.dbpedia.org/resource/Hans_Holbein_Mlađi</field>
<field name="entity_type">artists</field>
<field name="timestamp">NOW</field>
<field name="sameAs">http://dbpedia.org/resource/Hans_Holbein_the_Younger</field>
</doc>
<doc>
<field name="uri">http://simple.dbpedia.org/resource/Hans_Holbein_the_Younger</field>
<field name="entity_type">artists</field>
<field name="timestamp">NOW</field>
<field name="sameAs">http://dbpedia.org/resource/Hans_Holbein_the_Younger</field>
</doc>
<doc>
<field name="uri">http://sr.dbpedia.org/resource/Ханс_Холбајн_Млађи</field>
<field name="entity_type">artists</field>
<field name="timestamp">NOW</field>
<field name="sameAs">http://dbpedia.org/resource/Hans_Holbein_the_Younger</field>
</doc>
<doc>
<field name="uri">http://sv.dbpedia.org/resource/Hans_Holbein_den_yngre</field>
<field name="entity_type">artists</field>
<field name="timestamp">NOW</field>
<field name="sameAs">http://dbpedia.org/resource/Hans_Holbein_the_Younger</field>
</doc>
<doc>
<field name="uri">http://th.dbpedia.org/resource/ฮันส์_โฮลไบน์_(ผู้ลูก)</field>
<field name="entity_type">artists</field>
<field name="timestamp">NOW</field>
<field name="sameAs">http://dbpedia.org/resource/Hans_Holbein_the_Younger</field>
</doc>
<doc>
<field name="uri">http://tr.dbpedia.org/resource/Hans_Holbein</field>
<field name="entity_type">artists</field>
<field name="timestamp">NOW</field>
<field name="sameAs">http://dbpedia.org/resource/Hans_Holbein_the_Younger</field>
</doc>
<doc>
<field name="uri">http://uk.dbpedia.org/resource/Ганс_Гольбайн_молодший</field>
<field name="entity_type">artists</field>
<field name="timestamp">NOW</field>
<field name="sameAs">http://dbpedia.org/resource/Hans_Holbein_the_Younger</field>
</doc>
<doc>
<field name="uri">http://als.dbpedia.org/resource/Hans_Holbein_der_Jüngere</field>
<field name="entity_type">artists</field>
<field name="timestamp">NOW</field>
<field name="sameAs">http://dbpedia.org/resource/Hans_Holbein_the_Younger</field>
</doc>
<doc>
<field name="uri">http://stq.dbpedia.org/resource/Hans_Holbein_(die_Jungere)</field>
<field name="entity_type">artists</field>
<field name="timestamp">NOW</field>
<field name="sameAs">http://dbpedia.org/resource/Hans_Holbein_the_Younger</field>
</doc>
<doc>
<field name="uri">http://zu.dbpedia.org/resource/Hans_Holbein_the_Younger</field>
<field name="entity_type">artists</field>
<field name="timestamp">NOW</field>
<field name="sameAs">http://dbpedia.org/resource/Hans_Holbein_the_Younger</field>
</doc>
</add>
