<add xmlns:dc="http://purl.org/dc/elements/1.1/" overwrite="true">
<doc>
<field name="uri">http://dbpedia.org/resource/Herbert_James_Draper</field>
<field name="entity_type">artists</field>
<field name="timestamp">NOW</field>
<field name="sameAs">http://yago-knowledge.org/resource/Herbert_James_Draper</field>
<field name="sameAs">http://fr.dbpedia.org/resource/Herbert_Draper</field>
<field name="sameAs">http://pl.dbpedia.org/resource/Herbert_James_Draper</field>
<field name="sameAs">http://www.wikidata.org/entity/Q918605</field>
<field name="sameAs">http://nl.dbpedia.org/resource/Herbert_James_Draper</field>
<field name="sameAs">http://it.dbpedia.org/resource/Herbert_James_Draper</field>
<field name="sameAs">http://ca.dbpedia.org/resource/Herbert_James_Draper</field>
<field name="sameAs">http://dbpedia.org/resource/Herbert_James_Draper</field>
<field name="sameAs">http://de.dbpedia.org/resource/Herbert_James_Draper</field>
<field name="sameAs">http://no.dbpedia.org/resource/Herbert_James_Draper</field>
<field name="sameAs">http://ru.dbpedia.org/resource/Дрейпер,_Герберт_Джеймс</field>
<field name="sameAs">http://fa.dbpedia.org/resource/هربرت_جیمز_دراپر</field>
<field name="sameAs">http://es.dbpedia.org/resource/Herbert_James_Draper</field>
<field name="sameAs">http://rdf.freebase.com/ns/m.06qy69</field>
<field name="subject" update="add">http://dbpedia.org/resource/Category:1863_births</field>
<field name="subject" update="add">http://dbpedia.org/resource/Category:English_painters</field>
<field name="subject" update="add">http://dbpedia.org/resource/Category:English_illustrators</field>
<field name="subject" update="add">http://dbpedia.org/resource/Category:1920_deaths</field>
<field name="subject" update="add">http://dbpedia.org/resource/Category:Artists_from_London</field>
<field name="subject" update="add">http://dbpedia.org/resource/Category:People_educated_at_Bruce_Castle_School</field>
<field name="subject" update="add">http://dbpedia.org/resource/Category:Portrait_artists</field>
<field name="abstract">Herbert James Draper (1863 – 22 September 1920) was an English Classicist painter whose career began in the Victorian era and extended through the first two decades of the 20th century.</field>
<field name="label">Herbert James Draper</field>
<field name="depiction">http://upload.wikimedia.org/wikipedia/commons/3/3f/Draper-The_Water_Nymph.jpg</field>
<field name="comment">Herbert James Draper (1863 – 22 September 1920) was an English Classicist painter whose career began in the Victorian era and extended through the first two decades of the 20th century.</field>
<field name="name"/>
<field name="thumbnail">http://upload.wikimedia.org/wikipedia/commons/thumb/3/3f/Draper-The_Water_Nymph.jpg/200px-Draper-The_Water_Nymph.jpg</field>
<field name="link_external">http://www.artcyclopedia.com/artists/draper_herbert.html</field>
<field name="link_external">http://www.artrenewal.org/pages/artist.php?artistid=98</field>
<field name="link_external">http://www.tate.org.uk/servlet/ViewWork?workid=4002</field>
<field name="link_external">http://www.victorianweb.org/painting/draper/index.html</field>
<field name="isPrimaryTopicOf">http://en.wikipedia.org/wiki/Herbert_James_Draper</field>
<field name="description"/>
<field name="photo-collection">http://wifo5-03.informatik.uni-mannheim.de/flickrwrappr/photos/Herbert_James_Draper</field>
</doc>
<doc>
<field name="uri">http://fr.dbpedia.org/resource/Herbert_Draper</field>
<field name="entity_type">artists</field>
<field name="timestamp">NOW</field>
<field name="sameAs">http://dbpedia.org/resource/Herbert_James_Draper</field>
</doc>
<doc>
<field name="uri">http://pl.dbpedia.org/resource/Herbert_James_Draper</field>
<field name="entity_type">artists</field>
<field name="timestamp">NOW</field>
<field name="sameAs">http://dbpedia.org/resource/Herbert_James_Draper</field>
</doc>
<doc>
<field name="uri">http://ru.dbpedia.org/resource/Дрейпер,_Герберт_Джеймс</field>
<field name="entity_type">artists</field>
<field name="timestamp">NOW</field>
<field name="sameAs">http://dbpedia.org/resource/Herbert_James_Draper</field>
</doc>
<doc>
<field name="uri">http://dbpedia.org/resource/The_Lament_for_Icarus</field>
<field name="entity_type">artists</field>
<field name="timestamp">NOW</field>
<field name="artist">http://dbpedia.org/resource/Herbert_James_Draper</field>
</doc>
<doc>
<field name="uri">http://it.dbpedia.org/resource/Herbert_James_Draper</field>
<field name="entity_type">artists</field>
<field name="timestamp">NOW</field>
<field name="sameAs">http://dbpedia.org/resource/Herbert_James_Draper</field>
</doc>
<doc>
<field name="uri">http://de.dbpedia.org/resource/Herbert_James_Draper</field>
<field name="entity_type">artists</field>
<field name="timestamp">NOW</field>
<field name="sameAs">http://dbpedia.org/resource/Herbert_James_Draper</field>
</doc>
<doc>
<field name="uri">http://es.dbpedia.org/resource/Herbert_James_Draper</field>
<field name="entity_type">artists</field>
<field name="timestamp">NOW</field>
<field name="sameAs">http://dbpedia.org/resource/Herbert_James_Draper</field>
</doc>
<doc>
<field name="uri">http://dbpedia.org/resource/Herbert_draper</field>
<field name="entity_type">artists</field>
<field name="timestamp">NOW</field>
</doc>
<doc>
<field name="uri">http://en.wikipedia.org/wiki/Herbert_James_Draper</field>
<field name="entity_type">artists</field>
<field name="timestamp">NOW</field>
<field name="primaryTopic">http://dbpedia.org/resource/Herbert_James_Draper</field>
</doc>
<doc>
<field name="uri">http://wikidata.dbpedia.org/resource/Q918605</field>
<field name="entity_type">artists</field>
<field name="timestamp">NOW</field>
<field name="sameAs">http://dbpedia.org/resource/Herbert_James_Draper</field>
</doc>
<doc>
<field name="uri">http://nl.dbpedia.org/resource/Herbert_James_Draper</field>
<field name="entity_type">artists</field>
<field name="timestamp">NOW</field>
<field name="sameAs">http://dbpedia.org/resource/Herbert_James_Draper</field>
</doc>
<doc>
<field name="uri">http://ca.dbpedia.org/resource/Herbert_James_Draper</field>
<field name="entity_type">artists</field>
<field name="timestamp">NOW</field>
<field name="sameAs">http://dbpedia.org/resource/Herbert_James_Draper</field>
</doc>
<doc>
<field name="uri">http://fa.dbpedia.org/resource/هربرت_جیمز_دراپر</field>
<field name="entity_type">artists</field>
<field name="timestamp">NOW</field>
<field name="sameAs">http://dbpedia.org/resource/Herbert_James_Draper</field>
</doc>
<doc>
<field name="uri">http://no.dbpedia.org/resource/Herbert_James_Draper</field>
<field name="entity_type">artists</field>
<field name="timestamp">NOW</field>
<field name="sameAs">http://dbpedia.org/resource/Herbert_James_Draper</field>
</doc>
</add>
