<add xmlns:dc="http://purl.org/dc/elements/1.1/" overwrite="true">
<doc>
<field name="uri">http://dbpedia.org/resource/Hieronymus</field>
<field name="entity_type">artists</field>
<field name="timestamp">NOW</field>
</doc>
<doc>
<field name="uri">http://dbpedia.org/resource/Saint_Christopher_Carrying_the_Christ_Child</field>
<field name="entity_type">artists</field>
<field name="timestamp">NOW</field>
</doc>
<doc>
<field name="uri">http://de.dbpedia.org/resource/Hieronymus_Bosch</field>
<field name="entity_type">artists</field>
<field name="timestamp">NOW</field>
<field name="sameAs">http://dbpedia.org/resource/Hieronymus_Bosch</field>
</doc>
<doc>
<field name="uri">http://ja.dbpedia.org/resource/ヒエロニムス・ボス</field>
<field name="entity_type">artists</field>
<field name="timestamp">NOW</field>
<field name="sameAs">http://dbpedia.org/resource/Hieronymus_Bosch</field>
</doc>
<doc>
<field name="uri">http://dbpedia.org/resource/Hieronymous_Bosch</field>
<field name="entity_type">artists</field>
<field name="timestamp">NOW</field>
</doc>
<doc>
<field name="uri">http://dbpedia.org/resource/Christ_Child_with_a_Walking_Frame</field>
<field name="entity_type">artists</field>
<field name="timestamp">NOW</field>
</doc>
<doc>
<field name="uri">http://dbpedia.org/resource/Jerome_Bosch</field>
<field name="entity_type">artists</field>
<field name="timestamp">NOW</field>
</doc>
<doc>
<field name="uri">http://dbpedia.org/resource/24999_Hieronymus</field>
<field name="entity_type">artists</field>
<field name="timestamp">NOW</field>
</doc>
<doc>
<field name="uri">http://dbpedia.org/resource/Christ_Carrying_the_Cross_(Bosch,_1480s)</field>
<field name="entity_type">artists</field>
<field name="timestamp">NOW</field>
</doc>
<doc>
<field name="uri">http://dbpedia.org/resource/Bosch</field>
<field name="entity_type">artists</field>
<field name="timestamp">NOW</field>
</doc>
<doc>
<field name="uri">http://dbpedia.org/resource/Hieronymus_Bosch</field>
<field name="entity_type">artists</field>
<field name="timestamp">NOW</field>
<field name="sameAs">http://lt.dbpedia.org/resource/Hieronymus_Bosch</field>
<field name="sameAs">http://he.dbpedia.org/resource/הירונימוס_בוש</field>
<field name="sameAs">http://uk.dbpedia.org/resource/Ієронімус_Босх</field>
<field name="sameAs">http://sh.dbpedia.org/resource/Hieronymus_Bosch</field>
<field name="sameAs">http://rdf.freebase.com/ns/m.0cdn_</field>
<field name="sameAs">http://pt.dbpedia.org/resource/Hieronymus_Bosch</field>
<field name="sameAs">http://qu.dbpedia.org/resource/Hieronymus_Bosch</field>
<field name="sameAs">http://fr.dbpedia.org/resource/Jérôme_Bosch</field>
<field name="sameAs">http://es.dbpedia.org/resource/Hieronymus_Bosch</field>
<field name="sameAs">http://sv.dbpedia.org/resource/Hieronymus_Bosch</field>
<field name="sameAs">http://gl.dbpedia.org/resource/Hieronymus_Bosch</field>
<field name="sameAs">http://dbpedia.org/resource/Hieronymus_Bosch</field>
<field name="sameAs">http://tg.dbpedia.org/resource/Ҳиеронимус_Бош</field>
<field name="sameAs">http://ka.dbpedia.org/resource/ჰიერონიმუს_ბოსხი</field>
<field name="sameAs">http://eo.dbpedia.org/resource/Hieronymus_Bosch</field>
<field name="sameAs">http://war.dbpedia.org/resource/Hieronymus_Bosch</field>
<field name="sameAs">http://nn.dbpedia.org/resource/Hieronymus_Bosch</field>
<field name="sameAs">http://stq.dbpedia.org/resource/Jheronimus_van_Aken</field>
<field name="sameAs">http://be_x_old.dbpedia.org/resource/Геранімус_Босх</field>
<field name="sameAs">http://tr.dbpedia.org/resource/Hieronymus_Bosch</field>
<field name="sameAs">http://da.dbpedia.org/resource/Hieronymus_Bosch</field>
<field name="sameAs">http://www.wikidata.org/entity/Q130531</field>
<field name="sameAs">http://lv.dbpedia.org/resource/Hieronīms_Boss</field>
<field name="sameAs">http://az.dbpedia.org/resource/İeronim_Bosx</field>
<field name="sameAs">http://br.dbpedia.org/resource/Hieronymus_Bosch</field>
<field name="sameAs">http://bs.dbpedia.org/resource/Hieronymus_Bosch</field>
<field name="sameAs">http://sk.dbpedia.org/resource/Hieronymus_Bosch</field>
<field name="sameAs">http://hy.dbpedia.org/resource/Հիերոնիմոս_Բոսխ</field>
<field name="sameAs">http://pl.dbpedia.org/resource/Hieronim_Bosch</field>
<field name="sameAs">http://cy.dbpedia.org/resource/Hieronymus_Bosch</field>
<field name="sameAs">http://io.dbpedia.org/resource/Hieronymus_Bosch</field>
<field name="sameAs">http://fi.dbpedia.org/resource/Hieronymus_Bosch</field>
<field name="sameAs">http://hr.dbpedia.org/resource/Hieronymus_Bosch</field>
<field name="sameAs">http://gd.dbpedia.org/resource/Hieronymus_Bosch</field>
<field name="sameAs">http://simple.dbpedia.org/resource/Hieronymus_Bosch</field>
<field name="sameAs">http://ru.dbpedia.org/resource/Босх,_Иероним</field>
<field name="sameAs">http://zh.dbpedia.org/resource/耶罗尼米斯·博斯</field>
<field name="sameAs">http://ro.dbpedia.org/resource/Hieronymus_Bosch</field>
<field name="sameAs">http://ar.dbpedia.org/resource/هيرونيموس_بوس</field>
<field name="sameAs">http://sl.dbpedia.org/resource/Hieronymus_Bosch</field>
<field name="sameAs">http://lad.dbpedia.org/resource/Hyeronimus_Bosch</field>
<field name="sameAs">http://sr.dbpedia.org/resource/Хијероним_Бош</field>
<field name="sameAs">http://ja.dbpedia.org/resource/ヒエロニムス・ボス</field>
<field name="sameAs">http://cs.dbpedia.org/resource/Hieronymus_Bosch</field>
<field name="sameAs">http://de.dbpedia.org/resource/Hieronymus_Bosch</field>
<field name="sameAs">http://nl.dbpedia.org/resource/Jheronimus_Bosch</field>
<field name="sameAs">http://ca.dbpedia.org/resource/Hieronymus_Bosch</field>
<field name="sameAs">http://eu.dbpedia.org/resource/Jeronimo_Bosch</field>
<field name="sameAs">http://fa.dbpedia.org/resource/هیرونیموس_بوش</field>
<field name="sameAs">http://th.dbpedia.org/resource/เฮียโรนิมัส_บอส</field>
<field name="sameAs">http://hu.dbpedia.org/resource/Hieronymus_Bosch</field>
<field name="sameAs">http://yago-knowledge.org/resource/Hieronymus_Bosch</field>
<field name="sameAs">http://bg.dbpedia.org/resource/Йеронимус_Бош</field>
<field name="sameAs">http://no.dbpedia.org/resource/Hieronymus_Bosch</field>
<field name="sameAs">http://el.dbpedia.org/resource/Ιερώνυμος_Μπος</field>
<field name="sameAs">http://it.dbpedia.org/resource/Hieronymus_Bosch</field>
<field name="sameAs">http://ko.dbpedia.org/resource/히에로니무스_보스</field>
<field name="sameAs">http://lb.dbpedia.org/resource/Hieronymus_Bosch</field>
<field name="sameAs">http://mk.dbpedia.org/resource/Хиеронимус_Бос</field>
<field name="sameAs">http://be.dbpedia.org/resource/Іеранім_Босх</field>
<field name="sameAs">http://la.dbpedia.org/resource/Hieronymus_Bosch</field>
<field name="subject" update="add">http://dbpedia.org/resource/Category:Dutch_painters</field>
<field name="subject" update="add">http://dbpedia.org/resource/Category:1450s_births</field>
<field name="subject" update="add">http://dbpedia.org/resource/Category:Requests_for_audio_pronunciation_(English)</field>
<field name="subject" update="add">http://dbpedia.org/resource/Category:Renaissance_painters</field>
<field name="subject" update="add">http://dbpedia.org/resource/Category:People_from_'s-Hertogenbosch</field>
<field name="subject" update="add">http://dbpedia.org/resource/Category:1516_deaths</field>
<field name="subject" update="add">http://dbpedia.org/resource/Category:Early_Netherlandish_painters</field>
<field name="subject" update="add">http://dbpedia.org/resource/Category:Dutch_Christians</field>
<field name="subject" update="add">http://dbpedia.org/resource/Category:Requests_for_audio_pronunciation_(Dutch)</field>
<field name="subject" update="add">http://dbpedia.org/resource/Category:Christian_artists</field>
<field name="subject" update="add">http://dbpedia.org/resource/Category:Burials_in_'s-Hertogenbosch</field>
<field name="abstract">Hieronymus Bosch, was a Dutch painter. His work is known for its use of fantastic imagery to illustrate moral and religious concepts and narratives.</field>
<field name="birth-place">http://dbpedia.org/resource/Duchy_of_Brabant</field>
<field name="birth-place">http://dbpedia.org/resource/'s-Hertogenbosch</field>
<field name="death-place">http://dbpedia.org/resource/Netherlands</field>
<field name="death-place">http://dbpedia.org/resource/'s-Hertogenbosch</field>
<field name="field">http://dbpedia.org/resource/Painting</field>
<field name="movement">http://dbpedia.org/resource/Early_Netherlandish_painting</field>
<field name="label">Hieronymus Bosch</field>
<field name="depiction">http://upload.wikimedia.org/wikipedia/commons/2/2d/Jheronimus_Bosch_(cropped).jpg</field>
<field name="comment">Hieronymus Bosch, was a Dutch painter. His work is known for its use of fantastic imagery to illustrate moral and religious concepts and narratives.</field>
<field name="name"/>
<field name="thumbnail">http://upload.wikimedia.org/wikipedia/commons/thumb/2/2d/Jheronimus_Bosch_(cropped).jpg/200px-Jheronimus_Bosch_(cropped).jpg</field>
<field name="link_external">http://www.boschuniverse.org/index.cfm?</field>
<field name="link_external">http://www.hieronymus-bosch.org</field>
<field name="link_external">http://www.aiwaz.net/gallery/bosch-hieronymus/gc85</field>
<field name="link_external">http://www.hieronymus-movie.com</field>
<field name="link_external">http://issuu.com/akenpapers/docs/jheronimus_bosch__eng_</field>
<field name="link_external">http://www.boschbruegel.com</field>
<field name="link_external">http://www.doremishock.com/bosch/bosch.htm</field>
<field name="link_external">http://www.all-art.org/early_renaissance/bosch01biography.html</field>
<field name="link_external">http://www.museodelprado.es/en/ingles/collection/on-line-gallery/on-line-gallery/obra/the-garden-of-earthly-delights/</field>
<field name="link_external">http://www.percontra.net/5silver.htm</field>
<field name="link_external">http://web.archive.org/web/20070206113439/http:/athena.english.vt.edu/~baugh/bosch/boschmain.htm</field>
<field name="link_external">http://www.ibiblio.org/wm/paint/auth/bosch/</field>
<field name="link_external">http://www.jheronimusbosch-artcenter.nl/Engels/index.php</field>
<field name="link_external">http://www.williamgaddis.org/recognitions/sevensinspainting.shtml</field>
<field name="field">http://dbpedia.org/resource/Painting</field>
<field name="movement">http://dbpedia.org/resource/Renaissance</field>
<field name="movement">http://dbpedia.org/resource/Early_Netherlandish_painting</field>
<field name="influenced"/>
<field name="influenced"/>
<field name="isPrimaryTopicOf">http://en.wikipedia.org/wiki/Hieronymus_Bosch</field>
<field name="description"/>
<field name="photo-collection">http://wifo5-03.informatik.uni-mannheim.de/flickrwrappr/photos/Hieronymus_Bosch</field>
</doc>
<doc>
<field name="uri">http://dbpedia.org/resource/Victor_Bregeda</field>
<field name="entity_type">artists</field>
<field name="timestamp">NOW</field>
<field name="influenced">http://dbpedia.org/resource/Hieronymus_Bosch</field>
</doc>
<doc>
<field name="uri">http://dbpedia.org/resource/Christ_Crowned_with_Thorns_(Bosch,_El_Escorial)</field>
<field name="entity_type">artists</field>
<field name="timestamp">NOW</field>
</doc>
<doc>
<field name="uri">http://el.dbpedia.org/resource/Ιερώνυμος_Μπος</field>
<field name="entity_type">artists</field>
<field name="timestamp">NOW</field>
<field name="sameAs">http://dbpedia.org/resource/Hieronymus_Bosch</field>
</doc>
<doc>
<field name="uri">http://es.dbpedia.org/resource/Hieronymus_Bosch</field>
<field name="entity_type">artists</field>
<field name="timestamp">NOW</field>
<field name="sameAs">http://dbpedia.org/resource/Hieronymus_Bosch</field>
</doc>
<doc>
<field name="uri">http://dbpedia.org/resource/Chet_Zar</field>
<field name="entity_type">artists</field>
<field name="timestamp">NOW</field>
<field name="influenced">http://dbpedia.org/resource/Hieronymus_Bosch</field>
</doc>
<doc>
<field name="uri">http://dbpedia.org/resource/John_Blanche</field>
<field name="entity_type">artists</field>
<field name="timestamp">NOW</field>
<field name="influenced">http://dbpedia.org/resource/Hieronymus_Bosch</field>
</doc>
<doc>
<field name="uri">http://dbpedia.org/resource/Adoration_of_the_Child_(Bosch)</field>
<field name="entity_type">artists</field>
<field name="timestamp">NOW</field>
</doc>
<doc>
<field name="uri">http://dbpedia.org/resource/Allegory_of_Gluttony_and_Lust</field>
<field name="entity_type">artists</field>
<field name="timestamp">NOW</field>
</doc>
<doc>
<field name="uri">http://dbpedia.org/resource/Christ_Crowned_with_Thorns_(Bosch,_London)</field>
<field name="entity_type">artists</field>
<field name="timestamp">NOW</field>
</doc>
<doc>
<field name="uri">http://dbpedia.org/resource/Ecce_Homo_(Bosch,_1490s)</field>
<field name="entity_type">artists</field>
<field name="timestamp">NOW</field>
</doc>
<doc>
<field name="uri">http://dbpedia.org/resource/Ascent_of_the_Blessed</field>
<field name="entity_type">artists</field>
<field name="timestamp">NOW</field>
</doc>
<doc>
<field name="uri">http://dbpedia.org/resource/Christ_Carrying_the_Cross_(Bosch,_1515%E2%80%9316)</field>
<field name="entity_type">artists</field>
<field name="timestamp">NOW</field>
</doc>
<doc>
<field name="uri">http://dbpedia.org/resource/Christ_Carrying_the_Cross_(Bosch,_Madrid)</field>
<field name="entity_type">artists</field>
<field name="timestamp">NOW</field>
</doc>
<doc>
<field name="uri">http://dbpedia.org/resource/Crucifixion_with_a_Donor_(Bosch)</field>
<field name="entity_type">artists</field>
<field name="timestamp">NOW</field>
</doc>
<doc>
<field name="uri">http://dbpedia.org/resource/Cutting_the_Stone</field>
<field name="entity_type">artists</field>
<field name="timestamp">NOW</field>
<field name="artist">http://dbpedia.org/resource/Hieronymus_Bosch</field>
</doc>
<doc>
<field name="uri">http://dbpedia.org/resource/Ecce_Homo_(Bosch,_1470s)</field>
<field name="entity_type">artists</field>
<field name="timestamp">NOW</field>
</doc>
<doc>
<field name="uri">http://dbpedia.org/resource/The_Conjurer_(painting)</field>
<field name="entity_type">artists</field>
<field name="timestamp">NOW</field>
</doc>
<doc>
<field name="uri">http://dbpedia.org/resource/The_Crucifixion_of_St_Julia</field>
<field name="entity_type">artists</field>
<field name="timestamp">NOW</field>
<field name="artist">http://dbpedia.org/resource/Hieronymus_Bosch</field>
</doc>
<doc>
<field name="uri">http://dbpedia.org/resource/The_Last_Judgment_(Bosch_triptych)</field>
<field name="entity_type">artists</field>
<field name="timestamp">NOW</field>
<field name="artist">http://dbpedia.org/resource/Hieronymus_Bosch</field>
</doc>
<doc>
<field name="uri">http://dbpedia.org/resource/The_Last_Judgment_(Bosch_triptych_fragment)</field>
<field name="entity_type">artists</field>
<field name="timestamp">NOW</field>
<field name="artist">http://dbpedia.org/resource/Hieronymus_Bosch</field>
</doc>
<doc>
<field name="uri">http://dbpedia.org/resource/Ship_of_Fools_(painting)</field>
<field name="entity_type">artists</field>
<field name="timestamp">NOW</field>
<field name="artist">http://dbpedia.org/resource/Hieronymus_Bosch</field>
</doc>
<doc>
<field name="uri">http://dbpedia.org/resource/The_Temptation_of_St_Anthony_(Bosch_painting)</field>
<field name="entity_type">artists</field>
<field name="timestamp">NOW</field>
</doc>
<doc>
<field name="uri">http://dbpedia.org/resource/Two_Male_Heads_(Bosch)</field>
<field name="entity_type">artists</field>
<field name="timestamp">NOW</field>
</doc>
<doc>
<field name="uri">http://dbpedia.org/resource/Honeymoon_in_Hell</field>
<field name="entity_type">artists</field>
<field name="timestamp">NOW</field>
</doc>
<doc>
<field name="uri">http://dbpedia.org/resource/St._John_the_Baptist_in_the_Wilderness</field>
<field name="entity_type">artists</field>
<field name="timestamp">NOW</field>
</doc>
<doc>
<field name="uri">http://dbpedia.org/resource/Death_and_the_Miser</field>
<field name="entity_type">artists</field>
<field name="timestamp">NOW</field>
<field name="artist">http://dbpedia.org/resource/Hieronymus_Bosch</field>
</doc>
<doc>
<field name="uri">http://dbpedia.org/resource/Head_of_a_Woman_(Bosch)</field>
<field name="entity_type">artists</field>
<field name="timestamp">NOW</field>
<field name="artist">http://dbpedia.org/resource/Hieronymus_Bosch</field>
</doc>
<doc>
<field name="uri">http://dbpedia.org/resource/Hell_(Bosch)</field>
<field name="entity_type">artists</field>
<field name="timestamp">NOW</field>
</doc>
<doc>
<field name="uri">http://dbpedia.org/resource/St._John_the_Evangelist_on_Patmos</field>
<field name="entity_type">artists</field>
<field name="timestamp">NOW</field>
</doc>
<doc>
<field name="uri">http://dbpedia.org/resource/Heironymous_Bosch</field>
<field name="entity_type">artists</field>
<field name="timestamp">NOW</field>
</doc>
<doc>
<field name="uri">http://dbpedia.org/resource/The_Wayfarer</field>
<field name="entity_type">artists</field>
<field name="timestamp">NOW</field>
<field name="artist">http://dbpedia.org/resource/Hieronymus_Bosch</field>
</doc>
<doc>
<field name="uri">http://dbpedia.org/resource/Jeroen</field>
<field name="entity_type">artists</field>
<field name="timestamp">NOW</field>
</doc>
<doc>
<field name="uri">http://dbpedia.org/resource/Jacek_Yerka</field>
<field name="entity_type">artists</field>
<field name="timestamp">NOW</field>
<field name="influenced">http://dbpedia.org/resource/Hieronymus_Bosch</field>
</doc>
<doc>
<field name="uri">http://dbpedia.org/resource/Fall_of_the_Damned_into_Hell</field>
<field name="entity_type">artists</field>
<field name="timestamp">NOW</field>
</doc>
<doc>
<field name="uri">http://dbpedia.org/resource/St._Jerome_at_Prayer_(Bosch)</field>
<field name="entity_type">artists</field>
<field name="timestamp">NOW</field>
</doc>
<doc>
<field name="uri">http://dbpedia.org/resource/Jeroen_Bosch</field>
<field name="entity_type">artists</field>
<field name="timestamp">NOW</field>
</doc>
<doc>
<field name="uri">http://dbpedia.org/resource/El_Bosco</field>
<field name="entity_type">artists</field>
<field name="timestamp">NOW</field>
</doc>
<doc>
<field name="uri">http://dbpedia.org/resource/Heironymus_Bosch</field>
<field name="entity_type">artists</field>
<field name="timestamp">NOW</field>
</doc>
<doc>
<field name="uri">http://dbpedia.org/resource/Hieronymus_Bosc</field>
<field name="entity_type">artists</field>
<field name="timestamp">NOW</field>
</doc>
<doc>
<field name="uri">http://dbpedia.org/resource/Jeroen_Anthoniszoon</field>
<field name="entity_type">artists</field>
<field name="timestamp">NOW</field>
</doc>
<doc>
<field name="uri">http://dbpedia.org/resource/Jeroen_Anthoniszoon_van_Aken</field>
<field name="entity_type">artists</field>
<field name="timestamp">NOW</field>
</doc>
<doc>
<field name="uri">http://dbpedia.org/resource/Jerom_van_Aeken</field>
<field name="entity_type">artists</field>
<field name="timestamp">NOW</field>
</doc>
<doc>
<field name="uri">http://dbpedia.org/resource/Jerome_Van_Aachen</field>
<field name="entity_type">artists</field>
<field name="timestamp">NOW</field>
</doc>
<doc>
<field name="uri">http://dbpedia.org/resource/Jerome_Van_Aeken</field>
<field name="entity_type">artists</field>
<field name="timestamp">NOW</field>
</doc>
<doc>
<field name="uri">http://dbpedia.org/resource/Jerome_Van_Aken</field>
<field name="entity_type">artists</field>
<field name="timestamp">NOW</field>
</doc>
<doc>
<field name="uri">http://dbpedia.org/resource/Jerome_Van_Aquen</field>
<field name="entity_type">artists</field>
<field name="timestamp">NOW</field>
</doc>
<doc>
<field name="uri">http://dbpedia.org/resource/Jerome_Von_Aiken</field>
<field name="entity_type">artists</field>
<field name="timestamp">NOW</field>
</doc>
<doc>
<field name="uri">http://dbpedia.org/resource/Jerome_from_Aachen</field>
<field name="entity_type">artists</field>
<field name="timestamp">NOW</field>
</doc>
<doc>
<field name="uri">http://dbpedia.org/resource/Jheronimus_Bos</field>
<field name="entity_type">artists</field>
<field name="timestamp">NOW</field>
</doc>
<doc>
<field name="uri">http://dbpedia.org/resource/Steve_Lieber</field>
<field name="entity_type">artists</field>
<field name="timestamp">NOW</field>
</doc>
<doc>
<field name="uri">http://dbpedia.org/resource/James_Ensor</field>
<field name="entity_type">artists</field>
<field name="timestamp">NOW</field>
<field name="influenced">http://dbpedia.org/resource/Hieronymus_Bosch</field>
</doc>
<doc>
<field name="uri">http://dbpedia.org/resource/Jeff_Roland</field>
<field name="entity_type">artists</field>
<field name="timestamp">NOW</field>
<field name="influenced">http://dbpedia.org/resource/Hieronymus_Bosch</field>
</doc>
<doc>
<field name="uri">http://cs.dbpedia.org/resource/Hieronymus_Bosch</field>
<field name="entity_type">artists</field>
<field name="timestamp">NOW</field>
<field name="sameAs">http://dbpedia.org/resource/Hieronymus_Bosch</field>
</doc>
<doc>
<field name="uri">http://fr.dbpedia.org/resource/Jérôme_Bosch</field>
<field name="entity_type">artists</field>
<field name="timestamp">NOW</field>
<field name="sameAs">http://dbpedia.org/resource/Hieronymus_Bosch</field>
</doc>
<doc>
<field name="uri">http://ko.dbpedia.org/resource/히에로니무스_보스</field>
<field name="entity_type">artists</field>
<field name="timestamp">NOW</field>
<field name="sameAs">http://dbpedia.org/resource/Hieronymus_Bosch</field>
</doc>
<doc>
<field name="uri">http://ru.dbpedia.org/resource/Босх,_Иероним</field>
<field name="entity_type">artists</field>
<field name="timestamp">NOW</field>
<field name="sameAs">http://dbpedia.org/resource/Hieronymus_Bosch</field>
</doc>
<doc>
<field name="uri">http://dbpedia.org/resource/Jerom_Bosch</field>
<field name="entity_type">artists</field>
<field name="timestamp">NOW</field>
</doc>
<doc>
<field name="uri">http://dbpedia.org/resource/The_Epiphany_(Bosch)</field>
<field name="entity_type">artists</field>
<field name="timestamp">NOW</field>
</doc>
<doc>
<field name="uri">http://dbpedia.org/resource/The_Seven_Deadly_Sins_and_the_Four_Last_Things</field>
<field name="entity_type">artists</field>
<field name="timestamp">NOW</field>
<field name="artist">http://dbpedia.org/resource/Hieronymus_Bosch</field>
</doc>
<doc>
<field name="uri">http://dbpedia.org/resource/Death_of_the_Reprobate</field>
<field name="entity_type">artists</field>
<field name="timestamp">NOW</field>
<field name="artist">http://dbpedia.org/resource/Hieronymus_Bosch</field>
</doc>
<doc>
<field name="uri">http://dbpedia.org/resource/Head_of_a_Halberdier</field>
<field name="entity_type">artists</field>
<field name="timestamp">NOW</field>
</doc>
<doc>
<field name="uri">http://dbpedia.org/resource/Jheronimus_van_Aken</field>
<field name="entity_type">artists</field>
<field name="timestamp">NOW</field>
</doc>
<doc>
<field name="uri">http://dbpedia.org/resource/Hieronymous_Bosh</field>
<field name="entity_type">artists</field>
<field name="timestamp">NOW</field>
</doc>
<doc>
<field name="uri">http://dbpedia.org/resource/Hieronimus_Bosch</field>
<field name="entity_type">artists</field>
<field name="timestamp">NOW</field>
</doc>
<doc>
<field name="uri">http://dbpedia.org/resource/The_Haywain_Triptych</field>
<field name="entity_type">artists</field>
<field name="timestamp">NOW</field>
<field name="artist">http://dbpedia.org/resource/Hieronymus_Bosch</field>
</doc>
<doc>
<field name="uri">http://dbpedia.org/resource/Terrestrial_Paradise_(Bosch)</field>
<field name="entity_type">artists</field>
<field name="timestamp">NOW</field>
</doc>
<doc>
<field name="uri">http://it.dbpedia.org/resource/Hieronymus_Bosch</field>
<field name="entity_type">artists</field>
<field name="timestamp">NOW</field>
<field name="sameAs">http://dbpedia.org/resource/Hieronymus_Bosch</field>
</doc>
<doc>
<field name="uri">http://pl.dbpedia.org/resource/Hieronim_Bosch</field>
<field name="entity_type">artists</field>
<field name="timestamp">NOW</field>
<field name="sameAs">http://dbpedia.org/resource/Hieronymus_Bosch</field>
</doc>
<doc>
<field name="uri">http://pt.dbpedia.org/resource/Hieronymus_Bosch</field>
<field name="entity_type">artists</field>
<field name="timestamp">NOW</field>
<field name="sameAs">http://dbpedia.org/resource/Hieronymus_Bosch</field>
</doc>
<doc>
<field name="uri">http://en.wikipedia.org/wiki/Hieronymus_Bosch</field>
<field name="entity_type">artists</field>
<field name="timestamp">NOW</field>
<field name="primaryTopic">http://dbpedia.org/resource/Hieronymus_Bosch</field>
</doc>
<doc>
<field name="uri">http://dbpedia.org/resource/Jeroen_van_Aken</field>
<field name="entity_type">artists</field>
<field name="timestamp">NOW</field>
</doc>
<doc>
<field name="uri">http://dbpedia.org/resource/Jheronimus_Bosch</field>
<field name="entity_type">artists</field>
<field name="timestamp">NOW</field>
</doc>
<doc>
<field name="uri">http://dbpedia.org/resource/The_Hermit_Saints</field>
<field name="entity_type">artists</field>
<field name="timestamp">NOW</field>
</doc>
<doc>
<field name="uri">http://dbpedia.org/resource/Jerome_van_Aken</field>
<field name="entity_type">artists</field>
<field name="timestamp">NOW</field>
</doc>
<doc>
<field name="uri">http://nl.dbpedia.org/resource/Jheronimus_Bosch</field>
<field name="entity_type">artists</field>
<field name="timestamp">NOW</field>
<field name="sameAs">http://dbpedia.org/resource/Hieronymus_Bosch</field>
</doc>
<doc>
<field name="uri">http://eu.dbpedia.org/resource/Jeronimo_Bosch</field>
<field name="entity_type">artists</field>
<field name="timestamp">NOW</field>
<field name="sameAs">http://dbpedia.org/resource/Hieronymus_Bosch</field>
</doc>
<doc>
<field name="uri">http://wikidata.dbpedia.org/resource/Q130531</field>
<field name="entity_type">artists</field>
<field name="timestamp">NOW</field>
<field name="sameAs">http://dbpedia.org/resource/Hieronymus_Bosch</field>
</doc>
<doc>
<field name="uri">http://zh.dbpedia.org/resource/耶罗尼米斯·博斯</field>
<field name="entity_type">artists</field>
<field name="timestamp">NOW</field>
<field name="sameAs">http://dbpedia.org/resource/Hieronymus_Bosch</field>
</doc>
<doc>
<field name="uri">http://ar.dbpedia.org/resource/هيرونيموس_بوس</field>
<field name="entity_type">artists</field>
<field name="timestamp">NOW</field>
<field name="sameAs">http://dbpedia.org/resource/Hieronymus_Bosch</field>
</doc>
<doc>
<field name="uri">http://az.dbpedia.org/resource/İeronim_Bosx</field>
<field name="entity_type">artists</field>
<field name="timestamp">NOW</field>
<field name="sameAs">http://dbpedia.org/resource/Hieronymus_Bosch</field>
</doc>
<doc>
<field name="uri">http://be.dbpedia.org/resource/Іеранім_Босх</field>
<field name="entity_type">artists</field>
<field name="timestamp">NOW</field>
<field name="sameAs">http://dbpedia.org/resource/Hieronymus_Bosch</field>
</doc>
<doc>
<field name="uri">http://bg.dbpedia.org/resource/Йеронимус_Бош</field>
<field name="entity_type">artists</field>
<field name="timestamp">NOW</field>
<field name="sameAs">http://dbpedia.org/resource/Hieronymus_Bosch</field>
</doc>
<doc>
<field name="uri">http://br.dbpedia.org/resource/Hieronymus_Bosch</field>
<field name="entity_type">artists</field>
<field name="timestamp">NOW</field>
<field name="sameAs">http://dbpedia.org/resource/Hieronymus_Bosch</field>
</doc>
<doc>
<field name="uri">http://bs.dbpedia.org/resource/Hieronymus_Bosch</field>
<field name="entity_type">artists</field>
<field name="timestamp">NOW</field>
<field name="sameAs">http://dbpedia.org/resource/Hieronymus_Bosch</field>
</doc>
<doc>
<field name="uri">http://ca.dbpedia.org/resource/Hieronymus_Bosch</field>
<field name="entity_type">artists</field>
<field name="timestamp">NOW</field>
<field name="sameAs">http://dbpedia.org/resource/Hieronymus_Bosch</field>
</doc>
<doc>
<field name="uri">http://cy.dbpedia.org/resource/Hieronymus_Bosch</field>
<field name="entity_type">artists</field>
<field name="timestamp">NOW</field>
<field name="sameAs">http://dbpedia.org/resource/Hieronymus_Bosch</field>
</doc>
<doc>
<field name="uri">http://da.dbpedia.org/resource/Hieronymus_Bosch</field>
<field name="entity_type">artists</field>
<field name="timestamp">NOW</field>
<field name="sameAs">http://dbpedia.org/resource/Hieronymus_Bosch</field>
</doc>
<doc>
<field name="uri">http://eo.dbpedia.org/resource/Hieronymus_Bosch</field>
<field name="entity_type">artists</field>
<field name="timestamp">NOW</field>
<field name="sameAs">http://dbpedia.org/resource/Hieronymus_Bosch</field>
</doc>
<doc>
<field name="uri">http://fa.dbpedia.org/resource/هیرونیموس_بوش</field>
<field name="entity_type">artists</field>
<field name="timestamp">NOW</field>
<field name="sameAs">http://dbpedia.org/resource/Hieronymus_Bosch</field>
</doc>
<doc>
<field name="uri">http://fi.dbpedia.org/resource/Hieronymus_Bosch</field>
<field name="entity_type">artists</field>
<field name="timestamp">NOW</field>
<field name="sameAs">http://dbpedia.org/resource/Hieronymus_Bosch</field>
</doc>
<doc>
<field name="uri">http://gd.dbpedia.org/resource/Hieronymus_Bosch</field>
<field name="entity_type">artists</field>
<field name="timestamp">NOW</field>
<field name="sameAs">http://dbpedia.org/resource/Hieronymus_Bosch</field>
</doc>
<doc>
<field name="uri">http://gl.dbpedia.org/resource/Hieronymus_Bosch</field>
<field name="entity_type">artists</field>
<field name="timestamp">NOW</field>
<field name="sameAs">http://dbpedia.org/resource/Hieronymus_Bosch</field>
</doc>
<doc>
<field name="uri">http://he.dbpedia.org/resource/הירונימוס_בוש</field>
<field name="entity_type">artists</field>
<field name="timestamp">NOW</field>
<field name="sameAs">http://dbpedia.org/resource/Hieronymus_Bosch</field>
</doc>
<doc>
<field name="uri">http://hr.dbpedia.org/resource/Hieronymus_Bosch</field>
<field name="entity_type">artists</field>
<field name="timestamp">NOW</field>
<field name="sameAs">http://dbpedia.org/resource/Hieronymus_Bosch</field>
</doc>
<doc>
<field name="uri">http://hu.dbpedia.org/resource/Hieronymus_Bosch</field>
<field name="entity_type">artists</field>
<field name="timestamp">NOW</field>
<field name="sameAs">http://dbpedia.org/resource/Hieronymus_Bosch</field>
</doc>
<doc>
<field name="uri">http://hy.dbpedia.org/resource/Հիերոնիմոս_Բոսխ</field>
<field name="entity_type">artists</field>
<field name="timestamp">NOW</field>
<field name="sameAs">http://dbpedia.org/resource/Hieronymus_Bosch</field>
</doc>
<doc>
<field name="uri">http://io.dbpedia.org/resource/Hieronymus_Bosch</field>
<field name="entity_type">artists</field>
<field name="timestamp">NOW</field>
<field name="sameAs">http://dbpedia.org/resource/Hieronymus_Bosch</field>
</doc>
<doc>
<field name="uri">http://ka.dbpedia.org/resource/ჰიერონიმუს_ბოსხი</field>
<field name="entity_type">artists</field>
<field name="timestamp">NOW</field>
<field name="sameAs">http://dbpedia.org/resource/Hieronymus_Bosch</field>
</doc>
<doc>
<field name="uri">http://la.dbpedia.org/resource/Hieronymus_Bosch</field>
<field name="entity_type">artists</field>
<field name="timestamp">NOW</field>
<field name="sameAs">http://dbpedia.org/resource/Hieronymus_Bosch</field>
</doc>
<doc>
<field name="uri">http://lb.dbpedia.org/resource/Hieronymus_Bosch</field>
<field name="entity_type">artists</field>
<field name="timestamp">NOW</field>
<field name="sameAs">http://dbpedia.org/resource/Hieronymus_Bosch</field>
</doc>
<doc>
<field name="uri">http://lt.dbpedia.org/resource/Hieronymus_Bosch</field>
<field name="entity_type">artists</field>
<field name="timestamp">NOW</field>
<field name="sameAs">http://dbpedia.org/resource/Hieronymus_Bosch</field>
</doc>
<doc>
<field name="uri">http://lv.dbpedia.org/resource/Hieronīms_Boss</field>
<field name="entity_type">artists</field>
<field name="timestamp">NOW</field>
<field name="sameAs">http://dbpedia.org/resource/Hieronymus_Bosch</field>
</doc>
<doc>
<field name="uri">http://mk.dbpedia.org/resource/Хиеронимус_Бос</field>
<field name="entity_type">artists</field>
<field name="timestamp">NOW</field>
<field name="sameAs">http://dbpedia.org/resource/Hieronymus_Bosch</field>
</doc>
<doc>
<field name="uri">http://nn.dbpedia.org/resource/Hieronymus_Bosch</field>
<field name="entity_type">artists</field>
<field name="timestamp">NOW</field>
<field name="sameAs">http://dbpedia.org/resource/Hieronymus_Bosch</field>
</doc>
<doc>
<field name="uri">http://no.dbpedia.org/resource/Hieronymus_Bosch</field>
<field name="entity_type">artists</field>
<field name="timestamp">NOW</field>
<field name="sameAs">http://dbpedia.org/resource/Hieronymus_Bosch</field>
</doc>
<doc>
<field name="uri">http://qu.dbpedia.org/resource/Hieronymus_Bosch</field>
<field name="entity_type">artists</field>
<field name="timestamp">NOW</field>
<field name="sameAs">http://dbpedia.org/resource/Hieronymus_Bosch</field>
</doc>
<doc>
<field name="uri">http://ro.dbpedia.org/resource/Hieronymus_Bosch</field>
<field name="entity_type">artists</field>
<field name="timestamp">NOW</field>
<field name="sameAs">http://dbpedia.org/resource/Hieronymus_Bosch</field>
</doc>
<doc>
<field name="uri">http://sh.dbpedia.org/resource/Hieronymus_Bosch</field>
<field name="entity_type">artists</field>
<field name="timestamp">NOW</field>
<field name="sameAs">http://dbpedia.org/resource/Hieronymus_Bosch</field>
</doc>
<doc>
<field name="uri">http://simple.dbpedia.org/resource/Hieronymus_Bosch</field>
<field name="entity_type">artists</field>
<field name="timestamp">NOW</field>
<field name="sameAs">http://dbpedia.org/resource/Hieronymus_Bosch</field>
</doc>
<doc>
<field name="uri">http://sk.dbpedia.org/resource/Hieronymus_Bosch</field>
<field name="entity_type">artists</field>
<field name="timestamp">NOW</field>
<field name="sameAs">http://dbpedia.org/resource/Hieronymus_Bosch</field>
</doc>
<doc>
<field name="uri">http://sl.dbpedia.org/resource/Hieronymus_Bosch</field>
<field name="entity_type">artists</field>
<field name="timestamp">NOW</field>
<field name="sameAs">http://dbpedia.org/resource/Hieronymus_Bosch</field>
</doc>
<doc>
<field name="uri">http://sr.dbpedia.org/resource/Хијероним_Бош</field>
<field name="entity_type">artists</field>
<field name="timestamp">NOW</field>
<field name="sameAs">http://dbpedia.org/resource/Hieronymus_Bosch</field>
</doc>
<doc>
<field name="uri">http://sv.dbpedia.org/resource/Hieronymus_Bosch</field>
<field name="entity_type">artists</field>
<field name="timestamp">NOW</field>
<field name="sameAs">http://dbpedia.org/resource/Hieronymus_Bosch</field>
</doc>
<doc>
<field name="uri">http://tg.dbpedia.org/resource/Ҳиеронимус_Бош</field>
<field name="entity_type">artists</field>
<field name="timestamp">NOW</field>
<field name="sameAs">http://dbpedia.org/resource/Hieronymus_Bosch</field>
</doc>
<doc>
<field name="uri">http://th.dbpedia.org/resource/เฮียโรนิมัส_บอส</field>
<field name="entity_type">artists</field>
<field name="timestamp">NOW</field>
<field name="sameAs">http://dbpedia.org/resource/Hieronymus_Bosch</field>
</doc>
<doc>
<field name="uri">http://tr.dbpedia.org/resource/Hieronymus_Bosch</field>
<field name="entity_type">artists</field>
<field name="timestamp">NOW</field>
<field name="sameAs">http://dbpedia.org/resource/Hieronymus_Bosch</field>
</doc>
<doc>
<field name="uri">http://uk.dbpedia.org/resource/Ієронімус_Босх</field>
<field name="entity_type">artists</field>
<field name="timestamp">NOW</field>
<field name="sameAs">http://dbpedia.org/resource/Hieronymus_Bosch</field>
</doc>
<doc>
<field name="uri">http://war.dbpedia.org/resource/Hieronymus_Bosch</field>
<field name="entity_type">artists</field>
<field name="timestamp">NOW</field>
<field name="sameAs">http://dbpedia.org/resource/Hieronymus_Bosch</field>
</doc>
<doc>
<field name="uri">http://be_x_old.dbpedia.org/resource/Геранімус_Босх</field>
<field name="entity_type">artists</field>
<field name="timestamp">NOW</field>
<field name="sameAs">http://dbpedia.org/resource/Hieronymus_Bosch</field>
</doc>
<doc>
<field name="uri">http://lad.dbpedia.org/resource/Hyeronimus_Bosch</field>
<field name="entity_type">artists</field>
<field name="timestamp">NOW</field>
<field name="sameAs">http://dbpedia.org/resource/Hieronymus_Bosch</field>
</doc>
<doc>
<field name="uri">http://stq.dbpedia.org/resource/Jheronimus_van_Aken</field>
<field name="entity_type">artists</field>
<field name="timestamp">NOW</field>
<field name="sameAs">http://dbpedia.org/resource/Hieronymus_Bosch</field>
</doc>
</add>
