<add xmlns:dc="http://purl.org/dc/elements/1.1/" overwrite="true">
<doc>
<field name="uri">http://de.dbpedia.org/resource/Hugo_van_der_Goes</field>
<field name="entity_type">artists</field>
<field name="timestamp">NOW</field>
<field name="sameAs">http://dbpedia.org/resource/Hugo_van_der_Goes</field>
</doc>
<doc>
<field name="uri">http://fr.dbpedia.org/resource/Hugo_van_der_Goes</field>
<field name="entity_type">artists</field>
<field name="timestamp">NOW</field>
<field name="sameAs">http://dbpedia.org/resource/Hugo_van_der_Goes</field>
</doc>
<doc>
<field name="uri">http://es.dbpedia.org/resource/Hugo_van_der_Goes</field>
<field name="entity_type">artists</field>
<field name="timestamp">NOW</field>
<field name="sameAs">http://dbpedia.org/resource/Hugo_van_der_Goes</field>
</doc>
<doc>
<field name="uri">http://dbpedia.org/resource/Hugo_van_der_Goes</field>
<field name="entity_type">artists</field>
<field name="timestamp">NOW</field>
<field name="sameAs">http://www.wikidata.org/entity/Q215251</field>
<field name="sameAs">http://th.dbpedia.org/resource/ฮูโก_ฟาน_เดอร์_โกส์</field>
<field name="sameAs">http://fi.dbpedia.org/resource/Hugo_van_der_Goes</field>
<field name="sameAs">http://it.dbpedia.org/resource/Hugo_van_der_Goes</field>
<field name="sameAs">http://eu.dbpedia.org/resource/Hugo_van_der_Goes</field>
<field name="sameAs">http://nn.dbpedia.org/resource/Hugo_van_der_Goes</field>
<field name="sameAs">http://vls.dbpedia.org/resource/Hugo_van_der_Goes</field>
<field name="sameAs">http://es.dbpedia.org/resource/Hugo_van_der_Goes</field>
<field name="sameAs">http://ru.dbpedia.org/resource/Хуго_ван_дер_Гус</field>
<field name="sameAs">http://pl.dbpedia.org/resource/Hugo_van_der_Goes</field>
<field name="sameAs">http://sw.cyc.com/concept/Mx4rv7jRO5wpEbGdrcN5Y29ycA</field>
<field name="sameAs">http://ca.dbpedia.org/resource/Hugo_van_der_Goes</field>
<field name="sameAs">http://uk.dbpedia.org/resource/Гуго_ван_дер_Гус</field>
<field name="sameAs">http://fr.dbpedia.org/resource/Hugo_van_der_Goes</field>
<field name="sameAs">http://nl.dbpedia.org/resource/Hugo_van_der_Goes</field>
<field name="sameAs">http://cs.dbpedia.org/resource/Hugo_van_der_Goes</field>
<field name="sameAs">http://dbpedia.org/resource/Hugo_van_der_Goes</field>
<field name="sameAs">http://el.dbpedia.org/resource/Ούγκο_βαν_ντερ_Γκόες</field>
<field name="sameAs">http://hu.dbpedia.org/resource/Hugo_van_der_Goes</field>
<field name="sameAs">http://ar.dbpedia.org/resource/هوجو_فان_در</field>
<field name="sameAs">http://br.dbpedia.org/resource/Hugo_van_der_Goes</field>
<field name="sameAs">http://de.dbpedia.org/resource/Hugo_van_der_Goes</field>
<field name="sameAs">http://la.dbpedia.org/resource/Hugo_de_Goes</field>
<field name="sameAs">http://sv.dbpedia.org/resource/Hugo_van_der_Goes</field>
<field name="sameAs">http://gl.dbpedia.org/resource/Hugo_van_der_Goes</field>
<field name="sameAs">http://pt.dbpedia.org/resource/Hugo_van_der_Goes</field>
<field name="sameAs">http://yago-knowledge.org/resource/Hugo_van_der_Goes</field>
<field name="sameAs">http://nds.dbpedia.org/resource/Hugo_van_der_Goes</field>
<field name="sameAs">http://sr.dbpedia.org/resource/Хуго_ван_дер_Хус</field>
<field name="sameAs">http://ja.dbpedia.org/resource/フーゴー・ファン・デル・グース</field>
<field name="sameAs">http://lt.dbpedia.org/resource/Hugo_van_der_Goes</field>
<field name="sameAs">http://rdf.freebase.com/ns/m.05tpqd</field>
<field name="sameAs">http://hr.dbpedia.org/resource/Hugo_van_der_Goes</field>
<field name="subject" update="add">http://dbpedia.org/resource/Category:People_from_Ghent</field>
<field name="subject" update="add">http://dbpedia.org/resource/Category:Flemish_painters</field>
<field name="subject" update="add">http://dbpedia.org/resource/Category:1440s_births</field>
<field name="subject" update="add">http://dbpedia.org/resource/Category:Early_Netherlandish_painters</field>
<field name="subject" update="add">http://dbpedia.org/resource/Category:Members_of_the_Ghent_Guild_of_Saint_Luke</field>
<field name="subject" update="add">http://dbpedia.org/resource/Category:1482_deaths</field>
<field name="abstract">Hugo van der Goes (Ghent c. 1430/1440 – Oudergem 1482) was a Flemish painter. He was, along with Jan van Eyck, Rogier van der Weyden, Hans Memling and Dieric Bouts, one of the most important of the Early Netherlandish painters.</field>
<field name="birth-place">http://dbpedia.org/resource/Ghent</field>
<field name="label">Hugo van der Goes</field>
<field name="depiction">http://upload.wikimedia.org/wikipedia/commons/a/ab/Goes_Deposition_right_adj2.jpg</field>
<field name="comment">Hugo van der Goes (Ghent c. 1430/1440 – Oudergem 1482) was a Flemish painter. He was, along with Jan van Eyck, Rogier van der Weyden, Hans Memling and Dieric Bouts, one of the most important of the Early Netherlandish painters.</field>
<field name="name"/>
<field name="thumbnail">http://upload.wikimedia.org/wikipedia/commons/thumb/a/ab/Goes_Deposition_right_adj2.jpg/200px-Goes_Deposition_right_adj2.jpg</field>
<field name="link_external">http://smarthistory.khanacademy.org/van-der-goes-the-adoration-of-the-kings.html</field>
<field name="link_external">http://www.artcyclopedia.com/artists/goes_hugo_van_der.html</field>
<field name="width">210</field>
<field name="isPrimaryTopicOf">http://en.wikipedia.org/wiki/Hugo_van_der_Goes</field>
<field name="description"/>
<field name="photo-collection">http://wifo5-03.informatik.uni-mannheim.de/flickrwrappr/photos/Hugo_van_der_Goes</field>
</doc>
<doc>
<field name="uri">http://it.dbpedia.org/resource/Hugo_van_der_Goes</field>
<field name="entity_type">artists</field>
<field name="timestamp">NOW</field>
<field name="sameAs">http://dbpedia.org/resource/Hugo_van_der_Goes</field>
</doc>
<doc>
<field name="uri">http://pt.dbpedia.org/resource/Hugo_van_der_Goes</field>
<field name="entity_type">artists</field>
<field name="timestamp">NOW</field>
<field name="sameAs">http://dbpedia.org/resource/Hugo_van_der_Goes</field>
</doc>
<doc>
<field name="uri">http://dbpedia.org/resource/Portinari_Altarpiece</field>
<field name="entity_type">artists</field>
<field name="timestamp">NOW</field>
<field name="artist">http://dbpedia.org/resource/Hugo_van_der_Goes</field>
</doc>
<doc>
<field name="uri">http://dbpedia.org/resource/Hugo_Van_der_Goes</field>
<field name="entity_type">artists</field>
<field name="timestamp">NOW</field>
</doc>
<doc>
<field name="uri">http://dbpedia.org/resource/Jacek_Yerka</field>
<field name="entity_type">artists</field>
<field name="timestamp">NOW</field>
<field name="influenced">http://dbpedia.org/resource/Hugo_van_der_Goes</field>
</doc>
<doc>
<field name="uri">http://dbpedia.org/resource/Hugo_Goes</field>
<field name="entity_type">artists</field>
<field name="timestamp">NOW</field>
</doc>
<doc>
<field name="uri">http://dbpedia.org/resource/Hugo_Van_Der_Goes</field>
<field name="entity_type">artists</field>
<field name="timestamp">NOW</field>
</doc>
<doc>
<field name="uri">http://dbpedia.org/resource/Hugo_van_der_goes</field>
<field name="entity_type">artists</field>
<field name="timestamp">NOW</field>
</doc>
<doc>
<field name="uri">http://dbpedia.org/resource/Van_der_Goes</field>
<field name="entity_type">artists</field>
<field name="timestamp">NOW</field>
</doc>
<doc>
<field name="uri">http://dbpedia.org/resource/Hugo_van_Der_Goes</field>
<field name="entity_type">artists</field>
<field name="timestamp">NOW</field>
</doc>
<doc>
<field name="uri">http://en.wikipedia.org/wiki/Hugo_van_der_Goes</field>
<field name="entity_type">artists</field>
<field name="timestamp">NOW</field>
<field name="primaryTopic">http://dbpedia.org/resource/Hugo_van_der_Goes</field>
</doc>
<doc>
<field name="uri">http://dbpedia.org/resource/Goes_(disambiguation)</field>
<field name="entity_type">artists</field>
<field name="timestamp">NOW</field>
</doc>
<doc>
<field name="uri">http://cs.dbpedia.org/resource/Hugo_van_der_Goes</field>
<field name="entity_type">artists</field>
<field name="timestamp">NOW</field>
<field name="sameAs">http://dbpedia.org/resource/Hugo_van_der_Goes</field>
</doc>
<doc>
<field name="uri">http://ja.dbpedia.org/resource/フーゴー・ファン・デル・グース</field>
<field name="entity_type">artists</field>
<field name="timestamp">NOW</field>
<field name="sameAs">http://dbpedia.org/resource/Hugo_van_der_Goes</field>
</doc>
<doc>
<field name="uri">http://pl.dbpedia.org/resource/Hugo_van_der_Goes</field>
<field name="entity_type">artists</field>
<field name="timestamp">NOW</field>
<field name="sameAs">http://dbpedia.org/resource/Hugo_van_der_Goes</field>
</doc>
<doc>
<field name="uri">http://ru.dbpedia.org/resource/Хуго_ван_дер_Гус</field>
<field name="entity_type">artists</field>
<field name="timestamp">NOW</field>
<field name="sameAs">http://dbpedia.org/resource/Hugo_van_der_Goes</field>
</doc>
<doc>
<field name="uri">http://nl.dbpedia.org/resource/Hugo_van_der_Goes</field>
<field name="entity_type">artists</field>
<field name="timestamp">NOW</field>
<field name="sameAs">http://dbpedia.org/resource/Hugo_van_der_Goes</field>
</doc>
<doc>
<field name="uri">http://eu.dbpedia.org/resource/Hugo_van_der_Goes</field>
<field name="entity_type">artists</field>
<field name="timestamp">NOW</field>
<field name="sameAs">http://dbpedia.org/resource/Hugo_van_der_Goes</field>
</doc>
<doc>
<field name="uri">http://wikidata.dbpedia.org/resource/Q215251</field>
<field name="entity_type">artists</field>
<field name="timestamp">NOW</field>
<field name="sameAs">http://dbpedia.org/resource/Hugo_van_der_Goes</field>
</doc>
<doc>
<field name="uri">http://el.dbpedia.org/resource/Ούγκο_βαν_ντερ_Γκόες</field>
<field name="entity_type">artists</field>
<field name="timestamp">NOW</field>
<field name="sameAs">http://dbpedia.org/resource/Hugo_van_der_Goes</field>
</doc>
<doc>
<field name="uri">http://ar.dbpedia.org/resource/هوجو_فان_در</field>
<field name="entity_type">artists</field>
<field name="timestamp">NOW</field>
<field name="sameAs">http://dbpedia.org/resource/Hugo_van_der_Goes</field>
</doc>
<doc>
<field name="uri">http://br.dbpedia.org/resource/Hugo_van_der_Goes</field>
<field name="entity_type">artists</field>
<field name="timestamp">NOW</field>
<field name="sameAs">http://dbpedia.org/resource/Hugo_van_der_Goes</field>
</doc>
<doc>
<field name="uri">http://ca.dbpedia.org/resource/Hugo_van_der_Goes</field>
<field name="entity_type">artists</field>
<field name="timestamp">NOW</field>
<field name="sameAs">http://dbpedia.org/resource/Hugo_van_der_Goes</field>
</doc>
<doc>
<field name="uri">http://fi.dbpedia.org/resource/Hugo_van_der_Goes</field>
<field name="entity_type">artists</field>
<field name="timestamp">NOW</field>
<field name="sameAs">http://dbpedia.org/resource/Hugo_van_der_Goes</field>
</doc>
<doc>
<field name="uri">http://gl.dbpedia.org/resource/Hugo_van_der_Goes</field>
<field name="entity_type">artists</field>
<field name="timestamp">NOW</field>
<field name="sameAs">http://dbpedia.org/resource/Hugo_van_der_Goes</field>
</doc>
<doc>
<field name="uri">http://hr.dbpedia.org/resource/Hugo_van_der_Goes</field>
<field name="entity_type">artists</field>
<field name="timestamp">NOW</field>
<field name="sameAs">http://dbpedia.org/resource/Hugo_van_der_Goes</field>
</doc>
<doc>
<field name="uri">http://hu.dbpedia.org/resource/Hugo_van_der_Goes</field>
<field name="entity_type">artists</field>
<field name="timestamp">NOW</field>
<field name="sameAs">http://dbpedia.org/resource/Hugo_van_der_Goes</field>
</doc>
<doc>
<field name="uri">http://la.dbpedia.org/resource/Hugo_de_Goes</field>
<field name="entity_type">artists</field>
<field name="timestamp">NOW</field>
<field name="sameAs">http://dbpedia.org/resource/Hugo_van_der_Goes</field>
</doc>
<doc>
<field name="uri">http://lt.dbpedia.org/resource/Hugo_van_der_Goes</field>
<field name="entity_type">artists</field>
<field name="timestamp">NOW</field>
<field name="sameAs">http://dbpedia.org/resource/Hugo_van_der_Goes</field>
</doc>
<doc>
<field name="uri">http://nds.dbpedia.org/resource/Hugo_van_der_Goes</field>
<field name="entity_type">artists</field>
<field name="timestamp">NOW</field>
<field name="sameAs">http://dbpedia.org/resource/Hugo_van_der_Goes</field>
</doc>
<doc>
<field name="uri">http://nn.dbpedia.org/resource/Hugo_van_der_Goes</field>
<field name="entity_type">artists</field>
<field name="timestamp">NOW</field>
<field name="sameAs">http://dbpedia.org/resource/Hugo_van_der_Goes</field>
</doc>
<doc>
<field name="uri">http://sr.dbpedia.org/resource/Хуго_ван_дер_Хус</field>
<field name="entity_type">artists</field>
<field name="timestamp">NOW</field>
<field name="sameAs">http://dbpedia.org/resource/Hugo_van_der_Goes</field>
</doc>
<doc>
<field name="uri">http://sv.dbpedia.org/resource/Hugo_van_der_Goes</field>
<field name="entity_type">artists</field>
<field name="timestamp">NOW</field>
<field name="sameAs">http://dbpedia.org/resource/Hugo_van_der_Goes</field>
</doc>
<doc>
<field name="uri">http://th.dbpedia.org/resource/ฮูโก_ฟาน_เดอร์_โกส์</field>
<field name="entity_type">artists</field>
<field name="timestamp">NOW</field>
<field name="sameAs">http://dbpedia.org/resource/Hugo_van_der_Goes</field>
</doc>
<doc>
<field name="uri">http://uk.dbpedia.org/resource/Гуго_ван_дер_Гус</field>
<field name="entity_type">artists</field>
<field name="timestamp">NOW</field>
<field name="sameAs">http://dbpedia.org/resource/Hugo_van_der_Goes</field>
</doc>
<doc>
<field name="uri">http://vls.dbpedia.org/resource/Hugo_van_der_Goes</field>
<field name="entity_type">artists</field>
<field name="timestamp">NOW</field>
<field name="sameAs">http://dbpedia.org/resource/Hugo_van_der_Goes</field>
</doc>
</add>
