<add xmlns:dc="http://purl.org/dc/elements/1.1/" overwrite="true">
<doc>
<field name="uri">http://dbpedia.org/resource/Ivan_Grohar</field>
<field name="entity_type">artists</field>
<field name="timestamp">NOW</field>
<field name="sameAs">http://sk.dbpedia.org/resource/Ivan_Grohar</field>
<field name="sameAs">http://www.wikidata.org/entity/Q2339347</field>
<field name="sameAs">http://hr.dbpedia.org/resource/Ivan_Grohar</field>
<field name="sameAs">http://rdf.freebase.com/ns/m.0276r7q</field>
<field name="sameAs">http://dbpedia.org/resource/Ivan_Grohar</field>
<field name="sameAs">http://es.dbpedia.org/resource/Ivan_Grohar</field>
<field name="sameAs">http://ru.dbpedia.org/resource/Грохар,_Иван</field>
<field name="sameAs">http://sl.dbpedia.org/resource/Ivan_Grohar</field>
<field name="sameAs">http://fr.dbpedia.org/resource/Ivan_Grohar</field>
<field name="sameAs">http://it.dbpedia.org/resource/Ivan_Grohar</field>
<field name="sameAs">http://sr.dbpedia.org/resource/Иван_Грохар</field>
<field name="sameAs">http://yago-knowledge.org/resource/Ivan_Grohar</field>
<field name="sameAs">http://ro.dbpedia.org/resource/Ivan_Grohar</field>
<field name="subject" update="add">http://dbpedia.org/resource/Category:Slovenian_guitarists</field>
<field name="subject" update="add">http://dbpedia.org/resource/Category:1867_births</field>
<field name="subject" update="add">http://dbpedia.org/resource/Category:Slovenian_singers</field>
<field name="subject" update="add">http://dbpedia.org/resource/Category:1911_deaths</field>
<field name="subject" update="add">http://dbpedia.org/resource/Category:Slovenian_impressionist_painters</field>
<field name="abstract">Ivan Grohar (15 June 1867 – 19 April 1911) was a Slovene Impressionist painter. Together with Rihard Jakopič, Matej Sternen and Matija Jama, he is considered one of the leading figures of Slovene impressionism in the fin de siecle period. He is known by his landscapes and portraits. He was also an established guitarist and singer.</field>
<field name="birth-place">http://dbpedia.org/resource/Spodnja_Sorica</field>
<field name="death-place">http://dbpedia.org/resource/Ljubljana</field>
<field name="label">Ivan Grohar</field>
<field name="depiction">http://upload.wikimedia.org/wikipedia/commons/f/fe/Ivan_Grohar_(2).jpg</field>
<field name="comment">Ivan Grohar (15 June 1867 – 19 April 1911) was a Slovene Impressionist painter. Together with Rihard Jakopič, Matej Sternen and Matija Jama, he is considered one of the leading figures of Slovene impressionism in the fin de siecle period. He is known by his landscapes and portraits. He was also an established guitarist and singer.</field>
<field name="name"/>
<field name="thumbnail">http://upload.wikimedia.org/wikipedia/commons/thumb/f/fe/Ivan_Grohar_(2).jpg/200px-Ivan_Grohar_(2).jpg</field>
<field name="isPrimaryTopicOf">http://en.wikipedia.org/wiki/Ivan_Grohar</field>
<field name="description"/>
<field name="photo-collection">http://wifo5-03.informatik.uni-mannheim.de/flickrwrappr/photos/Ivan_Grohar</field>
</doc>
<doc>
<field name="uri">http://es.dbpedia.org/resource/Ivan_Grohar</field>
<field name="entity_type">artists</field>
<field name="timestamp">NOW</field>
<field name="sameAs">http://dbpedia.org/resource/Ivan_Grohar</field>
</doc>
<doc>
<field name="uri">http://dbpedia.org/resource/The_Sower</field>
<field name="entity_type">artists</field>
<field name="timestamp">NOW</field>
<field name="artist">http://dbpedia.org/resource/Ivan_Grohar</field>
</doc>
<doc>
<field name="uri">http://fr.dbpedia.org/resource/Ivan_Grohar</field>
<field name="entity_type">artists</field>
<field name="timestamp">NOW</field>
<field name="sameAs">http://dbpedia.org/resource/Ivan_Grohar</field>
</doc>
<doc>
<field name="uri">http://it.dbpedia.org/resource/Ivan_Grohar</field>
<field name="entity_type">artists</field>
<field name="timestamp">NOW</field>
<field name="sameAs">http://dbpedia.org/resource/Ivan_Grohar</field>
</doc>
<doc>
<field name="uri">http://en.wikipedia.org/wiki/Ivan_Grohar</field>
<field name="entity_type">artists</field>
<field name="timestamp">NOW</field>
<field name="primaryTopic">http://dbpedia.org/resource/Ivan_Grohar</field>
</doc>
<doc>
<field name="uri">http://dbpedia.org/resource/Grohar_Ivan</field>
<field name="entity_type">artists</field>
<field name="timestamp">NOW</field>
</doc>
<doc>
<field name="uri">http://ru.dbpedia.org/resource/Грохар,_Иван</field>
<field name="entity_type">artists</field>
<field name="timestamp">NOW</field>
<field name="sameAs">http://dbpedia.org/resource/Ivan_Grohar</field>
</doc>
<doc>
<field name="uri">http://wikidata.dbpedia.org/resource/Q2339347</field>
<field name="entity_type">artists</field>
<field name="timestamp">NOW</field>
<field name="sameAs">http://dbpedia.org/resource/Ivan_Grohar</field>
</doc>
<doc>
<field name="uri">http://hr.dbpedia.org/resource/Ivan_Grohar</field>
<field name="entity_type">artists</field>
<field name="timestamp">NOW</field>
<field name="sameAs">http://dbpedia.org/resource/Ivan_Grohar</field>
</doc>
<doc>
<field name="uri">http://ro.dbpedia.org/resource/Ivan_Grohar</field>
<field name="entity_type">artists</field>
<field name="timestamp">NOW</field>
<field name="sameAs">http://dbpedia.org/resource/Ivan_Grohar</field>
</doc>
<doc>
<field name="uri">http://sk.dbpedia.org/resource/Ivan_Grohar</field>
<field name="entity_type">artists</field>
<field name="timestamp">NOW</field>
<field name="sameAs">http://dbpedia.org/resource/Ivan_Grohar</field>
</doc>
<doc>
<field name="uri">http://sl.dbpedia.org/resource/Ivan_Grohar</field>
<field name="entity_type">artists</field>
<field name="timestamp">NOW</field>
<field name="sameAs">http://dbpedia.org/resource/Ivan_Grohar</field>
</doc>
<doc>
<field name="uri">http://sr.dbpedia.org/resource/Иван_Грохар</field>
<field name="entity_type">artists</field>
<field name="timestamp">NOW</field>
<field name="sameAs">http://dbpedia.org/resource/Ivan_Grohar</field>
</doc>
</add>
