<add xmlns:dc="http://purl.org/dc/elements/1.1/" overwrite="true">
<doc>
<field name="uri">http://dbpedia.org/resource/Kenneth_Noland</field>
<field name="entity_type">artists</field>
<field name="timestamp">NOW</field>
<field name="influenced">http://dbpedia.org/resource/Jackson_Pollock</field>
</doc>
<doc>
<field name="uri">http://dbpedia.org/resource/Mark_Tobey</field>
<field name="entity_type">artists</field>
<field name="timestamp">NOW</field>
</doc>
<doc>
<field name="uri">http://dbpedia.org/resource/Stanley_William_Hayter</field>
<field name="entity_type">artists</field>
<field name="timestamp">NOW</field>
</doc>
<doc>
<field name="uri">http://dbpedia.org/resource/Cleve_Gray</field>
<field name="entity_type">artists</field>
<field name="timestamp">NOW</field>
<field name="influenced">http://dbpedia.org/resource/Jackson_Pollock</field>
</doc>
<doc>
<field name="uri">http://dbpedia.org/resource/Katrin_Fridriks</field>
<field name="entity_type">artists</field>
<field name="timestamp">NOW</field>
<field name="influenced">http://dbpedia.org/resource/Jackson_Pollock</field>
</doc>
<doc>
<field name="uri">http://dbpedia.org/resource/Roger_Ing</field>
<field name="entity_type">artists</field>
<field name="timestamp">NOW</field>
<field name="influenced">http://dbpedia.org/resource/Jackson_Pollock</field>
</doc>
<doc>
<field name="uri">http://it.dbpedia.org/resource/Jackson_Pollock</field>
<field name="entity_type">artists</field>
<field name="timestamp">NOW</field>
<field name="sameAs">http://dbpedia.org/resource/Jackson_Pollock</field>
</doc>
<doc>
<field name="uri">http://pt.dbpedia.org/resource/Jackson_Pollock</field>
<field name="entity_type">artists</field>
<field name="timestamp">NOW</field>
<field name="sameAs">http://dbpedia.org/resource/Jackson_Pollock</field>
</doc>
<doc>
<field name="uri">http://dbpedia.org/resource/Carolyn_Kreiter-Foronda</field>
<field name="entity_type">artists</field>
<field name="timestamp">NOW</field>
</doc>
<doc>
<field name="uri">http://dbpedia.org/resource/Chuck_Connelly</field>
<field name="entity_type">artists</field>
<field name="timestamp">NOW</field>
</doc>
<doc>
<field name="uri">http://dbpedia.org/resource/Helen_Frankenthaler</field>
<field name="entity_type">artists</field>
<field name="timestamp">NOW</field>
<field name="influenced">http://dbpedia.org/resource/Jackson_Pollock</field>
</doc>
<doc>
<field name="uri">http://dbpedia.org/resource/Jan-Hein_Arens</field>
<field name="entity_type">artists</field>
<field name="timestamp">NOW</field>
<field name="influenced">http://dbpedia.org/resource/Jackson_Pollock</field>
</doc>
<doc>
<field name="uri">http://dbpedia.org/resource/Lee_Krasner</field>
<field name="entity_type">artists</field>
<field name="timestamp">NOW</field>
</doc>
<doc>
<field name="uri">http://dbpedia.org/resource/Blue_Poles</field>
<field name="entity_type">artists</field>
<field name="timestamp">NOW</field>
<field name="artist">http://dbpedia.org/resource/Jackson_Pollock</field>
</doc>
<doc>
<field name="uri">http://data.nytimes.com/79712821401009181443</field>
<field name="entity_type">artists</field>
<field name="timestamp">NOW</field>
<field name="sameAs">http://dbpedia.org/resource/Jackson_Pollock</field>
</doc>
<doc>
<field name="uri">http://dbpedia.org/resource/Roy_Ascott</field>
<field name="entity_type">artists</field>
<field name="timestamp">NOW</field>
<field name="influenced">http://dbpedia.org/resource/Jackson_Pollock</field>
</doc>
<doc>
<field name="uri">http://dbpedia.org/resource/Lavender_Mist</field>
<field name="entity_type">artists</field>
<field name="timestamp">NOW</field>
</doc>
<doc>
<field name="uri">http://dbpedia.org/resource/Alfonso_A._Ossorio</field>
<field name="entity_type">artists</field>
<field name="timestamp">NOW</field>
</doc>
<doc>
<field name="uri">http://dbpedia.org/resource/Clyde_Connell</field>
<field name="entity_type">artists</field>
<field name="timestamp">NOW</field>
</doc>
<doc>
<field name="uri">http://dbpedia.org/resource/Frank_Stella</field>
<field name="entity_type">artists</field>
<field name="timestamp">NOW</field>
<field name="influenced">http://dbpedia.org/resource/Jackson_Pollock</field>
</doc>
<doc>
<field name="uri">http://dbpedia.org/resource/John_D._Graham</field>
<field name="entity_type">artists</field>
<field name="timestamp">NOW</field>
</doc>
<doc>
<field name="uri">http://dbpedia.org/resource/Paul_McCarthy</field>
<field name="entity_type">artists</field>
<field name="timestamp">NOW</field>
</doc>
<doc>
<field name="uri">http://dbpedia.org/resource/Ronnie_Landfield</field>
<field name="entity_type">artists</field>
<field name="timestamp">NOW</field>
<field name="influenced">http://dbpedia.org/resource/Jackson_Pollock</field>
</doc>
<doc>
<field name="uri">http://dbpedia.org/resource/Thomas_Hart_Benton_(painter)</field>
<field name="entity_type">artists</field>
<field name="timestamp">NOW</field>
</doc>
<doc>
<field name="uri">http://dbpedia.org/resource/Ho_Ho_Ying</field>
<field name="entity_type">artists</field>
<field name="timestamp">NOW</field>
<field name="influenced">http://dbpedia.org/resource/Jackson_Pollock</field>
</doc>
<doc>
<field name="uri">http://dbpedia.org/resource/Morris_Louis</field>
<field name="entity_type">artists</field>
<field name="timestamp">NOW</field>
<field name="influenced">http://dbpedia.org/resource/Jackson_Pollock</field>
</doc>
<doc>
<field name="uri">http://dbpedia.org/resource/Robert_Ryman</field>
<field name="entity_type">artists</field>
<field name="timestamp">NOW</field>
</doc>
<doc>
<field name="uri">http://cs.dbpedia.org/resource/Jackson_Pollock</field>
<field name="entity_type">artists</field>
<field name="timestamp">NOW</field>
<field name="sameAs">http://dbpedia.org/resource/Jackson_Pollock</field>
</doc>
<doc>
<field name="uri">http://ja.dbpedia.org/resource/ジャクソン・ポロック</field>
<field name="entity_type">artists</field>
<field name="timestamp">NOW</field>
<field name="sameAs">http://dbpedia.org/resource/Jackson_Pollock</field>
</doc>
<doc>
<field name="uri">http://pl.dbpedia.org/resource/Jackson_Pollock</field>
<field name="entity_type">artists</field>
<field name="timestamp">NOW</field>
<field name="sameAs">http://dbpedia.org/resource/Jackson_Pollock</field>
</doc>
<doc>
<field name="uri">http://de.dbpedia.org/resource/Jackson_Pollock</field>
<field name="entity_type">artists</field>
<field name="timestamp">NOW</field>
<field name="sameAs">http://dbpedia.org/resource/Jackson_Pollock</field>
</doc>
<doc>
<field name="uri">http://el.dbpedia.org/resource/Τζάκσον_Πόλοκ</field>
<field name="entity_type">artists</field>
<field name="timestamp">NOW</field>
<field name="sameAs">http://dbpedia.org/resource/Jackson_Pollock</field>
</doc>
<doc>
<field name="uri">http://fr.dbpedia.org/resource/Jackson_Pollock</field>
<field name="entity_type">artists</field>
<field name="timestamp">NOW</field>
<field name="sameAs">http://dbpedia.org/resource/Jackson_Pollock</field>
</doc>
<doc>
<field name="uri">http://ru.dbpedia.org/resource/Поллок,_Джексон</field>
<field name="entity_type">artists</field>
<field name="timestamp">NOW</field>
<field name="sameAs">http://dbpedia.org/resource/Jackson_Pollock</field>
</doc>
<doc>
<field name="uri">http://dbpedia.org/resource/Rob_Redding</field>
<field name="entity_type">artists</field>
<field name="timestamp">NOW</field>
</doc>
<doc>
<field name="uri">http://dbpedia.org/resource/Jackson_Pollock</field>
<field name="entity_type">artists</field>
<field name="timestamp">NOW</field>
<field name="sameAs">http://pag.dbpedia.org/resource/Jackson_Pollock</field>
<field name="sameAs">http://hif.dbpedia.org/resource/Jackson_Pollock</field>
<field name="sameAs">http://jv.dbpedia.org/resource/Jackson_Pollock</field>
<field name="sameAs">http://eu.dbpedia.org/resource/Jackson_Pollock</field>
<field name="sameAs">http://li.dbpedia.org/resource/Jackson_Pollock</field>
<field name="sameAs">http://hy.dbpedia.org/resource/Ջեքսոն_Պոլլոք</field>
<field name="sameAs">http://vo.dbpedia.org/resource/Jackson_Pollock</field>
<field name="sameAs">http://nds.dbpedia.org/resource/Jackson_Pollock</field>
<field name="sameAs">http://ca.dbpedia.org/resource/Jackson_Pollock</field>
<field name="sameAs">http://lt.dbpedia.org/resource/Jackson_Pollock</field>
<field name="sameAs">http://yago-knowledge.org/resource/Jackson_Pollock</field>
<field name="sameAs">http://da.dbpedia.org/resource/Jackson_Pollock</field>
<field name="sameAs">http://sah.dbpedia.org/resource/Джексон_Поллок</field>
<field name="sameAs">http://hr.dbpedia.org/resource/Jackson_Pollock</field>
<field name="sameAs">http://pl.dbpedia.org/resource/Jackson_Pollock</field>
<field name="sameAs">http://mk.dbpedia.org/resource/Џексон_Полок</field>
<field name="sameAs">http://fy.dbpedia.org/resource/Jackson_Pollock</field>
<field name="sameAs">http://sr.dbpedia.org/resource/Џексон_Полок</field>
<field name="sameAs">http://cy.dbpedia.org/resource/Jackson_Pollock</field>
<field name="sameAs">http://sc.dbpedia.org/resource/Jackson_Pollock</field>
<field name="sameAs">http://zh_yue.dbpedia.org/resource/Jackson_Pollock</field>
<field name="sameAs">http://vi.dbpedia.org/resource/Jackson_Pollock</field>
<field name="sameAs">http://mn.dbpedia.org/resource/Жэксон_Поллок</field>
<field name="sameAs">http://uk.dbpedia.org/resource/Джексон_Поллок</field>
<field name="sameAs">http://bpy.dbpedia.org/resource/জ্যাকসন_পলক</field>
<field name="sameAs">http://nn.dbpedia.org/resource/Jackson_Pollock</field>
<field name="sameAs">http://war.dbpedia.org/resource/Jackson_Pollock</field>
<field name="sameAs">http://be.dbpedia.org/resource/Джэксан_Полак</field>
<field name="sameAs">http://ka.dbpedia.org/resource/ჯექსონ_პოლოკი</field>
<field name="sameAs">http://tr.dbpedia.org/resource/Jackson_Pollock</field>
<field name="sameAs">http://lv.dbpedia.org/resource/Džeksons_Polloks</field>
<field name="sameAs">http://th.dbpedia.org/resource/แจ๊คสัน_พอลล็อค</field>
<field name="sameAs">http://he.dbpedia.org/resource/ג'קסון_פולוק</field>
<field name="sameAs">http://it.dbpedia.org/resource/Jackson_Pollock</field>
<field name="sameAs">http://es.dbpedia.org/resource/Jackson_Pollock</field>
<field name="sameAs">http://zh.dbpedia.org/resource/杰克逊·波洛克</field>
<field name="sameAs">http://bat_smg.dbpedia.org/resource/Jackson_Pollock</field>
<field name="sameAs">http://eo.dbpedia.org/resource/Jackson_Pollock</field>
<field name="sameAs">http://zh_min_nan.dbpedia.org/resource/Jackson_Pollock</field>
<field name="sameAs">http://nl.dbpedia.org/resource/Jackson_Pollock</field>
<field name="sameAs">http://oc.dbpedia.org/resource/Jackson_Pollock</field>
<field name="sameAs">http://tl.dbpedia.org/resource/Jackson_Pollock</field>
<field name="sameAs">http://la.dbpedia.org/resource/Jackson_Pollock</field>
<field name="sameAs">http://ro.dbpedia.org/resource/Jackson_Pollock</field>
<field name="sameAs">http://fr.dbpedia.org/resource/Jackson_Pollock</field>
<field name="sameAs">http://ar.dbpedia.org/resource/جاكسون_بولوك</field>
<field name="sameAs">http://sw.cyc.com/concept/Mx4rwQpYs5wpEbGdrcN5Y29ycA</field>
<field name="sameAs">http://simple.dbpedia.org/resource/Jackson_Pollock</field>
<field name="sameAs">http://ja.dbpedia.org/resource/ジャクソン・ポロック</field>
<field name="sameAs">http://ml.dbpedia.org/resource/ജാക്സൺ_പൊള്ളോക്ക്</field>
<field name="sameAs">http://el.dbpedia.org/resource/Τζάκσον_Πόλοκ</field>
<field name="sameAs">http://sq.dbpedia.org/resource/Jackson_Pollock</field>
<field name="sameAs">http://no.dbpedia.org/resource/Jackson_Pollock</field>
<field name="sameAs">http://hu.dbpedia.org/resource/Jackson_Pollock</field>
<field name="sameAs">http://cs.dbpedia.org/resource/Jackson_Pollock</field>
<field name="sameAs">http://io.dbpedia.org/resource/Jackson_Pollock</field>
<field name="sameAs">http://mwl.dbpedia.org/resource/Jackson_Pollock</field>
<field name="sameAs">http://ko.dbpedia.org/resource/잭슨_폴록</field>
<field name="sameAs">http://mr.dbpedia.org/resource/जॅक्सन_पोलॉक</field>
<field name="sameAs">http://id.dbpedia.org/resource/Paul_Jackson_Pollock</field>
<field name="sameAs">http://sk.dbpedia.org/resource/Jackson_Pollock</field>
<field name="sameAs">http://rdf.freebase.com/ns/m.04510</field>
<field name="sameAs">http://sl.dbpedia.org/resource/Jackson_Pollock</field>
<field name="sameAs">http://pt.dbpedia.org/resource/Jackson_Pollock</field>
<field name="sameAs">http://de.dbpedia.org/resource/Jackson_Pollock</field>
<field name="sameAs">http://bn.dbpedia.org/resource/জ্যাকসন_পোলক</field>
<field name="sameAs">http://als.dbpedia.org/resource/Jackson_Pollock</field>
<field name="sameAs">http://is.dbpedia.org/resource/Jackson_Pollock</field>
<field name="sameAs">http://an.dbpedia.org/resource/Jackson_Pollock</field>
<field name="sameAs">http://new.dbpedia.org/resource/ज्याक्सन_पोलक</field>
<field name="sameAs">http://lb.dbpedia.org/resource/Jackson_Pollock</field>
<field name="sameAs">http://br.dbpedia.org/resource/Jackson_Pollock</field>
<field name="sameAs">http://et.dbpedia.org/resource/Jackson_Pollock</field>
<field name="sameAs">http://be_x_old.dbpedia.org/resource/Джэксан_Полак</field>
<field name="sameAs">http://ru.dbpedia.org/resource/Поллок,_Джексон</field>
<field name="sameAs">http://fa.dbpedia.org/resource/جکسون_پولاک</field>
<field name="sameAs">http://uz.dbpedia.org/resource/Jackson_Pollock</field>
<field name="sameAs">http://sv.dbpedia.org/resource/Jackson_Pollock</field>
<field name="sameAs">http://ta.dbpedia.org/resource/ஜாக்சன்_பாலக்</field>
<field name="sameAs">http://fi.dbpedia.org/resource/Jackson_Pollock</field>
<field name="sameAs">http://sh.dbpedia.org/resource/Jackson_Pollock</field>
<field name="sameAs">http://dbpedia.org/resource/Jackson_Pollock</field>
<field name="sameAs">http://www.wikidata.org/entity/Q37571</field>
<field name="sameAs">http://bg.dbpedia.org/resource/Джаксън_Полък</field>
<field name="subject" update="add">http://dbpedia.org/resource/Category:Alcohol-related_deaths_in_New_York</field>
<field name="subject" update="add">http://dbpedia.org/resource/Category:Jackson_Pollock</field>
<field name="subject" update="add">http://dbpedia.org/resource/Category:People_from_Echo_Park,_Los_Angeles</field>
<field name="subject" update="add">http://dbpedia.org/resource/Category:American_people_of_Scotch-Irish_descent</field>
<field name="subject" update="add">http://dbpedia.org/resource/Category:Archives_of_American_Art_related</field>
<field name="subject" update="add">http://dbpedia.org/resource/Category:1912_births</field>
<field name="subject" update="add">http://dbpedia.org/resource/Category:20th-century_painters</field>
<field name="subject" update="add">http://dbpedia.org/resource/Category:American_painters</field>
<field name="subject" update="add">http://dbpedia.org/resource/Category:Abstract_expressionist_artists</field>
<field name="subject" update="add">http://dbpedia.org/resource/Category:Art_Students_League_of_New_York_alumni</field>
<field name="subject" update="add">http://dbpedia.org/resource/Category:American_people_of_Irish_descent</field>
<field name="subject" update="add">http://dbpedia.org/resource/Category:Federal_Art_Project</field>
<field name="subject" update="add">http://dbpedia.org/resource/Category:1956_deaths</field>
<field name="subject" update="add">http://dbpedia.org/resource/Category:People_of_the_New_Deal_arts_projects</field>
<field name="subject" update="add">http://dbpedia.org/resource/Category:Road_accident_deaths_in_New_York</field>
<field name="subject" update="add">http://dbpedia.org/resource/Category:People_from_Chico,_California</field>
<field name="subject" update="add">http://dbpedia.org/resource/Category:People_from_Park_County,_Wyoming</field>
<field name="subject" update="add">http://dbpedia.org/resource/Category:East_Hampton_(town),_New_York</field>
<field name="subject" update="add">http://dbpedia.org/resource/Category:Artists_from_Wyoming</field>
<field name="subject" update="add">http://dbpedia.org/resource/Category:Artists_from_New_York</field>
<field name="abstract">Paul Jackson Pollock (January 28, 1912 – August 11, 1956), known as Jackson Pollock, was an influential American painter and a major figure in the abstract expressionist movement. He was well known for his unique style of drip painting. During his lifetime, Pollock enjoyed considerable fame and notoriety, a major artist of his generation. Regarded as reclusive, he had a volatile personality, and struggled with alcoholism for most of his life. In 1945, he married the artist Lee Krasner, who became an important influence on his career and on his legacy. Pollock died at the age of 44 in an alcohol-related, single-car accident; he was driving. In December 1956, several months after his death, Pollock was given a memorial retrospective exhibition at the Museum of Modern Art (MoMA) in New York City. A larger, more comprehensive exhibition of his work was held there in 1967. In 1998 and 1999, his work was honored with large-scale retrospective exhibitions at MoMA and at The Tate in London. In 2000, Pollock was the subject of the film Pollock, directed by and starring Ed Harris, which won an Academy Award.</field>
<field name="birth-place">http://dbpedia.org/resource/Cody,_Wyoming</field>
<field name="death-place">http://dbpedia.org/resource/Springs,_New_York</field>
<field name="field">http://dbpedia.org/resource/Painting</field>
<field name="movement">http://dbpedia.org/resource/Abstract_expressionism</field>
<field name="label">Jackson Pollock</field>
<field name="depiction">http://upload.wikimedia.org/wikipedia/commons/4/42/Namuth_-_Pollock.jpg</field>
<field name="comment">Paul Jackson Pollock (January 28, 1912 – August 11, 1956), known as Jackson Pollock, was an influential American painter and a major figure in the abstract expressionist movement. He was well known for his unique style of drip painting. During his lifetime, Pollock enjoyed considerable fame and notoriety, a major artist of his generation. Regarded as reclusive, he had a volatile personality, and struggled with alcoholism for most of his life.</field>
<field name="name"/>
<field name="thumbnail">http://upload.wikimedia.org/wikipedia/commons/thumb/4/42/Namuth_-_Pollock.jpg/200px-Namuth_-_Pollock.jpg</field>
<field name="link_external">http://www.moca.org/museum/pc_search_results.php?keywords=jackson+pollock</field>
<field name="link_external">http://www.nga.gov.au/International/Catalogue/Detail.cfm?IRN=36334&amp;MnuID=2&amp;GalID=1</field>
<field name="link_external">http://www.mcah.columbia.edu/arthumanities/mov/arthum_pollock_studio.mov</field>
<field name="link_external">http://collectionsonline.lacma.org/mwebcgi/mweb.exe?request=link;dtype=d;key=110390;page=701900101</field>
<field name="link_external">http://www.guggenheimcollection.org/site/artist_works_129_0.html</field>
<field name="link_external">http://www.harley.com/art/abstract-art/</field>
<field name="link_external">http://books.google.com/books?id=MMYHuvhWBH4C&amp;lpg=PT969&amp;ots=q7FP_5pjVS&amp;dq=My%20painting%20does%20not%20come%20from%20the%20easel.%20I%20prefer%20to%20tack%20the%20unstretched%20can&amp;pg=PT969#v=onepage&amp;q=My%20painting%20does%20not%20come%20from%20the%20easel.%20I%20prefer%20to%20tack%20the%20unstretched%20can&amp;f=false</field>
<field name="link_external">http://phys.unsw.edu.au/phys_about/PHYSICS!/FRACTAL_EXPRESSIONISM/fractal_taylor.html</field>
<field name="link_external">http://www.theartstory.org/artist-pollock-jackson.htm</field>
<field name="link_external">http://www.jackson-pollock.com/didyouknow.html</field>
<field name="link_external">http://materialscience.uoregon.edu/taylor/art/info.html#Recent_Publications</field>
<field name="link_external">http://life.time.com/culture/jackson-pollock-rare-unpublished/#1</field>
<field name="link_external">http://smarthistory.org/blog/55/jackson-pollock-one-number-31-1950-1950-moma/</field>
<field name="link_external">http://www.nga.gov/feature/pollock/index.htm</field>
<field name="link_external">http://www.pkf.org</field>
<field name="link_external">http://www.ibiblio.org/wm/paint/auth/pollock/</field>
<field name="link_external">http://www.aaa.si.edu/collections/findingaids/polljack.htm</field>
<field name="link_external">http://www.lawforart.com/pollock.html</field>
<field name="link_external">http://www.moma.org/explore/multimedia/audios/197/2019</field>
<field name="link_external">http://www.imj.org.il/imagine/collections/results.asp?searchType=simple&amp;words=Pollock%2C+Jackson&amp;ArtistE=on&amp;Submit2=Search</field>
<field name="link_external">http://www.nytimes.com/2002/02/15/arts/art-in-review-janet-sobel.html</field>
<field name="link_external">http://stonybrook.edu/pkhouse</field>
<field name="link_external">http://www.terraingallery.org/Pollock_LS.htm</field>
<field name="link_external">http://arts.guardian.co.uk/art/news/story/0,,2219685,00.html</field>
<field name="field">http://dbpedia.org/resource/Painting</field>
<field name="influenced">http://dbpedia.org/resource/Joan_Mir%C3%B3</field>
<field name="influenced">http://dbpedia.org/resource/Pablo_Picasso</field>
<field name="influenced">http://dbpedia.org/resource/Thomas_Hart_Benton_(painter)</field>
<field name="movement">http://dbpedia.org/resource/Abstract_expressionism</field>
<field name="isPrimaryTopicOf">http://en.wikipedia.org/wiki/Jackson_Pollock</field>
<field name="description"/>
<field name="photo-collection">http://wifo5-03.informatik.uni-mannheim.de/flickrwrappr/photos/Jackson_Pollock</field>
</doc>
<doc>
<field name="uri">http://dbpedia.org/resource/No._5,_1948</field>
<field name="entity_type">artists</field>
<field name="timestamp">NOW</field>
<field name="artist">http://dbpedia.org/resource/Jackson_Pollock</field>
</doc>
<doc>
<field name="uri">http://dbpedia.org/resource/Aung_Myint</field>
<field name="entity_type">artists</field>
<field name="timestamp">NOW</field>
</doc>
<doc>
<field name="uri">http://dbpedia.org/resource/Michael_David_(painter)</field>
<field name="entity_type">artists</field>
<field name="timestamp">NOW</field>
<field name="influenced">http://dbpedia.org/resource/Jackson_Pollock</field>
</doc>
<doc>
<field name="uri">http://es.dbpedia.org/resource/Jackson_Pollock</field>
<field name="entity_type">artists</field>
<field name="timestamp">NOW</field>
<field name="sameAs">http://dbpedia.org/resource/Jackson_Pollock</field>
</doc>
<doc>
<field name="uri">http://ko.dbpedia.org/resource/잭슨_폴록</field>
<field name="entity_type">artists</field>
<field name="timestamp">NOW</field>
<field name="sameAs">http://dbpedia.org/resource/Jackson_Pollock</field>
</doc>
<doc>
<field name="uri">http://dbpedia.org/resource/5800_Pollock</field>
<field name="entity_type">artists</field>
<field name="timestamp">NOW</field>
</doc>
<doc>
<field name="uri">http://dbpedia.org/resource/Convergence_(painting)</field>
<field name="entity_type">artists</field>
<field name="timestamp">NOW</field>
<field name="artist">http://dbpedia.org/resource/Jackson_Pollock</field>
</doc>
<doc>
<field name="uri">http://dbpedia.org/resource/Paul_Jackson_Pollock</field>
<field name="entity_type">artists</field>
<field name="timestamp">NOW</field>
</doc>
<doc>
<field name="uri">http://dbpedia.org/resource/Pollock,_Jackson</field>
<field name="entity_type">artists</field>
<field name="timestamp">NOW</field>
</doc>
<doc>
<field name="uri">http://dbpedia.org/resource/Jackson_Pollack</field>
<field name="entity_type">artists</field>
<field name="timestamp">NOW</field>
</doc>
<doc>
<field name="uri">http://dbpedia.org/resource/Pollock_(disambiguation)</field>
<field name="entity_type">artists</field>
<field name="timestamp">NOW</field>
</doc>
<doc>
<field name="uri">http://dbpedia.org/resource/Jackson_pollock</field>
<field name="entity_type">artists</field>
<field name="timestamp">NOW</field>
</doc>
<doc>
<field name="uri">http://en.wikipedia.org/wiki/Jackson_Pollock</field>
<field name="entity_type">artists</field>
<field name="timestamp">NOW</field>
<field name="primaryTopic">http://dbpedia.org/resource/Jackson_Pollock</field>
</doc>
<doc>
<field name="uri">http://dbpedia.org/resource/Jack_the_Dripper</field>
<field name="entity_type">artists</field>
<field name="timestamp">NOW</field>
</doc>
<doc>
<field name="uri">http://dbpedia.org/resource/Jackson_Polluck</field>
<field name="entity_type">artists</field>
<field name="timestamp">NOW</field>
</doc>
<doc>
<field name="uri">http://dbpedia.org/resource/Thomas_Furlong_(artist)</field>
<field name="entity_type">artists</field>
<field name="timestamp">NOW</field>
</doc>
<doc>
<field name="uri">http://nl.dbpedia.org/resource/Jackson_Pollock</field>
<field name="entity_type">artists</field>
<field name="timestamp">NOW</field>
<field name="sameAs">http://dbpedia.org/resource/Jackson_Pollock</field>
</doc>
<doc>
<field name="uri">http://eu.dbpedia.org/resource/Jackson_Pollock</field>
<field name="entity_type">artists</field>
<field name="timestamp">NOW</field>
<field name="sameAs">http://dbpedia.org/resource/Jackson_Pollock</field>
</doc>
<doc>
<field name="uri">http://dbpedia.org/resource/Wilhelmina_Weber_Furlong</field>
<field name="entity_type">artists</field>
<field name="timestamp">NOW</field>
</doc>
<doc>
<field name="uri">http://wikidata.dbpedia.org/resource/Q37571</field>
<field name="entity_type">artists</field>
<field name="timestamp">NOW</field>
<field name="sameAs">http://dbpedia.org/resource/Jackson_Pollock</field>
</doc>
<doc>
<field name="uri">http://zh.dbpedia.org/resource/杰克逊·波洛克</field>
<field name="entity_type">artists</field>
<field name="timestamp">NOW</field>
<field name="sameAs">http://dbpedia.org/resource/Jackson_Pollock</field>
</doc>
<doc>
<field name="uri">http://an.dbpedia.org/resource/Jackson_Pollock</field>
<field name="entity_type">artists</field>
<field name="timestamp">NOW</field>
<field name="sameAs">http://dbpedia.org/resource/Jackson_Pollock</field>
</doc>
<doc>
<field name="uri">http://ar.dbpedia.org/resource/جاكسون_بولوك</field>
<field name="entity_type">artists</field>
<field name="timestamp">NOW</field>
<field name="sameAs">http://dbpedia.org/resource/Jackson_Pollock</field>
</doc>
<doc>
<field name="uri">http://be.dbpedia.org/resource/Джэксан_Полак</field>
<field name="entity_type">artists</field>
<field name="timestamp">NOW</field>
<field name="sameAs">http://dbpedia.org/resource/Jackson_Pollock</field>
</doc>
<doc>
<field name="uri">http://bg.dbpedia.org/resource/Джаксън_Полък</field>
<field name="entity_type">artists</field>
<field name="timestamp">NOW</field>
<field name="sameAs">http://dbpedia.org/resource/Jackson_Pollock</field>
</doc>
<doc>
<field name="uri">http://bn.dbpedia.org/resource/জ্যাকসন_পোলক</field>
<field name="entity_type">artists</field>
<field name="timestamp">NOW</field>
<field name="sameAs">http://dbpedia.org/resource/Jackson_Pollock</field>
</doc>
<doc>
<field name="uri">http://br.dbpedia.org/resource/Jackson_Pollock</field>
<field name="entity_type">artists</field>
<field name="timestamp">NOW</field>
<field name="sameAs">http://dbpedia.org/resource/Jackson_Pollock</field>
</doc>
<doc>
<field name="uri">http://ca.dbpedia.org/resource/Jackson_Pollock</field>
<field name="entity_type">artists</field>
<field name="timestamp">NOW</field>
<field name="sameAs">http://dbpedia.org/resource/Jackson_Pollock</field>
</doc>
<doc>
<field name="uri">http://cy.dbpedia.org/resource/Jackson_Pollock</field>
<field name="entity_type">artists</field>
<field name="timestamp">NOW</field>
<field name="sameAs">http://dbpedia.org/resource/Jackson_Pollock</field>
</doc>
<doc>
<field name="uri">http://da.dbpedia.org/resource/Jackson_Pollock</field>
<field name="entity_type">artists</field>
<field name="timestamp">NOW</field>
<field name="sameAs">http://dbpedia.org/resource/Jackson_Pollock</field>
</doc>
<doc>
<field name="uri">http://eo.dbpedia.org/resource/Jackson_Pollock</field>
<field name="entity_type">artists</field>
<field name="timestamp">NOW</field>
<field name="sameAs">http://dbpedia.org/resource/Jackson_Pollock</field>
</doc>
<doc>
<field name="uri">http://et.dbpedia.org/resource/Jackson_Pollock</field>
<field name="entity_type">artists</field>
<field name="timestamp">NOW</field>
<field name="sameAs">http://dbpedia.org/resource/Jackson_Pollock</field>
</doc>
<doc>
<field name="uri">http://fa.dbpedia.org/resource/جکسون_پولاک</field>
<field name="entity_type">artists</field>
<field name="timestamp">NOW</field>
<field name="sameAs">http://dbpedia.org/resource/Jackson_Pollock</field>
</doc>
<doc>
<field name="uri">http://fi.dbpedia.org/resource/Jackson_Pollock</field>
<field name="entity_type">artists</field>
<field name="timestamp">NOW</field>
<field name="sameAs">http://dbpedia.org/resource/Jackson_Pollock</field>
</doc>
<doc>
<field name="uri">http://fy.dbpedia.org/resource/Jackson_Pollock</field>
<field name="entity_type">artists</field>
<field name="timestamp">NOW</field>
<field name="sameAs">http://dbpedia.org/resource/Jackson_Pollock</field>
</doc>
<doc>
<field name="uri">http://he.dbpedia.org/resource/ג'קסון_פולוק</field>
<field name="entity_type">artists</field>
<field name="timestamp">NOW</field>
<field name="sameAs">http://dbpedia.org/resource/Jackson_Pollock</field>
</doc>
<doc>
<field name="uri">http://hif.dbpedia.org/resource/Jackson_Pollock</field>
<field name="entity_type">artists</field>
<field name="timestamp">NOW</field>
<field name="sameAs">http://dbpedia.org/resource/Jackson_Pollock</field>
</doc>
<doc>
<field name="uri">http://hr.dbpedia.org/resource/Jackson_Pollock</field>
<field name="entity_type">artists</field>
<field name="timestamp">NOW</field>
<field name="sameAs">http://dbpedia.org/resource/Jackson_Pollock</field>
</doc>
<doc>
<field name="uri">http://hu.dbpedia.org/resource/Jackson_Pollock</field>
<field name="entity_type">artists</field>
<field name="timestamp">NOW</field>
<field name="sameAs">http://dbpedia.org/resource/Jackson_Pollock</field>
</doc>
<doc>
<field name="uri">http://hy.dbpedia.org/resource/Ջեքսոն_Պոլլոք</field>
<field name="entity_type">artists</field>
<field name="timestamp">NOW</field>
<field name="sameAs">http://dbpedia.org/resource/Jackson_Pollock</field>
</doc>
<doc>
<field name="uri">http://id.dbpedia.org/resource/Paul_Jackson_Pollock</field>
<field name="entity_type">artists</field>
<field name="timestamp">NOW</field>
<field name="sameAs">http://dbpedia.org/resource/Jackson_Pollock</field>
</doc>
<doc>
<field name="uri">http://io.dbpedia.org/resource/Jackson_Pollock</field>
<field name="entity_type">artists</field>
<field name="timestamp">NOW</field>
<field name="sameAs">http://dbpedia.org/resource/Jackson_Pollock</field>
</doc>
<doc>
<field name="uri">http://is.dbpedia.org/resource/Jackson_Pollock</field>
<field name="entity_type">artists</field>
<field name="timestamp">NOW</field>
<field name="sameAs">http://dbpedia.org/resource/Jackson_Pollock</field>
</doc>
<doc>
<field name="uri">http://jv.dbpedia.org/resource/Jackson_Pollock</field>
<field name="entity_type">artists</field>
<field name="timestamp">NOW</field>
<field name="sameAs">http://dbpedia.org/resource/Jackson_Pollock</field>
</doc>
<doc>
<field name="uri">http://ka.dbpedia.org/resource/ჯექსონ_პოლოკი</field>
<field name="entity_type">artists</field>
<field name="timestamp">NOW</field>
<field name="sameAs">http://dbpedia.org/resource/Jackson_Pollock</field>
</doc>
<doc>
<field name="uri">http://la.dbpedia.org/resource/Jackson_Pollock</field>
<field name="entity_type">artists</field>
<field name="timestamp">NOW</field>
<field name="sameAs">http://dbpedia.org/resource/Jackson_Pollock</field>
</doc>
<doc>
<field name="uri">http://lb.dbpedia.org/resource/Jackson_Pollock</field>
<field name="entity_type">artists</field>
<field name="timestamp">NOW</field>
<field name="sameAs">http://dbpedia.org/resource/Jackson_Pollock</field>
</doc>
<doc>
<field name="uri">http://lt.dbpedia.org/resource/Jackson_Pollock</field>
<field name="entity_type">artists</field>
<field name="timestamp">NOW</field>
<field name="sameAs">http://dbpedia.org/resource/Jackson_Pollock</field>
</doc>
<doc>
<field name="uri">http://lv.dbpedia.org/resource/Džeksons_Polloks</field>
<field name="entity_type">artists</field>
<field name="timestamp">NOW</field>
<field name="sameAs">http://dbpedia.org/resource/Jackson_Pollock</field>
</doc>
<doc>
<field name="uri">http://mk.dbpedia.org/resource/Џексон_Полок</field>
<field name="entity_type">artists</field>
<field name="timestamp">NOW</field>
<field name="sameAs">http://dbpedia.org/resource/Jackson_Pollock</field>
</doc>
<doc>
<field name="uri">http://ml.dbpedia.org/resource/ജാക്സൺ_പൊള്ളോക്ക്</field>
<field name="entity_type">artists</field>
<field name="timestamp">NOW</field>
<field name="sameAs">http://dbpedia.org/resource/Jackson_Pollock</field>
</doc>
<doc>
<field name="uri">http://mr.dbpedia.org/resource/जॅक्सन_पोलॉक</field>
<field name="entity_type">artists</field>
<field name="timestamp">NOW</field>
<field name="sameAs">http://dbpedia.org/resource/Jackson_Pollock</field>
</doc>
<doc>
<field name="uri">http://nds.dbpedia.org/resource/Jackson_Pollock</field>
<field name="entity_type">artists</field>
<field name="timestamp">NOW</field>
<field name="sameAs">http://dbpedia.org/resource/Jackson_Pollock</field>
</doc>
<doc>
<field name="uri">http://nn.dbpedia.org/resource/Jackson_Pollock</field>
<field name="entity_type">artists</field>
<field name="timestamp">NOW</field>
<field name="sameAs">http://dbpedia.org/resource/Jackson_Pollock</field>
</doc>
<doc>
<field name="uri">http://no.dbpedia.org/resource/Jackson_Pollock</field>
<field name="entity_type">artists</field>
<field name="timestamp">NOW</field>
<field name="sameAs">http://dbpedia.org/resource/Jackson_Pollock</field>
</doc>
<doc>
<field name="uri">http://oc.dbpedia.org/resource/Jackson_Pollock</field>
<field name="entity_type">artists</field>
<field name="timestamp">NOW</field>
<field name="sameAs">http://dbpedia.org/resource/Jackson_Pollock</field>
</doc>
<doc>
<field name="uri">http://ro.dbpedia.org/resource/Jackson_Pollock</field>
<field name="entity_type">artists</field>
<field name="timestamp">NOW</field>
<field name="sameAs">http://dbpedia.org/resource/Jackson_Pollock</field>
</doc>
<doc>
<field name="uri">http://sh.dbpedia.org/resource/Jackson_Pollock</field>
<field name="entity_type">artists</field>
<field name="timestamp">NOW</field>
<field name="sameAs">http://dbpedia.org/resource/Jackson_Pollock</field>
</doc>
<doc>
<field name="uri">http://simple.dbpedia.org/resource/Jackson_Pollock</field>
<field name="entity_type">artists</field>
<field name="timestamp">NOW</field>
<field name="sameAs">http://dbpedia.org/resource/Jackson_Pollock</field>
</doc>
<doc>
<field name="uri">http://sk.dbpedia.org/resource/Jackson_Pollock</field>
<field name="entity_type">artists</field>
<field name="timestamp">NOW</field>
<field name="sameAs">http://dbpedia.org/resource/Jackson_Pollock</field>
</doc>
<doc>
<field name="uri">http://sl.dbpedia.org/resource/Jackson_Pollock</field>
<field name="entity_type">artists</field>
<field name="timestamp">NOW</field>
<field name="sameAs">http://dbpedia.org/resource/Jackson_Pollock</field>
</doc>
<doc>
<field name="uri">http://sq.dbpedia.org/resource/Jackson_Pollock</field>
<field name="entity_type">artists</field>
<field name="timestamp">NOW</field>
<field name="sameAs">http://dbpedia.org/resource/Jackson_Pollock</field>
</doc>
<doc>
<field name="uri">http://sr.dbpedia.org/resource/Џексон_Полок</field>
<field name="entity_type">artists</field>
<field name="timestamp">NOW</field>
<field name="sameAs">http://dbpedia.org/resource/Jackson_Pollock</field>
</doc>
<doc>
<field name="uri">http://sv.dbpedia.org/resource/Jackson_Pollock</field>
<field name="entity_type">artists</field>
<field name="timestamp">NOW</field>
<field name="sameAs">http://dbpedia.org/resource/Jackson_Pollock</field>
</doc>
<doc>
<field name="uri">http://ta.dbpedia.org/resource/ஜாக்சன்_பாலக்</field>
<field name="entity_type">artists</field>
<field name="timestamp">NOW</field>
<field name="sameAs">http://dbpedia.org/resource/Jackson_Pollock</field>
</doc>
<doc>
<field name="uri">http://th.dbpedia.org/resource/แจ๊คสัน_พอลล็อค</field>
<field name="entity_type">artists</field>
<field name="timestamp">NOW</field>
<field name="sameAs">http://dbpedia.org/resource/Jackson_Pollock</field>
</doc>
<doc>
<field name="uri">http://tl.dbpedia.org/resource/Jackson_Pollock</field>
<field name="entity_type">artists</field>
<field name="timestamp">NOW</field>
<field name="sameAs">http://dbpedia.org/resource/Jackson_Pollock</field>
</doc>
<doc>
<field name="uri">http://tr.dbpedia.org/resource/Jackson_Pollock</field>
<field name="entity_type">artists</field>
<field name="timestamp">NOW</field>
<field name="sameAs">http://dbpedia.org/resource/Jackson_Pollock</field>
</doc>
<doc>
<field name="uri">http://uk.dbpedia.org/resource/Джексон_Поллок</field>
<field name="entity_type">artists</field>
<field name="timestamp">NOW</field>
<field name="sameAs">http://dbpedia.org/resource/Jackson_Pollock</field>
</doc>
<doc>
<field name="uri">http://uz.dbpedia.org/resource/Jackson_Pollock</field>
<field name="entity_type">artists</field>
<field name="timestamp">NOW</field>
<field name="sameAs">http://dbpedia.org/resource/Jackson_Pollock</field>
</doc>
<doc>
<field name="uri">http://vi.dbpedia.org/resource/Jackson_Pollock</field>
<field name="entity_type">artists</field>
<field name="timestamp">NOW</field>
<field name="sameAs">http://dbpedia.org/resource/Jackson_Pollock</field>
</doc>
<doc>
<field name="uri">http://war.dbpedia.org/resource/Jackson_Pollock</field>
<field name="entity_type">artists</field>
<field name="timestamp">NOW</field>
<field name="sameAs">http://dbpedia.org/resource/Jackson_Pollock</field>
</doc>
<doc>
<field name="uri">http://als.dbpedia.org/resource/Jackson_Pollock</field>
<field name="entity_type">artists</field>
<field name="timestamp">NOW</field>
<field name="sameAs">http://dbpedia.org/resource/Jackson_Pollock</field>
</doc>
<doc>
<field name="uri">http://bat_smg.dbpedia.org/resource/Jackson_Pollock</field>
<field name="entity_type">artists</field>
<field name="timestamp">NOW</field>
<field name="sameAs">http://dbpedia.org/resource/Jackson_Pollock</field>
</doc>
<doc>
<field name="uri">http://be_x_old.dbpedia.org/resource/Джэксан_Полак</field>
<field name="entity_type">artists</field>
<field name="timestamp">NOW</field>
<field name="sameAs">http://dbpedia.org/resource/Jackson_Pollock</field>
</doc>
<doc>
<field name="uri">http://bpy.dbpedia.org/resource/জ্যাকসন_পলক</field>
<field name="entity_type">artists</field>
<field name="timestamp">NOW</field>
<field name="sameAs">http://dbpedia.org/resource/Jackson_Pollock</field>
</doc>
<doc>
<field name="uri">http://li.dbpedia.org/resource/Jackson_Pollock</field>
<field name="entity_type">artists</field>
<field name="timestamp">NOW</field>
<field name="sameAs">http://dbpedia.org/resource/Jackson_Pollock</field>
</doc>
<doc>
<field name="uri">http://mn.dbpedia.org/resource/Жэксон_Поллок</field>
<field name="entity_type">artists</field>
<field name="timestamp">NOW</field>
<field name="sameAs">http://dbpedia.org/resource/Jackson_Pollock</field>
</doc>
<doc>
<field name="uri">http://mwl.dbpedia.org/resource/Jackson_Pollock</field>
<field name="entity_type">artists</field>
<field name="timestamp">NOW</field>
<field name="sameAs">http://dbpedia.org/resource/Jackson_Pollock</field>
</doc>
<doc>
<field name="uri">http://new.dbpedia.org/resource/ज्याक्सन_पोलक</field>
<field name="entity_type">artists</field>
<field name="timestamp">NOW</field>
<field name="sameAs">http://dbpedia.org/resource/Jackson_Pollock</field>
</doc>
<doc>
<field name="uri">http://pag.dbpedia.org/resource/Jackson_Pollock</field>
<field name="entity_type">artists</field>
<field name="timestamp">NOW</field>
<field name="sameAs">http://dbpedia.org/resource/Jackson_Pollock</field>
</doc>
<doc>
<field name="uri">http://sah.dbpedia.org/resource/Джексон_Поллок</field>
<field name="entity_type">artists</field>
<field name="timestamp">NOW</field>
<field name="sameAs">http://dbpedia.org/resource/Jackson_Pollock</field>
</doc>
<doc>
<field name="uri">http://sc.dbpedia.org/resource/Jackson_Pollock</field>
<field name="entity_type">artists</field>
<field name="timestamp">NOW</field>
<field name="sameAs">http://dbpedia.org/resource/Jackson_Pollock</field>
</doc>
<doc>
<field name="uri">http://vo.dbpedia.org/resource/Jackson_Pollock</field>
<field name="entity_type">artists</field>
<field name="timestamp">NOW</field>
<field name="sameAs">http://dbpedia.org/resource/Jackson_Pollock</field>
</doc>
<doc>
<field name="uri">http://zh_min_nan.dbpedia.org/resource/Jackson_Pollock</field>
<field name="entity_type">artists</field>
<field name="timestamp">NOW</field>
<field name="sameAs">http://dbpedia.org/resource/Jackson_Pollock</field>
</doc>
<doc>
<field name="uri">http://zh_yue.dbpedia.org/resource/Jackson_Pollock</field>
<field name="entity_type">artists</field>
<field name="timestamp">NOW</field>
<field name="sameAs">http://dbpedia.org/resource/Jackson_Pollock</field>
</doc>
</add>
