<add xmlns:dc="http://purl.org/dc/elements/1.1/" overwrite="true">
<doc>
<field name="uri">http://en.wikipedia.org/wiki/James_Tissot</field>
<field name="entity_type">artists</field>
<field name="timestamp">NOW</field>
<field name="primaryTopic">http://dbpedia.org/resource/James_Tissot</field>
</doc>
<doc>
<field name="uri">http://dbpedia.org/resource/The_Shop_Girl_(Tissot)</field>
<field name="entity_type">artists</field>
<field name="timestamp">NOW</field>
<field name="artist">http://dbpedia.org/resource/James_Tissot</field>
</doc>
<doc>
<field name="uri">http://de.dbpedia.org/resource/James_Tissot</field>
<field name="entity_type">artists</field>
<field name="timestamp">NOW</field>
<field name="sameAs">http://dbpedia.org/resource/James_Tissot</field>
</doc>
<doc>
<field name="uri">http://fr.dbpedia.org/resource/James_Tissot</field>
<field name="entity_type">artists</field>
<field name="timestamp">NOW</field>
<field name="sameAs">http://dbpedia.org/resource/James_Tissot</field>
</doc>
<doc>
<field name="uri">http://dbpedia.org/resource/James_Tissot</field>
<field name="entity_type">artists</field>
<field name="timestamp">NOW</field>
<field name="sameAs">http://de.dbpedia.org/resource/James_Tissot</field>
<field name="sameAs">http://sv.dbpedia.org/resource/James_Tissot</field>
<field name="sameAs">http://fr.dbpedia.org/resource/James_Tissot</field>
<field name="sameAs">http://an.dbpedia.org/resource/James_Tissot</field>
<field name="sameAs">http://pt.dbpedia.org/resource/James_Tissot</field>
<field name="sameAs">http://ru.dbpedia.org/resource/Тиссо,_Джеймс</field>
<field name="sameAs">http://it.dbpedia.org/resource/James_Tissot</field>
<field name="sameAs">http://es.dbpedia.org/resource/James_Tissot</field>
<field name="sameAs">http://he.dbpedia.org/resource/ג'יימס_טיסו</field>
<field name="sameAs">http://dbpedia.org/resource/James_Tissot</field>
<field name="sameAs">http://rdf.freebase.com/ns/m.051t84</field>
<field name="sameAs">http://pl.dbpedia.org/resource/James_Tissot</field>
<field name="sameAs">http://zh.dbpedia.org/resource/詹姆斯·迪索</field>
<field name="sameAs">http://nn.dbpedia.org/resource/James_Tissot</field>
<field name="sameAs">http://www.wikidata.org/entity/Q381248</field>
<field name="sameAs">http://nl.dbpedia.org/resource/James_Tissot</field>
<field name="sameAs">http://tr.dbpedia.org/resource/James_Tissot</field>
<field name="sameAs">http://no.dbpedia.org/resource/James_Tissot</field>
<field name="sameAs">http://ro.dbpedia.org/resource/James_Tissot</field>
<field name="sameAs">http://bg.dbpedia.org/resource/Джеймс_Тисо</field>
<field name="sameAs">http://simple.dbpedia.org/resource/James_Tissot</field>
<field name="sameAs">http://yago-knowledge.org/resource/James_Tissot</field>
<field name="subject" update="add">http://dbpedia.org/resource/Category:French_military_personnel_of_the_Franco-Prussian_War</field>
<field name="subject" update="add">http://dbpedia.org/resource/Category:French_painters</field>
<field name="subject" update="add">http://dbpedia.org/resource/Category:Vanity_Fair_(British_magazine)_artists</field>
<field name="subject" update="add">http://dbpedia.org/resource/Category:1902_deaths</field>
<field name="subject" update="add">http://dbpedia.org/resource/Category:French_expatriates_in_the_United_Kingdom</field>
<field name="subject" update="add">http://dbpedia.org/resource/Category:1836_births</field>
<field name="abstract">James Jacques Joseph Tissot (15 October 1836 – 8 August 1902) was a French painter, who spent much of his career in Britain.</field>
<field name="birth-place">http://dbpedia.org/resource/Nantes</field>
<field name="death-place">http://dbpedia.org/resource/Doubs</field>
<field name="label">James Tissot</field>
<field name="depiction">http://upload.wikimedia.org/wikipedia/commons/0/03/Tissot_self_detail.jpg</field>
<field name="comment">James Jacques Joseph Tissot (15 October 1836 – 8 August 1902) was a French painter, who spent much of his career in Britain.</field>
<field name="name"/>
<field name="thumbnail">http://upload.wikimedia.org/wikipedia/commons/thumb/0/03/Tissot_self_detail.jpg/200px-Tissot_self_detail.jpg</field>
<field name="link_external">http://www.annalies.com/Gallery/James_J__Tissot/james_j__tissot.html</field>
<field name="link_external">http://www.artbible.info/art/work/james-tissot.html</field>
<field name="link_external">http://www.victorianartinbritain.co.uk/biog/tissot.htm</field>
<field name="link_external">http://www.williamweston.co.uk/pages/catalogues/single/766/25/1.html</field>
<field name="link_external">http://www.jamestissot.org</field>
<field name="link_external">http://query.nytimes.com/gst/fullpage.html?res=9B03EFD91538F932A05753C1A96F958260</field>
<field name="link_external">http://libmma.contentdm.oclc.org/cdm/compoundobject/collection/p15324coll10/id/60673/rec/6</field>
<field name="link_external">http://artabase.net/exhibition/1868-james-tissot-the-life-of-christ</field>
<field name="isPrimaryTopicOf">http://en.wikipedia.org/wiki/James_Tissot</field>
<field name="description"/>
<field name="photo-collection">http://wifo5-03.informatik.uni-mannheim.de/flickrwrappr/photos/James_Tissot</field>
</doc>
<doc>
<field name="uri">http://es.dbpedia.org/resource/James_Tissot</field>
<field name="entity_type">artists</field>
<field name="timestamp">NOW</field>
<field name="sameAs">http://dbpedia.org/resource/James_Tissot</field>
</doc>
<doc>
<field name="uri">http://ru.dbpedia.org/resource/Тиссо,_Джеймс</field>
<field name="entity_type">artists</field>
<field name="timestamp">NOW</field>
<field name="sameAs">http://dbpedia.org/resource/James_Tissot</field>
</doc>
<doc>
<field name="uri">http://dbpedia.org/resource/Tissot_(disambiguation)</field>
<field name="entity_type">artists</field>
<field name="timestamp">NOW</field>
</doc>
<doc>
<field name="uri">http://dbpedia.org/resource/James_Jacques-Joseph_Tissot</field>
<field name="entity_type">artists</field>
<field name="timestamp">NOW</field>
</doc>
<doc>
<field name="uri">http://dbpedia.org/resource/Tissot,_James_Jacques-Joseph</field>
<field name="entity_type">artists</field>
<field name="timestamp">NOW</field>
</doc>
<doc>
<field name="uri">http://pl.dbpedia.org/resource/James_Tissot</field>
<field name="entity_type">artists</field>
<field name="timestamp">NOW</field>
<field name="sameAs">http://dbpedia.org/resource/James_Tissot</field>
</doc>
<doc>
<field name="uri">http://dbpedia.org/resource/Jacques_Tissot</field>
<field name="entity_type">artists</field>
<field name="timestamp">NOW</field>
</doc>
<doc>
<field name="uri">http://it.dbpedia.org/resource/James_Tissot</field>
<field name="entity_type">artists</field>
<field name="timestamp">NOW</field>
<field name="sameAs">http://dbpedia.org/resource/James_Tissot</field>
</doc>
<doc>
<field name="uri">http://pt.dbpedia.org/resource/James_Tissot</field>
<field name="entity_type">artists</field>
<field name="timestamp">NOW</field>
<field name="sameAs">http://dbpedia.org/resource/James_Tissot</field>
</doc>
<doc>
<field name="uri">http://dbpedia.org/resource/James_Jacques_Tissot</field>
<field name="entity_type">artists</field>
<field name="timestamp">NOW</field>
</doc>
<doc>
<field name="uri">http://dbpedia.org/resource/James_Joseph_Jacques_Tissot</field>
<field name="entity_type">artists</field>
<field name="timestamp">NOW</field>
</doc>
<doc>
<field name="uri">http://dbpedia.org/resource/J._James_Tissot</field>
<field name="entity_type">artists</field>
<field name="timestamp">NOW</field>
</doc>
<doc>
<field name="uri">http://dbpedia.org/resource/JJ_Tissot</field>
<field name="entity_type">artists</field>
<field name="timestamp">NOW</field>
</doc>
<doc>
<field name="uri">http://dbpedia.org/resource/James_Jacques_Joseph_Tissot</field>
<field name="entity_type">artists</field>
<field name="timestamp">NOW</field>
</doc>
<doc>
<field name="uri">http://nl.dbpedia.org/resource/James_Tissot</field>
<field name="entity_type">artists</field>
<field name="timestamp">NOW</field>
<field name="sameAs">http://dbpedia.org/resource/James_Tissot</field>
</doc>
<doc>
<field name="uri">http://wikidata.dbpedia.org/resource/Q381248</field>
<field name="entity_type">artists</field>
<field name="timestamp">NOW</field>
<field name="sameAs">http://dbpedia.org/resource/James_Tissot</field>
</doc>
<doc>
<field name="uri">http://zh.dbpedia.org/resource/詹姆斯·迪索</field>
<field name="entity_type">artists</field>
<field name="timestamp">NOW</field>
<field name="sameAs">http://dbpedia.org/resource/James_Tissot</field>
</doc>
<doc>
<field name="uri">http://an.dbpedia.org/resource/James_Tissot</field>
<field name="entity_type">artists</field>
<field name="timestamp">NOW</field>
<field name="sameAs">http://dbpedia.org/resource/James_Tissot</field>
</doc>
<doc>
<field name="uri">http://bg.dbpedia.org/resource/Джеймс_Тисо</field>
<field name="entity_type">artists</field>
<field name="timestamp">NOW</field>
<field name="sameAs">http://dbpedia.org/resource/James_Tissot</field>
</doc>
<doc>
<field name="uri">http://he.dbpedia.org/resource/ג'יימס_טיסו</field>
<field name="entity_type">artists</field>
<field name="timestamp">NOW</field>
<field name="sameAs">http://dbpedia.org/resource/James_Tissot</field>
</doc>
<doc>
<field name="uri">http://nn.dbpedia.org/resource/James_Tissot</field>
<field name="entity_type">artists</field>
<field name="timestamp">NOW</field>
<field name="sameAs">http://dbpedia.org/resource/James_Tissot</field>
</doc>
<doc>
<field name="uri">http://no.dbpedia.org/resource/James_Tissot</field>
<field name="entity_type">artists</field>
<field name="timestamp">NOW</field>
<field name="sameAs">http://dbpedia.org/resource/James_Tissot</field>
</doc>
<doc>
<field name="uri">http://ro.dbpedia.org/resource/James_Tissot</field>
<field name="entity_type">artists</field>
<field name="timestamp">NOW</field>
<field name="sameAs">http://dbpedia.org/resource/James_Tissot</field>
</doc>
<doc>
<field name="uri">http://simple.dbpedia.org/resource/James_Tissot</field>
<field name="entity_type">artists</field>
<field name="timestamp">NOW</field>
<field name="sameAs">http://dbpedia.org/resource/James_Tissot</field>
</doc>
<doc>
<field name="uri">http://sv.dbpedia.org/resource/James_Tissot</field>
<field name="entity_type">artists</field>
<field name="timestamp">NOW</field>
<field name="sameAs">http://dbpedia.org/resource/James_Tissot</field>
</doc>
<doc>
<field name="uri">http://tr.dbpedia.org/resource/James_Tissot</field>
<field name="entity_type">artists</field>
<field name="timestamp">NOW</field>
<field name="sameAs">http://dbpedia.org/resource/James_Tissot</field>
</doc>
</add>
