<add xmlns:dc="http://purl.org/dc/elements/1.1/" overwrite="true">
<doc>
<field name="uri">http://pl.dbpedia.org/resource/Joachim_Patinir</field>
<field name="entity_type">artists</field>
<field name="timestamp">NOW</field>
<field name="sameAs">http://dbpedia.org/resource/Joachim_Patinir</field>
</doc>
<doc>
<field name="uri">http://dbpedia.org/resource/Joachim_Patiner</field>
<field name="entity_type">artists</field>
<field name="timestamp">NOW</field>
</doc>
<doc>
<field name="uri">http://dbpedia.org/resource/Landscape_with_Charon_Crossing_the_Styx</field>
<field name="entity_type">artists</field>
<field name="timestamp">NOW</field>
<field name="artist">http://dbpedia.org/resource/Joachim_Patinir</field>
</doc>
<doc>
<field name="uri">http://de.dbpedia.org/resource/Joachim_Patinir</field>
<field name="entity_type">artists</field>
<field name="timestamp">NOW</field>
<field name="sameAs">http://dbpedia.org/resource/Joachim_Patinir</field>
</doc>
<doc>
<field name="uri">http://fr.dbpedia.org/resource/Joachim_Patinir</field>
<field name="entity_type">artists</field>
<field name="timestamp">NOW</field>
<field name="sameAs">http://dbpedia.org/resource/Joachim_Patinir</field>
</doc>
<doc>
<field name="uri">http://dbpedia.org/resource/Patinir_(or_Patenier,_or_Patinier),_Joachim</field>
<field name="entity_type">artists</field>
<field name="timestamp">NOW</field>
</doc>
<doc>
<field name="uri">http://it.dbpedia.org/resource/Joachim_Patinir</field>
<field name="entity_type">artists</field>
<field name="timestamp">NOW</field>
<field name="sameAs">http://dbpedia.org/resource/Joachim_Patinir</field>
</doc>
<doc>
<field name="uri">http://pt.dbpedia.org/resource/Joachim_Patinir</field>
<field name="entity_type">artists</field>
<field name="timestamp">NOW</field>
<field name="sameAs">http://dbpedia.org/resource/Joachim_Patinir</field>
</doc>
<doc>
<field name="uri">http://ru.dbpedia.org/resource/Патинир,_Иоахим</field>
<field name="entity_type">artists</field>
<field name="timestamp">NOW</field>
<field name="sameAs">http://dbpedia.org/resource/Joachim_Patinir</field>
</doc>
<doc>
<field name="uri">http://dbpedia.org/resource/Patenier_Patinir</field>
<field name="entity_type">artists</field>
<field name="timestamp">NOW</field>
</doc>
<doc>
<field name="uri">http://dbpedia.org/resource/Joachim_De_Patinir</field>
<field name="entity_type">artists</field>
<field name="timestamp">NOW</field>
</doc>
<doc>
<field name="uri">http://dbpedia.org/resource/Jan_Mostaert</field>
<field name="entity_type">artists</field>
<field name="timestamp">NOW</field>
<field name="influenced">http://dbpedia.org/resource/Joachim_Patinir</field>
</doc>
<doc>
<field name="uri">http://dbpedia.org/resource/Joachim_Patenier</field>
<field name="entity_type">artists</field>
<field name="timestamp">NOW</field>
</doc>
<doc>
<field name="uri">http://dbpedia.org/resource/Joachim_de_Patenier</field>
<field name="entity_type">artists</field>
<field name="timestamp">NOW</field>
</doc>
<doc>
<field name="uri">http://dbpedia.org/resource/Joachim_de_Patinier</field>
<field name="entity_type">artists</field>
<field name="timestamp">NOW</field>
</doc>
<doc>
<field name="uri">http://dbpedia.org/resource/Joachim_Patinir</field>
<field name="entity_type">artists</field>
<field name="timestamp">NOW</field>
<field name="sameAs">http://yago-knowledge.org/resource/Joachim_Patinir</field>
<field name="sameAs">http://es.dbpedia.org/resource/Joachim_Patinir</field>
<field name="sameAs">http://hu.dbpedia.org/resource/Joachim_Patinir</field>
<field name="sameAs">http://nn.dbpedia.org/resource/Joachim_Patinir</field>
<field name="sameAs">http://pt.dbpedia.org/resource/Joachim_Patinir</field>
<field name="sameAs">http://dbpedia.org/resource/Joachim_Patinir</field>
<field name="sameAs">http://fr.dbpedia.org/resource/Joachim_Patinir</field>
<field name="sameAs">http://de.dbpedia.org/resource/Joachim_Patinir</field>
<field name="sameAs">http://nl.dbpedia.org/resource/Joachim_Patinir</field>
<field name="sameAs">http://ca.dbpedia.org/resource/Joachim_Patinir</field>
<field name="sameAs">http://eu.dbpedia.org/resource/Joachim_Patinir</field>
<field name="sameAs">http://it.dbpedia.org/resource/Joachim_Patinir</field>
<field name="sameAs">http://ja.dbpedia.org/resource/ヨアヒム・パティニール</field>
<field name="sameAs">http://rdf.freebase.com/ns/m.05qj4v</field>
<field name="sameAs">http://br.dbpedia.org/resource/Joachim_Patinir</field>
<field name="sameAs">http://www.wikidata.org/entity/Q442491</field>
<field name="sameAs">http://tr.dbpedia.org/resource/Joachim_Patinir</field>
<field name="sameAs">http://sv.dbpedia.org/resource/Joachim_Patinir</field>
<field name="sameAs">http://oc.dbpedia.org/resource/Joachim_Patinir</field>
<field name="sameAs">http://ru.dbpedia.org/resource/Патинир,_Иоахим</field>
<field name="sameAs">http://pl.dbpedia.org/resource/Joachim_Patinir</field>
<field name="subject" update="add">http://dbpedia.org/resource/Category:1480s_births</field>
<field name="subject" update="add">http://dbpedia.org/resource/Category:Members_of_the_Antwerp_Guild_of_Saint_Luke</field>
<field name="subject" update="add">http://dbpedia.org/resource/Category:Landscape_artists</field>
<field name="subject" update="add">http://dbpedia.org/resource/Category:1524_deaths</field>
<field name="subject" update="add">http://dbpedia.org/resource/Category:Early_Netherlandish_painters</field>
<field name="subject" update="add">http://dbpedia.org/resource/Category:People_from_Dinant</field>
<field name="abstract">Joachim Patinir, also called Patenier(c. 1480 – 5 October 1524), was a Flemish Northern Renaissance history and landscape painter from the area of modern Wallonia. He was probably the uncle of Herri met de Bles, his follower in establishing a distinct style of panoramic northern Renaissance landscapes.</field>
<field name="birth-place">http://dbpedia.org/resource/Dinant</field>
<field name="death-place">http://dbpedia.org/resource/Antwerp</field>
<field name="label">Joachim Patinir</field>
<field name="depiction">http://upload.wikimedia.org/wikipedia/commons/2/2e/PatenierChristopher.jpg</field>
<field name="comment">Joachim Patinir, also called Patenier(c. 1480 – 5 October 1524), was a Flemish Northern Renaissance history and landscape painter from the area of modern Wallonia. He was probably the uncle of Herri met de Bles, his follower in establishing a distinct style of panoramic northern Renaissance landscapes.</field>
<field name="name"/>
<field name="thumbnail">http://upload.wikimedia.org/wikipedia/commons/thumb/2/2e/PatenierChristopher.jpg/200px-PatenierChristopher.jpg</field>
<field name="link_external">http://www.ibiblio.org/wm/paint/tl/north-ren</field>
<field name="link_external">http://www.wga.hu/html/p/patenier/index.html</field>
<field name="isPrimaryTopicOf">http://en.wikipedia.org/wiki/Joachim_Patinir</field>
<field name="description"/>
<field name="photo-collection">http://wifo5-03.informatik.uni-mannheim.de/flickrwrappr/photos/Joachim_Patinir</field>
</doc>
<doc>
<field name="uri">http://es.dbpedia.org/resource/Joachim_Patinir</field>
<field name="entity_type">artists</field>
<field name="timestamp">NOW</field>
<field name="sameAs">http://dbpedia.org/resource/Joachim_Patinir</field>
</doc>
<doc>
<field name="uri">http://ja.dbpedia.org/resource/ヨアヒム・パティニール</field>
<field name="entity_type">artists</field>
<field name="timestamp">NOW</field>
<field name="sameAs">http://dbpedia.org/resource/Joachim_Patinir</field>
</doc>
<doc>
<field name="uri">http://en.wikipedia.org/wiki/Joachim_Patinir</field>
<field name="entity_type">artists</field>
<field name="timestamp">NOW</field>
<field name="primaryTopic">http://dbpedia.org/resource/Joachim_Patinir</field>
</doc>
<doc>
<field name="uri">http://dbpedia.org/resource/Patinir</field>
<field name="entity_type">artists</field>
<field name="timestamp">NOW</field>
</doc>
<doc>
<field name="uri">http://nl.dbpedia.org/resource/Joachim_Patinir</field>
<field name="entity_type">artists</field>
<field name="timestamp">NOW</field>
<field name="sameAs">http://dbpedia.org/resource/Joachim_Patinir</field>
</doc>
<doc>
<field name="uri">http://eu.dbpedia.org/resource/Joachim_Patinir</field>
<field name="entity_type">artists</field>
<field name="timestamp">NOW</field>
<field name="sameAs">http://dbpedia.org/resource/Joachim_Patinir</field>
</doc>
<doc>
<field name="uri">http://br.dbpedia.org/resource/Joachim_Patinir</field>
<field name="entity_type">artists</field>
<field name="timestamp">NOW</field>
<field name="sameAs">http://dbpedia.org/resource/Joachim_Patinir</field>
</doc>
<doc>
<field name="uri">http://ca.dbpedia.org/resource/Joachim_Patinir</field>
<field name="entity_type">artists</field>
<field name="timestamp">NOW</field>
<field name="sameAs">http://dbpedia.org/resource/Joachim_Patinir</field>
</doc>
<doc>
<field name="uri">http://hu.dbpedia.org/resource/Joachim_Patinir</field>
<field name="entity_type">artists</field>
<field name="timestamp">NOW</field>
<field name="sameAs">http://dbpedia.org/resource/Joachim_Patinir</field>
</doc>
<doc>
<field name="uri">http://nn.dbpedia.org/resource/Joachim_Patinir</field>
<field name="entity_type">artists</field>
<field name="timestamp">NOW</field>
<field name="sameAs">http://dbpedia.org/resource/Joachim_Patinir</field>
</doc>
<doc>
<field name="uri">http://oc.dbpedia.org/resource/Joachim_Patinir</field>
<field name="entity_type">artists</field>
<field name="timestamp">NOW</field>
<field name="sameAs">http://dbpedia.org/resource/Joachim_Patinir</field>
</doc>
<doc>
<field name="uri">http://sv.dbpedia.org/resource/Joachim_Patinir</field>
<field name="entity_type">artists</field>
<field name="timestamp">NOW</field>
<field name="sameAs">http://dbpedia.org/resource/Joachim_Patinir</field>
</doc>
<doc>
<field name="uri">http://tr.dbpedia.org/resource/Joachim_Patinir</field>
<field name="entity_type">artists</field>
<field name="timestamp">NOW</field>
<field name="sameAs">http://dbpedia.org/resource/Joachim_Patinir</field>
</doc>
<doc>
<field name="uri">http://wikidata.dbpedia.org/resource/Q442491</field>
<field name="entity_type">artists</field>
<field name="timestamp">NOW</field>
<field name="sameAs">http://dbpedia.org/resource/Joachim_Patinir</field>
</doc>
</add>
