<add xmlns:dc="http://purl.org/dc/elements/1.1/" overwrite="true">
<doc>
<field name="uri">http://dbpedia.org/resource/John_Brack</field>
<field name="entity_type">artists</field>
<field name="timestamp">NOW</field>
<field name="sameAs">http://www.wikidata.org/entity/Q117680</field>
<field name="sameAs">http://de.dbpedia.org/resource/John_Brack</field>
<field name="sameAs">http://dbpedia.org/resource/John_Brack</field>
<field name="sameAs">http://rdf.freebase.com/ns/m.07wxrq</field>
<field name="sameAs">http://yago-knowledge.org/resource/John_Brack</field>
<field name="sameAs">http://nl.dbpedia.org/resource/John_Brack</field>
<field name="subject" update="add">http://dbpedia.org/resource/Category:1999_deaths</field>
<field name="subject" update="add">http://dbpedia.org/resource/Category:1920_births</field>
<field name="subject" update="add">http://dbpedia.org/resource/Category:Australian_painters</field>
<field name="subject" update="add">http://dbpedia.org/resource/Category:Artists_from_Melbourne</field>
<field name="subject" update="add">http://dbpedia.org/resource/Category:Paintings_by_John_Brack</field>
<field name="subject" update="add">http://dbpedia.org/resource/Category:Australian_printmakers</field>
<field name="abstract">John Brack (10 May 1920 – 11 February 1999 in South Melbourne, Victoria) was an Australian painter, and a member of the Antipodeans group. According to one critic, Brack's early works captured the idiosyncrasies of their time "more powerfully and succinctly than any Australian artist before or since. Brack forged the iconography of a decade on canvas as sharply as Barry Humphries did on stage."</field>
<field name="birth-place">http://dbpedia.org/resource/Australia</field>
<field name="birth-place">http://dbpedia.org/resource/South_Melbourne,_Victoria</field>
<field name="death-place">http://dbpedia.org/resource/Australia</field>
<field name="death-place">http://dbpedia.org/resource/Melbourne</field>
<field name="field">http://dbpedia.org/resource/Painting</field>
<field name="field">http://dbpedia.org/resource/Printmaking</field>
<field name="field">http://dbpedia.org/resource/Drawing</field>
<field name="movement">http://dbpedia.org/resource/Antipodeans</field>
<field name="label">John Brack</field>
<field name="depiction">http://upload.wikimedia.org/wikipedia/commons/b/bd/John_Brack_working.jpg</field>
<field name="comment">John Brack (10 May 1920 – 11 February 1999 in South Melbourne, Victoria) was an Australian painter, and a member of the Antipodeans group. According to one critic, Brack's early works captured the idiosyncrasies of their time "more powerfully and succinctly than any Australian artist before or since. Brack forged the iconography of a decade on canvas as sharply as Barry Humphries did on stage."</field>
<field name="name"/>
<field name="thumbnail">http://upload.wikimedia.org/wikipedia/commons/thumb/b/bd/John_Brack_working.jpg/200px-John_Brack_working.jpg</field>
<field name="link_external">http://www.youtube.com/watch?v=WSzTx_0eu3g</field>
<field name="link_external">http://www.printsandprintmaking.gov.au/catalogues/artist/13264/john-brack.aspx?related=work</field>
<field name="link_external">http://www.ngv.vic.gov.au/ngvaustralia/</field>
<field name="link_external">http://artabase.net/exhibition/1883-john-brack</field>
<field name="link_external">http://www.onlymelbourne.com.au/melbourne_details.php?id=19140</field>
<field name="link_external">http://nga.gov.au/exhibitions/Brack/</field>
<field name="link_external">http://www.mcclellandgallery.com/index.php?prfPageId=past/past48</field>
<field name="link_external">http://cs.nga.gov.au</field>
<field name="link_external">http://www.artgallery.sa.gov.au/1998/EX98%20Brack.html</field>
<field name="link_external">http://www.ngv.vic.gov.au/johnbrack/</field>
<field name="link_external">http://www.balgal.com/?id=brackjohn</field>
<field name="link_external">http://www.ngv.vic.gov.au/</field>
<field name="field">http://dbpedia.org/resource/Printmaking</field>
<field name="field">http://dbpedia.org/resource/Drawing</field>
<field name="field">http://dbpedia.org/resource/Painting</field>
<field name="movement">http://dbpedia.org/resource/Antipodeans</field>
<field name="influenced"/>
<field name="influenced"/>
<field name="isPrimaryTopicOf">http://en.wikipedia.org/wiki/John_Brack</field>
<field name="description"/>
<field name="photo-collection">http://wifo5-03.informatik.uni-mannheim.de/flickrwrappr/photos/John_Brack</field>
</doc>
<doc>
<field name="uri">http://de.dbpedia.org/resource/John_Brack</field>
<field name="entity_type">artists</field>
<field name="timestamp">NOW</field>
<field name="sameAs">http://dbpedia.org/resource/John_Brack</field>
</doc>
<doc>
<field name="uri">http://dbpedia.org/resource/The_Bar_(painting)</field>
<field name="entity_type">artists</field>
<field name="timestamp">NOW</field>
<field name="artist">http://dbpedia.org/resource/John_Brack</field>
</doc>
<doc>
<field name="uri">http://dbpedia.org/resource/Collins_St.,_5_pm</field>
<field name="entity_type">artists</field>
<field name="timestamp">NOW</field>
<field name="artist">http://dbpedia.org/resource/John_Brack</field>
</doc>
<doc>
<field name="uri">http://en.wikipedia.org/wiki/John_Brack</field>
<field name="entity_type">artists</field>
<field name="timestamp">NOW</field>
<field name="primaryTopic">http://dbpedia.org/resource/John_Brack</field>
</doc>
<doc>
<field name="uri">http://nl.dbpedia.org/resource/John_Brack</field>
<field name="entity_type">artists</field>
<field name="timestamp">NOW</field>
<field name="sameAs">http://dbpedia.org/resource/John_Brack</field>
</doc>
<doc>
<field name="uri">http://wikidata.dbpedia.org/resource/Q117680</field>
<field name="entity_type">artists</field>
<field name="timestamp">NOW</field>
<field name="sameAs">http://dbpedia.org/resource/John_Brack</field>
</doc>
</add>
