<add xmlns:dc="http://purl.org/dc/elements/1.1/" overwrite="true">
<doc>
<field name="uri">http://dbpedia.org/resource/Copley,_John_Singleton</field>
<field name="entity_type">artists</field>
<field name="timestamp">NOW</field>
</doc>
<doc>
<field name="uri">http://dbpedia.org/resource/John_S._Copley</field>
<field name="entity_type">artists</field>
<field name="timestamp">NOW</field>
</doc>
<doc>
<field name="uri">http://dbpedia.org/resource/The_Defeat_of_the_Floating_Batteries_at_Gibraltar,_September_1782</field>
<field name="entity_type">artists</field>
<field name="timestamp">NOW</field>
<field name="artist">http://dbpedia.org/resource/John_Singleton_Copley</field>
</doc>
<doc>
<field name="uri">http://es.dbpedia.org/resource/John_Singleton_Copley</field>
<field name="entity_type">artists</field>
<field name="timestamp">NOW</field>
<field name="sameAs">http://dbpedia.org/resource/John_Singleton_Copley</field>
</doc>
<doc>
<field name="uri">http://de.dbpedia.org/resource/John_Singleton_Copley</field>
<field name="entity_type">artists</field>
<field name="timestamp">NOW</field>
<field name="sameAs">http://dbpedia.org/resource/John_Singleton_Copley</field>
</doc>
<doc>
<field name="uri">http://fr.dbpedia.org/resource/John_Singleton_Copley</field>
<field name="entity_type">artists</field>
<field name="timestamp">NOW</field>
<field name="sameAs">http://dbpedia.org/resource/John_Singleton_Copley</field>
</doc>
<doc>
<field name="uri">http://it.dbpedia.org/resource/John_Singleton_Copley</field>
<field name="entity_type">artists</field>
<field name="timestamp">NOW</field>
<field name="sameAs">http://dbpedia.org/resource/John_Singleton_Copley</field>
</doc>
<doc>
<field name="uri">http://pt.dbpedia.org/resource/John_Singleton_Copley</field>
<field name="entity_type">artists</field>
<field name="timestamp">NOW</field>
<field name="sameAs">http://dbpedia.org/resource/John_Singleton_Copley</field>
</doc>
<doc>
<field name="uri">http://ru.dbpedia.org/resource/Копли,_Джон_Синглтон</field>
<field name="entity_type">artists</field>
<field name="timestamp">NOW</field>
<field name="sameAs">http://dbpedia.org/resource/John_Singleton_Copley</field>
</doc>
<doc>
<field name="uri">http://dbpedia.org/resource/John_Singleton_Copley</field>
<field name="entity_type">artists</field>
<field name="timestamp">NOW</field>
<field name="sameAs">http://da.dbpedia.org/resource/John_Singleton_Copley</field>
<field name="sameAs">http://de.dbpedia.org/resource/John_Singleton_Copley</field>
<field name="sameAs">http://www.wikidata.org/entity/Q316016</field>
<field name="sameAs">http://nl.dbpedia.org/resource/John_Singleton_Copley</field>
<field name="sameAs">http://pl.dbpedia.org/resource/John_Singleton_Copley</field>
<field name="sameAs">http://be.dbpedia.org/resource/Джон_Сінглтан_Коплі</field>
<field name="sameAs">http://fi.dbpedia.org/resource/John_Singleton_Copley</field>
<field name="sameAs">http://pt.dbpedia.org/resource/John_Singleton_Copley</field>
<field name="sameAs">http://sv.dbpedia.org/resource/John_Singleton_Copley</field>
<field name="sameAs">http://rdf.freebase.com/ns/m.01jl09</field>
<field name="sameAs">http://fr.dbpedia.org/resource/John_Singleton_Copley</field>
<field name="sameAs">http://sw.cyc.com/concept/Mx4rvkx09pwpEbGdrcN5Y29ycA</field>
<field name="sameAs">http://th.dbpedia.org/resource/จอห์น_ซิงเกิลทัน_โคพลีย์</field>
<field name="sameAs">http://it.dbpedia.org/resource/John_Singleton_Copley</field>
<field name="sameAs">http://yago-knowledge.org/resource/John_Singleton_Copley</field>
<field name="sameAs">http://dbpedia.org/resource/John_Singleton_Copley</field>
<field name="sameAs">http://ar.dbpedia.org/resource/جون_سينغلتون_كوبلي</field>
<field name="sameAs">http://bg.dbpedia.org/resource/Джон_Копли</field>
<field name="sameAs">http://sh.dbpedia.org/resource/John_Singleton_Copley</field>
<field name="sameAs">http://es.dbpedia.org/resource/John_Singleton_Copley</field>
<field name="sameAs">http://no.dbpedia.org/resource/John_Singleton_Copley</field>
<field name="sameAs">http://ru.dbpedia.org/resource/Копли,_Джон_Синглтон</field>
<field name="sameAs">http://ro.dbpedia.org/resource/John_Singleton_Copley</field>
<field name="sameAs">http://cs.dbpedia.org/resource/John_Singleton_Copley</field>
<field name="sameAs">http://sk.dbpedia.org/resource/John_Singleton_Copley</field>
<field name="sameAs">http://fa.dbpedia.org/resource/جان_سینگلتون_کاپلی</field>
<field name="subject" update="add">http://dbpedia.org/resource/Category:18th_century_in_Boston,_Massachusetts</field>
<field name="subject" update="add">http://dbpedia.org/resource/Category:Royal_Academicians</field>
<field name="subject" update="add">http://dbpedia.org/resource/Category:People_from_colonial_Boston,_Massachusetts</field>
<field name="subject" update="add">http://dbpedia.org/resource/Category:People_of_Massachusetts_in_the_American_Revolution</field>
<field name="subject" update="add">http://dbpedia.org/resource/Category:Artists_from_Boston,_Massachusetts</field>
<field name="subject" update="add">http://dbpedia.org/resource/Category:1738_births</field>
<field name="subject" update="add">http://dbpedia.org/resource/Category:American_painters</field>
<field name="subject" update="add">http://dbpedia.org/resource/Category:Portrait_artists</field>
<field name="subject" update="add">http://dbpedia.org/resource/Category:1815_deaths</field>
<field name="subject" update="add">http://dbpedia.org/resource/Category:Loyalists_in_the_American_Revolution</field>
<field name="subject" update="add">http://dbpedia.org/resource/Category:American_people_of_Irish_descent</field>
<field name="abstract">John Singleton Copley (1738 – 1815) was an American-born painter, active in both colonial America and England. He was probably born in Boston, Massachusetts, to Richard and Mary Singleton Copley, both Irish. He is famous for his portrait paintings of important figures in colonial New England, depicting in particular middle-class subjects. His paintings were innovative in their tendency to depict artifacts relating to these individuals' lives.</field>
<field name="birth-place">http://dbpedia.org/resource/Boston</field>
<field name="birth-place">http://dbpedia.org/resource/Province_of_Massachusetts_Bay</field>
<field name="death-place">http://dbpedia.org/resource/London</field>
<field name="death-place">http://dbpedia.org/resource/United_Kingdom_of_Great_Britain_and_Ireland</field>
<field name="label">John Singleton Copley</field>
<field name="depiction">http://upload.wikimedia.org/wikipedia/commons/c/c5/JohnSingletonCopley.jpeg</field>
<field name="comment">John Singleton Copley (1738 – 1815) was an American-born painter, active in both colonial America and England. He was probably born in Boston, Massachusetts, to Richard and Mary Singleton Copley, both Irish. He is famous for his portrait paintings of important figures in colonial New England, depicting in particular middle-class subjects. His paintings were innovative in their tendency to depict artifacts relating to these individuals' lives.</field>
<field name="name"/>
<field name="thumbnail">http://upload.wikimedia.org/wikipedia/commons/thumb/c/c5/JohnSingletonCopley.jpeg/200px-JohnSingletonCopley.jpeg</field>
<field name="link_external">http://www.nga.gov/collection/gallery/gg60b/gg60b-main1.html</field>
<field name="link_external">http://www.getty.edu/vow/ULANFullDisplay?find=copley&amp;role=&amp;nation=&amp;prev_page=1&amp;subjectid=500009177</field>
<field name="link_external">http://www.nga.gov/feature/watson/watsonhome.html</field>
<field name="link_external">http://oxforddnb.com/view/article/6271</field>
<field name="link_external">http://www.findagrave.com/cgi-bin/fg.cgi?page=gr&amp;GRid=2607</field>
<field name="link_external">http://www.reynoldahouse.org/discover/collections/selected_works.php</field>
<field name="link_external">http://libmma.contentdm.oclc.org/cdm/compoundobject/collection/p15324coll10/id/82989/rec/60</field>
<field name="link_external">http://collections.tepapa.govt.nz/objectdetails.aspx?oid=41241</field>
<field name="link_external">http://www.museumsyndicate.com/artist.php?artist=202</field>
<field name="field"/>
<field name="influenced"/>
<field name="isPrimaryTopicOf">http://en.wikipedia.org/wiki/John_Singleton_Copley</field>
<field name="description"/>
<field name="photo-collection">http://wifo5-03.informatik.uni-mannheim.de/flickrwrappr/photos/John_Singleton_Copley</field>
</doc>
<doc>
<field name="uri">http://dbpedia.org/resource/The_Death_of_Major_Peirson,_6_January_1781</field>
<field name="entity_type">artists</field>
<field name="timestamp">NOW</field>
<field name="artist">http://dbpedia.org/resource/John_Singleton_Copley</field>
</doc>
<doc>
<field name="uri">http://dbpedia.org/resource/The_Death_of_the_Earl_of_Chatham</field>
<field name="entity_type">artists</field>
<field name="timestamp">NOW</field>
<field name="artist">http://dbpedia.org/resource/John_Singleton_Copley</field>
</doc>
<doc>
<field name="uri">http://cs.dbpedia.org/resource/John_Singleton_Copley</field>
<field name="entity_type">artists</field>
<field name="timestamp">NOW</field>
<field name="sameAs">http://dbpedia.org/resource/John_Singleton_Copley</field>
</doc>
<doc>
<field name="uri">http://pl.dbpedia.org/resource/John_Singleton_Copley</field>
<field name="entity_type">artists</field>
<field name="timestamp">NOW</field>
<field name="sameAs">http://dbpedia.org/resource/John_Singleton_Copley</field>
</doc>
<doc>
<field name="uri">http://dbpedia.org/resource/Watson_and_the_Shark</field>
<field name="entity_type">artists</field>
<field name="timestamp">NOW</field>
<field name="artist">http://dbpedia.org/resource/John_Singleton_Copley</field>
</doc>
<doc>
<field name="uri">http://en.wikipedia.org/wiki/John_Singleton_Copley</field>
<field name="entity_type">artists</field>
<field name="timestamp">NOW</field>
<field name="primaryTopic">http://dbpedia.org/resource/John_Singleton_Copley</field>
</doc>
<doc>
<field name="uri">http://dbpedia.org/resource/Copley_(crater)</field>
<field name="entity_type">artists</field>
<field name="timestamp">NOW</field>
</doc>
<doc>
<field name="uri">http://nl.dbpedia.org/resource/John_Singleton_Copley</field>
<field name="entity_type">artists</field>
<field name="timestamp">NOW</field>
<field name="sameAs">http://dbpedia.org/resource/John_Singleton_Copley</field>
</doc>
<doc>
<field name="uri">http://wikidata.dbpedia.org/resource/Q316016</field>
<field name="entity_type">artists</field>
<field name="timestamp">NOW</field>
<field name="sameAs">http://dbpedia.org/resource/John_Singleton_Copley</field>
</doc>
<doc>
<field name="uri">http://ar.dbpedia.org/resource/جون_سينغلتون_كوبلي</field>
<field name="entity_type">artists</field>
<field name="timestamp">NOW</field>
<field name="sameAs">http://dbpedia.org/resource/John_Singleton_Copley</field>
</doc>
<doc>
<field name="uri">http://be.dbpedia.org/resource/Джон_Сінглтан_Коплі</field>
<field name="entity_type">artists</field>
<field name="timestamp">NOW</field>
<field name="sameAs">http://dbpedia.org/resource/John_Singleton_Copley</field>
</doc>
<doc>
<field name="uri">http://bg.dbpedia.org/resource/Джон_Копли</field>
<field name="entity_type">artists</field>
<field name="timestamp">NOW</field>
<field name="sameAs">http://dbpedia.org/resource/John_Singleton_Copley</field>
</doc>
<doc>
<field name="uri">http://da.dbpedia.org/resource/John_Singleton_Copley</field>
<field name="entity_type">artists</field>
<field name="timestamp">NOW</field>
<field name="sameAs">http://dbpedia.org/resource/John_Singleton_Copley</field>
</doc>
<doc>
<field name="uri">http://fa.dbpedia.org/resource/جان_سینگلتون_کاپلی</field>
<field name="entity_type">artists</field>
<field name="timestamp">NOW</field>
<field name="sameAs">http://dbpedia.org/resource/John_Singleton_Copley</field>
</doc>
<doc>
<field name="uri">http://fi.dbpedia.org/resource/John_Singleton_Copley</field>
<field name="entity_type">artists</field>
<field name="timestamp">NOW</field>
<field name="sameAs">http://dbpedia.org/resource/John_Singleton_Copley</field>
</doc>
<doc>
<field name="uri">http://no.dbpedia.org/resource/John_Singleton_Copley</field>
<field name="entity_type">artists</field>
<field name="timestamp">NOW</field>
<field name="sameAs">http://dbpedia.org/resource/John_Singleton_Copley</field>
</doc>
<doc>
<field name="uri">http://ro.dbpedia.org/resource/John_Singleton_Copley</field>
<field name="entity_type">artists</field>
<field name="timestamp">NOW</field>
<field name="sameAs">http://dbpedia.org/resource/John_Singleton_Copley</field>
</doc>
<doc>
<field name="uri">http://sh.dbpedia.org/resource/John_Singleton_Copley</field>
<field name="entity_type">artists</field>
<field name="timestamp">NOW</field>
<field name="sameAs">http://dbpedia.org/resource/John_Singleton_Copley</field>
</doc>
<doc>
<field name="uri">http://sk.dbpedia.org/resource/John_Singleton_Copley</field>
<field name="entity_type">artists</field>
<field name="timestamp">NOW</field>
<field name="sameAs">http://dbpedia.org/resource/John_Singleton_Copley</field>
</doc>
<doc>
<field name="uri">http://sv.dbpedia.org/resource/John_Singleton_Copley</field>
<field name="entity_type">artists</field>
<field name="timestamp">NOW</field>
<field name="sameAs">http://dbpedia.org/resource/John_Singleton_Copley</field>
</doc>
<doc>
<field name="uri">http://th.dbpedia.org/resource/จอห์น_ซิงเกิลทัน_โคพลีย์</field>
<field name="entity_type">artists</field>
<field name="timestamp">NOW</field>
<field name="sameAs">http://dbpedia.org/resource/John_Singleton_Copley</field>
</doc>
</add>
