<add xmlns:dc="http://purl.org/dc/elements/1.1/" overwrite="true">
<doc>
<field name="uri">http://dbpedia.org/resource/John_Martin_(painter)</field>
<field name="entity_type">artists</field>
<field name="timestamp">NOW</field>
<field name="sameAs">http://www.wikidata.org/entity/Q937096</field>
<field name="sameAs">http://rdf.freebase.com/ns/m.0383lx</field>
<field name="sameAs">http://bg.dbpedia.org/resource/Джон_Мартин</field>
<field name="sameAs">http://cs.dbpedia.org/resource/John_Martin</field>
<field name="sameAs">http://de.dbpedia.org/resource/John_Martin_(Maler)</field>
<field name="sameAs">http://yago-knowledge.org/resource/John_Martin_(painter)</field>
<field name="sameAs">http://dbpedia.org/resource/John_Martin_(painter)</field>
<field name="sameAs">http://it.dbpedia.org/resource/John_Martin_(pittore)</field>
<field name="sameAs">http://pl.dbpedia.org/resource/John_Martin</field>
<field name="sameAs">http://pt.dbpedia.org/resource/John_Martin</field>
<field name="sameAs">http://ja.dbpedia.org/resource/ジョン・マーティン</field>
<field name="sameAs">http://es.dbpedia.org/resource/John_Martin</field>
<field name="sameAs">http://fr.dbpedia.org/resource/John_Martin</field>
<field name="subject" update="add">http://dbpedia.org/resource/Category:1789_births</field>
<field name="subject" update="add">http://dbpedia.org/resource/Category:Order_of_Leopold_recipients</field>
<field name="subject" update="add">http://dbpedia.org/resource/Category:English_painters</field>
<field name="subject" update="add">http://dbpedia.org/resource/Category:1854_deaths</field>
<field name="subject" update="add">http://dbpedia.org/resource/Category:People_from_Northumberland</field>
<field name="subject" update="add">http://dbpedia.org/resource/Category:Artists_from_London</field>
<field name="abstract">John Martin (19 July 1789 – 17 February 1854) was an English Romantic painter, engraver and illustrator.</field>
<field name="label">John Martin (painter)</field>
<field name="depiction">http://upload.wikimedia.org/wikipedia/commons/2/2b/John_Martin_by_Henry_Warren.jpg</field>
<field name="comment">John Martin (19 July 1789 – 17 February 1854) was an English Romantic painter, engraver and illustrator.</field>
<field name="name"/>
<field name="thumbnail">http://upload.wikimedia.org/wikipedia/commons/thumb/2/2b/John_Martin_by_Henry_Warren.jpg/200px-John_Martin_by_Henry_Warren.jpg</field>
<field name="link_external">http://ariane2.bibl.ulaval.ca/ariane/?index=AU&amp;requete=Larriv%C3%A9e%2C+Dany)</field>
<field name="link_external">http://www.bris.ac.uk/Depts/Union/Helicon/johnmartin.html</field>
<field name="link_external">http://www.1911encyclopedia.org/John_Martin</field>
<field name="link_external">http://www.archive.org/details/dictionaryofnati36stepuoft</field>
<field name="link_external">http://www.phryne.com/artists/17-20-22.HTM</field>
<field name="link_external">http://elencantoocultodelavida.blogspot.com/2011/04/john-martin-el-excelso-pintor-con.html</field>
<field name="link_external">http://www.wojm.org.uk</field>
<field name="link_external">http://www.library.qmul.ac.uk/archives</field>
<field name="isPrimaryTopicOf">http://en.wikipedia.org/wiki/John_Martin_(painter)</field>
<field name="description"/>
<field name="photo-collection">http://wifo5-03.informatik.uni-mannheim.de/flickrwrappr/photos/John_Martin_(painter)</field>
</doc>
<doc>
<field name="uri">http://dbpedia.org/resource/John_Martin</field>
<field name="entity_type">artists</field>
<field name="timestamp">NOW</field>
</doc>
<doc>
<field name="uri">http://es.dbpedia.org/resource/John_Martin</field>
<field name="entity_type">artists</field>
<field name="timestamp">NOW</field>
<field name="sameAs">http://dbpedia.org/resource/John_Martin_(painter)</field>
</doc>
<doc>
<field name="uri">http://it.dbpedia.org/resource/John_Martin_(pittore)</field>
<field name="entity_type">artists</field>
<field name="timestamp">NOW</field>
<field name="sameAs">http://dbpedia.org/resource/John_Martin_(painter)</field>
</doc>
<doc>
<field name="uri">http://ja.dbpedia.org/resource/ジョン・マーティン</field>
<field name="entity_type">artists</field>
<field name="timestamp">NOW</field>
<field name="sameAs">http://dbpedia.org/resource/John_Martin_(painter)</field>
</doc>
<doc>
<field name="uri">http://pt.dbpedia.org/resource/John_Martin</field>
<field name="entity_type">artists</field>
<field name="timestamp">NOW</field>
<field name="sameAs">http://dbpedia.org/resource/John_Martin_(painter)</field>
</doc>
<doc>
<field name="uri">http://dbpedia.org/resource/John_Harris_(artist)</field>
<field name="entity_type">artists</field>
<field name="timestamp">NOW</field>
<field name="influenced">http://dbpedia.org/resource/John_Martin_(painter)</field>
</doc>
<doc>
<field name="uri">http://dbpedia.org/resource/Manfred_on_the_Jungfrau_(1837)</field>
<field name="entity_type">artists</field>
<field name="timestamp">NOW</field>
<field name="artist">http://dbpedia.org/resource/John_Martin_(painter)</field>
</doc>
<doc>
<field name="uri">http://cs.dbpedia.org/resource/John_Martin</field>
<field name="entity_type">artists</field>
<field name="timestamp">NOW</field>
<field name="sameAs">http://dbpedia.org/resource/John_Martin_(painter)</field>
</doc>
<doc>
<field name="uri">http://pl.dbpedia.org/resource/John_Martin</field>
<field name="entity_type">artists</field>
<field name="timestamp">NOW</field>
<field name="sameAs">http://dbpedia.org/resource/John_Martin_(painter)</field>
</doc>
<doc>
<field name="uri">http://en.wikipedia.org/wiki/John_Martin_(painter)</field>
<field name="entity_type">artists</field>
<field name="timestamp">NOW</field>
<field name="primaryTopic">http://dbpedia.org/resource/John_Martin_(painter)</field>
</doc>
<doc>
<field name="uri">http://dbpedia.org/resource/The_End_of_the_World_(painting)</field>
<field name="entity_type">artists</field>
<field name="timestamp">NOW</field>
<field name="artist">http://dbpedia.org/resource/John_Martin_(painter)</field>
</doc>
<doc>
<field name="uri">http://de.dbpedia.org/resource/John_Martin_(Maler)</field>
<field name="entity_type">artists</field>
<field name="timestamp">NOW</field>
<field name="sameAs">http://dbpedia.org/resource/John_Martin_(painter)</field>
</doc>
<doc>
<field name="uri">http://fr.dbpedia.org/resource/John_Martin</field>
<field name="entity_type">artists</field>
<field name="timestamp">NOW</field>
<field name="sameAs">http://dbpedia.org/resource/John_Martin_(painter)</field>
</doc>
<doc>
<field name="uri">http://wikidata.dbpedia.org/resource/Q937096</field>
<field name="entity_type">artists</field>
<field name="timestamp">NOW</field>
<field name="sameAs">http://dbpedia.org/resource/John_Martin_(painter)</field>
</doc>
<doc>
<field name="uri">http://bg.dbpedia.org/resource/Джон_Мартин</field>
<field name="entity_type">artists</field>
<field name="timestamp">NOW</field>
<field name="sameAs">http://dbpedia.org/resource/John_Martin_(painter)</field>
</doc>
</add>
