<add xmlns:dc="http://purl.org/dc/elements/1.1/" overwrite="true">
<doc>
<field name="uri">http://dbpedia.org/resource/John_Trumbull</field>
<field name="entity_type">artists</field>
<field name="timestamp">NOW</field>
<field name="sameAs">http://sv.dbpedia.org/resource/John_Trumbull</field>
<field name="sameAs">http://fi.dbpedia.org/resource/John_Trumbull</field>
<field name="sameAs">http://fr.dbpedia.org/resource/John_Trumbull</field>
<field name="sameAs">http://dbpedia.org/resource/John_Trumbull</field>
<field name="sameAs">http://ru.dbpedia.org/resource/Трамбулл,_Джон</field>
<field name="sameAs">http://rdf.freebase.com/ns/m.01x_f1</field>
<field name="sameAs">http://es.dbpedia.org/resource/John_Trumbull</field>
<field name="sameAs">http://da.dbpedia.org/resource/John_Trumbull</field>
<field name="sameAs">http://fa.dbpedia.org/resource/جان_ترامبول</field>
<field name="sameAs">http://yago-knowledge.org/resource/John_Trumbull</field>
<field name="sameAs">http://ja.dbpedia.org/resource/ジョン・トランブル</field>
<field name="sameAs">http://www.wikidata.org/entity/Q369263</field>
<field name="sameAs">http://pt.dbpedia.org/resource/John_Trumbull</field>
<field name="sameAs">http://id.dbpedia.org/resource/John_Trumbull</field>
<field name="sameAs">http://ca.dbpedia.org/resource/John_Trumbull</field>
<field name="sameAs">http://hi.dbpedia.org/resource/जॉन_ट्रंबुल</field>
<field name="sameAs">http://de.dbpedia.org/resource/John_Trumbull</field>
<field name="sameAs">http://no.dbpedia.org/resource/John_Trumbull</field>
<field name="sameAs">http://pl.dbpedia.org/resource/John_Trumbull</field>
<field name="sameAs">http://it.dbpedia.org/resource/John_Trumbull</field>
<field name="subject" update="add">http://dbpedia.org/resource/Category:People_of_Connecticut_in_the_American_Revolution</field>
<field name="subject" update="add">http://dbpedia.org/resource/Category:Connecticut_colonial_people</field>
<field name="subject" update="add">http://dbpedia.org/resource/Category:American_romantic_painters</field>
<field name="subject" update="add">http://dbpedia.org/resource/Category:American_neoclassical_painters</field>
<field name="subject" update="add">http://dbpedia.org/resource/Category:Continental_Army_soldiers</field>
<field name="subject" update="add">http://dbpedia.org/resource/Category:1843_deaths</field>
<field name="subject" update="add">http://dbpedia.org/resource/Category:1756_births</field>
<field name="subject" update="add">http://dbpedia.org/resource/Category:Harvard_University_alumni</field>
<field name="subject" update="add">http://dbpedia.org/resource/Category:American_painters</field>
<field name="abstract">John Trumbull (June 6, 1756 – November 10, 1843) was an American artist during the period of the American Revolutionary War and was notable for his historical paintings. His Declaration of Independence (1817) was used on the reverse of the two-dollar bill.</field>
<field name="birth-place">http://dbpedia.org/resource/Lebanon,_Connecticut</field>
<field name="death-place">http://dbpedia.org/resource/New_York_City</field>
<field name="field">http://dbpedia.org/resource/Painting</field>
<field name="label">John Trumbull</field>
<field name="depiction">http://upload.wikimedia.org/wikipedia/commons/e/e3/John_Trumbull_Gilbert_Stuart_1818.jpeg</field>
<field name="comment">John Trumbull (June 6, 1756 – November 10, 1843) was an American artist during the period of the American Revolutionary War and was notable for his historical paintings. His Declaration of Independence (1817) was used on the reverse of the two-dollar bill.</field>
<field name="name"/>
<field name="thumbnail">http://upload.wikimedia.org/wikipedia/commons/thumb/e/e3/John_Trumbull_Gilbert_Stuart_1818.jpeg/200px-John_Trumbull_Gilbert_Stuart_1818.jpeg</field>
<field name="link_external">http://www.getty.edu/vow/ULANFullDisplay?find=trumbull%2C+john&amp;role=&amp;nation=&amp;prev_page=1&amp;subjectid=500016000</field>
<field name="link_external">http://findingaid.winterthur.org/html/HTML_Finding_Aids/COL0391.htm</field>
<field name="field">http://dbpedia.org/resource/Painting</field>
<field name="influenced"/>
<field name="isPrimaryTopicOf">http://en.wikipedia.org/wiki/John_Trumbull</field>
<field name="description"/>
<field name="photo-collection">http://wifo5-03.informatik.uni-mannheim.de/flickrwrappr/photos/John_Trumbull</field>
</doc>
<doc>
<field name="uri">http://dbpedia.org/resource/Trumbull,_John</field>
<field name="entity_type">artists</field>
<field name="timestamp">NOW</field>
</doc>
<doc>
<field name="uri">http://dbpedia.org/resource/Jonathan_Trumbull</field>
<field name="entity_type">artists</field>
<field name="timestamp">NOW</field>
</doc>
<doc>
<field name="uri">http://dbpedia.org/resource/Surrender_of_General_Burgoyne</field>
<field name="entity_type">artists</field>
<field name="timestamp">NOW</field>
<field name="artist">http://dbpedia.org/resource/John_Trumbull</field>
</doc>
<doc>
<field name="uri">http://es.dbpedia.org/resource/John_Trumbull</field>
<field name="entity_type">artists</field>
<field name="timestamp">NOW</field>
<field name="sameAs">http://dbpedia.org/resource/John_Trumbull</field>
</doc>
<doc>
<field name="uri">http://ja.dbpedia.org/resource/ジョン・トランブル</field>
<field name="entity_type">artists</field>
<field name="timestamp">NOW</field>
<field name="sameAs">http://dbpedia.org/resource/John_Trumbull</field>
</doc>
<doc>
<field name="uri">http://dbpedia.org/resource/Trumbull's_Declaration_of_Independence</field>
<field name="entity_type">artists</field>
<field name="timestamp">NOW</field>
<field name="artist">http://dbpedia.org/resource/John_Trumbull</field>
</doc>
<doc>
<field name="uri">http://pl.dbpedia.org/resource/John_Trumbull</field>
<field name="entity_type">artists</field>
<field name="timestamp">NOW</field>
<field name="sameAs">http://dbpedia.org/resource/John_Trumbull</field>
</doc>
<doc>
<field name="uri">http://ru.dbpedia.org/resource/Трамбулл,_Джон</field>
<field name="entity_type">artists</field>
<field name="timestamp">NOW</field>
<field name="sameAs">http://dbpedia.org/resource/John_Trumbull</field>
</doc>
<doc>
<field name="uri">http://dbpedia.org/resource/Surrender_of_Lord_Cornwallis</field>
<field name="entity_type">artists</field>
<field name="timestamp">NOW</field>
<field name="artist">http://dbpedia.org/resource/John_Trumbull</field>
</doc>
<doc>
<field name="uri">http://en.wikipedia.org/wiki/John_Trumbull</field>
<field name="entity_type">artists</field>
<field name="timestamp">NOW</field>
<field name="primaryTopic">http://dbpedia.org/resource/John_Trumbull</field>
</doc>
<doc>
<field name="uri">http://dbpedia.org/resource/A_Foreign_Policy_of_Freedom:_Peace,_Commerce,_and_Honest_Friendship</field>
<field name="entity_type">artists</field>
<field name="timestamp">NOW</field>
</doc>
<doc>
<field name="uri">http://dbpedia.org/resource/Trumbull</field>
<field name="entity_type">artists</field>
<field name="timestamp">NOW</field>
</doc>
<doc>
<field name="uri">http://dbpedia.org/resource/The_Sortie_Made_by_the_Garrison_of_Gibraltar,_1789</field>
<field name="entity_type">artists</field>
<field name="timestamp">NOW</field>
<field name="artist">http://dbpedia.org/resource/John_Trumbull</field>
</doc>
<doc>
<field name="uri">http://dbpedia.org/resource/John_Trumbull_(painter)</field>
<field name="entity_type">artists</field>
<field name="timestamp">NOW</field>
</doc>
<doc>
<field name="uri">http://dbpedia.org/resource/Trumbull,_John_(painter)</field>
<field name="entity_type">artists</field>
<field name="timestamp">NOW</field>
</doc>
<doc>
<field name="uri">http://it.dbpedia.org/resource/John_Trumbull</field>
<field name="entity_type">artists</field>
<field name="timestamp">NOW</field>
<field name="sameAs">http://dbpedia.org/resource/John_Trumbull</field>
</doc>
<doc>
<field name="uri">http://pt.dbpedia.org/resource/John_Trumbull</field>
<field name="entity_type">artists</field>
<field name="timestamp">NOW</field>
<field name="sameAs">http://dbpedia.org/resource/John_Trumbull</field>
</doc>
<doc>
<field name="uri">http://dbpedia.org/resource/The_Death_of_General_Warren_at_the_Battle_of_Bunker's_Hill,_June_17,_1775</field>
<field name="entity_type">artists</field>
<field name="timestamp">NOW</field>
<field name="artist">http://dbpedia.org/resource/John_Trumbull</field>
</doc>
<doc>
<field name="uri">http://de.dbpedia.org/resource/John_Trumbull</field>
<field name="entity_type">artists</field>
<field name="timestamp">NOW</field>
<field name="sameAs">http://dbpedia.org/resource/John_Trumbull</field>
</doc>
<doc>
<field name="uri">http://fr.dbpedia.org/resource/John_Trumbull</field>
<field name="entity_type">artists</field>
<field name="timestamp">NOW</field>
<field name="sameAs">http://dbpedia.org/resource/John_Trumbull</field>
</doc>
<doc>
<field name="uri">http://dbpedia.org/resource/John_Thrumbull</field>
<field name="entity_type">artists</field>
<field name="timestamp">NOW</field>
</doc>
<doc>
<field name="uri">http://wikidata.dbpedia.org/resource/Q369263</field>
<field name="entity_type">artists</field>
<field name="timestamp">NOW</field>
<field name="sameAs">http://dbpedia.org/resource/John_Trumbull</field>
</doc>
<doc>
<field name="uri">http://ca.dbpedia.org/resource/John_Trumbull</field>
<field name="entity_type">artists</field>
<field name="timestamp">NOW</field>
<field name="sameAs">http://dbpedia.org/resource/John_Trumbull</field>
</doc>
<doc>
<field name="uri">http://da.dbpedia.org/resource/John_Trumbull</field>
<field name="entity_type">artists</field>
<field name="timestamp">NOW</field>
<field name="sameAs">http://dbpedia.org/resource/John_Trumbull</field>
</doc>
<doc>
<field name="uri">http://fa.dbpedia.org/resource/جان_ترامبول</field>
<field name="entity_type">artists</field>
<field name="timestamp">NOW</field>
<field name="sameAs">http://dbpedia.org/resource/John_Trumbull</field>
</doc>
<doc>
<field name="uri">http://fi.dbpedia.org/resource/John_Trumbull</field>
<field name="entity_type">artists</field>
<field name="timestamp">NOW</field>
<field name="sameAs">http://dbpedia.org/resource/John_Trumbull</field>
</doc>
<doc>
<field name="uri">http://hi.dbpedia.org/resource/जॉन_ट्रंबुल</field>
<field name="entity_type">artists</field>
<field name="timestamp">NOW</field>
<field name="sameAs">http://dbpedia.org/resource/John_Trumbull</field>
</doc>
<doc>
<field name="uri">http://id.dbpedia.org/resource/John_Trumbull</field>
<field name="entity_type">artists</field>
<field name="timestamp">NOW</field>
<field name="sameAs">http://dbpedia.org/resource/John_Trumbull</field>
</doc>
<doc>
<field name="uri">http://no.dbpedia.org/resource/John_Trumbull</field>
<field name="entity_type">artists</field>
<field name="timestamp">NOW</field>
<field name="sameAs">http://dbpedia.org/resource/John_Trumbull</field>
</doc>
<doc>
<field name="uri">http://sv.dbpedia.org/resource/John_Trumbull</field>
<field name="entity_type">artists</field>
<field name="timestamp">NOW</field>
<field name="sameAs">http://dbpedia.org/resource/John_Trumbull</field>
</doc>
</add>
