<add xmlns:dc="http://purl.org/dc/elements/1.1/" overwrite="true">
<doc>
<field name="uri">http://dbpedia.org/resource/Virgil's_Tomb_(Joseph_Wright_paintings)</field>
<field name="entity_type">artists</field>
<field name="timestamp">NOW</field>
<field name="artist">http://dbpedia.org/resource/Joseph_Wright_of_Derby</field>
</doc>
<doc>
<field name="uri">http://dbpedia.org/resource/Wright_of_Derby</field>
<field name="entity_type">artists</field>
<field name="timestamp">NOW</field>
</doc>
<doc>
<field name="uri">http://dbpedia.org/resource/A_Philosopher_by_Lamplight</field>
<field name="entity_type">artists</field>
<field name="timestamp">NOW</field>
<field name="artist">http://dbpedia.org/resource/Joseph_Wright_of_Derby</field>
</doc>
<doc>
<field name="uri">http://dbpedia.org/resource/Indian_Widow</field>
<field name="entity_type">artists</field>
<field name="timestamp">NOW</field>
<field name="artist">http://dbpedia.org/resource/Joseph_Wright_of_Derby</field>
</doc>
<doc>
<field name="uri">http://dbpedia.org/resource/Romeo_and_Juliet:_the_Tomb_Scene</field>
<field name="entity_type">artists</field>
<field name="timestamp">NOW</field>
<field name="artist">http://dbpedia.org/resource/Joseph_Wright_of_Derby</field>
</doc>
<doc>
<field name="uri">http://dbpedia.org/resource/The_Blacksmith's_Shop</field>
<field name="entity_type">artists</field>
<field name="timestamp">NOW</field>
<field name="artist">http://dbpedia.org/resource/Joseph_Wright_of_Derby</field>
</doc>
<doc>
<field name="uri">http://dbpedia.org/resource/The_Captive_King</field>
<field name="entity_type">artists</field>
<field name="timestamp">NOW</field>
<field name="artist">http://dbpedia.org/resource/Joseph_Wright_of_Derby</field>
</doc>
<doc>
<field name="uri">http://dbpedia.org/resource/A_Philosopher_Lecturing_on_the_Orrery</field>
<field name="entity_type">artists</field>
<field name="timestamp">NOW</field>
<field name="artist">http://dbpedia.org/resource/Joseph_Wright_of_Derby</field>
</doc>
<doc>
<field name="uri">http://dbpedia.org/resource/Grotto_in_the_Gulf_of_Salerno</field>
<field name="entity_type">artists</field>
<field name="timestamp">NOW</field>
<field name="artist">http://dbpedia.org/resource/Joseph_Wright_of_Derby</field>
</doc>
<doc>
<field name="uri">http://cs.dbpedia.org/resource/Joseph_Wright_of_Derby</field>
<field name="entity_type">artists</field>
<field name="timestamp">NOW</field>
<field name="sameAs">http://dbpedia.org/resource/Joseph_Wright_of_Derby</field>
</doc>
<doc>
<field name="uri">http://es.dbpedia.org/resource/Joseph_Wright</field>
<field name="entity_type">artists</field>
<field name="timestamp">NOW</field>
<field name="sameAs">http://dbpedia.org/resource/Joseph_Wright_of_Derby</field>
</doc>
<doc>
<field name="uri">http://pl.dbpedia.org/resource/Joseph_Wright_of_Derby</field>
<field name="entity_type">artists</field>
<field name="timestamp">NOW</field>
<field name="sameAs">http://dbpedia.org/resource/Joseph_Wright_of_Derby</field>
</doc>
<doc>
<field name="uri">http://el.dbpedia.org/resource/Τζόζεφ_Ράιτ</field>
<field name="entity_type">artists</field>
<field name="timestamp">NOW</field>
<field name="sameAs">http://dbpedia.org/resource/Joseph_Wright_of_Derby</field>
</doc>
<doc>
<field name="uri">http://it.dbpedia.org/resource/Joseph_Wright_of_Derby</field>
<field name="entity_type">artists</field>
<field name="timestamp">NOW</field>
<field name="sameAs">http://dbpedia.org/resource/Joseph_Wright_of_Derby</field>
</doc>
<doc>
<field name="uri">http://ru.dbpedia.org/resource/Райт,_Джозеф_(художник)</field>
<field name="entity_type">artists</field>
<field name="timestamp">NOW</field>
<field name="sameAs">http://dbpedia.org/resource/Joseph_Wright_of_Derby</field>
</doc>
<doc>
<field name="uri">http://en.wikipedia.org/wiki/Joseph_Wright_of_Derby</field>
<field name="entity_type">artists</field>
<field name="timestamp">NOW</field>
<field name="primaryTopic">http://dbpedia.org/resource/Joseph_Wright_of_Derby</field>
</doc>
<doc>
<field name="uri">http://dbpedia.org/resource/An_Experiment_on_a_Bird_in_the_Air_Pump</field>
<field name="entity_type">artists</field>
<field name="timestamp">NOW</field>
<field name="artist">http://dbpedia.org/resource/Joseph_Wright_of_Derby</field>
</doc>
<doc>
<field name="uri">http://dbpedia.org/resource/The_Alchemist_Discovering_Phosphorus</field>
<field name="entity_type">artists</field>
<field name="timestamp">NOW</field>
<field name="artist">http://dbpedia.org/resource/Joseph_Wright_of_Derby</field>
</doc>
<doc>
<field name="uri">http://de.dbpedia.org/resource/Joseph_Wright_of_Derby</field>
<field name="entity_type">artists</field>
<field name="timestamp">NOW</field>
<field name="sameAs">http://dbpedia.org/resource/Joseph_Wright_of_Derby</field>
</doc>
<doc>
<field name="uri">http://fr.dbpedia.org/resource/Joseph_Wright_of_Derby</field>
<field name="entity_type">artists</field>
<field name="timestamp">NOW</field>
<field name="sameAs">http://dbpedia.org/resource/Joseph_Wright_of_Derby</field>
</doc>
<doc>
<field name="uri">http://ja.dbpedia.org/resource/ジョセフ・ライト_(画家)</field>
<field name="entity_type">artists</field>
<field name="timestamp">NOW</field>
<field name="sameAs">http://dbpedia.org/resource/Joseph_Wright_of_Derby</field>
</doc>
<doc>
<field name="uri">http://pt.dbpedia.org/resource/Joseph_Wright</field>
<field name="entity_type">artists</field>
<field name="timestamp">NOW</field>
<field name="sameAs">http://dbpedia.org/resource/Joseph_Wright_of_Derby</field>
</doc>
<doc>
<field name="uri">http://dbpedia.org/resource/Thomas_and_Ann_Borrow</field>
<field name="entity_type">artists</field>
<field name="timestamp">NOW</field>
<field name="artist">http://dbpedia.org/resource/Joseph_Wright_of_Derby</field>
</doc>
<doc>
<field name="uri">http://dbpedia.org/resource/Dovedale_by_Moonlight</field>
<field name="entity_type">artists</field>
<field name="timestamp">NOW</field>
<field name="artist">http://dbpedia.org/resource/Joseph_Wright_of_Derby</field>
</doc>
<doc>
<field name="uri">http://dbpedia.org/resource/Miravan_Breaking_Open_the_Tomb_of_his_Ancestors</field>
<field name="entity_type">artists</field>
<field name="timestamp">NOW</field>
<field name="artist">http://dbpedia.org/resource/Joseph_Wright_of_Derby</field>
</doc>
<doc>
<field name="uri">http://dbpedia.org/resource/The_Earthstopper</field>
<field name="entity_type">artists</field>
<field name="timestamp">NOW</field>
<field name="artist">http://dbpedia.org/resource/Joseph_Wright_of_Derby</field>
</doc>
<doc>
<field name="uri">http://dbpedia.org/resource/The_Captive_(painting)</field>
<field name="entity_type">artists</field>
<field name="timestamp">NOW</field>
<field name="artist">http://dbpedia.org/resource/Joseph_Wright_of_Derby</field>
</doc>
<doc>
<field name="uri">http://dbpedia.org/resource/John_Quidor</field>
<field name="entity_type">artists</field>
<field name="timestamp">NOW</field>
<field name="influenced">http://dbpedia.org/resource/Joseph_Wright_of_Derby</field>
</doc>
<doc>
<field name="uri">http://dbpedia.org/resource/Joseph_Wright_of_Derby</field>
<field name="entity_type">artists</field>
<field name="timestamp">NOW</field>
<field name="sameAs">http://ru.dbpedia.org/resource/Райт,_Джозеф_(художник)</field>
<field name="sameAs">http://sv.dbpedia.org/resource/Joseph_Wright_of_Derby</field>
<field name="sameAs">http://da.dbpedia.org/resource/Joseph_Wright_of_Derby</field>
<field name="sameAs">http://no.dbpedia.org/resource/Joseph_Wright_of_Derby</field>
<field name="sameAs">http://fr.dbpedia.org/resource/Joseph_Wright_of_Derby</field>
<field name="sameAs">http://simple.dbpedia.org/resource/Joseph_Wright_of_Derby</field>
<field name="sameAs">http://br.dbpedia.org/resource/Joseph_Wright_of_Derby</field>
<field name="sameAs">http://fi.dbpedia.org/resource/Joseph_Wright</field>
<field name="sameAs">http://ca.dbpedia.org/resource/Joseph_Wright_(Derby)</field>
<field name="sameAs">http://el.dbpedia.org/resource/Τζόζεφ_Ράιτ</field>
<field name="sameAs">http://yago-knowledge.org/resource/Joseph_Wright_of_Derby</field>
<field name="sameAs">http://cs.dbpedia.org/resource/Joseph_Wright_of_Derby</field>
<field name="sameAs">http://es.dbpedia.org/resource/Joseph_Wright</field>
<field name="sameAs">http://nl.dbpedia.org/resource/Joseph_Wright_of_Derby</field>
<field name="sameAs">http://rdf.freebase.com/ns/m.022j5y</field>
<field name="sameAs">http://jv.dbpedia.org/resource/Joseph_Wright</field>
<field name="sameAs">http://id.dbpedia.org/resource/Joseph_Wright</field>
<field name="sameAs">http://be_x_old.dbpedia.org/resource/Джозэф_Райт_(мастак)</field>
<field name="sameAs">http://als.dbpedia.org/resource/Joseph_Wright_of_Derby</field>
<field name="sameAs">http://et.dbpedia.org/resource/Joseph_Wright</field>
<field name="sameAs">http://be.dbpedia.org/resource/Джозеф_Райт,_мастак</field>
<field name="sameAs">http://de.dbpedia.org/resource/Joseph_Wright_of_Derby</field>
<field name="sameAs">http://pl.dbpedia.org/resource/Joseph_Wright_of_Derby</field>
<field name="sameAs">http://eo.dbpedia.org/resource/Joseph_Wright_of_Derby</field>
<field name="sameAs">http://dbpedia.org/resource/Joseph_Wright_of_Derby</field>
<field name="sameAs">http://pt.dbpedia.org/resource/Joseph_Wright</field>
<field name="sameAs">http://uk.dbpedia.org/resource/Джозеф_Райт</field>
<field name="sameAs">http://la.dbpedia.org/resource/Iosephus_Wright_Derbiensis</field>
<field name="sameAs">http://www.wikidata.org/entity/Q214062</field>
<field name="sameAs">http://ja.dbpedia.org/resource/ジョセフ・ライト_(画家)</field>
<field name="sameAs">http://sk.dbpedia.org/resource/Joseph_Wright_of_Derby</field>
<field name="sameAs">http://it.dbpedia.org/resource/Joseph_Wright_of_Derby</field>
<field name="sameAs">http://nn.dbpedia.org/resource/Joseph_Wright_of_Derby</field>
<field name="subject" update="add">http://dbpedia.org/resource/Category:English_painters</field>
<field name="subject" update="add">http://dbpedia.org/resource/Category:Landscape_artists</field>
<field name="subject" update="add">http://dbpedia.org/resource/Category:People_educated_at_Derby_School</field>
<field name="subject" update="add">http://dbpedia.org/resource/Category:1734_births</field>
<field name="subject" update="add">http://dbpedia.org/resource/Category:Collections_of_Derby_Museum_and_Art_Gallery</field>
<field name="subject" update="add">http://dbpedia.org/resource/Category:Associates_of_the_Lunar_Society</field>
<field name="subject" update="add">http://dbpedia.org/resource/Category:1797_deaths</field>
<field name="subject" update="add">http://dbpedia.org/resource/Category:People_from_Derby</field>
<field name="subject" update="add">http://dbpedia.org/resource/Category:Portrait_artists</field>
<field name="abstract">Joseph Wright (3 September 1734 – 29 August 1797), styled Wright of Derby, was an English landscape and portrait painter. He has been acclaimed as "the first professional painter to express the spirit of the Industrial Revolution". Wright is notable for his use of Chiaroscuro effect, which emphasises the contrast of light and dark, and for his paintings of candle-lit subjects. His paintings of the birth of science out of alchemy, often based on the meetings of the Lunar Society, a group of very influential scientists and industrialists living in the English Midlands, are a significant record of the struggle of science against religious values in the period known as the Age of Enlightenment. Many of Wright's paintings and drawings are owned by Derby City Council, and are on display at the Derby Museum and Art Gallery, from where they are occasionally loaned to other galleries.</field>
<field name="birth-place">http://dbpedia.org/resource/Derby</field>
<field name="death-place">http://dbpedia.org/resource/Derby</field>
<field name="label">Joseph Wright of Derby</field>
<field name="depiction">http://upload.wikimedia.org/wikipedia/commons/8/84/Wright_of_Derby_Self-Portrait.JPG</field>
<field name="comment">Joseph Wright (3 September 1734 – 29 August 1797), styled Wright of Derby, was an English landscape and portrait painter. He has been acclaimed as "the first professional painter to express the spirit of the Industrial Revolution". Wright is notable for his use of Chiaroscuro effect, which emphasises the contrast of light and dark, and for his paintings of candle-lit subjects.</field>
<field name="name"/>
<field name="thumbnail">http://upload.wikimedia.org/wikipedia/commons/thumb/8/84/Wright_of_Derby_Self-Portrait.JPG/200px-Wright_of_Derby_Self-Portrait.JPG</field>
<field name="link_external">http://www.mfa.org/collections/search_art.asp?recview=true&amp;id=33448&amp;coll_keywords=&amp;coll_accession=&amp;coll_name=&amp;coll_artist=Joseph+Wright&amp;coll_place=&amp;coll_medium=&amp;coll_culture=&amp;coll_classification=&amp;coll_credit=&amp;coll_provenance=&amp;coll_location=&amp;coll_has_images=&amp;coll_on_view=&amp;coll_sort=2&amp;coll_sort_order=0&amp;coll_view=0&amp;coll_package=0&amp;coll_start=1</field>
<field name="link_external">http://www.ringling.org/</field>
<field name="link_external">http://www.mfa.org/collections/search_art.asp?recview=true&amp;id=34993&amp;coll_keywords=&amp;coll_accession=&amp;coll_name=&amp;coll_artist=Joseph+Wright&amp;coll_place=&amp;coll_medium=&amp;coll_culture=&amp;coll_classification=&amp;coll_credit=&amp;coll_provenance=&amp;coll_location=&amp;coll_has_images=&amp;coll_on_view=&amp;coll_sort=2&amp;coll_sort_order=0&amp;coll_view=0&amp;coll_package=0&amp;coll_start=1</field>
<field name="link_external">http://www.liverpoolmuseums.org.uk/walker/collections/18c/derby-hesketh.asp</field>
<field name="link_external">http://www.derby.gov.uk/LeisureCulture/MuseumsGalleries/ArtTreasuresJosephWrightGallery.htm</field>
<field name="link_external">http://www.getty.edu/art/gettyguide/artMakerDetails?maker=697&amp;page=1</field>
<field name="isPrimaryTopicOf">http://en.wikipedia.org/wiki/Joseph_Wright_of_Derby</field>
<field name="description"/>
<field name="photo-collection">http://wifo5-03.informatik.uni-mannheim.de/flickrwrappr/photos/Joseph_Wright_of_Derby</field>
</doc>
<doc>
<field name="uri">http://dbpedia.org/resource/Joseph_Wright</field>
<field name="entity_type">artists</field>
<field name="timestamp">NOW</field>
</doc>
<doc>
<field name="uri">http://nl.dbpedia.org/resource/Joseph_Wright_of_Derby</field>
<field name="entity_type">artists</field>
<field name="timestamp">NOW</field>
<field name="sameAs">http://dbpedia.org/resource/Joseph_Wright_of_Derby</field>
</doc>
<doc>
<field name="uri">http://wikidata.dbpedia.org/resource/Q214062</field>
<field name="entity_type">artists</field>
<field name="timestamp">NOW</field>
<field name="sameAs">http://dbpedia.org/resource/Joseph_Wright_of_Derby</field>
</doc>
<doc>
<field name="uri">http://be.dbpedia.org/resource/Джозеф_Райт,_мастак</field>
<field name="entity_type">artists</field>
<field name="timestamp">NOW</field>
<field name="sameAs">http://dbpedia.org/resource/Joseph_Wright_of_Derby</field>
</doc>
<doc>
<field name="uri">http://br.dbpedia.org/resource/Joseph_Wright_of_Derby</field>
<field name="entity_type">artists</field>
<field name="timestamp">NOW</field>
<field name="sameAs">http://dbpedia.org/resource/Joseph_Wright_of_Derby</field>
</doc>
<doc>
<field name="uri">http://ca.dbpedia.org/resource/Joseph_Wright_(Derby)</field>
<field name="entity_type">artists</field>
<field name="timestamp">NOW</field>
<field name="sameAs">http://dbpedia.org/resource/Joseph_Wright_of_Derby</field>
</doc>
<doc>
<field name="uri">http://da.dbpedia.org/resource/Joseph_Wright_of_Derby</field>
<field name="entity_type">artists</field>
<field name="timestamp">NOW</field>
<field name="sameAs">http://dbpedia.org/resource/Joseph_Wright_of_Derby</field>
</doc>
<doc>
<field name="uri">http://eo.dbpedia.org/resource/Joseph_Wright_of_Derby</field>
<field name="entity_type">artists</field>
<field name="timestamp">NOW</field>
<field name="sameAs">http://dbpedia.org/resource/Joseph_Wright_of_Derby</field>
</doc>
<doc>
<field name="uri">http://et.dbpedia.org/resource/Joseph_Wright</field>
<field name="entity_type">artists</field>
<field name="timestamp">NOW</field>
<field name="sameAs">http://dbpedia.org/resource/Joseph_Wright_of_Derby</field>
</doc>
<doc>
<field name="uri">http://fi.dbpedia.org/resource/Joseph_Wright</field>
<field name="entity_type">artists</field>
<field name="timestamp">NOW</field>
<field name="sameAs">http://dbpedia.org/resource/Joseph_Wright_of_Derby</field>
</doc>
<doc>
<field name="uri">http://id.dbpedia.org/resource/Joseph_Wright</field>
<field name="entity_type">artists</field>
<field name="timestamp">NOW</field>
<field name="sameAs">http://dbpedia.org/resource/Joseph_Wright_of_Derby</field>
</doc>
<doc>
<field name="uri">http://jv.dbpedia.org/resource/Joseph_Wright</field>
<field name="entity_type">artists</field>
<field name="timestamp">NOW</field>
<field name="sameAs">http://dbpedia.org/resource/Joseph_Wright_of_Derby</field>
</doc>
<doc>
<field name="uri">http://la.dbpedia.org/resource/Iosephus_Wright_Derbiensis</field>
<field name="entity_type">artists</field>
<field name="timestamp">NOW</field>
<field name="sameAs">http://dbpedia.org/resource/Joseph_Wright_of_Derby</field>
</doc>
<doc>
<field name="uri">http://nn.dbpedia.org/resource/Joseph_Wright_of_Derby</field>
<field name="entity_type">artists</field>
<field name="timestamp">NOW</field>
<field name="sameAs">http://dbpedia.org/resource/Joseph_Wright_of_Derby</field>
</doc>
<doc>
<field name="uri">http://no.dbpedia.org/resource/Joseph_Wright_of_Derby</field>
<field name="entity_type">artists</field>
<field name="timestamp">NOW</field>
<field name="sameAs">http://dbpedia.org/resource/Joseph_Wright_of_Derby</field>
</doc>
<doc>
<field name="uri">http://simple.dbpedia.org/resource/Joseph_Wright_of_Derby</field>
<field name="entity_type">artists</field>
<field name="timestamp">NOW</field>
<field name="sameAs">http://dbpedia.org/resource/Joseph_Wright_of_Derby</field>
</doc>
<doc>
<field name="uri">http://sk.dbpedia.org/resource/Joseph_Wright_of_Derby</field>
<field name="entity_type">artists</field>
<field name="timestamp">NOW</field>
<field name="sameAs">http://dbpedia.org/resource/Joseph_Wright_of_Derby</field>
</doc>
<doc>
<field name="uri">http://sv.dbpedia.org/resource/Joseph_Wright_of_Derby</field>
<field name="entity_type">artists</field>
<field name="timestamp">NOW</field>
<field name="sameAs">http://dbpedia.org/resource/Joseph_Wright_of_Derby</field>
</doc>
<doc>
<field name="uri">http://uk.dbpedia.org/resource/Джозеф_Райт</field>
<field name="entity_type">artists</field>
<field name="timestamp">NOW</field>
<field name="sameAs">http://dbpedia.org/resource/Joseph_Wright_of_Derby</field>
</doc>
<doc>
<field name="uri">http://als.dbpedia.org/resource/Joseph_Wright_of_Derby</field>
<field name="entity_type">artists</field>
<field name="timestamp">NOW</field>
<field name="sameAs">http://dbpedia.org/resource/Joseph_Wright_of_Derby</field>
</doc>
<doc>
<field name="uri">http://be_x_old.dbpedia.org/resource/Джозэф_Райт_(мастак)</field>
<field name="entity_type">artists</field>
<field name="timestamp">NOW</field>
<field name="sameAs">http://dbpedia.org/resource/Joseph_Wright_of_Derby</field>
</doc>
</add>
