<add xmlns:dc="http://purl.org/dc/elements/1.1/" overwrite="true">
<doc>
<field name="uri">http://it.dbpedia.org/resource/Joshua_Reynolds</field>
<field name="entity_type">artists</field>
<field name="timestamp">NOW</field>
<field name="sameAs">http://dbpedia.org/resource/Joshua_Reynolds</field>
</doc>
<doc>
<field name="uri">http://pt.dbpedia.org/resource/Joshua_Reynolds</field>
<field name="entity_type">artists</field>
<field name="timestamp">NOW</field>
<field name="sameAs">http://dbpedia.org/resource/Joshua_Reynolds</field>
</doc>
<doc>
<field name="uri">http://dbpedia.org/resource/Sir_Josh_Reynolds</field>
<field name="entity_type">artists</field>
<field name="timestamp">NOW</field>
</doc>
<doc>
<field name="uri">http://dbpedia.org/resource/Bartholomeus_van_der_Helst</field>
<field name="entity_type">artists</field>
<field name="timestamp">NOW</field>
</doc>
<doc>
<field name="uri">http://dbpedia.org/resource/Lady_Caroline_Howard</field>
<field name="entity_type">artists</field>
<field name="timestamp">NOW</field>
<field name="artist">http://dbpedia.org/resource/Joshua_Reynolds</field>
</doc>
<doc>
<field name="uri">http://dbpedia.org/resource/The_Age_of_Innocence_(painting)</field>
<field name="entity_type">artists</field>
<field name="timestamp">NOW</field>
<field name="artist">http://dbpedia.org/resource/Joshua_Reynolds</field>
</doc>
<doc>
<field name="uri">http://cs.dbpedia.org/resource/Joshua_Reynolds</field>
<field name="entity_type">artists</field>
<field name="timestamp">NOW</field>
<field name="sameAs">http://dbpedia.org/resource/Joshua_Reynolds</field>
</doc>
<doc>
<field name="uri">http://pl.dbpedia.org/resource/Joshua_Reynolds</field>
<field name="entity_type">artists</field>
<field name="timestamp">NOW</field>
<field name="sameAs">http://dbpedia.org/resource/Joshua_Reynolds</field>
</doc>
<doc>
<field name="uri">http://ru.dbpedia.org/resource/Рейнольдс,_Джошуа</field>
<field name="entity_type">artists</field>
<field name="timestamp">NOW</field>
<field name="sameAs">http://dbpedia.org/resource/Joshua_Reynolds</field>
</doc>
<doc>
<field name="uri">http://dbpedia.org/resource/James_Boswell</field>
<field name="entity_type">artists</field>
<field name="timestamp">NOW</field>
</doc>
<doc>
<field name="uri">http://dbpedia.org/resource/Martin_Postle</field>
<field name="entity_type">artists</field>
<field name="timestamp">NOW</field>
</doc>
<doc>
<field name="uri">http://dbpedia.org/resource/S._J._Reynolds</field>
<field name="entity_type">artists</field>
<field name="timestamp">NOW</field>
</doc>
<doc>
<field name="uri">http://de.dbpedia.org/resource/Joshua_Reynolds</field>
<field name="entity_type">artists</field>
<field name="timestamp">NOW</field>
<field name="sameAs">http://dbpedia.org/resource/Joshua_Reynolds</field>
</doc>
<doc>
<field name="uri">http://fr.dbpedia.org/resource/Joshua_Reynolds</field>
<field name="entity_type">artists</field>
<field name="timestamp">NOW</field>
<field name="sameAs">http://dbpedia.org/resource/Joshua_Reynolds</field>
</doc>
<doc>
<field name="uri">http://es.dbpedia.org/resource/Joshua_Reynolds</field>
<field name="entity_type">artists</field>
<field name="timestamp">NOW</field>
<field name="sameAs">http://dbpedia.org/resource/Joshua_Reynolds</field>
</doc>
<doc>
<field name="uri">http://ja.dbpedia.org/resource/ジョシュア・レノルズ</field>
<field name="entity_type">artists</field>
<field name="timestamp">NOW</field>
<field name="sameAs">http://dbpedia.org/resource/Joshua_Reynolds</field>
</doc>
<doc>
<field name="uri">http://dbpedia.org/resource/Captain_George_K._H._Coussmaker</field>
<field name="entity_type">artists</field>
<field name="timestamp">NOW</field>
<field name="artist">http://dbpedia.org/resource/Joshua_Reynolds</field>
</doc>
<doc>
<field name="uri">http://dbpedia.org/resource/Reynolds,_Sir_Joshua</field>
<field name="entity_type">artists</field>
<field name="timestamp">NOW</field>
</doc>
<doc>
<field name="uri">http://dbpedia.org/resource/Joshua_Reynolds</field>
<field name="entity_type">artists</field>
<field name="timestamp">NOW</field>
<field name="sameAs">http://sk.dbpedia.org/resource/Joshua_Reynolds</field>
<field name="sameAs">http://no.dbpedia.org/resource/Joshua_Reynolds</field>
<field name="sameAs">http://la.dbpedia.org/resource/Iosua_Reynolds</field>
<field name="sameAs">http://az.dbpedia.org/resource/Coşua_Reynolds</field>
<field name="sameAs">http://www.wikidata.org/entity/Q194402</field>
<field name="sameAs">http://ro.dbpedia.org/resource/Joshua_Reynolds</field>
<field name="sameAs">http://hu.dbpedia.org/resource/Joshua_Reynolds</field>
<field name="sameAs">http://ka.dbpedia.org/resource/ჯოშუა_რეინოლდზი</field>
<field name="sameAs">http://it.dbpedia.org/resource/Joshua_Reynolds</field>
<field name="sameAs">http://ca.dbpedia.org/resource/Joshua_Reynolds</field>
<field name="sameAs">http://cy.dbpedia.org/resource/Joshua_Reynolds</field>
<field name="sameAs">http://bg.dbpedia.org/resource/Джошуа_Рейнолдс</field>
<field name="sameAs">http://pl.dbpedia.org/resource/Joshua_Reynolds</field>
<field name="sameAs">http://zh.dbpedia.org/resource/約書亞·雷諾茲</field>
<field name="sameAs">http://fi.dbpedia.org/resource/Joshua_Reynolds</field>
<field name="sameAs">http://dbpedia.org/resource/Joshua_Reynolds</field>
<field name="sameAs">http://lb.dbpedia.org/resource/Joshua_Reynolds</field>
<field name="sameAs">http://sh.dbpedia.org/resource/Joshua_Reynolds</field>
<field name="sameAs">http://uk.dbpedia.org/resource/Джошуа_Рейнольдс</field>
<field name="sameAs">http://sv.dbpedia.org/resource/Joshua_Reynolds</field>
<field name="sameAs">http://pt.dbpedia.org/resource/Joshua_Reynolds</field>
<field name="sameAs">http://fr.dbpedia.org/resource/Joshua_Reynolds</field>
<field name="sameAs">http://ru.dbpedia.org/resource/Рейнольдс,_Джошуа</field>
<field name="sameAs">http://nn.dbpedia.org/resource/Joshua_Reynolds</field>
<field name="sameAs">http://simple.dbpedia.org/resource/Joshua_Reynolds</field>
<field name="sameAs">http://hi.dbpedia.org/resource/सर_जोशुवा_रेनालड्स</field>
<field name="sameAs">http://th.dbpedia.org/resource/โจชัว_เรย์โนลด์ส</field>
<field name="sameAs">http://fy.dbpedia.org/resource/Joshua_Reynolds</field>
<field name="sameAs">http://be.dbpedia.org/resource/Джошуа_Рэйналдс</field>
<field name="sameAs">http://de.dbpedia.org/resource/Joshua_Reynolds</field>
<field name="sameAs">http://ja.dbpedia.org/resource/ジョシュア・レノルズ</field>
<field name="sameAs">http://mk.dbpedia.org/resource/Џошуа_Рејнолдс</field>
<field name="sameAs">http://fa.dbpedia.org/resource/جاشوا_رینولدز</field>
<field name="sameAs">http://cs.dbpedia.org/resource/Joshua_Reynolds</field>
<field name="sameAs">http://da.dbpedia.org/resource/Joshua_Reynolds</field>
<field name="sameAs">http://eu.dbpedia.org/resource/Joshua_Reynolds</field>
<field name="sameAs">http://nl.dbpedia.org/resource/Joshua_Reynolds</field>
<field name="sameAs">http://eo.dbpedia.org/resource/Joshua_Reynolds</field>
<field name="sameAs">http://es.dbpedia.org/resource/Joshua_Reynolds</field>
<field name="sameAs">http://www4.wiwiss.fu-berlin.de/gutendata/resource/people/Reynolds_Joshua_Sir_1723-1792</field>
<field name="sameAs">http://yago-knowledge.org/resource/Joshua_Reynolds</field>
<field name="sameAs">http://rdf.freebase.com/ns/m.0410r</field>
<field name="subject" update="add">http://dbpedia.org/resource/Category:Royal_Academicians</field>
<field name="subject" update="add">http://dbpedia.org/resource/Category:English_painters</field>
<field name="subject" update="add">http://dbpedia.org/resource/Category:1723_births</field>
<field name="subject" update="add">http://dbpedia.org/resource/Category:British_knights</field>
<field name="subject" update="add">http://dbpedia.org/resource/Category:Principal_Painters_in_Ordinary</field>
<field name="subject" update="add">http://dbpedia.org/resource/Category:People_associated_with_the_Royal_Society_of_Arts</field>
<field name="subject" update="add">http://dbpedia.org/resource/Category:Artist_authors</field>
<field name="subject" update="add">http://dbpedia.org/resource/Category:Burials_at_St_Paul's_Cathedral</field>
<field name="subject" update="add">http://dbpedia.org/resource/Category:1792_deaths</field>
<field name="subject" update="add">http://dbpedia.org/resource/Category:Streathamites</field>
<field name="subject" update="add">http://dbpedia.org/resource/Category:Fellows_of_the_Royal_Society</field>
<field name="subject" update="add">http://dbpedia.org/resource/Category:Portrait_artists</field>
<field name="subject" update="add">http://dbpedia.org/resource/Category:People_from_Plympton</field>
<field name="abstract">Sir Joshua Reynolds RA FRS FRSA (16 July 1723 – 23 February 1792) was an influential eighteenth-century English painter, specialising in portraits and promoting the "Grand Style" in painting which depended on idealization of the imperfect. He was one of the founders and first president of the Royal Academy. King George III appreciated his merits and knighted him in 1769.</field>
<field name="birth-place">http://dbpedia.org/resource/Devon</field>
<field name="birth-place">http://dbpedia.org/resource/England</field>
<field name="death-place">http://dbpedia.org/resource/Leicester_Square</field>
<field name="death-place">http://dbpedia.org/resource/England</field>
<field name="label">Joshua Reynolds</field>
<field name="depiction">http://upload.wikimedia.org/wikipedia/commons/7/7f/Joshua_Reynolds_Self_Portrait.jpg</field>
<field name="comment">Sir Joshua Reynolds RA FRS FRSA (16 July 1723 – 23 February 1792) was an influential eighteenth-century English painter, specialising in portraits and promoting the "Grand Style" in painting which depended on idealization of the imperfect. He was one of the founders and first president of the Royal Academy. King George III appreciated his merits and knighted him in 1769.</field>
<field name="name"/>
<field name="name"/>
<field name="thumbnail">http://upload.wikimedia.org/wikipedia/commons/thumb/7/7f/Joshua_Reynolds_Self_Portrait.jpg/200px-Joshua_Reynolds_Self_Portrait.jpg</field>
<field name="link_external">http://www.liverpoolmuseums.org.uk/online/featuredartists/reynolds/</field>
<field name="link_external">http://yalepress.yale.edu/yupbooks/book.asp?isbn=0300085338</field>
<field name="link_external">http://www.npg.org.uk/collections/search/person.php?LinkID=mp03755&amp;role=art</field>
<field name="link_external">http://www.abcgallery.com/R/reynolds/reynolds.html</field>
<field name="link_external">http://www.gac.culture.gov.uk/artist.aspx?id=112498</field>
<field name="link_external">http://www.oxforddnb.com/view/article/23429</field>
<field name="link_external">http://www.nationalgalleries.org/collection/online_az/4:322/?initial=R&amp;artistId=4423&amp;artistName=Sir%20Joshua%20Reynolds&amp;submit=1</field>
<field name="link_external">http://www.artcyclopedia.com/artists/reynolds_sir_joshua.html</field>
<field name="link_external">http://www.nationalgallery.org.uk/artists/sir-joshua-reynolds</field>
<field name="link_external">http://www.gutenberg.org/ebooks/19009</field>
<field name="link_external">http://www.porteliot.co.uk/features.php</field>
<field name="link_external">http://www.plymouth.gov.uk/museumexhibitionsdisplays</field>
<field name="link_external">http://www.marquesdecollections.fr/detail.cfm/marque/9371</field>
<field name="field"/>
<field name="title">Principal Painter in Ordinary to the King</field>
<field name="isPrimaryTopicOf">http://en.wikipedia.org/wiki/Joshua_Reynolds</field>
<field name="description"/>
<field name="photo-collection">http://wifo5-03.informatik.uni-mannheim.de/flickrwrappr/photos/Joshua_Reynolds</field>
</doc>
<doc>
<field name="uri">http://dbpedia.org/resource/Sir_Reynolds</field>
<field name="entity_type">artists</field>
<field name="timestamp">NOW</field>
</doc>
<doc>
<field name="uri">http://dbpedia.org/resource/Lady_Cockburn_and_Her_Three_Eldest_Sons</field>
<field name="entity_type">artists</field>
<field name="timestamp">NOW</field>
<field name="artist">http://dbpedia.org/resource/Joshua_Reynolds</field>
</doc>
<doc>
<field name="uri">http://dbpedia.org/resource/Colonel_Acland_and_Lord_Sydney:_The_Archers</field>
<field name="entity_type">artists</field>
<field name="timestamp">NOW</field>
</doc>
<doc>
<field name="uri">http://dbpedia.org/resource/Lady_Elizabeth_Delm%C3%A9_and_Her_Children</field>
<field name="entity_type">artists</field>
<field name="timestamp">NOW</field>
<field name="artist">http://dbpedia.org/resource/Joshua_Reynolds</field>
</doc>
<doc>
<field name="uri">http://dbpedia.org/resource/Sir_Joshua_Reynolds</field>
<field name="entity_type">artists</field>
<field name="timestamp">NOW</field>
</doc>
<doc>
<field name="uri">http://en.wikipedia.org/wiki/Joshua_Reynolds</field>
<field name="entity_type">artists</field>
<field name="timestamp">NOW</field>
<field name="primaryTopic">http://dbpedia.org/resource/Joshua_Reynolds</field>
</doc>
<doc>
<field name="uri">http://dbpedia.org/resource/John_Hazlitt</field>
<field name="entity_type">artists</field>
<field name="timestamp">NOW</field>
</doc>
<doc>
<field name="uri">http://dbpedia.org/resource/Wick_House,_Richmond_Hill</field>
<field name="entity_type">artists</field>
<field name="timestamp">NOW</field>
</doc>
<doc>
<field name="uri">http://nl.dbpedia.org/resource/Joshua_Reynolds</field>
<field name="entity_type">artists</field>
<field name="timestamp">NOW</field>
<field name="sameAs">http://dbpedia.org/resource/Joshua_Reynolds</field>
</doc>
<doc>
<field name="uri">http://eu.dbpedia.org/resource/Joshua_Reynolds</field>
<field name="entity_type">artists</field>
<field name="timestamp">NOW</field>
<field name="sameAs">http://dbpedia.org/resource/Joshua_Reynolds</field>
</doc>
<doc>
<field name="uri">http://wikidata.dbpedia.org/resource/Q194402</field>
<field name="entity_type">artists</field>
<field name="timestamp">NOW</field>
<field name="sameAs">http://dbpedia.org/resource/Joshua_Reynolds</field>
</doc>
<doc>
<field name="uri">http://zh.dbpedia.org/resource/約書亞·雷諾茲</field>
<field name="entity_type">artists</field>
<field name="timestamp">NOW</field>
<field name="sameAs">http://dbpedia.org/resource/Joshua_Reynolds</field>
</doc>
<doc>
<field name="uri">http://az.dbpedia.org/resource/Coşua_Reynolds</field>
<field name="entity_type">artists</field>
<field name="timestamp">NOW</field>
<field name="sameAs">http://dbpedia.org/resource/Joshua_Reynolds</field>
</doc>
<doc>
<field name="uri">http://be.dbpedia.org/resource/Джошуа_Рэйналдс</field>
<field name="entity_type">artists</field>
<field name="timestamp">NOW</field>
<field name="sameAs">http://dbpedia.org/resource/Joshua_Reynolds</field>
</doc>
<doc>
<field name="uri">http://bg.dbpedia.org/resource/Джошуа_Рейнолдс</field>
<field name="entity_type">artists</field>
<field name="timestamp">NOW</field>
<field name="sameAs">http://dbpedia.org/resource/Joshua_Reynolds</field>
</doc>
<doc>
<field name="uri">http://ca.dbpedia.org/resource/Joshua_Reynolds</field>
<field name="entity_type">artists</field>
<field name="timestamp">NOW</field>
<field name="sameAs">http://dbpedia.org/resource/Joshua_Reynolds</field>
</doc>
<doc>
<field name="uri">http://cy.dbpedia.org/resource/Joshua_Reynolds</field>
<field name="entity_type">artists</field>
<field name="timestamp">NOW</field>
<field name="sameAs">http://dbpedia.org/resource/Joshua_Reynolds</field>
</doc>
<doc>
<field name="uri">http://da.dbpedia.org/resource/Joshua_Reynolds</field>
<field name="entity_type">artists</field>
<field name="timestamp">NOW</field>
<field name="sameAs">http://dbpedia.org/resource/Joshua_Reynolds</field>
</doc>
<doc>
<field name="uri">http://eo.dbpedia.org/resource/Joshua_Reynolds</field>
<field name="entity_type">artists</field>
<field name="timestamp">NOW</field>
<field name="sameAs">http://dbpedia.org/resource/Joshua_Reynolds</field>
</doc>
<doc>
<field name="uri">http://fa.dbpedia.org/resource/جاشوا_رینولدز</field>
<field name="entity_type">artists</field>
<field name="timestamp">NOW</field>
<field name="sameAs">http://dbpedia.org/resource/Joshua_Reynolds</field>
</doc>
<doc>
<field name="uri">http://fi.dbpedia.org/resource/Joshua_Reynolds</field>
<field name="entity_type">artists</field>
<field name="timestamp">NOW</field>
<field name="sameAs">http://dbpedia.org/resource/Joshua_Reynolds</field>
</doc>
<doc>
<field name="uri">http://fy.dbpedia.org/resource/Joshua_Reynolds</field>
<field name="entity_type">artists</field>
<field name="timestamp">NOW</field>
<field name="sameAs">http://dbpedia.org/resource/Joshua_Reynolds</field>
</doc>
<doc>
<field name="uri">http://hi.dbpedia.org/resource/सर_जोशुवा_रेनालड्स</field>
<field name="entity_type">artists</field>
<field name="timestamp">NOW</field>
<field name="sameAs">http://dbpedia.org/resource/Joshua_Reynolds</field>
</doc>
<doc>
<field name="uri">http://hu.dbpedia.org/resource/Joshua_Reynolds</field>
<field name="entity_type">artists</field>
<field name="timestamp">NOW</field>
<field name="sameAs">http://dbpedia.org/resource/Joshua_Reynolds</field>
</doc>
<doc>
<field name="uri">http://ka.dbpedia.org/resource/ჯოშუა_რეინოლდზი</field>
<field name="entity_type">artists</field>
<field name="timestamp">NOW</field>
<field name="sameAs">http://dbpedia.org/resource/Joshua_Reynolds</field>
</doc>
<doc>
<field name="uri">http://la.dbpedia.org/resource/Iosua_Reynolds</field>
<field name="entity_type">artists</field>
<field name="timestamp">NOW</field>
<field name="sameAs">http://dbpedia.org/resource/Joshua_Reynolds</field>
</doc>
<doc>
<field name="uri">http://lb.dbpedia.org/resource/Joshua_Reynolds</field>
<field name="entity_type">artists</field>
<field name="timestamp">NOW</field>
<field name="sameAs">http://dbpedia.org/resource/Joshua_Reynolds</field>
</doc>
<doc>
<field name="uri">http://mk.dbpedia.org/resource/Џошуа_Рејнолдс</field>
<field name="entity_type">artists</field>
<field name="timestamp">NOW</field>
<field name="sameAs">http://dbpedia.org/resource/Joshua_Reynolds</field>
</doc>
<doc>
<field name="uri">http://nn.dbpedia.org/resource/Joshua_Reynolds</field>
<field name="entity_type">artists</field>
<field name="timestamp">NOW</field>
<field name="sameAs">http://dbpedia.org/resource/Joshua_Reynolds</field>
</doc>
<doc>
<field name="uri">http://no.dbpedia.org/resource/Joshua_Reynolds</field>
<field name="entity_type">artists</field>
<field name="timestamp">NOW</field>
<field name="sameAs">http://dbpedia.org/resource/Joshua_Reynolds</field>
</doc>
<doc>
<field name="uri">http://ro.dbpedia.org/resource/Joshua_Reynolds</field>
<field name="entity_type">artists</field>
<field name="timestamp">NOW</field>
<field name="sameAs">http://dbpedia.org/resource/Joshua_Reynolds</field>
</doc>
<doc>
<field name="uri">http://sh.dbpedia.org/resource/Joshua_Reynolds</field>
<field name="entity_type">artists</field>
<field name="timestamp">NOW</field>
<field name="sameAs">http://dbpedia.org/resource/Joshua_Reynolds</field>
</doc>
<doc>
<field name="uri">http://simple.dbpedia.org/resource/Joshua_Reynolds</field>
<field name="entity_type">artists</field>
<field name="timestamp">NOW</field>
<field name="sameAs">http://dbpedia.org/resource/Joshua_Reynolds</field>
</doc>
<doc>
<field name="uri">http://sk.dbpedia.org/resource/Joshua_Reynolds</field>
<field name="entity_type">artists</field>
<field name="timestamp">NOW</field>
<field name="sameAs">http://dbpedia.org/resource/Joshua_Reynolds</field>
</doc>
<doc>
<field name="uri">http://sv.dbpedia.org/resource/Joshua_Reynolds</field>
<field name="entity_type">artists</field>
<field name="timestamp">NOW</field>
<field name="sameAs">http://dbpedia.org/resource/Joshua_Reynolds</field>
</doc>
<doc>
<field name="uri">http://th.dbpedia.org/resource/โจชัว_เรย์โนลด์ส</field>
<field name="entity_type">artists</field>
<field name="timestamp">NOW</field>
<field name="sameAs">http://dbpedia.org/resource/Joshua_Reynolds</field>
</doc>
<doc>
<field name="uri">http://uk.dbpedia.org/resource/Джошуа_Рейнольдс</field>
<field name="entity_type">artists</field>
<field name="timestamp">NOW</field>
<field name="sameAs">http://dbpedia.org/resource/Joshua_Reynolds</field>
</doc>
</add>
