<add xmlns:dc="http://purl.org/dc/elements/1.1/" overwrite="true">
<doc>
<field name="uri">http://dbpedia.org/resource/Maya_Deren</field>
<field name="entity_type">artists</field>
<field name="timestamp">NOW</field>
<field name="influenced">http://dbpedia.org/resource/Marcel_Duchamp</field>
</doc>
<doc>
<field name="uri">http://dbpedia.org/resource/Jeff_Koons</field>
<field name="entity_type">artists</field>
<field name="timestamp">NOW</field>
<field name="influenced">http://dbpedia.org/resource/Marcel_Duchamp</field>
</doc>
<doc>
<field name="uri">http://data.nytimes.com/58261903641600623133</field>
<field name="entity_type">artists</field>
<field name="timestamp">NOW</field>
<field name="sameAs">http://dbpedia.org/resource/Marcel_Duchamp</field>
</doc>
<doc>
<field name="uri">http://dbpedia.org/resource/Ubermorgen</field>
<field name="entity_type">artists</field>
<field name="timestamp">NOW</field>
</doc>
<doc>
<field name="uri">http://de.dbpedia.org/resource/Marcel_Duchamp</field>
<field name="entity_type">artists</field>
<field name="timestamp">NOW</field>
<field name="sameAs">http://dbpedia.org/resource/Marcel_Duchamp</field>
</doc>
<doc>
<field name="uri">http://fr.dbpedia.org/resource/Marcel_Duchamp</field>
<field name="entity_type">artists</field>
<field name="timestamp">NOW</field>
<field name="sameAs">http://dbpedia.org/resource/Marcel_Duchamp</field>
</doc>
<doc>
<field name="uri">http://ru.dbpedia.org/resource/Дюшан,_Марсель</field>
<field name="entity_type">artists</field>
<field name="timestamp">NOW</field>
<field name="sameAs">http://dbpedia.org/resource/Marcel_Duchamp</field>
</doc>
<doc>
<field name="uri">http://dbpedia.org/resource/Duchamp</field>
<field name="entity_type">artists</field>
<field name="timestamp">NOW</field>
</doc>
<doc>
<field name="uri">http://dbpedia.org/resource/Mathias_Fuchs</field>
<field name="entity_type">artists</field>
<field name="timestamp">NOW</field>
<field name="influenced">http://dbpedia.org/resource/Marcel_Duchamp</field>
</doc>
<doc>
<field name="uri">http://dbpedia.org/resource/Roy_Ascott</field>
<field name="entity_type">artists</field>
<field name="timestamp">NOW</field>
<field name="influenced">http://dbpedia.org/resource/Marcel_Duchamp</field>
</doc>
<doc>
<field name="uri">http://dbpedia.org/resource/Marshall_McLuhan</field>
<field name="entity_type">artists</field>
<field name="timestamp">NOW</field>
</doc>
<doc>
<field name="uri">http://dbpedia.org/resource/Johann_Dieter_Wassmann</field>
<field name="entity_type">artists</field>
<field name="timestamp">NOW</field>
</doc>
<doc>
<field name="uri">http://dbpedia.org/resource/Joseph_Cornell</field>
<field name="entity_type">artists</field>
<field name="timestamp">NOW</field>
</doc>
<doc>
<field name="uri">http://dbpedia.org/resource/Ted_Noten</field>
<field name="entity_type">artists</field>
<field name="timestamp">NOW</field>
<field name="influenced">http://dbpedia.org/resource/Marcel_Duchamp</field>
</doc>
<doc>
<field name="uri">http://dbpedia.org/resource/Arnold_T._Rosenberg</field>
<field name="entity_type">artists</field>
<field name="timestamp">NOW</field>
</doc>
<doc>
<field name="uri">http://es.dbpedia.org/resource/Marcel_Duchamp</field>
<field name="entity_type">artists</field>
<field name="timestamp">NOW</field>
<field name="sameAs">http://dbpedia.org/resource/Marcel_Duchamp</field>
</doc>
<doc>
<field name="uri">http://ko.dbpedia.org/resource/마르셀_뒤샹</field>
<field name="entity_type">artists</field>
<field name="timestamp">NOW</field>
<field name="sameAs">http://dbpedia.org/resource/Marcel_Duchamp</field>
</doc>
<doc>
<field name="uri">http://dbpedia.org/resource/Francis_Picabia</field>
<field name="entity_type">artists</field>
<field name="timestamp">NOW</field>
<field name="influenced">http://dbpedia.org/resource/Marcel_Duchamp</field>
</doc>
<doc>
<field name="uri">http://dbpedia.org/resource/Gabriella_Porpora</field>
<field name="entity_type">artists</field>
<field name="timestamp">NOW</field>
</doc>
<doc>
<field name="uri">http://dbpedia.org/resource/%C3%89tant_donn%C3%A9s</field>
<field name="entity_type">artists</field>
<field name="timestamp">NOW</field>
<field name="artist">http://dbpedia.org/resource/Marcel_Duchamp</field>
</doc>
<doc>
<field name="uri">http://dbpedia.org/resource/Marcel_Duchamp</field>
<field name="entity_type">artists</field>
<field name="timestamp">NOW</field>
<field name="sameAs">http://fr.dbpedia.org/resource/Marcel_Duchamp</field>
<field name="sameAs">http://bg.dbpedia.org/resource/Марсел_Дюшан</field>
<field name="sameAs">http://sv.dbpedia.org/resource/Marcel_Duchamp</field>
<field name="sameAs">http://bs.dbpedia.org/resource/Marcel_Duchamp</field>
<field name="sameAs">http://fa.dbpedia.org/resource/مارسل_دوشان</field>
<field name="sameAs">http://lv.dbpedia.org/resource/Marsels_Dišāns</field>
<field name="sameAs">http://hu.dbpedia.org/resource/Marcel_Duchamp</field>
<field name="sameAs">http://zh.dbpedia.org/resource/馬塞爾·杜象</field>
<field name="sameAs">http://eu.dbpedia.org/resource/Marcel_Duchamp</field>
<field name="sameAs">http://www.wikidata.org/entity/Q5912</field>
<field name="sameAs">http://eo.dbpedia.org/resource/Marcel_Duchamp</field>
<field name="sameAs">http://ja.dbpedia.org/resource/マルセル・デュシャン</field>
<field name="sameAs">http://be.dbpedia.org/resource/Марсель_Дзюшан</field>
<field name="sameAs">http://scn.dbpedia.org/resource/Marcel_Duchamp</field>
<field name="sameAs">http://simple.dbpedia.org/resource/Marcel_Duchamp</field>
<field name="sameAs">http://nl.dbpedia.org/resource/Marcel_Duchamp</field>
<field name="sameAs">http://id.dbpedia.org/resource/Marcel_Duchamp</field>
<field name="sameAs">http://sh.dbpedia.org/resource/Marcel_Duchamp</field>
<field name="sameAs">http://pms.dbpedia.org/resource/Marcel_Duchamp</field>
<field name="sameAs">http://sk.dbpedia.org/resource/Marcel_Duchamp</field>
<field name="sameAs">http://yago-knowledge.org/resource/Marcel_Duchamp</field>
<field name="sameAs">http://et.dbpedia.org/resource/Marcel_Duchamp</field>
<field name="sameAs">http://da.dbpedia.org/resource/Marcel_Duchamp</field>
<field name="sameAs">http://lt.dbpedia.org/resource/Marcel_Duchamp</field>
<field name="sameAs">http://br.dbpedia.org/resource/Marcel_Duchamp</field>
<field name="sameAs">http://gl.dbpedia.org/resource/Marcel_Duchamp</field>
<field name="sameAs">http://io.dbpedia.org/resource/Marcel_Duchamp</field>
<field name="sameAs">http://th.dbpedia.org/resource/มาเซล_ดูช็องป์</field>
<field name="sameAs">http://hr.dbpedia.org/resource/Marcel_Duchamp</field>
<field name="sameAs">http://ru.dbpedia.org/resource/Дюшан,_Марсель</field>
<field name="sameAs">http://he.dbpedia.org/resource/מרסל_דושאן</field>
<field name="sameAs">http://fi.dbpedia.org/resource/Marcel_Duchamp</field>
<field name="sameAs">http://ar.dbpedia.org/resource/مارسيل_دوشامب</field>
<field name="sameAs">http://als.dbpedia.org/resource/Marcel_Duchamp</field>
<field name="sameAs">http://de.dbpedia.org/resource/Marcel_Duchamp</field>
<field name="sameAs">http://no.dbpedia.org/resource/Marcel_Duchamp</field>
<field name="sameAs">http://uk.dbpedia.org/resource/Марсель_Дюшан</field>
<field name="sameAs">http://ka.dbpedia.org/resource/მარსელ_დიუშანი</field>
<field name="sameAs">http://ml.dbpedia.org/resource/മാർസൽ_ഡുഷാംപ്</field>
<field name="sameAs">http://es.dbpedia.org/resource/Marcel_Duchamp</field>
<field name="sameAs">http://tr.dbpedia.org/resource/Marcel_Duchamp</field>
<field name="sameAs">http://zh_min_nan.dbpedia.org/resource/Marcel_Duchamp</field>
<field name="sameAs">http://el.dbpedia.org/resource/Μαρσέλ_Ντυσάν</field>
<field name="sameAs">http://it.dbpedia.org/resource/Marcel_Duchamp</field>
<field name="sameAs">http://pl.dbpedia.org/resource/Marcel_Duchamp</field>
<field name="sameAs">http://dbpedia.org/resource/Marcel_Duchamp</field>
<field name="sameAs">http://cs.dbpedia.org/resource/Marcel_Duchamp</field>
<field name="sameAs">http://ko.dbpedia.org/resource/마르셀_뒤샹</field>
<field name="sameAs">http://sc.dbpedia.org/resource/Marcel_Duchamp</field>
<field name="sameAs">http://nn.dbpedia.org/resource/Marcel_Duchamp</field>
<field name="sameAs">http://ro.dbpedia.org/resource/Marcel_Duchamp</field>
<field name="sameAs">http://sr.dbpedia.org/resource/Марсел_Дишан</field>
<field name="sameAs">http://rdf.freebase.com/ns/m.0bqch</field>
<field name="sameAs">http://oc.dbpedia.org/resource/Marcel_Duchamp</field>
<field name="sameAs">http://jv.dbpedia.org/resource/Marcel_Duchamp</field>
<field name="sameAs">http://ca.dbpedia.org/resource/Marcel_Duchamp</field>
<field name="sameAs">http://pt.dbpedia.org/resource/Marcel_Duchamp</field>
<field name="subject" update="add">http://dbpedia.org/resource/Category:Artists_from_New_York_City</field>
<field name="subject" update="add">http://dbpedia.org/resource/Category:French_painters</field>
<field name="subject" update="add">http://dbpedia.org/resource/Category:French_emigrants_to_the_United_States</field>
<field name="subject" update="add">http://dbpedia.org/resource/Category:Oulipo_members</field>
<field name="subject" update="add">http://dbpedia.org/resource/Category:People_from_Seine-Maritime</field>
<field name="subject" update="add">http://dbpedia.org/resource/Category:Naturalized_citizens_of_the_United_States</field>
<field name="subject" update="add">http://dbpedia.org/resource/Category:1968_deaths</field>
<field name="subject" update="add">http://dbpedia.org/resource/Category:French_chess_writers</field>
<field name="subject" update="add">http://dbpedia.org/resource/Category:French_chess_players</field>
<field name="subject" update="add">http://dbpedia.org/resource/Category:Marcel_Duchamp_works</field>
<field name="subject" update="add">http://dbpedia.org/resource/Category:Pataphysicians</field>
<field name="subject" update="add">http://dbpedia.org/resource/Category:French_sculptors</field>
<field name="subject" update="add">http://dbpedia.org/resource/Category:Archives_of_American_Art_related</field>
<field name="subject" update="add">http://dbpedia.org/resource/Category:20th-century_French_writers</field>
<field name="subject" update="add">http://dbpedia.org/resource/Category:French_mixed-media_artists</field>
<field name="subject" update="add">http://dbpedia.org/resource/Category:French_experimental_filmmakers</field>
<field name="subject" update="add">http://dbpedia.org/resource/Category:Conceptual_artists</field>
<field name="subject" update="add">http://dbpedia.org/resource/Category:Modern_artists</field>
<field name="subject" update="add">http://dbpedia.org/resource/Category:1887_births</field>
<field name="subject" update="add">http://dbpedia.org/resource/Category:Chess_Olympiad_competitors</field>
<field name="subject" update="add">http://dbpedia.org/resource/Category:People_from_Greenwich_Village,_New_York</field>
<field name="subject" update="add">http://dbpedia.org/resource/Category:Surrealist_artists</field>
<field name="subject" update="add">http://dbpedia.org/resource/Category:Lyc%C3%A9e_Pierre-Corneille_alumni</field>
<field name="subject" update="add">http://dbpedia.org/resource/Category:Dada</field>
<field name="abstract">Marcel Duchamp was a French-American artist whose work is most often associated with the Dadaists.</field>
<field name="birth-place">http://dbpedia.org/resource/Blainville-Crevon</field>
<field name="death-place">http://dbpedia.org/resource/Neuilly-sur-Seine</field>
<field name="movement">http://dbpedia.org/resource/Surrealism</field>
<field name="movement">http://dbpedia.org/resource/Dada</field>
<field name="label">Marcel Duchamp</field>
<field name="depiction">http://upload.wikimedia.org/wikipedia/commons/2/21/AAA_reynkay_5747.jpg</field>
<field name="comment">Marcel Duchamp was a French-American artist whose work is most often associated with the Dadaists.</field>
<field name="name"/>
<field name="thumbnail">http://upload.wikimedia.org/wikipedia/commons/thumb/2/21/AAA_reynkay_5747.jpg/200px-AAA_reynkay_5747.jpg</field>
<field name="link_external">http://www.ubu.com/film/duchamp.html</field>
<field name="link_external">http://www.philamuseum.org/collections/permanent/51446.html</field>
<field name="link_external">http://www.imj.org.il/imagine/ArturoCollection.asp</field>
<field name="link_external">http://www.the3graces.info/random_duchamp.htm</field>
<field name="link_external">http://www.abcgallery.com/D/duchamp/duchamp.html</field>
<field name="link_external">http://www.aaa.si.edu/collections/interviews/oral-history-interview-eve-babitz-12164</field>
<field name="link_external">http://ryerson.ca/mlc/inside29.html</field>
<field name="link_external">http://www.toutfait.com/</field>
<field name="link_external">http://www.thesmartset.com/article/article10060901.aspx</field>
<field name="link_external">http://www.highlandtown.com/Art&amp;Cult.nsf/c317180a11767f0785256499006b15a3/a5c18c114b29149c8525699400755a24?OpenDocument</field>
<field name="link_external">http://www.toutfait.com/popup/articles/wallis/popup24.htm</field>
<field name="link_external">http://www.understandingduchamp.com</field>
<field name="link_external">http://www.tate.org.uk/onlineevents/archive/duchamp_legacy.htm</field>
<field name="link_external">http://members.aol.com/mindwebart3/marcel.htm</field>
<field name="link_external">http://web.archive.org/web/20080618192849/http:/www.toutfait.com/duchamp.jsp?postid=866</field>
<field name="link_external">http://www.centrepompidou.fr/education/ressources/ENS-Duchamp_en/ENS-duchamp_en.html</field>
<field name="link_external">http://www.ltmrecordings.com/marcelduchamp.html</field>
<field name="link_external">http://www.mmbeyer.com/Papers/Art_History/Mike's/Duchamp.htm</field>
<field name="link_external">http://www.marcel-duchamp.com/</field>
<field name="link_external">http://www.marcelduchamp.net/</field>
<field name="link_external">http://www.marcelduchamp.org/ImpossibleBed/PartI/</field>
<field name="link_external">http://www.marcelduchamp.org/</field>
<field name="link_external">http://www.aqualoop.com/aqua_sound/delia/Duchamp.html</field>
<field name="link_external">http://www.dada-companion.com/duchamp/</field>
<field name="link_external">http://www.npg.si.edu/exhibit/duchamp/</field>
<field name="link_external">http://www.philamuseum.org/</field>
<field name="link_external">http://www.ltmrecordings.com/fdrcat.html</field>
<field name="link_external">http://www.chessgames.com/perl/chessplayer?pid=36967</field>
<field name="link_external">http://www.ubu.com/sound/tellus_21.html</field>
<field name="link_external">http://cdm15264.contentdm.oclc.org/cdm/ref/collection/p16075coll3/id/14</field>
<field name="link_external">http://www.ubu.com/aspen/aspen5and6/audio5E.html</field>
<field name="field"/>
<field name="movement">http://dbpedia.org/resource/Surrealism</field>
<field name="movement">http://dbpedia.org/resource/Dada</field>
<field name="influenced"/>
<field name="influenced"/>
<field name="influenced"/>
<field name="influenced"/>
<field name="isPrimaryTopicOf">http://en.wikipedia.org/wiki/Marcel_Duchamp</field>
<field name="description"/>
<field name="photo-collection">http://wifo5-03.informatik.uni-mannheim.de/flickrwrappr/photos/Marcel_Duchamp</field>
</doc>
<doc>
<field name="uri">http://dbpedia.org/resource/Sarah_Seager</field>
<field name="entity_type">artists</field>
<field name="timestamp">NOW</field>
<field name="influenced">http://dbpedia.org/resource/Marcel_Duchamp</field>
</doc>
<doc>
<field name="uri">http://dbpedia.org/resource/R._Mutt</field>
<field name="entity_type">artists</field>
<field name="timestamp">NOW</field>
</doc>
<doc>
<field name="uri">http://dbpedia.org/resource/Jeff_Wassmann</field>
<field name="entity_type">artists</field>
<field name="timestamp">NOW</field>
<field name="influenced">http://dbpedia.org/resource/Marcel_Duchamp</field>
</doc>
<doc>
<field name="uri">http://dbpedia.org/resource/Ryszard_Wasko</field>
<field name="entity_type">artists</field>
<field name="timestamp">NOW</field>
<field name="influenced">http://dbpedia.org/resource/Marcel_Duchamp</field>
</doc>
<doc>
<field name="uri">http://dbpedia.org/resource/Ben_F._Laposky</field>
<field name="entity_type">artists</field>
<field name="timestamp">NOW</field>
<field name="influenced">http://dbpedia.org/resource/Marcel_Duchamp</field>
</doc>
<doc>
<field name="uri">http://dbpedia.org/resource/Cartrain</field>
<field name="entity_type">artists</field>
<field name="timestamp">NOW</field>
<field name="influenced">http://dbpedia.org/resource/Marcel_Duchamp</field>
</doc>
<doc>
<field name="uri">http://dbpedia.org/resource/Charles_Sheeler</field>
<field name="entity_type">artists</field>
<field name="timestamp">NOW</field>
<field name="influenced">http://dbpedia.org/resource/Marcel_Duchamp</field>
</doc>
<doc>
<field name="uri">http://cs.dbpedia.org/resource/Marcel_Duchamp</field>
<field name="entity_type">artists</field>
<field name="timestamp">NOW</field>
<field name="sameAs">http://dbpedia.org/resource/Marcel_Duchamp</field>
</doc>
<doc>
<field name="uri">http://ja.dbpedia.org/resource/マルセル・デュシャン</field>
<field name="entity_type">artists</field>
<field name="timestamp">NOW</field>
<field name="sameAs">http://dbpedia.org/resource/Marcel_Duchamp</field>
</doc>
<doc>
<field name="uri">http://pl.dbpedia.org/resource/Marcel_Duchamp</field>
<field name="entity_type">artists</field>
<field name="timestamp">NOW</field>
<field name="sameAs">http://dbpedia.org/resource/Marcel_Duchamp</field>
</doc>
<doc>
<field name="uri">http://dbpedia.org/resource/Henri-Robert-Marcel_Duchamp</field>
<field name="entity_type">artists</field>
<field name="timestamp">NOW</field>
</doc>
<doc>
<field name="uri">http://dbpedia.org/resource/Marcel_duChamp</field>
<field name="entity_type">artists</field>
<field name="timestamp">NOW</field>
</doc>
<doc>
<field name="uri">http://dbpedia.org/resource/The_Bride_Stripped_Bare_By_Her_Bachelors,_Even</field>
<field name="entity_type">artists</field>
<field name="timestamp">NOW</field>
<field name="artist">http://dbpedia.org/resource/Marcel_Duchamp</field>
</doc>
<doc>
<field name="uri">http://el.dbpedia.org/resource/Μαρσέλ_Ντυσάν</field>
<field name="entity_type">artists</field>
<field name="timestamp">NOW</field>
<field name="sameAs">http://dbpedia.org/resource/Marcel_Duchamp</field>
</doc>
<doc>
<field name="uri">http://it.dbpedia.org/resource/Marcel_Duchamp</field>
<field name="entity_type">artists</field>
<field name="timestamp">NOW</field>
<field name="sameAs">http://dbpedia.org/resource/Marcel_Duchamp</field>
</doc>
<doc>
<field name="uri">http://pt.dbpedia.org/resource/Marcel_Duchamp</field>
<field name="entity_type">artists</field>
<field name="timestamp">NOW</field>
<field name="sameAs">http://dbpedia.org/resource/Marcel_Duchamp</field>
</doc>
<doc>
<field name="uri">http://dbpedia.org/resource/Marcel_du_Champ</field>
<field name="entity_type">artists</field>
<field name="timestamp">NOW</field>
</doc>
<doc>
<field name="uri">http://dbpedia.org/resource/R.Mutt</field>
<field name="entity_type">artists</field>
<field name="timestamp">NOW</field>
</doc>
<doc>
<field name="uri">http://dbpedia.org/resource/Craig_Kauffman</field>
<field name="entity_type">artists</field>
<field name="timestamp">NOW</field>
<field name="influenced">http://dbpedia.org/resource/Marcel_Duchamp</field>
</doc>
<doc>
<field name="uri">http://dbpedia.org/resource/Nude_Descending_a_Staircase,_No._2</field>
<field name="entity_type">artists</field>
<field name="timestamp">NOW</field>
</doc>
<doc>
<field name="uri">http://en.wikipedia.org/wiki/Marcel_Duchamp</field>
<field name="entity_type">artists</field>
<field name="timestamp">NOW</field>
<field name="primaryTopic">http://dbpedia.org/resource/Marcel_Duchamp</field>
</doc>
<doc>
<field name="uri">http://dbpedia.org/resource/Duchamp_(disambiguation)</field>
<field name="entity_type">artists</field>
<field name="timestamp">NOW</field>
</doc>
<doc>
<field name="uri">http://dbpedia.org/resource/Ingrid_Baxter</field>
<field name="entity_type">artists</field>
<field name="timestamp">NOW</field>
<field name="influenced">http://dbpedia.org/resource/Marcel_Duchamp</field>
</doc>
<doc>
<field name="uri">http://nl.dbpedia.org/resource/Marcel_Duchamp</field>
<field name="entity_type">artists</field>
<field name="timestamp">NOW</field>
<field name="sameAs">http://dbpedia.org/resource/Marcel_Duchamp</field>
</doc>
<doc>
<field name="uri">http://eu.dbpedia.org/resource/Marcel_Duchamp</field>
<field name="entity_type">artists</field>
<field name="timestamp">NOW</field>
<field name="sameAs">http://dbpedia.org/resource/Marcel_Duchamp</field>
</doc>
<doc>
<field name="uri">http://dbpedia.org/resource/Eric_Orr</field>
<field name="entity_type">artists</field>
<field name="timestamp">NOW</field>
<field name="influenced">http://dbpedia.org/resource/Marcel_Duchamp</field>
</doc>
<doc>
<field name="uri">http://wikidata.dbpedia.org/resource/Q5912</field>
<field name="entity_type">artists</field>
<field name="timestamp">NOW</field>
<field name="sameAs">http://dbpedia.org/resource/Marcel_Duchamp</field>
</doc>
<doc>
<field name="uri">http://zh.dbpedia.org/resource/馬塞爾·杜象</field>
<field name="entity_type">artists</field>
<field name="timestamp">NOW</field>
<field name="sameAs">http://dbpedia.org/resource/Marcel_Duchamp</field>
</doc>
<doc>
<field name="uri">http://ar.dbpedia.org/resource/مارسيل_دوشامب</field>
<field name="entity_type">artists</field>
<field name="timestamp">NOW</field>
<field name="sameAs">http://dbpedia.org/resource/Marcel_Duchamp</field>
</doc>
<doc>
<field name="uri">http://be.dbpedia.org/resource/Марсель_Дзюшан</field>
<field name="entity_type">artists</field>
<field name="timestamp">NOW</field>
<field name="sameAs">http://dbpedia.org/resource/Marcel_Duchamp</field>
</doc>
<doc>
<field name="uri">http://bg.dbpedia.org/resource/Марсел_Дюшан</field>
<field name="entity_type">artists</field>
<field name="timestamp">NOW</field>
<field name="sameAs">http://dbpedia.org/resource/Marcel_Duchamp</field>
</doc>
<doc>
<field name="uri">http://br.dbpedia.org/resource/Marcel_Duchamp</field>
<field name="entity_type">artists</field>
<field name="timestamp">NOW</field>
<field name="sameAs">http://dbpedia.org/resource/Marcel_Duchamp</field>
</doc>
<doc>
<field name="uri">http://bs.dbpedia.org/resource/Marcel_Duchamp</field>
<field name="entity_type">artists</field>
<field name="timestamp">NOW</field>
<field name="sameAs">http://dbpedia.org/resource/Marcel_Duchamp</field>
</doc>
<doc>
<field name="uri">http://ca.dbpedia.org/resource/Marcel_Duchamp</field>
<field name="entity_type">artists</field>
<field name="timestamp">NOW</field>
<field name="sameAs">http://dbpedia.org/resource/Marcel_Duchamp</field>
</doc>
<doc>
<field name="uri">http://da.dbpedia.org/resource/Marcel_Duchamp</field>
<field name="entity_type">artists</field>
<field name="timestamp">NOW</field>
<field name="sameAs">http://dbpedia.org/resource/Marcel_Duchamp</field>
</doc>
<doc>
<field name="uri">http://eo.dbpedia.org/resource/Marcel_Duchamp</field>
<field name="entity_type">artists</field>
<field name="timestamp">NOW</field>
<field name="sameAs">http://dbpedia.org/resource/Marcel_Duchamp</field>
</doc>
<doc>
<field name="uri">http://et.dbpedia.org/resource/Marcel_Duchamp</field>
<field name="entity_type">artists</field>
<field name="timestamp">NOW</field>
<field name="sameAs">http://dbpedia.org/resource/Marcel_Duchamp</field>
</doc>
<doc>
<field name="uri">http://fa.dbpedia.org/resource/مارسل_دوشان</field>
<field name="entity_type">artists</field>
<field name="timestamp">NOW</field>
<field name="sameAs">http://dbpedia.org/resource/Marcel_Duchamp</field>
</doc>
<doc>
<field name="uri">http://fi.dbpedia.org/resource/Marcel_Duchamp</field>
<field name="entity_type">artists</field>
<field name="timestamp">NOW</field>
<field name="sameAs">http://dbpedia.org/resource/Marcel_Duchamp</field>
</doc>
<doc>
<field name="uri">http://gl.dbpedia.org/resource/Marcel_Duchamp</field>
<field name="entity_type">artists</field>
<field name="timestamp">NOW</field>
<field name="sameAs">http://dbpedia.org/resource/Marcel_Duchamp</field>
</doc>
<doc>
<field name="uri">http://he.dbpedia.org/resource/מרסל_דושאן</field>
<field name="entity_type">artists</field>
<field name="timestamp">NOW</field>
<field name="sameAs">http://dbpedia.org/resource/Marcel_Duchamp</field>
</doc>
<doc>
<field name="uri">http://hr.dbpedia.org/resource/Marcel_Duchamp</field>
<field name="entity_type">artists</field>
<field name="timestamp">NOW</field>
<field name="sameAs">http://dbpedia.org/resource/Marcel_Duchamp</field>
</doc>
<doc>
<field name="uri">http://hu.dbpedia.org/resource/Marcel_Duchamp</field>
<field name="entity_type">artists</field>
<field name="timestamp">NOW</field>
<field name="sameAs">http://dbpedia.org/resource/Marcel_Duchamp</field>
</doc>
<doc>
<field name="uri">http://id.dbpedia.org/resource/Marcel_Duchamp</field>
<field name="entity_type">artists</field>
<field name="timestamp">NOW</field>
<field name="sameAs">http://dbpedia.org/resource/Marcel_Duchamp</field>
</doc>
<doc>
<field name="uri">http://io.dbpedia.org/resource/Marcel_Duchamp</field>
<field name="entity_type">artists</field>
<field name="timestamp">NOW</field>
<field name="sameAs">http://dbpedia.org/resource/Marcel_Duchamp</field>
</doc>
<doc>
<field name="uri">http://jv.dbpedia.org/resource/Marcel_Duchamp</field>
<field name="entity_type">artists</field>
<field name="timestamp">NOW</field>
<field name="sameAs">http://dbpedia.org/resource/Marcel_Duchamp</field>
</doc>
<doc>
<field name="uri">http://ka.dbpedia.org/resource/მარსელ_დიუშანი</field>
<field name="entity_type">artists</field>
<field name="timestamp">NOW</field>
<field name="sameAs">http://dbpedia.org/resource/Marcel_Duchamp</field>
</doc>
<doc>
<field name="uri">http://lt.dbpedia.org/resource/Marcel_Duchamp</field>
<field name="entity_type">artists</field>
<field name="timestamp">NOW</field>
<field name="sameAs">http://dbpedia.org/resource/Marcel_Duchamp</field>
</doc>
<doc>
<field name="uri">http://lv.dbpedia.org/resource/Marsels_Dišāns</field>
<field name="entity_type">artists</field>
<field name="timestamp">NOW</field>
<field name="sameAs">http://dbpedia.org/resource/Marcel_Duchamp</field>
</doc>
<doc>
<field name="uri">http://ml.dbpedia.org/resource/മാർസൽ_ഡുഷാംപ്</field>
<field name="entity_type">artists</field>
<field name="timestamp">NOW</field>
<field name="sameAs">http://dbpedia.org/resource/Marcel_Duchamp</field>
</doc>
<doc>
<field name="uri">http://nn.dbpedia.org/resource/Marcel_Duchamp</field>
<field name="entity_type">artists</field>
<field name="timestamp">NOW</field>
<field name="sameAs">http://dbpedia.org/resource/Marcel_Duchamp</field>
</doc>
<doc>
<field name="uri">http://no.dbpedia.org/resource/Marcel_Duchamp</field>
<field name="entity_type">artists</field>
<field name="timestamp">NOW</field>
<field name="sameAs">http://dbpedia.org/resource/Marcel_Duchamp</field>
</doc>
<doc>
<field name="uri">http://oc.dbpedia.org/resource/Marcel_Duchamp</field>
<field name="entity_type">artists</field>
<field name="timestamp">NOW</field>
<field name="sameAs">http://dbpedia.org/resource/Marcel_Duchamp</field>
</doc>
<doc>
<field name="uri">http://pms.dbpedia.org/resource/Marcel_Duchamp</field>
<field name="entity_type">artists</field>
<field name="timestamp">NOW</field>
<field name="sameAs">http://dbpedia.org/resource/Marcel_Duchamp</field>
</doc>
<doc>
<field name="uri">http://ro.dbpedia.org/resource/Marcel_Duchamp</field>
<field name="entity_type">artists</field>
<field name="timestamp">NOW</field>
<field name="sameAs">http://dbpedia.org/resource/Marcel_Duchamp</field>
</doc>
<doc>
<field name="uri">http://scn.dbpedia.org/resource/Marcel_Duchamp</field>
<field name="entity_type">artists</field>
<field name="timestamp">NOW</field>
<field name="sameAs">http://dbpedia.org/resource/Marcel_Duchamp</field>
</doc>
<doc>
<field name="uri">http://sh.dbpedia.org/resource/Marcel_Duchamp</field>
<field name="entity_type">artists</field>
<field name="timestamp">NOW</field>
<field name="sameAs">http://dbpedia.org/resource/Marcel_Duchamp</field>
</doc>
<doc>
<field name="uri">http://simple.dbpedia.org/resource/Marcel_Duchamp</field>
<field name="entity_type">artists</field>
<field name="timestamp">NOW</field>
<field name="sameAs">http://dbpedia.org/resource/Marcel_Duchamp</field>
</doc>
<doc>
<field name="uri">http://sk.dbpedia.org/resource/Marcel_Duchamp</field>
<field name="entity_type">artists</field>
<field name="timestamp">NOW</field>
<field name="sameAs">http://dbpedia.org/resource/Marcel_Duchamp</field>
</doc>
<doc>
<field name="uri">http://sr.dbpedia.org/resource/Марсел_Дишан</field>
<field name="entity_type">artists</field>
<field name="timestamp">NOW</field>
<field name="sameAs">http://dbpedia.org/resource/Marcel_Duchamp</field>
</doc>
<doc>
<field name="uri">http://sv.dbpedia.org/resource/Marcel_Duchamp</field>
<field name="entity_type">artists</field>
<field name="timestamp">NOW</field>
<field name="sameAs">http://dbpedia.org/resource/Marcel_Duchamp</field>
</doc>
<doc>
<field name="uri">http://th.dbpedia.org/resource/มาเซล_ดูช็องป์</field>
<field name="entity_type">artists</field>
<field name="timestamp">NOW</field>
<field name="sameAs">http://dbpedia.org/resource/Marcel_Duchamp</field>
</doc>
<doc>
<field name="uri">http://tr.dbpedia.org/resource/Marcel_Duchamp</field>
<field name="entity_type">artists</field>
<field name="timestamp">NOW</field>
<field name="sameAs">http://dbpedia.org/resource/Marcel_Duchamp</field>
</doc>
<doc>
<field name="uri">http://uk.dbpedia.org/resource/Марсель_Дюшан</field>
<field name="entity_type">artists</field>
<field name="timestamp">NOW</field>
<field name="sameAs">http://dbpedia.org/resource/Marcel_Duchamp</field>
</doc>
<doc>
<field name="uri">http://als.dbpedia.org/resource/Marcel_Duchamp</field>
<field name="entity_type">artists</field>
<field name="timestamp">NOW</field>
<field name="sameAs">http://dbpedia.org/resource/Marcel_Duchamp</field>
</doc>
<doc>
<field name="uri">http://sc.dbpedia.org/resource/Marcel_Duchamp</field>
<field name="entity_type">artists</field>
<field name="timestamp">NOW</field>
<field name="sameAs">http://dbpedia.org/resource/Marcel_Duchamp</field>
</doc>
<doc>
<field name="uri">http://zh_min_nan.dbpedia.org/resource/Marcel_Duchamp</field>
<field name="entity_type">artists</field>
<field name="timestamp">NOW</field>
<field name="sameAs">http://dbpedia.org/resource/Marcel_Duchamp</field>
</doc>
</add>
