<add xmlns:dc="http://purl.org/dc/elements/1.1/" overwrite="true">
<doc>
<field name="uri">http://dbpedia.org/resource/Georg_Muche</field>
<field name="entity_type">artists</field>
<field name="timestamp">NOW</field>
<field name="influenced">http://dbpedia.org/resource/Max_Ernst</field>
</doc>
<doc>
<field name="uri">http://dbpedia.org/resource/L'Age_d'Or</field>
<field name="entity_type">artists</field>
<field name="timestamp">NOW</field>
</doc>
<doc>
<field name="uri">http://dbpedia.org/resource/Max_Ernst</field>
<field name="entity_type">artists</field>
<field name="timestamp">NOW</field>
<field name="sameAs">http://gl.dbpedia.org/resource/Max_Ernst</field>
<field name="sameAs">http://sh.dbpedia.org/resource/Max_Ernst</field>
<field name="sameAs">http://es.dbpedia.org/resource/Max_Ernst</field>
<field name="sameAs">http://www.wikidata.org/entity/Q154842</field>
<field name="sameAs">http://simple.dbpedia.org/resource/Max_Ernst</field>
<field name="sameAs">http://hu.dbpedia.org/resource/Max_Ernst</field>
<field name="sameAs">http://mwl.dbpedia.org/resource/Max_Ernst</field>
<field name="sameAs">http://th.dbpedia.org/resource/มักซ์_แอนสท์</field>
<field name="sameAs">http://fi.dbpedia.org/resource/Max_Ernst</field>
<field name="sameAs">http://da.dbpedia.org/resource/Max_Ernst</field>
<field name="sameAs">http://io.dbpedia.org/resource/Max_Ernst</field>
<field name="sameAs">http://ru.dbpedia.org/resource/Эрнст,_Макс</field>
<field name="sameAs">http://sr.dbpedia.org/resource/Макс_Ернст</field>
<field name="sameAs">http://el.dbpedia.org/resource/Μαξ_Ερνστ</field>
<field name="sameAs">http://tr.dbpedia.org/resource/Max_Ernst</field>
<field name="sameAs">http://yago-knowledge.org/resource/Max_Ernst</field>
<field name="sameAs">http://uk.dbpedia.org/resource/Макс_Ернст</field>
<field name="sameAs">http://de.dbpedia.org/resource/Max_Ernst</field>
<field name="sameAs">http://ko.dbpedia.org/resource/막스_에른스트</field>
<field name="sameAs">http://fa.dbpedia.org/resource/مکس_ارنست</field>
<field name="sameAs">http://ka.dbpedia.org/resource/მაქს_ერნსტი</field>
<field name="sameAs">http://fr.dbpedia.org/resource/Max_Ernst</field>
<field name="sameAs">http://vi.dbpedia.org/resource/Max_Ernst</field>
<field name="sameAs">http://ro.dbpedia.org/resource/Max_Ernst</field>
<field name="sameAs">http://nl.dbpedia.org/resource/Max_Ernst</field>
<field name="sameAs">http://et.dbpedia.org/resource/Max_Ernst</field>
<field name="sameAs">http://ja.dbpedia.org/resource/マックス・エルンスト</field>
<field name="sameAs">http://sw.cyc.com/concept/Mx4rwIPr8pwpEbGdrcN5Y29ycA</field>
<field name="sameAs">http://nn.dbpedia.org/resource/Max_Ernst</field>
<field name="sameAs">http://hr.dbpedia.org/resource/Max_Ernst</field>
<field name="sameAs">http://cs.dbpedia.org/resource/Max_Ernst</field>
<field name="sameAs">http://pt.dbpedia.org/resource/Max_Ernst</field>
<field name="sameAs">http://als.dbpedia.org/resource/Max_Ernst</field>
<field name="sameAs">http://cy.dbpedia.org/resource/Max_Ernst</field>
<field name="sameAs">http://pms.dbpedia.org/resource/Max_Ernst</field>
<field name="sameAs">http://bg.dbpedia.org/resource/Макс_Ернст</field>
<field name="sameAs">http://eo.dbpedia.org/resource/Max_Ernst</field>
<field name="sameAs">http://oc.dbpedia.org/resource/Max_Ernst</field>
<field name="sameAs">http://he.dbpedia.org/resource/מקס_ארנסט</field>
<field name="sameAs">http://rdf.freebase.com/ns/m.0bqb_</field>
<field name="sameAs">http://pl.dbpedia.org/resource/Max_Ernst</field>
<field name="sameAs">http://no.dbpedia.org/resource/Max_Ernst</field>
<field name="sameAs">http://ca.dbpedia.org/resource/Max_Ernst</field>
<field name="sameAs">http://dbpedia.org/resource/Max_Ernst</field>
<field name="sameAs">http://zh.dbpedia.org/resource/马克斯·恩斯特</field>
<field name="sameAs">http://lv.dbpedia.org/resource/Makss_Ernsts</field>
<field name="sameAs">http://eu.dbpedia.org/resource/Max_Ernst</field>
<field name="sameAs">http://be.dbpedia.org/resource/Макс_Эрнст</field>
<field name="sameAs">http://lt.dbpedia.org/resource/Maksas_Ernstas</field>
<field name="sameAs">http://sk.dbpedia.org/resource/Max_Ernst</field>
<field name="sameAs">http://sv.dbpedia.org/resource/Max_Ernst</field>
<field name="sameAs">http://ar.dbpedia.org/resource/ماكس_إرنست</field>
<field name="sameAs">http://an.dbpedia.org/resource/Max_Ernst</field>
<field name="sameAs">http://scn.dbpedia.org/resource/Max_Ernst</field>
<field name="sameAs">http://ta.dbpedia.org/resource/மக்ஸ்_ஏர்ண்ஸ்ட்</field>
<field name="sameAs">http://it.dbpedia.org/resource/Max_Ernst</field>
<field name="sameAs">http://pnb.dbpedia.org/resource/میکس_ارنسٹ</field>
<field name="subject" update="add">http://dbpedia.org/resource/Category:Modern_painters</field>
<field name="subject" update="add">http://dbpedia.org/resource/Category:People_from_the_Rhine_Province</field>
<field name="subject" update="add">http://dbpedia.org/resource/Category:1891_births</field>
<field name="subject" update="add">http://dbpedia.org/resource/Category:People_from_Sedona,_Arizona</field>
<field name="subject" update="add">http://dbpedia.org/resource/Category:German_artists</field>
<field name="subject" update="add">http://dbpedia.org/resource/Category:Surrealist_artists</field>
<field name="subject" update="add">http://dbpedia.org/resource/Category:Burials_at_P%C3%A8re_Lachaise_Cemetery</field>
<field name="subject" update="add">http://dbpedia.org/resource/Category:1976_deaths</field>
<field name="subject" update="add">http://dbpedia.org/resource/Category:German_painters</field>
<field name="subject" update="add">http://dbpedia.org/resource/Category:Dada</field>
<field name="subject" update="add">http://dbpedia.org/resource/Category:People_from_Br%C3%BChl_(Rhineland)</field>
<field name="subject" update="add">http://dbpedia.org/resource/Category:Modern_sculptors</field>
<field name="subject" update="add">http://dbpedia.org/resource/Category:University_of_Bonn_alumni</field>
<field name="abstract">Max Ernst (2 April 1891 – 1 April 1976) was a German painter, sculptor, graphic artist, and poet. A prolific artist, Ernst was a primary pioneer of the Dada movement and Surrealism.</field>
<field name="birth-place">http://dbpedia.org/resource/Br%C3%BChl_(Rhineland)</field>
<field name="field">http://dbpedia.org/resource/Painting</field>
<field name="field">http://dbpedia.org/resource/Sculpture</field>
<field name="field">http://dbpedia.org/resource/Poetry</field>
<field name="movement">http://dbpedia.org/resource/Surrealism</field>
<field name="movement">http://dbpedia.org/resource/Dada</field>
<field name="label">Max Ernst</field>
<field name="depiction">http://upload.wikimedia.org/wikipedia/commons/1/1b/AAA_inverobe_11954-2.jpg</field>
<field name="comment">Max Ernst (2 April 1891 – 1 April 1976) was a German painter, sculptor, graphic artist, and poet. A prolific artist, Ernst was a primary pioneer of the Dada movement and Surrealism.</field>
<field name="name"/>
<field name="thumbnail">http://upload.wikimedia.org/wikipedia/commons/thumb/1/1b/AAA_inverobe_11954-2.jpg/200px-AAA_inverobe_11954-2.jpg</field>
<field name="link_external">http://www.artfacts.net/index.php/pageType/artistInfo/artist/614</field>
<field name="link_external">http://www.tendreams.org/ernst.htm</field>
<field name="link_external">http://www.nationalgalleries.org/collection/online_az/4:322/?initial=E&amp;artistId=3237&amp;artistName=Max%20Ernst&amp;submit=1</field>
<field name="link_external">http://www.maxernstmuseum.lvr.de/FachThema/English/</field>
<field name="link_external">http://www.abcgallery.com/E/ernst/ernst.html</field>
<field name="link_external">http://gilbert-rt.blogspot.com/2006/10/blog-post.html</field>
<field name="link_external">http://www.zoomorama.com/746970aec580892cdac1587eeca259cc</field>
<field name="link_external">http://www.ludorff.com/ap/ernst/ernste.html</field>
<field name="link_external">http://serdar-hizli-art.com/modern_painting/ernst_max.htm</field>
<field name="link_external">http://www.worldcatlibraries.org/oclc/54157692&amp;referer=brief_results</field>
<field name="link_external">http://www.worldcatlibraries.org/oclc/57422267&amp;referer=brief_results</field>
<field name="link_external">http://www.maxernstmasterpiece.com</field>
<field name="link_external">http://www.worldcatlibraries.org/oclc/2034599&amp;referer=brief_results</field>
<field name="field">http://dbpedia.org/resource/Painting</field>
<field name="field">http://dbpedia.org/resource/Poetry</field>
<field name="field">http://dbpedia.org/resource/Sculpture</field>
<field name="movement">http://dbpedia.org/resource/Surrealism</field>
<field name="movement">http://dbpedia.org/resource/Dada</field>
<field name="isPrimaryTopicOf">http://en.wikipedia.org/wiki/Max_Ernst</field>
<field name="description"/>
<field name="photo-collection">http://wifo5-03.informatik.uni-mannheim.de/flickrwrappr/photos/Max_Ernst</field>
</doc>
<doc>
<field name="uri">http://dbpedia.org/resource/Alan_M._Clark</field>
<field name="entity_type">artists</field>
<field name="timestamp">NOW</field>
</doc>
<doc>
<field name="uri">http://de.dbpedia.org/resource/Max_Ernst</field>
<field name="entity_type">artists</field>
<field name="timestamp">NOW</field>
<field name="sameAs">http://dbpedia.org/resource/Max_Ernst</field>
</doc>
<doc>
<field name="uri">http://el.dbpedia.org/resource/Μαξ_Ερνστ</field>
<field name="entity_type">artists</field>
<field name="timestamp">NOW</field>
<field name="sameAs">http://dbpedia.org/resource/Max_Ernst</field>
</doc>
<doc>
<field name="uri">http://fr.dbpedia.org/resource/Max_Ernst</field>
<field name="entity_type">artists</field>
<field name="timestamp">NOW</field>
<field name="sameAs">http://dbpedia.org/resource/Max_Ernst</field>
</doc>
<doc>
<field name="uri">http://dbpedia.org/resource/The_Elephant_Celebes</field>
<field name="entity_type">artists</field>
<field name="timestamp">NOW</field>
<field name="artist">http://dbpedia.org/resource/Max_Ernst</field>
</doc>
<doc>
<field name="uri">http://dbpedia.org/resource/Murdering_Airplane</field>
<field name="entity_type">artists</field>
<field name="timestamp">NOW</field>
<field name="artist">http://dbpedia.org/resource/Max_Ernst</field>
</doc>
<doc>
<field name="uri">http://dbpedia.org/resource/Piet%C3%A0_or_Revolution_by_Night</field>
<field name="entity_type">artists</field>
<field name="timestamp">NOW</field>
<field name="artist">http://dbpedia.org/resource/Max_Ernst</field>
</doc>
<doc>
<field name="uri">http://es.dbpedia.org/resource/Max_Ernst</field>
<field name="entity_type">artists</field>
<field name="timestamp">NOW</field>
<field name="sameAs">http://dbpedia.org/resource/Max_Ernst</field>
</doc>
<doc>
<field name="uri">http://dbpedia.org/resource/Dorothea_Tanning</field>
<field name="entity_type">artists</field>
<field name="timestamp">NOW</field>
</doc>
<doc>
<field name="uri">http://dbpedia.org/resource/Arnold_B%C3%B6cklin</field>
<field name="entity_type">artists</field>
<field name="timestamp">NOW</field>
</doc>
<doc>
<field name="uri">http://dbpedia.org/resource/Ernst</field>
<field name="entity_type">artists</field>
<field name="timestamp">NOW</field>
</doc>
<doc>
<field name="uri">http://dbpedia.org/resource/Leonora_Carrington</field>
<field name="entity_type">artists</field>
<field name="timestamp">NOW</field>
<field name="influenced">http://dbpedia.org/resource/Max_Ernst</field>
</doc>
<doc>
<field name="uri">http://dbpedia.org/resource/Louise_Nevelson</field>
<field name="entity_type">artists</field>
<field name="timestamp">NOW</field>
<field name="influenced">http://dbpedia.org/resource/Max_Ernst</field>
</doc>
<doc>
<field name="uri">http://dbpedia.org/resource/Roland_Penrose</field>
<field name="entity_type">artists</field>
<field name="timestamp">NOW</field>
<field name="influenced">http://dbpedia.org/resource/Max_Ernst</field>
</doc>
<doc>
<field name="uri">http://dbpedia.org/resource/Victor_Bregeda</field>
<field name="entity_type">artists</field>
<field name="timestamp">NOW</field>
<field name="influenced">http://dbpedia.org/resource/Max_Ernst</field>
</doc>
<doc>
<field name="uri">http://dbpedia.org/resource/Dreams_of_Dark_and_Light:_The_Great_Short_Fiction_of_Tanith_Lee</field>
<field name="entity_type">artists</field>
<field name="timestamp">NOW</field>
</doc>
<doc>
<field name="uri">http://dbpedia.org/resource/Memories_of_the_Space_Age</field>
<field name="entity_type">artists</field>
<field name="timestamp">NOW</field>
</doc>
<doc>
<field name="uri">http://dbpedia.org/resource/Patrice_Stellest</field>
<field name="entity_type">artists</field>
<field name="timestamp">NOW</field>
<field name="influenced">http://dbpedia.org/resource/Max_Ernst</field>
</doc>
<doc>
<field name="uri">http://it.dbpedia.org/resource/Max_Ernst</field>
<field name="entity_type">artists</field>
<field name="timestamp">NOW</field>
<field name="sameAs">http://dbpedia.org/resource/Max_Ernst</field>
</doc>
<doc>
<field name="uri">http://ko.dbpedia.org/resource/막스_에른스트</field>
<field name="entity_type">artists</field>
<field name="timestamp">NOW</field>
<field name="sameAs">http://dbpedia.org/resource/Max_Ernst</field>
</doc>
<doc>
<field name="uri">http://pt.dbpedia.org/resource/Max_Ernst</field>
<field name="entity_type">artists</field>
<field name="timestamp">NOW</field>
<field name="sameAs">http://dbpedia.org/resource/Max_Ernst</field>
</doc>
<doc>
<field name="uri">http://dbpedia.org/resource/Little_Machine_Constructed_by_Minimax_Dadamax_in_Person</field>
<field name="entity_type">artists</field>
<field name="timestamp">NOW</field>
<field name="artist">http://dbpedia.org/resource/Max_Ernst</field>
</doc>
<doc>
<field name="uri">http://dbpedia.org/resource/The_Hat_Makes_the_Man</field>
<field name="entity_type">artists</field>
<field name="timestamp">NOW</field>
<field name="artist">http://dbpedia.org/resource/Max_Ernst</field>
</doc>
<doc>
<field name="uri">http://dbpedia.org/resource/The_Wood_(Max_Ernst)</field>
<field name="entity_type">artists</field>
<field name="timestamp">NOW</field>
<field name="artist">http://dbpedia.org/resource/Max_Ernst</field>
</doc>
<doc>
<field name="uri">http://dbpedia.org/resource/Trophy,_Hypertrophied</field>
<field name="entity_type">artists</field>
<field name="timestamp">NOW</field>
<field name="artist">http://dbpedia.org/resource/Max_Ernst</field>
</doc>
<doc>
<field name="uri">http://dbpedia.org/resource/Max_Ernest</field>
<field name="entity_type">artists</field>
<field name="timestamp">NOW</field>
</doc>
<doc>
<field name="uri">http://dbpedia.org/resource/Alexander_Boghossian</field>
<field name="entity_type">artists</field>
<field name="timestamp">NOW</field>
</doc>
<doc>
<field name="uri">http://dbpedia.org/resource/Jimmy_Ernst</field>
<field name="entity_type">artists</field>
<field name="timestamp">NOW</field>
</doc>
<doc>
<field name="uri">http://dbpedia.org/resource/Forest_and_Dove</field>
<field name="entity_type">artists</field>
<field name="timestamp">NOW</field>
<field name="artist">http://dbpedia.org/resource/Max_Ernst</field>
</doc>
<doc>
<field name="uri">http://dbpedia.org/resource/Napoleon_in_the_Wilderness</field>
<field name="entity_type">artists</field>
<field name="timestamp">NOW</field>
<field name="artist">http://dbpedia.org/resource/Max_Ernst</field>
</doc>
<doc>
<field name="uri">http://dbpedia.org/resource/Aquis_Submersus</field>
<field name="entity_type">artists</field>
<field name="timestamp">NOW</field>
<field name="artist">http://dbpedia.org/resource/Max_Ernst</field>
</doc>
<doc>
<field name="uri">http://cs.dbpedia.org/resource/Max_Ernst</field>
<field name="entity_type">artists</field>
<field name="timestamp">NOW</field>
<field name="sameAs">http://dbpedia.org/resource/Max_Ernst</field>
</doc>
<doc>
<field name="uri">http://ja.dbpedia.org/resource/マックス・エルンスト</field>
<field name="entity_type">artists</field>
<field name="timestamp">NOW</field>
<field name="sameAs">http://dbpedia.org/resource/Max_Ernst</field>
</doc>
<doc>
<field name="uri">http://pl.dbpedia.org/resource/Max_Ernst</field>
<field name="entity_type">artists</field>
<field name="timestamp">NOW</field>
<field name="sameAs">http://dbpedia.org/resource/Max_Ernst</field>
</doc>
<doc>
<field name="uri">http://ru.dbpedia.org/resource/Эрнст,_Макс</field>
<field name="entity_type">artists</field>
<field name="timestamp">NOW</field>
<field name="sameAs">http://dbpedia.org/resource/Max_Ernst</field>
</doc>
<doc>
<field name="uri">http://en.wikipedia.org/wiki/Max_Ernst</field>
<field name="entity_type">artists</field>
<field name="timestamp">NOW</field>
<field name="primaryTopic">http://dbpedia.org/resource/Max_Ernst</field>
</doc>
<doc>
<field name="uri">http://nl.dbpedia.org/resource/Max_Ernst</field>
<field name="entity_type">artists</field>
<field name="timestamp">NOW</field>
<field name="sameAs">http://dbpedia.org/resource/Max_Ernst</field>
</doc>
<doc>
<field name="uri">http://eu.dbpedia.org/resource/Max_Ernst</field>
<field name="entity_type">artists</field>
<field name="timestamp">NOW</field>
<field name="sameAs">http://dbpedia.org/resource/Max_Ernst</field>
</doc>
<doc>
<field name="uri">http://wikidata.dbpedia.org/resource/Q154842</field>
<field name="entity_type">artists</field>
<field name="timestamp">NOW</field>
<field name="sameAs">http://dbpedia.org/resource/Max_Ernst</field>
</doc>
<doc>
<field name="uri">http://zh.dbpedia.org/resource/马克斯·恩斯特</field>
<field name="entity_type">artists</field>
<field name="timestamp">NOW</field>
<field name="sameAs">http://dbpedia.org/resource/Max_Ernst</field>
</doc>
<doc>
<field name="uri">http://an.dbpedia.org/resource/Max_Ernst</field>
<field name="entity_type">artists</field>
<field name="timestamp">NOW</field>
<field name="sameAs">http://dbpedia.org/resource/Max_Ernst</field>
</doc>
<doc>
<field name="uri">http://ar.dbpedia.org/resource/ماكس_إرنست</field>
<field name="entity_type">artists</field>
<field name="timestamp">NOW</field>
<field name="sameAs">http://dbpedia.org/resource/Max_Ernst</field>
</doc>
<doc>
<field name="uri">http://be.dbpedia.org/resource/Макс_Эрнст</field>
<field name="entity_type">artists</field>
<field name="timestamp">NOW</field>
<field name="sameAs">http://dbpedia.org/resource/Max_Ernst</field>
</doc>
<doc>
<field name="uri">http://bg.dbpedia.org/resource/Макс_Ернст</field>
<field name="entity_type">artists</field>
<field name="timestamp">NOW</field>
<field name="sameAs">http://dbpedia.org/resource/Max_Ernst</field>
</doc>
<doc>
<field name="uri">http://ca.dbpedia.org/resource/Max_Ernst</field>
<field name="entity_type">artists</field>
<field name="timestamp">NOW</field>
<field name="sameAs">http://dbpedia.org/resource/Max_Ernst</field>
</doc>
<doc>
<field name="uri">http://cy.dbpedia.org/resource/Max_Ernst</field>
<field name="entity_type">artists</field>
<field name="timestamp">NOW</field>
<field name="sameAs">http://dbpedia.org/resource/Max_Ernst</field>
</doc>
<doc>
<field name="uri">http://da.dbpedia.org/resource/Max_Ernst</field>
<field name="entity_type">artists</field>
<field name="timestamp">NOW</field>
<field name="sameAs">http://dbpedia.org/resource/Max_Ernst</field>
</doc>
<doc>
<field name="uri">http://eo.dbpedia.org/resource/Max_Ernst</field>
<field name="entity_type">artists</field>
<field name="timestamp">NOW</field>
<field name="sameAs">http://dbpedia.org/resource/Max_Ernst</field>
</doc>
<doc>
<field name="uri">http://et.dbpedia.org/resource/Max_Ernst</field>
<field name="entity_type">artists</field>
<field name="timestamp">NOW</field>
<field name="sameAs">http://dbpedia.org/resource/Max_Ernst</field>
</doc>
<doc>
<field name="uri">http://fa.dbpedia.org/resource/مکس_ارنست</field>
<field name="entity_type">artists</field>
<field name="timestamp">NOW</field>
<field name="sameAs">http://dbpedia.org/resource/Max_Ernst</field>
</doc>
<doc>
<field name="uri">http://fi.dbpedia.org/resource/Max_Ernst</field>
<field name="entity_type">artists</field>
<field name="timestamp">NOW</field>
<field name="sameAs">http://dbpedia.org/resource/Max_Ernst</field>
</doc>
<doc>
<field name="uri">http://gl.dbpedia.org/resource/Max_Ernst</field>
<field name="entity_type">artists</field>
<field name="timestamp">NOW</field>
<field name="sameAs">http://dbpedia.org/resource/Max_Ernst</field>
</doc>
<doc>
<field name="uri">http://he.dbpedia.org/resource/מקס_ארנסט</field>
<field name="entity_type">artists</field>
<field name="timestamp">NOW</field>
<field name="sameAs">http://dbpedia.org/resource/Max_Ernst</field>
</doc>
<doc>
<field name="uri">http://hr.dbpedia.org/resource/Max_Ernst</field>
<field name="entity_type">artists</field>
<field name="timestamp">NOW</field>
<field name="sameAs">http://dbpedia.org/resource/Max_Ernst</field>
</doc>
<doc>
<field name="uri">http://hu.dbpedia.org/resource/Max_Ernst</field>
<field name="entity_type">artists</field>
<field name="timestamp">NOW</field>
<field name="sameAs">http://dbpedia.org/resource/Max_Ernst</field>
</doc>
<doc>
<field name="uri">http://io.dbpedia.org/resource/Max_Ernst</field>
<field name="entity_type">artists</field>
<field name="timestamp">NOW</field>
<field name="sameAs">http://dbpedia.org/resource/Max_Ernst</field>
</doc>
<doc>
<field name="uri">http://ka.dbpedia.org/resource/მაქს_ერნსტი</field>
<field name="entity_type">artists</field>
<field name="timestamp">NOW</field>
<field name="sameAs">http://dbpedia.org/resource/Max_Ernst</field>
</doc>
<doc>
<field name="uri">http://lt.dbpedia.org/resource/Maksas_Ernstas</field>
<field name="entity_type">artists</field>
<field name="timestamp">NOW</field>
<field name="sameAs">http://dbpedia.org/resource/Max_Ernst</field>
</doc>
<doc>
<field name="uri">http://lv.dbpedia.org/resource/Makss_Ernsts</field>
<field name="entity_type">artists</field>
<field name="timestamp">NOW</field>
<field name="sameAs">http://dbpedia.org/resource/Max_Ernst</field>
</doc>
<doc>
<field name="uri">http://nn.dbpedia.org/resource/Max_Ernst</field>
<field name="entity_type">artists</field>
<field name="timestamp">NOW</field>
<field name="sameAs">http://dbpedia.org/resource/Max_Ernst</field>
</doc>
<doc>
<field name="uri">http://no.dbpedia.org/resource/Max_Ernst</field>
<field name="entity_type">artists</field>
<field name="timestamp">NOW</field>
<field name="sameAs">http://dbpedia.org/resource/Max_Ernst</field>
</doc>
<doc>
<field name="uri">http://oc.dbpedia.org/resource/Max_Ernst</field>
<field name="entity_type">artists</field>
<field name="timestamp">NOW</field>
<field name="sameAs">http://dbpedia.org/resource/Max_Ernst</field>
</doc>
<doc>
<field name="uri">http://pms.dbpedia.org/resource/Max_Ernst</field>
<field name="entity_type">artists</field>
<field name="timestamp">NOW</field>
<field name="sameAs">http://dbpedia.org/resource/Max_Ernst</field>
</doc>
<doc>
<field name="uri">http://pnb.dbpedia.org/resource/میکس_ارنسٹ</field>
<field name="entity_type">artists</field>
<field name="timestamp">NOW</field>
<field name="sameAs">http://dbpedia.org/resource/Max_Ernst</field>
</doc>
<doc>
<field name="uri">http://ro.dbpedia.org/resource/Max_Ernst</field>
<field name="entity_type">artists</field>
<field name="timestamp">NOW</field>
<field name="sameAs">http://dbpedia.org/resource/Max_Ernst</field>
</doc>
<doc>
<field name="uri">http://scn.dbpedia.org/resource/Max_Ernst</field>
<field name="entity_type">artists</field>
<field name="timestamp">NOW</field>
<field name="sameAs">http://dbpedia.org/resource/Max_Ernst</field>
</doc>
<doc>
<field name="uri">http://sh.dbpedia.org/resource/Max_Ernst</field>
<field name="entity_type">artists</field>
<field name="timestamp">NOW</field>
<field name="sameAs">http://dbpedia.org/resource/Max_Ernst</field>
</doc>
<doc>
<field name="uri">http://simple.dbpedia.org/resource/Max_Ernst</field>
<field name="entity_type">artists</field>
<field name="timestamp">NOW</field>
<field name="sameAs">http://dbpedia.org/resource/Max_Ernst</field>
</doc>
<doc>
<field name="uri">http://sk.dbpedia.org/resource/Max_Ernst</field>
<field name="entity_type">artists</field>
<field name="timestamp">NOW</field>
<field name="sameAs">http://dbpedia.org/resource/Max_Ernst</field>
</doc>
<doc>
<field name="uri">http://sr.dbpedia.org/resource/Макс_Ернст</field>
<field name="entity_type">artists</field>
<field name="timestamp">NOW</field>
<field name="sameAs">http://dbpedia.org/resource/Max_Ernst</field>
</doc>
<doc>
<field name="uri">http://sv.dbpedia.org/resource/Max_Ernst</field>
<field name="entity_type">artists</field>
<field name="timestamp">NOW</field>
<field name="sameAs">http://dbpedia.org/resource/Max_Ernst</field>
</doc>
<doc>
<field name="uri">http://ta.dbpedia.org/resource/மக்ஸ்_ஏர்ண்ஸ்ட்</field>
<field name="entity_type">artists</field>
<field name="timestamp">NOW</field>
<field name="sameAs">http://dbpedia.org/resource/Max_Ernst</field>
</doc>
<doc>
<field name="uri">http://th.dbpedia.org/resource/มักซ์_แอนสท์</field>
<field name="entity_type">artists</field>
<field name="timestamp">NOW</field>
<field name="sameAs">http://dbpedia.org/resource/Max_Ernst</field>
</doc>
<doc>
<field name="uri">http://tr.dbpedia.org/resource/Max_Ernst</field>
<field name="entity_type">artists</field>
<field name="timestamp">NOW</field>
<field name="sameAs">http://dbpedia.org/resource/Max_Ernst</field>
</doc>
<doc>
<field name="uri">http://uk.dbpedia.org/resource/Макс_Ернст</field>
<field name="entity_type">artists</field>
<field name="timestamp">NOW</field>
<field name="sameAs">http://dbpedia.org/resource/Max_Ernst</field>
</doc>
<doc>
<field name="uri">http://vi.dbpedia.org/resource/Max_Ernst</field>
<field name="entity_type">artists</field>
<field name="timestamp">NOW</field>
<field name="sameAs">http://dbpedia.org/resource/Max_Ernst</field>
</doc>
<doc>
<field name="uri">http://als.dbpedia.org/resource/Max_Ernst</field>
<field name="entity_type">artists</field>
<field name="timestamp">NOW</field>
<field name="sameAs">http://dbpedia.org/resource/Max_Ernst</field>
</doc>
<doc>
<field name="uri">http://mwl.dbpedia.org/resource/Max_Ernst</field>
<field name="entity_type">artists</field>
<field name="timestamp">NOW</field>
<field name="sameAs">http://dbpedia.org/resource/Max_Ernst</field>
</doc>
</add>
