<add xmlns:dc="http://purl.org/dc/elements/1.1/" overwrite="true">
<doc>
<field name="uri">http://ja.dbpedia.org/resource/牧谿</field>
<field name="entity_type">artists</field>
<field name="timestamp">NOW</field>
<field name="sameAs">http://dbpedia.org/resource/Muqi_Fachang</field>
</doc>
<doc>
<field name="uri">http://fr.dbpedia.org/resource/Muqi_Fachang</field>
<field name="entity_type">artists</field>
<field name="timestamp">NOW</field>
<field name="sameAs">http://dbpedia.org/resource/Muqi_Fachang</field>
</doc>
<doc>
<field name="uri">http://en.wikipedia.org/wiki/Muqi_Fachang</field>
<field name="entity_type">artists</field>
<field name="timestamp">NOW</field>
<field name="primaryTopic">http://dbpedia.org/resource/Muqi_Fachang</field>
</doc>
<doc>
<field name="uri">http://dbpedia.org/resource/Hasegawa_T%C5%8Dhaku</field>
<field name="entity_type">artists</field>
<field name="timestamp">NOW</field>
<field name="influenced">http://dbpedia.org/resource/Muqi_Fachang</field>
</doc>
<doc>
<field name="uri">http://dbpedia.org/resource/Mu-Ch'i_Fa-Ch'ang</field>
<field name="entity_type">artists</field>
<field name="timestamp">NOW</field>
</doc>
<doc>
<field name="uri">http://dbpedia.org/resource/Mu-ch'i_Fa-ch'ang</field>
<field name="entity_type">artists</field>
<field name="timestamp">NOW</field>
</doc>
<doc>
<field name="uri">http://dbpedia.org/resource/Muqi_Fachang</field>
<field name="entity_type">artists</field>
<field name="timestamp">NOW</field>
<field name="sameAs">http://rdf.freebase.com/ns/m.09cbhd</field>
<field name="sameAs">http://no.dbpedia.org/resource/Mu_Qi</field>
<field name="sameAs">http://kk.dbpedia.org/resource/My_Ци</field>
<field name="sameAs">http://fr.dbpedia.org/resource/Muqi_Fachang</field>
<field name="sameAs">http://pl.dbpedia.org/resource/Muqi</field>
<field name="sameAs">http://dbpedia.org/resource/Muqi_Fachang</field>
<field name="sameAs">http://es.dbpedia.org/resource/Mugi_Fuchang</field>
<field name="sameAs">http://ja.dbpedia.org/resource/牧谿</field>
<field name="sameAs">http://uk.dbpedia.org/resource/Муці_Фанчань</field>
<field name="sameAs">http://yago-knowledge.org/resource/Muqi_Fachang</field>
<field name="sameAs">http://zh.dbpedia.org/resource/牧溪</field>
<field name="sameAs">http://www.wikidata.org/entity/Q3048317</field>
<field name="subject" update="add">http://dbpedia.org/resource/Category:Year_of_death_uncertain</field>
<field name="subject" update="add">http://dbpedia.org/resource/Category:Artists_from_Sichuan</field>
<field name="subject" update="add">http://dbpedia.org/resource/Category:Zen_Buddhist_monks_and_priests</field>
<field name="subject" update="add">http://dbpedia.org/resource/Category:Chan_Buddhists</field>
<field name="subject" update="add">http://dbpedia.org/resource/Category:Year_of_birth_uncertain</field>
<field name="subject" update="add">http://dbpedia.org/resource/Category:National_Treasures_of_Japan</field>
<field name="subject" update="add">http://dbpedia.org/resource/Category:Song_Dynasty_painters</field>
<field name="subject" update="add">http://dbpedia.org/resource/Category:Song_Dynasty_Buddhists</field>
<field name="subject" update="add">http://dbpedia.org/resource/Category:Chinese_Buddhist_monks</field>
<field name="abstract">Muqi Fachang (1210?-1269?), also known as Mu Qi Fachang, was a Chinese Zen Buddhist monk and painter who lived in the 13th century, around the end of the Southern Song dynasty. His surname is thought to be Xue; Muqi was a hao or pseudonym, and Fachang a monastic name. Muqi was perhaps from the city of Kaifeng in Hunan Province or possibly Sichuan. A painting bears the inscription "monk from Shu(Sichuan). " He originally studied at the Wan-nian Monastery on Mt. Wutai. Muqi was doubtlessly drawn to the beauty of the West Lake in Hangzhou and refounded the abandoned monastery, Liutong Temple there in 1215. He is said to have been the disciple of his abbot Wuzhun Shifan (1178–1269) and the painter Liang Kai. His works are considered among the most expressive of the Chán style of painting. Important works generally attributed to Mu Qi: presently in the Daitoku-ji in Kyoto are a triptych of Guan Yin flanked by a monkey family on one side and a crane on the other; Tiger; Dragon; and the much-reproduced Six Persimmons. Other works sometimes attributed to Mu Qi or as being "in the style of Mu Qi" include various nature studies and a Luohan painting in the Seikado Museum. The monastery would have its place in the subsequent golden age of Chinese monochrome ink painting inspired by Chan (Zen) Buddhism. Muqi's masterpiece was the White-robed Guanyin preserved in the Daitokuji temple in Kyoto, Japan. This painting and others were to have a profound influence on the subsequent development of ink painting in Japan itself. Muqi's artwork covered a wide range of subjects, including portraits, landscapes, and still lifes. The aesthetic ideals of Muqi and other Zen Buddhist artists were overshadowed by the emerging literati ideals of painting. 　Yet even in the Yuan and early Ming period his works were copied as evidenced by the c. 14th century copy of the "White Robed Guanyin" reproduced with this article and now preserved in Japan.</field>
<field name="label">Muqi Fachang</field>
<field name="depiction">http://upload.wikimedia.org/wikipedia/commons/0/04/Guan_Yin_in_white_robe,_by_Mu-ch'i.jpg</field>
<field name="comment">Muqi Fachang (1210?-1269?), also known as Mu Qi Fachang, was a Chinese Zen Buddhist monk and painter who lived in the 13th century, around the end of the Southern Song dynasty. His surname is thought to be Xue; Muqi was a hao or pseudonym, and Fachang a monastic name. Muqi was perhaps from the city of Kaifeng in Hunan Province or possibly Sichuan. A painting bears the inscription "monk from Shu(Sichuan). " He originally studied at the Wan-nian Monastery on Mt. Wutai.</field>
<field name="name"/>
<field name="thumbnail">http://upload.wikimedia.org/wikipedia/commons/thumb/0/04/Guan_Yin_in_white_robe,_by_Mu-ch'i.jpg/200px-Guan_Yin_in_white_robe,_by_Mu-ch'i.jpg</field>
<field name="link_external">http://www.artic.edu/taoism/tradition/a1.php</field>
<field name="isPrimaryTopicOf">http://en.wikipedia.org/wiki/Muqi_Fachang</field>
<field name="description"/>
<field name="photo-collection">http://wifo5-03.informatik.uni-mannheim.de/flickrwrappr/photos/Muqi_Fachang</field>
</doc>
<doc>
<field name="uri">http://dbpedia.org/resource/Mu_Qi</field>
<field name="entity_type">artists</field>
<field name="timestamp">NOW</field>
</doc>
<doc>
<field name="uri">http://pl.dbpedia.org/resource/Muqi</field>
<field name="entity_type">artists</field>
<field name="timestamp">NOW</field>
<field name="sameAs">http://dbpedia.org/resource/Muqi_Fachang</field>
</doc>
<doc>
<field name="uri">http://dbpedia.org/resource/Mu_Xi</field>
<field name="entity_type">artists</field>
<field name="timestamp">NOW</field>
</doc>
<doc>
<field name="uri">http://dbpedia.org/resource/Six_Persimmons</field>
<field name="entity_type">artists</field>
<field name="timestamp">NOW</field>
<field name="artist">http://dbpedia.org/resource/Muqi_Fachang</field>
</doc>
<doc>
<field name="uri">http://wikidata.dbpedia.org/resource/Q3048317</field>
<field name="entity_type">artists</field>
<field name="timestamp">NOW</field>
<field name="sameAs">http://dbpedia.org/resource/Muqi_Fachang</field>
</doc>
<doc>
<field name="uri">http://es.dbpedia.org/resource/Mugi_Fuchang</field>
<field name="entity_type">artists</field>
<field name="timestamp">NOW</field>
<field name="sameAs">http://dbpedia.org/resource/Muqi_Fachang</field>
</doc>
<doc>
<field name="uri">http://zh.dbpedia.org/resource/牧溪</field>
<field name="entity_type">artists</field>
<field name="timestamp">NOW</field>
<field name="sameAs">http://dbpedia.org/resource/Muqi_Fachang</field>
</doc>
<doc>
<field name="uri">http://kk.dbpedia.org/resource/My_Ци</field>
<field name="entity_type">artists</field>
<field name="timestamp">NOW</field>
<field name="sameAs">http://dbpedia.org/resource/Muqi_Fachang</field>
</doc>
<doc>
<field name="uri">http://no.dbpedia.org/resource/Mu_Qi</field>
<field name="entity_type">artists</field>
<field name="timestamp">NOW</field>
<field name="sameAs">http://dbpedia.org/resource/Muqi_Fachang</field>
</doc>
<doc>
<field name="uri">http://uk.dbpedia.org/resource/Муці_Фанчань</field>
<field name="entity_type">artists</field>
<field name="timestamp">NOW</field>
<field name="sameAs">http://dbpedia.org/resource/Muqi_Fachang</field>
</doc>
</add>
