<add xmlns:dc="http://purl.org/dc/elements/1.1/" overwrite="true">
<doc>
<field name="uri">http://dbpedia.org/resource/Nikolai_Timkov</field>
<field name="entity_type">artists</field>
<field name="timestamp">NOW</field>
<field name="sameAs">http://rdf.freebase.com/ns/m.0bwhz58</field>
<field name="sameAs">http://fr.dbpedia.org/resource/Nikolaï_Timkov</field>
<field name="sameAs">http://es.dbpedia.org/resource/Nikolái_Timkov</field>
<field name="sameAs">http://de.dbpedia.org/resource/Nikolai_Jefimowitsch_Timkow</field>
<field name="sameAs">http://dbpedia.org/resource/Nikolai_Timkov</field>
<field name="sameAs">http://it.dbpedia.org/resource/Nikolaj_Efimovič_Timkov</field>
<field name="sameAs">http://ru.dbpedia.org/resource/Тимков,_Николай_Ефимович</field>
<field name="sameAs">http://www.wikidata.org/entity/Q626787</field>
<field name="sameAs">http://yago-knowledge.org/resource/Nikolai_Timkov</field>
<field name="subject" update="add">http://dbpedia.org/resource/Category:Soviet_art</field>
<field name="subject" update="add">http://dbpedia.org/resource/Category:Socialist_realism</field>
<field name="subject" update="add">http://dbpedia.org/resource/Category:Honored_Artists_of_Russian_Federation</field>
<field name="subject" update="add">http://dbpedia.org/resource/Category:Veterans_of_the_Leningrad_Front</field>
<field name="subject" update="add">http://dbpedia.org/resource/Category:Russian_painters</field>
<field name="subject" update="add">http://dbpedia.org/resource/Category:Russian_artists</field>
<field name="subject" update="add">http://dbpedia.org/resource/Category:Landscape_artists</field>
<field name="subject" update="add">http://dbpedia.org/resource/Category:Painters_from_Saint_Petersburg</field>
<field name="subject" update="add">http://dbpedia.org/resource/Category:Repin_Institute_of_Arts_alumni</field>
<field name="subject" update="add">http://dbpedia.org/resource/Category:1912_births</field>
<field name="subject" update="add">http://dbpedia.org/resource/Category:Members_of_the_Leningrad_Union_of_Artists</field>
<field name="subject" update="add">http://dbpedia.org/resource/Category:Soviet_painters</field>
<field name="subject" update="add">http://dbpedia.org/resource/Category:Paintings_by_Nikolai_Timkov</field>
<field name="subject" update="add">http://dbpedia.org/resource/Category:1993_deaths</field>
<field name="subject" update="add">http://dbpedia.org/resource/Category:People_from_Saint_Petersburg</field>
<field name="subject" update="add">http://dbpedia.org/resource/Category:Socialist_realism_artists</field>
<field name="subject" update="add">http://dbpedia.org/resource/Category:Leningrad_School_artists</field>
<field name="subject" update="add">http://dbpedia.org/resource/Category:Soviet_military_personnel_of_World_War_II</field>
<field name="abstract">Nikolai Efimovich Timkov (Russian: Тимко́в Никола́й Ефи́мович; August 12, 1912, Rostov-on-Don, Russian Empire – December 25, 1993, Saint Petersburg, Russia) - Soviet Russian painter, Honored Artist of Russian Federation, a member of the Saint Petersburg Union of Artists (before 1992 the Leningrad branch of Union of Artists of Russian Federation), lived and worked in Leningrad, regarded as one of the leading representatives of the Leningrad school of painting, worldwide known for his landscape paintings.</field>
<field name="birth-place">http://dbpedia.org/resource/Russian_Empire</field>
<field name="birth-place">http://dbpedia.org/resource/Rostov-on-Don</field>
<field name="death-place">http://dbpedia.org/resource/Saint_Petersburg</field>
<field name="death-place">http://dbpedia.org/resource/Russia</field>
<field name="field">http://dbpedia.org/resource/Painting</field>
<field name="movement">http://dbpedia.org/resource/Realism_(arts)</field>
<field name="label">Nikolai Timkov</field>
<field name="depiction">http://upload.wikimedia.org/wikipedia/commons/b/ba/Timkov-Nikolai-Efimovich-8bw.jpg</field>
<field name="comment">Nikolai Efimovich Timkov (Russian: Тимко́в Никола́й Ефи́мович; August 12, 1912, Rostov-on-Don, Russian Empire – December 25, 1993, Saint Petersburg, Russia) - Soviet Russian painter, Honored Artist of Russian Federation, a member of the Saint Petersburg Union of Artists (before 1992 the Leningrad branch of Union of Artists of Russian Federation), lived and worked in Leningrad, regarded as one of the leading representatives of the Leningrad school of painting, worldwide known for his landscape paintings.</field>
<field name="name"/>
<field name="name"/>
<field name="thumbnail">http://upload.wikimedia.org/wikipedia/commons/thumb/b/ba/Timkov-Nikolai-Efimovich-8bw.jpg/200px-Timkov-Nikolai-Efimovich-8bw.jpg</field>
<field name="link_external">http://www.leningradartist.com/</field>
<field name="link_external">http://www.leningradartist.com/chronology.htm</field>
<field name="link_external">http://www.leningradartist.com/timkov_r.htm</field>
<field name="link_external">http://www.leningradartist.com/outline.htm</field>
<field name="field">http://dbpedia.org/resource/Painting</field>
<field name="movement">http://dbpedia.org/resource/Realism_(arts)</field>
<field name="title">Principal Exhibitions by Nikolai Timkov</field>
<field name="isPrimaryTopicOf">http://en.wikipedia.org/wiki/Nikolai_Timkov</field>
<field name="description"/>
<field name="photo-collection">http://wifo5-03.informatik.uni-mannheim.de/flickrwrappr/photos/Nikolai_Timkov</field>
</doc>
<doc>
<field name="uri">http://fr.dbpedia.org/resource/Nikolaï_Timkov</field>
<field name="entity_type">artists</field>
<field name="timestamp">NOW</field>
<field name="sameAs">http://dbpedia.org/resource/Nikolai_Timkov</field>
</doc>
<doc>
<field name="uri">http://dbpedia.org/resource/Russian_Winter._Hoarfrost_(painting)</field>
<field name="entity_type">artists</field>
<field name="timestamp">NOW</field>
<field name="artist">http://dbpedia.org/resource/Nikolai_Timkov</field>
</doc>
<doc>
<field name="uri">http://ru.dbpedia.org/resource/Тимков,_Николай_Ефимович</field>
<field name="entity_type">artists</field>
<field name="timestamp">NOW</field>
<field name="sameAs">http://dbpedia.org/resource/Nikolai_Timkov</field>
</doc>
<doc>
<field name="uri">http://de.dbpedia.org/resource/Nikolai_Jefimowitsch_Timkow</field>
<field name="entity_type">artists</field>
<field name="timestamp">NOW</field>
<field name="sameAs">http://dbpedia.org/resource/Nikolai_Timkov</field>
</doc>
<doc>
<field name="uri">http://it.dbpedia.org/resource/Nikolaj_Efimovič_Timkov</field>
<field name="entity_type">artists</field>
<field name="timestamp">NOW</field>
<field name="sameAs">http://dbpedia.org/resource/Nikolai_Timkov</field>
</doc>
<doc>
<field name="uri">http://en.wikipedia.org/wiki/Nikolai_Timkov</field>
<field name="entity_type">artists</field>
<field name="timestamp">NOW</field>
<field name="primaryTopic">http://dbpedia.org/resource/Nikolai_Timkov</field>
</doc>
<doc>
<field name="uri">http://dbpedia.org/resource/Nikolai_Efimovich_Timkov</field>
<field name="entity_type">artists</field>
<field name="timestamp">NOW</field>
</doc>
<doc>
<field name="uri">http://dbpedia.org/resource/Timkov_Nikolai</field>
<field name="entity_type">artists</field>
<field name="timestamp">NOW</field>
</doc>
<doc>
<field name="uri">http://dbpedia.org/resource/Timkov_Nikolai_Efimovich</field>
<field name="entity_type">artists</field>
<field name="timestamp">NOW</field>
</doc>
<doc>
<field name="uri">http://es.dbpedia.org/resource/Nikolái_Timkov</field>
<field name="entity_type">artists</field>
<field name="timestamp">NOW</field>
<field name="sameAs">http://dbpedia.org/resource/Nikolai_Timkov</field>
</doc>
<doc>
<field name="uri">http://wikidata.dbpedia.org/resource/Q626787</field>
<field name="entity_type">artists</field>
<field name="timestamp">NOW</field>
<field name="sameAs">http://dbpedia.org/resource/Nikolai_Timkov</field>
</doc>
</add>
