<add xmlns:dc="http://purl.org/dc/elements/1.1/" overwrite="true">
<doc>
<field name="uri">http://dbpedia.org/resource/Alex_Ross</field>
<field name="entity_type">artists</field>
<field name="timestamp">NOW</field>
</doc>
<doc>
<field name="uri">http://dbpedia.org/resource/Frank_Cho</field>
<field name="entity_type">artists</field>
<field name="timestamp">NOW</field>
</doc>
<doc>
<field name="uri">http://dbpedia.org/resource/Gerald_Brom</field>
<field name="entity_type">artists</field>
<field name="timestamp">NOW</field>
<field name="influenced">http://dbpedia.org/resource/Norman_Rockwell</field>
</doc>
<doc>
<field name="uri">http://dbpedia.org/resource/Four_Freedoms_(Norman_Rockwell)</field>
<field name="entity_type">artists</field>
<field name="timestamp">NOW</field>
</doc>
<doc>
<field name="uri">http://dbpedia.org/resource/Russian_Schoolroom</field>
<field name="entity_type">artists</field>
<field name="timestamp">NOW</field>
<field name="artist">http://dbpedia.org/resource/Norman_Rockwell</field>
</doc>
<doc>
<field name="uri">http://data.nytimes.com/N88492198771938231273</field>
<field name="entity_type">artists</field>
<field name="timestamp">NOW</field>
<field name="sameAs">http://dbpedia.org/resource/Norman_Rockwell</field>
</doc>
<doc>
<field name="uri">http://de.dbpedia.org/resource/Norman_Rockwell</field>
<field name="entity_type">artists</field>
<field name="timestamp">NOW</field>
<field name="sameAs">http://dbpedia.org/resource/Norman_Rockwell</field>
</doc>
<doc>
<field name="uri">http://fr.dbpedia.org/resource/Norman_Rockwell</field>
<field name="entity_type">artists</field>
<field name="timestamp">NOW</field>
<field name="sameAs">http://dbpedia.org/resource/Norman_Rockwell</field>
</doc>
<doc>
<field name="uri">http://ja.dbpedia.org/resource/ノーマン・ロックウェル</field>
<field name="entity_type">artists</field>
<field name="timestamp">NOW</field>
<field name="sameAs">http://dbpedia.org/resource/Norman_Rockwell</field>
</doc>
<doc>
<field name="uri">http://ru.dbpedia.org/resource/Роквелл,_Норман</field>
<field name="entity_type">artists</field>
<field name="timestamp">NOW</field>
<field name="sameAs">http://dbpedia.org/resource/Norman_Rockwell</field>
</doc>
<doc>
<field name="uri">http://es.dbpedia.org/resource/Norman_Rockwell</field>
<field name="entity_type">artists</field>
<field name="timestamp">NOW</field>
<field name="sameAs">http://dbpedia.org/resource/Norman_Rockwell</field>
</doc>
<doc>
<field name="uri">http://ko.dbpedia.org/resource/노먼_록웰</field>
<field name="entity_type">artists</field>
<field name="timestamp">NOW</field>
<field name="sameAs">http://dbpedia.org/resource/Norman_Rockwell</field>
</doc>
<doc>
<field name="uri">http://dbpedia.org/resource/Adam_Hughes</field>
<field name="entity_type">artists</field>
<field name="timestamp">NOW</field>
</doc>
<doc>
<field name="uri">http://dbpedia.org/resource/Freedom_from_Want_(painting)</field>
<field name="entity_type">artists</field>
<field name="timestamp">NOW</field>
<field name="artist">http://dbpedia.org/resource/Norman_Rockwell</field>
</doc>
<doc>
<field name="uri">http://dbpedia.org/resource/Freedom_of_Speech_(painting)</field>
<field name="entity_type">artists</field>
<field name="timestamp">NOW</field>
<field name="artist">http://dbpedia.org/resource/Norman_Rockwell</field>
</doc>
<doc>
<field name="uri">http://it.dbpedia.org/resource/Norman_Rockwell</field>
<field name="entity_type">artists</field>
<field name="timestamp">NOW</field>
<field name="sameAs">http://dbpedia.org/resource/Norman_Rockwell</field>
</doc>
<doc>
<field name="uri">http://pt.dbpedia.org/resource/Norman_Rockwell</field>
<field name="entity_type">artists</field>
<field name="timestamp">NOW</field>
<field name="sameAs">http://dbpedia.org/resource/Norman_Rockwell</field>
</doc>
<doc>
<field name="uri">http://dbpedia.org/resource/Antonio_Lopez_(illustrator)</field>
<field name="entity_type">artists</field>
<field name="timestamp">NOW</field>
<field name="influenced">http://dbpedia.org/resource/Norman_Rockwell</field>
</doc>
<doc>
<field name="uri">http://dbpedia.org/resource/Peter_Andrew_Jones</field>
<field name="entity_type">artists</field>
<field name="timestamp">NOW</field>
</doc>
<doc>
<field name="uri">http://dbpedia.org/resource/10189_Normanrockwell</field>
<field name="entity_type">artists</field>
<field name="timestamp">NOW</field>
</doc>
<doc>
<field name="uri">http://dbpedia.org/resource/J._C._Leyendecker</field>
<field name="entity_type">artists</field>
<field name="timestamp">NOW</field>
</doc>
<doc>
<field name="uri">http://dbpedia.org/resource/Norman_Rockwell</field>
<field name="entity_type">artists</field>
<field name="timestamp">NOW</field>
<field name="sameAs">http://pt.dbpedia.org/resource/Norman_Rockwell</field>
<field name="sameAs">http://pl.dbpedia.org/resource/Norman_Rockwell</field>
<field name="sameAs">http://he.dbpedia.org/resource/נורמן_רוקוול</field>
<field name="sameAs">http://rdf.freebase.com/ns/m.09xfc</field>
<field name="sameAs">http://th.dbpedia.org/resource/นอร์มัน_ร็อคเวลล์</field>
<field name="sameAs">http://de.dbpedia.org/resource/Norman_Rockwell</field>
<field name="sameAs">http://ru.dbpedia.org/resource/Роквелл,_Норман</field>
<field name="sameAs">http://simple.dbpedia.org/resource/Norman_Rockwell</field>
<field name="sameAs">http://mr.dbpedia.org/resource/नॉर्मन_रॉकवेल</field>
<field name="sameAs">http://da.dbpedia.org/resource/Norman_Rockwell</field>
<field name="sameAs">http://ca.dbpedia.org/resource/Norman_Rockwell</field>
<field name="sameAs">http://ro.dbpedia.org/resource/Norman_Rockwell</field>
<field name="sameAs">http://nl.dbpedia.org/resource/Norman_Rockwell</field>
<field name="sameAs">http://yago-knowledge.org/resource/Norman_Rockwell</field>
<field name="sameAs">http://es.dbpedia.org/resource/Norman_Rockwell</field>
<field name="sameAs">http://uk.dbpedia.org/resource/Норман_Роквелл</field>
<field name="sameAs">http://lt.dbpedia.org/resource/Norman_Rockwell</field>
<field name="sameAs">http://ar.dbpedia.org/resource/نورمان_روكويل</field>
<field name="sameAs">http://ja.dbpedia.org/resource/ノーマン・ロックウェル</field>
<field name="sameAs">http://fr.dbpedia.org/resource/Norman_Rockwell</field>
<field name="sameAs">http://fa.dbpedia.org/resource/نورمن_راکول</field>
<field name="sameAs">http://it.dbpedia.org/resource/Norman_Rockwell</field>
<field name="sameAs">http://no.dbpedia.org/resource/Norman_Rockwell</field>
<field name="sameAs">http://dbpedia.org/resource/Norman_Rockwell</field>
<field name="sameAs">http://zh.dbpedia.org/resource/諾曼·洛克威爾</field>
<field name="sameAs">http://fi.dbpedia.org/resource/Norman_Rockwell</field>
<field name="sameAs">http://www.wikidata.org/entity/Q271884</field>
<field name="sameAs">http://ko.dbpedia.org/resource/노먼_록웰</field>
<field name="sameAs">http://cs.dbpedia.org/resource/Norman_Rockwell</field>
<field name="sameAs">http://sw.cyc.com/concept/Mx4rwLLx_JwpEbGdrcN5Y29ycA</field>
<field name="sameAs">http://tr.dbpedia.org/resource/Norman_Rockwell</field>
<field name="sameAs">http://sk.dbpedia.org/resource/Norman_Rockwell</field>
<field name="sameAs">http://sv.dbpedia.org/resource/Norman_Rockwell</field>
<field name="sameAs">http://sh.dbpedia.org/resource/Norman_Rockwell</field>
<field name="subject" update="add">http://dbpedia.org/resource/Category:Scouting_in_popular_culture</field>
<field name="subject" update="add">http://dbpedia.org/resource/Category:People_associated_with_the_Boy_Scouts_of_America</field>
<field name="subject" update="add">http://dbpedia.org/resource/Category:1978_deaths</field>
<field name="subject" update="add">http://dbpedia.org/resource/Category:20th-century_artists</field>
<field name="subject" update="add">http://dbpedia.org/resource/Category:Art_Students_League_of_New_York_alumni</field>
<field name="subject" update="add">http://dbpedia.org/resource/Category:American_painters</field>
<field name="subject" update="add">http://dbpedia.org/resource/Category:People_from_Stockbridge,_Massachusetts</field>
<field name="subject" update="add">http://dbpedia.org/resource/Category:Parsons_School_of_Design_alumni</field>
<field name="subject" update="add">http://dbpedia.org/resource/Category:Guggenheim_Fellows</field>
<field name="subject" update="add">http://dbpedia.org/resource/Category:Vermont_culture</field>
<field name="subject" update="add">http://dbpedia.org/resource/Category:20th-century_painters</field>
<field name="subject" update="add">http://dbpedia.org/resource/Category:The_Saturday_Evening_Post</field>
<field name="subject" update="add">http://dbpedia.org/resource/Category:United_States_Navy_sailors</field>
<field name="subject" update="add">http://dbpedia.org/resource/Category:Artists_from_New_York_City</field>
<field name="subject" update="add">http://dbpedia.org/resource/Category:1894_births</field>
<field name="subject" update="add">http://dbpedia.org/resource/Category:Norman_Rockwell</field>
<field name="subject" update="add">http://dbpedia.org/resource/Category:American_military_personnel_of_World_War_I</field>
<field name="subject" update="add">http://dbpedia.org/resource/Category:People_from_New_Rochelle,_New_York</field>
<field name="subject" update="add">http://dbpedia.org/resource/Category:New_Rochelle,_New_York</field>
<field name="subject" update="add">http://dbpedia.org/resource/Category:American_magazine_illustrators</field>
<field name="subject" update="add">http://dbpedia.org/resource/Category:Deaths_from_emphysema</field>
<field name="subject" update="add">http://dbpedia.org/resource/Category:American_people_of_English_descent</field>
<field name="subject" update="add">http://dbpedia.org/resource/Category:American_illustrators</field>
<field name="abstract">Norman Percevel Rockwell (February 3, 1894 – November 8, 1978) was a 20th-century American painter and illustrator. His works enjoy a broad popular appeal in the United States for their reflection of American culture. Rockwell is most famous for the cover illustrations of everyday life scenarios he created for The Saturday Evening Post magazine for more than four decades. Among the best-known of Rockwell's works are the Willie Gillis series, Rosie the Riveter, Saying Grace (1951), The Problem We All Live With, and the Four Freedoms series. He is also noted for his work for the Boy Scouts of America (BSA); producing covers for their publication Boys' Life, calendars, and other illustrations.</field>
<field name="birth-place">http://dbpedia.org/resource/New_York_City</field>
<field name="death-place">http://dbpedia.org/resource/Stockbridge,_Massachusetts</field>
<field name="field">http://dbpedia.org/resource/Illustration</field>
<field name="label">Norman Rockwell</field>
<field name="depiction">http://upload.wikimedia.org/wikipedia/commons/3/37/Rockwell-Norman-LOC.jpg</field>
<field name="comment">Norman Percevel Rockwell (February 3, 1894 – November 8, 1978) was a 20th-century American painter and illustrator. His works enjoy a broad popular appeal in the United States for their reflection of American culture. Rockwell is most famous for the cover illustrations of everyday life scenarios he created for The Saturday Evening Post magazine for more than four decades.</field>
<field name="name"/>
<field name="thumbnail">http://upload.wikimedia.org/wikipedia/commons/thumb/3/37/Rockwell-Norman-LOC.jpg/200px-Rockwell-Norman-LOC.jpg</field>
<field name="link_external">http://www.bridgeapuliausa.com/articolo.asp?id_sez=2&amp;id_cat=37&amp;id_art=3395&amp;lingua=en</field>
<field name="link_external">http://www.adcglobal.org/archive/hof/1994/?id=209</field>
<field name="link_external">http://www.nrm.org</field>
<field name="link_external">http://www.itnsource.com/shotlist/BHC_RTV/1925/08/18/BGT407101044/</field>
<field name="link_external">http://www.booknotes.org/Watch/166642-1/Laura+Claridge.aspx</field>
<field name="link_external">http://www.nytimes.com/2010/07/04/arts/design/04rockwell.html?pagewanted=print</field>
<field name="link_external">http://graphic-design.tjs-labs.com/gallery-view?illustrator=NORMAN%20ROCKWELL</field>
<field name="field"/>
<field name="influenced"/>
<field name="influenced"/>
<field name="influenced"/>
<field name="isPrimaryTopicOf">http://en.wikipedia.org/wiki/Norman_Rockwell</field>
<field name="description"/>
<field name="photo-collection">http://wifo5-03.informatik.uni-mannheim.de/flickrwrappr/photos/Norman_Rockwell</field>
</doc>
<doc>
<field name="uri">http://cs.dbpedia.org/resource/Norman_Rockwell</field>
<field name="entity_type">artists</field>
<field name="timestamp">NOW</field>
<field name="sameAs">http://dbpedia.org/resource/Norman_Rockwell</field>
</doc>
<doc>
<field name="uri">http://pl.dbpedia.org/resource/Norman_Rockwell</field>
<field name="entity_type">artists</field>
<field name="timestamp">NOW</field>
<field name="sameAs">http://dbpedia.org/resource/Norman_Rockwell</field>
</doc>
<doc>
<field name="uri">http://dbpedia.org/resource/The_Problem_We_All_Live_With</field>
<field name="entity_type">artists</field>
<field name="timestamp">NOW</field>
<field name="artist">http://dbpedia.org/resource/Norman_Rockwell</field>
</doc>
<doc>
<field name="uri">http://dbpedia.org/resource/Freedom_of_Worship_(painting)</field>
<field name="entity_type">artists</field>
<field name="timestamp">NOW</field>
<field name="artist">http://dbpedia.org/resource/Norman_Rockwell</field>
</doc>
<doc>
<field name="uri">http://dbpedia.org/resource/Norman_Rockwell's_World..._An_American_Dream</field>
<field name="entity_type">artists</field>
<field name="timestamp">NOW</field>
</doc>
<doc>
<field name="uri">http://dbpedia.org/resource/Paw_Oo_Thet</field>
<field name="entity_type">artists</field>
<field name="timestamp">NOW</field>
</doc>
<doc>
<field name="uri">http://dbpedia.org/resource/Rockwellian</field>
<field name="entity_type">artists</field>
<field name="timestamp">NOW</field>
</doc>
<doc>
<field name="uri">http://dbpedia.org/resource/Steve_Lieber</field>
<field name="entity_type">artists</field>
<field name="timestamp">NOW</field>
</doc>
<doc>
<field name="uri">http://dbpedia.org/resource/Norman_Rockwellish</field>
<field name="entity_type">artists</field>
<field name="timestamp">NOW</field>
</doc>
<doc>
<field name="uri">http://dbpedia.org/resource/Rockwellesque</field>
<field name="entity_type">artists</field>
<field name="timestamp">NOW</field>
</doc>
<doc>
<field name="uri">http://dbpedia.org/resource/Norman_Rockwellesque</field>
<field name="entity_type">artists</field>
<field name="timestamp">NOW</field>
</doc>
<doc>
<field name="uri">http://dbpedia.org/resource/Rockwellish</field>
<field name="entity_type">artists</field>
<field name="timestamp">NOW</field>
</doc>
<doc>
<field name="uri">http://dbpedia.org/resource/Bo_Bartlett</field>
<field name="entity_type">artists</field>
<field name="timestamp">NOW</field>
<field name="influenced">http://dbpedia.org/resource/Norman_Rockwell</field>
</doc>
<doc>
<field name="uri">http://dbpedia.org/resource/George_Bridgman</field>
<field name="entity_type">artists</field>
<field name="timestamp">NOW</field>
</doc>
<doc>
<field name="uri">http://dbpedia.org/resource/Robert_McCall_(artist)</field>
<field name="entity_type">artists</field>
<field name="timestamp">NOW</field>
</doc>
<doc>
<field name="uri">http://dbpedia.org/resource/Rockwell</field>
<field name="entity_type">artists</field>
<field name="timestamp">NOW</field>
</doc>
<doc>
<field name="uri">http://dbpedia.org/resource/Norman_Percevel_Rockwell</field>
<field name="entity_type">artists</field>
<field name="timestamp">NOW</field>
</doc>
<doc>
<field name="uri">http://dbpedia.org/resource/Fred_Machetanz</field>
<field name="entity_type">artists</field>
<field name="timestamp">NOW</field>
<field name="influenced">http://dbpedia.org/resource/Norman_Rockwell</field>
</doc>
<doc>
<field name="uri">http://dbpedia.org/resource/Willie_Gillis</field>
<field name="entity_type">artists</field>
<field name="timestamp">NOW</field>
</doc>
<doc>
<field name="uri">http://dbpedia.org/resource/The_Trail_of_the_Hawk</field>
<field name="entity_type">artists</field>
<field name="timestamp">NOW</field>
</doc>
<doc>
<field name="uri">http://en.wikipedia.org/wiki/Norman_Rockwell</field>
<field name="entity_type">artists</field>
<field name="timestamp">NOW</field>
<field name="primaryTopic">http://dbpedia.org/resource/Norman_Rockwell</field>
</doc>
<doc>
<field name="uri">http://dbpedia.org/resource/Norman_rockwell</field>
<field name="entity_type">artists</field>
<field name="timestamp">NOW</field>
</doc>
<doc>
<field name="uri">http://dbpedia.org/resource/The_Love_Song_(Rockwell)</field>
<field name="entity_type">artists</field>
<field name="timestamp">NOW</field>
<field name="artist">http://dbpedia.org/resource/Norman_Rockwell</field>
</doc>
<doc>
<field name="uri">http://nl.dbpedia.org/resource/Norman_Rockwell</field>
<field name="entity_type">artists</field>
<field name="timestamp">NOW</field>
<field name="sameAs">http://dbpedia.org/resource/Norman_Rockwell</field>
</doc>
<doc>
<field name="uri">http://wikidata.dbpedia.org/resource/Q271884</field>
<field name="entity_type">artists</field>
<field name="timestamp">NOW</field>
<field name="sameAs">http://dbpedia.org/resource/Norman_Rockwell</field>
</doc>
<doc>
<field name="uri">http://zh.dbpedia.org/resource/諾曼·洛克威爾</field>
<field name="entity_type">artists</field>
<field name="timestamp">NOW</field>
<field name="sameAs">http://dbpedia.org/resource/Norman_Rockwell</field>
</doc>
<doc>
<field name="uri">http://ar.dbpedia.org/resource/نورمان_روكويل</field>
<field name="entity_type">artists</field>
<field name="timestamp">NOW</field>
<field name="sameAs">http://dbpedia.org/resource/Norman_Rockwell</field>
</doc>
<doc>
<field name="uri">http://ca.dbpedia.org/resource/Norman_Rockwell</field>
<field name="entity_type">artists</field>
<field name="timestamp">NOW</field>
<field name="sameAs">http://dbpedia.org/resource/Norman_Rockwell</field>
</doc>
<doc>
<field name="uri">http://da.dbpedia.org/resource/Norman_Rockwell</field>
<field name="entity_type">artists</field>
<field name="timestamp">NOW</field>
<field name="sameAs">http://dbpedia.org/resource/Norman_Rockwell</field>
</doc>
<doc>
<field name="uri">http://fa.dbpedia.org/resource/نورمن_راکول</field>
<field name="entity_type">artists</field>
<field name="timestamp">NOW</field>
<field name="sameAs">http://dbpedia.org/resource/Norman_Rockwell</field>
</doc>
<doc>
<field name="uri">http://fi.dbpedia.org/resource/Norman_Rockwell</field>
<field name="entity_type">artists</field>
<field name="timestamp">NOW</field>
<field name="sameAs">http://dbpedia.org/resource/Norman_Rockwell</field>
</doc>
<doc>
<field name="uri">http://he.dbpedia.org/resource/נורמן_רוקוול</field>
<field name="entity_type">artists</field>
<field name="timestamp">NOW</field>
<field name="sameAs">http://dbpedia.org/resource/Norman_Rockwell</field>
</doc>
<doc>
<field name="uri">http://lt.dbpedia.org/resource/Norman_Rockwell</field>
<field name="entity_type">artists</field>
<field name="timestamp">NOW</field>
<field name="sameAs">http://dbpedia.org/resource/Norman_Rockwell</field>
</doc>
<doc>
<field name="uri">http://mr.dbpedia.org/resource/नॉर्मन_रॉकवेल</field>
<field name="entity_type">artists</field>
<field name="timestamp">NOW</field>
<field name="sameAs">http://dbpedia.org/resource/Norman_Rockwell</field>
</doc>
<doc>
<field name="uri">http://no.dbpedia.org/resource/Norman_Rockwell</field>
<field name="entity_type">artists</field>
<field name="timestamp">NOW</field>
<field name="sameAs">http://dbpedia.org/resource/Norman_Rockwell</field>
</doc>
<doc>
<field name="uri">http://ro.dbpedia.org/resource/Norman_Rockwell</field>
<field name="entity_type">artists</field>
<field name="timestamp">NOW</field>
<field name="sameAs">http://dbpedia.org/resource/Norman_Rockwell</field>
</doc>
<doc>
<field name="uri">http://sh.dbpedia.org/resource/Norman_Rockwell</field>
<field name="entity_type">artists</field>
<field name="timestamp">NOW</field>
<field name="sameAs">http://dbpedia.org/resource/Norman_Rockwell</field>
</doc>
<doc>
<field name="uri">http://simple.dbpedia.org/resource/Norman_Rockwell</field>
<field name="entity_type">artists</field>
<field name="timestamp">NOW</field>
<field name="sameAs">http://dbpedia.org/resource/Norman_Rockwell</field>
</doc>
<doc>
<field name="uri">http://sk.dbpedia.org/resource/Norman_Rockwell</field>
<field name="entity_type">artists</field>
<field name="timestamp">NOW</field>
<field name="sameAs">http://dbpedia.org/resource/Norman_Rockwell</field>
</doc>
<doc>
<field name="uri">http://sv.dbpedia.org/resource/Norman_Rockwell</field>
<field name="entity_type">artists</field>
<field name="timestamp">NOW</field>
<field name="sameAs">http://dbpedia.org/resource/Norman_Rockwell</field>
</doc>
<doc>
<field name="uri">http://th.dbpedia.org/resource/นอร์มัน_ร็อคเวลล์</field>
<field name="entity_type">artists</field>
<field name="timestamp">NOW</field>
<field name="sameAs">http://dbpedia.org/resource/Norman_Rockwell</field>
</doc>
<doc>
<field name="uri">http://tr.dbpedia.org/resource/Norman_Rockwell</field>
<field name="entity_type">artists</field>
<field name="timestamp">NOW</field>
<field name="sameAs">http://dbpedia.org/resource/Norman_Rockwell</field>
</doc>
<doc>
<field name="uri">http://uk.dbpedia.org/resource/Норман_Роквелл</field>
<field name="entity_type">artists</field>
<field name="timestamp">NOW</field>
<field name="sameAs">http://dbpedia.org/resource/Norman_Rockwell</field>
</doc>
</add>
