<add xmlns:dc="http://purl.org/dc/elements/1.1/" overwrite="true">
<doc>
<field name="uri">http://pt.dbpedia.org/resource/Osman_Hamdi_Bey</field>
<field name="entity_type">artists</field>
<field name="timestamp">NOW</field>
<field name="sameAs">http://dbpedia.org/resource/Osman_Hamdi_Bey</field>
</doc>
<doc>
<field name="uri">http://de.dbpedia.org/resource/Osman_Hamdi_Bey</field>
<field name="entity_type">artists</field>
<field name="timestamp">NOW</field>
<field name="sameAs">http://dbpedia.org/resource/Osman_Hamdi_Bey</field>
</doc>
<doc>
<field name="uri">http://dbpedia.org/resource/Hamdi</field>
<field name="entity_type">artists</field>
<field name="timestamp">NOW</field>
</doc>
<doc>
<field name="uri">http://en.wikipedia.org/wiki/Osman_Hamdi_Bey</field>
<field name="entity_type">artists</field>
<field name="timestamp">NOW</field>
<field name="primaryTopic">http://dbpedia.org/resource/Osman_Hamdi_Bey</field>
</doc>
<doc>
<field name="uri">http://dbpedia.org/resource/Bey_(disambiguation)</field>
<field name="entity_type">artists</field>
<field name="timestamp">NOW</field>
</doc>
<doc>
<field name="uri">http://dbpedia.org/resource/Osman_Hamdi_Bey</field>
<field name="entity_type">artists</field>
<field name="timestamp">NOW</field>
<field name="sameAs">http://he.dbpedia.org/resource/אוסמאן_המדי_ביי</field>
<field name="sameAs">http://pt.dbpedia.org/resource/Osman_Hamdi_Bey</field>
<field name="sameAs">http://de.dbpedia.org/resource/Osman_Hamdi_Bey</field>
<field name="sameAs">http://www.wikidata.org/entity/Q1190012</field>
<field name="sameAs">http://sv.dbpedia.org/resource/Osman_Hamdi_Bey</field>
<field name="sameAs">http://tr.dbpedia.org/resource/Osman_Hamdi_Bey</field>
<field name="sameAs">http://fr.dbpedia.org/resource/Osman_Hamdi_Bey</field>
<field name="sameAs">http://ru.dbpedia.org/resource/Осман_Хамди-бей</field>
<field name="sameAs">http://rdf.freebase.com/ns/m.0b197p</field>
<field name="sameAs">http://yago-knowledge.org/resource/Osman_Hamdi_Bey</field>
<field name="sameAs">http://ar.dbpedia.org/resource/عثمان_حمدي_بيك</field>
<field name="sameAs">http://dbpedia.org/resource/Osman_Hamdi_Bey</field>
<field name="subject" update="add">http://dbpedia.org/resource/Category:Ottoman_archaeologists</field>
<field name="subject" update="add">http://dbpedia.org/resource/Category:1910_deaths</field>
<field name="subject" update="add">http://dbpedia.org/resource/Category:Ottoman_scientists</field>
<field name="subject" update="add">http://dbpedia.org/resource/Category:People_from_Istanbul</field>
<field name="subject" update="add">http://dbpedia.org/resource/Category:Ottoman_painters</field>
<field name="subject" update="add">http://dbpedia.org/resource/Category:Ottoman_people_of_Greek_descent</field>
<field name="subject" update="add">http://dbpedia.org/resource/Category:1842_births</field>
<field name="abstract">Osman Hamdi Bey (1842 – 24 February 1910) was an Ottoman statesman, intellectual, art expert and also a prominent and pioneering Turkish painter. He was also an accomplished archaeologist, and is considered as the pioneer of the museum curator's profession in Turkey. He was the founder of Istanbul Archaeology Museums and of İstanbul Academy of Fine Arts, known today as the Mimar Sinan University of Fine Arts.</field>
<field name="birth-place">http://dbpedia.org/resource/Istanbul</field>
<field name="death-place">http://dbpedia.org/resource/Istanbul</field>
<field name="label">Osman Hamdi Bey</field>
<field name="depiction">http://upload.wikimedia.org/wikipedia/commons/1/1c/Osman_Hamdi_Bey_003.jpg</field>
<field name="comment">Osman Hamdi Bey (1842 – 24 February 1910) was an Ottoman statesman, intellectual, art expert and also a prominent and pioneering Turkish painter. He was also an accomplished archaeologist, and is considered as the pioneer of the museum curator's profession in Turkey. He was the founder of Istanbul Archaeology Museums and of İstanbul Academy of Fine Arts, known today as the Mimar Sinan University of Fine Arts.</field>
<field name="name"/>
<field name="thumbnail">http://upload.wikimedia.org/wikipedia/commons/thumb/1/1c/Osman_Hamdi_Bey_003.jpg/200px-Osman_Hamdi_Bey_003.jpg</field>
<field name="field"/>
<field name="influenced">http://dbpedia.org/resource/The_Tortoise_Trainer</field>
<field name="isPrimaryTopicOf">http://en.wikipedia.org/wiki/Osman_Hamdi_Bey</field>
<field name="photo-collection">http://wifo5-03.informatik.uni-mannheim.de/flickrwrappr/photos/Osman_Hamdi_Bey</field>
</doc>
<doc>
<field name="uri">http://dbpedia.org/resource/The_Tortoise_Trainer</field>
<field name="entity_type">artists</field>
<field name="timestamp">NOW</field>
<field name="artist">http://dbpedia.org/resource/Osman_Hamdi_Bey</field>
</doc>
<doc>
<field name="uri">http://dbpedia.org/resource/Mimar_Sinan_Fine_Arts_University</field>
<field name="entity_type">artists</field>
<field name="timestamp">NOW</field>
</doc>
<doc>
<field name="uri">http://fr.dbpedia.org/resource/Osman_Hamdi_Bey</field>
<field name="entity_type">artists</field>
<field name="timestamp">NOW</field>
<field name="sameAs">http://dbpedia.org/resource/Osman_Hamdi_Bey</field>
</doc>
<doc>
<field name="uri">http://ru.dbpedia.org/resource/Осман_Хамди-бей</field>
<field name="entity_type">artists</field>
<field name="timestamp">NOW</field>
<field name="sameAs">http://dbpedia.org/resource/Osman_Hamdi_Bey</field>
</doc>
<doc>
<field name="uri">http://ar.dbpedia.org/resource/عثمان_حمدي_بيك</field>
<field name="entity_type">artists</field>
<field name="timestamp">NOW</field>
<field name="sameAs">http://dbpedia.org/resource/Osman_Hamdi_Bey</field>
</doc>
<doc>
<field name="uri">http://he.dbpedia.org/resource/אוסמאן_המדי_ביי</field>
<field name="entity_type">artists</field>
<field name="timestamp">NOW</field>
<field name="sameAs">http://dbpedia.org/resource/Osman_Hamdi_Bey</field>
</doc>
<doc>
<field name="uri">http://sv.dbpedia.org/resource/Osman_Hamdi_Bey</field>
<field name="entity_type">artists</field>
<field name="timestamp">NOW</field>
<field name="sameAs">http://dbpedia.org/resource/Osman_Hamdi_Bey</field>
</doc>
<doc>
<field name="uri">http://tr.dbpedia.org/resource/Osman_Hamdi_Bey</field>
<field name="entity_type">artists</field>
<field name="timestamp">NOW</field>
<field name="sameAs">http://dbpedia.org/resource/Osman_Hamdi_Bey</field>
</doc>
<doc>
<field name="uri">http://wikidata.dbpedia.org/resource/Q1190012</field>
<field name="entity_type">artists</field>
<field name="timestamp">NOW</field>
<field name="sameAs">http://dbpedia.org/resource/Osman_Hamdi_Bey</field>
</doc>
</add>
