<add xmlns:dc="http://purl.org/dc/elements/1.1/" overwrite="true">
<doc>
<field name="uri">http://dbpedia.org/resource/Paolo_Veronese</field>
<field name="entity_type">artists</field>
<field name="timestamp">NOW</field>
<field name="sameAs">http://la.dbpedia.org/resource/Paulus_Veronensis</field>
<field name="sameAs">http://sl.dbpedia.org/resource/Paolo_Veronese</field>
<field name="sameAs">http://es.dbpedia.org/resource/Paolo_Veronese</field>
<field name="sameAs">http://ro.dbpedia.org/resource/Paolo_Veronese</field>
<field name="sameAs">http://uz.dbpedia.org/resource/Paolo_Veronese</field>
<field name="sameAs">http://da.dbpedia.org/resource/Paolo_Veronese</field>
<field name="sameAs">http://dbpedia.org/resource/Paolo_Veronese</field>
<field name="sameAs">http://vec.dbpedia.org/resource/Paolo_Veronese</field>
<field name="sameAs">http://el.dbpedia.org/resource/Πάολο_Βερονέζε</field>
<field name="sameAs">http://sh.dbpedia.org/resource/Paolo_Veronese</field>
<field name="sameAs">http://ja.dbpedia.org/resource/パオロ・ヴェロネーゼ</field>
<field name="sameAs">http://pl.dbpedia.org/resource/Paolo_Veronese</field>
<field name="sameAs">http://nl.dbpedia.org/resource/Paolo_Veronese</field>
<field name="sameAs">http://simple.dbpedia.org/resource/Paolo_Veronese</field>
<field name="sameAs">http://hu.dbpedia.org/resource/Paolo_Veronese</field>
<field name="sameAs">http://hy.dbpedia.org/resource/Պաոլո_Վերոնեզե</field>
<field name="sameAs">http://www.wikidata.org/entity/Q9440</field>
<field name="sameAs">http://fr.dbpedia.org/resource/Paul_Véronèse</field>
<field name="sameAs">http://sr.dbpedia.org/resource/Паоло_Веронезе</field>
<field name="sameAs">http://sv.dbpedia.org/resource/Paolo_Veronese</field>
<field name="sameAs">http://war.dbpedia.org/resource/Paolo_Veronese</field>
<field name="sameAs">http://mk.dbpedia.org/resource/Паоло_Веронезе</field>
<field name="sameAs">http://eu.dbpedia.org/resource/Paolo_Veronese</field>
<field name="sameAs">http://id.dbpedia.org/resource/Paolo_Veronese</field>
<field name="sameAs">http://hr.dbpedia.org/resource/Paolo_Veronese</field>
<field name="sameAs">http://ko.dbpedia.org/resource/파올로_베로네세</field>
<field name="sameAs">http://ru.dbpedia.org/resource/Паоло_Веронезе</field>
<field name="sameAs">http://no.dbpedia.org/resource/Veronese</field>
<field name="sameAs">http://he.dbpedia.org/resource/פאולו_ורונזה</field>
<field name="sameAs">http://ca.dbpedia.org/resource/Paolo_Veronese</field>
<field name="sameAs">http://uk.dbpedia.org/resource/Паоло_Веронезе</field>
<field name="sameAs">http://vi.dbpedia.org/resource/Paolo_Veronese</field>
<field name="sameAs">http://de.dbpedia.org/resource/Paolo_Veronese</field>
<field name="sameAs">http://az.dbpedia.org/resource/Paolo_Veroneze</field>
<field name="sameAs">http://be.dbpedia.org/resource/Паала_Веранезэ</field>
<field name="sameAs">http://nn.dbpedia.org/resource/Paolo_Veronese</field>
<field name="sameAs">http://pt.dbpedia.org/resource/Paolo_Veronese</field>
<field name="sameAs">http://br.dbpedia.org/resource/Paolo_Veronese</field>
<field name="sameAs">http://rdf.freebase.com/ns/m.01jdbx</field>
<field name="sameAs">http://stq.dbpedia.org/resource/Paolo_Veronese</field>
<field name="sameAs">http://oc.dbpedia.org/resource/Paolo_Veronese</field>
<field name="sameAs">http://yago-knowledge.org/resource/Paolo_Veronese</field>
<field name="sameAs">http://zh.dbpedia.org/resource/保罗·委罗内塞</field>
<field name="sameAs">http://et.dbpedia.org/resource/Paolo_Veronese</field>
<field name="sameAs">http://it.dbpedia.org/resource/Paolo_Veronese</field>
<field name="sameAs">http://bg.dbpedia.org/resource/Паоло_Веронезе</field>
<field name="sameAs">http://th.dbpedia.org/resource/เปาโล_เวโรเนเซ</field>
<field name="sameAs">http://gl.dbpedia.org/resource/Paolo_Veronese</field>
<field name="sameAs">http://bo.dbpedia.org/resource/ཕའོ་ལོ་ཝེ་རོ་ནེ་ཟེ།</field>
<field name="sameAs">http://io.dbpedia.org/resource/Paolo_Veronese</field>
<field name="sameAs">http://eo.dbpedia.org/resource/Paolo_Veronese</field>
<field name="sameAs">http://cs.dbpedia.org/resource/Paolo_Veronese</field>
<field name="sameAs">http://fi.dbpedia.org/resource/Paolo_Veronese</field>
<field name="sameAs">http://lt.dbpedia.org/resource/Veronezė</field>
<field name="sameAs">http://ar.dbpedia.org/resource/باولو_فرونزه</field>
<field name="subject" update="add">http://dbpedia.org/resource/Category:1528_births</field>
<field name="subject" update="add">http://dbpedia.org/resource/Category:Renaissance_painters</field>
<field name="subject" update="add">http://dbpedia.org/resource/Category:Mannerist_painters</field>
<field name="subject" update="add">http://dbpedia.org/resource/Category:Italian_painters</field>
<field name="subject" update="add">http://dbpedia.org/resource/Category:Venetian_painters</field>
<field name="subject" update="add">http://dbpedia.org/resource/Category:1588_deaths</field>
<field name="subject" update="add">http://dbpedia.org/resource/Category:16th-century_Italian_people</field>
<field name="abstract">Paolo Veronese (1528 – 19 April 1588) was an Italian painter of the Renaissance in Venice, famous for paintings such as The Wedding at Cana and The Feast in the House of Levi. He adopted the name Paolo Cagliari or Paolo Caliari, and became known as "Veronese" from his birthplace in Verona. Veronese, Titian, and Tintoretto constitute the triumvirate of pre-eminent Venetian painters of the late Renaissance (sixteenth century). Veronese is known as a supreme colorist, and for his illusionistic decorations in both fresco and oil. His most famous works are elaborate narrative cycles, executed in a dramatic and colorful Mannerist style, full of majestic architectural settings and glittering pageantry. His large paintings of biblical feasts executed for the refectories of monasteries in Venice and Verona are especially notable. His brief testimony with the Inquisition is often quoted for its insight into contemporary painting technique and demonstrates his skill at avoiding both the compromise of his art by their efforts and the harsh punishments they were capable of exacting.</field>
<field name="field">http://dbpedia.org/resource/Painting</field>
<field name="movement">http://dbpedia.org/resource/Renaissance</field>
<field name="label">Paolo Veronese</field>
<field name="depiction">http://upload.wikimedia.org/wikipedia/commons/c/c8/Paolo_Veronese,_avtoportret.jpg</field>
<field name="comment">Paolo Veronese (1528 – 19 April 1588) was an Italian painter of the Renaissance in Venice, famous for paintings such as The Wedding at Cana and The Feast in the House of Levi. He adopted the name Paolo Cagliari or Paolo Caliari, and became known as "Veronese" from his birthplace in Verona. Veronese, Titian, and Tintoretto constitute the triumvirate of pre-eminent Venetian painters of the late Renaissance (sixteenth century).</field>
<field name="name"/>
<field name="thumbnail">http://upload.wikimedia.org/wikipedia/commons/thumb/c/c8/Paolo_Veronese,_avtoportret.jpg/200px-Paolo_Veronese,_avtoportret.jpg</field>
<field name="link_external">http://www.kfki.hu/~arthp/bio/v/veronese/biograph.html</field>
<field name="link_external">http://www.metmuseum.org/toah/hd/iopr/ho_10.189.htm</field>
<field name="link_external">http://www.nationalgallery.org.uk/cgi-bin/WebObjects.dll/CollectionPublisher.woa/wa/work?workNumber=NG26</field>
<field name="link_external">http://commons.wikimedia.org/wiki/Image:The_Family_of_Darius_before_Alexander_by_Paolo_Veronese_1570.jpg</field>
<field name="link_external">http://www.aiwaz.net/panopticon/veronese-paolo/gc502</field>
<field name="link_external">http://www.museumsyndicate.com/artist.php?artist=60</field>
<field name="link_external">http://query.nytimes.com/gst/fullpage.html?res=940DE6DE113AF934A15752C1A96E948260&amp;sec=&amp;spon=&amp;pagewanted=all</field>
<field name="link_external">http://www.newadvent.org/cathen/03169b.htm</field>
<field name="field">http://dbpedia.org/resource/Painting</field>
<field name="movement">http://dbpedia.org/resource/Renaissance</field>
<field name="isPrimaryTopicOf">http://en.wikipedia.org/wiki/Paolo_Veronese</field>
<field name="description"/>
<field name="photo-collection">http://wifo5-03.informatik.uni-mannheim.de/flickrwrappr/photos/Paolo_Veronese</field>
</doc>
<doc>
<field name="uri">http://dbpedia.org/resource/Simon_Vouet</field>
<field name="entity_type">artists</field>
<field name="timestamp">NOW</field>
<field name="influenced">http://dbpedia.org/resource/Paolo_Veronese</field>
</doc>
<doc>
<field name="uri">http://it.dbpedia.org/resource/Paolo_Veronese</field>
<field name="entity_type">artists</field>
<field name="timestamp">NOW</field>
<field name="sameAs">http://dbpedia.org/resource/Paolo_Veronese</field>
</doc>
<doc>
<field name="uri">http://pt.dbpedia.org/resource/Paolo_Veronese</field>
<field name="entity_type">artists</field>
<field name="timestamp">NOW</field>
<field name="sameAs">http://dbpedia.org/resource/Paolo_Veronese</field>
</doc>
<doc>
<field name="uri">http://cs.dbpedia.org/resource/Paolo_Veronese</field>
<field name="entity_type">artists</field>
<field name="timestamp">NOW</field>
<field name="sameAs">http://dbpedia.org/resource/Paolo_Veronese</field>
</doc>
<doc>
<field name="uri">http://pl.dbpedia.org/resource/Paolo_Veronese</field>
<field name="entity_type">artists</field>
<field name="timestamp">NOW</field>
<field name="sameAs">http://dbpedia.org/resource/Paolo_Veronese</field>
</doc>
<doc>
<field name="uri">http://ru.dbpedia.org/resource/Паоло_Веронезе</field>
<field name="entity_type">artists</field>
<field name="timestamp">NOW</field>
<field name="sameAs">http://dbpedia.org/resource/Paolo_Veronese</field>
</doc>
<doc>
<field name="uri">http://dbpedia.org/resource/Allegory_of_Virtue_and_Vice_(Veronese)</field>
<field name="entity_type">artists</field>
<field name="timestamp">NOW</field>
<field name="artist">http://dbpedia.org/resource/Paolo_Veronese</field>
</doc>
<doc>
<field name="uri">http://dbpedia.org/resource/Lucretia_(Veronese)</field>
<field name="entity_type">artists</field>
<field name="timestamp">NOW</field>
<field name="artist">http://dbpedia.org/resource/Paolo_Veronese</field>
</doc>
<doc>
<field name="uri">http://dbpedia.org/resource/Venus_and_Adonis_(Veronese,_Madrid)</field>
<field name="entity_type">artists</field>
<field name="timestamp">NOW</field>
<field name="artist">http://dbpedia.org/resource/Paolo_Veronese</field>
</doc>
<doc>
<field name="uri">http://dbpedia.org/resource/Anthony_van_Dyck</field>
<field name="entity_type">artists</field>
<field name="timestamp">NOW</field>
<field name="influenced">http://dbpedia.org/resource/Paolo_Veronese</field>
</doc>
<doc>
<field name="uri">http://dbpedia.org/resource/Counter-Reformation</field>
<field name="entity_type">artists</field>
<field name="timestamp">NOW</field>
<field name="artist">http://dbpedia.org/resource/Paolo_Veronese</field>
</doc>
<doc>
<field name="uri">http://dbpedia.org/resource/Veronese</field>
<field name="entity_type">artists</field>
<field name="timestamp">NOW</field>
</doc>
<doc>
<field name="uri">http://de.dbpedia.org/resource/Paolo_Veronese</field>
<field name="entity_type">artists</field>
<field name="timestamp">NOW</field>
<field name="sameAs">http://dbpedia.org/resource/Paolo_Veronese</field>
</doc>
<doc>
<field name="uri">http://ja.dbpedia.org/resource/パオロ・ヴェロネーゼ</field>
<field name="entity_type">artists</field>
<field name="timestamp">NOW</field>
<field name="sameAs">http://dbpedia.org/resource/Paolo_Veronese</field>
</doc>
<doc>
<field name="uri">http://dbpedia.org/resource/Paolo</field>
<field name="entity_type">artists</field>
<field name="timestamp">NOW</field>
</doc>
<doc>
<field name="uri">http://el.dbpedia.org/resource/Πάολο_Βερονέζε</field>
<field name="entity_type">artists</field>
<field name="timestamp">NOW</field>
<field name="sameAs">http://dbpedia.org/resource/Paolo_Veronese</field>
</doc>
<doc>
<field name="uri">http://es.dbpedia.org/resource/Paolo_Veronese</field>
<field name="entity_type">artists</field>
<field name="timestamp">NOW</field>
<field name="sameAs">http://dbpedia.org/resource/Paolo_Veronese</field>
</doc>
<doc>
<field name="uri">http://ko.dbpedia.org/resource/파올로_베로네세</field>
<field name="entity_type">artists</field>
<field name="timestamp">NOW</field>
<field name="sameAs">http://dbpedia.org/resource/Paolo_Veronese</field>
</doc>
<doc>
<field name="uri">http://dbpedia.org/resource/Portrait_of_Daniele_Barbaro</field>
<field name="entity_type">artists</field>
<field name="timestamp">NOW</field>
<field name="artist">http://dbpedia.org/resource/Paolo_Veronese</field>
</doc>
<doc>
<field name="uri">http://dbpedia.org/resource/The_Feast_in_the_House_of_Levi</field>
<field name="entity_type">artists</field>
<field name="timestamp">NOW</field>
<field name="artist">http://dbpedia.org/resource/Paolo_Veronese</field>
</doc>
<doc>
<field name="uri">http://dbpedia.org/resource/Paolo_Cagliari</field>
<field name="entity_type">artists</field>
<field name="timestamp">NOW</field>
</doc>
<doc>
<field name="uri">http://dbpedia.org/resource/Paolo_Caliari</field>
<field name="entity_type">artists</field>
<field name="timestamp">NOW</field>
</doc>
<doc>
<field name="uri">http://dbpedia.org/resource/Caliari,_Paolo</field>
<field name="entity_type">artists</field>
<field name="timestamp">NOW</field>
</doc>
<doc>
<field name="uri">http://dbpedia.org/resource/P._Veronese</field>
<field name="entity_type">artists</field>
<field name="timestamp">NOW</field>
</doc>
<doc>
<field name="uri">http://dbpedia.org/resource/Paolo_Cagliaro</field>
<field name="entity_type">artists</field>
<field name="timestamp">NOW</field>
</doc>
<doc>
<field name="uri">http://dbpedia.org/resource/Paolo_Caliari_Veronese</field>
<field name="entity_type">artists</field>
<field name="timestamp">NOW</field>
</doc>
<doc>
<field name="uri">http://dbpedia.org/resource/The_Wedding_at_Cana</field>
<field name="entity_type">artists</field>
<field name="timestamp">NOW</field>
<field name="artist">http://dbpedia.org/resource/Paolo_Veronese</field>
</doc>
<doc>
<field name="uri">http://dbpedia.org/resource/Paul_Veronese</field>
<field name="entity_type">artists</field>
<field name="timestamp">NOW</field>
</doc>
<doc>
<field name="uri">http://en.wikipedia.org/wiki/Paolo_Veronese</field>
<field name="entity_type">artists</field>
<field name="timestamp">NOW</field>
<field name="primaryTopic">http://dbpedia.org/resource/Paolo_Veronese</field>
</doc>
<doc>
<field name="uri">http://fr.dbpedia.org/resource/Paul_Véronèse</field>
<field name="entity_type">artists</field>
<field name="timestamp">NOW</field>
<field name="sameAs">http://dbpedia.org/resource/Paolo_Veronese</field>
</doc>
<doc>
<field name="uri">http://nl.dbpedia.org/resource/Paolo_Veronese</field>
<field name="entity_type">artists</field>
<field name="timestamp">NOW</field>
<field name="sameAs">http://dbpedia.org/resource/Paolo_Veronese</field>
</doc>
<doc>
<field name="uri">http://eu.dbpedia.org/resource/Paolo_Veronese</field>
<field name="entity_type">artists</field>
<field name="timestamp">NOW</field>
<field name="sameAs">http://dbpedia.org/resource/Paolo_Veronese</field>
</doc>
<doc>
<field name="uri">http://dbpedia.org/resource/Bathsheba_at_her_Bath_(Veronese)</field>
<field name="entity_type">artists</field>
<field name="timestamp">NOW</field>
<field name="artist">http://dbpedia.org/resource/Paolo_Veronese</field>
</doc>
<doc>
<field name="uri">http://zh.dbpedia.org/resource/保罗·委罗内塞</field>
<field name="entity_type">artists</field>
<field name="timestamp">NOW</field>
<field name="sameAs">http://dbpedia.org/resource/Paolo_Veronese</field>
</doc>
<doc>
<field name="uri">http://ar.dbpedia.org/resource/باولو_فرونزه</field>
<field name="entity_type">artists</field>
<field name="timestamp">NOW</field>
<field name="sameAs">http://dbpedia.org/resource/Paolo_Veronese</field>
</doc>
<doc>
<field name="uri">http://az.dbpedia.org/resource/Paolo_Veroneze</field>
<field name="entity_type">artists</field>
<field name="timestamp">NOW</field>
<field name="sameAs">http://dbpedia.org/resource/Paolo_Veronese</field>
</doc>
<doc>
<field name="uri">http://be.dbpedia.org/resource/Паала_Веранезэ</field>
<field name="entity_type">artists</field>
<field name="timestamp">NOW</field>
<field name="sameAs">http://dbpedia.org/resource/Paolo_Veronese</field>
</doc>
<doc>
<field name="uri">http://bg.dbpedia.org/resource/Паоло_Веронезе</field>
<field name="entity_type">artists</field>
<field name="timestamp">NOW</field>
<field name="sameAs">http://dbpedia.org/resource/Paolo_Veronese</field>
</doc>
<doc>
<field name="uri">http://br.dbpedia.org/resource/Paolo_Veronese</field>
<field name="entity_type">artists</field>
<field name="timestamp">NOW</field>
<field name="sameAs">http://dbpedia.org/resource/Paolo_Veronese</field>
</doc>
<doc>
<field name="uri">http://ca.dbpedia.org/resource/Paolo_Veronese</field>
<field name="entity_type">artists</field>
<field name="timestamp">NOW</field>
<field name="sameAs">http://dbpedia.org/resource/Paolo_Veronese</field>
</doc>
<doc>
<field name="uri">http://da.dbpedia.org/resource/Paolo_Veronese</field>
<field name="entity_type">artists</field>
<field name="timestamp">NOW</field>
<field name="sameAs">http://dbpedia.org/resource/Paolo_Veronese</field>
</doc>
<doc>
<field name="uri">http://eo.dbpedia.org/resource/Paolo_Veronese</field>
<field name="entity_type">artists</field>
<field name="timestamp">NOW</field>
<field name="sameAs">http://dbpedia.org/resource/Paolo_Veronese</field>
</doc>
<doc>
<field name="uri">http://et.dbpedia.org/resource/Paolo_Veronese</field>
<field name="entity_type">artists</field>
<field name="timestamp">NOW</field>
<field name="sameAs">http://dbpedia.org/resource/Paolo_Veronese</field>
</doc>
<doc>
<field name="uri">http://fi.dbpedia.org/resource/Paolo_Veronese</field>
<field name="entity_type">artists</field>
<field name="timestamp">NOW</field>
<field name="sameAs">http://dbpedia.org/resource/Paolo_Veronese</field>
</doc>
<doc>
<field name="uri">http://gl.dbpedia.org/resource/Paolo_Veronese</field>
<field name="entity_type">artists</field>
<field name="timestamp">NOW</field>
<field name="sameAs">http://dbpedia.org/resource/Paolo_Veronese</field>
</doc>
<doc>
<field name="uri">http://he.dbpedia.org/resource/פאולו_ורונזה</field>
<field name="entity_type">artists</field>
<field name="timestamp">NOW</field>
<field name="sameAs">http://dbpedia.org/resource/Paolo_Veronese</field>
</doc>
<doc>
<field name="uri">http://hr.dbpedia.org/resource/Paolo_Veronese</field>
<field name="entity_type">artists</field>
<field name="timestamp">NOW</field>
<field name="sameAs">http://dbpedia.org/resource/Paolo_Veronese</field>
</doc>
<doc>
<field name="uri">http://hu.dbpedia.org/resource/Paolo_Veronese</field>
<field name="entity_type">artists</field>
<field name="timestamp">NOW</field>
<field name="sameAs">http://dbpedia.org/resource/Paolo_Veronese</field>
</doc>
<doc>
<field name="uri">http://hy.dbpedia.org/resource/Պաոլո_Վերոնեզե</field>
<field name="entity_type">artists</field>
<field name="timestamp">NOW</field>
<field name="sameAs">http://dbpedia.org/resource/Paolo_Veronese</field>
</doc>
<doc>
<field name="uri">http://id.dbpedia.org/resource/Paolo_Veronese</field>
<field name="entity_type">artists</field>
<field name="timestamp">NOW</field>
<field name="sameAs">http://dbpedia.org/resource/Paolo_Veronese</field>
</doc>
<doc>
<field name="uri">http://io.dbpedia.org/resource/Paolo_Veronese</field>
<field name="entity_type">artists</field>
<field name="timestamp">NOW</field>
<field name="sameAs">http://dbpedia.org/resource/Paolo_Veronese</field>
</doc>
<doc>
<field name="uri">http://la.dbpedia.org/resource/Paulus_Veronensis</field>
<field name="entity_type">artists</field>
<field name="timestamp">NOW</field>
<field name="sameAs">http://dbpedia.org/resource/Paolo_Veronese</field>
</doc>
<doc>
<field name="uri">http://lt.dbpedia.org/resource/Veronezė</field>
<field name="entity_type">artists</field>
<field name="timestamp">NOW</field>
<field name="sameAs">http://dbpedia.org/resource/Paolo_Veronese</field>
</doc>
<doc>
<field name="uri">http://mk.dbpedia.org/resource/Паоло_Веронезе</field>
<field name="entity_type">artists</field>
<field name="timestamp">NOW</field>
<field name="sameAs">http://dbpedia.org/resource/Paolo_Veronese</field>
</doc>
<doc>
<field name="uri">http://nn.dbpedia.org/resource/Paolo_Veronese</field>
<field name="entity_type">artists</field>
<field name="timestamp">NOW</field>
<field name="sameAs">http://dbpedia.org/resource/Paolo_Veronese</field>
</doc>
<doc>
<field name="uri">http://no.dbpedia.org/resource/Veronese</field>
<field name="entity_type">artists</field>
<field name="timestamp">NOW</field>
<field name="sameAs">http://dbpedia.org/resource/Paolo_Veronese</field>
</doc>
<doc>
<field name="uri">http://oc.dbpedia.org/resource/Paolo_Veronese</field>
<field name="entity_type">artists</field>
<field name="timestamp">NOW</field>
<field name="sameAs">http://dbpedia.org/resource/Paolo_Veronese</field>
</doc>
<doc>
<field name="uri">http://ro.dbpedia.org/resource/Paolo_Veronese</field>
<field name="entity_type">artists</field>
<field name="timestamp">NOW</field>
<field name="sameAs">http://dbpedia.org/resource/Paolo_Veronese</field>
</doc>
<doc>
<field name="uri">http://sh.dbpedia.org/resource/Paolo_Veronese</field>
<field name="entity_type">artists</field>
<field name="timestamp">NOW</field>
<field name="sameAs">http://dbpedia.org/resource/Paolo_Veronese</field>
</doc>
<doc>
<field name="uri">http://simple.dbpedia.org/resource/Paolo_Veronese</field>
<field name="entity_type">artists</field>
<field name="timestamp">NOW</field>
<field name="sameAs">http://dbpedia.org/resource/Paolo_Veronese</field>
</doc>
<doc>
<field name="uri">http://sl.dbpedia.org/resource/Paolo_Veronese</field>
<field name="entity_type">artists</field>
<field name="timestamp">NOW</field>
<field name="sameAs">http://dbpedia.org/resource/Paolo_Veronese</field>
</doc>
<doc>
<field name="uri">http://sr.dbpedia.org/resource/Паоло_Веронезе</field>
<field name="entity_type">artists</field>
<field name="timestamp">NOW</field>
<field name="sameAs">http://dbpedia.org/resource/Paolo_Veronese</field>
</doc>
<doc>
<field name="uri">http://sv.dbpedia.org/resource/Paolo_Veronese</field>
<field name="entity_type">artists</field>
<field name="timestamp">NOW</field>
<field name="sameAs">http://dbpedia.org/resource/Paolo_Veronese</field>
</doc>
<doc>
<field name="uri">http://th.dbpedia.org/resource/เปาโล_เวโรเนเซ</field>
<field name="entity_type">artists</field>
<field name="timestamp">NOW</field>
<field name="sameAs">http://dbpedia.org/resource/Paolo_Veronese</field>
</doc>
<doc>
<field name="uri">http://uk.dbpedia.org/resource/Паоло_Веронезе</field>
<field name="entity_type">artists</field>
<field name="timestamp">NOW</field>
<field name="sameAs">http://dbpedia.org/resource/Paolo_Veronese</field>
</doc>
<doc>
<field name="uri">http://uz.dbpedia.org/resource/Paolo_Veronese</field>
<field name="entity_type">artists</field>
<field name="timestamp">NOW</field>
<field name="sameAs">http://dbpedia.org/resource/Paolo_Veronese</field>
</doc>
<doc>
<field name="uri">http://vi.dbpedia.org/resource/Paolo_Veronese</field>
<field name="entity_type">artists</field>
<field name="timestamp">NOW</field>
<field name="sameAs">http://dbpedia.org/resource/Paolo_Veronese</field>
</doc>
<doc>
<field name="uri">http://war.dbpedia.org/resource/Paolo_Veronese</field>
<field name="entity_type">artists</field>
<field name="timestamp">NOW</field>
<field name="sameAs">http://dbpedia.org/resource/Paolo_Veronese</field>
</doc>
<doc>
<field name="uri">http://bo.dbpedia.org/resource/ཕའོ་ལོ་ཝེ་རོ་ནེ་ཟེ།</field>
<field name="entity_type">artists</field>
<field name="timestamp">NOW</field>
<field name="sameAs">http://dbpedia.org/resource/Paolo_Veronese</field>
</doc>
<doc>
<field name="uri">http://stq.dbpedia.org/resource/Paolo_Veronese</field>
<field name="entity_type">artists</field>
<field name="timestamp">NOW</field>
<field name="sameAs">http://dbpedia.org/resource/Paolo_Veronese</field>
</doc>
<doc>
<field name="uri">http://vec.dbpedia.org/resource/Paolo_Veronese</field>
<field name="entity_type">artists</field>
<field name="timestamp">NOW</field>
<field name="sameAs">http://dbpedia.org/resource/Paolo_Veronese</field>
</doc>
<doc>
<field name="uri">http://wikidata.dbpedia.org/resource/Q9440</field>
<field name="entity_type">artists</field>
<field name="timestamp">NOW</field>
<field name="sameAs">http://dbpedia.org/resource/Paolo_Veronese</field>
</doc>
</add>
