<add xmlns:dc="http://purl.org/dc/elements/1.1/" overwrite="true">
<doc>
<field name="uri">http://fr.dbpedia.org/resource/Pedro_Subercaseaux</field>
<field name="entity_type">artists</field>
<field name="timestamp">NOW</field>
<field name="sameAs">http://dbpedia.org/resource/Pedro_Subercaseaux</field>
</doc>
<doc>
<field name="uri">http://dbpedia.org/resource/Pedro_Subercaseaux</field>
<field name="entity_type">artists</field>
<field name="timestamp">NOW</field>
<field name="sameAs">http://de.dbpedia.org/resource/Pedro_Subercaseaux_Errázuriz</field>
<field name="sameAs">http://fr.dbpedia.org/resource/Pedro_Subercaseaux</field>
<field name="sameAs">http://rdf.freebase.com/ns/m.0glph58</field>
<field name="sameAs">http://dbpedia.org/resource/Pedro_Subercaseaux</field>
<field name="sameAs">http://www.wikidata.org/entity/Q485158</field>
<field name="sameAs">http://nds.dbpedia.org/resource/Pedro_Subercaseaux_Errázuriz</field>
<field name="sameAs">http://es.dbpedia.org/resource/Pedro_Subercaseaux</field>
<field name="sameAs">http://yago-knowledge.org/resource/Pedro_Subercaseaux</field>
<field name="subject" update="add">http://dbpedia.org/resource/Category:1880_births</field>
<field name="subject" update="add">http://dbpedia.org/resource/Category:Chilean_painters</field>
<field name="subject" update="add">http://dbpedia.org/resource/Category:1956_deaths</field>
<field name="abstract">Pedro León Maximiano María Subercaseaux Errázuriz (Rome, December 10, 1880 - Santiago de Chile, January 3, 1956) was a Chilean painter. He painted many portraits about events from the history of Chile, such as the Crossing of the Andes. He painted portraits of the history of Argentina requested during the Argentina Centennial. He married Elvira Lyon Otaégui in 1907, but the Pope later annulled their marriage so that they could both get into religious orders.</field>
<field name="label">Pedro Subercaseaux</field>
<field name="depiction">http://upload.wikimedia.org/wikipedia/commons/7/7d/Pedro_Subercaseaux(2).jpg</field>
<field name="comment">Pedro León Maximiano María Subercaseaux Errázuriz (Rome, December 10, 1880 - Santiago de Chile, January 3, 1956) was a Chilean painter. He painted many portraits about events from the history of Chile, such as the Crossing of the Andes. He painted portraits of the history of Argentina requested during the Argentina Centennial. He married Elvira Lyon Otaégui in 1907, but the Pope later annulled their marriage so that they could both get into religious orders.</field>
<field name="name"/>
<field name="thumbnail">http://upload.wikimedia.org/wikipedia/commons/thumb/7/7d/Pedro_Subercaseaux(2).jpg/200px-Pedro_Subercaseaux(2).jpg</field>
<field name="isPrimaryTopicOf">http://en.wikipedia.org/wiki/Pedro_Subercaseaux</field>
<field name="description"/>
<field name="photo-collection">http://wifo5-03.informatik.uni-mannheim.de/flickrwrappr/photos/Pedro_Subercaseaux</field>
</doc>
<doc>
<field name="uri">http://de.dbpedia.org/resource/Pedro_Subercaseaux_Errázuriz</field>
<field name="entity_type">artists</field>
<field name="timestamp">NOW</field>
<field name="sameAs">http://dbpedia.org/resource/Pedro_Subercaseaux</field>
</doc>
<doc>
<field name="uri">http://dbpedia.org/resource/Mariano_Moreno_en_su_mesa_de_trabajo</field>
<field name="entity_type">artists</field>
<field name="timestamp">NOW</field>
<field name="artist">http://dbpedia.org/resource/Pedro_Subercaseaux</field>
</doc>
<doc>
<field name="uri">http://dbpedia.org/resource/Pedro_Subercaseaux_Err%C3%A1zuriz</field>
<field name="entity_type">artists</field>
<field name="timestamp">NOW</field>
</doc>
<doc>
<field name="uri">http://en.wikipedia.org/wiki/Pedro_Subercaseaux</field>
<field name="entity_type">artists</field>
<field name="timestamp">NOW</field>
<field name="primaryTopic">http://dbpedia.org/resource/Pedro_Subercaseaux</field>
</doc>
<doc>
<field name="uri">http://es.dbpedia.org/resource/Pedro_Subercaseaux</field>
<field name="entity_type">artists</field>
<field name="timestamp">NOW</field>
<field name="sameAs">http://dbpedia.org/resource/Pedro_Subercaseaux</field>
</doc>
<doc>
<field name="uri">http://wikidata.dbpedia.org/resource/Q485158</field>
<field name="entity_type">artists</field>
<field name="timestamp">NOW</field>
<field name="sameAs">http://dbpedia.org/resource/Pedro_Subercaseaux</field>
</doc>
<doc>
<field name="uri">http://nds.dbpedia.org/resource/Pedro_Subercaseaux_Errázuriz</field>
<field name="entity_type">artists</field>
<field name="timestamp">NOW</field>
<field name="sameAs">http://dbpedia.org/resource/Pedro_Subercaseaux</field>
</doc>
</add>
