<add xmlns:dc="http://purl.org/dc/elements/1.1/" overwrite="true">
<doc>
<field name="uri">http://dbpedia.org/resource/Pedro_Berruguete</field>
<field name="entity_type">artists</field>
<field name="timestamp">NOW</field>
<field name="sameAs">http://pl.dbpedia.org/resource/Pedro_Berruguete</field>
<field name="sameAs">http://pt.dbpedia.org/resource/Pedro_Berruguete</field>
<field name="sameAs">http://mk.dbpedia.org/resource/Педро_Беругете</field>
<field name="sameAs">http://ru.dbpedia.org/resource/Берругете,_Педро</field>
<field name="sameAs">http://www.wikidata.org/entity/Q561783</field>
<field name="sameAs">http://eu.dbpedia.org/resource/Pedro_Berruguete</field>
<field name="sameAs">http://dbpedia.org/resource/Pedro_Berruguete</field>
<field name="sameAs">http://ca.dbpedia.org/resource/Pedro_Berruguete</field>
<field name="sameAs">http://zh.dbpedia.org/resource/佩德罗·贝鲁格特</field>
<field name="sameAs">http://it.dbpedia.org/resource/Pedro_Berruguete</field>
<field name="sameAs">http://es.dbpedia.org/resource/Pedro_Berruguete</field>
<field name="sameAs">http://fr.dbpedia.org/resource/Pedro_Berruguete</field>
<field name="sameAs">http://rdf.freebase.com/ns/m.09w1_b</field>
<field name="sameAs">http://yago-knowledge.org/resource/Pedro_Berruguete</field>
<field name="sameAs">http://de.dbpedia.org/resource/Pedro_Berruguete</field>
<field name="subject" update="add">http://dbpedia.org/resource/Category:1450s_births</field>
<field name="subject" update="add">http://dbpedia.org/resource/Category:Spanish_Renaissance_painters</field>
<field name="subject" update="add">http://dbpedia.org/resource/Category:People_from_Paredes_de_Nava</field>
<field name="subject" update="add">http://dbpedia.org/resource/Category:1504_deaths</field>
<field name="subject" update="add">http://dbpedia.org/resource/Category:Spanish_painters</field>
<field name="abstract">Pedro Berruguete (c. 1450 – 1504) was a Spanish painter; his art is regarded as a transitional style between gothic and Renaissance. Berruguete painted famous paintings of the Inquisition. Born in Paredes de Nava, Spain, he went to Italy in 1480 and worked in Federico III da Montefeltro's court in Urbino, where he could see some works by Melozzo da Forlì. Here he painted the Portrait of Federico da Montefeltro with His Son Guidobaldo (c. 1475), now at the Galleria nazionale delle Marche. He returned to Spain in 1482 and painted in several cities, such as Sevilla, Toledo and Ávila. He was the father of an important sculptor, Alonso Berruguete, considered the most important sculptor in Renaissance Spain.</field>
<field name="label">Pedro Berruguete</field>
<field name="depiction">http://upload.wikimedia.org/wikipedia/commons/6/6f/Berruguete-Pedro-selfportrait.jpg</field>
<field name="comment">Pedro Berruguete (c. 1450 – 1504) was a Spanish painter; his art is regarded as a transitional style between gothic and Renaissance. Berruguete painted famous paintings of the Inquisition. Born in Paredes de Nava, Spain, he went to Italy in 1480 and worked in Federico III da Montefeltro's court in Urbino, where he could see some works by Melozzo da Forlì. Here he painted the Portrait of Federico da Montefeltro with His Son Guidobaldo (c. 1475), now at the Galleria nazionale delle Marche.</field>
<field name="name"/>
<field name="thumbnail">http://upload.wikimedia.org/wikipedia/commons/thumb/6/6f/Berruguete-Pedro-selfportrait.jpg/200px-Berruguete-Pedro-selfportrait.jpg</field>
<field name="link_external">http://www.wga.hu/frames-e.html?/bio/b/berrugue/pedro/biograph.html</field>
<field name="link_external">http://www.pedroberruguete.com</field>
<field name="isPrimaryTopicOf">http://en.wikipedia.org/wiki/Pedro_Berruguete</field>
<field name="description"/>
<field name="photo-collection">http://wifo5-03.informatik.uni-mannheim.de/flickrwrappr/photos/Pedro_Berruguete</field>
</doc>
<doc>
<field name="uri">http://it.dbpedia.org/resource/Pedro_Berruguete</field>
<field name="entity_type">artists</field>
<field name="timestamp">NOW</field>
<field name="sameAs">http://dbpedia.org/resource/Pedro_Berruguete</field>
</doc>
<doc>
<field name="uri">http://pt.dbpedia.org/resource/Pedro_Berruguete</field>
<field name="entity_type">artists</field>
<field name="timestamp">NOW</field>
<field name="sameAs">http://dbpedia.org/resource/Pedro_Berruguete</field>
</doc>
<doc>
<field name="uri">http://es.dbpedia.org/resource/Pedro_Berruguete</field>
<field name="entity_type">artists</field>
<field name="timestamp">NOW</field>
<field name="sameAs">http://dbpedia.org/resource/Pedro_Berruguete</field>
</doc>
<doc>
<field name="uri">http://ru.dbpedia.org/resource/Берругете,_Педро</field>
<field name="entity_type">artists</field>
<field name="timestamp">NOW</field>
<field name="sameAs">http://dbpedia.org/resource/Pedro_Berruguete</field>
</doc>
<doc>
<field name="uri">http://de.dbpedia.org/resource/Pedro_Berruguete</field>
<field name="entity_type">artists</field>
<field name="timestamp">NOW</field>
<field name="sameAs">http://dbpedia.org/resource/Pedro_Berruguete</field>
</doc>
<doc>
<field name="uri">http://fr.dbpedia.org/resource/Pedro_Berruguete</field>
<field name="entity_type">artists</field>
<field name="timestamp">NOW</field>
<field name="sameAs">http://dbpedia.org/resource/Pedro_Berruguete</field>
</doc>
<doc>
<field name="uri">http://dbpedia.org/resource/Pedro_Berreguete</field>
<field name="entity_type">artists</field>
<field name="timestamp">NOW</field>
</doc>
<doc>
<field name="uri">http://en.wikipedia.org/wiki/Pedro_Berruguete</field>
<field name="entity_type">artists</field>
<field name="timestamp">NOW</field>
<field name="primaryTopic">http://dbpedia.org/resource/Pedro_Berruguete</field>
</doc>
<doc>
<field name="uri">http://dbpedia.org/resource/Pedro_de_Berruguet</field>
<field name="entity_type">artists</field>
<field name="timestamp">NOW</field>
</doc>
<doc>
<field name="uri">http://dbpedia.org/resource/Portrait_of_Federico_da_Montefeltro_with_His_Son_Guidobaldo</field>
<field name="entity_type">artists</field>
<field name="timestamp">NOW</field>
<field name="artist">http://dbpedia.org/resource/Pedro_Berruguete</field>
</doc>
<doc>
<field name="uri">http://pl.dbpedia.org/resource/Pedro_Berruguete</field>
<field name="entity_type">artists</field>
<field name="timestamp">NOW</field>
<field name="sameAs">http://dbpedia.org/resource/Pedro_Berruguete</field>
</doc>
<doc>
<field name="uri">http://dbpedia.org/resource/Father_and_son_Berruguete</field>
<field name="entity_type">artists</field>
<field name="timestamp">NOW</field>
</doc>
<doc>
<field name="uri">http://eu.dbpedia.org/resource/Pedro_Berruguete</field>
<field name="entity_type">artists</field>
<field name="timestamp">NOW</field>
<field name="sameAs">http://dbpedia.org/resource/Pedro_Berruguete</field>
</doc>
<doc>
<field name="uri">http://zh.dbpedia.org/resource/佩德罗·贝鲁格特</field>
<field name="entity_type">artists</field>
<field name="timestamp">NOW</field>
<field name="sameAs">http://dbpedia.org/resource/Pedro_Berruguete</field>
</doc>
<doc>
<field name="uri">http://ca.dbpedia.org/resource/Pedro_Berruguete</field>
<field name="entity_type">artists</field>
<field name="timestamp">NOW</field>
<field name="sameAs">http://dbpedia.org/resource/Pedro_Berruguete</field>
</doc>
<doc>
<field name="uri">http://mk.dbpedia.org/resource/Педро_Беругете</field>
<field name="entity_type">artists</field>
<field name="timestamp">NOW</field>
<field name="sameAs">http://dbpedia.org/resource/Pedro_Berruguete</field>
</doc>
<doc>
<field name="uri">http://wikidata.dbpedia.org/resource/Q561783</field>
<field name="entity_type">artists</field>
<field name="timestamp">NOW</field>
<field name="sameAs">http://dbpedia.org/resource/Pedro_Berruguete</field>
</doc>
</add>
