<add xmlns:dc="http://purl.org/dc/elements/1.1/" overwrite="true">
<doc>
<field name="uri">http://ru.dbpedia.org/resource/Мола,_Пьер_Франческо</field>
<field name="entity_type">artists</field>
<field name="timestamp">NOW</field>
<field name="sameAs">http://dbpedia.org/resource/Pier_Francesco_Mola</field>
</doc>
<doc>
<field name="uri">http://es.dbpedia.org/resource/Pier_Francesco_Mola</field>
<field name="entity_type">artists</field>
<field name="timestamp">NOW</field>
<field name="sameAs">http://dbpedia.org/resource/Pier_Francesco_Mola</field>
</doc>
<doc>
<field name="uri">http://dbpedia.org/resource/Mola</field>
<field name="entity_type">artists</field>
<field name="timestamp">NOW</field>
</doc>
<doc>
<field name="uri">http://pl.dbpedia.org/resource/Pier_Francesco_Mola</field>
<field name="entity_type">artists</field>
<field name="timestamp">NOW</field>
<field name="sameAs">http://dbpedia.org/resource/Pier_Francesco_Mola</field>
</doc>
<doc>
<field name="uri">http://dbpedia.org/resource/The_Rest_on_the_Flight_into_Egypt_(Mola)</field>
<field name="entity_type">artists</field>
<field name="timestamp">NOW</field>
<field name="artist">http://dbpedia.org/resource/Pier_Francesco_Mola</field>
</doc>
<doc>
<field name="uri">http://dbpedia.org/resource/Pier_Francesco_Mola</field>
<field name="entity_type">artists</field>
<field name="timestamp">NOW</field>
<field name="sameAs">http://hu.dbpedia.org/resource/Pier_Francesco_Mola</field>
<field name="sameAs">http://www.wikidata.org/entity/Q1192715</field>
<field name="sameAs">http://ru.dbpedia.org/resource/Мола,_Пьер_Франческо</field>
<field name="sameAs">http://nap.dbpedia.org/resource/Pier_Francesco_Mola</field>
<field name="sameAs">http://it.dbpedia.org/resource/Pier_Francesco_Mola</field>
<field name="sameAs">http://uk.dbpedia.org/resource/П'єр_Франческо_Мола</field>
<field name="sameAs">http://pl.dbpedia.org/resource/Pier_Francesco_Mola</field>
<field name="sameAs">http://fr.dbpedia.org/resource/Pier_Francesco_Mola</field>
<field name="sameAs">http://yago-knowledge.org/resource/Pier_Francesco_Mola</field>
<field name="sameAs">http://de.dbpedia.org/resource/Pier_Francesco_Mola</field>
<field name="sameAs">http://es.dbpedia.org/resource/Pier_Francesco_Mola</field>
<field name="sameAs">http://rdf.freebase.com/ns/m.0c2qzf</field>
<field name="sameAs">http://pt.dbpedia.org/resource/Pier_Francesco_Mola</field>
<field name="sameAs">http://dbpedia.org/resource/Pier_Francesco_Mola</field>
<field name="subject" update="add">http://dbpedia.org/resource/Category:People_from_Ticino</field>
<field name="subject" update="add">http://dbpedia.org/resource/Category:1666_deaths</field>
<field name="subject" update="add">http://dbpedia.org/resource/Category:Italian_Baroque_painters</field>
<field name="subject" update="add">http://dbpedia.org/resource/Category:Italian_painters</field>
<field name="subject" update="add">http://dbpedia.org/resource/Category:1612_births</field>
<field name="abstract">Pier Francesco Mola, called Il Ticinese (9 February 1612 – 13 May 1666) was an Italian painter of the High Baroque, mainly active around Rome.</field>
<field name="birth-place">http://dbpedia.org/resource/Switzerland</field>
<field name="birth-place">http://dbpedia.org/resource/Ticino</field>
<field name="death-place">http://dbpedia.org/resource/Rome</field>
<field name="field">http://dbpedia.org/resource/Painting</field>
<field name="movement">http://dbpedia.org/resource/Baroque</field>
<field name="label">Pier Francesco Mola</field>
<field name="depiction">http://upload.wikimedia.org/wikipedia/commons/7/7d/Mola_Autoritratto.jpg</field>
<field name="comment">Pier Francesco Mola, called Il Ticinese (9 February 1612 – 13 May 1666) was an Italian painter of the High Baroque, mainly active around Rome.</field>
<field name="name"/>
<field name="thumbnail">http://upload.wikimedia.org/wikipedia/commons/thumb/7/7d/Mola_Autoritratto.jpg/200px-Mola_Autoritratto.jpg</field>
<field name="field">http://dbpedia.org/resource/Painting</field>
<field name="movement">http://dbpedia.org/resource/Baroque</field>
<field name="isPrimaryTopicOf">http://en.wikipedia.org/wiki/Pier_Francesco_Mola</field>
<field name="description"/>
<field name="photo-collection">http://wifo5-03.informatik.uni-mannheim.de/flickrwrappr/photos/Pier_Francesco_Mola</field>
</doc>
<doc>
<field name="uri">http://fr.dbpedia.org/resource/Pier_Francesco_Mola</field>
<field name="entity_type">artists</field>
<field name="timestamp">NOW</field>
<field name="sameAs">http://dbpedia.org/resource/Pier_Francesco_Mola</field>
</doc>
<doc>
<field name="uri">http://it.dbpedia.org/resource/Pier_Francesco_Mola</field>
<field name="entity_type">artists</field>
<field name="timestamp">NOW</field>
<field name="sameAs">http://dbpedia.org/resource/Pier_Francesco_Mola</field>
</doc>
<doc>
<field name="uri">http://pt.dbpedia.org/resource/Pier_Francesco_Mola</field>
<field name="entity_type">artists</field>
<field name="timestamp">NOW</field>
<field name="sameAs">http://dbpedia.org/resource/Pier_Francesco_Mola</field>
</doc>
<doc>
<field name="uri">http://en.wikipedia.org/wiki/Pier_Francesco_Mola</field>
<field name="entity_type">artists</field>
<field name="timestamp">NOW</field>
<field name="primaryTopic">http://dbpedia.org/resource/Pier_Francesco_Mola</field>
</doc>
<doc>
<field name="uri">http://dbpedia.org/resource/Francesco_Mola</field>
<field name="entity_type">artists</field>
<field name="timestamp">NOW</field>
</doc>
<doc>
<field name="uri">http://dbpedia.org/resource/Pietro_Francesco_Mola</field>
<field name="entity_type">artists</field>
<field name="timestamp">NOW</field>
</doc>
<doc>
<field name="uri">http://wikidata.dbpedia.org/resource/Q1192715</field>
<field name="entity_type">artists</field>
<field name="timestamp">NOW</field>
<field name="sameAs">http://dbpedia.org/resource/Pier_Francesco_Mola</field>
</doc>
<doc>
<field name="uri">http://de.dbpedia.org/resource/Pier_Francesco_Mola</field>
<field name="entity_type">artists</field>
<field name="timestamp">NOW</field>
<field name="sameAs">http://dbpedia.org/resource/Pier_Francesco_Mola</field>
</doc>
<doc>
<field name="uri">http://hu.dbpedia.org/resource/Pier_Francesco_Mola</field>
<field name="entity_type">artists</field>
<field name="timestamp">NOW</field>
<field name="sameAs">http://dbpedia.org/resource/Pier_Francesco_Mola</field>
</doc>
<doc>
<field name="uri">http://nap.dbpedia.org/resource/Pier_Francesco_Mola</field>
<field name="entity_type">artists</field>
<field name="timestamp">NOW</field>
<field name="sameAs">http://dbpedia.org/resource/Pier_Francesco_Mola</field>
</doc>
<doc>
<field name="uri">http://uk.dbpedia.org/resource/П'єр_Франческо_Мола</field>
<field name="entity_type">artists</field>
<field name="timestamp">NOW</field>
<field name="sameAs">http://dbpedia.org/resource/Pier_Francesco_Mola</field>
</doc>
</add>
