<add xmlns:dc="http://purl.org/dc/elements/1.1/" overwrite="true">
<doc>
<field name="uri">http://en.wikipedia.org/wiki/Rudolph_F._Zallinger</field>
<field name="entity_type">artists</field>
<field name="timestamp">NOW</field>
<field name="primaryTopic">http://dbpedia.org/resource/Rudolph_F._Zallinger</field>
</doc>
<doc>
<field name="uri">http://dbpedia.org/resource/Rudolph_Franz_Zallinger</field>
<field name="entity_type">artists</field>
<field name="timestamp">NOW</field>
</doc>
<doc>
<field name="uri">http://dbpedia.org/resource/Rudolph_Zallinger</field>
<field name="entity_type">artists</field>
<field name="timestamp">NOW</field>
</doc>
<doc>
<field name="uri">http://dbpedia.org/resource/Rudy_Zallinger</field>
<field name="entity_type">artists</field>
<field name="timestamp">NOW</field>
</doc>
<doc>
<field name="uri">http://dbpedia.org/resource/Rudolph_F._Zallinger</field>
<field name="entity_type">artists</field>
<field name="timestamp">NOW</field>
<field name="sameAs">http://it.dbpedia.org/resource/Rudolph_F._Zallinger</field>
<field name="sameAs">http://rdf.freebase.com/ns/m.027skr0</field>
<field name="sameAs">http://yago-knowledge.org/resource/Rudolph_F._Zallinger</field>
<field name="sameAs">http://ca.dbpedia.org/resource/Rudolph_F._Zallinger</field>
<field name="sameAs">http://dbpedia.org/resource/Rudolph_F._Zallinger</field>
<field name="sameAs">http://www.wikidata.org/entity/Q7377412</field>
<field name="subject" update="add">http://dbpedia.org/resource/Category:American_tempera_painters</field>
<field name="subject" update="add">http://dbpedia.org/resource/Category:American_muralists</field>
<field name="subject" update="add">http://dbpedia.org/resource/Category:Animal_artists</field>
<field name="subject" update="add">http://dbpedia.org/resource/Category:1995_deaths</field>
<field name="subject" update="add">http://dbpedia.org/resource/Category:Paleoart</field>
<field name="subject" update="add">http://dbpedia.org/resource/Category:American_painters</field>
<field name="subject" update="add">http://dbpedia.org/resource/Category:Russian_artists</field>
<field name="subject" update="add">http://dbpedia.org/resource/Category:1919_births</field>
<field name="abstract">Rudolph Franz Zallinger (November 12, 1919 - August 1, 1995) was an American-based artist notable for his mural The Age of Reptiles (1947) at Yale's Peabody Museum of Natural History and for the popular illustration known as March of Progress (1965), one of the world's most recognizable scientific images. His painting of the Tyrannosaurus Rex heavily influenced the design of Toho Studios' "Godzilla" when the film was made in 1954 (two of Zallinger's dinosaurs - the T. Rex and the Brontosaurus are seen as part of the slide demonstration during Dr. Yamane's lecture in the Diet. A third slide showing Zallinger's Stegosaurus was planned but eventually not used in the film).</field>
<field name="label">Rudolph F. Zallinger</field>
<field name="depiction">http://upload.wikimedia.org/wikipedia/commons/5/57/The_age_of_reptiles_(full-low).png</field>
<field name="comment">Rudolph Franz Zallinger (November 12, 1919 - August 1, 1995) was an American-based artist notable for his mural The Age of Reptiles (1947) at Yale's Peabody Museum of Natural History and for the popular illustration known as March of Progress (1965), one of the world's most recognizable scientific images. His painting of the Tyrannosaurus Rex heavily influenced the design of Toho Studios' "Godzilla" when the film was made in 1954 (two of Zallinger's dinosaurs - the T.</field>
<field name="name"/>
<field name="thumbnail">http://upload.wikimedia.org/wikipedia/commons/thumb/5/57/The_age_of_reptiles_(full-low).png/200px-The_age_of_reptiles_(full-low).png</field>
<field name="isPrimaryTopicOf">http://en.wikipedia.org/wiki/Rudolph_F._Zallinger</field>
<field name="description"/>
<field name="photo-collection">http://wifo5-03.informatik.uni-mannheim.de/flickrwrappr/photos/Rudolph_F._Zallinger</field>
</doc>
<doc>
<field name="uri">http://dbpedia.org/resource/The_Age_of_Reptiles</field>
<field name="entity_type">artists</field>
<field name="timestamp">NOW</field>
<field name="artist">http://dbpedia.org/resource/Rudolph_F._Zallinger</field>
</doc>
<doc>
<field name="uri">http://ca.dbpedia.org/resource/Rudolph_F._Zallinger</field>
<field name="entity_type">artists</field>
<field name="timestamp">NOW</field>
<field name="sameAs">http://dbpedia.org/resource/Rudolph_F._Zallinger</field>
</doc>
<doc>
<field name="uri">http://it.dbpedia.org/resource/Rudolph_F._Zallinger</field>
<field name="entity_type">artists</field>
<field name="timestamp">NOW</field>
<field name="sameAs">http://dbpedia.org/resource/Rudolph_F._Zallinger</field>
</doc>
<doc>
<field name="uri">http://wikidata.dbpedia.org/resource/Q7377412</field>
<field name="entity_type">artists</field>
<field name="timestamp">NOW</field>
<field name="sameAs">http://dbpedia.org/resource/Rudolph_F._Zallinger</field>
</doc>
</add>
