<add xmlns:dc="http://purl.org/dc/elements/1.1/" overwrite="true">
<doc>
<field name="uri">http://dbpedia.org/resource/George_Russell_Drysdale</field>
<field name="entity_type">artists</field>
<field name="timestamp">NOW</field>
</doc>
<doc>
<field name="uri">http://it.dbpedia.org/resource/Russell_Drysdale</field>
<field name="entity_type">artists</field>
<field name="timestamp">NOW</field>
<field name="sameAs">http://dbpedia.org/resource/Russell_Drysdale</field>
</doc>
<doc>
<field name="uri">http://dbpedia.org/resource/Darkness_Visible_(novel)</field>
<field name="entity_type">artists</field>
<field name="timestamp">NOW</field>
</doc>
<doc>
<field name="uri">http://fr.dbpedia.org/resource/Russell_Drysdale</field>
<field name="entity_type">artists</field>
<field name="timestamp">NOW</field>
<field name="sameAs">http://dbpedia.org/resource/Russell_Drysdale</field>
</doc>
<doc>
<field name="uri">http://dbpedia.org/resource/Russel_drysdale</field>
<field name="entity_type">artists</field>
<field name="timestamp">NOW</field>
</doc>
<doc>
<field name="uri">http://dbpedia.org/resource/Russell_Drysdale</field>
<field name="entity_type">artists</field>
<field name="timestamp">NOW</field>
<field name="sameAs">http://fr.dbpedia.org/resource/Russell_Drysdale</field>
<field name="sameAs">http://it.dbpedia.org/resource/Russell_Drysdale</field>
<field name="sameAs">http://yago-knowledge.org/resource/Russell_Drysdale</field>
<field name="sameAs">http://dbpedia.org/resource/Russell_Drysdale</field>
<field name="sameAs">http://www.wikidata.org/entity/Q3453456</field>
<field name="sameAs">http://rdf.freebase.com/ns/m.05dq89</field>
<field name="sameAs">http://sw.cyc.com/concept/Mx4rvebliJwpEbGdrcN5Y29ycA</field>
<field name="subject" update="add">http://dbpedia.org/resource/Category:Alumni_of_the_Acad%C3%A9mie_de_la_Grande_Chaumi%C3%A8re</field>
<field name="subject" update="add">http://dbpedia.org/resource/Category:Australian_knights</field>
<field name="subject" update="add">http://dbpedia.org/resource/Category:1981_deaths</field>
<field name="subject" update="add">http://dbpedia.org/resource/Category:Australian_painters</field>
<field name="subject" update="add">http://dbpedia.org/resource/Category:Paintings_by_Russell_Drysdale</field>
<field name="subject" update="add">http://dbpedia.org/resource/Category:Knights_Bachelor</field>
<field name="subject" update="add">http://dbpedia.org/resource/Category:People_from_Bognor_Regis</field>
<field name="subject" update="add">http://dbpedia.org/resource/Category:Companions_of_the_Order_of_Australia</field>
<field name="subject" update="add">http://dbpedia.org/resource/Category:1912_births</field>
<field name="abstract">Sir George Russell Drysdale, AC (7 February 1912 – 29 June 1981) was an Australian artist. He won the prestigious Wynne Prize for Sofala in 1947, and represented Australia at the Venice Biennale in 1954. He was influenced by abstract and surrealist art, and "created a new vision of the Australian scene as revolutionary and influential as that of Tom Roberts".</field>
<field name="birth-name"/>
<field name="birth-place">http://dbpedia.org/resource/England</field>
<field name="birth-place">http://dbpedia.org/resource/Bognor_Regis</field>
<field name="death-place">http://dbpedia.org/resource/Sydney</field>
<field name="death-place">http://dbpedia.org/resource/Australia</field>
<field name="field">http://dbpedia.org/resource/Painting</field>
<field name="label">Russell Drysdale</field>
<field name="depiction">http://upload.wikimedia.org/wikipedia/commons/c/ca/Russell_Drysdale_Max_Dupain_1945.jpg</field>
<field name="comment">Sir George Russell Drysdale, AC (7 February 1912 – 29 June 1981) was an Australian artist. He won the prestigious Wynne Prize for Sofala in 1947, and represented Australia at the Venice Biennale in 1954. He was influenced by abstract and surrealist art, and "created a new vision of the Australian scene as revolutionary and influential as that of Tom Roberts".</field>
<field name="name"/>
<field name="thumbnail">http://upload.wikimedia.org/wikipedia/commons/thumb/c/ca/Russell_Drysdale_Max_Dupain_1945.jpg/200px-Russell_Drysdale_Max_Dupain_1945.jpg</field>
<field name="link_external">http://www.ngv.vic.gov.au/drysdale/drysdale.htm</field>
<field name="link_external">http://www.balgal.com/?id=drysdalerussell</field>
<field name="link_external">http://www.artabase.net/artist/1615-russell-drysdale</field>
<field name="link_external">http://www.abc.net.au/arts/drysdale/drysdale.htm</field>
<field name="field">http://dbpedia.org/resource/Painting</field>
<field name="isPrimaryTopicOf">http://en.wikipedia.org/wiki/Russell_Drysdale</field>
<field name="description"/>
<field name="photo-collection">http://wifo5-03.informatik.uni-mannheim.de/flickrwrappr/photos/Russell_Drysdale</field>
</doc>
<doc>
<field name="uri">http://dbpedia.org/resource/Drysdale,_Sir_George_Russell</field>
<field name="entity_type">artists</field>
<field name="timestamp">NOW</field>
</doc>
<doc>
<field name="uri">http://dbpedia.org/resource/Sir_George_Russell_Drysdale</field>
<field name="entity_type">artists</field>
<field name="timestamp">NOW</field>
</doc>
<doc>
<field name="uri">http://dbpedia.org/resource/The_Drover's_Wife</field>
<field name="entity_type">artists</field>
<field name="timestamp">NOW</field>
<field name="artist">http://dbpedia.org/resource/Russell_Drysdale</field>
</doc>
<doc>
<field name="uri">http://dbpedia.org/resource/Sir_Russell_Drysdale</field>
<field name="entity_type">artists</field>
<field name="timestamp">NOW</field>
</doc>
<doc>
<field name="uri">http://dbpedia.org/resource/The_cricketers</field>
<field name="entity_type">artists</field>
<field name="timestamp">NOW</field>
<field name="artist">http://dbpedia.org/resource/Russell_Drysdale</field>
</doc>
<doc>
<field name="uri">http://dbpedia.org/resource/Drysdale</field>
<field name="entity_type">artists</field>
<field name="timestamp">NOW</field>
</doc>
<doc>
<field name="uri">http://en.wikipedia.org/wiki/Russell_Drysdale</field>
<field name="entity_type">artists</field>
<field name="timestamp">NOW</field>
<field name="primaryTopic">http://dbpedia.org/resource/Russell_Drysdale</field>
</doc>
<doc>
<field name="uri">http://wikidata.dbpedia.org/resource/Q3453456</field>
<field name="entity_type">artists</field>
<field name="timestamp">NOW</field>
<field name="sameAs">http://dbpedia.org/resource/Russell_Drysdale</field>
</doc>
</add>
