<add xmlns:dc="http://purl.org/dc/elements/1.1/" overwrite="true">
<doc>
<field name="uri">http://en.wikipedia.org/wiki/Sergei_Ivanovich_Osipov</field>
<field name="entity_type">artists</field>
<field name="timestamp">NOW</field>
<field name="primaryTopic">http://dbpedia.org/resource/Sergei_Ivanovich_Osipov</field>
</doc>
<doc>
<field name="uri">http://dbpedia.org/resource/Sergei_Ivanovich_Osipov</field>
<field name="entity_type">artists</field>
<field name="timestamp">NOW</field>
<field name="sameAs">http://www.wikidata.org/entity/Q590638</field>
<field name="sameAs">http://yago-knowledge.org/resource/Sergei_Ivanovich_Osipov</field>
<field name="sameAs">http://rdf.freebase.com/ns/m.0bmh3m2</field>
<field name="sameAs">http://es.dbpedia.org/resource/Serguéi_Ósipov</field>
<field name="sameAs">http://ru.dbpedia.org/resource/Осипов,_Сергей_Иванович</field>
<field name="sameAs">http://dbpedia.org/resource/Sergei_Ivanovich_Osipov</field>
<field name="sameAs">http://it.dbpedia.org/resource/Sergej_Ivanovič_Osipov</field>
<field name="subject" update="add">http://dbpedia.org/resource/Category:Soviet_military_personnel_of_World_War_II</field>
<field name="subject" update="add">http://dbpedia.org/resource/Category:1985_deaths</field>
<field name="subject" update="add">http://dbpedia.org/resource/Category:1915_births</field>
<field name="subject" update="add">http://dbpedia.org/resource/Category:Leningrad_School_artists</field>
<field name="subject" update="add">http://dbpedia.org/resource/Category:Landscape_artists</field>
<field name="subject" update="add">http://dbpedia.org/resource/Category:Veterans_of_the_Leningrad_Front</field>
<field name="subject" update="add">http://dbpedia.org/resource/Category:People_from_Tver_Oblast</field>
<field name="subject" update="add">http://dbpedia.org/resource/Category:Recipients_of_the_Order_of_Glory</field>
<field name="subject" update="add">http://dbpedia.org/resource/Category:Paintings_by_Sergei_Ivanovich_Osipov</field>
<field name="subject" update="add">http://dbpedia.org/resource/Category:Russian_painters</field>
<field name="subject" update="add">http://dbpedia.org/resource/Category:Russian_artists</field>
<field name="subject" update="add">http://dbpedia.org/resource/Category:Soviet_painters</field>
<field name="subject" update="add">http://dbpedia.org/resource/Category:Members_of_the_Leningrad_Union_of_Artists</field>
<field name="subject" update="add">http://dbpedia.org/resource/Category:Socialist_realism_artists</field>
<field name="subject" update="add">http://dbpedia.org/resource/Category:Soviet_art</field>
<field name="subject" update="add">http://dbpedia.org/resource/Category:Socialist_realism</field>
<field name="subject" update="add">http://dbpedia.org/resource/Category:Painters_from_Saint_Petersburg</field>
<field name="subject" update="add">http://dbpedia.org/resource/Category:Repin_Institute_of_Arts_alumni</field>
<field name="abstract">Sergei Ivanovich Osipov (Russian: Серге́й Ива́нович О́сипов; September 22, 1915, Stepankovo, Bezhetsk county, Tver Province, Russian Empire – 1985, Leningrad, USSR) was a Soviet Russian painter, graphic artist, and art teacher, lived and worked in Leningrad, a member of the Leningrad branch of Union of Artists of Russian Federation, regarded as one of the leading representatives of the Leningrad school of painting, most famous for his landscape and still life paintings.</field>
<field name="birth-place">http://dbpedia.org/resource/Bezhetsk</field>
<field name="birth-place">http://dbpedia.org/resource/Tver_Oblast</field>
<field name="birth-place">http://dbpedia.org/resource/Russian_Empire</field>
<field name="death-place">http://dbpedia.org/resource/Saint_Petersburg</field>
<field name="death-place">http://dbpedia.org/resource/Soviet_Union</field>
<field name="field">http://dbpedia.org/resource/Painting</field>
<field name="field">http://dbpedia.org/resource/Art_education</field>
<field name="movement">http://dbpedia.org/resource/Realism_(arts)</field>
<field name="label">Sergei Ivanovich Osipov</field>
<field name="depiction">http://upload.wikimedia.org/wikipedia/commons/0/06/Osipov-Sergei-Ivanovich-9bw.jpg</field>
<field name="comment">Sergei Ivanovich Osipov (Russian: Серге́й Ива́нович О́сипов; September 22, 1915, Stepankovo, Bezhetsk county, Tver Province, Russian Empire – 1985, Leningrad, USSR) was a Soviet Russian painter, graphic artist, and art teacher, lived and worked in Leningrad, a member of the Leningrad branch of Union of Artists of Russian Federation, regarded as one of the leading representatives of the Leningrad school of painting, most famous for his landscape and still life paintings.</field>
<field name="name"/>
<field name="name"/>
<field name="thumbnail">http://upload.wikimedia.org/wikipedia/commons/thumb/0/06/Osipov-Sergei-Ivanovich-9bw.jpg/200px-Osipov-Sergei-Ivanovich-9bw.jpg</field>
<field name="link_external">http://www.leningradartist.com/outline.htm</field>
<field name="link_external">http://www.leningradartist.com/still-life-at-the-leningrad-table_r.html</field>
<field name="link_external">http://www.leningradartist.com/</field>
<field name="link_external">http://www.leningradartist.com/osipov_r.htm</field>
<field name="field">http://dbpedia.org/resource/Art_education</field>
<field name="field">http://dbpedia.org/resource/Painting</field>
<field name="movement">http://dbpedia.org/resource/Realism_(arts)</field>
<field name="title">Principal exhibitions by Sergei Osipov</field>
<field name="isPrimaryTopicOf">http://en.wikipedia.org/wiki/Sergei_Ivanovich_Osipov</field>
<field name="description"/>
<field name="photo-collection">http://wifo5-03.informatik.uni-mannheim.de/flickrwrappr/photos/Sergei_Ivanovich_Osipov</field>
</doc>
<doc>
<field name="uri">http://it.dbpedia.org/resource/Sergej_Ivanovič_Osipov</field>
<field name="entity_type">artists</field>
<field name="timestamp">NOW</field>
<field name="sameAs">http://dbpedia.org/resource/Sergei_Ivanovich_Osipov</field>
</doc>
<doc>
<field name="uri">http://dbpedia.org/resource/Cornflowers_(painting)</field>
<field name="entity_type">artists</field>
<field name="timestamp">NOW</field>
<field name="artist">http://dbpedia.org/resource/Sergei_Ivanovich_Osipov</field>
</doc>
<doc>
<field name="uri">http://dbpedia.org/resource/Artist_Sergei_Osipov</field>
<field name="entity_type">artists</field>
<field name="timestamp">NOW</field>
</doc>
<doc>
<field name="uri">http://dbpedia.org/resource/Osipov_Sergei</field>
<field name="entity_type">artists</field>
<field name="timestamp">NOW</field>
</doc>
<doc>
<field name="uri">http://dbpedia.org/resource/Osipov_Sergey</field>
<field name="entity_type">artists</field>
<field name="timestamp">NOW</field>
</doc>
<doc>
<field name="uri">http://dbpedia.org/resource/Osipov_Sergey_Ivanovich</field>
<field name="entity_type">artists</field>
<field name="timestamp">NOW</field>
</doc>
<doc>
<field name="uri">http://dbpedia.org/resource/Sergey_Ivanovich_Osipov</field>
<field name="entity_type">artists</field>
<field name="timestamp">NOW</field>
</doc>
<doc>
<field name="uri">http://dbpedia.org/resource/Sergey_Osipov</field>
<field name="entity_type">artists</field>
<field name="timestamp">NOW</field>
</doc>
<doc>
<field name="uri">http://ru.dbpedia.org/resource/Осипов,_Сергей_Иванович</field>
<field name="entity_type">artists</field>
<field name="timestamp">NOW</field>
<field name="sameAs">http://dbpedia.org/resource/Sergei_Ivanovich_Osipov</field>
</doc>
<doc>
<field name="uri">http://dbpedia.org/resource/House_with_Arch_(painting)</field>
<field name="entity_type">artists</field>
<field name="timestamp">NOW</field>
<field name="artist">http://dbpedia.org/resource/Sergei_Ivanovich_Osipov</field>
</doc>
<doc>
<field name="uri">http://es.dbpedia.org/resource/Serguéi_Ósipov</field>
<field name="entity_type">artists</field>
<field name="timestamp">NOW</field>
<field name="sameAs">http://dbpedia.org/resource/Sergei_Ivanovich_Osipov</field>
</doc>
<doc>
<field name="uri">http://wikidata.dbpedia.org/resource/Q590638</field>
<field name="entity_type">artists</field>
<field name="timestamp">NOW</field>
<field name="sameAs">http://dbpedia.org/resource/Sergei_Ivanovich_Osipov</field>
</doc>
</add>
