<add xmlns:dc="http://purl.org/dc/elements/1.1/" overwrite="true">
<doc>
<field name="uri">http://es.dbpedia.org/resource/Sidney_Nolan</field>
<field name="entity_type">artists</field>
<field name="timestamp">NOW</field>
<field name="sameAs">http://dbpedia.org/resource/Sidney_Nolan</field>
</doc>
<doc>
<field name="uri">http://pt.dbpedia.org/resource/Sidney_Robert_Nolan</field>
<field name="entity_type">artists</field>
<field name="timestamp">NOW</field>
<field name="sameAs">http://dbpedia.org/resource/Sidney_Nolan</field>
</doc>
<doc>
<field name="uri">http://dbpedia.org/resource/Nolan</field>
<field name="entity_type">artists</field>
<field name="timestamp">NOW</field>
</doc>
<doc>
<field name="uri">http://dbpedia.org/resource/Sidney_Nolan_Trust</field>
<field name="entity_type">artists</field>
<field name="timestamp">NOW</field>
</doc>
<doc>
<field name="uri">http://dbpedia.org/resource/Sidney</field>
<field name="entity_type">artists</field>
<field name="timestamp">NOW</field>
</doc>
<doc>
<field name="uri">http://dbpedia.org/resource/Sidney_Nolan</field>
<field name="entity_type">artists</field>
<field name="timestamp">NOW</field>
<field name="sameAs">http://pt.dbpedia.org/resource/Sidney_Robert_Nolan</field>
<field name="sameAs">http://de.dbpedia.org/resource/Sidney_Nolan</field>
<field name="sameAs">http://sh.dbpedia.org/resource/Sidney_Nolan</field>
<field name="sameAs">http://eu.dbpedia.org/resource/Sidney_Robert_Nolan</field>
<field name="sameAs">http://zh.dbpedia.org/resource/西德尼·諾蘭</field>
<field name="sameAs">http://yago-knowledge.org/resource/Sidney_Nolan</field>
<field name="sameAs">http://fr.dbpedia.org/resource/Sidney_Nolan</field>
<field name="sameAs">http://sv.dbpedia.org/resource/Sidney_Nolan</field>
<field name="sameAs">http://is.dbpedia.org/resource/Sidney_Nolan</field>
<field name="sameAs">http://rdf.freebase.com/ns/m.021k1s</field>
<field name="sameAs">http://ru.dbpedia.org/resource/Нолан,_Сидней</field>
<field name="sameAs">http://dbpedia.org/resource/Sidney_Nolan</field>
<field name="sameAs">http://da.dbpedia.org/resource/Sidney_Nolan</field>
<field name="sameAs">http://kk.dbpedia.org/resource/Сидней_Нолан</field>
<field name="sameAs">http://es.dbpedia.org/resource/Sidney_Nolan</field>
<field name="sameAs">http://ro.dbpedia.org/resource/Sidney_Nolan</field>
<field name="sameAs">http://www.wikidata.org/entity/Q381031</field>
<field name="sameAs">http://simple.dbpedia.org/resource/Sidney_Nolan</field>
<field name="sameAs">http://it.dbpedia.org/resource/Sidney_Nolan</field>
<field name="sameAs">http://ja.dbpedia.org/resource/シドニー・ノーラン</field>
<field name="subject" update="add">http://dbpedia.org/resource/Category:Australian_printmakers</field>
<field name="subject" update="add">http://dbpedia.org/resource/Category:1992_deaths</field>
<field name="subject" update="add">http://dbpedia.org/resource/Category:1917_births</field>
<field name="subject" update="add">http://dbpedia.org/resource/Category:Members_of_the_Order_of_Merit</field>
<field name="subject" update="add">http://dbpedia.org/resource/Category:Australian_painters</field>
<field name="subject" update="add">http://dbpedia.org/resource/Category:Companions_of_the_Order_of_Australia</field>
<field name="subject" update="add">http://dbpedia.org/resource/Category:Royal_Academicians</field>
<field name="subject" update="add">http://dbpedia.org/resource/Category:Burials_at_Highgate_Cemetery</field>
<field name="subject" update="add">http://dbpedia.org/resource/Category:Artists_from_Melbourne</field>
<field name="subject" update="add">http://dbpedia.org/resource/Category:Knights_Bachelor</field>
<field name="subject" update="add">http://dbpedia.org/resource/Category:Australian_knights</field>
<field name="subject" update="add">http://dbpedia.org/resource/Category:Australian_expatriates_in_the_United_Kingdom</field>
<field name="subject" update="add">http://dbpedia.org/resource/Category:Swinburne_University_of_Technology_alumni</field>
<field name="abstract">Sir Sidney Robert Nolan OM, AC (22 April 1917 – 28 November 1992) was one of Australia's best-known painters and printmakers.</field>
<field name="birth-place">http://dbpedia.org/resource/Carlton,_Victoria</field>
<field name="movement">http://dbpedia.org/resource/Angry_Penguins</field>
<field name="label">Sidney Nolan</field>
<field name="depiction">http://upload.wikimedia.org/wikipedia/commons/e/ef/Portrait_of_Sidney_Nolan.jpg</field>
<field name="comment">Sir Sidney Robert Nolan OM, AC (22 April 1917 – 28 November 1992) was one of Australia's best-known painters and printmakers.</field>
<field name="name"/>
<field name="thumbnail">http://upload.wikimedia.org/wikipedia/commons/thumb/e/ef/Portrait_of_Sidney_Nolan.jpg/200px-Portrait_of_Sidney_Nolan.jpg</field>
<field name="link_external">http://www.australiadancing.org/subjects/2161.html</field>
<field name="link_external">http://www.nga.gov.au/OutandAbout/Texts/44010.htm</field>
<field name="link_external">http://www.sidneynolantrust.org/</field>
<field name="link_external">http://www.pictureaustralia.org/search/sidney%20nolan</field>
<field name="link_external">http://www.rugusavay.com/sidney-nolan-selected-works-paintings/</field>
<field name="link_external">http://www.artabase.net/artist/1642-sidney-nolan</field>
<field name="link_external">http://www.australianart.com.au/artists.php?ID=14</field>
<field name="field"/>
<field name="movement">http://dbpedia.org/resource/Angry_Penguins</field>
<field name="isPrimaryTopicOf">http://en.wikipedia.org/wiki/Sidney_Nolan</field>
<field name="description"/>
<field name="photo-collection">http://wifo5-03.informatik.uni-mannheim.de/flickrwrappr/photos/Sidney_Nolan</field>
</doc>
<doc>
<field name="uri">http://dbpedia.org/resource/My_Brother_Jack</field>
<field name="entity_type">artists</field>
<field name="timestamp">NOW</field>
</doc>
<doc>
<field name="uri">http://de.dbpedia.org/resource/Sidney_Nolan</field>
<field name="entity_type">artists</field>
<field name="timestamp">NOW</field>
<field name="sameAs">http://dbpedia.org/resource/Sidney_Nolan</field>
</doc>
<doc>
<field name="uri">http://fr.dbpedia.org/resource/Sidney_Nolan</field>
<field name="entity_type">artists</field>
<field name="timestamp">NOW</field>
<field name="sameAs">http://dbpedia.org/resource/Sidney_Nolan</field>
</doc>
<doc>
<field name="uri">http://it.dbpedia.org/resource/Sidney_Nolan</field>
<field name="entity_type">artists</field>
<field name="timestamp">NOW</field>
<field name="sameAs">http://dbpedia.org/resource/Sidney_Nolan</field>
</doc>
<doc>
<field name="uri">http://ja.dbpedia.org/resource/シドニー・ノーラン</field>
<field name="entity_type">artists</field>
<field name="timestamp">NOW</field>
<field name="sameAs">http://dbpedia.org/resource/Sidney_Nolan</field>
</doc>
<doc>
<field name="uri">http://ru.dbpedia.org/resource/Нолан,_Сидней</field>
<field name="entity_type">artists</field>
<field name="timestamp">NOW</field>
<field name="sameAs">http://dbpedia.org/resource/Sidney_Nolan</field>
</doc>
<doc>
<field name="uri">http://en.wikipedia.org/wiki/Sidney_Nolan</field>
<field name="entity_type">artists</field>
<field name="timestamp">NOW</field>
<field name="primaryTopic">http://dbpedia.org/resource/Sidney_Nolan</field>
</doc>
<doc>
<field name="uri">http://dbpedia.org/resource/Nolan,_Sir_Sidney_Robert</field>
<field name="entity_type">artists</field>
<field name="timestamp">NOW</field>
</doc>
<doc>
<field name="uri">http://dbpedia.org/resource/Sir_Sidney_Robert_Nolan</field>
<field name="entity_type">artists</field>
<field name="timestamp">NOW</field>
</doc>
<doc>
<field name="uri">http://dbpedia.org/resource/The_Trial_(painting)</field>
<field name="entity_type">artists</field>
<field name="timestamp">NOW</field>
<field name="artist">http://dbpedia.org/resource/Sidney_Nolan</field>
</doc>
<doc>
<field name="uri">http://dbpedia.org/resource/Howard_Arkley</field>
<field name="entity_type">artists</field>
<field name="timestamp">NOW</field>
<field name="influenced">http://dbpedia.org/resource/Sidney_Nolan</field>
</doc>
<doc>
<field name="uri">http://dbpedia.org/resource/Sir_Sidney_Nolan</field>
<field name="entity_type">artists</field>
<field name="timestamp">NOW</field>
</doc>
<doc>
<field name="uri">http://dbpedia.org/resource/Sidney_Robert_Nolan</field>
<field name="entity_type">artists</field>
<field name="timestamp">NOW</field>
</doc>
<doc>
<field name="uri">http://dbpedia.org/resource/Sydney_Nolan</field>
<field name="entity_type">artists</field>
<field name="timestamp">NOW</field>
</doc>
<doc>
<field name="uri">http://dbpedia.org/resource/A_Fringe_of_Leaves</field>
<field name="entity_type">artists</field>
<field name="timestamp">NOW</field>
</doc>
<doc>
<field name="uri">http://dbpedia.org/resource/Sid_Nolan</field>
<field name="entity_type">artists</field>
<field name="timestamp">NOW</field>
</doc>
<doc>
<field name="uri">http://dbpedia.org/resource/Daisy_Bates_at_Ooldea</field>
<field name="entity_type">artists</field>
<field name="timestamp">NOW</field>
<field name="artist">http://dbpedia.org/resource/Sidney_Nolan</field>
</doc>
<doc>
<field name="uri">http://dbpedia.org/resource/Footballer_(painting)</field>
<field name="entity_type">artists</field>
<field name="timestamp">NOW</field>
<field name="artist">http://dbpedia.org/resource/Sidney_Nolan</field>
</doc>
<doc>
<field name="uri">http://eu.dbpedia.org/resource/Sidney_Robert_Nolan</field>
<field name="entity_type">artists</field>
<field name="timestamp">NOW</field>
<field name="sameAs">http://dbpedia.org/resource/Sidney_Nolan</field>
</doc>
<doc>
<field name="uri">http://wikidata.dbpedia.org/resource/Q381031</field>
<field name="entity_type">artists</field>
<field name="timestamp">NOW</field>
<field name="sameAs">http://dbpedia.org/resource/Sidney_Nolan</field>
</doc>
<doc>
<field name="uri">http://zh.dbpedia.org/resource/西德尼·諾蘭</field>
<field name="entity_type">artists</field>
<field name="timestamp">NOW</field>
<field name="sameAs">http://dbpedia.org/resource/Sidney_Nolan</field>
</doc>
<doc>
<field name="uri">http://da.dbpedia.org/resource/Sidney_Nolan</field>
<field name="entity_type">artists</field>
<field name="timestamp">NOW</field>
<field name="sameAs">http://dbpedia.org/resource/Sidney_Nolan</field>
</doc>
<doc>
<field name="uri">http://is.dbpedia.org/resource/Sidney_Nolan</field>
<field name="entity_type">artists</field>
<field name="timestamp">NOW</field>
<field name="sameAs">http://dbpedia.org/resource/Sidney_Nolan</field>
</doc>
<doc>
<field name="uri">http://kk.dbpedia.org/resource/Сидней_Нолан</field>
<field name="entity_type">artists</field>
<field name="timestamp">NOW</field>
<field name="sameAs">http://dbpedia.org/resource/Sidney_Nolan</field>
</doc>
<doc>
<field name="uri">http://ro.dbpedia.org/resource/Sidney_Nolan</field>
<field name="entity_type">artists</field>
<field name="timestamp">NOW</field>
<field name="sameAs">http://dbpedia.org/resource/Sidney_Nolan</field>
</doc>
<doc>
<field name="uri">http://sh.dbpedia.org/resource/Sidney_Nolan</field>
<field name="entity_type">artists</field>
<field name="timestamp">NOW</field>
<field name="sameAs">http://dbpedia.org/resource/Sidney_Nolan</field>
</doc>
<doc>
<field name="uri">http://simple.dbpedia.org/resource/Sidney_Nolan</field>
<field name="entity_type">artists</field>
<field name="timestamp">NOW</field>
<field name="sameAs">http://dbpedia.org/resource/Sidney_Nolan</field>
</doc>
<doc>
<field name="uri">http://sv.dbpedia.org/resource/Sidney_Nolan</field>
<field name="entity_type">artists</field>
<field name="timestamp">NOW</field>
<field name="sameAs">http://dbpedia.org/resource/Sidney_Nolan</field>
</doc>
</add>
