<add xmlns:dc="http://purl.org/dc/elements/1.1/" overwrite="true">
<doc>
<field name="uri">http://dbpedia.org/resource/Simone_Martini</field>
<field name="entity_type">artists</field>
<field name="timestamp">NOW</field>
<field name="sameAs">http://fi.dbpedia.org/resource/Simone_Martini</field>
<field name="sameAs">http://hr.dbpedia.org/resource/Simone_Martini</field>
<field name="sameAs">http://ja.dbpedia.org/resource/シモーネ・マルティーニ</field>
<field name="sameAs">http://rdf.freebase.com/ns/m.01fshq</field>
<field name="sameAs">http://de.dbpedia.org/resource/Simone_Martini</field>
<field name="sameAs">http://sv.dbpedia.org/resource/Simone_Martini</field>
<field name="sameAs">http://la.dbpedia.org/resource/Simon_Martini</field>
<field name="sameAs">http://bg.dbpedia.org/resource/Симоне_Мартини</field>
<field name="sameAs">http://es.dbpedia.org/resource/Simone_Martini</field>
<field name="sameAs">http://da.dbpedia.org/resource/Simone_Martini</field>
<field name="sameAs">http://uk.dbpedia.org/resource/Сімоне_Мартіні</field>
<field name="sameAs">http://cs.dbpedia.org/resource/Simone_Martini</field>
<field name="sameAs">http://ru.dbpedia.org/resource/Мартини,_Симоне</field>
<field name="sameAs">http://lt.dbpedia.org/resource/Simone_Martini</field>
<field name="sameAs">http://sl.dbpedia.org/resource/Simone_Martini</field>
<field name="sameAs">http://hu.dbpedia.org/resource/Simone_Martini</field>
<field name="sameAs">http://pt.dbpedia.org/resource/Simone_Martini</field>
<field name="sameAs">http://ro.dbpedia.org/resource/Simone_Martini</field>
<field name="sameAs">http://nl.dbpedia.org/resource/Simone_Martini</field>
<field name="sameAs">http://he.dbpedia.org/resource/סימונה_מרטיני</field>
<field name="sameAs">http://no.dbpedia.org/resource/Simone_Martini</field>
<field name="sameAs">http://www.wikidata.org/entity/Q221043</field>
<field name="sameAs">http://it.dbpedia.org/resource/Simone_Martini</field>
<field name="sameAs">http://nn.dbpedia.org/resource/Simone_Martini</field>
<field name="sameAs">http://sh.dbpedia.org/resource/Simone_Martini</field>
<field name="sameAs">http://yago-knowledge.org/resource/Simone_Martini</field>
<field name="sameAs">http://pl.dbpedia.org/resource/Simone_Martini</field>
<field name="sameAs">http://th.dbpedia.org/resource/ซีโมเน_มาร์ตีนี</field>
<field name="sameAs">http://zh_min_nan.dbpedia.org/resource/Simone_Martini</field>
<field name="sameAs">http://sr.dbpedia.org/resource/Симоне_Мартини</field>
<field name="sameAs">http://ko.dbpedia.org/resource/시모네_마르티니</field>
<field name="sameAs">http://be.dbpedia.org/resource/Сімонэ_Марціні</field>
<field name="sameAs">http://dbpedia.org/resource/Simone_Martini</field>
<field name="sameAs">http://bo.dbpedia.org/resource/སི་མོ་ནེ་མར་ཏི་ནི།</field>
<field name="sameAs">http://fr.dbpedia.org/resource/Simone_Martini</field>
<field name="sameAs">http://eu.dbpedia.org/resource/Simone_Martini</field>
<field name="sameAs">http://ca.dbpedia.org/resource/Simone_Martini</field>
<field name="subject" update="add">http://dbpedia.org/resource/Category:1344_deaths</field>
<field name="subject" update="add">http://dbpedia.org/resource/Category:People_from_Siena</field>
<field name="subject" update="add">http://dbpedia.org/resource/Category:Sienese_painters</field>
<field name="subject" update="add">http://dbpedia.org/resource/Category:Gothic_painters</field>
<field name="subject" update="add">http://dbpedia.org/resource/Category:1280s_births</field>
<field name="subject" update="add">http://dbpedia.org/resource/Category:Italian_painters</field>
<field name="subject" update="add">http://dbpedia.org/resource/Category:14th-century_painters</field>
<field name="abstract">Simone Martini (c.  1284–1344) was an Italian painter born in Siena. He was a major figure in the development of early Italian painting and greatly influenced the development of the International Gothic style. It is thought that Martini was a pupil of Duccio di Buoninsegna, the leading Sienese painter of his time. According to late Renaissance art biographer Giorgio Vasari, Simone was instead a pupil of Giotto di Bondone, with whom he went to Rome to paint at the Old St. Peter's Basilica, Giotto also executing a mosaic there. Martini's brother-in-law was the artist Lippo Memmi. Very little documentation survives regarding Simone's life, and many attributions are debated by art historians.</field>
<field name="birth-place">http://dbpedia.org/resource/Italy</field>
<field name="birth-place">http://dbpedia.org/resource/Siena</field>
<field name="death-place">http://dbpedia.org/resource/Avignon</field>
<field name="death-place">http://dbpedia.org/resource/France</field>
<field name="field">http://dbpedia.org/resource/Fresco</field>
<field name="field">http://dbpedia.org/resource/Painting</field>
<field name="movement">http://dbpedia.org/resource/International_Gothic</field>
<field name="label">Simone Martini</field>
<field name="depiction">http://upload.wikimedia.org/wikipedia/commons/d/dd/Simone_Martini_-_Frontispice_du_Virgile.jpg</field>
<field name="comment">Simone Martini (c.  1284–1344) was an Italian painter born in Siena. He was a major figure in the development of early Italian painting and greatly influenced the development of the International Gothic style. It is thought that Martini was a pupil of Duccio di Buoninsegna, the leading Sienese painter of his time. According to late Renaissance art biographer Giorgio Vasari, Simone was instead a pupil of Giotto di Bondone, with whom he went to Rome to paint at the Old St.</field>
<field name="name"/>
<field name="thumbnail">http://upload.wikimedia.org/wikipedia/commons/thumb/d/dd/Simone_Martini_-_Frontispice_du_Virgile.jpg/200px-Simone_Martini_-_Frontispice_du_Virgile.jpg</field>
<field name="link_external">http://www.wga.hu/tours/siena/simone.html#outline</field>
<field name="field">http://dbpedia.org/resource/Painting</field>
<field name="field">http://dbpedia.org/resource/Fresco</field>
<field name="movement">http://dbpedia.org/resource/International_Gothic</field>
<field name="influenced"/>
<field name="isPrimaryTopicOf">http://en.wikipedia.org/wiki/Simone_Martini</field>
<field name="description"/>
<field name="photo-collection">http://wifo5-03.informatik.uni-mannheim.de/flickrwrappr/photos/Simone_Martini</field>
</doc>
<doc>
<field name="uri">http://dbpedia.org/resource/Lippo_Memmi</field>
<field name="entity_type">artists</field>
<field name="timestamp">NOW</field>
<field name="influenced">http://dbpedia.org/resource/Simone_Martini</field>
</doc>
<doc>
<field name="uri">http://it.dbpedia.org/resource/Simone_Martini</field>
<field name="entity_type">artists</field>
<field name="timestamp">NOW</field>
<field name="sameAs">http://dbpedia.org/resource/Simone_Martini</field>
</doc>
<doc>
<field name="uri">http://ja.dbpedia.org/resource/シモーネ・マルティーニ</field>
<field name="entity_type">artists</field>
<field name="timestamp">NOW</field>
<field name="sameAs">http://dbpedia.org/resource/Simone_Martini</field>
</doc>
<doc>
<field name="uri">http://ko.dbpedia.org/resource/시모네_마르티니</field>
<field name="entity_type">artists</field>
<field name="timestamp">NOW</field>
<field name="sameAs">http://dbpedia.org/resource/Simone_Martini</field>
</doc>
<doc>
<field name="uri">http://pt.dbpedia.org/resource/Simone_Martini</field>
<field name="entity_type">artists</field>
<field name="timestamp">NOW</field>
<field name="sameAs">http://dbpedia.org/resource/Simone_Martini</field>
</doc>
<doc>
<field name="uri">http://ru.dbpedia.org/resource/Мартини,_Симоне</field>
<field name="entity_type">artists</field>
<field name="timestamp">NOW</field>
<field name="sameAs">http://dbpedia.org/resource/Simone_Martini</field>
</doc>
<doc>
<field name="uri">http://cs.dbpedia.org/resource/Simone_Martini</field>
<field name="entity_type">artists</field>
<field name="timestamp">NOW</field>
<field name="sameAs">http://dbpedia.org/resource/Simone_Martini</field>
</doc>
<doc>
<field name="uri">http://pl.dbpedia.org/resource/Simone_Martini</field>
<field name="entity_type">artists</field>
<field name="timestamp">NOW</field>
<field name="sameAs">http://dbpedia.org/resource/Simone_Martini</field>
</doc>
<doc>
<field name="uri">http://dbpedia.org/resource/Saint_Catherine_of_Alexandria_Polyptych</field>
<field name="entity_type">artists</field>
<field name="timestamp">NOW</field>
<field name="artist">http://dbpedia.org/resource/Simone_Martini</field>
</doc>
<doc>
<field name="uri">http://dbpedia.org/resource/Annunciation_with_St._Margaret_and_St._Ansanus</field>
<field name="entity_type">artists</field>
<field name="timestamp">NOW</field>
</doc>
<doc>
<field name="uri">http://dbpedia.org/resource/Martini</field>
<field name="entity_type">artists</field>
<field name="timestamp">NOW</field>
</doc>
<doc>
<field name="uri">http://es.dbpedia.org/resource/Simone_Martini</field>
<field name="entity_type">artists</field>
<field name="timestamp">NOW</field>
<field name="sameAs">http://dbpedia.org/resource/Simone_Martini</field>
</doc>
<doc>
<field name="uri">http://dbpedia.org/resource/Maestro_Simone</field>
<field name="entity_type">artists</field>
<field name="timestamp">NOW</field>
</doc>
<doc>
<field name="uri">http://dbpedia.org/resource/Simone_Memmi</field>
<field name="entity_type">artists</field>
<field name="timestamp">NOW</field>
</doc>
<doc>
<field name="uri">http://dbpedia.org/resource/Simone_di_Martini</field>
<field name="entity_type">artists</field>
<field name="timestamp">NOW</field>
</doc>
<doc>
<field name="uri">http://dbpedia.org/resource/Simone_di_Martino</field>
<field name="entity_type">artists</field>
<field name="timestamp">NOW</field>
</doc>
<doc>
<field name="uri">http://dbpedia.org/resource/Duccio</field>
<field name="entity_type">artists</field>
<field name="timestamp">NOW</field>
</doc>
<doc>
<field name="uri">http://de.dbpedia.org/resource/Simone_Martini</field>
<field name="entity_type">artists</field>
<field name="timestamp">NOW</field>
<field name="sameAs">http://dbpedia.org/resource/Simone_Martini</field>
</doc>
<doc>
<field name="uri">http://fr.dbpedia.org/resource/Simone_Martini</field>
<field name="entity_type">artists</field>
<field name="timestamp">NOW</field>
<field name="sameAs">http://dbpedia.org/resource/Simone_Martini</field>
</doc>
<doc>
<field name="uri">http://dbpedia.org/resource/Martini,_Simone</field>
<field name="entity_type">artists</field>
<field name="timestamp">NOW</field>
</doc>
<doc>
<field name="uri">http://en.wikipedia.org/wiki/Simone_Martini</field>
<field name="entity_type">artists</field>
<field name="timestamp">NOW</field>
<field name="primaryTopic">http://dbpedia.org/resource/Simone_Martini</field>
</doc>
<doc>
<field name="uri">http://nl.dbpedia.org/resource/Simone_Martini</field>
<field name="entity_type">artists</field>
<field name="timestamp">NOW</field>
<field name="sameAs">http://dbpedia.org/resource/Simone_Martini</field>
</doc>
<doc>
<field name="uri">http://eu.dbpedia.org/resource/Simone_Martini</field>
<field name="entity_type">artists</field>
<field name="timestamp">NOW</field>
<field name="sameAs">http://dbpedia.org/resource/Simone_Martini</field>
</doc>
<doc>
<field name="uri">http://be.dbpedia.org/resource/Сімонэ_Марціні</field>
<field name="entity_type">artists</field>
<field name="timestamp">NOW</field>
<field name="sameAs">http://dbpedia.org/resource/Simone_Martini</field>
</doc>
<doc>
<field name="uri">http://bg.dbpedia.org/resource/Симоне_Мартини</field>
<field name="entity_type">artists</field>
<field name="timestamp">NOW</field>
<field name="sameAs">http://dbpedia.org/resource/Simone_Martini</field>
</doc>
<doc>
<field name="uri">http://ca.dbpedia.org/resource/Simone_Martini</field>
<field name="entity_type">artists</field>
<field name="timestamp">NOW</field>
<field name="sameAs">http://dbpedia.org/resource/Simone_Martini</field>
</doc>
<doc>
<field name="uri">http://da.dbpedia.org/resource/Simone_Martini</field>
<field name="entity_type">artists</field>
<field name="timestamp">NOW</field>
<field name="sameAs">http://dbpedia.org/resource/Simone_Martini</field>
</doc>
<doc>
<field name="uri">http://fi.dbpedia.org/resource/Simone_Martini</field>
<field name="entity_type">artists</field>
<field name="timestamp">NOW</field>
<field name="sameAs">http://dbpedia.org/resource/Simone_Martini</field>
</doc>
<doc>
<field name="uri">http://he.dbpedia.org/resource/סימונה_מרטיני</field>
<field name="entity_type">artists</field>
<field name="timestamp">NOW</field>
<field name="sameAs">http://dbpedia.org/resource/Simone_Martini</field>
</doc>
<doc>
<field name="uri">http://hr.dbpedia.org/resource/Simone_Martini</field>
<field name="entity_type">artists</field>
<field name="timestamp">NOW</field>
<field name="sameAs">http://dbpedia.org/resource/Simone_Martini</field>
</doc>
<doc>
<field name="uri">http://hu.dbpedia.org/resource/Simone_Martini</field>
<field name="entity_type">artists</field>
<field name="timestamp">NOW</field>
<field name="sameAs">http://dbpedia.org/resource/Simone_Martini</field>
</doc>
<doc>
<field name="uri">http://la.dbpedia.org/resource/Simon_Martini</field>
<field name="entity_type">artists</field>
<field name="timestamp">NOW</field>
<field name="sameAs">http://dbpedia.org/resource/Simone_Martini</field>
</doc>
<doc>
<field name="uri">http://lt.dbpedia.org/resource/Simone_Martini</field>
<field name="entity_type">artists</field>
<field name="timestamp">NOW</field>
<field name="sameAs">http://dbpedia.org/resource/Simone_Martini</field>
</doc>
<doc>
<field name="uri">http://nn.dbpedia.org/resource/Simone_Martini</field>
<field name="entity_type">artists</field>
<field name="timestamp">NOW</field>
<field name="sameAs">http://dbpedia.org/resource/Simone_Martini</field>
</doc>
<doc>
<field name="uri">http://no.dbpedia.org/resource/Simone_Martini</field>
<field name="entity_type">artists</field>
<field name="timestamp">NOW</field>
<field name="sameAs">http://dbpedia.org/resource/Simone_Martini</field>
</doc>
<doc>
<field name="uri">http://ro.dbpedia.org/resource/Simone_Martini</field>
<field name="entity_type">artists</field>
<field name="timestamp">NOW</field>
<field name="sameAs">http://dbpedia.org/resource/Simone_Martini</field>
</doc>
<doc>
<field name="uri">http://sh.dbpedia.org/resource/Simone_Martini</field>
<field name="entity_type">artists</field>
<field name="timestamp">NOW</field>
<field name="sameAs">http://dbpedia.org/resource/Simone_Martini</field>
</doc>
<doc>
<field name="uri">http://sl.dbpedia.org/resource/Simone_Martini</field>
<field name="entity_type">artists</field>
<field name="timestamp">NOW</field>
<field name="sameAs">http://dbpedia.org/resource/Simone_Martini</field>
</doc>
<doc>
<field name="uri">http://sr.dbpedia.org/resource/Симоне_Мартини</field>
<field name="entity_type">artists</field>
<field name="timestamp">NOW</field>
<field name="sameAs">http://dbpedia.org/resource/Simone_Martini</field>
</doc>
<doc>
<field name="uri">http://sv.dbpedia.org/resource/Simone_Martini</field>
<field name="entity_type">artists</field>
<field name="timestamp">NOW</field>
<field name="sameAs">http://dbpedia.org/resource/Simone_Martini</field>
</doc>
<doc>
<field name="uri">http://th.dbpedia.org/resource/ซีโมเน_มาร์ตีนี</field>
<field name="entity_type">artists</field>
<field name="timestamp">NOW</field>
<field name="sameAs">http://dbpedia.org/resource/Simone_Martini</field>
</doc>
<doc>
<field name="uri">http://uk.dbpedia.org/resource/Сімоне_Мартіні</field>
<field name="entity_type">artists</field>
<field name="timestamp">NOW</field>
<field name="sameAs">http://dbpedia.org/resource/Simone_Martini</field>
</doc>
<doc>
<field name="uri">http://bo.dbpedia.org/resource/སི་མོ་ནེ་མར་ཏི་ནི།</field>
<field name="entity_type">artists</field>
<field name="timestamp">NOW</field>
<field name="sameAs">http://dbpedia.org/resource/Simone_Martini</field>
</doc>
<doc>
<field name="uri">http://zh_min_nan.dbpedia.org/resource/Simone_Martini</field>
<field name="entity_type">artists</field>
<field name="timestamp">NOW</field>
<field name="sameAs">http://dbpedia.org/resource/Simone_Martini</field>
</doc>
<doc>
<field name="uri">http://wikidata.dbpedia.org/resource/Q221043</field>
<field name="entity_type">artists</field>
<field name="timestamp">NOW</field>
<field name="sameAs">http://dbpedia.org/resource/Simone_Martini</field>
</doc>
</add>
