<add xmlns:dc="http://purl.org/dc/elements/1.1/" overwrite="true">
<doc>
<field name="uri">http://es.dbpedia.org/resource/Tarsila_do_Amaral</field>
<field name="entity_type">artists</field>
<field name="timestamp">NOW</field>
<field name="sameAs">http://dbpedia.org/resource/Tarsila_do_Amaral</field>
</doc>
<doc>
<field name="uri">http://ru.dbpedia.org/resource/Амарал,_Тарсила_ду</field>
<field name="entity_type">artists</field>
<field name="timestamp">NOW</field>
<field name="sameAs">http://dbpedia.org/resource/Tarsila_do_Amaral</field>
</doc>
<doc>
<field name="uri">http://dbpedia.org/resource/Tarsila_do_Amaral</field>
<field name="entity_type">artists</field>
<field name="timestamp">NOW</field>
<field name="sameAs">http://dbpedia.org/resource/Tarsila_do_Amaral</field>
<field name="sameAs">http://tg.dbpedia.org/resource/Тарсила_до_Амарал</field>
<field name="sameAs">http://ru.dbpedia.org/resource/Амарал,_Тарсила_ду</field>
<field name="sameAs">http://fr.dbpedia.org/resource/Tarsila_do_Amaral</field>
<field name="sameAs">http://es.dbpedia.org/resource/Tarsila_do_Amaral</field>
<field name="sameAs">http://de.dbpedia.org/resource/Tarsila_do_Amaral</field>
<field name="sameAs">http://yago-knowledge.org/resource/Tarsila_do_Amaral</field>
<field name="sameAs">http://www.wikidata.org/entity/Q466627</field>
<field name="sameAs">http://sv.dbpedia.org/resource/Tarsila_do_Amaral</field>
<field name="sameAs">http://rdf.freebase.com/ns/m.03_yn_</field>
<field name="sameAs">http://eo.dbpedia.org/resource/Tarsila_do_Amaral</field>
<field name="sameAs">http://pt.dbpedia.org/resource/Tarsila_do_Amaral</field>
<field name="subject" update="add">http://dbpedia.org/resource/Category:Brazilian_people_of_Portuguese_descent</field>
<field name="subject" update="add">http://dbpedia.org/resource/Category:Alumni_of_the_Acad%C3%A9mie_Julian</field>
<field name="subject" update="add">http://dbpedia.org/resource/Category:Women_painters</field>
<field name="subject" update="add">http://dbpedia.org/resource/Category:Brazilian_painters</field>
<field name="subject" update="add">http://dbpedia.org/resource/Category:1973_deaths</field>
<field name="subject" update="add">http://dbpedia.org/resource/Category:Modern_painters</field>
<field name="subject" update="add">http://dbpedia.org/resource/Category:People_from_S%C3%A3o_Paulo_(state)</field>
<field name="subject" update="add">http://dbpedia.org/resource/Category:Brazilian_women_artists</field>
<field name="subject" update="add">http://dbpedia.org/resource/Category:1886_births</field>
<field name="abstract">Tarsila do Amaral, (b. September 1, 1886 in Capivari, São Paulo,- d. São Paulo on January 17, 1973), known simply as Tarsila, is considered to be one of the leading Latin American modernist artists, described as "the Brazilian painter who best achieved Brazilian aspirations for nationalistic expression in a modern style. " She was a member of the Grupo dos Cinco (Group of Five), which included Anita Malfatti, Menotti Del Picchia, Mário de Andrade, and Oswald de Andrade.</field>
<field name="birth-place">http://dbpedia.org/resource/S%C3%A3o_Paulo_(state)</field>
<field name="birth-place">http://dbpedia.org/resource/Capivari</field>
<field name="death-place">http://dbpedia.org/resource/S%C3%A3o_Paulo_(state)</field>
<field name="label">Tarsila do Amaral</field>
<field name="depiction">http://upload.wikimedia.org/wikipedia/commons/f/f6/Tarsila_do_Amaral,_ca._1925.jpg</field>
<field name="comment">Tarsila do Amaral, (b. September 1, 1886 in Capivari, São Paulo,- d. São Paulo on January 17, 1973), known simply as Tarsila, is considered to be one of the leading Latin American modernist artists, described as "the Brazilian painter who best achieved Brazilian aspirations for nationalistic expression in a modern style. " She was a member of the Grupo dos Cinco (Group of Five), which included Anita Malfatti, Menotti Del Picchia, Mário de Andrade, and Oswald de Andrade.</field>
<field name="name"/>
<field name="thumbnail">http://upload.wikimedia.org/wikipedia/commons/thumb/f/f6/Tarsila_do_Amaral,_ca._1925.jpg/200px-Tarsila_do_Amaral,_ca._1925.jpg</field>
<field name="link_external">http://www.artfacts.net/index/php</field>
<field name="link_external">http://www.base7.com.br/tarsila</field>
<field name="link_external">http://kavorka.wordpress.com/2006/10/16/tarsila-do-amaral/</field>
<field name="link_external">http://www.tarsiladoamaral.com.br</field>
<field name="isPrimaryTopicOf">http://en.wikipedia.org/wiki/Tarsila_do_Amaral</field>
<field name="photo-collection">http://wifo5-03.informatik.uni-mannheim.de/flickrwrappr/photos/Tarsila_do_Amaral</field>
</doc>
<doc>
<field name="uri">http://dbpedia.org/resource/Amaral_(crater)</field>
<field name="entity_type">artists</field>
<field name="timestamp">NOW</field>
</doc>
<doc>
<field name="uri">http://pt.dbpedia.org/resource/Tarsila_do_Amaral</field>
<field name="entity_type">artists</field>
<field name="timestamp">NOW</field>
<field name="sameAs">http://dbpedia.org/resource/Tarsila_do_Amaral</field>
</doc>
<doc>
<field name="uri">http://dbpedia.org/resource/Amaral</field>
<field name="entity_type">artists</field>
<field name="timestamp">NOW</field>
</doc>
<doc>
<field name="uri">http://de.dbpedia.org/resource/Tarsila_do_Amaral</field>
<field name="entity_type">artists</field>
<field name="timestamp">NOW</field>
<field name="sameAs">http://dbpedia.org/resource/Tarsila_do_Amaral</field>
</doc>
<doc>
<field name="uri">http://fr.dbpedia.org/resource/Tarsila_do_Amaral</field>
<field name="entity_type">artists</field>
<field name="timestamp">NOW</field>
<field name="sameAs">http://dbpedia.org/resource/Tarsila_do_Amaral</field>
</doc>
<doc>
<field name="uri">http://dbpedia.org/resource/Abaporu</field>
<field name="entity_type">artists</field>
<field name="timestamp">NOW</field>
<field name="artist">http://dbpedia.org/resource/Tarsila_do_Amaral</field>
</doc>
<doc>
<field name="uri">http://en.wikipedia.org/wiki/Tarsila_do_Amaral</field>
<field name="entity_type">artists</field>
<field name="timestamp">NOW</field>
<field name="primaryTopic">http://dbpedia.org/resource/Tarsila_do_Amaral</field>
</doc>
<doc>
<field name="uri">http://dbpedia.org/resource/Tarsila_do_amaral</field>
<field name="entity_type">artists</field>
<field name="timestamp">NOW</field>
</doc>
<doc>
<field name="uri">http://dbpedia.org/resource/Do_Amaral</field>
<field name="entity_type">artists</field>
<field name="timestamp">NOW</field>
</doc>
<doc>
<field name="uri">http://wikidata.dbpedia.org/resource/Q466627</field>
<field name="entity_type">artists</field>
<field name="timestamp">NOW</field>
<field name="sameAs">http://dbpedia.org/resource/Tarsila_do_Amaral</field>
</doc>
<doc>
<field name="uri">http://eo.dbpedia.org/resource/Tarsila_do_Amaral</field>
<field name="entity_type">artists</field>
<field name="timestamp">NOW</field>
<field name="sameAs">http://dbpedia.org/resource/Tarsila_do_Amaral</field>
</doc>
<doc>
<field name="uri">http://sv.dbpedia.org/resource/Tarsila_do_Amaral</field>
<field name="entity_type">artists</field>
<field name="timestamp">NOW</field>
<field name="sameAs">http://dbpedia.org/resource/Tarsila_do_Amaral</field>
</doc>
<doc>
<field name="uri">http://tg.dbpedia.org/resource/Тарсила_до_Амарал</field>
<field name="entity_type">artists</field>
<field name="timestamp">NOW</field>
<field name="sameAs">http://dbpedia.org/resource/Tarsila_do_Amaral</field>
</doc>
</add>
