<add xmlns:dc="http://purl.org/dc/elements/1.1/" overwrite="true">
<doc>
<field name="uri">http://dbpedia.org/resource/Portrait_of_Professor_Benjamin_H._Rand</field>
<field name="entity_type">artists</field>
<field name="timestamp">NOW</field>
</doc>
<doc>
<field name="uri">http://data.nytimes.com/47199883205773822053</field>
<field name="entity_type">artists</field>
<field name="timestamp">NOW</field>
<field name="sameAs">http://dbpedia.org/resource/Thomas_Eakins</field>
</doc>
<doc>
<field name="uri">http://de.dbpedia.org/resource/Thomas_Eakins</field>
<field name="entity_type">artists</field>
<field name="timestamp">NOW</field>
<field name="sameAs">http://dbpedia.org/resource/Thomas_Eakins</field>
</doc>
<doc>
<field name="uri">http://fr.dbpedia.org/resource/Thomas_Eakins</field>
<field name="entity_type">artists</field>
<field name="timestamp">NOW</field>
<field name="sameAs">http://dbpedia.org/resource/Thomas_Eakins</field>
</doc>
<doc>
<field name="uri">http://ja.dbpedia.org/resource/トマス・エイキンズ</field>
<field name="entity_type">artists</field>
<field name="timestamp">NOW</field>
<field name="sameAs">http://dbpedia.org/resource/Thomas_Eakins</field>
</doc>
<doc>
<field name="uri">http://es.dbpedia.org/resource/Thomas_Eakins</field>
<field name="entity_type">artists</field>
<field name="timestamp">NOW</field>
<field name="sameAs">http://dbpedia.org/resource/Thomas_Eakins</field>
</doc>
<doc>
<field name="uri">http://dbpedia.org/resource/George_Henry_Bogert</field>
<field name="entity_type">artists</field>
<field name="timestamp">NOW</field>
<field name="influenced">http://dbpedia.org/resource/Thomas_Eakins</field>
</doc>
<doc>
<field name="uri">http://dbpedia.org/resource/The_Agnew_Clinic</field>
<field name="entity_type">artists</field>
<field name="timestamp">NOW</field>
<field name="artist">http://dbpedia.org/resource/Thomas_Eakins</field>
</doc>
<doc>
<field name="uri">http://dbpedia.org/resource/Thomas_Cowperthwait_Eakins</field>
<field name="entity_type">artists</field>
<field name="timestamp">NOW</field>
</doc>
<doc>
<field name="uri">http://dbpedia.org/resource/Portrait_of_Leslie_W._Miller</field>
<field name="entity_type">artists</field>
<field name="timestamp">NOW</field>
<field name="artist">http://dbpedia.org/resource/Thomas_Eakins</field>
</doc>
<doc>
<field name="uri">http://dbpedia.org/resource/The_Concert_Singer</field>
<field name="entity_type">artists</field>
<field name="timestamp">NOW</field>
<field name="artist">http://dbpedia.org/resource/Thomas_Eakins</field>
</doc>
<doc>
<field name="uri">http://dbpedia.org/resource/Wrestlers_(painting)</field>
<field name="entity_type">artists</field>
<field name="timestamp">NOW</field>
<field name="artist">http://dbpedia.org/resource/Thomas_Eakins</field>
</doc>
<doc>
<field name="uri">http://dbpedia.org/resource/Alexander_Milne_Calder</field>
<field name="entity_type">artists</field>
<field name="timestamp">NOW</field>
<field name="influenced">http://dbpedia.org/resource/Thomas_Eakins</field>
</doc>
<doc>
<field name="uri">http://dbpedia.org/resource/The_Chess_Players</field>
<field name="entity_type">artists</field>
<field name="timestamp">NOW</field>
<field name="artist">http://dbpedia.org/resource/Thomas_Eakins</field>
</doc>
<doc>
<field name="uri">http://dbpedia.org/resource/Auseklis_Ozols</field>
<field name="entity_type">artists</field>
<field name="timestamp">NOW</field>
<field name="influenced">http://dbpedia.org/resource/Thomas_Eakins</field>
</doc>
<doc>
<field name="uri">http://dbpedia.org/resource/Max_Schmitt_in_a_Single_Scull</field>
<field name="entity_type">artists</field>
<field name="timestamp">NOW</field>
<field name="artist">http://dbpedia.org/resource/Thomas_Eakins</field>
</doc>
<doc>
<field name="uri">http://it.dbpedia.org/resource/Thomas_Eakins</field>
<field name="entity_type">artists</field>
<field name="timestamp">NOW</field>
<field name="sameAs">http://dbpedia.org/resource/Thomas_Eakins</field>
</doc>
<doc>
<field name="uri">http://pt.dbpedia.org/resource/Thomas_Eakins</field>
<field name="entity_type">artists</field>
<field name="timestamp">NOW</field>
<field name="sameAs">http://dbpedia.org/resource/Thomas_Eakins</field>
</doc>
<doc>
<field name="uri">http://dbpedia.org/resource/John_Lewis_Krimmel</field>
<field name="entity_type">artists</field>
<field name="timestamp">NOW</field>
</doc>
<doc>
<field name="uri">http://dbpedia.org/resource/Thomas_Eakins</field>
<field name="entity_type">artists</field>
<field name="timestamp">NOW</field>
<field name="sameAs">http://de.dbpedia.org/resource/Thomas_Eakins</field>
<field name="sameAs">http://dbpedia.org/resource/Thomas_Eakins</field>
<field name="sameAs">http://zh.dbpedia.org/resource/湯姆·艾金斯</field>
<field name="sameAs">http://se.dbpedia.org/resource/Thomas_Eakins</field>
<field name="sameAs">http://gl.dbpedia.org/resource/Thomas_Eakins</field>
<field name="sameAs">http://fr.dbpedia.org/resource/Thomas_Eakins</field>
<field name="sameAs">http://ar.dbpedia.org/resource/توماس_إيكنز</field>
<field name="sameAs">http://rdf.freebase.com/ns/m.0pxdg</field>
<field name="sameAs">http://yago-knowledge.org/resource/Thomas_Eakins</field>
<field name="sameAs">http://haw.dbpedia.org/resource/Thomas_Eakins</field>
<field name="sameAs">http://sh.dbpedia.org/resource/Thomas_Eakins</field>
<field name="sameAs">http://mi.dbpedia.org/resource/Thomas_Eakins</field>
<field name="sameAs">http://no.dbpedia.org/resource/Thomas_Eakins</field>
<field name="sameAs">http://he.dbpedia.org/resource/תומאס_אייקנס</field>
<field name="sameAs">http://sv.dbpedia.org/resource/Thomas_Eakins</field>
<field name="sameAs">http://th.dbpedia.org/resource/ทอมัส_เอคินส์</field>
<field name="sameAs">http://pnb.dbpedia.org/resource/تھامس_ایکنز</field>
<field name="sameAs">http://www.wikidata.org/entity/Q214905</field>
<field name="sameAs">http://ru.dbpedia.org/resource/Икинс,_Томас</field>
<field name="sameAs">http://pl.dbpedia.org/resource/Thomas_Eakins</field>
<field name="sameAs">http://tr.dbpedia.org/resource/Thomas_Eakins</field>
<field name="sameAs">http://nn.dbpedia.org/resource/Thomas_Eakins</field>
<field name="sameAs">http://be.dbpedia.org/resource/Томас_Эйкінс</field>
<field name="sameAs">http://eo.dbpedia.org/resource/Thomas_Eakins</field>
<field name="sameAs">http://pt.dbpedia.org/resource/Thomas_Eakins</field>
<field name="sameAs">http://fa.dbpedia.org/resource/توماس_ایکینز</field>
<field name="sameAs">http://es.dbpedia.org/resource/Thomas_Eakins</field>
<field name="sameAs">http://it.dbpedia.org/resource/Thomas_Eakins</field>
<field name="sameAs">http://fy.dbpedia.org/resource/Thomas_Eakins</field>
<field name="sameAs">http://ja.dbpedia.org/resource/トマス・エイキンズ</field>
<field name="sameAs">http://ro.dbpedia.org/resource/Thomas_Eakins</field>
<field name="sameAs">http://cs.dbpedia.org/resource/Thomas_Eakins</field>
<field name="sameAs">http://fi.dbpedia.org/resource/Thomas_Eakins</field>
<field name="sameAs">http://nl.dbpedia.org/resource/Thomas_Eakins</field>
<field name="sameAs">http://bn.dbpedia.org/resource/টমাস_এয়াকিনস</field>
<field name="subject" update="add">http://dbpedia.org/resource/Category:American_painters</field>
<field name="subject" update="add">http://dbpedia.org/resource/Category:Archives_of_American_Art_related</field>
<field name="subject" update="add">http://dbpedia.org/resource/Category:1844_births</field>
<field name="subject" update="add">http://dbpedia.org/resource/Category:Art_Students_League_of_New_York_faculty</field>
<field name="subject" update="add">http://dbpedia.org/resource/Category:Schuylkill_River</field>
<field name="subject" update="add">http://dbpedia.org/resource/Category:Pennsylvania_Academy_of_the_Fine_Arts_alumni</field>
<field name="subject" update="add">http://dbpedia.org/resource/Category:Paintings_by_Thomas_Eakins</field>
<field name="subject" update="add">http://dbpedia.org/resource/Category:1916_deaths</field>
<field name="subject" update="add">http://dbpedia.org/resource/Category:Realist_painters</field>
<field name="subject" update="add">http://dbpedia.org/resource/Category:American_sculptors</field>
<field name="subject" update="add">http://dbpedia.org/resource/Category:Artists_from_Philadelphia,_Pennsylvania</field>
<field name="subject" update="add">http://dbpedia.org/resource/Category:Pennsylvania_Academy_of_the_Fine_Arts_faculty</field>
<field name="subject" update="add">http://dbpedia.org/resource/Category:American_alumni_of_the_%C3%89cole_des_Beaux-Arts</field>
<field name="abstract">Thomas Cowperthwait Eakins (July 25, 1844 – June 25, 1916) was an American realist painter, photographer, sculptor, and fine arts educator. He is widely acknowledged to be one of the most important artists in American art history. For the length of his professional career, from the early 1870s until his health began to fail some 40 years later, Eakins worked exactingly from life, choosing as his subject the people of his hometown of Philadelphia. He painted several hundred portraits, usually of friends, family members, or prominent people in the arts, sciences, medicine, and clergy. Taken en masse, the portraits offer an overview of the intellectual life of Philadelphia in the late 19th and early 20th centuries; individually, they are incisive depictions of thinking persons. In addition, Eakins produced a number of large paintings which brought the portrait out of the drawing room and into the offices, streets, parks, rivers, arenas, and surgical amphitheaters of his city. These active outdoor venues allowed him to paint the subject which most inspired him: the nude or lightly clad figure in motion. In the process he could model the forms of the body in full sunlight, and create images of deep space utilizing his studies in perspective. Eakins also took a keen interest in the new technologies of motion photography, a field in which he is now seen as an innovator. No less important in Eakins' life was his work as a teacher. As an instructor he was a highly influential presence in American art. The difficulties which beset him as an artist seeking to paint the portrait and figure realistically were paralleled and even amplified in his career as an educator, where behavioral and sexual scandals truncated his success and damaged his reputation. Eakins was a controversial figure whose work received little by way of official recognition during his lifetime. Since his death, he has been celebrated by American art historians as "the strongest, most profound realist in nineteenth-and early-twentieth-century American art".</field>
<field name="birth-place">http://dbpedia.org/resource/Philadelphia</field>
<field name="death-place">http://dbpedia.org/resource/Philadelphia</field>
<field name="field">http://dbpedia.org/resource/Painting</field>
<field name="movement">http://dbpedia.org/resource/Realism_(arts)</field>
<field name="label">Thomas Eakins</field>
<field name="depiction">http://upload.wikimedia.org/wikipedia/commons/7/7c/Eakins_selfportrait.jpg</field>
<field name="comment">Thomas Cowperthwait Eakins (July 25, 1844 – June 25, 1916) was an American realist painter, photographer, sculptor, and fine arts educator. He is widely acknowledged to be one of the most important artists in American art history. For the length of his professional career, from the early 1870s until his health began to fail some 40 years later, Eakins worked exactingly from life, choosing as his subject the people of his hometown of Philadelphia.</field>
<field name="name"/>
<field name="thumbnail">http://upload.wikimedia.org/wikipedia/commons/thumb/7/7c/Eakins_selfportrait.jpg/200px-Eakins_selfportrait.jpg</field>
<field name="link_external">http://www.thomaseakins.org</field>
<field name="link_external">http://www.metmuseum.org/special/se_event.asp?OccurrenceId=%7BC9AAB347-859E-11D5-93FE-00902786BF44%7D</field>
<field name="link_external">http://www.aaa.si.edu/collections/selections-seymour-adelman-collection-10785</field>
<field name="link_external">http://www.aaa.si.edu/collectionsonline/eakithom/</field>
<field name="field">http://dbpedia.org/resource/Painting</field>
<field name="movement">http://dbpedia.org/resource/Realism_(arts)</field>
<field name="width">30</field>
<field name="influenced"/>
<field name="isPrimaryTopicOf">http://en.wikipedia.org/wiki/Thomas_Eakins</field>
<field name="description"/>
<field name="photo-collection">http://wifo5-03.informatik.uni-mannheim.de/flickrwrappr/photos/Thomas_Eakins</field>
</doc>
<doc>
<field name="uri">http://dbpedia.org/resource/Trenton_Battle_Monument</field>
<field name="entity_type">artists</field>
<field name="timestamp">NOW</field>
</doc>
<doc>
<field name="uri">http://dbpedia.org/resource/The_Gross_Clinic</field>
<field name="entity_type">artists</field>
<field name="timestamp">NOW</field>
</doc>
<doc>
<field name="uri">http://cs.dbpedia.org/resource/Thomas_Eakins</field>
<field name="entity_type">artists</field>
<field name="timestamp">NOW</field>
<field name="sameAs">http://dbpedia.org/resource/Thomas_Eakins</field>
</doc>
<doc>
<field name="uri">http://pl.dbpedia.org/resource/Thomas_Eakins</field>
<field name="entity_type">artists</field>
<field name="timestamp">NOW</field>
<field name="sameAs">http://dbpedia.org/resource/Thomas_Eakins</field>
</doc>
<doc>
<field name="uri">http://ru.dbpedia.org/resource/Икинс,_Томас</field>
<field name="entity_type">artists</field>
<field name="timestamp">NOW</field>
<field name="sameAs">http://dbpedia.org/resource/Thomas_Eakins</field>
</doc>
<doc>
<field name="uri">http://dbpedia.org/resource/The_Swimming_Hole</field>
<field name="entity_type">artists</field>
<field name="timestamp">NOW</field>
<field name="artist">http://dbpedia.org/resource/Thomas_Eakins</field>
</doc>
<doc>
<field name="uri">http://dbpedia.org/resource/Self-portrait_(Thomas_Eakins)</field>
<field name="entity_type">artists</field>
<field name="timestamp">NOW</field>
<field name="artist">http://dbpedia.org/resource/Thomas_Eakins</field>
</doc>
<doc>
<field name="uri">http://dbpedia.org/resource/Thomas_Pollock_Anshutz</field>
<field name="entity_type">artists</field>
<field name="timestamp">NOW</field>
<field name="influenced">http://dbpedia.org/resource/Thomas_Eakins</field>
</doc>
<doc>
<field name="uri">http://dbpedia.org/resource/Miss_Amelia_Van_Buren</field>
<field name="entity_type">artists</field>
<field name="timestamp">NOW</field>
<field name="artist">http://dbpedia.org/resource/Thomas_Eakins</field>
</doc>
<doc>
<field name="uri">http://dbpedia.org/resource/Salutat</field>
<field name="entity_type">artists</field>
<field name="timestamp">NOW</field>
<field name="artist">http://dbpedia.org/resource/Thomas_Eakins</field>
</doc>
<doc>
<field name="uri">http://dbpedia.org/resource/Bo_Bartlett</field>
<field name="entity_type">artists</field>
<field name="timestamp">NOW</field>
<field name="influenced">http://dbpedia.org/resource/Thomas_Eakins</field>
</doc>
<doc>
<field name="uri">http://dbpedia.org/resource/William_B._T._Trego</field>
<field name="entity_type">artists</field>
<field name="timestamp">NOW</field>
</doc>
<doc>
<field name="uri">http://dbpedia.org/resource/Cowperthwait</field>
<field name="entity_type">artists</field>
<field name="timestamp">NOW</field>
</doc>
<doc>
<field name="uri">http://dbpedia.org/resource/Thomas_C._Eakins</field>
<field name="entity_type">artists</field>
<field name="timestamp">NOW</field>
</doc>
<doc>
<field name="uri">http://en.wikipedia.org/wiki/Thomas_Eakins</field>
<field name="entity_type">artists</field>
<field name="timestamp">NOW</field>
<field name="primaryTopic">http://dbpedia.org/resource/Thomas_Eakins</field>
</doc>
<doc>
<field name="uri">http://dbpedia.org/resource/Eakins</field>
<field name="entity_type">artists</field>
<field name="timestamp">NOW</field>
</doc>
<doc>
<field name="uri">http://dbpedia.org/resource/The_Thinker:_Portrait_of_Louis_N._Kenton</field>
<field name="entity_type">artists</field>
<field name="timestamp">NOW</field>
<field name="artist">http://dbpedia.org/resource/Thomas_Eakins</field>
</doc>
<doc>
<field name="uri">http://nl.dbpedia.org/resource/Thomas_Eakins</field>
<field name="entity_type">artists</field>
<field name="timestamp">NOW</field>
<field name="sameAs">http://dbpedia.org/resource/Thomas_Eakins</field>
</doc>
<doc>
<field name="uri">http://wikidata.dbpedia.org/resource/Q214905</field>
<field name="entity_type">artists</field>
<field name="timestamp">NOW</field>
<field name="sameAs">http://dbpedia.org/resource/Thomas_Eakins</field>
</doc>
<doc>
<field name="uri">http://zh.dbpedia.org/resource/湯姆·艾金斯</field>
<field name="entity_type">artists</field>
<field name="timestamp">NOW</field>
<field name="sameAs">http://dbpedia.org/resource/Thomas_Eakins</field>
</doc>
<doc>
<field name="uri">http://ar.dbpedia.org/resource/توماس_إيكنز</field>
<field name="entity_type">artists</field>
<field name="timestamp">NOW</field>
<field name="sameAs">http://dbpedia.org/resource/Thomas_Eakins</field>
</doc>
<doc>
<field name="uri">http://be.dbpedia.org/resource/Томас_Эйкінс</field>
<field name="entity_type">artists</field>
<field name="timestamp">NOW</field>
<field name="sameAs">http://dbpedia.org/resource/Thomas_Eakins</field>
</doc>
<doc>
<field name="uri">http://bn.dbpedia.org/resource/টমাস_এয়াকিনস</field>
<field name="entity_type">artists</field>
<field name="timestamp">NOW</field>
<field name="sameAs">http://dbpedia.org/resource/Thomas_Eakins</field>
</doc>
<doc>
<field name="uri">http://eo.dbpedia.org/resource/Thomas_Eakins</field>
<field name="entity_type">artists</field>
<field name="timestamp">NOW</field>
<field name="sameAs">http://dbpedia.org/resource/Thomas_Eakins</field>
</doc>
<doc>
<field name="uri">http://fa.dbpedia.org/resource/توماس_ایکینز</field>
<field name="entity_type">artists</field>
<field name="timestamp">NOW</field>
<field name="sameAs">http://dbpedia.org/resource/Thomas_Eakins</field>
</doc>
<doc>
<field name="uri">http://fi.dbpedia.org/resource/Thomas_Eakins</field>
<field name="entity_type">artists</field>
<field name="timestamp">NOW</field>
<field name="sameAs">http://dbpedia.org/resource/Thomas_Eakins</field>
</doc>
<doc>
<field name="uri">http://fy.dbpedia.org/resource/Thomas_Eakins</field>
<field name="entity_type">artists</field>
<field name="timestamp">NOW</field>
<field name="sameAs">http://dbpedia.org/resource/Thomas_Eakins</field>
</doc>
<doc>
<field name="uri">http://gl.dbpedia.org/resource/Thomas_Eakins</field>
<field name="entity_type">artists</field>
<field name="timestamp">NOW</field>
<field name="sameAs">http://dbpedia.org/resource/Thomas_Eakins</field>
</doc>
<doc>
<field name="uri">http://he.dbpedia.org/resource/תומאס_אייקנס</field>
<field name="entity_type">artists</field>
<field name="timestamp">NOW</field>
<field name="sameAs">http://dbpedia.org/resource/Thomas_Eakins</field>
</doc>
<doc>
<field name="uri">http://mi.dbpedia.org/resource/Thomas_Eakins</field>
<field name="entity_type">artists</field>
<field name="timestamp">NOW</field>
<field name="sameAs">http://dbpedia.org/resource/Thomas_Eakins</field>
</doc>
<doc>
<field name="uri">http://nn.dbpedia.org/resource/Thomas_Eakins</field>
<field name="entity_type">artists</field>
<field name="timestamp">NOW</field>
<field name="sameAs">http://dbpedia.org/resource/Thomas_Eakins</field>
</doc>
<doc>
<field name="uri">http://no.dbpedia.org/resource/Thomas_Eakins</field>
<field name="entity_type">artists</field>
<field name="timestamp">NOW</field>
<field name="sameAs">http://dbpedia.org/resource/Thomas_Eakins</field>
</doc>
<doc>
<field name="uri">http://pnb.dbpedia.org/resource/تھامس_ایکنز</field>
<field name="entity_type">artists</field>
<field name="timestamp">NOW</field>
<field name="sameAs">http://dbpedia.org/resource/Thomas_Eakins</field>
</doc>
<doc>
<field name="uri">http://ro.dbpedia.org/resource/Thomas_Eakins</field>
<field name="entity_type">artists</field>
<field name="timestamp">NOW</field>
<field name="sameAs">http://dbpedia.org/resource/Thomas_Eakins</field>
</doc>
<doc>
<field name="uri">http://sh.dbpedia.org/resource/Thomas_Eakins</field>
<field name="entity_type">artists</field>
<field name="timestamp">NOW</field>
<field name="sameAs">http://dbpedia.org/resource/Thomas_Eakins</field>
</doc>
<doc>
<field name="uri">http://sv.dbpedia.org/resource/Thomas_Eakins</field>
<field name="entity_type">artists</field>
<field name="timestamp">NOW</field>
<field name="sameAs">http://dbpedia.org/resource/Thomas_Eakins</field>
</doc>
<doc>
<field name="uri">http://th.dbpedia.org/resource/ทอมัส_เอคินส์</field>
<field name="entity_type">artists</field>
<field name="timestamp">NOW</field>
<field name="sameAs">http://dbpedia.org/resource/Thomas_Eakins</field>
</doc>
<doc>
<field name="uri">http://tr.dbpedia.org/resource/Thomas_Eakins</field>
<field name="entity_type">artists</field>
<field name="timestamp">NOW</field>
<field name="sameAs">http://dbpedia.org/resource/Thomas_Eakins</field>
</doc>
<doc>
<field name="uri">http://haw.dbpedia.org/resource/Thomas_Eakins</field>
<field name="entity_type">artists</field>
<field name="timestamp">NOW</field>
<field name="sameAs">http://dbpedia.org/resource/Thomas_Eakins</field>
</doc>
<doc>
<field name="uri">http://se.dbpedia.org/resource/Thomas_Eakins</field>
<field name="entity_type">artists</field>
<field name="timestamp">NOW</field>
<field name="sameAs">http://dbpedia.org/resource/Thomas_Eakins</field>
</doc>
</add>
