<add xmlns:dc="http://purl.org/dc/elements/1.1/" overwrite="true">
<doc>
<field name="uri">http://dbpedia.org/resource/The_Tribute_Money_(Titian)</field>
<field name="entity_type">artists</field>
<field name="timestamp">NOW</field>
<field name="artist">http://dbpedia.org/resource/Titian</field>
</doc>
<doc>
<field name="uri">http://dbpedia.org/resource/Assumption_of_the_Virgin_(Titian)</field>
<field name="entity_type">artists</field>
<field name="timestamp">NOW</field>
</doc>
<doc>
<field name="uri">http://dbpedia.org/resource/Pesaro_Madonna</field>
<field name="entity_type">artists</field>
<field name="timestamp">NOW</field>
</doc>
<doc>
<field name="uri">http://dbpedia.org/resource/Piet%C3%A0_(Titian)</field>
<field name="entity_type">artists</field>
<field name="timestamp">NOW</field>
</doc>
<doc>
<field name="uri">http://dbpedia.org/resource/Ronald_Francis</field>
<field name="entity_type">artists</field>
<field name="timestamp">NOW</field>
<field name="influenced">http://dbpedia.org/resource/Titian</field>
</doc>
<doc>
<field name="uri">http://cs.dbpedia.org/resource/Tizian</field>
<field name="entity_type">artists</field>
<field name="timestamp">NOW</field>
<field name="sameAs">http://dbpedia.org/resource/Titian</field>
</doc>
<doc>
<field name="uri">http://it.dbpedia.org/resource/Tiziano</field>
<field name="entity_type">artists</field>
<field name="timestamp">NOW</field>
<field name="sameAs">http://dbpedia.org/resource/Titian</field>
</doc>
<doc>
<field name="uri">http://ko.dbpedia.org/resource/티치아노</field>
<field name="entity_type">artists</field>
<field name="timestamp">NOW</field>
<field name="sameAs">http://dbpedia.org/resource/Titian</field>
</doc>
<doc>
<field name="uri">http://pl.dbpedia.org/resource/Tycjan</field>
<field name="entity_type">artists</field>
<field name="timestamp">NOW</field>
<field name="sameAs">http://dbpedia.org/resource/Titian</field>
</doc>
<doc>
<field name="uri">http://pt.dbpedia.org/resource/Ticiano</field>
<field name="entity_type">artists</field>
<field name="timestamp">NOW</field>
<field name="sameAs">http://dbpedia.org/resource/Titian</field>
</doc>
<doc>
<field name="uri">http://dbpedia.org/resource/Portrait_of_Charles_V_with_a_Dog</field>
<field name="entity_type">artists</field>
<field name="timestamp">NOW</field>
<field name="artist">http://dbpedia.org/resource/Titian</field>
</doc>
<doc>
<field name="uri">http://dbpedia.org/resource/Vecellio_Titian</field>
<field name="entity_type">artists</field>
<field name="timestamp">NOW</field>
</doc>
<doc>
<field name="uri">http://dbpedia.org/resource/Bacchus_and_Ariadne</field>
<field name="entity_type">artists</field>
<field name="timestamp">NOW</field>
<field name="artist">http://dbpedia.org/resource/Titian</field>
</doc>
<doc>
<field name="uri">http://dbpedia.org/resource/St._Mark_Enthroned</field>
<field name="entity_type">artists</field>
<field name="timestamp">NOW</field>
<field name="artist">http://dbpedia.org/resource/Titian</field>
</doc>
<doc>
<field name="uri">http://de.dbpedia.org/resource/Tizian</field>
<field name="entity_type">artists</field>
<field name="timestamp">NOW</field>
<field name="sameAs">http://dbpedia.org/resource/Titian</field>
</doc>
<doc>
<field name="uri">http://el.dbpedia.org/resource/Τιτσιάνο</field>
<field name="entity_type">artists</field>
<field name="timestamp">NOW</field>
<field name="sameAs">http://dbpedia.org/resource/Titian</field>
</doc>
<doc>
<field name="uri">http://fr.dbpedia.org/resource/Titien</field>
<field name="entity_type">artists</field>
<field name="timestamp">NOW</field>
<field name="sameAs">http://dbpedia.org/resource/Titian</field>
</doc>
<doc>
<field name="uri">http://ja.dbpedia.org/resource/ティツィアーノ・ヴェチェッリオ</field>
<field name="entity_type">artists</field>
<field name="timestamp">NOW</field>
<field name="sameAs">http://dbpedia.org/resource/Titian</field>
</doc>
<doc>
<field name="uri">http://ru.dbpedia.org/resource/Тициан</field>
<field name="entity_type">artists</field>
<field name="timestamp">NOW</field>
<field name="sameAs">http://dbpedia.org/resource/Titian</field>
</doc>
<doc>
<field name="uri">http://dbpedia.org/resource/Anthony_van_Dyck</field>
<field name="entity_type">artists</field>
<field name="timestamp">NOW</field>
</doc>
<doc>
<field name="uri">http://dbpedia.org/resource/Peter_Paul_Rubens</field>
<field name="entity_type">artists</field>
<field name="timestamp">NOW</field>
<field name="influenced">http://dbpedia.org/resource/Titian</field>
</doc>
<doc>
<field name="uri">http://dbpedia.org/resource/The_Crowning_with_Thorns_(Titian)</field>
<field name="entity_type">artists</field>
<field name="timestamp">NOW</field>
<field name="artist">http://dbpedia.org/resource/Titian</field>
</doc>
<doc>
<field name="uri">http://dbpedia.org/resource/Venus_Anadyomene_(Titian)</field>
<field name="entity_type">artists</field>
<field name="timestamp">NOW</field>
<field name="artist">http://dbpedia.org/resource/Titian</field>
</doc>
<doc>
<field name="uri">http://dbpedia.org/resource/Titian</field>
<field name="entity_type">artists</field>
<field name="timestamp">NOW</field>
<field name="sameAs">http://th.dbpedia.org/resource/ทิเชียน</field>
<field name="sameAs">http://purl.org/collections/nl/am/p-16928</field>
<field name="sameAs">http://vls.dbpedia.org/resource/Titiaan</field>
<field name="sameAs">http://eo.dbpedia.org/resource/Ticiano</field>
<field name="sameAs">http://qu.dbpedia.org/resource/Tiziano</field>
<field name="sameAs">http://www.wikidata.org/entity/Q47551</field>
<field name="sameAs">http://mk.dbpedia.org/resource/Тицијан</field>
<field name="sameAs">http://de.dbpedia.org/resource/Tizian</field>
<field name="sameAs">http://hy.dbpedia.org/resource/Տիցիան</field>
<field name="sameAs">http://sk.dbpedia.org/resource/Tiziano_Vecelli</field>
<field name="sameAs">http://fa.dbpedia.org/resource/تیتیان</field>
<field name="sameAs">http://tr.dbpedia.org/resource/Titian</field>
<field name="sameAs">http://se.dbpedia.org/resource/Titian</field>
<field name="sameAs">http://bg.dbpedia.org/resource/Тициан</field>
<field name="sameAs">http://fy.dbpedia.org/resource/Titiaan</field>
<field name="sameAs">http://ru.dbpedia.org/resource/Тициан</field>
<field name="sameAs">http://ca.dbpedia.org/resource/Ticià</field>
<field name="sameAs">http://hr.dbpedia.org/resource/Tizian</field>
<field name="sameAs">http://hu.dbpedia.org/resource/Tiziano_Vecellio</field>
<field name="sameAs">http://be_x_old.dbpedia.org/resource/Тыцыян</field>
<field name="sameAs">http://sq.dbpedia.org/resource/Ticiani</field>
<field name="sameAs">http://arz.dbpedia.org/resource/تيتيان</field>
<field name="sameAs">http://lad.dbpedia.org/resource/Tiziano</field>
<field name="sameAs">http://yago-knowledge.org/resource/Titian</field>
<field name="sameAs">http://es.dbpedia.org/resource/Tiziano</field>
<field name="sameAs">http://cs.dbpedia.org/resource/Tizian</field>
<field name="sameAs">http://ml.dbpedia.org/resource/ടിഷ്യൻ_വെസല്ലി</field>
<field name="sameAs">http://nl.dbpedia.org/resource/Titiaan</field>
<field name="sameAs">http://purl.org/collections/nl/am/p-41838</field>
<field name="sameAs">http://eu.dbpedia.org/resource/Tiziano</field>
<field name="sameAs">http://zh.dbpedia.org/resource/提香</field>
<field name="sameAs">http://bo.dbpedia.org/resource/ཌི་ཛི་ཨ་ནོ་ཝ་ཅེ་ལི་ཡོ།</field>
<field name="sameAs">http://la.dbpedia.org/resource/Titianus_Vecellii</field>
<field name="sameAs">http://sr.dbpedia.org/resource/Тицијан_Вечели</field>
<field name="sameAs">http://sl.dbpedia.org/resource/Tizian</field>
<field name="sameAs">http://pl.dbpedia.org/resource/Tycjan</field>
<field name="sameAs">http://rdf.freebase.com/ns/m.0144mv</field>
<field name="sameAs">http://war.dbpedia.org/resource/Titian</field>
<field name="sameAs">http://et.dbpedia.org/resource/Tizian</field>
<field name="sameAs">http://no.dbpedia.org/resource/Tizian</field>
<field name="sameAs">http://io.dbpedia.org/resource/Tiziano</field>
<field name="sameAs">http://bs.dbpedia.org/resource/Tizian</field>
<field name="sameAs">http://simple.dbpedia.org/resource/Titian</field>
<field name="sameAs">http://kk.dbpedia.org/resource/Тициан</field>
<field name="sameAs">http://fi.dbpedia.org/resource/Tizian</field>
<field name="sameAs">http://be.dbpedia.org/resource/Тыцыян</field>
<field name="sameAs">http://id.dbpedia.org/resource/Tiziano_Vecelli</field>
<field name="sameAs">http://it.dbpedia.org/resource/Tiziano</field>
<field name="sameAs">http://ar.dbpedia.org/resource/تيتيان</field>
<field name="sameAs">http://vi.dbpedia.org/resource/Tiziano_Vecelli</field>
<field name="sameAs">http://ro.dbpedia.org/resource/Tiziano_Vecellio</field>
<field name="sameAs">http://az.dbpedia.org/resource/Tisiano_Veçelli</field>
<field name="sameAs">http://als.dbpedia.org/resource/Tizian</field>
<field name="sameAs">http://sv.dbpedia.org/resource/Tizian</field>
<field name="sameAs">http://el.dbpedia.org/resource/Τιτσιάνο</field>
<field name="sameAs">http://cy.dbpedia.org/resource/Titian</field>
<field name="sameAs">http://dbpedia.org/resource/Titian</field>
<field name="sameAs">http://ja.dbpedia.org/resource/ティツィアーノ・ヴェチェッリオ</field>
<field name="sameAs">http://pt.dbpedia.org/resource/Ticiano</field>
<field name="sameAs">http://lt.dbpedia.org/resource/Tiziano_Vecelli</field>
<field name="sameAs">http://fr.dbpedia.org/resource/Titien</field>
<field name="sameAs">http://ka.dbpedia.org/resource/ტიციანი</field>
<field name="sameAs">http://gl.dbpedia.org/resource/Tiziano</field>
<field name="sameAs">http://ko.dbpedia.org/resource/티치아노</field>
<field name="sameAs">http://sh.dbpedia.org/resource/Tizian</field>
<field name="sameAs">http://br.dbpedia.org/resource/Tizian</field>
<field name="sameAs">http://he.dbpedia.org/resource/טיציאן</field>
<field name="sameAs">http://nn.dbpedia.org/resource/Tizian</field>
<field name="sameAs">http://lv.dbpedia.org/resource/Ticiāns</field>
<field name="sameAs">http://da.dbpedia.org/resource/Tizian</field>
<field name="sameAs">http://uk.dbpedia.org/resource/Тиціан</field>
<field name="sameAs">http://my.dbpedia.org/resource/တစ်ရှန်</field>
<field name="sameAs">http://mi.dbpedia.org/resource/Titian</field>
<field name="subject" update="add">http://dbpedia.org/resource/Category:People_from_the_Province_of_Belluno</field>
<field name="subject" update="add">http://dbpedia.org/resource/Category:Knights_of_the_Golden_Spur</field>
<field name="subject" update="add">http://dbpedia.org/resource/Category:Italian_painters</field>
<field name="subject" update="add">http://dbpedia.org/resource/Category:Renaissance_painters</field>
<field name="subject" update="add">http://dbpedia.org/resource/Category:Italian_Roman_Catholics</field>
<field name="subject" update="add">http://dbpedia.org/resource/Category:Venetian_painters</field>
<field name="subject" update="add">http://dbpedia.org/resource/Category:Titian</field>
<field name="subject" update="add">http://dbpedia.org/resource/Category:1480s_births</field>
<field name="subject" update="add">http://dbpedia.org/resource/Category:1576_deaths</field>
<field name="abstract">Tiziano Vecelli or Tiziano Vecellio (c. 1488/1490 – 27 August 1576) known in English as Titian was an Italian painter, the most important member of the 16th-century Venetian school. He was born in Pieve di Cadore, near Belluno, in the Republic of Venice. During his lifetime he was often called da Cadore, taken from the place of his birth. Recognized by his contemporaries as "The Sun Amidst Small Stars" (recalling the famous final line of Dante's Paradiso), Titian was one of the most versatile of Italian painters, equally adept with portraits, landscape backgrounds, and mythological and religious subjects. His painting methods, particularly in the application and use of color, would exercise a profound influence not only on painters of the Italian Renaissance, but on future generations of Western art. During the course of his long life, Titian's artistic manner changed drastically but he retained a lifelong interest in color. Although his mature works may not contain the vivid, luminous tints of his early pieces, their loose brushwork and subtlety of polychromatic modulations are without precedent in the history of Western art.</field>
<field name="birth-place">http://dbpedia.org/resource/Pieve_di_Cadore</field>
<field name="death-place">http://dbpedia.org/resource/Venice</field>
<field name="field">http://dbpedia.org/resource/Painting</field>
<field name="movement">http://dbpedia.org/resource/High_Renaissance</field>
<field name="label">Titian</field>
<field name="depiction">http://upload.wikimedia.org/wikipedia/commons/5/53/Tizian_090.jpg</field>
<field name="comment">Tiziano Vecelli or Tiziano Vecellio (c. 1488/1490 – 27 August 1576) known in English as Titian was an Italian painter, the most important member of the 16th-century Venetian school. He was born in Pieve di Cadore, near Belluno, in the Republic of Venice. During his lifetime he was often called da Cadore, taken from the place of his birth.</field>
<field name="name"/>
<field name="thumbnail">http://upload.wikimedia.org/wikipedia/commons/thumb/5/53/Tizian_090.jpg/200px-Tizian_090.jpg</field>
<field name="link_external">http://www.titian-tizianovecellio.org/</field>
<field name="link_external">http://musee.louvre.fr/oal/viergeaulapinTitien/viergeaulapinTitien_acc_en.html</field>
<field name="link_external">http://merovingio.c2rmf.cnrs.fr/iipimage/ENI_Tiziano/</field>
<field name="link_external">http://books.google.co.uk/books?id=nNxVU2khKfcC&amp;pg=PA43&amp;dq=Titian+Vasari+learning+how+to+paint&amp;lr=&amp;as_brr=3#PPA58,M1</field>
<field name="link_external">http://www.art-drawing.ru/biographies/brief-biographies/1457-tiziano-vecellio</field>
<field name="link_external">http://www.aiwaz.net/panopticon/titian/gc207</field>
<field name="link_external">http://www.christies.com/presscenter/pdf/09162005/09162005b.pdf</field>
<field name="link_external">http://www.archive.org/details/earlyworkoftitia00belluoft</field>
<field name="link_external">http://www.nybooks.com/articles/22353</field>
<field name="link_external">http://www.wga.hu/frames-e.html?/html/t/tiziano/index.html</field>
<field name="link_external">http://www.nationalgallery.org.uk/paintings/titian-portrait-of-gerolamo-barbarigo</field>
<field name="link_external">http://www.artcyclopedia.com/artists/titian.html</field>
<field name="field">http://dbpedia.org/resource/Painting</field>
<field name="movement">http://dbpedia.org/resource/High_Renaissance</field>
<field name="influenced"/>
<field name="influenced"/>
<field name="influenced">http://dbpedia.org/resource/Assumption_of_the_Virgin_(Titian)</field>
<field name="isPrimaryTopicOf">http://en.wikipedia.org/wiki/Titian</field>
<field name="description"/>
<field name="photo-collection">http://wifo5-03.informatik.uni-mannheim.de/flickrwrappr/photos/Titian</field>
</doc>
<doc>
<field name="uri">http://dbpedia.org/resource/Balbi_Holy_Conversation</field>
<field name="entity_type">artists</field>
<field name="timestamp">NOW</field>
<field name="artist">http://dbpedia.org/resource/Titian</field>
</doc>
<doc>
<field name="uri">http://dbpedia.org/resource/Diana_and_Actaeon_(Titian)</field>
<field name="entity_type">artists</field>
<field name="timestamp">NOW</field>
</doc>
<doc>
<field name="uri">http://dbpedia.org/resource/Portrait_of_Charles_V_(Titian)</field>
<field name="entity_type">artists</field>
<field name="timestamp">NOW</field>
<field name="artist">http://dbpedia.org/resource/Titian</field>
</doc>
<doc>
<field name="uri">http://dbpedia.org/resource/The_Martyrdom_of_Saint_Lawrence_(Titian)</field>
<field name="entity_type">artists</field>
<field name="timestamp">NOW</field>
<field name="artist">http://dbpedia.org/resource/Titian</field>
</doc>
<doc>
<field name="uri">http://dbpedia.org/resource/Annunciation_(church_of_San_Salvador)</field>
<field name="entity_type">artists</field>
<field name="timestamp">NOW</field>
<field name="artist">http://dbpedia.org/resource/Titian</field>
</doc>
<doc>
<field name="uri">http://es.dbpedia.org/resource/Tiziano</field>
<field name="entity_type">artists</field>
<field name="timestamp">NOW</field>
<field name="sameAs">http://dbpedia.org/resource/Titian</field>
</doc>
<doc>
<field name="uri">http://dbpedia.org/resource/Vecellio</field>
<field name="entity_type">artists</field>
<field name="timestamp">NOW</field>
</doc>
<doc>
<field name="uri">http://dbpedia.org/resource/La_Schiavona</field>
<field name="entity_type">artists</field>
<field name="timestamp">NOW</field>
<field name="artist">http://dbpedia.org/resource/Titian</field>
</doc>
<doc>
<field name="uri">http://dbpedia.org/resource/Portrait_of_a_Young_Englishman</field>
<field name="entity_type">artists</field>
<field name="timestamp">NOW</field>
<field name="artist">http://dbpedia.org/resource/Titian</field>
</doc>
<doc>
<field name="uri">http://dbpedia.org/resource/The_Madonna_of_the_Rabbit</field>
<field name="entity_type">artists</field>
<field name="timestamp">NOW</field>
<field name="artist">http://dbpedia.org/resource/Titian</field>
</doc>
<doc>
<field name="uri">http://dbpedia.org/resource/Venus_of_Urbino</field>
<field name="entity_type">artists</field>
<field name="timestamp">NOW</field>
<field name="artist">http://dbpedia.org/resource/Titian</field>
</doc>
<doc>
<field name="uri">http://dbpedia.org/resource/A_Man_with_a_Quilted_Sleeve</field>
<field name="entity_type">artists</field>
<field name="timestamp">NOW</field>
<field name="artist">http://dbpedia.org/resource/Titian</field>
</doc>
<doc>
<field name="uri">http://dbpedia.org/resource/Equestrian_Portrait_of_Charles_V</field>
<field name="entity_type">artists</field>
<field name="timestamp">NOW</field>
<field name="artist">http://dbpedia.org/resource/Titian</field>
</doc>
<doc>
<field name="uri">http://dbpedia.org/resource/Penitent_Magdalene_(Titian,_1533)</field>
<field name="entity_type">artists</field>
<field name="timestamp">NOW</field>
<field name="artist">http://dbpedia.org/resource/Titian</field>
</doc>
<doc>
<field name="uri">http://dbpedia.org/resource/The_Feast_of_the_Gods</field>
<field name="entity_type">artists</field>
<field name="timestamp">NOW</field>
</doc>
<doc>
<field name="uri">http://dbpedia.org/resource/Young_Woman_in_a_Black_Dress</field>
<field name="entity_type">artists</field>
<field name="timestamp">NOW</field>
<field name="artist">http://dbpedia.org/resource/Titian</field>
</doc>
<doc>
<field name="uri">http://dbpedia.org/resource/Portrait_of_Alfonso_I_d'Este</field>
<field name="entity_type">artists</field>
<field name="timestamp">NOW</field>
</doc>
<doc>
<field name="uri">http://dbpedia.org/resource/Portrait_of_Queen_Christina_of_Denmark</field>
<field name="entity_type">artists</field>
<field name="timestamp">NOW</field>
<field name="artist">http://dbpedia.org/resource/Titian</field>
</doc>
<doc>
<field name="uri">http://dbpedia.org/resource/Venus_with_a_Mirror</field>
<field name="entity_type">artists</field>
<field name="timestamp">NOW</field>
<field name="artist">http://dbpedia.org/resource/Titian</field>
</doc>
<doc>
<field name="uri">http://dbpedia.org/resource/Alfonso_d'Avalos_Addressing_his_Troops</field>
<field name="entity_type">artists</field>
<field name="timestamp">NOW</field>
</doc>
<doc>
<field name="uri">http://dbpedia.org/resource/La_Bella</field>
<field name="entity_type">artists</field>
<field name="timestamp">NOW</field>
<field name="artist">http://dbpedia.org/resource/Titian</field>
</doc>
<doc>
<field name="uri">http://dbpedia.org/resource/Portrait_of_Giacomo_Doria_(Titian)</field>
<field name="entity_type">artists</field>
<field name="timestamp">NOW</field>
<field name="artist">http://dbpedia.org/resource/Titian</field>
</doc>
<doc>
<field name="uri">http://dbpedia.org/resource/Portrait_of_Ippolito_de'_Medici</field>
<field name="entity_type">artists</field>
<field name="timestamp">NOW</field>
</doc>
<doc>
<field name="uri">http://dbpedia.org/resource/Portrait_of_Isabella_of_Portugal</field>
<field name="entity_type">artists</field>
<field name="timestamp">NOW</field>
<field name="artist">http://dbpedia.org/resource/Titian</field>
</doc>
<doc>
<field name="uri">http://dbpedia.org/resource/Portrait_of_Jacopo_Strada</field>
<field name="entity_type">artists</field>
<field name="timestamp">NOW</field>
<field name="artist">http://dbpedia.org/resource/Titian</field>
</doc>
<doc>
<field name="uri">http://dbpedia.org/resource/Portrait_of_Laura_Dianti</field>
<field name="entity_type">artists</field>
<field name="timestamp">NOW</field>
<field name="artist">http://dbpedia.org/resource/Titian</field>
</doc>
<doc>
<field name="uri">http://dbpedia.org/resource/Portrait_of_Lavinia_Vecellio</field>
<field name="entity_type">artists</field>
<field name="timestamp">NOW</field>
<field name="artist">http://dbpedia.org/resource/Titian</field>
</doc>
<doc>
<field name="uri">http://dbpedia.org/resource/Portrait_of_Pietro_Aretino</field>
<field name="entity_type">artists</field>
<field name="timestamp">NOW</field>
<field name="artist">http://dbpedia.org/resource/Titian</field>
</doc>
<doc>
<field name="uri">http://dbpedia.org/resource/Portrait_of_Vincenzo_Mosti</field>
<field name="entity_type">artists</field>
<field name="timestamp">NOW</field>
<field name="artist">http://dbpedia.org/resource/Titian</field>
</doc>
<doc>
<field name="uri">http://dbpedia.org/resource/Saint_Jerome_in_Penitence_(Titian,_1552)</field>
<field name="entity_type">artists</field>
<field name="timestamp">NOW</field>
<field name="artist">http://dbpedia.org/resource/Titian</field>
</doc>
<doc>
<field name="uri">http://dbpedia.org/resource/Saint_John_the_Baptist_(Titian)</field>
<field name="entity_type">artists</field>
<field name="timestamp">NOW</field>
<field name="artist">http://dbpedia.org/resource/Titian</field>
</doc>
<doc>
<field name="uri">http://dbpedia.org/resource/St_Margaret_and_the_Dragon_(Titian)</field>
<field name="entity_type">artists</field>
<field name="timestamp">NOW</field>
<field name="artist">http://dbpedia.org/resource/Titian</field>
</doc>
<doc>
<field name="uri">http://dbpedia.org/resource/The_Bacchanal_of_the_Andrians</field>
<field name="entity_type">artists</field>
<field name="timestamp">NOW</field>
<field name="artist">http://dbpedia.org/resource/Titian</field>
</doc>
<doc>
<field name="uri">http://dbpedia.org/resource/The_Entombment_(Titian,_1559)</field>
<field name="entity_type">artists</field>
<field name="timestamp">NOW</field>
<field name="artist">http://dbpedia.org/resource/Titian</field>
</doc>
<doc>
<field name="uri">http://dbpedia.org/resource/The_Punishment_of_Tythus</field>
<field name="entity_type">artists</field>
<field name="timestamp">NOW</field>
<field name="artist">http://dbpedia.org/resource/Titian</field>
</doc>
<doc>
<field name="uri">http://dbpedia.org/resource/Vanity_(Titian)</field>
<field name="entity_type">artists</field>
<field name="timestamp">NOW</field>
<field name="artist">http://dbpedia.org/resource/Titian</field>
</doc>
<doc>
<field name="uri">http://dbpedia.org/resource/Venus_Blindfolding_Cupid</field>
<field name="entity_type">artists</field>
<field name="timestamp">NOW</field>
<field name="artist">http://dbpedia.org/resource/Titian</field>
</doc>
<doc>
<field name="uri">http://dbpedia.org/resource/Venus_and_Music</field>
<field name="entity_type">artists</field>
<field name="timestamp">NOW</field>
<field name="artist">http://dbpedia.org/resource/Titian</field>
</doc>
<doc>
<field name="uri">http://dbpedia.org/resource/Woman_with_a_Mirror</field>
<field name="entity_type">artists</field>
<field name="timestamp">NOW</field>
<field name="artist">http://dbpedia.org/resource/Titian</field>
</doc>
<doc>
<field name="uri">http://dbpedia.org/resource/Venus_and_Adonis_(Titian,_Rome)</field>
<field name="entity_type">artists</field>
<field name="timestamp">NOW</field>
<field name="artist">http://dbpedia.org/resource/Titian</field>
</doc>
<doc>
<field name="uri">http://dbpedia.org/resource/9905_Tiziano</field>
<field name="entity_type">artists</field>
<field name="timestamp">NOW</field>
</doc>
<doc>
<field name="uri">http://dbpedia.org/resource/Gozzi_Altarpiece</field>
<field name="entity_type">artists</field>
<field name="timestamp">NOW</field>
</doc>
<doc>
<field name="uri">http://dbpedia.org/resource/Jacopo_Pesaro_being_presented_by_Pope_Alexander_VI_to_Saint_Peter</field>
<field name="entity_type">artists</field>
<field name="timestamp">NOW</field>
<field name="artist">http://dbpedia.org/resource/Titian</field>
</doc>
<doc>
<field name="uri">http://dbpedia.org/resource/Noli_me_tangere_(Titian)</field>
<field name="entity_type">artists</field>
<field name="timestamp">NOW</field>
<field name="artist">http://dbpedia.org/resource/Titian</field>
</doc>
<doc>
<field name="uri">http://dbpedia.org/resource/Philip_II_in_Armour</field>
<field name="entity_type">artists</field>
<field name="timestamp">NOW</field>
</doc>
<doc>
<field name="uri">http://dbpedia.org/resource/Portrait_of_the_Vendramin_Family</field>
<field name="entity_type">artists</field>
<field name="timestamp">NOW</field>
</doc>
<doc>
<field name="uri">http://dbpedia.org/resource/Averoldi_Polyptych</field>
<field name="entity_type">artists</field>
<field name="timestamp">NOW</field>
</doc>
<doc>
<field name="uri">http://dbpedia.org/resource/Christ_Carrying_the_Cross_(Titian)</field>
<field name="entity_type">artists</field>
<field name="timestamp">NOW</field>
</doc>
<doc>
<field name="uri">http://dbpedia.org/resource/Man_with_a_Glove</field>
<field name="entity_type">artists</field>
<field name="timestamp">NOW</field>
<field name="artist">http://dbpedia.org/resource/Titian</field>
</doc>
<doc>
<field name="uri">http://dbpedia.org/resource/Pastoral_Concert</field>
<field name="entity_type">artists</field>
<field name="timestamp">NOW</field>
</doc>
<doc>
<field name="uri">http://dbpedia.org/resource/Penitent_Magdalene_(Titian,_1565)</field>
<field name="entity_type">artists</field>
<field name="timestamp">NOW</field>
<field name="artist">http://dbpedia.org/resource/Titian</field>
</doc>
<doc>
<field name="uri">http://dbpedia.org/resource/Dosso_Dossi</field>
<field name="entity_type">artists</field>
<field name="timestamp">NOW</field>
<field name="influenced">http://dbpedia.org/resource/Titian</field>
</doc>
<doc>
<field name="uri">http://dbpedia.org/resource/Reginald_Marsh_(artist)</field>
<field name="entity_type">artists</field>
<field name="timestamp">NOW</field>
<field name="influenced">http://dbpedia.org/resource/Titian</field>
</doc>
<doc>
<field name="uri">http://dbpedia.org/resource/Sacred_and_Profane_Love</field>
<field name="entity_type">artists</field>
<field name="timestamp">NOW</field>
<field name="artist">http://dbpedia.org/resource/Titian</field>
</doc>
<doc>
<field name="uri">http://dbpedia.org/resource/Tiziano_Vecellio</field>
<field name="entity_type">artists</field>
<field name="timestamp">NOW</field>
</doc>
<doc>
<field name="uri">http://dbpedia.org/resource/Da_Cadore</field>
<field name="entity_type">artists</field>
<field name="timestamp">NOW</field>
</doc>
<doc>
<field name="uri">http://dbpedia.org/resource/Punishment_of_Marsyas</field>
<field name="entity_type">artists</field>
<field name="timestamp">NOW</field>
<field name="artist">http://dbpedia.org/resource/Titian</field>
</doc>
<doc>
<field name="uri">http://dbpedia.org/resource/Flora_(Titian)</field>
<field name="entity_type">artists</field>
<field name="timestamp">NOW</field>
<field name="artist">http://dbpedia.org/resource/Titian</field>
</doc>
<doc>
<field name="uri">http://dbpedia.org/resource/Mater_Dolorosa_(Titian)</field>
<field name="entity_type">artists</field>
<field name="timestamp">NOW</field>
</doc>
<doc>
<field name="uri">http://dbpedia.org/resource/Portrait_of_Pope_Paul_III_(Titian)</field>
<field name="entity_type">artists</field>
<field name="timestamp">NOW</field>
<field name="artist">http://dbpedia.org/resource/Titian</field>
</doc>
<doc>
<field name="uri">http://dbpedia.org/resource/Saint_Sebastian_(Titian,_Hermitage)</field>
<field name="entity_type">artists</field>
<field name="timestamp">NOW</field>
<field name="artist">http://dbpedia.org/resource/Titian</field>
</doc>
<doc>
<field name="uri">http://dbpedia.org/resource/Salome_(Titian)</field>
<field name="entity_type">artists</field>
<field name="timestamp">NOW</field>
<field name="artist">http://dbpedia.org/resource/Titian</field>
</doc>
<doc>
<field name="uri">http://dbpedia.org/resource/Self-Portrait_(Titian,_Berlin)</field>
<field name="entity_type">artists</field>
<field name="timestamp">NOW</field>
<field name="artist">http://dbpedia.org/resource/Titian</field>
</doc>
<doc>
<field name="uri">http://dbpedia.org/resource/Tarquin_and_Lucretia_(1571_painting)</field>
<field name="entity_type">artists</field>
<field name="timestamp">NOW</field>
<field name="artist">http://dbpedia.org/resource/Titian</field>
</doc>
<doc>
<field name="uri">http://dbpedia.org/resource/Violante_(Titian)</field>
<field name="entity_type">artists</field>
<field name="timestamp">NOW</field>
<field name="artist">http://dbpedia.org/resource/Titian</field>
</doc>
<doc>
<field name="uri">http://dbpedia.org/resource/Crucifixion_(Titian)</field>
<field name="entity_type">artists</field>
<field name="timestamp">NOW</field>
<field name="artist">http://dbpedia.org/resource/Titian</field>
</doc>
<doc>
<field name="uri">http://dbpedia.org/resource/Madonna_and_Child_with_Saints_Luke_and_Catherine_of_Alexandria</field>
<field name="entity_type">artists</field>
<field name="timestamp">NOW</field>
</doc>
<doc>
<field name="uri">http://dbpedia.org/resource/Alessandro_Varotari</field>
<field name="entity_type">artists</field>
<field name="timestamp">NOW</field>
<field name="influenced">http://dbpedia.org/resource/Titian</field>
</doc>
<doc>
<field name="uri">http://dbpedia.org/resource/Jacopo_Bassano</field>
<field name="entity_type">artists</field>
<field name="timestamp">NOW</field>
<field name="influenced">http://dbpedia.org/resource/Titian</field>
</doc>
<doc>
<field name="uri">http://dbpedia.org/resource/George_Weissbort</field>
<field name="entity_type">artists</field>
<field name="timestamp">NOW</field>
</doc>
<doc>
<field name="uri">http://dbpedia.org/resource/L%C3%A9on_Gard</field>
<field name="entity_type">artists</field>
<field name="timestamp">NOW</field>
<field name="influenced">http://dbpedia.org/resource/Titian</field>
</doc>
<doc>
<field name="uri">http://dbpedia.org/resource/Pope_Paul_III_and_his_Grandsons</field>
<field name="entity_type">artists</field>
<field name="timestamp">NOW</field>
</doc>
<doc>
<field name="uri">http://dbpedia.org/resource/The_Death_of_Actaeon</field>
<field name="entity_type">artists</field>
<field name="timestamp">NOW</field>
<field name="artist">http://dbpedia.org/resource/Titian</field>
</doc>
<doc>
<field name="uri">http://dbpedia.org/resource/Titian_(crater)</field>
<field name="entity_type">artists</field>
<field name="timestamp">NOW</field>
</doc>
<doc>
<field name="uri">http://dbpedia.org/resource/The_Gypsy_Madonna</field>
<field name="entity_type">artists</field>
<field name="timestamp">NOW</field>
<field name="artist">http://dbpedia.org/resource/Titian</field>
</doc>
<doc>
<field name="uri">http://dbpedia.org/resource/Portrait_of_Federico_II_Gonzaga</field>
<field name="entity_type">artists</field>
<field name="timestamp">NOW</field>
</doc>
<doc>
<field name="uri">http://dbpedia.org/resource/The_Worship_of_Venus</field>
<field name="entity_type">artists</field>
<field name="timestamp">NOW</field>
<field name="artist">http://dbpedia.org/resource/Titian</field>
</doc>
<doc>
<field name="uri">http://dbpedia.org/resource/Tiziano_Vecelli</field>
<field name="entity_type">artists</field>
<field name="timestamp">NOW</field>
</doc>
<doc>
<field name="uri">http://dbpedia.org/resource/Tizian</field>
<field name="entity_type">artists</field>
<field name="timestamp">NOW</field>
</doc>
<doc>
<field name="uri">http://dbpedia.org/resource/Miracle_of_the_Jealous_Husband</field>
<field name="entity_type">artists</field>
<field name="timestamp">NOW</field>
<field name="artist">http://dbpedia.org/resource/Titian</field>
</doc>
<doc>
<field name="uri">http://dbpedia.org/resource/Diana_and_Callisto</field>
<field name="entity_type">artists</field>
<field name="timestamp">NOW</field>
</doc>
<doc>
<field name="uri">http://dbpedia.org/resource/Portrait_of_Clarissa_Strozzi</field>
<field name="entity_type">artists</field>
<field name="timestamp">NOW</field>
<field name="artist">http://dbpedia.org/resource/Titian</field>
</doc>
<doc>
<field name="uri">http://dbpedia.org/resource/Saint_Jerome_in_Penitence_(Titian,_1575)</field>
<field name="entity_type">artists</field>
<field name="timestamp">NOW</field>
<field name="artist">http://dbpedia.org/resource/Titian</field>
</doc>
<doc>
<field name="uri">http://dbpedia.org/resource/The_Three_Ages_of_Man_(Titian)</field>
<field name="entity_type">artists</field>
<field name="timestamp">NOW</field>
<field name="artist">http://dbpedia.org/resource/Titian</field>
</doc>
<doc>
<field name="uri">http://dbpedia.org/resource/Malchiostro_Annunciation</field>
<field name="entity_type">artists</field>
<field name="timestamp">NOW</field>
<field name="artist">http://dbpedia.org/resource/Titian</field>
</doc>
<doc>
<field name="uri">http://dbpedia.org/resource/Tarquin_and_Lucretia_(1515_painting)</field>
<field name="entity_type">artists</field>
<field name="timestamp">NOW</field>
<field name="artist">http://dbpedia.org/resource/Titian</field>
</doc>
<doc>
<field name="uri">http://dbpedia.org/resource/Tiziano</field>
<field name="entity_type">artists</field>
<field name="timestamp">NOW</field>
</doc>
<doc>
<field name="uri">http://en.wikipedia.org/wiki/Titian</field>
<field name="entity_type">artists</field>
<field name="timestamp">NOW</field>
<field name="primaryTopic">http://dbpedia.org/resource/Titian</field>
</doc>
<doc>
<field name="uri">http://dbpedia.org/resource/Portrait_of_Isabella_d'Este_(Titian)</field>
<field name="entity_type">artists</field>
<field name="timestamp">NOW</field>
<field name="artist">http://dbpedia.org/resource/Titian</field>
</doc>
<doc>
<field name="uri">http://dbpedia.org/resource/Venus_and_Adonis_(Titian,_Madrid)</field>
<field name="entity_type">artists</field>
<field name="timestamp">NOW</field>
<field name="artist">http://dbpedia.org/resource/Titian</field>
</doc>
<doc>
<field name="uri">http://dbpedia.org/resource/Allegory_of_Prudence</field>
<field name="entity_type">artists</field>
<field name="timestamp">NOW</field>
<field name="artist">http://dbpedia.org/resource/Titian</field>
</doc>
<doc>
<field name="uri">http://dbpedia.org/resource/Tiziano_(disambiguation)</field>
<field name="entity_type">artists</field>
<field name="timestamp">NOW</field>
</doc>
<doc>
<field name="uri">http://dbpedia.org/resource/Titian_(disambiguation)</field>
<field name="entity_type">artists</field>
<field name="timestamp">NOW</field>
</doc>
<doc>
<field name="uri">http://nl.dbpedia.org/resource/Titiaan</field>
<field name="entity_type">artists</field>
<field name="timestamp">NOW</field>
<field name="sameAs">http://dbpedia.org/resource/Titian</field>
</doc>
<doc>
<field name="uri">http://eu.dbpedia.org/resource/Tiziano</field>
<field name="entity_type">artists</field>
<field name="timestamp">NOW</field>
<field name="sameAs">http://dbpedia.org/resource/Titian</field>
</doc>
<doc>
<field name="uri">http://dbpedia.org/resource/The_Entombment_of_Christ_(Titian)</field>
<field name="entity_type">artists</field>
<field name="timestamp">NOW</field>
<field name="artist">http://dbpedia.org/resource/Titian</field>
</doc>
<doc>
<field name="uri">http://wikidata.dbpedia.org/resource/Q47551</field>
<field name="entity_type">artists</field>
<field name="timestamp">NOW</field>
<field name="sameAs">http://dbpedia.org/resource/Titian</field>
</doc>
<doc>
<field name="uri">http://zh.dbpedia.org/resource/提香</field>
<field name="entity_type">artists</field>
<field name="timestamp">NOW</field>
<field name="sameAs">http://dbpedia.org/resource/Titian</field>
</doc>
<doc>
<field name="uri">http://ar.dbpedia.org/resource/تيتيان</field>
<field name="entity_type">artists</field>
<field name="timestamp">NOW</field>
<field name="sameAs">http://dbpedia.org/resource/Titian</field>
</doc>
<doc>
<field name="uri">http://arz.dbpedia.org/resource/تيتيان</field>
<field name="entity_type">artists</field>
<field name="timestamp">NOW</field>
<field name="sameAs">http://dbpedia.org/resource/Titian</field>
</doc>
<doc>
<field name="uri">http://az.dbpedia.org/resource/Tisiano_Veçelli</field>
<field name="entity_type">artists</field>
<field name="timestamp">NOW</field>
<field name="sameAs">http://dbpedia.org/resource/Titian</field>
</doc>
<doc>
<field name="uri">http://be.dbpedia.org/resource/Тыцыян</field>
<field name="entity_type">artists</field>
<field name="timestamp">NOW</field>
<field name="sameAs">http://dbpedia.org/resource/Titian</field>
</doc>
<doc>
<field name="uri">http://bg.dbpedia.org/resource/Тициан</field>
<field name="entity_type">artists</field>
<field name="timestamp">NOW</field>
<field name="sameAs">http://dbpedia.org/resource/Titian</field>
</doc>
<doc>
<field name="uri">http://br.dbpedia.org/resource/Tizian</field>
<field name="entity_type">artists</field>
<field name="timestamp">NOW</field>
<field name="sameAs">http://dbpedia.org/resource/Titian</field>
</doc>
<doc>
<field name="uri">http://bs.dbpedia.org/resource/Tizian</field>
<field name="entity_type">artists</field>
<field name="timestamp">NOW</field>
<field name="sameAs">http://dbpedia.org/resource/Titian</field>
</doc>
<doc>
<field name="uri">http://ca.dbpedia.org/resource/Ticià</field>
<field name="entity_type">artists</field>
<field name="timestamp">NOW</field>
<field name="sameAs">http://dbpedia.org/resource/Titian</field>
</doc>
<doc>
<field name="uri">http://cy.dbpedia.org/resource/Titian</field>
<field name="entity_type">artists</field>
<field name="timestamp">NOW</field>
<field name="sameAs">http://dbpedia.org/resource/Titian</field>
</doc>
<doc>
<field name="uri">http://da.dbpedia.org/resource/Tizian</field>
<field name="entity_type">artists</field>
<field name="timestamp">NOW</field>
<field name="sameAs">http://dbpedia.org/resource/Titian</field>
</doc>
<doc>
<field name="uri">http://eo.dbpedia.org/resource/Ticiano</field>
<field name="entity_type">artists</field>
<field name="timestamp">NOW</field>
<field name="sameAs">http://dbpedia.org/resource/Titian</field>
</doc>
<doc>
<field name="uri">http://et.dbpedia.org/resource/Tizian</field>
<field name="entity_type">artists</field>
<field name="timestamp">NOW</field>
<field name="sameAs">http://dbpedia.org/resource/Titian</field>
</doc>
<doc>
<field name="uri">http://fa.dbpedia.org/resource/تیتیان</field>
<field name="entity_type">artists</field>
<field name="timestamp">NOW</field>
<field name="sameAs">http://dbpedia.org/resource/Titian</field>
</doc>
<doc>
<field name="uri">http://fi.dbpedia.org/resource/Tizian</field>
<field name="entity_type">artists</field>
<field name="timestamp">NOW</field>
<field name="sameAs">http://dbpedia.org/resource/Titian</field>
</doc>
<doc>
<field name="uri">http://fy.dbpedia.org/resource/Titiaan</field>
<field name="entity_type">artists</field>
<field name="timestamp">NOW</field>
<field name="sameAs">http://dbpedia.org/resource/Titian</field>
</doc>
<doc>
<field name="uri">http://gl.dbpedia.org/resource/Tiziano</field>
<field name="entity_type">artists</field>
<field name="timestamp">NOW</field>
<field name="sameAs">http://dbpedia.org/resource/Titian</field>
</doc>
<doc>
<field name="uri">http://he.dbpedia.org/resource/טיציאן</field>
<field name="entity_type">artists</field>
<field name="timestamp">NOW</field>
<field name="sameAs">http://dbpedia.org/resource/Titian</field>
</doc>
<doc>
<field name="uri">http://hr.dbpedia.org/resource/Tizian</field>
<field name="entity_type">artists</field>
<field name="timestamp">NOW</field>
<field name="sameAs">http://dbpedia.org/resource/Titian</field>
</doc>
<doc>
<field name="uri">http://hu.dbpedia.org/resource/Tiziano_Vecellio</field>
<field name="entity_type">artists</field>
<field name="timestamp">NOW</field>
<field name="sameAs">http://dbpedia.org/resource/Titian</field>
</doc>
<doc>
<field name="uri">http://hy.dbpedia.org/resource/Տիցիան</field>
<field name="entity_type">artists</field>
<field name="timestamp">NOW</field>
<field name="sameAs">http://dbpedia.org/resource/Titian</field>
</doc>
<doc>
<field name="uri">http://id.dbpedia.org/resource/Tiziano_Vecelli</field>
<field name="entity_type">artists</field>
<field name="timestamp">NOW</field>
<field name="sameAs">http://dbpedia.org/resource/Titian</field>
</doc>
<doc>
<field name="uri">http://io.dbpedia.org/resource/Tiziano</field>
<field name="entity_type">artists</field>
<field name="timestamp">NOW</field>
<field name="sameAs">http://dbpedia.org/resource/Titian</field>
</doc>
<doc>
<field name="uri">http://ka.dbpedia.org/resource/ტიციანი</field>
<field name="entity_type">artists</field>
<field name="timestamp">NOW</field>
<field name="sameAs">http://dbpedia.org/resource/Titian</field>
</doc>
<doc>
<field name="uri">http://kk.dbpedia.org/resource/Тициан</field>
<field name="entity_type">artists</field>
<field name="timestamp">NOW</field>
<field name="sameAs">http://dbpedia.org/resource/Titian</field>
</doc>
<doc>
<field name="uri">http://la.dbpedia.org/resource/Titianus_Vecellii</field>
<field name="entity_type">artists</field>
<field name="timestamp">NOW</field>
<field name="sameAs">http://dbpedia.org/resource/Titian</field>
</doc>
<doc>
<field name="uri">http://lt.dbpedia.org/resource/Tiziano_Vecelli</field>
<field name="entity_type">artists</field>
<field name="timestamp">NOW</field>
<field name="sameAs">http://dbpedia.org/resource/Titian</field>
</doc>
<doc>
<field name="uri">http://lv.dbpedia.org/resource/Ticiāns</field>
<field name="entity_type">artists</field>
<field name="timestamp">NOW</field>
<field name="sameAs">http://dbpedia.org/resource/Titian</field>
</doc>
<doc>
<field name="uri">http://mi.dbpedia.org/resource/Titian</field>
<field name="entity_type">artists</field>
<field name="timestamp">NOW</field>
<field name="sameAs">http://dbpedia.org/resource/Titian</field>
</doc>
<doc>
<field name="uri">http://mk.dbpedia.org/resource/Тицијан</field>
<field name="entity_type">artists</field>
<field name="timestamp">NOW</field>
<field name="sameAs">http://dbpedia.org/resource/Titian</field>
</doc>
<doc>
<field name="uri">http://ml.dbpedia.org/resource/ടിഷ്യൻ_വെസല്ലി</field>
<field name="entity_type">artists</field>
<field name="timestamp">NOW</field>
<field name="sameAs">http://dbpedia.org/resource/Titian</field>
</doc>
<doc>
<field name="uri">http://my.dbpedia.org/resource/တစ်ရှန်</field>
<field name="entity_type">artists</field>
<field name="timestamp">NOW</field>
<field name="sameAs">http://dbpedia.org/resource/Titian</field>
</doc>
<doc>
<field name="uri">http://nn.dbpedia.org/resource/Tizian</field>
<field name="entity_type">artists</field>
<field name="timestamp">NOW</field>
<field name="sameAs">http://dbpedia.org/resource/Titian</field>
</doc>
<doc>
<field name="uri">http://no.dbpedia.org/resource/Tizian</field>
<field name="entity_type">artists</field>
<field name="timestamp">NOW</field>
<field name="sameAs">http://dbpedia.org/resource/Titian</field>
</doc>
<doc>
<field name="uri">http://qu.dbpedia.org/resource/Tiziano</field>
<field name="entity_type">artists</field>
<field name="timestamp">NOW</field>
<field name="sameAs">http://dbpedia.org/resource/Titian</field>
</doc>
<doc>
<field name="uri">http://ro.dbpedia.org/resource/Tiziano_Vecellio</field>
<field name="entity_type">artists</field>
<field name="timestamp">NOW</field>
<field name="sameAs">http://dbpedia.org/resource/Titian</field>
</doc>
<doc>
<field name="uri">http://sh.dbpedia.org/resource/Tizian</field>
<field name="entity_type">artists</field>
<field name="timestamp">NOW</field>
<field name="sameAs">http://dbpedia.org/resource/Titian</field>
</doc>
<doc>
<field name="uri">http://simple.dbpedia.org/resource/Titian</field>
<field name="entity_type">artists</field>
<field name="timestamp">NOW</field>
<field name="sameAs">http://dbpedia.org/resource/Titian</field>
</doc>
<doc>
<field name="uri">http://sk.dbpedia.org/resource/Tiziano_Vecelli</field>
<field name="entity_type">artists</field>
<field name="timestamp">NOW</field>
<field name="sameAs">http://dbpedia.org/resource/Titian</field>
</doc>
<doc>
<field name="uri">http://sl.dbpedia.org/resource/Tizian</field>
<field name="entity_type">artists</field>
<field name="timestamp">NOW</field>
<field name="sameAs">http://dbpedia.org/resource/Titian</field>
</doc>
<doc>
<field name="uri">http://sq.dbpedia.org/resource/Ticiani</field>
<field name="entity_type">artists</field>
<field name="timestamp">NOW</field>
<field name="sameAs">http://dbpedia.org/resource/Titian</field>
</doc>
<doc>
<field name="uri">http://sr.dbpedia.org/resource/Тицијан_Вечели</field>
<field name="entity_type">artists</field>
<field name="timestamp">NOW</field>
<field name="sameAs">http://dbpedia.org/resource/Titian</field>
</doc>
<doc>
<field name="uri">http://sv.dbpedia.org/resource/Tizian</field>
<field name="entity_type">artists</field>
<field name="timestamp">NOW</field>
<field name="sameAs">http://dbpedia.org/resource/Titian</field>
</doc>
<doc>
<field name="uri">http://th.dbpedia.org/resource/ทิเชียน</field>
<field name="entity_type">artists</field>
<field name="timestamp">NOW</field>
<field name="sameAs">http://dbpedia.org/resource/Titian</field>
</doc>
<doc>
<field name="uri">http://tr.dbpedia.org/resource/Titian</field>
<field name="entity_type">artists</field>
<field name="timestamp">NOW</field>
<field name="sameAs">http://dbpedia.org/resource/Titian</field>
</doc>
<doc>
<field name="uri">http://uk.dbpedia.org/resource/Тиціан</field>
<field name="entity_type">artists</field>
<field name="timestamp">NOW</field>
<field name="sameAs">http://dbpedia.org/resource/Titian</field>
</doc>
<doc>
<field name="uri">http://vi.dbpedia.org/resource/Tiziano_Vecelli</field>
<field name="entity_type">artists</field>
<field name="timestamp">NOW</field>
<field name="sameAs">http://dbpedia.org/resource/Titian</field>
</doc>
<doc>
<field name="uri">http://war.dbpedia.org/resource/Titian</field>
<field name="entity_type">artists</field>
<field name="timestamp">NOW</field>
<field name="sameAs">http://dbpedia.org/resource/Titian</field>
</doc>
<doc>
<field name="uri">http://als.dbpedia.org/resource/Tizian</field>
<field name="entity_type">artists</field>
<field name="timestamp">NOW</field>
<field name="sameAs">http://dbpedia.org/resource/Titian</field>
</doc>
<doc>
<field name="uri">http://be_x_old.dbpedia.org/resource/Тыцыян</field>
<field name="entity_type">artists</field>
<field name="timestamp">NOW</field>
<field name="sameAs">http://dbpedia.org/resource/Titian</field>
</doc>
<doc>
<field name="uri">http://bo.dbpedia.org/resource/ཌི་ཛི་ཨ་ནོ་ཝ་ཅེ་ལི་ཡོ།</field>
<field name="entity_type">artists</field>
<field name="timestamp">NOW</field>
<field name="sameAs">http://dbpedia.org/resource/Titian</field>
</doc>
<doc>
<field name="uri">http://lad.dbpedia.org/resource/Tiziano</field>
<field name="entity_type">artists</field>
<field name="timestamp">NOW</field>
<field name="sameAs">http://dbpedia.org/resource/Titian</field>
</doc>
<doc>
<field name="uri">http://se.dbpedia.org/resource/Titian</field>
<field name="entity_type">artists</field>
<field name="timestamp">NOW</field>
<field name="sameAs">http://dbpedia.org/resource/Titian</field>
</doc>
<doc>
<field name="uri">http://vls.dbpedia.org/resource/Titiaan</field>
<field name="entity_type">artists</field>
<field name="timestamp">NOW</field>
<field name="sameAs">http://dbpedia.org/resource/Titian</field>
</doc>
</add>
