<?xml version="1.0" encoding="utf-8" ?>
<rdf:RDF
	xmlns:rdf="http://www.w3.org/1999/02/22-rdf-syntax-ns#"
	xmlns:rdfs="http://www.w3.org/2000/01/rdf-schema#"
	xmlns:owl="http://www.w3.org/2002/07/owl#"
	xmlns:dcterms="http://purl.org/dc/terms/"
	xmlns:dbpedia-owl="http://dbpedia.org/ontology/"
	xmlns:skos="http://www.w3.org/2004/02/skos/core#"
	xmlns:ns6="http://www.w3.org/ns/prov#" >
  <rdf:Description rdf:about="http://dbpedia.org/resource/Category:1386_establishments_in_Italy">
    <rdf:type rdf:resource="http://www.w3.org/2004/02/skos/core#Concept" />
    <owl:sameAs rdf:resource="http://www.wikidata.org/entity/Q8091398" />
    <owl:sameAs rdf:resource="http://dbpedia.org/resource/Category:1386_establishments_in_Italy" />
    <dbpedia-owl:wikiPageID rdf:datatype="http://www.w3.org/2001/XMLSchema#integer">35310447</dbpedia-owl:wikiPageID>
    <dbpedia-owl:wikiPageRevisionID rdf:datatype="http://www.w3.org/2001/XMLSchema#integer">485334522</dbpedia-owl:wikiPageRevisionID>
    <rdfs:label xml:lang="en">1386 establishments in Italy</rdfs:label>
    <skos:prefLabel xml:lang="en">1386 establishments in Italy</skos:prefLabel>
    <ns6:wasDerivedFrom rdf:resource="http://en.wikipedia.org/wiki/Category:1386_establishments_in_Italy?oldid=485334522" />
  </rdf:Description>
  <rdf:Description rdf:about="http://dbpedia.org/resource/Brancacci_Chapel">
    <dcterms:subject rdf:resource="http://dbpedia.org/resource/Category:1386_establishments_in_Italy" />
  </rdf:Description>
  <rdf:Description rdf:about="http://wikidata.dbpedia.org/resource/Q8091398">
    <owl:sameAs rdf:resource="http://dbpedia.org/resource/Category:1386_establishments_in_Italy" />
  </rdf:Description>
</rdf:RDF>
