<?xml version="1.0" encoding="utf-8" ?>
<rdf:RDF
	xmlns:rdf="http://www.w3.org/1999/02/22-rdf-syntax-ns#"
	xmlns:rdfs="http://www.w3.org/2000/01/rdf-schema#"
	xmlns:owl="http://www.w3.org/2002/07/owl#"
	xmlns:dcterms="http://purl.org/dc/terms/"
	xmlns:dbpedia-owl="http://dbpedia.org/ontology/"
	xmlns:skos="http://www.w3.org/2004/02/skos/core#"
	xmlns:ns6="http://www.w3.org/ns/prov#" >
  <rdf:Description rdf:about="http://dbpedia.org/resource/Troilus_and_Criseyde">
    <dcterms:subject rdf:resource="http://dbpedia.org/resource/Category:1380s_works" />
  </rdf:Description>
  <rdf:Description rdf:about="http://dbpedia.org/resource/Category:1385_works">
    <skos:broader rdf:resource="http://dbpedia.org/resource/Category:1380s_works" />
  </rdf:Description>
  <rdf:Description rdf:about="http://dbpedia.org/resource/Grabow_Altarpiece">
    <dcterms:subject rdf:resource="http://dbpedia.org/resource/Category:1380s_works" />
  </rdf:Description>
  <rdf:Description rdf:about="http://dbpedia.org/resource/Category:1380s_works">
    <rdf:type rdf:resource="http://www.w3.org/2004/02/skos/core#Concept" />
    <owl:sameAs rdf:resource="http://www.wikidata.org/entity/Q8091331" />
    <owl:sameAs rdf:resource="http://dbpedia.org/resource/Category:1380s_works" />
    <owl:sameAs rdf:resource="http://ko.dbpedia.org/resource/분류:1380년대_작품" />
    <dbpedia-owl:wikiPageID rdf:datatype="http://www.w3.org/2001/XMLSchema#integer">5540930</dbpedia-owl:wikiPageID>
    <dbpedia-owl:wikiPageRevisionID rdf:datatype="http://www.w3.org/2001/XMLSchema#integer">546576550</dbpedia-owl:wikiPageRevisionID>
    <rdfs:label xml:lang="en">1380s works</rdfs:label>
    <skos:prefLabel xml:lang="en">1380s works</skos:prefLabel>
    <ns6:wasDerivedFrom rdf:resource="http://en.wikipedia.org/wiki/Category:1380s_works?oldid=546576550" />
  </rdf:Description>
  <rdf:Description rdf:about="http://ko.dbpedia.org/resource/분류:1380년대_작품">
    <owl:sameAs rdf:resource="http://dbpedia.org/resource/Category:1380s_works" />
  </rdf:Description>
  <rdf:Description rdf:about="http://wikidata.dbpedia.org/resource/Q8091331">
    <owl:sameAs rdf:resource="http://dbpedia.org/resource/Category:1380s_works" />
  </rdf:Description>
</rdf:RDF>
