<?xml version="1.0" encoding="utf-8" ?>
<rdf:RDF
	xmlns:rdf="http://www.w3.org/1999/02/22-rdf-syntax-ns#"
	xmlns:rdfs="http://www.w3.org/2000/01/rdf-schema#"
	xmlns:owl="http://www.w3.org/2002/07/owl#"
	xmlns:dcterms="http://purl.org/dc/terms/"
	xmlns:dbpedia-owl="http://dbpedia.org/ontology/"
	xmlns:skos="http://www.w3.org/2004/02/skos/core#"
	xmlns:ns6="http://www.w3.org/ns/prov#" >
  <rdf:Description rdf:about="http://dbpedia.org/resource/Madonna_del_Bordone">
    <dcterms:subject rdf:resource="http://dbpedia.org/resource/Category:13th-century_paintings" />
  </rdf:Description>
  <rdf:Description rdf:about="http://dbpedia.org/resource/Matris_Domini_Monastery">
    <dcterms:subject rdf:resource="http://dbpedia.org/resource/Category:13th-century_paintings" />
  </rdf:Description>
  <rdf:Description rdf:about="http://dbpedia.org/resource/Category:13th-century_paintings">
    <rdf:type rdf:resource="http://www.w3.org/2004/02/skos/core#Concept" />
    <owl:sameAs rdf:resource="http://es.dbpedia.org/resource/Categoría:Cuadros_del_siglo_XIII" />
    <owl:sameAs rdf:resource="http://dbpedia.org/resource/Category:13th-century_paintings" />
    <owl:sameAs rdf:resource="http://www.wikidata.org/entity/Q8091741" />
    <owl:sameAs rdf:resource="http://ru.dbpedia.org/resource/Категория:Картины_XIII_века" />
    <owl:sameAs rdf:resource="http://fr.dbpedia.org/resource/Catégorie:Tableau_du_XIIIe_siècle" />
    <dbpedia-owl:wikiPageID rdf:datatype="http://www.w3.org/2001/XMLSchema#integer">21489945</dbpedia-owl:wikiPageID>
    <dbpedia-owl:wikiPageRevisionID rdf:datatype="http://www.w3.org/2001/XMLSchema#integer">546542565</dbpedia-owl:wikiPageRevisionID>
    <skos:broader rdf:resource="http://dbpedia.org/resource/Category:Paintings_by_century" />
    <skos:broader rdf:resource="http://dbpedia.org/resource/Category:13th-century_works" />
    <rdfs:label xml:lang="en">13th-century paintings</rdfs:label>
    <skos:prefLabel xml:lang="en">13th-century paintings</skos:prefLabel>
    <ns6:wasDerivedFrom rdf:resource="http://en.wikipedia.org/wiki/Category:13th-century_paintings?oldid=546542565" />
  </rdf:Description>
  <rdf:Description rdf:about="http://es.dbpedia.org/resource/Categoría:Cuadros_del_siglo_XIII">
    <owl:sameAs rdf:resource="http://dbpedia.org/resource/Category:13th-century_paintings" />
  </rdf:Description>
  <rdf:Description rdf:about="http://fr.dbpedia.org/resource/Catégorie:Tableau_du_XIIIe_siècle">
    <owl:sameAs rdf:resource="http://dbpedia.org/resource/Category:13th-century_paintings" />
  </rdf:Description>
  <rdf:Description rdf:about="http://dbpedia.org/resource/Crucifix_(Cimabue,_Santa_Croce)">
    <dcterms:subject rdf:resource="http://dbpedia.org/resource/Category:13th-century_paintings" />
  </rdf:Description>
  <rdf:Description rdf:about="http://dbpedia.org/resource/Westminster_Retable">
    <dcterms:subject rdf:resource="http://dbpedia.org/resource/Category:13th-century_paintings" />
  </rdf:Description>
  <rdf:Description rdf:about="http://dbpedia.org/resource/Theotokos_of_Tolga">
    <dcterms:subject rdf:resource="http://dbpedia.org/resource/Category:13th-century_paintings" />
  </rdf:Description>
  <rdf:Description rdf:about="http://ru.dbpedia.org/resource/Категория:Картины_XIII_века">
    <owl:sameAs rdf:resource="http://dbpedia.org/resource/Category:13th-century_paintings" />
  </rdf:Description>
  <rdf:Description rdf:about="http://dbpedia.org/resource/Altar_frontal_from_Cardet">
    <dcterms:subject rdf:resource="http://dbpedia.org/resource/Category:13th-century_paintings" />
  </rdf:Description>
  <rdf:Description rdf:about="http://wikidata.dbpedia.org/resource/Q8091741">
    <owl:sameAs rdf:resource="http://dbpedia.org/resource/Category:13th-century_paintings" />
  </rdf:Description>
</rdf:RDF>
