<?xml version="1.0" encoding="utf-8" ?>
<rdf:RDF
	xmlns:rdf="http://www.w3.org/1999/02/22-rdf-syntax-ns#"
	xmlns:rdfs="http://www.w3.org/2000/01/rdf-schema#"
	xmlns:owl="http://www.w3.org/2002/07/owl#"
	xmlns:dcterms="http://purl.org/dc/terms/"
	xmlns:dbpedia-owl="http://dbpedia.org/ontology/"
	xmlns:skos="http://www.w3.org/2004/02/skos/core#"
	xmlns:ns6="http://www.w3.org/ns/prov#" >
  <rdf:Description rdf:about="http://dbpedia.org/resource/Madonna_and_Child_and_Two_Angels_(Botticelli)">
    <dcterms:subject rdf:resource="http://dbpedia.org/resource/Category:1460s_paintings" />
  </rdf:Description>
  <rdf:Description rdf:about="http://dbpedia.org/resource/Category:1460s_paintings">
    <rdf:type rdf:resource="http://www.w3.org/2004/02/skos/core#Concept" />
    <owl:sameAs rdf:resource="http://dbpedia.org/resource/Category:1460s_paintings" />
    <owl:sameAs rdf:resource="http://th.dbpedia.org/resource/หมวดหมู่:จิตรกรรมในคริสต์ทศวรรษ_1460" />
    <owl:sameAs rdf:resource="http://www.wikidata.org/entity/Q7216822" />
    <dbpedia-owl:wikiPageID rdf:datatype="http://www.w3.org/2001/XMLSchema#integer">5642716</dbpedia-owl:wikiPageID>
    <dbpedia-owl:wikiPageRevisionID rdf:datatype="http://www.w3.org/2001/XMLSchema#integer">544427801</dbpedia-owl:wikiPageRevisionID>
    <rdfs:label xml:lang="en">1460s paintings</rdfs:label>
    <skos:prefLabel xml:lang="en">1460s paintings</skos:prefLabel>
    <ns6:wasDerivedFrom rdf:resource="http://en.wikipedia.org/wiki/Category:1460s_paintings?oldid=544427801" />
  </rdf:Description>
  <rdf:Description rdf:about="http://dbpedia.org/resource/Madonna_della_Misericordia_(Piero_della_Francesca)">
    <dcterms:subject rdf:resource="http://dbpedia.org/resource/Category:1460s_paintings" />
  </rdf:Description>
  <rdf:Description rdf:about="http://dbpedia.org/resource/Salting_Madonna_(Antonello_da_Messina)">
    <dcterms:subject rdf:resource="http://dbpedia.org/resource/Category:1460s_paintings" />
  </rdf:Description>
  <rdf:Description rdf:about="http://dbpedia.org/resource/Saint_Vincent_Panels">
    <dcterms:subject rdf:resource="http://dbpedia.org/resource/Category:1460s_paintings" />
  </rdf:Description>
  <rdf:Description rdf:about="http://dbpedia.org/resource/Camera_degli_Sposi">
    <dcterms:subject rdf:resource="http://dbpedia.org/resource/Category:1460s_paintings" />
  </rdf:Description>
  <rdf:Description rdf:about="http://dbpedia.org/resource/Presentation_at_the_Temple_(Bellini)">
    <dcterms:subject rdf:resource="http://dbpedia.org/resource/Category:1460s_paintings" />
  </rdf:Description>
  <rdf:Description rdf:about="http://dbpedia.org/resource/Madonna_and_Child_(Filippo_Lippi)">
    <dcterms:subject rdf:resource="http://dbpedia.org/resource/Category:1460s_paintings" />
  </rdf:Description>
  <rdf:Description rdf:about="http://dbpedia.org/resource/Madonna_and_Child_with_an_Angel_(Botticelli)">
    <dcterms:subject rdf:resource="http://dbpedia.org/resource/Category:1460s_paintings" />
  </rdf:Description>
  <rdf:Description rdf:about="http://dbpedia.org/resource/Madonna_of_the_Milk">
    <dcterms:subject rdf:resource="http://dbpedia.org/resource/Category:1460s_paintings" />
  </rdf:Description>
  <rdf:Description rdf:about="http://dbpedia.org/resource/Portrait_of_a_Lady_(van_der_Weyden)">
    <dcterms:subject rdf:resource="http://dbpedia.org/resource/Category:1460s_paintings" />
  </rdf:Description>
  <rdf:Description rdf:about="http://dbpedia.org/resource/The_History_of_the_True_Cross">
    <dcterms:subject rdf:resource="http://dbpedia.org/resource/Category:1460s_paintings" />
  </rdf:Description>
  <rdf:Description rdf:about="http://dbpedia.org/resource/Madonna_del_Parto">
    <dcterms:subject rdf:resource="http://dbpedia.org/resource/Category:1460s_paintings" />
  </rdf:Description>
  <rdf:Description rdf:about="http://dbpedia.org/resource/Head_of_St._John_the_Baptist">
    <dcterms:subject rdf:resource="http://dbpedia.org/resource/Category:1460s_paintings" />
  </rdf:Description>
  <rdf:Description rdf:about="http://dbpedia.org/resource/Madonna_in_Glory_with_Seraphim_(Botticelli)">
    <dcterms:subject rdf:resource="http://dbpedia.org/resource/Category:1460s_paintings" />
  </rdf:Description>
  <rdf:Description rdf:about="http://dbpedia.org/resource/Crucifixion_Diptych_(van_der_Weyden)">
    <dcterms:subject rdf:resource="http://dbpedia.org/resource/Category:1460s_paintings" />
  </rdf:Description>
  <rdf:Description rdf:about="http://dbpedia.org/resource/Madonna_of_Palazzo_Medici-Riccardi">
    <dcterms:subject rdf:resource="http://dbpedia.org/resource/Category:1460s_paintings" />
  </rdf:Description>
  <rdf:Description rdf:about="http://dbpedia.org/resource/Magi_Chapel">
    <dcterms:subject rdf:resource="http://dbpedia.org/resource/Category:1460s_paintings" />
  </rdf:Description>
  <rdf:Description rdf:about="http://dbpedia.org/resource/Portrait_of_Carlo_de&#39;_Medici">
    <dcterms:subject rdf:resource="http://dbpedia.org/resource/Category:1460s_paintings" />
  </rdf:Description>
  <rdf:Description rdf:about="http://dbpedia.org/resource/Lamentation_of_Christ_(Rogier_van_der_Weyden)">
    <dcterms:subject rdf:resource="http://dbpedia.org/resource/Category:1460s_paintings" />
  </rdf:Description>
  <rdf:Description rdf:about="http://dbpedia.org/resource/Madonna_and_Child_(Botticelli,_Avignon)">
    <dcterms:subject rdf:resource="http://dbpedia.org/resource/Category:1460s_paintings" />
  </rdf:Description>
  <rdf:Description rdf:about="http://dbpedia.org/resource/Portrait_of_Francesco_Gonzaga">
    <dcterms:subject rdf:resource="http://dbpedia.org/resource/Category:1460s_paintings" />
  </rdf:Description>
  <rdf:Description rdf:about="http://dbpedia.org/resource/Portrait_of_a_Man_(Mantegna)">
    <dcterms:subject rdf:resource="http://dbpedia.org/resource/Category:1460s_paintings" />
  </rdf:Description>
  <rdf:Description rdf:about="http://dbpedia.org/resource/Death_of_the_Virgin_(Mantegna)">
    <dcterms:subject rdf:resource="http://dbpedia.org/resource/Category:1460s_paintings" />
  </rdf:Description>
  <rdf:Description rdf:about="http://dbpedia.org/resource/Medici_Madonna_(van_der_Weyden)">
    <dcterms:subject rdf:resource="http://dbpedia.org/resource/Category:1460s_paintings" />
  </rdf:Description>
  <rdf:Description rdf:about="http://dbpedia.org/resource/Portrait_of_Francesco_d&#39;Este">
    <dcterms:subject rdf:resource="http://dbpedia.org/resource/Category:1460s_paintings" />
  </rdf:Description>
  <rdf:Description rdf:about="http://dbpedia.org/resource/Portrait_of_a_Young_Girl_(Christus,_Berlin)">
    <dcterms:subject rdf:resource="http://dbpedia.org/resource/Category:1460s_paintings" />
  </rdf:Description>
  <rdf:Description rdf:about="http://dbpedia.org/resource/Stories_of_St._Stephen_and_St._John_the_Baptist">
    <dcterms:subject rdf:resource="http://dbpedia.org/resource/Category:1460s_paintings" />
  </rdf:Description>
  <rdf:Description rdf:about="http://dbpedia.org/resource/The_Resurrection_(Piero_della_Francesca)">
    <dcterms:subject rdf:resource="http://dbpedia.org/resource/Category:1460s_paintings" />
  </rdf:Description>
  <rdf:Description rdf:about="http://dbpedia.org/resource/Portrait_of_Antoine,_&#39;Grand_B%C3%A2tard&#39;_of_Burgundy">
    <dcterms:subject rdf:resource="http://dbpedia.org/resource/Category:1460s_paintings" />
  </rdf:Description>
  <rdf:Description rdf:about="http://wikidata.dbpedia.org/resource/Q7216822">
    <owl:sameAs rdf:resource="http://dbpedia.org/resource/Category:1460s_paintings" />
  </rdf:Description>
  <rdf:Description rdf:about="http://th.dbpedia.org/resource/หมวดหมู่:จิตรกรรมในคริสต์ทศวรรษ_1460">
    <owl:sameAs rdf:resource="http://dbpedia.org/resource/Category:1460s_paintings" />
  </rdf:Description>
</rdf:RDF>
