<?xml version="1.0" encoding="utf-8" ?>
<rdf:RDF
	xmlns:rdf="http://www.w3.org/1999/02/22-rdf-syntax-ns#"
	xmlns:rdfs="http://www.w3.org/2000/01/rdf-schema#"
	xmlns:owl="http://www.w3.org/2002/07/owl#"
	xmlns:dcterms="http://purl.org/dc/terms/"
	xmlns:dbpedia-owl="http://dbpedia.org/ontology/"
	xmlns:skos="http://www.w3.org/2004/02/skos/core#"
	xmlns:ns6="http://www.w3.org/ns/prov#" >
  <rdf:Description rdf:about="http://dbpedia.org/resource/Last_Supper_(Rosselli)">
    <dcterms:subject rdf:resource="http://dbpedia.org/resource/Category:1480s_paintings" />
  </rdf:Description>
  <rdf:Description rdf:about="http://dbpedia.org/resource/Madonna_of_the_Carnation">
    <dcterms:subject rdf:resource="http://dbpedia.org/resource/Category:1480s_paintings" />
  </rdf:Description>
  <rdf:Description rdf:about="http://dbpedia.org/resource/Sassetti_Chapel">
    <dcterms:subject rdf:resource="http://dbpedia.org/resource/Category:1480s_paintings" />
  </rdf:Description>
  <rdf:Description rdf:about="http://dbpedia.org/resource/Transfiguration_of_Christ_(Bellini)">
    <dcterms:subject rdf:resource="http://dbpedia.org/resource/Category:1480s_paintings" />
  </rdf:Description>
  <rdf:Description rdf:about="http://dbpedia.org/resource/Christ_Child_with_a_Walking_Frame">
    <dcterms:subject rdf:resource="http://dbpedia.org/resource/Category:1480s_paintings" />
  </rdf:Description>
  <rdf:Description rdf:about="http://dbpedia.org/resource/Lamentation_of_Christ_(Mantegna)">
    <dcterms:subject rdf:resource="http://dbpedia.org/resource/Category:1480s_paintings" />
  </rdf:Description>
  <rdf:Description rdf:about="http://dbpedia.org/resource/Tornabuoni_Chapel">
    <dcterms:subject rdf:resource="http://dbpedia.org/resource/Category:1480s_paintings" />
  </rdf:Description>
  <rdf:Description rdf:about="http://dbpedia.org/resource/Christ_Carrying_the_Cross_(Bosch,_1480s)">
    <dcterms:subject rdf:resource="http://dbpedia.org/resource/Category:1480s_paintings" />
  </rdf:Description>
  <rdf:Description rdf:about="http://dbpedia.org/resource/Madonna_of_the_Book_(Botticelli)">
    <dcterms:subject rdf:resource="http://dbpedia.org/resource/Category:1480s_paintings" />
  </rdf:Description>
  <rdf:Description rdf:about="http://dbpedia.org/resource/Portrait_of_a_Young_Man_(Botticelli,_London)">
    <dcterms:subject rdf:resource="http://dbpedia.org/resource/Category:1480s_paintings" />
  </rdf:Description>
  <rdf:Description rdf:about="http://dbpedia.org/resource/Madonna_Litta">
    <dcterms:subject rdf:resource="http://dbpedia.org/resource/Category:1480s_paintings" />
  </rdf:Description>
  <rdf:Description rdf:about="http://dbpedia.org/resource/Carafa_Chapel">
    <dcterms:subject rdf:resource="http://dbpedia.org/resource/Category:1480s_paintings" />
  </rdf:Description>
  <rdf:Description rdf:about="http://dbpedia.org/resource/Portrait_of_Simonetta_Vespucci_(Piero_di_Cosimo)">
    <dcterms:subject rdf:resource="http://dbpedia.org/resource/Category:1480s_paintings" />
  </rdf:Description>
  <rdf:Description rdf:about="http://dbpedia.org/resource/Category:1480s_paintings">
    <rdf:type rdf:resource="http://www.w3.org/2004/02/skos/core#Concept" />
    <owl:sameAs rdf:resource="http://no.dbpedia.org/resource/Kategori:Malerier_fra_1480-årene" />
    <owl:sameAs rdf:resource="http://th.dbpedia.org/resource/หมวดหมู่:จิตรกรรมในคริสต์ทศวรรษ_1480" />
    <owl:sameAs rdf:resource="http://dbpedia.org/resource/Category:1480s_paintings" />
    <owl:sameAs rdf:resource="http://www.wikidata.org/entity/Q7216823" />
    <owl:sameAs rdf:resource="http://bs.dbpedia.org/resource/Kategorija:Umjetničke_slike_nastale_1480tih" />
    <dbpedia-owl:wikiPageID rdf:datatype="http://www.w3.org/2001/XMLSchema#integer">5615125</dbpedia-owl:wikiPageID>
    <dbpedia-owl:wikiPageRevisionID rdf:datatype="http://www.w3.org/2001/XMLSchema#integer">544424152</dbpedia-owl:wikiPageRevisionID>
    <rdfs:label xml:lang="en">1480s paintings</rdfs:label>
    <skos:prefLabel xml:lang="en">1480s paintings</skos:prefLabel>
    <ns6:wasDerivedFrom rdf:resource="http://en.wikipedia.org/wiki/Category:1480s_paintings?oldid=544424152" />
  </rdf:Description>
  <rdf:Description rdf:about="http://dbpedia.org/resource/Portrait_of_a_Young_Woman_of_Frankfurt_(Botticelli)">
    <dcterms:subject rdf:resource="http://dbpedia.org/resource/Category:1480s_paintings" />
  </rdf:Description>
  <rdf:Description rdf:about="http://dbpedia.org/resource/Crucifixion_with_a_Donor_(Bosch)">
    <dcterms:subject rdf:resource="http://dbpedia.org/resource/Category:1480s_paintings" />
  </rdf:Description>
  <rdf:Description rdf:about="http://dbpedia.org/resource/Triumphs_of_Caesar">
    <dcterms:subject rdf:resource="http://dbpedia.org/resource/Category:1480s_paintings" />
  </rdf:Description>
  <rdf:Description rdf:about="http://dbpedia.org/resource/Brancacci_Chapel">
    <dcterms:subject rdf:resource="http://dbpedia.org/resource/Category:1480s_paintings" />
  </rdf:Description>
  <rdf:Description rdf:about="http://dbpedia.org/resource/Advent_and_Triumph_of_Christ">
    <dcterms:subject rdf:resource="http://dbpedia.org/resource/Category:1480s_paintings" />
  </rdf:Description>
  <rdf:Description rdf:about="http://dbpedia.org/resource/Annunciation_of_Fano">
    <dcterms:subject rdf:resource="http://dbpedia.org/resource/Category:1480s_paintings" />
  </rdf:Description>
  <rdf:Description rdf:about="http://dbpedia.org/resource/Piet%C3%A0_(Perugino)">
    <dcterms:subject rdf:resource="http://dbpedia.org/resource/Category:1480s_paintings" />
  </rdf:Description>
  <rdf:Description rdf:about="http://dbpedia.org/resource/Bufalini_Chapel">
    <dcterms:subject rdf:resource="http://dbpedia.org/resource/Category:1480s_paintings" />
  </rdf:Description>
  <rdf:Description rdf:about="http://dbpedia.org/resource/Pallas_and_the_Centaur">
    <dcterms:subject rdf:resource="http://dbpedia.org/resource/Category:1480s_paintings" />
  </rdf:Description>
  <rdf:Description rdf:about="http://dbpedia.org/resource/The_Crossing_of_the_Red_Sea_(Sistine_Chapel)">
    <dcterms:subject rdf:resource="http://dbpedia.org/resource/Category:1480s_paintings" />
  </rdf:Description>
  <rdf:Description rdf:about="http://dbpedia.org/resource/Adoration_of_the_Magi_(Ospedale_degli_Innocenti)">
    <dcterms:subject rdf:resource="http://dbpedia.org/resource/Category:1480s_paintings" />
  </rdf:Description>
  <rdf:Description rdf:about="http://dbpedia.org/resource/Baptism_of_Christ_(Perugino)">
    <dcterms:subject rdf:resource="http://dbpedia.org/resource/Category:1480s_paintings" />
  </rdf:Description>
  <rdf:Description rdf:about="http://dbpedia.org/resource/Delivery_of_the_Keys_(Perugino)">
    <dcterms:subject rdf:resource="http://dbpedia.org/resource/Category:1480s_paintings" />
  </rdf:Description>
  <rdf:Description rdf:about="http://dbpedia.org/resource/Descent_from_Mount_Sinai_(Sistine_Chapel)">
    <dcterms:subject rdf:resource="http://dbpedia.org/resource/Category:1480s_paintings" />
  </rdf:Description>
  <rdf:Description rdf:about="http://dbpedia.org/resource/Madonna_with_Writing_Child_and_St._Jerome">
    <dcterms:subject rdf:resource="http://dbpedia.org/resource/Category:1480s_paintings" />
  </rdf:Description>
  <rdf:Description rdf:about="http://dbpedia.org/resource/Moses_Leaving_to_Egypt_(Perugino)">
    <dcterms:subject rdf:resource="http://dbpedia.org/resource/Category:1480s_paintings" />
  </rdf:Description>
  <rdf:Description rdf:about="http://dbpedia.org/resource/Punishment_of_the_Rebels">
    <dcterms:subject rdf:resource="http://dbpedia.org/resource/Category:1480s_paintings" />
  </rdf:Description>
  <rdf:Description rdf:about="http://dbpedia.org/resource/Santa_Maria_in_Porto_Altarpiece">
    <dcterms:subject rdf:resource="http://dbpedia.org/resource/Category:1480s_paintings" />
  </rdf:Description>
  <rdf:Description rdf:about="http://dbpedia.org/resource/Temptations_of_Christ_(Botticelli)">
    <dcterms:subject rdf:resource="http://dbpedia.org/resource/Category:1480s_paintings" />
  </rdf:Description>
  <rdf:Description rdf:about="http://dbpedia.org/resource/Testament_and_Death_of_Moses">
    <dcterms:subject rdf:resource="http://dbpedia.org/resource/Category:1480s_paintings" />
  </rdf:Description>
  <rdf:Description rdf:about="http://dbpedia.org/resource/The_Trials_of_Moses_(Botticelli)">
    <dcterms:subject rdf:resource="http://dbpedia.org/resource/Category:1480s_paintings" />
  </rdf:Description>
  <rdf:Description rdf:about="http://dbpedia.org/resource/Portrait_of_a_Man_with_a_Roman_Medal">
    <dcterms:subject rdf:resource="http://dbpedia.org/resource/Category:1480s_paintings" />
  </rdf:Description>
  <rdf:Description rdf:about="http://dbpedia.org/resource/Vocation_of_the_Apostles">
    <dcterms:subject rdf:resource="http://dbpedia.org/resource/Category:1480s_paintings" />
  </rdf:Description>
  <rdf:Description rdf:about="http://dbpedia.org/resource/The_Torment_of_Saint_Anthony_(Michelangelo)">
    <dcterms:subject rdf:resource="http://dbpedia.org/resource/Category:1480s_paintings" />
  </rdf:Description>
  <rdf:Description rdf:about="http://dbpedia.org/resource/Virgin_of_the_Rocks">
    <dcterms:subject rdf:resource="http://dbpedia.org/resource/Category:1480s_paintings" />
  </rdf:Description>
  <rdf:Description rdf:about="http://dbpedia.org/resource/Portrait_of_Lorenzo_di_Credi">
    <dcterms:subject rdf:resource="http://dbpedia.org/resource/Category:1480s_paintings" />
  </rdf:Description>
  <rdf:Description rdf:about="http://dbpedia.org/resource/Man_of_Sorrows_(Geertgen_tot_Sint_Jans)">
    <dcterms:subject rdf:resource="http://dbpedia.org/resource/Category:1480s_paintings" />
  </rdf:Description>
  <rdf:Description rdf:about="http://dbpedia.org/resource/Cestello_Annunciation_(Botticelli)">
    <dcterms:subject rdf:resource="http://dbpedia.org/resource/Category:1480s_paintings" />
  </rdf:Description>
  <rdf:Description rdf:about="http://dbpedia.org/resource/Agony_in_the_Garden_(Perugino)">
    <dcterms:subject rdf:resource="http://dbpedia.org/resource/Category:1480s_paintings" />
  </rdf:Description>
  <rdf:Description rdf:about="http://dbpedia.org/resource/Portrait_of_a_Young_Man_(Botticelli,_Washington)">
    <dcterms:subject rdf:resource="http://dbpedia.org/resource/Category:1480s_paintings" />
  </rdf:Description>
  <rdf:Description rdf:about="http://dbpedia.org/resource/A_Young_Man_Being_Introduced_to_the_Seven_Liberal_Arts_(Botticelli)">
    <dcterms:subject rdf:resource="http://dbpedia.org/resource/Category:1480s_paintings" />
  </rdf:Description>
  <rdf:Description rdf:about="http://dbpedia.org/resource/St._Francis_in_Ecstasy">
    <dcterms:subject rdf:resource="http://dbpedia.org/resource/Category:1480s_paintings" />
  </rdf:Description>
  <rdf:Description rdf:about="http://dbpedia.org/resource/Venus_and_Mars_(Botticelli)">
    <dcterms:subject rdf:resource="http://dbpedia.org/resource/Category:1480s_paintings" />
  </rdf:Description>
  <rdf:Description rdf:about="http://dbpedia.org/resource/Venus_and_the_Three_Graces_Presenting_Gifts_to_a_Young_Woman">
    <dcterms:subject rdf:resource="http://dbpedia.org/resource/Category:1480s_paintings" />
  </rdf:Description>
  <rdf:Description rdf:about="http://dbpedia.org/resource/Virgin_and_Child_(after_van_der_Goes%3F)">
    <dcterms:subject rdf:resource="http://dbpedia.org/resource/Category:1480s_paintings" />
  </rdf:Description>
  <rdf:Description rdf:about="http://wikidata.dbpedia.org/resource/Q7216823">
    <owl:sameAs rdf:resource="http://dbpedia.org/resource/Category:1480s_paintings" />
  </rdf:Description>
  <rdf:Description rdf:about="http://bs.dbpedia.org/resource/Kategorija:Umjetničke_slike_nastale_1480tih">
    <owl:sameAs rdf:resource="http://dbpedia.org/resource/Category:1480s_paintings" />
  </rdf:Description>
  <rdf:Description rdf:about="http://no.dbpedia.org/resource/Kategori:Malerier_fra_1480-årene">
    <owl:sameAs rdf:resource="http://dbpedia.org/resource/Category:1480s_paintings" />
  </rdf:Description>
  <rdf:Description rdf:about="http://th.dbpedia.org/resource/หมวดหมู่:จิตรกรรมในคริสต์ทศวรรษ_1480">
    <owl:sameAs rdf:resource="http://dbpedia.org/resource/Category:1480s_paintings" />
  </rdf:Description>
</rdf:RDF>
