<?xml version="1.0" encoding="utf-8" ?>
<rdf:RDF
	xmlns:rdf="http://www.w3.org/1999/02/22-rdf-syntax-ns#"
	xmlns:rdfs="http://www.w3.org/2000/01/rdf-schema#"
	xmlns:owl="http://www.w3.org/2002/07/owl#"
	xmlns:dcterms="http://purl.org/dc/terms/"
	xmlns:dbpedia-owl="http://dbpedia.org/ontology/"
	xmlns:skos="http://www.w3.org/2004/02/skos/core#"
	xmlns:ns6="http://www.w3.org/ns/prov#" >
  <rdf:Description rdf:about="http://dbpedia.org/resource/Category:1480_paintings">
    <rdf:type rdf:resource="http://www.w3.org/2004/02/skos/core#Concept" />
    <owl:sameAs rdf:resource="http://dbpedia.org/resource/Category:1480_paintings" />
    <owl:sameAs rdf:resource="http://ru.dbpedia.org/resource/Категория:Картины_1480_года" />
    <owl:sameAs rdf:resource="http://pt.dbpedia.org/resource/Categoria:Pinturas_de_1480" />
    <owl:sameAs rdf:resource="http://www.wikidata.org/entity/Q8093024" />
    <owl:sameAs rdf:resource="http://ro.dbpedia.org/resource/Categorie:Picturi_din_1480" />
    <dbpedia-owl:wikiPageID rdf:datatype="http://www.w3.org/2001/XMLSchema#integer">5581194</dbpedia-owl:wikiPageID>
    <dbpedia-owl:wikiPageRevisionID rdf:datatype="http://www.w3.org/2001/XMLSchema#integer">546547852</dbpedia-owl:wikiPageRevisionID>
    <rdfs:label xml:lang="en">1480 paintings</rdfs:label>
    <skos:prefLabel xml:lang="en">1480 paintings</skos:prefLabel>
    <ns6:wasDerivedFrom rdf:resource="http://en.wikipedia.org/wiki/Category:1480_paintings?oldid=546547852" />
  </rdf:Description>
  <rdf:Description rdf:about="http://ru.dbpedia.org/resource/Категория:Картины_1480_года">
    <owl:sameAs rdf:resource="http://dbpedia.org/resource/Category:1480_paintings" />
  </rdf:Description>
  <rdf:Description rdf:about="http://dbpedia.org/resource/Saint_Jerome_in_His_Study_(Ghirlandaio)">
    <dcterms:subject rdf:resource="http://dbpedia.org/resource/Category:1480_paintings" />
  </rdf:Description>
  <rdf:Description rdf:about="http://dbpedia.org/resource/Apparition_of_the_Virgin_to_St_Bernard_(Filippino_Lippi)">
    <dcterms:subject rdf:resource="http://dbpedia.org/resource/Category:1480_paintings" />
  </rdf:Description>
  <rdf:Description rdf:about="http://dbpedia.org/resource/Saint_Augustine_in_His_Study_(Botticelli,_Ognissanti)">
    <dcterms:subject rdf:resource="http://dbpedia.org/resource/Category:1480_paintings" />
  </rdf:Description>
  <rdf:Description rdf:about="http://wikidata.dbpedia.org/resource/Q8093024">
    <owl:sameAs rdf:resource="http://dbpedia.org/resource/Category:1480_paintings" />
  </rdf:Description>
  <rdf:Description rdf:about="http://pt.dbpedia.org/resource/Categoria:Pinturas_de_1480">
    <owl:sameAs rdf:resource="http://dbpedia.org/resource/Category:1480_paintings" />
  </rdf:Description>
  <rdf:Description rdf:about="http://ro.dbpedia.org/resource/Categorie:Picturi_din_1480">
    <owl:sameAs rdf:resource="http://dbpedia.org/resource/Category:1480_paintings" />
  </rdf:Description>
</rdf:RDF>
