<?xml version="1.0" encoding="utf-8" ?>
<rdf:RDF
	xmlns:rdf="http://www.w3.org/1999/02/22-rdf-syntax-ns#"
	xmlns:rdfs="http://www.w3.org/2000/01/rdf-schema#"
	xmlns:owl="http://www.w3.org/2002/07/owl#"
	xmlns:dcterms="http://purl.org/dc/terms/"
	xmlns:dbpedia-owl="http://dbpedia.org/ontology/"
	xmlns:skos="http://www.w3.org/2004/02/skos/core#"
	xmlns:ns6="http://www.w3.org/ns/prov#" >
  <rdf:Description rdf:about="http://dbpedia.org/resource/Category:1491_paintings">
    <rdf:type rdf:resource="http://www.w3.org/2004/02/skos/core#Concept" />
    <owl:sameAs rdf:resource="http://www.wikidata.org/entity/Q8093241" />
    <owl:sameAs rdf:resource="http://dbpedia.org/resource/Category:1491_paintings" />
    <owl:sameAs rdf:resource="http://ro.dbpedia.org/resource/Categorie:Picturi_din_1491" />
    <dbpedia-owl:wikiPageID rdf:datatype="http://www.w3.org/2001/XMLSchema#integer">31709073</dbpedia-owl:wikiPageID>
    <dbpedia-owl:wikiPageRevisionID rdf:datatype="http://www.w3.org/2001/XMLSchema#integer">548405080</dbpedia-owl:wikiPageRevisionID>
    <rdfs:label xml:lang="en">1491 paintings</rdfs:label>
    <skos:prefLabel xml:lang="en">1491 paintings</skos:prefLabel>
    <ns6:wasDerivedFrom rdf:resource="http://en.wikipedia.org/wiki/Category:1491_paintings?oldid=548405080" />
  </rdf:Description>
  <rdf:Description rdf:about="http://dbpedia.org/resource/Albani_Torlonia_Polyptych">
    <dcterms:subject rdf:resource="http://dbpedia.org/resource/Category:1491_paintings" />
  </rdf:Description>
  <rdf:Description rdf:about="http://dbpedia.org/resource/Virgin_Enthroned_with_Saints_(Signorelli)">
    <dcterms:subject rdf:resource="http://dbpedia.org/resource/Category:1491_paintings" />
  </rdf:Description>
  <rdf:Description rdf:about="http://dbpedia.org/resource/Visitation_(Ghirlandaio)">
    <dcterms:subject rdf:resource="http://dbpedia.org/resource/Category:1491_paintings" />
  </rdf:Description>
  <rdf:Description rdf:about="http://wikidata.dbpedia.org/resource/Q8093241">
    <owl:sameAs rdf:resource="http://dbpedia.org/resource/Category:1491_paintings" />
  </rdf:Description>
  <rdf:Description rdf:about="http://ro.dbpedia.org/resource/Categorie:Picturi_din_1491">
    <owl:sameAs rdf:resource="http://dbpedia.org/resource/Category:1491_paintings" />
  </rdf:Description>
</rdf:RDF>
