<?xml version="1.0" encoding="utf-8" ?>
<rdf:RDF
	xmlns:rdf="http://www.w3.org/1999/02/22-rdf-syntax-ns#"
	xmlns:rdfs="http://www.w3.org/2000/01/rdf-schema#"
	xmlns:owl="http://www.w3.org/2002/07/owl#"
	xmlns:dcterms="http://purl.org/dc/terms/"
	xmlns:dbpedia-owl="http://dbpedia.org/ontology/"
	xmlns:skos="http://www.w3.org/2004/02/skos/core#"
	xmlns:ns6="http://www.w3.org/ns/prov#" >
  <rdf:Description rdf:about="http://ru.dbpedia.org/resource/Категория:Картины_1498_года">
    <owl:sameAs rdf:resource="http://dbpedia.org/resource/Category:1498_paintings" />
  </rdf:Description>
  <rdf:Description rdf:about="http://dbpedia.org/resource/Self-Portrait_(D%C3%BCrer,_Madrid)">
    <dcterms:subject rdf:resource="http://dbpedia.org/resource/Category:1498_paintings" />
  </rdf:Description>
  <rdf:Description rdf:about="http://dbpedia.org/resource/The_Last_Supper_(Leonardo_da_Vinci)">
    <dcterms:subject rdf:resource="http://dbpedia.org/resource/Category:1498_paintings" />
  </rdf:Description>
  <rdf:Description rdf:about="http://dbpedia.org/resource/Category:1498_paintings">
    <rdf:type rdf:resource="http://www.w3.org/2004/02/skos/core#Concept" />
    <owl:sameAs rdf:resource="http://dbpedia.org/resource/Category:1498_paintings" />
    <owl:sameAs rdf:resource="http://www.wikidata.org/entity/Q8093361" />
    <owl:sameAs rdf:resource="http://ru.dbpedia.org/resource/Категория:Картины_1498_года" />
    <owl:sameAs rdf:resource="http://ro.dbpedia.org/resource/Categorie:Picturi_din_1498" />
    <owl:sameAs rdf:resource="http://uk.dbpedia.org/resource/Категорія:Картини_1498_року" />
    <dbpedia-owl:wikiPageID rdf:datatype="http://www.w3.org/2001/XMLSchema#integer">5619365</dbpedia-owl:wikiPageID>
    <dbpedia-owl:wikiPageRevisionID rdf:datatype="http://www.w3.org/2001/XMLSchema#integer">546548695</dbpedia-owl:wikiPageRevisionID>
    <rdfs:label xml:lang="en">1498 paintings</rdfs:label>
    <skos:prefLabel xml:lang="en">1498 paintings</skos:prefLabel>
    <ns6:wasDerivedFrom rdf:resource="http://en.wikipedia.org/wiki/Category:1498_paintings?oldid=546548695" />
  </rdf:Description>
  <rdf:Description rdf:about="http://dbpedia.org/resource/Immaculate_Conception_with_Saints_(Piero_di_Cosimo)">
    <dcterms:subject rdf:resource="http://dbpedia.org/resource/Category:1498_paintings" />
  </rdf:Description>
  <rdf:Description rdf:about="http://wikidata.dbpedia.org/resource/Q8093361">
    <owl:sameAs rdf:resource="http://dbpedia.org/resource/Category:1498_paintings" />
  </rdf:Description>
  <rdf:Description rdf:about="http://ro.dbpedia.org/resource/Categorie:Picturi_din_1498">
    <owl:sameAs rdf:resource="http://dbpedia.org/resource/Category:1498_paintings" />
  </rdf:Description>
  <rdf:Description rdf:about="http://uk.dbpedia.org/resource/Категорія:Картини_1498_року">
    <owl:sameAs rdf:resource="http://dbpedia.org/resource/Category:1498_paintings" />
  </rdf:Description>
</rdf:RDF>
