<?xml version="1.0" encoding="utf-8" ?>
<rdf:RDF
	xmlns:rdf="http://www.w3.org/1999/02/22-rdf-syntax-ns#"
	xmlns:rdfs="http://www.w3.org/2000/01/rdf-schema#"
	xmlns:owl="http://www.w3.org/2002/07/owl#"
	xmlns:dcterms="http://purl.org/dc/terms/"
	xmlns:dbpedia-owl="http://dbpedia.org/ontology/"
	xmlns:skos="http://www.w3.org/2004/02/skos/core#"
	xmlns:ns6="http://www.w3.org/ns/prov#" >
  <rdf:Description rdf:about="http://dbpedia.org/resource/Portrait_of_a_Man_(Signorelli)">
    <dcterms:subject rdf:resource="http://dbpedia.org/resource/Category:1490s_paintings" />
  </rdf:Description>
  <rdf:Description rdf:about="http://dbpedia.org/resource/The_Circumcision_(Signorelli)">
    <dcterms:subject rdf:resource="http://dbpedia.org/resource/Category:1490s_paintings" />
  </rdf:Description>
  <rdf:Description rdf:about="http://dbpedia.org/resource/Saint_Christopher_Carrying_the_Christ_Child">
    <dcterms:subject rdf:resource="http://dbpedia.org/resource/Category:1490s_paintings" />
  </rdf:Description>
  <rdf:Description rdf:about="http://dbpedia.org/resource/Manchester_Madonna">
    <dcterms:subject rdf:resource="http://dbpedia.org/resource/Category:1490s_paintings" />
  </rdf:Description>
  <rdf:Description rdf:about="http://dbpedia.org/resource/Legend_of_Saint_Ursula">
    <dcterms:subject rdf:resource="http://dbpedia.org/resource/Category:1490s_paintings" />
  </rdf:Description>
  <rdf:Description rdf:about="http://dbpedia.org/resource/The_Virgin_appearing_to_St._Bernard">
    <dcterms:subject rdf:resource="http://dbpedia.org/resource/Category:1490s_paintings" />
  </rdf:Description>
  <rdf:Description rdf:about="http://dbpedia.org/resource/Two_Venetian_Ladies">
    <dcterms:subject rdf:resource="http://dbpedia.org/resource/Category:1490s_paintings" />
  </rdf:Description>
  <rdf:Description rdf:about="http://dbpedia.org/resource/Allegories_(Bellini)">
    <dcterms:subject rdf:resource="http://dbpedia.org/resource/Category:1490s_paintings" />
  </rdf:Description>
  <rdf:Description rdf:about="http://dbpedia.org/resource/Carafa_Chapel">
    <dcterms:subject rdf:resource="http://dbpedia.org/resource/Category:1490s_paintings" />
  </rdf:Description>
  <rdf:Description rdf:about="http://dbpedia.org/resource/An_Old_Man_and_his_Grandson">
    <dcterms:subject rdf:resource="http://dbpedia.org/resource/Category:1490s_paintings" />
  </rdf:Description>
  <rdf:Description rdf:about="http://dbpedia.org/resource/Last_Communion_of_St_Jerome_(Botticelli)">
    <dcterms:subject rdf:resource="http://dbpedia.org/resource/Category:1490s_paintings" />
  </rdf:Description>
  <rdf:Description rdf:about="http://dbpedia.org/resource/Virgin_and_Child_with_the_Infant_St._John_the_Baptist_(Botticelli)">
    <dcterms:subject rdf:resource="http://dbpedia.org/resource/Category:1490s_paintings" />
  </rdf:Description>
  <rdf:Description rdf:about="http://dbpedia.org/resource/Allegory_of_Gluttony_and_Lust">
    <dcterms:subject rdf:resource="http://dbpedia.org/resource/Category:1490s_paintings" />
  </rdf:Description>
  <rdf:Description rdf:about="http://dbpedia.org/resource/Christ_Crowned_with_Thorns_(Bosch,_London)">
    <dcterms:subject rdf:resource="http://dbpedia.org/resource/Category:1490s_paintings" />
  </rdf:Description>
  <rdf:Description rdf:about="http://dbpedia.org/resource/Ecce_Homo_(Bosch,_1490s)">
    <dcterms:subject rdf:resource="http://dbpedia.org/resource/Category:1490s_paintings" />
  </rdf:Description>
  <rdf:Description rdf:about="http://dbpedia.org/resource/Ship_of_Fools_(painting)">
    <dcterms:subject rdf:resource="http://dbpedia.org/resource/Category:1490s_paintings" />
  </rdf:Description>
  <rdf:Description rdf:about="http://dbpedia.org/resource/Triumphs_of_Caesar">
    <dcterms:subject rdf:resource="http://dbpedia.org/resource/Category:1490s_paintings" />
  </rdf:Description>
  <rdf:Description rdf:about="http://dbpedia.org/resource/Holy_Trinity_(Botticelli)">
    <dcterms:subject rdf:resource="http://dbpedia.org/resource/Category:1490s_paintings" />
  </rdf:Description>
  <rdf:Description rdf:about="http://dbpedia.org/resource/St._John_the_Baptist_in_the_Wilderness">
    <dcterms:subject rdf:resource="http://dbpedia.org/resource/Category:1490s_paintings" />
  </rdf:Description>
  <rdf:Description rdf:about="http://dbpedia.org/resource/Portrait_of_Luca_Pacioli">
    <dcterms:subject rdf:resource="http://dbpedia.org/resource/Category:1490s_paintings" />
  </rdf:Description>
  <rdf:Description rdf:about="http://dbpedia.org/resource/Lamentation_over_the_Dead_Christ_with_Saints_(Botticelli)">
    <dcterms:subject rdf:resource="http://dbpedia.org/resource/Category:1490s_paintings" />
  </rdf:Description>
  <rdf:Description rdf:about="http://dbpedia.org/resource/Death_and_the_Miser">
    <dcterms:subject rdf:resource="http://dbpedia.org/resource/Category:1490s_paintings" />
  </rdf:Description>
  <rdf:Description rdf:about="http://dbpedia.org/resource/Portrait_of_D%C3%BCrer&#39;s_Father_at_70">
    <dcterms:subject rdf:resource="http://dbpedia.org/resource/Category:1490s_paintings" />
  </rdf:Description>
  <rdf:Description rdf:about="http://dbpedia.org/resource/Decemviri_Altarpiece">
    <dcterms:subject rdf:resource="http://dbpedia.org/resource/Category:1490s_paintings" />
  </rdf:Description>
  <rdf:Description rdf:about="http://dbpedia.org/resource/Allegory_(Filippino_Lippi)">
    <dcterms:subject rdf:resource="http://dbpedia.org/resource/Category:1490s_paintings" />
  </rdf:Description>
  <rdf:Description rdf:about="http://dbpedia.org/resource/Portrait_of_Folco_Portinari">
    <dcterms:subject rdf:resource="http://dbpedia.org/resource/Category:1490s_paintings" />
  </rdf:Description>
  <rdf:Description rdf:about="http://dbpedia.org/resource/Portrait_of_a_Young_Fianc%C3%A9e">
    <dcterms:subject rdf:resource="http://dbpedia.org/resource/Category:1490s_paintings" />
  </rdf:Description>
  <rdf:Description rdf:about="http://dbpedia.org/resource/Holy_Allegory">
    <dcterms:subject rdf:resource="http://dbpedia.org/resource/Category:1490s_paintings" />
  </rdf:Description>
  <rdf:Description rdf:about="http://dbpedia.org/resource/Category:1490s_paintings">
    <rdf:type rdf:resource="http://www.w3.org/2004/02/skos/core#Concept" />
    <owl:sameAs rdf:resource="http://ro.dbpedia.org/resource/Categorie:Picturi_ale_anilor_1490" />
    <owl:sameAs rdf:resource="http://dbpedia.org/resource/Category:1490s_paintings" />
    <owl:sameAs rdf:resource="http://www.wikidata.org/entity/Q7028752" />
    <owl:sameAs rdf:resource="http://th.dbpedia.org/resource/หมวดหมู่:จิตรกรรมในคริสต์ทศวรรษ_1490" />
    <owl:sameAs rdf:resource="http://no.dbpedia.org/resource/Kategori:Malerier_fra_1490-årene" />
    <owl:sameAs rdf:resource="http://bs.dbpedia.org/resource/Kategorija:Umjetničke_slike_nastale_1490tih" />
    <dbpedia-owl:wikiPageID rdf:datatype="http://www.w3.org/2001/XMLSchema#integer">5615214</dbpedia-owl:wikiPageID>
    <dbpedia-owl:wikiPageRevisionID rdf:datatype="http://www.w3.org/2001/XMLSchema#integer">544424276</dbpedia-owl:wikiPageRevisionID>
    <rdfs:label xml:lang="en">1490s paintings</rdfs:label>
    <skos:prefLabel xml:lang="en">1490s paintings</skos:prefLabel>
    <ns6:wasDerivedFrom rdf:resource="http://en.wikipedia.org/wiki/Category:1490s_paintings?oldid=544424276" />
  </rdf:Description>
  <rdf:Description rdf:about="http://dbpedia.org/resource/Lamentation_of_Christ_(D%C3%BCrer,_Nuremberg)">
    <dcterms:subject rdf:resource="http://dbpedia.org/resource/Category:1490s_paintings" />
  </rdf:Description>
  <rdf:Description rdf:about="http://dbpedia.org/resource/La_belle_ferronni%C3%A8re">
    <dcterms:subject rdf:resource="http://dbpedia.org/resource/Category:1490s_paintings" />
  </rdf:Description>
  <rdf:Description rdf:about="http://dbpedia.org/resource/The_Epiphany_(Bosch)">
    <dcterms:subject rdf:resource="http://dbpedia.org/resource/Category:1490s_paintings" />
  </rdf:Description>
  <rdf:Description rdf:about="http://dbpedia.org/resource/Virgin_of_the_Rocks">
    <dcterms:subject rdf:resource="http://dbpedia.org/resource/Category:1490s_paintings" />
  </rdf:Description>
  <rdf:Description rdf:about="http://dbpedia.org/resource/Annunciation_(Botticelli,_Glasgow)">
    <dcterms:subject rdf:resource="http://dbpedia.org/resource/Category:1490s_paintings" />
  </rdf:Description>
  <rdf:Description rdf:about="http://dbpedia.org/resource/Presentation_of_the_Virgin_Mary_at_the_Temple_(Cima_da_Conegliano)">
    <dcterms:subject rdf:resource="http://dbpedia.org/resource/Category:1490s_paintings" />
  </rdf:Description>
  <rdf:Description rdf:about="http://dbpedia.org/resource/The_Story_of_Lucretia_(Botticelli)">
    <dcterms:subject rdf:resource="http://dbpedia.org/resource/Category:1490s_paintings" />
  </rdf:Description>
  <rdf:Description rdf:about="http://dbpedia.org/resource/Man_of_Sorrows_(Geertgen_tot_Sint_Jans)">
    <dcterms:subject rdf:resource="http://dbpedia.org/resource/Category:1490s_paintings" />
  </rdf:Description>
  <rdf:Description rdf:about="http://dbpedia.org/resource/Portrait_Diptych_of_D%C3%BCrer&#39;s_Parents">
    <dcterms:subject rdf:resource="http://dbpedia.org/resource/Category:1490s_paintings" />
  </rdf:Description>
  <rdf:Description rdf:about="http://dbpedia.org/resource/Nativity_at_Night_(Geertgen_tot_Sint_Jans)">
    <dcterms:subject rdf:resource="http://dbpedia.org/resource/Category:1490s_paintings" />
  </rdf:Description>
  <rdf:Description rdf:about="http://dbpedia.org/resource/Madonna_with_Child_and_Saints_(Filippino_Lippi)">
    <dcterms:subject rdf:resource="http://dbpedia.org/resource/Category:1490s_paintings" />
  </rdf:Description>
  <rdf:Description rdf:about="http://dbpedia.org/resource/Lamentation_over_the_Dead_Christ_(Botticelli)">
    <dcterms:subject rdf:resource="http://dbpedia.org/resource/Category:1490s_paintings" />
  </rdf:Description>
  <rdf:Description rdf:about="http://dbpedia.org/resource/Madonna_with_Writing_Child_and_Bishop">
    <dcterms:subject rdf:resource="http://dbpedia.org/resource/Category:1490s_paintings" />
  </rdf:Description>
  <rdf:Description rdf:about="http://dbpedia.org/resource/Miracle_of_the_Relic_of_the_Cross_at_the_Ponte_di_Rialto">
    <dcterms:subject rdf:resource="http://dbpedia.org/resource/Category:1490s_paintings" />
  </rdf:Description>
  <rdf:Description rdf:about="http://dbpedia.org/resource/Triptych_of_the_Sedano_family">
    <dcterms:subject rdf:resource="http://dbpedia.org/resource/Category:1490s_paintings" />
  </rdf:Description>
  <rdf:Description rdf:about="http://dbpedia.org/resource/Apparition_of_Christ_to_the_Virgin">
    <dcterms:subject rdf:resource="http://dbpedia.org/resource/Category:1490s_paintings" />
  </rdf:Description>
  <rdf:Description rdf:about="http://dbpedia.org/resource/San_Francesco_al_Prato_Resurrection">
    <dcterms:subject rdf:resource="http://dbpedia.org/resource/Category:1490s_paintings" />
  </rdf:Description>
  <rdf:Description rdf:about="http://dbpedia.org/resource/Madonna_with_Writing_Child">
    <dcterms:subject rdf:resource="http://dbpedia.org/resource/Category:1490s_paintings" />
  </rdf:Description>
  <rdf:Description rdf:about="http://dbpedia.org/resource/Borgia_Apartments">
    <dcterms:subject rdf:resource="http://dbpedia.org/resource/Category:1490s_paintings" />
  </rdf:Description>
  <rdf:Description rdf:about="http://dbpedia.org/resource/Saint_Augustine_in_His_Study_(Botticelli,_Uffizi)">
    <dcterms:subject rdf:resource="http://dbpedia.org/resource/Category:1490s_paintings" />
  </rdf:Description>
  <rdf:Description rdf:about="http://wikidata.dbpedia.org/resource/Q7028752">
    <owl:sameAs rdf:resource="http://dbpedia.org/resource/Category:1490s_paintings" />
  </rdf:Description>
  <rdf:Description rdf:about="http://bs.dbpedia.org/resource/Kategorija:Umjetničke_slike_nastale_1490tih">
    <owl:sameAs rdf:resource="http://dbpedia.org/resource/Category:1490s_paintings" />
  </rdf:Description>
  <rdf:Description rdf:about="http://no.dbpedia.org/resource/Kategori:Malerier_fra_1490-årene">
    <owl:sameAs rdf:resource="http://dbpedia.org/resource/Category:1490s_paintings" />
  </rdf:Description>
  <rdf:Description rdf:about="http://ro.dbpedia.org/resource/Categorie:Picturi_ale_anilor_1490">
    <owl:sameAs rdf:resource="http://dbpedia.org/resource/Category:1490s_paintings" />
  </rdf:Description>
  <rdf:Description rdf:about="http://th.dbpedia.org/resource/หมวดหมู่:จิตรกรรมในคริสต์ทศวรรษ_1490">
    <owl:sameAs rdf:resource="http://dbpedia.org/resource/Category:1490s_paintings" />
  </rdf:Description>
</rdf:RDF>
