<?xml version="1.0" encoding="utf-8" ?>
<rdf:RDF
	xmlns:rdf="http://www.w3.org/1999/02/22-rdf-syntax-ns#"
	xmlns:rdfs="http://www.w3.org/2000/01/rdf-schema#"
	xmlns:owl="http://www.w3.org/2002/07/owl#"
	xmlns:dcterms="http://purl.org/dc/terms/"
	xmlns:dbpedia-owl="http://dbpedia.org/ontology/"
	xmlns:skos="http://www.w3.org/2004/02/skos/core#"
	xmlns:ns6="http://www.w3.org/ns/prov#" >
  <rdf:Description rdf:about="http://dbpedia.org/resource/Category:1493_paintings">
    <rdf:type rdf:resource="http://www.w3.org/2004/02/skos/core#Concept" />
    <owl:sameAs rdf:resource="http://ru.dbpedia.org/resource/Категория:Картины_1493_года" />
    <owl:sameAs rdf:resource="http://www.wikidata.org/entity/Q8093268" />
    <owl:sameAs rdf:resource="http://dbpedia.org/resource/Category:1493_paintings" />
    <dbpedia-owl:wikiPageID rdf:datatype="http://www.w3.org/2001/XMLSchema#integer">11552192</dbpedia-owl:wikiPageID>
    <dbpedia-owl:wikiPageRevisionID rdf:datatype="http://www.w3.org/2001/XMLSchema#integer">546548209</dbpedia-owl:wikiPageRevisionID>
    <rdfs:label xml:lang="en">1493 paintings</rdfs:label>
    <skos:prefLabel xml:lang="en">1493 paintings</skos:prefLabel>
    <ns6:wasDerivedFrom rdf:resource="http://en.wikipedia.org/wiki/Category:1493_paintings?oldid=546548209" />
  </rdf:Description>
  <rdf:Description rdf:about="http://dbpedia.org/resource/Madonna_with_Child_Enthroned_between_Saints_John_the_Baptist_and_Sebastian">
    <dcterms:subject rdf:resource="http://dbpedia.org/resource/Category:1493_paintings" />
  </rdf:Description>
  <rdf:Description rdf:about="http://dbpedia.org/resource/Madonna_del_Padiglione_(Botticelli)">
    <dcterms:subject rdf:resource="http://dbpedia.org/resource/Category:1493_paintings" />
  </rdf:Description>
  <rdf:Description rdf:about="http://ru.dbpedia.org/resource/Категория:Картины_1493_года">
    <owl:sameAs rdf:resource="http://dbpedia.org/resource/Category:1493_paintings" />
  </rdf:Description>
  <rdf:Description rdf:about="http://dbpedia.org/resource/Portrait_of_the_Artist_Holding_a_Thistle">
    <dcterms:subject rdf:resource="http://dbpedia.org/resource/Category:1493_paintings" />
  </rdf:Description>
  <rdf:Description rdf:about="http://dbpedia.org/resource/Christ_as_the_Man_of_Sorrows">
    <dcterms:subject rdf:resource="http://dbpedia.org/resource/Category:1493_paintings" />
  </rdf:Description>
  <rdf:Description rdf:about="http://wikidata.dbpedia.org/resource/Q8093268">
    <owl:sameAs rdf:resource="http://dbpedia.org/resource/Category:1493_paintings" />
  </rdf:Description>
</rdf:RDF>
