<?xml version="1.0" encoding="utf-8" ?>
<rdf:RDF
	xmlns:rdf="http://www.w3.org/1999/02/22-rdf-syntax-ns#"
	xmlns:rdfs="http://www.w3.org/2000/01/rdf-schema#"
	xmlns:owl="http://www.w3.org/2002/07/owl#"
	xmlns:dcterms="http://purl.org/dc/terms/"
	xmlns:dbpedia-owl="http://dbpedia.org/ontology/"
	xmlns:skos="http://www.w3.org/2004/02/skos/core#"
	xmlns:ns6="http://www.w3.org/ns/prov#" >
  <rdf:Description rdf:about="http://dbpedia.org/resource/Apocalypse_(D%C3%BCrer)">
    <dcterms:subject rdf:resource="http://dbpedia.org/resource/Category:1498_works" />
  </rdf:Description>
  <rdf:Description rdf:about="http://dbpedia.org/resource/Saint_Michael_Fighting_the_Dragon">
    <dcterms:subject rdf:resource="http://dbpedia.org/resource/Category:1498_works" />
  </rdf:Description>
  <rdf:Description rdf:about="http://dbpedia.org/resource/Category:1498_works">
    <rdf:type rdf:resource="http://www.w3.org/2004/02/skos/core#Concept" />
    <owl:sameAs rdf:resource="http://www.wikidata.org/entity/Q8005792" />
    <owl:sameAs rdf:resource="http://fa.dbpedia.org/resource/رده:آثار_۱۴۹۸_(میلادی)" />
    <owl:sameAs rdf:resource="http://dbpedia.org/resource/Category:1498_works" />
    <owl:sameAs rdf:resource="http://ru.dbpedia.org/resource/Категория:Произведения_1498_года" />
    <dbpedia-owl:wikiPageID rdf:datatype="http://www.w3.org/2001/XMLSchema#integer">5619368</dbpedia-owl:wikiPageID>
    <dbpedia-owl:wikiPageRevisionID rdf:datatype="http://www.w3.org/2001/XMLSchema#integer">546311286</dbpedia-owl:wikiPageRevisionID>
    <rdfs:label xml:lang="en">1498 works</rdfs:label>
    <skos:prefLabel xml:lang="en">1498 works</skos:prefLabel>
    <ns6:wasDerivedFrom rdf:resource="http://en.wikipedia.org/wiki/Category:1498_works?oldid=546311286" />
  </rdf:Description>
  <rdf:Description rdf:about="http://ru.dbpedia.org/resource/Категория:Произведения_1498_года">
    <owl:sameAs rdf:resource="http://dbpedia.org/resource/Category:1498_works" />
  </rdf:Description>
  <rdf:Description rdf:about="http://wikidata.dbpedia.org/resource/Q8005792">
    <owl:sameAs rdf:resource="http://dbpedia.org/resource/Category:1498_works" />
  </rdf:Description>
  <rdf:Description rdf:about="http://fa.dbpedia.org/resource/رده:آثار_۱۴۹۸_(میلادی)">
    <owl:sameAs rdf:resource="http://dbpedia.org/resource/Category:1498_works" />
  </rdf:Description>
</rdf:RDF>
