<?xml version="1.0" encoding="utf-8" ?>
<rdf:RDF
	xmlns:rdf="http://www.w3.org/1999/02/22-rdf-syntax-ns#"
	xmlns:rdfs="http://www.w3.org/2000/01/rdf-schema#"
	xmlns:owl="http://www.w3.org/2002/07/owl#"
	xmlns:dcterms="http://purl.org/dc/terms/"
	xmlns:dbpedia-owl="http://dbpedia.org/ontology/"
	xmlns:skos="http://www.w3.org/2004/02/skos/core#"
	xmlns:ns6="http://www.w3.org/ns/prov#" >
  <rdf:Description rdf:about="http://dbpedia.org/resource/Category:14th-century_church_buildings">
    <skos:broader rdf:resource="http://dbpedia.org/resource/Category:14th-century_Christianity" />
  </rdf:Description>
  <rdf:Description rdf:about="http://dbpedia.org/resource/Category:14th-century_crusades">
    <skos:broader rdf:resource="http://dbpedia.org/resource/Category:14th-century_Christianity" />
  </rdf:Description>
  <rdf:Description rdf:about="http://dbpedia.org/resource/Category:14th-century_Christianity">
    <rdf:type rdf:resource="http://www.w3.org/2004/02/skos/core#Concept" />
    <owl:sameAs rdf:resource="http://www.wikidata.org/entity/Q9399920" />
    <owl:sameAs rdf:resource="http://dbpedia.org/resource/Category:14th-century_Christianity" />
    <owl:sameAs rdf:resource="http://mk.dbpedia.org/resource/Категорија:14_век_во_христијанството" />
    <owl:sameAs rdf:resource="http://zh.dbpedia.org/resource/Category:14世纪基督教" />
    <dbpedia-owl:wikiPageID rdf:datatype="http://www.w3.org/2001/XMLSchema#integer">21474973</dbpedia-owl:wikiPageID>
    <dbpedia-owl:wikiPageRevisionID rdf:datatype="http://www.w3.org/2001/XMLSchema#integer">389032439</dbpedia-owl:wikiPageRevisionID>
    <skos:broader rdf:resource="http://dbpedia.org/resource/Category:14th_century" />
    <skos:broader rdf:resource="http://dbpedia.org/resource/Category:14th_century_in_religion" />
    <skos:broader rdf:resource="http://dbpedia.org/resource/Category:Centuries_in_Christianity" />
    <skos:broader rdf:resource="http://dbpedia.org/resource/Category:Christianity_of_the_Middle_Ages" />
    <rdfs:label xml:lang="en">14th-century Christianity</rdfs:label>
    <skos:prefLabel xml:lang="en">14th-century Christianity</skos:prefLabel>
    <ns6:wasDerivedFrom rdf:resource="http://en.wikipedia.org/wiki/Category:14th-century_Christianity?oldid=389032439" />
  </rdf:Description>
  <rdf:Description rdf:about="http://dbpedia.org/resource/Category:14th-century_Eastern_Orthodoxy">
    <skos:broader rdf:resource="http://dbpedia.org/resource/Category:14th-century_Christianity" />
  </rdf:Description>
  <rdf:Description rdf:about="http://dbpedia.org/resource/Category:Alexandrian_Crusade">
    <skos:broader rdf:resource="http://dbpedia.org/resource/Category:14th-century_Christianity" />
  </rdf:Description>
  <rdf:Description rdf:about="http://dbpedia.org/resource/Category:Battle_of_Nicopolis">
    <skos:broader rdf:resource="http://dbpedia.org/resource/Category:14th-century_Christianity" />
  </rdf:Description>
  <rdf:Description rdf:about="http://dbpedia.org/resource/Category:Mahdian_Crusade">
    <skos:broader rdf:resource="http://dbpedia.org/resource/Category:14th-century_Christianity" />
  </rdf:Description>
  <rdf:Description rdf:about="http://dbpedia.org/resource/Category:14th-century_Christian_church_councils">
    <skos:broader rdf:resource="http://dbpedia.org/resource/Category:14th-century_Christianity" />
  </rdf:Description>
  <rdf:Description rdf:about="http://dbpedia.org/resource/Category:14th-century_Roman_Catholicism">
    <skos:broader rdf:resource="http://dbpedia.org/resource/Category:14th-century_Christianity" />
  </rdf:Description>
  <rdf:Description rdf:about="http://dbpedia.org/resource/Category:Christian_organizations_established_in_the_14th_century">
    <skos:broader rdf:resource="http://dbpedia.org/resource/Category:14th-century_Christianity" />
  </rdf:Description>
  <rdf:Description rdf:about="http://dbpedia.org/resource/Category:Christian_religious_orders_established_in_the_14th_century">
    <skos:broader rdf:resource="http://dbpedia.org/resource/Category:14th-century_Christianity" />
  </rdf:Description>
  <rdf:Description rdf:about="http://dbpedia.org/resource/Category:Dioceses_established_in_the_14th_century">
    <skos:broader rdf:resource="http://dbpedia.org/resource/Category:14th-century_Christianity" />
  </rdf:Description>
  <rdf:Description rdf:about="http://dbpedia.org/resource/St_Peter_ad_Vincula,_South_Newington">
    <dcterms:subject rdf:resource="http://dbpedia.org/resource/Category:14th-century_Christianity" />
  </rdf:Description>
  <rdf:Description rdf:about="http://dbpedia.org/resource/Conciliarism">
    <dcterms:subject rdf:resource="http://dbpedia.org/resource/Category:14th-century_Christianity" />
  </rdf:Description>
  <rdf:Description rdf:about="http://dbpedia.org/resource/Christianization_of_Lithuania">
    <dcterms:subject rdf:resource="http://dbpedia.org/resource/Category:14th-century_Christianity" />
  </rdf:Description>
  <rdf:Description rdf:about="http://dbpedia.org/resource/Holy_Blood_of_Wilsnack">
    <dcterms:subject rdf:resource="http://dbpedia.org/resource/Category:14th-century_Christianity" />
  </rdf:Description>
  <rdf:Description rdf:about="http://dbpedia.org/resource/Friends_of_God">
    <dcterms:subject rdf:resource="http://dbpedia.org/resource/Category:14th-century_Christianity" />
  </rdf:Description>
  <rdf:Description rdf:about="http://dbpedia.org/resource/New_Christian">
    <dcterms:subject rdf:resource="http://dbpedia.org/resource/Category:14th-century_Christianity" />
  </rdf:Description>
  <rdf:Description rdf:about="http://dbpedia.org/resource/Old_Christian">
    <dcterms:subject rdf:resource="http://dbpedia.org/resource/Category:14th-century_Christianity" />
  </rdf:Description>
  <rdf:Description rdf:about="http://dbpedia.org/resource/Category:14th-century_Christians">
    <skos:broader rdf:resource="http://dbpedia.org/resource/Category:14th-century_Christianity" />
  </rdf:Description>
  <rdf:Description rdf:about="http://dbpedia.org/resource/Category:14th-century_Christian_texts">
    <skos:broader rdf:resource="http://dbpedia.org/resource/Category:14th-century_Christianity" />
  </rdf:Description>
  <rdf:Description rdf:about="http://dbpedia.org/resource/Category:Christian_monasteries_established_in_the_14th_century">
    <skos:broader rdf:resource="http://dbpedia.org/resource/Category:14th-century_Christianity" />
  </rdf:Description>
  <rdf:Description rdf:about="http://dbpedia.org/resource/Our_Lady_of_the_Don">
    <dcterms:subject rdf:resource="http://dbpedia.org/resource/Category:14th-century_Christianity" />
  </rdf:Description>
  <rdf:Description rdf:about="http://dbpedia.org/resource/Flagellant">
    <dcterms:subject rdf:resource="http://dbpedia.org/resource/Category:14th-century_Christianity" />
  </rdf:Description>
  <rdf:Description rdf:about="http://dbpedia.org/resource/Category:Western_Schism">
    <skos:broader rdf:resource="http://dbpedia.org/resource/Category:14th-century_Christianity" />
  </rdf:Description>
  <rdf:Description rdf:about="http://dbpedia.org/resource/Christianity_in_the_14th_century">
    <dcterms:subject rdf:resource="http://dbpedia.org/resource/Category:14th-century_Christianity" />
  </rdf:Description>
  <rdf:Description rdf:about="http://wikidata.dbpedia.org/resource/Q9399920">
    <owl:sameAs rdf:resource="http://dbpedia.org/resource/Category:14th-century_Christianity" />
  </rdf:Description>
  <rdf:Description rdf:about="http://zh.dbpedia.org/resource/Category:14世纪基督教">
    <owl:sameAs rdf:resource="http://dbpedia.org/resource/Category:14th-century_Christianity" />
  </rdf:Description>
  <rdf:Description rdf:about="http://mk.dbpedia.org/resource/Категорија:14_век_во_христијанството">
    <owl:sameAs rdf:resource="http://dbpedia.org/resource/Category:14th-century_Christianity" />
  </rdf:Description>
</rdf:RDF>
