<?xml version="1.0" encoding="utf-8" ?>
<rdf:RDF
	xmlns:rdf="http://www.w3.org/1999/02/22-rdf-syntax-ns#"
	xmlns:rdfs="http://www.w3.org/2000/01/rdf-schema#"
	xmlns:owl="http://www.w3.org/2002/07/owl#"
	xmlns:dcterms="http://purl.org/dc/terms/"
	xmlns:dbpedia-owl="http://dbpedia.org/ontology/"
	xmlns:skos="http://www.w3.org/2004/02/skos/core#"
	xmlns:ns6="http://www.w3.org/ns/prov#" >
  <rdf:Description rdf:about="http://dbpedia.org/resource/The_Hunt_of_the_Unicorn">
    <dcterms:subject rdf:resource="http://dbpedia.org/resource/Category:1500s_works" />
  </rdf:Description>
  <rdf:Description rdf:about="http://dbpedia.org/resource/Chronicle_of_the_Swiss_Confederation">
    <dcterms:subject rdf:resource="http://dbpedia.org/resource/Category:1500s_works" />
  </rdf:Description>
  <rdf:Description rdf:about="http://dbpedia.org/resource/Hunt-Lenox_Globe">
    <dcterms:subject rdf:resource="http://dbpedia.org/resource/Category:1500s_works" />
  </rdf:Description>
  <rdf:Description rdf:about="http://ko.dbpedia.org/resource/분류:1500년대_작품">
    <owl:sameAs rdf:resource="http://dbpedia.org/resource/Category:1500s_works" />
  </rdf:Description>
  <rdf:Description rdf:about="http://dbpedia.org/resource/Seven_Sorrows_Polyptych">
    <dcterms:subject rdf:resource="http://dbpedia.org/resource/Category:1500s_works" />
  </rdf:Description>
  <rdf:Description rdf:about="http://dbpedia.org/resource/Category:1500s_works">
    <rdf:type rdf:resource="http://www.w3.org/2004/02/skos/core#Concept" />
    <owl:sameAs rdf:resource="http://th.dbpedia.org/resource/หมวดหมู่:ผลงานในคริสต์ทศวรรษ_1500" />
    <owl:sameAs rdf:resource="http://dbpedia.org/resource/Category:1500s_works" />
    <owl:sameAs rdf:resource="http://www.wikidata.org/entity/Q7133251" />
    <owl:sameAs rdf:resource="http://bs.dbpedia.org/resource/Kategorija:1500te_radovi" />
    <owl:sameAs rdf:resource="http://ko.dbpedia.org/resource/분류:1500년대_작품" />
    <owl:sameAs rdf:resource="http://zh.dbpedia.org/resource/Category:1500年代作品" />
    <owl:sameAs rdf:resource="http://ro.dbpedia.org/resource/Categorie:Anii_1500_în_opere_de_artă" />
    <dbpedia-owl:wikiPageID rdf:datatype="http://www.w3.org/2001/XMLSchema#integer">5109597</dbpedia-owl:wikiPageID>
    <dbpedia-owl:wikiPageRevisionID rdf:datatype="http://www.w3.org/2001/XMLSchema#integer">544376110</dbpedia-owl:wikiPageRevisionID>
    <rdfs:label xml:lang="en">1500s works</rdfs:label>
    <skos:prefLabel xml:lang="en">1500s works</skos:prefLabel>
    <ns6:wasDerivedFrom rdf:resource="http://en.wikipedia.org/wiki/Category:1500s_works?oldid=544376110" />
  </rdf:Description>
  <rdf:Description rdf:about="http://dbpedia.org/resource/Abingdon_Monks&#39;_Map">
    <dcterms:subject rdf:resource="http://dbpedia.org/resource/Category:1500s_works" />
  </rdf:Description>
  <rdf:Description rdf:about="http://wikidata.dbpedia.org/resource/Q7133251">
    <owl:sameAs rdf:resource="http://dbpedia.org/resource/Category:1500s_works" />
  </rdf:Description>
  <rdf:Description rdf:about="http://zh.dbpedia.org/resource/Category:1500年代作品">
    <owl:sameAs rdf:resource="http://dbpedia.org/resource/Category:1500s_works" />
  </rdf:Description>
  <rdf:Description rdf:about="http://bs.dbpedia.org/resource/Kategorija:1500te_radovi">
    <owl:sameAs rdf:resource="http://dbpedia.org/resource/Category:1500s_works" />
  </rdf:Description>
  <rdf:Description rdf:about="http://ro.dbpedia.org/resource/Categorie:Anii_1500_în_opere_de_artă">
    <owl:sameAs rdf:resource="http://dbpedia.org/resource/Category:1500s_works" />
  </rdf:Description>
  <rdf:Description rdf:about="http://th.dbpedia.org/resource/หมวดหมู่:ผลงานในคริสต์ทศวรรษ_1500">
    <owl:sameAs rdf:resource="http://dbpedia.org/resource/Category:1500s_works" />
  </rdf:Description>
</rdf:RDF>
