<?xml version="1.0" encoding="utf-8" ?>
<rdf:RDF
	xmlns:rdf="http://www.w3.org/1999/02/22-rdf-syntax-ns#"
	xmlns:rdfs="http://www.w3.org/2000/01/rdf-schema#"
	xmlns:owl="http://www.w3.org/2002/07/owl#"
	xmlns:dcterms="http://purl.org/dc/terms/"
	xmlns:dbpedia-owl="http://dbpedia.org/ontology/"
	xmlns:skos="http://www.w3.org/2004/02/skos/core#"
	xmlns:ns6="http://www.w3.org/ns/prov#" >
  <rdf:Description rdf:about="http://dbpedia.org/resource/Category:1501_paintings">
    <rdf:type rdf:resource="http://www.w3.org/2004/02/skos/core#Concept" />
    <owl:sameAs rdf:resource="http://ru.dbpedia.org/resource/Категория:Картины_1501_года" />
    <owl:sameAs rdf:resource="http://dbpedia.org/resource/Category:1501_paintings" />
    <owl:sameAs rdf:resource="http://pt.dbpedia.org/resource/Categoria:Pinturas_de_1501" />
    <owl:sameAs rdf:resource="http://www.wikidata.org/entity/Q8093690" />
    <owl:sameAs rdf:resource="http://ro.dbpedia.org/resource/Categorie:Picturi_din_1501" />
    <dbpedia-owl:wikiPageID rdf:datatype="http://www.w3.org/2001/XMLSchema#integer">5580898</dbpedia-owl:wikiPageID>
    <dbpedia-owl:wikiPageRevisionID rdf:datatype="http://www.w3.org/2001/XMLSchema#integer">546549358</dbpedia-owl:wikiPageRevisionID>
    <rdfs:label xml:lang="en">1501 paintings</rdfs:label>
    <skos:prefLabel xml:lang="en">1501 paintings</skos:prefLabel>
    <ns6:wasDerivedFrom rdf:resource="http://en.wikipedia.org/wiki/Category:1501_paintings?oldid=546549358" />
  </rdf:Description>
  <rdf:Description rdf:about="http://ru.dbpedia.org/resource/Категория:Картины_1501_года">
    <owl:sameAs rdf:resource="http://dbpedia.org/resource/Category:1501_paintings" />
  </rdf:Description>
  <rdf:Description rdf:about="http://pt.dbpedia.org/resource/Categoria:Pinturas_de_1501">
    <owl:sameAs rdf:resource="http://dbpedia.org/resource/Category:1501_paintings" />
  </rdf:Description>
  <rdf:Description rdf:about="http://dbpedia.org/resource/The_Three_Ages_of_Man_(Giorgione)">
    <dcterms:subject rdf:resource="http://dbpedia.org/resource/Category:1501_paintings" />
  </rdf:Description>
  <rdf:Description rdf:about="http://dbpedia.org/resource/Madonna_of_the_Yarnwinder">
    <dcterms:subject rdf:resource="http://dbpedia.org/resource/Category:1501_paintings" />
  </rdf:Description>
  <rdf:Description rdf:about="http://dbpedia.org/resource/Portrait_of_Doge_Leonardo_Loredan">
    <dcterms:subject rdf:resource="http://dbpedia.org/resource/Category:1501_paintings" />
  </rdf:Description>
  <rdf:Description rdf:about="http://wikidata.dbpedia.org/resource/Q8093690">
    <owl:sameAs rdf:resource="http://dbpedia.org/resource/Category:1501_paintings" />
  </rdf:Description>
  <rdf:Description rdf:about="http://ro.dbpedia.org/resource/Categorie:Picturi_din_1501">
    <owl:sameAs rdf:resource="http://dbpedia.org/resource/Category:1501_paintings" />
  </rdf:Description>
</rdf:RDF>
