<?xml version="1.0" encoding="utf-8" ?>
<rdf:RDF
	xmlns:rdf="http://www.w3.org/1999/02/22-rdf-syntax-ns#"
	xmlns:rdfs="http://www.w3.org/2000/01/rdf-schema#"
	xmlns:owl="http://www.w3.org/2002/07/owl#"
	xmlns:dcterms="http://purl.org/dc/terms/"
	xmlns:dbpedia-owl="http://dbpedia.org/ontology/"
	xmlns:skos="http://www.w3.org/2004/02/skos/core#"
	xmlns:ns6="http://www.w3.org/ns/prov#" >
  <rdf:Description rdf:about="http://dbpedia.org/resource/Adam_and_Eve_(D%C3%BCrer)">
    <dcterms:subject rdf:resource="http://dbpedia.org/resource/Category:1507_paintings" />
  </rdf:Description>
  <rdf:Description rdf:about="http://dbpedia.org/resource/Category:1507_paintings">
    <rdf:type rdf:resource="http://www.w3.org/2004/02/skos/core#Concept" />
    <owl:sameAs rdf:resource="http://dbpedia.org/resource/Category:1507_paintings" />
    <owl:sameAs rdf:resource="http://ru.dbpedia.org/resource/Категория:Картины_1507_года" />
    <owl:sameAs rdf:resource="http://uk.dbpedia.org/resource/Категорія:Картини_1507_року" />
    <owl:sameAs rdf:resource="http://www.wikidata.org/entity/Q8093793" />
    <dbpedia-owl:wikiPageID rdf:datatype="http://www.w3.org/2001/XMLSchema#integer">11284692</dbpedia-owl:wikiPageID>
    <dbpedia-owl:wikiPageRevisionID rdf:datatype="http://www.w3.org/2001/XMLSchema#integer">546549810</dbpedia-owl:wikiPageRevisionID>
    <rdfs:label xml:lang="en">1507 paintings</rdfs:label>
    <skos:prefLabel xml:lang="en">1507 paintings</skos:prefLabel>
    <ns6:wasDerivedFrom rdf:resource="http://en.wikipedia.org/wiki/Category:1507_paintings?oldid=546549810" />
  </rdf:Description>
  <rdf:Description rdf:about="http://dbpedia.org/resource/Ansidei_Madonna">
    <dcterms:subject rdf:resource="http://dbpedia.org/resource/Category:1507_paintings" />
  </rdf:Description>
  <rdf:Description rdf:about="http://dbpedia.org/resource/La_belle_jardini%C3%A8re">
    <dcterms:subject rdf:resource="http://dbpedia.org/resource/Category:1507_paintings" />
  </rdf:Description>
  <rdf:Description rdf:about="http://dbpedia.org/resource/Annunziata_Polyptych">
    <dcterms:subject rdf:resource="http://dbpedia.org/resource/Category:1507_paintings" />
  </rdf:Description>
  <rdf:Description rdf:about="http://ru.dbpedia.org/resource/Категория:Картины_1507_года">
    <owl:sameAs rdf:resource="http://dbpedia.org/resource/Category:1507_paintings" />
  </rdf:Description>
  <rdf:Description rdf:about="http://dbpedia.org/resource/The_Deposition_(Raphael)">
    <dcterms:subject rdf:resource="http://dbpedia.org/resource/Category:1507_paintings" />
  </rdf:Description>
  <rdf:Description rdf:about="http://dbpedia.org/resource/Avarice_(D%C3%BCrer,_Vienna)">
    <dcterms:subject rdf:resource="http://dbpedia.org/resource/Category:1507_paintings" />
  </rdf:Description>
  <rdf:Description rdf:about="http://wikidata.dbpedia.org/resource/Q8093793">
    <owl:sameAs rdf:resource="http://dbpedia.org/resource/Category:1507_paintings" />
  </rdf:Description>
  <rdf:Description rdf:about="http://uk.dbpedia.org/resource/Категорія:Картини_1507_року">
    <owl:sameAs rdf:resource="http://dbpedia.org/resource/Category:1507_paintings" />
  </rdf:Description>
</rdf:RDF>
