<?xml version="1.0" encoding="utf-8" ?>
<rdf:RDF
	xmlns:rdf="http://www.w3.org/1999/02/22-rdf-syntax-ns#"
	xmlns:rdfs="http://www.w3.org/2000/01/rdf-schema#"
	xmlns:owl="http://www.w3.org/2002/07/owl#"
	xmlns:dcterms="http://purl.org/dc/terms/"
	xmlns:dbpedia-owl="http://dbpedia.org/ontology/"
	xmlns:skos="http://www.w3.org/2004/02/skos/core#"
	xmlns:ns6="http://www.w3.org/ns/prov#" >
  <rdf:Description rdf:about="http://dbpedia.org/resource/The_Garden_of_Earthly_Delights">
    <dcterms:subject rdf:resource="http://dbpedia.org/resource/Category:1504_paintings" />
  </rdf:Description>
  <rdf:Description rdf:about="http://dbpedia.org/resource/St._George_(Raphael,_Louvre)">
    <dcterms:subject rdf:resource="http://dbpedia.org/resource/Category:1504_paintings" />
  </rdf:Description>
  <rdf:Description rdf:about="http://dbpedia.org/resource/Adoration_of_the_Magi_(D%C3%BCrer)">
    <dcterms:subject rdf:resource="http://dbpedia.org/resource/Category:1504_paintings" />
  </rdf:Description>
  <rdf:Description rdf:about="http://ru.dbpedia.org/resource/Категория:Картины_1504_года">
    <owl:sameAs rdf:resource="http://dbpedia.org/resource/Category:1504_paintings" />
  </rdf:Description>
  <rdf:Description rdf:about="http://dbpedia.org/resource/The_Marriage_of_the_Virgin_(Raphael)">
    <dcterms:subject rdf:resource="http://dbpedia.org/resource/Category:1504_paintings" />
  </rdf:Description>
  <rdf:Description rdf:about="http://dbpedia.org/resource/Marriage_of_the_Virgin_(Perugino)">
    <dcterms:subject rdf:resource="http://dbpedia.org/resource/Category:1504_paintings" />
  </rdf:Description>
  <rdf:Description rdf:about="http://dbpedia.org/resource/Category:1504_paintings">
    <rdf:type rdf:resource="http://www.w3.org/2004/02/skos/core#Concept" />
    <owl:sameAs rdf:resource="http://dbpedia.org/resource/Category:1504_paintings" />
    <owl:sameAs rdf:resource="http://ru.dbpedia.org/resource/Категория:Картины_1504_года" />
    <owl:sameAs rdf:resource="http://uk.dbpedia.org/resource/Категорія:Картини_1504_року" />
    <owl:sameAs rdf:resource="http://www.wikidata.org/entity/Q8093740" />
    <dbpedia-owl:wikiPageID rdf:datatype="http://www.w3.org/2001/XMLSchema#integer">5541289</dbpedia-owl:wikiPageID>
    <dbpedia-owl:wikiPageRevisionID rdf:datatype="http://www.w3.org/2001/XMLSchema#integer">546575852</dbpedia-owl:wikiPageRevisionID>
    <rdfs:label xml:lang="en">1504 paintings</rdfs:label>
    <skos:prefLabel xml:lang="en">1504 paintings</skos:prefLabel>
    <ns6:wasDerivedFrom rdf:resource="http://en.wikipedia.org/wiki/Category:1504_paintings?oldid=546575852" />
  </rdf:Description>
  <rdf:Description rdf:about="http://dbpedia.org/resource/Vision_of_a_Knight_(Raphael)">
    <dcterms:subject rdf:resource="http://dbpedia.org/resource/Category:1504_paintings" />
  </rdf:Description>
  <rdf:Description rdf:about="http://wikidata.dbpedia.org/resource/Q8093740">
    <owl:sameAs rdf:resource="http://dbpedia.org/resource/Category:1504_paintings" />
  </rdf:Description>
  <rdf:Description rdf:about="http://uk.dbpedia.org/resource/Категорія:Картини_1504_року">
    <owl:sameAs rdf:resource="http://dbpedia.org/resource/Category:1504_paintings" />
  </rdf:Description>
</rdf:RDF>
