<?xml version="1.0" encoding="utf-8" ?>
<rdf:RDF
	xmlns:rdf="http://www.w3.org/1999/02/22-rdf-syntax-ns#"
	xmlns:rdfs="http://www.w3.org/2000/01/rdf-schema#"
	xmlns:owl="http://www.w3.org/2002/07/owl#"
	xmlns:dcterms="http://purl.org/dc/terms/"
	xmlns:dbpedia-owl="http://dbpedia.org/ontology/"
	xmlns:skos="http://www.w3.org/2004/02/skos/core#"
	xmlns:ns6="http://www.w3.org/ns/prov#" >
  <rdf:Description rdf:about="http://dbpedia.org/resource/Category:1510s_paintings">
    <rdf:type rdf:resource="http://www.w3.org/2004/02/skos/core#Concept" />
    <owl:sameAs rdf:resource="http://dbpedia.org/resource/Category:1510s_paintings" />
    <owl:sameAs rdf:resource="http://th.dbpedia.org/resource/หมวดหมู่:จิตรกรรมในคริสต์ทศวรรษ_1510" />
    <owl:sameAs rdf:resource="http://id.dbpedia.org/resource/Kategori:Lukisan_tahun_1510-an" />
    <owl:sameAs rdf:resource="http://no.dbpedia.org/resource/Kategori:Malerier_fra_1510-årene" />
    <owl:sameAs rdf:resource="http://ro.dbpedia.org/resource/Categorie:Picturi_ale_anilor_1510" />
    <owl:sameAs rdf:resource="http://www.wikidata.org/entity/Q7028751" />
    <dbpedia-owl:wikiPageID rdf:datatype="http://www.w3.org/2001/XMLSchema#integer">5615229</dbpedia-owl:wikiPageID>
    <dbpedia-owl:wikiPageRevisionID rdf:datatype="http://www.w3.org/2001/XMLSchema#integer">544424294</dbpedia-owl:wikiPageRevisionID>
    <rdfs:label xml:lang="en">1510s paintings</rdfs:label>
    <skos:prefLabel xml:lang="en">1510s paintings</skos:prefLabel>
    <ns6:wasDerivedFrom rdf:resource="http://en.wikipedia.org/wiki/Category:1510s_paintings?oldid=544424294" />
  </rdf:Description>
  <rdf:Description rdf:about="http://dbpedia.org/resource/Landscape_with_Charon_Crossing_the_Styx">
    <dcterms:subject rdf:resource="http://dbpedia.org/resource/Category:1510s_paintings" />
  </rdf:Description>
  <rdf:Description rdf:about="http://dbpedia.org/resource/Eve,_the_Serpent_and_Death">
    <dcterms:subject rdf:resource="http://dbpedia.org/resource/Category:1510s_paintings" />
  </rdf:Description>
  <rdf:Description rdf:about="http://dbpedia.org/resource/Virgin_and_Child_with_Saints_Barbara_and_Catherine">
    <dcterms:subject rdf:resource="http://dbpedia.org/resource/Category:1510s_paintings" />
  </rdf:Description>
  <rdf:Description rdf:about="http://dbpedia.org/resource/Adoration_of_the_Magi_(Correggio)">
    <dcterms:subject rdf:resource="http://dbpedia.org/resource/Category:1510s_paintings" />
  </rdf:Description>
  <rdf:Description rdf:about="http://dbpedia.org/resource/Drunkenness_of_Noah_(Bellini)">
    <dcterms:subject rdf:resource="http://dbpedia.org/resource/Category:1510s_paintings" />
  </rdf:Description>
  <rdf:Description rdf:about="http://wikidata.dbpedia.org/resource/Q7028751">
    <owl:sameAs rdf:resource="http://dbpedia.org/resource/Category:1510s_paintings" />
  </rdf:Description>
  <rdf:Description rdf:about="http://id.dbpedia.org/resource/Kategori:Lukisan_tahun_1510-an">
    <owl:sameAs rdf:resource="http://dbpedia.org/resource/Category:1510s_paintings" />
  </rdf:Description>
  <rdf:Description rdf:about="http://no.dbpedia.org/resource/Kategori:Malerier_fra_1510-årene">
    <owl:sameAs rdf:resource="http://dbpedia.org/resource/Category:1510s_paintings" />
  </rdf:Description>
  <rdf:Description rdf:about="http://ro.dbpedia.org/resource/Categorie:Picturi_ale_anilor_1510">
    <owl:sameAs rdf:resource="http://dbpedia.org/resource/Category:1510s_paintings" />
  </rdf:Description>
  <rdf:Description rdf:about="http://th.dbpedia.org/resource/หมวดหมู่:จิตรกรรมในคริสต์ทศวรรษ_1510">
    <owl:sameAs rdf:resource="http://dbpedia.org/resource/Category:1510s_paintings" />
  </rdf:Description>
</rdf:RDF>
