<?xml version="1.0" encoding="utf-8" ?>
<rdf:RDF
	xmlns:rdf="http://www.w3.org/1999/02/22-rdf-syntax-ns#"
	xmlns:rdfs="http://www.w3.org/2000/01/rdf-schema#"
	xmlns:owl="http://www.w3.org/2002/07/owl#"
	xmlns:dcterms="http://purl.org/dc/terms/"
	xmlns:dbpedia-owl="http://dbpedia.org/ontology/"
	xmlns:skos="http://www.w3.org/2004/02/skos/core#"
	xmlns:ns6="http://www.w3.org/ns/prov#" >
  <rdf:Description rdf:about="http://dbpedia.org/resource/Category:1518_paintings">
    <rdf:type rdf:resource="http://www.w3.org/2004/02/skos/core#Concept" />
    <owl:sameAs rdf:resource="http://dbpedia.org/resource/Category:1518_paintings" />
    <owl:sameAs rdf:resource="http://ru.dbpedia.org/resource/Категория:Картины_1518_года" />
    <owl:sameAs rdf:resource="http://uk.dbpedia.org/resource/Категорія:Картини_1518_року" />
    <owl:sameAs rdf:resource="http://www.wikidata.org/entity/Q8094016" />
    <dbpedia-owl:wikiPageID rdf:datatype="http://www.w3.org/2001/XMLSchema#integer">6063730</dbpedia-owl:wikiPageID>
    <dbpedia-owl:wikiPageRevisionID rdf:datatype="http://www.w3.org/2001/XMLSchema#integer">546550244</dbpedia-owl:wikiPageRevisionID>
    <rdfs:label xml:lang="en">1518 paintings</rdfs:label>
    <skos:prefLabel xml:lang="en">1518 paintings</skos:prefLabel>
    <ns6:wasDerivedFrom rdf:resource="http://en.wikipedia.org/wiki/Category:1518_paintings?oldid=546550244" />
  </rdf:Description>
  <rdf:Description rdf:about="http://dbpedia.org/resource/Assumption_of_the_Virgin_(Titian)">
    <dcterms:subject rdf:resource="http://dbpedia.org/resource/Category:1518_paintings" />
  </rdf:Description>
  <rdf:Description rdf:about="http://dbpedia.org/resource/The_Holy_Family_of_Francis_I_(Raphael)">
    <dcterms:subject rdf:resource="http://dbpedia.org/resource/Category:1518_paintings" />
  </rdf:Description>
  <rdf:Description rdf:about="http://dbpedia.org/resource/Ezekiel&#39;s_Vision_(Raphael)">
    <dcterms:subject rdf:resource="http://dbpedia.org/resource/Category:1518_paintings" />
  </rdf:Description>
  <rdf:Description rdf:about="http://dbpedia.org/resource/St._Michael_Vanquishing_Satan">
    <dcterms:subject rdf:resource="http://dbpedia.org/resource/Category:1518_paintings" />
  </rdf:Description>
  <rdf:Description rdf:about="http://ru.dbpedia.org/resource/Категория:Картины_1518_года">
    <owl:sameAs rdf:resource="http://dbpedia.org/resource/Category:1518_paintings" />
  </rdf:Description>
  <rdf:Description rdf:about="http://wikidata.dbpedia.org/resource/Q8094016">
    <owl:sameAs rdf:resource="http://dbpedia.org/resource/Category:1518_paintings" />
  </rdf:Description>
  <rdf:Description rdf:about="http://uk.dbpedia.org/resource/Категорія:Картини_1518_року">
    <owl:sameAs rdf:resource="http://dbpedia.org/resource/Category:1518_paintings" />
  </rdf:Description>
</rdf:RDF>
