<?xml version="1.0" encoding="utf-8" ?>
<rdf:RDF
	xmlns:rdf="http://www.w3.org/1999/02/22-rdf-syntax-ns#"
	xmlns:rdfs="http://www.w3.org/2000/01/rdf-schema#"
	xmlns:owl="http://www.w3.org/2002/07/owl#"
	xmlns:dcterms="http://purl.org/dc/terms/"
	xmlns:dbpedia-owl="http://dbpedia.org/ontology/"
	xmlns:skos="http://www.w3.org/2004/02/skos/core#"
	xmlns:ns6="http://www.w3.org/ns/prov#" >
  <rdf:Description rdf:about="http://dbpedia.org/resource/D%C3%BCrer&#39;s_Rhinoceros">
    <dcterms:subject rdf:resource="http://dbpedia.org/resource/Category:1515_works" />
  </rdf:Description>
  <rdf:Description rdf:about="http://dbpedia.org/resource/Category:1515_works">
    <rdf:type rdf:resource="http://www.w3.org/2004/02/skos/core#Concept" />
    <owl:sameAs rdf:resource="http://dbpedia.org/resource/Category:1515_works" />
    <owl:sameAs rdf:resource="http://ru.dbpedia.org/resource/Категория:Произведения_1515_года" />
    <owl:sameAs rdf:resource="http://www.wikidata.org/entity/Q6398240" />
    <owl:sameAs rdf:resource="http://ko.dbpedia.org/resource/분류:1515년_작품" />
    <owl:sameAs rdf:resource="http://fa.dbpedia.org/resource/رده:آثار_۱۵۱۵_(میلادی)" />
    <dbpedia-owl:wikiPageID rdf:datatype="http://www.w3.org/2001/XMLSchema#integer">5530761</dbpedia-owl:wikiPageID>
    <dbpedia-owl:wikiPageRevisionID rdf:datatype="http://www.w3.org/2001/XMLSchema#integer">544414866</dbpedia-owl:wikiPageRevisionID>
    <rdfs:label xml:lang="en">1515 works</rdfs:label>
    <skos:prefLabel xml:lang="en">1515 works</skos:prefLabel>
    <ns6:wasDerivedFrom rdf:resource="http://en.wikipedia.org/wiki/Category:1515_works?oldid=544414866" />
  </rdf:Description>
  <rdf:Description rdf:about="http://dbpedia.org/resource/Cio%C5%82ek&#39;s_Missal">
    <dcterms:subject rdf:resource="http://dbpedia.org/resource/Category:1515_works" />
  </rdf:Description>
  <rdf:Description rdf:about="http://ru.dbpedia.org/resource/Категория:Произведения_1515_года">
    <owl:sameAs rdf:resource="http://dbpedia.org/resource/Category:1515_works" />
  </rdf:Description>
  <rdf:Description rdf:about="http://dbpedia.org/resource/Triumphal_Arch_(woodcut)">
    <dcterms:subject rdf:resource="http://dbpedia.org/resource/Category:1515_works" />
  </rdf:Description>
  <rdf:Description rdf:about="http://ko.dbpedia.org/resource/분류:1515년_작품">
    <owl:sameAs rdf:resource="http://dbpedia.org/resource/Category:1515_works" />
  </rdf:Description>
  <rdf:Description rdf:about="http://wikidata.dbpedia.org/resource/Q6398240">
    <owl:sameAs rdf:resource="http://dbpedia.org/resource/Category:1515_works" />
  </rdf:Description>
  <rdf:Description rdf:about="http://fa.dbpedia.org/resource/رده:آثار_۱۵۱۵_(میلادی)">
    <owl:sameAs rdf:resource="http://dbpedia.org/resource/Category:1515_works" />
  </rdf:Description>
</rdf:RDF>
