<?xml version="1.0" encoding="utf-8" ?>
<rdf:RDF
	xmlns:rdf="http://www.w3.org/1999/02/22-rdf-syntax-ns#"
	xmlns:rdfs="http://www.w3.org/2000/01/rdf-schema#"
	xmlns:owl="http://www.w3.org/2002/07/owl#"
	xmlns:dcterms="http://purl.org/dc/terms/"
	xmlns:dbpedia-owl="http://dbpedia.org/ontology/"
	xmlns:skos="http://www.w3.org/2004/02/skos/core#"
	xmlns:ns6="http://www.w3.org/ns/prov#" >
  <rdf:Description rdf:about="http://dbpedia.org/resource/The_Ugly_Duchess">
    <dcterms:subject rdf:resource="http://dbpedia.org/resource/Category:1513_paintings" />
  </rdf:Description>
  <rdf:Description rdf:about="http://dbpedia.org/resource/Category:1513_paintings">
    <rdf:type rdf:resource="http://www.w3.org/2004/02/skos/core#Concept" />
    <owl:sameAs rdf:resource="http://www.wikidata.org/entity/Q8093928" />
    <owl:sameAs rdf:resource="http://dbpedia.org/resource/Category:1513_paintings" />
    <owl:sameAs rdf:resource="http://pt.dbpedia.org/resource/Categoria:Pinturas_de_1513" />
    <owl:sameAs rdf:resource="http://ro.dbpedia.org/resource/Categorie:Picturi_din_1513" />
    <owl:sameAs rdf:resource="http://ru.dbpedia.org/resource/Категория:Картины_1513_года" />
    <dbpedia-owl:wikiPageID rdf:datatype="http://www.w3.org/2001/XMLSchema#integer">31785382</dbpedia-owl:wikiPageID>
    <dbpedia-owl:wikiPageRevisionID rdf:datatype="http://www.w3.org/2001/XMLSchema#integer">546549966</dbpedia-owl:wikiPageRevisionID>
    <rdfs:label xml:lang="en">1513 paintings</rdfs:label>
    <skos:prefLabel xml:lang="en">1513 paintings</skos:prefLabel>
    <ns6:wasDerivedFrom rdf:resource="http://en.wikipedia.org/wiki/Category:1513_paintings?oldid=546549966" />
  </rdf:Description>
  <rdf:Description rdf:about="http://dbpedia.org/resource/Balbi_Holy_Conversation">
    <dcterms:subject rdf:resource="http://dbpedia.org/resource/Category:1513_paintings" />
  </rdf:Description>
  <rdf:Description rdf:about="http://dbpedia.org/resource/Saints_Christopher,_Jerome_and_Louis_of_Toulouse">
    <dcterms:subject rdf:resource="http://dbpedia.org/resource/Category:1513_paintings" />
  </rdf:Description>
  <rdf:Description rdf:about="http://dbpedia.org/resource/Madonna_of_the_Candelabra">
    <dcterms:subject rdf:resource="http://dbpedia.org/resource/Category:1513_paintings" />
  </rdf:Description>
  <rdf:Description rdf:about="http://dbpedia.org/resource/Perseus_Freeing_Andromeda">
    <dcterms:subject rdf:resource="http://dbpedia.org/resource/Category:1513_paintings" />
  </rdf:Description>
  <rdf:Description rdf:about="http://ru.dbpedia.org/resource/Категория:Картины_1513_года">
    <owl:sameAs rdf:resource="http://dbpedia.org/resource/Category:1513_paintings" />
  </rdf:Description>
  <rdf:Description rdf:about="http://wikidata.dbpedia.org/resource/Q8093928">
    <owl:sameAs rdf:resource="http://dbpedia.org/resource/Category:1513_paintings" />
  </rdf:Description>
  <rdf:Description rdf:about="http://pt.dbpedia.org/resource/Categoria:Pinturas_de_1513">
    <owl:sameAs rdf:resource="http://dbpedia.org/resource/Category:1513_paintings" />
  </rdf:Description>
  <rdf:Description rdf:about="http://ro.dbpedia.org/resource/Categorie:Picturi_din_1513">
    <owl:sameAs rdf:resource="http://dbpedia.org/resource/Category:1513_paintings" />
  </rdf:Description>
</rdf:RDF>
