<?xml version="1.0" encoding="utf-8" ?>
<rdf:RDF
	xmlns:rdf="http://www.w3.org/1999/02/22-rdf-syntax-ns#"
	xmlns:rdfs="http://www.w3.org/2000/01/rdf-schema#"
	xmlns:owl="http://www.w3.org/2002/07/owl#"
	xmlns:dcterms="http://purl.org/dc/terms/"
	xmlns:dbpedia-owl="http://dbpedia.org/ontology/"
	xmlns:skos="http://www.w3.org/2004/02/skos/core#"
	xmlns:ns6="http://www.w3.org/ns/prov#" >
  <rdf:Description rdf:about="http://dbpedia.org/resource/Vision_of_Saint_Jerome">
    <dcterms:subject rdf:resource="http://dbpedia.org/resource/Category:1520s_paintings" />
  </rdf:Description>
  <rdf:Description rdf:about="http://dbpedia.org/resource/Ill-Matched_Marriage">
    <dcterms:subject rdf:resource="http://dbpedia.org/resource/Category:1520s_paintings" />
  </rdf:Description>
  <rdf:Description rdf:about="http://dbpedia.org/resource/Tauberbischofsheim_altarpiece">
    <dcterms:subject rdf:resource="http://dbpedia.org/resource/Category:1520s_paintings" />
  </rdf:Description>
  <rdf:Description rdf:about="http://dbpedia.org/resource/Antea_(Parmigianino)">
    <dcterms:subject rdf:resource="http://dbpedia.org/resource/Category:1520s_paintings" />
  </rdf:Description>
  <rdf:Description rdf:about="http://dbpedia.org/resource/Malpaga_Castle">
    <dcterms:subject rdf:resource="http://dbpedia.org/resource/Category:1520s_paintings" />
  </rdf:Description>
  <rdf:Description rdf:about="http://dbpedia.org/resource/Madonna_of_St._Jerome_(Correggio)">
    <dcterms:subject rdf:resource="http://dbpedia.org/resource/Category:1520s_paintings" />
  </rdf:Description>
  <rdf:Description rdf:about="http://dbpedia.org/resource/Portrait_of_a_Collector">
    <dcterms:subject rdf:resource="http://dbpedia.org/resource/Category:1520s_paintings" />
  </rdf:Description>
  <rdf:Description rdf:about="http://dbpedia.org/resource/Eve,_the_Serpent_and_Death">
    <dcterms:subject rdf:resource="http://dbpedia.org/resource/Category:1520s_paintings" />
  </rdf:Description>
  <rdf:Description rdf:about="http://dbpedia.org/resource/Virgin_and_Child_with_Saints_Barbara_and_Catherine">
    <dcterms:subject rdf:resource="http://dbpedia.org/resource/Category:1520s_paintings" />
  </rdf:Description>
  <rdf:Description rdf:about="http://dbpedia.org/resource/Man_with_a_Glove">
    <dcterms:subject rdf:resource="http://dbpedia.org/resource/Category:1520s_paintings" />
  </rdf:Description>
  <rdf:Description rdf:about="http://dbpedia.org/resource/Nativity_of_the_Virgin_(Altdorfer)">
    <dcterms:subject rdf:resource="http://dbpedia.org/resource/Category:1520s_paintings" />
  </rdf:Description>
  <rdf:Description rdf:about="http://dbpedia.org/resource/Category:1520s_paintings">
    <rdf:type rdf:resource="http://www.w3.org/2004/02/skos/core#Concept" />
    <owl:sameAs rdf:resource="http://no.dbpedia.org/resource/Kategori:Malerier_fra_1520-årene" />
    <owl:sameAs rdf:resource="http://fr.dbpedia.org/resource/Catégorie:Tableau_des_années_1520" />
    <owl:sameAs rdf:resource="http://dbpedia.org/resource/Category:1520s_paintings" />
    <owl:sameAs rdf:resource="http://www.wikidata.org/entity/Q7028754" />
    <owl:sameAs rdf:resource="http://th.dbpedia.org/resource/หมวดหมู่:จิตรกรรมในคริสต์ทศวรรษ_1520" />
    <owl:sameAs rdf:resource="http://ko.dbpedia.org/resource/분류:1520년대_회화_작품" />
    <dbpedia-owl:wikiPageID rdf:datatype="http://www.w3.org/2001/XMLSchema#integer">5614990</dbpedia-owl:wikiPageID>
    <dbpedia-owl:wikiPageRevisionID rdf:datatype="http://www.w3.org/2001/XMLSchema#integer">544423897</dbpedia-owl:wikiPageRevisionID>
    <rdfs:label xml:lang="en">1520s paintings</rdfs:label>
    <skos:prefLabel xml:lang="en">1520s paintings</skos:prefLabel>
    <ns6:wasDerivedFrom rdf:resource="http://en.wikipedia.org/wiki/Category:1520s_paintings?oldid=544423897" />
  </rdf:Description>
  <rdf:Description rdf:about="http://dbpedia.org/resource/The_Rest_on_the_Flight_to_Egypt_with_Saint_Francis">
    <dcterms:subject rdf:resource="http://dbpedia.org/resource/Category:1520s_paintings" />
  </rdf:Description>
  <rdf:Description rdf:about="http://dbpedia.org/resource/Circumcision_of_Jesus_(Parmigianino)">
    <dcterms:subject rdf:resource="http://dbpedia.org/resource/Category:1520s_paintings" />
  </rdf:Description>
  <rdf:Description rdf:about="http://dbpedia.org/resource/Martyrdom_of_Four_Saints">
    <dcterms:subject rdf:resource="http://dbpedia.org/resource/Category:1520s_paintings" />
  </rdf:Description>
  <rdf:Description rdf:about="http://ko.dbpedia.org/resource/분류:1520년대_회화_작품">
    <owl:sameAs rdf:resource="http://dbpedia.org/resource/Category:1520s_paintings" />
  </rdf:Description>
  <rdf:Description rdf:about="http://dbpedia.org/resource/Adoration_of_the_Child_(Correggio)">
    <dcterms:subject rdf:resource="http://dbpedia.org/resource/Category:1520s_paintings" />
  </rdf:Description>
  <rdf:Description rdf:about="http://dbpedia.org/resource/Portrait_of_a_Gentleman_with_a_Lion_Paw">
    <dcterms:subject rdf:resource="http://dbpedia.org/resource/Category:1520s_paintings" />
  </rdf:Description>
  <rdf:Description rdf:about="http://dbpedia.org/resource/Self-portrait_in_a_Convex_Mirror">
    <dcterms:subject rdf:resource="http://dbpedia.org/resource/Category:1520s_paintings" />
  </rdf:Description>
  <rdf:Description rdf:about="http://dbpedia.org/resource/Portrait_of_Federico_II_Gonzaga">
    <dcterms:subject rdf:resource="http://dbpedia.org/resource/Category:1520s_paintings" />
  </rdf:Description>
  <rdf:Description rdf:about="http://dbpedia.org/resource/Portrait_of_a_Clad_Warrior_(Savoldo)">
    <dcterms:subject rdf:resource="http://dbpedia.org/resource/Category:1520s_paintings" />
  </rdf:Description>
  <rdf:Description rdf:about="http://dbpedia.org/resource/Malchiostro_Annunciation">
    <dcterms:subject rdf:resource="http://dbpedia.org/resource/Category:1520s_paintings" />
  </rdf:Description>
  <rdf:Description rdf:about="http://fr.dbpedia.org/resource/Catégorie:Tableau_des_années_1520">
    <owl:sameAs rdf:resource="http://dbpedia.org/resource/Category:1520s_paintings" />
  </rdf:Description>
  <rdf:Description rdf:about="http://wikidata.dbpedia.org/resource/Q7028754">
    <owl:sameAs rdf:resource="http://dbpedia.org/resource/Category:1520s_paintings" />
  </rdf:Description>
  <rdf:Description rdf:about="http://no.dbpedia.org/resource/Kategori:Malerier_fra_1520-årene">
    <owl:sameAs rdf:resource="http://dbpedia.org/resource/Category:1520s_paintings" />
  </rdf:Description>
  <rdf:Description rdf:about="http://th.dbpedia.org/resource/หมวดหมู่:จิตรกรรมในคริสต์ทศวรรษ_1520">
    <owl:sameAs rdf:resource="http://dbpedia.org/resource/Category:1520s_paintings" />
  </rdf:Description>
</rdf:RDF>
