<?xml version="1.0" encoding="utf-8" ?>
<rdf:RDF
	xmlns:rdf="http://www.w3.org/1999/02/22-rdf-syntax-ns#"
	xmlns:rdfs="http://www.w3.org/2000/01/rdf-schema#"
	xmlns:owl="http://www.w3.org/2002/07/owl#"
	xmlns:dcterms="http://purl.org/dc/terms/"
	xmlns:dbpedia-owl="http://dbpedia.org/ontology/"
	xmlns:skos="http://www.w3.org/2004/02/skos/core#"
	xmlns:ns6="http://www.w3.org/ns/prov#" >
  <rdf:Description rdf:about="http://dbpedia.org/resource/The_Four_Apostles">
    <dcterms:subject rdf:resource="http://dbpedia.org/resource/Category:1526_paintings" />
  </rdf:Description>
  <rdf:Description rdf:about="http://dbpedia.org/resource/Category:1526_paintings">
    <rdf:type rdf:resource="http://www.w3.org/2004/02/skos/core#Concept" />
    <owl:sameAs rdf:resource="http://dbpedia.org/resource/Category:1526_paintings" />
    <owl:sameAs rdf:resource="http://ru.dbpedia.org/resource/Категория:Картины_1526_года" />
    <owl:sameAs rdf:resource="http://ko.dbpedia.org/resource/분류:1526년_회화_작품" />
    <owl:sameAs rdf:resource="http://www.wikidata.org/entity/Q9732593" />
    <dbpedia-owl:wikiPageID rdf:datatype="http://www.w3.org/2001/XMLSchema#integer">5646814</dbpedia-owl:wikiPageID>
    <dbpedia-owl:wikiPageRevisionID rdf:datatype="http://www.w3.org/2001/XMLSchema#integer">477294723</dbpedia-owl:wikiPageRevisionID>
    <rdfs:label xml:lang="en">1526 paintings</rdfs:label>
    <skos:prefLabel xml:lang="en">1526 paintings</skos:prefLabel>
    <ns6:wasDerivedFrom rdf:resource="http://en.wikipedia.org/wiki/Category:1526_paintings?oldid=477294723" />
  </rdf:Description>
  <rdf:Description rdf:about="http://ko.dbpedia.org/resource/분류:1526년_회화_작품">
    <owl:sameAs rdf:resource="http://dbpedia.org/resource/Category:1526_paintings" />
  </rdf:Description>
  <rdf:Description rdf:about="http://dbpedia.org/resource/Portrait_of_Andrea_Doria_(Sebastiano_del_Piombo)">
    <dcterms:subject rdf:resource="http://dbpedia.org/resource/Category:1526_paintings" />
  </rdf:Description>
  <rdf:Description rdf:about="http://dbpedia.org/resource/Portrait_of_Jakob_Muffel">
    <dcterms:subject rdf:resource="http://dbpedia.org/resource/Category:1526_paintings" />
  </rdf:Description>
  <rdf:Description rdf:about="http://dbpedia.org/resource/Portrait_of_Hieronymus_Holzschuher">
    <dcterms:subject rdf:resource="http://dbpedia.org/resource/Category:1526_paintings" />
  </rdf:Description>
  <rdf:Description rdf:about="http://ru.dbpedia.org/resource/Категория:Картины_1526_года">
    <owl:sameAs rdf:resource="http://dbpedia.org/resource/Category:1526_paintings" />
  </rdf:Description>
  <rdf:Description rdf:about="http://dbpedia.org/resource/Darmstadt_Madonna">
    <dcterms:subject rdf:resource="http://dbpedia.org/resource/Category:1526_paintings" />
  </rdf:Description>
  <rdf:Description rdf:about="http://wikidata.dbpedia.org/resource/Q9732593">
    <owl:sameAs rdf:resource="http://dbpedia.org/resource/Category:1526_paintings" />
  </rdf:Description>
</rdf:RDF>
