<?xml version="1.0" encoding="utf-8" ?>
<rdf:RDF
	xmlns:rdf="http://www.w3.org/1999/02/22-rdf-syntax-ns#"
	xmlns:rdfs="http://www.w3.org/2000/01/rdf-schema#"
	xmlns:owl="http://www.w3.org/2002/07/owl#"
	xmlns:dcterms="http://purl.org/dc/terms/"
	xmlns:dbpedia-owl="http://dbpedia.org/ontology/"
	xmlns:skos="http://www.w3.org/2004/02/skos/core#"
	xmlns:ns6="http://www.w3.org/ns/prov#" >
  <rdf:Description rdf:about="http://dbpedia.org/resource/Category:1536_in_England">
    <skos:broader rdf:resource="http://dbpedia.org/resource/Category:1530s_in_England" />
  </rdf:Description>
  <rdf:Description rdf:about="http://dbpedia.org/resource/1530s_in_England">
    <dcterms:subject rdf:resource="http://dbpedia.org/resource/Category:1530s_in_England" />
  </rdf:Description>
  <rdf:Description rdf:about="http://dbpedia.org/resource/Category:1531_in_England">
    <skos:broader rdf:resource="http://dbpedia.org/resource/Category:1530s_in_England" />
  </rdf:Description>
  <rdf:Description rdf:about="http://dbpedia.org/resource/Category:Dissolution_of_the_Monasteries">
    <skos:broader rdf:resource="http://dbpedia.org/resource/Category:1530s_in_England" />
  </rdf:Description>
  <rdf:Description rdf:about="http://dbpedia.org/resource/Category:1530s_in_England">
    <rdf:type rdf:resource="http://www.w3.org/2004/02/skos/core#Concept" />
    <owl:sameAs rdf:resource="http://www.wikidata.org/entity/Q8094361" />
    <owl:sameAs rdf:resource="http://fa.dbpedia.org/resource/رده:انگلستان_در_دهه_۱۵۳۰_(میلادی)" />
    <owl:sameAs rdf:resource="http://dbpedia.org/resource/Category:1530s_in_England" />
    <dbpedia-owl:wikiPageID rdf:datatype="http://www.w3.org/2001/XMLSchema#integer">29206543</dbpedia-owl:wikiPageID>
    <dbpedia-owl:wikiPageRevisionID rdf:datatype="http://www.w3.org/2001/XMLSchema#integer">546550986</dbpedia-owl:wikiPageRevisionID>
    <skos:broader rdf:resource="http://dbpedia.org/resource/Category:1530s_in_Europe" />
    <skos:broader rdf:resource="http://dbpedia.org/resource/Category:16th_century_in_England" />
    <skos:broader rdf:resource="http://dbpedia.org/resource/Category:1530s_by_country" />
    <skos:broader rdf:resource="http://dbpedia.org/resource/Category:Decades_in_England" />
    <rdfs:label xml:lang="en">1530s in England</rdfs:label>
    <skos:prefLabel xml:lang="en">1530s in England</skos:prefLabel>
    <ns6:wasDerivedFrom rdf:resource="http://en.wikipedia.org/wiki/Category:1530s_in_England?oldid=546550986" />
  </rdf:Description>
  <rdf:Description rdf:about="http://dbpedia.org/resource/Category:1538_in_England">
    <skos:broader rdf:resource="http://dbpedia.org/resource/Category:1530s_in_England" />
  </rdf:Description>
  <rdf:Description rdf:about="http://dbpedia.org/resource/Category:1532_in_England">
    <skos:broader rdf:resource="http://dbpedia.org/resource/Category:1530s_in_England" />
  </rdf:Description>
  <rdf:Description rdf:about="http://dbpedia.org/resource/Category:1530_in_England">
    <skos:broader rdf:resource="http://dbpedia.org/resource/Category:1530s_in_England" />
  </rdf:Description>
  <rdf:Description rdf:about="http://dbpedia.org/resource/Category:1534_in_England">
    <skos:broader rdf:resource="http://dbpedia.org/resource/Category:1530s_in_England" />
  </rdf:Description>
  <rdf:Description rdf:about="http://dbpedia.org/resource/Category:1533_in_England">
    <skos:broader rdf:resource="http://dbpedia.org/resource/Category:1530s_in_England" />
  </rdf:Description>
  <rdf:Description rdf:about="http://dbpedia.org/resource/Category:1539_in_England">
    <skos:broader rdf:resource="http://dbpedia.org/resource/Category:1530s_in_England" />
  </rdf:Description>
  <rdf:Description rdf:about="http://dbpedia.org/resource/Margaret_Roper">
    <dcterms:subject rdf:resource="http://dbpedia.org/resource/Category:1530s_in_England" />
  </rdf:Description>
  <rdf:Description rdf:about="http://dbpedia.org/resource/Category:1537_in_England">
    <skos:broader rdf:resource="http://dbpedia.org/resource/Category:1530s_in_England" />
  </rdf:Description>
  <rdf:Description rdf:about="http://dbpedia.org/resource/Category:1535_in_England">
    <skos:broader rdf:resource="http://dbpedia.org/resource/Category:1530s_in_England" />
  </rdf:Description>
  <rdf:Description rdf:about="http://dbpedia.org/resource/Portrait_of_Henry_VIII">
    <dcterms:subject rdf:resource="http://dbpedia.org/resource/Category:1530s_in_England" />
  </rdf:Description>
  <rdf:Description rdf:about="http://wikidata.dbpedia.org/resource/Q8094361">
    <owl:sameAs rdf:resource="http://dbpedia.org/resource/Category:1530s_in_England" />
  </rdf:Description>
  <rdf:Description rdf:about="http://fa.dbpedia.org/resource/رده:انگلستان_در_دهه_۱۵۳۰_(میلادی)">
    <owl:sameAs rdf:resource="http://dbpedia.org/resource/Category:1530s_in_England" />
  </rdf:Description>
</rdf:RDF>
