<?xml version="1.0" encoding="utf-8" ?>
<rdf:RDF
	xmlns:rdf="http://www.w3.org/1999/02/22-rdf-syntax-ns#"
	xmlns:rdfs="http://www.w3.org/2000/01/rdf-schema#"
	xmlns:owl="http://www.w3.org/2002/07/owl#"
	xmlns:dcterms="http://purl.org/dc/terms/"
	xmlns:dbpedia-owl="http://dbpedia.org/ontology/"
	xmlns:skos="http://www.w3.org/2004/02/skos/core#"
	xmlns:ns6="http://www.w3.org/ns/prov#" >
  <rdf:Description rdf:about="http://dbpedia.org/resource/Recanati_Annunciation">
    <dcterms:subject rdf:resource="http://dbpedia.org/resource/Category:1530s_paintings" />
  </rdf:Description>
  <rdf:Description rdf:about="http://dbpedia.org/resource/The_Virgin_of_the_Navigators">
    <dcterms:subject rdf:resource="http://dbpedia.org/resource/Category:1530s_paintings" />
  </rdf:Description>
  <rdf:Description rdf:about="http://dbpedia.org/resource/Dana%C3%AB_(Correggio)">
    <dcterms:subject rdf:resource="http://dbpedia.org/resource/Category:1530s_paintings" />
  </rdf:Description>
  <rdf:Description rdf:about="http://dbpedia.org/resource/Category:1530s_paintings">
    <rdf:type rdf:resource="http://www.w3.org/2004/02/skos/core#Concept" />
    <owl:sameAs rdf:resource="http://fr.dbpedia.org/resource/Catégorie:Tableau_des_années_1530" />
    <owl:sameAs rdf:resource="http://dbpedia.org/resource/Category:1530s_paintings" />
    <owl:sameAs rdf:resource="http://www.wikidata.org/entity/Q7028758" />
    <owl:sameAs rdf:resource="http://no.dbpedia.org/resource/Kategori:Malerier_fra_1530-årene" />
    <owl:sameAs rdf:resource="http://th.dbpedia.org/resource/หมวดหมู่:จิตรกรรมในคริสต์ทศวรรษ_1530" />
    <dbpedia-owl:wikiPageID rdf:datatype="http://www.w3.org/2001/XMLSchema#integer">5615256</dbpedia-owl:wikiPageID>
    <dbpedia-owl:wikiPageRevisionID rdf:datatype="http://www.w3.org/2001/XMLSchema#integer">544424349</dbpedia-owl:wikiPageRevisionID>
    <rdfs:label xml:lang="en">1530s paintings</rdfs:label>
    <skos:prefLabel xml:lang="en">1530s paintings</skos:prefLabel>
    <ns6:wasDerivedFrom rdf:resource="http://en.wikipedia.org/wiki/Category:1530s_paintings?oldid=544424349" />
  </rdf:Description>
  <rdf:Description rdf:about="http://dbpedia.org/resource/The_Crucifixion_(Cranach)">
    <dcterms:subject rdf:resource="http://dbpedia.org/resource/Category:1530s_paintings" />
  </rdf:Description>
  <rdf:Description rdf:about="http://dbpedia.org/resource/Madonna_with_the_Long_Neck">
    <dcterms:subject rdf:resource="http://dbpedia.org/resource/Category:1530s_paintings" />
  </rdf:Description>
  <rdf:Description rdf:about="http://dbpedia.org/resource/Jupiter_and_Io">
    <dcterms:subject rdf:resource="http://dbpedia.org/resource/Category:1530s_paintings" />
  </rdf:Description>
  <rdf:Description rdf:about="http://dbpedia.org/resource/Portrait_of_Ugolino_Martelli">
    <dcterms:subject rdf:resource="http://dbpedia.org/resource/Category:1530s_paintings" />
  </rdf:Description>
  <rdf:Description rdf:about="http://dbpedia.org/resource/Altarpiece_of_the_Halberd">
    <dcterms:subject rdf:resource="http://dbpedia.org/resource/Category:1530s_paintings" />
  </rdf:Description>
  <rdf:Description rdf:about="http://dbpedia.org/resource/Portrait_of_Camilla_Gonzaga_and_Her_Three_Sons">
    <dcterms:subject rdf:resource="http://dbpedia.org/resource/Category:1530s_paintings" />
  </rdf:Description>
  <rdf:Description rdf:about="http://dbpedia.org/resource/Cupid_Making_His_Arch">
    <dcterms:subject rdf:resource="http://dbpedia.org/resource/Category:1530s_paintings" />
  </rdf:Description>
  <rdf:Description rdf:about="http://dbpedia.org/resource/Female_Portrait_(Cranach)">
    <dcterms:subject rdf:resource="http://dbpedia.org/resource/Category:1530s_paintings" />
  </rdf:Description>
  <rdf:Description rdf:about="http://dbpedia.org/resource/Ganymede_Abducted_by_the_Eagle">
    <dcterms:subject rdf:resource="http://dbpedia.org/resource/Category:1530s_paintings" />
  </rdf:Description>
  <rdf:Description rdf:about="http://dbpedia.org/resource/Portrait_of_Pier_Maria_Rossi_di_San_Secondo">
    <dcterms:subject rdf:resource="http://dbpedia.org/resource/Category:1530s_paintings" />
  </rdf:Description>
  <rdf:Description rdf:about="http://dbpedia.org/resource/Turkish_Slave">
    <dcterms:subject rdf:resource="http://dbpedia.org/resource/Category:1530s_paintings" />
  </rdf:Description>
  <rdf:Description rdf:about="http://dbpedia.org/resource/Portrait_Miniature_of_Margaret_Roper">
    <dcterms:subject rdf:resource="http://dbpedia.org/resource/Category:1530s_paintings" />
  </rdf:Description>
  <rdf:Description rdf:about="http://dbpedia.org/resource/Portrait_of_Isabella_d&#39;Este_(Titian)">
    <dcterms:subject rdf:resource="http://dbpedia.org/resource/Category:1530s_paintings" />
  </rdf:Description>
  <rdf:Description rdf:about="http://dbpedia.org/resource/The_Last_Judgment_(Michelangelo)">
    <dcterms:subject rdf:resource="http://dbpedia.org/resource/Category:1530s_paintings" />
  </rdf:Description>
  <rdf:Description rdf:about="http://fr.dbpedia.org/resource/Catégorie:Tableau_des_années_1530">
    <owl:sameAs rdf:resource="http://dbpedia.org/resource/Category:1530s_paintings" />
  </rdf:Description>
  <rdf:Description rdf:about="http://wikidata.dbpedia.org/resource/Q7028758">
    <owl:sameAs rdf:resource="http://dbpedia.org/resource/Category:1530s_paintings" />
  </rdf:Description>
  <rdf:Description rdf:about="http://no.dbpedia.org/resource/Kategori:Malerier_fra_1530-årene">
    <owl:sameAs rdf:resource="http://dbpedia.org/resource/Category:1530s_paintings" />
  </rdf:Description>
  <rdf:Description rdf:about="http://th.dbpedia.org/resource/หมวดหมู่:จิตรกรรมในคริสต์ทศวรรษ_1530">
    <owl:sameAs rdf:resource="http://dbpedia.org/resource/Category:1530s_paintings" />
  </rdf:Description>
</rdf:RDF>
