<?xml version="1.0" encoding="utf-8" ?>
<rdf:RDF
	xmlns:rdf="http://www.w3.org/1999/02/22-rdf-syntax-ns#"
	xmlns:rdfs="http://www.w3.org/2000/01/rdf-schema#"
	xmlns:owl="http://www.w3.org/2002/07/owl#"
	xmlns:dcterms="http://purl.org/dc/terms/"
	xmlns:dbpedia-owl="http://dbpedia.org/ontology/"
	xmlns:skos="http://www.w3.org/2004/02/skos/core#"
	xmlns:ns6="http://www.w3.org/ns/prov#" >
  <rdf:Description rdf:about="http://dbpedia.org/resource/Night_(Michelangelo)">
    <dcterms:subject rdf:resource="http://dbpedia.org/resource/Category:1530s_works" />
  </rdf:Description>
  <rdf:Description rdf:about="http://dbpedia.org/resource/Portrait_of_Giuliano_de&#39;_Medici_(1479%E2%80%931516)">
    <dcterms:subject rdf:resource="http://dbpedia.org/resource/Category:1530s_works" />
  </rdf:Description>
  <rdf:Description rdf:about="http://dbpedia.org/resource/Piet%C3%A0_for_Vittoria_Colonna">
    <dcterms:subject rdf:resource="http://dbpedia.org/resource/Category:1530s_works" />
  </rdf:Description>
  <rdf:Description rdf:about="http://dbpedia.org/resource/Category:1530s_works">
    <rdf:type rdf:resource="http://www.w3.org/2004/02/skos/core#Concept" />
    <owl:sameAs rdf:resource="http://ko.dbpedia.org/resource/분류:1530년대_작품" />
    <owl:sameAs rdf:resource="http://zh.dbpedia.org/resource/Category:1530年代作品" />
    <owl:sameAs rdf:resource="http://dbpedia.org/resource/Category:1530s_works" />
    <owl:sameAs rdf:resource="http://ar.dbpedia.org/resource/تصنيف:أعمال_عقد_1530" />
    <owl:sameAs rdf:resource="http://th.dbpedia.org/resource/หมวดหมู่:ผลงานในคริสต์ทศวรรษ_1530" />
    <owl:sameAs rdf:resource="http://sv.dbpedia.org/resource/Kategori:1530-talets_verk" />
    <owl:sameAs rdf:resource="http://www.wikidata.org/entity/Q7236164" />
    <dbpedia-owl:wikiPageID rdf:datatype="http://www.w3.org/2001/XMLSchema#integer">5371231</dbpedia-owl:wikiPageID>
    <dbpedia-owl:wikiPageRevisionID rdf:datatype="http://www.w3.org/2001/XMLSchema#integer">544399301</dbpedia-owl:wikiPageRevisionID>
    <rdfs:label xml:lang="en">1530s works</rdfs:label>
    <skos:prefLabel xml:lang="en">1530s works</skos:prefLabel>
    <ns6:wasDerivedFrom rdf:resource="http://en.wikipedia.org/wiki/Category:1530s_works?oldid=544399301" />
  </rdf:Description>
  <rdf:Description rdf:about="http://dbpedia.org/resource/Portrait_of_Henry_VIII">
    <dcterms:subject rdf:resource="http://dbpedia.org/resource/Category:1530s_works" />
  </rdf:Description>
  <rdf:Description rdf:about="http://ko.dbpedia.org/resource/분류:1530년대_작품">
    <owl:sameAs rdf:resource="http://dbpedia.org/resource/Category:1530s_works" />
  </rdf:Description>
  <rdf:Description rdf:about="http://wikidata.dbpedia.org/resource/Q7236164">
    <owl:sameAs rdf:resource="http://dbpedia.org/resource/Category:1530s_works" />
  </rdf:Description>
  <rdf:Description rdf:about="http://zh.dbpedia.org/resource/Category:1530年代作品">
    <owl:sameAs rdf:resource="http://dbpedia.org/resource/Category:1530s_works" />
  </rdf:Description>
  <rdf:Description rdf:about="http://ar.dbpedia.org/resource/تصنيف:أعمال_عقد_1530">
    <owl:sameAs rdf:resource="http://dbpedia.org/resource/Category:1530s_works" />
  </rdf:Description>
  <rdf:Description rdf:about="http://sv.dbpedia.org/resource/Kategori:1530-talets_verk">
    <owl:sameAs rdf:resource="http://dbpedia.org/resource/Category:1530s_works" />
  </rdf:Description>
  <rdf:Description rdf:about="http://th.dbpedia.org/resource/หมวดหมู่:ผลงานในคริสต์ทศวรรษ_1530">
    <owl:sameAs rdf:resource="http://dbpedia.org/resource/Category:1530s_works" />
  </rdf:Description>
</rdf:RDF>
