<?xml version="1.0" encoding="utf-8" ?>
<rdf:RDF
	xmlns:rdf="http://www.w3.org/1999/02/22-rdf-syntax-ns#"
	xmlns:rdfs="http://www.w3.org/2000/01/rdf-schema#"
	xmlns:owl="http://www.w3.org/2002/07/owl#"
	xmlns:dcterms="http://purl.org/dc/terms/"
	xmlns:dbpedia-owl="http://dbpedia.org/ontology/"
	xmlns:skos="http://www.w3.org/2004/02/skos/core#"
	xmlns:ns6="http://www.w3.org/ns/prov#" >
  <rdf:Description rdf:about="http://dbpedia.org/resource/The_Crowning_with_Thorns_(Titian)">
    <dcterms:subject rdf:resource="http://dbpedia.org/resource/Category:1542_paintings" />
  </rdf:Description>
  <rdf:Description rdf:about="http://dbpedia.org/resource/Self-portrait_(Hans_Holbein_the_Younger)">
    <dcterms:subject rdf:resource="http://dbpedia.org/resource/Category:1542_paintings" />
  </rdf:Description>
  <rdf:Description rdf:about="http://dbpedia.org/resource/Portrait_of_Clarissa_Strozzi">
    <dcterms:subject rdf:resource="http://dbpedia.org/resource/Category:1542_paintings" />
  </rdf:Description>
  <rdf:Description rdf:about="http://dbpedia.org/resource/Category:1542_paintings">
    <rdf:type rdf:resource="http://www.w3.org/2004/02/skos/core#Concept" />
    <owl:sameAs rdf:resource="http://www.wikidata.org/entity/Q8094718" />
    <owl:sameAs rdf:resource="http://dbpedia.org/resource/Category:1542_paintings" />
    <dbpedia-owl:wikiPageID rdf:datatype="http://www.w3.org/2001/XMLSchema#integer">37765125</dbpedia-owl:wikiPageID>
    <dbpedia-owl:wikiPageRevisionID rdf:datatype="http://www.w3.org/2001/XMLSchema#integer">525238047</dbpedia-owl:wikiPageRevisionID>
    <rdfs:label xml:lang="en">1542 paintings</rdfs:label>
    <skos:prefLabel xml:lang="en">1542 paintings</skos:prefLabel>
    <ns6:wasDerivedFrom rdf:resource="http://en.wikipedia.org/wiki/Category:1542_paintings?oldid=525238047" />
  </rdf:Description>
  <rdf:Description rdf:about="http://wikidata.dbpedia.org/resource/Q8094718">
    <owl:sameAs rdf:resource="http://dbpedia.org/resource/Category:1542_paintings" />
  </rdf:Description>
</rdf:RDF>
