<?xml version="1.0" encoding="utf-8" ?>
<rdf:RDF
	xmlns:rdf="http://www.w3.org/1999/02/22-rdf-syntax-ns#"
	xmlns:rdfs="http://www.w3.org/2000/01/rdf-schema#"
	xmlns:owl="http://www.w3.org/2002/07/owl#"
	xmlns:dcterms="http://purl.org/dc/terms/"
	xmlns:dbpedia-owl="http://dbpedia.org/ontology/"
	xmlns:skos="http://www.w3.org/2004/02/skos/core#"
	xmlns:ns6="http://www.w3.org/ns/prov#" >
  <rdf:Description rdf:about="http://dbpedia.org/resource/Christ_and_the_Woman_Taken_in_Adultery_(Bruegel)">
    <dcterms:subject rdf:resource="http://dbpedia.org/resource/Category:1565_paintings" />
  </rdf:Description>
  <rdf:Description rdf:about="http://dbpedia.org/resource/The_Gloomy_Day">
    <dcterms:subject rdf:resource="http://dbpedia.org/resource/Category:1565_paintings" />
  </rdf:Description>
  <rdf:Description rdf:about="http://dbpedia.org/resource/The_Hay_Harvest">
    <dcterms:subject rdf:resource="http://dbpedia.org/resource/Category:1565_paintings" />
  </rdf:Description>
  <rdf:Description rdf:about="http://dbpedia.org/resource/The_Return_of_the_Herd">
    <dcterms:subject rdf:resource="http://dbpedia.org/resource/Category:1565_paintings" />
  </rdf:Description>
  <rdf:Description rdf:about="http://dbpedia.org/resource/Category:1565_paintings">
    <rdf:type rdf:resource="http://www.w3.org/2004/02/skos/core#Concept" />
    <owl:sameAs rdf:resource="http://ru.dbpedia.org/resource/Категория:Картины_1565_года" />
    <owl:sameAs rdf:resource="http://www.wikidata.org/entity/Q8095358" />
    <owl:sameAs rdf:resource="http://dbpedia.org/resource/Category:1565_paintings" />
    <owl:sameAs rdf:resource="http://ko.dbpedia.org/resource/분류:1564년_회화_작품" />
    <owl:sameAs rdf:resource="http://uk.dbpedia.org/resource/Категорія:Картини_1565_року" />
    <owl:sameAs rdf:resource="http://es.dbpedia.org/resource/Categoría:Cuadros_de_1565" />
    <dbpedia-owl:wikiPageID rdf:datatype="http://www.w3.org/2001/XMLSchema#integer">5646848</dbpedia-owl:wikiPageID>
    <dbpedia-owl:wikiPageRevisionID rdf:datatype="http://www.w3.org/2001/XMLSchema#integer">546553482</dbpedia-owl:wikiPageRevisionID>
    <rdfs:label xml:lang="en">1565 paintings</rdfs:label>
    <skos:prefLabel xml:lang="en">1565 paintings</skos:prefLabel>
    <ns6:wasDerivedFrom rdf:resource="http://en.wikipedia.org/wiki/Category:1565_paintings?oldid=546553482" />
  </rdf:Description>
  <rdf:Description rdf:about="http://dbpedia.org/resource/The_Hunters_in_the_Snow">
    <dcterms:subject rdf:resource="http://dbpedia.org/resource/Category:1565_paintings" />
  </rdf:Description>
  <rdf:Description rdf:about="http://ko.dbpedia.org/resource/분류:1564년_회화_작품">
    <owl:sameAs rdf:resource="http://dbpedia.org/resource/Category:1565_paintings" />
  </rdf:Description>
  <rdf:Description rdf:about="http://dbpedia.org/resource/Venus_Blindfolding_Cupid">
    <dcterms:subject rdf:resource="http://dbpedia.org/resource/Category:1565_paintings" />
  </rdf:Description>
  <rdf:Description rdf:about="http://dbpedia.org/resource/Penitent_Magdalene_(Titian,_1565)">
    <dcterms:subject rdf:resource="http://dbpedia.org/resource/Category:1565_paintings" />
  </rdf:Description>
  <rdf:Description rdf:about="http://dbpedia.org/resource/Last_Supper_(Cranach)">
    <dcterms:subject rdf:resource="http://dbpedia.org/resource/Category:1565_paintings" />
  </rdf:Description>
  <rdf:Description rdf:about="http://dbpedia.org/resource/The_Harvesters_(painting)">
    <dcterms:subject rdf:resource="http://dbpedia.org/resource/Category:1565_paintings" />
  </rdf:Description>
  <rdf:Description rdf:about="http://ru.dbpedia.org/resource/Категория:Картины_1565_года">
    <owl:sameAs rdf:resource="http://dbpedia.org/resource/Category:1565_paintings" />
  </rdf:Description>
  <rdf:Description rdf:about="http://es.dbpedia.org/resource/Categoría:Cuadros_de_1565">
    <owl:sameAs rdf:resource="http://dbpedia.org/resource/Category:1565_paintings" />
  </rdf:Description>
  <rdf:Description rdf:about="http://wikidata.dbpedia.org/resource/Q8095358">
    <owl:sameAs rdf:resource="http://dbpedia.org/resource/Category:1565_paintings" />
  </rdf:Description>
  <rdf:Description rdf:about="http://uk.dbpedia.org/resource/Категорія:Картини_1565_року">
    <owl:sameAs rdf:resource="http://dbpedia.org/resource/Category:1565_paintings" />
  </rdf:Description>
</rdf:RDF>
