<?xml version="1.0" encoding="utf-8" ?>
<rdf:RDF
	xmlns:rdf="http://www.w3.org/1999/02/22-rdf-syntax-ns#"
	xmlns:rdfs="http://www.w3.org/2000/01/rdf-schema#"
	xmlns:owl="http://www.w3.org/2002/07/owl#"
	xmlns:dcterms="http://purl.org/dc/terms/"
	xmlns:dbpedia-owl="http://dbpedia.org/ontology/"
	xmlns:skos="http://www.w3.org/2004/02/skos/core#"
	xmlns:ns6="http://www.w3.org/ns/prov#" >
  <rdf:Description rdf:about="http://dbpedia.org/resource/The_Feast_in_the_House_of_Levi">
    <dcterms:subject rdf:resource="http://dbpedia.org/resource/Category:1573_paintings" />
  </rdf:Description>
  <rdf:Description rdf:about="http://dbpedia.org/resource/Category:1573_paintings">
    <rdf:type rdf:resource="http://www.w3.org/2004/02/skos/core#Concept" />
    <owl:sameAs rdf:resource="http://dbpedia.org/resource/Category:1573_paintings" />
    <owl:sameAs rdf:resource="http://ru.dbpedia.org/resource/Категория:Картины_1573_года" />
    <owl:sameAs rdf:resource="http://www.wikidata.org/entity/Q8095594" />
    <dbpedia-owl:wikiPageID rdf:datatype="http://www.w3.org/2001/XMLSchema#integer">35786565</dbpedia-owl:wikiPageID>
    <dbpedia-owl:wikiPageRevisionID rdf:datatype="http://www.w3.org/2001/XMLSchema#integer">491975459</dbpedia-owl:wikiPageRevisionID>
    <rdfs:label xml:lang="en">1573 paintings</rdfs:label>
    <skos:prefLabel xml:lang="en">1573 paintings</skos:prefLabel>
    <ns6:wasDerivedFrom rdf:resource="http://en.wikipedia.org/wiki/Category:1573_paintings?oldid=491975459" />
  </rdf:Description>
  <rdf:Description rdf:about="http://wikidata.dbpedia.org/resource/Q7780482">
    <owl:sameAs rdf:resource="http://dbpedia.org/resource/Category:1573_paintings" />
  </rdf:Description>
  <rdf:Description rdf:about="http://ru.dbpedia.org/resource/Категория:Картины_1573_года">
    <owl:sameAs rdf:resource="http://dbpedia.org/resource/Category:1573_paintings" />
  </rdf:Description>
</rdf:RDF>
