<?xml version="1.0" encoding="utf-8" ?>
<rdf:RDF
	xmlns:rdf="http://www.w3.org/1999/02/22-rdf-syntax-ns#"
	xmlns:rdfs="http://www.w3.org/2000/01/rdf-schema#"
	xmlns:owl="http://www.w3.org/2002/07/owl#"
	xmlns:dcterms="http://purl.org/dc/terms/"
	xmlns:dbpedia-owl="http://dbpedia.org/ontology/"
	xmlns:skos="http://www.w3.org/2004/02/skos/core#"
	xmlns:ns6="http://www.w3.org/ns/prov#" >
  <rdf:Description rdf:about="http://dbpedia.org/resource/Piet%C3%A0_(Titian)">
    <dcterms:subject rdf:resource="http://dbpedia.org/resource/Category:1570s_paintings" />
  </rdf:Description>
  <rdf:Description rdf:about="http://dbpedia.org/resource/Category:1570s_paintings">
    <rdf:type rdf:resource="http://www.w3.org/2004/02/skos/core#Concept" />
    <owl:sameAs rdf:resource="http://es.dbpedia.org/resource/Categoría:Cuadros_de_los_años_1570" />
    <owl:sameAs rdf:resource="http://th.dbpedia.org/resource/หมวดหมู่:จิตรกรรมในคริสต์ทศวรรษ_1570" />
    <owl:sameAs rdf:resource="http://fr.dbpedia.org/resource/Catégorie:Tableau_des_années_1570" />
    <owl:sameAs rdf:resource="http://www.wikidata.org/entity/Q7028822" />
    <owl:sameAs rdf:resource="http://dbpedia.org/resource/Category:1570s_paintings" />
    <dbpedia-owl:wikiPageID rdf:datatype="http://www.w3.org/2001/XMLSchema#integer">7772408</dbpedia-owl:wikiPageID>
    <dbpedia-owl:wikiPageRevisionID rdf:datatype="http://www.w3.org/2001/XMLSchema#integer">544581988</dbpedia-owl:wikiPageRevisionID>
    <rdfs:label xml:lang="en">1570s paintings</rdfs:label>
    <skos:prefLabel xml:lang="en">1570s paintings</skos:prefLabel>
    <ns6:wasDerivedFrom rdf:resource="http://en.wikipedia.org/wiki/Category:1570s_paintings?oldid=544581988" />
  </rdf:Description>
  <rdf:Description rdf:about="http://dbpedia.org/resource/The_Origin_of_the_Milky_Way_(Tintoretto)">
    <dcterms:subject rdf:resource="http://dbpedia.org/resource/Category:1570s_paintings" />
  </rdf:Description>
  <rdf:Description rdf:about="http://dbpedia.org/resource/The_Allegory_of_Love_(Veronese)">
    <dcterms:subject rdf:resource="http://dbpedia.org/resource/Category:1570s_paintings" />
  </rdf:Description>
  <rdf:Description rdf:about="http://dbpedia.org/resource/The_Disrobing_of_Christ">
    <dcterms:subject rdf:resource="http://dbpedia.org/resource/Category:1570s_paintings" />
  </rdf:Description>
  <rdf:Description rdf:about="http://dbpedia.org/resource/Punishment_of_Marsyas">
    <dcterms:subject rdf:resource="http://dbpedia.org/resource/Category:1570s_paintings" />
  </rdf:Description>
  <rdf:Description rdf:about="http://dbpedia.org/resource/Saint_Sebastian_(Titian,_Hermitage)">
    <dcterms:subject rdf:resource="http://dbpedia.org/resource/Category:1570s_paintings" />
  </rdf:Description>
  <rdf:Description rdf:about="http://dbpedia.org/resource/Tarquin_and_Lucretia_(1571_painting)">
    <dcterms:subject rdf:resource="http://dbpedia.org/resource/Category:1570s_paintings" />
  </rdf:Description>
  <rdf:Description rdf:about="http://dbpedia.org/resource/Sala_dei_Cento_Giorni">
    <dcterms:subject rdf:resource="http://dbpedia.org/resource/Category:1570s_paintings" />
  </rdf:Description>
  <rdf:Description rdf:about="http://dbpedia.org/resource/Christ_Driving_the_Money_Changers_from_the_Temple_(El_Greco,_Minneapolis)">
    <dcterms:subject rdf:resource="http://dbpedia.org/resource/Category:1570s_paintings" />
  </rdf:Description>
  <rdf:Description rdf:about="http://dbpedia.org/resource/Saint_Jerome_in_Penitence_(Titian,_1575)">
    <dcterms:subject rdf:resource="http://dbpedia.org/resource/Category:1570s_paintings" />
  </rdf:Description>
  <rdf:Description rdf:about="http://dbpedia.org/resource/Bathsheba_at_her_Bath_(Veronese)">
    <dcterms:subject rdf:resource="http://dbpedia.org/resource/Category:1570s_paintings" />
  </rdf:Description>
  <rdf:Description rdf:about="http://fr.dbpedia.org/resource/Catégorie:Tableau_des_années_1570">
    <owl:sameAs rdf:resource="http://dbpedia.org/resource/Category:1570s_paintings" />
  </rdf:Description>
  <rdf:Description rdf:about="http://es.dbpedia.org/resource/Categoría:Cuadros_de_los_años_1570">
    <owl:sameAs rdf:resource="http://dbpedia.org/resource/Category:1570s_paintings" />
  </rdf:Description>
  <rdf:Description rdf:about="http://wikidata.dbpedia.org/resource/Q7028822">
    <owl:sameAs rdf:resource="http://dbpedia.org/resource/Category:1570s_paintings" />
  </rdf:Description>
  <rdf:Description rdf:about="http://th.dbpedia.org/resource/หมวดหมู่:จิตรกรรมในคริสต์ทศวรรษ_1570">
    <owl:sameAs rdf:resource="http://dbpedia.org/resource/Category:1570s_paintings" />
  </rdf:Description>
</rdf:RDF>
