<?xml version="1.0" encoding="utf-8" ?>
<rdf:RDF
	xmlns:rdf="http://www.w3.org/1999/02/22-rdf-syntax-ns#"
	xmlns:rdfs="http://www.w3.org/2000/01/rdf-schema#"
	xmlns:owl="http://www.w3.org/2002/07/owl#"
	xmlns:dcterms="http://purl.org/dc/terms/"
	xmlns:dbpedia-owl="http://dbpedia.org/ontology/"
	xmlns:skos="http://www.w3.org/2004/02/skos/core#"
	xmlns:ns6="http://www.w3.org/ns/prov#" >
  <rdf:Description rdf:about="http://dbpedia.org/resource/Gabrielle_d&#39;Estr%C3%A9es_et_une_de_ses_s%C5%93urs">
    <dcterms:subject rdf:resource="http://dbpedia.org/resource/Category:1590s_paintings" />
  </rdf:Description>
  <rdf:Description rdf:about="http://dbpedia.org/resource/Category:1590s_paintings">
    <rdf:type rdf:resource="http://www.w3.org/2004/02/skos/core#Concept" />
    <owl:sameAs rdf:resource="http://es.dbpedia.org/resource/Categoría:Cuadros_de_los_años_1590" />
    <owl:sameAs rdf:resource="http://fr.dbpedia.org/resource/Catégorie:Tableau_des_années_1590" />
    <owl:sameAs rdf:resource="http://www.wikidata.org/entity/Q7028821" />
    <owl:sameAs rdf:resource="http://ro.dbpedia.org/resource/Categorie:Picturi_ale_anilor_1590" />
    <owl:sameAs rdf:resource="http://dbpedia.org/resource/Category:1590s_paintings" />
    <owl:sameAs rdf:resource="http://no.dbpedia.org/resource/Kategori:Malerier_fra_1590-årene" />
    <owl:sameAs rdf:resource="http://th.dbpedia.org/resource/หมวดหมู่:จิตรกรรมในคริสต์ทศวรรษ_1590" />
    <dbpedia-owl:wikiPageID rdf:datatype="http://www.w3.org/2001/XMLSchema#integer">5621232</dbpedia-owl:wikiPageID>
    <dbpedia-owl:wikiPageRevisionID rdf:datatype="http://www.w3.org/2001/XMLSchema#integer">544424073</dbpedia-owl:wikiPageRevisionID>
    <rdfs:label xml:lang="en">1590s paintings</rdfs:label>
    <skos:prefLabel xml:lang="en">1590s paintings</skos:prefLabel>
    <ns6:wasDerivedFrom rdf:resource="http://en.wikipedia.org/wiki/Category:1590s_paintings?oldid=544424073" />
  </rdf:Description>
  <rdf:Description rdf:about="http://dbpedia.org/resource/The_Fortune_Teller_(Caravaggio)">
    <dcterms:subject rdf:resource="http://dbpedia.org/resource/Category:1590s_paintings" />
  </rdf:Description>
  <rdf:Description rdf:about="http://dbpedia.org/resource/View_of_Toledo">
    <dcterms:subject rdf:resource="http://dbpedia.org/resource/Category:1590s_paintings" />
  </rdf:Description>
  <rdf:Description rdf:about="http://dbpedia.org/resource/Last_Supper_(Tintoretto)">
    <dcterms:subject rdf:resource="http://dbpedia.org/resource/Category:1590s_paintings" />
  </rdf:Description>
  <rdf:Description rdf:about="http://dbpedia.org/resource/Young_Sick_Bacchus">
    <dcterms:subject rdf:resource="http://dbpedia.org/resource/Category:1590s_paintings" />
  </rdf:Description>
  <rdf:Description rdf:about="http://dbpedia.org/resource/Fishing_(Annibale_Carracci)">
    <dcterms:subject rdf:resource="http://dbpedia.org/resource/Category:1590s_paintings" />
  </rdf:Description>
  <rdf:Description rdf:about="http://dbpedia.org/resource/The_Calling_of_St_Matthew_(Caravaggio)">
    <dcterms:subject rdf:resource="http://dbpedia.org/resource/Category:1590s_paintings" />
  </rdf:Description>
  <rdf:Description rdf:about="http://dbpedia.org/resource/Boy_Bitten_by_a_Lizard_(Caravaggio)">
    <dcterms:subject rdf:resource="http://dbpedia.org/resource/Category:1590s_paintings" />
  </rdf:Description>
  <rdf:Description rdf:about="http://dbpedia.org/resource/Cardsharps_(Caravaggio)">
    <dcterms:subject rdf:resource="http://dbpedia.org/resource/Category:1590s_paintings" />
  </rdf:Description>
  <rdf:Description rdf:about="http://dbpedia.org/resource/John_the_Baptist_(Caravaggio)">
    <dcterms:subject rdf:resource="http://dbpedia.org/resource/Category:1590s_paintings" />
  </rdf:Description>
  <rdf:Description rdf:about="http://dbpedia.org/resource/Martha_and_Mary_Magdalene_(Caravaggio)">
    <dcterms:subject rdf:resource="http://dbpedia.org/resource/Category:1590s_paintings" />
  </rdf:Description>
  <rdf:Description rdf:about="http://dbpedia.org/resource/Narcissus_(Caravaggio)">
    <dcterms:subject rdf:resource="http://dbpedia.org/resource/Category:1590s_paintings" />
  </rdf:Description>
  <rdf:Description rdf:about="http://dbpedia.org/resource/Penitent_Magdalene_(Caravaggio)">
    <dcterms:subject rdf:resource="http://dbpedia.org/resource/Category:1590s_paintings" />
  </rdf:Description>
  <rdf:Description rdf:about="http://dbpedia.org/resource/Rest_on_the_Flight_into_Egypt_(Caravaggio)">
    <dcterms:subject rdf:resource="http://dbpedia.org/resource/Category:1590s_paintings" />
  </rdf:Description>
  <rdf:Description rdf:about="http://dbpedia.org/resource/Saint_Catherine_(Caravaggio)">
    <dcterms:subject rdf:resource="http://dbpedia.org/resource/Category:1590s_paintings" />
  </rdf:Description>
  <rdf:Description rdf:about="http://dbpedia.org/resource/Saint_Francis_of_Assisi_in_Ecstasy_(Caravaggio)">
    <dcterms:subject rdf:resource="http://dbpedia.org/resource/Category:1590s_paintings" />
  </rdf:Description>
  <rdf:Description rdf:about="http://dbpedia.org/resource/The_Lute_Player_(Caravaggio)">
    <dcterms:subject rdf:resource="http://dbpedia.org/resource/Category:1590s_paintings" />
  </rdf:Description>
  <rdf:Description rdf:about="http://dbpedia.org/resource/The_Martyrdom_of_Saint_Matthew_(Caravaggio)">
    <dcterms:subject rdf:resource="http://dbpedia.org/resource/Category:1590s_paintings" />
  </rdf:Description>
  <rdf:Description rdf:about="http://dbpedia.org/resource/The_Musicians_(Caravaggio)">
    <dcterms:subject rdf:resource="http://dbpedia.org/resource/Category:1590s_paintings" />
  </rdf:Description>
  <rdf:Description rdf:about="http://dbpedia.org/resource/Francesco_St_Jerome">
    <dcterms:subject rdf:resource="http://dbpedia.org/resource/Category:1590s_paintings" />
  </rdf:Description>
  <rdf:Description rdf:about="http://dbpedia.org/resource/Portrait_of_a_Courtesan_(Caravaggio)">
    <dcterms:subject rdf:resource="http://dbpedia.org/resource/Category:1590s_paintings" />
  </rdf:Description>
  <rdf:Description rdf:about="http://dbpedia.org/resource/Christ_Driving_the_Money_Changers_from_the_Temple_(El_Greco,_New_York)">
    <dcterms:subject rdf:resource="http://dbpedia.org/resource/Category:1590s_paintings" />
  </rdf:Description>
  <rdf:Description rdf:about="http://dbpedia.org/resource/Judith_Beheading_Holofernes_(Caravaggio)">
    <dcterms:subject rdf:resource="http://dbpedia.org/resource/Category:1590s_paintings" />
  </rdf:Description>
  <rdf:Description rdf:about="http://dbpedia.org/resource/Hunting_(Annibale_Carracci)">
    <dcterms:subject rdf:resource="http://dbpedia.org/resource/Category:1590s_paintings" />
  </rdf:Description>
  <rdf:Description rdf:about="http://dbpedia.org/resource/Portrait_of_Maffeo_Barberini">
    <dcterms:subject rdf:resource="http://dbpedia.org/resource/Category:1590s_paintings" />
  </rdf:Description>
  <rdf:Description rdf:about="http://dbpedia.org/resource/Basket_of_Fruit_(Caravaggio)">
    <dcterms:subject rdf:resource="http://dbpedia.org/resource/Category:1590s_paintings" />
  </rdf:Description>
  <rdf:Description rdf:about="http://dbpedia.org/resource/Boy_with_a_Basket_of_Fruit">
    <dcterms:subject rdf:resource="http://dbpedia.org/resource/Category:1590s_paintings" />
  </rdf:Description>
  <rdf:Description rdf:about="http://dbpedia.org/resource/Boy_Peeling_Fruit_(Caravaggio)">
    <dcterms:subject rdf:resource="http://dbpedia.org/resource/Category:1590s_paintings" />
  </rdf:Description>
  <rdf:Description rdf:about="http://dbpedia.org/resource/Bacchus_(Caravaggio)">
    <dcterms:subject rdf:resource="http://dbpedia.org/resource/Category:1590s_paintings" />
  </rdf:Description>
  <rdf:Description rdf:about="http://fr.dbpedia.org/resource/Catégorie:Tableau_des_années_1590">
    <owl:sameAs rdf:resource="http://dbpedia.org/resource/Category:1590s_paintings" />
  </rdf:Description>
  <rdf:Description rdf:about="http://es.dbpedia.org/resource/Categoría:Cuadros_de_los_años_1590">
    <owl:sameAs rdf:resource="http://dbpedia.org/resource/Category:1590s_paintings" />
  </rdf:Description>
  <rdf:Description rdf:about="http://dbpedia.org/resource/Saint_Peter_and_Saint_Paul">
    <dcterms:subject rdf:resource="http://dbpedia.org/resource/Category:1590s_paintings" />
  </rdf:Description>
  <rdf:Description rdf:about="http://wikidata.dbpedia.org/resource/Q7028821">
    <owl:sameAs rdf:resource="http://dbpedia.org/resource/Category:1590s_paintings" />
  </rdf:Description>
  <rdf:Description rdf:about="http://no.dbpedia.org/resource/Kategori:Malerier_fra_1590-årene">
    <owl:sameAs rdf:resource="http://dbpedia.org/resource/Category:1590s_paintings" />
  </rdf:Description>
  <rdf:Description rdf:about="http://ro.dbpedia.org/resource/Categorie:Picturi_ale_anilor_1590">
    <owl:sameAs rdf:resource="http://dbpedia.org/resource/Category:1590s_paintings" />
  </rdf:Description>
  <rdf:Description rdf:about="http://th.dbpedia.org/resource/หมวดหมู่:จิตรกรรมในคริสต์ทศวรรษ_1590">
    <owl:sameAs rdf:resource="http://dbpedia.org/resource/Category:1590s_paintings" />
  </rdf:Description>
</rdf:RDF>
