<?xml version="1.0" encoding="utf-8" ?>
<rdf:RDF
	xmlns:rdf="http://www.w3.org/1999/02/22-rdf-syntax-ns#"
	xmlns:rdfs="http://www.w3.org/2000/01/rdf-schema#"
	xmlns:owl="http://www.w3.org/2002/07/owl#"
	xmlns:dcterms="http://purl.org/dc/terms/"
	xmlns:dbpedia-owl="http://dbpedia.org/ontology/"
	xmlns:skos="http://www.w3.org/2004/02/skos/core#"
	xmlns:ns6="http://www.w3.org/ns/prov#" >
  <rdf:Description rdf:about="http://dbpedia.org/resource/Category:15th-century_paintings">
    <rdf:type rdf:resource="http://www.w3.org/2004/02/skos/core#Concept" />
    <owl:sameAs rdf:resource="http://he.dbpedia.org/resource/קטגוריה:ציורים_מהמאה_ה-15" />
    <owl:sameAs rdf:resource="http://ko.dbpedia.org/resource/분류:15세기_회화_작품" />
    <owl:sameAs rdf:resource="http://www.wikidata.org/entity/Q8777480" />
    <owl:sameAs rdf:resource="http://bs.dbpedia.org/resource/Kategorija:15._vijek_umjetničke_slike" />
    <owl:sameAs rdf:resource="http://ro.dbpedia.org/resource/Categorie:Picturi_ale_secolului_al_XV-lea" />
    <owl:sameAs rdf:resource="http://pt.dbpedia.org/resource/Categoria:Pinturas_do_século_XV" />
    <owl:sameAs rdf:resource="http://es.dbpedia.org/resource/Categoría:Cuadros_del_siglo_XV" />
    <owl:sameAs rdf:resource="http://eo.dbpedia.org/resource/Kategorio:Pentraĵoj_de_la_15-a_jarcento" />
    <owl:sameAs rdf:resource="http://dbpedia.org/resource/Category:15th-century_paintings" />
    <owl:sameAs rdf:resource="http://fr.dbpedia.org/resource/Catégorie:Tableau_du_XVe_siècle" />
    <owl:sameAs rdf:resource="http://ru.dbpedia.org/resource/Категория:Картины_XV_века" />
    <owl:sameAs rdf:resource="http://simple.dbpedia.org/resource/Category:15th_century_paintings" />
    <owl:sameAs rdf:resource="http://no.dbpedia.org/resource/Kategori:Malerier_fra_1400-tallet" />
    <owl:sameAs rdf:resource="http://tr.dbpedia.org/resource/Kategori:15._yüzyıl_tabloları" />
    <owl:sameAs rdf:resource="http://de.dbpedia.org/resource/Kategorie:Gemälde_(15._Jahrhundert)" />
    <dbpedia-owl:wikiPageID rdf:datatype="http://www.w3.org/2001/XMLSchema#integer">21489952</dbpedia-owl:wikiPageID>
    <dbpedia-owl:wikiPageRevisionID rdf:datatype="http://www.w3.org/2001/XMLSchema#integer">547733801</dbpedia-owl:wikiPageRevisionID>
    <skos:broader rdf:resource="http://dbpedia.org/resource/Category:15th-century_works" />
    <skos:broader rdf:resource="http://dbpedia.org/resource/Category:Paintings_by_century" />
    <skos:broader rdf:resource="http://dbpedia.org/resource/Category:15th_century_in_art" />
    <rdfs:label xml:lang="en">15th-century paintings</rdfs:label>
    <skos:prefLabel xml:lang="en">15th-century paintings</skos:prefLabel>
    <ns6:wasDerivedFrom rdf:resource="http://en.wikipedia.org/wiki/Category:15th-century_paintings?oldid=547733801" />
  </rdf:Description>
  <rdf:Description rdf:about="http://dbpedia.org/resource/Category:15th-century_portraits">
    <skos:broader rdf:resource="http://dbpedia.org/resource/Category:15th-century_paintings" />
  </rdf:Description>
  <rdf:Description rdf:about="http://fr.dbpedia.org/resource/Catégorie:Tableau_du_XVe_siècle">
    <owl:sameAs rdf:resource="http://dbpedia.org/resource/Category:15th-century_paintings" />
  </rdf:Description>
  <rdf:Description rdf:about="http://pt.dbpedia.org/resource/Categoria:Pinturas_do_século_XV">
    <owl:sameAs rdf:resource="http://dbpedia.org/resource/Category:15th-century_paintings" />
  </rdf:Description>
  <rdf:Description rdf:about="http://de.dbpedia.org/resource/Kategorie:Gemälde_(15._Jahrhundert)">
    <owl:sameAs rdf:resource="http://dbpedia.org/resource/Category:15th-century_paintings" />
  </rdf:Description>
  <rdf:Description rdf:about="http://es.dbpedia.org/resource/Categoría:Cuadros_del_siglo_XV">
    <owl:sameAs rdf:resource="http://dbpedia.org/resource/Category:15th-century_paintings" />
  </rdf:Description>
  <rdf:Description rdf:about="http://dbpedia.org/resource/Portrait_of_a_Lady_in_Yellow">
    <dcterms:subject rdf:resource="http://dbpedia.org/resource/Category:15th-century_paintings" />
  </rdf:Description>
  <rdf:Description rdf:about="http://ko.dbpedia.org/resource/분류:15세기_회화_작품">
    <owl:sameAs rdf:resource="http://dbpedia.org/resource/Category:15th-century_paintings" />
  </rdf:Description>
  <rdf:Description rdf:about="http://ru.dbpedia.org/resource/Категория:Картины_XV_века">
    <owl:sameAs rdf:resource="http://dbpedia.org/resource/Category:15th-century_paintings" />
  </rdf:Description>
  <rdf:Description rdf:about="http://dbpedia.org/resource/Madonna_of_the_Rose_Garden">
    <dcterms:subject rdf:resource="http://dbpedia.org/resource/Category:15th-century_paintings" />
  </rdf:Description>
  <rdf:Description rdf:about="http://dbpedia.org/resource/Christ_as_the_Suffering_Redeemer_(Mantegna)">
    <dcterms:subject rdf:resource="http://dbpedia.org/resource/Category:15th-century_paintings" />
  </rdf:Description>
  <rdf:Description rdf:about="http://dbpedia.org/resource/Madonna_Willys">
    <dcterms:subject rdf:resource="http://dbpedia.org/resource/Category:15th-century_paintings" />
  </rdf:Description>
  <rdf:Description rdf:about="http://dbpedia.org/resource/Piet%C3%A0_of_Villeneuve-l%C3%A8s-Avignon">
    <dcterms:subject rdf:resource="http://dbpedia.org/resource/Category:15th-century_paintings" />
  </rdf:Description>
  <rdf:Description rdf:about="http://dbpedia.org/resource/Trinity_Altarpiece">
    <dcterms:subject rdf:resource="http://dbpedia.org/resource/Category:15th-century_paintings" />
  </rdf:Description>
  <rdf:Description rdf:about="http://dbpedia.org/resource/Diptych_of_Philip_de_Cro%C3%BF_with_The_Virgin_and_Child">
    <dcterms:subject rdf:resource="http://dbpedia.org/resource/Category:15th-century_paintings" />
  </rdf:Description>
  <rdf:Description rdf:about="http://dbpedia.org/resource/Altarpiece_of_the_Saints_John">
    <dcterms:subject rdf:resource="http://dbpedia.org/resource/Category:15th-century_paintings" />
  </rdf:Description>
  <rdf:Description rdf:about="http://dbpedia.org/resource/The_Ideal_City_(painting)">
    <dcterms:subject rdf:resource="http://dbpedia.org/resource/Category:15th-century_paintings" />
  </rdf:Description>
  <rdf:Description rdf:about="http://dbpedia.org/resource/Altarpiece_of_Saint_Barbara">
    <dcterms:subject rdf:resource="http://dbpedia.org/resource/Category:15th-century_paintings" />
  </rdf:Description>
  <rdf:Description rdf:about="http://wikidata.dbpedia.org/resource/Q8777480">
    <owl:sameAs rdf:resource="http://dbpedia.org/resource/Category:15th-century_paintings" />
  </rdf:Description>
  <rdf:Description rdf:about="http://bs.dbpedia.org/resource/Kategorija:15._vijek_umjetničke_slike">
    <owl:sameAs rdf:resource="http://dbpedia.org/resource/Category:15th-century_paintings" />
  </rdf:Description>
  <rdf:Description rdf:about="http://eo.dbpedia.org/resource/Kategorio:Pentraĵoj_de_la_15-a_jarcento">
    <owl:sameAs rdf:resource="http://dbpedia.org/resource/Category:15th-century_paintings" />
  </rdf:Description>
  <rdf:Description rdf:about="http://he.dbpedia.org/resource/קטגוריה:ציורים_מהמאה_ה-15">
    <owl:sameAs rdf:resource="http://dbpedia.org/resource/Category:15th-century_paintings" />
  </rdf:Description>
  <rdf:Description rdf:about="http://no.dbpedia.org/resource/Kategori:Malerier_fra_1400-tallet">
    <owl:sameAs rdf:resource="http://dbpedia.org/resource/Category:15th-century_paintings" />
  </rdf:Description>
  <rdf:Description rdf:about="http://ro.dbpedia.org/resource/Categorie:Picturi_ale_secolului_al_XV-lea">
    <owl:sameAs rdf:resource="http://dbpedia.org/resource/Category:15th-century_paintings" />
  </rdf:Description>
  <rdf:Description rdf:about="http://simple.dbpedia.org/resource/Category:15th_century_paintings">
    <owl:sameAs rdf:resource="http://dbpedia.org/resource/Category:15th-century_paintings" />
  </rdf:Description>
  <rdf:Description rdf:about="http://tr.dbpedia.org/resource/Kategori:15._yüzyıl_tabloları">
    <owl:sameAs rdf:resource="http://dbpedia.org/resource/Category:15th-century_paintings" />
  </rdf:Description>
</rdf:RDF>
