<?xml version="1.0" encoding="utf-8" ?>
<rdf:RDF
	xmlns:rdf="http://www.w3.org/1999/02/22-rdf-syntax-ns#"
	xmlns:rdfs="http://www.w3.org/2000/01/rdf-schema#"
	xmlns:owl="http://www.w3.org/2002/07/owl#"
	xmlns:dcterms="http://purl.org/dc/terms/"
	xmlns:dbpedia-owl="http://dbpedia.org/ontology/"
	xmlns:skos="http://www.w3.org/2004/02/skos/core#"
	xmlns:ns6="http://www.w3.org/ns/prov#" >
  <rdf:Description rdf:about="http://dbpedia.org/resource/Scotichronicon">
    <dcterms:subject rdf:resource="http://dbpedia.org/resource/Category:15th_century_in_Scotland" />
  </rdf:Description>
  <rdf:Description rdf:about="http://dbpedia.org/resource/Category:15th-century_Scottish_clan_battles">
    <skos:broader rdf:resource="http://dbpedia.org/resource/Category:15th_century_in_Scotland" />
  </rdf:Description>
  <rdf:Description rdf:about="http://dbpedia.org/resource/Category:Works_by_Robert_Henryson">
    <skos:broader rdf:resource="http://dbpedia.org/resource/Category:15th_century_in_Scotland" />
  </rdf:Description>
  <rdf:Description rdf:about="http://dbpedia.org/resource/Queen_Mary_Harp">
    <dcterms:subject rdf:resource="http://dbpedia.org/resource/Category:15th_century_in_Scotland" />
  </rdf:Description>
  <rdf:Description rdf:about="http://dbpedia.org/resource/Chaucer&#39;s_influence_on_fifteenth-century_Scottish_literature">
    <dcterms:subject rdf:resource="http://dbpedia.org/resource/Category:15th_century_in_Scotland" />
  </rdf:Description>
  <rdf:Description rdf:about="http://dbpedia.org/resource/Category:1430s_in_Scotland">
    <skos:broader rdf:resource="http://dbpedia.org/resource/Category:15th_century_in_Scotland" />
  </rdf:Description>
  <rdf:Description rdf:about="http://dbpedia.org/resource/Category:1470s_in_Scotland">
    <skos:broader rdf:resource="http://dbpedia.org/resource/Category:15th_century_in_Scotland" />
  </rdf:Description>
  <rdf:Description rdf:about="http://dbpedia.org/resource/Huntingtower_Castle">
    <dcterms:subject rdf:resource="http://dbpedia.org/resource/Category:15th_century_in_Scotland" />
  </rdf:Description>
  <rdf:Description rdf:about="http://dbpedia.org/resource/Lennox_Tower">
    <dcterms:subject rdf:resource="http://dbpedia.org/resource/Category:15th_century_in_Scotland" />
  </rdf:Description>
  <rdf:Description rdf:about="http://dbpedia.org/resource/Beggars_Badges">
    <dcterms:subject rdf:resource="http://dbpedia.org/resource/Category:15th_century_in_Scotland" />
  </rdf:Description>
  <rdf:Description rdf:about="http://dbpedia.org/resource/Category:1420s_in_Scotland">
    <skos:broader rdf:resource="http://dbpedia.org/resource/Category:15th_century_in_Scotland" />
  </rdf:Description>
  <rdf:Description rdf:about="http://dbpedia.org/resource/Category:1460s_in_Scotland">
    <skos:broader rdf:resource="http://dbpedia.org/resource/Category:15th_century_in_Scotland" />
  </rdf:Description>
  <rdf:Description rdf:about="http://dbpedia.org/resource/Category:1410s_in_Scotland">
    <skos:broader rdf:resource="http://dbpedia.org/resource/Category:15th_century_in_Scotland" />
  </rdf:Description>
  <rdf:Description rdf:about="http://dbpedia.org/resource/Category:1450s_in_Scotland">
    <skos:broader rdf:resource="http://dbpedia.org/resource/Category:15th_century_in_Scotland" />
  </rdf:Description>
  <rdf:Description rdf:about="http://dbpedia.org/resource/Category:1400s_in_Scotland">
    <skos:broader rdf:resource="http://dbpedia.org/resource/Category:15th_century_in_Scotland" />
  </rdf:Description>
  <rdf:Description rdf:about="http://dbpedia.org/resource/Category:1440s_in_Scotland">
    <skos:broader rdf:resource="http://dbpedia.org/resource/Category:15th_century_in_Scotland" />
  </rdf:Description>
  <rdf:Description rdf:about="http://dbpedia.org/resource/Category:1480s_in_Scotland">
    <skos:broader rdf:resource="http://dbpedia.org/resource/Category:15th_century_in_Scotland" />
  </rdf:Description>
  <rdf:Description rdf:about="http://dbpedia.org/resource/Category:15th_century_in_Scotland">
    <rdf:type rdf:resource="http://www.w3.org/2004/02/skos/core#Concept" />
    <owl:sameAs rdf:resource="http://www.wikidata.org/entity/Q7291342" />
    <owl:sameAs rdf:resource="http://es.dbpedia.org/resource/Categoría:Siglo_XV_en_Escocia" />
    <owl:sameAs rdf:resource="http://nn.dbpedia.org/resource/Kategori:1400-talet_i_Skottland" />
    <owl:sameAs rdf:resource="http://dbpedia.org/resource/Category:15th_century_in_Scotland" />
    <owl:sameAs rdf:resource="http://fa.dbpedia.org/resource/رده:اسکاتلند_در_سده_۱۵_(میلادی)" />
    <dbpedia-owl:wikiPageID rdf:datatype="http://www.w3.org/2001/XMLSchema#integer">7298197</dbpedia-owl:wikiPageID>
    <dbpedia-owl:wikiPageRevisionID rdf:datatype="http://www.w3.org/2001/XMLSchema#integer">491781756</dbpedia-owl:wikiPageRevisionID>
    <skos:broader rdf:resource="http://dbpedia.org/resource/Category:2nd_millennium_in_Scotland" />
    <skos:broader rdf:resource="http://dbpedia.org/resource/Category:15th_century_in_Europe" />
    <skos:broader rdf:resource="http://dbpedia.org/resource/Category:Centuries_in_Scotland" />
    <skos:broader rdf:resource="http://dbpedia.org/resource/Category:Scotland_in_the_Late_Middle_Ages" />
    <skos:broader rdf:resource="http://dbpedia.org/resource/Category:15th_century_by_country" />
    <skos:broader rdf:resource="http://dbpedia.org/resource/Category:Stuart_Scotland" />
    <rdfs:label xml:lang="en">15th century in Scotland</rdfs:label>
    <skos:prefLabel xml:lang="en">15th century in Scotland</skos:prefLabel>
    <ns6:wasDerivedFrom rdf:resource="http://en.wikipedia.org/wiki/Category:15th_century_in_Scotland?oldid=491781756" />
  </rdf:Description>
  <rdf:Description rdf:about="http://dbpedia.org/resource/Category:Years_of_the_15th_century_in_Scotland">
    <skos:broader rdf:resource="http://dbpedia.org/resource/Category:15th_century_in_Scotland" />
  </rdf:Description>
  <rdf:Description rdf:about="http://dbpedia.org/resource/Battle_of_Sauchieburn">
    <dcterms:subject rdf:resource="http://dbpedia.org/resource/Category:15th_century_in_Scotland" />
  </rdf:Description>
  <rdf:Description rdf:about="http://dbpedia.org/resource/Dumbarton_Collegiate_Church">
    <dcterms:subject rdf:resource="http://dbpedia.org/resource/Category:15th_century_in_Scotland" />
  </rdf:Description>
  <rdf:Description rdf:about="http://dbpedia.org/resource/Maitland_Manuscripts">
    <dcterms:subject rdf:resource="http://dbpedia.org/resource/Category:15th_century_in_Scotland" />
  </rdf:Description>
  <rdf:Description rdf:about="http://dbpedia.org/resource/The_Actes_and_Deidis_of_the_Illustre_and_Vallyeant_Campioun_Schir_William_Wallace">
    <dcterms:subject rdf:resource="http://dbpedia.org/resource/Category:15th_century_in_Scotland" />
  </rdf:Description>
  <rdf:Description rdf:about="http://dbpedia.org/resource/Missal_of_Arbuthnott">
    <dcterms:subject rdf:resource="http://dbpedia.org/resource/Category:15th_century_in_Scotland" />
  </rdf:Description>
  <rdf:Description rdf:about="http://dbpedia.org/resource/The_Kingis_Quair">
    <dcterms:subject rdf:resource="http://dbpedia.org/resource/Category:15th_century_in_Scotland" />
  </rdf:Description>
  <rdf:Description rdf:about="http://dbpedia.org/resource/Provan_Hall">
    <dcterms:subject rdf:resource="http://dbpedia.org/resource/Category:15th_century_in_Scotland" />
  </rdf:Description>
  <rdf:Description rdf:about="http://dbpedia.org/resource/Buke_of_the_Howlat">
    <dcterms:subject rdf:resource="http://dbpedia.org/resource/Category:15th_century_in_Scotland" />
  </rdf:Description>
  <rdf:Description rdf:about="http://dbpedia.org/resource/Category:1490s_in_Scotland">
    <skos:broader rdf:resource="http://dbpedia.org/resource/Category:15th_century_in_Scotland" />
  </rdf:Description>
  <rdf:Description rdf:about="http://dbpedia.org/resource/Category:House_of_Douglas_and_Angus">
    <skos:broader rdf:resource="http://dbpedia.org/resource/Category:15th_century_in_Scotland" />
  </rdf:Description>
  <rdf:Description rdf:about="http://dbpedia.org/resource/Evonium">
    <dcterms:subject rdf:resource="http://dbpedia.org/resource/Category:15th_century_in_Scotland" />
  </rdf:Description>
  <rdf:Description rdf:about="http://dbpedia.org/resource/Provand&#39;s_Lordship">
    <dcterms:subject rdf:resource="http://dbpedia.org/resource/Category:15th_century_in_Scotland" />
  </rdf:Description>
  <rdf:Description rdf:about="http://dbpedia.org/resource/The_Taill_of_the_Uponlandis_Mous_and_the_Burges_Mous">
    <dcterms:subject rdf:resource="http://dbpedia.org/resource/Category:15th_century_in_Scotland" />
  </rdf:Description>
  <rdf:Description rdf:about="http://dbpedia.org/resource/The_Wife_of_Auchtermuchty">
    <dcterms:subject rdf:resource="http://dbpedia.org/resource/Category:15th_century_in_Scotland" />
  </rdf:Description>
  <rdf:Description rdf:about="http://dbpedia.org/resource/Islay_Charter">
    <dcterms:subject rdf:resource="http://dbpedia.org/resource/Category:15th_century_in_Scotland" />
  </rdf:Description>
  <rdf:Description rdf:about="http://dbpedia.org/resource/Scottish_Marches">
    <dcterms:subject rdf:resource="http://dbpedia.org/resource/Category:15th_century_in_Scotland" />
  </rdf:Description>
  <rdf:Description rdf:about="http://dbpedia.org/resource/Lamont_Harp">
    <dcterms:subject rdf:resource="http://dbpedia.org/resource/Category:15th_century_in_Scotland" />
  </rdf:Description>
  <rdf:Description rdf:about="http://dbpedia.org/resource/The_Testament_of_Cresseid">
    <dcterms:subject rdf:resource="http://dbpedia.org/resource/Category:15th_century_in_Scotland" />
  </rdf:Description>
  <rdf:Description rdf:about="http://dbpedia.org/resource/Category:15th-century_Scottish_people">
    <skos:broader rdf:resource="http://dbpedia.org/resource/Category:15th_century_in_Scotland" />
  </rdf:Description>
  <rdf:Description rdf:about="http://dbpedia.org/resource/Category:Court_of_James_IV_of_Scotland">
    <skos:broader rdf:resource="http://dbpedia.org/resource/Category:15th_century_in_Scotland" />
  </rdf:Description>
  <rdf:Description rdf:about="http://dbpedia.org/resource/Gentleman_Usher_of_the_White_Rod">
    <dcterms:subject rdf:resource="http://dbpedia.org/resource/Category:15th_century_in_Scotland" />
  </rdf:Description>
  <rdf:Description rdf:about="http://dbpedia.org/resource/Glenmasan_manuscript">
    <dcterms:subject rdf:resource="http://dbpedia.org/resource/Category:15th_century_in_Scotland" />
  </rdf:Description>
  <rdf:Description rdf:about="http://dbpedia.org/resource/Trinity_Altarpiece">
    <dcterms:subject rdf:resource="http://dbpedia.org/resource/Category:15th_century_in_Scotland" />
  </rdf:Description>
  <rdf:Description rdf:about="http://wikidata.dbpedia.org/resource/Q6316721">
    <owl:sameAs rdf:resource="http://dbpedia.org/resource/Category:15th_century_in_Scotland" />
  </rdf:Description>
  <rdf:Description rdf:about="http://es.dbpedia.org/resource/Categoría:Siglo_XV_en_Escocia">
    <owl:sameAs rdf:resource="http://dbpedia.org/resource/Category:15th_century_in_Scotland" />
  </rdf:Description>
  <rdf:Description rdf:about="http://fa.dbpedia.org/resource/رده:اسکاتلند_در_سده_۱۵_(میلادی)">
    <owl:sameAs rdf:resource="http://dbpedia.org/resource/Category:15th_century_in_Scotland" />
  </rdf:Description>
  <rdf:Description rdf:about="http://nn.dbpedia.org/resource/Kategori:1400-talet_i_Skottland">
    <owl:sameAs rdf:resource="http://dbpedia.org/resource/Category:15th_century_in_Scotland" />
  </rdf:Description>
</rdf:RDF>
