<?xml version="1.0" encoding="utf-8" ?>
<rdf:RDF
	xmlns:rdf="http://www.w3.org/1999/02/22-rdf-syntax-ns#"
	xmlns:rdfs="http://www.w3.org/2000/01/rdf-schema#"
	xmlns:owl="http://www.w3.org/2002/07/owl#"
	xmlns:dcterms="http://purl.org/dc/terms/"
	xmlns:dbpedia-owl="http://dbpedia.org/ontology/"
	xmlns:skos="http://www.w3.org/2004/02/skos/core#"
	xmlns:ns6="http://www.w3.org/ns/prov#" >
  <rdf:Description rdf:about="http://dbpedia.org/resource/Christ_and_St._Thomas_(Verrocchio)">
    <dcterms:subject rdf:resource="http://dbpedia.org/resource/Category:15th-century_sculptures" />
  </rdf:Description>
  <rdf:Description rdf:about="http://dbpedia.org/resource/Crucifix_(Michelangelo)">
    <dcterms:subject rdf:resource="http://dbpedia.org/resource/Category:15th-century_sculptures" />
  </rdf:Description>
  <rdf:Description rdf:about="http://dbpedia.org/resource/Cupid_(Michelangelo)">
    <dcterms:subject rdf:resource="http://dbpedia.org/resource/Category:15th-century_sculptures" />
  </rdf:Description>
  <rdf:Description rdf:about="http://dbpedia.org/resource/Head_of_a_Faun">
    <dcterms:subject rdf:resource="http://dbpedia.org/resource/Category:15th-century_sculptures" />
  </rdf:Description>
  <rdf:Description rdf:about="http://dbpedia.org/resource/Madonna_of_the_Stairs">
    <dcterms:subject rdf:resource="http://dbpedia.org/resource/Category:15th-century_sculptures" />
  </rdf:Description>
  <rdf:Description rdf:about="http://dbpedia.org/resource/St._Proclus_(Michelangelo)">
    <dcterms:subject rdf:resource="http://dbpedia.org/resource/Category:15th-century_sculptures" />
  </rdf:Description>
  <rdf:Description rdf:about="http://dbpedia.org/resource/Seated_Bishop">
    <dcterms:subject rdf:resource="http://dbpedia.org/resource/Category:15th-century_sculptures" />
  </rdf:Description>
  <rdf:Description rdf:about="http://dbpedia.org/resource/Sedes_Sapientiae,_Leuven">
    <dcterms:subject rdf:resource="http://dbpedia.org/resource/Category:15th-century_sculptures" />
  </rdf:Description>
  <rdf:Description rdf:about="http://dbpedia.org/resource/St._John_the_Baptist_(Ghiberti)">
    <dcterms:subject rdf:resource="http://dbpedia.org/resource/Category:15th-century_sculptures" />
  </rdf:Description>
  <rdf:Description rdf:about="http://dbpedia.org/resource/Category:15th-century_sculptures">
    <rdf:type rdf:resource="http://www.w3.org/2004/02/skos/core#Concept" />
    <owl:sameAs rdf:resource="http://ko.dbpedia.org/resource/분류:15세기_조각_작품" />
    <owl:sameAs rdf:resource="http://fr.dbpedia.org/resource/Catégorie:Sculpture_du_XVe_siècle" />
    <owl:sameAs rdf:resource="http://dbpedia.org/resource/Category:15th-century_sculptures" />
    <owl:sameAs rdf:resource="http://de.dbpedia.org/resource/Kategorie:Skulptur_(15._Jahrhundert)" />
    <owl:sameAs rdf:resource="http://www.wikidata.org/entity/Q8096517" />
    <owl:sameAs rdf:resource="http://es.dbpedia.org/resource/Categoría:Escultura_del_siglo_XV" />
    <dbpedia-owl:wikiPageID rdf:datatype="http://www.w3.org/2001/XMLSchema#integer">26887229</dbpedia-owl:wikiPageID>
    <dbpedia-owl:wikiPageRevisionID rdf:datatype="http://www.w3.org/2001/XMLSchema#integer">546556704</dbpedia-owl:wikiPageRevisionID>
    <skos:broader rdf:resource="http://dbpedia.org/resource/Category:15th-century_works" />
    <skos:broader rdf:resource="http://dbpedia.org/resource/Category:Sculptures_by_century" />
    <rdfs:label xml:lang="en">15th-century sculptures</rdfs:label>
    <skos:prefLabel xml:lang="en">15th-century sculptures</skos:prefLabel>
    <ns6:wasDerivedFrom rdf:resource="http://en.wikipedia.org/wiki/Category:15th-century_sculptures?oldid=546556704" />
  </rdf:Description>
  <rdf:Description rdf:about="http://dbpedia.org/resource/Piccolomini_Altarpiece">
    <dcterms:subject rdf:resource="http://dbpedia.org/resource/Category:15th-century_sculptures" />
  </rdf:Description>
  <rdf:Description rdf:about="http://dbpedia.org/resource/Category:Sculptures_by_Donatello">
    <skos:broader rdf:resource="http://dbpedia.org/resource/Category:15th-century_sculptures" />
  </rdf:Description>
  <rdf:Description rdf:about="http://dbpedia.org/resource/Angel_(Michelangelo)">
    <dcterms:subject rdf:resource="http://dbpedia.org/resource/Category:15th-century_sculptures" />
  </rdf:Description>
  <rdf:Description rdf:about="http://dbpedia.org/resource/Battle_of_the_Centaurs_(Michelangelo)">
    <dcterms:subject rdf:resource="http://dbpedia.org/resource/Category:15th-century_sculptures" />
  </rdf:Description>
  <rdf:Description rdf:about="http://dbpedia.org/resource/Tabernacle_of_the_Linaioli">
    <dcterms:subject rdf:resource="http://dbpedia.org/resource/Category:15th-century_sculptures" />
  </rdf:Description>
  <rdf:Description rdf:about="http://dbpedia.org/resource/Category:1404_sculptures">
    <skos:broader rdf:resource="http://dbpedia.org/resource/Category:15th-century_sculptures" />
  </rdf:Description>
  <rdf:Description rdf:about="http://dbpedia.org/resource/Category:1453_sculptures">
    <skos:broader rdf:resource="http://dbpedia.org/resource/Category:15th-century_sculptures" />
  </rdf:Description>
  <rdf:Description rdf:about="http://dbpedia.org/resource/Category:1497_sculptures">
    <skos:broader rdf:resource="http://dbpedia.org/resource/Category:15th-century_sculptures" />
  </rdf:Description>
  <rdf:Description rdf:about="http://dbpedia.org/resource/St._Petronius_(Michelangelo)">
    <dcterms:subject rdf:resource="http://dbpedia.org/resource/Category:15th-century_sculptures" />
  </rdf:Description>
  <rdf:Description rdf:about="http://dbpedia.org/resource/David_(Verrocchio)">
    <dcterms:subject rdf:resource="http://dbpedia.org/resource/Category:15th-century_sculptures" />
  </rdf:Description>
  <rdf:Description rdf:about="http://dbpedia.org/resource/Piet%C3%A0_(Michelangelo)">
    <dcterms:subject rdf:resource="http://dbpedia.org/resource/Category:15th-century_sculptures" />
  </rdf:Description>
  <rdf:Description rdf:about="http://fr.dbpedia.org/resource/Catégorie:Sculpture_du_XVe_siècle">
    <owl:sameAs rdf:resource="http://dbpedia.org/resource/Category:15th-century_sculptures" />
  </rdf:Description>
  <rdf:Description rdf:about="http://de.dbpedia.org/resource/Kategorie:Skulptur_(15._Jahrhundert)">
    <owl:sameAs rdf:resource="http://dbpedia.org/resource/Category:15th-century_sculptures" />
  </rdf:Description>
  <rdf:Description rdf:about="http://es.dbpedia.org/resource/Categoría:Escultura_del_siglo_XV">
    <owl:sameAs rdf:resource="http://dbpedia.org/resource/Category:15th-century_sculptures" />
  </rdf:Description>
  <rdf:Description rdf:about="http://ko.dbpedia.org/resource/분류:15세기_조각_작품">
    <owl:sameAs rdf:resource="http://dbpedia.org/resource/Category:15th-century_sculptures" />
  </rdf:Description>
  <rdf:Description rdf:about="http://dbpedia.org/resource/Fonte_Gaia">
    <dcterms:subject rdf:resource="http://dbpedia.org/resource/Category:15th-century_sculptures" />
  </rdf:Description>
  <rdf:Description rdf:about="http://wikidata.dbpedia.org/resource/Q8096517">
    <owl:sameAs rdf:resource="http://dbpedia.org/resource/Category:15th-century_sculptures" />
  </rdf:Description>
</rdf:RDF>
