<?xml version="1.0" encoding="utf-8" ?>
<rdf:RDF
	xmlns:rdf="http://www.w3.org/1999/02/22-rdf-syntax-ns#"
	xmlns:rdfs="http://www.w3.org/2000/01/rdf-schema#"
	xmlns:owl="http://www.w3.org/2002/07/owl#"
	xmlns:dcterms="http://purl.org/dc/terms/"
	xmlns:dbpedia-owl="http://dbpedia.org/ontology/"
	xmlns:skos="http://www.w3.org/2004/02/skos/core#"
	xmlns:ns6="http://www.w3.org/ns/prov#" >
  <rdf:Description rdf:about="http://dbpedia.org/resource/Category:1600s_paintings">
    <rdf:type rdf:resource="http://www.w3.org/2004/02/skos/core#Concept" />
    <owl:sameAs rdf:resource="http://www.wikidata.org/entity/Q7028820" />
    <owl:sameAs rdf:resource="http://no.dbpedia.org/resource/Kategori:Malerier_fra_1600-årene" />
    <owl:sameAs rdf:resource="http://ro.dbpedia.org/resource/Categorie:Picturi_ale_anilor_1600" />
    <owl:sameAs rdf:resource="http://es.dbpedia.org/resource/Categoría:Cuadros_de_los_años_1600" />
    <owl:sameAs rdf:resource="http://th.dbpedia.org/resource/หมวดหมู่:จิตรกรรมในคริสต์ทศวรรษ_1600" />
    <owl:sameAs rdf:resource="http://dbpedia.org/resource/Category:1600s_paintings" />
    <dbpedia-owl:wikiPageID rdf:datatype="http://www.w3.org/2001/XMLSchema#integer">5615007</dbpedia-owl:wikiPageID>
    <dbpedia-owl:wikiPageRevisionID rdf:datatype="http://www.w3.org/2001/XMLSchema#integer">544423928</dbpedia-owl:wikiPageRevisionID>
    <rdfs:label xml:lang="en">1600s paintings</rdfs:label>
    <skos:prefLabel xml:lang="en">1600s paintings</skos:prefLabel>
    <ns6:wasDerivedFrom rdf:resource="http://en.wikipedia.org/wiki/Category:1600s_paintings?oldid=544423928" />
  </rdf:Description>
  <rdf:Description rdf:about="http://dbpedia.org/resource/Death_of_the_Virgin_(Caravaggio)">
    <dcterms:subject rdf:resource="http://dbpedia.org/resource/Category:1600s_paintings" />
  </rdf:Description>
  <rdf:Description rdf:about="http://dbpedia.org/resource/Saint_Francis_in_Prayer_(Caravaggio)">
    <dcterms:subject rdf:resource="http://dbpedia.org/resource/Category:1600s_paintings" />
  </rdf:Description>
  <rdf:Description rdf:about="http://dbpedia.org/resource/The_Calling_of_Saints_Peter_and_Andrew">
    <dcterms:subject rdf:resource="http://dbpedia.org/resource/Category:1600s_paintings" />
  </rdf:Description>
  <rdf:Description rdf:about="http://dbpedia.org/resource/The_Entombment_of_Christ_(Caravaggio)">
    <dcterms:subject rdf:resource="http://dbpedia.org/resource/Category:1600s_paintings" />
  </rdf:Description>
  <rdf:Description rdf:about="http://dbpedia.org/resource/Saint_Francis_in_Meditation_(Caravaggio)">
    <dcterms:subject rdf:resource="http://dbpedia.org/resource/Category:1600s_paintings" />
  </rdf:Description>
  <rdf:Description rdf:about="http://dbpedia.org/resource/The_Inspiration_of_the_Poet">
    <dcterms:subject rdf:resource="http://dbpedia.org/resource/Category:1600s_paintings" />
  </rdf:Description>
  <rdf:Description rdf:about="http://dbpedia.org/resource/David_with_the_Head_of_Goliath">
    <dcterms:subject rdf:resource="http://dbpedia.org/resource/Category:1600s_paintings" />
  </rdf:Description>
  <rdf:Description rdf:about="http://dbpedia.org/resource/Domine_quo_vadis%3F_(Annibale_Carracci)">
    <dcterms:subject rdf:resource="http://dbpedia.org/resource/Category:1600s_paintings" />
  </rdf:Description>
  <rdf:Description rdf:about="http://dbpedia.org/resource/The_Crowning_with_Thorns_(Prato)">
    <dcterms:subject rdf:resource="http://dbpedia.org/resource/Category:1600s_paintings" />
  </rdf:Description>
  <rdf:Description rdf:about="http://dbpedia.org/resource/Amor_Vincit_Omnia_(Caravaggio)">
    <dcterms:subject rdf:resource="http://dbpedia.org/resource/Category:1600s_paintings" />
  </rdf:Description>
  <rdf:Description rdf:about="http://dbpedia.org/resource/Madonna_di_Loreto_(Caravaggio)">
    <dcterms:subject rdf:resource="http://dbpedia.org/resource/Category:1600s_paintings" />
  </rdf:Description>
  <rdf:Description rdf:about="http://dbpedia.org/resource/Portrait_of_Fra_Antonio_Martelli_(Caravaggio)">
    <dcterms:subject rdf:resource="http://dbpedia.org/resource/Category:1600s_paintings" />
  </rdf:Description>
  <rdf:Description rdf:about="http://dbpedia.org/resource/Saint_Jerome_Writing">
    <dcterms:subject rdf:resource="http://dbpedia.org/resource/Category:1600s_paintings" />
  </rdf:Description>
  <rdf:Description rdf:about="http://dbpedia.org/resource/Salome_with_the_Head_of_John_the_Baptist_(Caravaggio),_Madrid">
    <dcterms:subject rdf:resource="http://dbpedia.org/resource/Category:1600s_paintings" />
  </rdf:Description>
  <rdf:Description rdf:about="http://dbpedia.org/resource/The_Flight_into_Egypt_(Annibale_Carracci)">
    <dcterms:subject rdf:resource="http://dbpedia.org/resource/Category:1600s_paintings" />
  </rdf:Description>
  <rdf:Description rdf:about="http://dbpedia.org/resource/Christ_at_the_Column_(Caravaggio)">
    <dcterms:subject rdf:resource="http://dbpedia.org/resource/Category:1600s_paintings" />
  </rdf:Description>
  <rdf:Description rdf:about="http://dbpedia.org/resource/Madonna_and_Child_with_St._Anne_(Dei_Palafrenieri)">
    <dcterms:subject rdf:resource="http://dbpedia.org/resource/Category:1600s_paintings" />
  </rdf:Description>
  <rdf:Description rdf:about="http://dbpedia.org/resource/The_Incredulity_of_Saint_Thomas_(Caravaggio)">
    <dcterms:subject rdf:resource="http://dbpedia.org/resource/Category:1600s_paintings" />
  </rdf:Description>
  <rdf:Description rdf:about="http://dbpedia.org/resource/Quadroni_of_St._Charles">
    <dcterms:subject rdf:resource="http://dbpedia.org/resource/Category:1600s_paintings" />
  </rdf:Description>
  <rdf:Description rdf:about="http://dbpedia.org/resource/Still_Life_with_Fruit_(Caravaggio)">
    <dcterms:subject rdf:resource="http://dbpedia.org/resource/Category:1600s_paintings" />
  </rdf:Description>
  <rdf:Description rdf:about="http://dbpedia.org/resource/Portrait_of_Pope_Paul_V">
    <dcterms:subject rdf:resource="http://dbpedia.org/resource/Category:1600s_paintings" />
  </rdf:Description>
  <rdf:Description rdf:about="http://dbpedia.org/resource/Saint_Jerome_in_Meditation_(Caravaggio)">
    <dcterms:subject rdf:resource="http://dbpedia.org/resource/Category:1600s_paintings" />
  </rdf:Description>
  <rdf:Description rdf:about="http://dbpedia.org/resource/The_Crowning_with_Thorns_(Caravaggio)">
    <dcterms:subject rdf:resource="http://dbpedia.org/resource/Category:1600s_paintings" />
  </rdf:Description>
  <rdf:Description rdf:about="http://dbpedia.org/resource/Christ_on_the_Mount_of_Olives_(Caravaggio)">
    <dcterms:subject rdf:resource="http://dbpedia.org/resource/Category:1600s_paintings" />
  </rdf:Description>
  <rdf:Description rdf:about="http://dbpedia.org/resource/The_Rest_on_the_Flight_into_Egypt_(Mola)">
    <dcterms:subject rdf:resource="http://dbpedia.org/resource/Category:1600s_paintings" />
  </rdf:Description>
  <rdf:Description rdf:about="http://dbpedia.org/resource/Honeysuckle_Bower">
    <dcterms:subject rdf:resource="http://dbpedia.org/resource/Category:1600s_paintings" />
  </rdf:Description>
  <rdf:Description rdf:about="http://dbpedia.org/resource/The_Seven_Works_of_Mercy_(Caravaggio)">
    <dcterms:subject rdf:resource="http://dbpedia.org/resource/Category:1600s_paintings" />
  </rdf:Description>
  <rdf:Description rdf:about="http://dbpedia.org/resource/Assumption_of_the_Virgin_(Carracci)">
    <dcterms:subject rdf:resource="http://dbpedia.org/resource/Category:1600s_paintings" />
  </rdf:Description>
  <rdf:Description rdf:about="http://dbpedia.org/resource/Saint_George_and_the_Dragon_(Rubens)">
    <dcterms:subject rdf:resource="http://dbpedia.org/resource/Category:1600s_paintings" />
  </rdf:Description>
  <rdf:Description rdf:about="http://dbpedia.org/resource/The_Cholmondeley_Ladies">
    <dcterms:subject rdf:resource="http://dbpedia.org/resource/Category:1600s_paintings" />
  </rdf:Description>
  <rdf:Description rdf:about="http://dbpedia.org/resource/The_Raising_of_Lazarus_(Caravaggio)">
    <dcterms:subject rdf:resource="http://dbpedia.org/resource/Category:1600s_paintings" />
  </rdf:Description>
  <rdf:Description rdf:about="http://dbpedia.org/resource/Saint_Jerome_Writing_(Valletta)">
    <dcterms:subject rdf:resource="http://dbpedia.org/resource/Category:1600s_paintings" />
  </rdf:Description>
  <rdf:Description rdf:about="http://dbpedia.org/resource/The_Gonzaga_Family_in_Adoration_of_the_Holy_Trinity">
    <dcterms:subject rdf:resource="http://dbpedia.org/resource/Category:1600s_paintings" />
  </rdf:Description>
  <rdf:Description rdf:about="http://dbpedia.org/resource/Portrait_of_Alof_de_Wignacourt_and_his_Page">
    <dcterms:subject rdf:resource="http://dbpedia.org/resource/Category:1600s_paintings" />
  </rdf:Description>
  <rdf:Description rdf:about="http://dbpedia.org/resource/Artist_in_his_studio">
    <dcterms:subject rdf:resource="http://dbpedia.org/resource/Category:1600s_paintings" />
  </rdf:Description>
  <rdf:Description rdf:about="http://es.dbpedia.org/resource/Categoría:Cuadros_de_los_años_1600">
    <owl:sameAs rdf:resource="http://dbpedia.org/resource/Category:1600s_paintings" />
  </rdf:Description>
  <rdf:Description rdf:about="http://wikidata.dbpedia.org/resource/Q7028820">
    <owl:sameAs rdf:resource="http://dbpedia.org/resource/Category:1600s_paintings" />
  </rdf:Description>
  <rdf:Description rdf:about="http://no.dbpedia.org/resource/Kategori:Malerier_fra_1600-årene">
    <owl:sameAs rdf:resource="http://dbpedia.org/resource/Category:1600s_paintings" />
  </rdf:Description>
  <rdf:Description rdf:about="http://ro.dbpedia.org/resource/Categorie:Picturi_ale_anilor_1600">
    <owl:sameAs rdf:resource="http://dbpedia.org/resource/Category:1600s_paintings" />
  </rdf:Description>
  <rdf:Description rdf:about="http://th.dbpedia.org/resource/หมวดหมู่:จิตรกรรมในคริสต์ทศวรรษ_1600">
    <owl:sameAs rdf:resource="http://dbpedia.org/resource/Category:1600s_paintings" />
  </rdf:Description>
</rdf:RDF>
