<?xml version="1.0" encoding="utf-8" ?>
<rdf:RDF
	xmlns:rdf="http://www.w3.org/1999/02/22-rdf-syntax-ns#"
	xmlns:rdfs="http://www.w3.org/2000/01/rdf-schema#"
	xmlns:owl="http://www.w3.org/2002/07/owl#"
	xmlns:dcterms="http://purl.org/dc/terms/"
	xmlns:dbpedia-owl="http://dbpedia.org/ontology/"
	xmlns:skos="http://www.w3.org/2004/02/skos/core#"
	xmlns:ns6="http://www.w3.org/ns/prov#" >
  <rdf:Description rdf:about="http://dbpedia.org/resource/Madonna_of_the_Rosary_(Caravaggio)">
    <dcterms:subject rdf:resource="http://dbpedia.org/resource/Category:1607_paintings" />
  </rdf:Description>
  <rdf:Description rdf:about="http://dbpedia.org/resource/David_with_the_Head_of_Goliath_(Caravaggio),_Vienna">
    <dcterms:subject rdf:resource="http://dbpedia.org/resource/Category:1607_paintings" />
  </rdf:Description>
  <rdf:Description rdf:about="http://dbpedia.org/resource/The_Flagellation_of_Christ_(Caravaggio)">
    <dcterms:subject rdf:resource="http://dbpedia.org/resource/Category:1607_paintings" />
  </rdf:Description>
  <rdf:Description rdf:about="http://dbpedia.org/resource/Salome_with_the_Head_of_John_the_Baptist_(Caravaggio),_London">
    <dcterms:subject rdf:resource="http://dbpedia.org/resource/Category:1607_paintings" />
  </rdf:Description>
  <rdf:Description rdf:about="http://dbpedia.org/resource/Category:1607_paintings">
    <rdf:type rdf:resource="http://www.w3.org/2004/02/skos/core#Concept" />
    <owl:sameAs rdf:resource="http://www.wikidata.org/entity/Q8096859" />
    <owl:sameAs rdf:resource="http://es.dbpedia.org/resource/Categoría:Cuadros_de_1607" />
    <owl:sameAs rdf:resource="http://ru.dbpedia.org/resource/Категория:Картины_1607_года" />
    <owl:sameAs rdf:resource="http://dbpedia.org/resource/Category:1607_paintings" />
    <owl:sameAs rdf:resource="http://ro.dbpedia.org/resource/Categorie:Picturi_din_1607" />
    <dbpedia-owl:wikiPageID rdf:datatype="http://www.w3.org/2001/XMLSchema#integer">5642424</dbpedia-owl:wikiPageID>
    <dbpedia-owl:wikiPageRevisionID rdf:datatype="http://www.w3.org/2001/XMLSchema#integer">546558010</dbpedia-owl:wikiPageRevisionID>
    <rdfs:label xml:lang="en">1607 paintings</rdfs:label>
    <skos:prefLabel xml:lang="en">1607 paintings</skos:prefLabel>
    <ns6:wasDerivedFrom rdf:resource="http://en.wikipedia.org/wiki/Category:1607_paintings?oldid=546558010" />
  </rdf:Description>
  <rdf:Description rdf:about="http://dbpedia.org/resource/The_Crucifixion_of_Saint_Andrew_(Caravaggio)">
    <dcterms:subject rdf:resource="http://dbpedia.org/resource/Category:1607_paintings" />
  </rdf:Description>
  <rdf:Description rdf:about="http://dbpedia.org/resource/Susanna_and_the_Elders_(Rubens)">
    <dcterms:subject rdf:resource="http://dbpedia.org/resource/Category:1607_paintings" />
  </rdf:Description>
  <rdf:Description rdf:about="http://es.dbpedia.org/resource/Categoría:Cuadros_de_1607">
    <owl:sameAs rdf:resource="http://dbpedia.org/resource/Category:1607_paintings" />
  </rdf:Description>
  <rdf:Description rdf:about="http://ru.dbpedia.org/resource/Категория:Картины_1607_года">
    <owl:sameAs rdf:resource="http://dbpedia.org/resource/Category:1607_paintings" />
  </rdf:Description>
  <rdf:Description rdf:about="http://wikidata.dbpedia.org/resource/Q8096859">
    <owl:sameAs rdf:resource="http://dbpedia.org/resource/Category:1607_paintings" />
  </rdf:Description>
  <rdf:Description rdf:about="http://ro.dbpedia.org/resource/Categorie:Picturi_din_1607">
    <owl:sameAs rdf:resource="http://dbpedia.org/resource/Category:1607_paintings" />
  </rdf:Description>
</rdf:RDF>
