<?xml version="1.0" encoding="utf-8" ?>
<rdf:RDF
	xmlns:rdf="http://www.w3.org/1999/02/22-rdf-syntax-ns#"
	xmlns:rdfs="http://www.w3.org/2000/01/rdf-schema#"
	xmlns:owl="http://www.w3.org/2002/07/owl#"
	xmlns:dcterms="http://purl.org/dc/terms/"
	xmlns:dbpedia-owl="http://dbpedia.org/ontology/"
	xmlns:skos="http://www.w3.org/2004/02/skos/core#"
	xmlns:ns6="http://www.w3.org/ns/prov#" >
  <rdf:Description rdf:about="http://dbpedia.org/resource/Christ_Driving_the_Money_Changers_from_the_Temple_(El_Greco,_Madrid)">
    <dcterms:subject rdf:resource="http://dbpedia.org/resource/Category:1609_paintings" />
  </rdf:Description>
  <rdf:Description rdf:about="http://dbpedia.org/resource/The_Flight_into_Egypt_(Elsheimer)">
    <dcterms:subject rdf:resource="http://dbpedia.org/resource/Category:1609_paintings" />
  </rdf:Description>
  <rdf:Description rdf:about="http://dbpedia.org/resource/The_Adoration_of_the_Shepherds_(El_Greco)">
    <dcterms:subject rdf:resource="http://dbpedia.org/resource/Category:1609_paintings" />
  </rdf:Description>
  <rdf:Description rdf:about="http://dbpedia.org/resource/Category:1609_paintings">
    <rdf:type rdf:resource="http://www.w3.org/2004/02/skos/core#Concept" />
    <owl:sameAs rdf:resource="http://ru.dbpedia.org/resource/Категория:Картины_1609_года" />
    <owl:sameAs rdf:resource="http://dbpedia.org/resource/Category:1609_paintings" />
    <owl:sameAs rdf:resource="http://www.wikidata.org/entity/Q8096922" />
    <owl:sameAs rdf:resource="http://uk.dbpedia.org/resource/Категорія:Картини_1609_року" />
    <owl:sameAs rdf:resource="http://es.dbpedia.org/resource/Categoría:Cuadros_de_1609" />
    <dbpedia-owl:wikiPageID rdf:datatype="http://www.w3.org/2001/XMLSchema#integer">5530867</dbpedia-owl:wikiPageID>
    <dbpedia-owl:wikiPageRevisionID rdf:datatype="http://www.w3.org/2001/XMLSchema#integer">546558369</dbpedia-owl:wikiPageRevisionID>
    <rdfs:label xml:lang="en">1609 paintings</rdfs:label>
    <skos:prefLabel xml:lang="en">1609 paintings</skos:prefLabel>
    <ns6:wasDerivedFrom rdf:resource="http://en.wikipedia.org/wiki/Category:1609_paintings?oldid=546558369" />
  </rdf:Description>
  <rdf:Description rdf:about="http://ru.dbpedia.org/resource/Категория:Картины_1609_года">
    <owl:sameAs rdf:resource="http://dbpedia.org/resource/Category:1609_paintings" />
  </rdf:Description>
  <rdf:Description rdf:about="http://dbpedia.org/resource/Nativity_with_St._Francis_and_St._Lawrence">
    <dcterms:subject rdf:resource="http://dbpedia.org/resource/Category:1609_paintings" />
  </rdf:Description>
  <rdf:Description rdf:about="http://dbpedia.org/resource/Adoration_of_the_Shepherds_(Caravaggio)">
    <dcterms:subject rdf:resource="http://dbpedia.org/resource/Category:1609_paintings" />
  </rdf:Description>
  <rdf:Description rdf:about="http://es.dbpedia.org/resource/Categoría:Cuadros_de_1609">
    <owl:sameAs rdf:resource="http://dbpedia.org/resource/Category:1609_paintings" />
  </rdf:Description>
  <rdf:Description rdf:about="http://wikidata.dbpedia.org/resource/Q8096922">
    <owl:sameAs rdf:resource="http://dbpedia.org/resource/Category:1609_paintings" />
  </rdf:Description>
  <rdf:Description rdf:about="http://uk.dbpedia.org/resource/Категорія:Картини_1609_року">
    <owl:sameAs rdf:resource="http://dbpedia.org/resource/Category:1609_paintings" />
  </rdf:Description>
</rdf:RDF>
