<?xml version="1.0" encoding="utf-8" ?>
<rdf:RDF
	xmlns:rdf="http://www.w3.org/1999/02/22-rdf-syntax-ns#"
	xmlns:rdfs="http://www.w3.org/2000/01/rdf-schema#"
	xmlns:owl="http://www.w3.org/2002/07/owl#"
	xmlns:dcterms="http://purl.org/dc/terms/"
	xmlns:dbpedia-owl="http://dbpedia.org/ontology/"
	xmlns:skos="http://www.w3.org/2004/02/skos/core#"
	xmlns:ns6="http://www.w3.org/ns/prov#" >
  <rdf:Description rdf:about="http://dbpedia.org/resource/Opening_of_the_Fifth_Seal">
    <dcterms:subject rdf:resource="http://dbpedia.org/resource/Category:1610s_paintings" />
  </rdf:Description>
  <rdf:Description rdf:about="http://dbpedia.org/resource/Laoco%C3%B6n_(El_Greco)">
    <dcterms:subject rdf:resource="http://dbpedia.org/resource/Category:1610s_paintings" />
  </rdf:Description>
  <rdf:Description rdf:about="http://dbpedia.org/resource/Category:1610s_paintings">
    <rdf:type rdf:resource="http://www.w3.org/2004/02/skos/core#Concept" />
    <owl:sameAs rdf:resource="http://es.dbpedia.org/resource/Categoría:Cuadros_de_los_años_1610" />
    <owl:sameAs rdf:resource="http://dbpedia.org/resource/Category:1610s_paintings" />
    <owl:sameAs rdf:resource="http://no.dbpedia.org/resource/Kategori:Malerier_fra_1610-årene" />
    <owl:sameAs rdf:resource="http://th.dbpedia.org/resource/หมวดหมู่:จิตรกรรมในคริสต์ทศวรรษ_1610" />
    <owl:sameAs rdf:resource="http://www.wikidata.org/entity/Q7028828" />
    <dbpedia-owl:wikiPageID rdf:datatype="http://www.w3.org/2001/XMLSchema#integer">5615037</dbpedia-owl:wikiPageID>
    <dbpedia-owl:wikiPageRevisionID rdf:datatype="http://www.w3.org/2001/XMLSchema#integer">544424019</dbpedia-owl:wikiPageRevisionID>
    <rdfs:label xml:lang="en">1610s paintings</rdfs:label>
    <skos:prefLabel xml:lang="en">1610s paintings</skos:prefLabel>
    <ns6:wasDerivedFrom rdf:resource="http://en.wikipedia.org/wiki/Category:1610s_paintings?oldid=544424019" />
  </rdf:Description>
  <rdf:Description rdf:about="http://es.dbpedia.org/resource/Categoría:Cuadros_de_los_años_1610">
    <owl:sameAs rdf:resource="http://dbpedia.org/resource/Category:1610s_paintings" />
  </rdf:Description>
  <rdf:Description rdf:about="http://wikidata.dbpedia.org/resource/Q7028828">
    <owl:sameAs rdf:resource="http://dbpedia.org/resource/Category:1610s_paintings" />
  </rdf:Description>
  <rdf:Description rdf:about="http://no.dbpedia.org/resource/Kategori:Malerier_fra_1610-årene">
    <owl:sameAs rdf:resource="http://dbpedia.org/resource/Category:1610s_paintings" />
  </rdf:Description>
  <rdf:Description rdf:about="http://th.dbpedia.org/resource/หมวดหมู่:จิตรกรรมในคริสต์ทศวรรษ_1610">
    <owl:sameAs rdf:resource="http://dbpedia.org/resource/Category:1610s_paintings" />
  </rdf:Description>
</rdf:RDF>
