<?xml version="1.0" encoding="utf-8" ?>
<rdf:RDF
	xmlns:rdf="http://www.w3.org/1999/02/22-rdf-syntax-ns#"
	xmlns:rdfs="http://www.w3.org/2000/01/rdf-schema#"
	xmlns:owl="http://www.w3.org/2002/07/owl#"
	xmlns:dcterms="http://purl.org/dc/terms/"
	xmlns:dbpedia-owl="http://dbpedia.org/ontology/"
	xmlns:skos="http://www.w3.org/2004/02/skos/core#"
	xmlns:ns6="http://www.w3.org/ns/prov#" >
  <rdf:Description rdf:about="http://dbpedia.org/resource/Category:1612_paintings">
    <rdf:type rdf:resource="http://www.w3.org/2004/02/skos/core#Concept" />
    <owl:sameAs rdf:resource="http://dbpedia.org/resource/Category:1612_paintings" />
    <owl:sameAs rdf:resource="http://es.dbpedia.org/resource/Categoría:Cuadros_de_1612" />
    <owl:sameAs rdf:resource="http://www.wikidata.org/entity/Q8097067" />
    <dbpedia-owl:wikiPageID rdf:datatype="http://www.w3.org/2001/XMLSchema#integer">30543660</dbpedia-owl:wikiPageID>
    <dbpedia-owl:wikiPageRevisionID rdf:datatype="http://www.w3.org/2001/XMLSchema#integer">546802215</dbpedia-owl:wikiPageRevisionID>
    <rdfs:label xml:lang="en">1612 paintings</rdfs:label>
    <skos:prefLabel xml:lang="en">1612 paintings</skos:prefLabel>
    <ns6:wasDerivedFrom rdf:resource="http://en.wikipedia.org/wiki/Category:1612_paintings?oldid=546802215" />
  </rdf:Description>
  <rdf:Description rdf:about="http://dbpedia.org/resource/Judith_Slaying_Holofernes_(Artemisia_Gentileschi)">
    <dcterms:subject rdf:resource="http://dbpedia.org/resource/Category:1612_paintings" />
  </rdf:Description>
  <rdf:Description rdf:about="http://dbpedia.org/resource/Massacre_of_the_Innocents_(Rubens)">
    <dcterms:subject rdf:resource="http://dbpedia.org/resource/Category:1612_paintings" />
  </rdf:Description>
  <rdf:Description rdf:about="http://es.dbpedia.org/resource/Categoría:Cuadros_de_1612">
    <owl:sameAs rdf:resource="http://dbpedia.org/resource/Category:1612_paintings" />
  </rdf:Description>
  <rdf:Description rdf:about="http://wikidata.dbpedia.org/resource/Q8097067">
    <owl:sameAs rdf:resource="http://dbpedia.org/resource/Category:1612_paintings" />
  </rdf:Description>
</rdf:RDF>
