<?xml version="1.0" encoding="utf-8" ?>
<rdf:RDF
	xmlns:rdf="http://www.w3.org/1999/02/22-rdf-syntax-ns#"
	xmlns:rdfs="http://www.w3.org/2000/01/rdf-schema#"
	xmlns:owl="http://www.w3.org/2002/07/owl#"
	xmlns:dcterms="http://purl.org/dc/terms/"
	xmlns:dbpedia-owl="http://dbpedia.org/ontology/"
	xmlns:skos="http://www.w3.org/2004/02/skos/core#"
	xmlns:ns6="http://www.w3.org/ns/prov#" >
  <rdf:Description rdf:about="http://dbpedia.org/resource/Category:1620s_paintings">
    <rdf:type rdf:resource="http://www.w3.org/2004/02/skos/core#Concept" />
    <owl:sameAs rdf:resource="http://th.dbpedia.org/resource/หมวดหมู่:จิตรกรรมในคริสต์ทศวรรษ_1620" />
    <owl:sameAs rdf:resource="http://dbpedia.org/resource/Category:1620s_paintings" />
    <owl:sameAs rdf:resource="http://www.wikidata.org/entity/Q7028824" />
    <owl:sameAs rdf:resource="http://ko.dbpedia.org/resource/분류:1620년대_회화_작품" />
    <owl:sameAs rdf:resource="http://es.dbpedia.org/resource/Categoría:Cuadros_de_los_años_1620" />
    <dbpedia-owl:wikiPageID rdf:datatype="http://www.w3.org/2001/XMLSchema#integer">5615283</dbpedia-owl:wikiPageID>
    <dbpedia-owl:wikiPageRevisionID rdf:datatype="http://www.w3.org/2001/XMLSchema#integer">544424391</dbpedia-owl:wikiPageRevisionID>
    <rdfs:label xml:lang="en">1620s paintings</rdfs:label>
    <skos:prefLabel xml:lang="en">1620s paintings</skos:prefLabel>
    <ns6:wasDerivedFrom rdf:resource="http://en.wikipedia.org/wiki/Category:1620s_paintings?oldid=544424391" />
  </rdf:Description>
  <rdf:Description rdf:about="http://dbpedia.org/resource/Saint_John_the_Evangelist_(Domenichino)">
    <dcterms:subject rdf:resource="http://dbpedia.org/resource/Category:1620s_paintings" />
  </rdf:Description>
  <rdf:Description rdf:about="http://dbpedia.org/resource/The_Procuress_(Dirck_van_Baburen)">
    <dcterms:subject rdf:resource="http://dbpedia.org/resource/Category:1620s_paintings" />
  </rdf:Description>
  <rdf:Description rdf:about="http://dbpedia.org/resource/The_Waterseller_of_Seville_(Vel%C3%A1zquez)">
    <dcterms:subject rdf:resource="http://dbpedia.org/resource/Category:1620s_paintings" />
  </rdf:Description>
  <rdf:Description rdf:about="http://ko.dbpedia.org/resource/분류:1620년대_회화_작품">
    <owl:sameAs rdf:resource="http://dbpedia.org/resource/Category:1620s_paintings" />
  </rdf:Description>
  <rdf:Description rdf:about="http://dbpedia.org/resource/Mecklenburg_Ancestral_Table">
    <dcterms:subject rdf:resource="http://dbpedia.org/resource/Category:1620s_paintings" />
  </rdf:Description>
  <rdf:Description rdf:about="http://es.dbpedia.org/resource/Categoría:Cuadros_de_los_años_1620">
    <owl:sameAs rdf:resource="http://dbpedia.org/resource/Category:1620s_paintings" />
  </rdf:Description>
  <rdf:Description rdf:about="http://wikidata.dbpedia.org/resource/Q7028824">
    <owl:sameAs rdf:resource="http://dbpedia.org/resource/Category:1620s_paintings" />
  </rdf:Description>
  <rdf:Description rdf:about="http://th.dbpedia.org/resource/หมวดหมู่:จิตรกรรมในคริสต์ทศวรรษ_1620">
    <owl:sameAs rdf:resource="http://dbpedia.org/resource/Category:1620s_paintings" />
  </rdf:Description>
</rdf:RDF>
