<?xml version="1.0" encoding="utf-8" ?>
<rdf:RDF
	xmlns:rdf="http://www.w3.org/1999/02/22-rdf-syntax-ns#"
	xmlns:rdfs="http://www.w3.org/2000/01/rdf-schema#"
	xmlns:owl="http://www.w3.org/2002/07/owl#"
	xmlns:dcterms="http://purl.org/dc/terms/"
	xmlns:dbpedia-owl="http://dbpedia.org/ontology/"
	xmlns:skos="http://www.w3.org/2004/02/skos/core#"
	xmlns:ns6="http://www.w3.org/ns/prov#" >
  <rdf:Description rdf:about="http://dbpedia.org/resource/La_mulata">
    <dcterms:subject rdf:resource="http://dbpedia.org/resource/Category:1623_paintings" />
  </rdf:Description>
  <rdf:Description rdf:about="http://dbpedia.org/resource/Portrait_of_Philip_IV_in_Armour">
    <dcterms:subject rdf:resource="http://dbpedia.org/resource/Category:1623_paintings" />
  </rdf:Description>
  <rdf:Description rdf:about="http://dbpedia.org/resource/Prometheus_Being_Chained_by_Vulcan">
    <dcterms:subject rdf:resource="http://dbpedia.org/resource/Category:1623_paintings" />
  </rdf:Description>
  <rdf:Description rdf:about="http://dbpedia.org/resource/Category:1623_paintings">
    <rdf:type rdf:resource="http://www.w3.org/2004/02/skos/core#Concept" />
    <owl:sameAs rdf:resource="http://dbpedia.org/resource/Category:1623_paintings" />
    <owl:sameAs rdf:resource="http://www.wikidata.org/entity/Q8097422" />
    <dbpedia-owl:wikiPageID rdf:datatype="http://www.w3.org/2001/XMLSchema#integer">5621213</dbpedia-owl:wikiPageID>
    <dbpedia-owl:wikiPageRevisionID rdf:datatype="http://www.w3.org/2001/XMLSchema#integer">207393875</dbpedia-owl:wikiPageRevisionID>
    <rdfs:label xml:lang="en">1623 paintings</rdfs:label>
    <skos:prefLabel xml:lang="en">1623 paintings</skos:prefLabel>
    <ns6:wasDerivedFrom rdf:resource="http://en.wikipedia.org/wiki/Category:1623_paintings?oldid=207393875" />
  </rdf:Description>
  <rdf:Description rdf:about="http://dbpedia.org/resource/The_Burial_of_St._Petronilla">
    <dcterms:subject rdf:resource="http://dbpedia.org/resource/Category:1623_paintings" />
  </rdf:Description>
  <rdf:Description rdf:about="http://wikidata.dbpedia.org/resource/Q8097422">
    <owl:sameAs rdf:resource="http://dbpedia.org/resource/Category:1623_paintings" />
  </rdf:Description>
</rdf:RDF>
