<?xml version="1.0" encoding="utf-8" ?>
<rdf:RDF
	xmlns:rdf="http://www.w3.org/1999/02/22-rdf-syntax-ns#"
	xmlns:rdfs="http://www.w3.org/2000/01/rdf-schema#"
	xmlns:owl="http://www.w3.org/2002/07/owl#"
	xmlns:dcterms="http://purl.org/dc/terms/"
	xmlns:dbpedia-owl="http://dbpedia.org/ontology/"
	xmlns:skos="http://www.w3.org/2004/02/skos/core#"
	xmlns:ns6="http://www.w3.org/ns/prov#" >
  <rdf:Description rdf:about="http://dbpedia.org/resource/Category:1630_paintings">
    <rdf:type rdf:resource="http://www.w3.org/2004/02/skos/core#Concept" />
    <owl:sameAs rdf:resource="http://ru.dbpedia.org/resource/Категория:Картины_1630_года" />
    <owl:sameAs rdf:resource="http://www.wikidata.org/entity/Q8097653" />
    <owl:sameAs rdf:resource="http://es.dbpedia.org/resource/Categoría:Cuadros_de_1630" />
    <owl:sameAs rdf:resource="http://dbpedia.org/resource/Category:1630_paintings" />
    <dbpedia-owl:wikiPageID rdf:datatype="http://www.w3.org/2001/XMLSchema#integer">21922665</dbpedia-owl:wikiPageID>
    <dbpedia-owl:wikiPageRevisionID rdf:datatype="http://www.w3.org/2001/XMLSchema#integer">546560574</dbpedia-owl:wikiPageRevisionID>
    <rdfs:label xml:lang="en">1630 paintings</rdfs:label>
    <skos:prefLabel xml:lang="en">1630 paintings</skos:prefLabel>
    <ns6:wasDerivedFrom rdf:resource="http://en.wikipedia.org/wiki/Category:1630_paintings?oldid=546560574" />
  </rdf:Description>
  <rdf:Description rdf:about="http://dbpedia.org/resource/Portrait_of_Maria_Anna">
    <dcterms:subject rdf:resource="http://dbpedia.org/resource/Category:1630_paintings" />
  </rdf:Description>
  <rdf:Description rdf:about="http://ru.dbpedia.org/resource/Категория:Картины_1630_года">
    <owl:sameAs rdf:resource="http://dbpedia.org/resource/Category:1630_paintings" />
  </rdf:Description>
  <rdf:Description rdf:about="http://dbpedia.org/resource/Joseph&#39;s_Tunic">
    <dcterms:subject rdf:resource="http://dbpedia.org/resource/Category:1630_paintings" />
  </rdf:Description>
  <rdf:Description rdf:about="http://dbpedia.org/resource/Apollo_in_the_Forge_of_Vulcan">
    <dcterms:subject rdf:resource="http://dbpedia.org/resource/Category:1630_paintings" />
  </rdf:Description>
  <rdf:Description rdf:about="http://dbpedia.org/resource/The_Fortune_Teller_(de_La_Tour)">
    <dcterms:subject rdf:resource="http://dbpedia.org/resource/Category:1630_paintings" />
  </rdf:Description>
  <rdf:Description rdf:about="http://es.dbpedia.org/resource/Categoría:Cuadros_de_1630">
    <owl:sameAs rdf:resource="http://dbpedia.org/resource/Category:1630_paintings" />
  </rdf:Description>
  <rdf:Description rdf:about="http://wikidata.dbpedia.org/resource/Q8097653">
    <owl:sameAs rdf:resource="http://dbpedia.org/resource/Category:1630_paintings" />
  </rdf:Description>
</rdf:RDF>
