<?xml version="1.0" encoding="utf-8" ?>
<rdf:RDF
	xmlns:rdf="http://www.w3.org/1999/02/22-rdf-syntax-ns#"
	xmlns:rdfs="http://www.w3.org/2000/01/rdf-schema#"
	xmlns:owl="http://www.w3.org/2002/07/owl#"
	xmlns:dcterms="http://purl.org/dc/terms/"
	xmlns:dbpedia-owl="http://dbpedia.org/ontology/"
	xmlns:skos="http://www.w3.org/2004/02/skos/core#"
	xmlns:ns6="http://www.w3.org/ns/prov#" >
  <rdf:Description rdf:about="http://dbpedia.org/resource/The_Adoration_of_the_Golden_Calf">
    <dcterms:subject rdf:resource="http://dbpedia.org/resource/Category:1634_paintings" />
  </rdf:Description>
  <rdf:Description rdf:about="http://dbpedia.org/resource/Equestrian_Portrait_of_Margarita_of_Austria">
    <dcterms:subject rdf:resource="http://dbpedia.org/resource/Category:1634_paintings" />
  </rdf:Description>
  <rdf:Description rdf:about="http://dbpedia.org/resource/Equestrian_Portrait_of_the_Count-Duke_of_Olivares">
    <dcterms:subject rdf:resource="http://dbpedia.org/resource/Category:1634_paintings" />
  </rdf:Description>
  <rdf:Description rdf:about="http://dbpedia.org/resource/Artemisia_(Rembrandt)">
    <dcterms:subject rdf:resource="http://dbpedia.org/resource/Category:1634_paintings" />
  </rdf:Description>
  <rdf:Description rdf:about="http://dbpedia.org/resource/The_Crossing_of_the_Red_Sea_(Poussin)">
    <dcterms:subject rdf:resource="http://dbpedia.org/resource/Category:1634_paintings" />
  </rdf:Description>
  <rdf:Description rdf:about="http://dbpedia.org/resource/Category:1634_paintings">
    <rdf:type rdf:resource="http://www.w3.org/2004/02/skos/core#Concept" />
    <owl:sameAs rdf:resource="http://www.wikidata.org/entity/Q8097854" />
    <owl:sameAs rdf:resource="http://dbpedia.org/resource/Category:1634_paintings" />
    <owl:sameAs rdf:resource="http://ru.dbpedia.org/resource/Категория:Картины_1634_года" />
    <owl:sameAs rdf:resource="http://es.dbpedia.org/resource/Categoría:Cuadros_de_1634" />
    <dbpedia-owl:wikiPageID rdf:datatype="http://www.w3.org/2001/XMLSchema#integer">8583910</dbpedia-owl:wikiPageID>
    <dbpedia-owl:wikiPageRevisionID rdf:datatype="http://www.w3.org/2001/XMLSchema#integer">546616827</dbpedia-owl:wikiPageRevisionID>
    <rdfs:label xml:lang="en">1634 paintings</rdfs:label>
    <skos:prefLabel xml:lang="en">1634 paintings</skos:prefLabel>
    <ns6:wasDerivedFrom rdf:resource="http://en.wikipedia.org/wiki/Category:1634_paintings?oldid=546616827" />
  </rdf:Description>
  <rdf:Description rdf:about="http://ru.dbpedia.org/resource/Категория:Картины_1634_года">
    <owl:sameAs rdf:resource="http://dbpedia.org/resource/Category:1634_paintings" />
  </rdf:Description>
  <rdf:Description rdf:about="http://dbpedia.org/resource/The_Surrender_of_Breda">
    <dcterms:subject rdf:resource="http://dbpedia.org/resource/Category:1634_paintings" />
  </rdf:Description>
  <rdf:Description rdf:about="http://dbpedia.org/resource/Do%C3%B1a_Antonia_de_Ipe%C3%B1arrieta_y_Gald%C3%B3s_and_Her_Son_Don_Luis">
    <dcterms:subject rdf:resource="http://dbpedia.org/resource/Category:1634_paintings" />
  </rdf:Description>
  <rdf:Description rdf:about="http://dbpedia.org/resource/Portrait_of_a_Man_Rising_from_His_Chair">
    <dcterms:subject rdf:resource="http://dbpedia.org/resource/Category:1634_paintings" />
  </rdf:Description>
  <rdf:Description rdf:about="http://es.dbpedia.org/resource/Categoría:Cuadros_de_1634">
    <owl:sameAs rdf:resource="http://dbpedia.org/resource/Category:1634_paintings" />
  </rdf:Description>
  <rdf:Description rdf:about="http://dbpedia.org/resource/Battle_Between_Carnival_and_Lent">
    <dcterms:subject rdf:resource="http://dbpedia.org/resource/Category:1634_paintings" />
  </rdf:Description>
  <rdf:Description rdf:about="http://wikidata.dbpedia.org/resource/Q8097854">
    <owl:sameAs rdf:resource="http://dbpedia.org/resource/Category:1634_paintings" />
  </rdf:Description>
</rdf:RDF>
