<?xml version="1.0" encoding="utf-8" ?>
<rdf:RDF
	xmlns:rdf="http://www.w3.org/1999/02/22-rdf-syntax-ns#"
	xmlns:rdfs="http://www.w3.org/2000/01/rdf-schema#"
	xmlns:owl="http://www.w3.org/2002/07/owl#"
	xmlns:dcterms="http://purl.org/dc/terms/"
	xmlns:dbpedia-owl="http://dbpedia.org/ontology/"
	xmlns:skos="http://www.w3.org/2004/02/skos/core#"
	xmlns:ns6="http://www.w3.org/ns/prov#" >
  <rdf:Description rdf:about="http://dbpedia.org/resource/Category:1631_paintings">
    <rdf:type rdf:resource="http://www.w3.org/2004/02/skos/core#Concept" />
    <owl:sameAs rdf:resource="http://www.wikidata.org/entity/Q8097746" />
    <owl:sameAs rdf:resource="http://dbpedia.org/resource/Category:1631_paintings" />
    <owl:sameAs rdf:resource="http://es.dbpedia.org/resource/Categoría:Cuadros_de_1631" />
    <dbpedia-owl:wikiPageID rdf:datatype="http://www.w3.org/2001/XMLSchema#integer">21936431</dbpedia-owl:wikiPageID>
    <dbpedia-owl:wikiPageRevisionID rdf:datatype="http://www.w3.org/2001/XMLSchema#integer">546728976</dbpedia-owl:wikiPageRevisionID>
    <rdfs:label xml:lang="en">1631 paintings</rdfs:label>
    <skos:prefLabel xml:lang="en">1631 paintings</skos:prefLabel>
    <ns6:wasDerivedFrom rdf:resource="http://en.wikipedia.org/wiki/Category:1631_paintings?oldid=546728976" />
  </rdf:Description>
  <rdf:Description rdf:about="http://dbpedia.org/resource/Andromeda_Chained_to_the_Rocks_(Rembrandt)">
    <dcterms:subject rdf:resource="http://dbpedia.org/resource/Category:1631_paintings" />
  </rdf:Description>
  <rdf:Description rdf:about="http://dbpedia.org/resource/Prince_Balthasar_Charles_With_a_Dwarf">
    <dcterms:subject rdf:resource="http://dbpedia.org/resource/Category:1631_paintings" />
  </rdf:Description>
  <rdf:Description rdf:about="http://dbpedia.org/resource/Last_Supper_(Rubens)">
    <dcterms:subject rdf:resource="http://dbpedia.org/resource/Category:1631_paintings" />
  </rdf:Description>
  <rdf:Description rdf:about="http://dbpedia.org/resource/The_Proposition_(painting)">
    <dcterms:subject rdf:resource="http://dbpedia.org/resource/Category:1631_paintings" />
  </rdf:Description>
  <rdf:Description rdf:about="http://es.dbpedia.org/resource/Categoría:Cuadros_de_1631">
    <owl:sameAs rdf:resource="http://dbpedia.org/resource/Category:1631_paintings" />
  </rdf:Description>
  <rdf:Description rdf:about="http://wikidata.dbpedia.org/resource/Q8097746">
    <owl:sameAs rdf:resource="http://dbpedia.org/resource/Category:1631_paintings" />
  </rdf:Description>
</rdf:RDF>
