<?xml version="1.0" encoding="utf-8" ?>
<rdf:RDF
	xmlns:rdf="http://www.w3.org/1999/02/22-rdf-syntax-ns#"
	xmlns:rdfs="http://www.w3.org/2000/01/rdf-schema#"
	xmlns:owl="http://www.w3.org/2002/07/owl#"
	xmlns:dcterms="http://purl.org/dc/terms/"
	xmlns:dbpedia-owl="http://dbpedia.org/ontology/"
	xmlns:skos="http://www.w3.org/2004/02/skos/core#"
	xmlns:ns6="http://www.w3.org/ns/prov#" >
  <rdf:Description rdf:about="http://dbpedia.org/resource/Dana%C3%AB_(Rembrandt_painting)">
    <dcterms:subject rdf:resource="http://dbpedia.org/resource/Category:1636_paintings" />
  </rdf:Description>
  <rdf:Description rdf:about="http://dbpedia.org/resource/Saint_Apollonia_(Zurbar%C3%A1n)">
    <dcterms:subject rdf:resource="http://dbpedia.org/resource/Category:1636_paintings" />
  </rdf:Description>
  <rdf:Description rdf:about="http://dbpedia.org/resource/V%C3%A4dersolstavlan">
    <dcterms:subject rdf:resource="http://dbpedia.org/resource/Category:1636_paintings" />
  </rdf:Description>
  <rdf:Description rdf:about="http://dbpedia.org/resource/Category:1636_paintings">
    <rdf:type rdf:resource="http://www.w3.org/2004/02/skos/core#Concept" />
    <owl:sameAs rdf:resource="http://es.dbpedia.org/resource/Categoría:Cuadros_de_1636" />
    <owl:sameAs rdf:resource="http://dbpedia.org/resource/Category:1636_paintings" />
    <owl:sameAs rdf:resource="http://uk.dbpedia.org/resource/Категорія:Картини_1636_року" />
    <owl:sameAs rdf:resource="http://www.wikidata.org/entity/Q8097916" />
    <owl:sameAs rdf:resource="http://zh.dbpedia.org/resource/Category:1636年畫作" />
    <dbpedia-owl:wikiPageID rdf:datatype="http://www.w3.org/2001/XMLSchema#integer">19628744</dbpedia-owl:wikiPageID>
    <dbpedia-owl:wikiPageRevisionID rdf:datatype="http://www.w3.org/2001/XMLSchema#integer">546561030</dbpedia-owl:wikiPageRevisionID>
    <rdfs:label xml:lang="en">1636 paintings</rdfs:label>
    <skos:prefLabel xml:lang="en">1636 paintings</skos:prefLabel>
    <ns6:wasDerivedFrom rdf:resource="http://en.wikipedia.org/wiki/Category:1636_paintings?oldid=546561030" />
  </rdf:Description>
  <rdf:Description rdf:about="http://dbpedia.org/resource/A_Dance_to_the_Music_of_Time_(painting)">
    <dcterms:subject rdf:resource="http://dbpedia.org/resource/Category:1636_paintings" />
  </rdf:Description>
  <rdf:Description rdf:about="http://dbpedia.org/resource/Equestrian_Portrait_of_Philip_IV">
    <dcterms:subject rdf:resource="http://dbpedia.org/resource/Category:1636_paintings" />
  </rdf:Description>
  <rdf:Description rdf:about="http://dbpedia.org/resource/Portrait_of_Juan_Mart%C3%ADnez_Monta%C3%B1%C3%A9s">
    <dcterms:subject rdf:resource="http://dbpedia.org/resource/Category:1636_paintings" />
  </rdf:Description>
  <rdf:Description rdf:about="http://dbpedia.org/resource/Equestrian_Portrait_of_Elisabeth_of_France">
    <dcterms:subject rdf:resource="http://dbpedia.org/resource/Category:1636_paintings" />
  </rdf:Description>
  <rdf:Description rdf:about="http://dbpedia.org/resource/The_Judgement_of_Paris_(Rubens)">
    <dcterms:subject rdf:resource="http://dbpedia.org/resource/Category:1636_paintings" />
  </rdf:Description>
  <rdf:Description rdf:about="http://es.dbpedia.org/resource/Categoría:Cuadros_de_1636">
    <owl:sameAs rdf:resource="http://dbpedia.org/resource/Category:1636_paintings" />
  </rdf:Description>
  <rdf:Description rdf:about="http://wikidata.dbpedia.org/resource/Q8097916">
    <owl:sameAs rdf:resource="http://dbpedia.org/resource/Category:1636_paintings" />
  </rdf:Description>
  <rdf:Description rdf:about="http://zh.dbpedia.org/resource/Category:1636年畫作">
    <owl:sameAs rdf:resource="http://dbpedia.org/resource/Category:1636_paintings" />
  </rdf:Description>
  <rdf:Description rdf:about="http://uk.dbpedia.org/resource/Категорія:Картини_1636_року">
    <owl:sameAs rdf:resource="http://dbpedia.org/resource/Category:1636_paintings" />
  </rdf:Description>
</rdf:RDF>
