<?xml version="1.0" encoding="utf-8" ?>
<rdf:RDF
	xmlns:rdf="http://www.w3.org/1999/02/22-rdf-syntax-ns#"
	xmlns:rdfs="http://www.w3.org/2000/01/rdf-schema#"
	xmlns:owl="http://www.w3.org/2002/07/owl#"
	xmlns:dcterms="http://purl.org/dc/terms/"
	xmlns:dbpedia-owl="http://dbpedia.org/ontology/"
	xmlns:skos="http://www.w3.org/2004/02/skos/core#"
	xmlns:ns6="http://www.w3.org/ns/prov#" >
  <rdf:Description rdf:about="http://dbpedia.org/resource/Category:1642_paintings">
    <rdf:type rdf:resource="http://www.w3.org/2004/02/skos/core#Concept" />
    <owl:sameAs rdf:resource="http://dbpedia.org/resource/Category:1642_paintings" />
    <owl:sameAs rdf:resource="http://es.dbpedia.org/resource/Categoría:Cuadros_de_1642" />
    <owl:sameAs rdf:resource="http://bs.dbpedia.org/resource/Kategorija:Umjetničke_slike_nastale_1642" />
    <owl:sameAs rdf:resource="http://ko.dbpedia.org/resource/분류:1642년_회화_작품" />
    <owl:sameAs rdf:resource="http://www.wikidata.org/entity/Q8098199" />
    <owl:sameAs rdf:resource="http://no.dbpedia.org/resource/Kategori:Malerier_fra_1642" />
    <owl:sameAs rdf:resource="http://da.dbpedia.org/resource/Kategori:Malerier_fra_1642" />
    <owl:sameAs rdf:resource="http://ru.dbpedia.org/resource/Категория:Картины_1642_года" />
    <owl:sameAs rdf:resource="http://tr.dbpedia.org/resource/Kategori:1642_tabloları" />
    <dbpedia-owl:wikiPageID rdf:datatype="http://www.w3.org/2001/XMLSchema#integer">5419669</dbpedia-owl:wikiPageID>
    <dbpedia-owl:wikiPageRevisionID rdf:datatype="http://www.w3.org/2001/XMLSchema#integer">546561886</dbpedia-owl:wikiPageRevisionID>
    <rdfs:label xml:lang="en">1642 paintings</rdfs:label>
    <skos:prefLabel xml:lang="en">1642 paintings</skos:prefLabel>
    <ns6:wasDerivedFrom rdf:resource="http://en.wikipedia.org/wiki/Category:1642_paintings?oldid=546561886" />
  </rdf:Description>
  <rdf:Description rdf:about="http://ko.dbpedia.org/resource/분류:1642년_회화_작품">
    <owl:sameAs rdf:resource="http://dbpedia.org/resource/Category:1642_paintings" />
  </rdf:Description>
  <rdf:Description rdf:about="http://dbpedia.org/resource/The_Clubfoot">
    <dcterms:subject rdf:resource="http://dbpedia.org/resource/Category:1642_paintings" />
  </rdf:Description>
  <rdf:Description rdf:about="http://ru.dbpedia.org/resource/Категория:Картины_1642_года">
    <owl:sameAs rdf:resource="http://dbpedia.org/resource/Category:1642_paintings" />
  </rdf:Description>
  <rdf:Description rdf:about="http://dbpedia.org/resource/The_Night_Watch">
    <dcterms:subject rdf:resource="http://dbpedia.org/resource/Category:1642_paintings" />
  </rdf:Description>
  <rdf:Description rdf:about="http://es.dbpedia.org/resource/Categoría:Cuadros_de_1642">
    <owl:sameAs rdf:resource="http://dbpedia.org/resource/Category:1642_paintings" />
  </rdf:Description>
  <rdf:Description rdf:about="http://wikidata.dbpedia.org/resource/Q8098199">
    <owl:sameAs rdf:resource="http://dbpedia.org/resource/Category:1642_paintings" />
  </rdf:Description>
  <rdf:Description rdf:about="http://bs.dbpedia.org/resource/Kategorija:Umjetničke_slike_nastale_1642">
    <owl:sameAs rdf:resource="http://dbpedia.org/resource/Category:1642_paintings" />
  </rdf:Description>
  <rdf:Description rdf:about="http://da.dbpedia.org/resource/Kategori:Malerier_fra_1642">
    <owl:sameAs rdf:resource="http://dbpedia.org/resource/Category:1642_paintings" />
  </rdf:Description>
  <rdf:Description rdf:about="http://no.dbpedia.org/resource/Kategori:Malerier_fra_1642">
    <owl:sameAs rdf:resource="http://dbpedia.org/resource/Category:1642_paintings" />
  </rdf:Description>
  <rdf:Description rdf:about="http://tr.dbpedia.org/resource/Kategori:1642_tabloları">
    <owl:sameAs rdf:resource="http://dbpedia.org/resource/Category:1642_paintings" />
  </rdf:Description>
</rdf:RDF>
