<?xml version="1.0" encoding="utf-8" ?>
<rdf:RDF
	xmlns:rdf="http://www.w3.org/1999/02/22-rdf-syntax-ns#"
	xmlns:rdfs="http://www.w3.org/2000/01/rdf-schema#"
	xmlns:owl="http://www.w3.org/2002/07/owl#"
	xmlns:dcterms="http://purl.org/dc/terms/"
	xmlns:dbpedia-owl="http://dbpedia.org/ontology/"
	xmlns:skos="http://www.w3.org/2004/02/skos/core#"
	xmlns:ns6="http://www.w3.org/ns/prov#" >
  <rdf:Description rdf:about="http://dbpedia.org/resource/Category:1650_paintings">
    <rdf:type rdf:resource="http://www.w3.org/2004/02/skos/core#Concept" />
    <owl:sameAs rdf:resource="http://es.dbpedia.org/resource/Categoría:Cuadros_de_1650" />
    <owl:sameAs rdf:resource="http://www.wikidata.org/entity/Q8098444" />
    <owl:sameAs rdf:resource="http://dbpedia.org/resource/Category:1650_paintings" />
    <dbpedia-owl:wikiPageID rdf:datatype="http://www.w3.org/2001/XMLSchema#integer">21939251</dbpedia-owl:wikiPageID>
    <dbpedia-owl:wikiPageRevisionID rdf:datatype="http://www.w3.org/2001/XMLSchema#integer">546562404</dbpedia-owl:wikiPageRevisionID>
    <rdfs:label xml:lang="en">1650 paintings</rdfs:label>
    <skos:prefLabel xml:lang="en">1650 paintings</skos:prefLabel>
    <ns6:wasDerivedFrom rdf:resource="http://en.wikipedia.org/wiki/Category:1650_paintings?oldid=546562404" />
  </rdf:Description>
  <rdf:Description rdf:about="http://dbpedia.org/resource/Portrait_of_Innocent_X">
    <dcterms:subject rdf:resource="http://dbpedia.org/resource/Category:1650_paintings" />
  </rdf:Description>
  <rdf:Description rdf:about="http://es.dbpedia.org/resource/Categoría:Cuadros_de_1650">
    <owl:sameAs rdf:resource="http://dbpedia.org/resource/Category:1650_paintings" />
  </rdf:Description>
  <rdf:Description rdf:about="http://wikidata.dbpedia.org/resource/Q8098444">
    <owl:sameAs rdf:resource="http://dbpedia.org/resource/Category:1650_paintings" />
  </rdf:Description>
</rdf:RDF>
