<?xml version="1.0" encoding="utf-8" ?>
<rdf:RDF
	xmlns:rdf="http://www.w3.org/1999/02/22-rdf-syntax-ns#"
	xmlns:rdfs="http://www.w3.org/2000/01/rdf-schema#"
	xmlns:owl="http://www.w3.org/2002/07/owl#"
	xmlns:dcterms="http://purl.org/dc/terms/"
	xmlns:dbpedia-owl="http://dbpedia.org/ontology/"
	xmlns:skos="http://www.w3.org/2004/02/skos/core#"
	xmlns:ns6="http://www.w3.org/ns/prov#" >
  <rdf:Description rdf:about="http://dbpedia.org/resource/Girl_Reading_a_Letter_at_an_Open_Window">
    <dcterms:subject rdf:resource="http://dbpedia.org/resource/Category:1659_paintings" />
  </rdf:Description>
  <rdf:Description rdf:about="http://dbpedia.org/resource/Infanta_Margarita_Teresa_in_a_Blue_Dress">
    <dcterms:subject rdf:resource="http://dbpedia.org/resource/Category:1659_paintings" />
  </rdf:Description>
  <rdf:Description rdf:about="http://dbpedia.org/resource/Category:1659_paintings">
    <rdf:type rdf:resource="http://www.w3.org/2004/02/skos/core#Concept" />
    <owl:sameAs rdf:resource="http://pt.dbpedia.org/resource/Categoria:Pinturas_de_1659" />
    <owl:sameAs rdf:resource="http://www.wikidata.org/entity/Q8098799" />
    <owl:sameAs rdf:resource="http://dbpedia.org/resource/Category:1659_paintings" />
    <owl:sameAs rdf:resource="http://es.dbpedia.org/resource/Categoría:Cuadros_de_1659" />
    <dbpedia-owl:wikiPageID rdf:datatype="http://www.w3.org/2001/XMLSchema#integer">21937025</dbpedia-owl:wikiPageID>
    <dbpedia-owl:wikiPageRevisionID rdf:datatype="http://www.w3.org/2001/XMLSchema#integer">546563974</dbpedia-owl:wikiPageRevisionID>
    <rdfs:label xml:lang="en">1659 paintings</rdfs:label>
    <skos:prefLabel xml:lang="en">1659 paintings</skos:prefLabel>
    <ns6:wasDerivedFrom rdf:resource="http://en.wikipedia.org/wiki/Category:1659_paintings?oldid=546563974" />
  </rdf:Description>
  <rdf:Description rdf:about="http://dbpedia.org/resource/Self_Portrait_with_Beret_and_Turned-Up_Collar">
    <dcterms:subject rdf:resource="http://dbpedia.org/resource/Category:1659_paintings" />
  </rdf:Description>
  <rdf:Description rdf:about="http://dbpedia.org/resource/Portrait_of_Prince_Philip_Prospero">
    <dcterms:subject rdf:resource="http://dbpedia.org/resource/Category:1659_paintings" />
  </rdf:Description>
  <rdf:Description rdf:about="http://pt.dbpedia.org/resource/Categoria:Pinturas_de_1659">
    <owl:sameAs rdf:resource="http://dbpedia.org/resource/Category:1659_paintings" />
  </rdf:Description>
  <rdf:Description rdf:about="http://es.dbpedia.org/resource/Categoría:Cuadros_de_1659">
    <owl:sameAs rdf:resource="http://dbpedia.org/resource/Category:1659_paintings" />
  </rdf:Description>
  <rdf:Description rdf:about="http://wikidata.dbpedia.org/resource/Q8098799">
    <owl:sameAs rdf:resource="http://dbpedia.org/resource/Category:1659_paintings" />
  </rdf:Description>
</rdf:RDF>
