<?xml version="1.0" encoding="utf-8" ?>
<rdf:RDF
	xmlns:rdf="http://www.w3.org/1999/02/22-rdf-syntax-ns#"
	xmlns:rdfs="http://www.w3.org/2000/01/rdf-schema#"
	xmlns:owl="http://www.w3.org/2002/07/owl#"
	xmlns:dcterms="http://purl.org/dc/terms/"
	xmlns:dbpedia-owl="http://dbpedia.org/ontology/"
	xmlns:skos="http://www.w3.org/2004/02/skos/core#"
	xmlns:ns6="http://www.w3.org/ns/prov#" >
  <rdf:Description rdf:about="http://dbpedia.org/resource/Ahasuerus_and_Haman_at_the_Feast_of_Esther">
    <dcterms:subject rdf:resource="http://dbpedia.org/resource/Category:1660_paintings" />
  </rdf:Description>
  <rdf:Description rdf:about="http://dbpedia.org/resource/Infanta_Margarita_Teresa_in_a_Pink_Dress">
    <dcterms:subject rdf:resource="http://dbpedia.org/resource/Category:1660_paintings" />
  </rdf:Description>
  <rdf:Description rdf:about="http://dbpedia.org/resource/Category:1660_paintings">
    <rdf:type rdf:resource="http://www.w3.org/2004/02/skos/core#Concept" />
    <owl:sameAs rdf:resource="http://dbpedia.org/resource/Category:1660_paintings" />
    <owl:sameAs rdf:resource="http://www.wikidata.org/entity/Q8098834" />
    <owl:sameAs rdf:resource="http://es.dbpedia.org/resource/Categoría:Cuadros_de_1660" />
    <owl:sameAs rdf:resource="http://ru.dbpedia.org/resource/Категория:Картины_1660_года" />
    <dbpedia-owl:wikiPageID rdf:datatype="http://www.w3.org/2001/XMLSchema#integer">5514743</dbpedia-owl:wikiPageID>
    <dbpedia-owl:wikiPageRevisionID rdf:datatype="http://www.w3.org/2001/XMLSchema#integer">546563463</dbpedia-owl:wikiPageRevisionID>
    <rdfs:label xml:lang="en">1660 paintings</rdfs:label>
    <skos:prefLabel xml:lang="en">1660 paintings</skos:prefLabel>
    <ns6:wasDerivedFrom rdf:resource="http://en.wikipedia.org/wiki/Category:1660_paintings?oldid=546563463" />
  </rdf:Description>
  <rdf:Description rdf:about="http://dbpedia.org/resource/Girl_Interrupted_at_her_Music">
    <dcterms:subject rdf:resource="http://dbpedia.org/resource/Category:1660_paintings" />
  </rdf:Description>
  <rdf:Description rdf:about="http://dbpedia.org/resource/The_Girl_with_the_Wine_Glass">
    <dcterms:subject rdf:resource="http://dbpedia.org/resource/Category:1660_paintings" />
  </rdf:Description>
  <rdf:Description rdf:about="http://ru.dbpedia.org/resource/Категория:Картины_1660_года">
    <owl:sameAs rdf:resource="http://dbpedia.org/resource/Category:1660_paintings" />
  </rdf:Description>
  <rdf:Description rdf:about="http://dbpedia.org/resource/Rembrandt:_Self_Portrait_(Altman)">
    <dcterms:subject rdf:resource="http://dbpedia.org/resource/Category:1660_paintings" />
  </rdf:Description>
  <rdf:Description rdf:about="http://dbpedia.org/resource/View_of_Delft">
    <dcterms:subject rdf:resource="http://dbpedia.org/resource/Category:1660_paintings" />
  </rdf:Description>
  <rdf:Description rdf:about="http://es.dbpedia.org/resource/Categoría:Cuadros_de_1660">
    <owl:sameAs rdf:resource="http://dbpedia.org/resource/Category:1660_paintings" />
  </rdf:Description>
  <rdf:Description rdf:about="http://wikidata.dbpedia.org/resource/Q8098834">
    <owl:sameAs rdf:resource="http://dbpedia.org/resource/Category:1660_paintings" />
  </rdf:Description>
</rdf:RDF>
