<?xml version="1.0" encoding="utf-8" ?>
<rdf:RDF
	xmlns:rdf="http://www.w3.org/1999/02/22-rdf-syntax-ns#"
	xmlns:rdfs="http://www.w3.org/2000/01/rdf-schema#"
	xmlns:owl="http://www.w3.org/2002/07/owl#"
	xmlns:dcterms="http://purl.org/dc/terms/"
	xmlns:dbpedia-owl="http://dbpedia.org/ontology/"
	xmlns:skos="http://www.w3.org/2004/02/skos/core#"
	xmlns:ns6="http://www.w3.org/ns/prov#" >
  <rdf:Description rdf:about="http://dbpedia.org/resource/The_Floating_Feather">
    <dcterms:subject rdf:resource="http://dbpedia.org/resource/Category:1680s_paintings" />
  </rdf:Description>
  <rdf:Description rdf:about="http://dbpedia.org/resource/Ascanius_Shooting_the_Stag_of_Sylvia">
    <dcterms:subject rdf:resource="http://dbpedia.org/resource/Category:1680s_paintings" />
  </rdf:Description>
  <rdf:Description rdf:about="http://dbpedia.org/resource/Category:1680s_paintings">
    <rdf:type rdf:resource="http://www.w3.org/2004/02/skos/core#Concept" />
    <owl:sameAs rdf:resource="http://dbpedia.org/resource/Category:1680s_paintings" />
    <owl:sameAs rdf:resource="http://www.wikidata.org/entity/Q8099679" />
    <owl:sameAs rdf:resource="http://es.dbpedia.org/resource/Categoría:Cuadros_de_los_años_1680" />
    <dbpedia-owl:wikiPageID rdf:datatype="http://www.w3.org/2001/XMLSchema#integer">36943495</dbpedia-owl:wikiPageID>
    <dbpedia-owl:wikiPageRevisionID rdf:datatype="http://www.w3.org/2001/XMLSchema#integer">511185029</dbpedia-owl:wikiPageRevisionID>
    <rdfs:label xml:lang="en">1680s paintings</rdfs:label>
    <skos:prefLabel xml:lang="en">1680s paintings</skos:prefLabel>
    <ns6:wasDerivedFrom rdf:resource="http://en.wikipedia.org/wiki/Category:1680s_paintings?oldid=511185029" />
  </rdf:Description>
  <rdf:Description rdf:about="http://wikidata.dbpedia.org/resource/Q8099679">
    <owl:sameAs rdf:resource="http://dbpedia.org/resource/Category:1680s_paintings" />
  </rdf:Description>
  <rdf:Description rdf:about="http://es.dbpedia.org/resource/Categoría:Cuadros_de_los_años_1680">
    <owl:sameAs rdf:resource="http://dbpedia.org/resource/Category:1680s_paintings" />
  </rdf:Description>
</rdf:RDF>
