<?xml version="1.0" encoding="utf-8" ?>
<rdf:RDF
	xmlns:rdf="http://www.w3.org/1999/02/22-rdf-syntax-ns#"
	xmlns:rdfs="http://www.w3.org/2000/01/rdf-schema#"
	xmlns:owl="http://www.w3.org/2002/07/owl#"
	xmlns:dcterms="http://purl.org/dc/terms/"
	xmlns:dbpedia-owl="http://dbpedia.org/ontology/"
	xmlns:skos="http://www.w3.org/2004/02/skos/core#"
	xmlns:ns6="http://www.w3.org/ns/prov#" >
  <rdf:Description rdf:about="http://dbpedia.org/resource/Book_of_Discipline_(Church_of_Scotland)">
    <dcterms:subject rdf:resource="http://dbpedia.org/resource/Category:16th_century_in_Scotland" />
  </rdf:Description>
  <rdf:Description rdf:about="http://dbpedia.org/resource/Category:Castalian_Band">
    <skos:broader rdf:resource="http://dbpedia.org/resource/Category:16th_century_in_Scotland" />
  </rdf:Description>
  <rdf:Description rdf:about="http://dbpedia.org/resource/Salamander_of_Leith">
    <dcterms:subject rdf:resource="http://dbpedia.org/resource/Category:16th_century_in_Scotland" />
  </rdf:Description>
  <rdf:Description rdf:about="http://dbpedia.org/resource/Chepman_and_Myllar_Press">
    <dcterms:subject rdf:resource="http://dbpedia.org/resource/Category:16th_century_in_Scotland" />
  </rdf:Description>
  <rdf:Description rdf:about="http://dbpedia.org/resource/Gentleman_Adventurers_of_Fife">
    <dcterms:subject rdf:resource="http://dbpedia.org/resource/Category:16th_century_in_Scotland" />
  </rdf:Description>
  <rdf:Description rdf:about="http://dbpedia.org/resource/Category:1520s_in_Scotland">
    <skos:broader rdf:resource="http://dbpedia.org/resource/Category:16th_century_in_Scotland" />
  </rdf:Description>
  <rdf:Description rdf:about="http://dbpedia.org/resource/Category:1560s_in_Scotland">
    <skos:broader rdf:resource="http://dbpedia.org/resource/Category:16th_century_in_Scotland" />
  </rdf:Description>
  <rdf:Description rdf:about="http://dbpedia.org/resource/Greenside_Monastery_and_Leper_Hospital">
    <dcterms:subject rdf:resource="http://dbpedia.org/resource/Category:16th_century_in_Scotland" />
  </rdf:Description>
  <rdf:Description rdf:about="http://dbpedia.org/resource/Earl&#39;s_Palace,_Birsay">
    <dcterms:subject rdf:resource="http://dbpedia.org/resource/Category:16th_century_in_Scotland" />
  </rdf:Description>
  <rdf:Description rdf:about="http://dbpedia.org/resource/Scalloway_Castle">
    <dcterms:subject rdf:resource="http://dbpedia.org/resource/Category:16th_century_in_Scotland" />
  </rdf:Description>
  <rdf:Description rdf:about="http://dbpedia.org/resource/Tam_Lin">
    <dcterms:subject rdf:resource="http://dbpedia.org/resource/Category:16th_century_in_Scotland" />
  </rdf:Description>
  <rdf:Description rdf:about="http://dbpedia.org/resource/Category:Court_of_James_V_of_Scotland">
    <skos:broader rdf:resource="http://dbpedia.org/resource/Category:16th_century_in_Scotland" />
  </rdf:Description>
  <rdf:Description rdf:about="http://dbpedia.org/resource/Category:1510s_in_Scotland">
    <skos:broader rdf:resource="http://dbpedia.org/resource/Category:16th_century_in_Scotland" />
  </rdf:Description>
  <rdf:Description rdf:about="http://dbpedia.org/resource/Category:1590s_in_Scotland">
    <skos:broader rdf:resource="http://dbpedia.org/resource/Category:16th_century_in_Scotland" />
  </rdf:Description>
  <rdf:Description rdf:about="http://dbpedia.org/resource/Category:1500s_in_Scotland">
    <skos:broader rdf:resource="http://dbpedia.org/resource/Category:16th_century_in_Scotland" />
  </rdf:Description>
  <rdf:Description rdf:about="http://dbpedia.org/resource/Category:1540s_in_Scotland">
    <skos:broader rdf:resource="http://dbpedia.org/resource/Category:16th_century_in_Scotland" />
  </rdf:Description>
  <rdf:Description rdf:about="http://dbpedia.org/resource/Category:1580s_in_Scotland">
    <skos:broader rdf:resource="http://dbpedia.org/resource/Category:16th_century_in_Scotland" />
  </rdf:Description>
  <rdf:Description rdf:about="http://dbpedia.org/resource/Patrick_Paniter">
    <dcterms:subject rdf:resource="http://dbpedia.org/resource/Category:16th_century_in_Scotland" />
  </rdf:Description>
  <rdf:Description rdf:about="http://dbpedia.org/resource/Raid_of_Ruthven">
    <dcterms:subject rdf:resource="http://dbpedia.org/resource/Category:16th_century_in_Scotland" />
  </rdf:Description>
  <rdf:Description rdf:about="http://dbpedia.org/resource/Sawney_Bean">
    <dcterms:subject rdf:resource="http://dbpedia.org/resource/Category:16th_century_in_Scotland" />
  </rdf:Description>
  <rdf:Description rdf:about="http://dbpedia.org/resource/Treasurer_(warship)">
    <dcterms:subject rdf:resource="http://dbpedia.org/resource/Category:16th_century_in_Scotland" />
  </rdf:Description>
  <rdf:Description rdf:about="http://dbpedia.org/resource/A_Satire_of_the_Three_Estates">
    <dcterms:subject rdf:resource="http://dbpedia.org/resource/Category:16th_century_in_Scotland" />
  </rdf:Description>
  <rdf:Description rdf:about="http://dbpedia.org/resource/Siege_of_Leith">
    <dcterms:subject rdf:resource="http://dbpedia.org/resource/Category:16th_century_in_Scotland" />
  </rdf:Description>
  <rdf:Description rdf:about="http://dbpedia.org/resource/Grange_House">
    <dcterms:subject rdf:resource="http://dbpedia.org/resource/Category:16th_century_in_Scotland" />
  </rdf:Description>
  <rdf:Description rdf:about="http://dbpedia.org/resource/Secret_Bond">
    <dcterms:subject rdf:resource="http://dbpedia.org/resource/Category:16th_century_in_Scotland" />
  </rdf:Description>
  <rdf:Description rdf:about="http://dbpedia.org/resource/Scottish_Royal_tapestry_collection">
    <dcterms:subject rdf:resource="http://dbpedia.org/resource/Category:16th_century_in_Scotland" />
  </rdf:Description>
  <rdf:Description rdf:about="http://dbpedia.org/resource/The_Complaint_of_the_Black_Knight">
    <dcterms:subject rdf:resource="http://dbpedia.org/resource/Category:16th_century_in_Scotland" />
  </rdf:Description>
  <rdf:Description rdf:about="http://dbpedia.org/resource/Arnold_Bronckorst">
    <dcterms:subject rdf:resource="http://dbpedia.org/resource/Category:16th_century_in_Scotland" />
  </rdf:Description>
  <rdf:Description rdf:about="http://dbpedia.org/resource/St_Leonard&#39;s_College_(University_of_St_Andrews)">
    <dcterms:subject rdf:resource="http://dbpedia.org/resource/Category:16th_century_in_Scotland" />
  </rdf:Description>
  <rdf:Description rdf:about="http://dbpedia.org/resource/Category:1530s_in_Scotland">
    <skos:broader rdf:resource="http://dbpedia.org/resource/Category:16th_century_in_Scotland" />
  </rdf:Description>
  <rdf:Description rdf:about="http://dbpedia.org/resource/Category:1570s_in_Scotland">
    <skos:broader rdf:resource="http://dbpedia.org/resource/Category:16th_century_in_Scotland" />
  </rdf:Description>
  <rdf:Description rdf:about="http://dbpedia.org/resource/Category:Constituencies_of_the_Parliament_of_Scotland_(to_1707)">
    <skos:broader rdf:resource="http://dbpedia.org/resource/Category:16th_century_in_Scotland" />
  </rdf:Description>
  <rdf:Description rdf:about="http://dbpedia.org/resource/Category:1550s_in_Scotland">
    <skos:broader rdf:resource="http://dbpedia.org/resource/Category:16th_century_in_Scotland" />
  </rdf:Description>
  <rdf:Description rdf:about="http://dbpedia.org/resource/Category:Works_by_James_VI_and_I">
    <skos:broader rdf:resource="http://dbpedia.org/resource/Category:16th_century_in_Scotland" />
  </rdf:Description>
  <rdf:Description rdf:about="http://dbpedia.org/resource/Category:16th-century_Scottish_clan_battles">
    <skos:broader rdf:resource="http://dbpedia.org/resource/Category:16th_century_in_Scotland" />
  </rdf:Description>
  <rdf:Description rdf:about="http://dbpedia.org/resource/Category:Years_of_the_16th_century_in_Scotland">
    <skos:broader rdf:resource="http://dbpedia.org/resource/Category:16th_century_in_Scotland" />
  </rdf:Description>
  <rdf:Description rdf:about="http://dbpedia.org/resource/Faculty_of_Advocates">
    <dcterms:subject rdf:resource="http://dbpedia.org/resource/Category:16th_century_in_Scotland" />
  </rdf:Description>
  <rdf:Description rdf:about="http://dbpedia.org/resource/Siege_of_Haddington">
    <dcterms:subject rdf:resource="http://dbpedia.org/resource/Category:16th_century_in_Scotland" />
  </rdf:Description>
  <rdf:Description rdf:about="http://dbpedia.org/resource/Antoine_d&#39;Arces">
    <dcterms:subject rdf:resource="http://dbpedia.org/resource/Category:16th_century_in_Scotland" />
  </rdf:Description>
  <rdf:Description rdf:about="http://dbpedia.org/resource/Henri_Cleutin">
    <dcterms:subject rdf:resource="http://dbpedia.org/resource/Category:16th_century_in_Scotland" />
  </rdf:Description>
  <rdf:Description rdf:about="http://dbpedia.org/resource/Jacques_de_la_Brosse">
    <dcterms:subject rdf:resource="http://dbpedia.org/resource/Category:16th_century_in_Scotland" />
  </rdf:Description>
  <rdf:Description rdf:about="http://dbpedia.org/resource/Andr%C3%A9_de_Montalembert">
    <dcterms:subject rdf:resource="http://dbpedia.org/resource/Category:16th_century_in_Scotland" />
  </rdf:Description>
  <rdf:Description rdf:about="http://dbpedia.org/resource/Maitland_Manuscripts">
    <dcterms:subject rdf:resource="http://dbpedia.org/resource/Category:16th_century_in_Scotland" />
  </rdf:Description>
  <rdf:Description rdf:about="http://dbpedia.org/resource/The_sea-law_of_Scotland">
    <dcterms:subject rdf:resource="http://dbpedia.org/resource/Category:16th_century_in_Scotland" />
  </rdf:Description>
  <rdf:Description rdf:about="http://dbpedia.org/resource/Scottish_Reformation">
    <dcterms:subject rdf:resource="http://dbpedia.org/resource/Category:16th_century_in_Scotland" />
  </rdf:Description>
  <rdf:Description rdf:about="http://dbpedia.org/resource/Anglo-Scottish_Wars">
    <dcterms:subject rdf:resource="http://dbpedia.org/resource/Category:16th_century_in_Scotland" />
  </rdf:Description>
  <rdf:Description rdf:about="http://dbpedia.org/resource/History_of_the_Reformation_in_Scotland">
    <dcterms:subject rdf:resource="http://dbpedia.org/resource/Category:16th_century_in_Scotland" />
  </rdf:Description>
  <rdf:Description rdf:about="http://dbpedia.org/resource/Adrian_Vanson">
    <dcterms:subject rdf:resource="http://dbpedia.org/resource/Category:16th_century_in_Scotland" />
  </rdf:Description>
  <rdf:Description rdf:about="http://dbpedia.org/resource/Battle_of_Linlithgow_Bridge">
    <dcterms:subject rdf:resource="http://dbpedia.org/resource/Category:16th_century_in_Scotland" />
  </rdf:Description>
  <rdf:Description rdf:about="http://dbpedia.org/resource/Remonstrance_to_the_King">
    <dcterms:subject rdf:resource="http://dbpedia.org/resource/Category:16th_century_in_Scotland" />
  </rdf:Description>
  <rdf:Description rdf:about="http://dbpedia.org/resource/Buttock_mail">
    <dcterms:subject rdf:resource="http://dbpedia.org/resource/Category:16th_century_in_Scotland" />
  </rdf:Description>
  <rdf:Description rdf:about="http://dbpedia.org/resource/Aberdeen_Breviary">
    <dcterms:subject rdf:resource="http://dbpedia.org/resource/Category:16th_century_in_Scotland" />
  </rdf:Description>
  <rdf:Description rdf:about="http://dbpedia.org/resource/Migliorino_Ubaldini">
    <dcterms:subject rdf:resource="http://dbpedia.org/resource/Category:16th_century_in_Scotland" />
  </rdf:Description>
  <rdf:Description rdf:about="http://dbpedia.org/resource/Casket_letters">
    <dcterms:subject rdf:resource="http://dbpedia.org/resource/Category:16th_century_in_Scotland" />
  </rdf:Description>
  <rdf:Description rdf:about="http://dbpedia.org/resource/Master_of_James_IV_of_Scotland">
    <dcterms:subject rdf:resource="http://dbpedia.org/resource/Category:16th_century_in_Scotland" />
  </rdf:Description>
  <rdf:Description rdf:about="http://dbpedia.org/resource/The_Great_Scottish_Witch_Hunt_of_1597">
    <dcterms:subject rdf:resource="http://dbpedia.org/resource/Category:16th_century_in_Scotland" />
  </rdf:Description>
  <rdf:Description rdf:about="http://dbpedia.org/resource/Greenock_Coin_Hoard">
    <dcterms:subject rdf:resource="http://dbpedia.org/resource/Category:16th_century_in_Scotland" />
  </rdf:Description>
  <rdf:Description rdf:about="http://pt.dbpedia.org/resource/Categoria:Século_XVI_na_Escócia">
    <owl:sameAs rdf:resource="http://dbpedia.org/resource/Category:16th_century_in_Scotland" />
  </rdf:Description>
  <rdf:Description rdf:about="http://dbpedia.org/resource/Greysteil">
    <dcterms:subject rdf:resource="http://dbpedia.org/resource/Category:16th_century_in_Scotland" />
  </rdf:Description>
  <rdf:Description rdf:about="http://dbpedia.org/resource/Abergeldie_Castle">
    <dcterms:subject rdf:resource="http://dbpedia.org/resource/Category:16th_century_in_Scotland" />
  </rdf:Description>
  <rdf:Description rdf:about="http://dbpedia.org/resource/Asloan_Manuscript">
    <dcterms:subject rdf:resource="http://dbpedia.org/resource/Category:16th_century_in_Scotland" />
  </rdf:Description>
  <rdf:Description rdf:about="http://dbpedia.org/resource/Category:16th-century_Scottish_people">
    <skos:broader rdf:resource="http://dbpedia.org/resource/Category:16th_century_in_Scotland" />
  </rdf:Description>
  <rdf:Description rdf:about="http://dbpedia.org/resource/Category:Lords_of_the_Congregation">
    <skos:broader rdf:resource="http://dbpedia.org/resource/Category:16th_century_in_Scotland" />
  </rdf:Description>
  <rdf:Description rdf:about="http://dbpedia.org/resource/Category:Scottish_Reformation">
    <skos:broader rdf:resource="http://dbpedia.org/resource/Category:16th_century_in_Scotland" />
  </rdf:Description>
  <rdf:Description rdf:about="http://dbpedia.org/resource/Category:16th_century_in_Scotland">
    <rdf:type rdf:resource="http://www.w3.org/2004/02/skos/core#Concept" />
    <owl:sameAs rdf:resource="http://fa.dbpedia.org/resource/رده:اسکاتلند_در_سده_۱۶_(میلادی)" />
    <owl:sameAs rdf:resource="http://www.wikidata.org/entity/Q8100702" />
    <owl:sameAs rdf:resource="http://dbpedia.org/resource/Category:16th_century_in_Scotland" />
    <owl:sameAs rdf:resource="http://pt.dbpedia.org/resource/Categoria:Século_XVI_na_Escócia" />
    <owl:sameAs rdf:resource="http://es.dbpedia.org/resource/Categoría:Siglo_XVI_en_Escocia" />
    <owl:sameAs rdf:resource="http://sv.dbpedia.org/resource/Kategori:Skottland_under_1500-talet" />
    <dbpedia-owl:wikiPageID rdf:datatype="http://www.w3.org/2001/XMLSchema#integer">7489033</dbpedia-owl:wikiPageID>
    <dbpedia-owl:wikiPageRevisionID rdf:datatype="http://www.w3.org/2001/XMLSchema#integer">546568977</dbpedia-owl:wikiPageRevisionID>
    <skos:broader rdf:resource="http://dbpedia.org/resource/Category:Early_Modern_Scotland" />
    <skos:broader rdf:resource="http://dbpedia.org/resource/Category:16th_century_in_Europe" />
    <skos:broader rdf:resource="http://dbpedia.org/resource/Category:2nd_millennium_in_Scotland" />
    <skos:broader rdf:resource="http://dbpedia.org/resource/Category:Centuries_in_Scotland" />
    <skos:broader rdf:resource="http://dbpedia.org/resource/Category:16th_century_by_country" />
    <rdfs:label xml:lang="en">16th century in Scotland</rdfs:label>
    <skos:prefLabel xml:lang="en">16th century in Scotland</skos:prefLabel>
    <ns6:wasDerivedFrom rdf:resource="http://en.wikipedia.org/wiki/Category:16th_century_in_Scotland?oldid=546568977" />
  </rdf:Description>
  <rdf:Description rdf:about="http://dbpedia.org/resource/Category:Court_of_James_VI_and_I">
    <skos:broader rdf:resource="http://dbpedia.org/resource/Category:16th_century_in_Scotland" />
  </rdf:Description>
  <rdf:Description rdf:about="http://dbpedia.org/resource/Category:House_of_Douglas_and_Angus">
    <skos:broader rdf:resource="http://dbpedia.org/resource/Category:16th_century_in_Scotland" />
  </rdf:Description>
  <rdf:Description rdf:about="http://dbpedia.org/resource/Scottish_Reformation_Parliament">
    <dcterms:subject rdf:resource="http://dbpedia.org/resource/Category:16th_century_in_Scotland" />
  </rdf:Description>
  <rdf:Description rdf:about="http://dbpedia.org/resource/Court_of_Session">
    <dcterms:subject rdf:resource="http://dbpedia.org/resource/Category:16th_century_in_Scotland" />
  </rdf:Description>
  <rdf:Description rdf:about="http://dbpedia.org/resource/Commission_of_Justiciary">
    <dcterms:subject rdf:resource="http://dbpedia.org/resource/Category:16th_century_in_Scotland" />
  </rdf:Description>
  <rdf:Description rdf:about="http://dbpedia.org/resource/Scottish_Renaissance_painted_ceilings">
    <dcterms:subject rdf:resource="http://dbpedia.org/resource/Category:16th_century_in_Scotland" />
  </rdf:Description>
  <rdf:Description rdf:about="http://dbpedia.org/resource/Mar&#39;s_Wark">
    <dcterms:subject rdf:resource="http://dbpedia.org/resource/Category:16th_century_in_Scotland" />
  </rdf:Description>
  <rdf:Description rdf:about="http://dbpedia.org/resource/Hours_of_James_IV_of_Scotland">
    <dcterms:subject rdf:resource="http://dbpedia.org/resource/Category:16th_century_in_Scotland" />
  </rdf:Description>
  <rdf:Description rdf:about="http://dbpedia.org/resource/Pierre_Quesnel">
    <dcterms:subject rdf:resource="http://dbpedia.org/resource/Category:16th_century_in_Scotland" />
  </rdf:Description>
  <rdf:Description rdf:about="http://dbpedia.org/resource/Scottish_Marches">
    <dcterms:subject rdf:resource="http://dbpedia.org/resource/Category:16th_century_in_Scotland" />
  </rdf:Description>
  <rdf:Description rdf:about="http://dbpedia.org/resource/Newes_from_Scotland">
    <dcterms:subject rdf:resource="http://dbpedia.org/resource/Category:16th_century_in_Scotland" />
  </rdf:Description>
  <rdf:Description rdf:about="http://dbpedia.org/resource/Berwick_Pursuivant">
    <dcterms:subject rdf:resource="http://dbpedia.org/resource/Category:16th_century_in_Scotland" />
  </rdf:Description>
  <rdf:Description rdf:about="http://dbpedia.org/resource/The_Rough_Wooing">
    <dcterms:subject rdf:resource="http://dbpedia.org/resource/Category:16th_century_in_Scotland" />
  </rdf:Description>
  <rdf:Description rdf:about="http://dbpedia.org/resource/Book_of_the_Dean_of_Lismore">
    <dcterms:subject rdf:resource="http://dbpedia.org/resource/Category:16th_century_in_Scotland" />
  </rdf:Description>
  <rdf:Description rdf:about="http://dbpedia.org/resource/Corbeyran_de_Cardaillac_Sarlabous">
    <dcterms:subject rdf:resource="http://dbpedia.org/resource/Category:16th_century_in_Scotland" />
  </rdf:Description>
  <rdf:Description rdf:about="http://dbpedia.org/resource/Category:Church_of_Scotland">
    <skos:broader rdf:resource="http://dbpedia.org/resource/Category:16th_century_in_Scotland" />
  </rdf:Description>
  <rdf:Description rdf:about="http://dbpedia.org/resource/Category:Court_of_Mary,_Queen_of_Scots">
    <skos:broader rdf:resource="http://dbpedia.org/resource/Category:16th_century_in_Scotland" />
  </rdf:Description>
  <rdf:Description rdf:about="http://dbpedia.org/resource/Category:The_Rough_Wooing">
    <skos:broader rdf:resource="http://dbpedia.org/resource/Category:16th_century_in_Scotland" />
  </rdf:Description>
  <rdf:Description rdf:about="http://dbpedia.org/resource/Quhy_Sowld_Nocht_Allane_Honorit_Be">
    <dcterms:subject rdf:resource="http://dbpedia.org/resource/Category:16th_century_in_Scotland" />
  </rdf:Description>
  <rdf:Description rdf:about="http://dbpedia.org/resource/War_of_the_League_of_Cambrai">
    <dcterms:subject rdf:resource="http://dbpedia.org/resource/Category:16th_century_in_Scotland" />
  </rdf:Description>
  <rdf:Description rdf:about="http://dbpedia.org/resource/Chapel_Royal,_Stirling_Castle">
    <dcterms:subject rdf:resource="http://dbpedia.org/resource/Category:16th_century_in_Scotland" />
  </rdf:Description>
  <rdf:Description rdf:about="http://dbpedia.org/resource/Gentleman_Usher_of_the_White_Rod">
    <dcterms:subject rdf:resource="http://dbpedia.org/resource/Category:16th_century_in_Scotland" />
  </rdf:Description>
  <rdf:Description rdf:about="http://dbpedia.org/resource/Paul_de_Thermes">
    <dcterms:subject rdf:resource="http://dbpedia.org/resource/Category:16th_century_in_Scotland" />
  </rdf:Description>
  <rdf:Description rdf:about="http://dbpedia.org/resource/William_Wynter">
    <dcterms:subject rdf:resource="http://dbpedia.org/resource/Category:16th_century_in_Scotland" />
  </rdf:Description>
  <rdf:Description rdf:about="http://dbpedia.org/resource/Walter_Chepman">
    <dcterms:subject rdf:resource="http://dbpedia.org/resource/Category:16th_century_in_Scotland" />
  </rdf:Description>
  <rdf:Description rdf:about="http://dbpedia.org/resource/Category:Poetry_of_the_Bannatyne_Manuscript">
    <skos:broader rdf:resource="http://dbpedia.org/resource/Category:16th_century_in_Scotland" />
  </rdf:Description>
  <rdf:Description rdf:about="http://wikidata.dbpedia.org/resource/Q6316684">
    <owl:sameAs rdf:resource="http://dbpedia.org/resource/Category:16th_century_in_Scotland" />
  </rdf:Description>
  <rdf:Description rdf:about="http://es.dbpedia.org/resource/Categoría:Siglo_XVI_en_Escocia">
    <owl:sameAs rdf:resource="http://dbpedia.org/resource/Category:16th_century_in_Scotland" />
  </rdf:Description>
  <rdf:Description rdf:about="http://fa.dbpedia.org/resource/رده:اسکاتلند_در_سده_۱۶_(میلادی)">
    <owl:sameAs rdf:resource="http://dbpedia.org/resource/Category:16th_century_in_Scotland" />
  </rdf:Description>
  <rdf:Description rdf:about="http://sv.dbpedia.org/resource/Kategori:Skottland_under_1500-talet">
    <owl:sameAs rdf:resource="http://dbpedia.org/resource/Category:16th_century_in_Scotland" />
  </rdf:Description>
</rdf:RDF>
