<?xml version="1.0" encoding="utf-8" ?>
<rdf:RDF
	xmlns:rdf="http://www.w3.org/1999/02/22-rdf-syntax-ns#"
	xmlns:rdfs="http://www.w3.org/2000/01/rdf-schema#"
	xmlns:owl="http://www.w3.org/2002/07/owl#"
	xmlns:dcterms="http://purl.org/dc/terms/"
	xmlns:dbpedia-owl="http://dbpedia.org/ontology/"
	xmlns:skos="http://www.w3.org/2004/02/skos/core#"
	xmlns:ns6="http://www.w3.org/ns/prov#" >
  <rdf:Description rdf:about="http://dbpedia.org/resource/The_Ugly_Duchess">
    <dcterms:subject rdf:resource="http://dbpedia.org/resource/Category:16th-century_portraits" />
  </rdf:Description>
  <rdf:Description rdf:about="http://dbpedia.org/resource/Armada_Portrait">
    <dcterms:subject rdf:resource="http://dbpedia.org/resource/Category:16th-century_portraits" />
  </rdf:Description>
  <rdf:Description rdf:about="http://dbpedia.org/resource/Chandos_portrait">
    <dcterms:subject rdf:resource="http://dbpedia.org/resource/Category:16th-century_portraits" />
  </rdf:Description>
  <rdf:Description rdf:about="http://dbpedia.org/resource/Self-portrait_(Giorgione)">
    <dcterms:subject rdf:resource="http://dbpedia.org/resource/Category:16th-century_portraits" />
  </rdf:Description>
  <rdf:Description rdf:about="http://dbpedia.org/resource/Category:Bronzino_portraits">
    <skos:broader rdf:resource="http://dbpedia.org/resource/Category:16th-century_portraits" />
  </rdf:Description>
  <rdf:Description rdf:about="http://dbpedia.org/resource/Portrait_of_Cardinal_Alessandro_Farnese">
    <dcterms:subject rdf:resource="http://dbpedia.org/resource/Category:16th-century_portraits" />
  </rdf:Description>
  <rdf:Description rdf:about="http://dbpedia.org/resource/Portrait_of_a_gentleman_in_a_fur">
    <dcterms:subject rdf:resource="http://dbpedia.org/resource/Category:16th-century_portraits" />
  </rdf:Description>
  <rdf:Description rdf:about="http://dbpedia.org/resource/Category:Titian_portraits">
    <skos:broader rdf:resource="http://dbpedia.org/resource/Category:16th-century_portraits" />
  </rdf:Description>
  <rdf:Description rdf:about="http://dbpedia.org/resource/Portrait_of_Baldassare_Castiglione">
    <dcterms:subject rdf:resource="http://dbpedia.org/resource/Category:16th-century_portraits" />
  </rdf:Description>
  <rdf:Description rdf:about="http://dbpedia.org/resource/La_donna_gravida">
    <dcterms:subject rdf:resource="http://dbpedia.org/resource/Category:16th-century_portraits" />
  </rdf:Description>
  <rdf:Description rdf:about="http://dbpedia.org/resource/Portrait_of_Alvise_Cornaro">
    <dcterms:subject rdf:resource="http://dbpedia.org/resource/Category:16th-century_portraits" />
  </rdf:Description>
  <rdf:Description rdf:about="http://dbpedia.org/resource/Portrait_of_Andrea_Navagero_and_Agostino_Beazzano">
    <dcterms:subject rdf:resource="http://dbpedia.org/resource/Category:16th-century_portraits" />
  </rdf:Description>
  <rdf:Description rdf:about="http://dbpedia.org/resource/Portrait_of_a_Cardinal_(Raphael)">
    <dcterms:subject rdf:resource="http://dbpedia.org/resource/Category:16th-century_portraits" />
  </rdf:Description>
  <rdf:Description rdf:about="http://dbpedia.org/resource/Portrait_of_Charles_V_(Titian)">
    <dcterms:subject rdf:resource="http://dbpedia.org/resource/Category:16th-century_portraits" />
  </rdf:Description>
  <rdf:Description rdf:about="http://dbpedia.org/resource/La_fornarina">
    <dcterms:subject rdf:resource="http://dbpedia.org/resource/Category:16th-century_portraits" />
  </rdf:Description>
  <rdf:Description rdf:about="http://dbpedia.org/resource/Portrait_of_Pope_Julius_II_(Raphael)">
    <dcterms:subject rdf:resource="http://dbpedia.org/resource/Category:16th-century_portraits" />
  </rdf:Description>
  <rdf:Description rdf:about="http://dbpedia.org/resource/Portrait_of_a_Young_Englishman">
    <dcterms:subject rdf:resource="http://dbpedia.org/resource/Category:16th-century_portraits" />
  </rdf:Description>
  <rdf:Description rdf:about="http://dbpedia.org/resource/Portrait_of_a_Knight_(Carpaccio)">
    <dcterms:subject rdf:resource="http://dbpedia.org/resource/Category:16th-century_portraits" />
  </rdf:Description>
  <rdf:Description rdf:about="http://dbpedia.org/resource/Young_Man_with_an_Apple_(Raphael)">
    <dcterms:subject rdf:resource="http://dbpedia.org/resource/Category:16th-century_portraits" />
  </rdf:Description>
  <rdf:Description rdf:about="http://dbpedia.org/resource/Droeshout_portrait">
    <dcterms:subject rdf:resource="http://dbpedia.org/resource/Category:16th-century_portraits" />
  </rdf:Description>
  <rdf:Description rdf:about="http://dbpedia.org/resource/Portrait_of_Giacomo_Doria_(Titian)">
    <dcterms:subject rdf:resource="http://dbpedia.org/resource/Category:16th-century_portraits" />
  </rdf:Description>
  <rdf:Description rdf:about="http://dbpedia.org/resource/Portrait_of_Ippolito_de&#39;_Medici">
    <dcterms:subject rdf:resource="http://dbpedia.org/resource/Category:16th-century_portraits" />
  </rdf:Description>
  <rdf:Description rdf:about="http://dbpedia.org/resource/Portrait_of_Isabella_of_Portugal">
    <dcterms:subject rdf:resource="http://dbpedia.org/resource/Category:16th-century_portraits" />
  </rdf:Description>
  <rdf:Description rdf:about="http://dbpedia.org/resource/Portrait_of_Jacopo_Strada">
    <dcterms:subject rdf:resource="http://dbpedia.org/resource/Category:16th-century_portraits" />
  </rdf:Description>
  <rdf:Description rdf:about="http://dbpedia.org/resource/Portrait_of_Laura_Dianti">
    <dcterms:subject rdf:resource="http://dbpedia.org/resource/Category:16th-century_portraits" />
  </rdf:Description>
  <rdf:Description rdf:about="http://dbpedia.org/resource/Portrait_of_Lavinia_Vecellio">
    <dcterms:subject rdf:resource="http://dbpedia.org/resource/Category:16th-century_portraits" />
  </rdf:Description>
  <rdf:Description rdf:about="http://dbpedia.org/resource/Portrait_of_Pietro_Aretino">
    <dcterms:subject rdf:resource="http://dbpedia.org/resource/Category:16th-century_portraits" />
  </rdf:Description>
  <rdf:Description rdf:about="http://dbpedia.org/resource/Portrait_of_Daniele_Barbaro">
    <dcterms:subject rdf:resource="http://dbpedia.org/resource/Category:16th-century_portraits" />
  </rdf:Description>
  <rdf:Description rdf:about="http://dbpedia.org/resource/Portrait_of_Elisabetta_Gonzaga">
    <dcterms:subject rdf:resource="http://dbpedia.org/resource/Category:16th-century_portraits" />
  </rdf:Description>
  <rdf:Description rdf:about="http://dbpedia.org/resource/Portrait_of_Emperor_Maximilian_I">
    <dcterms:subject rdf:resource="http://dbpedia.org/resource/Category:16th-century_portraits" />
  </rdf:Description>
  <rdf:Description rdf:about="http://dbpedia.org/resource/Self-portrait_with_a_friend_(Raphael)">
    <dcterms:subject rdf:resource="http://dbpedia.org/resource/Category:16th-century_portraits" />
  </rdf:Description>
  <rdf:Description rdf:about="http://dbpedia.org/resource/La_velata">
    <dcterms:subject rdf:resource="http://dbpedia.org/resource/Category:16th-century_portraits" />
  </rdf:Description>
  <rdf:Description rdf:about="http://dbpedia.org/resource/Portrait_of_Bindo_Altoviti_(Raphael)">
    <dcterms:subject rdf:resource="http://dbpedia.org/resource/Category:16th-century_portraits" />
  </rdf:Description>
  <rdf:Description rdf:about="http://dbpedia.org/resource/Portrait_of_a_Man_(Raphael)">
    <dcterms:subject rdf:resource="http://dbpedia.org/resource/Category:16th-century_portraits" />
  </rdf:Description>
  <rdf:Description rdf:about="http://dbpedia.org/resource/Category:16th-century_portraits">
    <rdf:type rdf:resource="http://www.w3.org/2004/02/skos/core#Concept" />
    <owl:sameAs rdf:resource="http://dbpedia.org/resource/Category:16th-century_portraits" />
    <owl:sameAs rdf:resource="http://www.wikidata.org/entity/Q8100622" />
    <dbpedia-owl:wikiPageID rdf:datatype="http://www.w3.org/2001/XMLSchema#integer">21468714</dbpedia-owl:wikiPageID>
    <dbpedia-owl:wikiPageRevisionID rdf:datatype="http://www.w3.org/2001/XMLSchema#integer">269969633</dbpedia-owl:wikiPageRevisionID>
    <skos:broader rdf:resource="http://dbpedia.org/resource/Category:16th-century_paintings" />
    <skos:broader rdf:resource="http://dbpedia.org/resource/Category:Portraits_by_century" />
    <rdfs:label xml:lang="en">16th-century portraits</rdfs:label>
    <skos:prefLabel xml:lang="en">16th-century portraits</skos:prefLabel>
    <ns6:wasDerivedFrom rdf:resource="http://en.wikipedia.org/wiki/Category:16th-century_portraits?oldid=269969633" />
  </rdf:Description>
  <rdf:Description rdf:about="http://dbpedia.org/resource/Portrait_of_Tommaso_Inghirami">
    <dcterms:subject rdf:resource="http://dbpedia.org/resource/Category:16th-century_portraits" />
  </rdf:Description>
  <rdf:Description rdf:about="http://dbpedia.org/resource/Female_Portrait_(Cranach)">
    <dcterms:subject rdf:resource="http://dbpedia.org/resource/Category:16th-century_portraits" />
  </rdf:Description>
  <rdf:Description rdf:about="http://dbpedia.org/resource/Portrait_of_Emilia_Pia_da_Montefeltro">
    <dcterms:subject rdf:resource="http://dbpedia.org/resource/Category:16th-century_portraits" />
  </rdf:Description>
  <rdf:Description rdf:about="http://dbpedia.org/resource/Portrait_of_Guidobaldo_da_Montefeltro">
    <dcterms:subject rdf:resource="http://dbpedia.org/resource/Category:16th-century_portraits" />
  </rdf:Description>
  <rdf:Description rdf:about="http://dbpedia.org/resource/Portrait_of_Pope_Paul_III_(Titian)">
    <dcterms:subject rdf:resource="http://dbpedia.org/resource/Category:16th-century_portraits" />
  </rdf:Description>
  <rdf:Description rdf:about="http://dbpedia.org/resource/Self-Portrait_(Titian,_Berlin)">
    <dcterms:subject rdf:resource="http://dbpedia.org/resource/Category:16th-century_portraits" />
  </rdf:Description>
  <rdf:Description rdf:about="http://dbpedia.org/resource/Portrait_of_Agnolo_Doni">
    <dcterms:subject rdf:resource="http://dbpedia.org/resource/Category:16th-century_portraits" />
  </rdf:Description>
  <rdf:Description rdf:about="http://dbpedia.org/resource/Portrait_of_Maddalena_Doni">
    <dcterms:subject rdf:resource="http://dbpedia.org/resource/Category:16th-century_portraits" />
  </rdf:Description>
  <rdf:Description rdf:about="http://dbpedia.org/resource/Portrait_of_Bernhart_von_Reesen">
    <dcterms:subject rdf:resource="http://dbpedia.org/resource/Category:16th-century_portraits" />
  </rdf:Description>
  <rdf:Description rdf:about="http://dbpedia.org/resource/Avarice_(D%C3%BCrer,_Vienna)">
    <dcterms:subject rdf:resource="http://dbpedia.org/resource/Category:16th-century_portraits" />
  </rdf:Description>
  <rdf:Description rdf:about="http://dbpedia.org/resource/Portrait_of_Maffeo_Barberini">
    <dcterms:subject rdf:resource="http://dbpedia.org/resource/Category:16th-century_portraits" />
  </rdf:Description>
  <rdf:Description rdf:about="http://dbpedia.org/resource/Portraits_of_Henry_IV_of_Saxony_and_Catherine_of_Mecklenburg">
    <dcterms:subject rdf:resource="http://dbpedia.org/resource/Category:16th-century_portraits" />
  </rdf:Description>
  <rdf:Description rdf:about="http://dbpedia.org/resource/Portrait_of_a_Clad_Warrior_(Savoldo)">
    <dcterms:subject rdf:resource="http://dbpedia.org/resource/Category:16th-century_portraits" />
  </rdf:Description>
  <rdf:Description rdf:about="http://dbpedia.org/resource/Portraiture_of_Elizabeth_I_of_England">
    <dcterms:subject rdf:resource="http://dbpedia.org/resource/Category:16th-century_portraits" />
  </rdf:Description>
  <rdf:Description rdf:about="http://dbpedia.org/resource/Portrait_Miniature_of_Margaret_Roper">
    <dcterms:subject rdf:resource="http://dbpedia.org/resource/Category:16th-century_portraits" />
  </rdf:Description>
  <rdf:Description rdf:about="http://dbpedia.org/resource/Portrait_of_Doge_Leonardo_Loredan">
    <dcterms:subject rdf:resource="http://dbpedia.org/resource/Category:16th-century_portraits" />
  </rdf:Description>
  <rdf:Description rdf:about="http://dbpedia.org/resource/Portrait_of_Jakob_Muffel">
    <dcterms:subject rdf:resource="http://dbpedia.org/resource/Category:16th-century_portraits" />
  </rdf:Description>
  <rdf:Description rdf:about="http://dbpedia.org/resource/Portrait_of_Hieronymus_Holzschuher">
    <dcterms:subject rdf:resource="http://dbpedia.org/resource/Category:16th-century_portraits" />
  </rdf:Description>
  <rdf:Description rdf:about="http://dbpedia.org/resource/Portrait_of_a_Young_Woman_(La_Muta)">
    <dcterms:subject rdf:resource="http://dbpedia.org/resource/Category:16th-century_portraits" />
  </rdf:Description>
  <rdf:Description rdf:about="http://dbpedia.org/resource/Portrait_of_Leo_X_(Raphael)">
    <dcterms:subject rdf:resource="http://dbpedia.org/resource/Category:16th-century_portraits" />
  </rdf:Description>
  <rdf:Description rdf:about="http://dbpedia.org/resource/The_Ambassadors_(Holbein)">
    <dcterms:subject rdf:resource="http://dbpedia.org/resource/Category:16th-century_portraits" />
  </rdf:Description>
  <rdf:Description rdf:about="http://dbpedia.org/resource/Category:Mona_Lisa">
    <skos:broader rdf:resource="http://dbpedia.org/resource/Category:16th-century_portraits" />
  </rdf:Description>
  <rdf:Description rdf:about="http://dbpedia.org/resource/Self-portrait_(Leonardo)">
    <dcterms:subject rdf:resource="http://dbpedia.org/resource/Category:16th-century_portraits" />
  </rdf:Description>
  <rdf:Description rdf:about="http://wikidata.dbpedia.org/resource/Q8100622">
    <owl:sameAs rdf:resource="http://dbpedia.org/resource/Category:16th-century_portraits" />
  </rdf:Description>
</rdf:RDF>
