<?xml version="1.0" encoding="utf-8" ?>
<rdf:RDF
	xmlns:rdf="http://www.w3.org/1999/02/22-rdf-syntax-ns#"
	xmlns:rdfs="http://www.w3.org/2000/01/rdf-schema#"
	xmlns:owl="http://www.w3.org/2002/07/owl#"
	xmlns:dcterms="http://purl.org/dc/terms/"
	xmlns:dbpedia-owl="http://dbpedia.org/ontology/"
	xmlns:skos="http://www.w3.org/2004/02/skos/core#"
	xmlns:ns6="http://www.w3.org/ns/prov#" >
  <rdf:Description rdf:about="http://dbpedia.org/resource/Category:1721_treaties">
    <skos:broader rdf:resource="http://dbpedia.org/resource/Category:1721_works" />
  </rdf:Description>
  <rdf:Description rdf:about="http://dbpedia.org/resource/Brandenburg_concertos">
    <dcterms:subject rdf:resource="http://dbpedia.org/resource/Category:1721_works" />
  </rdf:Description>
  <rdf:Description rdf:about="http://dbpedia.org/resource/De_Motu_(Berkeley&#39;s_essay)">
    <dcterms:subject rdf:resource="http://dbpedia.org/resource/Category:1721_works" />
  </rdf:Description>
  <rdf:Description rdf:about="http://dbpedia.org/resource/Category:1721_works">
    <rdf:type rdf:resource="http://www.w3.org/2004/02/skos/core#Concept" />
    <owl:sameAs rdf:resource="http://dbpedia.org/resource/Category:1721_works" />
    <owl:sameAs rdf:resource="http://ko.dbpedia.org/resource/분류:1721년_작품" />
    <owl:sameAs rdf:resource="http://ru.dbpedia.org/resource/Категория:Произведения_1721_года" />
    <owl:sameAs rdf:resource="http://fa.dbpedia.org/resource/رده:آثار_۱۷۲۱_(میلادی)" />
    <owl:sameAs rdf:resource="http://www.wikidata.org/entity/Q8006606" />
    <dbpedia-owl:wikiPageID rdf:datatype="http://www.w3.org/2001/XMLSchema#integer">5547027</dbpedia-owl:wikiPageID>
    <dbpedia-owl:wikiPageRevisionID rdf:datatype="http://www.w3.org/2001/XMLSchema#integer">546576280</dbpedia-owl:wikiPageRevisionID>
    <rdfs:label xml:lang="en">1721 works</rdfs:label>
    <skos:prefLabel xml:lang="en">1721 works</skos:prefLabel>
    <ns6:wasDerivedFrom rdf:resource="http://en.wikipedia.org/wiki/Category:1721_works?oldid=546576280" />
  </rdf:Description>
  <rdf:Description rdf:about="http://dbpedia.org/resource/Emblematical_Print_on_the_South_Sea_Scheme">
    <dcterms:subject rdf:resource="http://dbpedia.org/resource/Category:1721_works" />
  </rdf:Description>
  <rdf:Description rdf:about="http://ko.dbpedia.org/resource/분류:1721년_작품">
    <owl:sameAs rdf:resource="http://dbpedia.org/resource/Category:1721_works" />
  </rdf:Description>
  <rdf:Description rdf:about="http://ru.dbpedia.org/resource/Категория:Произведения_1721_года">
    <owl:sameAs rdf:resource="http://dbpedia.org/resource/Category:1721_works" />
  </rdf:Description>
  <rdf:Description rdf:about="http://dbpedia.org/resource/Lady_Blunt_Stradivarius">
    <dcterms:subject rdf:resource="http://dbpedia.org/resource/Category:1721_works" />
  </rdf:Description>
  <rdf:Description rdf:about="http://wikidata.dbpedia.org/resource/Q8006606">
    <owl:sameAs rdf:resource="http://dbpedia.org/resource/Category:1721_works" />
  </rdf:Description>
  <rdf:Description rdf:about="http://fa.dbpedia.org/resource/رده:آثار_۱۷۲۱_(میلادی)">
    <owl:sameAs rdf:resource="http://dbpedia.org/resource/Category:1721_works" />
  </rdf:Description>
</rdf:RDF>
