<?xml version="1.0" encoding="utf-8" ?>
<rdf:RDF
	xmlns:rdf="http://www.w3.org/1999/02/22-rdf-syntax-ns#"
	xmlns:rdfs="http://www.w3.org/2000/01/rdf-schema#"
	xmlns:owl="http://www.w3.org/2002/07/owl#"
	xmlns:dcterms="http://purl.org/dc/terms/"
	xmlns:dbpedia-owl="http://dbpedia.org/ontology/"
	xmlns:skos="http://www.w3.org/2004/02/skos/core#"
	xmlns:ns6="http://www.w3.org/ns/prov#" >
  <rdf:Description rdf:about="http://dbpedia.org/resource/Kreisler_Bergonzi">
    <dcterms:subject rdf:resource="http://dbpedia.org/resource/Category:1740_works" />
  </rdf:Description>
  <rdf:Description rdf:about="http://dbpedia.org/resource/The_Distrest_Poet">
    <dcterms:subject rdf:resource="http://dbpedia.org/resource/Category:1740_works" />
  </rdf:Description>
  <rdf:Description rdf:about="http://dbpedia.org/resource/Beauty_and_the_Beast">
    <dcterms:subject rdf:resource="http://dbpedia.org/resource/Category:1740_works" />
  </rdf:Description>
  <rdf:Description rdf:about="http://dbpedia.org/resource/Category:1740_treaties">
    <skos:broader rdf:resource="http://dbpedia.org/resource/Category:1740_works" />
  </rdf:Description>
  <rdf:Description rdf:about="http://dbpedia.org/resource/Rule,_Britannia!">
    <dcterms:subject rdf:resource="http://dbpedia.org/resource/Category:1740_works" />
  </rdf:Description>
  <rdf:Description rdf:about="http://dbpedia.org/resource/Anti-Machiavel">
    <dcterms:subject rdf:resource="http://dbpedia.org/resource/Category:1740_works" />
  </rdf:Description>
  <rdf:Description rdf:about="http://ko.dbpedia.org/resource/분류:1740년_작품">
    <owl:sameAs rdf:resource="http://dbpedia.org/resource/Category:1740_works" />
  </rdf:Description>
  <rdf:Description rdf:about="http://dbpedia.org/resource/Category:1740_works">
    <rdf:type rdf:resource="http://www.w3.org/2004/02/skos/core#Concept" />
    <owl:sameAs rdf:resource="http://www.wikidata.org/entity/Q8102642" />
    <owl:sameAs rdf:resource="http://ko.dbpedia.org/resource/분류:1740년_작품" />
    <owl:sameAs rdf:resource="http://fa.dbpedia.org/resource/رده:آثار_۱۷۴۰_(میلادی)" />
    <owl:sameAs rdf:resource="http://no.dbpedia.org/resource/Kategori:Verk_fra_1740" />
    <owl:sameAs rdf:resource="http://dbpedia.org/resource/Category:1740_works" />
    <owl:sameAs rdf:resource="http://sv.dbpedia.org/resource/Kategori:Verk_1740" />
    <dbpedia-owl:wikiPageID rdf:datatype="http://www.w3.org/2001/XMLSchema#integer">5109012</dbpedia-owl:wikiPageID>
    <dbpedia-owl:wikiPageRevisionID rdf:datatype="http://www.w3.org/2001/XMLSchema#integer">546915692</dbpedia-owl:wikiPageRevisionID>
    <rdfs:label xml:lang="en">1740 works</rdfs:label>
    <skos:prefLabel xml:lang="en">1740 works</skos:prefLabel>
    <ns6:wasDerivedFrom rdf:resource="http://en.wikipedia.org/wiki/Category:1740_works?oldid=546915692" />
  </rdf:Description>
  <rdf:Description rdf:about="http://wikidata.dbpedia.org/resource/Q8102642">
    <owl:sameAs rdf:resource="http://dbpedia.org/resource/Category:1740_works" />
  </rdf:Description>
  <rdf:Description rdf:about="http://fa.dbpedia.org/resource/رده:آثار_۱۷۴۰_(میلادی)">
    <owl:sameAs rdf:resource="http://dbpedia.org/resource/Category:1740_works" />
  </rdf:Description>
  <rdf:Description rdf:about="http://no.dbpedia.org/resource/Kategori:Verk_fra_1740">
    <owl:sameAs rdf:resource="http://dbpedia.org/resource/Category:1740_works" />
  </rdf:Description>
  <rdf:Description rdf:about="http://sv.dbpedia.org/resource/Kategori:Verk_1740">
    <owl:sameAs rdf:resource="http://dbpedia.org/resource/Category:1740_works" />
  </rdf:Description>
</rdf:RDF>
