<?xml version="1.0" encoding="utf-8" ?>
<rdf:RDF
	xmlns:rdf="http://www.w3.org/1999/02/22-rdf-syntax-ns#"
	xmlns:rdfs="http://www.w3.org/2000/01/rdf-schema#"
	xmlns:owl="http://www.w3.org/2002/07/owl#"
	xmlns:dcterms="http://purl.org/dc/terms/"
	xmlns:dbpedia-owl="http://dbpedia.org/ontology/"
	xmlns:skos="http://www.w3.org/2004/02/skos/core#"
	xmlns:ns6="http://www.w3.org/ns/prov#" >
  <rdf:Description rdf:about="http://dbpedia.org/resource/Sacramentum_Poenitentiae">
    <dcterms:subject rdf:resource="http://dbpedia.org/resource/Category:1741_works" />
  </rdf:Description>
  <rdf:Description rdf:about="http://ko.dbpedia.org/resource/분류:1741년_작품">
    <owl:sameAs rdf:resource="http://dbpedia.org/resource/Category:1741_works" />
  </rdf:Description>
  <rdf:Description rdf:about="http://ru.dbpedia.org/resource/Категория:Произведения_1741_года">
    <owl:sameAs rdf:resource="http://dbpedia.org/resource/Category:1741_works" />
  </rdf:Description>
  <rdf:Description rdf:about="http://dbpedia.org/resource/The_Enraged_Musician">
    <dcterms:subject rdf:resource="http://dbpedia.org/resource/Category:1741_works" />
  </rdf:Description>
  <rdf:Description rdf:about="http://dbpedia.org/resource/Kaskaskia_Bell_State_Memorial">
    <dcterms:subject rdf:resource="http://dbpedia.org/resource/Category:1741_works" />
  </rdf:Description>
  <rdf:Description rdf:about="http://dbpedia.org/resource/Vieuxtemps_Guarneri">
    <dcterms:subject rdf:resource="http://dbpedia.org/resource/Category:1741_works" />
  </rdf:Description>
  <rdf:Description rdf:about="http://dbpedia.org/resource/Category:1741_works">
    <rdf:type rdf:resource="http://www.w3.org/2004/02/skos/core#Concept" />
    <owl:sameAs rdf:resource="http://dbpedia.org/resource/Category:1741_works" />
    <owl:sameAs rdf:resource="http://fa.dbpedia.org/resource/رده:آثار_۱۷۴۱_(میلادی)" />
    <owl:sameAs rdf:resource="http://www.wikidata.org/entity/Q8102780" />
    <owl:sameAs rdf:resource="http://sv.dbpedia.org/resource/Kategori:Verk_1741" />
    <owl:sameAs rdf:resource="http://no.dbpedia.org/resource/Kategori:Verk_fra_1741" />
    <owl:sameAs rdf:resource="http://ru.dbpedia.org/resource/Категория:Произведения_1741_года" />
    <owl:sameAs rdf:resource="http://zh.dbpedia.org/resource/Category:1741年作品" />
    <owl:sameAs rdf:resource="http://ko.dbpedia.org/resource/분류:1741년_작품" />
    <dbpedia-owl:wikiPageID rdf:datatype="http://www.w3.org/2001/XMLSchema#integer">5547115</dbpedia-owl:wikiPageID>
    <dbpedia-owl:wikiPageRevisionID rdf:datatype="http://www.w3.org/2001/XMLSchema#integer">546574451</dbpedia-owl:wikiPageRevisionID>
    <rdfs:label xml:lang="en">1741 works</rdfs:label>
    <skos:prefLabel xml:lang="en">1741 works</skos:prefLabel>
    <ns6:wasDerivedFrom rdf:resource="http://en.wikipedia.org/wiki/Category:1741_works?oldid=546574451" />
  </rdf:Description>
  <rdf:Description rdf:about="http://dbpedia.org/resource/Apostolicae_Servitutis">
    <dcterms:subject rdf:resource="http://dbpedia.org/resource/Category:1741_works" />
  </rdf:Description>
  <rdf:Description rdf:about="http://dbpedia.org/resource/Sinners_in_the_Hands_of_an_Angry_God">
    <dcterms:subject rdf:resource="http://dbpedia.org/resource/Category:1741_works" />
  </rdf:Description>
  <rdf:Description rdf:about="http://wikidata.dbpedia.org/resource/Q8102780">
    <owl:sameAs rdf:resource="http://dbpedia.org/resource/Category:1741_works" />
  </rdf:Description>
  <rdf:Description rdf:about="http://zh.dbpedia.org/resource/Category:1741年作品">
    <owl:sameAs rdf:resource="http://dbpedia.org/resource/Category:1741_works" />
  </rdf:Description>
  <rdf:Description rdf:about="http://fa.dbpedia.org/resource/رده:آثار_۱۷۴۱_(میلادی)">
    <owl:sameAs rdf:resource="http://dbpedia.org/resource/Category:1741_works" />
  </rdf:Description>
  <rdf:Description rdf:about="http://no.dbpedia.org/resource/Kategori:Verk_fra_1741">
    <owl:sameAs rdf:resource="http://dbpedia.org/resource/Category:1741_works" />
  </rdf:Description>
  <rdf:Description rdf:about="http://sv.dbpedia.org/resource/Kategori:Verk_1741">
    <owl:sameAs rdf:resource="http://dbpedia.org/resource/Category:1741_works" />
  </rdf:Description>
</rdf:RDF>
