<?xml version="1.0" encoding="utf-8" ?>
<rdf:RDF
	xmlns:rdf="http://www.w3.org/1999/02/22-rdf-syntax-ns#"
	xmlns:rdfs="http://www.w3.org/2000/01/rdf-schema#"
	xmlns:owl="http://www.w3.org/2002/07/owl#"
	xmlns:dcterms="http://purl.org/dc/terms/"
	xmlns:dbpedia-owl="http://dbpedia.org/ontology/"
	xmlns:skos="http://www.w3.org/2004/02/skos/core#"
	xmlns:ns6="http://www.w3.org/ns/prov#" >
  <rdf:Description rdf:about="http://dbpedia.org/resource/Category:1750s_paintings">
    <rdf:type rdf:resource="http://www.w3.org/2004/02/skos/core#Concept" />
    <owl:sameAs rdf:resource="http://dbpedia.org/resource/Category:1750s_paintings" />
    <owl:sameAs rdf:resource="http://fr.dbpedia.org/resource/Catégorie:Tableau_des_années_1750" />
    <owl:sameAs rdf:resource="http://www.wikidata.org/entity/Q8103254" />
    <dbpedia-owl:wikiPageID rdf:datatype="http://www.w3.org/2001/XMLSchema#integer">5615673</dbpedia-owl:wikiPageID>
    <dbpedia-owl:wikiPageRevisionID rdf:datatype="http://www.w3.org/2001/XMLSchema#integer">546575312</dbpedia-owl:wikiPageRevisionID>
    <rdfs:label xml:lang="en">1750s paintings</rdfs:label>
    <skos:prefLabel xml:lang="en">1750s paintings</skos:prefLabel>
    <ns6:wasDerivedFrom rdf:resource="http://en.wikipedia.org/wiki/Category:1750s_paintings?oldid=546575312" />
  </rdf:Description>
  <rdf:Description rdf:about="http://dbpedia.org/resource/Modern_Rome">
    <dcterms:subject rdf:resource="http://dbpedia.org/resource/Category:1750s_paintings" />
  </rdf:Description>
  <rdf:Description rdf:about="http://dbpedia.org/resource/Hogarth&#39;s_Servants">
    <dcterms:subject rdf:resource="http://dbpedia.org/resource/Category:1750s_paintings" />
  </rdf:Description>
  <rdf:Description rdf:about="http://fr.dbpedia.org/resource/Catégorie:Tableau_des_années_1750">
    <owl:sameAs rdf:resource="http://dbpedia.org/resource/Category:1750s_paintings" />
  </rdf:Description>
  <rdf:Description rdf:about="http://dbpedia.org/resource/Ancient_Rome_(painting)">
    <dcterms:subject rdf:resource="http://dbpedia.org/resource/Category:1750s_paintings" />
  </rdf:Description>
  <rdf:Description rdf:about="http://wikidata.dbpedia.org/resource/Q8103254">
    <owl:sameAs rdf:resource="http://dbpedia.org/resource/Category:1750s_paintings" />
  </rdf:Description>
</rdf:RDF>
