<?xml version="1.0" encoding="utf-8" ?>
<rdf:RDF
	xmlns:rdf="http://www.w3.org/1999/02/22-rdf-syntax-ns#"
	xmlns:rdfs="http://www.w3.org/2000/01/rdf-schema#"
	xmlns:owl="http://www.w3.org/2002/07/owl#"
	xmlns:dcterms="http://purl.org/dc/terms/"
	xmlns:dbpedia-owl="http://dbpedia.org/ontology/"
	xmlns:skos="http://www.w3.org/2004/02/skos/core#"
	xmlns:ns6="http://www.w3.org/ns/prov#" >
  <rdf:Description rdf:about="http://dbpedia.org/resource/Category:1752_treaties">
    <skos:broader rdf:resource="http://dbpedia.org/resource/Category:1752_works" />
  </rdf:Description>
  <rdf:Description rdf:about="http://ru.dbpedia.org/resource/Категория:Произведения_1752_года">
    <owl:sameAs rdf:resource="http://dbpedia.org/resource/Category:1752_works" />
  </rdf:Description>
  <rdf:Description rdf:about="http://dbpedia.org/resource/Reflections_on_the_variations,_or_inconsistencies,_which_are_found_among_the_four_Evangelists">
    <dcterms:subject rdf:resource="http://dbpedia.org/resource/Category:1752_works" />
  </rdf:Description>
  <rdf:Description rdf:about="http://dbpedia.org/resource/Liberty_Bell">
    <dcterms:subject rdf:resource="http://dbpedia.org/resource/Category:1752_works" />
  </rdf:Description>
  <rdf:Description rdf:about="http://dbpedia.org/resource/Syng_inkstand">
    <dcterms:subject rdf:resource="http://dbpedia.org/resource/Category:1752_works" />
  </rdf:Description>
  <rdf:Description rdf:about="http://dbpedia.org/resource/Columbus_Breaking_the_Egg">
    <dcterms:subject rdf:resource="http://dbpedia.org/resource/Category:1752_works" />
  </rdf:Description>
  <rdf:Description rdf:about="http://dbpedia.org/resource/Category:1752_works">
    <rdf:type rdf:resource="http://www.w3.org/2004/02/skos/core#Concept" />
    <owl:sameAs rdf:resource="http://no.dbpedia.org/resource/Kategori:Verk_fra_1752" />
    <owl:sameAs rdf:resource="http://ru.dbpedia.org/resource/Категория:Произведения_1752_года" />
    <owl:sameAs rdf:resource="http://ko.dbpedia.org/resource/분류:1752년_작품" />
    <owl:sameAs rdf:resource="http://dbpedia.org/resource/Category:1752_works" />
    <owl:sameAs rdf:resource="http://www.wikidata.org/entity/Q8006754" />
    <owl:sameAs rdf:resource="http://fa.dbpedia.org/resource/رده:آثار_۱۷۵۲_(میلادی)" />
    <dbpedia-owl:wikiPageID rdf:datatype="http://www.w3.org/2001/XMLSchema#integer">5547281</dbpedia-owl:wikiPageID>
    <dbpedia-owl:wikiPageRevisionID rdf:datatype="http://www.w3.org/2001/XMLSchema#integer">546577345</dbpedia-owl:wikiPageRevisionID>
    <rdfs:label xml:lang="en">1752 works</rdfs:label>
    <skos:prefLabel xml:lang="en">1752 works</skos:prefLabel>
    <ns6:wasDerivedFrom rdf:resource="http://en.wikipedia.org/wiki/Category:1752_works?oldid=546577345" />
  </rdf:Description>
  <rdf:Description rdf:about="http://ko.dbpedia.org/resource/분류:1752년_작품">
    <owl:sameAs rdf:resource="http://dbpedia.org/resource/Category:1752_works" />
  </rdf:Description>
  <rdf:Description rdf:about="http://dbpedia.org/resource/The_Covent-Garden_Journal">
    <dcterms:subject rdf:resource="http://dbpedia.org/resource/Category:1752_works" />
  </rdf:Description>
  <rdf:Description rdf:about="http://wikidata.dbpedia.org/resource/Q8006754">
    <owl:sameAs rdf:resource="http://dbpedia.org/resource/Category:1752_works" />
  </rdf:Description>
  <rdf:Description rdf:about="http://fa.dbpedia.org/resource/رده:آثار_۱۷۵۲_(میلادی)">
    <owl:sameAs rdf:resource="http://dbpedia.org/resource/Category:1752_works" />
  </rdf:Description>
  <rdf:Description rdf:about="http://no.dbpedia.org/resource/Kategori:Verk_fra_1752">
    <owl:sameAs rdf:resource="http://dbpedia.org/resource/Category:1752_works" />
  </rdf:Description>
</rdf:RDF>
