<?xml version="1.0" encoding="utf-8" ?>
<rdf:RDF
	xmlns:rdf="http://www.w3.org/1999/02/22-rdf-syntax-ns#"
	xmlns:rdfs="http://www.w3.org/2000/01/rdf-schema#"
	xmlns:owl="http://www.w3.org/2002/07/owl#"
	xmlns:dcterms="http://purl.org/dc/terms/"
	xmlns:dbpedia-owl="http://dbpedia.org/ontology/"
	xmlns:skos="http://www.w3.org/2004/02/skos/core#"
	xmlns:ns6="http://www.w3.org/ns/prov#" >
  <rdf:Description rdf:about="http://dbpedia.org/resource/Category:1754_treaties">
    <skos:broader rdf:resource="http://dbpedia.org/resource/Category:1754_works" />
  </rdf:Description>
  <rdf:Description rdf:about="http://dbpedia.org/resource/Holy_Trinity_Column_in_Olomouc">
    <dcterms:subject rdf:resource="http://dbpedia.org/resource/Category:1754_works" />
  </rdf:Description>
  <rdf:Description rdf:about="http://dbpedia.org/resource/An_Historical_Account_of_Two_Notable_Corruptions_of_Scripture">
    <dcterms:subject rdf:resource="http://dbpedia.org/resource/Category:1754_works" />
  </rdf:Description>
  <rdf:Description rdf:about="http://dbpedia.org/resource/Category:1754_ballet_premieres">
    <skos:broader rdf:resource="http://dbpedia.org/resource/Category:1754_works" />
  </rdf:Description>
  <rdf:Description rdf:about="http://dbpedia.org/resource/Join,_or_Die">
    <dcterms:subject rdf:resource="http://dbpedia.org/resource/Category:1754_works" />
  </rdf:Description>
  <rdf:Description rdf:about="http://ko.dbpedia.org/resource/분류:1754년_작품">
    <owl:sameAs rdf:resource="http://dbpedia.org/resource/Category:1754_works" />
  </rdf:Description>
  <rdf:Description rdf:about="http://dbpedia.org/resource/The_Freedom_of_the_Will">
    <dcterms:subject rdf:resource="http://dbpedia.org/resource/Category:1754_works" />
  </rdf:Description>
  <rdf:Description rdf:about="http://dbpedia.org/resource/Satire_on_False_Perspective">
    <dcterms:subject rdf:resource="http://dbpedia.org/resource/Category:1754_works" />
  </rdf:Description>
  <rdf:Description rdf:about="http://dbpedia.org/resource/Category:1754_works">
    <rdf:type rdf:resource="http://www.w3.org/2004/02/skos/core#Concept" />
    <owl:sameAs rdf:resource="http://dbpedia.org/resource/Category:1754_works" />
    <owl:sameAs rdf:resource="http://sl.dbpedia.org/resource/Kategorija:Dela_leta_1754" />
    <owl:sameAs rdf:resource="http://fa.dbpedia.org/resource/رده:آثار_۱۷۵۴_(میلادی)" />
    <owl:sameAs rdf:resource="http://www.wikidata.org/entity/Q7236227" />
    <owl:sameAs rdf:resource="http://th.dbpedia.org/resource/หมวดหมู่:ผลงานในปี_พ.ศ._2307" />
    <owl:sameAs rdf:resource="http://ko.dbpedia.org/resource/분류:1754년_작품" />
    <dbpedia-owl:wikiPageID rdf:datatype="http://www.w3.org/2001/XMLSchema#integer">5547286</dbpedia-owl:wikiPageID>
    <dbpedia-owl:wikiPageRevisionID rdf:datatype="http://www.w3.org/2001/XMLSchema#integer">544415809</dbpedia-owl:wikiPageRevisionID>
    <rdfs:label xml:lang="en">1754 works</rdfs:label>
    <skos:prefLabel xml:lang="en">1754 works</skos:prefLabel>
    <ns6:wasDerivedFrom rdf:resource="http://en.wikipedia.org/wiki/Category:1754_works?oldid=544415809" />
  </rdf:Description>
  <rdf:Description rdf:about="http://wikidata.dbpedia.org/resource/Q7236227">
    <owl:sameAs rdf:resource="http://dbpedia.org/resource/Category:1754_works" />
  </rdf:Description>
  <rdf:Description rdf:about="http://fa.dbpedia.org/resource/رده:آثار_۱۷۵۴_(میلادی)">
    <owl:sameAs rdf:resource="http://dbpedia.org/resource/Category:1754_works" />
  </rdf:Description>
  <rdf:Description rdf:about="http://sl.dbpedia.org/resource/Kategorija:Dela_leta_1754">
    <owl:sameAs rdf:resource="http://dbpedia.org/resource/Category:1754_works" />
  </rdf:Description>
  <rdf:Description rdf:about="http://th.dbpedia.org/resource/หมวดหมู่:ผลงานในปี_พ.ศ._2307">
    <owl:sameAs rdf:resource="http://dbpedia.org/resource/Category:1754_works" />
  </rdf:Description>
</rdf:RDF>
