<?xml version="1.0" encoding="utf-8" ?>
<rdf:RDF
	xmlns:rdf="http://www.w3.org/1999/02/22-rdf-syntax-ns#"
	xmlns:rdfs="http://www.w3.org/2000/01/rdf-schema#"
	xmlns:owl="http://www.w3.org/2002/07/owl#"
	xmlns:dcterms="http://purl.org/dc/terms/"
	xmlns:dbpedia-owl="http://dbpedia.org/ontology/"
	xmlns:skos="http://www.w3.org/2004/02/skos/core#"
	xmlns:ns6="http://www.w3.org/ns/prov#" >
  <rdf:Description rdf:about="http://dbpedia.org/resource/General_Johnson_Saving_a_Wounded_French_Officer_from_the_Tomahawk_of_a_North_American_Indian">
    <dcterms:subject rdf:resource="http://dbpedia.org/resource/Category:1768_paintings" />
  </rdf:Description>
  <rdf:Description rdf:about="http://dbpedia.org/resource/Category:1768_paintings">
    <rdf:type rdf:resource="http://www.w3.org/2004/02/skos/core#Concept" />
    <owl:sameAs rdf:resource="http://ru.dbpedia.org/resource/Категория:Картины_1768_года" />
    <owl:sameAs rdf:resource="http://www.wikidata.org/entity/Q8104192" />
    <owl:sameAs rdf:resource="http://dbpedia.org/resource/Category:1768_paintings" />
    <owl:sameAs rdf:resource="http://pt.dbpedia.org/resource/Categoria:Pinturas_de_1768" />
    <dbpedia-owl:wikiPageID rdf:datatype="http://www.w3.org/2001/XMLSchema#integer">12365882</dbpedia-owl:wikiPageID>
    <dbpedia-owl:wikiPageRevisionID rdf:datatype="http://www.w3.org/2001/XMLSchema#integer">546579096</dbpedia-owl:wikiPageRevisionID>
    <skos:broader rdf:resource="http://dbpedia.org/resource/Category:1760s_paintings" />
    <rdfs:label xml:lang="en">1768 paintings</rdfs:label>
    <skos:prefLabel xml:lang="en">1768 paintings</skos:prefLabel>
    <ns6:wasDerivedFrom rdf:resource="http://en.wikipedia.org/wiki/Category:1768_paintings?oldid=546579096" />
  </rdf:Description>
  <rdf:Description rdf:about="http://dbpedia.org/resource/An_Experiment_on_a_Bird_in_the_Air_Pump">
    <dcterms:subject rdf:resource="http://dbpedia.org/resource/Category:1768_paintings" />
  </rdf:Description>
  <rdf:Description rdf:about="http://pt.dbpedia.org/resource/Categoria:Pinturas_de_1768">
    <owl:sameAs rdf:resource="http://dbpedia.org/resource/Category:1768_paintings" />
  </rdf:Description>
  <rdf:Description rdf:about="http://ru.dbpedia.org/resource/Категория:Картины_1768_года">
    <owl:sameAs rdf:resource="http://dbpedia.org/resource/Category:1768_paintings" />
  </rdf:Description>
  <rdf:Description rdf:about="http://wikidata.dbpedia.org/resource/Q8104192">
    <owl:sameAs rdf:resource="http://dbpedia.org/resource/Category:1768_paintings" />
  </rdf:Description>
</rdf:RDF>
