<?xml version="1.0" encoding="utf-8" ?>
<rdf:RDF
	xmlns:rdf="http://www.w3.org/1999/02/22-rdf-syntax-ns#"
	xmlns:rdfs="http://www.w3.org/2000/01/rdf-schema#"
	xmlns:owl="http://www.w3.org/2002/07/owl#"
	xmlns:dcterms="http://purl.org/dc/terms/"
	xmlns:dbpedia-owl="http://dbpedia.org/ontology/"
	xmlns:skos="http://www.w3.org/2004/02/skos/core#"
	xmlns:ns6="http://www.w3.org/ns/prov#" >
  <rdf:Description rdf:about="http://dbpedia.org/resource/Chesme_Column">
    <dcterms:subject rdf:resource="http://dbpedia.org/resource/Category:1778_works" />
  </rdf:Description>
  <rdf:Description rdf:about="http://dbpedia.org/resource/Lady_Caroline_Howard">
    <dcterms:subject rdf:resource="http://dbpedia.org/resource/Category:1778_works" />
  </rdf:Description>
  <rdf:Description rdf:about="http://dbpedia.org/resource/Fontana_del_Genio_a_Villa_Giulia">
    <dcterms:subject rdf:resource="http://dbpedia.org/resource/Category:1778_works" />
  </rdf:Description>
  <rdf:Description rdf:about="http://dbpedia.org/resource/Category:1778_works">
    <rdf:type rdf:resource="http://www.w3.org/2004/02/skos/core#Concept" />
    <owl:sameAs rdf:resource="http://ko.dbpedia.org/resource/분류:1778년_작품" />
    <owl:sameAs rdf:resource="http://www.wikidata.org/entity/Q8006849" />
    <owl:sameAs rdf:resource="http://no.dbpedia.org/resource/Kategori:Verk_fra_1778" />
    <owl:sameAs rdf:resource="http://ru.dbpedia.org/resource/Категория:Произведения_1778_года" />
    <owl:sameAs rdf:resource="http://dbpedia.org/resource/Category:1778_works" />
    <owl:sameAs rdf:resource="http://fa.dbpedia.org/resource/رده:آثار_۱۷۷۸_(میلادی)" />
    <dbpedia-owl:wikiPageID rdf:datatype="http://www.w3.org/2001/XMLSchema#integer">5547333</dbpedia-owl:wikiPageID>
    <dbpedia-owl:wikiPageRevisionID rdf:datatype="http://www.w3.org/2001/XMLSchema#integer">546576310</dbpedia-owl:wikiPageRevisionID>
    <rdfs:label xml:lang="en">1778 works</rdfs:label>
    <skos:prefLabel xml:lang="en">1778 works</skos:prefLabel>
    <ns6:wasDerivedFrom rdf:resource="http://en.wikipedia.org/wiki/Category:1778_works?oldid=546576310" />
  </rdf:Description>
  <rdf:Description rdf:about="http://dbpedia.org/resource/Category:1778_treaties">
    <skos:broader rdf:resource="http://dbpedia.org/resource/Category:1778_works" />
  </rdf:Description>
  <rdf:Description rdf:about="http://ko.dbpedia.org/resource/분류:1778년_작품">
    <owl:sameAs rdf:resource="http://dbpedia.org/resource/Category:1778_works" />
  </rdf:Description>
  <rdf:Description rdf:about="http://dbpedia.org/resource/Westbury_White_Horse">
    <dcterms:subject rdf:resource="http://dbpedia.org/resource/Category:1778_works" />
  </rdf:Description>
  <rdf:Description rdf:about="http://ru.dbpedia.org/resource/Категория:Произведения_1778_года">
    <owl:sameAs rdf:resource="http://dbpedia.org/resource/Category:1778_works" />
  </rdf:Description>
  <rdf:Description rdf:about="http://dbpedia.org/resource/Bell_of_Chersonesos">
    <dcterms:subject rdf:resource="http://dbpedia.org/resource/Category:1778_works" />
  </rdf:Description>
  <rdf:Description rdf:about="http://wikidata.dbpedia.org/resource/Q8006849">
    <owl:sameAs rdf:resource="http://dbpedia.org/resource/Category:1778_works" />
  </rdf:Description>
  <rdf:Description rdf:about="http://fa.dbpedia.org/resource/رده:آثار_۱۷۷۸_(میلادی)">
    <owl:sameAs rdf:resource="http://dbpedia.org/resource/Category:1778_works" />
  </rdf:Description>
  <rdf:Description rdf:about="http://no.dbpedia.org/resource/Kategori:Verk_fra_1778">
    <owl:sameAs rdf:resource="http://dbpedia.org/resource/Category:1778_works" />
  </rdf:Description>
</rdf:RDF>
