<?xml version="1.0" encoding="utf-8" ?>
<rdf:RDF
	xmlns:rdf="http://www.w3.org/1999/02/22-rdf-syntax-ns#"
	xmlns:rdfs="http://www.w3.org/2000/01/rdf-schema#"
	xmlns:owl="http://www.w3.org/2002/07/owl#"
	xmlns:dcterms="http://purl.org/dc/terms/"
	xmlns:dbpedia-owl="http://dbpedia.org/ontology/"
	xmlns:skos="http://www.w3.org/2004/02/skos/core#"
	xmlns:ns6="http://www.w3.org/ns/prov#" >
  <rdf:Description rdf:about="http://dbpedia.org/resource/Virgil&#39;s_Tomb_(Joseph_Wright_paintings)">
    <dcterms:subject rdf:resource="http://dbpedia.org/resource/Category:1770s_paintings" />
  </rdf:Description>
  <rdf:Description rdf:about="http://dbpedia.org/resource/Category:1770s_paintings">
    <rdf:type rdf:resource="http://www.w3.org/2004/02/skos/core#Concept" />
    <owl:sameAs rdf:resource="http://www.wikidata.org/entity/Q8104406" />
    <owl:sameAs rdf:resource="http://dbpedia.org/resource/Category:1770s_paintings" />
    <owl:sameAs rdf:resource="http://fr.dbpedia.org/resource/Catégorie:Tableau_des_années_1770" />
    <dbpedia-owl:wikiPageID rdf:datatype="http://www.w3.org/2001/XMLSchema#integer">5615687</dbpedia-owl:wikiPageID>
    <dbpedia-owl:wikiPageRevisionID rdf:datatype="http://www.w3.org/2001/XMLSchema#integer">546579028</dbpedia-owl:wikiPageRevisionID>
    <rdfs:label xml:lang="en">1770s paintings</rdfs:label>
    <skos:prefLabel xml:lang="en">1770s paintings</skos:prefLabel>
    <ns6:wasDerivedFrom rdf:resource="http://en.wikipedia.org/wiki/Category:1770s_paintings?oldid=546579028" />
  </rdf:Description>
  <rdf:Description rdf:about="http://dbpedia.org/resource/A_Young_Girl_Reading">
    <dcterms:subject rdf:resource="http://dbpedia.org/resource/Category:1770s_paintings" />
  </rdf:Description>
  <rdf:Description rdf:about="http://dbpedia.org/resource/Washington_at_Princeton">
    <dcterms:subject rdf:resource="http://dbpedia.org/resource/Category:1770s_paintings" />
  </rdf:Description>
  <rdf:Description rdf:about="http://dbpedia.org/resource/The_Blacksmith&#39;s_Shop">
    <dcterms:subject rdf:resource="http://dbpedia.org/resource/Category:1770s_paintings" />
  </rdf:Description>
  <rdf:Description rdf:about="http://dbpedia.org/resource/The_Captive_King">
    <dcterms:subject rdf:resource="http://dbpedia.org/resource/Category:1770s_paintings" />
  </rdf:Description>
  <rdf:Description rdf:about="http://dbpedia.org/resource/Adoration_of_the_Name_of_God">
    <dcterms:subject rdf:resource="http://dbpedia.org/resource/Category:1770s_paintings" />
  </rdf:Description>
  <rdf:Description rdf:about="http://dbpedia.org/resource/Frescoes_in_the_Cartuja_de_Aula_Dei">
    <dcterms:subject rdf:resource="http://dbpedia.org/resource/Category:1770s_paintings" />
  </rdf:Description>
  <rdf:Description rdf:about="http://dbpedia.org/resource/Tribuna_of_the_Uffizi_(painting)">
    <dcterms:subject rdf:resource="http://dbpedia.org/resource/Category:1770s_paintings" />
  </rdf:Description>
  <rdf:Description rdf:about="http://dbpedia.org/resource/Grotto_in_the_Gulf_of_Salerno">
    <dcterms:subject rdf:resource="http://dbpedia.org/resource/Category:1770s_paintings" />
  </rdf:Description>
  <rdf:Description rdf:about="http://dbpedia.org/resource/Two_of_the_Natives_of_New_Holland,_Advancing_to_Combat">
    <dcterms:subject rdf:resource="http://dbpedia.org/resource/Category:1770s_paintings" />
  </rdf:Description>
  <rdf:Description rdf:about="http://dbpedia.org/resource/Vesuvius_in_Eruption_(Wright_painting)">
    <dcterms:subject rdf:resource="http://dbpedia.org/resource/Category:1770s_paintings" />
  </rdf:Description>
  <rdf:Description rdf:about="http://dbpedia.org/resource/Miravan_Breaking_Open_the_Tomb_of_his_Ancestors">
    <dcterms:subject rdf:resource="http://dbpedia.org/resource/Category:1770s_paintings" />
  </rdf:Description>
  <rdf:Description rdf:about="http://dbpedia.org/resource/The_Captive_(painting)">
    <dcterms:subject rdf:resource="http://dbpedia.org/resource/Category:1770s_paintings" />
  </rdf:Description>
  <rdf:Description rdf:about="http://dbpedia.org/resource/Penn&#39;s_Treaty_with_the_Indians">
    <dcterms:subject rdf:resource="http://dbpedia.org/resource/Category:1770s_paintings" />
  </rdf:Description>
  <rdf:Description rdf:about="http://fr.dbpedia.org/resource/Catégorie:Tableau_des_années_1770">
    <owl:sameAs rdf:resource="http://dbpedia.org/resource/Category:1770s_paintings" />
  </rdf:Description>
  <rdf:Description rdf:about="http://dbpedia.org/resource/Category:1774_paintings">
    <skos:broader rdf:resource="http://dbpedia.org/resource/Category:1770s_paintings" />
  </rdf:Description>
  <rdf:Description rdf:about="http://wikidata.dbpedia.org/resource/Q8104406">
    <owl:sameAs rdf:resource="http://dbpedia.org/resource/Category:1770s_paintings" />
  </rdf:Description>
</rdf:RDF>
