<?xml version="1.0" encoding="utf-8" ?>
<rdf:RDF
	xmlns:rdf="http://www.w3.org/1999/02/22-rdf-syntax-ns#"
	xmlns:rdfs="http://www.w3.org/2000/01/rdf-schema#"
	xmlns:owl="http://www.w3.org/2002/07/owl#"
	xmlns:dcterms="http://purl.org/dc/terms/"
	xmlns:dbpedia-owl="http://dbpedia.org/ontology/"
	xmlns:skos="http://www.w3.org/2004/02/skos/core#"
	xmlns:ns6="http://www.w3.org/ns/prov#" >
  <rdf:Description rdf:about="http://ko.dbpedia.org/resource/분류:1773년_작품">
    <owl:sameAs rdf:resource="http://dbpedia.org/resource/Category:1773_works" />
  </rdf:Description>
  <rdf:Description rdf:about="http://dbpedia.org/resource/Two_of_the_Natives_of_New_Holland,_Advancing_to_Combat">
    <dcterms:subject rdf:resource="http://dbpedia.org/resource/Category:1773_works" />
  </rdf:Description>
  <rdf:Description rdf:about="http://dbpedia.org/resource/Dominus_ac_Redemptor">
    <dcterms:subject rdf:resource="http://dbpedia.org/resource/Category:1773_works" />
  </rdf:Description>
  <rdf:Description rdf:about="http://dbpedia.org/resource/Category:1773_works">
    <rdf:type rdf:resource="http://www.w3.org/2004/02/skos/core#Concept" />
    <owl:sameAs rdf:resource="http://ar.dbpedia.org/resource/تصنيف:أعمال_1773" />
    <owl:sameAs rdf:resource="http://th.dbpedia.org/resource/หมวดหมู่:ผลงานในปี_พ.ศ._2316" />
    <owl:sameAs rdf:resource="http://dbpedia.org/resource/Category:1773_works" />
    <owl:sameAs rdf:resource="http://fa.dbpedia.org/resource/رده:آثار_۱۷۷۳_(میلادی)" />
    <owl:sameAs rdf:resource="http://ko.dbpedia.org/resource/분류:1773년_작품" />
    <owl:sameAs rdf:resource="http://sv.dbpedia.org/resource/Kategori:Verk_1773" />
    <owl:sameAs rdf:resource="http://www.wikidata.org/entity/Q7133662" />
    <dbpedia-owl:wikiPageID rdf:datatype="http://www.w3.org/2001/XMLSchema#integer">5499056</dbpedia-owl:wikiPageID>
    <dbpedia-owl:wikiPageRevisionID rdf:datatype="http://www.w3.org/2001/XMLSchema#integer">544411509</dbpedia-owl:wikiPageRevisionID>
    <rdfs:label xml:lang="en">1773 works</rdfs:label>
    <skos:prefLabel xml:lang="en">1773 works</skos:prefLabel>
    <ns6:wasDerivedFrom rdf:resource="http://en.wikipedia.org/wiki/Category:1773_works?oldid=544411509" />
  </rdf:Description>
  <rdf:Description rdf:about="http://dbpedia.org/resource/George_III_Monument_(Montreal)">
    <dcterms:subject rdf:resource="http://dbpedia.org/resource/Category:1773_works" />
  </rdf:Description>
  <rdf:Description rdf:about="http://dbpedia.org/resource/Exsultate,_jubilate">
    <dcterms:subject rdf:resource="http://dbpedia.org/resource/Category:1773_works" />
  </rdf:Description>
  <rdf:Description rdf:about="http://dbpedia.org/resource/God_Moves_in_a_Mysterious_Way">
    <dcterms:subject rdf:resource="http://dbpedia.org/resource/Category:1773_works" />
  </rdf:Description>
  <rdf:Description rdf:about="http://dbpedia.org/resource/Bagatelles_and_satires_(Benjamin_Franklin)">
    <dcterms:subject rdf:resource="http://dbpedia.org/resource/Category:1773_works" />
  </rdf:Description>
  <rdf:Description rdf:about="http://wikidata.dbpedia.org/resource/Q7133662">
    <owl:sameAs rdf:resource="http://dbpedia.org/resource/Category:1773_works" />
  </rdf:Description>
  <rdf:Description rdf:about="http://ar.dbpedia.org/resource/تصنيف:أعمال_1773">
    <owl:sameAs rdf:resource="http://dbpedia.org/resource/Category:1773_works" />
  </rdf:Description>
  <rdf:Description rdf:about="http://fa.dbpedia.org/resource/رده:آثار_۱۷۷۳_(میلادی)">
    <owl:sameAs rdf:resource="http://dbpedia.org/resource/Category:1773_works" />
  </rdf:Description>
  <rdf:Description rdf:about="http://sv.dbpedia.org/resource/Kategori:Verk_1773">
    <owl:sameAs rdf:resource="http://dbpedia.org/resource/Category:1773_works" />
  </rdf:Description>
  <rdf:Description rdf:about="http://th.dbpedia.org/resource/หมวดหมู่:ผลงานในปี_พ.ศ._2316">
    <owl:sameAs rdf:resource="http://dbpedia.org/resource/Category:1773_works" />
  </rdf:Description>
</rdf:RDF>
