<?xml version="1.0" encoding="utf-8" ?>
<rdf:RDF
	xmlns:rdf="http://www.w3.org/1999/02/22-rdf-syntax-ns#"
	xmlns:rdfs="http://www.w3.org/2000/01/rdf-schema#"
	xmlns:owl="http://www.w3.org/2002/07/owl#"
	xmlns:dcterms="http://purl.org/dc/terms/"
	xmlns:dbpedia-owl="http://dbpedia.org/ontology/"
	xmlns:skos="http://www.w3.org/2004/02/skos/core#"
	xmlns:ns6="http://www.w3.org/ns/prov#" >
  <rdf:Description rdf:about="http://dbpedia.org/resource/Portrait_of_Count_Stanislas_Potocki">
    <dcterms:subject rdf:resource="http://dbpedia.org/resource/Category:1780_paintings" />
  </rdf:Description>
  <rdf:Description rdf:about="http://dbpedia.org/resource/Christ_Crucified_(Goya)">
    <dcterms:subject rdf:resource="http://dbpedia.org/resource/Category:1780_paintings" />
  </rdf:Description>
  <rdf:Description rdf:about="http://dbpedia.org/resource/Category:1780_paintings">
    <rdf:type rdf:resource="http://www.w3.org/2004/02/skos/core#Concept" />
    <owl:sameAs rdf:resource="http://www.wikidata.org/entity/Q8104998" />
    <owl:sameAs rdf:resource="http://dbpedia.org/resource/Category:1780_paintings" />
    <dbpedia-owl:wikiPageID rdf:datatype="http://www.w3.org/2001/XMLSchema#integer">21408398</dbpedia-owl:wikiPageID>
    <dbpedia-owl:wikiPageRevisionID rdf:datatype="http://www.w3.org/2001/XMLSchema#integer">313656427</dbpedia-owl:wikiPageRevisionID>
    <rdfs:label xml:lang="en">1780 paintings</rdfs:label>
    <skos:prefLabel xml:lang="en">1780 paintings</skos:prefLabel>
    <ns6:wasDerivedFrom rdf:resource="http://en.wikipedia.org/wiki/Category:1780_paintings?oldid=313656427" />
  </rdf:Description>
  <rdf:Description rdf:about="http://dbpedia.org/resource/Saint_Roch_Interceding_with_the_Virgin_for_the_Plague-Stricken">
    <dcterms:subject rdf:resource="http://dbpedia.org/resource/Category:1780_paintings" />
  </rdf:Description>
  <rdf:Description rdf:about="http://wikidata.dbpedia.org/resource/Q8104998">
    <owl:sameAs rdf:resource="http://dbpedia.org/resource/Category:1780_paintings" />
  </rdf:Description>
</rdf:RDF>
