<?xml version="1.0" encoding="utf-8" ?>
<rdf:RDF
	xmlns:rdf="http://www.w3.org/1999/02/22-rdf-syntax-ns#"
	xmlns:rdfs="http://www.w3.org/2000/01/rdf-schema#"
	xmlns:owl="http://www.w3.org/2002/07/owl#"
	xmlns:dcterms="http://purl.org/dc/terms/"
	xmlns:dbpedia-owl="http://dbpedia.org/ontology/"
	xmlns:skos="http://www.w3.org/2004/02/skos/core#"
	xmlns:ns6="http://www.w3.org/ns/prov#" >
  <rdf:Description rdf:about="http://dbpedia.org/resource/The_Age_of_Innocence_(painting)">
    <dcterms:subject rdf:resource="http://dbpedia.org/resource/Category:1788_paintings" />
  </rdf:Description>
  <rdf:Description rdf:about="http://dbpedia.org/resource/Colonel_Mordaunt&#39;s_Cock_Match">
    <dcterms:subject rdf:resource="http://dbpedia.org/resource/Category:1788_paintings" />
  </rdf:Description>
  <rdf:Description rdf:about="http://dbpedia.org/resource/Category:1788_paintings">
    <rdf:type rdf:resource="http://www.w3.org/2004/02/skos/core#Concept" />
    <owl:sameAs rdf:resource="http://dbpedia.org/resource/Category:1788_paintings" />
    <owl:sameAs rdf:resource="http://www.wikidata.org/entity/Q8105621" />
    <dbpedia-owl:wikiPageID rdf:datatype="http://www.w3.org/2001/XMLSchema#integer">21407497</dbpedia-owl:wikiPageID>
    <dbpedia-owl:wikiPageRevisionID rdf:datatype="http://www.w3.org/2001/XMLSchema#integer">313656734</dbpedia-owl:wikiPageRevisionID>
    <rdfs:label xml:lang="en">1788 paintings</rdfs:label>
    <skos:prefLabel xml:lang="en">1788 paintings</skos:prefLabel>
    <ns6:wasDerivedFrom rdf:resource="http://en.wikipedia.org/wiki/Category:1788_paintings?oldid=313656734" />
  </rdf:Description>
  <rdf:Description rdf:about="http://dbpedia.org/resource/Portrait_of_Antoine-Laurent_Lavoisier_and_his_wife">
    <dcterms:subject rdf:resource="http://dbpedia.org/resource/Category:1788_paintings" />
  </rdf:Description>
  <rdf:Description rdf:about="http://wikidata.dbpedia.org/resource/Q8105621">
    <owl:sameAs rdf:resource="http://dbpedia.org/resource/Category:1788_paintings" />
  </rdf:Description>
</rdf:RDF>
