<?xml version="1.0" encoding="utf-8" ?>
<rdf:RDF
	xmlns:rdf="http://www.w3.org/1999/02/22-rdf-syntax-ns#"
	xmlns:rdfs="http://www.w3.org/2000/01/rdf-schema#"
	xmlns:owl="http://www.w3.org/2002/07/owl#"
	xmlns:dcterms="http://purl.org/dc/terms/"
	xmlns:dbpedia-owl="http://dbpedia.org/ontology/"
	xmlns:skos="http://www.w3.org/2004/02/skos/core#"
	xmlns:ns6="http://www.w3.org/ns/prov#" >
  <rdf:Description rdf:about="http://dbpedia.org/resource/Hospicio_Caba%C3%B1as">
    <dcterms:subject rdf:resource="http://dbpedia.org/resource/Category:1791_establishments" />
  </rdf:Description>
  <rdf:Description rdf:about="http://dbpedia.org/resource/Mathews_County,_Virginia">
    <dcterms:subject rdf:resource="http://dbpedia.org/resource/Category:1791_establishments" />
  </rdf:Description>
  <rdf:Description rdf:about="http://dbpedia.org/resource/Category:Publications_established_in_1791">
    <skos:broader rdf:resource="http://dbpedia.org/resource/Category:1791_establishments" />
  </rdf:Description>
  <rdf:Description rdf:about="http://dbpedia.org/resource/Sowind_Group">
    <dcterms:subject rdf:resource="http://dbpedia.org/resource/Category:1791_establishments" />
  </rdf:Description>
  <rdf:Description rdf:about="http://dbpedia.org/resource/Sierra_Leonean_dollar">
    <dcterms:subject rdf:resource="http://dbpedia.org/resource/Category:1791_establishments" />
  </rdf:Description>
  <rdf:Description rdf:about="http://dbpedia.org/resource/Category:Organizations_established_in_1791">
    <skos:broader rdf:resource="http://dbpedia.org/resource/Category:1791_establishments" />
  </rdf:Description>
  <rdf:Description rdf:about="http://ko.dbpedia.org/resource/분류:1791년_설립">
    <owl:sameAs rdf:resource="http://dbpedia.org/resource/Category:1791_establishments" />
  </rdf:Description>
  <rdf:Description rdf:about="http://dbpedia.org/resource/Girard-Perregaux">
    <dcterms:subject rdf:resource="http://dbpedia.org/resource/Category:1791_establishments" />
  </rdf:Description>
  <rdf:Description rdf:about="http://dbpedia.org/resource/Saint_Thomas_of_Guiana">
    <dcterms:subject rdf:resource="http://dbpedia.org/resource/Category:1791_establishments" />
  </rdf:Description>
  <rdf:Description rdf:about="http://dbpedia.org/resource/Lenoir_County,_North_Carolina">
    <dcterms:subject rdf:resource="http://dbpedia.org/resource/Category:1791_establishments" />
  </rdf:Description>
  <rdf:Description rdf:about="http://dbpedia.org/resource/Patrick_County,_Virginia">
    <dcterms:subject rdf:resource="http://dbpedia.org/resource/Category:1791_establishments" />
  </rdf:Description>
  <rdf:Description rdf:about="http://dbpedia.org/resource/Freedom_and_Unity">
    <dcterms:subject rdf:resource="http://dbpedia.org/resource/Category:1791_establishments" />
  </rdf:Description>
  <rdf:Description rdf:about="http://dbpedia.org/resource/Mission_Nuestra_Se%C3%B1ora_de_la_Soledad">
    <dcterms:subject rdf:resource="http://dbpedia.org/resource/Category:1791_establishments" />
  </rdf:Description>
  <rdf:Description rdf:about="http://dbpedia.org/resource/Mission_Dolores_mural">
    <dcterms:subject rdf:resource="http://dbpedia.org/resource/Category:1791_establishments" />
  </rdf:Description>
  <rdf:Description rdf:about="http://fr.dbpedia.org/resource/Catégorie:Fondation_en_1791">
    <owl:sameAs rdf:resource="http://dbpedia.org/resource/Category:1791_establishments" />
  </rdf:Description>
  <rdf:Description rdf:about="http://ru.dbpedia.org/resource/Категория:Появились_в_1791_году">
    <owl:sameAs rdf:resource="http://dbpedia.org/resource/Category:1791_establishments" />
  </rdf:Description>
  <rdf:Description rdf:about="http://dbpedia.org/resource/Person_County,_North_Carolina">
    <dcterms:subject rdf:resource="http://dbpedia.org/resource/Category:1791_establishments" />
  </rdf:Description>
  <rdf:Description rdf:about="http://dbpedia.org/resource/Misi%C3%B3n_Santo_Tom%C3%A1s_de_Aquino">
    <dcterms:subject rdf:resource="http://dbpedia.org/resource/Category:1791_establishments" />
  </rdf:Description>
  <rdf:Description rdf:about="http://dbpedia.org/resource/Government_of_Vermont">
    <dcterms:subject rdf:resource="http://dbpedia.org/resource/Category:1791_establishments" />
  </rdf:Description>
  <rdf:Description rdf:about="http://dbpedia.org/resource/Category:1791_establishments">
    <rdf:type rdf:resource="http://www.w3.org/2004/02/skos/core#Concept" />
    <owl:sameAs rdf:resource="http://ro.dbpedia.org/resource/Categorie:Fondări_în_1791" />
    <owl:sameAs rdf:resource="http://da.dbpedia.org/resource/Kategori:Etableret_i_1791" />
    <owl:sameAs rdf:resource="http://dbpedia.org/resource/Category:1791_establishments" />
    <owl:sameAs rdf:resource="http://fa.dbpedia.org/resource/رده:بنیان‌گذاری‌های_۱۷۹۱_(میلادی)" />
    <owl:sameAs rdf:resource="http://tr.dbpedia.org/resource/Kategori:1791&#39;de_kurulan_kuruluşlar" />
    <owl:sameAs rdf:resource="http://de.dbpedia.org/resource/Kategorie:Gegründet_1791" />
    <owl:sameAs rdf:resource="http://nn.dbpedia.org/resource/Kategori:Skipingar_i_1791" />
    <owl:sameAs rdf:resource="http://az.dbpedia.org/resource/Kateqoriya:1791-ci_ildə_yarananlar" />
    <owl:sameAs rdf:resource="http://no.dbpedia.org/resource/Kategori:Etableringer_i_1791" />
    <owl:sameAs rdf:resource="http://new.dbpedia.org/resource/पुचः:सन्_१७९१य्_पलिस्था" />
    <owl:sameAs rdf:resource="http://es.dbpedia.org/resource/Categoría:Organizaciones_fundadas_en_1791" />
    <owl:sameAs rdf:resource="http://uk.dbpedia.org/resource/Категорія:Засновані_1791" />
    <owl:sameAs rdf:resource="http://cy.dbpedia.org/resource/Categori:Sefydliadau_1791" />
    <owl:sameAs rdf:resource="http://simple.dbpedia.org/resource/Category:1791_establishments" />
    <owl:sameAs rdf:resource="http://ru.dbpedia.org/resource/Категория:Появились_в_1791_году" />
    <owl:sameAs rdf:resource="http://cs.dbpedia.org/resource/Kategorie:Vzniklo_1791" />
    <owl:sameAs rdf:resource="http://be_x_old.dbpedia.org/resource/Катэгорыя:Зьявіліся_ў_1791_годзе" />
    <owl:sameAs rdf:resource="http://fr.dbpedia.org/resource/Catégorie:Fondation_en_1791" />
    <owl:sameAs rdf:resource="http://sv.dbpedia.org/resource/Kategori:Bildanden_1791" />
    <owl:sameAs rdf:resource="http://ko.dbpedia.org/resource/분류:1791년_설립" />
    <owl:sameAs rdf:resource="http://www.wikidata.org/entity/Q8105983" />
    <owl:sameAs rdf:resource="http://vi.dbpedia.org/resource/Thể_loại:Khởi_đầu_năm_1791" />
    <owl:sameAs rdf:resource="http://zh.dbpedia.org/resource/Category:1791年建立" />
    <owl:sameAs rdf:resource="http://sl.dbpedia.org/resource/Kategorija:Ustanovitve_leta_1791" />
    <dbpedia-owl:wikiPageID rdf:datatype="http://www.w3.org/2001/XMLSchema#integer">3911895</dbpedia-owl:wikiPageID>
    <dbpedia-owl:wikiPageRevisionID rdf:datatype="http://www.w3.org/2001/XMLSchema#integer">546583911</dbpedia-owl:wikiPageRevisionID>
    <rdfs:label xml:lang="en">1791 establishments</rdfs:label>
    <skos:prefLabel xml:lang="en">1791 establishments</skos:prefLabel>
    <ns6:wasDerivedFrom rdf:resource="http://en.wikipedia.org/wiki/Category:1791_establishments?oldid=546583911" />
  </rdf:Description>
  <rdf:Description rdf:about="http://dbpedia.org/resource/Mission_Santa_Cruz">
    <dcterms:subject rdf:resource="http://dbpedia.org/resource/Category:1791_establishments" />
  </rdf:Description>
  <rdf:Description rdf:about="http://cs.dbpedia.org/resource/Kategorie:Vzniklo_1791">
    <owl:sameAs rdf:resource="http://dbpedia.org/resource/Category:1791_establishments" />
  </rdf:Description>
  <rdf:Description rdf:about="http://de.dbpedia.org/resource/Kategorie:Gegründet_1791">
    <owl:sameAs rdf:resource="http://dbpedia.org/resource/Category:1791_establishments" />
  </rdf:Description>
  <rdf:Description rdf:about="http://wikidata.dbpedia.org/resource/Q8105983">
    <owl:sameAs rdf:resource="http://dbpedia.org/resource/Category:1791_establishments" />
  </rdf:Description>
  <rdf:Description rdf:about="http://zh.dbpedia.org/resource/Category:1791年建立">
    <owl:sameAs rdf:resource="http://dbpedia.org/resource/Category:1791_establishments" />
  </rdf:Description>
  <rdf:Description rdf:about="http://az.dbpedia.org/resource/Kateqoriya:1791-ci_ildə_yarananlar">
    <owl:sameAs rdf:resource="http://dbpedia.org/resource/Category:1791_establishments" />
  </rdf:Description>
  <rdf:Description rdf:about="http://cy.dbpedia.org/resource/Categori:Sefydliadau_1791">
    <owl:sameAs rdf:resource="http://dbpedia.org/resource/Category:1791_establishments" />
  </rdf:Description>
  <rdf:Description rdf:about="http://da.dbpedia.org/resource/Kategori:Etableret_i_1791">
    <owl:sameAs rdf:resource="http://dbpedia.org/resource/Category:1791_establishments" />
  </rdf:Description>
  <rdf:Description rdf:about="http://fa.dbpedia.org/resource/رده:بنیان‌گذاری‌های_۱۷۹۱_(میلادی)">
    <owl:sameAs rdf:resource="http://dbpedia.org/resource/Category:1791_establishments" />
  </rdf:Description>
  <rdf:Description rdf:about="http://nn.dbpedia.org/resource/Kategori:Skipingar_i_1791">
    <owl:sameAs rdf:resource="http://dbpedia.org/resource/Category:1791_establishments" />
  </rdf:Description>
  <rdf:Description rdf:about="http://no.dbpedia.org/resource/Kategori:Etableringer_i_1791">
    <owl:sameAs rdf:resource="http://dbpedia.org/resource/Category:1791_establishments" />
  </rdf:Description>
  <rdf:Description rdf:about="http://ro.dbpedia.org/resource/Categorie:Fondări_în_1791">
    <owl:sameAs rdf:resource="http://dbpedia.org/resource/Category:1791_establishments" />
  </rdf:Description>
  <rdf:Description rdf:about="http://simple.dbpedia.org/resource/Category:1791_establishments">
    <owl:sameAs rdf:resource="http://dbpedia.org/resource/Category:1791_establishments" />
  </rdf:Description>
  <rdf:Description rdf:about="http://sl.dbpedia.org/resource/Kategorija:Ustanovitve_leta_1791">
    <owl:sameAs rdf:resource="http://dbpedia.org/resource/Category:1791_establishments" />
  </rdf:Description>
  <rdf:Description rdf:about="http://sv.dbpedia.org/resource/Kategori:Bildanden_1791">
    <owl:sameAs rdf:resource="http://dbpedia.org/resource/Category:1791_establishments" />
  </rdf:Description>
  <rdf:Description rdf:about="http://tr.dbpedia.org/resource/Kategori:1791&#39;de_kurulan_kuruluşlar">
    <owl:sameAs rdf:resource="http://dbpedia.org/resource/Category:1791_establishments" />
  </rdf:Description>
  <rdf:Description rdf:about="http://uk.dbpedia.org/resource/Категорія:Засновані_1791">
    <owl:sameAs rdf:resource="http://dbpedia.org/resource/Category:1791_establishments" />
  </rdf:Description>
  <rdf:Description rdf:about="http://vi.dbpedia.org/resource/Thể_loại:Khởi_đầu_năm_1791">
    <owl:sameAs rdf:resource="http://dbpedia.org/resource/Category:1791_establishments" />
  </rdf:Description>
  <rdf:Description rdf:about="http://be_x_old.dbpedia.org/resource/Катэгорыя:Зьявіліся_ў_1791_годзе">
    <owl:sameAs rdf:resource="http://dbpedia.org/resource/Category:1791_establishments" />
  </rdf:Description>
  <rdf:Description rdf:about="http://new.dbpedia.org/resource/पुचः:सन्_१७९१य्_पलिस्था">
    <owl:sameAs rdf:resource="http://dbpedia.org/resource/Category:1791_establishments" />
  </rdf:Description>
</rdf:RDF>
