<?xml version="1.0" encoding="utf-8" ?>
<rdf:RDF
	xmlns:rdf="http://www.w3.org/1999/02/22-rdf-syntax-ns#"
	xmlns:rdfs="http://www.w3.org/2000/01/rdf-schema#"
	xmlns:owl="http://www.w3.org/2002/07/owl#"
	xmlns:dcterms="http://purl.org/dc/terms/"
	xmlns:dbpedia-owl="http://dbpedia.org/ontology/"
	xmlns:skos="http://www.w3.org/2004/02/skos/core#"
	xmlns:ns6="http://www.w3.org/ns/prov#" >
  <rdf:Description rdf:about="http://dbpedia.org/resource/The_Death_of_Captain_James_Cook_(Zoffany)">
    <dcterms:subject rdf:resource="http://dbpedia.org/resource/Category:1790s_paintings" />
  </rdf:Description>
  <rdf:Description rdf:about="http://dbpedia.org/resource/Le_B%C3%A9n%C3%A9dicit%C3%A9">
    <dcterms:subject rdf:resource="http://dbpedia.org/resource/Category:1790s_paintings" />
  </rdf:Description>
  <rdf:Description rdf:about="http://dbpedia.org/resource/Category:1790s_paintings">
    <rdf:type rdf:resource="http://www.w3.org/2004/02/skos/core#Concept" />
    <owl:sameAs rdf:resource="http://www.wikidata.org/entity/Q8105902" />
    <owl:sameAs rdf:resource="http://dbpedia.org/resource/Category:1790s_paintings" />
    <owl:sameAs rdf:resource="http://fr.dbpedia.org/resource/Catégorie:Tableau_des_années_1790" />
    <owl:sameAs rdf:resource="http://no.dbpedia.org/resource/Kategori:Malerier_fra_1790-årene" />
    <owl:sameAs rdf:resource="http://ro.dbpedia.org/resource/Categorie:Picturi_ale_anilor_1790" />
    <dbpedia-owl:wikiPageID rdf:datatype="http://www.w3.org/2001/XMLSchema#integer">5615704</dbpedia-owl:wikiPageID>
    <dbpedia-owl:wikiPageRevisionID rdf:datatype="http://www.w3.org/2001/XMLSchema#integer">546583076</dbpedia-owl:wikiPageRevisionID>
    <rdfs:label xml:lang="en">1790s paintings</rdfs:label>
    <skos:prefLabel xml:lang="en">1790s paintings</skos:prefLabel>
    <ns6:wasDerivedFrom rdf:resource="http://en.wikipedia.org/wiki/Category:1790s_paintings?oldid=546583076" />
  </rdf:Description>
  <rdf:Description rdf:about="http://fr.dbpedia.org/resource/Catégorie:Tableau_des_années_1790">
    <owl:sameAs rdf:resource="http://dbpedia.org/resource/Category:1790s_paintings" />
  </rdf:Description>
  <rdf:Description rdf:about="http://dbpedia.org/resource/The_Skating_Minister">
    <dcterms:subject rdf:resource="http://dbpedia.org/resource/Category:1790s_paintings" />
  </rdf:Description>
  <rdf:Description rdf:about="http://wikidata.dbpedia.org/resource/Q8105902">
    <owl:sameAs rdf:resource="http://dbpedia.org/resource/Category:1790s_paintings" />
  </rdf:Description>
  <rdf:Description rdf:about="http://no.dbpedia.org/resource/Kategori:Malerier_fra_1790-årene">
    <owl:sameAs rdf:resource="http://dbpedia.org/resource/Category:1790s_paintings" />
  </rdf:Description>
  <rdf:Description rdf:about="http://ro.dbpedia.org/resource/Categorie:Picturi_ale_anilor_1790">
    <owl:sameAs rdf:resource="http://dbpedia.org/resource/Category:1790s_paintings" />
  </rdf:Description>
</rdf:RDF>
