<?xml version="1.0" encoding="utf-8" ?>
<rdf:RDF
	xmlns:rdf="http://www.w3.org/1999/02/22-rdf-syntax-ns#"
	xmlns:rdfs="http://www.w3.org/2000/01/rdf-schema#"
	xmlns:owl="http://www.w3.org/2002/07/owl#"
	xmlns:dcterms="http://purl.org/dc/terms/"
	xmlns:dbpedia-owl="http://dbpedia.org/ontology/"
	xmlns:skos="http://www.w3.org/2004/02/skos/core#"
	xmlns:ns6="http://www.w3.org/ns/prov#" >
  <rdf:Description rdf:about="http://dbpedia.org/resource/Category:17th_century_in_Scotland">
    <rdf:type rdf:resource="http://www.w3.org/2004/02/skos/core#Concept" />
    <owl:sameAs rdf:resource="http://sv.dbpedia.org/resource/Kategori:Skottland_under_1600-talet" />
    <owl:sameAs rdf:resource="http://es.dbpedia.org/resource/Categoría:Siglo_XVII_en_Escocia" />
    <owl:sameAs rdf:resource="http://www.wikidata.org/entity/Q8107017" />
    <owl:sameAs rdf:resource="http://fa.dbpedia.org/resource/رده:اسکاتلند_در_سده_۱۷_(میلادی)" />
    <owl:sameAs rdf:resource="http://dbpedia.org/resource/Category:17th_century_in_Scotland" />
    <dbpedia-owl:wikiPageID rdf:datatype="http://www.w3.org/2001/XMLSchema#integer">7511335</dbpedia-owl:wikiPageID>
    <dbpedia-owl:wikiPageRevisionID rdf:datatype="http://www.w3.org/2001/XMLSchema#integer">546607619</dbpedia-owl:wikiPageRevisionID>
    <skos:broader rdf:resource="http://dbpedia.org/resource/Category:17th_century_by_country" />
    <skos:broader rdf:resource="http://dbpedia.org/resource/Category:Stuart_Scotland" />
    <skos:broader rdf:resource="http://dbpedia.org/resource/Category:17th_century_in_Europe" />
    <skos:broader rdf:resource="http://dbpedia.org/resource/Category:2nd_millennium_in_Scotland" />
    <skos:broader rdf:resource="http://dbpedia.org/resource/Category:Centuries_in_Scotland" />
    <skos:broader rdf:resource="http://dbpedia.org/resource/Category:Early_Modern_Scotland" />
    <rdfs:label xml:lang="en">17th century in Scotland</rdfs:label>
    <skos:prefLabel xml:lang="en">17th century in Scotland</skos:prefLabel>
    <ns6:wasDerivedFrom rdf:resource="http://en.wikipedia.org/wiki/Category:17th_century_in_Scotland?oldid=546607619" />
  </rdf:Description>
  <rdf:Description rdf:about="http://dbpedia.org/resource/Category:Years_of_the_17th_century_in_Scotland">
    <skos:broader rdf:resource="http://dbpedia.org/resource/Category:17th_century_in_Scotland" />
  </rdf:Description>
  <rdf:Description rdf:about="http://dbpedia.org/resource/Mingarry_Castle">
    <dcterms:subject rdf:resource="http://dbpedia.org/resource/Category:17th_century_in_Scotland" />
  </rdf:Description>
  <rdf:Description rdf:about="http://dbpedia.org/resource/The_Killing_Time">
    <dcterms:subject rdf:resource="http://dbpedia.org/resource/Category:17th_century_in_Scotland" />
  </rdf:Description>
  <rdf:Description rdf:about="http://dbpedia.org/resource/Committee_of_Estates">
    <dcterms:subject rdf:resource="http://dbpedia.org/resource/Category:17th_century_in_Scotland" />
  </rdf:Description>
  <rdf:Description rdf:about="http://dbpedia.org/resource/Moss-trooper">
    <dcterms:subject rdf:resource="http://dbpedia.org/resource/Category:17th_century_in_Scotland" />
  </rdf:Description>
  <rdf:Description rdf:about="http://dbpedia.org/resource/Plantation_of_Ulster">
    <dcterms:subject rdf:resource="http://dbpedia.org/resource/Category:17th_century_in_Scotland" />
  </rdf:Description>
  <rdf:Description rdf:about="http://dbpedia.org/resource/Fort_Charlotte,_Shetland">
    <dcterms:subject rdf:resource="http://dbpedia.org/resource/Category:17th_century_in_Scotland" />
  </rdf:Description>
  <rdf:Description rdf:about="http://dbpedia.org/resource/Jacobite_risings">
    <dcterms:subject rdf:resource="http://dbpedia.org/resource/Category:17th_century_in_Scotland" />
  </rdf:Description>
  <rdf:Description rdf:about="http://dbpedia.org/resource/Queensberry_House">
    <dcterms:subject rdf:resource="http://dbpedia.org/resource/Category:17th_century_in_Scotland" />
  </rdf:Description>
  <rdf:Description rdf:about="http://dbpedia.org/resource/Category:1610s_in_Scotland">
    <skos:broader rdf:resource="http://dbpedia.org/resource/Category:17th_century_in_Scotland" />
  </rdf:Description>
  <rdf:Description rdf:about="http://dbpedia.org/resource/Category:1650s_in_Scotland">
    <skos:broader rdf:resource="http://dbpedia.org/resource/Category:17th_century_in_Scotland" />
  </rdf:Description>
  <rdf:Description rdf:about="http://dbpedia.org/resource/Category:1690s_in_Scotland">
    <skos:broader rdf:resource="http://dbpedia.org/resource/Category:17th_century_in_Scotland" />
  </rdf:Description>
  <rdf:Description rdf:about="http://dbpedia.org/resource/Gabbart">
    <dcterms:subject rdf:resource="http://dbpedia.org/resource/Category:17th_century_in_Scotland" />
  </rdf:Description>
  <rdf:Description rdf:about="http://dbpedia.org/resource/Tender_of_Union">
    <dcterms:subject rdf:resource="http://dbpedia.org/resource/Category:17th_century_in_Scotland" />
  </rdf:Description>
  <rdf:Description rdf:about="http://dbpedia.org/resource/Mercurius_Caledonius">
    <dcterms:subject rdf:resource="http://dbpedia.org/resource/Category:17th_century_in_Scotland" />
  </rdf:Description>
  <rdf:Description rdf:about="http://dbpedia.org/resource/Darien_scheme">
    <dcterms:subject rdf:resource="http://dbpedia.org/resource/Category:17th_century_in_Scotland" />
  </rdf:Description>
  <rdf:Description rdf:about="http://dbpedia.org/resource/Scottish_colonization_of_the_Americas">
    <dcterms:subject rdf:resource="http://dbpedia.org/resource/Category:17th_century_in_Scotland" />
  </rdf:Description>
  <rdf:Description rdf:about="http://dbpedia.org/resource/Category:17th-century_Scottish_people">
    <skos:broader rdf:resource="http://dbpedia.org/resource/Category:17th_century_in_Scotland" />
  </rdf:Description>
  <rdf:Description rdf:about="http://dbpedia.org/resource/Category:1600s_in_Scotland">
    <skos:broader rdf:resource="http://dbpedia.org/resource/Category:17th_century_in_Scotland" />
  </rdf:Description>
  <rdf:Description rdf:about="http://dbpedia.org/resource/Category:1640s_in_Scotland">
    <skos:broader rdf:resource="http://dbpedia.org/resource/Category:17th_century_in_Scotland" />
  </rdf:Description>
  <rdf:Description rdf:about="http://dbpedia.org/resource/Category:1680s_in_Scotland">
    <skos:broader rdf:resource="http://dbpedia.org/resource/Category:17th_century_in_Scotland" />
  </rdf:Description>
  <rdf:Description rdf:about="http://dbpedia.org/resource/Category:17th-century_Scottish_clan_battles">
    <skos:broader rdf:resource="http://dbpedia.org/resource/Category:17th_century_in_Scotland" />
  </rdf:Description>
  <rdf:Description rdf:about="http://dbpedia.org/resource/Category:1630s_in_Scotland">
    <skos:broader rdf:resource="http://dbpedia.org/resource/Category:17th_century_in_Scotland" />
  </rdf:Description>
  <rdf:Description rdf:about="http://dbpedia.org/resource/Category:1670s_in_Scotland">
    <skos:broader rdf:resource="http://dbpedia.org/resource/Category:17th_century_in_Scotland" />
  </rdf:Description>
  <rdf:Description rdf:about="http://dbpedia.org/resource/Treaty_of_Suza">
    <dcterms:subject rdf:resource="http://dbpedia.org/resource/Category:17th_century_in_Scotland" />
  </rdf:Description>
  <rdf:Description rdf:about="http://dbpedia.org/resource/Keppoch_murders">
    <dcterms:subject rdf:resource="http://dbpedia.org/resource/Category:17th_century_in_Scotland" />
  </rdf:Description>
  <rdf:Description rdf:about="http://dbpedia.org/resource/Category:1620s_in_Scotland">
    <skos:broader rdf:resource="http://dbpedia.org/resource/Category:17th_century_in_Scotland" />
  </rdf:Description>
  <rdf:Description rdf:about="http://dbpedia.org/resource/Category:1660s_in_Scotland">
    <skos:broader rdf:resource="http://dbpedia.org/resource/Category:17th_century_in_Scotland" />
  </rdf:Description>
  <rdf:Description rdf:about="http://dbpedia.org/resource/Category:Constituencies_of_the_Parliament_of_Scotland_(to_1707)">
    <skos:broader rdf:resource="http://dbpedia.org/resource/Category:17th_century_in_Scotland" />
  </rdf:Description>
  <rdf:Description rdf:about="http://dbpedia.org/resource/Category:Works_by_James_VI_and_I">
    <skos:broader rdf:resource="http://dbpedia.org/resource/Category:17th_century_in_Scotland" />
  </rdf:Description>
  <rdf:Description rdf:about="http://dbpedia.org/resource/Wars_of_the_Three_Kingdoms">
    <dcterms:subject rdf:resource="http://dbpedia.org/resource/Category:17th_century_in_Scotland" />
  </rdf:Description>
  <rdf:Description rdf:about="http://dbpedia.org/resource/1669_Act_for_annexation_of_Orkney_and_Shetland_to_the_Crown">
    <dcterms:subject rdf:resource="http://dbpedia.org/resource/Category:17th_century_in_Scotland" />
  </rdf:Description>
  <rdf:Description rdf:about="http://dbpedia.org/resource/Jacobean_era">
    <dcterms:subject rdf:resource="http://dbpedia.org/resource/Category:17th_century_in_Scotland" />
  </rdf:Description>
  <rdf:Description rdf:about="http://dbpedia.org/resource/Logopandecteision">
    <dcterms:subject rdf:resource="http://dbpedia.org/resource/Category:17th_century_in_Scotland" />
  </rdf:Description>
  <rdf:Description rdf:about="http://dbpedia.org/resource/Scotland_in_the_Wars_of_the_Three_Kingdoms">
    <dcterms:subject rdf:resource="http://dbpedia.org/resource/Category:17th_century_in_Scotland" />
  </rdf:Description>
  <rdf:Description rdf:about="http://dbpedia.org/resource/Paisley_witches">
    <dcterms:subject rdf:resource="http://dbpedia.org/resource/Category:17th_century_in_Scotland" />
  </rdf:Description>
  <rdf:Description rdf:about="http://es.dbpedia.org/resource/Categoría:Siglo_XVII_en_Escocia">
    <owl:sameAs rdf:resource="http://dbpedia.org/resource/Category:17th_century_in_Scotland" />
  </rdf:Description>
  <rdf:Description rdf:about="http://dbpedia.org/resource/Act_of_Classes">
    <dcterms:subject rdf:resource="http://dbpedia.org/resource/Category:17th_century_in_Scotland" />
  </rdf:Description>
  <rdf:Description rdf:about="http://dbpedia.org/resource/Buttock_mail">
    <dcterms:subject rdf:resource="http://dbpedia.org/resource/Category:17th_century_in_Scotland" />
  </rdf:Description>
  <rdf:Description rdf:about="http://dbpedia.org/resource/Western_Association_(Scotland)">
    <dcterms:subject rdf:resource="http://dbpedia.org/resource/Category:17th_century_in_Scotland" />
  </rdf:Description>
  <rdf:Description rdf:about="http://dbpedia.org/resource/Declaration_of_Indulgence">
    <dcterms:subject rdf:resource="http://dbpedia.org/resource/Category:17th_century_in_Scotland" />
  </rdf:Description>
  <rdf:Description rdf:about="http://dbpedia.org/resource/Earl_of_Dundee">
    <dcterms:subject rdf:resource="http://dbpedia.org/resource/Category:17th_century_in_Scotland" />
  </rdf:Description>
  <rdf:Description rdf:about="http://dbpedia.org/resource/History_of_the_Scots_Guards_(1642%E2%80%931804)">
    <dcterms:subject rdf:resource="http://dbpedia.org/resource/Category:17th_century_in_Scotland" />
  </rdf:Description>
  <rdf:Description rdf:about="http://dbpedia.org/resource/Jarlshof">
    <dcterms:subject rdf:resource="http://dbpedia.org/resource/Category:17th_century_in_Scotland" />
  </rdf:Description>
  <rdf:Description rdf:about="http://dbpedia.org/resource/The_Great_Scottish_Witch_Hunt_of_1661%E2%80%931662">
    <dcterms:subject rdf:resource="http://dbpedia.org/resource/Category:17th_century_in_Scotland" />
  </rdf:Description>
  <rdf:Description rdf:about="http://dbpedia.org/resource/Public_Register_of_All_Arms_and_Bearings_in_Scotland">
    <dcterms:subject rdf:resource="http://dbpedia.org/resource/Category:17th_century_in_Scotland" />
  </rdf:Description>
  <rdf:Description rdf:about="http://dbpedia.org/resource/Category:Battles_of_the_Scottish_Civil_War">
    <skos:broader rdf:resource="http://dbpedia.org/resource/Category:17th_century_in_Scotland" />
  </rdf:Description>
  <rdf:Description rdf:about="http://dbpedia.org/resource/Category:House_of_Douglas_and_Angus">
    <skos:broader rdf:resource="http://dbpedia.org/resource/Category:17th_century_in_Scotland" />
  </rdf:Description>
  <rdf:Description rdf:about="http://dbpedia.org/resource/Parliament_Square,_Edinburgh">
    <dcterms:subject rdf:resource="http://dbpedia.org/resource/Category:17th_century_in_Scotland" />
  </rdf:Description>
  <rdf:Description rdf:about="http://dbpedia.org/resource/Aberdeen_doctors">
    <dcterms:subject rdf:resource="http://dbpedia.org/resource/Category:17th_century_in_Scotland" />
  </rdf:Description>
  <rdf:Description rdf:about="http://dbpedia.org/resource/Western_Remonstrance">
    <dcterms:subject rdf:resource="http://dbpedia.org/resource/Category:17th_century_in_Scotland" />
  </rdf:Description>
  <rdf:Description rdf:about="http://dbpedia.org/resource/Commission_of_Justiciary">
    <dcterms:subject rdf:resource="http://dbpedia.org/resource/Category:17th_century_in_Scotland" />
  </rdf:Description>
  <rdf:Description rdf:about="http://dbpedia.org/resource/Scottish_Renaissance_painted_ceilings">
    <dcterms:subject rdf:resource="http://dbpedia.org/resource/Category:17th_century_in_Scotland" />
  </rdf:Description>
  <rdf:Description rdf:about="http://dbpedia.org/resource/Bishops_in_the_Church_of_Scotland">
    <dcterms:subject rdf:resource="http://dbpedia.org/resource/Category:17th_century_in_Scotland" />
  </rdf:Description>
  <rdf:Description rdf:about="http://dbpedia.org/resource/Bishops&#39;_Wars">
    <dcterms:subject rdf:resource="http://dbpedia.org/resource/Category:17th_century_in_Scotland" />
  </rdf:Description>
  <rdf:Description rdf:about="http://dbpedia.org/resource/Covenanter">
    <dcterms:subject rdf:resource="http://dbpedia.org/resource/Category:17th_century_in_Scotland" />
  </rdf:Description>
  <rdf:Description rdf:about="http://dbpedia.org/resource/Statutes_of_Iona">
    <dcterms:subject rdf:resource="http://dbpedia.org/resource/Category:17th_century_in_Scotland" />
  </rdf:Description>
  <rdf:Description rdf:about="http://dbpedia.org/resource/Black_Saturday_(1621)">
    <dcterms:subject rdf:resource="http://dbpedia.org/resource/Category:17th_century_in_Scotland" />
  </rdf:Description>
  <rdf:Description rdf:about="http://dbpedia.org/resource/George_Heriot&#39;s_School">
    <dcterms:subject rdf:resource="http://dbpedia.org/resource/Category:17th_century_in_Scotland" />
  </rdf:Description>
  <rdf:Description rdf:about="http://dbpedia.org/resource/Earl_of_Argyll&#39;s_Regiment_of_Foot">
    <dcterms:subject rdf:resource="http://dbpedia.org/resource/Category:17th_century_in_Scotland" />
  </rdf:Description>
  <rdf:Description rdf:about="http://dbpedia.org/resource/Caroline_era">
    <dcterms:subject rdf:resource="http://dbpedia.org/resource/Category:17th_century_in_Scotland" />
  </rdf:Description>
  <rdf:Description rdf:about="http://dbpedia.org/resource/Personal_rule_of_Charles_I,_1629%E2%80%931640">
    <dcterms:subject rdf:resource="http://dbpedia.org/resource/Category:17th_century_in_Scotland" />
  </rdf:Description>
  <rdf:Description rdf:about="http://dbpedia.org/resource/Parliament_House,_Edinburgh">
    <dcterms:subject rdf:resource="http://dbpedia.org/resource/Category:17th_century_in_Scotland" />
  </rdf:Description>
  <rdf:Description rdf:about="http://dbpedia.org/resource/1620s_in_Scotland">
    <dcterms:subject rdf:resource="http://dbpedia.org/resource/Category:17th_century_in_Scotland" />
  </rdf:Description>
  <rdf:Description rdf:about="http://dbpedia.org/resource/Gentleman_Usher_of_the_White_Rod">
    <dcterms:subject rdf:resource="http://dbpedia.org/resource/Category:17th_century_in_Scotland" />
  </rdf:Description>
  <rdf:Description rdf:about="http://dbpedia.org/resource/Glorious_Revolution_in_Scotland">
    <dcterms:subject rdf:resource="http://dbpedia.org/resource/Category:17th_century_in_Scotland" />
  </rdf:Description>
  <rdf:Description rdf:about="http://dbpedia.org/resource/The_Edinburgh_Gazette">
    <dcterms:subject rdf:resource="http://dbpedia.org/resource/Category:17th_century_in_Scotland" />
  </rdf:Description>
  <rdf:Description rdf:about="http://wikidata.dbpedia.org/resource/Q8107017">
    <owl:sameAs rdf:resource="http://dbpedia.org/resource/Category:17th_century_in_Scotland" />
  </rdf:Description>
  <rdf:Description rdf:about="http://fa.dbpedia.org/resource/رده:اسکاتلند_در_سده_۱۷_(میلادی)">
    <owl:sameAs rdf:resource="http://dbpedia.org/resource/Category:17th_century_in_Scotland" />
  </rdf:Description>
  <rdf:Description rdf:about="http://sv.dbpedia.org/resource/Kategori:Skottland_under_1600-talet">
    <owl:sameAs rdf:resource="http://dbpedia.org/resource/Category:17th_century_in_Scotland" />
  </rdf:Description>
</rdf:RDF>
