<?xml version="1.0" encoding="utf-8" ?>
<rdf:RDF
	xmlns:rdf="http://www.w3.org/1999/02/22-rdf-syntax-ns#"
	xmlns:rdfs="http://www.w3.org/2000/01/rdf-schema#"
	xmlns:owl="http://www.w3.org/2002/07/owl#"
	xmlns:dcterms="http://purl.org/dc/terms/"
	xmlns:dbpedia-owl="http://dbpedia.org/ontology/"
	xmlns:skos="http://www.w3.org/2004/02/skos/core#"
	xmlns:ns6="http://www.w3.org/ns/prov#" >
  <rdf:Description rdf:about="http://dbpedia.org/resource/Portrait_of_Madame_R%C3%A9camier">
    <dcterms:subject rdf:resource="http://dbpedia.org/resource/Category:1800_paintings" />
  </rdf:Description>
  <rdf:Description rdf:about="http://dbpedia.org/resource/Category:1800_paintings">
    <rdf:type rdf:resource="http://www.w3.org/2004/02/skos/core#Concept" />
    <owl:sameAs rdf:resource="http://dbpedia.org/resource/Category:1800_paintings" />
    <owl:sameAs rdf:resource="http://zh.dbpedia.org/resource/Category:1800年畫作" />
    <owl:sameAs rdf:resource="http://www.wikidata.org/entity/Q8107132" />
    <owl:sameAs rdf:resource="http://ru.dbpedia.org/resource/Категория:Картины_1800_года" />
    <owl:sameAs rdf:resource="http://tr.dbpedia.org/resource/Kategori:1800_tabloları" />
    <dbpedia-owl:wikiPageID rdf:datatype="http://www.w3.org/2001/XMLSchema#integer">5530908</dbpedia-owl:wikiPageID>
    <dbpedia-owl:wikiPageRevisionID rdf:datatype="http://www.w3.org/2001/XMLSchema#integer">546922936</dbpedia-owl:wikiPageRevisionID>
    <skos:broader rdf:resource="http://dbpedia.org/resource/Category:18th-century_paintings" />
    <rdfs:label xml:lang="en">1800 paintings</rdfs:label>
    <skos:prefLabel xml:lang="en">1800 paintings</skos:prefLabel>
    <ns6:wasDerivedFrom rdf:resource="http://en.wikipedia.org/wiki/Category:1800_paintings?oldid=546922936" />
  </rdf:Description>
  <rdf:Description rdf:about="http://ru.dbpedia.org/resource/Категория:Картины_1800_года">
    <owl:sameAs rdf:resource="http://dbpedia.org/resource/Category:1800_paintings" />
  </rdf:Description>
  <rdf:Description rdf:about="http://dbpedia.org/resource/La_maja_desnuda">
    <dcterms:subject rdf:resource="http://dbpedia.org/resource/Category:1800_paintings" />
  </rdf:Description>
  <rdf:Description rdf:about="http://dbpedia.org/resource/Gustav_Klimt&#39;s_chronological_list_of_main_paintings">
    <dcterms:subject rdf:resource="http://dbpedia.org/resource/Category:1800_paintings" />
  </rdf:Description>
  <rdf:Description rdf:about="http://dbpedia.org/resource/The_Fifth_Plague_of_Egypt">
    <dcterms:subject rdf:resource="http://dbpedia.org/resource/Category:1800_paintings" />
  </rdf:Description>
  <rdf:Description rdf:about="http://wikidata.dbpedia.org/resource/Q8107132">
    <owl:sameAs rdf:resource="http://dbpedia.org/resource/Category:1800_paintings" />
  </rdf:Description>
  <rdf:Description rdf:about="http://zh.dbpedia.org/resource/Category:1800年畫作">
    <owl:sameAs rdf:resource="http://dbpedia.org/resource/Category:1800_paintings" />
  </rdf:Description>
  <rdf:Description rdf:about="http://tr.dbpedia.org/resource/Kategori:1800_tabloları">
    <owl:sameAs rdf:resource="http://dbpedia.org/resource/Category:1800_paintings" />
  </rdf:Description>
</rdf:RDF>
