<?xml version="1.0" encoding="utf-8" ?>
<rdf:RDF
	xmlns:rdf="http://www.w3.org/1999/02/22-rdf-syntax-ns#"
	xmlns:rdfs="http://www.w3.org/2000/01/rdf-schema#"
	xmlns:owl="http://www.w3.org/2002/07/owl#"
	xmlns:dcterms="http://purl.org/dc/terms/"
	xmlns:dbpedia-owl="http://dbpedia.org/ontology/"
	xmlns:skos="http://www.w3.org/2004/02/skos/core#"
	xmlns:ns6="http://www.w3.org/ns/prov#" >
  <rdf:Description rdf:about="http://dbpedia.org/resource/Category:1805_in_the_United_Kingdom">
    <skos:broader rdf:resource="http://dbpedia.org/resource/Category:1805_in_Europe" />
  </rdf:Description>
  <rdf:Description rdf:about="http://dbpedia.org/resource/The_Death_of_Nelson_(West_painting)">
    <dcterms:subject rdf:resource="http://dbpedia.org/resource/Category:1805_in_Europe" />
  </rdf:Description>
  <rdf:Description rdf:about="http://dbpedia.org/resource/Category:1805_in_Russia">
    <skos:broader rdf:resource="http://dbpedia.org/resource/Category:1805_in_Europe" />
  </rdf:Description>
  <rdf:Description rdf:about="http://fr.dbpedia.org/resource/Catégorie:1805_en_Europe">
    <owl:sameAs rdf:resource="http://dbpedia.org/resource/Category:1805_in_Europe" />
  </rdf:Description>
  <rdf:Description rdf:about="http://dbpedia.org/resource/The_Death_of_Nelson_(Maclise_painting)">
    <dcterms:subject rdf:resource="http://dbpedia.org/resource/Category:1805_in_Europe" />
  </rdf:Description>
  <rdf:Description rdf:about="http://dbpedia.org/resource/Category:1805_in_Italy">
    <skos:broader rdf:resource="http://dbpedia.org/resource/Category:1805_in_Europe" />
  </rdf:Description>
  <rdf:Description rdf:about="http://dbpedia.org/resource/Category:1805_in_Scotland">
    <skos:broader rdf:resource="http://dbpedia.org/resource/Category:1805_in_Europe" />
  </rdf:Description>
  <rdf:Description rdf:about="http://dbpedia.org/resource/Category:1805_in_Denmark">
    <skos:broader rdf:resource="http://dbpedia.org/resource/Category:1805_in_Europe" />
  </rdf:Description>
  <rdf:Description rdf:about="http://dbpedia.org/resource/Category:1805_in_Europe">
    <rdf:type rdf:resource="http://www.w3.org/2004/02/skos/core#Concept" />
    <owl:sameAs rdf:resource="http://www.wikidata.org/entity/Q8107657" />
    <owl:sameAs rdf:resource="http://pt.dbpedia.org/resource/Categoria:1805_na_Europa" />
    <owl:sameAs rdf:resource="http://dbpedia.org/resource/Category:1805_in_Europe" />
    <owl:sameAs rdf:resource="http://fa.dbpedia.org/resource/رده:اروپا_در_۱۸۰۵_(میلادی)" />
    <owl:sameAs rdf:resource="http://fr.dbpedia.org/resource/Catégorie:1805_en_Europe" />
    <owl:sameAs rdf:resource="http://ko.dbpedia.org/resource/분류:1805년_유럽" />
    <owl:sameAs rdf:resource="http://sv.dbpedia.org/resource/Kategori:1805_i_Europa" />
    <owl:sameAs rdf:resource="http://mk.dbpedia.org/resource/Категорија:Европа_во_1805_година" />
    <owl:sameAs rdf:resource="http://no.dbpedia.org/resource/Kategori:1805_i_Europa" />
    <dbpedia-owl:wikiPageID rdf:datatype="http://www.w3.org/2001/XMLSchema#integer">15898864</dbpedia-owl:wikiPageID>
    <dbpedia-owl:wikiPageRevisionID rdf:datatype="http://www.w3.org/2001/XMLSchema#integer">546686251</dbpedia-owl:wikiPageRevisionID>
    <skos:broader rdf:resource="http://dbpedia.org/resource/Category:1800s_in_Europe" />
    <rdfs:label xml:lang="en">1805 in Europe</rdfs:label>
    <skos:prefLabel xml:lang="en">1805 in Europe</skos:prefLabel>
    <ns6:wasDerivedFrom rdf:resource="http://en.wikipedia.org/wiki/Category:1805_in_Europe?oldid=546686251" />
  </rdf:Description>
  <rdf:Description rdf:about="http://dbpedia.org/resource/Category:1805_in_Ireland">
    <skos:broader rdf:resource="http://dbpedia.org/resource/Category:1805_in_Europe" />
  </rdf:Description>
  <rdf:Description rdf:about="http://dbpedia.org/resource/The_Death_of_Nelson,_21_October_1805">
    <dcterms:subject rdf:resource="http://dbpedia.org/resource/Category:1805_in_Europe" />
  </rdf:Description>
  <rdf:Description rdf:about="http://dbpedia.org/resource/Category:1805_in_Austria">
    <skos:broader rdf:resource="http://dbpedia.org/resource/Category:1805_in_Europe" />
  </rdf:Description>
  <rdf:Description rdf:about="http://dbpedia.org/resource/Category:1805_in_England">
    <skos:broader rdf:resource="http://dbpedia.org/resource/Category:1805_in_Europe" />
  </rdf:Description>
  <rdf:Description rdf:about="http://dbpedia.org/resource/Category:1805_in_France">
    <skos:broader rdf:resource="http://dbpedia.org/resource/Category:1805_in_Europe" />
  </rdf:Description>
  <rdf:Description rdf:about="http://dbpedia.org/resource/Battle_of_Ivankovac">
    <dcterms:subject rdf:resource="http://dbpedia.org/resource/Category:1805_in_Europe" />
  </rdf:Description>
  <rdf:Description rdf:about="http://dbpedia.org/resource/Category:1805_in_Gibraltar">
    <skos:broader rdf:resource="http://dbpedia.org/resource/Category:1805_in_Europe" />
  </rdf:Description>
  <rdf:Description rdf:about="http://dbpedia.org/resource/1805_in_Norway">
    <dcterms:subject rdf:resource="http://dbpedia.org/resource/Category:1805_in_Europe" />
  </rdf:Description>
  <rdf:Description rdf:about="http://pt.dbpedia.org/resource/Categoria:1805_na_Europa">
    <owl:sameAs rdf:resource="http://dbpedia.org/resource/Category:1805_in_Europe" />
  </rdf:Description>
  <rdf:Description rdf:about="http://dbpedia.org/resource/Peace_of_Pressburg_(1805)">
    <dcterms:subject rdf:resource="http://dbpedia.org/resource/Category:1805_in_Europe" />
  </rdf:Description>
  <rdf:Description rdf:about="http://ko.dbpedia.org/resource/분류:1805년_유럽">
    <owl:sameAs rdf:resource="http://dbpedia.org/resource/Category:1805_in_Europe" />
  </rdf:Description>
  <rdf:Description rdf:about="http://dbpedia.org/resource/Category:1805_in_Spain">
    <skos:broader rdf:resource="http://dbpedia.org/resource/Category:1805_in_Europe" />
  </rdf:Description>
  <rdf:Description rdf:about="http://dbpedia.org/resource/Category:1805_in_the_Austrian_Empire">
    <skos:broader rdf:resource="http://dbpedia.org/resource/Category:1805_in_Europe" />
  </rdf:Description>
  <rdf:Description rdf:about="http://wikidata.dbpedia.org/resource/Q8107657">
    <owl:sameAs rdf:resource="http://dbpedia.org/resource/Category:1805_in_Europe" />
  </rdf:Description>
  <rdf:Description rdf:about="http://fa.dbpedia.org/resource/رده:اروپا_در_۱۸۰۵_(میلادی)">
    <owl:sameAs rdf:resource="http://dbpedia.org/resource/Category:1805_in_Europe" />
  </rdf:Description>
  <rdf:Description rdf:about="http://mk.dbpedia.org/resource/Категорија:Европа_во_1805_година">
    <owl:sameAs rdf:resource="http://dbpedia.org/resource/Category:1805_in_Europe" />
  </rdf:Description>
  <rdf:Description rdf:about="http://no.dbpedia.org/resource/Kategori:1805_i_Europa">
    <owl:sameAs rdf:resource="http://dbpedia.org/resource/Category:1805_in_Europe" />
  </rdf:Description>
  <rdf:Description rdf:about="http://sv.dbpedia.org/resource/Kategori:1805_i_Europa">
    <owl:sameAs rdf:resource="http://dbpedia.org/resource/Category:1805_in_Europe" />
  </rdf:Description>
</rdf:RDF>
