<?xml version="1.0" encoding="utf-8" ?>
<rdf:RDF
	xmlns:rdf="http://www.w3.org/1999/02/22-rdf-syntax-ns#"
	xmlns:rdfs="http://www.w3.org/2000/01/rdf-schema#"
	xmlns:owl="http://www.w3.org/2002/07/owl#"
	xmlns:dcterms="http://purl.org/dc/terms/"
	xmlns:dbpedia-owl="http://dbpedia.org/ontology/"
	xmlns:skos="http://www.w3.org/2004/02/skos/core#"
	xmlns:ns6="http://www.w3.org/ns/prov#" >
  <rdf:Description rdf:about="http://dbpedia.org/resource/Portrait_of_Do%C3%B1a_Isabel_de_Porcel">
    <dcterms:subject rdf:resource="http://dbpedia.org/resource/Category:1805_paintings" />
  </rdf:Description>
  <rdf:Description rdf:about="http://ru.dbpedia.org/resource/Категория:Картины_1805_года">
    <owl:sameAs rdf:resource="http://dbpedia.org/resource/Category:1805_paintings" />
  </rdf:Description>
  <rdf:Description rdf:about="http://dbpedia.org/resource/The_Clothed_Maja">
    <dcterms:subject rdf:resource="http://dbpedia.org/resource/Category:1805_paintings" />
  </rdf:Description>
  <rdf:Description rdf:about="http://dbpedia.org/resource/Category:1805_paintings">
    <rdf:type rdf:resource="http://www.w3.org/2004/02/skos/core#Concept" />
    <owl:sameAs rdf:resource="http://zh.dbpedia.org/resource/Category:1805年畫作" />
    <owl:sameAs rdf:resource="http://www.wikidata.org/entity/Q8107681" />
    <owl:sameAs rdf:resource="http://ru.dbpedia.org/resource/Категория:Картины_1805_года" />
    <owl:sameAs rdf:resource="http://dbpedia.org/resource/Category:1805_paintings" />
    <dbpedia-owl:wikiPageID rdf:datatype="http://www.w3.org/2001/XMLSchema#integer">8583604</dbpedia-owl:wikiPageID>
    <dbpedia-owl:wikiPageRevisionID rdf:datatype="http://www.w3.org/2001/XMLSchema#integer">546616384</dbpedia-owl:wikiPageRevisionID>
    <rdfs:label xml:lang="en">1805 paintings</rdfs:label>
    <skos:prefLabel xml:lang="en">1805 paintings</skos:prefLabel>
    <ns6:wasDerivedFrom rdf:resource="http://en.wikipedia.org/wiki/Category:1805_paintings?oldid=546616384" />
  </rdf:Description>
  <rdf:Description rdf:about="http://dbpedia.org/resource/The_Four_and_Twenty_Elders_Casting_their_Crowns_before_the_Divine_Throne">
    <dcterms:subject rdf:resource="http://dbpedia.org/resource/Category:1805_paintings" />
  </rdf:Description>
  <rdf:Description rdf:about="http://dbpedia.org/resource/Portrait_of_Pope_Pius_VII">
    <dcterms:subject rdf:resource="http://dbpedia.org/resource/Category:1805_paintings" />
  </rdf:Description>
  <rdf:Description rdf:about="http://wikidata.dbpedia.org/resource/Q8107681">
    <owl:sameAs rdf:resource="http://dbpedia.org/resource/Category:1805_paintings" />
  </rdf:Description>
  <rdf:Description rdf:about="http://zh.dbpedia.org/resource/Category:1805年畫作">
    <owl:sameAs rdf:resource="http://dbpedia.org/resource/Category:1805_paintings" />
  </rdf:Description>
</rdf:RDF>
