<?xml version="1.0" encoding="utf-8" ?>
<rdf:RDF
	xmlns:rdf="http://www.w3.org/1999/02/22-rdf-syntax-ns#"
	xmlns:rdfs="http://www.w3.org/2000/01/rdf-schema#"
	xmlns:owl="http://www.w3.org/2002/07/owl#"
	xmlns:dcterms="http://purl.org/dc/terms/"
	xmlns:dbpedia-owl="http://dbpedia.org/ontology/"
	xmlns:skos="http://www.w3.org/2004/02/skos/core#"
	xmlns:ns6="http://www.w3.org/ns/prov#" >
  <rdf:Description rdf:about="http://dbpedia.org/resource/Category:1818_paintings">
    <rdf:type rdf:resource="http://www.w3.org/2004/02/skos/core#Concept" />
    <owl:sameAs rdf:resource="http://dbpedia.org/resource/Category:1818_paintings" />
    <owl:sameAs rdf:resource="http://ru.dbpedia.org/resource/Категория:Картины_1818_года" />
    <owl:sameAs rdf:resource="http://fr.dbpedia.org/resource/Catégorie:Tableau_peint_en_1818" />
    <owl:sameAs rdf:resource="http://pt.dbpedia.org/resource/Categoria:Pinturas_de_1818" />
    <owl:sameAs rdf:resource="http://www.wikidata.org/entity/Q8109069" />
    <dbpedia-owl:wikiPageID rdf:datatype="http://www.w3.org/2001/XMLSchema#integer">13734746</dbpedia-owl:wikiPageID>
    <dbpedia-owl:wikiPageRevisionID rdf:datatype="http://www.w3.org/2001/XMLSchema#integer">546669982</dbpedia-owl:wikiPageRevisionID>
    <rdfs:label xml:lang="en">1818 paintings</rdfs:label>
    <skos:prefLabel xml:lang="en">1818 paintings</skos:prefLabel>
    <ns6:wasDerivedFrom rdf:resource="http://en.wikipedia.org/wiki/Category:1818_paintings?oldid=546669982" />
  </rdf:Description>
  <rdf:Description rdf:about="http://dbpedia.org/resource/The_Death_of_Leonardo_da_Vinci">
    <dcterms:subject rdf:resource="http://dbpedia.org/resource/Category:1818_paintings" />
  </rdf:Description>
  <rdf:Description rdf:about="http://ru.dbpedia.org/resource/Категория:Картины_1818_года">
    <owl:sameAs rdf:resource="http://dbpedia.org/resource/Category:1818_paintings" />
  </rdf:Description>
  <rdf:Description rdf:about="http://dbpedia.org/resource/Wanderer_above_the_Sea_of_Fog">
    <dcterms:subject rdf:resource="http://dbpedia.org/resource/Category:1818_paintings" />
  </rdf:Description>
  <rdf:Description rdf:about="http://dbpedia.org/resource/Chalk_Cliffs_on_R%C3%BCgen">
    <dcterms:subject rdf:resource="http://dbpedia.org/resource/Category:1818_paintings" />
  </rdf:Description>
  <rdf:Description rdf:about="http://fr.dbpedia.org/resource/Catégorie:Tableau_peint_en_1818">
    <owl:sameAs rdf:resource="http://dbpedia.org/resource/Category:1818_paintings" />
  </rdf:Description>
  <rdf:Description rdf:about="http://wikidata.dbpedia.org/resource/Q8109069">
    <owl:sameAs rdf:resource="http://dbpedia.org/resource/Category:1818_paintings" />
  </rdf:Description>
  <rdf:Description rdf:about="http://pt.dbpedia.org/resource/Categoria:Pinturas_de_1818">
    <owl:sameAs rdf:resource="http://dbpedia.org/resource/Category:1818_paintings" />
  </rdf:Description>
</rdf:RDF>
