<?xml version="1.0" encoding="utf-8" ?>
<rdf:RDF
	xmlns:rdf="http://www.w3.org/1999/02/22-rdf-syntax-ns#"
	xmlns:rdfs="http://www.w3.org/2000/01/rdf-schema#"
	xmlns:owl="http://www.w3.org/2002/07/owl#"
	xmlns:dcterms="http://purl.org/dc/terms/"
	xmlns:dbpedia-owl="http://dbpedia.org/ontology/"
	xmlns:skos="http://www.w3.org/2004/02/skos/core#"
	xmlns:ns6="http://www.w3.org/ns/prov#" >
  <rdf:Description rdf:about="http://dbpedia.org/resource/Category:1812_paintings">
    <rdf:type rdf:resource="http://www.w3.org/2004/02/skos/core#Concept" />
    <owl:sameAs rdf:resource="http://www.wikidata.org/entity/Q8108464" />
    <owl:sameAs rdf:resource="http://dbpedia.org/resource/Category:1812_paintings" />
    <dbpedia-owl:wikiPageID rdf:datatype="http://www.w3.org/2001/XMLSchema#integer">19505951</dbpedia-owl:wikiPageID>
    <dbpedia-owl:wikiPageRevisionID rdf:datatype="http://www.w3.org/2001/XMLSchema#integer">241500696</dbpedia-owl:wikiPageRevisionID>
    <rdfs:label xml:lang="en">1812 paintings</rdfs:label>
    <skos:prefLabel xml:lang="en">1812 paintings</skos:prefLabel>
    <ns6:wasDerivedFrom rdf:resource="http://en.wikipedia.org/wiki/Category:1812_paintings?oldid=241500696" />
  </rdf:Description>
  <rdf:Description rdf:about="http://dbpedia.org/resource/The_Emperor_Napoleon_in_His_Study_at_the_Tuileries">
    <dcterms:subject rdf:resource="http://dbpedia.org/resource/Category:1812_paintings" />
  </rdf:Description>
  <rdf:Description rdf:about="http://dbpedia.org/resource/Prison_Interior">
    <dcterms:subject rdf:resource="http://dbpedia.org/resource/Category:1812_paintings" />
  </rdf:Description>
  <rdf:Description rdf:about="http://dbpedia.org/resource/Sadak_in_Search_of_the_Waters_of_Oblivion">
    <dcterms:subject rdf:resource="http://dbpedia.org/resource/Category:1812_paintings" />
  </rdf:Description>
  <rdf:Description rdf:about="http://dbpedia.org/resource/Portrait_of_the_Duke_of_Wellington_(Goya)">
    <dcterms:subject rdf:resource="http://dbpedia.org/resource/Category:1812_paintings" />
  </rdf:Description>
  <rdf:Description rdf:about="http://dbpedia.org/resource/The_Charging_Chasseur">
    <dcterms:subject rdf:resource="http://dbpedia.org/resource/Category:1812_paintings" />
  </rdf:Description>
  <rdf:Description rdf:about="http://dbpedia.org/resource/Snow_Storm:_Hannibal_and_his_Army_Crossing_the_Alps">
    <dcterms:subject rdf:resource="http://dbpedia.org/resource/Category:1812_paintings" />
  </rdf:Description>
  <rdf:Description rdf:about="http://wikidata.dbpedia.org/resource/Q8108464">
    <owl:sameAs rdf:resource="http://dbpedia.org/resource/Category:1812_paintings" />
  </rdf:Description>
</rdf:RDF>
