<?xml version="1.0" encoding="utf-8" ?>
<rdf:RDF
	xmlns:rdf="http://www.w3.org/1999/02/22-rdf-syntax-ns#"
	xmlns:rdfs="http://www.w3.org/2000/01/rdf-schema#"
	xmlns:owl="http://www.w3.org/2002/07/owl#"
	xmlns:dcterms="http://purl.org/dc/terms/"
	xmlns:dbpedia-owl="http://dbpedia.org/ontology/"
	xmlns:skos="http://www.w3.org/2004/02/skos/core#"
	xmlns:ns6="http://www.w3.org/ns/prov#" >
  <rdf:Description rdf:about="http://dbpedia.org/resource/Chichester_Canal_(painting)">
    <dcterms:subject rdf:resource="http://dbpedia.org/resource/Category:1828_paintings" />
  </rdf:Description>
  <rdf:Description rdf:about="http://dbpedia.org/resource/Category:1828_paintings">
    <rdf:type rdf:resource="http://www.w3.org/2004/02/skos/core#Concept" />
    <owl:sameAs rdf:resource="http://www.wikidata.org/entity/Q8110166" />
    <owl:sameAs rdf:resource="http://dbpedia.org/resource/Category:1828_paintings" />
    <owl:sameAs rdf:resource="http://be.dbpedia.org/resource/Катэгорыя:Карціны_1828_года" />
    <owl:sameAs rdf:resource="http://ru.dbpedia.org/resource/Категория:Картины_1828_года" />
    <dbpedia-owl:wikiPageID rdf:datatype="http://www.w3.org/2001/XMLSchema#integer">28236606</dbpedia-owl:wikiPageID>
    <dbpedia-owl:wikiPageRevisionID rdf:datatype="http://www.w3.org/2001/XMLSchema#integer">546785785</dbpedia-owl:wikiPageRevisionID>
    <rdfs:label xml:lang="en">1828 paintings</rdfs:label>
    <skos:prefLabel xml:lang="en">1828 paintings</skos:prefLabel>
    <ns6:wasDerivedFrom rdf:resource="http://en.wikipedia.org/wiki/Category:1828_paintings?oldid=546785785" />
  </rdf:Description>
  <rdf:Description rdf:about="http://ru.dbpedia.org/resource/Категория:Картины_1828_года">
    <owl:sameAs rdf:resource="http://dbpedia.org/resource/Category:1828_paintings" />
  </rdf:Description>
  <rdf:Description rdf:about="http://dbpedia.org/resource/The_Russian_Ship_of_the_Line_%22Asow%22_and_a_Frigate_at_Anchor_in_the_Roads_of_Elsinore">
    <dcterms:subject rdf:resource="http://dbpedia.org/resource/Category:1828_paintings" />
  </rdf:Description>
  <rdf:Description rdf:about="http://wikidata.dbpedia.org/resource/Q8110166">
    <owl:sameAs rdf:resource="http://dbpedia.org/resource/Category:1828_paintings" />
  </rdf:Description>
  <rdf:Description rdf:about="http://be.dbpedia.org/resource/Катэгорыя:Карціны_1828_года">
    <owl:sameAs rdf:resource="http://dbpedia.org/resource/Category:1828_paintings" />
  </rdf:Description>
</rdf:RDF>
