<?xml version="1.0" encoding="utf-8" ?>
<rdf:RDF
	xmlns:rdf="http://www.w3.org/1999/02/22-rdf-syntax-ns#"
	xmlns:rdfs="http://www.w3.org/2000/01/rdf-schema#"
	xmlns:owl="http://www.w3.org/2002/07/owl#"
	xmlns:dcterms="http://purl.org/dc/terms/"
	xmlns:dbpedia-owl="http://dbpedia.org/ontology/"
	xmlns:skos="http://www.w3.org/2004/02/skos/core#"
	xmlns:ns6="http://www.w3.org/ns/prov#" >
  <rdf:Description rdf:about="http://dbpedia.org/resource/Bombardment_of_Algiers_(painting)">
    <dcterms:subject rdf:resource="http://dbpedia.org/resource/Category:1820_paintings" />
  </rdf:Description>
  <rdf:Description rdf:about="http://dbpedia.org/resource/Category:1820_paintings">
    <rdf:type rdf:resource="http://www.w3.org/2004/02/skos/core#Concept" />
    <owl:sameAs rdf:resource="http://dbpedia.org/resource/Category:1820_paintings" />
    <owl:sameAs rdf:resource="http://www.wikidata.org/entity/Q8109250" />
    <owl:sameAs rdf:resource="http://ru.dbpedia.org/resource/Категория:Картины_1820_года" />
    <dbpedia-owl:wikiPageID rdf:datatype="http://www.w3.org/2001/XMLSchema#integer">19628850</dbpedia-owl:wikiPageID>
    <dbpedia-owl:wikiPageRevisionID rdf:datatype="http://www.w3.org/2001/XMLSchema#integer">546710895</dbpedia-owl:wikiPageRevisionID>
    <rdfs:label xml:lang="en">1820 paintings</rdfs:label>
    <skos:prefLabel xml:lang="en">1820 paintings</skos:prefLabel>
    <ns6:wasDerivedFrom rdf:resource="http://en.wikipedia.org/wiki/Category:1820_paintings?oldid=546710895" />
  </rdf:Description>
  <rdf:Description rdf:about="http://dbpedia.org/resource/Surrender_of_Lord_Cornwallis">
    <dcterms:subject rdf:resource="http://dbpedia.org/resource/Category:1820_paintings" />
  </rdf:Description>
  <rdf:Description rdf:about="http://ru.dbpedia.org/resource/Категория:Картины_1820_года">
    <owl:sameAs rdf:resource="http://dbpedia.org/resource/Category:1820_paintings" />
  </rdf:Description>
  <rdf:Description rdf:about="http://dbpedia.org/resource/The_Ghost_of_a_Flea">
    <dcterms:subject rdf:resource="http://dbpedia.org/resource/Category:1820_paintings" />
  </rdf:Description>
  <rdf:Description rdf:about="http://dbpedia.org/resource/Bella_and_Hanna._The_Eldest_Daughters_of_M._L._Nathanson">
    <dcterms:subject rdf:resource="http://dbpedia.org/resource/Category:1820_paintings" />
  </rdf:Description>
  <rdf:Description rdf:about="http://wikidata.dbpedia.org/resource/Q8109250">
    <owl:sameAs rdf:resource="http://dbpedia.org/resource/Category:1820_paintings" />
  </rdf:Description>
</rdf:RDF>
