<?xml version="1.0" encoding="utf-8" ?>
<rdf:RDF
	xmlns:rdf="http://www.w3.org/1999/02/22-rdf-syntax-ns#"
	xmlns:rdfs="http://www.w3.org/2000/01/rdf-schema#"
	xmlns:owl="http://www.w3.org/2002/07/owl#"
	xmlns:dcterms="http://purl.org/dc/terms/"
	xmlns:dbpedia-owl="http://dbpedia.org/ontology/"
	xmlns:skos="http://www.w3.org/2004/02/skos/core#"
	xmlns:ns6="http://www.w3.org/ns/prov#" >
  <rdf:Description rdf:about="http://dbpedia.org/resource/Category:1824_paintings">
    <rdf:type rdf:resource="http://www.w3.org/2004/02/skos/core#Concept" />
    <owl:sameAs rdf:resource="http://ro.dbpedia.org/resource/Categorie:Picturi_din_1824" />
    <owl:sameAs rdf:resource="http://dbpedia.org/resource/Category:1824_paintings" />
    <owl:sameAs rdf:resource="http://www.wikidata.org/entity/Q8109777" />
    <dbpedia-owl:wikiPageID rdf:datatype="http://www.w3.org/2001/XMLSchema#integer">5645879</dbpedia-owl:wikiPageID>
    <dbpedia-owl:wikiPageRevisionID rdf:datatype="http://www.w3.org/2001/XMLSchema#integer">207444997</dbpedia-owl:wikiPageRevisionID>
    <rdfs:label xml:lang="en">1824 paintings</rdfs:label>
    <skos:prefLabel xml:lang="en">1824 paintings</skos:prefLabel>
    <ns6:wasDerivedFrom rdf:resource="http://en.wikipedia.org/wiki/Category:1824_paintings?oldid=207444997" />
  </rdf:Description>
  <rdf:Description rdf:about="http://dbpedia.org/resource/The_Battle_of_Trafalgar_(painting)">
    <dcterms:subject rdf:resource="http://dbpedia.org/resource/Category:1824_paintings" />
  </rdf:Description>
  <rdf:Description rdf:about="http://dbpedia.org/resource/Orphan_Girl_at_the_Cemetery">
    <dcterms:subject rdf:resource="http://dbpedia.org/resource/Category:1824_paintings" />
  </rdf:Description>
  <rdf:Description rdf:about="http://dbpedia.org/resource/The_Massacre_at_Chios">
    <dcterms:subject rdf:resource="http://dbpedia.org/resource/Category:1824_paintings" />
  </rdf:Description>
  <rdf:Description rdf:about="http://dbpedia.org/resource/The_Lock_(Constable)">
    <dcterms:subject rdf:resource="http://dbpedia.org/resource/Category:1824_paintings" />
  </rdf:Description>
  <rdf:Description rdf:about="http://wikidata.dbpedia.org/resource/Q8109777">
    <owl:sameAs rdf:resource="http://dbpedia.org/resource/Category:1824_paintings" />
  </rdf:Description>
  <rdf:Description rdf:about="http://ro.dbpedia.org/resource/Categorie:Picturi_din_1824">
    <owl:sameAs rdf:resource="http://dbpedia.org/resource/Category:1824_paintings" />
  </rdf:Description>
</rdf:RDF>
