<?xml version="1.0" encoding="utf-8" ?>
<rdf:RDF
	xmlns:rdf="http://www.w3.org/1999/02/22-rdf-syntax-ns#"
	xmlns:rdfs="http://www.w3.org/2000/01/rdf-schema#"
	xmlns:owl="http://www.w3.org/2002/07/owl#"
	xmlns:dcterms="http://purl.org/dc/terms/"
	xmlns:dbpedia-owl="http://dbpedia.org/ontology/"
	xmlns:skos="http://www.w3.org/2004/02/skos/core#"
	xmlns:ns6="http://www.w3.org/ns/prov#" >
  <rdf:Description rdf:about="http://dbpedia.org/resource/Death_of_Sardanapalus">
    <dcterms:subject rdf:resource="http://dbpedia.org/resource/Category:1827_paintings" />
  </rdf:Description>
  <rdf:Description rdf:about="http://dbpedia.org/resource/The_Apotheosis_of_Homer_(Ingres)">
    <dcterms:subject rdf:resource="http://dbpedia.org/resource/Category:1827_paintings" />
  </rdf:Description>
  <rdf:Description rdf:about="http://dbpedia.org/resource/Category:1827_paintings">
    <rdf:type rdf:resource="http://www.w3.org/2004/02/skos/core#Concept" />
    <owl:sameAs rdf:resource="http://dbpedia.org/resource/Category:1827_paintings" />
    <owl:sameAs rdf:resource="http://www.wikidata.org/entity/Q8110077" />
    <owl:sameAs rdf:resource="http://ru.dbpedia.org/resource/Категория:Картины_1827_года" />
    <dbpedia-owl:wikiPageID rdf:datatype="http://www.w3.org/2001/XMLSchema#integer">5525853</dbpedia-owl:wikiPageID>
    <dbpedia-owl:wikiPageRevisionID rdf:datatype="http://www.w3.org/2001/XMLSchema#integer">546922040</dbpedia-owl:wikiPageRevisionID>
    <rdfs:label xml:lang="en">1827 paintings</rdfs:label>
    <skos:prefLabel xml:lang="en">1827 paintings</skos:prefLabel>
    <ns6:wasDerivedFrom rdf:resource="http://en.wikipedia.org/wiki/Category:1827_paintings?oldid=546922040" />
  </rdf:Description>
  <rdf:Description rdf:about="http://dbpedia.org/resource/The_Wood_of_the_Self-Murderers:_The_Harpies_and_the_Suicides">
    <dcterms:subject rdf:resource="http://dbpedia.org/resource/Category:1827_paintings" />
  </rdf:Description>
  <rdf:Description rdf:about="http://ru.dbpedia.org/resource/Категория:Картины_1827_года">
    <owl:sameAs rdf:resource="http://dbpedia.org/resource/Category:1827_paintings" />
  </rdf:Description>
  <rdf:Description rdf:about="http://dbpedia.org/resource/The_Milkmaid_of_Bordeaux">
    <dcterms:subject rdf:resource="http://dbpedia.org/resource/Category:1827_paintings" />
  </rdf:Description>
  <rdf:Description rdf:about="http://wikidata.dbpedia.org/resource/Q8110077">
    <owl:sameAs rdf:resource="http://dbpedia.org/resource/Category:1827_paintings" />
  </rdf:Description>
</rdf:RDF>
