<?xml version="1.0" encoding="utf-8" ?>
<rdf:RDF
	xmlns:rdf="http://www.w3.org/1999/02/22-rdf-syntax-ns#"
	xmlns:rdfs="http://www.w3.org/2000/01/rdf-schema#"
	xmlns:owl="http://www.w3.org/2002/07/owl#"
	xmlns:dcterms="http://purl.org/dc/terms/"
	xmlns:dbpedia-owl="http://dbpedia.org/ontology/"
	xmlns:skos="http://www.w3.org/2004/02/skos/core#"
	xmlns:ns6="http://www.w3.org/ns/prov#" >
  <rdf:Description rdf:about="http://dbpedia.org/resource/Liberty_Leading_the_People">
    <dcterms:subject rdf:resource="http://dbpedia.org/resource/Category:1830_paintings" />
  </rdf:Description>
  <rdf:Description rdf:about="http://dbpedia.org/resource/Blasting_St._Vincent&#39;s_Rock,_Clifton">
    <dcterms:subject rdf:resource="http://dbpedia.org/resource/Category:1830_paintings" />
  </rdf:Description>
  <rdf:Description rdf:about="http://ko.dbpedia.org/resource/분류:1830년_회화_작품">
    <owl:sameAs rdf:resource="http://dbpedia.org/resource/Category:1830_paintings" />
  </rdf:Description>
  <rdf:Description rdf:about="http://dbpedia.org/resource/Category:1830_paintings">
    <rdf:type rdf:resource="http://www.w3.org/2004/02/skos/core#Concept" />
    <owl:sameAs rdf:resource="http://dbpedia.org/resource/Category:1830_paintings" />
    <owl:sameAs rdf:resource="http://uk.dbpedia.org/resource/Категорія:Картини_1830_року" />
    <owl:sameAs rdf:resource="http://ru.dbpedia.org/resource/Категория:Картины_1830_года" />
    <owl:sameAs rdf:resource="http://www.wikidata.org/entity/Q8110383" />
    <owl:sameAs rdf:resource="http://pt.dbpedia.org/resource/Categoria:Pinturas_de_1830" />
    <owl:sameAs rdf:resource="http://no.dbpedia.org/resource/Kategori:Malerier_fra_1830" />
    <owl:sameAs rdf:resource="http://ro.dbpedia.org/resource/Categorie:Picturi_din_1830" />
    <owl:sameAs rdf:resource="http://bg.dbpedia.org/resource/Категория:Картини_от_1830_година" />
    <owl:sameAs rdf:resource="http://ko.dbpedia.org/resource/분류:1830년_회화_작품" />
    <dbpedia-owl:wikiPageID rdf:datatype="http://www.w3.org/2001/XMLSchema#integer">5537136</dbpedia-owl:wikiPageID>
    <dbpedia-owl:wikiPageRevisionID rdf:datatype="http://www.w3.org/2001/XMLSchema#integer">546922946</dbpedia-owl:wikiPageRevisionID>
    <rdfs:label xml:lang="en">1830 paintings</rdfs:label>
    <skos:prefLabel xml:lang="en">1830 paintings</skos:prefLabel>
    <ns6:wasDerivedFrom rdf:resource="http://en.wikipedia.org/wiki/Category:1830_paintings?oldid=546922946" />
  </rdf:Description>
  <rdf:Description rdf:about="http://ru.dbpedia.org/resource/Категория:Картины_1830_года">
    <owl:sameAs rdf:resource="http://dbpedia.org/resource/Category:1830_paintings" />
  </rdf:Description>
  <rdf:Description rdf:about="http://dbpedia.org/resource/Man_and_Woman_Contemplating_the_Moon">
    <dcterms:subject rdf:resource="http://dbpedia.org/resource/Category:1830_paintings" />
  </rdf:Description>
  <rdf:Description rdf:about="http://wikidata.dbpedia.org/resource/Q8110383">
    <owl:sameAs rdf:resource="http://dbpedia.org/resource/Category:1830_paintings" />
  </rdf:Description>
  <rdf:Description rdf:about="http://pt.dbpedia.org/resource/Categoria:Pinturas_de_1830">
    <owl:sameAs rdf:resource="http://dbpedia.org/resource/Category:1830_paintings" />
  </rdf:Description>
  <rdf:Description rdf:about="http://bg.dbpedia.org/resource/Категория:Картини_от_1830_година">
    <owl:sameAs rdf:resource="http://dbpedia.org/resource/Category:1830_paintings" />
  </rdf:Description>
  <rdf:Description rdf:about="http://no.dbpedia.org/resource/Kategori:Malerier_fra_1830">
    <owl:sameAs rdf:resource="http://dbpedia.org/resource/Category:1830_paintings" />
  </rdf:Description>
  <rdf:Description rdf:about="http://ro.dbpedia.org/resource/Categorie:Picturi_din_1830">
    <owl:sameAs rdf:resource="http://dbpedia.org/resource/Category:1830_paintings" />
  </rdf:Description>
  <rdf:Description rdf:about="http://uk.dbpedia.org/resource/Категорія:Картини_1830_року">
    <owl:sameAs rdf:resource="http://dbpedia.org/resource/Category:1830_paintings" />
  </rdf:Description>
</rdf:RDF>
