<?xml version="1.0" encoding="utf-8" ?>
<rdf:RDF
	xmlns:rdf="http://www.w3.org/1999/02/22-rdf-syntax-ns#"
	xmlns:rdfs="http://www.w3.org/2000/01/rdf-schema#"
	xmlns:owl="http://www.w3.org/2002/07/owl#"
	xmlns:dcterms="http://purl.org/dc/terms/"
	xmlns:dbpedia-owl="http://dbpedia.org/ontology/"
	xmlns:skos="http://www.w3.org/2004/02/skos/core#"
	xmlns:ns6="http://www.w3.org/ns/prov#" >
  <rdf:Description rdf:about="http://dbpedia.org/resource/Category:1833_paintings">
    <rdf:type rdf:resource="http://www.w3.org/2004/02/skos/core#Concept" />
    <owl:sameAs rdf:resource="http://ru.dbpedia.org/resource/Категория:Картины_1833_года" />
    <owl:sameAs rdf:resource="http://dbpedia.org/resource/Category:1833_paintings" />
    <owl:sameAs rdf:resource="http://uk.dbpedia.org/resource/Категорія:Картини_1833_року" />
    <owl:sameAs rdf:resource="http://www.wikidata.org/entity/Q8110895" />
    <dbpedia-owl:wikiPageID rdf:datatype="http://www.w3.org/2001/XMLSchema#integer">5405719</dbpedia-owl:wikiPageID>
    <dbpedia-owl:wikiPageRevisionID rdf:datatype="http://www.w3.org/2001/XMLSchema#integer">546921680</dbpedia-owl:wikiPageRevisionID>
    <rdfs:label xml:lang="en">1833 paintings</rdfs:label>
    <skos:prefLabel xml:lang="en">1833 paintings</skos:prefLabel>
    <ns6:wasDerivedFrom rdf:resource="http://en.wikipedia.org/wiki/Category:1833_paintings?oldid=546921680" />
  </rdf:Description>
  <rdf:Description rdf:about="http://dbpedia.org/resource/The_Execution_of_Lady_Jane_Grey">
    <dcterms:subject rdf:resource="http://dbpedia.org/resource/Category:1833_paintings" />
  </rdf:Description>
  <rdf:Description rdf:about="http://dbpedia.org/resource/The_Last_Day_of_Pompeii">
    <dcterms:subject rdf:resource="http://dbpedia.org/resource/Category:1833_paintings" />
  </rdf:Description>
  <rdf:Description rdf:about="http://dbpedia.org/resource/The_Titan&#39;s_Goblet">
    <dcterms:subject rdf:resource="http://dbpedia.org/resource/Category:1833_paintings" />
  </rdf:Description>
  <rdf:Description rdf:about="http://ru.dbpedia.org/resource/Категория:Картины_1833_года">
    <owl:sameAs rdf:resource="http://dbpedia.org/resource/Category:1833_paintings" />
  </rdf:Description>
  <rdf:Description rdf:about="http://wikidata.dbpedia.org/resource/Q8110895">
    <owl:sameAs rdf:resource="http://dbpedia.org/resource/Category:1833_paintings" />
  </rdf:Description>
  <rdf:Description rdf:about="http://uk.dbpedia.org/resource/Категорія:Картини_1833_року">
    <owl:sameAs rdf:resource="http://dbpedia.org/resource/Category:1833_paintings" />
  </rdf:Description>
</rdf:RDF>
