<?xml version="1.0" encoding="utf-8" ?>
<rdf:RDF
	xmlns:rdf="http://www.w3.org/1999/02/22-rdf-syntax-ns#"
	xmlns:rdfs="http://www.w3.org/2000/01/rdf-schema#"
	xmlns:owl="http://www.w3.org/2002/07/owl#"
	xmlns:dcterms="http://purl.org/dc/terms/"
	xmlns:dbpedia-owl="http://dbpedia.org/ontology/"
	xmlns:skos="http://www.w3.org/2004/02/skos/core#"
	xmlns:ns6="http://www.w3.org/ns/prov#" >
  <rdf:Description rdf:about="http://dbpedia.org/resource/Venise,_La_Piazetta">
    <dcterms:subject rdf:resource="http://dbpedia.org/resource/Category:1835_paintings" />
  </rdf:Description>
  <rdf:Description rdf:about="http://dbpedia.org/resource/Category:1835_paintings">
    <rdf:type rdf:resource="http://www.w3.org/2004/02/skos/core#Concept" />
    <owl:sameAs rdf:resource="http://ru.dbpedia.org/resource/Категория:Картины_1835_года" />
    <owl:sameAs rdf:resource="http://dbpedia.org/resource/Category:1835_paintings" />
    <owl:sameAs rdf:resource="http://www.wikidata.org/entity/Q8111113" />
    <dbpedia-owl:wikiPageID rdf:datatype="http://www.w3.org/2001/XMLSchema#integer">5406006</dbpedia-owl:wikiPageID>
    <dbpedia-owl:wikiPageRevisionID rdf:datatype="http://www.w3.org/2001/XMLSchema#integer">546921067</dbpedia-owl:wikiPageRevisionID>
    <rdfs:label xml:lang="en">1835 paintings</rdfs:label>
    <skos:prefLabel xml:lang="en">1835 paintings</skos:prefLabel>
    <ns6:wasDerivedFrom rdf:resource="http://en.wikipedia.org/wiki/Category:1835_paintings?oldid=546921067" />
  </rdf:Description>
  <rdf:Description rdf:about="http://dbpedia.org/resource/Francesca_da_Rimini_and_Paolo_Malatesta_appraised_by_Dante_and_Virgil">
    <dcterms:subject rdf:resource="http://dbpedia.org/resource/Category:1835_paintings" />
  </rdf:Description>
  <rdf:Description rdf:about="http://dbpedia.org/resource/Lady_Jane_Grey_Preparing_for_Execution_(painting)">
    <dcterms:subject rdf:resource="http://dbpedia.org/resource/Category:1835_paintings" />
  </rdf:Description>
  <rdf:Description rdf:about="http://dbpedia.org/resource/Aline_Chass%C3%A9riau">
    <dcterms:subject rdf:resource="http://dbpedia.org/resource/Category:1835_paintings" />
  </rdf:Description>
  <rdf:Description rdf:about="http://dbpedia.org/resource/The_Stages_of_Life">
    <dcterms:subject rdf:resource="http://dbpedia.org/resource/Category:1835_paintings" />
  </rdf:Description>
  <rdf:Description rdf:about="http://dbpedia.org/resource/Self-portrait_(Chass%C3%A9riau)">
    <dcterms:subject rdf:resource="http://dbpedia.org/resource/Category:1835_paintings" />
  </rdf:Description>
  <rdf:Description rdf:about="http://ru.dbpedia.org/resource/Категория:Картины_1835_года">
    <owl:sameAs rdf:resource="http://dbpedia.org/resource/Category:1835_paintings" />
  </rdf:Description>
  <rdf:Description rdf:about="http://dbpedia.org/resource/The_Burning_of_the_Houses_of_Lords_and_Commons">
    <dcterms:subject rdf:resource="http://dbpedia.org/resource/Category:1835_paintings" />
  </rdf:Description>
  <rdf:Description rdf:about="http://wikidata.dbpedia.org/resource/Q8111113">
    <owl:sameAs rdf:resource="http://dbpedia.org/resource/Category:1835_paintings" />
  </rdf:Description>
</rdf:RDF>
