<?xml version="1.0" encoding="utf-8" ?>
<rdf:RDF
	xmlns:rdf="http://www.w3.org/1999/02/22-rdf-syntax-ns#"
	xmlns:rdfs="http://www.w3.org/2000/01/rdf-schema#"
	xmlns:owl="http://www.w3.org/2002/07/owl#"
	xmlns:dcterms="http://purl.org/dc/terms/"
	xmlns:dbpedia-owl="http://dbpedia.org/ontology/"
	xmlns:skos="http://www.w3.org/2004/02/skos/core#"
	xmlns:ns6="http://www.w3.org/ns/prov#" >
  <rdf:Description rdf:about="http://dbpedia.org/resource/Salisbury_Cathedral_from_the_Meadows">
    <dcterms:subject rdf:resource="http://dbpedia.org/resource/Category:1831_paintings" />
  </rdf:Description>
  <rdf:Description rdf:about="http://dbpedia.org/resource/Category:1831_paintings">
    <rdf:type rdf:resource="http://www.w3.org/2004/02/skos/core#Concept" />
    <owl:sameAs rdf:resource="http://dbpedia.org/resource/Category:1831_paintings" />
    <owl:sameAs rdf:resource="http://www.wikidata.org/entity/Q9577137" />
    <owl:sameAs rdf:resource="http://ru.dbpedia.org/resource/Категория:Картины_1831_года" />
    <owl:sameAs rdf:resource="http://ro.dbpedia.org/resource/Categorie:Picturi_din_1831" />
    <dbpedia-owl:wikiPageID rdf:datatype="http://www.w3.org/2001/XMLSchema#integer">33043723</dbpedia-owl:wikiPageID>
    <dbpedia-owl:wikiPageRevisionID rdf:datatype="http://www.w3.org/2001/XMLSchema#integer">548561875</dbpedia-owl:wikiPageRevisionID>
    <rdfs:label xml:lang="en">1831 paintings</rdfs:label>
    <skos:prefLabel xml:lang="en">1831 paintings</skos:prefLabel>
    <ns6:wasDerivedFrom rdf:resource="http://en.wikipedia.org/wiki/Category:1831_paintings?oldid=548561875" />
  </rdf:Description>
  <rdf:Description rdf:about="http://ru.dbpedia.org/resource/Категория:Картины_1831_года">
    <owl:sameAs rdf:resource="http://dbpedia.org/resource/Category:1831_paintings" />
  </rdf:Description>
  <rdf:Description rdf:about="http://dbpedia.org/resource/A_Distinguished_Member_of_the_Humane_Society">
    <dcterms:subject rdf:resource="http://dbpedia.org/resource/Category:1831_paintings" />
  </rdf:Description>
  <rdf:Description rdf:about="http://dbpedia.org/resource/A_Young_Tiger_Playing_with_its_Mother">
    <dcterms:subject rdf:resource="http://dbpedia.org/resource/Category:1831_paintings" />
  </rdf:Description>
  <rdf:Description rdf:about="http://wikidata.dbpedia.org/resource/Q9577137">
    <owl:sameAs rdf:resource="http://dbpedia.org/resource/Category:1831_paintings" />
  </rdf:Description>
  <rdf:Description rdf:about="http://ro.dbpedia.org/resource/Categorie:Picturi_din_1831">
    <owl:sameAs rdf:resource="http://dbpedia.org/resource/Category:1831_paintings" />
  </rdf:Description>
</rdf:RDF>
