<?xml version="1.0" encoding="utf-8" ?>
<rdf:RDF
	xmlns:rdf="http://www.w3.org/1999/02/22-rdf-syntax-ns#"
	xmlns:rdfs="http://www.w3.org/2000/01/rdf-schema#"
	xmlns:owl="http://www.w3.org/2002/07/owl#"
	xmlns:dcterms="http://purl.org/dc/terms/"
	xmlns:dbpedia-owl="http://dbpedia.org/ontology/"
	xmlns:skos="http://www.w3.org/2004/02/skos/core#"
	xmlns:ns6="http://www.w3.org/ns/prov#" >
  <rdf:Description rdf:about="http://dbpedia.org/resource/The_Slave_Ship">
    <dcterms:subject rdf:resource="http://dbpedia.org/resource/Category:1840_paintings" />
  </rdf:Description>
  <rdf:Description rdf:about="http://dbpedia.org/resource/Laying_Down_the_Law">
    <dcterms:subject rdf:resource="http://dbpedia.org/resource/Category:1840_paintings" />
  </rdf:Description>
  <rdf:Description rdf:about="http://dbpedia.org/resource/Category:1840_paintings">
    <rdf:type rdf:resource="http://www.w3.org/2004/02/skos/core#Concept" />
    <owl:sameAs rdf:resource="http://uk.dbpedia.org/resource/Категорія:Картини_1840_року" />
    <owl:sameAs rdf:resource="http://www.wikidata.org/entity/Q8111693" />
    <owl:sameAs rdf:resource="http://ro.dbpedia.org/resource/Categorie:Picturi_din_1840" />
    <owl:sameAs rdf:resource="http://dbpedia.org/resource/Category:1840_paintings" />
    <dbpedia-owl:wikiPageID rdf:datatype="http://www.w3.org/2001/XMLSchema#integer">5514872</dbpedia-owl:wikiPageID>
    <dbpedia-owl:wikiPageRevisionID rdf:datatype="http://www.w3.org/2001/XMLSchema#integer">546922903</dbpedia-owl:wikiPageRevisionID>
    <rdfs:label xml:lang="en">1840 paintings</rdfs:label>
    <skos:prefLabel xml:lang="en">1840 paintings</skos:prefLabel>
    <ns6:wasDerivedFrom rdf:resource="http://en.wikipedia.org/wiki/Category:1840_paintings?oldid=546922903" />
  </rdf:Description>
  <rdf:Description rdf:about="http://dbpedia.org/resource/Entry_of_the_Crusaders_in_Constantinople">
    <dcterms:subject rdf:resource="http://dbpedia.org/resource/Category:1840_paintings" />
  </rdf:Description>
  <rdf:Description rdf:about="http://wikidata.dbpedia.org/resource/Q8111693">
    <owl:sameAs rdf:resource="http://dbpedia.org/resource/Category:1840_paintings" />
  </rdf:Description>
  <rdf:Description rdf:about="http://ro.dbpedia.org/resource/Categorie:Picturi_din_1840">
    <owl:sameAs rdf:resource="http://dbpedia.org/resource/Category:1840_paintings" />
  </rdf:Description>
  <rdf:Description rdf:about="http://uk.dbpedia.org/resource/Категорія:Картини_1840_року">
    <owl:sameAs rdf:resource="http://dbpedia.org/resource/Category:1840_paintings" />
  </rdf:Description>
</rdf:RDF>
