<?xml version="1.0" encoding="utf-8" ?>
<rdf:RDF
	xmlns:rdf="http://www.w3.org/1999/02/22-rdf-syntax-ns#"
	xmlns:rdfs="http://www.w3.org/2000/01/rdf-schema#"
	xmlns:owl="http://www.w3.org/2002/07/owl#"
	xmlns:dcterms="http://purl.org/dc/terms/"
	xmlns:dbpedia-owl="http://dbpedia.org/ontology/"
	xmlns:skos="http://www.w3.org/2004/02/skos/core#"
	xmlns:ns6="http://www.w3.org/ns/prov#" >
  <rdf:Description rdf:about="http://dbpedia.org/resource/Rain,_Steam_and_Speed_%E2%80%93_The_Great_Western_Railway">
    <dcterms:subject rdf:resource="http://dbpedia.org/resource/Category:1844_paintings" />
  </rdf:Description>
  <rdf:Description rdf:about="http://dbpedia.org/resource/Last_Words_of_the_Emperor_Marcus_Aurelius">
    <dcterms:subject rdf:resource="http://dbpedia.org/resource/Category:1844_paintings" />
  </rdf:Description>
  <rdf:Description rdf:about="http://dbpedia.org/resource/Category:1844_paintings">
    <rdf:type rdf:resource="http://www.w3.org/2004/02/skos/core#Concept" />
    <owl:sameAs rdf:resource="http://dbpedia.org/resource/Category:1844_paintings" />
    <owl:sameAs rdf:resource="http://ru.dbpedia.org/resource/Категория:Картины_1844_года" />
    <owl:sameAs rdf:resource="http://ko.dbpedia.org/resource/분류:1844년_회화_작품" />
    <owl:sameAs rdf:resource="http://www.wikidata.org/entity/Q8112300" />
    <dbpedia-owl:wikiPageID rdf:datatype="http://www.w3.org/2001/XMLSchema#integer">10305198</dbpedia-owl:wikiPageID>
    <dbpedia-owl:wikiPageRevisionID rdf:datatype="http://www.w3.org/2001/XMLSchema#integer">546634313</dbpedia-owl:wikiPageRevisionID>
    <rdfs:label xml:lang="en">1844 paintings</rdfs:label>
    <skos:prefLabel xml:lang="en">1844 paintings</skos:prefLabel>
    <ns6:wasDerivedFrom rdf:resource="http://en.wikipedia.org/wiki/Category:1844_paintings?oldid=546634313" />
  </rdf:Description>
  <rdf:Description rdf:about="http://dbpedia.org/resource/Portrait_of_Krist%C3%B3f_Heged%C5%B1s">
    <dcterms:subject rdf:resource="http://dbpedia.org/resource/Category:1844_paintings" />
  </rdf:Description>
  <rdf:Description rdf:about="http://ru.dbpedia.org/resource/Категория:Картины_1844_года">
    <owl:sameAs rdf:resource="http://dbpedia.org/resource/Category:1844_paintings" />
  </rdf:Description>
  <rdf:Description rdf:about="http://dbpedia.org/resource/%C4%B0l_pepe_e_il_peperoncino">
    <dcterms:subject rdf:resource="http://dbpedia.org/resource/Category:1844_paintings" />
  </rdf:Description>
  <rdf:Description rdf:about="http://ko.dbpedia.org/resource/분류:1844년_회화_작품">
    <owl:sameAs rdf:resource="http://dbpedia.org/resource/Category:1844_paintings" />
  </rdf:Description>
  <rdf:Description rdf:about="http://wikidata.dbpedia.org/resource/Q8112300">
    <owl:sameAs rdf:resource="http://dbpedia.org/resource/Category:1844_paintings" />
  </rdf:Description>
</rdf:RDF>
