<?xml version="1.0" encoding="utf-8" ?>
<rdf:RDF
	xmlns:rdf="http://www.w3.org/1999/02/22-rdf-syntax-ns#"
	xmlns:rdfs="http://www.w3.org/2000/01/rdf-schema#"
	xmlns:owl="http://www.w3.org/2002/07/owl#"
	xmlns:dcterms="http://purl.org/dc/terms/"
	xmlns:dbpedia-owl="http://dbpedia.org/ontology/"
	xmlns:skos="http://www.w3.org/2004/02/skos/core#"
	xmlns:ns6="http://www.w3.org/ns/prov#" >
  <rdf:Description rdf:about="http://dbpedia.org/resource/Category:1842_paintings">
    <rdf:type rdf:resource="http://www.w3.org/2004/02/skos/core#Concept" />
    <owl:sameAs rdf:resource="http://dbpedia.org/resource/Category:1842_paintings" />
    <owl:sameAs rdf:resource="http://www.wikidata.org/entity/Q8112095" />
    <owl:sameAs rdf:resource="http://uk.dbpedia.org/resource/Категорія:Картини_1842_року" />
    <owl:sameAs rdf:resource="http://da.dbpedia.org/resource/Kategori:Malerier_fra_1842" />
    <owl:sameAs rdf:resource="http://no.dbpedia.org/resource/Kategori:Malerier_fra_1842" />
    <dbpedia-owl:wikiPageID rdf:datatype="http://www.w3.org/2001/XMLSchema#integer">12499969</dbpedia-owl:wikiPageID>
    <dbpedia-owl:wikiPageRevisionID rdf:datatype="http://www.w3.org/2001/XMLSchema#integer">546657015</dbpedia-owl:wikiPageRevisionID>
    <rdfs:label xml:lang="en">1842 paintings</rdfs:label>
    <skos:prefLabel xml:lang="en">1842 paintings</skos:prefLabel>
    <ns6:wasDerivedFrom rdf:resource="http://en.wikipedia.org/wiki/Category:1842_paintings?oldid=546657015" />
  </rdf:Description>
  <rdf:Description rdf:about="http://dbpedia.org/resource/Odalisque_with_Slave">
    <dcterms:subject rdf:resource="http://dbpedia.org/resource/Category:1842_paintings" />
  </rdf:Description>
  <rdf:Description rdf:about="http://dbpedia.org/resource/The_Voyage_of_Life">
    <dcterms:subject rdf:resource="http://dbpedia.org/resource/Category:1842_paintings" />
  </rdf:Description>
  <rdf:Description rdf:about="http://dbpedia.org/resource/Manfred_on_the_Jungfrau_(1842)">
    <dcterms:subject rdf:resource="http://dbpedia.org/resource/Category:1842_paintings" />
  </rdf:Description>
  <rdf:Description rdf:about="http://wikidata.dbpedia.org/resource/Q8112095">
    <owl:sameAs rdf:resource="http://dbpedia.org/resource/Category:1842_paintings" />
  </rdf:Description>
  <rdf:Description rdf:about="http://da.dbpedia.org/resource/Kategori:Malerier_fra_1842">
    <owl:sameAs rdf:resource="http://dbpedia.org/resource/Category:1842_paintings" />
  </rdf:Description>
  <rdf:Description rdf:about="http://no.dbpedia.org/resource/Kategori:Malerier_fra_1842">
    <owl:sameAs rdf:resource="http://dbpedia.org/resource/Category:1842_paintings" />
  </rdf:Description>
  <rdf:Description rdf:about="http://uk.dbpedia.org/resource/Категорія:Картини_1842_року">
    <owl:sameAs rdf:resource="http://dbpedia.org/resource/Category:1842_paintings" />
  </rdf:Description>
</rdf:RDF>
