<?xml version="1.0" encoding="utf-8" ?>
<rdf:RDF
	xmlns:rdf="http://www.w3.org/1999/02/22-rdf-syntax-ns#"
	xmlns:rdfs="http://www.w3.org/2000/01/rdf-schema#"
	xmlns:owl="http://www.w3.org/2002/07/owl#"
	xmlns:dcterms="http://purl.org/dc/terms/"
	xmlns:dbpedia-owl="http://dbpedia.org/ontology/"
	xmlns:skos="http://www.w3.org/2004/02/skos/core#"
	xmlns:ns6="http://www.w3.org/ns/prov#" >
  <rdf:Description rdf:about="http://dbpedia.org/resource/Category:1859_paintings">
    <rdf:type rdf:resource="http://www.w3.org/2004/02/skos/core#Concept" />
    <owl:sameAs rdf:resource="http://dbpedia.org/resource/Category:1859_paintings" />
    <owl:sameAs rdf:resource="http://da.dbpedia.org/resource/Kategori:Malerier_fra_1859" />
    <owl:sameAs rdf:resource="http://uk.dbpedia.org/resource/Категорія:Картини_1859_року" />
    <owl:sameAs rdf:resource="http://www.wikidata.org/entity/Q8114274" />
    <owl:sameAs rdf:resource="http://be_x_old.dbpedia.org/resource/Катэгорыя:Карціны_1859_году" />
    <owl:sameAs rdf:resource="http://ru.dbpedia.org/resource/Категория:Картины_1859_года" />
    <dbpedia-owl:wikiPageID rdf:datatype="http://www.w3.org/2001/XMLSchema#integer">10264821</dbpedia-owl:wikiPageID>
    <dbpedia-owl:wikiPageRevisionID rdf:datatype="http://www.w3.org/2001/XMLSchema#integer">546634149</dbpedia-owl:wikiPageRevisionID>
    <rdfs:label xml:lang="en">1859 paintings</rdfs:label>
    <skos:prefLabel xml:lang="en">1859 paintings</skos:prefLabel>
    <ns6:wasDerivedFrom rdf:resource="http://en.wikipedia.org/wiki/Category:1859_paintings?oldid=546634149" />
  </rdf:Description>
  <rdf:Description rdf:about="http://dbpedia.org/resource/The_Heart_of_the_Andes">
    <dcterms:subject rdf:resource="http://dbpedia.org/resource/Category:1859_paintings" />
  </rdf:Description>
  <rdf:Description rdf:about="http://dbpedia.org/resource/The_Vale_of_Rest">
    <dcterms:subject rdf:resource="http://dbpedia.org/resource/Category:1859_paintings" />
  </rdf:Description>
  <rdf:Description rdf:about="http://dbpedia.org/resource/Thoughts_of_the_Past">
    <dcterms:subject rdf:resource="http://dbpedia.org/resource/Category:1859_paintings" />
  </rdf:Description>
  <rdf:Description rdf:about="http://dbpedia.org/resource/The_Kiss_(Hayez)">
    <dcterms:subject rdf:resource="http://dbpedia.org/resource/Category:1859_paintings" />
  </rdf:Description>
  <rdf:Description rdf:about="http://dbpedia.org/resource/Bocca_Baciata">
    <dcterms:subject rdf:resource="http://dbpedia.org/resource/Category:1859_paintings" />
  </rdf:Description>
  <rdf:Description rdf:about="http://ru.dbpedia.org/resource/Категория:Картины_1859_года">
    <owl:sameAs rdf:resource="http://dbpedia.org/resource/Category:1859_paintings" />
  </rdf:Description>
  <rdf:Description rdf:about="http://dbpedia.org/resource/The_Long_Engagement">
    <dcterms:subject rdf:resource="http://dbpedia.org/resource/Category:1859_paintings" />
  </rdf:Description>
  <rdf:Description rdf:about="http://dbpedia.org/resource/Ovid_among_the_Scythians">
    <dcterms:subject rdf:resource="http://dbpedia.org/resource/Category:1859_paintings" />
  </rdf:Description>
  <rdf:Description rdf:about="http://dbpedia.org/resource/The_Angelus_(painting)">
    <dcterms:subject rdf:resource="http://dbpedia.org/resource/Category:1859_paintings" />
  </rdf:Description>
  <rdf:Description rdf:about="http://dbpedia.org/resource/The_Absinthe_Drinker_(Manet_painting)">
    <dcterms:subject rdf:resource="http://dbpedia.org/resource/Category:1859_paintings" />
  </rdf:Description>
  <rdf:Description rdf:about="http://dbpedia.org/resource/Negro_Life_at_the_South">
    <dcterms:subject rdf:resource="http://dbpedia.org/resource/Category:1859_paintings" />
  </rdf:Description>
  <rdf:Description rdf:about="http://dbpedia.org/resource/Omnibus_Life_in_London">
    <dcterms:subject rdf:resource="http://dbpedia.org/resource/Category:1859_paintings" />
  </rdf:Description>
  <rdf:Description rdf:about="http://dbpedia.org/resource/The_Catskills_(painting)">
    <dcterms:subject rdf:resource="http://dbpedia.org/resource/Category:1859_paintings" />
  </rdf:Description>
  <rdf:Description rdf:about="http://wikidata.dbpedia.org/resource/Q8114274">
    <owl:sameAs rdf:resource="http://dbpedia.org/resource/Category:1859_paintings" />
  </rdf:Description>
  <rdf:Description rdf:about="http://da.dbpedia.org/resource/Kategori:Malerier_fra_1859">
    <owl:sameAs rdf:resource="http://dbpedia.org/resource/Category:1859_paintings" />
  </rdf:Description>
  <rdf:Description rdf:about="http://uk.dbpedia.org/resource/Категорія:Картини_1859_року">
    <owl:sameAs rdf:resource="http://dbpedia.org/resource/Category:1859_paintings" />
  </rdf:Description>
  <rdf:Description rdf:about="http://be_x_old.dbpedia.org/resource/Катэгорыя:Карціны_1859_году">
    <owl:sameAs rdf:resource="http://dbpedia.org/resource/Category:1859_paintings" />
  </rdf:Description>
</rdf:RDF>
