<?xml version="1.0" encoding="utf-8" ?>
<rdf:RDF
	xmlns:rdf="http://www.w3.org/1999/02/22-rdf-syntax-ns#"
	xmlns:rdfs="http://www.w3.org/2000/01/rdf-schema#"
	xmlns:owl="http://www.w3.org/2002/07/owl#"
	xmlns:dcterms="http://purl.org/dc/terms/"
	xmlns:dbpedia-owl="http://dbpedia.org/ontology/"
	xmlns:skos="http://www.w3.org/2004/02/skos/core#"
	xmlns:ns6="http://www.w3.org/ns/prov#" >
  <rdf:Description rdf:about="http://dbpedia.org/resource/Arkansas_Traveller_(painting)">
    <dcterms:subject rdf:resource="http://dbpedia.org/resource/Category:1858_paintings" />
  </rdf:Description>
  <rdf:Description rdf:about="http://dbpedia.org/resource/The_Vale_of_Rest">
    <dcterms:subject rdf:resource="http://dbpedia.org/resource/Category:1858_paintings" />
  </rdf:Description>
  <rdf:Description rdf:about="http://dbpedia.org/resource/The_Crossing_Sweeper">
    <dcterms:subject rdf:resource="http://dbpedia.org/resource/Category:1858_paintings" />
  </rdf:Description>
  <rdf:Description rdf:about="http://dbpedia.org/resource/The_Derby_Day">
    <dcterms:subject rdf:resource="http://dbpedia.org/resource/Category:1858_paintings" />
  </rdf:Description>
  <rdf:Description rdf:about="http://dbpedia.org/resource/Category:1858_paintings">
    <rdf:type rdf:resource="http://www.w3.org/2004/02/skos/core#Concept" />
    <owl:sameAs rdf:resource="http://da.dbpedia.org/resource/Kategori:Malerier_fra_1858" />
    <owl:sameAs rdf:resource="http://dbpedia.org/resource/Category:1858_paintings" />
    <owl:sameAs rdf:resource="http://www.wikidata.org/entity/Q8114130" />
    <owl:sameAs rdf:resource="http://pt.dbpedia.org/resource/Categoria:Pinturas_de_1858" />
    <dbpedia-owl:wikiPageID rdf:datatype="http://www.w3.org/2001/XMLSchema#integer">5410531</dbpedia-owl:wikiPageID>
    <dbpedia-owl:wikiPageRevisionID rdf:datatype="http://www.w3.org/2001/XMLSchema#integer">546920416</dbpedia-owl:wikiPageRevisionID>
    <rdfs:label xml:lang="en">1858 paintings</rdfs:label>
    <skos:prefLabel xml:lang="en">1858 paintings</skos:prefLabel>
    <ns6:wasDerivedFrom rdf:resource="http://en.wikipedia.org/wiki/Category:1858_paintings?oldid=546920416" />
  </rdf:Description>
  <rdf:Description rdf:about="http://dbpedia.org/resource/Past_and_Present_(paintings)">
    <dcterms:subject rdf:resource="http://dbpedia.org/resource/Category:1858_paintings" />
  </rdf:Description>
  <rdf:Description rdf:about="http://wikidata.dbpedia.org/resource/Q8114130">
    <owl:sameAs rdf:resource="http://dbpedia.org/resource/Category:1858_paintings" />
  </rdf:Description>
  <rdf:Description rdf:about="http://pt.dbpedia.org/resource/Categoria:Pinturas_de_1858">
    <owl:sameAs rdf:resource="http://dbpedia.org/resource/Category:1858_paintings" />
  </rdf:Description>
  <rdf:Description rdf:about="http://da.dbpedia.org/resource/Kategori:Malerier_fra_1858">
    <owl:sameAs rdf:resource="http://dbpedia.org/resource/Category:1858_paintings" />
  </rdf:Description>
</rdf:RDF>
