<?xml version="1.0" encoding="utf-8" ?>
<rdf:RDF
	xmlns:rdf="http://www.w3.org/1999/02/22-rdf-syntax-ns#"
	xmlns:rdfs="http://www.w3.org/2000/01/rdf-schema#"
	xmlns:owl="http://www.w3.org/2002/07/owl#"
	xmlns:dcterms="http://purl.org/dc/terms/"
	xmlns:dbpedia-owl="http://dbpedia.org/ontology/"
	xmlns:skos="http://www.w3.org/2004/02/skos/core#"
	xmlns:ns6="http://www.w3.org/ns/prov#" >
  <rdf:Description rdf:about="http://dbpedia.org/resource/Christ_in_the_House_of_His_Parents">
    <dcterms:subject rdf:resource="http://dbpedia.org/resource/Category:1850_paintings" />
  </rdf:Description>
  <rdf:Description rdf:about="http://dbpedia.org/resource/Found_Drowned">
    <dcterms:subject rdf:resource="http://dbpedia.org/resource/Category:1850_paintings" />
  </rdf:Description>
  <rdf:Description rdf:about="http://dbpedia.org/resource/A_Converted_British_Family_Sheltering_a_Christian_Missionary_from_the_Persecution_of_the_Druids">
    <dcterms:subject rdf:resource="http://dbpedia.org/resource/Category:1850_paintings" />
  </rdf:Description>
  <rdf:Description rdf:about="http://dbpedia.org/resource/Ecce_Ancilla_Domini">
    <dcterms:subject rdf:resource="http://dbpedia.org/resource/Category:1850_paintings" />
  </rdf:Description>
  <rdf:Description rdf:about="http://ko.dbpedia.org/resource/분류:1850년_미술_작품">
    <owl:sameAs rdf:resource="http://dbpedia.org/resource/Category:1850_paintings" />
  </rdf:Description>
  <rdf:Description rdf:about="http://ru.dbpedia.org/resource/Категория:Картины_1850_года">
    <owl:sameAs rdf:resource="http://dbpedia.org/resource/Category:1850_paintings" />
  </rdf:Description>
  <rdf:Description rdf:about="http://dbpedia.org/resource/The_Ninth_Wave">
    <dcterms:subject rdf:resource="http://dbpedia.org/resource/Category:1850_paintings" />
  </rdf:Description>
  <rdf:Description rdf:about="http://dbpedia.org/resource/A_Burial_At_Ornans">
    <dcterms:subject rdf:resource="http://dbpedia.org/resource/Category:1850_paintings" />
  </rdf:Description>
  <rdf:Description rdf:about="http://dbpedia.org/resource/Ferdinand_Lured_by_Ariel">
    <dcterms:subject rdf:resource="http://dbpedia.org/resource/Category:1850_paintings" />
  </rdf:Description>
  <rdf:Description rdf:about="http://dbpedia.org/resource/Category:1850_paintings">
    <rdf:type rdf:resource="http://www.w3.org/2004/02/skos/core#Concept" />
    <owl:sameAs rdf:resource="http://ko.dbpedia.org/resource/분류:1850년_미술_작품" />
    <owl:sameAs rdf:resource="http://uk.dbpedia.org/resource/Категорія:Картини_1850_року" />
    <owl:sameAs rdf:resource="http://be.dbpedia.org/resource/Катэгорыя:Карціны_1850_года" />
    <owl:sameAs rdf:resource="http://da.dbpedia.org/resource/Kategori:Malerier_fra_1850" />
    <owl:sameAs rdf:resource="http://ro.dbpedia.org/resource/Categorie:Picturi_din_1850" />
    <owl:sameAs rdf:resource="http://www.wikidata.org/entity/Q9216917" />
    <owl:sameAs rdf:resource="http://dbpedia.org/resource/Category:1850_paintings" />
    <owl:sameAs rdf:resource="http://ru.dbpedia.org/resource/Категория:Картины_1850_года" />
    <dbpedia-owl:wikiPageID rdf:datatype="http://www.w3.org/2001/XMLSchema#integer">7971013</dbpedia-owl:wikiPageID>
    <dbpedia-owl:wikiPageRevisionID rdf:datatype="http://www.w3.org/2001/XMLSchema#integer">548259544</dbpedia-owl:wikiPageRevisionID>
    <rdfs:label xml:lang="en">1850 paintings</rdfs:label>
    <skos:prefLabel xml:lang="en">1850 paintings</skos:prefLabel>
    <ns6:wasDerivedFrom rdf:resource="http://en.wikipedia.org/wiki/Category:1850_paintings?oldid=548259544" />
  </rdf:Description>
  <rdf:Description rdf:about="http://dbpedia.org/resource/The_Bookworm">
    <dcterms:subject rdf:resource="http://dbpedia.org/resource/Category:1850_paintings" />
  </rdf:Description>
  <rdf:Description rdf:about="http://dbpedia.org/resource/The_Stone_Breakers">
    <dcterms:subject rdf:resource="http://dbpedia.org/resource/Category:1850_paintings" />
  </rdf:Description>
  <rdf:Description rdf:about="http://wikidata.dbpedia.org/resource/Q9216917">
    <owl:sameAs rdf:resource="http://dbpedia.org/resource/Category:1850_paintings" />
  </rdf:Description>
  <rdf:Description rdf:about="http://be.dbpedia.org/resource/Катэгорыя:Карціны_1850_года">
    <owl:sameAs rdf:resource="http://dbpedia.org/resource/Category:1850_paintings" />
  </rdf:Description>
  <rdf:Description rdf:about="http://da.dbpedia.org/resource/Kategori:Malerier_fra_1850">
    <owl:sameAs rdf:resource="http://dbpedia.org/resource/Category:1850_paintings" />
  </rdf:Description>
  <rdf:Description rdf:about="http://ro.dbpedia.org/resource/Categorie:Picturi_din_1850">
    <owl:sameAs rdf:resource="http://dbpedia.org/resource/Category:1850_paintings" />
  </rdf:Description>
  <rdf:Description rdf:about="http://uk.dbpedia.org/resource/Категорія:Картини_1850_року">
    <owl:sameAs rdf:resource="http://dbpedia.org/resource/Category:1850_paintings" />
  </rdf:Description>
</rdf:RDF>
