<?xml version="1.0" encoding="utf-8" ?>
<rdf:RDF
	xmlns:rdf="http://www.w3.org/1999/02/22-rdf-syntax-ns#"
	xmlns:rdfs="http://www.w3.org/2000/01/rdf-schema#"
	xmlns:owl="http://www.w3.org/2002/07/owl#"
	xmlns:dcterms="http://purl.org/dc/terms/"
	xmlns:dbpedia-owl="http://dbpedia.org/ontology/"
	xmlns:skos="http://www.w3.org/2004/02/skos/core#"
	xmlns:ns6="http://www.w3.org/ns/prov#" >
  <rdf:Description rdf:about="http://dbpedia.org/resource/Category:1851_paintings">
    <rdf:type rdf:resource="http://www.w3.org/2004/02/skos/core#Concept" />
    <owl:sameAs rdf:resource="http://www.wikidata.org/entity/Q8113303" />
    <owl:sameAs rdf:resource="http://ru.dbpedia.org/resource/Категория:Картины_1851_года" />
    <owl:sameAs rdf:resource="http://dbpedia.org/resource/Category:1851_paintings" />
    <owl:sameAs rdf:resource="http://mk.dbpedia.org/resource/Категорија:Слики_од_1851" />
    <owl:sameAs rdf:resource="http://da.dbpedia.org/resource/Kategori:Malerier_fra_1851" />
    <owl:sameAs rdf:resource="http://no.dbpedia.org/resource/Kategori:Malerier_fra_1851" />
    <dbpedia-owl:wikiPageID rdf:datatype="http://www.w3.org/2001/XMLSchema#integer">5405948</dbpedia-owl:wikiPageID>
    <dbpedia-owl:wikiPageRevisionID rdf:datatype="http://www.w3.org/2001/XMLSchema#integer">546919994</dbpedia-owl:wikiPageRevisionID>
    <rdfs:label xml:lang="en">1851 paintings</rdfs:label>
    <skos:prefLabel xml:lang="en">1851 paintings</skos:prefLabel>
    <ns6:wasDerivedFrom rdf:resource="http://en.wikipedia.org/wiki/Category:1851_paintings?oldid=546919994" />
  </rdf:Description>
  <rdf:Description rdf:about="http://dbpedia.org/resource/Convent_Thoughts">
    <dcterms:subject rdf:resource="http://dbpedia.org/resource/Category:1851_paintings" />
  </rdf:Description>
  <rdf:Description rdf:about="http://dbpedia.org/resource/Mariana_(Millais)">
    <dcterms:subject rdf:resource="http://dbpedia.org/resource/Category:1851_paintings" />
  </rdf:Description>
  <rdf:Description rdf:about="http://dbpedia.org/resource/Monarch_of_the_Glen_(painting)">
    <dcterms:subject rdf:resource="http://dbpedia.org/resource/Category:1851_paintings" />
  </rdf:Description>
  <rdf:Description rdf:about="http://dbpedia.org/resource/The_Hireling_Shepherd">
    <dcterms:subject rdf:resource="http://dbpedia.org/resource/Category:1851_paintings" />
  </rdf:Description>
  <rdf:Description rdf:about="http://dbpedia.org/resource/The_Return_of_the_Dove_to_the_Ark">
    <dcterms:subject rdf:resource="http://dbpedia.org/resource/Category:1851_paintings" />
  </rdf:Description>
  <rdf:Description rdf:about="http://ru.dbpedia.org/resource/Категория:Картины_1851_года">
    <owl:sameAs rdf:resource="http://dbpedia.org/resource/Category:1851_paintings" />
  </rdf:Description>
  <rdf:Description rdf:about="http://dbpedia.org/resource/Washington_Crossing_the_Delaware">
    <dcterms:subject rdf:resource="http://dbpedia.org/resource/Category:1851_paintings" />
  </rdf:Description>
  <rdf:Description rdf:about="http://dbpedia.org/resource/The_Outcast_(Redgrave_painting)">
    <dcterms:subject rdf:resource="http://dbpedia.org/resource/Category:1851_paintings" />
  </rdf:Description>
  <rdf:Description rdf:about="http://dbpedia.org/resource/The_Harvest_(Charles-Francois_Daubigny)">
    <dcterms:subject rdf:resource="http://dbpedia.org/resource/Category:1851_paintings" />
  </rdf:Description>
  <rdf:Description rdf:about="http://wikidata.dbpedia.org/resource/Q8113303">
    <owl:sameAs rdf:resource="http://dbpedia.org/resource/Category:1851_paintings" />
  </rdf:Description>
  <rdf:Description rdf:about="http://da.dbpedia.org/resource/Kategori:Malerier_fra_1851">
    <owl:sameAs rdf:resource="http://dbpedia.org/resource/Category:1851_paintings" />
  </rdf:Description>
  <rdf:Description rdf:about="http://mk.dbpedia.org/resource/Категорија:Слики_од_1851">
    <owl:sameAs rdf:resource="http://dbpedia.org/resource/Category:1851_paintings" />
  </rdf:Description>
  <rdf:Description rdf:about="http://no.dbpedia.org/resource/Kategori:Malerier_fra_1851">
    <owl:sameAs rdf:resource="http://dbpedia.org/resource/Category:1851_paintings" />
  </rdf:Description>
</rdf:RDF>
