<?xml version="1.0" encoding="utf-8" ?>
<rdf:RDF
	xmlns:rdf="http://www.w3.org/1999/02/22-rdf-syntax-ns#"
	xmlns:rdfs="http://www.w3.org/2000/01/rdf-schema#"
	xmlns:owl="http://www.w3.org/2002/07/owl#"
	xmlns:dcterms="http://purl.org/dc/terms/"
	xmlns:dbpedia-owl="http://dbpedia.org/ontology/"
	xmlns:skos="http://www.w3.org/2004/02/skos/core#"
	xmlns:ns6="http://www.w3.org/ns/prov#" >
  <rdf:Description rdf:about="http://dbpedia.org/resource/Category:1860s_paintings">
    <rdf:type rdf:resource="http://www.w3.org/2004/02/skos/core#Concept" />
    <owl:sameAs rdf:resource="http://no.dbpedia.org/resource/Kategori:Malerier_fra_1860-årene" />
    <owl:sameAs rdf:resource="http://www.wikidata.org/entity/Q7028834" />
    <owl:sameAs rdf:resource="http://dbpedia.org/resource/Category:1860s_paintings" />
    <owl:sameAs rdf:resource="http://th.dbpedia.org/resource/หมวดหมู่:จิตรกรรมในคริสต์ทศวรรษ_1860" />
    <owl:sameAs rdf:resource="http://fr.dbpedia.org/resource/Catégorie:Tableau_des_années_1860" />
    <owl:sameAs rdf:resource="http://ko.dbpedia.org/resource/분류:1860년대_회화_작품" />
    <dbpedia-owl:wikiPageID rdf:datatype="http://www.w3.org/2001/XMLSchema#integer">5615993</dbpedia-owl:wikiPageID>
    <dbpedia-owl:wikiPageRevisionID rdf:datatype="http://www.w3.org/2001/XMLSchema#integer">544422967</dbpedia-owl:wikiPageRevisionID>
    <rdfs:label xml:lang="en">1860s paintings</rdfs:label>
    <skos:prefLabel xml:lang="en">1860s paintings</skos:prefLabel>
    <ns6:wasDerivedFrom rdf:resource="http://en.wikipedia.org/wiki/Category:1860s_paintings?oldid=544422967" />
  </rdf:Description>
  <rdf:Description rdf:about="http://dbpedia.org/resource/Meditation_by_the_Sea">
    <dcterms:subject rdf:resource="http://dbpedia.org/resource/Category:1860s_paintings" />
  </rdf:Description>
  <rdf:Description rdf:about="http://dbpedia.org/resource/The_Death_of_Nelson_(Maclise_painting)">
    <dcterms:subject rdf:resource="http://dbpedia.org/resource/Category:1860s_paintings" />
  </rdf:Description>
  <rdf:Description rdf:about="http://ko.dbpedia.org/resource/분류:1860년대_회화_작품">
    <owl:sameAs rdf:resource="http://dbpedia.org/resource/Category:1860s_paintings" />
  </rdf:Description>
  <rdf:Description rdf:about="http://dbpedia.org/resource/The_Reading_(Manet_painting)">
    <dcterms:subject rdf:resource="http://dbpedia.org/resource/Category:1860s_paintings" />
  </rdf:Description>
  <rdf:Description rdf:about="http://dbpedia.org/resource/The_Laundress_(Daumier)">
    <dcterms:subject rdf:resource="http://dbpedia.org/resource/Category:1860s_paintings" />
  </rdf:Description>
  <rdf:Description rdf:about="http://dbpedia.org/resource/The_Magpie_(Monet)">
    <dcterms:subject rdf:resource="http://dbpedia.org/resource/Category:1860s_paintings" />
  </rdf:Description>
  <rdf:Description rdf:about="http://fr.dbpedia.org/resource/Catégorie:Tableau_des_années_1860">
    <owl:sameAs rdf:resource="http://dbpedia.org/resource/Category:1860s_paintings" />
  </rdf:Description>
  <rdf:Description rdf:about="http://dbpedia.org/resource/Lost_Illusions_(painting)">
    <dcterms:subject rdf:resource="http://dbpedia.org/resource/Category:1860s_paintings" />
  </rdf:Description>
  <rdf:Description rdf:about="http://dbpedia.org/resource/Alone_in_the_World_(painting)">
    <dcterms:subject rdf:resource="http://dbpedia.org/resource/Category:1860s_paintings" />
  </rdf:Description>
  <rdf:Description rdf:about="http://wikidata.dbpedia.org/resource/Q7028834">
    <owl:sameAs rdf:resource="http://dbpedia.org/resource/Category:1860s_paintings" />
  </rdf:Description>
  <rdf:Description rdf:about="http://no.dbpedia.org/resource/Kategori:Malerier_fra_1860-årene">
    <owl:sameAs rdf:resource="http://dbpedia.org/resource/Category:1860s_paintings" />
  </rdf:Description>
  <rdf:Description rdf:about="http://th.dbpedia.org/resource/หมวดหมู่:จิตรกรรมในคริสต์ทศวรรษ_1860">
    <owl:sameAs rdf:resource="http://dbpedia.org/resource/Category:1860s_paintings" />
  </rdf:Description>
</rdf:RDF>
