<?xml version="1.0" encoding="utf-8" ?>
<rdf:RDF
	xmlns:rdf="http://www.w3.org/1999/02/22-rdf-syntax-ns#"
	xmlns:rdfs="http://www.w3.org/2000/01/rdf-schema#"
	xmlns:owl="http://www.w3.org/2002/07/owl#"
	xmlns:dcterms="http://purl.org/dc/terms/"
	xmlns:dbpedia-owl="http://dbpedia.org/ontology/"
	xmlns:skos="http://www.w3.org/2004/02/skos/core#"
	xmlns:ns6="http://www.w3.org/ns/prov#" >
  <rdf:Description rdf:about="http://dbpedia.org/resource/Category:1864_paintings">
    <rdf:type rdf:resource="http://www.w3.org/2004/02/skos/core#Concept" />
    <owl:sameAs rdf:resource="http://dbpedia.org/resource/Category:1864_paintings" />
    <owl:sameAs rdf:resource="http://da.dbpedia.org/resource/Kategori:Malerier_fra_1864" />
    <owl:sameAs rdf:resource="http://www.wikidata.org/entity/Q8115257" />
    <owl:sameAs rdf:resource="http://tr.dbpedia.org/resource/Kategori:1864_tabloları" />
    <owl:sameAs rdf:resource="http://ru.dbpedia.org/resource/Категория:Картины_1864_года" />
    <dbpedia-owl:wikiPageID rdf:datatype="http://www.w3.org/2001/XMLSchema#integer">11632909</dbpedia-owl:wikiPageID>
    <dbpedia-owl:wikiPageRevisionID rdf:datatype="http://www.w3.org/2001/XMLSchema#integer">546645986</dbpedia-owl:wikiPageRevisionID>
    <rdfs:label xml:lang="en">1864 paintings</rdfs:label>
    <skos:prefLabel xml:lang="en">1864 paintings</skos:prefLabel>
    <ns6:wasDerivedFrom rdf:resource="http://en.wikipedia.org/wiki/Category:1864_paintings?oldid=546645986" />
  </rdf:Description>
  <rdf:Description rdf:about="http://dbpedia.org/resource/Symphony_in_White,_No._2:_The_Little_White_Girl">
    <dcterms:subject rdf:resource="http://dbpedia.org/resource/Category:1864_paintings" />
  </rdf:Description>
  <rdf:Description rdf:about="http://dbpedia.org/resource/The_great_day_of_Girona">
    <dcterms:subject rdf:resource="http://dbpedia.org/resource/Category:1864_paintings" />
  </rdf:Description>
  <rdf:Description rdf:about="http://dbpedia.org/resource/The_Third-Class_Carriage">
    <dcterms:subject rdf:resource="http://dbpedia.org/resource/Category:1864_paintings" />
  </rdf:Description>
  <rdf:Description rdf:about="http://dbpedia.org/resource/The_Painter&#39;s_Honeymoon">
    <dcterms:subject rdf:resource="http://dbpedia.org/resource/Category:1864_paintings" />
  </rdf:Description>
  <rdf:Description rdf:about="http://dbpedia.org/resource/First_Reading_of_the_Emancipation_Proclamation_of_President_Lincoln">
    <dcterms:subject rdf:resource="http://dbpedia.org/resource/Category:1864_paintings" />
  </rdf:Description>
  <rdf:Description rdf:about="http://dbpedia.org/resource/The_Fairy_Feller&#39;s_Master-Stroke">
    <dcterms:subject rdf:resource="http://dbpedia.org/resource/Category:1864_paintings" />
  </rdf:Description>
  <rdf:Description rdf:about="http://dbpedia.org/resource/Souvenir_de_Mortefontaine">
    <dcterms:subject rdf:resource="http://dbpedia.org/resource/Category:1864_paintings" />
  </rdf:Description>
  <rdf:Description rdf:about="http://ru.dbpedia.org/resource/Категория:Картины_1864_года">
    <owl:sameAs rdf:resource="http://dbpedia.org/resource/Category:1864_paintings" />
  </rdf:Description>
  <rdf:Description rdf:about="http://dbpedia.org/resource/The_Kearsarge_at_Boulogne">
    <dcterms:subject rdf:resource="http://dbpedia.org/resource/Category:1864_paintings" />
  </rdf:Description>
  <rdf:Description rdf:about="http://dbpedia.org/resource/The_Brierwood_Pipe">
    <dcterms:subject rdf:resource="http://dbpedia.org/resource/Category:1864_paintings" />
  </rdf:Description>
  <rdf:Description rdf:about="http://wikidata.dbpedia.org/resource/Q8115257">
    <owl:sameAs rdf:resource="http://dbpedia.org/resource/Category:1864_paintings" />
  </rdf:Description>
  <rdf:Description rdf:about="http://da.dbpedia.org/resource/Kategori:Malerier_fra_1864">
    <owl:sameAs rdf:resource="http://dbpedia.org/resource/Category:1864_paintings" />
  </rdf:Description>
  <rdf:Description rdf:about="http://tr.dbpedia.org/resource/Kategori:1864_tabloları">
    <owl:sameAs rdf:resource="http://dbpedia.org/resource/Category:1864_paintings" />
  </rdf:Description>
</rdf:RDF>
