<?xml version="1.0" encoding="utf-8" ?>
<rdf:RDF
	xmlns:rdf="http://www.w3.org/1999/02/22-rdf-syntax-ns#"
	xmlns:rdfs="http://www.w3.org/2000/01/rdf-schema#"
	xmlns:owl="http://www.w3.org/2002/07/owl#"
	xmlns:dcterms="http://purl.org/dc/terms/"
	xmlns:dbpedia-owl="http://dbpedia.org/ontology/"
	xmlns:skos="http://www.w3.org/2004/02/skos/core#"
	xmlns:ns6="http://www.w3.org/ns/prov#" >
  <rdf:Description rdf:about="http://dbpedia.org/resource/L&#39;Origine_du_monde">
    <dcterms:subject rdf:resource="http://dbpedia.org/resource/Category:1866_paintings" />
  </rdf:Description>
  <rdf:Description rdf:about="http://dbpedia.org/resource/Le_Sommeil">
    <dcterms:subject rdf:resource="http://dbpedia.org/resource/Category:1866_paintings" />
  </rdf:Description>
  <rdf:Description rdf:about="http://dbpedia.org/resource/Category:1866_paintings">
    <rdf:type rdf:resource="http://www.w3.org/2004/02/skos/core#Concept" />
    <owl:sameAs rdf:resource="http://pt.dbpedia.org/resource/Categoria:Pinturas_de_1866" />
    <owl:sameAs rdf:resource="http://www.wikidata.org/entity/Q9577186" />
    <owl:sameAs rdf:resource="http://da.dbpedia.org/resource/Kategori:Malerier_fra_1866" />
    <owl:sameAs rdf:resource="http://ru.dbpedia.org/resource/Категория:Картины_1866_года" />
    <owl:sameAs rdf:resource="http://uk.dbpedia.org/resource/Категорія:Картини_1866_року" />
    <owl:sameAs rdf:resource="http://dbpedia.org/resource/Category:1866_paintings" />
    <dbpedia-owl:wikiPageID rdf:datatype="http://www.w3.org/2001/XMLSchema#integer">5172244</dbpedia-owl:wikiPageID>
    <dbpedia-owl:wikiPageRevisionID rdf:datatype="http://www.w3.org/2001/XMLSchema#integer">548561688</dbpedia-owl:wikiPageRevisionID>
    <rdfs:label xml:lang="en">1866 paintings</rdfs:label>
    <skos:prefLabel xml:lang="en">1866 paintings</skos:prefLabel>
    <ns6:wasDerivedFrom rdf:resource="http://en.wikipedia.org/wiki/Category:1866_paintings?oldid=548561688" />
  </rdf:Description>
  <rdf:Description rdf:about="http://dbpedia.org/resource/The_Fifer">
    <dcterms:subject rdf:resource="http://dbpedia.org/resource/Category:1866_paintings" />
  </rdf:Description>
  <rdf:Description rdf:about="http://dbpedia.org/resource/The_Races_at_Longchamp">
    <dcterms:subject rdf:resource="http://dbpedia.org/resource/Category:1866_paintings" />
  </rdf:Description>
  <rdf:Description rdf:about="http://pt.dbpedia.org/resource/Categoria:Pinturas_de_1866">
    <owl:sameAs rdf:resource="http://dbpedia.org/resource/Category:1866_paintings" />
  </rdf:Description>
  <rdf:Description rdf:about="http://dbpedia.org/resource/The_Beloved_(Rossetti_painting)">
    <dcterms:subject rdf:resource="http://dbpedia.org/resource/Category:1866_paintings" />
  </rdf:Description>
  <rdf:Description rdf:about="http://dbpedia.org/resource/Women_in_the_Garden">
    <dcterms:subject rdf:resource="http://dbpedia.org/resource/Category:1866_paintings" />
  </rdf:Description>
  <rdf:Description rdf:about="http://ru.dbpedia.org/resource/Категория:Картины_1866_года">
    <owl:sameAs rdf:resource="http://dbpedia.org/resource/Category:1866_paintings" />
  </rdf:Description>
  <rdf:Description rdf:about="http://dbpedia.org/resource/Woman_with_a_Parrot">
    <dcterms:subject rdf:resource="http://dbpedia.org/resource/Category:1866_paintings" />
  </rdf:Description>
  <rdf:Description rdf:about="http://dbpedia.org/resource/A_Storm_in_the_Rocky_Mountains,_Mt._Rosalie">
    <dcterms:subject rdf:resource="http://dbpedia.org/resource/Category:1866_paintings" />
  </rdf:Description>
  <rdf:Description rdf:about="http://dbpedia.org/resource/The_Rocky_Mountains_(painting)">
    <dcterms:subject rdf:resource="http://dbpedia.org/resource/Category:1866_paintings" />
  </rdf:Description>
  <rdf:Description rdf:about="http://dbpedia.org/resource/In_a_Roman_Osteria">
    <dcterms:subject rdf:resource="http://dbpedia.org/resource/Category:1866_paintings" />
  </rdf:Description>
  <rdf:Description rdf:about="http://wikidata.dbpedia.org/resource/Q9577186">
    <owl:sameAs rdf:resource="http://dbpedia.org/resource/Category:1866_paintings" />
  </rdf:Description>
  <rdf:Description rdf:about="http://da.dbpedia.org/resource/Kategori:Malerier_fra_1866">
    <owl:sameAs rdf:resource="http://dbpedia.org/resource/Category:1866_paintings" />
  </rdf:Description>
  <rdf:Description rdf:about="http://uk.dbpedia.org/resource/Категорія:Картини_1866_року">
    <owl:sameAs rdf:resource="http://dbpedia.org/resource/Category:1866_paintings" />
  </rdf:Description>
</rdf:RDF>
