<?xml version="1.0" encoding="utf-8" ?>
<rdf:RDF
	xmlns:rdf="http://www.w3.org/1999/02/22-rdf-syntax-ns#"
	xmlns:rdfs="http://www.w3.org/2000/01/rdf-schema#"
	xmlns:owl="http://www.w3.org/2002/07/owl#"
	xmlns:dcterms="http://purl.org/dc/terms/"
	xmlns:dbpedia-owl="http://dbpedia.org/ontology/"
	xmlns:skos="http://www.w3.org/2004/02/skos/core#"
	xmlns:ns6="http://www.w3.org/ns/prov#" >
  <rdf:Description rdf:about="http://dbpedia.org/resource/Category:1873_paintings">
    <rdf:type rdf:resource="http://www.w3.org/2004/02/skos/core#Concept" />
    <owl:sameAs rdf:resource="http://www.wikidata.org/entity/Q8117037" />
    <owl:sameAs rdf:resource="http://dbpedia.org/resource/Category:1873_paintings" />
    <owl:sameAs rdf:resource="http://fr.dbpedia.org/resource/Catégorie:Tableau_réalisé_en_1873" />
    <owl:sameAs rdf:resource="http://ru.dbpedia.org/resource/Категория:Картины_1873_года" />
    <owl:sameAs rdf:resource="http://da.dbpedia.org/resource/Kategori:Malerier_fra_1873" />
    <dbpedia-owl:wikiPageID rdf:datatype="http://www.w3.org/2001/XMLSchema#integer">10300356</dbpedia-owl:wikiPageID>
    <dbpedia-owl:wikiPageRevisionID rdf:datatype="http://www.w3.org/2001/XMLSchema#integer">546634055</dbpedia-owl:wikiPageRevisionID>
    <rdfs:label xml:lang="en">1873 paintings</rdfs:label>
    <skos:prefLabel xml:lang="en">1873 paintings</skos:prefLabel>
    <ns6:wasDerivedFrom rdf:resource="http://en.wikipedia.org/wiki/Category:1873_paintings?oldid=546634055" />
  </rdf:Description>
  <rdf:Description rdf:about="http://dbpedia.org/resource/Arrangement_in_Grey_and_Black,_No._2:_Portrait_of_Thomas_Carlyle">
    <dcterms:subject rdf:resource="http://dbpedia.org/resource/Category:1873_paintings" />
  </rdf:Description>
  <rdf:Description rdf:about="http://dbpedia.org/resource/The_Shadow_of_Death">
    <dcterms:subject rdf:resource="http://dbpedia.org/resource/Category:1873_paintings" />
  </rdf:Description>
  <rdf:Description rdf:about="http://dbpedia.org/resource/A_Cotton_Office_in_New_Orleans">
    <dcterms:subject rdf:resource="http://dbpedia.org/resource/Category:1873_paintings" />
  </rdf:Description>
  <rdf:Description rdf:about="http://dbpedia.org/resource/The_Boat_Builders_(painting)">
    <dcterms:subject rdf:resource="http://dbpedia.org/resource/Category:1873_paintings" />
  </rdf:Description>
  <rdf:Description rdf:about="http://dbpedia.org/resource/The_Railway">
    <dcterms:subject rdf:resource="http://dbpedia.org/resource/Category:1873_paintings" />
  </rdf:Description>
  <rdf:Description rdf:about="http://dbpedia.org/resource/Astronomer_Copernicus,_or_Conversations_with_God">
    <dcterms:subject rdf:resource="http://dbpedia.org/resource/Category:1873_paintings" />
  </rdf:Description>
  <rdf:Description rdf:about="http://dbpedia.org/resource/Barge_Haulers_on_the_Volga">
    <dcterms:subject rdf:resource="http://dbpedia.org/resource/Category:1873_paintings" />
  </rdf:Description>
  <rdf:Description rdf:about="http://dbpedia.org/resource/N%C3%B8dhavn_Ved_Norskekysten">
    <dcterms:subject rdf:resource="http://dbpedia.org/resource/Category:1873_paintings" />
  </rdf:Description>
  <rdf:Description rdf:about="http://dbpedia.org/resource/Nymphs_and_Satyr">
    <dcterms:subject rdf:resource="http://dbpedia.org/resource/Category:1873_paintings" />
  </rdf:Description>
  <rdf:Description rdf:about="http://ru.dbpedia.org/resource/Категория:Картины_1873_года">
    <owl:sameAs rdf:resource="http://dbpedia.org/resource/Category:1873_paintings" />
  </rdf:Description>
  <rdf:Description rdf:about="http://dbpedia.org/resource/Surrender_of_a_Confederate_Soldier">
    <dcterms:subject rdf:resource="http://dbpedia.org/resource/Category:1873_paintings" />
  </rdf:Description>
  <rdf:Description rdf:about="http://dbpedia.org/resource/Boulevard_des_Capucines_(Monet)">
    <dcterms:subject rdf:resource="http://dbpedia.org/resource/Category:1873_paintings" />
  </rdf:Description>
  <rdf:Description rdf:about="http://fr.dbpedia.org/resource/Catégorie:Tableau_réalisé_en_1873">
    <owl:sameAs rdf:resource="http://dbpedia.org/resource/Category:1873_paintings" />
  </rdf:Description>
  <rdf:Description rdf:about="http://dbpedia.org/resource/The_Banks_of_the_Oise_near_Pontoise">
    <dcterms:subject rdf:resource="http://dbpedia.org/resource/Category:1873_paintings" />
  </rdf:Description>
  <rdf:Description rdf:about="http://dbpedia.org/resource/The_Unwelcome_Companion:_A_Street_Scene_in_Cairo">
    <dcterms:subject rdf:resource="http://dbpedia.org/resource/Category:1873_paintings" />
  </rdf:Description>
  <rdf:Description rdf:about="http://wikidata.dbpedia.org/resource/Q8117037">
    <owl:sameAs rdf:resource="http://dbpedia.org/resource/Category:1873_paintings" />
  </rdf:Description>
  <rdf:Description rdf:about="http://da.dbpedia.org/resource/Kategori:Malerier_fra_1873">
    <owl:sameAs rdf:resource="http://dbpedia.org/resource/Category:1873_paintings" />
  </rdf:Description>
</rdf:RDF>
