<?xml version="1.0" encoding="utf-8" ?>
<rdf:RDF
	xmlns:rdf="http://www.w3.org/1999/02/22-rdf-syntax-ns#"
	xmlns:rdfs="http://www.w3.org/2000/01/rdf-schema#"
	xmlns:owl="http://www.w3.org/2002/07/owl#"
	xmlns:dcterms="http://purl.org/dc/terms/"
	xmlns:dbpedia-owl="http://dbpedia.org/ontology/"
	xmlns:skos="http://www.w3.org/2004/02/skos/core#"
	xmlns:ns6="http://www.w3.org/ns/prov#" >
  <rdf:Description rdf:about="http://dbpedia.org/resource/Category:1871_paintings">
    <rdf:type rdf:resource="http://www.w3.org/2004/02/skos/core#Concept" />
    <owl:sameAs rdf:resource="http://www.wikidata.org/entity/Q8116710" />
    <owl:sameAs rdf:resource="http://pt.dbpedia.org/resource/Categoria:Pinturas_de_1871" />
    <owl:sameAs rdf:resource="http://dbpedia.org/resource/Category:1871_paintings" />
    <owl:sameAs rdf:resource="http://ru.dbpedia.org/resource/Категория:Картины_1871_года" />
    <owl:sameAs rdf:resource="http://uk.dbpedia.org/resource/Категорія:Картини_1871_року" />
    <owl:sameAs rdf:resource="http://fr.dbpedia.org/resource/Catégorie:Tableau_réalisé_en_1871" />
    <owl:sameAs rdf:resource="http://da.dbpedia.org/resource/Kategori:Malerier_fra_1871" />
    <dbpedia-owl:wikiPageID rdf:datatype="http://www.w3.org/2001/XMLSchema#integer">5236832</dbpedia-owl:wikiPageID>
    <dbpedia-owl:wikiPageRevisionID rdf:datatype="http://www.w3.org/2001/XMLSchema#integer">546918817</dbpedia-owl:wikiPageRevisionID>
    <rdfs:label xml:lang="en">1871 paintings</rdfs:label>
    <skos:prefLabel xml:lang="en">1871 paintings</skos:prefLabel>
    <ns6:wasDerivedFrom rdf:resource="http://en.wikipedia.org/wiki/Category:1871_paintings?oldid=546918817" />
  </rdf:Description>
  <rdf:Description rdf:about="http://dbpedia.org/resource/Max_Schmitt_in_a_Single_Scull">
    <dcterms:subject rdf:resource="http://dbpedia.org/resource/Category:1871_paintings" />
  </rdf:Description>
  <rdf:Description rdf:about="http://ru.dbpedia.org/resource/Категория:Картины_1871_года">
    <owl:sameAs rdf:resource="http://dbpedia.org/resource/Category:1871_paintings" />
  </rdf:Description>
  <rdf:Description rdf:about="http://dbpedia.org/resource/A_Home_on_the_Mississippi">
    <dcterms:subject rdf:resource="http://dbpedia.org/resource/Category:1871_paintings" />
  </rdf:Description>
  <rdf:Description rdf:about="http://dbpedia.org/resource/Dante&#39;s_Dream">
    <dcterms:subject rdf:resource="http://dbpedia.org/resource/Category:1871_paintings" />
  </rdf:Description>
  <rdf:Description rdf:about="http://dbpedia.org/resource/Water_Willow_(Rossetti)">
    <dcterms:subject rdf:resource="http://dbpedia.org/resource/Category:1871_paintings" />
  </rdf:Description>
  <rdf:Description rdf:about="http://dbpedia.org/resource/Cattleya_Orchid_and_Three_Hummingbirds">
    <dcterms:subject rdf:resource="http://dbpedia.org/resource/Category:1871_paintings" />
  </rdf:Description>
  <rdf:Description rdf:about="http://dbpedia.org/resource/Victory_O_Lord!">
    <dcterms:subject rdf:resource="http://dbpedia.org/resource/Category:1871_paintings" />
  </rdf:Description>
  <rdf:Description rdf:about="http://dbpedia.org/resource/Whistler&#39;s_Mother">
    <dcterms:subject rdf:resource="http://dbpedia.org/resource/Category:1871_paintings" />
  </rdf:Description>
  <rdf:Description rdf:about="http://dbpedia.org/resource/The_Mermaids_(Kramskoi)">
    <dcterms:subject rdf:resource="http://dbpedia.org/resource/Category:1871_paintings" />
  </rdf:Description>
  <rdf:Description rdf:about="http://fr.dbpedia.org/resource/Catégorie:Tableau_réalisé_en_1871">
    <owl:sameAs rdf:resource="http://dbpedia.org/resource/Category:1871_paintings" />
  </rdf:Description>
  <rdf:Description rdf:about="http://dbpedia.org/resource/The_Thames_below_Westminster">
    <dcterms:subject rdf:resource="http://dbpedia.org/resource/Category:1871_paintings" />
  </rdf:Description>
  <rdf:Description rdf:about="http://wikidata.dbpedia.org/resource/Q8116710">
    <owl:sameAs rdf:resource="http://dbpedia.org/resource/Category:1871_paintings" />
  </rdf:Description>
  <rdf:Description rdf:about="http://pt.dbpedia.org/resource/Categoria:Pinturas_de_1871">
    <owl:sameAs rdf:resource="http://dbpedia.org/resource/Category:1871_paintings" />
  </rdf:Description>
  <rdf:Description rdf:about="http://da.dbpedia.org/resource/Kategori:Malerier_fra_1871">
    <owl:sameAs rdf:resource="http://dbpedia.org/resource/Category:1871_paintings" />
  </rdf:Description>
  <rdf:Description rdf:about="http://uk.dbpedia.org/resource/Категорія:Картини_1871_року">
    <owl:sameAs rdf:resource="http://dbpedia.org/resource/Category:1871_paintings" />
  </rdf:Description>
</rdf:RDF>
