<?xml version="1.0" encoding="utf-8" ?>
<rdf:RDF
	xmlns:rdf="http://www.w3.org/1999/02/22-rdf-syntax-ns#"
	xmlns:rdfs="http://www.w3.org/2000/01/rdf-schema#"
	xmlns:owl="http://www.w3.org/2002/07/owl#"
	xmlns:dcterms="http://purl.org/dc/terms/"
	xmlns:dbpedia-owl="http://dbpedia.org/ontology/"
	xmlns:skos="http://www.w3.org/2004/02/skos/core#"
	xmlns:ns6="http://www.w3.org/ns/prov#" >
  <rdf:Description rdf:about="http://dbpedia.org/resource/Pollice_Verso_(G%C3%A9r%C3%B4me)">
    <dcterms:subject rdf:resource="http://dbpedia.org/resource/Category:1872_paintings" />
  </rdf:Description>
  <rdf:Description rdf:about="http://dbpedia.org/resource/Category:1872_paintings">
    <rdf:type rdf:resource="http://www.w3.org/2004/02/skos/core#Concept" />
    <owl:sameAs rdf:resource="http://ru.dbpedia.org/resource/Категория:Картины_1872_года" />
    <owl:sameAs rdf:resource="http://fr.dbpedia.org/resource/Catégorie:Tableau_réalisé_en_1872" />
    <owl:sameAs rdf:resource="http://uk.dbpedia.org/resource/Категорія:Картини_1872_року" />
    <owl:sameAs rdf:resource="http://da.dbpedia.org/resource/Kategori:Malerier_fra_1872" />
    <owl:sameAs rdf:resource="http://dbpedia.org/resource/Category:1872_paintings" />
    <owl:sameAs rdf:resource="http://www.wikidata.org/entity/Q8116887" />
    <owl:sameAs rdf:resource="http://pt.dbpedia.org/resource/Categoria:Pinturas_de_1872" />
    <dbpedia-owl:wikiPageID rdf:datatype="http://www.w3.org/2001/XMLSchema#integer">20980109</dbpedia-owl:wikiPageID>
    <dbpedia-owl:wikiPageRevisionID rdf:datatype="http://www.w3.org/2001/XMLSchema#integer">546727508</dbpedia-owl:wikiPageRevisionID>
    <rdfs:label xml:lang="en">1872 paintings</rdfs:label>
    <skos:prefLabel xml:lang="en">1872 paintings</skos:prefLabel>
    <ns6:wasDerivedFrom rdf:resource="http://en.wikipedia.org/wiki/Category:1872_paintings?oldid=546727508" />
  </rdf:Description>
  <rdf:Description rdf:about="http://ru.dbpedia.org/resource/Категория:Картины_1872_года">
    <owl:sameAs rdf:resource="http://dbpedia.org/resource/Category:1872_paintings" />
  </rdf:Description>
  <rdf:Description rdf:about="http://dbpedia.org/resource/Studio_Wall">
    <dcterms:subject rdf:resource="http://dbpedia.org/resource/Category:1872_paintings" />
  </rdf:Description>
  <rdf:Description rdf:about="http://dbpedia.org/resource/Veronica_Veronese">
    <dcterms:subject rdf:resource="http://dbpedia.org/resource/Category:1872_paintings" />
  </rdf:Description>
  <rdf:Description rdf:about="http://dbpedia.org/resource/Christ_in_the_Desert">
    <dcterms:subject rdf:resource="http://dbpedia.org/resource/Category:1872_paintings" />
  </rdf:Description>
  <rdf:Description rdf:about="http://pt.dbpedia.org/resource/Categoria:Pinturas_de_1872">
    <owl:sameAs rdf:resource="http://dbpedia.org/resource/Category:1872_paintings" />
  </rdf:Description>
  <rdf:Description rdf:about="http://fr.dbpedia.org/resource/Catégorie:Tableau_réalisé_en_1872">
    <owl:sameAs rdf:resource="http://dbpedia.org/resource/Category:1872_paintings" />
  </rdf:Description>
  <rdf:Description rdf:about="http://dbpedia.org/resource/Springtime_(painting)">
    <dcterms:subject rdf:resource="http://dbpedia.org/resource/Category:1872_paintings" />
  </rdf:Description>
  <rdf:Description rdf:about="http://wikidata.dbpedia.org/resource/Q8116887">
    <owl:sameAs rdf:resource="http://dbpedia.org/resource/Category:1872_paintings" />
  </rdf:Description>
  <rdf:Description rdf:about="http://da.dbpedia.org/resource/Kategori:Malerier_fra_1872">
    <owl:sameAs rdf:resource="http://dbpedia.org/resource/Category:1872_paintings" />
  </rdf:Description>
  <rdf:Description rdf:about="http://uk.dbpedia.org/resource/Категорія:Картини_1872_року">
    <owl:sameAs rdf:resource="http://dbpedia.org/resource/Category:1872_paintings" />
  </rdf:Description>
</rdf:RDF>
