<?xml version="1.0" encoding="utf-8" ?>
<rdf:RDF
	xmlns:rdf="http://www.w3.org/1999/02/22-rdf-syntax-ns#"
	xmlns:rdfs="http://www.w3.org/2000/01/rdf-schema#"
	xmlns:owl="http://www.w3.org/2002/07/owl#"
	xmlns:dcterms="http://purl.org/dc/terms/"
	xmlns:dbpedia-owl="http://dbpedia.org/ontology/"
	xmlns:skos="http://www.w3.org/2004/02/skos/core#"
	xmlns:ns6="http://www.w3.org/ns/prov#" >
  <rdf:Description rdf:about="http://dbpedia.org/resource/The_Birth_of_Venus_(Bouguereau)">
    <dcterms:subject rdf:resource="http://dbpedia.org/resource/Category:1879_paintings" />
  </rdf:Description>
  <rdf:Description rdf:about="http://dbpedia.org/resource/Category:1879_paintings">
    <rdf:type rdf:resource="http://www.w3.org/2004/02/skos/core#Concept" />
    <owl:sameAs rdf:resource="http://pt.dbpedia.org/resource/Categoria:Pinturas_de_1879" />
    <owl:sameAs rdf:resource="http://fr.dbpedia.org/resource/Catégorie:Tableau_réalisé_en_1879" />
    <owl:sameAs rdf:resource="http://dbpedia.org/resource/Category:1879_paintings" />
    <owl:sameAs rdf:resource="http://da.dbpedia.org/resource/Kategori:Malerier_fra_1879" />
    <owl:sameAs rdf:resource="http://tr.dbpedia.org/resource/Kategori:1879_tabloları" />
    <owl:sameAs rdf:resource="http://ru.dbpedia.org/resource/Категория:Картины_1879_года" />
    <owl:sameAs rdf:resource="http://www.wikidata.org/entity/Q8118029" />
    <dbpedia-owl:wikiPageID rdf:datatype="http://www.w3.org/2001/XMLSchema#integer">5631633</dbpedia-owl:wikiPageID>
    <dbpedia-owl:wikiPageRevisionID rdf:datatype="http://www.w3.org/2001/XMLSchema#integer">546923663</dbpedia-owl:wikiPageRevisionID>
    <rdfs:label xml:lang="en">1879 paintings</rdfs:label>
    <skos:prefLabel xml:lang="en">1879 paintings</skos:prefLabel>
    <ns6:wasDerivedFrom rdf:resource="http://en.wikipedia.org/wiki/Category:1879_paintings?oldid=546923663" />
  </rdf:Description>
  <rdf:Description rdf:about="http://dbpedia.org/resource/Self-Portrait_with_Palette_(Manet)">
    <dcterms:subject rdf:resource="http://dbpedia.org/resource/Category:1879_paintings" />
  </rdf:Description>
  <rdf:Description rdf:about="http://dbpedia.org/resource/In_the_Conservatory">
    <dcterms:subject rdf:resource="http://dbpedia.org/resource/Category:1879_paintings" />
  </rdf:Description>
  <rdf:Description rdf:about="http://pt.dbpedia.org/resource/Categoria:Pinturas_de_1879">
    <owl:sameAs rdf:resource="http://dbpedia.org/resource/Category:1879_paintings" />
  </rdf:Description>
  <rdf:Description rdf:about="http://dbpedia.org/resource/Miss_La_La_at_the_Cirque_Fernando">
    <dcterms:subject rdf:resource="http://dbpedia.org/resource/Category:1879_paintings" />
  </rdf:Description>
  <rdf:Description rdf:about="http://dbpedia.org/resource/Portraits_at_the_Stock_Exchange">
    <dcterms:subject rdf:resource="http://dbpedia.org/resource/Category:1879_paintings" />
  </rdf:Description>
  <rdf:Description rdf:about="http://dbpedia.org/resource/The_Croppy_Boy_(painting)">
    <dcterms:subject rdf:resource="http://dbpedia.org/resource/Category:1879_paintings" />
  </rdf:Description>
  <rdf:Description rdf:about="http://ru.dbpedia.org/resource/Категория:Картины_1879_года">
    <owl:sameAs rdf:resource="http://dbpedia.org/resource/Category:1879_paintings" />
  </rdf:Description>
  <rdf:Description rdf:about="http://fr.dbpedia.org/resource/Catégorie:Tableau_réalisé_en_1879">
    <owl:sameAs rdf:resource="http://dbpedia.org/resource/Category:1879_paintings" />
  </rdf:Description>
  <rdf:Description rdf:about="http://dbpedia.org/resource/The_Dance_Lesson">
    <dcterms:subject rdf:resource="http://dbpedia.org/resource/Category:1879_paintings" />
  </rdf:Description>
  <rdf:Description rdf:about="http://dbpedia.org/resource/Vue_de_toits_(Effet_de_neige)">
    <dcterms:subject rdf:resource="http://dbpedia.org/resource/Category:1879_paintings" />
  </rdf:Description>
  <rdf:Description rdf:about="http://dbpedia.org/resource/A_Bouquet_of_Roses_(painting)">
    <dcterms:subject rdf:resource="http://dbpedia.org/resource/Category:1879_paintings" />
  </rdf:Description>
  <rdf:Description rdf:about="http://wikidata.dbpedia.org/resource/Q8118029">
    <owl:sameAs rdf:resource="http://dbpedia.org/resource/Category:1879_paintings" />
  </rdf:Description>
  <rdf:Description rdf:about="http://da.dbpedia.org/resource/Kategori:Malerier_fra_1879">
    <owl:sameAs rdf:resource="http://dbpedia.org/resource/Category:1879_paintings" />
  </rdf:Description>
  <rdf:Description rdf:about="http://tr.dbpedia.org/resource/Kategori:1879_tabloları">
    <owl:sameAs rdf:resource="http://dbpedia.org/resource/Category:1879_paintings" />
  </rdf:Description>
</rdf:RDF>
