<?xml version="1.0" encoding="utf-8" ?>
<rdf:RDF
	xmlns:rdf="http://www.w3.org/1999/02/22-rdf-syntax-ns#"
	xmlns:rdfs="http://www.w3.org/2000/01/rdf-schema#"
	xmlns:owl="http://www.w3.org/2002/07/owl#"
	xmlns:dcterms="http://purl.org/dc/terms/"
	xmlns:dbpedia-owl="http://dbpedia.org/ontology/"
	xmlns:skos="http://www.w3.org/2004/02/skos/core#"
	xmlns:ns6="http://www.w3.org/ns/prov#" >
  <rdf:Description rdf:about="http://dbpedia.org/resource/Category:1882_paintings">
    <rdf:type rdf:resource="http://www.w3.org/2004/02/skos/core#Concept" />
    <owl:sameAs rdf:resource="http://tr.dbpedia.org/resource/Kategori:1882_tabloları" />
    <owl:sameAs rdf:resource="http://no.dbpedia.org/resource/Kategori:Malerier_fra_1882" />
    <owl:sameAs rdf:resource="http://ru.dbpedia.org/resource/Категория:Картины_1882_года" />
    <owl:sameAs rdf:resource="http://uk.dbpedia.org/resource/Категорія:Картини_1882_року" />
    <owl:sameAs rdf:resource="http://pt.dbpedia.org/resource/Categoria:Pinturas_de_1882" />
    <owl:sameAs rdf:resource="http://www.wikidata.org/entity/Q8118834" />
    <owl:sameAs rdf:resource="http://dbpedia.org/resource/Category:1882_paintings" />
    <dbpedia-owl:wikiPageID rdf:datatype="http://www.w3.org/2001/XMLSchema#integer">5410287</dbpedia-owl:wikiPageID>
    <dbpedia-owl:wikiPageRevisionID rdf:datatype="http://www.w3.org/2001/XMLSchema#integer">546921060</dbpedia-owl:wikiPageRevisionID>
    <rdfs:label xml:lang="en">1882 paintings</rdfs:label>
    <skos:prefLabel xml:lang="en">1882 paintings</skos:prefLabel>
    <ns6:wasDerivedFrom rdf:resource="http://en.wikipedia.org/wiki/Category:1882_paintings?oldid=546921060" />
  </rdf:Description>
  <rdf:Description rdf:about="http://dbpedia.org/resource/The_Daughters_of_Edward_Darley_Boit">
    <dcterms:subject rdf:resource="http://dbpedia.org/resource/Category:1882_paintings" />
  </rdf:Description>
  <rdf:Description rdf:about="http://dbpedia.org/resource/A_Girl_in_the_Street,_Two_Coaches_in_the_Background">
    <dcterms:subject rdf:resource="http://dbpedia.org/resource/Category:1882_paintings" />
  </rdf:Description>
  <rdf:Description rdf:about="http://dbpedia.org/resource/El_Jaleo">
    <dcterms:subject rdf:resource="http://dbpedia.org/resource/Category:1882_paintings" />
  </rdf:Description>
  <rdf:Description rdf:about="http://dbpedia.org/resource/Girl_in_White_in_the_Woods">
    <dcterms:subject rdf:resource="http://dbpedia.org/resource/Category:1882_paintings" />
  </rdf:Description>
  <rdf:Description rdf:about="http://dbpedia.org/resource/Valdemar_Atterdag_holding_Visby_to_ransom,_1361">
    <dcterms:subject rdf:resource="http://dbpedia.org/resource/Category:1882_paintings" />
  </rdf:Description>
  <rdf:Description rdf:about="http://dbpedia.org/resource/Sien_(Van_Gogh_series)">
    <dcterms:subject rdf:resource="http://dbpedia.org/resource/Category:1882_paintings" />
  </rdf:Description>
  <rdf:Description rdf:about="http://dbpedia.org/resource/Beach_in_Pourville">
    <dcterms:subject rdf:resource="http://dbpedia.org/resource/Category:1882_paintings" />
  </rdf:Description>
  <rdf:Description rdf:about="http://dbpedia.org/resource/Early_works_of_Vincent_van_Gogh">
    <dcterms:subject rdf:resource="http://dbpedia.org/resource/Category:1882_paintings" />
  </rdf:Description>
  <rdf:Description rdf:about="http://pt.dbpedia.org/resource/Categoria:Pinturas_de_1882">
    <owl:sameAs rdf:resource="http://dbpedia.org/resource/Category:1882_paintings" />
  </rdf:Description>
  <rdf:Description rdf:about="http://ru.dbpedia.org/resource/Категория:Картины_1882_года">
    <owl:sameAs rdf:resource="http://dbpedia.org/resource/Category:1882_paintings" />
  </rdf:Description>
  <rdf:Description rdf:about="http://dbpedia.org/resource/Evening_Mood">
    <dcterms:subject rdf:resource="http://dbpedia.org/resource/Category:1882_paintings" />
  </rdf:Description>
  <rdf:Description rdf:about="http://dbpedia.org/resource/The_Nut_Gatherers">
    <dcterms:subject rdf:resource="http://dbpedia.org/resource/Category:1882_paintings" />
  </rdf:Description>
  <rdf:Description rdf:about="http://dbpedia.org/resource/In_Church">
    <dcterms:subject rdf:resource="http://dbpedia.org/resource/Category:1882_paintings" />
  </rdf:Description>
  <rdf:Description rdf:about="http://dbpedia.org/resource/Meadows_near_Rijswijk_and_the_Schenkweg">
    <dcterms:subject rdf:resource="http://dbpedia.org/resource/Category:1882_paintings" />
  </rdf:Description>
  <rdf:Description rdf:about="http://dbpedia.org/resource/The_Slave_Market">
    <dcterms:subject rdf:resource="http://dbpedia.org/resource/Category:1882_paintings" />
  </rdf:Description>
  <rdf:Description rdf:about="http://dbpedia.org/resource/Portrait_of_a_Man_in_a_Top_Hat">
    <dcterms:subject rdf:resource="http://dbpedia.org/resource/Category:1882_paintings" />
  </rdf:Description>
  <rdf:Description rdf:about="http://dbpedia.org/resource/Adrianus_Jacobus_Zuyderland_(Van_Gogh_series)">
    <dcterms:subject rdf:resource="http://dbpedia.org/resource/Category:1882_paintings" />
  </rdf:Description>
  <rdf:Description rdf:about="http://dbpedia.org/resource/A_Bar_at_the_Folies-Berg%C3%A8re">
    <dcterms:subject rdf:resource="http://dbpedia.org/resource/Category:1882_paintings" />
  </rdf:Description>
  <rdf:Description rdf:about="http://dbpedia.org/resource/Prussian_Homage_(painting)">
    <dcterms:subject rdf:resource="http://dbpedia.org/resource/Category:1882_paintings" />
  </rdf:Description>
  <rdf:Description rdf:about="http://dbpedia.org/resource/Peasant_Character_Studies_(Van_Gogh_series)">
    <dcterms:subject rdf:resource="http://dbpedia.org/resource/Category:1882_paintings" />
  </rdf:Description>
  <rdf:Description rdf:about="http://dbpedia.org/resource/Street_in_Venice">
    <dcterms:subject rdf:resource="http://dbpedia.org/resource/Category:1882_paintings" />
  </rdf:Description>
  <rdf:Description rdf:about="http://dbpedia.org/resource/Las_Damas_Romanas">
    <dcterms:subject rdf:resource="http://dbpedia.org/resource/Category:1882_paintings" />
  </rdf:Description>
  <rdf:Description rdf:about="http://dbpedia.org/resource/The_Cliff_Walk_at_Pourville">
    <dcterms:subject rdf:resource="http://dbpedia.org/resource/Category:1882_paintings" />
  </rdf:Description>
  <rdf:Description rdf:about="http://wikidata.dbpedia.org/resource/Q8118834">
    <owl:sameAs rdf:resource="http://dbpedia.org/resource/Category:1882_paintings" />
  </rdf:Description>
  <rdf:Description rdf:about="http://no.dbpedia.org/resource/Kategori:Malerier_fra_1882">
    <owl:sameAs rdf:resource="http://dbpedia.org/resource/Category:1882_paintings" />
  </rdf:Description>
  <rdf:Description rdf:about="http://tr.dbpedia.org/resource/Kategori:1882_tabloları">
    <owl:sameAs rdf:resource="http://dbpedia.org/resource/Category:1882_paintings" />
  </rdf:Description>
  <rdf:Description rdf:about="http://uk.dbpedia.org/resource/Категорія:Картини_1882_року">
    <owl:sameAs rdf:resource="http://dbpedia.org/resource/Category:1882_paintings" />
  </rdf:Description>
</rdf:RDF>
