<?xml version="1.0" encoding="utf-8" ?>
<rdf:RDF
	xmlns:rdf="http://www.w3.org/1999/02/22-rdf-syntax-ns#"
	xmlns:rdfs="http://www.w3.org/2000/01/rdf-schema#"
	xmlns:owl="http://www.w3.org/2002/07/owl#"
	xmlns:dcterms="http://purl.org/dc/terms/"
	xmlns:dbpedia-owl="http://dbpedia.org/ontology/"
	xmlns:skos="http://www.w3.org/2004/02/skos/core#"
	xmlns:ns6="http://www.w3.org/ns/prov#" >
  <rdf:Description rdf:about="http://dbpedia.org/resource/The_Fairman_Rogers_Four-in-Hand">
    <dcterms:subject rdf:resource="http://dbpedia.org/resource/Category:1880_paintings" />
  </rdf:Description>
  <rdf:Description rdf:about="http://dbpedia.org/resource/Category:1880_paintings">
    <rdf:type rdf:resource="http://www.w3.org/2004/02/skos/core#Concept" />
    <owl:sameAs rdf:resource="http://no.dbpedia.org/resource/Kategori:Malerier_fra_1880" />
    <owl:sameAs rdf:resource="http://pt.dbpedia.org/resource/Categoria:Pinturas_de_1880" />
    <owl:sameAs rdf:resource="http://www.wikidata.org/entity/Q8118214" />
    <owl:sameAs rdf:resource="http://ru.dbpedia.org/resource/Категория:Картины_1880_года" />
    <owl:sameAs rdf:resource="http://dbpedia.org/resource/Category:1880_paintings" />
    <dbpedia-owl:wikiPageID rdf:datatype="http://www.w3.org/2001/XMLSchema#integer">10305230</dbpedia-owl:wikiPageID>
    <dbpedia-owl:wikiPageRevisionID rdf:datatype="http://www.w3.org/2001/XMLSchema#integer">546634320</dbpedia-owl:wikiPageRevisionID>
    <rdfs:label xml:lang="en">1880 paintings</rdfs:label>
    <skos:prefLabel xml:lang="en">1880 paintings</skos:prefLabel>
    <ns6:wasDerivedFrom rdf:resource="http://en.wikipedia.org/wiki/Category:1880_paintings?oldid=546634320" />
  </rdf:Description>
  <rdf:Description rdf:about="http://dbpedia.org/resource/Isle_of_the_Dead_(painting)">
    <dcterms:subject rdf:resource="http://dbpedia.org/resource/Category:1880_paintings" />
  </rdf:Description>
  <rdf:Description rdf:about="http://pt.dbpedia.org/resource/Categoria:Pinturas_de_1880">
    <owl:sameAs rdf:resource="http://dbpedia.org/resource/Category:1880_paintings" />
  </rdf:Description>
  <rdf:Description rdf:about="http://ru.dbpedia.org/resource/Категория:Картины_1880_года">
    <owl:sameAs rdf:resource="http://dbpedia.org/resource/Category:1880_paintings" />
  </rdf:Description>
  <rdf:Description rdf:about="http://dbpedia.org/resource/Quadrato_di_Villafranca">
    <dcterms:subject rdf:resource="http://dbpedia.org/resource/Category:1880_paintings" />
  </rdf:Description>
  <rdf:Description rdf:about="http://dbpedia.org/resource/The_Ironworkers%E2%80%99_Noontime">
    <dcterms:subject rdf:resource="http://dbpedia.org/resource/Category:1880_paintings" />
  </rdf:Description>
  <rdf:Description rdf:about="http://wikidata.dbpedia.org/resource/Q8118214">
    <owl:sameAs rdf:resource="http://dbpedia.org/resource/Category:1880_paintings" />
  </rdf:Description>
  <rdf:Description rdf:about="http://no.dbpedia.org/resource/Kategori:Malerier_fra_1880">
    <owl:sameAs rdf:resource="http://dbpedia.org/resource/Category:1880_paintings" />
  </rdf:Description>
</rdf:RDF>
