<?xml version="1.0" encoding="utf-8" ?>
<rdf:RDF
	xmlns:rdf="http://www.w3.org/1999/02/22-rdf-syntax-ns#"
	xmlns:rdfs="http://www.w3.org/2000/01/rdf-schema#"
	xmlns:owl="http://www.w3.org/2002/07/owl#"
	xmlns:dcterms="http://purl.org/dc/terms/"
	xmlns:dbpedia-owl="http://dbpedia.org/ontology/"
	xmlns:skos="http://www.w3.org/2004/02/skos/core#"
	xmlns:ns6="http://www.w3.org/ns/prov#" >
  <rdf:Description rdf:about="http://dbpedia.org/resource/Bourke_Street_(painting)">
    <dcterms:subject rdf:resource="http://dbpedia.org/resource/Category:1886_paintings" />
  </rdf:Description>
  <rdf:Description rdf:about="http://dbpedia.org/resource/Category:1886_paintings">
    <rdf:type rdf:resource="http://www.w3.org/2004/02/skos/core#Concept" />
    <owl:sameAs rdf:resource="http://tr.dbpedia.org/resource/Kategori:1886_tabloları" />
    <owl:sameAs rdf:resource="http://ru.dbpedia.org/resource/Категория:Картины_1886_года" />
    <owl:sameAs rdf:resource="http://www.wikidata.org/entity/Q6427704" />
    <owl:sameAs rdf:resource="http://dbpedia.org/resource/Category:1886_paintings" />
    <owl:sameAs rdf:resource="http://ro.dbpedia.org/resource/Categorie:Picturi_din_1886" />
    <owl:sameAs rdf:resource="http://pt.dbpedia.org/resource/Categoria:Pinturas_de_1886" />
    <owl:sameAs rdf:resource="http://ko.dbpedia.org/resource/분류:1886년_회화_작품" />
    <owl:sameAs rdf:resource="http://uk.dbpedia.org/resource/Категорія:Картини_1886_року" />
    <dbpedia-owl:wikiPageID rdf:datatype="http://www.w3.org/2001/XMLSchema#integer">5525773</dbpedia-owl:wikiPageID>
    <dbpedia-owl:wikiPageRevisionID rdf:datatype="http://www.w3.org/2001/XMLSchema#integer">544413706</dbpedia-owl:wikiPageRevisionID>
    <rdfs:label xml:lang="en">1886 paintings</rdfs:label>
    <skos:prefLabel xml:lang="en">1886 paintings</skos:prefLabel>
    <ns6:wasDerivedFrom rdf:resource="http://en.wikipedia.org/wiki/Category:1886_paintings?oldid=544413706" />
  </rdf:Description>
  <rdf:Description rdf:about="http://dbpedia.org/resource/The_Magic_Circle_(Waterhouse_painting)">
    <dcterms:subject rdf:resource="http://dbpedia.org/resource/Category:1886_paintings" />
  </rdf:Description>
  <rdf:Description rdf:about="http://dbpedia.org/resource/Still_life_paintings_by_Vincent_van_Gogh_(Paris)">
    <dcterms:subject rdf:resource="http://dbpedia.org/resource/Category:1886_paintings" />
  </rdf:Description>
  <rdf:Description rdf:about="http://dbpedia.org/resource/Vase_with_Red_Poppies">
    <dcterms:subject rdf:resource="http://dbpedia.org/resource/Category:1886_paintings" />
  </rdf:Description>
  <rdf:Description rdf:about="http://dbpedia.org/resource/Hope_(painting)">
    <dcterms:subject rdf:resource="http://dbpedia.org/resource/Category:1886_paintings" />
  </rdf:Description>
  <rdf:Description rdf:about="http://dbpedia.org/resource/The_Blood_Compact">
    <dcterms:subject rdf:resource="http://dbpedia.org/resource/Category:1886_paintings" />
  </rdf:Description>
  <rdf:Description rdf:about="http://dbpedia.org/resource/Eight_Bells">
    <dcterms:subject rdf:resource="http://dbpedia.org/resource/Category:1886_paintings" />
  </rdf:Description>
  <rdf:Description rdf:about="http://dbpedia.org/resource/Bubbles_(painting)">
    <dcterms:subject rdf:resource="http://dbpedia.org/resource/Category:1886_paintings" />
  </rdf:Description>
  <rdf:Description rdf:about="http://pt.dbpedia.org/resource/Categoria:Pinturas_de_1886">
    <owl:sameAs rdf:resource="http://dbpedia.org/resource/Category:1886_paintings" />
  </rdf:Description>
  <rdf:Description rdf:about="http://ru.dbpedia.org/resource/Категория:Картины_1886_года">
    <owl:sameAs rdf:resource="http://dbpedia.org/resource/Category:1886_paintings" />
  </rdf:Description>
  <rdf:Description rdf:about="http://dbpedia.org/resource/Le_Printemps_(The_Return_of_Spring)">
    <dcterms:subject rdf:resource="http://dbpedia.org/resource/Category:1886_paintings" />
  </rdf:Description>
  <rdf:Description rdf:about="http://dbpedia.org/resource/Le_Moulin_de_la_Galette_(Van_Gogh_series)">
    <dcterms:subject rdf:resource="http://dbpedia.org/resource/Category:1886_paintings" />
  </rdf:Description>
  <rdf:Description rdf:about="http://dbpedia.org/resource/The_Sick_Child">
    <dcterms:subject rdf:resource="http://dbpedia.org/resource/Category:1886_paintings" />
  </rdf:Description>
  <rdf:Description rdf:about="http://dbpedia.org/resource/Espa%C3%B1a_y_Filipinas">
    <dcterms:subject rdf:resource="http://dbpedia.org/resource/Category:1886_paintings" />
  </rdf:Description>
  <rdf:Description rdf:about="http://dbpedia.org/resource/Coming_South">
    <dcterms:subject rdf:resource="http://dbpedia.org/resource/Category:1886_paintings" />
  </rdf:Description>
  <rdf:Description rdf:about="http://dbpedia.org/resource/Skull_of_a_Skeleton_with_Burning_Cigarette">
    <dcterms:subject rdf:resource="http://dbpedia.org/resource/Category:1886_paintings" />
  </rdf:Description>
  <rdf:Description rdf:about="http://ko.dbpedia.org/resource/분류:1886년_회화_작품">
    <owl:sameAs rdf:resource="http://dbpedia.org/resource/Category:1886_paintings" />
  </rdf:Description>
  <rdf:Description rdf:about="http://dbpedia.org/resource/A_Sunday_Afternoon_on_the_Island_of_La_Grande_Jatte">
    <dcterms:subject rdf:resource="http://dbpedia.org/resource/Category:1886_paintings" />
  </rdf:Description>
  <rdf:Description rdf:about="http://dbpedia.org/resource/The_Tub_(Edgar_Degas)">
    <dcterms:subject rdf:resource="http://dbpedia.org/resource/Category:1886_paintings" />
  </rdf:Description>
  <rdf:Description rdf:about="http://dbpedia.org/resource/Fantine_(painting)">
    <dcterms:subject rdf:resource="http://dbpedia.org/resource/Category:1886_paintings" />
  </rdf:Description>
  <rdf:Description rdf:about="http://dbpedia.org/resource/Vase_with_White_and_Red_Carnations">
    <dcterms:subject rdf:resource="http://dbpedia.org/resource/Category:1886_paintings" />
  </rdf:Description>
  <rdf:Description rdf:about="http://dbpedia.org/resource/Still_Life_with_Profile_of_Laval">
    <dcterms:subject rdf:resource="http://dbpedia.org/resource/Category:1886_paintings" />
  </rdf:Description>
  <rdf:Description rdf:about="http://dbpedia.org/resource/The_House_of_the_Deaf_Woman_and_the_Belfry_at_Eragny">
    <dcterms:subject rdf:resource="http://dbpedia.org/resource/Category:1886_paintings" />
  </rdf:Description>
  <rdf:Description rdf:about="http://wikidata.dbpedia.org/resource/Q6427704">
    <owl:sameAs rdf:resource="http://dbpedia.org/resource/Category:1886_paintings" />
  </rdf:Description>
  <rdf:Description rdf:about="http://ro.dbpedia.org/resource/Categorie:Picturi_din_1886">
    <owl:sameAs rdf:resource="http://dbpedia.org/resource/Category:1886_paintings" />
  </rdf:Description>
  <rdf:Description rdf:about="http://tr.dbpedia.org/resource/Kategori:1886_tabloları">
    <owl:sameAs rdf:resource="http://dbpedia.org/resource/Category:1886_paintings" />
  </rdf:Description>
  <rdf:Description rdf:about="http://uk.dbpedia.org/resource/Категорія:Картини_1886_року">
    <owl:sameAs rdf:resource="http://dbpedia.org/resource/Category:1886_paintings" />
  </rdf:Description>
</rdf:RDF>
