<?xml version="1.0" encoding="utf-8" ?>
<rdf:RDF
	xmlns:rdf="http://www.w3.org/1999/02/22-rdf-syntax-ns#"
	xmlns:rdfs="http://www.w3.org/2000/01/rdf-schema#"
	xmlns:owl="http://www.w3.org/2002/07/owl#"
	xmlns:dcterms="http://purl.org/dc/terms/"
	xmlns:dbpedia-owl="http://dbpedia.org/ontology/"
	xmlns:skos="http://www.w3.org/2004/02/skos/core#"
	xmlns:ns6="http://www.w3.org/ns/prov#" >
  <rdf:Description rdf:about="http://dbpedia.org/resource/Pasteur&#39;s_portrait_by_Edelfelt">
    <dcterms:subject rdf:resource="http://dbpedia.org/resource/Category:1885_paintings" />
  </rdf:Description>
  <rdf:Description rdf:about="http://dbpedia.org/resource/The_Ruling_Passion">
    <dcterms:subject rdf:resource="http://dbpedia.org/resource/Category:1885_paintings" />
  </rdf:Description>
  <rdf:Description rdf:about="http://dbpedia.org/resource/Chula_series">
    <dcterms:subject rdf:resource="http://dbpedia.org/resource/Category:1885_paintings" />
  </rdf:Description>
  <rdf:Description rdf:about="http://dbpedia.org/resource/Around_the_Piano">
    <dcterms:subject rdf:resource="http://dbpedia.org/resource/Category:1885_paintings" />
  </rdf:Description>
  <rdf:Description rdf:about="http://dbpedia.org/resource/House_in_Provence">
    <dcterms:subject rdf:resource="http://dbpedia.org/resource/Category:1885_paintings" />
  </rdf:Description>
  <rdf:Description rdf:about="http://dbpedia.org/resource/Cottages_(Van_Gogh_series)">
    <dcterms:subject rdf:resource="http://dbpedia.org/resource/Category:1885_paintings" />
  </rdf:Description>
  <rdf:Description rdf:about="http://dbpedia.org/resource/The_Swimming_Hole">
    <dcterms:subject rdf:resource="http://dbpedia.org/resource/Category:1885_paintings" />
  </rdf:Description>
  <rdf:Description rdf:about="http://pt.dbpedia.org/resource/Categoria:Pinturas_de_1885">
    <owl:sameAs rdf:resource="http://dbpedia.org/resource/Category:1885_paintings" />
  </rdf:Description>
  <rdf:Description rdf:about="http://ru.dbpedia.org/resource/Категория:Картины_1885_года">
    <owl:sameAs rdf:resource="http://dbpedia.org/resource/Category:1885_paintings" />
  </rdf:Description>
  <rdf:Description rdf:about="http://dbpedia.org/resource/The_Young_Shepherdess">
    <dcterms:subject rdf:resource="http://dbpedia.org/resource/Category:1885_paintings" />
  </rdf:Description>
  <rdf:Description rdf:about="http://dbpedia.org/resource/Love&#39;s_Messenger">
    <dcterms:subject rdf:resource="http://dbpedia.org/resource/Category:1885_paintings" />
  </rdf:Description>
  <rdf:Description rdf:about="http://dbpedia.org/resource/Old_Church_Tower_at_Nuenen">
    <dcterms:subject rdf:resource="http://dbpedia.org/resource/Category:1885_paintings" />
  </rdf:Description>
  <rdf:Description rdf:about="http://dbpedia.org/resource/Saint_Eulalia_(Waterhouse_painting)">
    <dcterms:subject rdf:resource="http://dbpedia.org/resource/Category:1885_paintings" />
  </rdf:Description>
  <rdf:Description rdf:about="http://dbpedia.org/resource/Category:1885_paintings">
    <rdf:type rdf:resource="http://www.w3.org/2004/02/skos/core#Concept" />
    <owl:sameAs rdf:resource="http://uk.dbpedia.org/resource/Категорія:Картини_1885_року" />
    <owl:sameAs rdf:resource="http://ru.dbpedia.org/resource/Категория:Картины_1885_года" />
    <owl:sameAs rdf:resource="http://dbpedia.org/resource/Category:1885_paintings" />
    <owl:sameAs rdf:resource="http://ro.dbpedia.org/resource/Categorie:Picturi_din_1885" />
    <owl:sameAs rdf:resource="http://www.wikidata.org/entity/Q8119362" />
    <owl:sameAs rdf:resource="http://pt.dbpedia.org/resource/Categoria:Pinturas_de_1885" />
    <owl:sameAs rdf:resource="http://id.dbpedia.org/resource/Kategori:Lukisan_tahun_1885" />
    <dbpedia-owl:wikiPageID rdf:datatype="http://www.w3.org/2001/XMLSchema#integer">5405781</dbpedia-owl:wikiPageID>
    <dbpedia-owl:wikiPageRevisionID rdf:datatype="http://www.w3.org/2001/XMLSchema#integer">546921169</dbpedia-owl:wikiPageRevisionID>
    <rdfs:label xml:lang="en">1885 paintings</rdfs:label>
    <skos:prefLabel xml:lang="en">1885 paintings</skos:prefLabel>
    <ns6:wasDerivedFrom rdf:resource="http://en.wikipedia.org/wiki/Category:1885_paintings?oldid=546921169" />
  </rdf:Description>
  <rdf:Description rdf:about="http://dbpedia.org/resource/Paintings_of_Amsterdam_by_Vincent_van_Gogh">
    <dcterms:subject rdf:resource="http://dbpedia.org/resource/Category:1885_paintings" />
  </rdf:Description>
  <rdf:Description rdf:about="http://dbpedia.org/resource/Peasant_Character_Studies_(Van_Gogh_series)">
    <dcterms:subject rdf:resource="http://dbpedia.org/resource/Category:1885_paintings" />
  </rdf:Description>
  <rdf:Description rdf:about="http://dbpedia.org/resource/Still_life_paintings_by_Vincent_van_Gogh_(Netherlands)">
    <dcterms:subject rdf:resource="http://dbpedia.org/resource/Category:1885_paintings" />
  </rdf:Description>
  <rdf:Description rdf:about="http://dbpedia.org/resource/Odalisque_(painting)">
    <dcterms:subject rdf:resource="http://dbpedia.org/resource/Category:1885_paintings" />
  </rdf:Description>
  <rdf:Description rdf:about="http://dbpedia.org/resource/The_Potato_Eaters">
    <dcterms:subject rdf:resource="http://dbpedia.org/resource/Category:1885_paintings" />
  </rdf:Description>
  <rdf:Description rdf:about="http://dbpedia.org/resource/Head_of_a_Peasant_Woman_(Van_Gogh_series)">
    <dcterms:subject rdf:resource="http://dbpedia.org/resource/Category:1885_paintings" />
  </rdf:Description>
  <rdf:Description rdf:about="http://dbpedia.org/resource/Pleasant_Run_(painting)">
    <dcterms:subject rdf:resource="http://dbpedia.org/resource/Category:1885_paintings" />
  </rdf:Description>
  <rdf:Description rdf:about="http://dbpedia.org/resource/A_Fish_Sale_on_a_Cornish_Beach">
    <dcterms:subject rdf:resource="http://dbpedia.org/resource/Category:1885_paintings" />
  </rdf:Description>
  <rdf:Description rdf:about="http://wikidata.dbpedia.org/resource/Q8119362">
    <owl:sameAs rdf:resource="http://dbpedia.org/resource/Category:1885_paintings" />
  </rdf:Description>
  <rdf:Description rdf:about="http://id.dbpedia.org/resource/Kategori:Lukisan_tahun_1885">
    <owl:sameAs rdf:resource="http://dbpedia.org/resource/Category:1885_paintings" />
  </rdf:Description>
  <rdf:Description rdf:about="http://ro.dbpedia.org/resource/Categorie:Picturi_din_1885">
    <owl:sameAs rdf:resource="http://dbpedia.org/resource/Category:1885_paintings" />
  </rdf:Description>
  <rdf:Description rdf:about="http://uk.dbpedia.org/resource/Категорія:Картини_1885_року">
    <owl:sameAs rdf:resource="http://dbpedia.org/resource/Category:1885_paintings" />
  </rdf:Description>
</rdf:RDF>
