<?xml version="1.0" encoding="utf-8" ?>
<rdf:RDF
	xmlns:rdf="http://www.w3.org/1999/02/22-rdf-syntax-ns#"
	xmlns:rdfs="http://www.w3.org/2000/01/rdf-schema#"
	xmlns:owl="http://www.w3.org/2002/07/owl#"
	xmlns:dcterms="http://purl.org/dc/terms/"
	xmlns:dbpedia-owl="http://dbpedia.org/ontology/"
	xmlns:skos="http://www.w3.org/2004/02/skos/core#"
	xmlns:ns6="http://www.w3.org/ns/prov#" >
  <rdf:Description rdf:about="http://dbpedia.org/resource/Ensue%C3%B1os_de_Amor">
    <dcterms:subject rdf:resource="http://dbpedia.org/resource/Category:1890s_paintings" />
  </rdf:Description>
  <rdf:Description rdf:about="http://dbpedia.org/resource/Butterflies_(Van_Gogh_series)">
    <dcterms:subject rdf:resource="http://dbpedia.org/resource/Category:1890s_paintings" />
  </rdf:Description>
  <rdf:Description rdf:about="http://dbpedia.org/resource/Girl_in_White">
    <dcterms:subject rdf:resource="http://dbpedia.org/resource/Category:1890s_paintings" />
  </rdf:Description>
  <rdf:Description rdf:about="http://dbpedia.org/resource/Still_Life:_Vase_with_Pink_Roses_(Van_Gogh)">
    <dcterms:subject rdf:resource="http://dbpedia.org/resource/Category:1890s_paintings" />
  </rdf:Description>
  <rdf:Description rdf:about="http://dbpedia.org/resource/Doctor_Gachet&#39;s_Garden_in_Auvers">
    <dcterms:subject rdf:resource="http://dbpedia.org/resource/Category:1890s_paintings" />
  </rdf:Description>
  <rdf:Description rdf:about="http://ko.dbpedia.org/resource/분류:1890년대_회화_작품">
    <owl:sameAs rdf:resource="http://dbpedia.org/resource/Category:1890s_paintings" />
  </rdf:Description>
  <rdf:Description rdf:about="http://dbpedia.org/resource/Rouen_Cathedral_(Monet)">
    <dcterms:subject rdf:resource="http://dbpedia.org/resource/Category:1890s_paintings" />
  </rdf:Description>
  <rdf:Description rdf:about="http://dbpedia.org/resource/Haystacks_(Monet)">
    <dcterms:subject rdf:resource="http://dbpedia.org/resource/Category:1890s_paintings" />
  </rdf:Description>
  <rdf:Description rdf:about="http://dbpedia.org/resource/Portrait_of_Gustave_Geffroy">
    <dcterms:subject rdf:resource="http://dbpedia.org/resource/Category:1890s_paintings" />
  </rdf:Description>
  <rdf:Description rdf:about="http://dbpedia.org/resource/Paintings_of_Children_(Van_Gogh_series)">
    <dcterms:subject rdf:resource="http://dbpedia.org/resource/Category:1890s_paintings" />
  </rdf:Description>
  <rdf:Description rdf:about="http://dbpedia.org/resource/The_Roulin_Family_(Van_Gogh_series)">
    <dcterms:subject rdf:resource="http://dbpedia.org/resource/Category:1890s_paintings" />
  </rdf:Description>
  <rdf:Description rdf:about="http://dbpedia.org/resource/Category:1890s_paintings">
    <rdf:type rdf:resource="http://www.w3.org/2004/02/skos/core#Concept" />
    <owl:sameAs rdf:resource="http://www.wikidata.org/entity/Q8120672" />
    <owl:sameAs rdf:resource="http://no.dbpedia.org/resource/Kategori:Malerier_fra_1890-årene" />
    <owl:sameAs rdf:resource="http://ko.dbpedia.org/resource/분류:1890년대_회화_작품" />
    <owl:sameAs rdf:resource="http://fr.dbpedia.org/resource/Catégorie:Tableau_des_années_1890" />
    <owl:sameAs rdf:resource="http://dbpedia.org/resource/Category:1890s_paintings" />
    <owl:sameAs rdf:resource="http://id.dbpedia.org/resource/Kategori:Lukisan_tahun_1890-an" />
    <dbpedia-owl:wikiPageID rdf:datatype="http://www.w3.org/2001/XMLSchema#integer">5615916</dbpedia-owl:wikiPageID>
    <dbpedia-owl:wikiPageRevisionID rdf:datatype="http://www.w3.org/2001/XMLSchema#integer">546925147</dbpedia-owl:wikiPageRevisionID>
    <rdfs:label xml:lang="en">1890s paintings</rdfs:label>
    <skos:prefLabel xml:lang="en">1890s paintings</skos:prefLabel>
    <ns6:wasDerivedFrom rdf:resource="http://en.wikipedia.org/wiki/Category:1890s_paintings?oldid=546925147" />
  </rdf:Description>
  <rdf:Description rdf:about="http://dbpedia.org/resource/Almond_Blossoms_(Van_Gogh_series)">
    <dcterms:subject rdf:resource="http://dbpedia.org/resource/Category:1890s_paintings" />
  </rdf:Description>
  <rdf:Description rdf:about="http://dbpedia.org/resource/Olive_Trees_(Van_Gogh_series)">
    <dcterms:subject rdf:resource="http://dbpedia.org/resource/Category:1890s_paintings" />
  </rdf:Description>
  <rdf:Description rdf:about="http://dbpedia.org/resource/The_Card_Players">
    <dcterms:subject rdf:resource="http://dbpedia.org/resource/Category:1890s_paintings" />
  </rdf:Description>
  <rdf:Description rdf:about="http://dbpedia.org/resource/Daubigny&#39;s_Garden">
    <dcterms:subject rdf:resource="http://dbpedia.org/resource/Category:1890s_paintings" />
  </rdf:Description>
  <rdf:Description rdf:about="http://dbpedia.org/resource/Water_Lilies">
    <dcterms:subject rdf:resource="http://dbpedia.org/resource/Category:1890s_paintings" />
  </rdf:Description>
  <rdf:Description rdf:about="http://fr.dbpedia.org/resource/Catégorie:Tableau_des_années_1890">
    <owl:sameAs rdf:resource="http://dbpedia.org/resource/Category:1890s_paintings" />
  </rdf:Description>
  <rdf:Description rdf:about="http://dbpedia.org/resource/Melisande_(Stokes)">
    <dcterms:subject rdf:resource="http://dbpedia.org/resource/Category:1890s_paintings" />
  </rdf:Description>
  <rdf:Description rdf:about="http://wikidata.dbpedia.org/resource/Q8120672">
    <owl:sameAs rdf:resource="http://dbpedia.org/resource/Category:1890s_paintings" />
  </rdf:Description>
  <rdf:Description rdf:about="http://id.dbpedia.org/resource/Kategori:Lukisan_tahun_1890-an">
    <owl:sameAs rdf:resource="http://dbpedia.org/resource/Category:1890s_paintings" />
  </rdf:Description>
  <rdf:Description rdf:about="http://no.dbpedia.org/resource/Kategori:Malerier_fra_1890-årene">
    <owl:sameAs rdf:resource="http://dbpedia.org/resource/Category:1890s_paintings" />
  </rdf:Description>
</rdf:RDF>
