<?xml version="1.0" encoding="utf-8" ?>
<rdf:RDF
	xmlns:rdf="http://www.w3.org/1999/02/22-rdf-syntax-ns#"
	xmlns:rdfs="http://www.w3.org/2000/01/rdf-schema#"
	xmlns:owl="http://www.w3.org/2002/07/owl#"
	xmlns:dcterms="http://purl.org/dc/terms/"
	xmlns:dbpedia-owl="http://dbpedia.org/ontology/"
	xmlns:skos="http://www.w3.org/2004/02/skos/core#"
	xmlns:ns6="http://www.w3.org/ns/prov#" >
  <rdf:Description rdf:about="http://dbpedia.org/resource/The_Garden_of_Death">
    <dcterms:subject rdf:resource="http://dbpedia.org/resource/Category:1896_paintings" />
  </rdf:Description>
  <rdf:Description rdf:about="http://dbpedia.org/resource/Ecce_Homo_(Juan_Luna)">
    <dcterms:subject rdf:resource="http://dbpedia.org/resource/Category:1896_paintings" />
  </rdf:Description>
  <rdf:Description rdf:about="http://dbpedia.org/resource/The_Pianist_(painting)">
    <dcterms:subject rdf:resource="http://dbpedia.org/resource/Category:1896_paintings" />
  </rdf:Description>
  <rdf:Description rdf:about="http://dbpedia.org/resource/The_Defense_of_the_Sampo">
    <dcterms:subject rdf:resource="http://dbpedia.org/resource/Category:1896_paintings" />
  </rdf:Description>
  <rdf:Description rdf:about="http://dbpedia.org/resource/Category:1896_paintings">
    <rdf:type rdf:resource="http://www.w3.org/2004/02/skos/core#Concept" />
    <owl:sameAs rdf:resource="http://ru.dbpedia.org/resource/Категория:Картины_1896_года" />
    <owl:sameAs rdf:resource="http://dbpedia.org/resource/Category:1896_paintings" />
    <owl:sameAs rdf:resource="http://www.wikidata.org/entity/Q8121969" />
    <dbpedia-owl:wikiPageID rdf:datatype="http://www.w3.org/2001/XMLSchema#integer">12896964</dbpedia-owl:wikiPageID>
    <dbpedia-owl:wikiPageRevisionID rdf:datatype="http://www.w3.org/2001/XMLSchema#integer">546660963</dbpedia-owl:wikiPageRevisionID>
    <rdfs:label xml:lang="en">1896 paintings</rdfs:label>
    <skos:prefLabel xml:lang="en">1896 paintings</skos:prefLabel>
    <ns6:wasDerivedFrom rdf:resource="http://en.wikipedia.org/wiki/Category:1896_paintings?oldid=546660963" />
  </rdf:Description>
  <rdf:Description rdf:about="http://dbpedia.org/resource/The_Sick_Child">
    <dcterms:subject rdf:resource="http://dbpedia.org/resource/Category:1896_paintings" />
  </rdf:Description>
  <rdf:Description rdf:about="http://ru.dbpedia.org/resource/Категория:Картины_1896_года">
    <owl:sameAs rdf:resource="http://dbpedia.org/resource/Category:1896_paintings" />
  </rdf:Description>
  <rdf:Description rdf:about="http://dbpedia.org/resource/Pont_Boieldieu_in_Rouen,_Rainy_Weather">
    <dcterms:subject rdf:resource="http://dbpedia.org/resource/Category:1896_paintings" />
  </rdf:Description>
  <rdf:Description rdf:about="http://dbpedia.org/resource/On_the_Wallaby_Track">
    <dcterms:subject rdf:resource="http://dbpedia.org/resource/Category:1896_paintings" />
  </rdf:Description>
  <rdf:Description rdf:about="http://dbpedia.org/resource/Lemmink%C3%A4inen&#39;s_Mother">
    <dcterms:subject rdf:resource="http://dbpedia.org/resource/Category:1896_paintings" />
  </rdf:Description>
  <rdf:Description rdf:about="http://wikidata.dbpedia.org/resource/Q8121969">
    <owl:sameAs rdf:resource="http://dbpedia.org/resource/Category:1896_paintings" />
  </rdf:Description>
</rdf:RDF>
