<?xml version="1.0" encoding="utf-8" ?>
<rdf:RDF
	xmlns:rdf="http://www.w3.org/1999/02/22-rdf-syntax-ns#"
	xmlns:rdfs="http://www.w3.org/2000/01/rdf-schema#"
	xmlns:owl="http://www.w3.org/2002/07/owl#"
	xmlns:dcterms="http://purl.org/dc/terms/"
	xmlns:dbpedia-owl="http://dbpedia.org/ontology/"
	xmlns:skos="http://www.w3.org/2004/02/skos/core#"
	xmlns:ns6="http://www.w3.org/ns/prov#" >
  <rdf:Description rdf:about="http://dbpedia.org/resource/The_Parisian_Life">
    <dcterms:subject rdf:resource="http://dbpedia.org/resource/Category:1892_paintings" />
  </rdf:Description>
  <rdf:Description rdf:about="http://dbpedia.org/resource/Peuple_et_Rois">
    <dcterms:subject rdf:resource="http://dbpedia.org/resource/Category:1892_paintings" />
  </rdf:Description>
  <rdf:Description rdf:about="http://dbpedia.org/resource/The_Concert_Singer">
    <dcterms:subject rdf:resource="http://dbpedia.org/resource/Category:1892_paintings" />
  </rdf:Description>
  <rdf:Description rdf:about="http://ru.dbpedia.org/resource/Категория:Картины_1892_года">
    <owl:sameAs rdf:resource="http://dbpedia.org/resource/Category:1892_paintings" />
  </rdf:Description>
  <rdf:Description rdf:about="http://dbpedia.org/resource/Breton_Women_at_a_Wall">
    <dcterms:subject rdf:resource="http://dbpedia.org/resource/Category:1892_paintings" />
  </rdf:Description>
  <rdf:Description rdf:about="http://pt.dbpedia.org/resource/Categoria:Pinturas_de_1892">
    <owl:sameAs rdf:resource="http://dbpedia.org/resource/Category:1892_paintings" />
  </rdf:Description>
  <rdf:Description rdf:about="http://dbpedia.org/resource/Spirit_of_the_Dead_Watching">
    <dcterms:subject rdf:resource="http://dbpedia.org/resource/Category:1892_paintings" />
  </rdf:Description>
  <rdf:Description rdf:about="http://dbpedia.org/resource/Category:1892_paintings">
    <rdf:type rdf:resource="http://www.w3.org/2004/02/skos/core#Concept" />
    <owl:sameAs rdf:resource="http://pt.dbpedia.org/resource/Categoria:Pinturas_de_1892" />
    <owl:sameAs rdf:resource="http://www.wikidata.org/entity/Q6489410" />
    <owl:sameAs rdf:resource="http://ru.dbpedia.org/resource/Категория:Картины_1892_года" />
    <owl:sameAs rdf:resource="http://dbpedia.org/resource/Category:1892_paintings" />
    <owl:sameAs rdf:resource="http://be.dbpedia.org/resource/Катэгорыя:Карціны_1892_года" />
    <dbpedia-owl:wikiPageID rdf:datatype="http://www.w3.org/2001/XMLSchema#integer">5525576</dbpedia-owl:wikiPageID>
    <dbpedia-owl:wikiPageRevisionID rdf:datatype="http://www.w3.org/2001/XMLSchema#integer">544413479</dbpedia-owl:wikiPageRevisionID>
    <rdfs:label xml:lang="en">1892 paintings</rdfs:label>
    <skos:prefLabel xml:lang="en">1892 paintings</skos:prefLabel>
    <ns6:wasDerivedFrom rdf:resource="http://en.wikipedia.org/wiki/Category:1892_paintings?oldid=544413479" />
  </rdf:Description>
  <rdf:Description rdf:about="http://dbpedia.org/resource/Brig_%22Mercury%22_Attacked_by_Two_Turkish_Ships">
    <dcterms:subject rdf:resource="http://dbpedia.org/resource/Category:1892_paintings" />
  </rdf:Description>
  <rdf:Description rdf:about="http://dbpedia.org/resource/At_the_Moulin_Rouge">
    <dcterms:subject rdf:resource="http://dbpedia.org/resource/Category:1892_paintings" />
  </rdf:Description>
  <rdf:Description rdf:about="http://dbpedia.org/resource/Circe_Invidiosa">
    <dcterms:subject rdf:resource="http://dbpedia.org/resource/Category:1892_paintings" />
  </rdf:Description>
  <rdf:Description rdf:about="http://dbpedia.org/resource/Melancholy_(Edvard_Munch)">
    <dcterms:subject rdf:resource="http://dbpedia.org/resource/Category:1892_paintings" />
  </rdf:Description>
  <rdf:Description rdf:about="http://wikidata.dbpedia.org/resource/Q6489410">
    <owl:sameAs rdf:resource="http://dbpedia.org/resource/Category:1892_paintings" />
  </rdf:Description>
  <rdf:Description rdf:about="http://be.dbpedia.org/resource/Катэгорыя:Карціны_1892_года">
    <owl:sameAs rdf:resource="http://dbpedia.org/resource/Category:1892_paintings" />
  </rdf:Description>
</rdf:RDF>
