<?xml version="1.0" encoding="utf-8" ?>
<rdf:RDF
	xmlns:rdf="http://www.w3.org/1999/02/22-rdf-syntax-ns#"
	xmlns:rdfs="http://www.w3.org/2000/01/rdf-schema#"
	xmlns:owl="http://www.w3.org/2002/07/owl#"
	xmlns:dcterms="http://purl.org/dc/terms/"
	xmlns:dbpedia-owl="http://dbpedia.org/ontology/"
	xmlns:skos="http://www.w3.org/2004/02/skos/core#"
	xmlns:ns6="http://www.w3.org/ns/prov#" >
  <rdf:Description rdf:about="http://dbpedia.org/resource/Western_Cattle_in_Storm">
    <dcterms:subject rdf:resource="http://dbpedia.org/resource/Category:1898_in_the_United_States" />
  </rdf:Description>
  <rdf:Description rdf:about="http://dbpedia.org/resource/Newlands_Resolution">
    <dcterms:subject rdf:resource="http://dbpedia.org/resource/Category:1898_in_the_United_States" />
  </rdf:Description>
  <rdf:Description rdf:about="http://dbpedia.org/resource/Category:1898_in_American_Samoa">
    <skos:broader rdf:resource="http://dbpedia.org/resource/Category:1898_in_the_United_States" />
  </rdf:Description>
  <rdf:Description rdf:about="http://dbpedia.org/resource/Category:1898_in_Guam">
    <skos:broader rdf:resource="http://dbpedia.org/resource/Category:1898_in_the_United_States" />
  </rdf:Description>
  <rdf:Description rdf:about="http://dbpedia.org/resource/Category:1898_elections_in_the_United_States">
    <skos:broader rdf:resource="http://dbpedia.org/resource/Category:1898_in_the_United_States" />
  </rdf:Description>
  <rdf:Description rdf:about="http://dbpedia.org/resource/Category:1898_in_United_States_case_law">
    <skos:broader rdf:resource="http://dbpedia.org/resource/Category:1898_in_the_United_States" />
  </rdf:Description>
  <rdf:Description rdf:about="http://fr.dbpedia.org/resource/Catégorie:1898_aux_États-Unis">
    <owl:sameAs rdf:resource="http://dbpedia.org/resource/Category:1898_in_the_United_States" />
  </rdf:Description>
  <rdf:Description rdf:about="http://dbpedia.org/resource/1898_in_the_United_States">
    <dcterms:subject rdf:resource="http://dbpedia.org/resource/Category:1898_in_the_United_States" />
  </rdf:Description>
  <rdf:Description rdf:about="http://dbpedia.org/resource/Trans-Mississippi_Exposition">
    <dcterms:subject rdf:resource="http://dbpedia.org/resource/Category:1898_in_the_United_States" />
  </rdf:Description>
  <rdf:Description rdf:about="http://dbpedia.org/resource/Battle_of_Virden">
    <dcterms:subject rdf:resource="http://dbpedia.org/resource/Category:1898_in_the_United_States" />
  </rdf:Description>
  <rdf:Description rdf:about="http://dbpedia.org/resource/De_L%C3%B4me_Letter">
    <dcterms:subject rdf:resource="http://dbpedia.org/resource/Category:1898_in_the_United_States" />
  </rdf:Description>
  <rdf:Description rdf:about="http://dbpedia.org/resource/Bankruptcy_Act_of_1898">
    <dcterms:subject rdf:resource="http://dbpedia.org/resource/Category:1898_in_the_United_States" />
  </rdf:Description>
  <rdf:Description rdf:about="http://dbpedia.org/resource/Kobuk_River_Stampede">
    <dcterms:subject rdf:resource="http://dbpedia.org/resource/Category:1898_in_the_United_States" />
  </rdf:Description>
  <rdf:Description rdf:about="http://dbpedia.org/resource/Benevolent_assimilation">
    <dcterms:subject rdf:resource="http://dbpedia.org/resource/Category:1898_in_the_United_States" />
  </rdf:Description>
  <rdf:Description rdf:about="http://dbpedia.org/resource/Battle_of_Sugar_Point">
    <dcterms:subject rdf:resource="http://dbpedia.org/resource/Category:1898_in_the_United_States" />
  </rdf:Description>
  <rdf:Description rdf:about="http://dbpedia.org/resource/Category:1898_in_the_United_States">
    <rdf:type rdf:resource="http://www.w3.org/2004/02/skos/core#Concept" />
    <owl:sameAs rdf:resource="http://es.dbpedia.org/resource/Categoría:Estados_Unidos_en_1898" />
    <owl:sameAs rdf:resource="http://dbpedia.org/resource/Category:1898_in_the_United_States" />
    <owl:sameAs rdf:resource="http://he.dbpedia.org/resource/קטגוריה:1898_בארצות_הברית" />
    <owl:sameAs rdf:resource="http://www.wikidata.org/entity/Q6795432" />
    <owl:sameAs rdf:resource="http://no.dbpedia.org/resource/Kategori:1898_i_USA" />
    <owl:sameAs rdf:resource="http://ro.dbpedia.org/resource/Categorie:1898_în_SUA" />
    <owl:sameAs rdf:resource="http://sv.dbpedia.org/resource/Kategori:1898_i_USA" />
    <owl:sameAs rdf:resource="http://fa.dbpedia.org/resource/رده:ایالات_متحده_آمریکا_در_۱۸۹۸_(میلادی)" />
    <owl:sameAs rdf:resource="http://ko.dbpedia.org/resource/분류:1898년_미국" />
    <owl:sameAs rdf:resource="http://fr.dbpedia.org/resource/Catégorie:1898_aux_États-Unis" />
    <dbpedia-owl:wikiPageID rdf:datatype="http://www.w3.org/2001/XMLSchema#integer">7065257</dbpedia-owl:wikiPageID>
    <dbpedia-owl:wikiPageRevisionID rdf:datatype="http://www.w3.org/2001/XMLSchema#integer">544545170</dbpedia-owl:wikiPageRevisionID>
    <skos:broader rdf:resource="http://dbpedia.org/resource/Category:1898_in_North_America" />
    <rdfs:label xml:lang="en">1898 in the United States</rdfs:label>
    <skos:prefLabel xml:lang="en">1898 in the United States</skos:prefLabel>
    <ns6:wasDerivedFrom rdf:resource="http://en.wikipedia.org/wiki/Category:1898_in_the_United_States?oldid=544545170" />
  </rdf:Description>
  <rdf:Description rdf:about="http://dbpedia.org/resource/Teller_Amendment">
    <dcterms:subject rdf:resource="http://dbpedia.org/resource/Category:1898_in_the_United_States" />
  </rdf:Description>
  <rdf:Description rdf:about="http://dbpedia.org/resource/Portland_Gale">
    <dcterms:subject rdf:resource="http://dbpedia.org/resource/Category:1898_in_the_United_States" />
  </rdf:Description>
  <rdf:Description rdf:about="http://dbpedia.org/resource/19th_Oregon_Legislative_Assembly">
    <dcterms:subject rdf:resource="http://dbpedia.org/resource/Category:1898_in_the_United_States" />
  </rdf:Description>
  <rdf:Description rdf:about="http://dbpedia.org/resource/Reese%E2%80%93Townsend_feud">
    <dcterms:subject rdf:resource="http://dbpedia.org/resource/Category:1898_in_the_United_States" />
  </rdf:Description>
  <rdf:Description rdf:about="http://dbpedia.org/resource/121st_New_York_State_Legislature">
    <dcterms:subject rdf:resource="http://dbpedia.org/resource/Category:1898_in_the_United_States" />
  </rdf:Description>
  <rdf:Description rdf:about="http://ko.dbpedia.org/resource/분류:1898년_미국">
    <owl:sameAs rdf:resource="http://dbpedia.org/resource/Category:1898_in_the_United_States" />
  </rdf:Description>
  <rdf:Description rdf:about="http://wikidata.dbpedia.org/resource/Q6795432">
    <owl:sameAs rdf:resource="http://dbpedia.org/resource/Category:1898_in_the_United_States" />
  </rdf:Description>
  <rdf:Description rdf:about="http://es.dbpedia.org/resource/Categoría:Estados_Unidos_en_1898">
    <owl:sameAs rdf:resource="http://dbpedia.org/resource/Category:1898_in_the_United_States" />
  </rdf:Description>
  <rdf:Description rdf:about="http://fa.dbpedia.org/resource/رده:ایالات_متحده_آمریکا_در_۱۸۹۸_(میلادی)">
    <owl:sameAs rdf:resource="http://dbpedia.org/resource/Category:1898_in_the_United_States" />
  </rdf:Description>
  <rdf:Description rdf:about="http://he.dbpedia.org/resource/קטגוריה:1898_בארצות_הברית">
    <owl:sameAs rdf:resource="http://dbpedia.org/resource/Category:1898_in_the_United_States" />
  </rdf:Description>
  <rdf:Description rdf:about="http://no.dbpedia.org/resource/Kategori:1898_i_USA">
    <owl:sameAs rdf:resource="http://dbpedia.org/resource/Category:1898_in_the_United_States" />
  </rdf:Description>
  <rdf:Description rdf:about="http://ro.dbpedia.org/resource/Categorie:1898_în_SUA">
    <owl:sameAs rdf:resource="http://dbpedia.org/resource/Category:1898_in_the_United_States" />
  </rdf:Description>
  <rdf:Description rdf:about="http://sv.dbpedia.org/resource/Kategori:1898_i_USA">
    <owl:sameAs rdf:resource="http://dbpedia.org/resource/Category:1898_in_the_United_States" />
  </rdf:Description>
</rdf:RDF>
