<?xml version="1.0" encoding="utf-8" ?>
<rdf:RDF
	xmlns:rdf="http://www.w3.org/1999/02/22-rdf-syntax-ns#"
	xmlns:rdfs="http://www.w3.org/2000/01/rdf-schema#"
	xmlns:owl="http://www.w3.org/2002/07/owl#"
	xmlns:dcterms="http://purl.org/dc/terms/"
	xmlns:dbpedia-owl="http://dbpedia.org/ontology/"
	xmlns:skos="http://www.w3.org/2004/02/skos/core#"
	xmlns:ns6="http://www.w3.org/ns/prov#" >
  <rdf:Description rdf:about="http://dbpedia.org/resource/Adios_del_Sol">
    <dcterms:subject rdf:resource="http://dbpedia.org/resource/Category:1893_paintings" />
  </rdf:Description>
  <rdf:Description rdf:about="http://dbpedia.org/resource/The_Child&#39;s_Bath">
    <dcterms:subject rdf:resource="http://dbpedia.org/resource/Category:1893_paintings" />
  </rdf:Description>
  <rdf:Description rdf:about="http://dbpedia.org/resource/Category:1893_paintings">
    <rdf:type rdf:resource="http://www.w3.org/2004/02/skos/core#Concept" />
    <owl:sameAs rdf:resource="http://lv.dbpedia.org/resource/Kategorija:1893._gada_gleznas" />
    <owl:sameAs rdf:resource="http://www.wikidata.org/entity/Q8121308" />
    <owl:sameAs rdf:resource="http://dbpedia.org/resource/Category:1893_paintings" />
    <owl:sameAs rdf:resource="http://ko.dbpedia.org/resource/분류:1893년_회화_작품" />
    <owl:sameAs rdf:resource="http://bs.dbpedia.org/resource/Kategorija:Umjetničke_slike_nastale_1893" />
    <owl:sameAs rdf:resource="http://id.dbpedia.org/resource/Kategori:Lukisan_tahun_1893" />
    <owl:sameAs rdf:resource="http://uk.dbpedia.org/resource/Категорія:Картини_1893_року" />
    <owl:sameAs rdf:resource="http://da.dbpedia.org/resource/Kategori:Malerier_fra_1893" />
    <owl:sameAs rdf:resource="http://pt.dbpedia.org/resource/Categoria:Pinturas_de_1893" />
    <owl:sameAs rdf:resource="http://ru.dbpedia.org/resource/Категория:Картины_1893_года" />
    <dbpedia-owl:wikiPageID rdf:datatype="http://www.w3.org/2001/XMLSchema#integer">5424612</dbpedia-owl:wikiPageID>
    <dbpedia-owl:wikiPageRevisionID rdf:datatype="http://www.w3.org/2001/XMLSchema#integer">546922288</dbpedia-owl:wikiPageRevisionID>
    <rdfs:label xml:lang="en">1893 paintings</rdfs:label>
    <skos:prefLabel xml:lang="en">1893 paintings</skos:prefLabel>
    <ns6:wasDerivedFrom rdf:resource="http://en.wikipedia.org/wiki/Category:1893_paintings?oldid=546922288" />
  </rdf:Description>
  <rdf:Description rdf:about="http://dbpedia.org/resource/Frenzy_of_Exultations">
    <dcterms:subject rdf:resource="http://dbpedia.org/resource/Category:1893_paintings" />
  </rdf:Description>
  <rdf:Description rdf:about="http://ko.dbpedia.org/resource/분류:1893년_회화_작품">
    <owl:sameAs rdf:resource="http://dbpedia.org/resource/Category:1893_paintings" />
  </rdf:Description>
  <rdf:Description rdf:about="http://ru.dbpedia.org/resource/Категория:Картины_1893_года">
    <owl:sameAs rdf:resource="http://dbpedia.org/resource/Category:1893_paintings" />
  </rdf:Description>
  <rdf:Description rdf:about="http://dbpedia.org/resource/The_Fox_Hunt">
    <dcterms:subject rdf:resource="http://dbpedia.org/resource/Category:1893_paintings" />
  </rdf:Description>
  <rdf:Description rdf:about="http://dbpedia.org/resource/The_Scream">
    <dcterms:subject rdf:resource="http://dbpedia.org/resource/Category:1893_paintings" />
  </rdf:Description>
  <rdf:Description rdf:about="http://dbpedia.org/resource/The_Seamstress_(painting)">
    <dcterms:subject rdf:resource="http://dbpedia.org/resource/Category:1893_paintings" />
  </rdf:Description>
  <rdf:Description rdf:about="http://pt.dbpedia.org/resource/Categoria:Pinturas_de_1893">
    <owl:sameAs rdf:resource="http://dbpedia.org/resource/Category:1893_paintings" />
  </rdf:Description>
  <rdf:Description rdf:about="http://dbpedia.org/resource/Over_My_Dead_Body_(Ramon_Casas)">
    <dcterms:subject rdf:resource="http://dbpedia.org/resource/Category:1893_paintings" />
  </rdf:Description>
  <rdf:Description rdf:about="http://dbpedia.org/resource/First_Steps_Painting">
    <dcterms:subject rdf:resource="http://dbpedia.org/resource/Category:1893_paintings" />
  </rdf:Description>
  <rdf:Description rdf:about="http://dbpedia.org/resource/The_Muses_(painting)">
    <dcterms:subject rdf:resource="http://dbpedia.org/resource/Category:1893_paintings" />
  </rdf:Description>
  <rdf:Description rdf:about="http://wikidata.dbpedia.org/resource/Q8121308">
    <owl:sameAs rdf:resource="http://dbpedia.org/resource/Category:1893_paintings" />
  </rdf:Description>
  <rdf:Description rdf:about="http://bs.dbpedia.org/resource/Kategorija:Umjetničke_slike_nastale_1893">
    <owl:sameAs rdf:resource="http://dbpedia.org/resource/Category:1893_paintings" />
  </rdf:Description>
  <rdf:Description rdf:about="http://da.dbpedia.org/resource/Kategori:Malerier_fra_1893">
    <owl:sameAs rdf:resource="http://dbpedia.org/resource/Category:1893_paintings" />
  </rdf:Description>
  <rdf:Description rdf:about="http://id.dbpedia.org/resource/Kategori:Lukisan_tahun_1893">
    <owl:sameAs rdf:resource="http://dbpedia.org/resource/Category:1893_paintings" />
  </rdf:Description>
  <rdf:Description rdf:about="http://lv.dbpedia.org/resource/Kategorija:1893._gada_gleznas">
    <owl:sameAs rdf:resource="http://dbpedia.org/resource/Category:1893_paintings" />
  </rdf:Description>
  <rdf:Description rdf:about="http://uk.dbpedia.org/resource/Категорія:Картини_1893_року">
    <owl:sameAs rdf:resource="http://dbpedia.org/resource/Category:1893_paintings" />
  </rdf:Description>
</rdf:RDF>
