<?xml version="1.0" encoding="utf-8" ?>
<rdf:RDF
	xmlns:rdf="http://www.w3.org/1999/02/22-rdf-syntax-ns#"
	xmlns:rdfs="http://www.w3.org/2000/01/rdf-schema#"
	xmlns:owl="http://www.w3.org/2002/07/owl#"
	xmlns:dcterms="http://purl.org/dc/terms/"
	xmlns:dbpedia-owl="http://dbpedia.org/ontology/"
	xmlns:skos="http://www.w3.org/2004/02/skos/core#"
	xmlns:ns6="http://www.w3.org/ns/prov#" >
  <rdf:Description rdf:about="http://dbpedia.org/resource/Category:1899_paintings">
    <rdf:type rdf:resource="http://www.w3.org/2004/02/skos/core#Concept" />
    <owl:sameAs rdf:resource="http://dbpedia.org/resource/Category:1899_paintings" />
    <owl:sameAs rdf:resource="http://ru.dbpedia.org/resource/Категория:Картины_1899_года" />
    <owl:sameAs rdf:resource="http://www.wikidata.org/entity/Q8122671" />
    <owl:sameAs rdf:resource="http://uk.dbpedia.org/resource/Категорія:Картини_1899_року" />
    <dbpedia-owl:wikiPageID rdf:datatype="http://www.w3.org/2001/XMLSchema#integer">5696622</dbpedia-owl:wikiPageID>
    <dbpedia-owl:wikiPageRevisionID rdf:datatype="http://www.w3.org/2001/XMLSchema#integer">546925918</dbpedia-owl:wikiPageRevisionID>
    <rdfs:label xml:lang="en">1899 paintings</rdfs:label>
    <skos:prefLabel xml:lang="en">1899 paintings</skos:prefLabel>
    <ns6:wasDerivedFrom rdf:resource="http://en.wikipedia.org/wiki/Category:1899_paintings?oldid=546925918" />
  </rdf:Description>
  <rdf:Description rdf:about="http://dbpedia.org/resource/Portrait_of_Mary_Adeline_Williams">
    <dcterms:subject rdf:resource="http://dbpedia.org/resource/Category:1899_paintings" />
  </rdf:Description>
  <rdf:Description rdf:about="http://dbpedia.org/resource/The_Miracle_of_the_Holy_Fire_(painting)">
    <dcterms:subject rdf:resource="http://dbpedia.org/resource/Category:1899_paintings" />
  </rdf:Description>
  <rdf:Description rdf:about="http://dbpedia.org/resource/Wrestlers_(painting)">
    <dcterms:subject rdf:resource="http://dbpedia.org/resource/Category:1899_paintings" />
  </rdf:Description>
  <rdf:Description rdf:about="http://ru.dbpedia.org/resource/Категория:Картины_1899_года">
    <owl:sameAs rdf:resource="http://dbpedia.org/resource/Category:1899_paintings" />
  </rdf:Description>
  <rdf:Description rdf:about="http://dbpedia.org/resource/Women_in_the_Prison">
    <dcterms:subject rdf:resource="http://dbpedia.org/resource/Category:1899_paintings" />
  </rdf:Description>
  <rdf:Description rdf:about="http://dbpedia.org/resource/The_Gulf_Stream_(painting)">
    <dcterms:subject rdf:resource="http://dbpedia.org/resource/Category:1899_paintings" />
  </rdf:Description>
  <rdf:Description rdf:about="http://dbpedia.org/resource/Two_Tahitian_Women">
    <dcterms:subject rdf:resource="http://dbpedia.org/resource/Category:1899_paintings" />
  </rdf:Description>
  <rdf:Description rdf:about="http://dbpedia.org/resource/Charing_Cross_Bridge_series_(Monet)">
    <dcterms:subject rdf:resource="http://dbpedia.org/resource/Category:1899_paintings" />
  </rdf:Description>
  <rdf:Description rdf:about="http://wikidata.dbpedia.org/resource/Q8122671">
    <owl:sameAs rdf:resource="http://dbpedia.org/resource/Category:1899_paintings" />
  </rdf:Description>
  <rdf:Description rdf:about="http://uk.dbpedia.org/resource/Категорія:Картини_1899_року">
    <owl:sameAs rdf:resource="http://dbpedia.org/resource/Category:1899_paintings" />
  </rdf:Description>
</rdf:RDF>
