<?xml version="1.0" encoding="utf-8" ?>
<rdf:RDF
	xmlns:rdf="http://www.w3.org/1999/02/22-rdf-syntax-ns#"
	xmlns:rdfs="http://www.w3.org/2000/01/rdf-schema#"
	xmlns:owl="http://www.w3.org/2002/07/owl#"
	xmlns:dcterms="http://purl.org/dc/terms/"
	xmlns:dbpedia-owl="http://dbpedia.org/ontology/"
	xmlns:skos="http://www.w3.org/2004/02/skos/core#"
	xmlns:ns6="http://www.w3.org/ns/prov#" >
  <rdf:Description rdf:about="http://dbpedia.org/resource/The_Old_Plantation">
    <dcterms:subject rdf:resource="http://dbpedia.org/resource/Category:18th-century_paintings" />
  </rdf:Description>
  <rdf:Description rdf:about="http://dbpedia.org/resource/The_Council_of_Nicaea_(painting)">
    <dcterms:subject rdf:resource="http://dbpedia.org/resource/Category:18th-century_paintings" />
  </rdf:Description>
  <rdf:Description rdf:about="http://dbpedia.org/resource/Category:1800_paintings">
    <skos:broader rdf:resource="http://dbpedia.org/resource/Category:18th-century_paintings" />
  </rdf:Description>
  <rdf:Description rdf:about="http://de.dbpedia.org/resource/Kategorie:Gemälde_(18._Jahrhundert)">
    <owl:sameAs rdf:resource="http://dbpedia.org/resource/Category:18th-century_paintings" />
  </rdf:Description>
  <rdf:Description rdf:about="http://ko.dbpedia.org/resource/분류:18세기_회화_작품">
    <owl:sameAs rdf:resource="http://dbpedia.org/resource/Category:18th-century_paintings" />
  </rdf:Description>
  <rdf:Description rdf:about="http://dbpedia.org/resource/Category:18th-century_paintings">
    <rdf:type rdf:resource="http://www.w3.org/2004/02/skos/core#Concept" />
    <owl:sameAs rdf:resource="http://ru.dbpedia.org/resource/Категория:Картины_XVIII_века" />
    <owl:sameAs rdf:resource="http://bs.dbpedia.org/resource/Kategorija:18._vijek_umjetničke_slike" />
    <owl:sameAs rdf:resource="http://uk.dbpedia.org/resource/Категорія:Картини_XVIII_століття" />
    <owl:sameAs rdf:resource="http://he.dbpedia.org/resource/קטגוריה:ציורים_מהמאה_ה-18" />
    <owl:sameAs rdf:resource="http://fr.dbpedia.org/resource/Catégorie:Tableau_du_XVIIIe_siècle" />
    <owl:sameAs rdf:resource="http://ro.dbpedia.org/resource/Categorie:Picturi_ale_secolului_al_XVIII-lea" />
    <owl:sameAs rdf:resource="http://ko.dbpedia.org/resource/분류:18세기_회화_작품" />
    <owl:sameAs rdf:resource="http://simple.dbpedia.org/resource/Category:18th_century_paintings" />
    <owl:sameAs rdf:resource="http://www.wikidata.org/entity/Q8780746" />
    <owl:sameAs rdf:resource="http://no.dbpedia.org/resource/Kategori:Malerier_fra_1700-tallet" />
    <owl:sameAs rdf:resource="http://pt.dbpedia.org/resource/Categoria:Pinturas_do_século_XVIII" />
    <owl:sameAs rdf:resource="http://de.dbpedia.org/resource/Kategorie:Gemälde_(18._Jahrhundert)" />
    <owl:sameAs rdf:resource="http://dbpedia.org/resource/Category:18th-century_paintings" />
    <owl:sameAs rdf:resource="http://tr.dbpedia.org/resource/Kategori:18._yüzyıl_tabloları" />
    <owl:sameAs rdf:resource="http://es.dbpedia.org/resource/Categoría:Cuadros_del_siglo_XVIII" />
    <dbpedia-owl:wikiPageID rdf:datatype="http://www.w3.org/2001/XMLSchema#integer">21489965</dbpedia-owl:wikiPageID>
    <dbpedia-owl:wikiPageRevisionID rdf:datatype="http://www.w3.org/2001/XMLSchema#integer">548072630</dbpedia-owl:wikiPageRevisionID>
    <skos:broader rdf:resource="http://dbpedia.org/resource/Category:Paintings_by_century" />
    <skos:broader rdf:resource="http://dbpedia.org/resource/Category:18th_century_in_art" />
    <skos:broader rdf:resource="http://dbpedia.org/resource/Category:18th-century_works" />
    <rdfs:label xml:lang="en">18th-century paintings</rdfs:label>
    <skos:prefLabel xml:lang="en">18th-century paintings</skos:prefLabel>
    <ns6:wasDerivedFrom rdf:resource="http://en.wikipedia.org/wiki/Category:18th-century_paintings?oldid=548072630" />
  </rdf:Description>
  <rdf:Description rdf:about="http://es.dbpedia.org/resource/Categoría:Cuadros_del_siglo_XVIII">
    <owl:sameAs rdf:resource="http://dbpedia.org/resource/Category:18th-century_paintings" />
  </rdf:Description>
  <rdf:Description rdf:about="http://pt.dbpedia.org/resource/Categoria:Pinturas_do_século_XVIII">
    <owl:sameAs rdf:resource="http://dbpedia.org/resource/Category:18th-century_paintings" />
  </rdf:Description>
  <rdf:Description rdf:about="http://dbpedia.org/resource/Bani_Thani">
    <dcterms:subject rdf:resource="http://dbpedia.org/resource/Category:18th-century_paintings" />
  </rdf:Description>
  <rdf:Description rdf:about="http://fr.dbpedia.org/resource/Catégorie:Tableau_du_XVIIIe_siècle">
    <owl:sameAs rdf:resource="http://dbpedia.org/resource/Category:18th-century_paintings" />
  </rdf:Description>
  <rdf:Description rdf:about="http://dbpedia.org/resource/Lady_Cockburn_and_Her_Three_Eldest_Sons">
    <dcterms:subject rdf:resource="http://dbpedia.org/resource/Category:18th-century_paintings" />
  </rdf:Description>
  <rdf:Description rdf:about="http://dbpedia.org/resource/Scipio_Africanus_Freeing_Massiva_(painting)">
    <dcterms:subject rdf:resource="http://dbpedia.org/resource/Category:18th-century_paintings" />
  </rdf:Description>
  <rdf:Description rdf:about="http://ru.dbpedia.org/resource/Категория:Картины_XVIII_века">
    <owl:sameAs rdf:resource="http://dbpedia.org/resource/Category:18th-century_paintings" />
  </rdf:Description>
  <rdf:Description rdf:about="http://wikidata.dbpedia.org/resource/Q8780746">
    <owl:sameAs rdf:resource="http://dbpedia.org/resource/Category:18th-century_paintings" />
  </rdf:Description>
  <rdf:Description rdf:about="http://bs.dbpedia.org/resource/Kategorija:18._vijek_umjetničke_slike">
    <owl:sameAs rdf:resource="http://dbpedia.org/resource/Category:18th-century_paintings" />
  </rdf:Description>
  <rdf:Description rdf:about="http://he.dbpedia.org/resource/קטגוריה:ציורים_מהמאה_ה-18">
    <owl:sameAs rdf:resource="http://dbpedia.org/resource/Category:18th-century_paintings" />
  </rdf:Description>
  <rdf:Description rdf:about="http://no.dbpedia.org/resource/Kategori:Malerier_fra_1700-tallet">
    <owl:sameAs rdf:resource="http://dbpedia.org/resource/Category:18th-century_paintings" />
  </rdf:Description>
  <rdf:Description rdf:about="http://ro.dbpedia.org/resource/Categorie:Picturi_ale_secolului_al_XVIII-lea">
    <owl:sameAs rdf:resource="http://dbpedia.org/resource/Category:18th-century_paintings" />
  </rdf:Description>
  <rdf:Description rdf:about="http://simple.dbpedia.org/resource/Category:18th_century_paintings">
    <owl:sameAs rdf:resource="http://dbpedia.org/resource/Category:18th-century_paintings" />
  </rdf:Description>
  <rdf:Description rdf:about="http://tr.dbpedia.org/resource/Kategori:18._yüzyıl_tabloları">
    <owl:sameAs rdf:resource="http://dbpedia.org/resource/Category:18th-century_paintings" />
  </rdf:Description>
  <rdf:Description rdf:about="http://uk.dbpedia.org/resource/Категорія:Картини_XVIII_століття">
    <owl:sameAs rdf:resource="http://dbpedia.org/resource/Category:18th-century_paintings" />
  </rdf:Description>
</rdf:RDF>
