<?xml version="1.0" encoding="utf-8" ?>
<rdf:RDF
	xmlns:rdf="http://www.w3.org/1999/02/22-rdf-syntax-ns#"
	xmlns:rdfs="http://www.w3.org/2000/01/rdf-schema#"
	xmlns:owl="http://www.w3.org/2002/07/owl#"
	xmlns:dcterms="http://purl.org/dc/terms/"
	xmlns:dbpedia-owl="http://dbpedia.org/ontology/"
	xmlns:skos="http://www.w3.org/2004/02/skos/core#"
	xmlns:ns6="http://www.w3.org/ns/prov#" >
  <rdf:Description rdf:about="http://dbpedia.org/resource/Pinkie_(Lawrence_painting)">
    <dcterms:subject rdf:resource="http://dbpedia.org/resource/Category:18th-century_portraits" />
  </rdf:Description>
  <rdf:Description rdf:about="http://dbpedia.org/resource/Portrait_of_Count_Stanislas_Potocki">
    <dcterms:subject rdf:resource="http://dbpedia.org/resource/Category:18th-century_portraits" />
  </rdf:Description>
  <rdf:Description rdf:about="http://dbpedia.org/resource/Portrait_of_Madame_R%C3%A9camier">
    <dcterms:subject rdf:resource="http://dbpedia.org/resource/Category:18th-century_portraits" />
  </rdf:Description>
  <rdf:Description rdf:about="http://dbpedia.org/resource/Category:Francisco_Goya_portraits">
    <skos:broader rdf:resource="http://dbpedia.org/resource/Category:18th-century_portraits" />
  </rdf:Description>
  <rdf:Description rdf:about="http://dbpedia.org/resource/The_Chocolate_Girl">
    <dcterms:subject rdf:resource="http://dbpedia.org/resource/Category:18th-century_portraits" />
  </rdf:Description>
  <rdf:Description rdf:about="http://dbpedia.org/resource/Category:18th-century_portraits">
    <rdf:type rdf:resource="http://www.w3.org/2004/02/skos/core#Concept" />
    <owl:sameAs rdf:resource="http://dbpedia.org/resource/Category:18th-century_portraits" />
    <owl:sameAs rdf:resource="http://www.wikidata.org/entity/Q8123101" />
    <dbpedia-owl:wikiPageID rdf:datatype="http://www.w3.org/2001/XMLSchema#integer">21468705</dbpedia-owl:wikiPageID>
    <dbpedia-owl:wikiPageRevisionID rdf:datatype="http://www.w3.org/2001/XMLSchema#integer">269637407</dbpedia-owl:wikiPageRevisionID>
    <skos:broader rdf:resource="http://dbpedia.org/resource/Category:18th-century_works" />
    <skos:broader rdf:resource="http://dbpedia.org/resource/Category:Portraits_by_century" />
    <rdfs:label xml:lang="en">18th-century portraits</rdfs:label>
    <skos:prefLabel xml:lang="en">18th-century portraits</skos:prefLabel>
    <ns6:wasDerivedFrom rdf:resource="http://en.wikipedia.org/wiki/Category:18th-century_portraits?oldid=269637407" />
  </rdf:Description>
  <rdf:Description rdf:about="http://dbpedia.org/resource/The_Skater">
    <dcterms:subject rdf:resource="http://dbpedia.org/resource/Category:18th-century_portraits" />
  </rdf:Description>
  <rdf:Description rdf:about="http://dbpedia.org/resource/Portrait_of_Madame_Marie-Louise_Trudaine">
    <dcterms:subject rdf:resource="http://dbpedia.org/resource/Category:18th-century_portraits" />
  </rdf:Description>
  <rdf:Description rdf:about="http://dbpedia.org/resource/The_Blue_Boy">
    <dcterms:subject rdf:resource="http://dbpedia.org/resource/Category:18th-century_portraits" />
  </rdf:Description>
  <rdf:Description rdf:about="http://dbpedia.org/resource/Unfinished_portrait_of_General_Bonaparte">
    <dcterms:subject rdf:resource="http://dbpedia.org/resource/Category:18th-century_portraits" />
  </rdf:Description>
  <rdf:Description rdf:about="http://dbpedia.org/resource/Portrait_of_Antoine-Laurent_Lavoisier_and_his_wife">
    <dcterms:subject rdf:resource="http://dbpedia.org/resource/Category:18th-century_portraits" />
  </rdf:Description>
  <rdf:Description rdf:about="http://dbpedia.org/resource/Coffin_portrait">
    <dcterms:subject rdf:resource="http://dbpedia.org/resource/Category:18th-century_portraits" />
  </rdf:Description>
  <rdf:Description rdf:about="http://dbpedia.org/resource/Charles_IV_in_his_Hunting_Clothes">
    <dcterms:subject rdf:resource="http://dbpedia.org/resource/Category:18th-century_portraits" />
  </rdf:Description>
  <rdf:Description rdf:about="http://dbpedia.org/resource/Portrait_of_Anne_Hathaway">
    <dcterms:subject rdf:resource="http://dbpedia.org/resource/Category:18th-century_portraits" />
  </rdf:Description>
  <rdf:Description rdf:about="http://dbpedia.org/resource/Hell&#39;s_Kitchen_(painting)">
    <dcterms:subject rdf:resource="http://dbpedia.org/resource/Category:18th-century_portraits" />
  </rdf:Description>
  <rdf:Description rdf:about="http://wikidata.dbpedia.org/resource/Q8123101">
    <owl:sameAs rdf:resource="http://dbpedia.org/resource/Category:18th-century_portraits" />
  </rdf:Description>
</rdf:RDF>
