<?xml version="1.0" encoding="utf-8" ?>
<rdf:RDF
	xmlns:rdf="http://www.w3.org/1999/02/22-rdf-syntax-ns#"
	xmlns:rdfs="http://www.w3.org/2000/01/rdf-schema#"
	xmlns:owl="http://www.w3.org/2002/07/owl#"
	xmlns:dcterms="http://purl.org/dc/terms/"
	xmlns:dbpedia-owl="http://dbpedia.org/ontology/"
	xmlns:skos="http://www.w3.org/2004/02/skos/core#"
	xmlns:ns6="http://www.w3.org/ns/prov#" >
  <rdf:Description rdf:about="http://dbpedia.org/resource/May_Night_(Willard_Metcalf_painting)">
    <dcterms:subject rdf:resource="http://dbpedia.org/resource/Category:1906_paintings" />
  </rdf:Description>
  <rdf:Description rdf:about="http://dbpedia.org/resource/Category:1906_paintings">
    <rdf:type rdf:resource="http://www.w3.org/2004/02/skos/core#Concept" />
    <owl:sameAs rdf:resource="http://da.dbpedia.org/resource/Kategori:Malerier_fra_1906" />
    <owl:sameAs rdf:resource="http://tr.dbpedia.org/resource/Kategori:1906_tabloları" />
    <owl:sameAs rdf:resource="http://pt.dbpedia.org/resource/Categoria:Pinturas_de_1906" />
    <owl:sameAs rdf:resource="http://dbpedia.org/resource/Category:1906_paintings" />
    <owl:sameAs rdf:resource="http://www.wikidata.org/entity/Q8125425" />
    <dbpedia-owl:wikiPageID rdf:datatype="http://www.w3.org/2001/XMLSchema#integer">10355352</dbpedia-owl:wikiPageID>
    <dbpedia-owl:wikiPageRevisionID rdf:datatype="http://www.w3.org/2001/XMLSchema#integer">547008878</dbpedia-owl:wikiPageRevisionID>
    <rdfs:label xml:lang="en">1906 paintings</rdfs:label>
    <skos:prefLabel xml:lang="en">1906 paintings</skos:prefLabel>
    <ns6:wasDerivedFrom rdf:resource="http://en.wikipedia.org/wiki/Category:1906_paintings?oldid=547008878" />
  </rdf:Description>
  <rdf:Description rdf:about="http://dbpedia.org/resource/Le_bonheur_de_vivre">
    <dcterms:subject rdf:resource="http://dbpedia.org/resource/Category:1906_paintings" />
  </rdf:Description>
  <rdf:Description rdf:about="http://pt.dbpedia.org/resource/Categoria:Pinturas_de_1906">
    <owl:sameAs rdf:resource="http://dbpedia.org/resource/Category:1906_paintings" />
  </rdf:Description>
  <rdf:Description rdf:about="http://dbpedia.org/resource/Picasso&#39;s_Rose_Period">
    <dcterms:subject rdf:resource="http://dbpedia.org/resource/Category:1906_paintings" />
  </rdf:Description>
  <rdf:Description rdf:about="http://dbpedia.org/resource/Self-Portrait_in_a_Striped_T-shirt">
    <dcterms:subject rdf:resource="http://dbpedia.org/resource/Category:1906_paintings" />
  </rdf:Description>
  <rdf:Description rdf:about="http://dbpedia.org/resource/Boy_Leading_a_Horse">
    <dcterms:subject rdf:resource="http://dbpedia.org/resource/Category:1906_paintings" />
  </rdf:Description>
  <rdf:Description rdf:about="http://dbpedia.org/resource/The_Young_Sailor_II">
    <dcterms:subject rdf:resource="http://dbpedia.org/resource/Category:1906_paintings" />
  </rdf:Description>
  <rdf:Description rdf:about="http://dbpedia.org/resource/Great_Scene_of_Agony">
    <dcterms:subject rdf:resource="http://dbpedia.org/resource/Category:1906_paintings" />
  </rdf:Description>
  <rdf:Description rdf:about="http://wikidata.dbpedia.org/resource/Q8125425">
    <owl:sameAs rdf:resource="http://dbpedia.org/resource/Category:1906_paintings" />
  </rdf:Description>
  <rdf:Description rdf:about="http://da.dbpedia.org/resource/Kategori:Malerier_fra_1906">
    <owl:sameAs rdf:resource="http://dbpedia.org/resource/Category:1906_paintings" />
  </rdf:Description>
  <rdf:Description rdf:about="http://tr.dbpedia.org/resource/Kategori:1906_tabloları">
    <owl:sameAs rdf:resource="http://dbpedia.org/resource/Category:1906_paintings" />
  </rdf:Description>
</rdf:RDF>
