<?xml version="1.0" encoding="utf-8" ?>
<rdf:RDF
	xmlns:rdf="http://www.w3.org/1999/02/22-rdf-syntax-ns#"
	xmlns:rdfs="http://www.w3.org/2000/01/rdf-schema#"
	xmlns:owl="http://www.w3.org/2002/07/owl#"
	xmlns:dcterms="http://purl.org/dc/terms/"
	xmlns:dbpedia-owl="http://dbpedia.org/ontology/"
	xmlns:skos="http://www.w3.org/2004/02/skos/core#"
	xmlns:ns6="http://www.w3.org/ns/prov#" >
  <rdf:Description rdf:about="http://dbpedia.org/resource/Category:1901_paintings">
    <rdf:type rdf:resource="http://www.w3.org/2004/02/skos/core#Concept" />
    <owl:sameAs rdf:resource="http://www.wikidata.org/entity/Q8124017" />
    <owl:sameAs rdf:resource="http://uk.dbpedia.org/resource/Категорія:Картини_1901_року" />
    <owl:sameAs rdf:resource="http://dbpedia.org/resource/Category:1901_paintings" />
    <owl:sameAs rdf:resource="http://ru.dbpedia.org/resource/Категория:Картины_1901_года" />
    <owl:sameAs rdf:resource="http://pt.dbpedia.org/resource/Categoria:Pinturas_de_1901" />
    <dbpedia-owl:wikiPageID rdf:datatype="http://www.w3.org/2001/XMLSchema#integer">5530739</dbpedia-owl:wikiPageID>
    <dbpedia-owl:wikiPageRevisionID rdf:datatype="http://www.w3.org/2001/XMLSchema#integer">546922777</dbpedia-owl:wikiPageRevisionID>
    <rdfs:label xml:lang="en">1901 paintings</rdfs:label>
    <skos:prefLabel xml:lang="en">1901 paintings</skos:prefLabel>
    <ns6:wasDerivedFrom rdf:resource="http://en.wikipedia.org/wiki/Category:1901_paintings?oldid=546922777" />
  </rdf:Description>
  <rdf:Description rdf:about="http://dbpedia.org/resource/Portrait_of_Leslie_W._Miller">
    <dcterms:subject rdf:resource="http://dbpedia.org/resource/Category:1901_paintings" />
  </rdf:Description>
  <rdf:Description rdf:about="http://dbpedia.org/resource/Beneath_the_Snow_Encumbered_Branches">
    <dcterms:subject rdf:resource="http://dbpedia.org/resource/Category:1901_paintings" />
  </rdf:Description>
  <rdf:Description rdf:about="http://ru.dbpedia.org/resource/Категория:Картины_1901_года">
    <owl:sameAs rdf:resource="http://dbpedia.org/resource/Category:1901_paintings" />
  </rdf:Description>
  <rdf:Description rdf:about="http://dbpedia.org/resource/The_Fourth_Estate_(painting)">
    <dcterms:subject rdf:resource="http://dbpedia.org/resource/Category:1901_paintings" />
  </rdf:Description>
  <rdf:Description rdf:about="http://dbpedia.org/resource/Hay_Harvest_at_%C3%89ragny">
    <dcterms:subject rdf:resource="http://dbpedia.org/resource/Category:1901_paintings" />
  </rdf:Description>
  <rdf:Description rdf:about="http://dbpedia.org/resource/Ramon_Casas_and_Pere_Romeu_in_an_Automobile">
    <dcterms:subject rdf:resource="http://dbpedia.org/resource/Category:1901_paintings" />
  </rdf:Description>
  <rdf:Description rdf:about="http://dbpedia.org/resource/Charing_Cross_Bridge_series_(Monet)">
    <dcterms:subject rdf:resource="http://dbpedia.org/resource/Category:1901_paintings" />
  </rdf:Description>
  <rdf:Description rdf:about="http://dbpedia.org/resource/Judith_and_the_Head_of_Holofernes">
    <dcterms:subject rdf:resource="http://dbpedia.org/resource/Category:1901_paintings" />
  </rdf:Description>
  <rdf:Description rdf:about="http://dbpedia.org/resource/Portrait_of_Jamie_Sabartes">
    <dcterms:subject rdf:resource="http://dbpedia.org/resource/Category:1901_paintings" />
  </rdf:Description>
  <rdf:Description rdf:about="http://wikidata.dbpedia.org/resource/Q8124017">
    <owl:sameAs rdf:resource="http://dbpedia.org/resource/Category:1901_paintings" />
  </rdf:Description>
  <rdf:Description rdf:about="http://pt.dbpedia.org/resource/Categoria:Pinturas_de_1901">
    <owl:sameAs rdf:resource="http://dbpedia.org/resource/Category:1901_paintings" />
  </rdf:Description>
  <rdf:Description rdf:about="http://uk.dbpedia.org/resource/Категорія:Картини_1901_року">
    <owl:sameAs rdf:resource="http://dbpedia.org/resource/Category:1901_paintings" />
  </rdf:Description>
</rdf:RDF>
