<?xml version="1.0" encoding="utf-8" ?>
<rdf:RDF
	xmlns:rdf="http://www.w3.org/1999/02/22-rdf-syntax-ns#"
	xmlns:rdfs="http://www.w3.org/2000/01/rdf-schema#"
	xmlns:owl="http://www.w3.org/2002/07/owl#"
	xmlns:dcterms="http://purl.org/dc/terms/"
	xmlns:dbpedia-owl="http://dbpedia.org/ontology/"
	xmlns:skos="http://www.w3.org/2004/02/skos/core#"
	xmlns:ns6="http://www.w3.org/ns/prov#" >
  <rdf:Description rdf:about="http://dbpedia.org/resource/Category:1910_paintings">
    <rdf:type rdf:resource="http://www.w3.org/2004/02/skos/core#Concept" />
    <owl:sameAs rdf:resource="http://pt.dbpedia.org/resource/Categoria:Pinturas_de_1910" />
    <owl:sameAs rdf:resource="http://www.wikidata.org/entity/Q8126630" />
    <owl:sameAs rdf:resource="http://uk.dbpedia.org/resource/Категорія:Картини_1910_року" />
    <owl:sameAs rdf:resource="http://zh.dbpedia.org/resource/Category:1910年畫作" />
    <owl:sameAs rdf:resource="http://fr.dbpedia.org/resource/Catégorie:Tableau_réalisé_en_1910" />
    <owl:sameAs rdf:resource="http://ru.dbpedia.org/resource/Категория:Картины_1910_года" />
    <owl:sameAs rdf:resource="http://dbpedia.org/resource/Category:1910_paintings" />
    <dbpedia-owl:wikiPageID rdf:datatype="http://www.w3.org/2001/XMLSchema#integer">5618756</dbpedia-owl:wikiPageID>
    <dbpedia-owl:wikiPageRevisionID rdf:datatype="http://www.w3.org/2001/XMLSchema#integer">546924740</dbpedia-owl:wikiPageRevisionID>
    <rdfs:label xml:lang="en">1910 paintings</rdfs:label>
    <skos:prefLabel xml:lang="en">1910 paintings</skos:prefLabel>
    <ns6:wasDerivedFrom rdf:resource="http://en.wikipedia.org/wiki/Category:1910_paintings?oldid=546924740" />
  </rdf:Description>
  <rdf:Description rdf:about="http://dbpedia.org/resource/Nude_(Renoir,_Belgrade,_1910)">
    <dcterms:subject rdf:resource="http://dbpedia.org/resource/Category:1910_paintings" />
  </rdf:Description>
  <rdf:Description rdf:about="http://dbpedia.org/resource/The_City_Rises_(Boccioni)">
    <dcterms:subject rdf:resource="http://dbpedia.org/resource/Category:1910_paintings" />
  </rdf:Description>
  <rdf:Description rdf:about="http://dbpedia.org/resource/Music_(Matisse)">
    <dcterms:subject rdf:resource="http://dbpedia.org/resource/Category:1910_paintings" />
  </rdf:Description>
  <rdf:Description rdf:about="http://dbpedia.org/resource/The_Dream_(Rousseau_painting)">
    <dcterms:subject rdf:resource="http://dbpedia.org/resource/Category:1910_paintings" />
  </rdf:Description>
  <rdf:Description rdf:about="http://ru.dbpedia.org/resource/Категория:Картины_1910_года">
    <owl:sameAs rdf:resource="http://dbpedia.org/resource/Category:1910_paintings" />
  </rdf:Description>
  <rdf:Description rdf:about="http://dbpedia.org/resource/Landscape_Near_Figueras">
    <dcterms:subject rdf:resource="http://dbpedia.org/resource/Category:1910_paintings" />
  </rdf:Description>
  <rdf:Description rdf:about="http://dbpedia.org/resource/Dance_(Matisse)">
    <dcterms:subject rdf:resource="http://dbpedia.org/resource/Category:1910_paintings" />
  </rdf:Description>
  <rdf:Description rdf:about="http://fr.dbpedia.org/resource/Catégorie:Tableau_réalisé_en_1910">
    <owl:sameAs rdf:resource="http://dbpedia.org/resource/Category:1910_paintings" />
  </rdf:Description>
  <rdf:Description rdf:about="http://dbpedia.org/resource/Mandola_(painting)">
    <dcterms:subject rdf:resource="http://dbpedia.org/resource/Category:1910_paintings" />
  </rdf:Description>
  <rdf:Description rdf:about="http://dbpedia.org/resource/Portrait_de_Daniel_Henry_Kahnweiler">
    <dcterms:subject rdf:resource="http://dbpedia.org/resource/Category:1910_paintings" />
  </rdf:Description>
  <rdf:Description rdf:about="http://dbpedia.org/resource/Portrait_of_Ambroise_Vollard">
    <dcterms:subject rdf:resource="http://dbpedia.org/resource/Category:1910_paintings" />
  </rdf:Description>
  <rdf:Description rdf:about="http://dbpedia.org/resource/Self_Portrait_with_Model">
    <dcterms:subject rdf:resource="http://dbpedia.org/resource/Category:1910_paintings" />
  </rdf:Description>
  <rdf:Description rdf:about="http://wikidata.dbpedia.org/resource/Q8126630">
    <owl:sameAs rdf:resource="http://dbpedia.org/resource/Category:1910_paintings" />
  </rdf:Description>
  <rdf:Description rdf:about="http://pt.dbpedia.org/resource/Categoria:Pinturas_de_1910">
    <owl:sameAs rdf:resource="http://dbpedia.org/resource/Category:1910_paintings" />
  </rdf:Description>
  <rdf:Description rdf:about="http://zh.dbpedia.org/resource/Category:1910年畫作">
    <owl:sameAs rdf:resource="http://dbpedia.org/resource/Category:1910_paintings" />
  </rdf:Description>
  <rdf:Description rdf:about="http://uk.dbpedia.org/resource/Категорія:Картини_1910_року">
    <owl:sameAs rdf:resource="http://dbpedia.org/resource/Category:1910_paintings" />
  </rdf:Description>
</rdf:RDF>
