<?xml version="1.0" encoding="utf-8" ?>
<rdf:RDF
	xmlns:rdf="http://www.w3.org/1999/02/22-rdf-syntax-ns#"
	xmlns:rdfs="http://www.w3.org/2000/01/rdf-schema#"
	xmlns:owl="http://www.w3.org/2002/07/owl#"
	xmlns:dcterms="http://purl.org/dc/terms/"
	xmlns:dbpedia-owl="http://dbpedia.org/ontology/"
	xmlns:skos="http://www.w3.org/2004/02/skos/core#"
	xmlns:ns6="http://www.w3.org/ns/prov#" >
  <rdf:Description rdf:about="http://dbpedia.org/resource/Category:1914_paintings">
    <rdf:type rdf:resource="http://www.w3.org/2004/02/skos/core#Concept" />
    <owl:sameAs rdf:resource="http://fr.dbpedia.org/resource/Catégorie:Tableau_réalisé_en_1914" />
    <owl:sameAs rdf:resource="http://dbpedia.org/resource/Category:1914_paintings" />
    <owl:sameAs rdf:resource="http://ru.dbpedia.org/resource/Категория:Картины_1914_года" />
    <owl:sameAs rdf:resource="http://www.wikidata.org/entity/Q8128367" />
    <owl:sameAs rdf:resource="http://pt.dbpedia.org/resource/Categoria:Pinturas_de_1914" />
    <dbpedia-owl:wikiPageID rdf:datatype="http://www.w3.org/2001/XMLSchema#integer">5530698</dbpedia-owl:wikiPageID>
    <dbpedia-owl:wikiPageRevisionID rdf:datatype="http://www.w3.org/2001/XMLSchema#integer">546921650</dbpedia-owl:wikiPageRevisionID>
    <rdfs:label xml:lang="en">1914 paintings</rdfs:label>
    <skos:prefLabel xml:lang="en">1914 paintings</skos:prefLabel>
    <ns6:wasDerivedFrom rdf:resource="http://en.wikipedia.org/wiki/Category:1914_paintings?oldid=546921650" />
  </rdf:Description>
  <rdf:Description rdf:about="http://dbpedia.org/resource/View_of_Notre-Dame">
    <dcterms:subject rdf:resource="http://dbpedia.org/resource/Category:1914_paintings" />
  </rdf:Description>
  <rdf:Description rdf:about="http://dbpedia.org/resource/Woman_on_a_High_Stool">
    <dcterms:subject rdf:resource="http://dbpedia.org/resource/Category:1914_paintings" />
  </rdf:Description>
  <rdf:Description rdf:about="http://pt.dbpedia.org/resource/Categoria:Pinturas_de_1914">
    <owl:sameAs rdf:resource="http://dbpedia.org/resource/Category:1914_paintings" />
  </rdf:Description>
  <rdf:Description rdf:about="http://dbpedia.org/resource/In_the_Water">
    <dcterms:subject rdf:resource="http://dbpedia.org/resource/Category:1914_paintings" />
  </rdf:Description>
  <rdf:Description rdf:about="http://dbpedia.org/resource/Gare_Montparnasse_(The_Melancholy_of_Departure)">
    <dcterms:subject rdf:resource="http://dbpedia.org/resource/Category:1914_paintings" />
  </rdf:Description>
  <rdf:Description rdf:about="http://dbpedia.org/resource/The_Song_of_Love">
    <dcterms:subject rdf:resource="http://dbpedia.org/resource/Category:1914_paintings" />
  </rdf:Description>
  <rdf:Description rdf:about="http://dbpedia.org/resource/The_Bride_of_the_Wind">
    <dcterms:subject rdf:resource="http://dbpedia.org/resource/Category:1914_paintings" />
  </rdf:Description>
  <rdf:Description rdf:about="http://ru.dbpedia.org/resource/Категория:Картины_1914_года">
    <owl:sameAs rdf:resource="http://dbpedia.org/resource/Category:1914_paintings" />
  </rdf:Description>
  <rdf:Description rdf:about="http://dbpedia.org/resource/The_Mud_Bath">
    <dcterms:subject rdf:resource="http://dbpedia.org/resource/Category:1914_paintings" />
  </rdf:Description>
  <rdf:Description rdf:about="http://dbpedia.org/resource/Ma_Jolie_(Picasso,_1914)">
    <dcterms:subject rdf:resource="http://dbpedia.org/resource/Category:1914_paintings" />
  </rdf:Description>
  <rdf:Description rdf:about="http://fr.dbpedia.org/resource/Catégorie:Tableau_réalisé_en_1914">
    <owl:sameAs rdf:resource="http://dbpedia.org/resource/Category:1914_paintings" />
  </rdf:Description>
  <rdf:Description rdf:about="http://dbpedia.org/resource/Landscape_with_Cows_and_Camel">
    <dcterms:subject rdf:resource="http://dbpedia.org/resource/Category:1914_paintings" />
  </rdf:Description>
  <rdf:Description rdf:about="http://dbpedia.org/resource/Portrait_of_Patience_Escalier">
    <dcterms:subject rdf:resource="http://dbpedia.org/resource/Category:1914_paintings" />
  </rdf:Description>
  <rdf:Description rdf:about="http://dbpedia.org/resource/Improvization_Painting">
    <dcterms:subject rdf:resource="http://dbpedia.org/resource/Category:1914_paintings" />
  </rdf:Description>
  <rdf:Description rdf:about="http://dbpedia.org/resource/Peasant_Family">
    <dcterms:subject rdf:resource="http://dbpedia.org/resource/Category:1914_paintings" />
  </rdf:Description>
  <rdf:Description rdf:about="http://wikidata.dbpedia.org/resource/Q8128367">
    <owl:sameAs rdf:resource="http://dbpedia.org/resource/Category:1914_paintings" />
  </rdf:Description>
</rdf:RDF>
