<?xml version="1.0" encoding="utf-8" ?>
<rdf:RDF
	xmlns:rdf="http://www.w3.org/1999/02/22-rdf-syntax-ns#"
	xmlns:rdfs="http://www.w3.org/2000/01/rdf-schema#"
	xmlns:owl="http://www.w3.org/2002/07/owl#"
	xmlns:dcterms="http://purl.org/dc/terms/"
	xmlns:dbpedia-owl="http://dbpedia.org/ontology/"
	xmlns:skos="http://www.w3.org/2004/02/skos/core#"
	xmlns:ns6="http://www.w3.org/ns/prov#" >
  <rdf:Description rdf:about="http://dbpedia.org/resource/Le_pigeon_aux_petits_pois">
    <dcterms:subject rdf:resource="http://dbpedia.org/resource/Category:1911_paintings" />
  </rdf:Description>
  <rdf:Description rdf:about="http://dbpedia.org/resource/The_Street_Enters_the_House">
    <dcterms:subject rdf:resource="http://dbpedia.org/resource/Category:1911_paintings" />
  </rdf:Description>
  <rdf:Description rdf:about="http://pt.dbpedia.org/resource/Categoria:Pinturas_de_1911">
    <owl:sameAs rdf:resource="http://dbpedia.org/resource/Category:1911_paintings" />
  </rdf:Description>
  <rdf:Description rdf:about="http://dbpedia.org/resource/The_Funeral_of_the_Anarchist_Galli">
    <dcterms:subject rdf:resource="http://dbpedia.org/resource/Category:1911_paintings" />
  </rdf:Description>
  <rdf:Description rdf:about="http://dbpedia.org/resource/The_Accordionist">
    <dcterms:subject rdf:resource="http://dbpedia.org/resource/Category:1911_paintings" />
  </rdf:Description>
  <rdf:Description rdf:about="http://dbpedia.org/resource/I_and_the_Village">
    <dcterms:subject rdf:resource="http://dbpedia.org/resource/Category:1911_paintings" />
  </rdf:Description>
  <rdf:Description rdf:about="http://dbpedia.org/resource/L&#39;Atelier_Rouge">
    <dcterms:subject rdf:resource="http://dbpedia.org/resource/Category:1911_paintings" />
  </rdf:Description>
  <rdf:Description rdf:about="http://dbpedia.org/resource/Category:1911_paintings">
    <rdf:type rdf:resource="http://www.w3.org/2004/02/skos/core#Concept" />
    <owl:sameAs rdf:resource="http://www.wikidata.org/entity/Q8127346" />
    <owl:sameAs rdf:resource="http://ru.dbpedia.org/resource/Категория:Картины_1911_года" />
    <owl:sameAs rdf:resource="http://fr.dbpedia.org/resource/Catégorie:Tableau_réalisé_en_1911" />
    <owl:sameAs rdf:resource="http://dbpedia.org/resource/Category:1911_paintings" />
    <owl:sameAs rdf:resource="http://pt.dbpedia.org/resource/Categoria:Pinturas_de_1911" />
    <dbpedia-owl:wikiPageID rdf:datatype="http://www.w3.org/2001/XMLSchema#integer">5530720</dbpedia-owl:wikiPageID>
    <dbpedia-owl:wikiPageRevisionID rdf:datatype="http://www.w3.org/2001/XMLSchema#integer">546922745</dbpedia-owl:wikiPageRevisionID>
    <rdfs:label xml:lang="en">1911 paintings</rdfs:label>
    <skos:prefLabel xml:lang="en">1911 paintings</skos:prefLabel>
    <ns6:wasDerivedFrom rdf:resource="http://en.wikipedia.org/wiki/Category:1911_paintings?oldid=546922745" />
  </rdf:Description>
  <rdf:Description rdf:about="http://dbpedia.org/resource/Blue_Horses">
    <dcterms:subject rdf:resource="http://dbpedia.org/resource/Category:1911_paintings" />
  </rdf:Description>
  <rdf:Description rdf:about="http://fr.dbpedia.org/resource/Catégorie:Tableau_réalisé_en_1911">
    <owl:sameAs rdf:resource="http://dbpedia.org/resource/Category:1911_paintings" />
  </rdf:Description>
  <rdf:Description rdf:about="http://ru.dbpedia.org/resource/Категория:Картины_1911_года">
    <owl:sameAs rdf:resource="http://dbpedia.org/resource/Category:1911_paintings" />
  </rdf:Description>
  <rdf:Description rdf:about="http://dbpedia.org/resource/La_Femme_au_Cheval">
    <dcterms:subject rdf:resource="http://dbpedia.org/resource/Category:1911_paintings" />
  </rdf:Description>
  <rdf:Description rdf:about="http://dbpedia.org/resource/Le_go%C3%BBter_(Tea_Time)">
    <dcterms:subject rdf:resource="http://dbpedia.org/resource/Category:1911_paintings" />
  </rdf:Description>
  <rdf:Description rdf:about="http://dbpedia.org/resource/The_Enigma_of_the_Hour">
    <dcterms:subject rdf:resource="http://dbpedia.org/resource/Category:1911_paintings" />
  </rdf:Description>
  <rdf:Description rdf:about="http://dbpedia.org/resource/The_Self_Seers_(Death_and_Man)">
    <dcterms:subject rdf:resource="http://dbpedia.org/resource/Category:1911_paintings" />
  </rdf:Description>
  <rdf:Description rdf:about="http://dbpedia.org/resource/Modern_Idol">
    <dcterms:subject rdf:resource="http://dbpedia.org/resource/Category:1911_paintings" />
  </rdf:Description>
  <rdf:Description rdf:about="http://dbpedia.org/resource/Sunset_at_Sea">
    <dcterms:subject rdf:resource="http://dbpedia.org/resource/Category:1911_paintings" />
  </rdf:Description>
  <rdf:Description rdf:about="http://wikidata.dbpedia.org/resource/Q8127346">
    <owl:sameAs rdf:resource="http://dbpedia.org/resource/Category:1911_paintings" />
  </rdf:Description>
</rdf:RDF>
