<?xml version="1.0" encoding="utf-8" ?>
<rdf:RDF
	xmlns:rdf="http://www.w3.org/1999/02/22-rdf-syntax-ns#"
	xmlns:rdfs="http://www.w3.org/2000/01/rdf-schema#"
	xmlns:owl="http://www.w3.org/2002/07/owl#"
	xmlns:dcterms="http://purl.org/dc/terms/"
	xmlns:dbpedia-owl="http://dbpedia.org/ontology/"
	xmlns:skos="http://www.w3.org/2004/02/skos/core#"
	xmlns:ns6="http://www.w3.org/ns/prov#" >
  <rdf:Description rdf:about="http://dbpedia.org/resource/Vilabertran_(Dal%C3%AD)">
    <dcterms:subject rdf:resource="http://dbpedia.org/resource/Category:1913_paintings" />
  </rdf:Description>
  <rdf:Description rdf:about="http://pt.dbpedia.org/resource/Categoria:Pinturas_de_1913">
    <owl:sameAs rdf:resource="http://dbpedia.org/resource/Category:1913_paintings" />
  </rdf:Description>
  <rdf:Description rdf:about="http://dbpedia.org/resource/Le_R%C3%AAve_Transform%C3%A9">
    <dcterms:subject rdf:resource="http://dbpedia.org/resource/Category:1913_paintings" />
  </rdf:Description>
  <rdf:Description rdf:about="http://dbpedia.org/resource/Self-Portrait_with_Seven_Fingers">
    <dcterms:subject rdf:resource="http://dbpedia.org/resource/Category:1913_paintings" />
  </rdf:Description>
  <rdf:Description rdf:about="http://dbpedia.org/resource/Category:1913_paintings">
    <rdf:type rdf:resource="http://www.w3.org/2004/02/skos/core#Concept" />
    <owl:sameAs rdf:resource="http://fr.dbpedia.org/resource/Catégorie:Tableau_réalisé_en_1913" />
    <owl:sameAs rdf:resource="http://www.wikidata.org/entity/Q8128050" />
    <owl:sameAs rdf:resource="http://dbpedia.org/resource/Category:1913_paintings" />
    <owl:sameAs rdf:resource="http://pt.dbpedia.org/resource/Categoria:Pinturas_de_1913" />
    <dbpedia-owl:wikiPageID rdf:datatype="http://www.w3.org/2001/XMLSchema#integer">5642459</dbpedia-owl:wikiPageID>
    <dbpedia-owl:wikiPageRevisionID rdf:datatype="http://www.w3.org/2001/XMLSchema#integer">546925951</dbpedia-owl:wikiPageRevisionID>
    <rdfs:label xml:lang="en">1913 paintings</rdfs:label>
    <skos:prefLabel xml:lang="en">1913 paintings</skos:prefLabel>
    <ns6:wasDerivedFrom rdf:resource="http://en.wikipedia.org/wiki/Category:1913_paintings?oldid=546925951" />
  </rdf:Description>
  <rdf:Description rdf:about="http://dbpedia.org/resource/The_Blue_Kitchen">
    <dcterms:subject rdf:resource="http://dbpedia.org/resource/Category:1913_paintings" />
  </rdf:Description>
  <rdf:Description rdf:about="http://dbpedia.org/resource/Cliff_Dwellers_(painting)">
    <dcterms:subject rdf:resource="http://dbpedia.org/resource/Category:1913_paintings" />
  </rdf:Description>
  <rdf:Description rdf:about="http://dbpedia.org/resource/The_Tower_of_Blue_Horses">
    <dcterms:subject rdf:resource="http://dbpedia.org/resource/Category:1913_paintings" />
  </rdf:Description>
  <rdf:Description rdf:about="http://fr.dbpedia.org/resource/Catégorie:Tableau_réalisé_en_1913">
    <owl:sameAs rdf:resource="http://dbpedia.org/resource/Category:1913_paintings" />
  </rdf:Description>
  <rdf:Description rdf:about="http://dbpedia.org/resource/Composition_VII">
    <dcterms:subject rdf:resource="http://dbpedia.org/resource/Category:1913_paintings" />
  </rdf:Description>
  <rdf:Description rdf:about="http://dbpedia.org/resource/Bathing_Girls_with_Town_in_the_Background">
    <dcterms:subject rdf:resource="http://dbpedia.org/resource/Category:1913_paintings" />
  </rdf:Description>
  <rdf:Description rdf:about="http://dbpedia.org/resource/Portrait_of_Madame_Matisse">
    <dcterms:subject rdf:resource="http://dbpedia.org/resource/Category:1913_paintings" />
  </rdf:Description>
  <rdf:Description rdf:about="http://dbpedia.org/resource/Woman_in_a_Green_Jacket">
    <dcterms:subject rdf:resource="http://dbpedia.org/resource/Category:1913_paintings" />
  </rdf:Description>
  <rdf:Description rdf:about="http://wikidata.dbpedia.org/resource/Q8128050">
    <owl:sameAs rdf:resource="http://dbpedia.org/resource/Category:1913_paintings" />
  </rdf:Description>
</rdf:RDF>
