<?xml version="1.0" encoding="utf-8" ?>
<rdf:RDF
	xmlns:rdf="http://www.w3.org/1999/02/22-rdf-syntax-ns#"
	xmlns:rdfs="http://www.w3.org/2000/01/rdf-schema#"
	xmlns:owl="http://www.w3.org/2002/07/owl#"
	xmlns:dcterms="http://purl.org/dc/terms/"
	xmlns:dbpedia-owl="http://dbpedia.org/ontology/"
	xmlns:skos="http://www.w3.org/2004/02/skos/core#"
	xmlns:ns6="http://www.w3.org/ns/prov#" >
  <rdf:Description rdf:about="http://pt.dbpedia.org/resource/Categoria:Pinturas_de_1928">
    <owl:sameAs rdf:resource="http://dbpedia.org/resource/Category:1928_paintings" />
  </rdf:Description>
  <rdf:Description rdf:about="http://dbpedia.org/resource/The_Empty_Mask">
    <dcterms:subject rdf:resource="http://dbpedia.org/resource/Category:1928_paintings" />
  </rdf:Description>
  <rdf:Description rdf:about="http://dbpedia.org/resource/Tower_of_Babel_(M._C._Escher)">
    <dcterms:subject rdf:resource="http://dbpedia.org/resource/Category:1928_paintings" />
  </rdf:Description>
  <rdf:Description rdf:about="http://dbpedia.org/resource/Category:1928_paintings">
    <rdf:type rdf:resource="http://www.w3.org/2004/02/skos/core#Concept" />
    <owl:sameAs rdf:resource="http://pt.dbpedia.org/resource/Categoria:Pinturas_de_1928" />
    <owl:sameAs rdf:resource="http://dbpedia.org/resource/Category:1928_paintings" />
    <owl:sameAs rdf:resource="http://uk.dbpedia.org/resource/Категорія:Картини_1928_року" />
    <owl:sameAs rdf:resource="http://www.wikidata.org/entity/Q8133472" />
    <dbpedia-owl:wikiPageID rdf:datatype="http://www.w3.org/2001/XMLSchema#integer">5525517</dbpedia-owl:wikiPageID>
    <dbpedia-owl:wikiPageRevisionID rdf:datatype="http://www.w3.org/2001/XMLSchema#integer">546922939</dbpedia-owl:wikiPageRevisionID>
    <rdfs:label xml:lang="en">1928 paintings</rdfs:label>
    <skos:prefLabel xml:lang="en">1928 paintings</skos:prefLabel>
    <ns6:wasDerivedFrom rdf:resource="http://en.wikipedia.org/wiki/Category:1928_paintings?oldid=546922939" />
  </rdf:Description>
  <rdf:Description rdf:about="http://dbpedia.org/resource/The_Fossil_Hunters">
    <dcterms:subject rdf:resource="http://dbpedia.org/resource/Category:1928_paintings" />
  </rdf:Description>
  <rdf:Description rdf:about="http://dbpedia.org/resource/Abstract_Head">
    <dcterms:subject rdf:resource="http://dbpedia.org/resource/Category:1928_paintings" />
  </rdf:Description>
  <rdf:Description rdf:about="http://dbpedia.org/resource/Abaporu">
    <dcterms:subject rdf:resource="http://dbpedia.org/resource/Category:1928_paintings" />
  </rdf:Description>
  <rdf:Description rdf:about="http://dbpedia.org/resource/I_Saw_the_Figure_5_in_Gold">
    <dcterms:subject rdf:resource="http://dbpedia.org/resource/Category:1928_paintings" />
  </rdf:Description>
  <rdf:Description rdf:about="http://dbpedia.org/resource/Dutch_Interior_I">
    <dcterms:subject rdf:resource="http://dbpedia.org/resource/Category:1928_paintings" />
  </rdf:Description>
  <rdf:Description rdf:about="http://wikidata.dbpedia.org/resource/Q8133472">
    <owl:sameAs rdf:resource="http://dbpedia.org/resource/Category:1928_paintings" />
  </rdf:Description>
  <rdf:Description rdf:about="http://uk.dbpedia.org/resource/Категорія:Картини_1928_року">
    <owl:sameAs rdf:resource="http://dbpedia.org/resource/Category:1928_paintings" />
  </rdf:Description>
</rdf:RDF>
