<?xml version="1.0" encoding="utf-8" ?>
<rdf:RDF
	xmlns:rdf="http://www.w3.org/1999/02/22-rdf-syntax-ns#"
	xmlns:rdfs="http://www.w3.org/2000/01/rdf-schema#"
	xmlns:owl="http://www.w3.org/2002/07/owl#"
	xmlns:dcterms="http://purl.org/dc/terms/"
	xmlns:dbpedia-owl="http://dbpedia.org/ontology/"
	xmlns:skos="http://www.w3.org/2004/02/skos/core#"
	xmlns:ns6="http://www.w3.org/ns/prov#" >
  <rdf:Description rdf:about="http://dbpedia.org/resource/Daybreak_(painting)">
    <dcterms:subject rdf:resource="http://dbpedia.org/resource/Category:1922_paintings" />
  </rdf:Description>
  <rdf:Description rdf:about="http://dbpedia.org/resource/The_Farm_(Mir%C3%B3)">
    <dcterms:subject rdf:resource="http://dbpedia.org/resource/Category:1922_paintings" />
  </rdf:Description>
  <rdf:Description rdf:about="http://dbpedia.org/resource/Category:1922_paintings">
    <rdf:type rdf:resource="http://www.w3.org/2004/02/skos/core#Concept" />
    <owl:sameAs rdf:resource="http://dbpedia.org/resource/Category:1922_paintings" />
    <owl:sameAs rdf:resource="http://www.wikidata.org/entity/Q8131260" />
    <owl:sameAs rdf:resource="http://ru.dbpedia.org/resource/Категория:Картины_1922_года" />
    <owl:sameAs rdf:resource="http://uk.dbpedia.org/resource/Категорія:Картини_1922_року" />
    <dbpedia-owl:wikiPageID rdf:datatype="http://www.w3.org/2001/XMLSchema#integer">5525743</dbpedia-owl:wikiPageID>
    <dbpedia-owl:wikiPageRevisionID rdf:datatype="http://www.w3.org/2001/XMLSchema#integer">546922766</dbpedia-owl:wikiPageRevisionID>
    <rdfs:label xml:lang="en">1922 paintings</rdfs:label>
    <skos:prefLabel xml:lang="en">1922 paintings</skos:prefLabel>
    <ns6:wasDerivedFrom rdf:resource="http://en.wikipedia.org/wiki/Category:1922_paintings?oldid=546922766" />
  </rdf:Description>
  <rdf:Description rdf:about="http://dbpedia.org/resource/Cabaret_Scene">
    <dcterms:subject rdf:resource="http://dbpedia.org/resource/Category:1922_paintings" />
  </rdf:Description>
  <rdf:Description rdf:about="http://dbpedia.org/resource/Twittering_Machine">
    <dcterms:subject rdf:resource="http://dbpedia.org/resource/Category:1922_paintings" />
  </rdf:Description>
  <rdf:Description rdf:about="http://dbpedia.org/resource/The_Prodigal_Son_(Giorgio_de_Chirico)">
    <dcterms:subject rdf:resource="http://dbpedia.org/resource/Category:1922_paintings" />
  </rdf:Description>
  <rdf:Description rdf:about="http://dbpedia.org/resource/Two_women_running_on_the_beach">
    <dcterms:subject rdf:resource="http://dbpedia.org/resource/Category:1922_paintings" />
  </rdf:Description>
  <rdf:Description rdf:about="http://wikidata.dbpedia.org/resource/Q7780504">
    <owl:sameAs rdf:resource="http://dbpedia.org/resource/Category:1922_paintings" />
  </rdf:Description>
  <rdf:Description rdf:about="http://ru.dbpedia.org/resource/Категория:Картины_1922_года">
    <owl:sameAs rdf:resource="http://dbpedia.org/resource/Category:1922_paintings" />
  </rdf:Description>
  <rdf:Description rdf:about="http://uk.dbpedia.org/resource/Категорія:Картини_1922_року">
    <owl:sameAs rdf:resource="http://dbpedia.org/resource/Category:1922_paintings" />
  </rdf:Description>
</rdf:RDF>
