<?xml version="1.0" encoding="utf-8" ?>
<rdf:RDF
	xmlns:rdf="http://www.w3.org/1999/02/22-rdf-syntax-ns#"
	xmlns:rdfs="http://www.w3.org/2000/01/rdf-schema#"
	xmlns:owl="http://www.w3.org/2002/07/owl#"
	xmlns:dcterms="http://purl.org/dc/terms/"
	xmlns:dbpedia-owl="http://dbpedia.org/ontology/"
	xmlns:skos="http://www.w3.org/2004/02/skos/core#"
	xmlns:ns6="http://www.w3.org/ns/prov#" >
  <rdf:Description rdf:about="http://dbpedia.org/resource/The_Elephant_Celebes">
    <dcterms:subject rdf:resource="http://dbpedia.org/resource/Category:1921_paintings" />
  </rdf:Description>
  <rdf:Description rdf:about="http://dbpedia.org/resource/Category:1921_paintings">
    <rdf:type rdf:resource="http://www.w3.org/2004/02/skos/core#Concept" />
    <owl:sameAs rdf:resource="http://uk.dbpedia.org/resource/Категорія:Картини_1921_року" />
    <owl:sameAs rdf:resource="http://pt.dbpedia.org/resource/Categoria:Pinturas_de_1921" />
    <owl:sameAs rdf:resource="http://ru.dbpedia.org/resource/Категория:Картины_1921_года" />
    <owl:sameAs rdf:resource="http://dbpedia.org/resource/Category:1921_paintings" />
    <owl:sameAs rdf:resource="http://www.wikidata.org/entity/Q8130914" />
    <dbpedia-owl:wikiPageID rdf:datatype="http://www.w3.org/2001/XMLSchema#integer">5618673</dbpedia-owl:wikiPageID>
    <dbpedia-owl:wikiPageRevisionID rdf:datatype="http://www.w3.org/2001/XMLSchema#integer">546925896</dbpedia-owl:wikiPageRevisionID>
    <rdfs:label xml:lang="en">1921 paintings</rdfs:label>
    <skos:prefLabel xml:lang="en">1921 paintings</skos:prefLabel>
    <ns6:wasDerivedFrom rdf:resource="http://en.wikipedia.org/wiki/Category:1921_paintings?oldid=546925896" />
  </rdf:Description>
  <rdf:Description rdf:about="http://dbpedia.org/resource/Tableau_I">
    <dcterms:subject rdf:resource="http://dbpedia.org/resource/Category:1921_paintings" />
  </rdf:Description>
  <rdf:Description rdf:about="http://dbpedia.org/resource/5x5=25">
    <dcterms:subject rdf:resource="http://dbpedia.org/resource/Category:1921_paintings" />
  </rdf:Description>
  <rdf:Description rdf:about="http://dbpedia.org/resource/Three_Musicians">
    <dcterms:subject rdf:resource="http://dbpedia.org/resource/Category:1921_paintings" />
  </rdf:Description>
  <rdf:Description rdf:about="http://dbpedia.org/resource/The_Engineer&#39;s_Lover">
    <dcterms:subject rdf:resource="http://dbpedia.org/resource/Category:1921_paintings" />
  </rdf:Description>
  <rdf:Description rdf:about="http://dbpedia.org/resource/Girl_at_Sewing_Machine">
    <dcterms:subject rdf:resource="http://dbpedia.org/resource/Category:1921_paintings" />
  </rdf:Description>
  <rdf:Description rdf:about="http://dbpedia.org/resource/Reading_the_Letter_(Picasso)">
    <dcterms:subject rdf:resource="http://dbpedia.org/resource/Category:1921_paintings" />
  </rdf:Description>
  <rdf:Description rdf:about="http://ru.dbpedia.org/resource/Категория:Картины_1921_года">
    <owl:sameAs rdf:resource="http://dbpedia.org/resource/Category:1921_paintings" />
  </rdf:Description>
  <rdf:Description rdf:about="http://dbpedia.org/resource/Three_Women_(Fernand_Leger)">
    <dcterms:subject rdf:resource="http://dbpedia.org/resource/Category:1921_paintings" />
  </rdf:Description>
  <rdf:Description rdf:about="http://dbpedia.org/resource/Man_and_Woman_(Fernand_L%C3%A9ger)">
    <dcterms:subject rdf:resource="http://dbpedia.org/resource/Category:1921_paintings" />
  </rdf:Description>
  <rdf:Description rdf:about="http://wikidata.dbpedia.org/resource/Q8130914">
    <owl:sameAs rdf:resource="http://dbpedia.org/resource/Category:1921_paintings" />
  </rdf:Description>
  <rdf:Description rdf:about="http://pt.dbpedia.org/resource/Categoria:Pinturas_de_1921">
    <owl:sameAs rdf:resource="http://dbpedia.org/resource/Category:1921_paintings" />
  </rdf:Description>
  <rdf:Description rdf:about="http://uk.dbpedia.org/resource/Категорія:Картини_1921_року">
    <owl:sameAs rdf:resource="http://dbpedia.org/resource/Category:1921_paintings" />
  </rdf:Description>
</rdf:RDF>
