<?xml version="1.0" encoding="utf-8" ?>
<rdf:RDF
	xmlns:rdf="http://www.w3.org/1999/02/22-rdf-syntax-ns#"
	xmlns:rdfs="http://www.w3.org/2000/01/rdf-schema#"
	xmlns:owl="http://www.w3.org/2002/07/owl#"
	xmlns:dcterms="http://purl.org/dc/terms/"
	xmlns:dbpedia-owl="http://dbpedia.org/ontology/"
	xmlns:skos="http://www.w3.org/2004/02/skos/core#"
	xmlns:ns6="http://www.w3.org/ns/prov#" >
  <rdf:Description rdf:about="http://ru.dbpedia.org/resource/Категория:Картины_1935_года">
    <owl:sameAs rdf:resource="http://dbpedia.org/resource/Category:1935_paintings" />
  </rdf:Description>
  <rdf:Description rdf:about="http://dbpedia.org/resource/Hand_with_Reflecting_Sphere">
    <dcterms:subject rdf:resource="http://dbpedia.org/resource/Category:1935_paintings" />
  </rdf:Description>
  <rdf:Description rdf:about="http://dbpedia.org/resource/The_Portrait_(painting)">
    <dcterms:subject rdf:resource="http://dbpedia.org/resource/Category:1935_paintings" />
  </rdf:Description>
  <rdf:Description rdf:about="http://dbpedia.org/resource/The_Human_Condition_(painting)">
    <dcterms:subject rdf:resource="http://dbpedia.org/resource/Category:1935_paintings" />
  </rdf:Description>
  <rdf:Description rdf:about="http://dbpedia.org/resource/Jeune_Fille_Endormie">
    <dcterms:subject rdf:resource="http://dbpedia.org/resource/Category:1935_paintings" />
  </rdf:Description>
  <rdf:Description rdf:about="http://dbpedia.org/resource/Category:1935_paintings">
    <rdf:type rdf:resource="http://www.w3.org/2004/02/skos/core#Concept" />
    <owl:sameAs rdf:resource="http://ru.dbpedia.org/resource/Категория:Картины_1935_года" />
    <owl:sameAs rdf:resource="http://www.wikidata.org/entity/Q8136771" />
    <owl:sameAs rdf:resource="http://dbpedia.org/resource/Category:1935_paintings" />
    <dbpedia-owl:wikiPageID rdf:datatype="http://www.w3.org/2001/XMLSchema#integer">5647155</dbpedia-owl:wikiPageID>
    <dbpedia-owl:wikiPageRevisionID rdf:datatype="http://www.w3.org/2001/XMLSchema#integer">546924708</dbpedia-owl:wikiPageRevisionID>
    <rdfs:label xml:lang="en">1935 paintings</rdfs:label>
    <skos:prefLabel xml:lang="en">1935 paintings</skos:prefLabel>
    <ns6:wasDerivedFrom rdf:resource="http://en.wikipedia.org/wiki/Category:1935_paintings?oldid=546924708" />
  </rdf:Description>
  <rdf:Description rdf:about="http://dbpedia.org/resource/Man_and_Woman_in_Front_of_a_Pile_of_Excrement">
    <dcterms:subject rdf:resource="http://dbpedia.org/resource/Category:1935_paintings" />
  </rdf:Description>
  <rdf:Description rdf:about="http://dbpedia.org/resource/Metamorphosis_(Mir%C3%B3)">
    <dcterms:subject rdf:resource="http://dbpedia.org/resource/Category:1935_paintings" />
  </rdf:Description>
  <rdf:Description rdf:about="http://dbpedia.org/resource/Three_Girls_(painting)">
    <dcterms:subject rdf:resource="http://dbpedia.org/resource/Category:1935_paintings" />
  </rdf:Description>
  <rdf:Description rdf:about="http://dbpedia.org/resource/Reflections_(Dove)">
    <dcterms:subject rdf:resource="http://dbpedia.org/resource/Category:1935_paintings" />
  </rdf:Description>
  <rdf:Description rdf:about="http://wikidata.dbpedia.org/resource/Q8136771">
    <owl:sameAs rdf:resource="http://dbpedia.org/resource/Category:1935_paintings" />
  </rdf:Description>
</rdf:RDF>
