<?xml version="1.0" encoding="utf-8" ?>
<rdf:RDF
	xmlns:rdf="http://www.w3.org/1999/02/22-rdf-syntax-ns#"
	xmlns:rdfs="http://www.w3.org/2000/01/rdf-schema#"
	xmlns:owl="http://www.w3.org/2002/07/owl#"
	xmlns:dcterms="http://purl.org/dc/terms/"
	xmlns:dbpedia-owl="http://dbpedia.org/ontology/"
	xmlns:skos="http://www.w3.org/2004/02/skos/core#"
	xmlns:ns6="http://www.w3.org/ns/prov#" >
  <rdf:Description rdf:about="http://dbpedia.org/resource/Category:1930s_paintings">
    <rdf:type rdf:resource="http://www.w3.org/2004/02/skos/core#Concept" />
    <owl:sameAs rdf:resource="http://he.dbpedia.org/resource/קטגוריה:ציורים_משנות_ה-30_של_המאה_ה-20" />
    <owl:sameAs rdf:resource="http://no.dbpedia.org/resource/Kategori:Malerier_fra_1930-årene" />
    <owl:sameAs rdf:resource="http://ko.dbpedia.org/resource/분류:1930년대_회화_작품" />
    <owl:sameAs rdf:resource="http://dbpedia.org/resource/Category:1930s_paintings" />
    <owl:sameAs rdf:resource="http://fr.dbpedia.org/resource/Catégorie:Tableau_des_années_1930" />
    <owl:sameAs rdf:resource="http://www.wikidata.org/entity/Q8134790" />
    <dbpedia-owl:wikiPageID rdf:datatype="http://www.w3.org/2001/XMLSchema#integer">5616159</dbpedia-owl:wikiPageID>
    <dbpedia-owl:wikiPageRevisionID rdf:datatype="http://www.w3.org/2001/XMLSchema#integer">546924707</dbpedia-owl:wikiPageRevisionID>
    <rdfs:label xml:lang="en">1930s paintings</rdfs:label>
    <skos:prefLabel xml:lang="en">1930s paintings</skos:prefLabel>
    <ns6:wasDerivedFrom rdf:resource="http://en.wikipedia.org/wiki/Category:1930s_paintings?oldid=546924707" />
  </rdf:Description>
  <rdf:Description rdf:about="http://fr.dbpedia.org/resource/Catégorie:Tableau_des_années_1930">
    <owl:sameAs rdf:resource="http://dbpedia.org/resource/Category:1930s_paintings" />
  </rdf:Description>
  <rdf:Description rdf:about="http://ko.dbpedia.org/resource/분류:1930년대_회화_작품">
    <owl:sameAs rdf:resource="http://dbpedia.org/resource/Category:1930s_paintings" />
  </rdf:Description>
  <rdf:Description rdf:about="http://dbpedia.org/resource/Man_at_the_Crossroads">
    <dcterms:subject rdf:resource="http://dbpedia.org/resource/Category:1930s_paintings" />
  </rdf:Description>
  <rdf:Description rdf:about="http://wikidata.dbpedia.org/resource/Q8134790">
    <owl:sameAs rdf:resource="http://dbpedia.org/resource/Category:1930s_paintings" />
  </rdf:Description>
  <rdf:Description rdf:about="http://he.dbpedia.org/resource/קטגוריה:ציורים_משנות_ה-30_של_המאה_ה-20">
    <owl:sameAs rdf:resource="http://dbpedia.org/resource/Category:1930s_paintings" />
  </rdf:Description>
  <rdf:Description rdf:about="http://no.dbpedia.org/resource/Kategori:Malerier_fra_1930-årene">
    <owl:sameAs rdf:resource="http://dbpedia.org/resource/Category:1930s_paintings" />
  </rdf:Description>
</rdf:RDF>
