<?xml version="1.0" encoding="utf-8" ?>
<rdf:RDF
	xmlns:rdf="http://www.w3.org/1999/02/22-rdf-syntax-ns#"
	xmlns:rdfs="http://www.w3.org/2000/01/rdf-schema#"
	xmlns:owl="http://www.w3.org/2002/07/owl#"
	xmlns:dcterms="http://purl.org/dc/terms/"
	xmlns:dbpedia-owl="http://dbpedia.org/ontology/"
	xmlns:skos="http://www.w3.org/2004/02/skos/core#"
	xmlns:ns6="http://www.w3.org/ns/prov#" >
  <rdf:Description rdf:about="http://dbpedia.org/resource/Still_Life_with_Old_Shoe">
    <dcterms:subject rdf:resource="http://dbpedia.org/resource/Category:1937_paintings" />
  </rdf:Description>
  <rdf:Description rdf:about="http://dbpedia.org/resource/Yellow_Odalisque">
    <dcterms:subject rdf:resource="http://dbpedia.org/resource/Category:1937_paintings" />
  </rdf:Description>
  <rdf:Description rdf:about="http://dbpedia.org/resource/On_the_Threshold_of_Liberty">
    <dcterms:subject rdf:resource="http://dbpedia.org/resource/Category:1937_paintings" />
  </rdf:Description>
  <rdf:Description rdf:about="http://dbpedia.org/resource/Guernica_(painting)">
    <dcterms:subject rdf:resource="http://dbpedia.org/resource/Category:1937_paintings" />
  </rdf:Description>
  <rdf:Description rdf:about="http://dbpedia.org/resource/Metamorphosis_I">
    <dcterms:subject rdf:resource="http://dbpedia.org/resource/Category:1937_paintings" />
  </rdf:Description>
  <rdf:Description rdf:about="http://ko.dbpedia.org/resource/분류:1937년_회화_작품">
    <owl:sameAs rdf:resource="http://dbpedia.org/resource/Category:1937_paintings" />
  </rdf:Description>
  <rdf:Description rdf:about="http://ru.dbpedia.org/resource/Категория:Картины_1937_года">
    <owl:sameAs rdf:resource="http://dbpedia.org/resource/Category:1937_paintings" />
  </rdf:Description>
  <rdf:Description rdf:about="http://dbpedia.org/resource/Not_to_be_Reproduced">
    <dcterms:subject rdf:resource="http://dbpedia.org/resource/Category:1937_paintings" />
  </rdf:Description>
  <rdf:Description rdf:about="http://dbpedia.org/resource/Robe_violette_et_An%C3%A9mones">
    <dcterms:subject rdf:resource="http://dbpedia.org/resource/Category:1937_paintings" />
  </rdf:Description>
  <rdf:Description rdf:about="http://dbpedia.org/resource/Composition_with_Still_Life">
    <dcterms:subject rdf:resource="http://dbpedia.org/resource/Category:1937_paintings" />
  </rdf:Description>
  <rdf:Description rdf:about="http://dbpedia.org/resource/The_Weeping_Woman">
    <dcterms:subject rdf:resource="http://dbpedia.org/resource/Category:1937_paintings" />
  </rdf:Description>
  <rdf:Description rdf:about="http://dbpedia.org/resource/Category:1937_paintings">
    <rdf:type rdf:resource="http://www.w3.org/2004/02/skos/core#Concept" />
    <owl:sameAs rdf:resource="http://ru.dbpedia.org/resource/Категория:Картины_1937_года" />
    <owl:sameAs rdf:resource="http://uk.dbpedia.org/resource/Категорія:Картини_1937_року" />
    <owl:sameAs rdf:resource="http://www.wikidata.org/entity/Q8137692" />
    <owl:sameAs rdf:resource="http://lv.dbpedia.org/resource/Kategorija:1937._gada_gleznas" />
    <owl:sameAs rdf:resource="http://pt.dbpedia.org/resource/Categoria:Pinturas_de_1937" />
    <owl:sameAs rdf:resource="http://no.dbpedia.org/resource/Kategori:Malerier_fra_1937" />
    <owl:sameAs rdf:resource="http://tr.dbpedia.org/resource/Kategori:1937_tabloları" />
    <owl:sameAs rdf:resource="http://dbpedia.org/resource/Category:1937_paintings" />
    <owl:sameAs rdf:resource="http://ko.dbpedia.org/resource/분류:1937년_회화_작품" />
    <dbpedia-owl:wikiPageID rdf:datatype="http://www.w3.org/2001/XMLSchema#integer">5405542</dbpedia-owl:wikiPageID>
    <dbpedia-owl:wikiPageRevisionID rdf:datatype="http://www.w3.org/2001/XMLSchema#integer">546920302</dbpedia-owl:wikiPageRevisionID>
    <rdfs:label xml:lang="en">1937 paintings</rdfs:label>
    <skos:prefLabel xml:lang="en">1937 paintings</skos:prefLabel>
    <ns6:wasDerivedFrom rdf:resource="http://en.wikipedia.org/wiki/Category:1937_paintings?oldid=546920302" />
  </rdf:Description>
  <rdf:Description rdf:about="http://dbpedia.org/resource/Metamorphosis_of_Narcissus">
    <dcterms:subject rdf:resource="http://dbpedia.org/resource/Category:1937_paintings" />
  </rdf:Description>
  <rdf:Description rdf:about="http://dbpedia.org/resource/Swans_Reflecting_Elephants">
    <dcterms:subject rdf:resource="http://dbpedia.org/resource/Category:1937_paintings" />
  </rdf:Description>
  <rdf:Description rdf:about="http://dbpedia.org/resource/The_Burning_Giraffe">
    <dcterms:subject rdf:resource="http://dbpedia.org/resource/Category:1937_paintings" />
  </rdf:Description>
  <rdf:Description rdf:about="http://dbpedia.org/resource/Woman_in_a_Purple_Coat">
    <dcterms:subject rdf:resource="http://dbpedia.org/resource/Category:1937_paintings" />
  </rdf:Description>
  <rdf:Description rdf:about="http://dbpedia.org/resource/Woman_in_Hat_and_Fur_Collar">
    <dcterms:subject rdf:resource="http://dbpedia.org/resource/Category:1937_paintings" />
  </rdf:Description>
  <rdf:Description rdf:about="http://dbpedia.org/resource/The_Reaper_(Mir%C3%B3_painting)">
    <dcterms:subject rdf:resource="http://dbpedia.org/resource/Category:1937_paintings" />
  </rdf:Description>
  <rdf:Description rdf:about="http://dbpedia.org/resource/Self-portrait_of_a_&#39;Degenerate_Artist&#39;">
    <dcterms:subject rdf:resource="http://dbpedia.org/resource/Category:1937_paintings" />
  </rdf:Description>
  <rdf:Description rdf:about="http://wikidata.dbpedia.org/resource/Q8137692">
    <owl:sameAs rdf:resource="http://dbpedia.org/resource/Category:1937_paintings" />
  </rdf:Description>
  <rdf:Description rdf:about="http://pt.dbpedia.org/resource/Categoria:Pinturas_de_1937">
    <owl:sameAs rdf:resource="http://dbpedia.org/resource/Category:1937_paintings" />
  </rdf:Description>
  <rdf:Description rdf:about="http://lv.dbpedia.org/resource/Kategorija:1937._gada_gleznas">
    <owl:sameAs rdf:resource="http://dbpedia.org/resource/Category:1937_paintings" />
  </rdf:Description>
  <rdf:Description rdf:about="http://no.dbpedia.org/resource/Kategori:Malerier_fra_1937">
    <owl:sameAs rdf:resource="http://dbpedia.org/resource/Category:1937_paintings" />
  </rdf:Description>
  <rdf:Description rdf:about="http://tr.dbpedia.org/resource/Kategori:1937_tabloları">
    <owl:sameAs rdf:resource="http://dbpedia.org/resource/Category:1937_paintings" />
  </rdf:Description>
  <rdf:Description rdf:about="http://uk.dbpedia.org/resource/Категорія:Картини_1937_року">
    <owl:sameAs rdf:resource="http://dbpedia.org/resource/Category:1937_paintings" />
  </rdf:Description>
</rdf:RDF>
