<?xml version="1.0" encoding="utf-8" ?>
<rdf:RDF
	xmlns:rdf="http://www.w3.org/1999/02/22-rdf-syntax-ns#"
	xmlns:rdfs="http://www.w3.org/2000/01/rdf-schema#"
	xmlns:owl="http://www.w3.org/2002/07/owl#"
	xmlns:dcterms="http://purl.org/dc/terms/"
	xmlns:dbpedia-owl="http://dbpedia.org/ontology/"
	xmlns:skos="http://www.w3.org/2004/02/skos/core#"
	xmlns:ns6="http://www.w3.org/ns/prov#" >
  <rdf:Description rdf:about="http://dbpedia.org/resource/Category:1931_in_art">
    <rdf:type rdf:resource="http://www.w3.org/2004/02/skos/core#Concept" />
    <owl:sameAs rdf:resource="http://dbpedia.org/resource/Category:1931_in_art" />
    <owl:sameAs rdf:resource="http://www.wikidata.org/entity/Q8135104" />
    <owl:sameAs rdf:resource="http://no.dbpedia.org/resource/Kategori:Kunst_og_kultur_i_1931" />
    <dbpedia-owl:wikiPageID rdf:datatype="http://www.w3.org/2001/XMLSchema#integer">35238760</dbpedia-owl:wikiPageID>
    <dbpedia-owl:wikiPageRevisionID rdf:datatype="http://www.w3.org/2001/XMLSchema#integer">484173572</dbpedia-owl:wikiPageRevisionID>
    <skos:broader rdf:resource="http://dbpedia.org/resource/Category:1931" />
    <skos:broader rdf:resource="http://dbpedia.org/resource/Category:Years_of_the_20th_century_in_art" />
    <rdfs:label xml:lang="en">1931 in art</rdfs:label>
    <skos:prefLabel xml:lang="en">1931 in art</skos:prefLabel>
    <ns6:wasDerivedFrom rdf:resource="http://en.wikipedia.org/wiki/Category:1931_in_art?oldid=484173572" />
  </rdf:Description>
  <rdf:Description rdf:about="http://dbpedia.org/resource/Category:1931_in_comics">
    <skos:broader rdf:resource="http://dbpedia.org/resource/Category:1931_in_art" />
  </rdf:Description>
  <rdf:Description rdf:about="http://dbpedia.org/resource/1931_in_art">
    <dcterms:subject rdf:resource="http://dbpedia.org/resource/Category:1931_in_art" />
  </rdf:Description>
  <rdf:Description rdf:about="http://dbpedia.org/resource/1931_in_fine_arts_of_the_Soviet_Union">
    <dcterms:subject rdf:resource="http://dbpedia.org/resource/Category:1931_in_art" />
  </rdf:Description>
  <rdf:Description rdf:about="http://dbpedia.org/resource/Category:Art_museums_established_in_1931">
    <skos:broader rdf:resource="http://dbpedia.org/resource/Category:1931_in_art" />
  </rdf:Description>
  <rdf:Description rdf:about="http://dbpedia.org/resource/Category:1931_sculptures">
    <skos:broader rdf:resource="http://dbpedia.org/resource/Category:1931_in_art" />
  </rdf:Description>
  <rdf:Description rdf:about="http://dbpedia.org/resource/Soviet_sale_of_Hermitage_paintings">
    <dcterms:subject rdf:resource="http://dbpedia.org/resource/Category:1931_in_art" />
  </rdf:Description>
  <rdf:Description rdf:about="http://wikidata.dbpedia.org/resource/Q8135104">
    <owl:sameAs rdf:resource="http://dbpedia.org/resource/Category:1931_in_art" />
  </rdf:Description>
  <rdf:Description rdf:about="http://no.dbpedia.org/resource/Kategori:Kunst_og_kultur_i_1931">
    <owl:sameAs rdf:resource="http://dbpedia.org/resource/Category:1931_in_art" />
  </rdf:Description>
</rdf:RDF>
