<?xml version="1.0" encoding="utf-8" ?>
<rdf:RDF
	xmlns:rdf="http://www.w3.org/1999/02/22-rdf-syntax-ns#"
	xmlns:rdfs="http://www.w3.org/2000/01/rdf-schema#"
	xmlns:owl="http://www.w3.org/2002/07/owl#"
	xmlns:dcterms="http://purl.org/dc/terms/"
	xmlns:dbpedia-owl="http://dbpedia.org/ontology/"
	xmlns:skos="http://www.w3.org/2004/02/skos/core#"
	xmlns:ns6="http://www.w3.org/ns/prov#" >
  <rdf:Description rdf:about="http://dbpedia.org/resource/Category:1931_in_Russia">
    <skos:broader rdf:resource="http://dbpedia.org/resource/Category:1931_in_the_Soviet_Union" />
  </rdf:Description>
  <rdf:Description rdf:about="http://dbpedia.org/resource/Category:1931_in_the_Soviet_Union">
    <rdf:type rdf:resource="http://www.w3.org/2004/02/skos/core#Concept" />
    <owl:sameAs rdf:resource="http://ru.dbpedia.org/resource/Категория:1931_год_в_СССР" />
    <owl:sameAs rdf:resource="http://dbpedia.org/resource/Category:1931_in_the_Soviet_Union" />
    <owl:sameAs rdf:resource="http://www.wikidata.org/entity/Q8135172" />
    <owl:sameAs rdf:resource="http://no.dbpedia.org/resource/Kategori:1931_i_Sovjetunionen" />
    <owl:sameAs rdf:resource="http://fa.dbpedia.org/resource/رده:اتحاد_جماهیر_شوروی_سوسیالیستی_در_۱۹۳۱_(میلادی)" />
    <owl:sameAs rdf:resource="http://ko.dbpedia.org/resource/분류:1931년_소비에트_연방" />
    <owl:sameAs rdf:resource="http://he.dbpedia.org/resource/קטגוריה:1931_בברית_המועצות" />
    <owl:sameAs rdf:resource="http://fr.dbpedia.org/resource/Catégorie:1931_en_Union_soviétique" />
    <dbpedia-owl:wikiPageID rdf:datatype="http://www.w3.org/2001/XMLSchema#integer">23620971</dbpedia-owl:wikiPageID>
    <dbpedia-owl:wikiPageRevisionID rdf:datatype="http://www.w3.org/2001/XMLSchema#integer">546740500</dbpedia-owl:wikiPageRevisionID>
    <skos:broader rdf:resource="http://dbpedia.org/resource/Category:1930s_in_the_Soviet_Union" />
    <skos:broader rdf:resource="http://dbpedia.org/resource/Category:1931_in_Europe" />
    <skos:broader rdf:resource="http://dbpedia.org/resource/Category:1931_in_Asia" />
    <rdfs:label xml:lang="en">1931 in the Soviet Union</rdfs:label>
    <skos:prefLabel xml:lang="en">1931 in the Soviet Union</skos:prefLabel>
    <ns6:wasDerivedFrom rdf:resource="http://en.wikipedia.org/wiki/Category:1931_in_the_Soviet_Union?oldid=546740500" />
  </rdf:Description>
  <rdf:Description rdf:about="http://ru.dbpedia.org/resource/Категория:1931_год_в_СССР">
    <owl:sameAs rdf:resource="http://dbpedia.org/resource/Category:1931_in_the_Soviet_Union" />
  </rdf:Description>
  <rdf:Description rdf:about="http://dbpedia.org/resource/1931_in_fine_arts_of_the_Soviet_Union">
    <dcterms:subject rdf:resource="http://dbpedia.org/resource/Category:1931_in_the_Soviet_Union" />
  </rdf:Description>
  <rdf:Description rdf:about="http://dbpedia.org/resource/Soviet_sale_of_Hermitage_paintings">
    <dcterms:subject rdf:resource="http://dbpedia.org/resource/Category:1931_in_the_Soviet_Union" />
  </rdf:Description>
  <rdf:Description rdf:about="http://dbpedia.org/resource/Case_of_the_Union_of_Liberation_of_Belarus">
    <dcterms:subject rdf:resource="http://dbpedia.org/resource/Category:1931_in_the_Soviet_Union" />
  </rdf:Description>
  <rdf:Description rdf:about="http://ko.dbpedia.org/resource/분류:1931년_소비에트_연방">
    <owl:sameAs rdf:resource="http://dbpedia.org/resource/Category:1931_in_the_Soviet_Union" />
  </rdf:Description>
  <rdf:Description rdf:about="http://dbpedia.org/resource/List_of_Soviet_films_of_1931">
    <dcterms:subject rdf:resource="http://dbpedia.org/resource/Category:1931_in_the_Soviet_Union" />
  </rdf:Description>
  <rdf:Description rdf:about="http://dbpedia.org/resource/1931_Zangezur_earthquake">
    <dcterms:subject rdf:resource="http://dbpedia.org/resource/Category:1931_in_the_Soviet_Union" />
  </rdf:Description>
  <rdf:Description rdf:about="http://wikidata.dbpedia.org/resource/Q8135172">
    <owl:sameAs rdf:resource="http://dbpedia.org/resource/Category:1931_in_the_Soviet_Union" />
  </rdf:Description>
  <rdf:Description rdf:about="http://fr.dbpedia.org/resource/Catégorie:1931_en_Union_soviétique">
    <owl:sameAs rdf:resource="http://dbpedia.org/resource/Category:1931_in_the_Soviet_Union" />
  </rdf:Description>
  <rdf:Description rdf:about="http://fa.dbpedia.org/resource/رده:اتحاد_جماهیر_شوروی_سوسیالیستی_در_۱۹۳۱_(میلادی)">
    <owl:sameAs rdf:resource="http://dbpedia.org/resource/Category:1931_in_the_Soviet_Union" />
  </rdf:Description>
  <rdf:Description rdf:about="http://he.dbpedia.org/resource/קטגוריה:1931_בברית_המועצות">
    <owl:sameAs rdf:resource="http://dbpedia.org/resource/Category:1931_in_the_Soviet_Union" />
  </rdf:Description>
  <rdf:Description rdf:about="http://no.dbpedia.org/resource/Kategori:1931_i_Sovjetunionen">
    <owl:sameAs rdf:resource="http://dbpedia.org/resource/Category:1931_in_the_Soviet_Union" />
  </rdf:Description>
</rdf:RDF>
