<?xml version="1.0" encoding="utf-8" ?>
<rdf:RDF
	xmlns:rdf="http://www.w3.org/1999/02/22-rdf-syntax-ns#"
	xmlns:rdfs="http://www.w3.org/2000/01/rdf-schema#"
	xmlns:owl="http://www.w3.org/2002/07/owl#"
	xmlns:dcterms="http://purl.org/dc/terms/"
	xmlns:dbpedia-owl="http://dbpedia.org/ontology/"
	xmlns:skos="http://www.w3.org/2004/02/skos/core#"
	xmlns:ns6="http://www.w3.org/ns/prov#" >
  <rdf:Description rdf:about="http://dbpedia.org/resource/Time_Transfixed">
    <dcterms:subject rdf:resource="http://dbpedia.org/resource/Category:1938_paintings" />
  </rdf:Description>
  <rdf:Description rdf:about="http://dbpedia.org/resource/Category:1938_paintings">
    <rdf:type rdf:resource="http://www.w3.org/2004/02/skos/core#Concept" />
    <owl:sameAs rdf:resource="http://www.wikidata.org/entity/Q8138121" />
    <owl:sameAs rdf:resource="http://dbpedia.org/resource/Category:1938_paintings" />
    <owl:sameAs rdf:resource="http://ru.dbpedia.org/resource/Категория:Картины_1938_года" />
    <dbpedia-owl:wikiPageID rdf:datatype="http://www.w3.org/2001/XMLSchema#integer">5647368</dbpedia-owl:wikiPageID>
    <dbpedia-owl:wikiPageRevisionID rdf:datatype="http://www.w3.org/2001/XMLSchema#integer">546925198</dbpedia-owl:wikiPageRevisionID>
    <rdfs:label xml:lang="en">1938 paintings</rdfs:label>
    <skos:prefLabel xml:lang="en">1938 paintings</skos:prefLabel>
    <ns6:wasDerivedFrom rdf:resource="http://en.wikipedia.org/wiki/Category:1938_paintings?oldid=546925198" />
  </rdf:Description>
  <rdf:Description rdf:about="http://ru.dbpedia.org/resource/Категория:Картины_1938_года">
    <owl:sameAs rdf:resource="http://dbpedia.org/resource/Category:1938_paintings" />
  </rdf:Description>
  <rdf:Description rdf:about="http://dbpedia.org/resource/Maya_with_Doll">
    <dcterms:subject rdf:resource="http://dbpedia.org/resource/Category:1938_paintings" />
  </rdf:Description>
  <rdf:Description rdf:about="http://dbpedia.org/resource/Apparition_of_Face_and_Fruit_Dish_on_a_Beach">
    <dcterms:subject rdf:resource="http://dbpedia.org/resource/Category:1938_paintings" />
  </rdf:Description>
  <rdf:Description rdf:about="http://dbpedia.org/resource/Sky_and_Water_II">
    <dcterms:subject rdf:resource="http://dbpedia.org/resource/Category:1938_paintings" />
  </rdf:Description>
  <rdf:Description rdf:about="http://dbpedia.org/resource/White_Crucifixion">
    <dcterms:subject rdf:resource="http://dbpedia.org/resource/Category:1938_paintings" />
  </rdf:Description>
  <rdf:Description rdf:about="http://dbpedia.org/resource/The_Suicide_of_Dorothy_Hale">
    <dcterms:subject rdf:resource="http://dbpedia.org/resource/Category:1938_paintings" />
  </rdf:Description>
  <rdf:Description rdf:about="http://wikidata.dbpedia.org/resource/Q8138121">
    <owl:sameAs rdf:resource="http://dbpedia.org/resource/Category:1938_paintings" />
  </rdf:Description>
</rdf:RDF>
