<?xml version="1.0" encoding="utf-8" ?>
<rdf:RDF
	xmlns:rdf="http://www.w3.org/1999/02/22-rdf-syntax-ns#"
	xmlns:rdfs="http://www.w3.org/2000/01/rdf-schema#"
	xmlns:owl="http://www.w3.org/2002/07/owl#"
	xmlns:dcterms="http://purl.org/dc/terms/"
	xmlns:dbpedia-owl="http://dbpedia.org/ontology/"
	xmlns:skos="http://www.w3.org/2004/02/skos/core#"
	xmlns:ns6="http://www.w3.org/ns/prov#" >
  <rdf:Description rdf:about="http://dbpedia.org/resource/Category:1939_paintings">
    <rdf:type rdf:resource="http://www.w3.org/2004/02/skos/core#Concept" />
    <owl:sameAs rdf:resource="http://pt.dbpedia.org/resource/Categoria:Pinturas_de_1939" />
    <owl:sameAs rdf:resource="http://dbpedia.org/resource/Category:1939_paintings" />
    <owl:sameAs rdf:resource="http://www.wikidata.org/entity/Q8138499" />
    <dbpedia-owl:wikiPageID rdf:datatype="http://www.w3.org/2001/XMLSchema#integer">11576891</dbpedia-owl:wikiPageID>
    <dbpedia-owl:wikiPageRevisionID rdf:datatype="http://www.w3.org/2001/XMLSchema#integer">547047448</dbpedia-owl:wikiPageRevisionID>
    <rdfs:label xml:lang="en">1939 paintings</rdfs:label>
    <skos:prefLabel xml:lang="en">1939 paintings</skos:prefLabel>
    <ns6:wasDerivedFrom rdf:resource="http://en.wikipedia.org/wiki/Category:1939_paintings?oldid=547047448" />
  </rdf:Description>
  <rdf:Description rdf:about="http://dbpedia.org/resource/Constellations_(Mir%C3%B3)">
    <dcterms:subject rdf:resource="http://dbpedia.org/resource/Category:1939_paintings" />
  </rdf:Description>
  <rdf:Description rdf:about="http://pt.dbpedia.org/resource/Categoria:Pinturas_de_1939">
    <owl:sameAs rdf:resource="http://dbpedia.org/resource/Category:1939_paintings" />
  </rdf:Description>
  <rdf:Description rdf:about="http://dbpedia.org/resource/Put_Down_Your_Whip">
    <dcterms:subject rdf:resource="http://dbpedia.org/resource/Category:1939_paintings" />
  </rdf:Description>
  <rdf:Description rdf:about="http://dbpedia.org/resource/Shirley_Temple,_The_Youngest,_Most_Sacred_Monster_of_the_Cinema_in_Her_Time">
    <dcterms:subject rdf:resource="http://dbpedia.org/resource/Category:1939_paintings" />
  </rdf:Description>
  <rdf:Description rdf:about="http://wikidata.dbpedia.org/resource/Q8138499">
    <owl:sameAs rdf:resource="http://dbpedia.org/resource/Category:1939_paintings" />
  </rdf:Description>
</rdf:RDF>
