<?xml version="1.0" encoding="utf-8" ?>
<rdf:RDF
	xmlns:rdf="http://www.w3.org/1999/02/22-rdf-syntax-ns#"
	xmlns:rdfs="http://www.w3.org/2000/01/rdf-schema#"
	xmlns:owl="http://www.w3.org/2002/07/owl#"
	xmlns:dcterms="http://purl.org/dc/terms/"
	xmlns:dbpedia-owl="http://dbpedia.org/ontology/"
	xmlns:skos="http://www.w3.org/2004/02/skos/core#"
	xmlns:ns6="http://www.w3.org/ns/prov#" >
  <rdf:Description rdf:about="http://dbpedia.org/resource/Category:1949_paintings">
    <rdf:type rdf:resource="http://www.w3.org/2004/02/skos/core#Concept" />
    <owl:sameAs rdf:resource="http://uk.dbpedia.org/resource/Категорія:Картини_1949_року" />
    <owl:sameAs rdf:resource="http://www.wikidata.org/entity/Q8143817" />
    <owl:sameAs rdf:resource="http://pt.dbpedia.org/resource/Categoria:Pinturas_de_1949" />
    <owl:sameAs rdf:resource="http://dbpedia.org/resource/Category:1949_paintings" />
    <owl:sameAs rdf:resource="http://ru.dbpedia.org/resource/Категория:Картины_1949_года" />
    <dbpedia-owl:wikiPageID rdf:datatype="http://www.w3.org/2001/XMLSchema#integer">5424384</dbpedia-owl:wikiPageID>
    <dbpedia-owl:wikiPageRevisionID rdf:datatype="http://www.w3.org/2001/XMLSchema#integer">546920670</dbpedia-owl:wikiPageRevisionID>
    <rdfs:label xml:lang="en">1949 paintings</rdfs:label>
    <skos:prefLabel xml:lang="en">1949 paintings</skos:prefLabel>
    <ns6:wasDerivedFrom rdf:resource="http://en.wikipedia.org/wiki/Category:1949_paintings?oldid=546920670" />
  </rdf:Description>
  <rdf:Description rdf:about="http://dbpedia.org/resource/The_Madonna_of_Port_Lligat">
    <dcterms:subject rdf:resource="http://dbpedia.org/resource/Category:1949_paintings" />
  </rdf:Description>
  <rdf:Description rdf:about="http://ru.dbpedia.org/resource/Категория:Картины_1949_года">
    <owl:sameAs rdf:resource="http://dbpedia.org/resource/Category:1949_paintings" />
  </rdf:Description>
  <rdf:Description rdf:about="http://pt.dbpedia.org/resource/Categoria:Pinturas_de_1949">
    <owl:sameAs rdf:resource="http://dbpedia.org/resource/Category:1949_paintings" />
  </rdf:Description>
  <rdf:Description rdf:about="http://dbpedia.org/resource/Leda_Atomica">
    <dcterms:subject rdf:resource="http://dbpedia.org/resource/Category:1949_paintings" />
  </rdf:Description>
  <rdf:Description rdf:about="http://dbpedia.org/resource/Alicia_Markova_%22The_Dying_Swan%22">
    <dcterms:subject rdf:resource="http://dbpedia.org/resource/Category:1949_paintings" />
  </rdf:Description>
  <rdf:Description rdf:about="http://dbpedia.org/resource/Cartel_de_Don_Juan_Tenorio">
    <dcterms:subject rdf:resource="http://dbpedia.org/resource/Category:1949_paintings" />
  </rdf:Description>
  <rdf:Description rdf:about="http://wikidata.dbpedia.org/resource/Q8143817">
    <owl:sameAs rdf:resource="http://dbpedia.org/resource/Category:1949_paintings" />
  </rdf:Description>
  <rdf:Description rdf:about="http://uk.dbpedia.org/resource/Категорія:Картини_1949_року">
    <owl:sameAs rdf:resource="http://dbpedia.org/resource/Category:1949_paintings" />
  </rdf:Description>
</rdf:RDF>
