<?xml version="1.0" encoding="utf-8" ?>
<rdf:RDF
	xmlns:rdf="http://www.w3.org/1999/02/22-rdf-syntax-ns#"
	xmlns:rdfs="http://www.w3.org/2000/01/rdf-schema#"
	xmlns:owl="http://www.w3.org/2002/07/owl#"
	xmlns:dcterms="http://purl.org/dc/terms/"
	xmlns:dbpedia-owl="http://dbpedia.org/ontology/"
	xmlns:skos="http://www.w3.org/2004/02/skos/core#"
	xmlns:ns6="http://www.w3.org/ns/prov#" >
  <rdf:Description rdf:about="http://dbpedia.org/resource/Category:1945_paintings">
    <rdf:type rdf:resource="http://www.w3.org/2004/02/skos/core#Concept" />
    <owl:sameAs rdf:resource="http://www.wikidata.org/entity/Q8141661" />
    <owl:sameAs rdf:resource="http://uk.dbpedia.org/resource/Категорія:Картини_1945_року" />
    <owl:sameAs rdf:resource="http://dbpedia.org/resource/Category:1945_paintings" />
    <owl:sameAs rdf:resource="http://ru.dbpedia.org/resource/Категория:Картины_1945_года" />
    <dbpedia-owl:wikiPageID rdf:datatype="http://www.w3.org/2001/XMLSchema#integer">5693092</dbpedia-owl:wikiPageID>
    <dbpedia-owl:wikiPageRevisionID rdf:datatype="http://www.w3.org/2001/XMLSchema#integer">546926521</dbpedia-owl:wikiPageRevisionID>
    <rdfs:label xml:lang="en">1945 paintings</rdfs:label>
    <skos:prefLabel xml:lang="en">1945 paintings</skos:prefLabel>
    <ns6:wasDerivedFrom rdf:resource="http://en.wikipedia.org/wiki/Category:1945_paintings?oldid=546926521" />
  </rdf:Description>
  <rdf:Description rdf:about="http://dbpedia.org/resource/Apocalypse_in_Lilac,_Capriccio">
    <dcterms:subject rdf:resource="http://dbpedia.org/resource/Category:1945_paintings" />
  </rdf:Description>
  <rdf:Description rdf:about="http://dbpedia.org/resource/The_Apotheosis_of_Homer_(Dal%C3%AD)">
    <dcterms:subject rdf:resource="http://dbpedia.org/resource/Category:1945_paintings" />
  </rdf:Description>
  <rdf:Description rdf:about="http://dbpedia.org/resource/Unfinished_portrait_of_Franklin_D._Roosevelt">
    <dcterms:subject rdf:resource="http://dbpedia.org/resource/Category:1945_paintings" />
  </rdf:Description>
  <rdf:Description rdf:about="http://ru.dbpedia.org/resource/Категория:Картины_1945_года">
    <owl:sameAs rdf:resource="http://dbpedia.org/resource/Category:1945_paintings" />
  </rdf:Description>
  <rdf:Description rdf:about="http://dbpedia.org/resource/The_Drover&#39;s_Wife">
    <dcterms:subject rdf:resource="http://dbpedia.org/resource/Category:1945_paintings" />
  </rdf:Description>
  <rdf:Description rdf:about="http://dbpedia.org/resource/Basket_of_Bread">
    <dcterms:subject rdf:resource="http://dbpedia.org/resource/Category:1945_paintings" />
  </rdf:Description>
  <rdf:Description rdf:about="http://dbpedia.org/resource/Rooms_for_Tourists">
    <dcterms:subject rdf:resource="http://dbpedia.org/resource/Category:1945_paintings" />
  </rdf:Description>
  <rdf:Description rdf:about="http://wikidata.dbpedia.org/resource/Q8141661">
    <owl:sameAs rdf:resource="http://dbpedia.org/resource/Category:1945_paintings" />
  </rdf:Description>
  <rdf:Description rdf:about="http://uk.dbpedia.org/resource/Категорія:Картини_1945_року">
    <owl:sameAs rdf:resource="http://dbpedia.org/resource/Category:1945_paintings" />
  </rdf:Description>
</rdf:RDF>
