<?xml version="1.0" encoding="utf-8" ?>
<rdf:RDF
	xmlns:rdf="http://www.w3.org/1999/02/22-rdf-syntax-ns#"
	xmlns:rdfs="http://www.w3.org/2000/01/rdf-schema#"
	xmlns:owl="http://www.w3.org/2002/07/owl#"
	xmlns:dcterms="http://purl.org/dc/terms/"
	xmlns:dbpedia-owl="http://dbpedia.org/ontology/"
	xmlns:skos="http://www.w3.org/2004/02/skos/core#"
	xmlns:ns6="http://www.w3.org/ns/prov#" >
  <rdf:Description rdf:about="http://dbpedia.org/resource/Vir_Heroicus_Sublimis">
    <dcterms:subject rdf:resource="http://dbpedia.org/resource/Category:1951_paintings" />
  </rdf:Description>
  <rdf:Description rdf:about="http://dbpedia.org/resource/A_Logician_Devil">
    <dcterms:subject rdf:resource="http://dbpedia.org/resource/Category:1951_paintings" />
  </rdf:Description>
  <rdf:Description rdf:about="http://dbpedia.org/resource/A_Family_(painting)">
    <dcterms:subject rdf:resource="http://dbpedia.org/resource/Category:1951_paintings" />
  </rdf:Description>
  <rdf:Description rdf:about="http://dbpedia.org/resource/Curl-up">
    <dcterms:subject rdf:resource="http://dbpedia.org/resource/Category:1951_paintings" />
  </rdf:Description>
  <rdf:Description rdf:about="http://dbpedia.org/resource/The_History_of_Ranching_(Winn)">
    <dcterms:subject rdf:resource="http://dbpedia.org/resource/Category:1951_paintings" />
  </rdf:Description>
  <rdf:Description rdf:about="http://dbpedia.org/resource/Massacre_in_Korea">
    <dcterms:subject rdf:resource="http://dbpedia.org/resource/Category:1951_paintings" />
  </rdf:Description>
  <rdf:Description rdf:about="http://dbpedia.org/resource/Category:1951_paintings">
    <rdf:type rdf:resource="http://www.w3.org/2004/02/skos/core#Concept" />
    <owl:sameAs rdf:resource="http://pt.dbpedia.org/resource/Categoria:Pinturas_de_1951" />
    <owl:sameAs rdf:resource="http://dbpedia.org/resource/Category:1951_paintings" />
    <owl:sameAs rdf:resource="http://www.wikidata.org/entity/Q9943340" />
    <owl:sameAs rdf:resource="http://tr.dbpedia.org/resource/Kategori:1951_tabloları" />
    <dbpedia-owl:wikiPageID rdf:datatype="http://www.w3.org/2001/XMLSchema#integer">7002163</dbpedia-owl:wikiPageID>
    <dbpedia-owl:wikiPageRevisionID rdf:datatype="http://www.w3.org/2001/XMLSchema#integer">548620130</dbpedia-owl:wikiPageRevisionID>
    <rdfs:label xml:lang="en">1951 paintings</rdfs:label>
    <skos:prefLabel xml:lang="en">1951 paintings</skos:prefLabel>
    <ns6:wasDerivedFrom rdf:resource="http://en.wikipedia.org/wiki/Category:1951_paintings?oldid=548620130" />
  </rdf:Description>
  <rdf:Description rdf:about="http://dbpedia.org/resource/House_of_Stairs">
    <dcterms:subject rdf:resource="http://dbpedia.org/resource/Category:1951_paintings" />
  </rdf:Description>
  <rdf:Description rdf:about="http://dbpedia.org/resource/Christ_of_Saint_John_of_the_Cross">
    <dcterms:subject rdf:resource="http://dbpedia.org/resource/Category:1951_paintings" />
  </rdf:Description>
  <rdf:Description rdf:about="http://dbpedia.org/resource/C%C3%A1rcamo_de_Dolores">
    <dcterms:subject rdf:resource="http://dbpedia.org/resource/Category:1951_paintings" />
  </rdf:Description>
  <rdf:Description rdf:about="http://wikidata.dbpedia.org/resource/Q9943340">
    <owl:sameAs rdf:resource="http://dbpedia.org/resource/Category:1951_paintings" />
  </rdf:Description>
  <rdf:Description rdf:about="http://pt.dbpedia.org/resource/Categoria:Pinturas_de_1951">
    <owl:sameAs rdf:resource="http://dbpedia.org/resource/Category:1951_paintings" />
  </rdf:Description>
  <rdf:Description rdf:about="http://tr.dbpedia.org/resource/Kategori:1951_tabloları">
    <owl:sameAs rdf:resource="http://dbpedia.org/resource/Category:1951_paintings" />
  </rdf:Description>
</rdf:RDF>
