<?xml version="1.0" encoding="utf-8" ?>
<rdf:RDF
	xmlns:rdf="http://www.w3.org/1999/02/22-rdf-syntax-ns#"
	xmlns:rdfs="http://www.w3.org/2000/01/rdf-schema#"
	xmlns:owl="http://www.w3.org/2002/07/owl#"
	xmlns:dcterms="http://purl.org/dc/terms/"
	xmlns:dbpedia-owl="http://dbpedia.org/ontology/"
	xmlns:skos="http://www.w3.org/2004/02/skos/core#"
	xmlns:ns6="http://www.w3.org/ns/prov#" >
  <rdf:Description rdf:about="http://dbpedia.org/resource/Puddle_(M._C._Escher)">
    <dcterms:subject rdf:resource="http://dbpedia.org/resource/Category:1952_paintings" />
  </rdf:Description>
  <rdf:Description rdf:about="http://dbpedia.org/resource/Blue_Poles">
    <dcterms:subject rdf:resource="http://dbpedia.org/resource/Category:1952_paintings" />
  </rdf:Description>
  <rdf:Description rdf:about="http://dbpedia.org/resource/Category:1952_paintings">
    <rdf:type rdf:resource="http://www.w3.org/2004/02/skos/core#Concept" />
    <owl:sameAs rdf:resource="http://www.wikidata.org/entity/Q8146293" />
    <owl:sameAs rdf:resource="http://ru.dbpedia.org/resource/Категория:Картины_1952_года" />
    <owl:sameAs rdf:resource="http://uk.dbpedia.org/resource/Категорія:Картини_1952_року" />
    <owl:sameAs rdf:resource="http://dbpedia.org/resource/Category:1952_paintings" />
    <dbpedia-owl:wikiPageID rdf:datatype="http://www.w3.org/2001/XMLSchema#integer">5642871</dbpedia-owl:wikiPageID>
    <dbpedia-owl:wikiPageRevisionID rdf:datatype="http://www.w3.org/2001/XMLSchema#integer">546924551</dbpedia-owl:wikiPageRevisionID>
    <skos:broader rdf:resource="http://dbpedia.org/resource/Category:1952_in_art" />
    <rdfs:label xml:lang="en">1952 paintings</rdfs:label>
    <skos:prefLabel xml:lang="en">1952 paintings</skos:prefLabel>
    <ns6:wasDerivedFrom rdf:resource="http://en.wikipedia.org/wiki/Category:1952_paintings?oldid=546924551" />
  </rdf:Description>
  <rdf:Description rdf:about="http://dbpedia.org/resource/Galatea_of_the_Spheres">
    <dcterms:subject rdf:resource="http://dbpedia.org/resource/Category:1952_paintings" />
  </rdf:Description>
  <rdf:Description rdf:about="http://dbpedia.org/resource/Blue_Nude_II">
    <dcterms:subject rdf:resource="http://dbpedia.org/resource/Category:1952_paintings" />
  </rdf:Description>
  <rdf:Description rdf:about="http://dbpedia.org/resource/La_N%C3%A9gresse">
    <dcterms:subject rdf:resource="http://dbpedia.org/resource/Category:1952_paintings" />
  </rdf:Description>
  <rdf:Description rdf:about="http://dbpedia.org/resource/The_Sorrows_of_the_King">
    <dcterms:subject rdf:resource="http://dbpedia.org/resource/Category:1952_paintings" />
  </rdf:Description>
  <rdf:Description rdf:about="http://dbpedia.org/resource/On_the_Contrary">
    <dcterms:subject rdf:resource="http://dbpedia.org/resource/Category:1952_paintings" />
  </rdf:Description>
  <rdf:Description rdf:about="http://dbpedia.org/resource/Gravitation_(M._C._Escher)">
    <dcterms:subject rdf:resource="http://dbpedia.org/resource/Category:1952_paintings" />
  </rdf:Description>
  <rdf:Description rdf:about="http://dbpedia.org/resource/The_Listening_Room">
    <dcterms:subject rdf:resource="http://dbpedia.org/resource/Category:1952_paintings" />
  </rdf:Description>
  <rdf:Description rdf:about="http://ru.dbpedia.org/resource/Категория:Картины_1952_года">
    <owl:sameAs rdf:resource="http://dbpedia.org/resource/Category:1952_paintings" />
  </rdf:Description>
  <rdf:Description rdf:about="http://dbpedia.org/resource/Black_Leaf_on_Green_Background">
    <dcterms:subject rdf:resource="http://dbpedia.org/resource/Category:1952_paintings" />
  </rdf:Description>
  <rdf:Description rdf:about="http://dbpedia.org/resource/Study_for_Crouching_Nude">
    <dcterms:subject rdf:resource="http://dbpedia.org/resource/Category:1952_paintings" />
  </rdf:Description>
  <rdf:Description rdf:about="http://dbpedia.org/resource/One_Hundred_Years:_History_of_the_Chinese_in_America">
    <dcterms:subject rdf:resource="http://dbpedia.org/resource/Category:1952_paintings" />
  </rdf:Description>
  <rdf:Description rdf:about="http://dbpedia.org/resource/Hotel_by_a_Railroad">
    <dcterms:subject rdf:resource="http://dbpedia.org/resource/Category:1952_paintings" />
  </rdf:Description>
  <rdf:Description rdf:about="http://wikidata.dbpedia.org/resource/Q8146293">
    <owl:sameAs rdf:resource="http://dbpedia.org/resource/Category:1952_paintings" />
  </rdf:Description>
  <rdf:Description rdf:about="http://uk.dbpedia.org/resource/Категорія:Картини_1952_року">
    <owl:sameAs rdf:resource="http://dbpedia.org/resource/Category:1952_paintings" />
  </rdf:Description>
</rdf:RDF>
