<?xml version="1.0" encoding="utf-8" ?>
<rdf:RDF
	xmlns:rdf="http://www.w3.org/1999/02/22-rdf-syntax-ns#"
	xmlns:rdfs="http://www.w3.org/2000/01/rdf-schema#"
	xmlns:owl="http://www.w3.org/2002/07/owl#"
	xmlns:dcterms="http://purl.org/dc/terms/"
	xmlns:dbpedia-owl="http://dbpedia.org/ontology/"
	xmlns:skos="http://www.w3.org/2004/02/skos/core#"
	xmlns:ns6="http://www.w3.org/ns/prov#" >
  <rdf:Description rdf:about="http://dbpedia.org/resource/The_Mysteries_of_the_Horizon">
    <dcterms:subject rdf:resource="http://dbpedia.org/resource/Category:1955_paintings" />
  </rdf:Description>
  <rdf:Description rdf:about="http://dbpedia.org/resource/Convex_and_Concave">
    <dcterms:subject rdf:resource="http://dbpedia.org/resource/Category:1955_paintings" />
  </rdf:Description>
  <rdf:Description rdf:about="http://dbpedia.org/resource/Three_Worlds_(M._C._Escher)">
    <dcterms:subject rdf:resource="http://dbpedia.org/resource/Category:1955_paintings" />
  </rdf:Description>
  <rdf:Description rdf:about="http://dbpedia.org/resource/Collins_St.,_5_pm">
    <dcterms:subject rdf:resource="http://dbpedia.org/resource/Category:1955_paintings" />
  </rdf:Description>
  <rdf:Description rdf:about="http://dbpedia.org/resource/The_Sacrament_of_the_Last_Supper">
    <dcterms:subject rdf:resource="http://dbpedia.org/resource/Category:1955_paintings" />
  </rdf:Description>
  <rdf:Description rdf:about="http://dbpedia.org/resource/Category:1955_paintings">
    <rdf:type rdf:resource="http://www.w3.org/2004/02/skos/core#Concept" />
    <owl:sameAs rdf:resource="http://www.wikidata.org/entity/Q8147692" />
    <owl:sameAs rdf:resource="http://dbpedia.org/resource/Category:1955_paintings" />
    <owl:sameAs rdf:resource="http://ru.dbpedia.org/resource/Категория:Картины_1955_года" />
    <dbpedia-owl:wikiPageID rdf:datatype="http://www.w3.org/2001/XMLSchema#integer">5647053</dbpedia-owl:wikiPageID>
    <dbpedia-owl:wikiPageRevisionID rdf:datatype="http://www.w3.org/2001/XMLSchema#integer">546925035</dbpedia-owl:wikiPageRevisionID>
    <rdfs:label xml:lang="en">1955 paintings</rdfs:label>
    <skos:prefLabel xml:lang="en">1955 paintings</skos:prefLabel>
    <ns6:wasDerivedFrom rdf:resource="http://en.wikipedia.org/wiki/Category:1955_paintings?oldid=546925035" />
  </rdf:Description>
  <rdf:Description rdf:about="http://ru.dbpedia.org/resource/Категория:Картины_1955_года">
    <owl:sameAs rdf:resource="http://dbpedia.org/resource/Category:1955_paintings" />
  </rdf:Description>
  <rdf:Description rdf:about="http://dbpedia.org/resource/White_Flag_(Johns_painting)">
    <dcterms:subject rdf:resource="http://dbpedia.org/resource/Category:1955_paintings" />
  </rdf:Description>
  <rdf:Description rdf:about="http://wikidata.dbpedia.org/resource/Q8147692">
    <owl:sameAs rdf:resource="http://dbpedia.org/resource/Category:1955_paintings" />
  </rdf:Description>
</rdf:RDF>
