<?xml version="1.0" encoding="utf-8" ?>
<rdf:RDF
	xmlns:rdf="http://www.w3.org/1999/02/22-rdf-syntax-ns#"
	xmlns:rdfs="http://www.w3.org/2000/01/rdf-schema#"
	xmlns:owl="http://www.w3.org/2002/07/owl#"
	xmlns:dcterms="http://purl.org/dc/terms/"
	xmlns:dbpedia-owl="http://dbpedia.org/ontology/"
	xmlns:skos="http://www.w3.org/2004/02/skos/core#"
	xmlns:ns6="http://www.w3.org/ns/prov#" >
  <rdf:Description rdf:about="http://dbpedia.org/resource/Category:1950_paintings">
    <rdf:type rdf:resource="http://www.w3.org/2004/02/skos/core#Concept" />
    <owl:sameAs rdf:resource="http://www.wikidata.org/entity/Q8144337" />
    <owl:sameAs rdf:resource="http://dbpedia.org/resource/Category:1950_paintings" />
    <owl:sameAs rdf:resource="http://ru.dbpedia.org/resource/Категория:Картины_1950_года" />
    <dbpedia-owl:wikiPageID rdf:datatype="http://www.w3.org/2001/XMLSchema#integer">6765629</dbpedia-owl:wikiPageID>
    <dbpedia-owl:wikiPageRevisionID rdf:datatype="http://www.w3.org/2001/XMLSchema#integer">546940799</dbpedia-owl:wikiPageRevisionID>
    <skos:broader rdf:resource="http://dbpedia.org/resource/Category:1950s_paintings" />
    <skos:broader rdf:resource="http://dbpedia.org/resource/Category:1950_works" />
    <rdfs:label xml:lang="en">1950 paintings</rdfs:label>
    <skos:prefLabel xml:lang="en">1950 paintings</skos:prefLabel>
    <ns6:wasDerivedFrom rdf:resource="http://en.wikipedia.org/wiki/Category:1950_paintings?oldid=546940799" />
  </rdf:Description>
  <rdf:Description rdf:about="http://dbpedia.org/resource/The_Madonna_of_Port_Lligat">
    <dcterms:subject rdf:resource="http://dbpedia.org/resource/Category:1950_paintings" />
  </rdf:Description>
  <rdf:Description rdf:about="http://dbpedia.org/resource/Fragment_of_a_Crucifixion">
    <dcterms:subject rdf:resource="http://dbpedia.org/resource/Category:1950_paintings" />
  </rdf:Description>
  <rdf:Description rdf:about="http://dbpedia.org/resource/La_Mari%C3%A9e">
    <dcterms:subject rdf:resource="http://dbpedia.org/resource/Category:1950_paintings" />
  </rdf:Description>
  <rdf:Description rdf:about="http://dbpedia.org/resource/Beasts_of_the_Sea">
    <dcterms:subject rdf:resource="http://dbpedia.org/resource/Category:1950_paintings" />
  </rdf:Description>
  <rdf:Description rdf:about="http://dbpedia.org/resource/Chinese_Girl">
    <dcterms:subject rdf:resource="http://dbpedia.org/resource/Category:1950_paintings" />
  </rdf:Description>
  <rdf:Description rdf:about="http://dbpedia.org/resource/Daisy_Bates_at_Ooldea">
    <dcterms:subject rdf:resource="http://dbpedia.org/resource/Category:1950_paintings" />
  </rdf:Description>
  <rdf:Description rdf:about="http://ru.dbpedia.org/resource/Категория:Картины_1950_года">
    <owl:sameAs rdf:resource="http://dbpedia.org/resource/Category:1950_paintings" />
  </rdf:Description>
  <rdf:Description rdf:about="http://wikidata.dbpedia.org/resource/Q8144337">
    <owl:sameAs rdf:resource="http://dbpedia.org/resource/Category:1950_paintings" />
  </rdf:Description>
</rdf:RDF>
