<?xml version="1.0" encoding="utf-8" ?>
<rdf:RDF
	xmlns:rdf="http://www.w3.org/1999/02/22-rdf-syntax-ns#"
	xmlns:rdfs="http://www.w3.org/2000/01/rdf-schema#"
	xmlns:owl="http://www.w3.org/2002/07/owl#"
	xmlns:dcterms="http://purl.org/dc/terms/"
	xmlns:dbpedia-owl="http://dbpedia.org/ontology/"
	xmlns:skos="http://www.w3.org/2004/02/skos/core#"
	xmlns:ns6="http://www.w3.org/ns/prov#" >
  <rdf:Description rdf:about="http://dbpedia.org/resource/Caribbean_Bird_Vendor">
    <dcterms:subject rdf:resource="http://dbpedia.org/resource/Category:1953_paintings" />
  </rdf:Description>
  <rdf:Description rdf:about="http://dbpedia.org/resource/No._61_(Rust_and_Blue)">
    <dcterms:subject rdf:resource="http://dbpedia.org/resource/Category:1953_paintings" />
  </rdf:Description>
  <rdf:Description rdf:about="http://dbpedia.org/resource/Golconda_(painting)">
    <dcterms:subject rdf:resource="http://dbpedia.org/resource/Category:1953_paintings" />
  </rdf:Description>
  <rdf:Description rdf:about="http://dbpedia.org/resource/Relativity_(M._C._Escher)">
    <dcterms:subject rdf:resource="http://dbpedia.org/resource/Category:1953_paintings" />
  </rdf:Description>
  <rdf:Description rdf:about="http://dbpedia.org/resource/Ruin_at_Daphne">
    <dcterms:subject rdf:resource="http://dbpedia.org/resource/Category:1953_paintings" />
  </rdf:Description>
  <rdf:Description rdf:about="http://dbpedia.org/resource/Category:1953_paintings">
    <rdf:type rdf:resource="http://www.w3.org/2004/02/skos/core#Concept" />
    <owl:sameAs rdf:resource="http://ru.dbpedia.org/resource/Категория:Картины_1953_года" />
    <owl:sameAs rdf:resource="http://tr.dbpedia.org/resource/Kategori:1953_tabloları" />
    <owl:sameAs rdf:resource="http://www.wikidata.org/entity/Q8146746" />
    <owl:sameAs rdf:resource="http://dbpedia.org/resource/Category:1953_paintings" />
    <owl:sameAs rdf:resource="http://pt.dbpedia.org/resource/Categoria:Pinturas_de_1953" />
    <dbpedia-owl:wikiPageID rdf:datatype="http://www.w3.org/2001/XMLSchema#integer">5530703</dbpedia-owl:wikiPageID>
    <dbpedia-owl:wikiPageRevisionID rdf:datatype="http://www.w3.org/2001/XMLSchema#integer">546921541</dbpedia-owl:wikiPageRevisionID>
    <rdfs:label xml:lang="en">1953 paintings</rdfs:label>
    <skos:prefLabel xml:lang="en">1953 paintings</skos:prefLabel>
    <ns6:wasDerivedFrom rdf:resource="http://en.wikipedia.org/wiki/Category:1953_paintings?oldid=546921541" />
  </rdf:Description>
  <rdf:Description rdf:about="http://ru.dbpedia.org/resource/Категория:Картины_1953_года">
    <owl:sameAs rdf:resource="http://dbpedia.org/resource/Category:1953_paintings" />
  </rdf:Description>
  <rdf:Description rdf:about="http://dbpedia.org/resource/Study_after_Vel%C3%A1zquez&#39;s_Portrait_of_Pope_Innocent_X">
    <dcterms:subject rdf:resource="http://dbpedia.org/resource/Category:1953_paintings" />
  </rdf:Description>
  <rdf:Description rdf:about="http://dbpedia.org/resource/Woman_III">
    <dcterms:subject rdf:resource="http://dbpedia.org/resource/Category:1953_paintings" />
  </rdf:Description>
  <rdf:Description rdf:about="http://dbpedia.org/resource/The_Snail">
    <dcterms:subject rdf:resource="http://dbpedia.org/resource/Category:1953_paintings" />
  </rdf:Description>
  <rdf:Description rdf:about="http://dbpedia.org/resource/Office_in_a_Small_City">
    <dcterms:subject rdf:resource="http://dbpedia.org/resource/Category:1953_paintings" />
  </rdf:Description>
  <rdf:Description rdf:about="http://dbpedia.org/resource/The_Seducer">
    <dcterms:subject rdf:resource="http://dbpedia.org/resource/Category:1953_paintings" />
  </rdf:Description>
  <rdf:Description rdf:about="http://dbpedia.org/resource/In_the_Sun_(painting)">
    <dcterms:subject rdf:resource="http://dbpedia.org/resource/Category:1953_paintings" />
  </rdf:Description>
  <rdf:Description rdf:about="http://wikidata.dbpedia.org/resource/Q8146746">
    <owl:sameAs rdf:resource="http://dbpedia.org/resource/Category:1953_paintings" />
  </rdf:Description>
  <rdf:Description rdf:about="http://pt.dbpedia.org/resource/Categoria:Pinturas_de_1953">
    <owl:sameAs rdf:resource="http://dbpedia.org/resource/Category:1953_paintings" />
  </rdf:Description>
  <rdf:Description rdf:about="http://tr.dbpedia.org/resource/Kategori:1953_tabloları">
    <owl:sameAs rdf:resource="http://dbpedia.org/resource/Category:1953_paintings" />
  </rdf:Description>
</rdf:RDF>
