<?xml version="1.0" encoding="utf-8" ?>
<rdf:RDF
	xmlns:rdf="http://www.w3.org/1999/02/22-rdf-syntax-ns#"
	xmlns:rdfs="http://www.w3.org/2000/01/rdf-schema#"
	xmlns:owl="http://www.w3.org/2002/07/owl#"
	xmlns:dcterms="http://purl.org/dc/terms/"
	xmlns:dbpedia-owl="http://dbpedia.org/ontology/"
	xmlns:skos="http://www.w3.org/2004/02/skos/core#"
	xmlns:ns6="http://www.w3.org/ns/prov#" >
  <rdf:Description rdf:about="http://dbpedia.org/resource/Three_Flags">
    <dcterms:subject rdf:resource="http://dbpedia.org/resource/Category:1958_paintings" />
  </rdf:Description>
  <rdf:Description rdf:about="http://dbpedia.org/resource/Category:1958_paintings">
    <rdf:type rdf:resource="http://www.w3.org/2004/02/skos/core#Concept" />
    <owl:sameAs rdf:resource="http://www.wikidata.org/entity/Q8149317" />
    <owl:sameAs rdf:resource="http://pt.dbpedia.org/resource/Categoria:Pinturas_de_1958" />
    <owl:sameAs rdf:resource="http://dbpedia.org/resource/Category:1958_paintings" />
    <dbpedia-owl:wikiPageID rdf:datatype="http://www.w3.org/2001/XMLSchema#integer">23344174</dbpedia-owl:wikiPageID>
    <dbpedia-owl:wikiPageRevisionID rdf:datatype="http://www.w3.org/2001/XMLSchema#integer">298146859</dbpedia-owl:wikiPageRevisionID>
    <rdfs:label xml:lang="en">1958 paintings</rdfs:label>
    <skos:prefLabel xml:lang="en">1958 paintings</skos:prefLabel>
    <ns6:wasDerivedFrom rdf:resource="http://en.wikipedia.org/wiki/Category:1958_paintings?oldid=298146859" />
  </rdf:Description>
  <rdf:Description rdf:about="http://dbpedia.org/resource/The_Listening_Room">
    <dcterms:subject rdf:resource="http://dbpedia.org/resource/Category:1958_paintings" />
  </rdf:Description>
  <rdf:Description rdf:about="http://dbpedia.org/resource/Belvedere_(M._C._Escher)">
    <dcterms:subject rdf:resource="http://dbpedia.org/resource/Category:1958_paintings" />
  </rdf:Description>
  <rdf:Description rdf:about="http://dbpedia.org/resource/Black_on_Maroon">
    <dcterms:subject rdf:resource="http://dbpedia.org/resource/Category:1958_paintings" />
  </rdf:Description>
  <rdf:Description rdf:about="http://wikidata.dbpedia.org/resource/Q8149317">
    <owl:sameAs rdf:resource="http://dbpedia.org/resource/Category:1958_paintings" />
  </rdf:Description>
  <rdf:Description rdf:about="http://pt.dbpedia.org/resource/Categoria:Pinturas_de_1958">
    <owl:sameAs rdf:resource="http://dbpedia.org/resource/Category:1958_paintings" />
  </rdf:Description>
</rdf:RDF>
