<?xml version="1.0" encoding="utf-8" ?>
<rdf:RDF
	xmlns:rdf="http://www.w3.org/1999/02/22-rdf-syntax-ns#"
	xmlns:rdfs="http://www.w3.org/2000/01/rdf-schema#"
	xmlns:owl="http://www.w3.org/2002/07/owl#"
	xmlns:dcterms="http://purl.org/dc/terms/"
	xmlns:dbpedia-owl="http://dbpedia.org/ontology/"
	xmlns:skos="http://www.w3.org/2004/02/skos/core#"
	xmlns:ns6="http://www.w3.org/ns/prov#" >
  <rdf:Description rdf:about="http://dbpedia.org/resource/Category:1966_paintings">
    <rdf:type rdf:resource="http://www.w3.org/2004/02/skos/core#Concept" />
    <owl:sameAs rdf:resource="http://dbpedia.org/resource/Category:1966_paintings" />
    <owl:sameAs rdf:resource="http://www.wikidata.org/entity/Q8154368" />
    <owl:sameAs rdf:resource="http://ru.dbpedia.org/resource/Категория:Картины_1966_года" />
    <dbpedia-owl:wikiPageID rdf:datatype="http://www.w3.org/2001/XMLSchema#integer">35137673</dbpedia-owl:wikiPageID>
    <dbpedia-owl:wikiPageRevisionID rdf:datatype="http://www.w3.org/2001/XMLSchema#integer">482728040</dbpedia-owl:wikiPageRevisionID>
    <rdfs:label xml:lang="en">1966 paintings</rdfs:label>
    <skos:prefLabel xml:lang="en">1966 paintings</skos:prefLabel>
    <ns6:wasDerivedFrom rdf:resource="http://en.wikipedia.org/wiki/Category:1966_paintings?oldid=482728040" />
  </rdf:Description>
  <rdf:Description rdf:about="http://dbpedia.org/resource/Yellow_and_Green_Brushstrokes">
    <dcterms:subject rdf:resource="http://dbpedia.org/resource/Category:1966_paintings" />
  </rdf:Description>
  <rdf:Description rdf:about="http://dbpedia.org/resource/In_the_dull_village">
    <dcterms:subject rdf:resource="http://dbpedia.org/resource/Category:1966_paintings" />
  </rdf:Description>
  <rdf:Description rdf:about="http://dbpedia.org/resource/Pink_Lady_(art)">
    <dcterms:subject rdf:resource="http://dbpedia.org/resource/Category:1966_paintings" />
  </rdf:Description>
  <rdf:Description rdf:about="http://dbpedia.org/resource/Gastrotypographicalassemblage">
    <dcterms:subject rdf:resource="http://dbpedia.org/resource/Category:1966_paintings" />
  </rdf:Description>
  <rdf:Description rdf:about="http://dbpedia.org/resource/Quince_and_Teapot_(painting)">
    <dcterms:subject rdf:resource="http://dbpedia.org/resource/Category:1966_paintings" />
  </rdf:Description>
  <rdf:Description rdf:about="http://wikidata.dbpedia.org/resource/Q7780505">
    <owl:sameAs rdf:resource="http://dbpedia.org/resource/Category:1966_paintings" />
  </rdf:Description>
  <rdf:Description rdf:about="http://ru.dbpedia.org/resource/Категория:Картины_1966_года">
    <owl:sameAs rdf:resource="http://dbpedia.org/resource/Category:1966_paintings" />
  </rdf:Description>
</rdf:RDF>
