<?xml version="1.0" encoding="utf-8" ?>
<rdf:RDF
	xmlns:rdf="http://www.w3.org/1999/02/22-rdf-syntax-ns#"
	xmlns:rdfs="http://www.w3.org/2000/01/rdf-schema#"
	xmlns:owl="http://www.w3.org/2002/07/owl#"
	xmlns:dcterms="http://purl.org/dc/terms/"
	xmlns:dbpedia-owl="http://dbpedia.org/ontology/"
	xmlns:skos="http://www.w3.org/2004/02/skos/core#"
	xmlns:ns6="http://www.w3.org/ns/prov#" >
  <rdf:Description rdf:about="http://dbpedia.org/resource/Blam_(Roy_Lichtenstein)">
    <dcterms:subject rdf:resource="http://dbpedia.org/resource/Category:1962_paintings" />
  </rdf:Description>
  <rdf:Description rdf:about="http://dbpedia.org/resource/Portrait_of_Madame_C%C3%A9zanne">
    <dcterms:subject rdf:resource="http://dbpedia.org/resource/Category:1962_paintings" />
  </rdf:Description>
  <rdf:Description rdf:about="http://dbpedia.org/resource/Marilyn_Diptych">
    <dcterms:subject rdf:resource="http://dbpedia.org/resource/Category:1962_paintings" />
  </rdf:Description>
  <rdf:Description rdf:about="http://dbpedia.org/resource/Golf_Ball">
    <dcterms:subject rdf:resource="http://dbpedia.org/resource/Category:1962_paintings" />
  </rdf:Description>
  <rdf:Description rdf:about="http://dbpedia.org/resource/Category:1962_paintings">
    <rdf:type rdf:resource="http://www.w3.org/2004/02/skos/core#Concept" />
    <owl:sameAs rdf:resource="http://ru.dbpedia.org/resource/Категория:Картины_1962_года" />
    <owl:sameAs rdf:resource="http://www.wikidata.org/entity/Q8152093" />
    <owl:sameAs rdf:resource="http://dbpedia.org/resource/Category:1962_paintings" />
    <dbpedia-owl:wikiPageID rdf:datatype="http://www.w3.org/2001/XMLSchema#integer">7745926</dbpedia-owl:wikiPageID>
    <dbpedia-owl:wikiPageRevisionID rdf:datatype="http://www.w3.org/2001/XMLSchema#integer">546952344</dbpedia-owl:wikiPageRevisionID>
    <rdfs:label xml:lang="en">1962 paintings</rdfs:label>
    <skos:prefLabel xml:lang="en">1962 paintings</skos:prefLabel>
    <ns6:wasDerivedFrom rdf:resource="http://en.wikipedia.org/wiki/Category:1962_paintings?oldid=546952344" />
  </rdf:Description>
  <rdf:Description rdf:about="http://dbpedia.org/resource/Green_Coca-Cola_Bottles">
    <dcterms:subject rdf:resource="http://dbpedia.org/resource/Category:1962_paintings" />
  </rdf:Description>
  <rdf:Description rdf:about="http://ru.dbpedia.org/resource/Категория:Картины_1962_года">
    <owl:sameAs rdf:resource="http://dbpedia.org/resource/Category:1962_paintings" />
  </rdf:Description>
  <rdf:Description rdf:about="http://dbpedia.org/resource/Campbell&#39;s_Soup_Cans">
    <dcterms:subject rdf:resource="http://dbpedia.org/resource/Category:1962_paintings" />
  </rdf:Description>
  <rdf:Description rdf:about="http://dbpedia.org/resource/Kiss_II">
    <dcterms:subject rdf:resource="http://dbpedia.org/resource/Category:1962_paintings" />
  </rdf:Description>
  <rdf:Description rdf:about="http://wikidata.dbpedia.org/resource/Q8152093">
    <owl:sameAs rdf:resource="http://dbpedia.org/resource/Category:1962_paintings" />
  </rdf:Description>
</rdf:RDF>
