<?xml version="1.0" encoding="utf-8" ?>
<rdf:RDF
	xmlns:rdf="http://www.w3.org/1999/02/22-rdf-syntax-ns#"
	xmlns:rdfs="http://www.w3.org/2000/01/rdf-schema#"
	xmlns:owl="http://www.w3.org/2002/07/owl#"
	xmlns:dcterms="http://purl.org/dc/terms/"
	xmlns:dbpedia-owl="http://dbpedia.org/ontology/"
	xmlns:skos="http://www.w3.org/2004/02/skos/core#"
	xmlns:ns6="http://www.w3.org/ns/prov#" >
  <rdf:Description rdf:about="http://dbpedia.org/resource/Happy_Tears_(Roy_Lichtenstein)">
    <dcterms:subject rdf:resource="http://dbpedia.org/resource/Category:1964_paintings" />
  </rdf:Description>
  <rdf:Description rdf:about="http://dbpedia.org/resource/As_I_Opened_Fire">
    <dcterms:subject rdf:resource="http://dbpedia.org/resource/Category:1964_paintings" />
  </rdf:Description>
  <rdf:Description rdf:about="http://dbpedia.org/resource/Girl_in_Mirror">
    <dcterms:subject rdf:resource="http://dbpedia.org/resource/Category:1964_paintings" />
  </rdf:Description>
  <rdf:Description rdf:about="http://dbpedia.org/resource/I_Know...Brad">
    <dcterms:subject rdf:resource="http://dbpedia.org/resource/Category:1964_paintings" />
  </rdf:Description>
  <rdf:Description rdf:about="http://dbpedia.org/resource/Ohhh...Alright...">
    <dcterms:subject rdf:resource="http://dbpedia.org/resource/Category:1964_paintings" />
  </rdf:Description>
  <rdf:Description rdf:about="http://dbpedia.org/resource/Presencia_de_Am%C3%A9rica_Latina">
    <dcterms:subject rdf:resource="http://dbpedia.org/resource/Category:1964_paintings" />
  </rdf:Description>
  <rdf:Description rdf:about="http://pt.dbpedia.org/resource/Categoria:Pinturas_de_1964">
    <owl:sameAs rdf:resource="http://dbpedia.org/resource/Category:1964_paintings" />
  </rdf:Description>
  <rdf:Description rdf:about="http://dbpedia.org/resource/The_Son_of_Man">
    <dcterms:subject rdf:resource="http://dbpedia.org/resource/Category:1964_paintings" />
  </rdf:Description>
  <rdf:Description rdf:about="http://dbpedia.org/resource/The_Problem_We_All_Live_With">
    <dcterms:subject rdf:resource="http://dbpedia.org/resource/Category:1964_paintings" />
  </rdf:Description>
  <rdf:Description rdf:about="http://dbpedia.org/resource/Category:1964_paintings">
    <rdf:type rdf:resource="http://www.w3.org/2004/02/skos/core#Concept" />
    <owl:sameAs rdf:resource="http://sh.dbpedia.org/resource/Kategorija:Slike_1964." />
    <owl:sameAs rdf:resource="http://www.wikidata.org/entity/Q8153256" />
    <owl:sameAs rdf:resource="http://pt.dbpedia.org/resource/Categoria:Pinturas_de_1964" />
    <owl:sameAs rdf:resource="http://dbpedia.org/resource/Category:1964_paintings" />
    <owl:sameAs rdf:resource="http://ru.dbpedia.org/resource/Категория:Картины_1964_года" />
    <dbpedia-owl:wikiPageID rdf:datatype="http://www.w3.org/2001/XMLSchema#integer">5706927</dbpedia-owl:wikiPageID>
    <dbpedia-owl:wikiPageRevisionID rdf:datatype="http://www.w3.org/2001/XMLSchema#integer">546925178</dbpedia-owl:wikiPageRevisionID>
    <rdfs:label xml:lang="en">1964 paintings</rdfs:label>
    <skos:prefLabel xml:lang="en">1964 paintings</skos:prefLabel>
    <ns6:wasDerivedFrom rdf:resource="http://en.wikipedia.org/wiki/Category:1964_paintings?oldid=546925178" />
  </rdf:Description>
  <rdf:Description rdf:about="http://dbpedia.org/resource/Spirit_of_Indiana">
    <dcterms:subject rdf:resource="http://dbpedia.org/resource/Category:1964_paintings" />
  </rdf:Description>
  <rdf:Description rdf:about="http://dbpedia.org/resource/Oh,_Jeff...I_Love_You,_Too...But...">
    <dcterms:subject rdf:resource="http://dbpedia.org/resource/Category:1964_paintings" />
  </rdf:Description>
  <rdf:Description rdf:about="http://dbpedia.org/resource/Shot_Marilyns">
    <dcterms:subject rdf:resource="http://dbpedia.org/resource/Category:1964_paintings" />
  </rdf:Description>
  <rdf:Description rdf:about="http://dbpedia.org/resource/Sleeping_Girl">
    <dcterms:subject rdf:resource="http://dbpedia.org/resource/Category:1964_paintings" />
  </rdf:Description>
  <rdf:Description rdf:about="http://ru.dbpedia.org/resource/Категория:Картины_1964_года">
    <owl:sameAs rdf:resource="http://dbpedia.org/resource/Category:1964_paintings" />
  </rdf:Description>
  <rdf:Description rdf:about="http://dbpedia.org/resource/Still_life_with_Pussy-Willows_(painting)">
    <dcterms:subject rdf:resource="http://dbpedia.org/resource/Category:1964_paintings" />
  </rdf:Description>
  <rdf:Description rdf:about="http://dbpedia.org/resource/Thirteen_Most_Wanted_Men">
    <dcterms:subject rdf:resource="http://dbpedia.org/resource/Category:1964_paintings" />
  </rdf:Description>
  <rdf:Description rdf:about="http://wikidata.dbpedia.org/resource/Q8153256">
    <owl:sameAs rdf:resource="http://dbpedia.org/resource/Category:1964_paintings" />
  </rdf:Description>
  <rdf:Description rdf:about="http://sh.dbpedia.org/resource/Kategorija:Slike_1964.">
    <owl:sameAs rdf:resource="http://dbpedia.org/resource/Category:1964_paintings" />
  </rdf:Description>
</rdf:RDF>
