<?xml version="1.0" encoding="utf-8" ?>
<rdf:RDF
	xmlns:rdf="http://www.w3.org/1999/02/22-rdf-syntax-ns#"
	xmlns:rdfs="http://www.w3.org/2000/01/rdf-schema#"
	xmlns:owl="http://www.w3.org/2002/07/owl#"
	xmlns:dcterms="http://purl.org/dc/terms/"
	xmlns:dbpedia-owl="http://dbpedia.org/ontology/"
	xmlns:skos="http://www.w3.org/2004/02/skos/core#"
	xmlns:ns6="http://www.w3.org/ns/prov#" >
  <rdf:Description rdf:about="http://dbpedia.org/resource/Little_Big_Painting">
    <dcterms:subject rdf:resource="http://dbpedia.org/resource/Category:1965_paintings" />
  </rdf:Description>
  <rdf:Description rdf:about="http://dbpedia.org/resource/Category:1965_paintings">
    <rdf:type rdf:resource="http://www.w3.org/2004/02/skos/core#Concept" />
    <owl:sameAs rdf:resource="http://www.wikidata.org/entity/Q9577316" />
    <owl:sameAs rdf:resource="http://dbpedia.org/resource/Category:1965_paintings" />
    <owl:sameAs rdf:resource="http://ru.dbpedia.org/resource/Категория:Картины_1965_года" />
    <dbpedia-owl:wikiPageID rdf:datatype="http://www.w3.org/2001/XMLSchema#integer">15623031</dbpedia-owl:wikiPageID>
    <dbpedia-owl:wikiPageRevisionID rdf:datatype="http://www.w3.org/2001/XMLSchema#integer">548612891</dbpedia-owl:wikiPageRevisionID>
    <rdfs:label xml:lang="en">1965 paintings</rdfs:label>
    <skos:prefLabel xml:lang="en">1965 paintings</skos:prefLabel>
    <ns6:wasDerivedFrom rdf:resource="http://en.wikipedia.org/wiki/Category:1965_paintings?oldid=548612891" />
  </rdf:Description>
  <rdf:Description rdf:about="http://dbpedia.org/resource/Brushstrokes">
    <dcterms:subject rdf:resource="http://dbpedia.org/resource/Category:1965_paintings" />
  </rdf:Description>
  <rdf:Description rdf:about="http://dbpedia.org/resource/Grrrrrrrrrrr!!">
    <dcterms:subject rdf:resource="http://dbpedia.org/resource/Category:1965_paintings" />
  </rdf:Description>
  <rdf:Description rdf:about="http://dbpedia.org/resource/M-Maybe">
    <dcterms:subject rdf:resource="http://dbpedia.org/resource/Category:1965_paintings" />
  </rdf:Description>
  <rdf:Description rdf:about="http://dbpedia.org/resource/Presencia_de_Am%C3%A9rica_Latina">
    <dcterms:subject rdf:resource="http://dbpedia.org/resource/Category:1965_paintings" />
  </rdf:Description>
  <rdf:Description rdf:about="http://ru.dbpedia.org/resource/Категория:Картины_1965_года">
    <owl:sameAs rdf:resource="http://dbpedia.org/resource/Category:1965_paintings" />
  </rdf:Description>
  <rdf:Description rdf:about="http://dbpedia.org/resource/Crucifixion_(Francis_Bacon,_1965)">
    <dcterms:subject rdf:resource="http://dbpedia.org/resource/Category:1965_paintings" />
  </rdf:Description>
  <rdf:Description rdf:about="http://dbpedia.org/resource/La_Gare_de_Perpignan">
    <dcterms:subject rdf:resource="http://dbpedia.org/resource/Category:1965_paintings" />
  </rdf:Description>
  <rdf:Description rdf:about="http://dbpedia.org/resource/Big_Painting_No._6">
    <dcterms:subject rdf:resource="http://dbpedia.org/resource/Category:1965_paintings" />
  </rdf:Description>
  <rdf:Description rdf:about="http://dbpedia.org/resource/Reflection_with_Two_Children">
    <dcterms:subject rdf:resource="http://dbpedia.org/resource/Category:1965_paintings" />
  </rdf:Description>
  <rdf:Description rdf:about="http://wikidata.dbpedia.org/resource/Q9577316">
    <owl:sameAs rdf:resource="http://dbpedia.org/resource/Category:1965_paintings" />
  </rdf:Description>
</rdf:RDF>
