<?xml version="1.0" encoding="utf-8" ?>
<rdf:RDF
	xmlns:rdf="http://www.w3.org/1999/02/22-rdf-syntax-ns#"
	xmlns:rdfs="http://www.w3.org/2000/01/rdf-schema#"
	xmlns:owl="http://www.w3.org/2002/07/owl#"
	xmlns:dcterms="http://purl.org/dc/terms/"
	xmlns:dbpedia-owl="http://dbpedia.org/ontology/"
	xmlns:skos="http://www.w3.org/2004/02/skos/core#"
	xmlns:ns6="http://www.w3.org/ns/prov#" >
  <rdf:Description rdf:about="http://dbpedia.org/resource/Girl_with_Ball">
    <dcterms:subject rdf:resource="http://dbpedia.org/resource/Category:1961_paintings" />
  </rdf:Description>
  <rdf:Description rdf:about="http://dbpedia.org/resource/Category:1961_paintings">
    <rdf:type rdf:resource="http://www.w3.org/2004/02/skos/core#Concept" />
    <owl:sameAs rdf:resource="http://dbpedia.org/resource/Category:1961_paintings" />
    <owl:sameAs rdf:resource="http://www.wikidata.org/entity/Q8151562" />
    <owl:sameAs rdf:resource="http://ru.dbpedia.org/resource/Категория:Картины_1961_года" />
    <dbpedia-owl:wikiPageID rdf:datatype="http://www.w3.org/2001/XMLSchema#integer">22650089</dbpedia-owl:wikiPageID>
    <dbpedia-owl:wikiPageRevisionID rdf:datatype="http://www.w3.org/2001/XMLSchema#integer">546734570</dbpedia-owl:wikiPageRevisionID>
    <rdfs:label xml:lang="en">1961 paintings</rdfs:label>
    <skos:prefLabel xml:lang="en">1961 paintings</skos:prefLabel>
    <ns6:wasDerivedFrom rdf:resource="http://en.wikipedia.org/wiki/Category:1961_paintings?oldid=546734570" />
  </rdf:Description>
  <rdf:Description rdf:about="http://dbpedia.org/resource/Bleu_II">
    <dcterms:subject rdf:resource="http://dbpedia.org/resource/Category:1961_paintings" />
  </rdf:Description>
  <rdf:Description rdf:about="http://dbpedia.org/resource/Jacqueline_(painting)">
    <dcterms:subject rdf:resource="http://dbpedia.org/resource/Category:1961_paintings" />
  </rdf:Description>
  <rdf:Description rdf:about="http://dbpedia.org/resource/Engagement_Ring_(Roy_Lichtenstein)">
    <dcterms:subject rdf:resource="http://dbpedia.org/resource/Category:1961_paintings" />
  </rdf:Description>
  <rdf:Description rdf:about="http://dbpedia.org/resource/Look_Mickey">
    <dcterms:subject rdf:resource="http://dbpedia.org/resource/Category:1961_paintings" />
  </rdf:Description>
  <rdf:Description rdf:about="http://dbpedia.org/resource/Roto_Broil">
    <dcterms:subject rdf:resource="http://dbpedia.org/resource/Category:1961_paintings" />
  </rdf:Description>
  <rdf:Description rdf:about="http://dbpedia.org/resource/Orange,_Red,_Yellow">
    <dcterms:subject rdf:resource="http://dbpedia.org/resource/Category:1961_paintings" />
  </rdf:Description>
  <rdf:Description rdf:about="http://dbpedia.org/resource/Waterfall_(M._C._Escher)">
    <dcterms:subject rdf:resource="http://dbpedia.org/resource/Category:1961_paintings" />
  </rdf:Description>
  <rdf:Description rdf:about="http://dbpedia.org/resource/I_Can_See_the_Whole_Room...and_There&#39;s_Nobody_in_It!">
    <dcterms:subject rdf:resource="http://dbpedia.org/resource/Category:1961_paintings" />
  </rdf:Description>
  <rdf:Description rdf:about="http://dbpedia.org/resource/Map_(painting)">
    <dcterms:subject rdf:resource="http://dbpedia.org/resource/Category:1961_paintings" />
  </rdf:Description>
  <rdf:Description rdf:about="http://ru.dbpedia.org/resource/Категория:Картины_1961_года">
    <owl:sameAs rdf:resource="http://dbpedia.org/resource/Category:1961_paintings" />
  </rdf:Description>
  <rdf:Description rdf:about="http://wikidata.dbpedia.org/resource/Q8151562">
    <owl:sameAs rdf:resource="http://dbpedia.org/resource/Category:1961_paintings" />
  </rdf:Description>
</rdf:RDF>
