<?xml version="1.0" encoding="utf-8" ?>
<rdf:RDF
	xmlns:rdf="http://www.w3.org/1999/02/22-rdf-syntax-ns#"
	xmlns:rdfs="http://www.w3.org/2000/01/rdf-schema#"
	xmlns:owl="http://www.w3.org/2002/07/owl#"
	xmlns:dcterms="http://purl.org/dc/terms/"
	xmlns:dbpedia-owl="http://dbpedia.org/ontology/"
	xmlns:skos="http://www.w3.org/2004/02/skos/core#"
	xmlns:ns6="http://www.w3.org/ns/prov#" >
  <rdf:Description rdf:about="http://dbpedia.org/resource/Category:1963_paintings">
    <rdf:type rdf:resource="http://www.w3.org/2004/02/skos/core#Concept" />
    <owl:sameAs rdf:resource="http://dbpedia.org/resource/Category:1963_paintings" />
    <owl:sameAs rdf:resource="http://www.wikidata.org/entity/Q8152652" />
    <dbpedia-owl:wikiPageID rdf:datatype="http://www.w3.org/2001/XMLSchema#integer">5693183</dbpedia-owl:wikiPageID>
    <dbpedia-owl:wikiPageRevisionID rdf:datatype="http://www.w3.org/2001/XMLSchema#integer">230624307</dbpedia-owl:wikiPageRevisionID>
    <rdfs:label xml:lang="en">1963 paintings</rdfs:label>
    <skos:prefLabel xml:lang="en">1963 paintings</skos:prefLabel>
    <ns6:wasDerivedFrom rdf:resource="http://en.wikipedia.org/wiki/Category:1963_paintings?oldid=230624307" />
  </rdf:Description>
  <rdf:Description rdf:about="http://dbpedia.org/resource/Whaam!">
    <dcterms:subject rdf:resource="http://dbpedia.org/resource/Category:1963_paintings" />
  </rdf:Description>
  <rdf:Description rdf:about="http://dbpedia.org/resource/The_Difficult_Crossing">
    <dcterms:subject rdf:resource="http://dbpedia.org/resource/Category:1963_paintings" />
  </rdf:Description>
  <rdf:Description rdf:about="http://dbpedia.org/resource/Eight_Elvises">
    <dcterms:subject rdf:resource="http://dbpedia.org/resource/Category:1963_paintings" />
  </rdf:Description>
  <rdf:Description rdf:about="http://dbpedia.org/resource/Drowning_Girl">
    <dcterms:subject rdf:resource="http://dbpedia.org/resource/Category:1963_paintings" />
  </rdf:Description>
  <rdf:Description rdf:about="http://dbpedia.org/resource/In_the_Car">
    <dcterms:subject rdf:resource="http://dbpedia.org/resource/Category:1963_paintings" />
  </rdf:Description>
  <rdf:Description rdf:about="http://dbpedia.org/resource/Torpedo...Los!">
    <dcterms:subject rdf:resource="http://dbpedia.org/resource/Category:1963_paintings" />
  </rdf:Description>
  <rdf:Description rdf:about="http://dbpedia.org/resource/Die_gro%C3%9Fe_Nacht_im_Eimer">
    <dcterms:subject rdf:resource="http://dbpedia.org/resource/Category:1963_paintings" />
  </rdf:Description>
  <rdf:Description rdf:about="http://dbpedia.org/resource/Ethel_Scull_36_Times">
    <dcterms:subject rdf:resource="http://dbpedia.org/resource/Category:1963_paintings" />
  </rdf:Description>
  <rdf:Description rdf:about="http://wikidata.dbpedia.org/resource/Q8152652">
    <owl:sameAs rdf:resource="http://dbpedia.org/resource/Category:1963_paintings" />
  </rdf:Description>
</rdf:RDF>
