<?xml version="1.0" encoding="utf-8" ?>
<rdf:RDF
	xmlns:rdf="http://www.w3.org/1999/02/22-rdf-syntax-ns#"
	xmlns:rdfs="http://www.w3.org/2000/01/rdf-schema#"
	xmlns:owl="http://www.w3.org/2002/07/owl#"
	xmlns:dcterms="http://purl.org/dc/terms/"
	xmlns:dbpedia-owl="http://dbpedia.org/ontology/"
	xmlns:skos="http://www.w3.org/2004/02/skos/core#"
	xmlns:ns6="http://www.w3.org/ns/prov#" >
  <rdf:Description rdf:about="http://dbpedia.org/resource/Category:1969_paintings">
    <rdf:type rdf:resource="http://www.w3.org/2004/02/skos/core#Concept" />
    <owl:sameAs rdf:resource="http://www.wikidata.org/entity/Q8156158" />
    <owl:sameAs rdf:resource="http://dbpedia.org/resource/Category:1969_paintings" />
    <dbpedia-owl:wikiPageID rdf:datatype="http://www.w3.org/2001/XMLSchema#integer">13757780</dbpedia-owl:wikiPageID>
    <dbpedia-owl:wikiPageRevisionID rdf:datatype="http://www.w3.org/2001/XMLSchema#integer">488751400</dbpedia-owl:wikiPageRevisionID>
    <rdfs:label xml:lang="en">1969 paintings</rdfs:label>
    <skos:prefLabel xml:lang="en">1969 paintings</skos:prefLabel>
    <ns6:wasDerivedFrom rdf:resource="http://en.wikipedia.org/wiki/Category:1969_paintings?oldid=488751400" />
  </rdf:Description>
  <rdf:Description rdf:about="http://dbpedia.org/resource/Snakes_(M._C._Escher)">
    <dcterms:subject rdf:resource="http://dbpedia.org/resource/Category:1969_paintings" />
  </rdf:Description>
  <rdf:Description rdf:about="http://dbpedia.org/resource/Campbell&#39;s_Soup_Cans_II">
    <dcterms:subject rdf:resource="http://dbpedia.org/resource/Category:1969_paintings" />
  </rdf:Description>
  <rdf:Description rdf:about="http://dbpedia.org/resource/Russian_Winter._Hoarfrost_(painting)">
    <dcterms:subject rdf:resource="http://dbpedia.org/resource/Category:1969_paintings" />
  </rdf:Description>
  <rdf:Description rdf:about="http://dbpedia.org/resource/Mir%C3%B3_otro">
    <dcterms:subject rdf:resource="http://dbpedia.org/resource/Category:1969_paintings" />
  </rdf:Description>
  <rdf:Description rdf:about="http://wikidata.dbpedia.org/resource/Q8156158">
    <owl:sameAs rdf:resource="http://dbpedia.org/resource/Category:1969_paintings" />
  </rdf:Description>
</rdf:RDF>
