<?xml version="1.0" encoding="utf-8" ?>
<rdf:RDF
	xmlns:rdf="http://www.w3.org/1999/02/22-rdf-syntax-ns#"
	xmlns:rdfs="http://www.w3.org/2000/01/rdf-schema#"
	xmlns:owl="http://www.w3.org/2002/07/owl#"
	xmlns:dcterms="http://purl.org/dc/terms/"
	xmlns:dbpedia-owl="http://dbpedia.org/ontology/"
	xmlns:skos="http://www.w3.org/2004/02/skos/core#"
	xmlns:ns6="http://www.w3.org/ns/prov#" >
  <rdf:Description rdf:about="http://dbpedia.org/resource/Death_Dealer_(painting)">
    <dcterms:subject rdf:resource="http://dbpedia.org/resource/Category:1973_paintings" />
  </rdf:Description>
  <rdf:Description rdf:about="http://dbpedia.org/resource/Artist&#39;s_Studio%E2%80%94Look_Mickey">
    <dcterms:subject rdf:resource="http://dbpedia.org/resource/Category:1973_paintings" />
  </rdf:Description>
  <rdf:Description rdf:about="http://dbpedia.org/resource/Penis_Landscape">
    <dcterms:subject rdf:resource="http://dbpedia.org/resource/Category:1973_paintings" />
  </rdf:Description>
  <rdf:Description rdf:about="http://dbpedia.org/resource/Triptych,_May%E2%80%93June_1973">
    <dcterms:subject rdf:resource="http://dbpedia.org/resource/Category:1973_paintings" />
  </rdf:Description>
  <rdf:Description rdf:about="http://dbpedia.org/resource/Category:1973_paintings">
    <rdf:type rdf:resource="http://www.w3.org/2004/02/skos/core#Concept" />
    <owl:sameAs rdf:resource="http://www.wikidata.org/entity/Q8159238" />
    <owl:sameAs rdf:resource="http://ru.dbpedia.org/resource/Категория:Картины_1973_года" />
    <owl:sameAs rdf:resource="http://dbpedia.org/resource/Category:1973_paintings" />
    <dbpedia-owl:wikiPageID rdf:datatype="http://www.w3.org/2001/XMLSchema#integer">5406106</dbpedia-owl:wikiPageID>
    <dbpedia-owl:wikiPageRevisionID rdf:datatype="http://www.w3.org/2001/XMLSchema#integer">207505622</dbpedia-owl:wikiPageRevisionID>
    <rdfs:label xml:lang="en">1973 paintings</rdfs:label>
    <skos:prefLabel xml:lang="en">1973 paintings</skos:prefLabel>
    <ns6:wasDerivedFrom rdf:resource="http://en.wikipedia.org/wiki/Category:1973_paintings?oldid=207505622" />
  </rdf:Description>
  <rdf:Description rdf:about="http://dbpedia.org/resource/May_1968_(Mir%C3%B3)">
    <dcterms:subject rdf:resource="http://dbpedia.org/resource/Category:1973_paintings" />
  </rdf:Description>
  <rdf:Description rdf:about="http://dbpedia.org/resource/Healing_of_Abiku_Children">
    <dcterms:subject rdf:resource="http://dbpedia.org/resource/Category:1973_paintings" />
  </rdf:Description>
  <rdf:Description rdf:about="http://wikidata.dbpedia.org/resource/Q7780506">
    <owl:sameAs rdf:resource="http://dbpedia.org/resource/Category:1973_paintings" />
  </rdf:Description>
  <rdf:Description rdf:about="http://ru.dbpedia.org/resource/Категория:Картины_1973_года">
    <owl:sameAs rdf:resource="http://dbpedia.org/resource/Category:1973_paintings" />
  </rdf:Description>
</rdf:RDF>
