<?xml version="1.0" encoding="utf-8" ?>
<rdf:RDF
	xmlns:rdf="http://www.w3.org/1999/02/22-rdf-syntax-ns#"
	xmlns:rdfs="http://www.w3.org/2000/01/rdf-schema#"
	xmlns:owl="http://www.w3.org/2002/07/owl#"
	xmlns:dcterms="http://purl.org/dc/terms/"
	xmlns:dbpedia-owl="http://dbpedia.org/ontology/"
	xmlns:skos="http://www.w3.org/2004/02/skos/core#"
	xmlns:ns6="http://www.w3.org/ns/prov#" >
  <rdf:Description rdf:about="http://dbpedia.org/resource/Category:1974_paintings">
    <rdf:type rdf:resource="http://www.w3.org/2004/02/skos/core#Concept" />
    <owl:sameAs rdf:resource="http://dbpedia.org/resource/Category:1974_paintings" />
    <owl:sameAs rdf:resource="http://www.wikidata.org/entity/Q8159875" />
    <owl:sameAs rdf:resource="http://ru.dbpedia.org/resource/Категория:Картины_1974_года" />
    <dbpedia-owl:wikiPageID rdf:datatype="http://www.w3.org/2001/XMLSchema#integer">31970840</dbpedia-owl:wikiPageID>
    <dbpedia-owl:wikiPageRevisionID rdf:datatype="http://www.w3.org/2001/XMLSchema#integer">546811639</dbpedia-owl:wikiPageRevisionID>
    <rdfs:label xml:lang="en">1974 paintings</rdfs:label>
    <skos:prefLabel xml:lang="en">1974 paintings</skos:prefLabel>
    <ns6:wasDerivedFrom rdf:resource="http://en.wikipedia.org/wiki/Category:1974_paintings?oldid=546811639" />
  </rdf:Description>
  <rdf:Description rdf:about="http://dbpedia.org/resource/Hands_flying_off_toward_the_constellations">
    <dcterms:subject rdf:resource="http://dbpedia.org/resource/Category:1974_paintings" />
  </rdf:Description>
  <rdf:Description rdf:about="http://ru.dbpedia.org/resource/Категория:Картины_1974_года">
    <owl:sameAs rdf:resource="http://dbpedia.org/resource/Category:1974_paintings" />
  </rdf:Description>
  <rdf:Description rdf:about="http://dbpedia.org/resource/Vietnam_(Kanso)">
    <dcterms:subject rdf:resource="http://dbpedia.org/resource/Category:1974_paintings" />
  </rdf:Description>
  <rdf:Description rdf:about="http://dbpedia.org/resource/The_hope_of_a_condemned_Man">
    <dcterms:subject rdf:resource="http://dbpedia.org/resource/Category:1974_paintings" />
  </rdf:Description>
  <rdf:Description rdf:about="http://wikidata.dbpedia.org/resource/Q8159875">
    <owl:sameAs rdf:resource="http://dbpedia.org/resource/Category:1974_paintings" />
  </rdf:Description>
</rdf:RDF>
