<?xml version="1.0" encoding="utf-8" ?>
<rdf:RDF
	xmlns:rdf="http://www.w3.org/1999/02/22-rdf-syntax-ns#"
	xmlns:rdfs="http://www.w3.org/2000/01/rdf-schema#"
	xmlns:owl="http://www.w3.org/2002/07/owl#"
	xmlns:dcterms="http://purl.org/dc/terms/"
	xmlns:dbpedia-owl="http://dbpedia.org/ontology/"
	xmlns:skos="http://www.w3.org/2004/02/skos/core#"
	xmlns:ns6="http://www.w3.org/ns/prov#" >
  <rdf:Description rdf:about="http://dbpedia.org/resource/Saturn_Devouring_His_Son">
    <dcterms:subject rdf:resource="http://dbpedia.org/resource/Category:19th-century_paintings" />
  </rdf:Description>
  <rdf:Description rdf:about="http://dbpedia.org/resource/Crucifixion,_seen_from_the_Cross_(James_Tissot)">
    <dcterms:subject rdf:resource="http://dbpedia.org/resource/Category:19th-century_paintings" />
  </rdf:Description>
  <rdf:Description rdf:about="http://dbpedia.org/resource/Category:19th-century_paintings">
    <rdf:type rdf:resource="http://www.w3.org/2004/02/skos/core#Concept" />
    <owl:sameAs rdf:resource="http://es.dbpedia.org/resource/Categoría:Cuadros_del_siglo_XIX" />
    <owl:sameAs rdf:resource="http://de.dbpedia.org/resource/Kategorie:Gemälde_(19._Jahrhundert)" />
    <owl:sameAs rdf:resource="http://dbpedia.org/resource/Category:19th-century_paintings" />
    <owl:sameAs rdf:resource="http://ar.dbpedia.org/resource/تصنيف:لوحات_القرن_19" />
    <owl:sameAs rdf:resource="http://simple.dbpedia.org/resource/Category:19th_century_paintings" />
    <owl:sameAs rdf:resource="http://id.dbpedia.org/resource/Kategori:Lukisan_abad_ke-19" />
    <owl:sameAs rdf:resource="http://www.wikidata.org/entity/Q7136631" />
    <owl:sameAs rdf:resource="http://eu.dbpedia.org/resource/Kategoria:XIX._mendeko_margolanak" />
    <owl:sameAs rdf:resource="http://ru.dbpedia.org/resource/Категория:Картины_XIX_века" />
    <owl:sameAs rdf:resource="http://zh.dbpedia.org/resource/Category:19世紀畫作" />
    <owl:sameAs rdf:resource="http://ro.dbpedia.org/resource/Categorie:Picturi_ale_secolului_al_XIX-lea" />
    <owl:sameAs rdf:resource="http://uk.dbpedia.org/resource/Категорія:Картини_XIX_століття" />
    <owl:sameAs rdf:resource="http://fr.dbpedia.org/resource/Catégorie:Tableau_du_XIXe_siècle" />
    <owl:sameAs rdf:resource="http://sv.dbpedia.org/resource/Kategori:Målningar_från_1800-talet" />
    <owl:sameAs rdf:resource="http://ko.dbpedia.org/resource/분류:19세기_회화_작품" />
    <owl:sameAs rdf:resource="http://ca.dbpedia.org/resource/Categoria:Obres_pictòriques_del_segle_XIX" />
    <owl:sameAs rdf:resource="http://bs.dbpedia.org/resource/Kategorija:19._vijek_umjetničke_slike" />
    <owl:sameAs rdf:resource="http://no.dbpedia.org/resource/Kategori:Malerier_fra_1800-tallet" />
    <owl:sameAs rdf:resource="http://tr.dbpedia.org/resource/Kategori:19._yüzyıl_tabloları" />
    <owl:sameAs rdf:resource="http://he.dbpedia.org/resource/קטגוריה:ציורים_מהמאה_ה-19" />
    <owl:sameAs rdf:resource="http://pt.dbpedia.org/resource/Categoria:Pinturas_do_século_XIX" />
    <dbpedia-owl:wikiPageID rdf:datatype="http://www.w3.org/2001/XMLSchema#integer">21489970</dbpedia-owl:wikiPageID>
    <dbpedia-owl:wikiPageRevisionID rdf:datatype="http://www.w3.org/2001/XMLSchema#integer">545569786</dbpedia-owl:wikiPageRevisionID>
    <skos:broader rdf:resource="http://dbpedia.org/resource/Category:19th-century_works" />
    <skos:broader rdf:resource="http://dbpedia.org/resource/Category:19th_century_in_art" />
    <skos:broader rdf:resource="http://dbpedia.org/resource/Category:Paintings_by_century" />
    <rdfs:label xml:lang="en">19th-century paintings</rdfs:label>
    <skos:prefLabel xml:lang="en">19th-century paintings</skos:prefLabel>
    <ns6:wasDerivedFrom rdf:resource="http://en.wikipedia.org/wiki/Category:19th-century_paintings?oldid=545569786" />
  </rdf:Description>
  <rdf:Description rdf:about="http://pt.dbpedia.org/resource/Categoria:Pinturas_do_século_XIX">
    <owl:sameAs rdf:resource="http://dbpedia.org/resource/Category:19th-century_paintings" />
  </rdf:Description>
  <rdf:Description rdf:about="http://ru.dbpedia.org/resource/Категория:Картины_XIX_века">
    <owl:sameAs rdf:resource="http://dbpedia.org/resource/Category:19th-century_paintings" />
  </rdf:Description>
  <rdf:Description rdf:about="http://de.dbpedia.org/resource/Kategorie:Gemälde_(19._Jahrhundert)">
    <owl:sameAs rdf:resource="http://dbpedia.org/resource/Category:19th-century_paintings" />
  </rdf:Description>
  <rdf:Description rdf:about="http://es.dbpedia.org/resource/Categoría:Cuadros_del_siglo_XIX">
    <owl:sameAs rdf:resource="http://dbpedia.org/resource/Category:19th-century_paintings" />
  </rdf:Description>
  <rdf:Description rdf:about="http://fr.dbpedia.org/resource/Catégorie:Tableau_du_XIXe_siècle">
    <owl:sameAs rdf:resource="http://dbpedia.org/resource/Category:19th-century_paintings" />
  </rdf:Description>
  <rdf:Description rdf:about="http://ko.dbpedia.org/resource/분류:19세기_회화_작품">
    <owl:sameAs rdf:resource="http://dbpedia.org/resource/Category:19th-century_paintings" />
  </rdf:Description>
  <rdf:Description rdf:about="http://dbpedia.org/resource/Carlos_Zerpa">
    <dcterms:subject rdf:resource="http://dbpedia.org/resource/Category:19th-century_paintings" />
  </rdf:Description>
  <rdf:Description rdf:about="http://dbpedia.org/resource/Mary_Magdalene_(Sandys)">
    <dcterms:subject rdf:resource="http://dbpedia.org/resource/Category:19th-century_paintings" />
  </rdf:Description>
  <rdf:Description rdf:about="http://dbpedia.org/resource/John_Gubbins_Newton_and_His_Sister,_Mary_Newton">
    <dcterms:subject rdf:resource="http://dbpedia.org/resource/Category:19th-century_paintings" />
  </rdf:Description>
  <rdf:Description rdf:about="http://dbpedia.org/resource/Aurora_Triumphans">
    <dcterms:subject rdf:resource="http://dbpedia.org/resource/Category:19th-century_paintings" />
  </rdf:Description>
  <rdf:Description rdf:about="http://dbpedia.org/resource/Donggwoldo">
    <dcterms:subject rdf:resource="http://dbpedia.org/resource/Category:19th-century_paintings" />
  </rdf:Description>
  <rdf:Description rdf:about="http://dbpedia.org/resource/Queen_Esther_(painting)">
    <dcterms:subject rdf:resource="http://dbpedia.org/resource/Category:19th-century_paintings" />
  </rdf:Description>
  <rdf:Description rdf:about="http://eu.dbpedia.org/resource/Kategoria:XIX._mendeko_margolanak">
    <owl:sameAs rdf:resource="http://dbpedia.org/resource/Category:19th-century_paintings" />
  </rdf:Description>
  <rdf:Description rdf:about="http://dbpedia.org/resource/The_Dancing_Class">
    <dcterms:subject rdf:resource="http://dbpedia.org/resource/Category:19th-century_paintings" />
  </rdf:Description>
  <rdf:Description rdf:about="http://dbpedia.org/resource/The_Catskills_(painting)">
    <dcterms:subject rdf:resource="http://dbpedia.org/resource/Category:19th-century_paintings" />
  </rdf:Description>
  <rdf:Description rdf:about="http://wikidata.dbpedia.org/resource/Q7136631">
    <owl:sameAs rdf:resource="http://dbpedia.org/resource/Category:19th-century_paintings" />
  </rdf:Description>
  <rdf:Description rdf:about="http://zh.dbpedia.org/resource/Category:19世紀畫作">
    <owl:sameAs rdf:resource="http://dbpedia.org/resource/Category:19th-century_paintings" />
  </rdf:Description>
  <rdf:Description rdf:about="http://ar.dbpedia.org/resource/تصنيف:لوحات_القرن_19">
    <owl:sameAs rdf:resource="http://dbpedia.org/resource/Category:19th-century_paintings" />
  </rdf:Description>
  <rdf:Description rdf:about="http://bs.dbpedia.org/resource/Kategorija:19._vijek_umjetničke_slike">
    <owl:sameAs rdf:resource="http://dbpedia.org/resource/Category:19th-century_paintings" />
  </rdf:Description>
  <rdf:Description rdf:about="http://ca.dbpedia.org/resource/Categoria:Obres_pictòriques_del_segle_XIX">
    <owl:sameAs rdf:resource="http://dbpedia.org/resource/Category:19th-century_paintings" />
  </rdf:Description>
  <rdf:Description rdf:about="http://he.dbpedia.org/resource/קטגוריה:ציורים_מהמאה_ה-19">
    <owl:sameAs rdf:resource="http://dbpedia.org/resource/Category:19th-century_paintings" />
  </rdf:Description>
  <rdf:Description rdf:about="http://id.dbpedia.org/resource/Kategori:Lukisan_abad_ke-19">
    <owl:sameAs rdf:resource="http://dbpedia.org/resource/Category:19th-century_paintings" />
  </rdf:Description>
  <rdf:Description rdf:about="http://no.dbpedia.org/resource/Kategori:Malerier_fra_1800-tallet">
    <owl:sameAs rdf:resource="http://dbpedia.org/resource/Category:19th-century_paintings" />
  </rdf:Description>
  <rdf:Description rdf:about="http://ro.dbpedia.org/resource/Categorie:Picturi_ale_secolului_al_XIX-lea">
    <owl:sameAs rdf:resource="http://dbpedia.org/resource/Category:19th-century_paintings" />
  </rdf:Description>
  <rdf:Description rdf:about="http://simple.dbpedia.org/resource/Category:19th_century_paintings">
    <owl:sameAs rdf:resource="http://dbpedia.org/resource/Category:19th-century_paintings" />
  </rdf:Description>
  <rdf:Description rdf:about="http://sv.dbpedia.org/resource/Kategori:Målningar_från_1800-talet">
    <owl:sameAs rdf:resource="http://dbpedia.org/resource/Category:19th-century_paintings" />
  </rdf:Description>
  <rdf:Description rdf:about="http://tr.dbpedia.org/resource/Kategori:19._yüzyıl_tabloları">
    <owl:sameAs rdf:resource="http://dbpedia.org/resource/Category:19th-century_paintings" />
  </rdf:Description>
  <rdf:Description rdf:about="http://uk.dbpedia.org/resource/Категорія:Картини_XIX_століття">
    <owl:sameAs rdf:resource="http://dbpedia.org/resource/Category:19th-century_paintings" />
  </rdf:Description>
</rdf:RDF>
