<?xml version="1.0" encoding="utf-8" ?>
<rdf:RDF
	xmlns:rdf="http://www.w3.org/1999/02/22-rdf-syntax-ns#"
	xmlns:rdfs="http://www.w3.org/2000/01/rdf-schema#"
	xmlns:owl="http://www.w3.org/2002/07/owl#"
	xmlns:dcterms="http://purl.org/dc/terms/"
	xmlns:dbpedia-owl="http://dbpedia.org/ontology/"
	xmlns:skos="http://www.w3.org/2004/02/skos/core#"
	xmlns:ns6="http://www.w3.org/ns/prov#" >
  <rdf:Description rdf:about="http://dbpedia.org/resource/Category:20th-century_paintings">
    <rdf:type rdf:resource="http://www.w3.org/2004/02/skos/core#Concept" />
    <owl:sameAs rdf:resource="http://no.dbpedia.org/resource/Kategori:Malerier_fra_1900-tallet" />
    <owl:sameAs rdf:resource="http://uk.dbpedia.org/resource/Категорія:Картини_XX_століття" />
    <owl:sameAs rdf:resource="http://ru.dbpedia.org/resource/Категория:Картины_XX_века" />
    <owl:sameAs rdf:resource="http://ro.dbpedia.org/resource/Categorie:Picturi_ale_secolului_al_XX-lea" />
    <owl:sameAs rdf:resource="http://ca.dbpedia.org/resource/Categoria:Obres_pictòriques_del_segle_XX" />
    <owl:sameAs rdf:resource="http://fr.dbpedia.org/resource/Catégorie:Tableau_du_XXe_siècle" />
    <owl:sameAs rdf:resource="http://es.dbpedia.org/resource/Categoría:Cuadros_del_siglo_XX" />
    <owl:sameAs rdf:resource="http://tr.dbpedia.org/resource/Kategori:20._yüzyıl_tabloları" />
    <owl:sameAs rdf:resource="http://he.dbpedia.org/resource/קטגוריה:ציורים_מהמאה_ה-20" />
    <owl:sameAs rdf:resource="http://dbpedia.org/resource/Category:20th-century_paintings" />
    <owl:sameAs rdf:resource="http://id.dbpedia.org/resource/Kategori:Lukisan_abad_ke-20" />
    <owl:sameAs rdf:resource="http://ko.dbpedia.org/resource/분류:20세기_회화_작품" />
    <owl:sameAs rdf:resource="http://www.wikidata.org/entity/Q8206069" />
    <owl:sameAs rdf:resource="http://de.dbpedia.org/resource/Kategorie:Gemälde_(20._Jahrhundert)" />
    <owl:sameAs rdf:resource="http://simple.dbpedia.org/resource/Category:20th_century_paintings" />
    <owl:sameAs rdf:resource="http://pt.dbpedia.org/resource/Categoria:Pinturas_do_século_XX" />
    <owl:sameAs rdf:resource="http://zh.dbpedia.org/resource/Category:20世紀畫作" />
    <dbpedia-owl:wikiPageID rdf:datatype="http://www.w3.org/2001/XMLSchema#integer">21417917</dbpedia-owl:wikiPageID>
    <dbpedia-owl:wikiPageRevisionID rdf:datatype="http://www.w3.org/2001/XMLSchema#integer">547181837</dbpedia-owl:wikiPageRevisionID>
    <skos:broader rdf:resource="http://dbpedia.org/resource/Category:20th_century_in_art" />
    <skos:broader rdf:resource="http://dbpedia.org/resource/Category:20th-century_works" />
    <skos:broader rdf:resource="http://dbpedia.org/resource/Category:Paintings_by_century" />
    <rdfs:label xml:lang="en">20th-century paintings</rdfs:label>
    <skos:prefLabel xml:lang="en">20th-century paintings</skos:prefLabel>
    <ns6:wasDerivedFrom rdf:resource="http://en.wikipedia.org/wiki/Category:20th-century_paintings?oldid=547181837" />
  </rdf:Description>
  <rdf:Description rdf:about="http://fr.dbpedia.org/resource/Catégorie:Tableau_du_XXe_siècle">
    <owl:sameAs rdf:resource="http://dbpedia.org/resource/Category:20th-century_paintings" />
  </rdf:Description>
  <rdf:Description rdf:about="http://pt.dbpedia.org/resource/Categoria:Pinturas_do_século_XX">
    <owl:sameAs rdf:resource="http://dbpedia.org/resource/Category:20th-century_paintings" />
  </rdf:Description>
  <rdf:Description rdf:about="http://de.dbpedia.org/resource/Kategorie:Gemälde_(20._Jahrhundert)">
    <owl:sameAs rdf:resource="http://dbpedia.org/resource/Category:20th-century_paintings" />
  </rdf:Description>
  <rdf:Description rdf:about="http://es.dbpedia.org/resource/Categoría:Cuadros_del_siglo_XX">
    <owl:sameAs rdf:resource="http://dbpedia.org/resource/Category:20th-century_paintings" />
  </rdf:Description>
  <rdf:Description rdf:about="http://dbpedia.org/resource/The_Split_of_Life">
    <dcterms:subject rdf:resource="http://dbpedia.org/resource/Category:20th-century_paintings" />
  </rdf:Description>
  <rdf:Description rdf:about="http://ko.dbpedia.org/resource/분류:20세기_회화_작품">
    <owl:sameAs rdf:resource="http://dbpedia.org/resource/Category:20th-century_paintings" />
  </rdf:Description>
  <rdf:Description rdf:about="http://ru.dbpedia.org/resource/Категория:Картины_XX_века">
    <owl:sameAs rdf:resource="http://dbpedia.org/resource/Category:20th-century_paintings" />
  </rdf:Description>
  <rdf:Description rdf:about="http://wikidata.dbpedia.org/resource/Q8206069">
    <owl:sameAs rdf:resource="http://dbpedia.org/resource/Category:20th-century_paintings" />
  </rdf:Description>
  <rdf:Description rdf:about="http://zh.dbpedia.org/resource/Category:20世紀畫作">
    <owl:sameAs rdf:resource="http://dbpedia.org/resource/Category:20th-century_paintings" />
  </rdf:Description>
  <rdf:Description rdf:about="http://ca.dbpedia.org/resource/Categoria:Obres_pictòriques_del_segle_XX">
    <owl:sameAs rdf:resource="http://dbpedia.org/resource/Category:20th-century_paintings" />
  </rdf:Description>
  <rdf:Description rdf:about="http://he.dbpedia.org/resource/קטגוריה:ציורים_מהמאה_ה-20">
    <owl:sameAs rdf:resource="http://dbpedia.org/resource/Category:20th-century_paintings" />
  </rdf:Description>
  <rdf:Description rdf:about="http://id.dbpedia.org/resource/Kategori:Lukisan_abad_ke-20">
    <owl:sameAs rdf:resource="http://dbpedia.org/resource/Category:20th-century_paintings" />
  </rdf:Description>
  <rdf:Description rdf:about="http://no.dbpedia.org/resource/Kategori:Malerier_fra_1900-tallet">
    <owl:sameAs rdf:resource="http://dbpedia.org/resource/Category:20th-century_paintings" />
  </rdf:Description>
  <rdf:Description rdf:about="http://ro.dbpedia.org/resource/Categorie:Picturi_ale_secolului_al_XX-lea">
    <owl:sameAs rdf:resource="http://dbpedia.org/resource/Category:20th-century_paintings" />
  </rdf:Description>
  <rdf:Description rdf:about="http://simple.dbpedia.org/resource/Category:20th_century_paintings">
    <owl:sameAs rdf:resource="http://dbpedia.org/resource/Category:20th-century_paintings" />
  </rdf:Description>
  <rdf:Description rdf:about="http://tr.dbpedia.org/resource/Kategori:20._yüzyıl_tabloları">
    <owl:sameAs rdf:resource="http://dbpedia.org/resource/Category:20th-century_paintings" />
  </rdf:Description>
  <rdf:Description rdf:about="http://uk.dbpedia.org/resource/Категорія:Картини_XX_століття">
    <owl:sameAs rdf:resource="http://dbpedia.org/resource/Category:20th-century_paintings" />
  </rdf:Description>
</rdf:RDF>
