<?xml version="1.0" encoding="utf-8" ?>
<rdf:RDF
	xmlns:rdf="http://www.w3.org/1999/02/22-rdf-syntax-ns#"
	xmlns:rdfs="http://www.w3.org/2000/01/rdf-schema#"
	xmlns:owl="http://www.w3.org/2002/07/owl#"
	xmlns:dcterms="http://purl.org/dc/terms/"
	xmlns:dbpedia-owl="http://dbpedia.org/ontology/"
	xmlns:foaf="http://xmlns.com/foaf/0.1/"
	xmlns:dbpprop="http://dbpedia.org/property/"
	xmlns:geo="http://www.w3.org/2003/01/geo/wgs84_pos#"
	xmlns:ns8="http://www.w3.org/ns/prov#"
	xmlns:grs="http://www.georss.org/georss/" >
  <rdf:Description rdf:about="http://de.dbpedia.org/resource/Alte_Nationalgalerie">
    <owl:sameAs rdf:resource="http://dbpedia.org/resource/Alte_Nationalgalerie" />
  </rdf:Description>
  <rdf:Description rdf:about="http://fr.dbpedia.org/resource/Alte_Nationalgalerie_(Berlin)">
    <owl:sameAs rdf:resource="http://dbpedia.org/resource/Alte_Nationalgalerie" />
  </rdf:Description>
  <rdf:Description rdf:about="http://it.dbpedia.org/resource/Alte_Nationalgalerie">
    <owl:sameAs rdf:resource="http://dbpedia.org/resource/Alte_Nationalgalerie" />
  </rdf:Description>
  <rdf:Description rdf:about="http://pl.dbpedia.org/resource/Stara_Galeria_Narodowa_w_Berlinie">
    <owl:sameAs rdf:resource="http://dbpedia.org/resource/Alte_Nationalgalerie" />
  </rdf:Description>
  <rdf:Description rdf:about="http://pt.dbpedia.org/resource/Alte_Nationalgalerie">
    <owl:sameAs rdf:resource="http://dbpedia.org/resource/Alte_Nationalgalerie" />
  </rdf:Description>
  <rdf:Description rdf:about="http://dbpedia.org/resource/Alte_Nationalgalerie">
    <rdf:type rdf:resource="http://dbpedia.org/class/yago/Depository103177349" />
    <rdf:type rdf:resource="http://dbpedia.org/ontology/Museum" />
    <rdf:type rdf:resource="http://dbpedia.org/class/yago/Artifact100021939" />
    <rdf:type rdf:resource="http://www.opengis.net/gml/_Feature" />
    <rdf:type rdf:resource="http://www.w3.org/2002/07/owl#Thing" />
    <rdf:type rdf:resource="http://dbpedia.org/class/yago/PhysicalEntity100001930" />
    <rdf:type rdf:resource="http://dbpedia.org/class/yago/ArtMuseumsAndGalleriesInBerlin" />
    <rdf:type rdf:resource="http://schema.org/Place" />
    <rdf:type rdf:resource="http://dbpedia.org/class/yago/Facility103315023" />
    <rdf:type rdf:resource="http://dbpedia.org/ontology/ArchitecturalStructure" />
    <rdf:type rdf:resource="http://dbpedia.org/class/yago/Whole100003553" />
    <rdf:type rdf:resource="http://dbpedia.org/ontology/Place" />
    <rdf:type rdf:resource="http://schema.org/Museum" />
    <rdf:type rdf:resource="http://dbpedia.org/class/yago/Object100002684" />
    <rdf:type rdf:resource="http://dbpedia.org/class/yago/YagoGeoEntity" />
    <rdf:type rdf:resource="http://dbpedia.org/ontology/Building" />
    <rdf:type rdf:resource="http://dbpedia.org/class/yago/ArtMuseumsEstablishedIn1861" />
    <rdf:type rdf:resource="http://dbpedia.org/class/yago/YagoPermanentlyLocatedEntity" />
    <rdf:type rdf:resource="http://dbpedia.org/class/yago/Museum103800563" />
    <owl:sameAs rdf:resource="http://de.dbpedia.org/resource/Alte_Nationalgalerie" />
    <owl:sameAs rdf:resource="http://zh.dbpedia.org/resource/舊國家畫廊" />
    <owl:sameAs rdf:resource="http://ja.dbpedia.org/resource/旧国立美術館_(ベルリン)" />
    <owl:sameAs rdf:resource="http://fi.dbpedia.org/resource/Alte_Nationalgalerie" />
    <owl:sameAs rdf:resource="http://www.wikidata.org/entity/Q162111" />
    <owl:sameAs rdf:resource="http://it.dbpedia.org/resource/Alte_Nationalgalerie" />
    <owl:sameAs rdf:resource="http://yago-knowledge.org/resource/Alte_Nationalgalerie" />
    <owl:sameAs rdf:resource="http://eu.dbpedia.org/resource/Alte_Nationalgalerie" />
    <owl:sameAs rdf:resource="http://es.dbpedia.org/resource/Alte_Nationalgalerie" />
    <owl:sameAs rdf:resource="http://pnb.dbpedia.org/resource/پرانی_نیشنل_گیلری" />
    <owl:sameAs rdf:resource="http://pt.dbpedia.org/resource/Alte_Nationalgalerie" />
    <owl:sameAs rdf:resource="http://da.dbpedia.org/resource/Alte_Nationalgalerie" />
    <owl:sameAs rdf:resource="http://sws.geonames.org/7911194/" />
    <owl:sameAs rdf:resource="http://dbpedia.org/resource/Alte_Nationalgalerie" />
    <owl:sameAs rdf:resource="http://he.dbpedia.org/resource/הגלריה_הלאומית_הישנה_(ברלין)" />
    <owl:sameAs rdf:resource="http://id.dbpedia.org/resource/Alte_Nationalgalerie" />
    <owl:sameAs rdf:resource="http://sv.dbpedia.org/resource/Alte_Nationalgalerie" />
    <owl:sameAs rdf:resource="http://no.dbpedia.org/resource/Alte_Nationalgalerie" />
    <owl:sameAs rdf:resource="http://hu.dbpedia.org/resource/Régi_Nemzeti_Galéria_(Berlin)" />
    <owl:sameAs rdf:resource="http://ca.dbpedia.org/resource/Alte_Nationalgalerie" />
    <owl:sameAs rdf:resource="http://ru.dbpedia.org/resource/Старая_национальная_галерея" />
    <owl:sameAs rdf:resource="http://rdf.freebase.com/ns/m.0bp1lb" />
    <owl:sameAs rdf:resource="http://pl.dbpedia.org/resource/Stara_Galeria_Narodowa_w_Berlinie" />
    <owl:sameAs rdf:resource="http://fr.dbpedia.org/resource/Alte_Nationalgalerie_(Berlin)" />
    <owl:sameAs rdf:resource="http://eo.dbpedia.org/resource/Alte_Nationalgalerie" />
    <owl:sameAs rdf:resource="http://nl.dbpedia.org/resource/Alte_Nationalgalerie" />
    <owl:sameAs rdf:resource="http://ko.dbpedia.org/resource/베를린_구_국립미술관" />
    <dcterms:subject rdf:resource="http://dbpedia.org/resource/Category:Art_museums_established_in_1861" />
    <dcterms:subject rdf:resource="http://dbpedia.org/resource/Category:Museum_Island" />
    <dcterms:subject rdf:resource="http://dbpedia.org/resource/Category:Art_museums_and_galleries_in_Berlin" />
    <dcterms:subject rdf:resource="http://dbpedia.org/resource/Category:1861_establishments_in_Germany" />
    <dcterms:subject rdf:resource="http://dbpedia.org/resource/Category:Berlin_State_Museums" />
    <dbpedia-owl:abstract xml:lang="fr">La Alte Nationalgalerie (Ancienne galerie nationale), est un musée situé sur l&#39;île aux musées à Berlin. Rouvert en 2001, cet édifice en forme de temple grec, inauguré en 1876, est consacré à l&#39;art allemand du XIX siècle et aux impressionnistes français. Il présente les importantes collections du XIX siècle de la Fondation pour la culture prussienne. Considéré comme le tableau le plus représentatif du mouvement symboliste, l&#39;île des morts d&#39;Arnold Böcklin (1883) est l&#39;un des clous du musée.</dbpedia-owl:abstract>
    <dbpedia-owl:abstract xml:lang="de">Die Alte Nationalgalerie ist ein Kunstmuseum in Berlin. Das zwischen 1867 und 1876 erbaute Gebäude gehört zum Ensemble der Museumsinsel, die von der UNESCO als Weltkulturerbe ausgezeichnet wurde. In der Alten Nationalgalerie werden Werke des Klassizismus, der Romantik, des Biedermeier, des Impressionismus und der beginnenden Moderne ausgestellt, die zur Sammlung der Nationalgalerie Berlin gehören.</dbpedia-owl:abstract>
    <dbpedia-owl:abstract xml:lang="en">The Alte Nationalgalerie (Old National Gallery) in Berlin is a gallery showing a collection of Neoclassical, Romantic, Biedermeier, Impressionist and early Modernist artwork, part of the Berlin National Gallery, which in turn is part of the Staatliche Museen zu Berlin. It is the original building of the National Gallery, whose holdings are now housed in several additional buildings. It is situated on Museum Island, a UNESCO-designated World Heritage Site.</dbpedia-owl:abstract>
    <dbpedia-owl:abstract xml:lang="ja">旧国立美術館（きゅうこくりつびじゅつかん、独: Alte Nationalgalerie）は、ドイツ、ベルリンのムゼウムスインゼル（博物館島）にある美術館。ベルリン国立博物館群を構成する美術館の一つで、古典主義、ロマン主義、ビーダーマイヤー様式、印象派、初期モダニズムの絵画を所蔵している。1999年には博物館島のその他の歴史的建造物とともに、ユネスコの世界遺産に登録された。</dbpedia-owl:abstract>
    <dbpedia-owl:abstract xml:lang="nl">De Alte Nationalgalerie is een museum voor kunst van de negentiende eeuw, gelegen op het Museumsinsel in Berlijn. Het gebouw van dit museum werd tussen 1866 en 1876 opgericht en is ontworpen door Friedrich August Stüler. Men wilde hier aanvankelijk de collectie moderne kunst onderbrengen die voorheen in de Akademie der Kûnste was te bezichtigen. Na de Tweede Wereldoorlog werd de collectie echter opgesplitst en deels tentoongesteld in de speciaal hiervoor gebouwde Neue Nationalgalerie in West-Berlijn. Het gebouw werd toen herdoopt in Alte Nationalgalerie. Na de Duitse hereniging werden de collecties weer samengevoegd</dbpedia-owl:abstract>
    <dbpedia-owl:abstract xml:lang="pl">Stara Galeria Narodowa to berlińskie muzeum, którego ekspozycja obejmuje XIX wieczne malarstwo i rzeźbę. Budowę gmachu muzeum rozpoczął Friedrich August Stüler, a po jego śmierci ukończył w roku 1876 Johann Heinrich Strack. Budynek zbudowany został na wzór świątyni w porządku korynckim. Do wejścia prowadzą monumentalne schody zwieńczone posągiem konnym cesarza Fryderyka Wilhelma IV, autorstwa Aleksandra Calandrellego. Kolekcja muzeum rozmieszczona jest na trzech poziomach: pierwsze piętro – rzeźba klasycystyczna oraz dzieła tworzone pod wpływem naturalizmu i Jugendstilu (przełom XIX i XX wieku) drugie piętro – niemiecki realizm i impresjonizm trzecie piętro – klasycyzm i romantyzm – dzieła pochodzące z I połowy XIX wieku</dbpedia-owl:abstract>
    <dbpedia-owl:abstract xml:lang="zh">舊國家畫廊（德语：Alte Nationalgalerie是一座位于德国柏林的美术馆，展出柏林国家博物馆的古典主义、浪漫主义、比德迈厄（Biedermeier）、印象主义及早期现代主义艺术作品。该博物馆位于世界遗产博物馆岛上。</dbpedia-owl:abstract>
    <dbpedia-owl:abstract xml:lang="sv">Alte Nationalgalerie, (gamla nationalgalleriet), museum för konst i Berlin, del av Museumsinsel. Alte Nationalgalerie stod klart 1876, ritat av August Stüler, för att hysa en samling med 1800-talskonst, donerad av bankmannen Joachim H. W. Wagener. Samlingen utökades senare och omfattar idag en av de största samlingarna av 1800-talsskulpturer och målningar i Tyskland. Byggnaden skadades svårt under andra världskriget och restaurerades i omgångar efter kriget fram till 1969. 1998-2001 var museet helt stängt för omfattande restaurering. Idag finns endast målningar här (skulpturerna finns numer i Friedrichwerdersche Kirche).</dbpedia-owl:abstract>
    <dbpedia-owl:abstract xml:lang="it">L&#39;Alte Nationalgalerie è un museo di Berlino che raccoglie opere d&#39;arte del XIX secolo.</dbpedia-owl:abstract>
    <dbpedia-owl:abstract xml:lang="pt">A Alte Nationalgalerie (Antiga Galeria Nacional) é um museu de arte localizado na Ilha dos Museus, em Berlim, Alemanha. Possui uma rica coleção de pinturas e esculturas européias do século XIX.</dbpedia-owl:abstract>
    <dbpedia-owl:abstract xml:lang="ru">Старая национальная галерея — галерея на Музейном острове в Берлине. В галерее находятся работы XIX века из коллекции Фонда прусского культурного наследия.</dbpedia-owl:abstract>
    <dbpedia-owl:abstract xml:lang="es">La Alte Nationalgalerie (Antigua Galería Nacional) en la Isla de los Museos en Berlín es una galería que muestra obras de arte del siglo XIX de la colección de la Fundación Cultural de Herencia Prusiana.</dbpedia-owl:abstract>
    <dbpedia-owl:location rdf:resource="http://dbpedia.org/resource/Berlin" />
    <dbpedia-owl:wikiPageID rdf:datatype="http://www.w3.org/2001/XMLSchema#integer">4190430</dbpedia-owl:wikiPageID>
    <dbpedia-owl:wikiPageRevisionID rdf:datatype="http://www.w3.org/2001/XMLSchema#integer">546333020</dbpedia-owl:wikiPageRevisionID>
    <rdfs:label xml:lang="zh">舊國家畫廊</rdfs:label>
    <rdfs:label xml:lang="pl">Stara Galeria Narodowa w Berlinie</rdfs:label>
    <rdfs:label xml:lang="de">Alte Nationalgalerie</rdfs:label>
    <rdfs:label xml:lang="nl">Alte Nationalgalerie</rdfs:label>
    <rdfs:label xml:lang="fr">Alte Nationalgalerie (Berlin)</rdfs:label>
    <rdfs:label xml:lang="es">Alte Nationalgalerie</rdfs:label>
    <rdfs:label xml:lang="pt">Alte Nationalgalerie</rdfs:label>
    <rdfs:label xml:lang="sv">Alte Nationalgalerie</rdfs:label>
    <rdfs:label xml:lang="ru">Старая национальная галерея</rdfs:label>
    <rdfs:label xml:lang="en">Alte Nationalgalerie</rdfs:label>
    <rdfs:label xml:lang="it">Alte Nationalgalerie</rdfs:label>
    <rdfs:label xml:lang="ja">旧国立美術館 (ベルリン)</rdfs:label>
    <foaf:depiction rdf:resource="http://upload.wikimedia.org/wikipedia/commons/2/23/AlteNationalgalerie_1a.jpg" />
    <rdfs:comment xml:lang="pl">Stara Galeria Narodowa to berlińskie muzeum, którego ekspozycja obejmuje XIX wieczne malarstwo i rzeźbę. Budowę gmachu muzeum rozpoczął Friedrich August Stüler, a po jego śmierci ukończył w roku 1876 Johann Heinrich Strack. Budynek zbudowany został na wzór świątyni w porządku korynckim. Do wejścia prowadzą monumentalne schody zwieńczone posągiem konnym cesarza Fryderyka Wilhelma IV, autorstwa Aleksandra Calandrellego.</rdfs:comment>
    <rdfs:comment xml:lang="en">The Alte Nationalgalerie (Old National Gallery) in Berlin is a gallery showing a collection of Neoclassical, Romantic, Biedermeier, Impressionist and early Modernist artwork, part of the Berlin National Gallery, which in turn is part of the Staatliche Museen zu Berlin. It is the original building of the National Gallery, whose holdings are now housed in several additional buildings. It is situated on Museum Island, a UNESCO-designated World Heritage Site.</rdfs:comment>
    <rdfs:comment xml:lang="de">Die Alte Nationalgalerie ist ein Kunstmuseum in Berlin. Das zwischen 1867 und 1876 erbaute Gebäude gehört zum Ensemble der Museumsinsel, die von der UNESCO als Weltkulturerbe ausgezeichnet wurde. In der Alten Nationalgalerie werden Werke des Klassizismus, der Romantik, des Biedermeier, des Impressionismus und der beginnenden Moderne ausgestellt, die zur Sammlung der Nationalgalerie Berlin gehören.</rdfs:comment>
    <rdfs:comment xml:lang="es">La Alte Nationalgalerie (Antigua Galería Nacional) en la Isla de los Museos en Berlín es una galería que muestra obras de arte del siglo XIX de la colección de la Fundación Cultural de Herencia Prusiana.</rdfs:comment>
    <rdfs:comment xml:lang="fr">La Alte Nationalgalerie (Ancienne galerie nationale), est un musée situé sur l&#39;île aux musées à Berlin. Rouvert en 2001, cet édifice en forme de temple grec, inauguré en 1876, est consacré à l&#39;art allemand du XIX siècle et aux impressionnistes français. Il présente les importantes collections du XIX siècle de la Fondation pour la culture prussienne. Considéré comme le tableau le plus représentatif du mouvement symboliste, l&#39;île des morts d&#39;Arnold Böcklin (1883) est l&#39;un des clous du musée.</rdfs:comment>
    <rdfs:comment xml:lang="nl">De Alte Nationalgalerie is een museum voor kunst van de negentiende eeuw, gelegen op het Museumsinsel in Berlijn. Het gebouw van dit museum werd tussen 1866 en 1876 opgericht en is ontworpen door Friedrich August Stüler. Men wilde hier aanvankelijk de collectie moderne kunst onderbrengen die voorheen in de Akademie der Kûnste was te bezichtigen.</rdfs:comment>
    <rdfs:comment xml:lang="sv">Alte Nationalgalerie, (gamla nationalgalleriet), museum för konst i Berlin, del av Museumsinsel. Alte Nationalgalerie stod klart 1876, ritat av August Stüler, för att hysa en samling med 1800-talskonst, donerad av bankmannen Joachim H. W. Wagener. Samlingen utökades senare och omfattar idag en av de största samlingarna av 1800-talsskulpturer och målningar i Tyskland. Byggnaden skadades svårt under andra världskriget och restaurerades i omgångar efter kriget fram till 1969.</rdfs:comment>
    <rdfs:comment xml:lang="ja">旧国立美術館（きゅうこくりつびじゅつかん、独: Alte Nationalgalerie）は、ドイツ、ベルリンのムゼウムスインゼル（博物館島）にある美術館。ベルリン国立博物館群を構成する美術館の一つで、古典主義、ロマン主義、ビーダーマイヤー様式、印象派、初期モダニズムの絵画を所蔵している。1999年には博物館島のその他の歴史的建造物とともに、ユネスコの世界遺産に登録された。</rdfs:comment>
    <rdfs:comment xml:lang="zh">舊國家畫廊（德语：Alte Nationalgalerie是一座位于德国柏林的美术馆，展出柏林国家博物馆的古典主义、浪漫主义、比德迈厄（Biedermeier）、印象主义及早期现代主义艺术作品。该博物馆位于世界遗产博物馆岛上。</rdfs:comment>
    <rdfs:comment xml:lang="pt">A Alte Nationalgalerie (Antiga Galeria Nacional) é um museu de arte localizado na Ilha dos Museus, em Berlim, Alemanha. Possui uma rica coleção de pinturas e esculturas européias do século XIX.</rdfs:comment>
    <rdfs:comment xml:lang="it">L&#39;Alte Nationalgalerie è un museo di Berlino che raccoglie opere d&#39;arte del XIX secolo.</rdfs:comment>
    <rdfs:comment xml:lang="ru">Старая национальная галерея — галерея на Музейном острове в Берлине. В галерее находятся работы XIX века из коллекции Фонда прусского культурного наследия.</rdfs:comment>
    <foaf:name xml:lang="en">Alte Nationalgalerie (Old National Gallery)</foaf:name>
    <dbpedia-owl:thumbnail rdf:resource="http://upload.wikimedia.org/wikipedia/commons/thumb/2/23/AlteNationalgalerie_1a.jpg/200px-AlteNationalgalerie_1a.jpg" />
    <dbpedia-owl:type rdf:resource="http://dbpedia.org/resource/Art" />
    <dbpedia-owl:wikiPageExternalLink rdf:resource="http://berlin.pinkbigmac.com/en/old-national-gallery/" />
    <dbpedia-owl:wikiPageExternalLink rdf:resource="http://www.smb.spk-berlin.de/smb/sammlungen/details.php?lang=en&amp;objectId=17&amp;n=1&amp;r=2" />
    <dbpedia-owl:wikiPageExternalLink rdf:resource="http://en.gallerix.ru/album/Alte-Nationalgalerie" />
    <dbpedia-owl:wikiPageExternalLink rdf:resource="http://www.panorama-cities.net/berlin/museum_island.html" />
    <dbpprop:established rdf:datatype="http://www.w3.org/2001/XMLSchema#integer">1861</dbpprop:established>
    <dbpprop:gis xml:lang="en">+52.520657 +13.398580</dbpprop:gis>
    <dbpprop:imagesize rdf:datatype="http://www.w3.org/2001/XMLSchema#integer">300</dbpprop:imagesize>
    <dbpprop:location xml:lang="en">Bodestrasse 1-3</dbpprop:location>
    <dbpprop:location xml:lang="en">Berlin, Berlin D-10178 Germany</dbpprop:location>
    <dbpprop:name xml:lang="en">Alte Nationalgalerie</dbpprop:name>
    <dbpprop:type rdf:resource="http://dbpedia.org/resource/Art" />
    <dbpprop:website xml:lang="en">Alte Nationalgalerie</dbpprop:website>
    <foaf:homepage rdf:resource="http://www.smb.spk-berlin.de/smb/sammlungen/details.php?lang=en&amp;objectId=17&amp;n=1&amp;r=2" />
    <geo:geometry rdf:datatype="http://www.openlinksw.com/schemas/virtrdf#Geometry">POINT(13.3981 52.5208)</geo:geometry>
    <foaf:isPrimaryTopicOf rdf:resource="http://en.wikipedia.org/wiki/Alte_Nationalgalerie" />
    <geo:long rdf:datatype="http://www.w3.org/2001/XMLSchema#float">13.3981</geo:long>
    <geo:lat rdf:datatype="http://www.w3.org/2001/XMLSchema#float">52.5208</geo:lat>
    <ns8:wasDerivedFrom rdf:resource="http://en.wikipedia.org/wiki/Alte_Nationalgalerie?oldid=546333020" />
    <grs:point xml:lang="en">52.520833333333336 13.398055555555555</grs:point>
    <dbpprop:hasPhotoCollection rdf:resource="http://wifo5-03.informatik.uni-mannheim.de/flickrwrappr/photos/Alte_Nationalgalerie" />
  </rdf:Description>
  <rdf:Description rdf:about="http://dbpedia.org/resource/In_the_Conservatory">
    <dbpedia-owl:museum rdf:resource="http://dbpedia.org/resource/Alte_Nationalgalerie" />
    <dbpprop:museum rdf:resource="http://dbpedia.org/resource/Alte_Nationalgalerie" />
  </rdf:Description>
  <rdf:Description rdf:about="http://en.wikipedia.org/wiki/Alte_Nationalgalerie">
    <foaf:primaryTopic rdf:resource="http://dbpedia.org/resource/Alte_Nationalgalerie" />
  </rdf:Description>
  <rdf:Description rdf:about="http://dbpedia.org/resource/Caspar_David_Friedrich_in_his_Studio">
    <dbpedia-owl:museum rdf:resource="http://dbpedia.org/resource/Alte_Nationalgalerie" />
    <dbpprop:museum rdf:resource="http://dbpedia.org/resource/Alte_Nationalgalerie" />
  </rdf:Description>
  <rdf:Description rdf:about="http://dbpedia.org/resource/The_Abbey_in_the_Oakwood">
    <dbpedia-owl:museum rdf:resource="http://dbpedia.org/resource/Alte_Nationalgalerie" />
    <dbpprop:museum rdf:resource="http://dbpedia.org/resource/Alte_Nationalgalerie" />
  </rdf:Description>
  <rdf:Description rdf:about="http://ru.dbpedia.org/resource/Старая_национальная_галерея">
    <owl:sameAs rdf:resource="http://dbpedia.org/resource/Alte_Nationalgalerie" />
  </rdf:Description>
  <rdf:Description rdf:about="http://dbpedia.org/resource/The_Monk_by_the_Sea">
    <dbpedia-owl:museum rdf:resource="http://dbpedia.org/resource/Alte_Nationalgalerie" />
    <dbpprop:museum rdf:resource="http://dbpedia.org/resource/Alte_Nationalgalerie" />
  </rdf:Description>
  <rdf:Description rdf:about="http://es.dbpedia.org/resource/Alte_Nationalgalerie">
    <owl:sameAs rdf:resource="http://dbpedia.org/resource/Alte_Nationalgalerie" />
  </rdf:Description>
  <rdf:Description rdf:about="http://ja.dbpedia.org/resource/旧国立美術館_(ベルリン)">
    <owl:sameAs rdf:resource="http://dbpedia.org/resource/Alte_Nationalgalerie" />
  </rdf:Description>
  <rdf:Description rdf:about="http://ko.dbpedia.org/resource/베를린_구_국립미술관">
    <owl:sameAs rdf:resource="http://dbpedia.org/resource/Alte_Nationalgalerie" />
  </rdf:Description>
  <rdf:Description rdf:about="http://nl.dbpedia.org/resource/Alte_Nationalgalerie">
    <owl:sameAs rdf:resource="http://dbpedia.org/resource/Alte_Nationalgalerie" />
  </rdf:Description>
  <rdf:Description rdf:about="http://eu.dbpedia.org/resource/Alte_Nationalgalerie">
    <owl:sameAs rdf:resource="http://dbpedia.org/resource/Alte_Nationalgalerie" />
  </rdf:Description>
  <rdf:Description rdf:about="http://zh.dbpedia.org/resource/舊國家畫廊">
    <owl:sameAs rdf:resource="http://dbpedia.org/resource/Alte_Nationalgalerie" />
  </rdf:Description>
  <rdf:Description rdf:about="http://ca.dbpedia.org/resource/Alte_Nationalgalerie">
    <owl:sameAs rdf:resource="http://dbpedia.org/resource/Alte_Nationalgalerie" />
  </rdf:Description>
  <rdf:Description rdf:about="http://da.dbpedia.org/resource/Alte_Nationalgalerie">
    <owl:sameAs rdf:resource="http://dbpedia.org/resource/Alte_Nationalgalerie" />
  </rdf:Description>
  <rdf:Description rdf:about="http://eo.dbpedia.org/resource/Alte_Nationalgalerie">
    <owl:sameAs rdf:resource="http://dbpedia.org/resource/Alte_Nationalgalerie" />
  </rdf:Description>
  <rdf:Description rdf:about="http://fi.dbpedia.org/resource/Alte_Nationalgalerie">
    <owl:sameAs rdf:resource="http://dbpedia.org/resource/Alte_Nationalgalerie" />
  </rdf:Description>
  <rdf:Description rdf:about="http://he.dbpedia.org/resource/הגלריה_הלאומית_הישנה_(ברלין)">
    <owl:sameAs rdf:resource="http://dbpedia.org/resource/Alte_Nationalgalerie" />
  </rdf:Description>
  <rdf:Description rdf:about="http://hu.dbpedia.org/resource/Régi_Nemzeti_Galéria_(Berlin)">
    <owl:sameAs rdf:resource="http://dbpedia.org/resource/Alte_Nationalgalerie" />
  </rdf:Description>
  <rdf:Description rdf:about="http://id.dbpedia.org/resource/Alte_Nationalgalerie">
    <owl:sameAs rdf:resource="http://dbpedia.org/resource/Alte_Nationalgalerie" />
  </rdf:Description>
  <rdf:Description rdf:about="http://no.dbpedia.org/resource/Alte_Nationalgalerie">
    <owl:sameAs rdf:resource="http://dbpedia.org/resource/Alte_Nationalgalerie" />
  </rdf:Description>
  <rdf:Description rdf:about="http://pnb.dbpedia.org/resource/پرانی_نیشنل_گیلری">
    <owl:sameAs rdf:resource="http://dbpedia.org/resource/Alte_Nationalgalerie" />
  </rdf:Description>
  <rdf:Description rdf:about="http://sv.dbpedia.org/resource/Alte_Nationalgalerie">
    <owl:sameAs rdf:resource="http://dbpedia.org/resource/Alte_Nationalgalerie" />
  </rdf:Description>
  <rdf:Description rdf:about="http://wikidata.dbpedia.org/resource/Q162111">
    <owl:sameAs rdf:resource="http://dbpedia.org/resource/Alte_Nationalgalerie" />
  </rdf:Description>
</rdf:RDF>
