<?xml version="1.0" encoding="utf-8" ?>
<rdf:RDF
	xmlns:rdf="http://www.w3.org/1999/02/22-rdf-syntax-ns#"
	xmlns:rdfs="http://www.w3.org/2000/01/rdf-schema#"
	xmlns:owl="http://www.w3.org/2002/07/owl#"
	xmlns:dcterms="http://purl.org/dc/terms/"
	xmlns:dbpedia-owl="http://dbpedia.org/ontology/"
	xmlns:foaf="http://xmlns.com/foaf/0.1/"
	xmlns:dbpprop="http://dbpedia.org/property/"
	xmlns:geo="http://www.w3.org/2003/01/geo/wgs84_pos#"
	xmlns:ns8="http://www.w3.org/ns/prov#"
	xmlns:grs="http://www.georss.org/georss/" >
  <rdf:Description rdf:about="http://dbpedia.org/resource/Papal_conclave,_1389">
    <dbpprop:location rdf:resource="http://dbpedia.org/resource/Apostolic_Palace" />
  </rdf:Description>
  <rdf:Description rdf:about="http://dbpedia.org/resource/Papal_conclave,_1958">
    <dbpprop:location rdf:resource="http://dbpedia.org/resource/Apostolic_Palace" />
  </rdf:Description>
  <rdf:Description rdf:about="http://dbpedia.org/resource/Papal_conclave,_1963">
    <dbpprop:location rdf:resource="http://dbpedia.org/resource/Apostolic_Palace" />
  </rdf:Description>
  <rdf:Description rdf:about="http://dbpedia.org/resource/Papal_conclave,_September_1503">
    <dbpprop:location rdf:resource="http://dbpedia.org/resource/Apostolic_Palace" />
  </rdf:Description>
  <rdf:Description rdf:about="http://dbpedia.org/resource/Papal_conclave,_1914">
    <dbpprop:location rdf:resource="http://dbpedia.org/resource/Apostolic_Palace" />
  </rdf:Description>
  <rdf:Description rdf:about="http://dbpedia.org/resource/Papal_conclave,_1721">
    <dbpprop:location rdf:resource="http://dbpedia.org/resource/Apostolic_Palace" />
  </rdf:Description>
  <rdf:Description rdf:about="http://dbpedia.org/resource/Papal_conclave,_1523">
    <dbpprop:location rdf:resource="http://dbpedia.org/resource/Apostolic_Palace" />
  </rdf:Description>
  <rdf:Description rdf:about="http://fr.dbpedia.org/resource/Palais_du_Vatican">
    <owl:sameAs rdf:resource="http://dbpedia.org/resource/Apostolic_Palace" />
  </rdf:Description>
  <rdf:Description rdf:about="http://ja.dbpedia.org/resource/バチカン宮殿">
    <owl:sameAs rdf:resource="http://dbpedia.org/resource/Apostolic_Palace" />
  </rdf:Description>
  <rdf:Description rdf:about="http://pt.dbpedia.org/resource/Palácio_Apostólico">
    <owl:sameAs rdf:resource="http://dbpedia.org/resource/Apostolic_Palace" />
  </rdf:Description>
  <rdf:Description rdf:about="http://dbpedia.org/resource/Palace_of_the_Vatican">
    <dbpedia-owl:wikiPageRedirects rdf:resource="http://dbpedia.org/resource/Apostolic_Palace" />
  </rdf:Description>
  <rdf:Description rdf:about="http://dbpedia.org/resource/Disputation_of_the_Holy_Sacrament">
    <dbpedia-owl:museum rdf:resource="http://dbpedia.org/resource/Apostolic_Palace" />
    <dbpprop:museum rdf:resource="http://dbpedia.org/resource/Apostolic_Palace" />
  </rdf:Description>
  <rdf:Description rdf:about="http://dbpedia.org/resource/Prophet_Joel_(Michelangelo)">
    <dbpedia-owl:museum rdf:resource="http://dbpedia.org/resource/Apostolic_Palace" />
    <dbpprop:museum rdf:resource="http://dbpedia.org/resource/Apostolic_Palace" />
  </rdf:Description>
  <rdf:Description rdf:about="http://dbpedia.org/resource/Papal_conclave,_1644">
    <dbpprop:location rdf:resource="http://dbpedia.org/resource/Apostolic_Palace" />
  </rdf:Description>
  <rdf:Description rdf:about="http://dbpedia.org/resource/Papal_conclave,_April_1555">
    <dbpprop:location rdf:resource="http://dbpedia.org/resource/Apostolic_Palace" />
  </rdf:Description>
  <rdf:Description rdf:about="http://de.dbpedia.org/resource/Apostolischer_Palast">
    <owl:sameAs rdf:resource="http://dbpedia.org/resource/Apostolic_Palace" />
  </rdf:Description>
  <rdf:Description rdf:about="http://ko.dbpedia.org/resource/사도_궁전">
    <owl:sameAs rdf:resource="http://dbpedia.org/resource/Apostolic_Palace" />
  </rdf:Description>
  <rdf:Description rdf:about="http://dbpedia.org/resource/Pope_Benedict_XV">
    <dbpedia-owl:deathPlace rdf:resource="http://dbpedia.org/resource/Apostolic_Palace" />
    <dbpprop:deathPlace rdf:resource="http://dbpedia.org/resource/Apostolic_Palace" />
  </rdf:Description>
  <rdf:Description rdf:about="http://dbpedia.org/resource/Pope_John_Paul_I">
    <dbpedia-owl:deathPlace rdf:resource="http://dbpedia.org/resource/Apostolic_Palace" />
  </rdf:Description>
  <rdf:Description rdf:about="http://dbpedia.org/resource/Pope_Leo_XIII">
    <dbpedia-owl:deathPlace rdf:resource="http://dbpedia.org/resource/Apostolic_Palace" />
    <dbpprop:deathPlace rdf:resource="http://dbpedia.org/resource/Apostolic_Palace" />
    <dbpprop:placeOfDeath rdf:resource="http://dbpedia.org/resource/Apostolic_Palace" />
  </rdf:Description>
  <rdf:Description rdf:about="http://dbpedia.org/resource/Pope_Pius_IX">
    <dbpedia-owl:deathPlace rdf:resource="http://dbpedia.org/resource/Apostolic_Palace" />
    <dbpprop:deathPlace rdf:resource="http://dbpedia.org/resource/Apostolic_Palace" />
  </rdf:Description>
  <rdf:Description rdf:about="http://dbpedia.org/resource/Pope_Pius_XI">
    <dbpedia-owl:deathPlace rdf:resource="http://dbpedia.org/resource/Apostolic_Palace" />
    <dbpprop:deathPlace rdf:resource="http://dbpedia.org/resource/Apostolic_Palace" />
  </rdf:Description>
  <rdf:Description rdf:about="http://dbpedia.org/resource/Pope_Pius_X__Pope_Saint_Pius_X__1">
    <dbpedia-owl:deathPlace rdf:resource="http://dbpedia.org/resource/Apostolic_Palace" />
  </rdf:Description>
  <rdf:Description rdf:about="http://dbpedia.org/resource/Papal_conclave,_1676">
    <dbpprop:location rdf:resource="http://dbpedia.org/resource/Apostolic_Palace" />
  </rdf:Description>
  <rdf:Description rdf:about="http://dbpedia.org/resource/Papal_conclave,_1572">
    <dbpprop:location rdf:resource="http://dbpedia.org/resource/Apostolic_Palace" />
  </rdf:Description>
  <rdf:Description rdf:about="http://dbpedia.org/resource/Papal_conclave,_1621">
    <dbpprop:location rdf:resource="http://dbpedia.org/resource/Apostolic_Palace" />
  </rdf:Description>
  <rdf:Description rdf:about="http://dbpedia.org/resource/Papal_conclave,_1667">
    <dbpprop:location rdf:resource="http://dbpedia.org/resource/Apostolic_Palace" />
  </rdf:Description>
  <rdf:Description rdf:about="http://dbpedia.org/resource/Pope">
    <dbpprop:residence rdf:resource="http://dbpedia.org/resource/Apostolic_Palace" />
  </rdf:Description>
  <rdf:Description rdf:about="http://dbpedia.org/resource/Pope_John_Paul_II">
    <dbpedia-owl:deathPlace rdf:resource="http://dbpedia.org/resource/Apostolic_Palace" />
    <dbpprop:deathPlace rdf:resource="http://dbpedia.org/resource/Apostolic_Palace" />
  </rdf:Description>
  <rdf:Description rdf:about="http://dbpedia.org/resource/Pope_John_XXIII">
    <dbpedia-owl:deathPlace rdf:resource="http://dbpedia.org/resource/Apostolic_Palace" />
  </rdf:Description>
  <rdf:Description rdf:about="http://dbpedia.org/resource/Pope_Pius_X">
    <dbpedia-owl:deathPlace rdf:resource="http://dbpedia.org/resource/Apostolic_Palace" />
    <dbpprop:deathPlace rdf:resource="http://dbpedia.org/resource/Apostolic_Palace" />
  </rdf:Description>
  <rdf:Description rdf:about="http://dbpedia.org/resource/Papal_conclave,_1655">
    <dbpprop:location rdf:resource="http://dbpedia.org/resource/Apostolic_Palace" />
  </rdf:Description>
  <rdf:Description rdf:about="http://dbpedia.org/resource/Papal_conclave,_1689">
    <dbpprop:location rdf:resource="http://dbpedia.org/resource/Apostolic_Palace" />
  </rdf:Description>
  <rdf:Description rdf:about="http://dbpedia.org/resource/Papal_conclave,_1492">
    <dbpprop:location rdf:resource="http://dbpedia.org/resource/Apostolic_Palace" />
  </rdf:Description>
  <rdf:Description rdf:about="http://dbpedia.org/resource/Papal_conclave,_1878">
    <dbpprop:location rdf:resource="http://dbpedia.org/resource/Apostolic_Palace" />
  </rdf:Description>
  <rdf:Description rdf:about="http://dbpedia.org/resource/The_Meeting_of_Leo_the_Great_and_Attila">
    <dbpedia-owl:museum rdf:resource="http://dbpedia.org/resource/Apostolic_Palace" />
    <dbpprop:museum rdf:resource="http://dbpedia.org/resource/Apostolic_Palace" />
  </rdf:Description>
  <rdf:Description rdf:about="http://en.wikipedia.org/wiki/Apostolic_Palace">
    <foaf:primaryTopic rdf:resource="http://dbpedia.org/resource/Apostolic_Palace" />
  </rdf:Description>
  <rdf:Description rdf:about="http://dbpedia.org/resource/Papal_conclave,_1591">
    <dbpprop:location rdf:resource="http://dbpedia.org/resource/Apostolic_Palace" />
  </rdf:Description>
  <rdf:Description rdf:about="http://dbpedia.org/resource/Papal_conclave,_October_1503">
    <dbpprop:location rdf:resource="http://dbpedia.org/resource/Apostolic_Palace" />
  </rdf:Description>
  <rdf:Description rdf:about="http://dbpedia.org/resource/Papal_conclave,_October_1978">
    <dbpprop:location rdf:resource="http://dbpedia.org/resource/Apostolic_Palace" />
  </rdf:Description>
  <rdf:Description rdf:about="http://dbpedia.org/resource/Papal_conclave,_2005">
    <dbpprop:location rdf:resource="http://dbpedia.org/resource/Apostolic_Palace" />
  </rdf:Description>
  <rdf:Description rdf:about="http://dbpedia.org/resource/Papal_conclave,_1939">
    <dbpprop:location rdf:resource="http://dbpedia.org/resource/Apostolic_Palace" />
  </rdf:Description>
  <rdf:Description rdf:about="http://dbpedia.org/resource/Papal_conclave,_1513">
    <dbpprop:location rdf:resource="http://dbpedia.org/resource/Apostolic_Palace" />
  </rdf:Description>
  <rdf:Description rdf:about="http://dbpedia.org/resource/Papal_conclave,_1769">
    <dbpprop:location rdf:resource="http://dbpedia.org/resource/Apostolic_Palace" />
  </rdf:Description>
  <rdf:Description rdf:about="http://cs.dbpedia.org/resource/Apoštolský_palác">
    <owl:sameAs rdf:resource="http://dbpedia.org/resource/Apostolic_Palace" />
  </rdf:Description>
  <rdf:Description rdf:about="http://es.dbpedia.org/resource/Palacio_Apostólico_Vaticano">
    <owl:sameAs rdf:resource="http://dbpedia.org/resource/Apostolic_Palace" />
  </rdf:Description>
  <rdf:Description rdf:about="http://it.dbpedia.org/resource/Palazzo_Apostolico">
    <owl:sameAs rdf:resource="http://dbpedia.org/resource/Apostolic_Palace" />
  </rdf:Description>
  <rdf:Description rdf:about="http://ru.dbpedia.org/resource/Апостольский_дворец">
    <owl:sameAs rdf:resource="http://dbpedia.org/resource/Apostolic_Palace" />
  </rdf:Description>
  <rdf:Description rdf:about="http://dbpedia.org/resource/Papal_conclave,_1903">
    <dbpprop:location rdf:resource="http://dbpedia.org/resource/Apostolic_Palace" />
  </rdf:Description>
  <rdf:Description rdf:about="http://dbpedia.org/resource/Papal_conclave,_1458">
    <dbpprop:location rdf:resource="http://dbpedia.org/resource/Apostolic_Palace" />
  </rdf:Description>
  <rdf:Description rdf:about="http://dbpedia.org/resource/Papal_conclave,_1471">
    <dbpprop:location rdf:resource="http://dbpedia.org/resource/Apostolic_Palace" />
  </rdf:Description>
  <rdf:Description rdf:about="http://dbpedia.org/resource/Papal_conclave,_1585">
    <dbpprop:location rdf:resource="http://dbpedia.org/resource/Apostolic_Palace" />
  </rdf:Description>
  <rdf:Description rdf:about="http://dbpedia.org/resource/Papal_conclave,_1592">
    <dbpprop:location rdf:resource="http://dbpedia.org/resource/Apostolic_Palace" />
  </rdf:Description>
  <rdf:Description rdf:about="http://dbpedia.org/resource/Prophet_Jeremiah_(Michelangelo)">
    <dbpedia-owl:museum rdf:resource="http://dbpedia.org/resource/Apostolic_Palace" />
    <dbpprop:museum rdf:resource="http://dbpedia.org/resource/Apostolic_Palace" />
  </rdf:Description>
  <rdf:Description rdf:about="http://dbpedia.org/resource/The_Coronation_of_Charlemagne">
    <dbpedia-owl:museum rdf:resource="http://dbpedia.org/resource/Apostolic_Palace" />
    <dbpprop:museum rdf:resource="http://dbpedia.org/resource/Apostolic_Palace" />
  </rdf:Description>
  <rdf:Description rdf:about="http://dbpedia.org/resource/Papal_conclave,_1455">
    <dbpprop:location rdf:resource="http://dbpedia.org/resource/Apostolic_Palace" />
  </rdf:Description>
  <rdf:Description rdf:about="http://dbpedia.org/resource/The_Battle_of_the_Milvian_Bridge_(Giulio_Romano)">
    <dbpedia-owl:museum rdf:resource="http://dbpedia.org/resource/Apostolic_Palace" />
  </rdf:Description>
  <rdf:Description rdf:about="http://dbpedia.org/resource/The_Oath_of_Leo_III">
    <dbpedia-owl:museum rdf:resource="http://dbpedia.org/resource/Apostolic_Palace" />
    <dbpprop:museum rdf:resource="http://dbpedia.org/resource/Apostolic_Palace" />
  </rdf:Description>
  <rdf:Description rdf:about="http://dbpedia.org/resource/Papal_conclave,_1724">
    <dbpprop:location rdf:resource="http://dbpedia.org/resource/Apostolic_Palace" />
  </rdf:Description>
  <rdf:Description rdf:about="http://dbpedia.org/resource/Papal_conclave,_1623">
    <dbpprop:location rdf:resource="http://dbpedia.org/resource/Apostolic_Palace" />
  </rdf:Description>
  <rdf:Description rdf:about="http://dbpedia.org/resource/Papal_conclave,_1740">
    <dbpprop:location rdf:resource="http://dbpedia.org/resource/Apostolic_Palace" />
  </rdf:Description>
  <rdf:Description rdf:about="http://dbpedia.org/resource/Papal_conclave,_1700">
    <dbpprop:location rdf:resource="http://dbpedia.org/resource/Apostolic_Palace" />
  </rdf:Description>
  <rdf:Description rdf:about="http://dbpedia.org/resource/Papal_conclave,_Autumn_1590">
    <dbpprop:location rdf:resource="http://dbpedia.org/resource/Apostolic_Palace" />
  </rdf:Description>
  <rdf:Description rdf:about="http://dbpedia.org/resource/Papal_conclave,_March_1605">
    <dbpprop:location rdf:resource="http://dbpedia.org/resource/Apostolic_Palace" />
  </rdf:Description>
  <rdf:Description rdf:about="http://dbpedia.org/resource/Papal_conclave,_1758">
    <dbpprop:location rdf:resource="http://dbpedia.org/resource/Apostolic_Palace" />
  </rdf:Description>
  <rdf:Description rdf:about="http://dbpedia.org/resource/Papal_conclave,_1922">
    <dbpprop:location rdf:resource="http://dbpedia.org/resource/Apostolic_Palace" />
  </rdf:Description>
  <rdf:Description rdf:about="http://dbpedia.org/resource/Papal_conclave,_August_1978">
    <dbpprop:location rdf:resource="http://dbpedia.org/resource/Apostolic_Palace" />
  </rdf:Description>
  <rdf:Description rdf:about="http://dbpedia.org/resource/The_Donation_of_Constantine_(painting)">
    <dbpedia-owl:museum rdf:resource="http://dbpedia.org/resource/Apostolic_Palace" />
    <dbpprop:museum rdf:resource="http://dbpedia.org/resource/Apostolic_Palace" />
  </rdf:Description>
  <rdf:Description rdf:about="http://dbpedia.org/resource/Papal_conclave,_1484">
    <dbpprop:location rdf:resource="http://dbpedia.org/resource/Apostolic_Palace" />
  </rdf:Description>
  <rdf:Description rdf:about="http://dbpedia.org/resource/Apostolic_Palace">
    <rdf:type rdf:resource="http://dbpedia.org/class/yago/Object100002684" />
    <rdf:type rdf:resource="http://dbpedia.org/class/yago/House103544360" />
    <rdf:type rdf:resource="http://www.opengis.net/gml/_Feature" />
    <rdf:type rdf:resource="http://schema.org/Place" />
    <rdf:type rdf:resource="http://dbpedia.org/class/yago/Palace103878066" />
    <rdf:type rdf:resource="http://dbpedia.org/class/yago/YagoPermanentlyLocatedEntity" />
    <rdf:type rdf:resource="http://dbpedia.org/class/yago/PalacesInVaticanCity" />
    <rdf:type rdf:resource="http://dbpedia.org/class/yago/Artifact100021939" />
    <rdf:type rdf:resource="http://dbpedia.org/class/yago/Dwelling103259505" />
    <rdf:type rdf:resource="http://dbpedia.org/class/yago/Whole100003553" />
    <rdf:type rdf:resource="http://dbpedia.org/class/yago/YagoGeoEntity" />
    <rdf:type rdf:resource="http://www.w3.org/2002/07/owl#Thing" />
    <rdf:type rdf:resource="http://dbpedia.org/ontology/Building" />
    <rdf:type rdf:resource="http://dbpedia.org/ontology/ArchitecturalStructure" />
    <rdf:type rdf:resource="http://dbpedia.org/ontology/Place" />
    <rdf:type rdf:resource="http://dbpedia.org/class/yago/Structure104341686" />
    <rdf:type rdf:resource="http://dbpedia.org/class/yago/Housing103546340" />
    <rdf:type rdf:resource="http://dbpedia.org/class/yago/PhysicalEntity100001930" />
    <rdf:type rdf:resource="http://dbpedia.org/class/yago/Mansion103719053" />
    <rdf:type rdf:resource="http://dbpedia.org/class/yago/PalacesInRome" />
    <rdf:type rdf:resource="http://dbpedia.org/class/yago/Building102913152" />
    <rdf:type rdf:resource="http://dbpedia.org/class/yago/EpiscopalPalaces" />
    <owl:sameAs rdf:resource="http://it.dbpedia.org/resource/Palazzo_Apostolico" />
    <owl:sameAs rdf:resource="http://sh.dbpedia.org/resource/Apostolska_palača" />
    <owl:sameAs rdf:resource="http://ar.dbpedia.org/resource/القصر_الرسولي" />
    <owl:sameAs rdf:resource="http://ro.dbpedia.org/resource/Palatul_Apostolic" />
    <owl:sameAs rdf:resource="http://sr.dbpedia.org/resource/Апостолска_палата" />
    <owl:sameAs rdf:resource="http://zh.dbpedia.org/resource/使徒宫" />
    <owl:sameAs rdf:resource="http://he.dbpedia.org/resource/ארמון_האפיפיור" />
    <owl:sameAs rdf:resource="http://ko.dbpedia.org/resource/사도_궁전" />
    <owl:sameAs rdf:resource="http://lt.dbpedia.org/resource/Apaštalų_rūmai" />
    <owl:sameAs rdf:resource="http://sl.dbpedia.org/resource/Apostolska_palača" />
    <owl:sameAs rdf:resource="http://id.dbpedia.org/resource/Istana_Apostolik" />
    <owl:sameAs rdf:resource="http://ka.dbpedia.org/resource/აპოსტოლური_სასახლე" />
    <owl:sameAs rdf:resource="http://ta.dbpedia.org/resource/திருத்தூதரக_அரண்மனை" />
    <owl:sameAs rdf:resource="http://sk.dbpedia.org/resource/Apoštolský_palác" />
    <owl:sameAs rdf:resource="http://la.dbpedia.org/resource/Palatium_Apostolicum" />
    <owl:sameAs rdf:resource="http://www.wikidata.org/entity/Q145093" />
    <owl:sameAs rdf:resource="http://sv.dbpedia.org/resource/Apostoliska_palatset" />
    <owl:sameAs rdf:resource="http://rdf.freebase.com/ns/m.01tk_r" />
    <owl:sameAs rdf:resource="http://yago-knowledge.org/resource/Apostolic_Palace" />
    <owl:sameAs rdf:resource="http://bg.dbpedia.org/resource/Апостолически_дворец" />
    <owl:sameAs rdf:resource="http://cs.dbpedia.org/resource/Apoštolský_palác" />
    <owl:sameAs rdf:resource="http://ru.dbpedia.org/resource/Апостольский_дворец" />
    <owl:sameAs rdf:resource="http://pl.dbpedia.org/resource/Pałac_Apostolski" />
    <owl:sameAs rdf:resource="http://fr.dbpedia.org/resource/Palais_du_Vatican" />
    <owl:sameAs rdf:resource="http://dbpedia.org/resource/Apostolic_Palace" />
    <owl:sameAs rdf:resource="http://ca.dbpedia.org/resource/Palau_Vaticà" />
    <owl:sameAs rdf:resource="http://ja.dbpedia.org/resource/バチカン宮殿" />
    <owl:sameAs rdf:resource="http://th.dbpedia.org/resource/พระราชวังพระสันตะปาปา" />
    <owl:sameAs rdf:resource="http://war.dbpedia.org/resource/Palasyo_Apostolico" />
    <owl:sameAs rdf:resource="http://hr.dbpedia.org/resource/Apostolska_palača" />
    <owl:sameAs rdf:resource="http://eo.dbpedia.org/resource/Apostola_palaco" />
    <owl:sameAs rdf:resource="http://pt.dbpedia.org/resource/Palácio_Apostólico" />
    <owl:sameAs rdf:resource="http://uk.dbpedia.org/resource/Апостольський_палац" />
    <owl:sameAs rdf:resource="http://be.dbpedia.org/resource/Апостальскі_палац" />
    <owl:sameAs rdf:resource="http://nl.dbpedia.org/resource/Apostolisch_Paleis" />
    <owl:sameAs rdf:resource="http://eu.dbpedia.org/resource/Jauregi_Apostolikoa" />
    <owl:sameAs rdf:resource="http://fi.dbpedia.org/resource/Apostolinen_palatsi" />
    <owl:sameAs rdf:resource="http://no.dbpedia.org/resource/Vatikanpalasset" />
    <owl:sameAs rdf:resource="http://es.dbpedia.org/resource/Palacio_Apostólico_Vaticano" />
    <owl:sameAs rdf:resource="http://simple.dbpedia.org/resource/Apostolic_Palace" />
    <owl:sameAs rdf:resource="http://vi.dbpedia.org/resource/Điện_Tông_Tòa" />
    <owl:sameAs rdf:resource="http://de.dbpedia.org/resource/Apostolischer_Palast" />
    <dcterms:subject rdf:resource="http://dbpedia.org/resource/Category:Sites_of_papal_elections" />
    <dcterms:subject rdf:resource="http://dbpedia.org/resource/Category:Geography_of_Vatican_City" />
    <dcterms:subject rdf:resource="http://dbpedia.org/resource/Category:Sistine_Chapel" />
    <dcterms:subject rdf:resource="http://dbpedia.org/resource/Category:Episcopal_palaces" />
    <dcterms:subject rdf:resource="http://dbpedia.org/resource/Category:Apostolic_Palace" />
    <dcterms:subject rdf:resource="http://dbpedia.org/resource/Category:Official_residences" />
    <dcterms:subject rdf:resource="http://dbpedia.org/resource/Category:Palaces_in_Vatican_City" />
    <dcterms:subject rdf:resource="http://dbpedia.org/resource/Category:Palaces_in_Rome" />
    <dbpedia-owl:abstract xml:lang="it">I palazzi apostolici, detti anche palazzi papali, palazzi pontifici o palazzi vaticani, sono la residenza ufficiale del Papa nella Città del Vaticano.</dbpedia-owl:abstract>
    <dbpedia-owl:abstract xml:lang="pl">Pałac Apostolski – oficjalna rezydencja papieża, która mieści się w Watykanie. Znany jest też pod nazwą Święty Pałac, Pałac Papieski oraz Pałac Watykański. Watykan używa też nazwy Pałac Sykstusa V na cześć papieża Sykstusa V.</dbpedia-owl:abstract>
    <dbpedia-owl:abstract xml:lang="de">Der Apostolische Palast ist die offizielle Residenz des Papstes in der Vatikanstadt. Er beherbergt neben den päpstlichen Appartements auch Kapellen und Büros der römischen Kurie sowie Teile der Vatikanischen Museen.</dbpedia-owl:abstract>
    <dbpedia-owl:abstract xml:lang="fr">Le palais du Vatican ou – selon sa dénomination officielle – « palais apostolique » (appelé aussi anciennement « Sacré Palais ») est une des résidences des Papes depuis leur retour d&#39;exil à Avignon (1377). Auparavant, et pendant plus d&#39;un millénaire, les papes ont habité au palais du Latran à proximité de leur cathédrale, l&#39;archibasilique Saint-Jean de Latran. Depuis l&#39;entrée des troupes italiennes à Rome, le 20 septembre 1871, les souverains pontifes ne pouvant plus séjourner au palais du Quirinal (devenu résidence des rois d&#39;Italie, puis celle des présidents de la République italienne), qui était leur résidence d&#39;été, ils habitèrent et travaillèrent donc en permanence au palais apostolique, à proximité du tombeau de saint Pierre dont ils sont les successeurs. La construction du nouveau palais ne débuta que sous le pontificat de Nicolas V au XV siècle. Celui-ci voulut en faire le plus grand palais du monde. Mais il ne put réaliser qu&#39;une faible partie de ses projets. Le palais héberge les appartements du souverain pontife, ainsi que les bureaux de la curie romaine, la bibliothèque apostolique vaticane et une partie des musées du Vatican. C&#39;est un complexe de bâtiments de 55 000 m comprenant environ pièces, ce qui en fait le plus grand palais du monde entièrement habité. La partie des musées du Vatican incluse dans le palais comprend la chapelle Sixtine, la chapelle Nicoline, les loges de Raphaël ou les appartements Borgia.</dbpedia-owl:abstract>
    <dbpedia-owl:abstract xml:lang="es">El Palacio Apostólico, también llamado el Palacio Papal o el Palacio del Vaticano, es la residencia oficial del Papa en la Ciudad del Vaticano. El Palacio es un complejo de edificios, comprendiendo el Apartamento Papal, las oficinas de gobierno de la Iglesia Católica, un puñado de capillas, el Museo de Vaticano y la Biblioteca Vaticana. En total existen aproximadamente 1,000 habitaciones, incluyendo la célebre Capilla Sixtina con los frescos de Miguel Ángel y las Estancias de Rafael. Las otras residencias papales están en el Palacio de Letrán y en Castel Gandolfo, esta última fuera de Roma. Antes de 1871, el Palacio del Quirinal era la residencia oficial del papa en Roma. Con el fin de los Estados Pontificios en 1870, el Rey de Italia confiscó ese palacio en 1871, haciendo de él su residencia oficial; después de la abolición de la monarquía italiana en 1946, ha sido utilizado por el Presidente de la República Italiana. El actual papa Francisco no reside aquí, sino en la Casa de Santa Marta, para buscar una "forma simple de vivir y la convivencia con otros sacerdotes". Pero el Palacio Apostólico sigue siendo utilizado para audiencias y para el rezo del Ángelus.</dbpedia-owl:abstract>
    <dbpedia-owl:abstract xml:lang="nl">Het Apostolisch Paleis, ook wel Pauselijk Paleis of Heilig Paleis, is het officiële woon- en werkpaleis van de paus in Vaticaanstad. Het maakt deel uit van de Vaticaanse paleizen, die met zo&#39;n 1.400 zalen en kamers en een oppervlakte van 55.000 m² tot de grootste gebouwencomplexen ter wereld behoren. De Vaticaanse paleizen bevinden zich op een heuvel ten noorden van de Sint-Pietersbasiliek en het Sint-Pietersplein en omvatten onder meer het middeleeuwse Apostolische Paleis, de kantoren van het Staatssecretariaat, de Sixtijnse Kapel, de Biblioteca Apostolica Vaticana, het Vaticaans Archief en grote delen van de Vaticaanse Musea. Voor het ontwerp, de bouw en de inrichting van deze paleizen werden eeuwenlang de beste kunstenaars van hun tijd ingeschakeld, zoals Fra Angelico, Michelangelo, Rafaël en Bernini. Als onderdeel van Vaticaanstad zijn de apostolische paleizen dan ook door de Unesco uitgeroepen tot werelderfgoed.</dbpedia-owl:abstract>
    <dbpedia-owl:abstract xml:lang="ja">バチカン宮殿（ばちかん きゅうでん、Palazzi Apostolici, Palazzi Vaticani）は、バチカン市国内のサン・ピエトロ大聖堂に隣接するローマ教皇の住居である。 当初、バチカンには、サン・ピエトロ大聖堂に隣接して修道院、巡礼者の宿泊施設、教皇の休憩用の邸宅程度しかなかった。アヴィニョン捕囚以前の教皇の住居はラテラノ宮殿に置かれていた（サン・ジョバンニ・イン・ラテラノ大聖堂の項目を参照）。 カール大帝やオットー2世がバチカン宮殿に滞在していることから、その当時には一定の規模になっていたと考えられる。また、教皇インノケンティウス3世（1198年 - 1216年）やボニファティウス8世（1235年 - 1303年）などが増築を行っている。 アヴィニョン捕囚の後、バチカン宮殿は教皇の住居になった（当時の教皇ニコラウス5世（1455年 - 1458年）による建物が現存しているという）。1583年にクイリナーレ宮殿が竣工すると、バチカン宮殿は教皇の住居の座をクイリナーレ宮殿に譲るが、それ以降も度々増築され、図書館、システィーナ礼拝堂、博物館施設などが建てられた。博物館を一般に公開するようになるのは18世紀中期以降で、展示内容・施設は徐々に充実されていった。 イタリア統一運動（リソルジメント）を背景とした1870年の教皇領消滅によって、翌1871年より、教皇は再びバチカン宮殿に住居を移した。 バチカン博物館（Musei Vaticani、バチカン美術館とも）として、ラファエロが天井画・壁画を描いた「署名の間」（ラファエロの間）や、ルネサンス・バロック期の作品を集めた絵画館、古代ギリシャ・ローマの美術コレクションを集めたピオ・クレメンテ美術館などが公開されている。 現在、教皇の住居になっているのは、16世紀のシクストゥス5世による建物、また、教皇が謁見を行う広間は20世紀に建てられたものである。これらはもちろん非公開である。「謁見の間」にはペリクレ・ファッツィーニが製作した彫刻「キリストの復活」があり、その製作にはファッツィーニの助手の杭谷一東も参加した。</dbpedia-owl:abstract>
    <dbpedia-owl:abstract xml:lang="pt">40px Este artigo ou secção contém uma lista de fontes ou uma única fonte no fim do texto, mas esta(s) não são citadas no corpo do artigo, o que compromete a confiabilidade das informações. Coordenadas: 41º 54&#39; 13″ N, 12º 27&#39; 23″ L Palácio Apostólico </br>Palazzo Apostolico 0 Palazzo Apostolico - Piazza San Pietro (1). JPG Tipo Residência oficial Estilo dominante Renascentista, Barroco Local 20px Vaticano O Palácio Apostólico, também conhecido como Palácio Papal, Palácio Sagrado ou Palácio do Vaticano, é a residência oficial do Papa na Cidade do Vaticano. É um complexo de construções situadas ao lado da Basílica de São Pedro, que compreende hoje cerca de onze mil e 500 aposentos e 20 pátios: os Apartamentos Papais (escritórios de governo da Igreja Católica Romana), o Museu do Vaticano e a Biblioteca Apostólica Vaticana. No conjunto existem mais de mil salas. Entre as mais famosas inclui-se os afrescos admiráveis da Capela Sistina, da Capela Nicolina, da Sala Régia e dos Stanze di Raffaello (Quartos de Rafael). Mesmo quando na Idade Média os Papas viviam ainda no Palácio de Latrão, já havia alojamentos ao lado da Basílica. Um dos primeiros foi construído pelo Papa Símaco e substituído, no pontificado de Eugênio III. Mais tarde Inocêncio III o aumentou e reforçou as suas estruturas, transformando-o basicamente em uma fortaleza. Apenas resta dele a torre, no canto do Cortile del Papagallo, que forma o centro do Vaticano de hoje. Quando Gregório XI encontrou quase em ruínas o Palácio de Latrão, ao retornar do exílio em Avinhão em 1377, o Vaticano foi declarado residência oficial dos papas. Várias restaurações, extensões, fortificações foram periodicamente realizadas até que o papa Nicolau V ordenou um programa de reconstrução sistemática. Ele mandou erguer o Cortile del Papagallo e fez Fra Angelico decorar sua capela particular, a Cappella Niccolina, na torre de Inocêncio III. No pontificado do Papa Sisto IV foi construída a Capela Sistina e sob Alexandre VI o Appartamento Borgia e a Torre Borgia foram acrescentadas na ala residencial do papa, além do passetto (passagem coberta para o Castelo Sant´Angelo). Já desde o pontificado do Papa Inocêncio III foram construído, no ponto mais alto da colina Vaticana, o Palazzo del Belvedere, e sob o Papa Júlio II Bramante o uniu à parte mais antiga por meio do amplo Cortile del Belvedere. Júlio encarregou Michelangelo de pintar a Capela Sistina e Bramante de começar as loggias diante do atual Cortile di San Damaso. Rafael as decorou, no pontificado de Leão X. O Papa Paulo III confiou a decoração da Sala Regia e a construção da Capela Paulina a Antonio da Sangallo o Jovem; a capela foi pintada com afrescos por Michelangelo. No pontificado de Pio V, 1566-1572, e sob Sisto V Domenico Fontana adicionou uma ala que hoje contém os apartamentos privados do Papa, criando um segundo pátio, o cortile della Pigna. Desde tais enormes trabalhos realizados na Renascença, poucas alterações foram feitas: a maior, a monumental Scala Regia, no papado de Urbano VIII foi entregue ao gênio de Gian Lorenzo Bernini. As outras se referiram quase sempre ao aumento da superfície do Museu Vaticano (Musei Vaticani), da Pinacoteca, da Biblioteca. Até 1871 a residência oficial do Papa era o Palácio do Quirinal. Em 1870, o confiscou o palácio que se tornou sua residência oficial. Posteriormente, com a queda da monarquia italiana e abdicação de Humberto II da Itália, em 1946, veio a ser a residência do Presidente da Itália. Outras residências papais são o Palácio de Latrão, em Roma; e fora do Vaticano, Castel Gandolfo, usado para veraneio. Dentro do palácio, existe um pequeno aposento que recebe o nome de Bússola, sendo o local onde o Papa assiste às prédicas.</dbpedia-owl:abstract>
    <dbpedia-owl:abstract xml:lang="ru">Апо́стольский дворе́ц (также называемый Ватиканский дворец или Папский дворец) — официальная резиденция Папы Римского, расположенная в Ватикане. Официальное название — Дворец Сикста V (англ.  Palace of Sixtus V). В комплекс зданий Апостольского дворца входят Папские апартаменты, правительственные учреждения Римско-католической церкви, несколько часовен, Ватиканские музеи и Библиотека Ватикана. Залы для аудиенций располагаются на 3 этаже дворца, среди них Климентинский зал, Зал консисторий, Большой и Малый тронные залы, папская библиотека (кабинет Папы и помещение для частных аудиенций). На четвертом этаже находятся помещения папского секретариата. Во дворце более 1000 помещений, имеющих мировую известность благодаря находящимся в них величайшим произведениям искусства: Сикстинская капелла и её знаменитые фрески потолка, выполненные Микеланджело и Станцы Рафаэля. До переноса столицы Италии в Рим в 1871 г. летней резиденцией папы служил Квиринальский дворец. Другая папская резиденция находится в Латеранском дворце, а в городке Кастель Гандольфо располагается загородная летняя резиденция.</dbpedia-owl:abstract>
    <dbpedia-owl:abstract xml:lang="en">The Apostolic Palace is the official residence of the Pope, which is located in Vatican City. It is also known as the Sacred Palace, the Papal Palace and the Palace of the Vatican. The Vatican itself refers to the building as the Palace of Sixtus V in honor of Pope Sixtus V.</dbpedia-owl:abstract>
    <dbpedia-owl:abstract xml:lang="sv">Apostoliska palatset, även kallat Vatikanpalatset (Palazzi Vaticani) och Påvliga palatset (Palazzi Papali), är påvens officiella bostad i Vatikanstaten. Palatset är ett komplex av byggnader, däribland några av Heliga stolens förvaltningsbyggnader, en handfull kapell, Vatikanmuseerna och Vatikanbiblioteket. Totalt har palatset över 1 400 rum; de mest kända inkluderar Stanze di Raffaello (Rafaels rum) och Sixtinska kapellet med sina berömda takfresker målade av Michelangelo. Påvens privata bostad ligger i Appartamento papale, byggnaden närmast Petersplatsen.</dbpedia-owl:abstract>
    <dbpedia-owl:wikiPageID rdf:datatype="http://www.w3.org/2001/XMLSchema#integer">313895</dbpedia-owl:wikiPageID>
    <dbpedia-owl:wikiPageRevisionID rdf:datatype="http://www.w3.org/2001/XMLSchema#integer">548568391</dbpedia-owl:wikiPageRevisionID>
    <rdfs:label xml:lang="ja">バチカン宮殿</rdfs:label>
    <rdfs:label xml:lang="es">Palacio Apostólico Vaticano</rdfs:label>
    <rdfs:label xml:lang="ru">Апостольский дворец</rdfs:label>
    <rdfs:label xml:lang="sv">Apostoliska palatset</rdfs:label>
    <rdfs:label xml:lang="en">Apostolic Palace</rdfs:label>
    <rdfs:label xml:lang="pt">Palácio Apostólico</rdfs:label>
    <rdfs:label xml:lang="de">Apostolischer Palast</rdfs:label>
    <rdfs:label xml:lang="pl">Pałac Apostolski</rdfs:label>
    <rdfs:label xml:lang="nl">Apostolisch Paleis</rdfs:label>
    <rdfs:label xml:lang="fr">Palais du Vatican</rdfs:label>
    <rdfs:label xml:lang="it">Palazzo Apostolico</rdfs:label>
    <foaf:depiction rdf:resource="http://upload.wikimedia.org/wikipedia/commons/4/4f/Watykan_Plac_sw_Piora_kolumnada_Berniniego.JPG" />
    <rdfs:comment xml:lang="en">The Apostolic Palace is the official residence of the Pope, which is located in Vatican City. It is also known as the Sacred Palace, the Papal Palace and the Palace of the Vatican. The Vatican itself refers to the building as the Palace of Sixtus V in honor of Pope Sixtus V.</rdfs:comment>
    <rdfs:comment xml:lang="pl">Pałac Apostolski – oficjalna rezydencja papieża, która mieści się w Watykanie. Znany jest też pod nazwą Święty Pałac, Pałac Papieski oraz Pałac Watykański. Watykan używa też nazwy Pałac Sykstusa V na cześć papieża Sykstusa V.</rdfs:comment>
    <rdfs:comment xml:lang="pt">40px Este artigo ou secção contém uma lista de fontes ou uma única fonte no fim do texto, mas esta(s) não são citadas no corpo do artigo, o que compromete a confiabilidade das informações. Coordenadas: 41º 54&#39; 13″ N, 12º 27&#39; 23″ L Palácio Apostólico </br>Palazzo Apostolico 0 Palazzo Apostolico - Piazza San Pietro (1).</rdfs:comment>
    <rdfs:comment xml:lang="it">I palazzi apostolici, detti anche palazzi papali, palazzi pontifici o palazzi vaticani, sono la residenza ufficiale del Papa nella Città del Vaticano.</rdfs:comment>
    <rdfs:comment xml:lang="es">El Palacio Apostólico, también llamado el Palacio Papal o el Palacio del Vaticano, es la residencia oficial del Papa en la Ciudad del Vaticano. El Palacio es un complejo de edificios, comprendiendo el Apartamento Papal, las oficinas de gobierno de la Iglesia Católica, un puñado de capillas, el Museo de Vaticano y la Biblioteca Vaticana. En total existen aproximadamente 1,000 habitaciones, incluyendo la célebre Capilla Sixtina con los frescos de Miguel Ángel y las Estancias de Rafael.</rdfs:comment>
    <rdfs:comment xml:lang="ja">バチカン宮殿（ばちかん きゅうでん、Palazzi Apostolici, Palazzi Vaticani）は、バチカン市国内のサン・ピエトロ大聖堂に隣接するローマ教皇の住居である。 当初、バチカンには、サン・ピエトロ大聖堂に隣接して修道院、巡礼者の宿泊施設、教皇の休憩用の邸宅程度しかなかった。アヴィニョン捕囚以前の教皇の住居はラテラノ宮殿に置かれていた（サン・ジョバンニ・イン・ラテラノ大聖堂の項目を参照）。 カール大帝やオットー2世がバチカン宮殿に滞在していることから、その当時には一定の規模になっていたと考えられる。また、教皇インノケンティウス3世（1198年 - 1216年）やボニファティウス8世（1235年 - 1303年）などが増築を行っている。 アヴィニョン捕囚の後、バチカン宮殿は教皇の住居になった（当時の教皇ニコラウス5世（1455年 - 1458年）による建物が現存しているという）。1583年にクイリナーレ宮殿が竣工すると、バチカン宮殿は教皇の住居の座をクイリナーレ宮殿に譲るが、それ以降も度々増築され、図書館、システィーナ礼拝堂、博物館施設などが建てられた。博物館を一般に公開するようになるのは18世紀中期以降で、展示内容・施設は徐々に充実されていった。 イタリア統一運動（リソルジメント）を背景とした1870年の教皇領消滅によって、翌1871年より、教皇は再びバチカン宮殿に住居を移した。 バチカン博物館（Musei Vaticani、バチカン美術館とも）として、ラファエロが天井画・壁画を描いた「署名の間」（ラファエロの間）や、ルネサンス・バロック期の作品を集めた絵画館、古代ギリシャ・ローマの美術コレクションを集めたピオ・クレメンテ美術館などが公開されている。 現在、教皇の住居になっているのは、16世紀のシクストゥス5世による建物、また、教皇が謁見を行う広間は20世紀に建てられたものである。これらはもちろん非公開である。「謁見の間」にはペリクレ・ファッツィーニが製作した彫刻「キリストの復活」があり、その製作にはファッツィーニの助手の杭谷一東も参加した。</rdfs:comment>
    <rdfs:comment xml:lang="de">Der Apostolische Palast ist die offizielle Residenz des Papstes in der Vatikanstadt. Er beherbergt neben den päpstlichen Appartements auch Kapellen und Büros der römischen Kurie sowie Teile der Vatikanischen Museen.</rdfs:comment>
    <rdfs:comment xml:lang="ru">Апо́стольский дворе́ц (также называемый Ватиканский дворец или Папский дворец) — официальная резиденция Папы Римского, расположенная в Ватикане. Официальное название — Дворец Сикста V (англ.  Palace of Sixtus V). В комплекс зданий Апостольского дворца входят Папские апартаменты, правительственные учреждения Римско-католической церкви, несколько часовен, Ватиканские музеи и Библиотека Ватикана.</rdfs:comment>
    <rdfs:comment xml:lang="nl">Het Apostolisch Paleis, ook wel Pauselijk Paleis of Heilig Paleis, is het officiële woon- en werkpaleis van de paus in Vaticaanstad. Het maakt deel uit van de Vaticaanse paleizen, die met zo&#39;n 1.400 zalen en kamers en een oppervlakte van 55.000 m² tot de grootste gebouwencomplexen ter wereld behoren.</rdfs:comment>
    <rdfs:comment xml:lang="fr">Le palais du Vatican ou – selon sa dénomination officielle – « palais apostolique » (appelé aussi anciennement « Sacré Palais ») est une des résidences des Papes depuis leur retour d&#39;exil à Avignon (1377). Auparavant, et pendant plus d&#39;un millénaire, les papes ont habité au palais du Latran à proximité de leur cathédrale, l&#39;archibasilique Saint-Jean de Latran.</rdfs:comment>
    <rdfs:comment xml:lang="sv">Apostoliska palatset, även kallat Vatikanpalatset (Palazzi Vaticani) och Påvliga palatset (Palazzi Papali), är påvens officiella bostad i Vatikanstaten. Palatset är ett komplex av byggnader, däribland några av Heliga stolens förvaltningsbyggnader, en handfull kapell, Vatikanmuseerna och Vatikanbiblioteket. Totalt har palatset över 1 400 rum; de mest kända inkluderar Stanze di Raffaello (Rafaels rum) och Sixtinska kapellet med sina berömda takfresker målade av Michelangelo.</rdfs:comment>
    <dbpedia-owl:thumbnail rdf:resource="http://upload.wikimedia.org/wikipedia/commons/thumb/4/4f/Watykan_Plac_sw_Piora_kolumnada_Berniniego.JPG/200px-Watykan_Plac_sw_Piora_kolumnada_Berniniego.JPG" />
    <geo:geometry rdf:datatype="http://www.openlinksw.com/schemas/virtrdf#Geometry">POINT(12.4564 41.9036)</geo:geometry>
    <foaf:isPrimaryTopicOf rdf:resource="http://en.wikipedia.org/wiki/Apostolic_Palace" />
    <geo:long rdf:datatype="http://www.w3.org/2001/XMLSchema#float">12.4564</geo:long>
    <geo:lat rdf:datatype="http://www.w3.org/2001/XMLSchema#float">41.9036</geo:lat>
    <ns8:wasDerivedFrom rdf:resource="http://en.wikipedia.org/wiki/Apostolic_Palace?oldid=548568391" />
    <grs:point xml:lang="en">41.90361111111111 12.456388888888888</grs:point>
    <dbpprop:hasPhotoCollection rdf:resource="http://wifo5-03.informatik.uni-mannheim.de/flickrwrappr/photos/Apostolic_Palace" />
  </rdf:Description>
  <rdf:Description rdf:about="http://dbpedia.org/resource/Niccoline_Chapel">
    <dbpedia-owl:museum rdf:resource="http://dbpedia.org/resource/Apostolic_Palace" />
    <dbpprop:museum rdf:resource="http://dbpedia.org/resource/Apostolic_Palace" />
  </rdf:Description>
  <rdf:Description rdf:about="http://dbpedia.org/resource/The_Battle_of_Ostia">
    <dbpedia-owl:museum rdf:resource="http://dbpedia.org/resource/Apostolic_Palace" />
    <dbpprop:museum rdf:resource="http://dbpedia.org/resource/Apostolic_Palace" />
  </rdf:Description>
  <rdf:Description rdf:about="http://dbpedia.org/resource/Palace_of_Sixtus_V">
    <dbpedia-owl:wikiPageRedirects rdf:resource="http://dbpedia.org/resource/Apostolic_Palace" />
  </rdf:Description>
  <rdf:Description rdf:about="http://dbpedia.org/resource/Palazzo_Apostolico">
    <dbpedia-owl:wikiPageRedirects rdf:resource="http://dbpedia.org/resource/Apostolic_Palace" />
  </rdf:Description>
  <rdf:Description rdf:about="http://dbpedia.org/resource/Patriarchium">
    <dbpedia-owl:wikiPageRedirects rdf:resource="http://dbpedia.org/resource/Apostolic_Palace" />
  </rdf:Description>
  <rdf:Description rdf:about="http://dbpedia.org/resource/Sacred_Apostolic_Palace">
    <dbpedia-owl:wikiPageRedirects rdf:resource="http://dbpedia.org/resource/Apostolic_Palace" />
  </rdf:Description>
  <rdf:Description rdf:about="http://dbpedia.org/resource/Sacred_Palace">
    <dbpedia-owl:wikiPageRedirects rdf:resource="http://dbpedia.org/resource/Apostolic_Palace" />
  </rdf:Description>
  <rdf:Description rdf:about="http://dbpedia.org/resource/Papal_conclave,_1691">
    <dbpprop:location rdf:resource="http://dbpedia.org/resource/Apostolic_Palace" />
  </rdf:Description>
  <rdf:Description rdf:about="http://dbpedia.org/resource/Prophet_Daniel_(Michelangelo)">
    <dbpedia-owl:museum rdf:resource="http://dbpedia.org/resource/Apostolic_Palace" />
    <dbpprop:museum rdf:resource="http://dbpedia.org/resource/Apostolic_Palace" />
  </rdf:Description>
  <rdf:Description rdf:about="http://dbpedia.org/resource/Prophet_Isaiah_(Michelangelo)">
    <dbpedia-owl:museum rdf:resource="http://dbpedia.org/resource/Apostolic_Palace" />
    <dbpprop:museum rdf:resource="http://dbpedia.org/resource/Apostolic_Palace" />
  </rdf:Description>
  <rdf:Description rdf:about="http://dbpedia.org/resource/Prophet_Jonah_(Michelangelo)">
    <dbpedia-owl:museum rdf:resource="http://dbpedia.org/resource/Apostolic_Palace" />
    <dbpprop:museum rdf:resource="http://dbpedia.org/resource/Apostolic_Palace" />
  </rdf:Description>
  <rdf:Description rdf:about="http://dbpedia.org/resource/The_Vision_of_the_Cross">
    <dbpedia-owl:museum rdf:resource="http://dbpedia.org/resource/Apostolic_Palace" />
    <dbpprop:museum rdf:resource="http://dbpedia.org/resource/Apostolic_Palace" />
  </rdf:Description>
  <rdf:Description rdf:about="http://dbpedia.org/resource/Papal_conclave,_May_1555">
    <dbpprop:location rdf:resource="http://dbpedia.org/resource/Apostolic_Palace" />
  </rdf:Description>
  <rdf:Description rdf:about="http://dbpedia.org/resource/Apostolic">
    <dbpedia-owl:wikiPageDisambiguates rdf:resource="http://dbpedia.org/resource/Apostolic_Palace" />
  </rdf:Description>
  <rdf:Description rdf:about="http://dbpedia.org/resource/Papal_conclave,_May_1605">
    <dbpprop:location rdf:resource="http://dbpedia.org/resource/Apostolic_Palace" />
  </rdf:Description>
  <rdf:Description rdf:about="http://dbpedia.org/resource/Papal_conclave,_1559">
    <dbpprop:location rdf:resource="http://dbpedia.org/resource/Apostolic_Palace" />
  </rdf:Description>
  <rdf:Description rdf:about="http://dbpedia.org/resource/The_School_of_Athens">
    <dbpedia-owl:museum rdf:resource="http://dbpedia.org/resource/Apostolic_Palace" />
    <dbpprop:museum rdf:resource="http://dbpedia.org/resource/Apostolic_Palace" />
  </rdf:Description>
  <rdf:Description rdf:about="http://dbpedia.org/resource/Papal_conclave,_1464">
    <dbpprop:location rdf:resource="http://dbpedia.org/resource/Apostolic_Palace" />
  </rdf:Description>
  <rdf:Description rdf:about="http://dbpedia.org/resource/Papal_conclave,_1730">
    <dbpprop:location rdf:resource="http://dbpedia.org/resource/Apostolic_Palace" />
  </rdf:Description>
  <rdf:Description rdf:about="http://dbpedia.org/resource/The_Mass_at_Bolsena">
    <dbpedia-owl:museum rdf:resource="http://dbpedia.org/resource/Apostolic_Palace" />
    <dbpprop:museum rdf:resource="http://dbpedia.org/resource/Apostolic_Palace" />
  </rdf:Description>
  <rdf:Description rdf:about="http://dbpedia.org/resource/Deliverance_of_Saint_Peter">
    <dbpedia-owl:museum rdf:resource="http://dbpedia.org/resource/Apostolic_Palace" />
    <dbpprop:museum rdf:resource="http://dbpedia.org/resource/Apostolic_Palace" />
  </rdf:Description>
  <rdf:Description rdf:about="http://dbpedia.org/resource/The_Baptism_of_Constantine">
    <dbpedia-owl:museum rdf:resource="http://dbpedia.org/resource/Apostolic_Palace" />
  </rdf:Description>
  <rdf:Description rdf:about="http://dbpedia.org/resource/The_Expulsion_of_Heliodorus_from_the_Temple">
    <dbpedia-owl:museum rdf:resource="http://dbpedia.org/resource/Apostolic_Palace" />
    <dbpprop:museum rdf:resource="http://dbpedia.org/resource/Apostolic_Palace" />
  </rdf:Description>
  <rdf:Description rdf:about="http://dbpedia.org/resource/The_Fire_in_the_Borgo">
    <dbpedia-owl:museum rdf:resource="http://dbpedia.org/resource/Apostolic_Palace" />
    <dbpprop:museum rdf:resource="http://dbpedia.org/resource/Apostolic_Palace" />
  </rdf:Description>
  <rdf:Description rdf:about="http://dbpedia.org/resource/The_Parnassus">
    <dbpedia-owl:museum rdf:resource="http://dbpedia.org/resource/Apostolic_Palace" />
    <dbpprop:museum rdf:resource="http://dbpedia.org/resource/Apostolic_Palace" />
  </rdf:Description>
  <rdf:Description rdf:about="http://dbpedia.org/resource/The_Conversion_of_Saul_(Michelangelo)">
    <dbpedia-owl:museum rdf:resource="http://dbpedia.org/resource/Apostolic_Palace" />
    <dbpprop:museum rdf:resource="http://dbpedia.org/resource/Apostolic_Palace" />
  </rdf:Description>
  <rdf:Description rdf:about="http://dbpedia.org/resource/Papal_conclave,_September_1590">
    <dbpprop:location rdf:resource="http://dbpedia.org/resource/Apostolic_Palace" />
  </rdf:Description>
  <rdf:Description rdf:about="http://dbpedia.org/resource/Vatican_Palace">
    <dbpedia-owl:wikiPageRedirects rdf:resource="http://dbpedia.org/resource/Apostolic_Palace" />
  </rdf:Description>
  <rdf:Description rdf:about="http://dbpedia.org/resource/The_Crucifixion_of_St._Peter_(Michelangelo)">
    <dbpedia-owl:museum rdf:resource="http://dbpedia.org/resource/Apostolic_Palace" />
    <dbpprop:museum rdf:resource="http://dbpedia.org/resource/Apostolic_Palace" />
  </rdf:Description>
  <rdf:Description rdf:about="http://dbpedia.org/resource/Papal_conclave,_1565%E2%80%9366">
    <dbpprop:location rdf:resource="http://dbpedia.org/resource/Apostolic_Palace" />
  </rdf:Description>
  <rdf:Description rdf:about="http://dbpedia.org/resource/Papal_conclave,_1521%E2%80%9322">
    <dbpprop:location rdf:resource="http://dbpedia.org/resource/Apostolic_Palace" />
  </rdf:Description>
  <rdf:Description rdf:about="http://dbpedia.org/resource/Papal_conclave,_1669%E2%80%9370">
    <dbpprop:location rdf:resource="http://dbpedia.org/resource/Apostolic_Palace" />
  </rdf:Description>
  <rdf:Description rdf:about="http://dbpedia.org/resource/Papal_conclave,_1774%E2%80%9375">
    <dbpprop:location rdf:resource="http://dbpedia.org/resource/Apostolic_Palace" />
  </rdf:Description>
  <rdf:Description rdf:about="http://dbpedia.org/resource/Papal_conclave,_1549%E2%80%9350">
    <dbpprop:location rdf:resource="http://dbpedia.org/resource/Apostolic_Palace" />
  </rdf:Description>
  <rdf:Description rdf:about="http://pl.dbpedia.org/resource/Pałac_Apostolski">
    <owl:sameAs rdf:resource="http://dbpedia.org/resource/Apostolic_Palace" />
  </rdf:Description>
  <rdf:Description rdf:about="http://nl.dbpedia.org/resource/Apostolisch_Paleis">
    <owl:sameAs rdf:resource="http://dbpedia.org/resource/Apostolic_Palace" />
  </rdf:Description>
  <rdf:Description rdf:about="http://eu.dbpedia.org/resource/Jauregi_Apostolikoa">
    <owl:sameAs rdf:resource="http://dbpedia.org/resource/Apostolic_Palace" />
  </rdf:Description>
  <rdf:Description rdf:about="http://dbpedia.org/resource/Papal_conclave,_2013">
    <dbpprop:location rdf:resource="http://dbpedia.org/resource/Apostolic_Palace" />
  </rdf:Description>
  <rdf:Description rdf:about="http://wikidata.dbpedia.org/resource/Q145093">
    <owl:sameAs rdf:resource="http://dbpedia.org/resource/Apostolic_Palace" />
  </rdf:Description>
  <rdf:Description rdf:about="http://zh.dbpedia.org/resource/使徒宫">
    <owl:sameAs rdf:resource="http://dbpedia.org/resource/Apostolic_Palace" />
  </rdf:Description>
  <rdf:Description rdf:about="http://ar.dbpedia.org/resource/القصر_الرسولي">
    <owl:sameAs rdf:resource="http://dbpedia.org/resource/Apostolic_Palace" />
  </rdf:Description>
  <rdf:Description rdf:about="http://be.dbpedia.org/resource/Апостальскі_палац">
    <owl:sameAs rdf:resource="http://dbpedia.org/resource/Apostolic_Palace" />
  </rdf:Description>
  <rdf:Description rdf:about="http://bg.dbpedia.org/resource/Апостолически_дворец">
    <owl:sameAs rdf:resource="http://dbpedia.org/resource/Apostolic_Palace" />
  </rdf:Description>
  <rdf:Description rdf:about="http://ca.dbpedia.org/resource/Palau_Vaticà">
    <owl:sameAs rdf:resource="http://dbpedia.org/resource/Apostolic_Palace" />
  </rdf:Description>
  <rdf:Description rdf:about="http://eo.dbpedia.org/resource/Apostola_palaco">
    <owl:sameAs rdf:resource="http://dbpedia.org/resource/Apostolic_Palace" />
  </rdf:Description>
  <rdf:Description rdf:about="http://fi.dbpedia.org/resource/Apostolinen_palatsi">
    <owl:sameAs rdf:resource="http://dbpedia.org/resource/Apostolic_Palace" />
  </rdf:Description>
  <rdf:Description rdf:about="http://he.dbpedia.org/resource/ארמון_האפיפיור">
    <owl:sameAs rdf:resource="http://dbpedia.org/resource/Apostolic_Palace" />
  </rdf:Description>
  <rdf:Description rdf:about="http://hr.dbpedia.org/resource/Apostolska_palača">
    <owl:sameAs rdf:resource="http://dbpedia.org/resource/Apostolic_Palace" />
  </rdf:Description>
  <rdf:Description rdf:about="http://id.dbpedia.org/resource/Istana_Apostolik">
    <owl:sameAs rdf:resource="http://dbpedia.org/resource/Apostolic_Palace" />
  </rdf:Description>
  <rdf:Description rdf:about="http://ka.dbpedia.org/resource/აპოსტოლური_სასახლე">
    <owl:sameAs rdf:resource="http://dbpedia.org/resource/Apostolic_Palace" />
  </rdf:Description>
  <rdf:Description rdf:about="http://la.dbpedia.org/resource/Palatium_Apostolicum">
    <owl:sameAs rdf:resource="http://dbpedia.org/resource/Apostolic_Palace" />
  </rdf:Description>
  <rdf:Description rdf:about="http://lt.dbpedia.org/resource/Apaštalų_rūmai">
    <owl:sameAs rdf:resource="http://dbpedia.org/resource/Apostolic_Palace" />
  </rdf:Description>
  <rdf:Description rdf:about="http://no.dbpedia.org/resource/Vatikanpalasset">
    <owl:sameAs rdf:resource="http://dbpedia.org/resource/Apostolic_Palace" />
  </rdf:Description>
  <rdf:Description rdf:about="http://ro.dbpedia.org/resource/Palatul_Apostolic">
    <owl:sameAs rdf:resource="http://dbpedia.org/resource/Apostolic_Palace" />
  </rdf:Description>
  <rdf:Description rdf:about="http://sh.dbpedia.org/resource/Apostolska_palača">
    <owl:sameAs rdf:resource="http://dbpedia.org/resource/Apostolic_Palace" />
  </rdf:Description>
  <rdf:Description rdf:about="http://simple.dbpedia.org/resource/Apostolic_Palace">
    <owl:sameAs rdf:resource="http://dbpedia.org/resource/Apostolic_Palace" />
  </rdf:Description>
  <rdf:Description rdf:about="http://sk.dbpedia.org/resource/Apoštolský_palác">
    <owl:sameAs rdf:resource="http://dbpedia.org/resource/Apostolic_Palace" />
  </rdf:Description>
  <rdf:Description rdf:about="http://sl.dbpedia.org/resource/Apostolska_palača">
    <owl:sameAs rdf:resource="http://dbpedia.org/resource/Apostolic_Palace" />
  </rdf:Description>
  <rdf:Description rdf:about="http://sr.dbpedia.org/resource/Апостолска_палата">
    <owl:sameAs rdf:resource="http://dbpedia.org/resource/Apostolic_Palace" />
  </rdf:Description>
  <rdf:Description rdf:about="http://sv.dbpedia.org/resource/Apostoliska_palatset">
    <owl:sameAs rdf:resource="http://dbpedia.org/resource/Apostolic_Palace" />
  </rdf:Description>
  <rdf:Description rdf:about="http://ta.dbpedia.org/resource/திருத்தூதரக_அரண்மனை">
    <owl:sameAs rdf:resource="http://dbpedia.org/resource/Apostolic_Palace" />
  </rdf:Description>
  <rdf:Description rdf:about="http://th.dbpedia.org/resource/พระราชวังพระสันตะปาปา">
    <owl:sameAs rdf:resource="http://dbpedia.org/resource/Apostolic_Palace" />
  </rdf:Description>
  <rdf:Description rdf:about="http://uk.dbpedia.org/resource/Апостольський_палац">
    <owl:sameAs rdf:resource="http://dbpedia.org/resource/Apostolic_Palace" />
  </rdf:Description>
  <rdf:Description rdf:about="http://vi.dbpedia.org/resource/Điện_Tông_Tòa">
    <owl:sameAs rdf:resource="http://dbpedia.org/resource/Apostolic_Palace" />
  </rdf:Description>
  <rdf:Description rdf:about="http://war.dbpedia.org/resource/Palasyo_Apostolico">
    <owl:sameAs rdf:resource="http://dbpedia.org/resource/Apostolic_Palace" />
  </rdf:Description>
</rdf:RDF>
