<?xml version="1.0" encoding="utf-8" ?>
<rdf:RDF
	xmlns:rdf="http://www.w3.org/1999/02/22-rdf-syntax-ns#"
	xmlns:rdfs="http://www.w3.org/2000/01/rdf-schema#"
	xmlns:owl="http://www.w3.org/2002/07/owl#"
	xmlns:dcterms="http://purl.org/dc/terms/"
	xmlns:dbpedia-owl="http://dbpedia.org/ontology/"
	xmlns:foaf="http://xmlns.com/foaf/0.1/"
	xmlns:dbpprop="http://dbpedia.org/property/"
	xmlns:geo="http://www.w3.org/2003/01/geo/wgs84_pos#"
	xmlns:ns8="http://www.w3.org/ns/prov#"
	xmlns:grs="http://www.georss.org/georss/" >
  <rdf:Description rdf:about="http://dbpedia.org/resource/Zeno_of_Verona">
    <dbpedia-owl:majorShrine rdf:resource="http://dbpedia.org/resource/Basilica_of_San_Zeno,_Verona" />
  </rdf:Description>
  <rdf:Description rdf:about="http://dbpedia.org/resource/Riccardo_Cazzola">
    <dbpedia-owl:team rdf:resource="http://dbpedia.org/resource/Basilica_of_San_Zeno,_Verona" />
    <dbpprop:youthclubs rdf:resource="http://dbpedia.org/resource/Basilica_of_San_Zeno,_Verona" />
  </rdf:Description>
  <rdf:Description rdf:about="http://es.dbpedia.org/resource/Basílica_de_San_Zenón">
    <owl:sameAs rdf:resource="http://dbpedia.org/resource/Basilica_of_San_Zeno,_Verona" />
  </rdf:Description>
  <rdf:Description rdf:about="http://pl.dbpedia.org/resource/Bazylika_św._Zenona_w_Weronie">
    <owl:sameAs rdf:resource="http://dbpedia.org/resource/Basilica_of_San_Zeno,_Verona" />
  </rdf:Description>
  <rdf:Description rdf:about="http://ru.dbpedia.org/resource/Сан-Дзено_Маджоре">
    <owl:sameAs rdf:resource="http://dbpedia.org/resource/Basilica_of_San_Zeno,_Verona" />
  </rdf:Description>
  <rdf:Description rdf:about="http://de.dbpedia.org/resource/San_Zeno_Maggiore">
    <owl:sameAs rdf:resource="http://dbpedia.org/resource/Basilica_of_San_Zeno,_Verona" />
  </rdf:Description>
  <rdf:Description rdf:about="http://fr.dbpedia.org/resource/Basilique_San_Zeno_de_Vérone">
    <owl:sameAs rdf:resource="http://dbpedia.org/resource/Basilica_of_San_Zeno,_Verona" />
  </rdf:Description>
  <rdf:Description rdf:about="http://dbpedia.org/resource/Proculus_of_Verona">
    <dbpedia-owl:majorShrine rdf:resource="http://dbpedia.org/resource/Basilica_of_San_Zeno,_Verona" />
  </rdf:Description>
  <rdf:Description rdf:about="http://dbpedia.org/resource/San_Zeno_Altarpiece_(Mantegna)">
    <dbpedia-owl:museum rdf:resource="http://dbpedia.org/resource/Basilica_of_San_Zeno,_Verona" />
  </rdf:Description>
  <rdf:Description rdf:about="http://dbpedia.org/resource/Basilica_di_San_Zeno">
    <dbpedia-owl:wikiPageRedirects rdf:resource="http://dbpedia.org/resource/Basilica_of_San_Zeno,_Verona" />
  </rdf:Description>
  <rdf:Description rdf:about="http://dbpedia.org/resource/San_Zeno_(disambiguation)">
    <dbpedia-owl:wikiPageDisambiguates rdf:resource="http://dbpedia.org/resource/Basilica_of_San_Zeno,_Verona" />
  </rdf:Description>
  <rdf:Description rdf:about="http://dbpedia.org/resource/Euprepius_of_Verona">
    <dbpedia-owl:majorShrine rdf:resource="http://dbpedia.org/resource/Basilica_of_San_Zeno,_Verona" />
  </rdf:Description>
  <rdf:Description rdf:about="http://cs.dbpedia.org/resource/San_Zeno_Maggiore_(Verona)">
    <owl:sameAs rdf:resource="http://dbpedia.org/resource/Basilica_of_San_Zeno,_Verona" />
  </rdf:Description>
  <rdf:Description rdf:about="http://it.dbpedia.org/resource/Basilica_di_San_Zeno">
    <owl:sameAs rdf:resource="http://dbpedia.org/resource/Basilica_of_San_Zeno,_Verona" />
  </rdf:Description>
  <rdf:Description rdf:about="http://dbpedia.org/resource/Basilica_of_San_Zeno,_Verona">
    <rdf:type rdf:resource="http://www.opengis.net/gml/_Feature" />
    <owl:sameAs rdf:resource="http://it.dbpedia.org/resource/Basilica_di_San_Zeno" />
    <owl:sameAs rdf:resource="http://de.dbpedia.org/resource/San_Zeno_Maggiore" />
    <owl:sameAs rdf:resource="http://es.dbpedia.org/resource/Basílica_de_San_Zenón" />
    <owl:sameAs rdf:resource="http://www.wikidata.org/entity/Q1763642" />
    <owl:sameAs rdf:resource="http://cs.dbpedia.org/resource/San_Zeno_Maggiore_(Verona)" />
    <owl:sameAs rdf:resource="http://fi.dbpedia.org/resource/San_Zeno_Maggiore" />
    <owl:sameAs rdf:resource="http://pl.dbpedia.org/resource/Bazylika_św._Zenona_w_Weronie" />
    <owl:sameAs rdf:resource="http://rdf.freebase.com/ns/m.02rsx7d" />
    <owl:sameAs rdf:resource="http://fr.dbpedia.org/resource/Basilique_San_Zeno_de_Vérone" />
    <owl:sameAs rdf:resource="http://zh.dbpedia.org/resource/圣柴诺圣殿" />
    <owl:sameAs rdf:resource="http://dbpedia.org/resource/Basilica_of_San_Zeno,_Verona" />
    <owl:sameAs rdf:resource="http://ru.dbpedia.org/resource/Сан-Дзено_Маджоре" />
    <dcterms:subject rdf:resource="http://dbpedia.org/resource/Category:Towers_in_Italy" />
    <dcterms:subject rdf:resource="http://dbpedia.org/resource/Category:Monasteries_in_Veneto" />
    <dcterms:subject rdf:resource="http://dbpedia.org/resource/Category:960s_architecture" />
    <dcterms:subject rdf:resource="http://dbpedia.org/resource/Category:Churches_in_Verona" />
    <dcterms:subject rdf:resource="http://dbpedia.org/resource/Category:Basilica_churches_in_Italy" />
    <dcterms:subject rdf:resource="http://dbpedia.org/resource/Category:Romanesque_architecture_in_Italy" />
    <dcterms:subject rdf:resource="http://dbpedia.org/resource/Category:5th-century_Roman_Catholic_church_buildings" />
    <dbpedia-owl:abstract xml:lang="en">The Basilica di San Zeno (also known as San Zeno Maggiore) is a minor basilica of Verona, Northern Italy. Its fame rests partly on its architecture and partly upon the tradition that its crypt was the place of the marriage of Shakespeare&#39;s Romeo and Juliet. Together with the abbey which forms an annex, it is dedicated to St. Zeno of Verona.</dbpedia-owl:abstract>
    <dbpedia-owl:abstract xml:lang="pl">Bazylika św. Zenona w Weronie – kościół benedyktyński ze słynnym portalem zachodnim zbudowanym około 1138 roku. Po bokach portalu umieszczone są dwa bogato rzeźbione zespoły marmurowych kwater. Po prawej stronie, sześć górnych kwater zawiera sceny z Księgi Rodzaju, dwie najniższe natomiast sceny związane z królem Teodorykiem. Po lewej stronie znajdują się sceny z Nowego Testamentu. Drzwi wejściowe są obłożone 48 płytami z brązu datowanymi na połowę XII wieku.</dbpedia-owl:abstract>
    <dbpedia-owl:abstract xml:lang="it">La basilica di San Zeno a Verona è considerata uno dei capolavori del romanico in Italia. Si sviluppa su tre livelli e l&#39;attuale struttura fu impostata nel X-XI secolo. Il nome del santo viene talvolta riportato in altri due modi, e così viene talvolta nominata la basilica di Verona: San Zeno Maggiore o San Zenone. Tra le numerose opere d&#39;arte, ospita un capolavoro di Andrea Mantegna, la pala di San Zeno.</dbpedia-owl:abstract>
    <dbpedia-owl:abstract xml:lang="es">La Basílica de San Zenón (en italiano, Basilica di San Zeno, también conocida como San Zeno Maggiore) es el edificio religioso más conocido de Verona, en Italia septentrional. Su fama descansa en parte en su arquitectura, y en parte a que según la tradición su cripta fue el lugar donde se casaron Romeo y Julieta. Junto con la abadía que forma un anejo, está bajo la advocación del santo Zenón de Verona.</dbpedia-owl:abstract>
    <dbpedia-owl:abstract xml:lang="zh">圣柴诺圣殿（Basilica di San Zeno）是一座罗马天主教宗座圣殿，位于意大利北部城市维罗纳。供奉圣柴诺。 该堂为维罗纳后来所有罗曼式建筑的楷模。 该堂为拉丁十字平面，有一个通廊，两个侧廊，以科林斯柱隔开。天花板为14世纪原物。 传说其地下室为莎士比亚的《罗密欧与朱丽叶》的结婚地点。</dbpedia-owl:abstract>
    <dbpedia-owl:abstract xml:lang="fr">La basilique San Zeno, appelée aussi San Zeno Maggiore ou San Zenone, est une église de style roman construite à Vérone, dans la région de Vénétie. Elle se développe sur trois niveaux et sa structure actuelle fut imposée à la fin du XI siècle. À l&#39;intérieur, elle abrite, entre autres, le retable de San Zeno, chef-d&#39;œuvre d&#39;Andrea Mantegna.</dbpedia-owl:abstract>
    <dbpedia-owl:abstract xml:lang="de">Die Kirche San Zeno ist eine der bedeutendsten Kirchen Veronas. Sie wurde im 12. und 13. Jahrhundert erbaut. Während ein Großteil der Kirche von der Romanik geprägt ist, zeigen sich in der Decke schon gotische Formen. Beeindruckend sind vor allem der Campanile (Glockenturm) sowie das große Rundfenster der Fassade. Am 16. Juni 1973 erhielt sie den Ehrentitel Basilica minor.</dbpedia-owl:abstract>
    <dbpedia-owl:abstract xml:lang="ru">Сан-Дзено Маджоре — романская базилика в Вероне, построена над местом захоронения первого веронского епископа — Зинона Веронийского.</dbpedia-owl:abstract>
    <dbpedia-owl:wikiPageID rdf:datatype="http://www.w3.org/2001/XMLSchema#integer">11798959</dbpedia-owl:wikiPageID>
    <dbpedia-owl:wikiPageRevisionID rdf:datatype="http://www.w3.org/2001/XMLSchema#integer">546034606</dbpedia-owl:wikiPageRevisionID>
    <rdfs:label xml:lang="fr">Basilique San Zeno de Vérone</rdfs:label>
    <rdfs:label xml:lang="es">Basílica de San Zenón</rdfs:label>
    <rdfs:label xml:lang="en">Basilica of San Zeno, Verona</rdfs:label>
    <rdfs:label xml:lang="de">San Zeno Maggiore</rdfs:label>
    <rdfs:label xml:lang="pl">Bazylika św. Zenona w Weronie</rdfs:label>
    <rdfs:label xml:lang="ru">Сан-Дзено Маджоре</rdfs:label>
    <rdfs:label xml:lang="it">Basilica di San Zeno</rdfs:label>
    <rdfs:label xml:lang="zh">圣柴诺圣殿</rdfs:label>
    <foaf:depiction rdf:resource="http://upload.wikimedia.org/wikipedia/commons/a/ac/Basilicasanzenoverona.jpg" />
    <rdfs:comment xml:lang="de">Die Kirche San Zeno ist eine der bedeutendsten Kirchen Veronas. Sie wurde im 12. und 13. Jahrhundert erbaut. Während ein Großteil der Kirche von der Romanik geprägt ist, zeigen sich in der Decke schon gotische Formen. Beeindruckend sind vor allem der Campanile (Glockenturm) sowie das große Rundfenster der Fassade. Am 16. Juni 1973 erhielt sie den Ehrentitel Basilica minor.</rdfs:comment>
    <rdfs:comment xml:lang="it">La basilica di San Zeno a Verona è considerata uno dei capolavori del romanico in Italia. Si sviluppa su tre livelli e l&#39;attuale struttura fu impostata nel X-XI secolo. Il nome del santo viene talvolta riportato in altri due modi, e così viene talvolta nominata la basilica di Verona: San Zeno Maggiore o San Zenone. Tra le numerose opere d&#39;arte, ospita un capolavoro di Andrea Mantegna, la pala di San Zeno.</rdfs:comment>
    <rdfs:comment xml:lang="es">La Basílica de San Zenón (en italiano, Basilica di San Zeno, también conocida como San Zeno Maggiore) es el edificio religioso más conocido de Verona, en Italia septentrional. Su fama descansa en parte en su arquitectura, y en parte a que según la tradición su cripta fue el lugar donde se casaron Romeo y Julieta. Junto con la abadía que forma un anejo, está bajo la advocación del santo Zenón de Verona.</rdfs:comment>
    <rdfs:comment xml:lang="fr">La basilique San Zeno, appelée aussi San Zeno Maggiore ou San Zenone, est une église de style roman construite à Vérone, dans la région de Vénétie. Elle se développe sur trois niveaux et sa structure actuelle fut imposée à la fin du XI siècle. À l&#39;intérieur, elle abrite, entre autres, le retable de San Zeno, chef-d&#39;œuvre d&#39;Andrea Mantegna.</rdfs:comment>
    <rdfs:comment xml:lang="ru">Сан-Дзено Маджоре — романская базилика в Вероне, построена над местом захоронения первого веронского епископа — Зинона Веронийского.</rdfs:comment>
    <rdfs:comment xml:lang="en">The Basilica di San Zeno (also known as San Zeno Maggiore) is a minor basilica of Verona, Northern Italy. Its fame rests partly on its architecture and partly upon the tradition that its crypt was the place of the marriage of Shakespeare&#39;s Romeo and Juliet. Together with the abbey which forms an annex, it is dedicated to St. Zeno of Verona.</rdfs:comment>
    <rdfs:comment xml:lang="pl">Bazylika św. Zenona w Weronie – kościół benedyktyński ze słynnym portalem zachodnim zbudowanym około 1138 roku. Po bokach portalu umieszczone są dwa bogato rzeźbione zespoły marmurowych kwater. Po prawej stronie, sześć górnych kwater zawiera sceny z Księgi Rodzaju, dwie najniższe natomiast sceny związane z królem Teodorykiem. Po lewej stronie znajdują się sceny z Nowego Testamentu. Drzwi wejściowe są obłożone 48 płytami z brązu datowanymi na połowę XII wieku.</rdfs:comment>
    <rdfs:comment xml:lang="zh">圣柴诺圣殿（Basilica di San Zeno）是一座罗马天主教宗座圣殿，位于意大利北部城市维罗纳。供奉圣柴诺。 该堂为维罗纳后来所有罗曼式建筑的楷模。 该堂为拉丁十字平面，有一个通廊，两个侧廊，以科林斯柱隔开。天花板为14世纪原物。 传说其地下室为莎士比亚的《罗密欧与朱丽叶》的结婚地点。</rdfs:comment>
    <dbpedia-owl:thumbnail rdf:resource="http://upload.wikimedia.org/wikipedia/commons/thumb/a/ac/Basilicasanzenoverona.jpg/200px-Basilicasanzenoverona.jpg" />
    <geo:geometry rdf:datatype="http://www.openlinksw.com/schemas/virtrdf#Geometry">POINT(10.9792 45.4425)</geo:geometry>
    <foaf:isPrimaryTopicOf rdf:resource="http://en.wikipedia.org/wiki/Basilica_of_San_Zeno,_Verona" />
    <geo:long rdf:datatype="http://www.w3.org/2001/XMLSchema#float">10.9792</geo:long>
    <geo:lat rdf:datatype="http://www.w3.org/2001/XMLSchema#float">45.4425</geo:lat>
    <ns8:wasDerivedFrom rdf:resource="http://en.wikipedia.org/wiki/Basilica_of_San_Zeno,_Verona?oldid=546034606" />
    <grs:point xml:lang="en">45.4425 10.979166666666666</grs:point>
    <dbpprop:hasPhotoCollection rdf:resource="http://wifo5-03.informatik.uni-mannheim.de/flickrwrappr/photos/Basilica_of_San_Zeno,_Verona" />
  </rdf:Description>
  <rdf:Description rdf:about="http://dbpedia.org/resource/Abbey_of_San_Zeno">
    <dbpedia-owl:wikiPageRedirects rdf:resource="http://dbpedia.org/resource/Basilica_of_San_Zeno,_Verona" />
  </rdf:Description>
  <rdf:Description rdf:about="http://dbpedia.org/resource/Basilica_di_San_Zeno,_Verona">
    <dbpedia-owl:wikiPageRedirects rdf:resource="http://dbpedia.org/resource/Basilica_of_San_Zeno,_Verona" />
  </rdf:Description>
  <rdf:Description rdf:about="http://dbpedia.org/resource/Basilica_di_San_Zeno_Maggiore_(Verona)">
    <dbpedia-owl:wikiPageRedirects rdf:resource="http://dbpedia.org/resource/Basilica_of_San_Zeno,_Verona" />
  </rdf:Description>
  <rdf:Description rdf:about="http://dbpedia.org/resource/Basilica_di_San_Zeno_di_Verona">
    <dbpedia-owl:wikiPageRedirects rdf:resource="http://dbpedia.org/resource/Basilica_of_San_Zeno,_Verona" />
  </rdf:Description>
  <rdf:Description rdf:about="http://dbpedia.org/resource/Basilica_di_san_zeno">
    <dbpedia-owl:wikiPageRedirects rdf:resource="http://dbpedia.org/resource/Basilica_of_San_Zeno,_Verona" />
  </rdf:Description>
  <rdf:Description rdf:about="http://dbpedia.org/resource/Basilica_of_San_Zeno">
    <dbpedia-owl:wikiPageRedirects rdf:resource="http://dbpedia.org/resource/Basilica_of_San_Zeno,_Verona" />
  </rdf:Description>
  <rdf:Description rdf:about="http://dbpedia.org/resource/Basilica_of_San_Zeno_Maggiore">
    <dbpedia-owl:wikiPageRedirects rdf:resource="http://dbpedia.org/resource/Basilica_of_San_Zeno,_Verona" />
  </rdf:Description>
  <rdf:Description rdf:about="http://dbpedia.org/resource/Basilica_of_san_Zeno_Maggiore">
    <dbpedia-owl:wikiPageRedirects rdf:resource="http://dbpedia.org/resource/Basilica_of_San_Zeno,_Verona" />
  </rdf:Description>
  <rdf:Description rdf:about="http://dbpedia.org/resource/Church_of_Saint_Zeno">
    <dbpedia-owl:wikiPageRedirects rdf:resource="http://dbpedia.org/resource/Basilica_of_San_Zeno,_Verona" />
  </rdf:Description>
  <rdf:Description rdf:about="http://dbpedia.org/resource/Church_of_San_Zeno_Maggiore">
    <dbpedia-owl:wikiPageRedirects rdf:resource="http://dbpedia.org/resource/Basilica_of_San_Zeno,_Verona" />
  </rdf:Description>
  <rdf:Description rdf:about="http://dbpedia.org/resource/San_Zeno">
    <dbpedia-owl:wikiPageRedirects rdf:resource="http://dbpedia.org/resource/Basilica_of_San_Zeno,_Verona" />
  </rdf:Description>
  <rdf:Description rdf:about="http://dbpedia.org/resource/San_Zeno,_Verona">
    <dbpedia-owl:wikiPageRedirects rdf:resource="http://dbpedia.org/resource/Basilica_of_San_Zeno,_Verona" />
  </rdf:Description>
  <rdf:Description rdf:about="http://dbpedia.org/resource/San_Zeno_(Verona)">
    <dbpedia-owl:wikiPageRedirects rdf:resource="http://dbpedia.org/resource/Basilica_of_San_Zeno,_Verona" />
  </rdf:Description>
  <rdf:Description rdf:about="http://dbpedia.org/resource/San_Zeno_Abbey">
    <dbpedia-owl:wikiPageRedirects rdf:resource="http://dbpedia.org/resource/Basilica_of_San_Zeno,_Verona" />
  </rdf:Description>
  <rdf:Description rdf:about="http://dbpedia.org/resource/San_Zeno_Maggiore">
    <dbpedia-owl:wikiPageRedirects rdf:resource="http://dbpedia.org/resource/Basilica_of_San_Zeno,_Verona" />
  </rdf:Description>
  <rdf:Description rdf:about="http://dbpedia.org/resource/San_Zeno_Maggiore,_Verona">
    <dbpedia-owl:wikiPageRedirects rdf:resource="http://dbpedia.org/resource/Basilica_of_San_Zeno,_Verona" />
  </rdf:Description>
  <rdf:Description rdf:about="http://dbpedia.org/resource/San_Zeno_Maggiore_(Verona)">
    <dbpedia-owl:wikiPageRedirects rdf:resource="http://dbpedia.org/resource/Basilica_of_San_Zeno,_Verona" />
  </rdf:Description>
  <rdf:Description rdf:about="http://dbpedia.org/resource/San_Zeno_di_Verona">
    <dbpedia-owl:wikiPageRedirects rdf:resource="http://dbpedia.org/resource/Basilica_of_San_Zeno,_Verona" />
  </rdf:Description>
  <rdf:Description rdf:about="http://dbpedia.org/resource/San_Zenone_di_Verona">
    <dbpedia-owl:wikiPageRedirects rdf:resource="http://dbpedia.org/resource/Basilica_of_San_Zeno,_Verona" />
  </rdf:Description>
  <rdf:Description rdf:about="http://dbpedia.org/resource/Basilca_of_San_Zeno,_Verona">
    <dbpedia-owl:wikiPageRedirects rdf:resource="http://dbpedia.org/resource/Basilica_of_San_Zeno,_Verona" />
  </rdf:Description>
  <rdf:Description rdf:about="http://dbpedia.org/resource/Riccardo_Cazzola__1">
    <dbpedia-owl:team rdf:resource="http://dbpedia.org/resource/Basilica_of_San_Zeno,_Verona" />
  </rdf:Description>
  <rdf:Description rdf:about="http://en.wikipedia.org/wiki/Basilica_of_San_Zeno,_Verona">
    <foaf:primaryTopic rdf:resource="http://dbpedia.org/resource/Basilica_of_San_Zeno,_Verona" />
  </rdf:Description>
  <rdf:Description rdf:about="http://wikidata.dbpedia.org/resource/Q1763642">
    <owl:sameAs rdf:resource="http://dbpedia.org/resource/Basilica_of_San_Zeno,_Verona" />
  </rdf:Description>
  <rdf:Description rdf:about="http://zh.dbpedia.org/resource/圣柴诺圣殿">
    <owl:sameAs rdf:resource="http://dbpedia.org/resource/Basilica_of_San_Zeno,_Verona" />
  </rdf:Description>
  <rdf:Description rdf:about="http://fi.dbpedia.org/resource/San_Zeno_Maggiore">
    <owl:sameAs rdf:resource="http://dbpedia.org/resource/Basilica_of_San_Zeno,_Verona" />
  </rdf:Description>
</rdf:RDF>
