<?xml version="1.0" encoding="utf-8" ?>
<rdf:RDF
	xmlns:rdf="http://www.w3.org/1999/02/22-rdf-syntax-ns#"
	xmlns:rdfs="http://www.w3.org/2000/01/rdf-schema#"
	xmlns:owl="http://www.w3.org/2002/07/owl#"
	xmlns:dcterms="http://purl.org/dc/terms/"
	xmlns:dbpedia-owl="http://dbpedia.org/ontology/"
	xmlns:foaf="http://xmlns.com/foaf/0.1/"
	xmlns:dbpprop="http://dbpedia.org/property/"
	xmlns:ns7="http://www.w3.org/ns/prov#" >
  <rdf:Description rdf:about="http://dbpedia.org/resource/Uncial_0188">
    <dbpprop:nowAt rdf:resource="http://dbpedia.org/resource/Berlin_State_Museums" />
  </rdf:Description>
  <rdf:Description rdf:about="http://dbpedia.org/resource/Terranuova_Madonna">
    <dbpedia-owl:museum rdf:resource="http://dbpedia.org/resource/Berlin_State_Museums" />
    <dbpprop:museum rdf:resource="http://dbpedia.org/resource/Berlin_State_Museums" />
  </rdf:Description>
  <rdf:Description rdf:about="http://dbpedia.org/resource/Uncial_0266">
    <dbpprop:nowAt rdf:resource="http://dbpedia.org/resource/Berlin_State_Museums" />
  </rdf:Description>
  <rdf:Description rdf:about="http://dbpedia.org/resource/Uncial_0302">
    <dbpprop:nowAt rdf:resource="http://dbpedia.org/resource/Berlin_State_Museums" />
  </rdf:Description>
  <rdf:Description rdf:about="http://dbpedia.org/resource/Netherlandish_Proverbs">
    <dbpedia-owl:museum rdf:resource="http://dbpedia.org/resource/Berlin_State_Museums" />
    <dbpprop:museum rdf:resource="http://dbpedia.org/resource/Berlin_State_Museums" />
  </rdf:Description>
  <rdf:Description rdf:about="http://dbpedia.org/resource/Uncial_0261">
    <dbpprop:nowAt rdf:resource="http://dbpedia.org/resource/Berlin_State_Museums" />
  </rdf:Description>
  <rdf:Description rdf:about="http://dbpedia.org/resource/Uncial_0263">
    <dbpprop:nowAt rdf:resource="http://dbpedia.org/resource/Berlin_State_Museums" />
  </rdf:Description>
  <rdf:Description rdf:about="http://dbpedia.org/resource/St._Sebastian_(Botticelli)">
    <dbpedia-owl:museum rdf:resource="http://dbpedia.org/resource/Berlin_State_Museums" />
  </rdf:Description>
  <rdf:Description rdf:about="http://pl.dbpedia.org/resource/Staatliche_Museen_zu_Berlin">
    <owl:sameAs rdf:resource="http://dbpedia.org/resource/Berlin_State_Museums" />
  </rdf:Description>
  <rdf:Description rdf:about="http://pt.dbpedia.org/resource/Museus_Estatais_de_Berlim">
    <owl:sameAs rdf:resource="http://dbpedia.org/resource/Berlin_State_Museums" />
  </rdf:Description>
  <rdf:Description rdf:about="http://ru.dbpedia.org/resource/Государственные_музеи_Берлина">
    <owl:sameAs rdf:resource="http://dbpedia.org/resource/Berlin_State_Museums" />
  </rdf:Description>
  <rdf:Description rdf:about="http://dbpedia.org/resource/Uncial_0265">
    <dbpprop:nowAt rdf:resource="http://dbpedia.org/resource/Berlin_State_Museums" />
  </rdf:Description>
  <rdf:Description rdf:about="http://dbpedia.org/resource/Uncial_0189">
    <dbpprop:nowAt rdf:resource="http://dbpedia.org/resource/Berlin_State_Museums" />
  </rdf:Description>
  <rdf:Description rdf:about="http://en.wikipedia.org/wiki/Berlin_State_Museums">
    <foaf:primaryTopic rdf:resource="http://dbpedia.org/resource/Berlin_State_Museums" />
  </rdf:Description>
  <rdf:Description rdf:about="http://dbpedia.org/resource/Papyrus_63">
    <dbpprop:nowAt rdf:resource="http://dbpedia.org/resource/Berlin_State_Museums" />
  </rdf:Description>
  <rdf:Description rdf:about="http://dbpedia.org/resource/Uncial_060">
    <dbpprop:nowAt rdf:resource="http://dbpedia.org/resource/Berlin_State_Museums" />
  </rdf:Description>
  <rdf:Description rdf:about="http://dbpedia.org/resource/Uncial_0264">
    <dbpprop:nowAt rdf:resource="http://dbpedia.org/resource/Berlin_State_Museums" />
  </rdf:Description>
  <rdf:Description rdf:about="http://dbpedia.org/resource/Portrait_of_Ugolino_Martelli">
    <dbpedia-owl:museum rdf:resource="http://dbpedia.org/resource/Berlin_State_Museums" />
  </rdf:Description>
  <rdf:Description rdf:about="http://dbpedia.org/resource/Uncial_0165">
    <dbpprop:nowAt rdf:resource="http://dbpedia.org/resource/Berlin_State_Museums" />
  </rdf:Description>
  <rdf:Description rdf:about="http://dbpedia.org/resource/Uncial_0260">
    <dbpprop:nowAt rdf:resource="http://dbpedia.org/resource/Berlin_State_Museums" />
  </rdf:Description>
  <rdf:Description rdf:about="http://dbpedia.org/resource/Papyrus_79">
    <dbpprop:nowAt rdf:resource="http://dbpedia.org/resource/Berlin_State_Museums" />
  </rdf:Description>
  <rdf:Description rdf:about="http://dbpedia.org/resource/Uncial_0109">
    <dbpprop:nowAt rdf:resource="http://dbpedia.org/resource/Berlin_State_Museums" />
  </rdf:Description>
  <rdf:Description rdf:about="http://dbpedia.org/resource/Uncial_0111">
    <dbpprop:nowAt rdf:resource="http://dbpedia.org/resource/Berlin_State_Museums" />
  </rdf:Description>
  <rdf:Description rdf:about="http://dbpedia.org/resource/Uncial_0210">
    <dbpprop:nowAt rdf:resource="http://dbpedia.org/resource/Berlin_State_Museums" />
  </rdf:Description>
  <rdf:Description rdf:about="http://dbpedia.org/resource/Uncial_0259">
    <dbpprop:nowAt rdf:resource="http://dbpedia.org/resource/Berlin_State_Museums" />
  </rdf:Description>
  <rdf:Description rdf:about="http://dbpedia.org/resource/Uncial_0262">
    <dbpprop:nowAt rdf:resource="http://dbpedia.org/resource/Berlin_State_Museums" />
  </rdf:Description>
  <rdf:Description rdf:about="http://dbpedia.org/resource/Uncial_0268">
    <dbpprop:nowAt rdf:resource="http://dbpedia.org/resource/Berlin_State_Museums" />
  </rdf:Description>
  <rdf:Description rdf:about="http://de.dbpedia.org/resource/Staatliche_Museen_zu_Berlin">
    <owl:sameAs rdf:resource="http://dbpedia.org/resource/Berlin_State_Museums" />
  </rdf:Description>
  <rdf:Description rdf:about="http://fr.dbpedia.org/resource/Musées_d&#39;État_de_Berlin">
    <owl:sameAs rdf:resource="http://dbpedia.org/resource/Berlin_State_Museums" />
  </rdf:Description>
  <rdf:Description rdf:about="http://it.dbpedia.org/resource/Musei_statali_di_Berlino">
    <owl:sameAs rdf:resource="http://dbpedia.org/resource/Berlin_State_Museums" />
  </rdf:Description>
  <rdf:Description rdf:about="http://ja.dbpedia.org/resource/ベルリン美術館">
    <owl:sameAs rdf:resource="http://dbpedia.org/resource/Berlin_State_Museums" />
  </rdf:Description>
  <rdf:Description rdf:about="http://dbpedia.org/resource/Staatliche_Museeun">
    <dbpedia-owl:wikiPageRedirects rdf:resource="http://dbpedia.org/resource/Berlin_State_Museums" />
  </rdf:Description>
  <rdf:Description rdf:about="http://dbpedia.org/resource/Berlin_State_Museums">
    <rdf:type rdf:resource="http://dbpedia.org/class/yago/YagoPermanentlyLocatedEntity" />
    <rdf:type rdf:resource="http://dbpedia.org/class/yago/GeographicalArea108574314" />
    <rdf:type rdf:resource="http://dbpedia.org/class/yago/YagoGeoEntity" />
    <rdf:type rdf:resource="http://dbpedia.org/class/yago/Site108651247" />
    <rdf:type rdf:resource="http://dbpedia.org/class/yago/Depository103177349" />
    <rdf:type rdf:resource="http://dbpedia.org/class/yago/Object100002684" />
    <rdf:type rdf:resource="http://dbpedia.org/class/yago/Location100027167" />
    <rdf:type rdf:resource="http://dbpedia.org/class/yago/Tract108673395" />
    <rdf:type rdf:resource="http://dbpedia.org/class/yago/Facility103315023" />
    <rdf:type rdf:resource="http://dbpedia.org/class/yago/PhysicalEntity100001930" />
    <rdf:type rdf:resource="http://dbpedia.org/class/yago/YagoLegalActorGeo" />
    <rdf:type rdf:resource="http://dbpedia.org/class/yago/Artifact100021939" />
    <rdf:type rdf:resource="http://dbpedia.org/class/yago/Whole100003553" />
    <rdf:type rdf:resource="http://dbpedia.org/class/yago/Museum103800563" />
    <rdf:type rdf:resource="http://dbpedia.org/class/yago/Region108630985" />
    <rdf:type rdf:resource="http://dbpedia.org/class/yago/MuseumsInBerlin" />
    <rdf:type rdf:resource="http://dbpedia.org/class/yago/PrussianCulturalSites" />
    <owl:sameAs rdf:resource="http://rdf.freebase.com/ns/m.02rv4fw" />
    <owl:sameAs rdf:resource="http://ja.dbpedia.org/resource/ベルリン美術館" />
    <owl:sameAs rdf:resource="http://ca.dbpedia.org/resource/Staatliche_Museen" />
    <owl:sameAs rdf:resource="http://pt.dbpedia.org/resource/Museus_Estatais_de_Berlim" />
    <owl:sameAs rdf:resource="http://sh.dbpedia.org/resource/Državni_muzeji_Berlina" />
    <owl:sameAs rdf:resource="http://uk.dbpedia.org/resource/Державні_музеї_Берліна" />
    <owl:sameAs rdf:resource="http://ru.dbpedia.org/resource/Государственные_музеи_Берлина" />
    <owl:sameAs rdf:resource="http://pl.dbpedia.org/resource/Staatliche_Museen_zu_Berlin" />
    <owl:sameAs rdf:resource="http://it.dbpedia.org/resource/Musei_statali_di_Berlino" />
    <owl:sameAs rdf:resource="http://dbpedia.org/resource/Berlin_State_Museums" />
    <owl:sameAs rdf:resource="http://fr.dbpedia.org/resource/Musées_d&#39;État_de_Berlin" />
    <owl:sameAs rdf:resource="http://de.dbpedia.org/resource/Staatliche_Museen_zu_Berlin" />
    <owl:sameAs rdf:resource="http://no.dbpedia.org/resource/Staatliche_Museen_zu_Berlin" />
    <owl:sameAs rdf:resource="http://br.dbpedia.org/resource/Mirdioù_broadel_Berlin" />
    <owl:sameAs rdf:resource="http://es.dbpedia.org/resource/Museos_Estatales_de_Berlín" />
    <owl:sameAs rdf:resource="http://www.wikidata.org/entity/Q700216" />
    <owl:sameAs rdf:resource="http://nl.dbpedia.org/resource/Staatliche_Museen_zu_Berlin" />
    <owl:sameAs rdf:resource="http://yago-knowledge.org/resource/Berlin_State_Museums" />
    <dcterms:subject rdf:resource="http://dbpedia.org/resource/Category:Berlin_State_Museums" />
    <dcterms:subject rdf:resource="http://dbpedia.org/resource/Category:Museums_in_Berlin" />
    <dcterms:subject rdf:resource="http://dbpedia.org/resource/Category:Prussian_cultural_sites" />
    <dbpedia-owl:abstract xml:lang="pt">Os Museus Estatais de Berlim são um grupo de museus em Berlim, Alemanha, supervisionado pela Fundação do Patrimônio Cultural Prussiano e financiado pelo governo federal alemão, em colaboração com os estados federais da Alemanha. Os Museus Nacionais de Berlim incluem dezessete museus em cinco clusters, bem como diversas instituições de investigação.</dbpedia-owl:abstract>
    <dbpedia-owl:abstract xml:lang="ja">ベルリン美術館 (Staatliche Museen zu Berlin) は、ドイツのベルリンにある美術館・博物館群である。プロイセン王家歴代のコレクションを基礎として1830年に発足した「旧博物館」がその発祥であり、以後、コレクションが増大するにつれ、新たな博物館が次々に建てられた。「ベルリン美術館」とは、単独の美術館ではなく、市内の「博物館島」（ムゼウムスインゼル）、ティアガルテン地区、ダーレム地区などに存在する多くの美術館の総称である。原語のStaatliche Museen zu Berlinは、「ベルリンの国立博物館群」の意である。日本語では、1991年にNHKの特別番組「ベルリン美術館－もう一つのドイツ統一」が放送されるなど、「ベルリン美術館」が美術館・博物館群全体を指す場合の一般的な表記となっている。</dbpedia-owl:abstract>
    <dbpedia-owl:abstract xml:lang="en">The Berlin State Museums (German: Staatliche Museen zu Berlin) are a group of institutions in Berlin, Germany comprising seventeen museums in five clusters, several Research Institutes, libraries, and supporting facilities. They are overseen by the Prussian Cultural Heritage Foundation and funded by the German federal government in collaboration with Germany&#39;s federal states. The central complex on Museum Island was added to the UNESCO list of World Heritage Sites in 1999. By 2007 the Berlin State Museums had grown into largest complex of museums in Europe.</dbpedia-owl:abstract>
    <dbpedia-owl:abstract xml:lang="pl">Staatliche Museen zu Berlin – zespół instytucji w Berlinie obejmujący siedemnaście muzeów zgrupowanych w pięciu podjednostkach, kilka instytucji badawczych, kilka bibliotek oraz innych instytucji.</dbpedia-owl:abstract>
    <dbpedia-owl:abstract xml:lang="fr">Les Musées d&#39;État de Berlin, sont un groupe de musées de Berlin subventionnés par l&#39;État fédéral allemand et les Länder. Ce groupe comprennent 17 musées, trois instituts de recherche et l’Atelier des Moulages. Ils forment un ensemble couvrant toute l&#39;histoire de l&#39;art, des origines à nos jours. L’origine des musées remonte à la fondation du « Musée royal » par Frédéric-Guillaume III de Prusse. Actuellement, les musées d&#39;état de Berlin dépendent de la Fondation du patrimoine culturel prussien (Stiftung Preußischer Kulturbesitz).</dbpedia-owl:abstract>
    <dbpedia-owl:abstract xml:lang="ru">Государственные музеи Берлина (нем.  Staatliche Museen zu Berlin) — объединение музейных фондов Берлина, находящихся в ведении Фонда прусского культурного наследия, финансируемое из федеральных средств. В состав Государственных музеев Берлина входят 17 музеев, расположенных в пяти музейных центрах города, а также два научно-исследовательских учреждения: район Митте На Музейном острове: Пергамский музей (Переднеазиатский музей, Музей исламского искусства и Античное собрание с Центральным архивом Государственных музеев Берлина); Музей Боде; Старая национальная галерея; Старый музей; Новый музей; Фридрихсвердерская церковь район Тиргартен В «Культурфоруме»: Картинная галерея; Музей декоративно-прикладного искусства; Гравюрный кабинет (коллекция рисунков и печатной графики); Библиотека искусств; Новая национальная галерея; Гамбургский вокзал — Музей современности район Шарлоттенбург Музей первобытной и ранней истории; Музей Берггрюна (до февраля 2004 г.  — коллекция Берггрюна); Музей фотографии/Фонд Хельмута Ньютона; Музей Шарфа-Герстенберга; Гипсовая мастерская район Далем Этнологический музей; Музей азиатского искусства; Музей европейской культуры район Кёпеник Музей декоративно-прикладного искусства во дворце Кёпеник Научно-исследовательские учреждения Институт музейных исследований; Научно-исследовательские лаборатории им. Ратгена</dbpedia-owl:abstract>
    <dbpedia-owl:abstract xml:lang="it">I Musei statali di Berlino (Staatliche Museen zu Berlin) sono un gruppo di musei della capitale tedesca, appartenenti alla Fondazione del patrimonio culturale prussiano (Stiftung Preußischer Kulturbesitz). Sono complessivamente 17, distribuiti in vari quartieri della città:</dbpedia-owl:abstract>
    <dbpedia-owl:abstract xml:lang="nl">De Staatliche Museen zu Berlin zijn een groep van musea in Berlijn die ondergebracht zijn in de Stichting Pruisisch Kultuurbezit en die worden gefinancierd door de Duitse federale overheid en de deelstaten. Onder de Staatlichen Museen zu Berlin vallen zeventien musea in vijf clusters en daarnaast enkele onderzoekinstituten.</dbpedia-owl:abstract>
    <dbpedia-owl:abstract xml:lang="de">Die Staatlichen Museen zu Berlin sind ein über die Stiftung Preußischer Kulturbesitz von Bund und allen Bundesländern gemeinsam getragener Museumsverbund in Berlin. Sie wurden bis zum 31.  Oktober 2008 von Generaldirektor Peter-Klaus Schuster geleitet, dem ab 1.  November 2008 Michael Eissenhauer im Amt folgte. Die Staatlichen Museen zu Berlin umfassen 15 Sammlungen an fünf Standorten und vier Forschungseinrichtungen: Standorte in Berlin-Mitte Auf der Museumsinsel Berlin Pergamonmuseum sowie das Zentralarchiv der Staatlichen Museen zu Berlin Bode-Museum Alte Nationalgalerie Altes Museum Neues Museum Friedrichswerdersche Kirche Standorte in Berlin-Tiergarten Im Kulturforum Gemäldegalerie Kunstgewerbemuseum Kupferstichkabinett (Sammlung der Zeichnungen und Druckgraphik) Kunstbibliothek Neue Nationalgalerie Hamburger Bahnhof - Museum für Gegenwart - Berlin Standorte in Berlin-Charlottenburg Museum Berggruen Museum für Fotografie/Helmut Newton Stiftung Sammlung Scharf-Gerstenberg Gipsformerei Standorte in Berlin-Dahlem Ethnologisches Museum Museum für Asiatische Kunst Museum Europäischer Kulturen Standorte in Berlin-Köpenick Kunstgewerbemuseum Schloss Köpenick Zentraldepot der Staatlichen Museen in Köpenick-Friedrichshagen [geplant, Bauausführung bis 2013] Forschungseinrichtungen Institut für Museumsforschung Rathgen-Forschungslabor Zentralarchiv der Staatlichen Museen zu Berlin Am 31. Oktober 2012 wurde das Archäologische Zentrum der Staatlichen Museen in der Geschwister-Scholl-Straße feierlich eröffnet.</dbpedia-owl:abstract>
    <dbpedia-owl:wikiPageID rdf:datatype="http://www.w3.org/2001/XMLSchema#integer">11838698</dbpedia-owl:wikiPageID>
    <dbpedia-owl:wikiPageRevisionID rdf:datatype="http://www.w3.org/2001/XMLSchema#integer">546334146</dbpedia-owl:wikiPageRevisionID>
    <rdfs:label xml:lang="en">Berlin State Museums</rdfs:label>
    <rdfs:label xml:lang="pl">Staatliche Museen zu Berlin</rdfs:label>
    <rdfs:label xml:lang="pt">Museus Estatais de Berlim</rdfs:label>
    <rdfs:label xml:lang="fr">Musées d&#39;État de Berlin</rdfs:label>
    <rdfs:label xml:lang="ru">Государственные музеи Берлина</rdfs:label>
    <rdfs:label xml:lang="it">Musei statali di Berlino</rdfs:label>
    <rdfs:label xml:lang="nl">Staatliche Museen zu Berlin</rdfs:label>
    <rdfs:label xml:lang="de">Staatliche Museen zu Berlin</rdfs:label>
    <rdfs:label xml:lang="ja">ベルリン美術館</rdfs:label>
    <foaf:depiction rdf:resource="http://upload.wikimedia.org/wikipedia/commons/2/2f/Prussian_Cultural_Heritage_Foundation_SMB.png" />
    <rdfs:comment xml:lang="nl">De Staatliche Museen zu Berlin zijn een groep van musea in Berlijn die ondergebracht zijn in de Stichting Pruisisch Kultuurbezit en die worden gefinancierd door de Duitse federale overheid en de deelstaten. Onder de Staatlichen Museen zu Berlin vallen zeventien musea in vijf clusters en daarnaast enkele onderzoekinstituten.</rdfs:comment>
    <rdfs:comment xml:lang="en">The Berlin State Museums (German: Staatliche Museen zu Berlin) are a group of institutions in Berlin, Germany comprising seventeen museums in five clusters, several Research Institutes, libraries, and supporting facilities. They are overseen by the Prussian Cultural Heritage Foundation and funded by the German federal government in collaboration with Germany&#39;s federal states. The central complex on Museum Island was added to the UNESCO list of World Heritage Sites in 1999.</rdfs:comment>
    <rdfs:comment xml:lang="pl">Staatliche Museen zu Berlin – zespół instytucji w Berlinie obejmujący siedemnaście muzeów zgrupowanych w pięciu podjednostkach, kilka instytucji badawczych, kilka bibliotek oraz innych instytucji.</rdfs:comment>
    <rdfs:comment xml:lang="de">Die Staatlichen Museen zu Berlin sind ein über die Stiftung Preußischer Kulturbesitz von Bund und allen Bundesländern gemeinsam getragener Museumsverbund in Berlin. Sie wurden bis zum 31.  Oktober 2008 von Generaldirektor Peter-Klaus Schuster geleitet, dem ab 1.  November 2008 Michael Eissenhauer im Amt folgte.</rdfs:comment>
    <rdfs:comment xml:lang="ru">Государственные музеи Берлина (нем.  Staatliche Museen zu Berlin) — объединение музейных фондов Берлина, находящихся в ведении Фонда прусского культурного наследия, финансируемое из федеральных средств.</rdfs:comment>
    <rdfs:comment xml:lang="fr">Les Musées d&#39;État de Berlin, sont un groupe de musées de Berlin subventionnés par l&#39;État fédéral allemand et les Länder. Ce groupe comprennent 17 musées, trois instituts de recherche et l’Atelier des Moulages. Ils forment un ensemble couvrant toute l&#39;histoire de l&#39;art, des origines à nos jours. L’origine des musées remonte à la fondation du « Musée royal » par Frédéric-Guillaume III de Prusse.</rdfs:comment>
    <rdfs:comment xml:lang="pt">Os Museus Estatais de Berlim são um grupo de museus em Berlim, Alemanha, supervisionado pela Fundação do Patrimônio Cultural Prussiano e financiado pelo governo federal alemão, em colaboração com os estados federais da Alemanha. Os Museus Nacionais de Berlim incluem dezessete museus em cinco clusters, bem como diversas instituições de investigação.</rdfs:comment>
    <rdfs:comment xml:lang="it">I Musei statali di Berlino (Staatliche Museen zu Berlin) sono un gruppo di musei della capitale tedesca, appartenenti alla Fondazione del patrimonio culturale prussiano (Stiftung Preußischer Kulturbesitz). Sono complessivamente 17, distribuiti in vari quartieri della città:</rdfs:comment>
    <rdfs:comment xml:lang="ja">ベルリン美術館 (Staatliche Museen zu Berlin) は、ドイツのベルリンにある美術館・博物館群である。プロイセン王家歴代のコレクションを基礎として1830年に発足した「旧博物館」がその発祥であり、以後、コレクションが増大するにつれ、新たな博物館が次々に建てられた。「ベルリン美術館」とは、単独の美術館ではなく、市内の「博物館島」（ムゼウムスインゼル）、ティアガルテン地区、ダーレム地区などに存在する多くの美術館の総称である。原語のStaatliche Museen zu Berlinは、「ベルリンの国立博物館群」の意である。日本語では、1991年にNHKの特別番組「ベルリン美術館－もう一つのドイツ統一」が放送されるなど、「ベルリン美術館」が美術館・博物館群全体を指す場合の一般的な表記となっている。</rdfs:comment>
    <dbpedia-owl:thumbnail rdf:resource="http://upload.wikimedia.org/wikipedia/commons/thumb/2/2f/Prussian_Cultural_Heritage_Foundation_SMB.png/200px-Prussian_Cultural_Heritage_Foundation_SMB.png" />
    <dbpedia-owl:wikiPageExternalLink rdf:resource="http://www.museumsportal-berlin.de/en.html" />
    <dbpedia-owl:wikiPageExternalLink rdf:resource="http://www.smb.spk-berlin.de/" />
    <foaf:isPrimaryTopicOf rdf:resource="http://en.wikipedia.org/wiki/Berlin_State_Museums" />
    <ns7:wasDerivedFrom rdf:resource="http://en.wikipedia.org/wiki/Berlin_State_Museums?oldid=546334146" />
    <dbpprop:hasPhotoCollection rdf:resource="http://wifo5-03.informatik.uni-mannheim.de/flickrwrappr/photos/Berlin_State_Museums" />
  </rdf:Description>
  <rdf:Description rdf:about="http://dbpedia.org/resource/Staatliche_Museen">
    <dbpedia-owl:wikiPageRedirects rdf:resource="http://dbpedia.org/resource/Berlin_State_Museums" />
  </rdf:Description>
  <rdf:Description rdf:about="http://dbpedia.org/resource/Papyrus_8">
    <dbpprop:nowAt rdf:resource="http://dbpedia.org/resource/Berlin_State_Museums" />
  </rdf:Description>
  <rdf:Description rdf:about="http://dbpedia.org/resource/Papyrus_25">
    <dbpprop:nowAt rdf:resource="http://dbpedia.org/resource/Berlin_State_Museums" />
  </rdf:Description>
  <rdf:Description rdf:about="http://dbpedia.org/resource/Lectionary_143">
    <dbpprop:nowAt rdf:resource="http://dbpedia.org/resource/Berlin_State_Museums" />
  </rdf:Description>
  <rdf:Description rdf:about="http://dbpedia.org/resource/Uncial_057">
    <dbpprop:nowAt rdf:resource="http://dbpedia.org/resource/Berlin_State_Museums" />
  </rdf:Description>
  <rdf:Description rdf:about="http://dbpedia.org/resource/Uncial_0160">
    <dbpprop:nowAt rdf:resource="http://dbpedia.org/resource/Berlin_State_Museums" />
  </rdf:Description>
  <rdf:Description rdf:about="http://dbpedia.org/resource/Uncial_0164">
    <dbpprop:nowAt rdf:resource="http://dbpedia.org/resource/Berlin_State_Museums" />
  </rdf:Description>
  <rdf:Description rdf:about="http://dbpedia.org/resource/Staatliche_Museen,_Berlin">
    <dbpedia-owl:wikiPageRedirects rdf:resource="http://dbpedia.org/resource/Berlin_State_Museums" />
  </rdf:Description>
  <rdf:Description rdf:about="http://dbpedia.org/resource/Staatliche_Museen_zu_Berlin">
    <dbpedia-owl:wikiPageRedirects rdf:resource="http://dbpedia.org/resource/Berlin_State_Museums" />
  </rdf:Description>
  <rdf:Description rdf:about="http://dbpedia.org/resource/Staatlichen_Museen_zu_Berlin">
    <dbpedia-owl:wikiPageRedirects rdf:resource="http://dbpedia.org/resource/Berlin_State_Museums" />
  </rdf:Description>
  <rdf:Description rdf:about="http://dbpedia.org/resource/Berlin_State_Museum">
    <dbpedia-owl:wikiPageRedirects rdf:resource="http://dbpedia.org/resource/Berlin_State_Museums" />
  </rdf:Description>
  <rdf:Description rdf:about="http://nl.dbpedia.org/resource/Staatliche_Museen_zu_Berlin">
    <owl:sameAs rdf:resource="http://dbpedia.org/resource/Berlin_State_Museums" />
  </rdf:Description>
  <rdf:Description rdf:about="http://wikidata.dbpedia.org/resource/Q700216">
    <owl:sameAs rdf:resource="http://dbpedia.org/resource/Berlin_State_Museums" />
  </rdf:Description>
  <rdf:Description rdf:about="http://es.dbpedia.org/resource/Museos_Estatales_de_Berlín">
    <owl:sameAs rdf:resource="http://dbpedia.org/resource/Berlin_State_Museums" />
  </rdf:Description>
  <rdf:Description rdf:about="http://br.dbpedia.org/resource/Mirdioù_broadel_Berlin">
    <owl:sameAs rdf:resource="http://dbpedia.org/resource/Berlin_State_Museums" />
  </rdf:Description>
  <rdf:Description rdf:about="http://ca.dbpedia.org/resource/Staatliche_Museen">
    <owl:sameAs rdf:resource="http://dbpedia.org/resource/Berlin_State_Museums" />
  </rdf:Description>
  <rdf:Description rdf:about="http://no.dbpedia.org/resource/Staatliche_Museen_zu_Berlin">
    <owl:sameAs rdf:resource="http://dbpedia.org/resource/Berlin_State_Museums" />
  </rdf:Description>
  <rdf:Description rdf:about="http://sh.dbpedia.org/resource/Državni_muzeji_Berlina">
    <owl:sameAs rdf:resource="http://dbpedia.org/resource/Berlin_State_Museums" />
  </rdf:Description>
  <rdf:Description rdf:about="http://uk.dbpedia.org/resource/Державні_музеї_Берліна">
    <owl:sameAs rdf:resource="http://dbpedia.org/resource/Berlin_State_Museums" />
  </rdf:Description>
</rdf:RDF>
