<?xml version="1.0" encoding="utf-8" ?>
<rdf:RDF
	xmlns:rdf="http://www.w3.org/1999/02/22-rdf-syntax-ns#"
	xmlns:rdfs="http://www.w3.org/2000/01/rdf-schema#"
	xmlns:owl="http://www.w3.org/2002/07/owl#"
	xmlns:dcterms="http://purl.org/dc/terms/"
	xmlns:dbpedia-owl="http://dbpedia.org/ontology/"
	xmlns:foaf="http://xmlns.com/foaf/0.1/"
	xmlns:dbpprop="http://dbpedia.org/property/"
	xmlns:geo="http://www.w3.org/2003/01/geo/wgs84_pos#"
	xmlns:ns8="http://www.w3.org/ns/prov#"
	xmlns:grs="http://www.georss.org/georss/" >
  <rdf:Description rdf:about="http://dbpedia.org/resource/Napoleon_at_Austerlitz">
    <dbpedia-owl:museum rdf:resource="http://dbpedia.org/resource/Brown_Grand_Theatre" />
    <dbpprop:museum rdf:resource="http://dbpedia.org/resource/Brown_Grand_Theatre" />
  </rdf:Description>
  <rdf:Description rdf:about="http://dbpedia.org/resource/Brown_Grand_Theatre">
    <rdf:type rdf:resource="http://dbpedia.org/class/yago/TheatresInKansas" />
    <rdf:type rdf:resource="http://umbel.org/umbel/rc/Place" />
    <rdf:type rdf:resource="http://dbpedia.org/class/yago/OperaHousesInTheUnitedStates" />
    <rdf:type rdf:resource="http://www.w3.org/2002/07/owl#Thing" />
    <rdf:type rdf:resource="http://dbpedia.org/class/yago/TheatresOnTheNationalRegisterOfHistoricPlacesInKansas" />
    <rdf:type rdf:resource="http://dbpedia.org/class/yago/Structure104341686" />
    <rdf:type rdf:resource="http://dbpedia.org/class/yago/TheatresCompletedIn1907" />
    <rdf:type rdf:resource="http://dbpedia.org/class/yago/YagoGeoEntity" />
    <rdf:type rdf:resource="http://dbpedia.org/ontology/ArchitecturalStructure" />
    <rdf:type rdf:resource="http://schema.org/Place" />
    <rdf:type rdf:resource="http://dbpedia.org/ontology/Place" />
    <rdf:type rdf:resource="http://dbpedia.org/class/yago/BollerBrothersBuildings" />
    <rdf:type rdf:resource="http://dbpedia.org/class/yago/Object100002684" />
    <rdf:type rdf:resource="http://dbpedia.org/class/yago/BuildingsAndStructuresInCloudCounty,Kansas" />
    <rdf:type rdf:resource="http://dbpedia.org/class/yago/Artifact100021939" />
    <rdf:type rdf:resource="http://dbpedia.org/ontology/Building" />
    <rdf:type rdf:resource="http://dbpedia.org/class/yago/Theater104417809" />
    <rdf:type rdf:resource="http://dbpedia.org/class/yago/Building102913152" />
    <rdf:type rdf:resource="http://dbpedia.org/class/yago/YagoPermanentlyLocatedEntity" />
    <rdf:type rdf:resource="http://dbpedia.org/class/yago/Opera103849814" />
    <rdf:type rdf:resource="http://dbpedia.org/class/yago/PhysicalEntity100001930" />
    <rdf:type rdf:resource="http://www.opengis.net/gml/_Feature" />
    <rdf:type rdf:resource="http://dbpedia.org/class/yago/Whole100003553" />
    <owl:sameAs rdf:resource="http://rdf.freebase.com/ns/m.027s3t1" />
    <owl:sameAs rdf:resource="http://dbpedia.org/resource/Brown_Grand_Theatre" />
    <owl:sameAs rdf:resource="http://yago-knowledge.org/resource/Brown_Grand_Theatre" />
    <dcterms:subject rdf:resource="http://dbpedia.org/resource/Category:Theatres_in_Kansas" />
    <dcterms:subject rdf:resource="http://dbpedia.org/resource/Category:Concert_halls_in_the_United_States" />
    <dcterms:subject rdf:resource="http://dbpedia.org/resource/Category:Theatres_completed_in_1907" />
    <dcterms:subject rdf:resource="http://dbpedia.org/resource/Category:Boller_Brothers_buildings" />
    <dcterms:subject rdf:resource="http://dbpedia.org/resource/Category:Theatres_on_the_National_Register_of_Historic_Places_in_Kansas" />
    <dcterms:subject rdf:resource="http://dbpedia.org/resource/Category:Reportedly_haunted_locations_in_the_United_States" />
    <dcterms:subject rdf:resource="http://dbpedia.org/resource/Category:Opera_houses_in_the_United_States" />
    <dcterms:subject rdf:resource="http://dbpedia.org/resource/Category:Visitor_attractions_in_Cloud_County,_Kansas" />
    <dcterms:subject rdf:resource="http://dbpedia.org/resource/Category:Buildings_and_structures_in_Cloud_County,_Kansas" />
    <dbpedia-owl:abstract xml:lang="en">The Brown Grand Theatre is a community-based historical theatre dedicated to enhancing cultural life in North Central Kansas in the United States. The theatre is a majestic opera house located in Concordia, Kansas and is listed on the National Register of Historic Places. The theatre has been called "the most elegant theater between Kansas City and Denver" and to this day plays host to many popular events in the region. In November 1905, Concordia resident Colonel Napoleon Bonaparte Brown announced to the townspeople his plans to build a fully outfitted opera house for Concordia. Renowned Kansas City theatre architect Carl Boller was hired to prepare the design drawings and the blueprints.</dbpedia-owl:abstract>
    <dbpedia-owl:added rdf:datatype="http://www.w3.org/2001/XMLSchema#date">1973-07-26</dbpedia-owl:added>
    <dbpedia-owl:architect rdf:resource="http://dbpedia.org/resource/Boller_Brothers" />
    <dbpedia-owl:location rdf:resource="http://dbpedia.org/resource/Concordia,_Kansas" />
    <dbpedia-owl:nrhpReferenceNumber xml:lang="en">73000747</dbpedia-owl:nrhpReferenceNumber>
    <dbpedia-owl:wikiPageID rdf:datatype="http://www.w3.org/2001/XMLSchema#integer">8980747</dbpedia-owl:wikiPageID>
    <dbpedia-owl:wikiPageRevisionID rdf:datatype="http://www.w3.org/2001/XMLSchema#integer">534178516</dbpedia-owl:wikiPageRevisionID>
    <dbpedia-owl:yearOfConstruction rdf:datatype="http://www.w3.org/2001/XMLSchema#gYear">1907-01-01T00:00:00+02:00</dbpedia-owl:yearOfConstruction>
    <rdfs:label xml:lang="en">Brown Grand Theatre</rdfs:label>
    <foaf:depiction rdf:resource="http://upload.wikimedia.org/wikipedia/commons/3/32/BrownGrand2007.jpg" />
    <rdfs:comment xml:lang="en">The Brown Grand Theatre is a community-based historical theatre dedicated to enhancing cultural life in North Central Kansas in the United States. The theatre is a majestic opera house located in Concordia, Kansas and is listed on the National Register of Historic Places. The theatre has been called "the most elegant theater between Kansas City and Denver" and to this day plays host to many popular events in the region.</rdfs:comment>
    <foaf:name xml:lang="en">Brown Grand Theatre</foaf:name>
    <dbpedia-owl:thumbnail rdf:resource="http://upload.wikimedia.org/wikipedia/commons/thumb/3/32/BrownGrand2007.jpg/200px-BrownGrand2007.jpg" />
    <dbpedia-owl:wikiPageExternalLink rdf:resource="http://www.browngrand.org/" />
    <dbpedia-owl:wikiPageExternalLink rdf:resource="http://www.kansasphototour.com/bgrand.htm" />
    <dbpprop:added rdf:datatype="http://www.w3.org/2001/XMLSchema#date">1973-07-26</dbpprop:added>
    <dbpprop:architect xml:lang="en">Carl Boller and W.T. Short</dbpprop:architect>
    <dbpprop:built rdf:datatype="http://www.w3.org/2001/XMLSchema#integer">1907</dbpprop:built>
    <dbpprop:caption xml:lang="en">The Brown Grand Theatre, 2007</dbpprop:caption>
    <dbpprop:governingBody xml:lang="en">The Brown Grand Theatre Society</dbpprop:governingBody>
    <dbpprop:latDegrees rdf:datatype="http://www.w3.org/2001/XMLSchema#integer">39</dbpprop:latDegrees>
    <dbpprop:latDirection xml:lang="en">N</dbpprop:latDirection>
    <dbpprop:latMinutes rdf:datatype="http://www.w3.org/2001/XMLSchema#integer">34</dbpprop:latMinutes>
    <dbpprop:latSeconds rdf:datatype="http://www.w3.org/2001/XMLSchema#integer">17</dbpprop:latSeconds>
    <dbpprop:location rdf:resource="http://dbpedia.org/resource/Concordia,_Kansas" />
    <dbpprop:location rdf:datatype="http://www.w3.org/2001/XMLSchema#integer">310</dbpprop:location>
    <dbpprop:longDegrees rdf:datatype="http://www.w3.org/2001/XMLSchema#integer">97</dbpprop:longDegrees>
    <dbpprop:longDirection xml:lang="en">W</dbpprop:longDirection>
    <dbpprop:longMinutes rdf:datatype="http://www.w3.org/2001/XMLSchema#integer">39</dbpprop:longMinutes>
    <dbpprop:longSeconds rdf:datatype="http://www.w3.org/2001/XMLSchema#integer">49</dbpprop:longSeconds>
    <dbpprop:name xml:lang="en">Brown Grand Theatre</dbpprop:name>
    <dbpprop:refnum rdf:datatype="http://www.w3.org/2001/XMLSchema#integer">73000747</dbpprop:refnum>
    <dbpprop:wordnet_type rdf:resource="http://www.w3.org/2006/03/wn/wn20/instances/synset-location-noun-1" />
    <geo:geometry rdf:datatype="http://www.openlinksw.com/schemas/virtrdf#Geometry">POINT(-97.6636 39.5714)</geo:geometry>
    <foaf:isPrimaryTopicOf rdf:resource="http://en.wikipedia.org/wiki/Brown_Grand_Theatre" />
    <geo:long rdf:datatype="http://www.w3.org/2001/XMLSchema#float">-97.6636</geo:long>
    <geo:lat rdf:datatype="http://www.w3.org/2001/XMLSchema#float">39.5714</geo:lat>
    <ns8:wasDerivedFrom rdf:resource="http://en.wikipedia.org/wiki/Brown_Grand_Theatre?oldid=534178516" />
    <grs:point xml:lang="en">39.57138888888889 -97.66361111111111</grs:point>
    <dbpprop:hasPhotoCollection rdf:resource="http://wifo5-03.informatik.uni-mannheim.de/flickrwrappr/photos/Brown_Grand_Theatre" />
  </rdf:Description>
  <rdf:Description rdf:about="http://dbpedia.org/resource/Grand_Theatre">
    <dbpedia-owl:wikiPageDisambiguates rdf:resource="http://dbpedia.org/resource/Brown_Grand_Theatre" />
  </rdf:Description>
  <rdf:Description rdf:about="http://dbpedia.org/resource/Grand_Opera_House">
    <dbpedia-owl:wikiPageDisambiguates rdf:resource="http://dbpedia.org/resource/Brown_Grand_Theatre" />
  </rdf:Description>
  <rdf:Description rdf:about="http://en.wikipedia.org/wiki/Brown_Grand_Theatre">
    <foaf:primaryTopic rdf:resource="http://dbpedia.org/resource/Brown_Grand_Theatre" />
  </rdf:Description>
  <rdf:Description rdf:about="http://dbpedia.org/resource/Brown_Grand_Opera_House">
    <dbpedia-owl:wikiPageRedirects rdf:resource="http://dbpedia.org/resource/Brown_Grand_Theatre" />
  </rdf:Description>
</rdf:RDF>
