<?xml version="1.0" encoding="utf-8" ?>
<rdf:RDF
	xmlns:rdf="http://www.w3.org/1999/02/22-rdf-syntax-ns#"
	xmlns:rdfs="http://www.w3.org/2000/01/rdf-schema#"
	xmlns:owl="http://www.w3.org/2002/07/owl#"
	xmlns:dcterms="http://purl.org/dc/terms/"
	xmlns:dbpedia-owl="http://dbpedia.org/ontology/"
	xmlns:foaf="http://xmlns.com/foaf/0.1/"
	xmlns:dbpprop="http://dbpedia.org/property/"
	xmlns:geo="http://www.w3.org/2003/01/geo/wgs84_pos#"
	xmlns:ns8="http://www.w3.org/ns/prov#"
	xmlns:grs="http://www.georss.org/georss/" >
  <rdf:Description rdf:about="http://pl.dbpedia.org/resource/Muzeum_Brukenthala">
    <owl:sameAs rdf:resource="http://dbpedia.org/resource/Brukenthal_National_Museum" />
  </rdf:Description>
  <rdf:Description rdf:about="http://dbpedia.org/resource/Crucifixion_(Antonello_da_Messina)">
    <dbpedia-owl:museum rdf:resource="http://dbpedia.org/resource/Brukenthal_National_Museum" />
  </rdf:Description>
  <rdf:Description rdf:about="http://de.dbpedia.org/resource/Brukenthal-Museum">
    <owl:sameAs rdf:resource="http://dbpedia.org/resource/Brukenthal_National_Museum" />
  </rdf:Description>
  <rdf:Description rdf:about="http://ru.dbpedia.org/resource/Национальный_музей_Брукенталя">
    <owl:sameAs rdf:resource="http://dbpedia.org/resource/Brukenthal_National_Museum" />
  </rdf:Description>
  <rdf:Description rdf:about="http://en.wikipedia.org/wiki/Brukenthal_National_Museum">
    <foaf:primaryTopic rdf:resource="http://dbpedia.org/resource/Brukenthal_National_Museum" />
  </rdf:Description>
  <rdf:Description rdf:about="http://dbpedia.org/resource/Brukenthal_National_Museum">
    <rdf:type rdf:resource="http://dbpedia.org/class/yago/YagoGeoEntity" />
    <rdf:type rdf:resource="http://www.w3.org/2002/07/owl#Thing" />
    <rdf:type rdf:resource="http://schema.org/Museum" />
    <rdf:type rdf:resource="http://schema.org/Place" />
    <rdf:type rdf:resource="http://dbpedia.org/class/yago/HistoryMuseumsInRomania" />
    <rdf:type rdf:resource="http://dbpedia.org/class/yago/Object100002684" />
    <rdf:type rdf:resource="http://dbpedia.org/class/yago/Whole100003553" />
    <rdf:type rdf:resource="http://dbpedia.org/class/yago/YagoPermanentlyLocatedEntity" />
    <rdf:type rdf:resource="http://dbpedia.org/class/yago/Museum103800563" />
    <rdf:type rdf:resource="http://dbpedia.org/class/yago/Artifact100021939" />
    <rdf:type rdf:resource="http://www.opengis.net/gml/_Feature" />
    <rdf:type rdf:resource="http://dbpedia.org/class/yago/Facility103315023" />
    <rdf:type rdf:resource="http://dbpedia.org/class/yago/PhysicalEntity100001930" />
    <rdf:type rdf:resource="http://dbpedia.org/class/yago/NationalMuseumsOfRomania" />
    <rdf:type rdf:resource="http://dbpedia.org/class/yago/ArtMuseumsAndGalleriesInRomania" />
    <rdf:type rdf:resource="http://dbpedia.org/class/yago/MuseumsEstablishedIn1817" />
    <rdf:type rdf:resource="http://dbpedia.org/ontology/Museum" />
    <rdf:type rdf:resource="http://dbpedia.org/ontology/ArchitecturalStructure" />
    <rdf:type rdf:resource="http://dbpedia.org/ontology/Place" />
    <rdf:type rdf:resource="http://dbpedia.org/ontology/Building" />
    <rdf:type rdf:resource="http://dbpedia.org/class/yago/Depository103177349" />
    <owl:sameAs rdf:resource="http://it.dbpedia.org/resource/Museo_nazionale_Brukenthal" />
    <owl:sameAs rdf:resource="http://rdf.freebase.com/ns/m.025_7t7" />
    <owl:sameAs rdf:resource="http://www.wikidata.org/entity/Q850207" />
    <owl:sameAs rdf:resource="http://de.dbpedia.org/resource/Brukenthal-Museum" />
    <owl:sameAs rdf:resource="http://yago-knowledge.org/resource/Brukenthal_National_Museum" />
    <owl:sameAs rdf:resource="http://dbpedia.org/resource/Brukenthal_National_Museum" />
    <owl:sameAs rdf:resource="http://zh.dbpedia.org/resource/布鲁肯撒尔博物馆" />
    <owl:sameAs rdf:resource="http://ru.dbpedia.org/resource/Национальный_музей_Брукенталя" />
    <owl:sameAs rdf:resource="http://he.dbpedia.org/resource/המוזיאון_הלאומי_ברוקנטל" />
    <owl:sameAs rdf:resource="http://hu.dbpedia.org/resource/Brukenthal-palota" />
    <owl:sameAs rdf:resource="http://ro.dbpedia.org/resource/Muzeul_Brukenthal" />
    <owl:sameAs rdf:resource="http://eo.dbpedia.org/resource/Muzeo_Brukenthal" />
    <owl:sameAs rdf:resource="http://pl.dbpedia.org/resource/Muzeum_Brukenthala" />
    <dcterms:subject rdf:resource="http://dbpedia.org/resource/Category:History_museums_in_Romania" />
    <dcterms:subject rdf:resource="http://dbpedia.org/resource/Category:Museums_in_Sibiu_County" />
    <dcterms:subject rdf:resource="http://dbpedia.org/resource/Category:1817_establishments_in_Hungary" />
    <dcterms:subject rdf:resource="http://dbpedia.org/resource/Category:Museums_established_in_1817" />
    <dcterms:subject rdf:resource="http://dbpedia.org/resource/Category:Palaces_in_Romania" />
    <dcterms:subject rdf:resource="http://dbpedia.org/resource/Category:Buildings_and_structures_in_Sibiu" />
    <dcterms:subject rdf:resource="http://dbpedia.org/resource/Category:1817_establishments_in_Romania" />
    <dcterms:subject rdf:resource="http://dbpedia.org/resource/Category:Baroque_architecture_in_Romania" />
    <dcterms:subject rdf:resource="http://dbpedia.org/resource/Category:Art_museums_and_galleries_in_Romania" />
    <dcterms:subject rdf:resource="http://dbpedia.org/resource/Category:National_museums_of_Romania" />
    <dbpedia-owl:abstract xml:lang="de">Das Brukenthal-Museum (rum. Muzeul Național Brukenthal) ist eine Gruppe von Museen in Sibiu in Siebenbürgen. Die Museen sind über die Stadt verteilt. Sie besitzen eigene Programme und Veranstaltungsreihen, werden aber gemeinsam verwaltet.</dbpedia-owl:abstract>
    <dbpedia-owl:abstract xml:lang="en">The Brukenthal National Museum (Romanian: Muzeul Naţional Brukenthal) is a museum, erected in the late of 18th century in Sibiu, Transylvania, Romania, housed in the palace of Samuel von Brukenthal — who was Habsburg governor of Transylvania and who established its first collections around 1790. The collections were officially opened to the public in 1817, making it the oldest institution of its kind in Romania. It is a complex of six museums, which, without being separate administrative entities, are situated in different locations around the city and have their own distinct cultural programmes. The Art Galleries are located inside the Brukenthal Palace and include a number of about 1,200 works belonging to the main European schools of painting, from the 15th to the 18th century: Flemish-Dutch, German and Austrian, Italian, Spanish and French Schools. The Galleries also include collections of engravings, books, numismatics, and minerals. The Brukenthal Library is also located inside the Brukenthal Palace. At the moment it comprises almost 300,000 library units (manuscripts, incunables, rare foreign books, old Romanian-language books, contemporary books and specialised magazines). The Museum of History is part of a building which is considered to be the most important ensemble of non-religious Gothic architecture in Transylvania. The museum initially focused its activities on representing the historic characteristics of Sibiu and its surroundings, but in time it has come to reflect the entire area of Southern Transylvania. The Museum of Pharmacology is located in an historical building dated 1569, where one of the oldest pharmacies in present-day Romania was located. It is the basement of this house where Samuel Hahnemann invented homeopathy and developed his version of treatment. Some of his phials and plans are on display. The furniture is in Viennese style. The exhibition is organized on the structure of a classical pharmacy that includes two laboratories, a homeopathic sector and a documentation sector. It contains over 6,000 ancient medical instruments and dispensing tools from the time when Sibiu was home to more chemists than anywhere else in Transylvania. At the front, a reconstructed shop is decked out with wooden counters and stacks of glass jars creating the atmosphere of an 18th century apothecary. A valuable collection of wooden pharmaceutical jars, marked with paint, is also featured. The Museum of Natural History began to take shape in 1849, through the foundation of the Transylvanian Society of Natural Sciences (German: Siebenbürgischer Verein für Naturwissenschaften), which had as members important local and foreign figures in science and culture. The collections of the museum comprise over 1 million exhibits. The Museum of Arms and Hunting Trophies reflects the evolution in time of weapons and hunting tools. Important is as well the collection of trophies belonging to the collections Witting and A. Spiess, the last one comprising 1,058 items acquired in 1963. Opened for the public in 1966 in Spiess House, the exhibition contains now over 1,500 units. Some traditional hunting procedures are also exhibited, including contemporary engravings. Aspects of the animal life and suitable times for hunting them are also presented here.</dbpedia-owl:abstract>
    <dbpedia-owl:abstract xml:lang="ru">Национальный музей Брукенталя (рум. Muzeul Naţional Brukenthal) — комплекс шести музеев, находящийся в Сибиу в Румынии. Основой музейного комплекса служит собрание европейской живописи, собранное Самуэлем фон Брукенталем, губернатором Трансильвании в 1774—1787 годах, и в 1817 году открывшееся для публичного посещения. В настоящее время музея состоит из Художественной галереи Брукенталя (с выделенными экспозициями европейского, румынского и современного искусства), Библиотеки Брукенталя, Исторического музея, Музея естественной истории, Музея аптечного дела и Музея охоты Августа фон Шписса. Экспозиция европейского изобразительного искусства и библиотека расположены во дворце Брукенталя на центральной площади города. В коллекции Художественной галереи около 1200 картин, в том числе работы ван Эйка, Мемлинга, ван Гойена, Йорданса, Снейдерса, Питера Брейгеля Старшего, Питера Брейгеля Младшего, Рубенса, Давида Тенирса Младшего, Бассано, да Мессины, Тициана, Веронезе, Лукаса Кранаха Старшего, а также средневековое искусство Трансильвании. В экспозиции также представлены собрание анатолийских ковров, коллекции гравюр, старинных карт, кабинет европейского и румынского рисунка. В особую экспозицию выделены 23 шедевра галереи, 19 из которых были в 1948 году изъяты в Национальный музей искусств Румынии в Бухаресте и возвращены только в 2006 году, а 4 принадлежат к числу восьми картин, похищенных из музея в 1968 году, и были в том же 2006 году обнаружены за рубежом. В Библиотеке Брукенталя хранится около 300 тысяч экземпляров, в том числе манускрипты, 442 инкунабулы, первопечатные румынские и трансильванские книги. Расположенная в соседнем доме экспозиция румынского искусства включает в себя в том числе работы Теодора Амана, Николае Григореску, Йона Андрееску, Теодора Паллади, Георге Петрашку, Корнелиу Бабы, а также трансильванское искусство 18-19 веков. Исторический музей находится в готическом доме Альтембергера, построенном в 16 веке и на протяжении 400 лет остававшимся резиденцией городской администрации. Его экспозиция посвящена истории города Сибиу и Южной Трансильвании с древнейших времён, а также включает в себя нумизматические коллекции и сокровищницу. Музей естественной истории, основанный в 1895 году Трансильванским обществом естественных наук, содержит палеонтологические и минералогические коллекции, а также экспозиции по живой природе мира, что составляет в сумме около миллиона экспонатов. Музей аптечного дела находится в историческом здании одной из старейших в Европе аптек, построенном в 1569 году, и реконструирует атмосферу средневековой аптеки. В коллекции музея около 6 тысяч старинных медицинских инструментов. Музей охоты находится на вилле Августа фон Шписса, начальника придворной охоты румынского короля Фердинанда I. В его коллекции хранятся многочисленные охотничьи трофеи Шписса из разных стран, обширная коллекция оружия, создана также экспозиция, посвящённая Шписсу.</dbpedia-owl:abstract>
    <dbpedia-owl:abstract xml:lang="zh">布鲁肯撒尔博物馆（羅馬尼亞語：Muzeul Naţional Brukenthal）位于罗马尼亚锡比乌， 1790左右，由哈布斯堡王朝的特兰西瓦尼亚总督塞缪尔•冯•布鲁肯撒尔在其府邸内设立。1817年藏品正式向公众开放，为今日罗马尼亚境内最古老的博物馆。 布鲁肯撒尔博物馆位于布鲁肯撒尔宫等历史建筑内，包括6个部分： 布鲁肯撒尔图书馆。目前包括近30万册（手稿，外国善本，旧罗马尼亚语言的书籍，当代书籍和专门杂志）。 艺术画廊，包括约1200幅15世纪到18世纪欧洲各主要流派的绘画作品，包括佛兰芒和荷兰，德国和奥地利， 意大利，西班牙和法国流派。该画廊还包括雕刻、书籍、钱币和矿产。 历史博物馆位于一座哥特式建筑内，最初只关注锡比乌及其周围的历史，目前的关注范围已扩展到整个特兰西瓦尼亚南部地区。 药学博物馆位于一座1569年的历史建筑内，那是现今罗马尼亚境内历史最悠久的一个药房。 自然史博物馆的藏品超过100万件，包括矿物学-岩石学、古生物学、植物学、昆虫学、动物学（脊椎动物、两栖类、爬行类、鱼类学、鸟类）。 武器和狩猎工具博物馆反映了武器和狩猎工具的演变。</dbpedia-owl:abstract>
    <dbpedia-owl:abstract xml:lang="pl">Narodowe Muzeum Brukenthala (rum. Muzeul Naţional Brukenthal) – muzeum w Sybinie w Rumunii, istniejące w pałacu Samuela Brukenthala – habsburskiego gubernatora Siedmiogrodu, który rozpoczął kompletowanie pierwszych kolekcji około 1790. Zbiory zostały oficjalnie otwarte w roku 1817. Oznacza to, że jest to najstarsza instytucja tego rodzaju w dzisiejszej Rumunii.</dbpedia-owl:abstract>
    <dbpedia-owl:abstract xml:lang="it">Il Museo nazionale Brukenthal (in rumeno Muzeul Naţional Brukenthal) è il principale museo d&#39;arte di Sibiu, nonché uno dei più importanti e antichi della Romania.</dbpedia-owl:abstract>
    <dbpedia-owl:wikiPageID rdf:datatype="http://www.w3.org/2001/XMLSchema#integer">7359549</dbpedia-owl:wikiPageID>
    <dbpedia-owl:wikiPageRevisionID rdf:datatype="http://www.w3.org/2001/XMLSchema#integer">540455528</dbpedia-owl:wikiPageRevisionID>
    <rdfs:label xml:lang="ru">Национальный музей Брукенталя</rdfs:label>
    <rdfs:label xml:lang="en">Brukenthal National Museum</rdfs:label>
    <rdfs:label xml:lang="de">Brukenthal-Museum</rdfs:label>
    <rdfs:label xml:lang="zh">布鲁肯撒尔博物馆</rdfs:label>
    <rdfs:label xml:lang="pl">Muzeum Brukenthala</rdfs:label>
    <rdfs:label xml:lang="it">Museo nazionale Brukenthal</rdfs:label>
    <foaf:depiction rdf:resource="http://upload.wikimedia.org/wikipedia/commons/9/9e/Brukenthalpalais_Hermannstadt.jpg" />
    <rdfs:comment xml:lang="en">The Brukenthal National Museum (Romanian: Muzeul Naţional Brukenthal) is a museum, erected in the late of 18th century in Sibiu, Transylvania, Romania, housed in the palace of Samuel von Brukenthal — who was Habsburg governor of Transylvania and who established its first collections around 1790. The collections were officially opened to the public in 1817, making it the oldest institution of its kind in Romania.</rdfs:comment>
    <rdfs:comment xml:lang="ru">Национальный музей Брукенталя (рум. Muzeul Naţional Brukenthal) — комплекс шести музеев, находящийся в Сибиу в Румынии. Основой музейного комплекса служит собрание европейской живописи, собранное Самуэлем фон Брукенталем, губернатором Трансильвании в 1774—1787 годах, и в 1817 году открывшееся для публичного посещения.</rdfs:comment>
    <rdfs:comment xml:lang="de">Das Brukenthal-Museum (rum. Muzeul Național Brukenthal) ist eine Gruppe von Museen in Sibiu in Siebenbürgen. Die Museen sind über die Stadt verteilt. Sie besitzen eigene Programme und Veranstaltungsreihen, werden aber gemeinsam verwaltet.</rdfs:comment>
    <rdfs:comment xml:lang="pl">Narodowe Muzeum Brukenthala (rum. Muzeul Naţional Brukenthal) – muzeum w Sybinie w Rumunii, istniejące w pałacu Samuela Brukenthala – habsburskiego gubernatora Siedmiogrodu, który rozpoczął kompletowanie pierwszych kolekcji około 1790. Zbiory zostały oficjalnie otwarte w roku 1817. Oznacza to, że jest to najstarsza instytucja tego rodzaju w dzisiejszej Rumunii.</rdfs:comment>
    <rdfs:comment xml:lang="zh">布鲁肯撒尔博物馆（羅馬尼亞語：Muzeul Naţional Brukenthal）位于罗马尼亚锡比乌， 1790左右，由哈布斯堡王朝的特兰西瓦尼亚总督塞缪尔•冯•布鲁肯撒尔在其府邸内设立。1817年藏品正式向公众开放，为今日罗马尼亚境内最古老的博物馆。 布鲁肯撒尔博物馆位于布鲁肯撒尔宫等历史建筑内，包括6个部分： 布鲁肯撒尔图书馆。目前包括近30万册（手稿，外国善本，旧罗马尼亚语言的书籍，当代书籍和专门杂志）。 艺术画廊，包括约1200幅15世纪到18世纪欧洲各主要流派的绘画作品，包括佛兰芒和荷兰，德国和奥地利， 意大利，西班牙和法国流派。该画廊还包括雕刻、书籍、钱币和矿产。 历史博物馆位于一座哥特式建筑内，最初只关注锡比乌及其周围的历史，目前的关注范围已扩展到整个特兰西瓦尼亚南部地区。 药学博物馆位于一座1569年的历史建筑内，那是现今罗马尼亚境内历史最悠久的一个药房。 自然史博物馆的藏品超过100万件，包括矿物学-岩石学、古生物学、植物学、昆虫学、动物学（脊椎动物、两栖类、爬行类、鱼类学、鸟类）。 武器和狩猎工具博物馆反映了武器和狩猎工具的演变。</rdfs:comment>
    <rdfs:comment xml:lang="it">Il Museo nazionale Brukenthal (in rumeno Muzeul Naţional Brukenthal) è il principale museo d&#39;arte di Sibiu, nonché uno dei più importanti e antichi della Romania.</rdfs:comment>
    <dbpedia-owl:thumbnail rdf:resource="http://upload.wikimedia.org/wikipedia/commons/thumb/9/9e/Brukenthalpalais_Hermannstadt.jpg/200px-Brukenthalpalais_Hermannstadt.jpg" />
    <dbpedia-owl:wikiPageExternalLink rdf:resource="http://www.codart.nl/120/" />
    <dbpedia-owl:wikiPageExternalLink rdf:resource="http://www.brukenthalmuseum.ro" />
    <geo:geometry rdf:datatype="http://www.openlinksw.com/schemas/virtrdf#Geometry">POINT(24.1506 45.7964)</geo:geometry>
    <foaf:isPrimaryTopicOf rdf:resource="http://en.wikipedia.org/wiki/Brukenthal_National_Museum" />
    <geo:long rdf:datatype="http://www.w3.org/2001/XMLSchema#float">24.1506</geo:long>
    <geo:lat rdf:datatype="http://www.w3.org/2001/XMLSchema#float">45.7964</geo:lat>
    <ns8:wasDerivedFrom rdf:resource="http://en.wikipedia.org/wiki/Brukenthal_National_Museum?oldid=540455528" />
    <grs:point xml:lang="en">45.79638888888889 24.150555555555556</grs:point>
    <dbpprop:hasPhotoCollection rdf:resource="http://wifo5-03.informatik.uni-mannheim.de/flickrwrappr/photos/Brukenthal_National_Museum" />
  </rdf:Description>
  <rdf:Description rdf:about="http://dbpedia.org/resource/Brukenthal_Museum">
    <dbpedia-owl:wikiPageRedirects rdf:resource="http://dbpedia.org/resource/Brukenthal_National_Museum" />
  </rdf:Description>
  <rdf:Description rdf:about="http://dbpedia.org/resource/Brukenthal_Palace">
    <dbpedia-owl:wikiPageRedirects rdf:resource="http://dbpedia.org/resource/Brukenthal_National_Museum" />
  </rdf:Description>
  <rdf:Description rdf:about="http://it.dbpedia.org/resource/Museo_nazionale_Brukenthal">
    <owl:sameAs rdf:resource="http://dbpedia.org/resource/Brukenthal_National_Museum" />
  </rdf:Description>
  <rdf:Description rdf:about="http://dbpedia.org/resource/Portrait_of_a_Man_with_a_Blue_Chaperon">
    <dbpedia-owl:museum rdf:resource="http://dbpedia.org/resource/Brukenthal_National_Museum" />
    <dbpprop:museum rdf:resource="http://dbpedia.org/resource/Brukenthal_National_Museum" />
  </rdf:Description>
  <rdf:Description rdf:about="http://wikidata.dbpedia.org/resource/Q850207">
    <owl:sameAs rdf:resource="http://dbpedia.org/resource/Brukenthal_National_Museum" />
  </rdf:Description>
  <rdf:Description rdf:about="http://zh.dbpedia.org/resource/布鲁肯撒尔博物馆">
    <owl:sameAs rdf:resource="http://dbpedia.org/resource/Brukenthal_National_Museum" />
  </rdf:Description>
  <rdf:Description rdf:about="http://eo.dbpedia.org/resource/Muzeo_Brukenthal">
    <owl:sameAs rdf:resource="http://dbpedia.org/resource/Brukenthal_National_Museum" />
  </rdf:Description>
  <rdf:Description rdf:about="http://he.dbpedia.org/resource/המוזיאון_הלאומי_ברוקנטל">
    <owl:sameAs rdf:resource="http://dbpedia.org/resource/Brukenthal_National_Museum" />
  </rdf:Description>
  <rdf:Description rdf:about="http://hu.dbpedia.org/resource/Brukenthal-palota">
    <owl:sameAs rdf:resource="http://dbpedia.org/resource/Brukenthal_National_Museum" />
  </rdf:Description>
  <rdf:Description rdf:about="http://ro.dbpedia.org/resource/Muzeul_Brukenthal">
    <owl:sameAs rdf:resource="http://dbpedia.org/resource/Brukenthal_National_Museum" />
  </rdf:Description>
</rdf:RDF>
