<?xml version="1.0" encoding="utf-8" ?>
<rdf:RDF
	xmlns:rdf="http://www.w3.org/1999/02/22-rdf-syntax-ns#"
	xmlns:rdfs="http://www.w3.org/2000/01/rdf-schema#"
	xmlns:owl="http://www.w3.org/2002/07/owl#"
	xmlns:dcterms="http://purl.org/dc/terms/"
	xmlns:dbpedia-owl="http://dbpedia.org/ontology/"
	xmlns:foaf="http://xmlns.com/foaf/0.1/"
	xmlns:dbpprop="http://dbpedia.org/property/"
	xmlns:geo="http://www.w3.org/2003/01/geo/wgs84_pos#"
	xmlns:ns8="http://www.w3.org/ns/prov#"
	xmlns:grs="http://www.georss.org/georss/" >
  <rdf:Description rdf:about="http://dbpedia.org/resource/Capitoline_Museums">
    <rdf:type rdf:resource="http://dbpedia.org/class/yago/MuseumDistricts" />
    <rdf:type rdf:resource="http://dbpedia.org/class/yago/Whole100003553" />
    <rdf:type rdf:resource="http://dbpedia.org/class/yago/YagoGeoEntity" />
    <rdf:type rdf:resource="http://dbpedia.org/class/yago/PhysicalEntity100001930" />
    <rdf:type rdf:resource="http://schema.org/Museum" />
    <rdf:type rdf:resource="http://dbpedia.org/class/yago/Museum103800563" />
    <rdf:type rdf:resource="http://schema.org/Place" />
    <rdf:type rdf:resource="http://dbpedia.org/class/yago/PiazzasInRome" />
    <rdf:type rdf:resource="http://dbpedia.org/class/yago/ArchaeologyMuseumsInItaly" />
    <rdf:type rdf:resource="http://dbpedia.org/class/yago/MuseumsEstablishedIn1471" />
    <rdf:type rdf:resource="http://dbpedia.org/class/yago/Depository103177349" />
    <rdf:type rdf:resource="http://dbpedia.org/ontology/ArchitecturalStructure" />
    <rdf:type rdf:resource="http://dbpedia.org/ontology/Museum" />
    <rdf:type rdf:resource="http://dbpedia.org/ontology/Place" />
    <rdf:type rdf:resource="http://dbpedia.org/class/yago/ArtMuseumsAndGalleriesInRome" />
    <rdf:type rdf:resource="http://dbpedia.org/ontology/Building" />
    <rdf:type rdf:resource="http://dbpedia.org/class/yago/MuseumsOfAncientRome" />
    <rdf:type rdf:resource="http://www.opengis.net/gml/_Feature" />
    <rdf:type rdf:resource="http://dbpedia.org/class/yago/Artifact100021939" />
    <rdf:type rdf:resource="http://dbpedia.org/class/yago/GeographicalArea108574314" />
    <rdf:type rdf:resource="http://dbpedia.org/class/yago/Facility103315023" />
    <rdf:type rdf:resource="http://dbpedia.org/class/yago/YagoPermanentlyLocatedEntity" />
    <rdf:type rdf:resource="http://dbpedia.org/class/yago/YagoLegalActorGeo" />
    <rdf:type rdf:resource="http://dbpedia.org/class/yago/Region108630985" />
    <rdf:type rdf:resource="http://www.w3.org/2002/07/owl#Thing" />
    <rdf:type rdf:resource="http://dbpedia.org/class/yago/Object100002684" />
    <rdf:type rdf:resource="http://dbpedia.org/class/yago/MuseumsOfAncientGreece" />
    <rdf:type rdf:resource="http://dbpedia.org/class/yago/NumismaticMuseums" />
    <rdf:type rdf:resource="http://dbpedia.org/class/yago/Tract108673395" />
    <rdf:type rdf:resource="http://dbpedia.org/class/yago/District108552138" />
    <rdf:type rdf:resource="http://dbpedia.org/class/yago/Location100027167" />
    <rdf:type rdf:resource="http://dbpedia.org/class/yago/Plaza108619795" />
    <rdf:type rdf:resource="http://dbpedia.org/class/yago/PublicSquare108619620" />
    <owl:sameAs rdf:resource="http://cs.dbpedia.org/resource/Kapitolská_muzea" />
    <owl:sameAs rdf:resource="http://et.dbpedia.org/resource/Kapitooliumi_muuseumid" />
    <owl:sameAs rdf:resource="http://br.dbpedia.org/resource/Musei_capitolini" />
    <owl:sameAs rdf:resource="http://ko.dbpedia.org/resource/카피톨리노_박물관" />
    <owl:sameAs rdf:resource="http://el.dbpedia.org/resource/Μουσεία_Καπιτωλίου" />
    <owl:sameAs rdf:resource="http://mk.dbpedia.org/resource/Капитолски_музеи" />
    <owl:sameAs rdf:resource="http://pl.dbpedia.org/resource/Muzea_Kapitolińskie" />
    <owl:sameAs rdf:resource="http://fr.dbpedia.org/resource/Musées_du_Capitole" />
    <owl:sameAs rdf:resource="http://sws.geonames.org/8015030/" />
    <owl:sameAs rdf:resource="http://ca.dbpedia.org/resource/Museus_Capitolins" />
    <owl:sameAs rdf:resource="http://uk.dbpedia.org/resource/Капітолійські_музеї" />
    <owl:sameAs rdf:resource="http://es.dbpedia.org/resource/Museos_Capitolinos" />
    <owl:sameAs rdf:resource="http://fi.dbpedia.org/resource/Musei_Capitolini" />
    <owl:sameAs rdf:resource="http://th.dbpedia.org/resource/พิพิธภัณฑ์คาปิโตลิเน" />
    <owl:sameAs rdf:resource="http://dbpedia.org/resource/Capitoline_Museums" />
    <owl:sameAs rdf:resource="http://rdf.freebase.com/ns/m.078gqf" />
    <owl:sameAs rdf:resource="http://bg.dbpedia.org/resource/Капитолийски_музеи" />
    <owl:sameAs rdf:resource="http://de.dbpedia.org/resource/Kapitolinische_Museen" />
    <owl:sameAs rdf:resource="http://ja.dbpedia.org/resource/カピトリーノ美術館" />
    <owl:sameAs rdf:resource="http://zh.dbpedia.org/resource/卡比托利欧博物馆" />
    <owl:sameAs rdf:resource="http://eo.dbpedia.org/resource/Kapitolaj_Muzeoj" />
    <owl:sameAs rdf:resource="http://www.wikidata.org/entity/Q333906" />
    <owl:sameAs rdf:resource="http://ru.dbpedia.org/resource/Капитолийские_музеи" />
    <owl:sameAs rdf:resource="http://it.dbpedia.org/resource/Musei_capitolini" />
    <owl:sameAs rdf:resource="http://sh.dbpedia.org/resource/Kapitolski_muzeji" />
    <owl:sameAs rdf:resource="http://yago-knowledge.org/resource/Capitoline_Museums" />
    <owl:sameAs rdf:resource="http://lt.dbpedia.org/resource/Kapitolijaus_muziejai" />
    <owl:sameAs rdf:resource="http://no.dbpedia.org/resource/Kapitolmuseene" />
    <owl:sameAs rdf:resource="http://pt.dbpedia.org/resource/Museus_Capitolinos" />
    <owl:sameAs rdf:resource="http://be.dbpedia.org/resource/Капіталійскія_музеі" />
    <owl:sameAs rdf:resource="http://sv.dbpedia.org/resource/Kapitolinska_museerna" />
    <owl:sameAs rdf:resource="http://he.dbpedia.org/resource/המוזיאונים_הקפיטוליניים" />
    <owl:sameAs rdf:resource="http://nl.dbpedia.org/resource/Musei_Capitolini" />
    <dcterms:subject rdf:resource="http://dbpedia.org/resource/Category:Museums_of_Ancient_Greece" />
    <dcterms:subject rdf:resource="http://dbpedia.org/resource/Category:Numismatic_museums" />
    <dcterms:subject rdf:resource="http://dbpedia.org/resource/Category:Museum_districts" />
    <dcterms:subject rdf:resource="http://dbpedia.org/resource/Category:Piazzas_in_Rome" />
    <dcterms:subject rdf:resource="http://dbpedia.org/resource/Category:Museums_of_Ancient_Rome" />
    <dcterms:subject rdf:resource="http://dbpedia.org/resource/Category:1471_establishments_in_Italy" />
    <dcterms:subject rdf:resource="http://dbpedia.org/resource/Category:Museums_established_in_1471" />
    <dcterms:subject rdf:resource="http://dbpedia.org/resource/Category:Art_museums_and_galleries_in_Rome" />
    <dcterms:subject rdf:resource="http://dbpedia.org/resource/Category:Archaeological_museums_in_Italy" />
    <dbpedia-owl:abstract xml:lang="sv">Kapitolinska museerna är ett konstmuseum på Capitolium i Rom. Palatset är inte bara ett museum utan här hålls även politiska möten (bland annat har Romfördraget och Euratomfördraget undertecknats här) och här finner man även Roms registreringskontor. Palatset byggdes under medeltiden och ritades av Giacomo della Porta.</dbpedia-owl:abstract>
    <dbpedia-owl:abstract xml:lang="ru">Капитолийские музеи — старейший публичный музей в мире, начало которому положил папа Сикст IV в 1471 году, передав в дар «народу Римa» собрание античной бронзы, помещавшееся до того под стенами Латерана.</dbpedia-owl:abstract>
    <dbpedia-owl:abstract xml:lang="ja">カピトリーノ美術館 (Musei Capitolini) は、イタリアのローマにある美術館である。ローマの7つの丘の1つ、カピトリーノの丘に建つこの美術館は、一般市民に公開された美術館としては世界最古のものと言われている。</dbpedia-owl:abstract>
    <dbpedia-owl:abstract xml:lang="fr">Les musées du Capitole sont un ensemble de musées d&#39;art et d&#39;archéologie situés sur la Place du Capitole, à Rome. Ce sont les plus anciens musées du monde. Leurs collections comprennent des statues en marbre ou en bronze, des peintures, des mosaïques et des inscriptions, toutes en provenance de Rome et de sa région. Elles sont conservées dans les deux palais de la place du Capitole, le palais Neuf et le palais des Conservateurs, ainsi qu&#39;à la centrale Montemartini, dans un faubourg de Rome.</dbpedia-owl:abstract>
    <dbpedia-owl:abstract xml:lang="de">Die Kapitolinischen Museen sind ein Museum der Stadt Rom und bestehen heute aus mehreren Antikensammlungen und Kunstgalerien. Die bedeutendsten befinden sich auf dem Kapitolshügel, oberhalb des Forum Romanum im Konservatorenpalast und dem Palazzo Nuovo.</dbpedia-owl:abstract>
    <dbpedia-owl:abstract xml:lang="pt">Os Museus Capitolinos são um conjunto de palácios romanos que abrigam uma vasta e importantíssima coleção de obras de arte. Localizam-se, salvo um prédio anexo, no topo da colina do Capitólio, em torno da praça redesenhada por Michelangelo em 1536, e reconstruída ao longo de 400 anos.</dbpedia-owl:abstract>
    <dbpedia-owl:abstract xml:lang="it">I Musei Capitolini sono il principale museo civico comunale di Roma e fanno parte del "Sistema dei Musei in comune". Si parla di "musei", al plurale, in quanto alla originaria raccolta di sculture antiche fu aggiunta da Benedetto XIV, nel XVIII secolo, la Pinacoteca, di soggetti prevalentemente romani. Aperto al pubblico nell&#39;anno 1734, sotto Clemente XII, è considerato il primo museo al mondo, inteso come luogo dove l&#39;arte fosse fruibile da tutti e non solo dai proprietari. Nel 2008 sono stati visitati da 452.232 persone.</dbpedia-owl:abstract>
    <dbpedia-owl:abstract xml:lang="nl">De Musei Capitolini (Capitolijnse Musea) vormen een museum in Rome voor archeologie en kunst uit de Oudheid en de Renaissance, waarvan de collecties zijn ondergebracht in het Palazzo dei Conservatori (Conservatorenpaleis) en het Palazzo Nuovo (Nieuwe paleis) op het Capitool, en in de Centrale Montemartini.</dbpedia-owl:abstract>
    <dbpedia-owl:abstract xml:lang="es">Los Museos Capitolinos son el principal museo cívico municipal de Roma. Se dice «museos», en plural, debido a su origen: a las colecciones previas de esculturas antiguas fue añadida por Benedicto XIV, en el siglo XVIII, la Pinacoteca, de temática también principalmente romana.</dbpedia-owl:abstract>
    <dbpedia-owl:abstract xml:lang="zh">卡比托利欧博物馆（意大利语 Musei Capitolini）是位于意大利首都罗马卡比托利欧山山顶卡比托利欧广场（Piazza del Campidoglio）的一组艺术和考古博物馆，包括环绕中央梯形广场的三座建筑，由米开朗琪罗在1536年规划，工程经过400多年才全部完成。该博物馆的历史可以追溯到1471年，当时教宗西斯都四世将一批古代青铜雕塑捐赠给罗马人民，将其安置在卡比托利欧山。自那时以来，博物馆的收藏已发展到包括大量古罗马雕像，铭文，以及其他工艺品，中世纪和文艺复兴艺术、宝石、钱币等等。该博物馆由罗马市拥有和经营。 马尔库斯·奥列里乌斯骑马雕像位于广场中心。这是一个复制品，原作收藏在卡比托利欧博物馆。在中世纪，教会当局下令毁坏了许多罗马雕像；这尊雕像被保存下来，是因为误以为这是将基督教定为罗马帝国国教的君士坦丁大帝。</dbpedia-owl:abstract>
    <dbpedia-owl:abstract xml:lang="en">The Capitoline Museums are a group of art and archeological museums in Piazza del Campidoglio, on top of the Capitoline Hill in Rome, Italy. The museums are contained in three palazzi surrounding a central trapezoidal piazza in a plan conceived by Michelangelo Buonarroti in 1536 and executed over a period of more than 400 years. The history of the museums can be traced to 1471, when Pope Sixtus IV donated a collection of important ancient bronzes to the people of Rome and located them on Capitoline Hill. Since then, the museums&#39; collection has grown to include a large number of ancient Roman statues, inscriptions, and other artifacts; a collection of medieval and Renaissance art; and collections of jewels, coins, and other items. The museums are owned and operated by the municipality of Rome. The statue of a mounted rider in the centre of the piazza is of Emperor Marcus Aurelius. It is a copy, the original being housed on-site in the Capitoline museum. Many Roman statues were destroyed on the orders of Christian Church authorities in the Middle Ages; this statue was preserved in the erroneous belief that it depicted the Emperor Constantine, who made Christianity the official state religion of the Roman empire.</dbpedia-owl:abstract>
    <dbpedia-owl:abstract xml:lang="pl">Muzea Kapitolińskie – grupa muzeów archeologicznych i sztuki znajdujących się przy placu na Kapitolu (Piazza del Campidoglio) w Rzymie. Pierwsze zbiory zostały podarowane miastu przez Sykstusa IV w 1471 r. Pochodzą one z kolekcji zgromadzonej w Pałacu Laterańskim. Mecenas kolejnych papieży i eksponaty odnalezione podczas prac wykopaliskowych pozwoliły zgromadzić bogatą kolekcję rzeźb antycznych. Do najciekawszych eksponatów należą m. in. : Amor i Psyche – rzeźba grecka z III wieku p.n.e. , Faun – kopia greckiej rzeźby wykonana w II wieku Dwa centaury z wilii Hadriana – kopie greckich rzeźb Wenera kapitolińska – kopia greckiej rzeźby z IV wieku p.n.e. pozostałości statui Konstantyna z bazyliki Maksencjusza Umierający Gal Wśród eksponatów można również zobaczyć oryginały Wilczycy Kapitolińskiej i konnego pomnika Marka Aureliusza (na zewnątrz znajdują się kopie). Do kolekcji muzealnej należy także Pinakoteka Kapitolińska założona przez Benedykta XIV z połowie XVIII wieku.</dbpedia-owl:abstract>
    <dbpedia-owl:wikiPageID rdf:datatype="http://www.w3.org/2001/XMLSchema#integer">2388402</dbpedia-owl:wikiPageID>
    <dbpedia-owl:wikiPageRevisionID rdf:datatype="http://www.w3.org/2001/XMLSchema#integer">546285930</dbpedia-owl:wikiPageRevisionID>
    <rdfs:label xml:lang="ru">Капитолийские музеи</rdfs:label>
    <rdfs:label xml:lang="en">Capitoline Museums</rdfs:label>
    <rdfs:label xml:lang="ja">カピトリーノ美術館</rdfs:label>
    <rdfs:label xml:lang="fr">Musées du Capitole</rdfs:label>
    <rdfs:label xml:lang="de">Kapitolinische Museen</rdfs:label>
    <rdfs:label xml:lang="sv">Kapitolinska museerna</rdfs:label>
    <rdfs:label xml:lang="zh">卡比托利欧博物馆</rdfs:label>
    <rdfs:label xml:lang="pl">Muzea Kapitolińskie</rdfs:label>
    <rdfs:label xml:lang="nl">Musei Capitolini</rdfs:label>
    <rdfs:label xml:lang="pt">Museus Capitolinos</rdfs:label>
    <rdfs:label xml:lang="it">Musei capitolini</rdfs:label>
    <rdfs:label xml:lang="es">Museos Capitolinos</rdfs:label>
    <foaf:depiction rdf:resource="http://upload.wikimedia.org/wikipedia/commons/d/d8/CampidoglioEng.jpg" />
    <rdfs:comment xml:lang="sv">Kapitolinska museerna är ett konstmuseum på Capitolium i Rom. Palatset är inte bara ett museum utan här hålls även politiska möten (bland annat har Romfördraget och Euratomfördraget undertecknats här) och här finner man även Roms registreringskontor. Palatset byggdes under medeltiden och ritades av Giacomo della Porta.</rdfs:comment>
    <rdfs:comment xml:lang="es">Los Museos Capitolinos son el principal museo cívico municipal de Roma. Se dice «museos», en plural, debido a su origen: a las colecciones previas de esculturas antiguas fue añadida por Benedicto XIV, en el siglo XVIII, la Pinacoteca, de temática también principalmente romana.</rdfs:comment>
    <rdfs:comment xml:lang="ru">Капитолийские музеи — старейший публичный музей в мире, начало которому положил папа Сикст IV в 1471 году, передав в дар «народу Римa» собрание античной бронзы, помещавшееся до того под стенами Латерана.</rdfs:comment>
    <rdfs:comment xml:lang="ja">カピトリーノ美術館 (Musei Capitolini) は、イタリアのローマにある美術館である。ローマの7つの丘の1つ、カピトリーノの丘に建つこの美術館は、一般市民に公開された美術館としては世界最古のものと言われている。</rdfs:comment>
    <rdfs:comment xml:lang="en">The Capitoline Museums are a group of art and archeological museums in Piazza del Campidoglio, on top of the Capitoline Hill in Rome, Italy. The museums are contained in three palazzi surrounding a central trapezoidal piazza in a plan conceived by Michelangelo Buonarroti in 1536 and executed over a period of more than 400 years.</rdfs:comment>
    <rdfs:comment xml:lang="zh">卡比托利欧博物馆（意大利语 Musei Capitolini）是位于意大利首都罗马卡比托利欧山山顶卡比托利欧广场（Piazza del Campidoglio）的一组艺术和考古博物馆，包括环绕中央梯形广场的三座建筑，由米开朗琪罗在1536年规划，工程经过400多年才全部完成。该博物馆的历史可以追溯到1471年，当时教宗西斯都四世将一批古代青铜雕塑捐赠给罗马人民，将其安置在卡比托利欧山。自那时以来，博物馆的收藏已发展到包括大量古罗马雕像，铭文，以及其他工艺品，中世纪和文艺复兴艺术、宝石、钱币等等。该博物馆由罗马市拥有和经营。 马尔库斯·奥列里乌斯骑马雕像位于广场中心。这是一个复制品，原作收藏在卡比托利欧博物馆。在中世纪，教会当局下令毁坏了许多罗马雕像；这尊雕像被保存下来，是因为误以为这是将基督教定为罗马帝国国教的君士坦丁大帝。</rdfs:comment>
    <rdfs:comment xml:lang="it">I Musei Capitolini sono il principale museo civico comunale di Roma e fanno parte del "Sistema dei Musei in comune". Si parla di "musei", al plurale, in quanto alla originaria raccolta di sculture antiche fu aggiunta da Benedetto XIV, nel XVIII secolo, la Pinacoteca, di soggetti prevalentemente romani. Aperto al pubblico nell&#39;anno 1734, sotto Clemente XII, è considerato il primo museo al mondo, inteso come luogo dove l&#39;arte fosse fruibile da tutti e non solo dai proprietari.</rdfs:comment>
    <rdfs:comment xml:lang="fr">Les musées du Capitole sont un ensemble de musées d&#39;art et d&#39;archéologie situés sur la Place du Capitole, à Rome. Ce sont les plus anciens musées du monde. Leurs collections comprennent des statues en marbre ou en bronze, des peintures, des mosaïques et des inscriptions, toutes en provenance de Rome et de sa région. Elles sont conservées dans les deux palais de la place du Capitole, le palais Neuf et le palais des Conservateurs, ainsi qu&#39;à la centrale Montemartini, dans un faubourg de Rome.</rdfs:comment>
    <rdfs:comment xml:lang="nl">De Musei Capitolini (Capitolijnse Musea) vormen een museum in Rome voor archeologie en kunst uit de Oudheid en de Renaissance, waarvan de collecties zijn ondergebracht in het Palazzo dei Conservatori (Conservatorenpaleis) en het Palazzo Nuovo (Nieuwe paleis) op het Capitool, en in de Centrale Montemartini.</rdfs:comment>
    <rdfs:comment xml:lang="pt">Os Museus Capitolinos são um conjunto de palácios romanos que abrigam uma vasta e importantíssima coleção de obras de arte. Localizam-se, salvo um prédio anexo, no topo da colina do Capitólio, em torno da praça redesenhada por Michelangelo em 1536, e reconstruída ao longo de 400 anos.</rdfs:comment>
    <rdfs:comment xml:lang="pl">Muzea Kapitolińskie – grupa muzeów archeologicznych i sztuki znajdujących się przy placu na Kapitolu (Piazza del Campidoglio) w Rzymie. Pierwsze zbiory zostały podarowane miastu przez Sykstusa IV w 1471 r. Pochodzą one z kolekcji zgromadzonej w Pałacu Laterańskim. Mecenas kolejnych papieży i eksponaty odnalezione podczas prac wykopaliskowych pozwoliły zgromadzić bogatą kolekcję rzeźb antycznych. Do najciekawszych eksponatów należą m. in. : Amor i Psyche – rzeźba grecka z III wieku p.n.e.</rdfs:comment>
    <rdfs:comment xml:lang="de">Die Kapitolinischen Museen sind ein Museum der Stadt Rom und bestehen heute aus mehreren Antikensammlungen und Kunstgalerien. Die bedeutendsten befinden sich auf dem Kapitolshügel, oberhalb des Forum Romanum im Konservatorenpalast und dem Palazzo Nuovo.</rdfs:comment>
    <dbpedia-owl:thumbnail rdf:resource="http://upload.wikimedia.org/wikipedia/commons/thumb/d/d8/CampidoglioEng.jpg/200px-CampidoglioEng.jpg" />
    <dbpedia-owl:wikiPageExternalLink rdf:resource="http://en.wikipedia.org/w/index.php?title=Michelangelo_Buonarroti&amp;oldid=20027480" />
    <dbpedia-owl:wikiPageExternalLink rdf:resource="http://en.museicapitolini.org" />
    <dbpedia-owl:wikiPageExternalLink rdf:resource="http://www.centralemontemartini.org/it/index_net.htm" />
    <dbpedia-owl:wikiPageExternalLink rdf:resource="http://www.museicapitolini.net" />
    <geo:geometry rdf:datatype="http://www.openlinksw.com/schemas/virtrdf#Geometry">POINT(12.4825 41.8931)</geo:geometry>
    <foaf:isPrimaryTopicOf rdf:resource="http://en.wikipedia.org/wiki/Capitoline_Museums" />
    <geo:long rdf:datatype="http://www.w3.org/2001/XMLSchema#float">12.4825</geo:long>
    <geo:lat rdf:datatype="http://www.w3.org/2001/XMLSchema#float">41.8931</geo:lat>
    <ns8:wasDerivedFrom rdf:resource="http://en.wikipedia.org/wiki/Capitoline_Museums?oldid=546285930" />
    <grs:point xml:lang="en">41.893055555555556 12.4825</grs:point>
    <dbpprop:hasPhotoCollection rdf:resource="http://wifo5-03.informatik.uni-mannheim.de/flickrwrappr/photos/Capitoline_Museums" />
  </rdf:Description>
  <rdf:Description rdf:about="http://dbpedia.org/resource/The_Fortune_Teller_(Caravaggio)">
    <dbpedia-owl:museum rdf:resource="http://dbpedia.org/resource/Capitoline_Museums" />
    <dbpprop:museum rdf:resource="http://dbpedia.org/resource/Capitoline_Museums" />
  </rdf:Description>
  <rdf:Description rdf:about="http://dbpedia.org/resource/Capitoline_Museum">
    <dbpedia-owl:wikiPageRedirects rdf:resource="http://dbpedia.org/resource/Capitoline_Museums" />
  </rdf:Description>
  <rdf:Description rdf:about="http://dbpedia.org/resource/Capitoline_Museums_and_Piazza_del_Campidoglio">
    <dbpedia-owl:wikiPageRedirects rdf:resource="http://dbpedia.org/resource/Capitoline_Museums" />
  </rdf:Description>
  <rdf:Description rdf:about="http://de.dbpedia.org/resource/Kapitolinische_Museen">
    <owl:sameAs rdf:resource="http://dbpedia.org/resource/Capitoline_Museums" />
  </rdf:Description>
  <rdf:Description rdf:about="http://it.dbpedia.org/resource/Musei_capitolini">
    <owl:sameAs rdf:resource="http://dbpedia.org/resource/Capitoline_Museums" />
  </rdf:Description>
  <rdf:Description rdf:about="http://pt.dbpedia.org/resource/Museus_Capitolinos">
    <owl:sameAs rdf:resource="http://dbpedia.org/resource/Capitoline_Museums" />
  </rdf:Description>
  <rdf:Description rdf:about="http://cs.dbpedia.org/resource/Kapitolská_muzea">
    <owl:sameAs rdf:resource="http://dbpedia.org/resource/Capitoline_Museums" />
  </rdf:Description>
  <rdf:Description rdf:about="http://ru.dbpedia.org/resource/Капитолийские_музеи">
    <owl:sameAs rdf:resource="http://dbpedia.org/resource/Capitoline_Museums" />
  </rdf:Description>
  <rdf:Description rdf:about="http://en.wikipedia.org/wiki/Capitoline_Museums">
    <foaf:primaryTopic rdf:resource="http://dbpedia.org/resource/Capitoline_Museums" />
  </rdf:Description>
  <rdf:Description rdf:about="http://dbpedia.org/resource/John_the_Baptist_(Caravaggio)">
    <dbpedia-owl:museum rdf:resource="http://dbpedia.org/resource/Capitoline_Museums" />
  </rdf:Description>
  <rdf:Description rdf:about="http://el.dbpedia.org/resource/Μουσεία_Καπιτωλίου">
    <owl:sameAs rdf:resource="http://dbpedia.org/resource/Capitoline_Museums" />
  </rdf:Description>
  <rdf:Description rdf:about="http://es.dbpedia.org/resource/Museos_Capitolinos">
    <owl:sameAs rdf:resource="http://dbpedia.org/resource/Capitoline_Museums" />
  </rdf:Description>
  <rdf:Description rdf:about="http://fr.dbpedia.org/resource/Musées_du_Capitole">
    <owl:sameAs rdf:resource="http://dbpedia.org/resource/Capitoline_Museums" />
  </rdf:Description>
  <rdf:Description rdf:about="http://pl.dbpedia.org/resource/Muzea_Kapitolińskie">
    <owl:sameAs rdf:resource="http://dbpedia.org/resource/Capitoline_Museums" />
  </rdf:Description>
  <rdf:Description rdf:about="http://dbpedia.org/resource/Esquiline_Venus">
    <dbpedia-owl:museum rdf:resource="http://dbpedia.org/resource/Capitoline_Museums" />
    <dbpprop:museum rdf:resource="http://dbpedia.org/resource/Capitoline_Museums" />
  </rdf:Description>
  <rdf:Description rdf:about="http://ja.dbpedia.org/resource/カピトリーノ美術館">
    <owl:sameAs rdf:resource="http://dbpedia.org/resource/Capitoline_Museums" />
  </rdf:Description>
  <rdf:Description rdf:about="http://ko.dbpedia.org/resource/카피톨리노_박물관">
    <owl:sameAs rdf:resource="http://dbpedia.org/resource/Capitoline_Museums" />
  </rdf:Description>
  <rdf:Description rdf:about="http://dbpedia.org/resource/Musei_Capitolini">
    <dbpedia-owl:wikiPageRedirects rdf:resource="http://dbpedia.org/resource/Capitoline_Museums" />
  </rdf:Description>
  <rdf:Description rdf:about="http://dbpedia.org/resource/Centrale_Montemartini">
    <dbpedia-owl:wikiPageRedirects rdf:resource="http://dbpedia.org/resource/Capitoline_Museums" />
  </rdf:Description>
  <rdf:Description rdf:about="http://dbpedia.org/resource/Capitoline_Wolf">
    <dbpedia-owl:museum rdf:resource="http://dbpedia.org/resource/Capitoline_Museums" />
    <dbpprop:museum rdf:resource="http://dbpedia.org/resource/Capitoline_Museums" />
  </rdf:Description>
  <rdf:Description rdf:about="http://dbpedia.org/resource/Commodus">
    <dbpprop:caption rdf:resource="http://dbpedia.org/resource/Capitoline_Museums" />
  </rdf:Description>
  <rdf:Description rdf:about="http://dbpedia.org/resource/Colossus_of_Constantine">
    <dbpedia-owl:museum rdf:resource="http://dbpedia.org/resource/Capitoline_Museums" />
    <dbpprop:museum rdf:resource="http://dbpedia.org/resource/Capitoline_Museums" />
  </rdf:Description>
  <rdf:Description rdf:about="http://dbpedia.org/resource/The_Burial_of_St._Petronilla">
    <dbpedia-owl:museum rdf:resource="http://dbpedia.org/resource/Capitoline_Museums" />
  </rdf:Description>
  <rdf:Description rdf:about="http://dbpedia.org/resource/Romulus_and_Remus_(Rubens)">
    <dbpedia-owl:museum rdf:resource="http://dbpedia.org/resource/Capitoline_Museums" />
    <dbpprop:museum rdf:resource="http://dbpedia.org/resource/Capitoline_Museums" />
  </rdf:Description>
  <rdf:Description rdf:about="http://dbpedia.org/resource/Capitoline_Museum_(Rome)">
    <dbpedia-owl:wikiPageRedirects rdf:resource="http://dbpedia.org/resource/Capitoline_Museums" />
  </rdf:Description>
  <rdf:Description rdf:about="http://dbpedia.org/resource/Capitoline_Museums_Rome">
    <dbpedia-owl:wikiPageRedirects rdf:resource="http://dbpedia.org/resource/Capitoline_Museums" />
  </rdf:Description>
  <rdf:Description rdf:about="http://dbpedia.org/resource/Museo_Capitolini">
    <dbpedia-owl:wikiPageRedirects rdf:resource="http://dbpedia.org/resource/Capitoline_Museums" />
  </rdf:Description>
  <rdf:Description rdf:about="http://dbpedia.org/resource/Pinacoteca_Capitolina">
    <dbpedia-owl:wikiPageRedirects rdf:resource="http://dbpedia.org/resource/Capitoline_Museums" />
  </rdf:Description>
  <rdf:Description rdf:about="http://nl.dbpedia.org/resource/Musei_Capitolini">
    <owl:sameAs rdf:resource="http://dbpedia.org/resource/Capitoline_Museums" />
  </rdf:Description>
  <rdf:Description rdf:about="http://wikidata.dbpedia.org/resource/Q333906">
    <owl:sameAs rdf:resource="http://dbpedia.org/resource/Capitoline_Museums" />
  </rdf:Description>
  <rdf:Description rdf:about="http://zh.dbpedia.org/resource/卡比托利欧博物馆">
    <owl:sameAs rdf:resource="http://dbpedia.org/resource/Capitoline_Museums" />
  </rdf:Description>
  <rdf:Description rdf:about="http://be.dbpedia.org/resource/Капіталійскія_музеі">
    <owl:sameAs rdf:resource="http://dbpedia.org/resource/Capitoline_Museums" />
  </rdf:Description>
  <rdf:Description rdf:about="http://bg.dbpedia.org/resource/Капитолийски_музеи">
    <owl:sameAs rdf:resource="http://dbpedia.org/resource/Capitoline_Museums" />
  </rdf:Description>
  <rdf:Description rdf:about="http://br.dbpedia.org/resource/Musei_capitolini">
    <owl:sameAs rdf:resource="http://dbpedia.org/resource/Capitoline_Museums" />
  </rdf:Description>
  <rdf:Description rdf:about="http://ca.dbpedia.org/resource/Museus_Capitolins">
    <owl:sameAs rdf:resource="http://dbpedia.org/resource/Capitoline_Museums" />
  </rdf:Description>
  <rdf:Description rdf:about="http://eo.dbpedia.org/resource/Kapitolaj_Muzeoj">
    <owl:sameAs rdf:resource="http://dbpedia.org/resource/Capitoline_Museums" />
  </rdf:Description>
  <rdf:Description rdf:about="http://et.dbpedia.org/resource/Kapitooliumi_muuseumid">
    <owl:sameAs rdf:resource="http://dbpedia.org/resource/Capitoline_Museums" />
  </rdf:Description>
  <rdf:Description rdf:about="http://fi.dbpedia.org/resource/Musei_Capitolini">
    <owl:sameAs rdf:resource="http://dbpedia.org/resource/Capitoline_Museums" />
  </rdf:Description>
  <rdf:Description rdf:about="http://he.dbpedia.org/resource/המוזיאונים_הקפיטוליניים">
    <owl:sameAs rdf:resource="http://dbpedia.org/resource/Capitoline_Museums" />
  </rdf:Description>
  <rdf:Description rdf:about="http://lt.dbpedia.org/resource/Kapitolijaus_muziejai">
    <owl:sameAs rdf:resource="http://dbpedia.org/resource/Capitoline_Museums" />
  </rdf:Description>
  <rdf:Description rdf:about="http://mk.dbpedia.org/resource/Капитолски_музеи">
    <owl:sameAs rdf:resource="http://dbpedia.org/resource/Capitoline_Museums" />
  </rdf:Description>
  <rdf:Description rdf:about="http://no.dbpedia.org/resource/Kapitolmuseene">
    <owl:sameAs rdf:resource="http://dbpedia.org/resource/Capitoline_Museums" />
  </rdf:Description>
  <rdf:Description rdf:about="http://sh.dbpedia.org/resource/Kapitolski_muzeji">
    <owl:sameAs rdf:resource="http://dbpedia.org/resource/Capitoline_Museums" />
  </rdf:Description>
  <rdf:Description rdf:about="http://sv.dbpedia.org/resource/Kapitolinska_museerna">
    <owl:sameAs rdf:resource="http://dbpedia.org/resource/Capitoline_Museums" />
  </rdf:Description>
  <rdf:Description rdf:about="http://th.dbpedia.org/resource/พิพิธภัณฑ์คาปิโตลิเน">
    <owl:sameAs rdf:resource="http://dbpedia.org/resource/Capitoline_Museums" />
  </rdf:Description>
  <rdf:Description rdf:about="http://uk.dbpedia.org/resource/Капітолійські_музеї">
    <owl:sameAs rdf:resource="http://dbpedia.org/resource/Capitoline_Museums" />
  </rdf:Description>
</rdf:RDF>
