<?xml version="1.0" encoding="utf-8" ?>
<rdf:RDF
	xmlns:rdf="http://www.w3.org/1999/02/22-rdf-syntax-ns#"
	xmlns:rdfs="http://www.w3.org/2000/01/rdf-schema#"
	xmlns:owl="http://www.w3.org/2002/07/owl#"
	xmlns:dcterms="http://purl.org/dc/terms/"
	xmlns:dbpedia-owl="http://dbpedia.org/ontology/"
	xmlns:foaf="http://xmlns.com/foaf/0.1/"
	xmlns:dbpprop="http://dbpedia.org/property/"
	xmlns:geo="http://www.w3.org/2003/01/geo/wgs84_pos#"
	xmlns:ns8="http://www.w3.org/ns/prov#"
	xmlns:grs="http://www.georss.org/georss/" >
  <rdf:Description rdf:about="http://dbpedia.org/resource/Château_de_Malmaison">
    <owl:sameAs rdf:resource="http://dbpedia.org/resource/Ch%C3%A2teau_de_Malmaison" />
  </rdf:Description>
  <rdf:Description rdf:about="http://dbpedia.org/resource/Prince_Pasquale,_Count_of_Bari">
    <dbpedia-owl:deathPlace rdf:resource="http://dbpedia.org/resource/Ch%C3%A2teau_de_Malmaison" />
    <dbpprop:deathPlace rdf:resource="http://dbpedia.org/resource/Ch%C3%A2teau_de_Malmaison" />
    <dbpprop:placeOfDeath rdf:resource="http://dbpedia.org/resource/Ch%C3%A2teau_de_Malmaison" />
  </rdf:Description>
  <rdf:Description rdf:about="http://dbpedia.org/resource/Palace_of_Malmaison">
    <dbpedia-owl:wikiPageRedirects rdf:resource="http://dbpedia.org/resource/Ch%C3%A2teau_de_Malmaison" />
  </rdf:Description>
  <rdf:Description rdf:about="http://dbpedia.org/resource/Napoleon_Crossing_the_Alps">
    <dbpedia-owl:museum rdf:resource="http://dbpedia.org/resource/Ch%C3%A2teau_de_Malmaison" />
    <dbpprop:museum rdf:resource="http://dbpedia.org/resource/Ch%C3%A2teau_de_Malmaison" />
  </rdf:Description>
  <rdf:Description rdf:about="http://dbpedia.org/resource/Chateau_de_Malmaison">
    <dbpedia-owl:wikiPageRedirects rdf:resource="http://dbpedia.org/resource/Ch%C3%A2teau_de_Malmaison" />
  </rdf:Description>
  <rdf:Description rdf:about="http://dbpedia.org/resource/Ch%C3%A2teau_de_Malmaison">
    <rdf:type rdf:resource="http://dbpedia.org/class/yago/GardensInHauts-de-Seine" />
    <rdf:type rdf:resource="http://www.w3.org/2002/07/owl#Thing" />
    <rdf:type rdf:resource="http://dbpedia.org/class/yago/NationalMuseumsOfFrance" />
    <rdf:type rdf:resource="http://dbpedia.org/class/yago/Region108630985" />
    <rdf:type rdf:resource="http://dbpedia.org/class/yago/Museum103800563" />
    <rdf:type rdf:resource="http://dbpedia.org/class/yago/YagoPermanentlyLocatedEntity" />
    <rdf:type rdf:resource="http://dbpedia.org/class/yago/PhysicalEntity100001930" />
    <rdf:type rdf:resource="http://dbpedia.org/class/yago/Plot108674739" />
    <rdf:type rdf:resource="http://dbpedia.org/class/yago/Location100027167" />
    <rdf:type rdf:resource="http://dbpedia.org/class/yago/MuseumsInHauts-de-Seine" />
    <rdf:type rdf:resource="http://www.opengis.net/gml/_Feature" />
    <rdf:type rdf:resource="http://dbpedia.org/class/yago/Artifact100021939" />
    <rdf:type rdf:resource="http://dbpedia.org/class/yago/Whole100003553" />
    <rdf:type rdf:resource="http://dbpedia.org/ontology/PopulatedPlace" />
    <rdf:type rdf:resource="http://dbpedia.org/class/yago/Facility103315023" />
    <rdf:type rdf:resource="http://schema.org/Place" />
    <rdf:type rdf:resource="http://dbpedia.org/class/yago/HistoricHouseMuseumsIn%C3%8Ele-de-France" />
    <rdf:type rdf:resource="http://dbpedia.org/class/yago/Tract108673395" />
    <rdf:type rdf:resource="http://dbpedia.org/class/yago/Object100002684" />
    <rdf:type rdf:resource="http://dbpedia.org/class/yago/Garden103417345" />
    <rdf:type rdf:resource="http://dbpedia.org/class/yago/YagoGeoEntity" />
    <rdf:type rdf:resource="http://dbpedia.org/class/yago/Depository103177349" />
    <rdf:type rdf:resource="http://dbpedia.org/ontology/Place" />
    <rdf:type rdf:resource="http://dbpedia.org/class/yago/GeographicalArea108574314" />
    <rdf:type rdf:resource="http://dbpedia.org/class/yago/BiographicalMuseumsInFrance" />
    <rdf:type rdf:resource="http://dbpedia.org/class/yago/YagoLegalActorGeo" />
    <owl:sameAs rdf:resource="http://pt.dbpedia.org/resource/Castelo_de_Malmaison" />
    <owl:sameAs rdf:resource="http://fr.dbpedia.org/resource/Château_de_Malmaison" />
    <owl:sameAs rdf:resource="http://dbpedia.org/resource/Ch%C3%A2teau_de_Malmaison" />
    <owl:sameAs rdf:resource="http://nl.dbpedia.org/resource/Kasteel_van_Malmaison" />
    <owl:sameAs rdf:resource="http://ja.dbpedia.org/resource/マルメゾン城" />
    <owl:sameAs rdf:resource="http://pl.dbpedia.org/resource/Zamek_w_Malmaison" />
    <owl:sameAs rdf:resource="http://it.dbpedia.org/resource/Castello_di_Malmaison" />
    <owl:sameAs rdf:resource="http://de.dbpedia.org/resource/Schloss_Malmaison" />
    <owl:sameAs rdf:resource="http://rdf.freebase.com/ns/m.0jx8l" />
    <owl:sameAs rdf:resource="http://yago-knowledge.org/resource/Château_de_Malmaison" />
    <owl:sameAs rdf:resource="http://ru.dbpedia.org/resource/Мальмезон" />
    <owl:sameAs rdf:resource="http://es.dbpedia.org/resource/Castillo_de_Malmaison" />
    <owl:sameAs rdf:resource="http://www.wikidata.org/entity/Q684846" />
    <dcterms:subject rdf:resource="http://dbpedia.org/resource/Category:National_museums_of_France" />
    <dcterms:subject rdf:resource="http://dbpedia.org/resource/Category:Palaces_and_residences_of_Napoleon" />
    <dcterms:subject rdf:resource="http://dbpedia.org/resource/Category:Museums_in_Hauts-de-Seine" />
    <dcterms:subject rdf:resource="http://dbpedia.org/resource/Category:Gardens_in_Hauts-de-Seine" />
    <dcterms:subject rdf:resource="http://dbpedia.org/resource/Category:Ch%C3%A2teaux_in_Hauts-de-Seine" />
    <dcterms:subject rdf:resource="http://dbpedia.org/resource/Category:Biographical_museums_in_France" />
    <dcterms:subject rdf:resource="http://dbpedia.org/resource/Category:Napoleon_museums" />
    <dcterms:subject rdf:resource="http://dbpedia.org/resource/Category:Historic_house_museums_in_%C3%8Ele-de-France" />
    <dbpedia-owl:abstract xml:lang="de">Das Schloss Malmaison (frz. Château de Malmaison) in Rueil-Malmaison bei Paris war Wohnsitz von Kaiser Napoleon und seiner Frau Joséphine.</dbpedia-owl:abstract>
    <dbpedia-owl:abstract xml:lang="nl">Château Malmaison is een Frans kasteel gelegen in Rueil-Malmaison, in de regio Île-de-France. Het is vooral bekend als de woning van Napoleon I en zijn vrouw Joséphine de Beauharnais. Het museum Musée des châteaux de Malmaison et de Bois-Préau maakt deel uit van de Réunion des musées nationaux et du Grand Palais des Champs-Élysées.</dbpedia-owl:abstract>
    <dbpedia-owl:abstract xml:lang="pt">O Castelo de Malmaison é um palácio francês situado na comuna de Rueil-Malmaison, departamento de Hauts-de-Seine.</dbpedia-owl:abstract>
    <dbpedia-owl:abstract xml:lang="ja">マルメゾン城 （Château de Malmaison）は、フランス、リュエイユ＝マルメゾンにある城。ジョゼフィーヌ・ド・ボアルネの居館であり、テュイルリー宮殿とともに1800年から1802年までフランス政府機能がおかれた。</dbpedia-owl:abstract>
    <dbpedia-owl:abstract xml:lang="fr">Le château de Malmaison est situé dans la commune de Rueil-Malmaison dans le département des Hauts-de-Seine.</dbpedia-owl:abstract>
    <dbpedia-owl:abstract xml:lang="pl">Zamek w Malmaison nazywany po francusku Château de Malmaison znajduje się na terenie miasta Rueil-Malmaison w departemencie Hauts-de-Seine we Francji. Nie jest on zamkiem obronnym a raczej pałacem, chociaż nazywa się go zamkiem (po francusku Château). Nazwa pałacu (po francusku Palais) nadawana była posiadłościom w miastach, a posiadłości wiejskie nazywano zamkami. Malmaison było w czasach napoleońskich położone na terenach wiejskich, odległych o 7 km od centrum Paryża. Zamek jest znany jako rezydencja Józefiny i Napoleona Bonaparte.</dbpedia-owl:abstract>
    <dbpedia-owl:abstract xml:lang="ru">Мальмезон — усадьба в 20 км от Парижа, наиболее известная как резиденция Наполеона Бонапарта и Жозефины Богарне.</dbpedia-owl:abstract>
    <dbpedia-owl:abstract xml:lang="it">Il Castello di Malmaison fu acquistato da Giuseppina Beauharnais il 21 aprile 1799, mentre Napoleone era impegnato nella Campagna d&#39;Egitto. Si trova a Rueil-Malmaison, un comune dell&#39;Île-de-France. Al suo rientro a Parigi, Napoleone incaricò dei lavori di restauro gli architetti Percier e Fontaine. Il nome deriva dal latino Mala Mansio ed è così denominato per essere stato un rifugio di pirati nel IX secolo. Il castello fu abitato da Napoleone e Giuseppina durante il Consolato e tra il 1800 e il 1802, insieme al Palais des Tuileries divenne sede del Governo Francese. Qui Napoleone concepì il famoso Codice Civile ed ebbe l&#39;idea d&#39;istituire la Légion d&#39;honneur. Qui, nel periodo d&#39;oro, si susseguivano riunioni di lavoro, ricevimenti ufficiali e privati, si davano concerti e si organizzavano balli e giochi campestri a cui prendeva parte la buona società dell&#39;epoca. Durante l&#39;Impero Giuseppina continuò l&#39;abbellimento del castello e del parco circostante e nel 1809, dopo il divorzio, vi stabilì la sua residenza definitiva. Durante questi anni, insoddisfatta delle rose che a quel tempo erano disponibili, le quali erano piccole e fiorivano solo per pochi giorni all&#39;anno, fece piantare nei giardini della tenuta oltre duecento varietà di rose provenienti dalla Persia. Da queste venne in seguito isolata prima la Rosa tea e, successivamente, la Ibrida perenne, dai fiori doppi e rifiorenti e dalla quale discendono molte delle rose che attualmente sono in commercio. Una rosa fu chiamata in onore del castello di Malmaison, e delle sue 650 specie di rose, Souvenir de la Malmaison.. Dopo la morte di Giuseppina nel 1814, il castello divenne proprietà di suo figlio il principe Eugenio di Beauharnais, per essere poi venduto da Augusta di Baviera, vedova di quest&#39;ultimo, nel 1828. Da allora il Castello conobbe diversi proprietari tra cui Napoleone III e Daniel Iffla detto Osiris che dopo averlo rinnovato lo donò allo Stato che nel 1906 ne fece a sua volta un museo.</dbpedia-owl:abstract>
    <dbpedia-owl:abstract xml:lang="sv">Malmaison är ett slott beläget strax väster om Paris i Frankrike. Efter det att Napoleon I blivit general ville han ha en egendom där han kunde koppla av och även idka det umgängesliv som hans höga ämbete medförde. Hans gemål, Joséphine de Beauharnais försökte finna ett sådant ställe medan Napoleon var på expedition i Egypten och den 21 april 1799 undertecknades köpekontraktet på Malmaison. Malmaison utgjorde ramen kring Napoleons och Joséphines lyckligaste tid. Vid parets skilsmässa 1809 fick hon denna egendom och två andra slott, men hon tillbringade mesta tiden av sina fem återstående år på Malmaison, som hon älskade högt. Hon dog den 29 maj 1814 i sängen som fortfarande ses i hennes sovrum. Vid ett besök på Malmaison kan man bl.a. se matsalen, rådssalen och Napoleons arbets- och biblioteksrum. I matsalen finns staden Paris kröningsgåva till Napoleon och Joséphine. Salle de la conseil är dekorerad som ett tält, eftersom Napoleon för att känna sig till freds ville få en påminnelse om livet i fält. Flera viktiga beslut har fattats i detta rum, till exempel beslutet om Konkordatet och Hederslegionens tillkomst. En trappa upp finns Joséphines sovrum, toalettrum och badrum. I en monter finns några räkningar från leverantörer av klänningar, smycken, etc. Vid parets skilsmässa betalade Napoleon för sista gången hennes skulder som uppgick till över en miljon kronor. I sovrummet arrangerade Joséphine till minne av sin man liksom ett tält med öppet tak, varigenom himlen kan skymtas. Trädgården är inte stor men mycket vacker. I stallet kan ses den kaross som förde Joséphine till Malmaison då hon i förtvivlan över skilsmässan gav sig av från Paris den 16 december 1809.</dbpedia-owl:abstract>
    <dbpedia-owl:abstract xml:lang="es">El Castillo de Malmaison (Château de Malmaison, en francés) es un edificio francés en la ciudad de Rueil-Malmaison, los Yvelines, a unos 12 km (7 mi) de París.</dbpedia-owl:abstract>
    <dbpedia-owl:abstract xml:lang="en">The Château de Malmaison is a country house in the city of Rueil-Malmaison about 12 km (7 mi) from Paris. It was formerly the residence of Joséphine de Beauharnais, and with the Tuileries, was from 1800 to 1802 the headquarters of the French government.</dbpedia-owl:abstract>
    <dbpedia-owl:wikiPageID rdf:datatype="http://www.w3.org/2001/XMLSchema#integer">74620</dbpedia-owl:wikiPageID>
    <dbpedia-owl:wikiPageRevisionID rdf:datatype="http://www.w3.org/2001/XMLSchema#integer">540292489</dbpedia-owl:wikiPageRevisionID>
    <rdfs:label xml:lang="ru">Мальмезон</rdfs:label>
    <rdfs:label xml:lang="es">Castillo de Malmaison</rdfs:label>
    <rdfs:label xml:lang="it">Castello di Malmaison</rdfs:label>
    <rdfs:label xml:lang="pl">Zamek w Malmaison</rdfs:label>
    <rdfs:label xml:lang="sv">Malmaison</rdfs:label>
    <rdfs:label xml:lang="fr">Château de Malmaison</rdfs:label>
    <rdfs:label xml:lang="pt">Castelo de Malmaison</rdfs:label>
    <rdfs:label xml:lang="en">Château de Malmaison</rdfs:label>
    <rdfs:label xml:lang="nl">Kasteel van Malmaison</rdfs:label>
    <rdfs:label xml:lang="de">Schloss Malmaison</rdfs:label>
    <rdfs:label xml:lang="ja">マルメゾン城</rdfs:label>
    <foaf:depiction rdf:resource="http://upload.wikimedia.org/wikipedia/commons/9/98/Chateau_de_Malmaison.jpg" />
    <rdfs:comment xml:lang="en">The Château de Malmaison is a country house in the city of Rueil-Malmaison about 12 km (7 mi) from Paris. It was formerly the residence of Joséphine de Beauharnais, and with the Tuileries, was from 1800 to 1802 the headquarters of the French government.</rdfs:comment>
    <rdfs:comment xml:lang="fr">Le château de Malmaison est situé dans la commune de Rueil-Malmaison dans le département des Hauts-de-Seine.</rdfs:comment>
    <rdfs:comment xml:lang="it">Il Castello di Malmaison fu acquistato da Giuseppina Beauharnais il 21 aprile 1799, mentre Napoleone era impegnato nella Campagna d&#39;Egitto. Si trova a Rueil-Malmaison, un comune dell&#39;Île-de-France. Al suo rientro a Parigi, Napoleone incaricò dei lavori di restauro gli architetti Percier e Fontaine. Il nome deriva dal latino Mala Mansio ed è così denominato per essere stato un rifugio di pirati nel IX secolo.</rdfs:comment>
    <rdfs:comment xml:lang="nl">Château Malmaison is een Frans kasteel gelegen in Rueil-Malmaison, in de regio Île-de-France. Het is vooral bekend als de woning van Napoleon I en zijn vrouw Joséphine de Beauharnais. Het museum Musée des châteaux de Malmaison et de Bois-Préau maakt deel uit van de Réunion des musées nationaux et du Grand Palais des Champs-Élysées.</rdfs:comment>
    <rdfs:comment xml:lang="ru">Мальмезон — усадьба в 20 км от Парижа, наиболее известная как резиденция Наполеона Бонапарта и Жозефины Богарне.</rdfs:comment>
    <rdfs:comment xml:lang="ja">マルメゾン城 （Château de Malmaison）は、フランス、リュエイユ＝マルメゾンにある城。ジョゼフィーヌ・ド・ボアルネの居館であり、テュイルリー宮殿とともに1800年から1802年までフランス政府機能がおかれた。</rdfs:comment>
    <rdfs:comment xml:lang="pt">O Castelo de Malmaison é um palácio francês situado na comuna de Rueil-Malmaison, departamento de Hauts-de-Seine.</rdfs:comment>
    <rdfs:comment xml:lang="de">Das Schloss Malmaison (frz. Château de Malmaison) in Rueil-Malmaison bei Paris war Wohnsitz von Kaiser Napoleon und seiner Frau Joséphine.</rdfs:comment>
    <rdfs:comment xml:lang="sv">Malmaison är ett slott beläget strax väster om Paris i Frankrike. Efter det att Napoleon I blivit general ville han ha en egendom där han kunde koppla av och även idka det umgängesliv som hans höga ämbete medförde. Hans gemål, Joséphine de Beauharnais försökte finna ett sådant ställe medan Napoleon var på expedition i Egypten och den 21 april 1799 undertecknades köpekontraktet på Malmaison. Malmaison utgjorde ramen kring Napoleons och Joséphines lyckligaste tid.</rdfs:comment>
    <rdfs:comment xml:lang="pl">Zamek w Malmaison nazywany po francusku Château de Malmaison znajduje się na terenie miasta Rueil-Malmaison w departemencie Hauts-de-Seine we Francji. Nie jest on zamkiem obronnym a raczej pałacem, chociaż nazywa się go zamkiem (po francusku Château). Nazwa pałacu (po francusku Palais) nadawana była posiadłościom w miastach, a posiadłości wiejskie nazywano zamkami. Malmaison było w czasach napoleońskich położone na terenach wiejskich, odległych o 7 km od centrum Paryża.</rdfs:comment>
    <rdfs:comment xml:lang="es">El Castillo de Malmaison (Château de Malmaison, en francés) es un edificio francés en la ciudad de Rueil-Malmaison, los Yvelines, a unos 12 km (7 mi) de París.</rdfs:comment>
    <dbpedia-owl:thumbnail rdf:resource="http://upload.wikimedia.org/wikipedia/commons/thumb/9/98/Chateau_de_Malmaison.jpg/200px-Chateau_de_Malmaison.jpg" />
    <dbpedia-owl:wikiPageExternalLink rdf:resource="http://www.princessmichael.com/articles/19_1.html" />
    <dbpedia-owl:wikiPageExternalLink rdf:resource="http://www.chateau-malmaison.fr/" />
    <foaf:homepage rdf:resource="http://www.chateau-malmaison.fr/" />
    <geo:geometry rdf:datatype="http://www.openlinksw.com/schemas/virtrdf#Geometry">POINT(2.16694 48.8708)</geo:geometry>
    <foaf:isPrimaryTopicOf rdf:resource="http://en.wikipedia.org/wiki/Château_de_Malmaison" />
    <geo:long rdf:datatype="http://www.w3.org/2001/XMLSchema#float">2.16694</geo:long>
    <geo:lat rdf:datatype="http://www.w3.org/2001/XMLSchema#float">48.8708</geo:lat>
    <ns8:wasDerivedFrom rdf:resource="http://en.wikipedia.org/wiki/Château_de_Malmaison?oldid=540292489" />
    <grs:point xml:lang="en">48.87083333333333 2.1669444444444443</grs:point>
    <dbpprop:hasPhotoCollection rdf:resource="http://wifo5-03.informatik.uni-mannheim.de/flickrwrappr/photos/Château_de_Malmaison" />
  </rdf:Description>
  <rdf:Description rdf:about="http://dbpedia.org/resource/Malmaison">
    <dbpedia-owl:wikiPageDisambiguates rdf:resource="http://dbpedia.org/resource/Ch%C3%A2teau_de_Malmaison" />
  </rdf:Description>
  <rdf:Description rdf:about="http://en.wikipedia.org/wiki/Château_de_Malmaison">
    <foaf:primaryTopic rdf:resource="http://dbpedia.org/resource/Ch%C3%A2teau_de_Malmaison" />
  </rdf:Description>
  <rdf:Description rdf:about="http://dbpedia.org/resource/Mus%C3%A9e_national_du_ch%C3%A2teau_de_Malmaison">
    <dbpedia-owl:wikiPageRedirects rdf:resource="http://dbpedia.org/resource/Ch%C3%A2teau_de_Malmaison" />
  </rdf:Description>
</rdf:RDF>
