<?xml version="1.0" encoding="utf-8" ?>
<rdf:RDF
	xmlns:rdf="http://www.w3.org/1999/02/22-rdf-syntax-ns#"
	xmlns:rdfs="http://www.w3.org/2000/01/rdf-schema#"
	xmlns:owl="http://www.w3.org/2002/07/owl#"
	xmlns:dcterms="http://purl.org/dc/terms/"
	xmlns:dbpedia-owl="http://dbpedia.org/ontology/"
	xmlns:foaf="http://xmlns.com/foaf/0.1/"
	xmlns:dbpprop="http://dbpedia.org/property/"
	xmlns:geo="http://www.w3.org/2003/01/geo/wgs84_pos#"
	xmlns:ns8="http://www.w3.org/ns/prov#"
	xmlns:grs="http://www.georss.org/georss/" >
  <rdf:Description rdf:about="http://en.wikipedia.org/wiki/Curtius_Museum">
    <foaf:primaryTopic rdf:resource="http://dbpedia.org/resource/Curtius_Museum" />
  </rdf:Description>
  <rdf:Description rdf:about="http://dbpedia.org/resource/Bonaparte,_First_Consul">
    <dbpedia-owl:museum rdf:resource="http://dbpedia.org/resource/Curtius_Museum" />
    <dbpprop:museum rdf:resource="http://dbpedia.org/resource/Curtius_Museum" />
  </rdf:Description>
  <rdf:Description rdf:about="http://dbpedia.org/resource/Curtius_Museum">
    <rdf:type rdf:resource="http://dbpedia.org/class/yago/ArchaeologyMuseums" />
    <rdf:type rdf:resource="http://dbpedia.org/class/yago/Depository103177349" />
    <rdf:type rdf:resource="http://dbpedia.org/class/yago/Museum103800563" />
    <rdf:type rdf:resource="http://dbpedia.org/class/yago/PhysicalEntity100001930" />
    <rdf:type rdf:resource="http://dbpedia.org/class/yago/YagoPermanentlyLocatedEntity" />
    <rdf:type rdf:resource="http://dbpedia.org/class/yago/YagoGeoEntity" />
    <rdf:type rdf:resource="http://schema.org/Museum" />
    <rdf:type rdf:resource="http://dbpedia.org/class/yago/Object100002684" />
    <rdf:type rdf:resource="http://dbpedia.org/class/yago/MuseumsInBelgium" />
    <rdf:type rdf:resource="http://schema.org/Place" />
    <rdf:type rdf:resource="http://www.opengis.net/gml/_Feature" />
    <rdf:type rdf:resource="http://dbpedia.org/class/yago/Facility103315023" />
    <rdf:type rdf:resource="http://dbpedia.org/ontology/Museum" />
    <rdf:type rdf:resource="http://www.w3.org/2002/07/owl#Thing" />
    <rdf:type rdf:resource="http://dbpedia.org/class/yago/Whole100003553" />
    <rdf:type rdf:resource="http://dbpedia.org/class/yago/Artifact100021939" />
    <rdf:type rdf:resource="http://dbpedia.org/ontology/ArchitecturalStructure" />
    <rdf:type rdf:resource="http://dbpedia.org/ontology/Place" />
    <rdf:type rdf:resource="http://dbpedia.org/ontology/Building" />
    <owl:sameAs rdf:resource="http://rdf.freebase.com/ns/m.0f_jzs" />
    <owl:sameAs rdf:resource="http://dbpedia.org/resource/Curtius_Museum" />
    <owl:sameAs rdf:resource="http://yago-knowledge.org/resource/Curtius_Museum" />
    <owl:sameAs rdf:resource="http://fr.dbpedia.org/resource/Grand_Curtius" />
    <owl:sameAs rdf:resource="http://www.wikidata.org/entity/Q2304164" />
    <owl:sameAs rdf:resource="http://es.dbpedia.org/resource/Museo_Curtius" />
    <owl:sameAs rdf:resource="http://nl.dbpedia.org/resource/Grand_Curtius" />
    <dcterms:subject rdf:resource="http://dbpedia.org/resource/Category:Art_museums_and_galleries_in_Belgium" />
    <dcterms:subject rdf:resource="http://dbpedia.org/resource/Category:Archaeological_museums" />
    <dcterms:subject rdf:resource="http://dbpedia.org/resource/Category:Decorative_arts_museums" />
    <dcterms:subject rdf:resource="http://dbpedia.org/resource/Category:Museums_in_Li%C3%A8ge_(province)" />
    <dcterms:subject rdf:resource="http://dbpedia.org/resource/Category:Wallonia&#39;s_Major_Heritage" />
    <dcterms:subject rdf:resource="http://dbpedia.org/resource/Category:Buildings_and_structures_in_Li%C3%A8ge_(city)" />
    <dbpedia-owl:abstract xml:lang="es">El Museo Curtius o la Casa Curtius es un museo de arqueología situado en Lieja, en Bélgica. El palacio, de estilo renacentista, fue construido entre 1600 y 1610 por Jean De Corte, industrial, adineraro liejano y también tesorero y abastecedor de los ejércitos del rey de España en Países Bajos españoles, más conocido bajo el apellido latinizado de Curtius y a quien Lieja debió su industrialización en el siglo XVII. La casa Curtius es el ejemplo el más representativo de la arquitectura del Renacimiento en la región de la Mosa. Fue restaurada entre 1904 y 1909. Hoy es un museo de arqueología y artes decorativas y actualmente está en proceso de reforma dentro de un gran complejo museístico que debe abrir sus puertas en 2009.</dbpedia-owl:abstract>
    <dbpedia-owl:abstract xml:lang="fr">Le Grand Curtius est un ensemble muséal situé à Liège en Belgique. Inauguré en 2009, il regroupe les collections de plusieurs musées liégeois : musée Curtius, musée d&#39;art religieux et d&#39;art mosan, musée d&#39;armes et musée du verre. Il occupe notamment la résidence et le Palais Curtius, les hôtels de Hayme de Bomal et Brahy, et la maison de Wilde. Son nom lui vient de Jean De Corte, dit Jean Curtius, industriel liégeois et négociant d&#39;armes du XVII siècle qui construit sa demeure, le Palais Curtius au bord de la Meuse à Liège. Article détaillé : Palais Curtius.</dbpedia-owl:abstract>
    <dbpedia-owl:abstract xml:lang="nl">Le Grand Curtius is een museum van kunst, kunstvoorwerpen en oudheden in de Belgische stad Luik.</dbpedia-owl:abstract>
    <dbpedia-owl:abstract xml:lang="en">The Curtius Museum (Musée Curtius) is a museum of archaeology and decorative arts, located on the bank of the Meuse River in Liège, classified as a Major Heritage of Wallonia. It was built sometime between 1597 and 1610 as a private mansion for Jean Curtius, industrialist and munitions supplier to the Spanish army. With its alternating layers of red brick and natural stone, and its cross-mullioned windows, the building typifies the regional style known as the Mosan (or Meuse) Renaissance. After a 50 million euro redevelopment, the museum reopened as the Grand Curtius (Le Grand Curtius) in March 2009, now housing the merged collections of four former museums: the museum of archeology, the museum of weaponry, the museum of decorative arts, and the museum of religious art and Mosan art. Highlights in the collections include treasures of Mosan art such as a twelfth century gilded reliquary tryptich, formerly in the church of Sainte-Croix, the Evangelarium of Notger, sculptures by Jean Del Cour, and a portrait of Napoleon Bonaparte painted by Ingres in 1804: Bonaparte, First Consul.</dbpedia-owl:abstract>
    <dbpedia-owl:wikiPageID rdf:datatype="http://www.w3.org/2001/XMLSchema#integer">6287138</dbpedia-owl:wikiPageID>
    <dbpedia-owl:wikiPageRevisionID rdf:datatype="http://www.w3.org/2001/XMLSchema#integer">541758000</dbpedia-owl:wikiPageRevisionID>
    <rdfs:label xml:lang="nl">Grand Curtius</rdfs:label>
    <rdfs:label xml:lang="en">Curtius Museum</rdfs:label>
    <rdfs:label xml:lang="es">Museo Curtius</rdfs:label>
    <rdfs:label xml:lang="fr">Grand Curtius</rdfs:label>
    <foaf:depiction rdf:resource="http://upload.wikimedia.org/wikipedia/commons/e/ee/Musée_Curtius.jpg" />
    <rdfs:comment xml:lang="es">El Museo Curtius o la Casa Curtius es un museo de arqueología situado en Lieja, en Bélgica. El palacio, de estilo renacentista, fue construido entre 1600 y 1610 por Jean De Corte, industrial, adineraro liejano y también tesorero y abastecedor de los ejércitos del rey de España en Países Bajos españoles, más conocido bajo el apellido latinizado de Curtius y a quien Lieja debió su industrialización en el siglo XVII.</rdfs:comment>
    <rdfs:comment xml:lang="fr">Le Grand Curtius est un ensemble muséal situé à Liège en Belgique. Inauguré en 2009, il regroupe les collections de plusieurs musées liégeois : musée Curtius, musée d&#39;art religieux et d&#39;art mosan, musée d&#39;armes et musée du verre. Il occupe notamment la résidence et le Palais Curtius, les hôtels de Hayme de Bomal et Brahy, et la maison de Wilde.</rdfs:comment>
    <rdfs:comment xml:lang="nl">Le Grand Curtius is een museum van kunst, kunstvoorwerpen en oudheden in de Belgische stad Luik.</rdfs:comment>
    <rdfs:comment xml:lang="en">The Curtius Museum (Musée Curtius) is a museum of archaeology and decorative arts, located on the bank of the Meuse River in Liège, classified as a Major Heritage of Wallonia. It was built sometime between 1597 and 1610 as a private mansion for Jean Curtius, industrialist and munitions supplier to the Spanish army. With its alternating layers of red brick and natural stone, and its cross-mullioned windows, the building typifies the regional style known as the Mosan (or Meuse) Renaissance.</rdfs:comment>
    <dbpedia-owl:thumbnail rdf:resource="http://upload.wikimedia.org/wikipedia/commons/thumb/e/ee/Musée_Curtius.jpg/200px-Musée_Curtius.jpg" />
    <dbpedia-owl:wikiPageExternalLink rdf:resource="http://www.grandcurtiusliege.be/" />
    <geo:geometry rdf:datatype="http://www.openlinksw.com/schemas/virtrdf#Geometry">POINT(5.58389 50.6469)</geo:geometry>
    <foaf:isPrimaryTopicOf rdf:resource="http://en.wikipedia.org/wiki/Curtius_Museum" />
    <geo:long rdf:datatype="http://www.w3.org/2001/XMLSchema#float">5.58389</geo:long>
    <geo:lat rdf:datatype="http://www.w3.org/2001/XMLSchema#float">50.6469</geo:lat>
    <ns8:wasDerivedFrom rdf:resource="http://en.wikipedia.org/wiki/Curtius_Museum?oldid=541758000" />
    <grs:point xml:lang="en">50.64694444444444 5.583888888888889</grs:point>
    <dbpprop:hasPhotoCollection rdf:resource="http://wifo5-03.informatik.uni-mannheim.de/flickrwrappr/photos/Curtius_Museum" />
  </rdf:Description>
  <rdf:Description rdf:about="http://fr.dbpedia.org/resource/Grand_Curtius">
    <owl:sameAs rdf:resource="http://dbpedia.org/resource/Curtius_Museum" />
  </rdf:Description>
  <rdf:Description rdf:about="http://es.dbpedia.org/resource/Museo_Curtius">
    <owl:sameAs rdf:resource="http://dbpedia.org/resource/Curtius_Museum" />
  </rdf:Description>
  <rdf:Description rdf:about="http://dbpedia.org/resource/Curtius">
    <dbpedia-owl:wikiPageDisambiguates rdf:resource="http://dbpedia.org/resource/Curtius_Museum" />
  </rdf:Description>
  <rdf:Description rdf:about="http://nl.dbpedia.org/resource/Grand_Curtius">
    <owl:sameAs rdf:resource="http://dbpedia.org/resource/Curtius_Museum" />
  </rdf:Description>
  <rdf:Description rdf:about="http://wikidata.dbpedia.org/resource/Q2304164">
    <owl:sameAs rdf:resource="http://dbpedia.org/resource/Curtius_Museum" />
  </rdf:Description>
</rdf:RDF>
