<?xml version="1.0" encoding="utf-8" ?>
<rdf:RDF
	xmlns:rdf="http://www.w3.org/1999/02/22-rdf-syntax-ns#"
	xmlns:rdfs="http://www.w3.org/2000/01/rdf-schema#"
	xmlns:owl="http://www.w3.org/2002/07/owl#"
	xmlns:dcterms="http://purl.org/dc/terms/"
	xmlns:dbpedia-owl="http://dbpedia.org/ontology/"
	xmlns:foaf="http://xmlns.com/foaf/0.1/"
	xmlns:dbpprop="http://dbpedia.org/property/"
	xmlns:geo="http://www.w3.org/2003/01/geo/wgs84_pos#"
	xmlns:ns8="http://www.w3.org/ns/prov#"
	xmlns:grs="http://www.georss.org/georss/" >
  <rdf:Description rdf:about="http://dbpedia.org/resource/Daitoku-ji">
    <rdf:type rdf:resource="http://dbpedia.org/class/yago/RinzaiTemples" />
    <rdf:type rdf:resource="http://dbpedia.org/class/yago/PhysicalEntity100001930" />
    <rdf:type rdf:resource="http://dbpedia.org/class/yago/Artifact100021939" />
    <rdf:type rdf:resource="http://dbpedia.org/class/yago/Structure104341686" />
    <rdf:type rdf:resource="http://dbpedia.org/class/yago/BuddhistTemplesInKyoto" />
    <rdf:type rdf:resource="http://dbpedia.org/class/yago/Whole100003553" />
    <rdf:type rdf:resource="http://dbpedia.org/class/yago/YagoGeoEntity" />
    <rdf:type rdf:resource="http://dbpedia.org/class/yago/PlaceOfWorship103953416" />
    <rdf:type rdf:resource="http://www.opengis.net/gml/_Feature" />
    <rdf:type rdf:resource="http://dbpedia.org/class/yago/Object100002684" />
    <rdf:type rdf:resource="http://dbpedia.org/class/yago/YagoPermanentlyLocatedEntity" />
    <rdf:type rdf:resource="http://dbpedia.org/class/yago/Building102913152" />
    <rdf:type rdf:resource="http://dbpedia.org/class/yago/Temple104407435" />
    <rdf:type rdf:resource="http://dbpedia.org/ontology/HistoricBuilding" />
    <rdf:type rdf:resource="http://dbpedia.org/ontology/ArchitecturalStructure" />
    <rdf:type rdf:resource="http://dbpedia.org/ontology/Place" />
    <rdf:type rdf:resource="http://schema.org/LandmarksOrHistoricalBuildings" />
    <rdf:type rdf:resource="http://dbpedia.org/ontology/Building" />
    <rdf:type rdf:resource="http://schema.org/Place" />
    <rdf:type rdf:resource="http://www.w3.org/2002/07/owl#Thing" />
    <owl:sameAs rdf:resource="http://ja.dbpedia.org/resource/大徳寺" />
    <owl:sameAs rdf:resource="http://pnb.dbpedia.org/resource/ڈائیٹوکو-جی" />
    <owl:sameAs rdf:resource="http://www.wikidata.org/entity/Q901256" />
    <owl:sameAs rdf:resource="http://de.dbpedia.org/resource/Daitoku-ji" />
    <owl:sameAs rdf:resource="http://hu.dbpedia.org/resource/Daitokudzsi" />
    <owl:sameAs rdf:resource="http://ca.dbpedia.org/resource/Daitoku-ji" />
    <owl:sameAs rdf:resource="http://zh.dbpedia.org/resource/大德寺" />
    <owl:sameAs rdf:resource="http://vi.dbpedia.org/resource/Chùa_Daitoku" />
    <owl:sameAs rdf:resource="http://fr.dbpedia.org/resource/Daitoku-ji" />
    <owl:sameAs rdf:resource="http://dbpedia.org/resource/Daitoku-ji" />
    <owl:sameAs rdf:resource="http://yago-knowledge.org/resource/Daitoku-ji" />
    <owl:sameAs rdf:resource="http://rdf.freebase.com/ns/m.04500w" />
    <dcterms:subject rdf:resource="http://dbpedia.org/resource/Category:Landscape_design_history_of_Japan" />
    <dcterms:subject rdf:resource="http://dbpedia.org/resource/Category:National_Treasures_of_Japan" />
    <dcterms:subject rdf:resource="http://dbpedia.org/resource/Category:Buddhist_temples_in_Kyoto" />
    <dcterms:subject rdf:resource="http://dbpedia.org/resource/Category:1325_establishments" />
    <dcterms:subject rdf:resource="http://dbpedia.org/resource/Category:Rinzai_temples" />
    <dcterms:subject rdf:resource="http://dbpedia.org/resource/Category:Religious_organizations_established_in_the_1310s" />
    <dbpedia-owl:abstract xml:lang="zh">大德寺（だいとくじ）是位在日本京都府京都市北區的寺院，臨濟宗大德寺派大本山。山號「龍寶山」（りゅうほうざん）。本尊釋迦如來、開基（創立者）為大燈國師宗峰妙超。大德寺歷代名僧輩出，與茶道文化的淵源很深，是對日本文化影響很大的寺院。織田信長葬本寺之塔頭寺院總見院。 		 			Daitokuji Kyoto07n4272. jpg 			 法堂 			 		 		 			Daitokuji Kyoto03ns4272. jpg 			 三門 （金毛閣） 			 		 		 			Daitokuji-M1888. jpg 			 勅使門</dbpedia-owl:abstract>
    <dbpedia-owl:abstract xml:lang="en">Daitoku-ji is a Buddhist temple, one of fourteen autonomous branches of the Rinzai school of Japanese Zen. It is located in Kita-ku, Kyoto, Japan. The "mountain name" (sangō by which it is known is Ryūhōzan .</dbpedia-owl:abstract>
    <dbpedia-owl:abstract xml:lang="de">Der Daitoku-ji ist ein buddhistischer Tempelkomplex im Stadtbezirk Kita der japanischen Stadt Kyōto und einer der Haupttempel der Rinzai-shū. Der Daitoku-ji ist weithin berühmt für seine vielen historisch bedeutenden und kunstvollen Bauwerke, von denen mehrere eingetragene Nationale Kulturgüter Japans sind.</dbpedia-owl:abstract>
    <dbpedia-owl:abstract xml:lang="ja">大徳寺（だいとくじ）は、京都府京都市北区紫野大徳寺町にある寺で、臨済宗大徳寺派大本山である。山号を龍寶山（りゅうほうざん）と称する。本尊は釈迦如来、開基（創立者）は大燈国師宗峰妙超で、正中2年（1325年）に正式に創立されている。 京都でも有数の規模を有する禅宗寺院で、境内には仏殿、法堂（はっとう）をはじめとする中心伽藍のほか、20か寺を超える塔頭（たっちゅう、山内寺院）が立ち並び、近世の雰囲気を残している。大徳寺は歴代多くの名僧を輩出し、茶の湯文化とも縁が深く、日本の文化に多大な影響を与え続けてきた寺院である。本坊および塔頭寺院には、建造物、庭園、障壁画、茶道具、中国伝来の書画など、多くの文化財を伝えている。</dbpedia-owl:abstract>
    <dbpedia-owl:abstract xml:lang="fr">Le Daitoku-ji est un temple bouddhiste relevant de l&#39;école zen rinzai et situé dans le nord de Kyoto au Japon. Il est constitué d&#39;un complexe de plusieurs temples secondaires et porte également le nom de la montagne Ryuhozan (龍宝山, Ryuhozan, littéralement « la montagne du trésor du dragon »). Il a été établi en 1319 par Shohomyocho aussi nommé Daitokokushi. Le temple est le chef de file de l&#39;une des quatorze branches autonomes de l&#39;école rinzai.</dbpedia-owl:abstract>
    <dbpedia-owl:country rdf:resource="http://dbpedia.org/resource/Kyoto" />
    <dbpedia-owl:wikiPageID rdf:datatype="http://www.w3.org/2001/XMLSchema#integer">1089094</dbpedia-owl:wikiPageID>
    <dbpedia-owl:wikiPageRevisionID rdf:datatype="http://www.w3.org/2001/XMLSchema#integer">540487332</dbpedia-owl:wikiPageRevisionID>
    <rdfs:label xml:lang="ja">大徳寺</rdfs:label>
    <rdfs:label xml:lang="zh">大德寺</rdfs:label>
    <rdfs:label xml:lang="de">Daitoku-ji</rdfs:label>
    <rdfs:label xml:lang="fr">Daitoku-ji</rdfs:label>
    <rdfs:label xml:lang="en">Daitoku-ji</rdfs:label>
    <foaf:depiction rdf:resource="http://upload.wikimedia.org/wikipedia/commons/7/77/Daitokuji_Kyoto06n3200.jpg" />
    <rdfs:comment xml:lang="ja">大徳寺（だいとくじ）は、京都府京都市北区紫野大徳寺町にある寺で、臨済宗大徳寺派大本山である。山号を龍寶山（りゅうほうざん）と称する。本尊は釈迦如来、開基（創立者）は大燈国師宗峰妙超で、正中2年（1325年）に正式に創立されている。 京都でも有数の規模を有する禅宗寺院で、境内には仏殿、法堂（はっとう）をはじめとする中心伽藍のほか、20か寺を超える塔頭（たっちゅう、山内寺院）が立ち並び、近世の雰囲気を残している。大徳寺は歴代多くの名僧を輩出し、茶の湯文化とも縁が深く、日本の文化に多大な影響を与え続けてきた寺院である。本坊および塔頭寺院には、建造物、庭園、障壁画、茶道具、中国伝来の書画など、多くの文化財を伝えている。</rdfs:comment>
    <rdfs:comment xml:lang="de">Der Daitoku-ji ist ein buddhistischer Tempelkomplex im Stadtbezirk Kita der japanischen Stadt Kyōto und einer der Haupttempel der Rinzai-shū. Der Daitoku-ji ist weithin berühmt für seine vielen historisch bedeutenden und kunstvollen Bauwerke, von denen mehrere eingetragene Nationale Kulturgüter Japans sind.</rdfs:comment>
    <rdfs:comment xml:lang="zh">大德寺（だいとくじ）是位在日本京都府京都市北區的寺院，臨濟宗大德寺派大本山。山號「龍寶山」（りゅうほうざん）。本尊釋迦如來、開基（創立者）為大燈國師宗峰妙超。大德寺歷代名僧輩出，與茶道文化的淵源很深，是對日本文化影響很大的寺院。織田信長葬本寺之塔頭寺院總見院。 		 			Daitokuji Kyoto07n4272. jpg 			 法堂 			 		 		 			Daitokuji Kyoto03ns4272. jpg 			 三門 （金毛閣） 			 		 		 			Daitokuji-M1888. jpg 			 勅使門</rdfs:comment>
    <rdfs:comment xml:lang="fr">Le Daitoku-ji est un temple bouddhiste relevant de l&#39;école zen rinzai et situé dans le nord de Kyoto au Japon. Il est constitué d&#39;un complexe de plusieurs temples secondaires et porte également le nom de la montagne Ryuhozan (龍宝山, Ryuhozan, littéralement « la montagne du trésor du dragon »). Il a été établi en 1319 par Shohomyocho aussi nommé Daitokokushi. Le temple est le chef de file de l&#39;une des quatorze branches autonomes de l&#39;école rinzai.</rdfs:comment>
    <rdfs:comment xml:lang="en">Daitoku-ji is a Buddhist temple, one of fourteen autonomous branches of the Rinzai school of Japanese Zen. It is located in Kita-ku, Kyoto, Japan. The "mountain name" (sangō by which it is known is Ryūhōzan .</rdfs:comment>
    <foaf:name xml:lang="en">Daitoku-ji</foaf:name>
    <dbpedia-owl:thumbnail rdf:resource="http://upload.wikimedia.org/wikipedia/commons/thumb/7/77/Daitokuji_Kyoto06n3200.jpg/200px-Daitokuji_Kyoto06n3200.jpg" />
    <dbpedia-owl:wikiPageExternalLink rdf:resource="http://www17.ocn.ne.jp/~verdure/zengo/daitokuji2.html#kohouan" />
    <dbpedia-owl:wikiPageExternalLink rdf:resource="http://damien.douxchamps.net/photo/japan/kansai/kyoto/daitokuji/" />
    <dbpprop:address rdf:datatype="http://www.w3.org/2001/XMLSchema#integer">53</dbpprop:address>
    <dbpprop:country rdf:resource="http://dbpedia.org/resource/Kyoto" />
    <dbpprop:denomination rdf:resource="http://dbpedia.org/resource/Rinzai_school" />
    <dbpprop:founded rdf:datatype="http://www.w3.org/2001/XMLSchema#integer">1326</dbpprop:founded>
    <dbpprop:founder rdf:resource="http://dbpedia.org/resource/Daito_Kokushi" />
    <dbpprop:img xml:lang="en">Daitokuji Kyoto06n3200.jpg</dbpprop:img>
    <dbpprop:imgCapt xml:lang="en">Butsuden</dbpprop:imgCapt>
    <dbpprop:name xml:lang="en">Daitoku-ji</dbpprop:name>
    <geo:geometry rdf:datatype="http://www.openlinksw.com/schemas/virtrdf#Geometry">POINT(135.747 35.044)</geo:geometry>
    <foaf:isPrimaryTopicOf rdf:resource="http://en.wikipedia.org/wiki/Daitoku-ji" />
    <geo:long rdf:datatype="http://www.w3.org/2001/XMLSchema#float">135.747</geo:long>
    <geo:lat rdf:datatype="http://www.w3.org/2001/XMLSchema#float">35.044</geo:lat>
    <ns8:wasDerivedFrom rdf:resource="http://en.wikipedia.org/wiki/Daitoku-ji?oldid=540487332" />
    <grs:point xml:lang="en">35.044047222222225 135.74651666666668</grs:point>
    <dbpprop:hasPhotoCollection rdf:resource="http://wifo5-03.informatik.uni-mannheim.de/flickrwrappr/photos/Daitoku-ji" />
  </rdf:Description>
  <rdf:Description rdf:about="http://dbpedia.org/resource/Fumimaro_Konoe">
    <dbpprop:restingPlace rdf:resource="http://dbpedia.org/resource/Daitoku-ji" />
  </rdf:Description>
  <rdf:Description rdf:about="http://dbpedia.org/resource/Furuta_Shigenari">
    <dbpedia-owl:restingPlace rdf:resource="http://dbpedia.org/resource/Daitoku-ji" />
  </rdf:Description>
  <rdf:Description rdf:about="http://de.dbpedia.org/resource/Daitoku-ji">
    <owl:sameAs rdf:resource="http://dbpedia.org/resource/Daitoku-ji" />
  </rdf:Description>
  <rdf:Description rdf:about="http://fr.dbpedia.org/resource/Daitoku-ji">
    <owl:sameAs rdf:resource="http://dbpedia.org/resource/Daitoku-ji" />
  </rdf:Description>
  <rdf:Description rdf:about="http://ja.dbpedia.org/resource/大徳寺">
    <owl:sameAs rdf:resource="http://dbpedia.org/resource/Daitoku-ji" />
  </rdf:Description>
  <rdf:Description rdf:about="http://dbpedia.org/resource/Daitoku-ji_temple">
    <dbpedia-owl:wikiPageRedirects rdf:resource="http://dbpedia.org/resource/Daitoku-ji" />
  </rdf:Description>
  <rdf:Description rdf:about="http://dbpedia.org/resource/Got%C5%8D_Zuigan">
    <dbpedia-owl:location rdf:resource="http://dbpedia.org/resource/Daitoku-ji" />
    <dbpprop:location rdf:resource="http://dbpedia.org/resource/Daitoku-ji" />
  </rdf:Description>
  <rdf:Description rdf:about="http://dbpedia.org/resource/Six_Persimmons">
    <dbpedia-owl:museum rdf:resource="http://dbpedia.org/resource/Daitoku-ji" />
    <dbpprop:museum rdf:resource="http://dbpedia.org/resource/Daitoku-ji" />
  </rdf:Description>
  <rdf:Description rdf:about="http://en.wikipedia.org/wiki/Daitoku-ji">
    <foaf:primaryTopic rdf:resource="http://dbpedia.org/resource/Daitoku-ji" />
  </rdf:Description>
  <rdf:Description rdf:about="http://wikidata.dbpedia.org/resource/Q901256">
    <owl:sameAs rdf:resource="http://dbpedia.org/resource/Daitoku-ji" />
  </rdf:Description>
  <rdf:Description rdf:about="http://zh.dbpedia.org/resource/大德寺">
    <owl:sameAs rdf:resource="http://dbpedia.org/resource/Daitoku-ji" />
  </rdf:Description>
  <rdf:Description rdf:about="http://ca.dbpedia.org/resource/Daitoku-ji">
    <owl:sameAs rdf:resource="http://dbpedia.org/resource/Daitoku-ji" />
  </rdf:Description>
  <rdf:Description rdf:about="http://hu.dbpedia.org/resource/Daitokudzsi">
    <owl:sameAs rdf:resource="http://dbpedia.org/resource/Daitoku-ji" />
  </rdf:Description>
  <rdf:Description rdf:about="http://pnb.dbpedia.org/resource/ڈائیٹوکو-جی">
    <owl:sameAs rdf:resource="http://dbpedia.org/resource/Daitoku-ji" />
  </rdf:Description>
  <rdf:Description rdf:about="http://vi.dbpedia.org/resource/Chùa_Daitoku">
    <owl:sameAs rdf:resource="http://dbpedia.org/resource/Daitoku-ji" />
  </rdf:Description>
</rdf:RDF>
