<?xml version="1.0" encoding="utf-8" ?>
<rdf:RDF
	xmlns:rdf="http://www.w3.org/1999/02/22-rdf-syntax-ns#"
	xmlns:rdfs="http://www.w3.org/2000/01/rdf-schema#"
	xmlns:owl="http://www.w3.org/2002/07/owl#"
	xmlns:dcterms="http://purl.org/dc/terms/"
	xmlns:dbpedia-owl="http://dbpedia.org/ontology/"
	xmlns:foaf="http://xmlns.com/foaf/0.1/"
	xmlns:dbpprop="http://dbpedia.org/property/"
	xmlns:geo="http://www.w3.org/2003/01/geo/wgs84_pos#"
	xmlns:ns8="http://www.w3.org/ns/prov#"
	xmlns:grs="http://www.georss.org/georss/" >
  <rdf:Description rdf:about="http://es.dbpedia.org/resource/Palacio_Ducal_de_Mantua">
    <owl:sameAs rdf:resource="http://dbpedia.org/resource/Ducal_palace,_Mantua" />
  </rdf:Description>
  <rdf:Description rdf:about="http://ru.dbpedia.org/resource/Палаццо_Дукале_(Мантуя)">
    <owl:sameAs rdf:resource="http://dbpedia.org/resource/Ducal_palace,_Mantua" />
  </rdf:Description>
  <rdf:Description rdf:about="http://dbpedia.org/resource/Palazzo_Ducale,_Mantua">
    <dbpedia-owl:wikiPageRedirects rdf:resource="http://dbpedia.org/resource/Ducal_palace,_Mantua" />
  </rdf:Description>
  <rdf:Description rdf:about="http://dbpedia.org/resource/Ducal_Palace">
    <dbpedia-owl:wikiPageDisambiguates rdf:resource="http://dbpedia.org/resource/Ducal_palace,_Mantua" />
  </rdf:Description>
  <rdf:Description rdf:about="http://fr.dbpedia.org/resource/Palazzo_Ducale_(Mantoue)">
    <owl:sameAs rdf:resource="http://dbpedia.org/resource/Ducal_palace,_Mantua" />
  </rdf:Description>
  <rdf:Description rdf:about="http://pt.dbpedia.org/resource/Palácio_Ducal_(Mântua)">
    <owl:sameAs rdf:resource="http://dbpedia.org/resource/Ducal_palace,_Mantua" />
  </rdf:Description>
  <rdf:Description rdf:about="http://dbpedia.org/resource/The_Ebony_Tower">
    <dbpedia-owl:coverArtist rdf:resource="http://dbpedia.org/resource/Ducal_palace,_Mantua" />
  </rdf:Description>
  <rdf:Description rdf:about="http://de.dbpedia.org/resource/Palazzo_Ducale_(Mantua)">
    <owl:sameAs rdf:resource="http://dbpedia.org/resource/Ducal_palace,_Mantua" />
  </rdf:Description>
  <rdf:Description rdf:about="http://it.dbpedia.org/resource/Palazzo_Ducale_(Mantova)">
    <owl:sameAs rdf:resource="http://dbpedia.org/resource/Ducal_palace,_Mantua" />
  </rdf:Description>
  <rdf:Description rdf:about="http://pl.dbpedia.org/resource/Pałac_Książęcy_w_Mantui">
    <owl:sameAs rdf:resource="http://dbpedia.org/resource/Ducal_palace,_Mantua" />
  </rdf:Description>
  <rdf:Description rdf:about="http://dbpedia.org/resource/Ducal_palace,_Mantua">
    <rdf:type rdf:resource="http://www.opengis.net/gml/_Feature" />
    <rdf:type rdf:resource="http://dbpedia.org/class/yago/Housing103546340" />
    <rdf:type rdf:resource="http://dbpedia.org/class/yago/CastlesInLombardy" />
    <rdf:type rdf:resource="http://dbpedia.org/class/yago/House103544360" />
    <rdf:type rdf:resource="http://dbpedia.org/class/yago/PalacesInMantua" />
    <rdf:type rdf:resource="http://dbpedia.org/class/yago/Whole100003553" />
    <rdf:type rdf:resource="http://dbpedia.org/class/yago/Building102913152" />
    <rdf:type rdf:resource="http://dbpedia.org/class/yago/Structure104341686" />
    <rdf:type rdf:resource="http://dbpedia.org/class/yago/Palace103878066" />
    <rdf:type rdf:resource="http://dbpedia.org/class/yago/YagoGeoEntity" />
    <rdf:type rdf:resource="http://dbpedia.org/class/yago/BuildingsAndStructuresInMantua" />
    <rdf:type rdf:resource="http://dbpedia.org/class/yago/PhysicalEntity100001930" />
    <rdf:type rdf:resource="http://dbpedia.org/class/yago/Mansion103719053" />
    <rdf:type rdf:resource="http://dbpedia.org/class/yago/Dwelling103259505" />
    <rdf:type rdf:resource="http://dbpedia.org/class/yago/Object100002684" />
    <rdf:type rdf:resource="http://dbpedia.org/class/yago/YagoPermanentlyLocatedEntity" />
    <rdf:type rdf:resource="http://dbpedia.org/class/yago/Artifact100021939" />
    <owl:sameAs rdf:resource="http://fr.dbpedia.org/resource/Palazzo_Ducale_(Mantoue)" />
    <owl:sameAs rdf:resource="http://et.dbpedia.org/resource/Gonzaga_hertsogipalee" />
    <owl:sameAs rdf:resource="http://yago-knowledge.org/resource/Ducal_palace,_Mantua" />
    <owl:sameAs rdf:resource="http://www.wikidata.org/entity/Q1635704" />
    <owl:sameAs rdf:resource="http://no.dbpedia.org/resource/Palazzo_Ducale_(Mantova)" />
    <owl:sameAs rdf:resource="http://rdf.freebase.com/ns/m.0cqx85" />
    <owl:sameAs rdf:resource="http://sws.geonames.org/8394373/" />
    <owl:sameAs rdf:resource="http://it.dbpedia.org/resource/Palazzo_Ducale_(Mantova)" />
    <owl:sameAs rdf:resource="http://pt.dbpedia.org/resource/Palácio_Ducal_(Mântua)" />
    <owl:sameAs rdf:resource="http://th.dbpedia.org/resource/วังดยุกแห่งมานตัว" />
    <owl:sameAs rdf:resource="http://es.dbpedia.org/resource/Palacio_Ducal_de_Mantua" />
    <owl:sameAs rdf:resource="http://dbpedia.org/resource/Ducal_palace,_Mantua" />
    <owl:sameAs rdf:resource="http://pl.dbpedia.org/resource/Pałac_Książęcy_w_Mantui" />
    <owl:sameAs rdf:resource="http://ru.dbpedia.org/resource/Палаццо_Дукале_(Мантуя)" />
    <owl:sameAs rdf:resource="http://de.dbpedia.org/resource/Palazzo_Ducale_(Mantua)" />
    <dcterms:subject rdf:resource="http://dbpedia.org/resource/Category:Historic_house_museums_in_Italy" />
    <dcterms:subject rdf:resource="http://dbpedia.org/resource/Category:Palaces_in_Mantua" />
    <dcterms:subject rdf:resource="http://dbpedia.org/resource/Category:14th-century_establishments_in_Italy" />
    <dcterms:subject rdf:resource="http://dbpedia.org/resource/Category:14th-century_architecture" />
    <dcterms:subject rdf:resource="http://dbpedia.org/resource/Category:Castles_in_Lombardy" />
    <dcterms:subject rdf:resource="http://dbpedia.org/resource/Category:Buildings_and_structures_in_Mantua" />
    <dcterms:subject rdf:resource="http://dbpedia.org/resource/Category:Renaissance_architecture_in_Lombardy" />
    <dcterms:subject rdf:resource="http://dbpedia.org/resource/Category:Museums_in_Lombardy" />
    <dbpedia-owl:abstract xml:lang="fr">Le Palazzo Ducale di Mantova (en français Palais Ducal de Mantoue) est un groupe de bâtiments situé dans la ville italienne de Mantoue, construit entre les XIV et XVII siècles, principalement par la noble famille Gonzague et constituant leur résidence dans la capitale de leur Duché.</dbpedia-owl:abstract>
    <dbpedia-owl:abstract xml:lang="en">The Palazzo Ducale di Mantova ("Ducal Palace") is a group of buildings in Mantua, Lombardy, northern Italy, built between the 14th and the 17th century mainly by the noble family of Gonzaga as their royal residence in the capital of their Duchy. The buildings are connected by corridors and galleries and are enriched by inner courts and wide gardens. The complex includes some 500 rooms and occupies an area of c. 34,000 m². Although most famous for Mantegna&#39;s frescos in the Camera degli Sposi (Wedding Room), they have many other very significant architectural and painted elements. The Gonzaga family lived in the palace from 1328 to 1707, when the dynasty died out. Subsequently, the buildings saw a sharp decline, which was halted in the 20th century with a continuing process of restoration and the designation of the area as museum. In 1998, a hidden room was discovered by Palace scholars, led by musicologist Paula Bezzutti. The room is thought to have been used for performances of Monteverdi&#39;s music in the late 16th century.</dbpedia-owl:abstract>
    <dbpedia-owl:abstract xml:lang="de">Der Palazzo Ducale ist ein Gebäudekomplex des 14. bis 17. Jahrhunderts in Mantua, überwiegend von der Familie der Gonzaga als ihr Herrschaftssitz errichtet. Die Gebäude sind durch Korridore und Galerien verbunden und durch ihre inneren Höfe und Gärten aufgewertet. Das Ensemble umfasst etwa 500 Räume auf ca. 34.000 m² Fläche. Besonders berühmt ist der Palast wegen Mantegnas Fresken in der Camera degli Sposi (Hochzeitszimmer), aber auch für viele weitere architektonische und künstlerische Ausstattungen.</dbpedia-owl:abstract>
    <dbpedia-owl:abstract xml:lang="es">El Palacio Ducal (Palazzo Ducale), que ocupa una gran parte de la porción nororiental de la ciudad de italiana de Mantua, es, desde el siglo XIV, la sede ciudadana de los Gonzaga. Se encuentra en la Piazza Sardello. Más que un Palacio Ducal debe hablarse de una ciudad-palacio, puesto que el complejo arquitectónico está constituido por numerosos edificios unidos entre sí por corredores y galerías, con patios, y vastos jardines. Entre esos edificios está el castillo de san Jorge (Castello San Giorgio), fortaleza del siglo XIV y una basílica. La fachada es del siglo XV. Ya antes de la llegada al poder de los Gonzaga estaban edificados los primeros núcleos del Palacio, aunque la historia del complejo se identifica sobre todo con la de la familia que gobernó la ciudad hasta 1707. Durante el siglo XVI y principios del siguiente albergó una soberbia colección de pinturas, hasta que en 1629 el núcleo más valioso de ellas fue vendido a Carlos I de Inglaterra y enviado a Londres. El mismísimo Rubens se asombró del alcance de tal operación. Por desgracia el conjunto se dispersó tras la ejecución del monarca inglés, y hoy apenas subsiste en la Royal Collection la famosa serie Los triunfos del César de Andrea Mantegna. Otras pinturas cayeron en manos de Felipe IV de España y hoy se conservan en el Museo del Prado de Madrid. Entre otros rincones del palacio, celebérrima es la llamada Camera degli Sposi (Camera picta) en el castillo de san Jorge, parte de la "ciudad-palacio", frescos realizados por Andrea Mantegna y dedicada a Ludovico Gonzaga y su mujer Bárbara de Brandeburgo. Además, hay una serie de frescos de Pisanello sobre la leyenda artúrica y un retrato de la familia ducal, hecho por Rubens, en el Salone degli Arcieri. Cuando Mantua se hizo austriaca, las restauraciones prosiguieron hasta la segunda mitad del siglo XVIII por obra de los gobernadores enviados por el Emperador.</dbpedia-owl:abstract>
    <dbpedia-owl:abstract xml:lang="it">Il Palazzo Ducale è stata la residenza principale dei Gonzaga, signori, marchesi ed infine duchi della città di Mantova. Assunse la denominazione di Palazzo Reale durante la dominazione austriaca a partire dall&#39;epoca di Maria Teresa d&#39;Austria regnante.</dbpedia-owl:abstract>
    <dbpedia-owl:abstract xml:lang="pt">O Palácio Ducal de Mântua é um palácio ducal, constituido por um conjunto de edifícios, na cidade italiana de Mântua, Lombardia. Foi construído entre o século XIV e o século XVII pela nobre família dos Gonzaga como sua residência principal na capital do seu ducado. Os edifícios estão ligados por corredores e galerias, enriquecidos por pátios interiores e amplos jardins. O complexo inclui cerca de 500 salas e ocupa uma área com cerca de 34.000 m. Apesar de ser mais conhecido pelos afrescos de Mantegna na Camera degli Sposi (Quarto dos Esposos), possui muitos outros elementos arquitectónicos e pictóricos significativo.</dbpedia-owl:abstract>
    <dbpedia-owl:abstract xml:lang="pl">Pałac Książęcy w Mantui – kompleks zabytkowych budowli, dziedzińców i ogrodów położony w północno-wschodniej części starego miasta Mantui, między dawnym Piazza San Pietro (obecnym Piazza Sordello), a brzegiem jeziora Lago di Mezzo. Pałac, początkowo złożony z rozrzuconych budowli, uzyskał jednolitą formę w pierwszej połowie XVI w. , kiedy stał się całością architektoniczną. Obecnie zajmuje powierzchnię ok. 34 000 m² i znajduje się w nim ok. 500 pomieszczeń i 15 przestrzeni otwartych (dziedzińców, uliczek, ogrodów i placyków). Najbardziej znana sala w pałacu to Camera degli Sposi (sala małżeńska), której ściany ozdobione są cyklem fresków autorstwa Andrea Mantegni. Był rezydencją rodu Gonzagów od 1328 do 1707, kiedy to ostatni książę był zmuszony udać się na wygnanie. W XIX w. pałac był opuszczony, a na początku XX w. zostały w nim przeprowadzone prace renowacyjne i stał się siedzibą muzeum państwowego. Najważniejsze części budowli to Corte Vecchia, Corte Nuova i Castello di San Giorgio.</dbpedia-owl:abstract>
    <dbpedia-owl:abstract xml:lang="ru">Палаццо Дукале, «Герцогский дворец» (итал.  Palazzo Ducale di Mantova) — комплекс сооружений в Мантуе, построенный в 1290—1708 годы в качестве резиденции герцогов Гонзага, правивших в герцогстве Мантуя. Здания комплекса связаны между собой коридорами и галереями, украшены внутренними двориками и садами. Весь комплекс включает около 500 комнат, общая площадь 34 тыс. м. Ныне музей.</dbpedia-owl:abstract>
    <dbpedia-owl:wikiPageID rdf:datatype="http://www.w3.org/2001/XMLSchema#integer">4850442</dbpedia-owl:wikiPageID>
    <dbpedia-owl:wikiPageRevisionID rdf:datatype="http://www.w3.org/2001/XMLSchema#integer">540408197</dbpedia-owl:wikiPageRevisionID>
    <rdfs:label xml:lang="es">Palacio Ducal de Mantua</rdfs:label>
    <rdfs:label xml:lang="it">Palazzo Ducale (Mantova)</rdfs:label>
    <rdfs:label xml:lang="en">Ducal palace, Mantua</rdfs:label>
    <rdfs:label xml:lang="pl">Pałac Książęcy w Mantui</rdfs:label>
    <rdfs:label xml:lang="ru">Палаццо Дукале (Мантуя)</rdfs:label>
    <rdfs:label xml:lang="de">Palazzo Ducale (Mantua)</rdfs:label>
    <rdfs:label xml:lang="pt">Palácio Ducal (Mântua)</rdfs:label>
    <rdfs:label xml:lang="fr">Palazzo Ducale (Mantoue)</rdfs:label>
    <foaf:depiction rdf:resource="http://upload.wikimedia.org/wikipedia/commons/c/c4/Mantua2_BMK.jpg" />
    <rdfs:comment xml:lang="en">The Palazzo Ducale di Mantova ("Ducal Palace") is a group of buildings in Mantua, Lombardy, northern Italy, built between the 14th and the 17th century mainly by the noble family of Gonzaga as their royal residence in the capital of their Duchy. The buildings are connected by corridors and galleries and are enriched by inner courts and wide gardens. The complex includes some 500 rooms and occupies an area of c. 34,000 m².</rdfs:comment>
    <rdfs:comment xml:lang="pl">Pałac Książęcy w Mantui – kompleks zabytkowych budowli, dziedzińców i ogrodów położony w północno-wschodniej części starego miasta Mantui, między dawnym Piazza San Pietro (obecnym Piazza Sordello), a brzegiem jeziora Lago di Mezzo. Pałac, początkowo złożony z rozrzuconych budowli, uzyskał jednolitą formę w pierwszej połowie XVI w. , kiedy stał się całością architektoniczną. Obecnie zajmuje powierzchnię ok. 34 000 m² i znajduje się w nim ok.</rdfs:comment>
    <rdfs:comment xml:lang="es">El Palacio Ducal (Palazzo Ducale), que ocupa una gran parte de la porción nororiental de la ciudad de italiana de Mantua, es, desde el siglo XIV, la sede ciudadana de los Gonzaga. Se encuentra en la Piazza Sardello. Más que un Palacio Ducal debe hablarse de una ciudad-palacio, puesto que el complejo arquitectónico está constituido por numerosos edificios unidos entre sí por corredores y galerías, con patios, y vastos jardines.</rdfs:comment>
    <rdfs:comment xml:lang="pt">O Palácio Ducal de Mântua é um palácio ducal, constituido por um conjunto de edifícios, na cidade italiana de Mântua, Lombardia. Foi construído entre o século XIV e o século XVII pela nobre família dos Gonzaga como sua residência principal na capital do seu ducado. Os edifícios estão ligados por corredores e galerias, enriquecidos por pátios interiores e amplos jardins. O complexo inclui cerca de 500 salas e ocupa uma área com cerca de 34.000 m.</rdfs:comment>
    <rdfs:comment xml:lang="it">Il Palazzo Ducale è stata la residenza principale dei Gonzaga, signori, marchesi ed infine duchi della città di Mantova. Assunse la denominazione di Palazzo Reale durante la dominazione austriaca a partire dall&#39;epoca di Maria Teresa d&#39;Austria regnante.</rdfs:comment>
    <rdfs:comment xml:lang="de">Der Palazzo Ducale ist ein Gebäudekomplex des 14. bis 17. Jahrhunderts in Mantua, überwiegend von der Familie der Gonzaga als ihr Herrschaftssitz errichtet. Die Gebäude sind durch Korridore und Galerien verbunden und durch ihre inneren Höfe und Gärten aufgewertet. Das Ensemble umfasst etwa 500 Räume auf ca. 34.000 m² Fläche.</rdfs:comment>
    <rdfs:comment xml:lang="ru">Палаццо Дукале, «Герцогский дворец» (итал.  Palazzo Ducale di Mantova) — комплекс сооружений в Мантуе, построенный в 1290—1708 годы в качестве резиденции герцогов Гонзага, правивших в герцогстве Мантуя. Здания комплекса связаны между собой коридорами и галереями, украшены внутренними двориками и садами. Весь комплекс включает около 500 комнат, общая площадь 34 тыс. м. Ныне музей.</rdfs:comment>
    <rdfs:comment xml:lang="fr">Le Palazzo Ducale di Mantova (en français Palais Ducal de Mantoue) est un groupe de bâtiments situé dans la ville italienne de Mantoue, construit entre les XIV et XVII siècles, principalement par la noble famille Gonzague et constituant leur résidence dans la capitale de leur Duché.</rdfs:comment>
    <dbpedia-owl:thumbnail rdf:resource="http://upload.wikimedia.org/wikipedia/commons/thumb/c/c4/Mantua2_BMK.jpg/200px-Mantua2_BMK.jpg" />
    <dbpedia-owl:wikiPageExternalLink rdf:resource="http://www.mantovaducale.beniculturali.it/" />
    <dbpedia-owl:wikiPageExternalLink rdf:resource="http://www.itis.mn.it/ducale/maineng.htm" />
    <dbpedia-owl:wikiPageExternalLink rdf:resource="http://www.societapalazzoducalemantova.it/english.htm" />
    <geo:geometry rdf:datatype="http://www.openlinksw.com/schemas/virtrdf#Geometry">POINT(10.7989 45.1603)</geo:geometry>
    <foaf:isPrimaryTopicOf rdf:resource="http://en.wikipedia.org/wiki/Ducal_palace,_Mantua" />
    <geo:long rdf:datatype="http://www.w3.org/2001/XMLSchema#float">10.7989</geo:long>
    <geo:lat rdf:datatype="http://www.w3.org/2001/XMLSchema#float">45.1603</geo:lat>
    <ns8:wasDerivedFrom rdf:resource="http://en.wikipedia.org/wiki/Ducal_palace,_Mantua?oldid=540408197" />
    <grs:point xml:lang="en">45.16027777777778 10.79888888888889</grs:point>
    <dbpprop:hasPhotoCollection rdf:resource="http://wifo5-03.informatik.uni-mannheim.de/flickrwrappr/photos/Ducal_palace,_Mantua" />
  </rdf:Description>
  <rdf:Description rdf:about="http://dbpedia.org/resource/Ducal_Palace,_Mantua">
    <dbpedia-owl:wikiPageRedirects rdf:resource="http://dbpedia.org/resource/Ducal_palace,_Mantua" />
  </rdf:Description>
  <rdf:Description rdf:about="http://dbpedia.org/resource/Castello_San_Giorgio">
    <dbpedia-owl:wikiPageRedirects rdf:resource="http://dbpedia.org/resource/Ducal_palace,_Mantua" />
  </rdf:Description>
  <rdf:Description rdf:about="http://dbpedia.org/resource/Castello_di_San_Giorgio">
    <dbpedia-owl:wikiPageRedirects rdf:resource="http://dbpedia.org/resource/Ducal_palace,_Mantua" />
  </rdf:Description>
  <rdf:Description rdf:about="http://dbpedia.org/resource/Ducal_Palace_of_Mantua">
    <dbpedia-owl:wikiPageRedirects rdf:resource="http://dbpedia.org/resource/Ducal_palace,_Mantua" />
  </rdf:Description>
  <rdf:Description rdf:about="http://dbpedia.org/resource/Palatine_Basilica_of_Santa_Barbara_(Mantua)">
    <dbpedia-owl:wikiPageRedirects rdf:resource="http://dbpedia.org/resource/Ducal_palace,_Mantua" />
  </rdf:Description>
  <rdf:Description rdf:about="http://dbpedia.org/resource/Palazzo_Ducale,_Mantova">
    <dbpedia-owl:wikiPageRedirects rdf:resource="http://dbpedia.org/resource/Ducal_palace,_Mantua" />
  </rdf:Description>
  <rdf:Description rdf:about="http://dbpedia.org/resource/Palazzo_Ducale_di_Mantova">
    <dbpedia-owl:wikiPageRedirects rdf:resource="http://dbpedia.org/resource/Ducal_palace,_Mantua" />
  </rdf:Description>
  <rdf:Description rdf:about="http://dbpedia.org/resource/Palazzo_Ducale_of_Mantua">
    <dbpedia-owl:wikiPageRedirects rdf:resource="http://dbpedia.org/resource/Ducal_palace,_Mantua" />
  </rdf:Description>
  <rdf:Description rdf:about="http://dbpedia.org/resource/Palazzo_ducale_di_mantova">
    <dbpedia-owl:wikiPageRedirects rdf:resource="http://dbpedia.org/resource/Ducal_palace,_Mantua" />
  </rdf:Description>
  <rdf:Description rdf:about="http://dbpedia.org/resource/The_Gonzaga_Family_in_Adoration_of_the_Holy_Trinity">
    <dbpedia-owl:museum rdf:resource="http://dbpedia.org/resource/Ducal_palace,_Mantua" />
    <dbpprop:museum rdf:resource="http://dbpedia.org/resource/Ducal_palace,_Mantua" />
  </rdf:Description>
  <rdf:Description rdf:about="http://en.wikipedia.org/wiki/Ducal_palace,_Mantua">
    <foaf:primaryTopic rdf:resource="http://dbpedia.org/resource/Ducal_palace,_Mantua" />
  </rdf:Description>
  <rdf:Description rdf:about="http://dbpedia.org/resource/Ducal_Palace_(Mantua)">
    <dbpedia-owl:wikiPageRedirects rdf:resource="http://dbpedia.org/resource/Ducal_palace,_Mantua" />
  </rdf:Description>
  <rdf:Description rdf:about="http://wikidata.dbpedia.org/resource/Q1635704">
    <owl:sameAs rdf:resource="http://dbpedia.org/resource/Ducal_palace,_Mantua" />
  </rdf:Description>
  <rdf:Description rdf:about="http://et.dbpedia.org/resource/Gonzaga_hertsogipalee">
    <owl:sameAs rdf:resource="http://dbpedia.org/resource/Ducal_palace,_Mantua" />
  </rdf:Description>
  <rdf:Description rdf:about="http://no.dbpedia.org/resource/Palazzo_Ducale_(Mantova)">
    <owl:sameAs rdf:resource="http://dbpedia.org/resource/Ducal_palace,_Mantua" />
  </rdf:Description>
  <rdf:Description rdf:about="http://th.dbpedia.org/resource/วังดยุกแห่งมานตัว">
    <owl:sameAs rdf:resource="http://dbpedia.org/resource/Ducal_palace,_Mantua" />
  </rdf:Description>
</rdf:RDF>
