<?xml version="1.0" encoding="utf-8" ?>
<rdf:RDF
	xmlns:rdf="http://www.w3.org/1999/02/22-rdf-syntax-ns#"
	xmlns:rdfs="http://www.w3.org/2000/01/rdf-schema#"
	xmlns:owl="http://www.w3.org/2002/07/owl#"
	xmlns:dcterms="http://purl.org/dc/terms/"
	xmlns:dbpedia-owl="http://dbpedia.org/ontology/"
	xmlns:foaf="http://xmlns.com/foaf/0.1/"
	xmlns:dbpprop="http://dbpedia.org/property/"
	xmlns:geo="http://www.w3.org/2003/01/geo/wgs84_pos#"
	xmlns:ns8="http://www.w3.org/ns/prov#"
	xmlns:grs="http://www.georss.org/georss/" >
  <rdf:Description rdf:about="http://de.dbpedia.org/resource/Fitzwilliam-Museum">
    <owl:sameAs rdf:resource="http://dbpedia.org/resource/Fitzwilliam_Museum" />
  </rdf:Description>
  <rdf:Description rdf:about="http://fr.dbpedia.org/resource/Fitzwilliam_Museum">
    <owl:sameAs rdf:resource="http://dbpedia.org/resource/Fitzwilliam_Museum" />
  </rdf:Description>
  <rdf:Description rdf:about="http://pt.dbpedia.org/resource/Museu_Fitzwilliam">
    <owl:sameAs rdf:resource="http://dbpedia.org/resource/Fitzwilliam_Museum" />
  </rdf:Description>
  <rdf:Description rdf:about="http://it.dbpedia.org/resource/Fitzwilliam_Museum">
    <owl:sameAs rdf:resource="http://dbpedia.org/resource/Fitzwilliam_Museum" />
  </rdf:Description>
  <rdf:Description rdf:about="http://ru.dbpedia.org/resource/Музей_Фицуильяма">
    <owl:sameAs rdf:resource="http://dbpedia.org/resource/Fitzwilliam_Museum" />
  </rdf:Description>
  <rdf:Description rdf:about="http://dbpedia.org/resource/Fitzwilliam_museum">
    <dbpedia-owl:wikiPageRedirects rdf:resource="http://dbpedia.org/resource/Fitzwilliam_Museum" />
  </rdf:Description>
  <rdf:Description rdf:about="http://dbpedia.org/resource/Minuscule_1281_(Gregory-Aland)">
    <dbpprop:nowAt rdf:resource="http://dbpedia.org/resource/Fitzwilliam_Museum" />
  </rdf:Description>
  <rdf:Description rdf:about="http://dbpedia.org/resource/Timothy_Potts">
    <dbpprop:workplaces rdf:resource="http://dbpedia.org/resource/Fitzwilliam_Museum" />
  </rdf:Description>
  <rdf:Description rdf:about="http://ja.dbpedia.org/resource/フィッツウィリアム美術館">
    <owl:sameAs rdf:resource="http://dbpedia.org/resource/Fitzwilliam_Museum" />
  </rdf:Description>
  <rdf:Description rdf:about="http://es.dbpedia.org/resource/Museo_Fitzwilliam">
    <owl:sameAs rdf:resource="http://dbpedia.org/resource/Fitzwilliam_Museum" />
  </rdf:Description>
  <rdf:Description rdf:about="http://dbpedia.org/resource/List_of_licensed_and_localized_editions_of_Monopoly:_Europe">
    <dbpprop:space rdf:resource="http://dbpedia.org/resource/Fitzwilliam_Museum" />
  </rdf:Description>
  <rdf:Description rdf:about="http://en.wikipedia.org/wiki/Fitzwilliam_Museum">
    <foaf:primaryTopic rdf:resource="http://dbpedia.org/resource/Fitzwilliam_Museum" />
  </rdf:Description>
  <rdf:Description rdf:about="http://dbpedia.org/resource/Fitzwilliam_Museum">
    <rdf:type rdf:resource="http://dbpedia.org/class/yago/Museum103800563" />
    <rdf:type rdf:resource="http://dbpedia.org/class/yago/DecorativeArtsMuseumsInTheUnitedKingdom" />
    <rdf:type rdf:resource="http://dbpedia.org/ontology/ArchitecturalStructure" />
    <rdf:type rdf:resource="http://dbpedia.org/ontology/Place" />
    <rdf:type rdf:resource="http://dbpedia.org/class/yago/Whole100003553" />
    <rdf:type rdf:resource="http://dbpedia.org/class/yago/Object100002684" />
    <rdf:type rdf:resource="http://dbpedia.org/ontology/Building" />
    <rdf:type rdf:resource="http://dbpedia.org/class/yago/PhysicalEntity100001930" />
    <rdf:type rdf:resource="http://dbpedia.org/class/yago/NumismaticMuseumsInTheUnitedKingdom" />
    <rdf:type rdf:resource="http://www.w3.org/2002/07/owl#Thing" />
    <rdf:type rdf:resource="http://www.opengis.net/gml/_Feature" />
    <rdf:type rdf:resource="http://dbpedia.org/class/yago/ArtMuseumsAndGalleriesInCambridgeshire" />
    <rdf:type rdf:resource="http://dbpedia.org/class/yago/Facility103315023" />
    <rdf:type rdf:resource="http://schema.org/Place" />
    <rdf:type rdf:resource="http://dbpedia.org/class/yago/Artifact100021939" />
    <rdf:type rdf:resource="http://schema.org/Museum" />
    <rdf:type rdf:resource="http://dbpedia.org/class/yago/MuseumsOfAncientRomeInTheUnitedKingdom" />
    <rdf:type rdf:resource="http://dbpedia.org/class/yago/MuseumsEstablishedIn1816" />
    <rdf:type rdf:resource="http://dbpedia.org/class/yago/MuseumsOfAncientGreece" />
    <rdf:type rdf:resource="http://dbpedia.org/class/yago/YagoGeoEntity" />
    <rdf:type rdf:resource="http://dbpedia.org/class/yago/MuseumsOfTheUniversityOfCambridge" />
    <rdf:type rdf:resource="http://dbpedia.org/class/yago/Depository103177349" />
    <rdf:type rdf:resource="http://dbpedia.org/class/yago/YagoPermanentlyLocatedEntity" />
    <rdf:type rdf:resource="http://dbpedia.org/ontology/Museum" />
    <owl:sameAs rdf:resource="http://pt.dbpedia.org/resource/Museu_Fitzwilliam" />
    <owl:sameAs rdf:resource="http://fr.dbpedia.org/resource/Fitzwilliam_Museum" />
    <owl:sameAs rdf:resource="http://tr.dbpedia.org/resource/Fitzwilliam_Müzesi" />
    <owl:sameAs rdf:resource="http://es.dbpedia.org/resource/Museo_Fitzwilliam" />
    <owl:sameAs rdf:resource="http://yago-knowledge.org/resource/Fitzwilliam_Museum" />
    <owl:sameAs rdf:resource="http://www.wikidata.org/entity/Q1421440" />
    <owl:sameAs rdf:resource="http://rdf.freebase.com/ns/m.01zwpm" />
    <owl:sameAs rdf:resource="http://zh.dbpedia.org/resource/菲茨威廉博物馆" />
    <owl:sameAs rdf:resource="http://dbpedia.org/resource/Fitzwilliam_Museum" />
    <owl:sameAs rdf:resource="http://de.dbpedia.org/resource/Fitzwilliam-Museum" />
    <owl:sameAs rdf:resource="http://uk.dbpedia.org/resource/Музей_Фіцвільяма" />
    <owl:sameAs rdf:resource="http://it.dbpedia.org/resource/Fitzwilliam_Museum" />
    <owl:sameAs rdf:resource="http://ru.dbpedia.org/resource/Музей_Фицуильяма" />
    <owl:sameAs rdf:resource="http://ja.dbpedia.org/resource/フィッツウィリアム美術館" />
    <dcterms:subject rdf:resource="http://dbpedia.org/resource/Category:Museums_in_Cambridge" />
    <dcterms:subject rdf:resource="http://dbpedia.org/resource/Category:Grade_I_listed_museum_buildings" />
    <dcterms:subject rdf:resource="http://dbpedia.org/resource/Category:Fitzwilliam_Museum" />
    <dcterms:subject rdf:resource="http://dbpedia.org/resource/Category:Museums_of_the_University_of_Cambridge" />
    <dcterms:subject rdf:resource="http://dbpedia.org/resource/Category:Numismatic_museums_in_the_United_Kingdom" />
    <dcterms:subject rdf:resource="http://dbpedia.org/resource/Category:1816_establishments_in_England" />
    <dcterms:subject rdf:resource="http://dbpedia.org/resource/Category:Grade_I_listed_buildings_in_Cambridgeshire" />
    <dcterms:subject rdf:resource="http://dbpedia.org/resource/Category:Museums_established_in_1816" />
    <dcterms:subject rdf:resource="http://dbpedia.org/resource/Category:Museums_of_Ancient_Rome_in_the_United_Kingdom" />
    <dcterms:subject rdf:resource="http://dbpedia.org/resource/Category:Art_museums_and_galleries_in_Cambridgeshire" />
    <dcterms:subject rdf:resource="http://dbpedia.org/resource/Category:Egyptological_collections_in_England" />
    <dcterms:subject rdf:resource="http://dbpedia.org/resource/Category:Decorative_arts_museums_in_England" />
    <dcterms:subject rdf:resource="http://dbpedia.org/resource/Category:Museums_of_Ancient_Greece" />
    <dbpedia-owl:abstract xml:lang="es">El Museo Fitzwilliam (en inglés, Fitzwilliam Museum) es un museo de arte ubicado en Cambridge, perteneciente a la prestigiosa Universidad de dicha localidad. Ocupa un edificio de estilo neoclásico en la calle Trumpington Street. Debe su origen y su nombre al vizconde Fitzwilliam of Merrion, quien en 1816 legó a la Universidad su colección de arte, su biblioteca así como dinero para construir la sede del museo. En 1968, la Standing Comission de Monumentos y Galerías del Reino Unido describió el Museo Fitzwilliam como «una de las grandes colecciones de arte de la nación y un monumento de primera importancia».</dbpedia-owl:abstract>
    <dbpedia-owl:abstract xml:lang="zh">菲茨威廉博物馆是 剑桥大学的艺术和考古博物馆，位于特兰平顿街，邻居剑桥大学菲茨威廉学院，位于剑桥市的中部。年参观人数30万。 菲茨威廉博物馆免费参观。</dbpedia-owl:abstract>
    <dbpedia-owl:abstract xml:lang="en">The Fitzwilliam Museum is the art and antiquities museum of the University of Cambridge, located on Trumpington Street opposite Fitzwilliam Street in central Cambridge, England. It receives around 300,000 visitors annually. Admission is free.</dbpedia-owl:abstract>
    <dbpedia-owl:abstract xml:lang="ru">Музей Фицуильяма (англ. Fitzwilliam Museum) — музей искусств и истории при Кембриджском университете в городе Кембридж.</dbpedia-owl:abstract>
    <dbpedia-owl:abstract xml:lang="ja">フィッツウィリアム美術館 (Fitzwilliam Museum) は美術品やアンティークを収めた美術館で、ケンブリッジ大学の一部である。1816年にリチャード・フィッツウィリアム子爵のコレクションを元に設立された。</dbpedia-owl:abstract>
    <dbpedia-owl:abstract xml:lang="it">Il Fitzwilliam Museum si trova in Trumpington Street a Cambridge, in Gran Bretagna. Il museo espone opere di William Blake, Alfred Sisley e Tiziano. È stato realizzato grazie al fondamentale contributo del benefattore Richard Fitzwilliam, che ha donato le opere d&#39;arte della sua collezione privata. L&#39;edificio del museo fu progettato da Charles Robert Cockerell.</dbpedia-owl:abstract>
    <dbpedia-owl:abstract xml:lang="fr">Le Fitzwilliam Museum est le musée d&#39;art de l&#39;université de Cambridge fondé en 1848. Il se trouve dans la rue Trumpington à Cambridge en Angleterre.</dbpedia-owl:abstract>
    <dbpedia-owl:abstract xml:lang="de">Das Fitzwilliam-Museum ist das Kunst- und Antiquitätenmuseum der Universität Cambridge in England, Vereinigtes Königreich Großbritannien und Nordirland. Es wurde 1816 durch das Vermächtnis von Richard Fitzwilliam gegründet, der dem Museum seine gesamte Bücher- und Kunstsammlung vermachte. Fitzwilliams Vermächtnis umfasste auch £ 100.000 zur Gründung eines „beachtlichen Museumsmagazins“. Das „Gründergebäude“ wurde von George Basevi entworfen, von Charles Cockerell fertiggestellt und 1848 eröffnet. Die Eingangshalle wurde von Edward Middleton Barry gestaltet und 1875 fertiggestellt. Das Museum zählt rund 300.000 Besucher pro Jahr . Der Eintritt ist kostenlos. Die ägyptischen Galerien im Fitzwilliam-Museum wurden 2006 nach zweijährigen Restaurierungs-, Konservierungs- und Forschungsarbeiten wiedereröffnet.</dbpedia-owl:abstract>
    <dbpedia-owl:abstract xml:lang="pt">O Museu Fitzwilliam é o museu de arte e antiguidades da Universidade de Cambridge, localizado na Trumpington Street, na área central de Cambridge, Inglaterra. Foi fundado em 1816 pela doação da coleção de Richard FitzWilliam, o 7º Visconde FitzWilliam. A coleção do museu inclui obras-primas de Simone Martini, Domenico Veneziano, Titian, Veronese, Rubens, Van Dyck, Frans Hals, Canaletto, Hogarth, Gainsborough, Constable, Monet, Degas, Renoir, Cézanne e Picasso.</dbpedia-owl:abstract>
    <dbpedia-owl:location rdf:resource="http://dbpedia.org/resource/Cambridge" />
    <dbpedia-owl:location rdf:resource="http://dbpedia.org/resource/United_Kingdom" />
    <dbpedia-owl:numberOfVisitors rdf:datatype="http://www.w3.org/2001/XMLSchema#integer">364269</dbpedia-owl:numberOfVisitors>
    <dbpedia-owl:wikiPageID rdf:datatype="http://www.w3.org/2001/XMLSchema#integer">356007</dbpedia-owl:wikiPageID>
    <dbpedia-owl:wikiPageRevisionID rdf:datatype="http://www.w3.org/2001/XMLSchema#integer">542261379</dbpedia-owl:wikiPageRevisionID>
    <rdfs:label xml:lang="pt">Museu Fitzwilliam</rdfs:label>
    <rdfs:label xml:lang="ru">Музей Фицуильяма</rdfs:label>
    <rdfs:label xml:lang="ja">フィッツウィリアム美術館</rdfs:label>
    <rdfs:label xml:lang="es">Museo Fitzwilliam</rdfs:label>
    <rdfs:label xml:lang="fr">Fitzwilliam Museum</rdfs:label>
    <rdfs:label xml:lang="de">Fitzwilliam-Museum</rdfs:label>
    <rdfs:label xml:lang="it">Fitzwilliam Museum</rdfs:label>
    <rdfs:label xml:lang="en">Fitzwilliam Museum</rdfs:label>
    <rdfs:label xml:lang="zh">菲茨威廉博物馆</rdfs:label>
    <foaf:depiction rdf:resource="http://upload.wikimedia.org/wikipedia/commons/6/68/FitzwilliamMuseum.jpg" />
    <rdfs:comment xml:lang="pt">O Museu Fitzwilliam é o museu de arte e antiguidades da Universidade de Cambridge, localizado na Trumpington Street, na área central de Cambridge, Inglaterra. Foi fundado em 1816 pela doação da coleção de Richard FitzWilliam, o 7º Visconde FitzWilliam. A coleção do museu inclui obras-primas de Simone Martini, Domenico Veneziano, Titian, Veronese, Rubens, Van Dyck, Frans Hals, Canaletto, Hogarth, Gainsborough, Constable, Monet, Degas, Renoir, Cézanne e Picasso.</rdfs:comment>
    <rdfs:comment xml:lang="de">Das Fitzwilliam-Museum ist das Kunst- und Antiquitätenmuseum der Universität Cambridge in England, Vereinigtes Königreich Großbritannien und Nordirland. Es wurde 1816 durch das Vermächtnis von Richard Fitzwilliam gegründet, der dem Museum seine gesamte Bücher- und Kunstsammlung vermachte. Fitzwilliams Vermächtnis umfasste auch £ 100.000 zur Gründung eines „beachtlichen Museumsmagazins“.</rdfs:comment>
    <rdfs:comment xml:lang="en">The Fitzwilliam Museum is the art and antiquities museum of the University of Cambridge, located on Trumpington Street opposite Fitzwilliam Street in central Cambridge, England. It receives around 300,000 visitors annually. Admission is free.</rdfs:comment>
    <rdfs:comment xml:lang="ru">Музей Фицуильяма (англ. Fitzwilliam Museum) — музей искусств и истории при Кембриджском университете в городе Кембридж.</rdfs:comment>
    <rdfs:comment xml:lang="zh">菲茨威廉博物馆是 剑桥大学的艺术和考古博物馆，位于特兰平顿街，邻居剑桥大学菲茨威廉学院，位于剑桥市的中部。年参观人数30万。 菲茨威廉博物馆免费参观。</rdfs:comment>
    <rdfs:comment xml:lang="fr">Le Fitzwilliam Museum est le musée d&#39;art de l&#39;université de Cambridge fondé en 1848. Il se trouve dans la rue Trumpington à Cambridge en Angleterre.</rdfs:comment>
    <rdfs:comment xml:lang="es">El Museo Fitzwilliam (en inglés, Fitzwilliam Museum) es un museo de arte ubicado en Cambridge, perteneciente a la prestigiosa Universidad de dicha localidad. Ocupa un edificio de estilo neoclásico en la calle Trumpington Street. Debe su origen y su nombre al vizconde Fitzwilliam of Merrion, quien en 1816 legó a la Universidad su colección de arte, su biblioteca así como dinero para construir la sede del museo.</rdfs:comment>
    <rdfs:comment xml:lang="it">Il Fitzwilliam Museum si trova in Trumpington Street a Cambridge, in Gran Bretagna. Il museo espone opere di William Blake, Alfred Sisley e Tiziano. È stato realizzato grazie al fondamentale contributo del benefattore Richard Fitzwilliam, che ha donato le opere d&#39;arte della sua collezione privata. L&#39;edificio del museo fu progettato da Charles Robert Cockerell.</rdfs:comment>
    <rdfs:comment xml:lang="ja">フィッツウィリアム美術館 (Fitzwilliam Museum) は美術品やアンティークを収めた美術館で、ケンブリッジ大学の一部である。1816年にリチャード・フィッツウィリアム子爵のコレクションを元に設立された。</rdfs:comment>
    <foaf:name xml:lang="en">Fitzwilliam Museum</foaf:name>
    <dbpedia-owl:thumbnail rdf:resource="http://upload.wikimedia.org/wikipedia/commons/thumb/6/68/FitzwilliamMuseum.jpg/200px-FitzwilliamMuseum.jpg" />
    <dbpedia-owl:wikiPageExternalLink rdf:resource="http://www.cam.ac.uk/cambuniv/libmuseums/fm.html" />
    <dbpedia-owl:wikiPageExternalLink rdf:resource="http://www.fitzmuseum.cam.ac.uk/" />
    <dbpedia-owl:wikiPageExternalLink rdf:resource="http://www.cambridge2000.com/cambridge2000/html/architect_builder/George_Basevi.html" />
    <dbpedia-owl:wikiPageExternalLink rdf:resource="http://www.nationalgallery.org.uk/exhibitions/past/fitzwilliam.htm" />
    <dbpedia-owl:wikiPageExternalLink rdf:resource="http://www.timesonline.co.uk/tol/news/uk/article721733.ece" />
    <dbpprop:caption xml:lang="en">The main entrance to the Fitzwilliam Museum, facing Trumpington Street.</dbpprop:caption>
    <dbpprop:established rdf:datatype="http://www.w3.org/2001/XMLSchema#integer">1816</dbpprop:established>
    <dbpprop:imagesize rdf:datatype="http://www.w3.org/2001/XMLSchema#integer">250</dbpprop:imagesize>
    <dbpprop:latitude rdf:datatype="http://www.w3.org/2001/XMLSchema#double">52.2003</dbpprop:latitude>
    <dbpprop:location rdf:resource="http://dbpedia.org/resource/United_Kingdom" />
    <dbpprop:location rdf:resource="http://dbpedia.org/resource/Cambridge" />
    <dbpprop:longitude rdf:datatype="http://www.w3.org/2001/XMLSchema#double">0.119444</dbpprop:longitude>
    <dbpprop:mapCaption xml:lang="en">Location in Cambridge</dbpprop:mapCaption>
    <dbpprop:name xml:lang="en">Fitzwilliam Museum</dbpprop:name>
    <dbpprop:pushpinMap xml:lang="en">United Kingdom Cambridge Central</dbpprop:pushpinMap>
    <dbpprop:visitors xml:lang="en">* Ranked 31st nationally</dbpprop:visitors>
    <dbpprop:visitors rdf:datatype="http://www.w3.org/2001/XMLSchema#integer">364269</dbpprop:visitors>
    <geo:geometry rdf:datatype="http://www.openlinksw.com/schemas/virtrdf#Geometry">POINT(0.119444 52.2003)</geo:geometry>
    <foaf:isPrimaryTopicOf rdf:resource="http://en.wikipedia.org/wiki/Fitzwilliam_Museum" />
    <geo:long rdf:datatype="http://www.w3.org/2001/XMLSchema#float">0.119444</geo:long>
    <geo:lat rdf:datatype="http://www.w3.org/2001/XMLSchema#float">52.2003</geo:lat>
    <ns8:wasDerivedFrom rdf:resource="http://en.wikipedia.org/wiki/Fitzwilliam_Museum?oldid=542261379" />
    <grs:point xml:lang="en">52.200278 0.119444</grs:point>
    <dbpprop:hasPhotoCollection rdf:resource="http://wifo5-03.informatik.uni-mannheim.de/flickrwrappr/photos/Fitzwilliam_Museum" />
  </rdf:Description>
  <rdf:Description rdf:about="http://dbpedia.org/resource/Fitzwilliam">
    <dbpedia-owl:wikiPageDisambiguates rdf:resource="http://dbpedia.org/resource/Fitzwilliam_Museum" />
  </rdf:Description>
  <rdf:Description rdf:about="http://dbpedia.org/resource/Fitzwilliam_College,_Cambridge">
    <dbpprop:namedFor rdf:resource="http://dbpedia.org/resource/Fitzwilliam_Museum" />
  </rdf:Description>
  <rdf:Description rdf:about="http://dbpedia.org/resource/Tarquin_and_Lucretia_(1571_painting)">
    <dbpedia-owl:museum rdf:resource="http://dbpedia.org/resource/Fitzwilliam_Museum" />
    <dbpprop:museum rdf:resource="http://dbpedia.org/resource/Fitzwilliam_Museum" />
  </rdf:Description>
  <rdf:Description rdf:about="http://dbpedia.org/resource/The_Bench_(Hogarth)">
    <dbpedia-owl:museum rdf:resource="http://dbpedia.org/resource/Fitzwilliam_Museum" />
    <dbpprop:museum rdf:resource="http://dbpedia.org/resource/Fitzwilliam_Museum" />
  </rdf:Description>
  <rdf:Description rdf:about="http://dbpedia.org/resource/Fitzwilliam_Museum,_Cambridge">
    <dbpedia-owl:wikiPageRedirects rdf:resource="http://dbpedia.org/resource/Fitzwilliam_Museum" />
  </rdf:Description>
  <rdf:Description rdf:about="http://dbpedia.org/resource/Fitzwilliam_Museum_Cambridge">
    <dbpedia-owl:wikiPageRedirects rdf:resource="http://dbpedia.org/resource/Fitzwilliam_Museum" />
  </rdf:Description>
  <rdf:Description rdf:about="http://dbpedia.org/resource/The_Fitzwilliam_Museum">
    <dbpedia-owl:wikiPageRedirects rdf:resource="http://dbpedia.org/resource/Fitzwilliam_Museum" />
  </rdf:Description>
  <rdf:Description rdf:about="http://dbpedia.org/resource/Fitzwilliam_Street,_Cambridge">
    <dbpedia-owl:wikiPageRedirects rdf:resource="http://dbpedia.org/resource/Fitzwilliam_Museum" />
  </rdf:Description>
  <rdf:Description rdf:about="http://wikidata.dbpedia.org/resource/Q1421440">
    <owl:sameAs rdf:resource="http://dbpedia.org/resource/Fitzwilliam_Museum" />
  </rdf:Description>
  <rdf:Description rdf:about="http://zh.dbpedia.org/resource/菲茨威廉博物馆">
    <owl:sameAs rdf:resource="http://dbpedia.org/resource/Fitzwilliam_Museum" />
  </rdf:Description>
  <rdf:Description rdf:about="http://tr.dbpedia.org/resource/Fitzwilliam_Müzesi">
    <owl:sameAs rdf:resource="http://dbpedia.org/resource/Fitzwilliam_Museum" />
  </rdf:Description>
  <rdf:Description rdf:about="http://uk.dbpedia.org/resource/Музей_Фіцвільяма">
    <owl:sameAs rdf:resource="http://dbpedia.org/resource/Fitzwilliam_Museum" />
  </rdf:Description>
</rdf:RDF>
