<?xml version="1.0" encoding="utf-8" ?>
<rdf:RDF
	xmlns:rdf="http://www.w3.org/1999/02/22-rdf-syntax-ns#"
	xmlns:rdfs="http://www.w3.org/2000/01/rdf-schema#"
	xmlns:owl="http://www.w3.org/2002/07/owl#"
	xmlns:dcterms="http://purl.org/dc/terms/"
	xmlns:dbpedia-owl="http://dbpedia.org/ontology/"
	xmlns:foaf="http://xmlns.com/foaf/0.1/"
	xmlns:dbpprop="http://dbpedia.org/property/"
	xmlns:geo="http://www.w3.org/2003/01/geo/wgs84_pos#"
	xmlns:ns8="http://www.w3.org/ns/prov#"
	xmlns:grs="http://www.georss.org/georss/" >
  <rdf:Description rdf:about="http://dbpedia.org/resource/Frick_Collection">
    <rdf:type rdf:resource="http://dbpedia.org/class/yago/Room104105893" />
    <rdf:type rdf:resource="http://dbpedia.org/class/yago/ArtMuseumsEstablishedIn1935" />
    <rdf:type rdf:resource="http://dbpedia.org/class/yago/Museum103800563" />
    <rdf:type rdf:resource="http://www.w3.org/2002/07/owl#Thing" />
    <rdf:type rdf:resource="http://dbpedia.org/class/yago/Depository103177349" />
    <rdf:type rdf:resource="http://dbpedia.org/class/yago/Object100002684" />
    <rdf:type rdf:resource="http://dbpedia.org/ontology/Museum" />
    <rdf:type rdf:resource="http://dbpedia.org/class/yago/PhysicalEntity100001930" />
    <rdf:type rdf:resource="http://dbpedia.org/ontology/ArchitecturalStructure" />
    <rdf:type rdf:resource="http://dbpedia.org/ontology/Place" />
    <rdf:type rdf:resource="http://dbpedia.org/class/yago/YagoGeoEntity" />
    <rdf:type rdf:resource="http://dbpedia.org/class/yago/Facility103315023" />
    <rdf:type rdf:resource="http://schema.org/Place" />
    <rdf:type rdf:resource="http://dbpedia.org/class/yago/MuseumsInManhattan" />
    <rdf:type rdf:resource="http://dbpedia.org/class/yago/HistoricHouseMuseumsInNewYork" />
    <rdf:type rdf:resource="http://dbpedia.org/ontology/Building" />
    <rdf:type rdf:resource="http://dbpedia.org/class/yago/YagoPermanentlyLocatedEntity" />
    <rdf:type rdf:resource="http://schema.org/Museum" />
    <rdf:type rdf:resource="http://dbpedia.org/class/yago/Structure104341686" />
    <rdf:type rdf:resource="http://dbpedia.org/class/yago/Area102735688" />
    <rdf:type rdf:resource="http://dbpedia.org/class/yago/ArtMuseumsInNewYork" />
    <rdf:type rdf:resource="http://dbpedia.org/class/yago/Whole100003553" />
    <rdf:type rdf:resource="http://dbpedia.org/class/yago/Library103660909" />
    <rdf:type rdf:resource="http://dbpedia.org/class/yago/LibrariesInManhattan" />
    <rdf:type rdf:resource="http://dbpedia.org/class/yago/Artifact100021939" />
    <rdf:type rdf:resource="http://www.opengis.net/gml/_Feature" />
    <owl:sameAs rdf:resource="http://no.dbpedia.org/resource/Frick_Collection" />
    <owl:sameAs rdf:resource="http://ka.dbpedia.org/resource/ფრიკის_კოლექცია" />
    <owl:sameAs rdf:resource="http://ru.dbpedia.org/resource/Коллекция_Фрика" />
    <owl:sameAs rdf:resource="http://sws.geonames.org/5118021/" />
    <owl:sameAs rdf:resource="http://rdf.freebase.com/ns/m.021848" />
    <owl:sameAs rdf:resource="http://ca.dbpedia.org/resource/Frick_Collection" />
    <owl:sameAs rdf:resource="http://fi.dbpedia.org/resource/The_Frick_Collection" />
    <owl:sameAs rdf:resource="http://hu.dbpedia.org/resource/Frick-gyűjtemény" />
    <owl:sameAs rdf:resource="http://de.dbpedia.org/resource/Frick_Collection" />
    <owl:sameAs rdf:resource="http://zh.dbpedia.org/resource/弗里克收藏" />
    <owl:sameAs rdf:resource="http://pt.dbpedia.org/resource/Coleção_Frick" />
    <owl:sameAs rdf:resource="http://it.dbpedia.org/resource/Frick_Collection" />
    <owl:sameAs rdf:resource="http://www.wikidata.org/entity/Q682827" />
    <owl:sameAs rdf:resource="http://pnb.dbpedia.org/resource/فرک_کلیکشن" />
    <owl:sameAs rdf:resource="http://he.dbpedia.org/resource/אוסף_פריק" />
    <owl:sameAs rdf:resource="http://yago-knowledge.org/resource/Frick_Collection" />
    <owl:sameAs rdf:resource="http://eo.dbpedia.org/resource/Kolekto_Frick" />
    <owl:sameAs rdf:resource="http://es.dbpedia.org/resource/Colección_Frick" />
    <owl:sameAs rdf:resource="http://fr.dbpedia.org/resource/The_Frick_Collection" />
    <owl:sameAs rdf:resource="http://sv.dbpedia.org/resource/Frick_Collection" />
    <owl:sameAs rdf:resource="http://ko.dbpedia.org/resource/프릭_컬렉션" />
    <owl:sameAs rdf:resource="http://ja.dbpedia.org/resource/フリック・コレクション" />
    <owl:sameAs rdf:resource="http://pl.dbpedia.org/resource/Frick_Collection" />
    <owl:sameAs rdf:resource="http://dbpedia.org/resource/Frick_Collection" />
    <owl:sameAs rdf:resource="http://nl.dbpedia.org/resource/Frick_Collection" />
    <owl:sameAs rdf:resource="http://da.dbpedia.org/resource/Frick_Collection" />
    <dcterms:subject rdf:resource="http://dbpedia.org/resource/Category:Upper_East_Side" />
    <dcterms:subject rdf:resource="http://dbpedia.org/resource/Category:1935_establishments_in_the_United_States" />
    <dcterms:subject rdf:resource="http://dbpedia.org/resource/Category:Historic_house_museums_in_New_York" />
    <dcterms:subject rdf:resource="http://dbpedia.org/resource/Category:Frick_Collection" />
    <dcterms:subject rdf:resource="http://dbpedia.org/resource/Category:Former_private_collections" />
    <dcterms:subject rdf:resource="http://dbpedia.org/resource/Category:Art_museums_established_in_1935" />
    <dcterms:subject rdf:resource="http://dbpedia.org/resource/Category:Libraries_in_Manhattan" />
    <dcterms:subject rdf:resource="http://dbpedia.org/resource/Category:Houses_completed_in_1914" />
    <dcterms:subject rdf:resource="http://dbpedia.org/resource/Category:Museums_in_Manhattan" />
    <dcterms:subject rdf:resource="http://dbpedia.org/resource/Category:Art_museums_in_New_York_City" />
    <dbpedia-owl:abstract xml:lang="sv">Frick Collection är ett konstmuseum beläget på Manhattan i New York, grundat år 1913. Samlingen hyser verk av bland andra Fragonard, Vermeer, El Greco, Rembrandt, Tizian och Ingres.</dbpedia-owl:abstract>
    <dbpedia-owl:abstract xml:lang="de">Die Frick Collection ist ein Kunstmuseum in New York City in den USA.</dbpedia-owl:abstract>
    <dbpedia-owl:abstract xml:lang="fr">The Frick Collection est un musée d&#39;art new-yorkais situé sur la cinquième avenue entre la soixante-dixième et la soixante-et-onzième rue, face à Central Park, à Manhattan. Le musée occupe l&#39;ancienne résidence de l&#39;industriel de l&#39;acier, Henry Clay Frick (1849-1919). Le bâtiment fut dessiné par Thomas Hastings et construit dans les années 1913-1914. The Frick Collection est l&#39;un des plus importants musées d&#39;art issus d&#39;une collection privée des États-Unis. Elle abrite une collection de peintures de très haute qualité organisée en seize galeries. Elle comporte quelques-uns des tableaux les plus connus des meilleurs artistes européens, ainsi que des sculptures, des meubles, des pièces de porcelaine, des émaux et des tapis. Frick aimait rassembler des tableaux allant par paire, ou dont les protagonistes eurent des histoires communes ou conflictuelles (Thomas Cromwell et Thomas More, par exemple). Malgré une évidente prédilection pour de magnifiques portraits de femmes au caractère ayant marqué leur époque (La Vicomtesse d&#39;Haussonville, Lady Innes), les nus y sont très peu fréquents. La fantastique salle des "progrès de l&#39;amour" par Fragonard, a été acquise au moment de la vente de la collection de J.P. Morgan. La directrice du musée est Anne L. Poulet depuis le 1 octobre 2003.</dbpedia-owl:abstract>
    <dbpedia-owl:abstract xml:lang="it">La Frick Collection è un museo sito a Manhattan nei pressi del Central Park a New York. Esso è ubicato nella Henry Clay Frick House, ex residenza del magnate dell&#39;acciaio Henry Clay Frick, progettata dall&#39;architetto Thomas Hastings e costruita fra il 1913 ed 1914.</dbpedia-owl:abstract>
    <dbpedia-owl:abstract xml:lang="pt">A Coleção Frick é um museu de arte localizado em Manhattan, New York City, Estados Unidos. Fica na antiga casa do magnata do aço Henry Clay Frick, que foi projetada por Thomas Hastings e construída em 1913 e 1914. A Frick é um dos mais importantes museus de arte dos Estados Unidos. Tem 16 galerias, organizadas ainda de acordo com a idéia de Frick. Entre as obras mais importantes estão O Progresso do Amor, de Jean-Honoré Fragonard; três pinturas de Johannes Vermeer e São João, o Evangelista, de Piero della Francesca. Outros artistas são: Giovanni Bellini François Boucher John Constable Jean-Baptiste Camille Corot Aelbert Cuyp Thomas Gainsborough El Greco Francisco Goya Frans Hals Malvina Hoffman Hans Holbein the Younger Rembrandt Jacob van Ruisdael Ticiano J. M. W. Turner Anthony van Dyck Diego Velázquez James McNeill Whistler Jan Van Eyck</dbpedia-owl:abstract>
    <dbpedia-owl:abstract xml:lang="ja">フリック・コレクション(Frick Collection)はニューヨークにある美術館である。実業家のヘンリー・フリックの個人的なコレクションを、彼の邸宅だった館で展示している。小規模だがヨハネス・フェルメールの作品を3つ所蔵するなど非常に充実した美術館で、絵画だけでなく彫刻・家具・陶磁器なども所蔵している。</dbpedia-owl:abstract>
    <dbpedia-owl:abstract xml:lang="zh">坐标：40°46′16″N 73°58′03″W﻿ / ﻿40.77111°N 73.9675°W﻿ / 40.77111; -73.9675{{#coordinates:40|46|16|N|73|58|03|W|region:US-NY_type:landmark |primary |name= }} Frick Collection弗里克收藏 250pxpx成立 1913年地址 1 East 70th Street New York, NY 10021 (United States)类型 艺术现任主管 Anne L. Poulet官方网站 The Frick Collection 弗里克收藏（英语：Frick Collection）是美国纽约曼哈顿的一座艺术博物馆，位于原亨利·克莱·弗里克住宅（ Henry Clay Frick House）内。该馆于1935年12月16日对外开放。</dbpedia-owl:abstract>
    <dbpedia-owl:abstract xml:lang="es">La Colección Frick es un museo de arte de Manhattan, Nueva York, Estados Unidos. Se encuentra ubicado en la que fuera residencia del magnate del acero Henry Clay Frick, que fue diseñada por Thomas Hastings y construida en 1913-1914. La Colección Frick es uno de los museos "pequeños" más destacados de los Estados Unidos, con una colección de cuadros de antiguos maestros de gran calidad, albergada en 16 galerías dentro de la antigua mansión. Las pinturas de muchas galerías están aún colocadas según el diseño de Frick, aunque ha habido otras compras posteriores a lo largo de los años, buscando correspondencia con la estética de la colección. Se conservan algunas de las obras más conocidas de varios maestros de la pintura europea, así como numerosas obras de escultura y porcelana. También tiene muebles, esmaltes y alfombras. En la colección se encuentran la obra maestra de Jean-Honoré Fragonard El progreso del amor, tres pinturas de Johannes Vermeer (incluyendo Señora y doncella) y San Juan Evangelista de Piero della Francesca. Desde la muerte de Frick, la colección se ha expandido ligeramente, con un tercio de sus obras de arte adquiridas desde 1919. La Colección Frick supervisa también la biblioteca Frick Art Reference Library.</dbpedia-owl:abstract>
    <dbpedia-owl:abstract xml:lang="ru">Коллекция Фрика (Frick Collection) — одна из лучших частных коллекций старой западноевропейской живописи в мире. Собрана американским промышленником Генри Клэем Фриком (1849—1919) при консультационном содействии ведущих искусствоведов и выставлена на всеобщее обозрение в его особняке на 5-й авеню в Манхэттене В ней представлены почти все «старые мастера» — от Чимабуэ и Пьеро делла Франчески до Шардена и Давида.</dbpedia-owl:abstract>
    <dbpedia-owl:abstract xml:lang="nl">De Frick Collection is de kunstverzameling van de Amerikaanse staalmagnaat en mecenas Henry Clay Frick (1849-1919). Zij is ondergebracht in een museum gelegen aan het Central Park in New York</dbpedia-owl:abstract>
    <dbpedia-owl:abstract xml:lang="en">{{#invoke:Coordinates|coord}}{{#coordinates:40|46|16|N|73|58|03|W|region:US-NY_type:landmark |primary |name= }} Frick Collection {{#invoke:InfoboxImage|InfoboxImage|image=Henry C Frick House 009. JPG|size=250px|sizedefault=250px|alt=}}Established 1913Location 1 East 70th Street New York, NY 10021 (United States)Type ArtDirector Ian WardropperWebsite The Frick Collection The Frick Collection is an art museum located in New York, in the United States.</dbpedia-owl:abstract>
    <dbpedia-owl:abstract xml:lang="pl">Frick Collection – muzeum sztuki mieszczące się na Manhattanie w Nowym Jorku. Nazwa muzeum pochodzi od nazwiska założyciela: Henry&#39;ego Claya Fricka (1849–1919). Muzeum mieści się w dawnej rezydencji Fricka, budynku wybudowanym w latach 1913–1914, a zaprojektowanym przez Thomasa Hastinga. Muzeum należy do najbardziej znanych w Stanach Zjednoczonych i posiada kolekcję obrazów najwybitniejszych mistrzów pędzla, stylowych mebli, rzeźb, porcelany, oraz innej sztuki użytkowej. Kolekcja Frick mieści się w szesnastu galeriach ulokowanych na terenie rezydencji mieszkalnej.</dbpedia-owl:abstract>
    <dbpedia-owl:wikiPageID rdf:datatype="http://www.w3.org/2001/XMLSchema#integer">378243</dbpedia-owl:wikiPageID>
    <dbpedia-owl:wikiPageRevisionID rdf:datatype="http://www.w3.org/2001/XMLSchema#integer">546871826</dbpedia-owl:wikiPageRevisionID>
    <rdfs:label xml:lang="es">Colección Frick</rdfs:label>
    <rdfs:label xml:lang="en">Frick Collection</rdfs:label>
    <rdfs:label xml:lang="fr">The Frick Collection</rdfs:label>
    <rdfs:label xml:lang="sv">Frick Collection</rdfs:label>
    <rdfs:label xml:lang="de">Frick Collection</rdfs:label>
    <rdfs:label xml:lang="ru">Коллекция Фрика</rdfs:label>
    <rdfs:label xml:lang="ja">フリック・コレクション</rdfs:label>
    <rdfs:label xml:lang="pl">Frick Collection</rdfs:label>
    <rdfs:label xml:lang="it">Frick Collection</rdfs:label>
    <rdfs:label xml:lang="nl">Frick Collection</rdfs:label>
    <rdfs:label xml:lang="zh">弗里克收藏</rdfs:label>
    <rdfs:label xml:lang="pt">Coleção Frick</rdfs:label>
    <foaf:depiction rdf:resource="http://upload.wikimedia.org/wikipedia/commons/e/e1/Henry_C_Frick_House_009.JPG" />
    <rdfs:comment xml:lang="fr">The Frick Collection est un musée d&#39;art new-yorkais situé sur la cinquième avenue entre la soixante-dixième et la soixante-et-onzième rue, face à Central Park, à Manhattan. Le musée occupe l&#39;ancienne résidence de l&#39;industriel de l&#39;acier, Henry Clay Frick (1849-1919). Le bâtiment fut dessiné par Thomas Hastings et construit dans les années 1913-1914. The Frick Collection est l&#39;un des plus importants musées d&#39;art issus d&#39;une collection privée des États-Unis.</rdfs:comment>
    <rdfs:comment xml:lang="ru">Коллекция Фрика (Frick Collection) — одна из лучших частных коллекций старой западноевропейской живописи в мире. Собрана американским промышленником Генри Клэем Фриком (1849—1919) при консультационном содействии ведущих искусствоведов и выставлена на всеобщее обозрение в его особняке на 5-й авеню в Манхэттене В ней представлены почти все «старые мастера» — от Чимабуэ и Пьеро делла Франчески до Шардена и Давида.</rdfs:comment>
    <rdfs:comment xml:lang="it">La Frick Collection è un museo sito a Manhattan nei pressi del Central Park a New York. Esso è ubicato nella Henry Clay Frick House, ex residenza del magnate dell&#39;acciaio Henry Clay Frick, progettata dall&#39;architetto Thomas Hastings e costruita fra il 1913 ed 1914.</rdfs:comment>
    <rdfs:comment xml:lang="pt">A Coleção Frick é um museu de arte localizado em Manhattan, New York City, Estados Unidos. Fica na antiga casa do magnata do aço Henry Clay Frick, que foi projetada por Thomas Hastings e construída em 1913 e 1914. A Frick é um dos mais importantes museus de arte dos Estados Unidos. Tem 16 galerias, organizadas ainda de acordo com a idéia de Frick.</rdfs:comment>
    <rdfs:comment xml:lang="nl">De Frick Collection is de kunstverzameling van de Amerikaanse staalmagnaat en mecenas Henry Clay Frick (1849-1919). Zij is ondergebracht in een museum gelegen aan het Central Park in New York</rdfs:comment>
    <rdfs:comment xml:lang="ja">フリック・コレクション(Frick Collection)はニューヨークにある美術館である。実業家のヘンリー・フリックの個人的なコレクションを、彼の邸宅だった館で展示している。小規模だがヨハネス・フェルメールの作品を3つ所蔵するなど非常に充実した美術館で、絵画だけでなく彫刻・家具・陶磁器なども所蔵している。</rdfs:comment>
    <rdfs:comment xml:lang="zh">坐标：40°46′16″N 73°58′03″W﻿ / ﻿40.77111°N 73.9675°W﻿ / 40.77111; -73.9675{{#coordinates:40|46|16|N|73|58|03|W|region:US-NY_type:landmark |primary |name= }} Frick Collection弗里克收藏 250pxpx成立 1913年地址 1 East 70th Street New York, NY 10021 (United States)类型 艺术现任主管 Anne L. Poulet官方网站 The Frick Collection 弗里克收藏（英语：Frick Collection）是美国纽约曼哈顿的一座艺术博物馆，位于原亨利·克莱·弗里克住宅（ Henry Clay Frick House）内。该馆于1935年12月16日对外开放。</rdfs:comment>
    <rdfs:comment xml:lang="sv">Frick Collection är ett konstmuseum beläget på Manhattan i New York, grundat år 1913. Samlingen hyser verk av bland andra Fragonard, Vermeer, El Greco, Rembrandt, Tizian och Ingres.</rdfs:comment>
    <rdfs:comment xml:lang="en">{{#invoke:Coordinates|coord}}{{#coordinates:40|46|16|N|73|58|03|W|region:US-NY_type:landmark |primary |name= }} Frick Collection {{#invoke:InfoboxImage|InfoboxImage|image=Henry C Frick House 009. JPG|size=250px|sizedefault=250px|alt=}}Established 1913Location 1 East 70th Street New York, NY 10021 (United States)Type ArtDirector Ian WardropperWebsite The Frick Collection The Frick Collection is an art museum located in New York, in the United States.</rdfs:comment>
    <rdfs:comment xml:lang="pl">Frick Collection – muzeum sztuki mieszczące się na Manhattanie w Nowym Jorku. Nazwa muzeum pochodzi od nazwiska założyciela: Henry&#39;ego Claya Fricka (1849–1919). Muzeum mieści się w dawnej rezydencji Fricka, budynku wybudowanym w latach 1913–1914, a zaprojektowanym przez Thomasa Hastinga. Muzeum należy do najbardziej znanych w Stanach Zjednoczonych i posiada kolekcję obrazów najwybitniejszych mistrzów pędzla, stylowych mebli, rzeźb, porcelany, oraz innej sztuki użytkowej.</rdfs:comment>
    <rdfs:comment xml:lang="es">La Colección Frick es un museo de arte de Manhattan, Nueva York, Estados Unidos. Se encuentra ubicado en la que fuera residencia del magnate del acero Henry Clay Frick, que fue diseñada por Thomas Hastings y construida en 1913-1914. La Colección Frick es uno de los museos "pequeños" más destacados de los Estados Unidos, con una colección de cuadros de antiguos maestros de gran calidad, albergada en 16 galerías dentro de la antigua mansión.</rdfs:comment>
    <rdfs:comment xml:lang="de">Die Frick Collection ist ein Kunstmuseum in New York City in den USA.</rdfs:comment>
    <foaf:name xml:lang="en">Frick Collection</foaf:name>
    <dbpedia-owl:thumbnail rdf:resource="http://upload.wikimedia.org/wikipedia/commons/thumb/e/e1/Henry_C_Frick_House_009.JPG/200px-Henry_C_Frick_House_009.JPG" />
    <dbpedia-owl:type rdf:resource="http://dbpedia.org/resource/Art" />
    <dbpedia-owl:wikiPageExternalLink rdf:resource="http://research.frick.org/directoryweb/recordlista.php" />
    <dbpedia-owl:wikiPageExternalLink rdf:resource="http://www.frick.org/" />
    <dbpprop:director xml:lang="en">Ian Wardropper</dbpprop:director>
    <dbpprop:established rdf:datatype="http://www.w3.org/2001/XMLSchema#integer">1913</dbpprop:established>
    <dbpprop:imagesize rdf:datatype="http://www.w3.org/2001/XMLSchema#integer">250</dbpprop:imagesize>
    <dbpprop:location xml:lang="en">New York, NY 10021</dbpprop:location>
    <dbpprop:location rdf:datatype="http://www.w3.org/2001/XMLSchema#integer">1</dbpprop:location>
    <dbpprop:name xml:lang="en">Frick Collection</dbpprop:name>
    <dbpprop:type rdf:resource="http://dbpedia.org/resource/Art" />
    <dbpprop:website rdf:resource="http://www.frick.org/" />
    <foaf:homepage rdf:resource="http://www.frick.org/" />
    <geo:geometry rdf:datatype="http://www.openlinksw.com/schemas/virtrdf#Geometry">POINT(-73.9675 40.7711)</geo:geometry>
    <foaf:isPrimaryTopicOf rdf:resource="http://en.wikipedia.org/wiki/Frick_Collection" />
    <geo:long rdf:datatype="http://www.w3.org/2001/XMLSchema#float">-73.9675</geo:long>
    <geo:lat rdf:datatype="http://www.w3.org/2001/XMLSchema#float">40.7711</geo:lat>
    <ns8:wasDerivedFrom rdf:resource="http://en.wikipedia.org/wiki/Frick_Collection?oldid=546871826" />
    <grs:point xml:lang="en">40.77111111111111 -73.9675</grs:point>
    <dbpprop:hasPhotoCollection rdf:resource="http://wifo5-03.informatik.uni-mannheim.de/flickrwrappr/photos/Frick_Collection" />
  </rdf:Description>
  <rdf:Description rdf:about="http://de.dbpedia.org/resource/Frick_Collection">
    <owl:sameAs rdf:resource="http://dbpedia.org/resource/Frick_Collection" />
  </rdf:Description>
  <rdf:Description rdf:about="http://fr.dbpedia.org/resource/The_Frick_Collection">
    <owl:sameAs rdf:resource="http://dbpedia.org/resource/Frick_Collection" />
  </rdf:Description>
  <rdf:Description rdf:about="http://ja.dbpedia.org/resource/フリック・コレクション">
    <owl:sameAs rdf:resource="http://dbpedia.org/resource/Frick_Collection" />
  </rdf:Description>
  <rdf:Description rdf:about="http://pl.dbpedia.org/resource/Frick_Collection">
    <owl:sameAs rdf:resource="http://dbpedia.org/resource/Frick_Collection" />
  </rdf:Description>
  <rdf:Description rdf:about="http://pt.dbpedia.org/resource/Coleção_Frick">
    <owl:sameAs rdf:resource="http://dbpedia.org/resource/Frick_Collection" />
  </rdf:Description>
  <rdf:Description rdf:about="http://ru.dbpedia.org/resource/Коллекция_Фрика">
    <owl:sameAs rdf:resource="http://dbpedia.org/resource/Frick_Collection" />
  </rdf:Description>
  <rdf:Description rdf:about="http://dbpedia.org/resource/Allegory_of_Virtue_and_Vice_(Veronese)">
    <dbpedia-owl:museum rdf:resource="http://dbpedia.org/resource/Frick_Collection" />
    <dbpprop:museum rdf:resource="http://dbpedia.org/resource/Frick_Collection" />
  </rdf:Description>
  <rdf:Description rdf:about="http://data.nytimes.com/N14359779574346702112">
    <owl:sameAs rdf:resource="http://dbpedia.org/resource/Frick_Collection" />
  </rdf:Description>
  <rdf:Description rdf:about="http://dbpedia.org/resource/Girl_Interrupted_at_her_Music">
    <dbpedia-owl:museum rdf:resource="http://dbpedia.org/resource/Frick_Collection" />
    <dbpprop:museum rdf:resource="http://dbpedia.org/resource/Frick_Collection" />
  </rdf:Description>
  <rdf:Description rdf:about="http://dbpedia.org/resource/Officer_and_Laughing_Girl">
    <dbpedia-owl:museum rdf:resource="http://dbpedia.org/resource/Frick_Collection" />
    <dbpprop:museum rdf:resource="http://dbpedia.org/resource/Frick_Collection" />
  </rdf:Description>
  <rdf:Description rdf:about="http://en.wikipedia.org/wiki/Frick_Collection">
    <foaf:primaryTopic rdf:resource="http://dbpedia.org/resource/Frick_Collection" />
  </rdf:Description>
  <rdf:Description rdf:about="http://dbpedia.org/resource/The_Polish_Rider">
    <dbpedia-owl:museum rdf:resource="http://dbpedia.org/resource/Frick_Collection" />
    <dbpprop:museum rdf:resource="http://dbpedia.org/resource/Frick_Collection" />
  </rdf:Description>
  <rdf:Description rdf:about="http://dbpedia.org/resource/The_Forge_(Goya)">
    <dbpedia-owl:museum rdf:resource="http://dbpedia.org/resource/Frick_Collection" />
    <dbpprop:museum rdf:resource="http://dbpedia.org/resource/Frick_Collection" />
  </rdf:Description>
  <rdf:Description rdf:about="http://dbpedia.org/resource/Frick">
    <dbpedia-owl:wikiPageDisambiguates rdf:resource="http://dbpedia.org/resource/Frick_Collection" />
  </rdf:Description>
  <rdf:Description rdf:about="http://dbpedia.org/resource/Frick_Museum">
    <dbpedia-owl:wikiPageRedirects rdf:resource="http://dbpedia.org/resource/Frick_Collection" />
  </rdf:Description>
  <rdf:Description rdf:about="http://dbpedia.org/resource/Frick_Collection_New_York">
    <dbpedia-owl:wikiPageRedirects rdf:resource="http://dbpedia.org/resource/Frick_Collection" />
  </rdf:Description>
  <rdf:Description rdf:about="http://dbpedia.org/resource/Portrait_of_Sir_Thomas_More_(Holbein)">
    <dbpedia-owl:museum rdf:resource="http://dbpedia.org/resource/Frick_Collection" />
    <dbpprop:museum rdf:resource="http://dbpedia.org/resource/Frick_Collection" />
  </rdf:Description>
  <rdf:Description rdf:about="http://dbpedia.org/resource/St._Francis_in_Ecstasy">
    <dbpedia-owl:museum rdf:resource="http://dbpedia.org/resource/Frick_Collection" />
    <dbpprop:museum rdf:resource="http://dbpedia.org/resource/Frick_Collection" />
  </rdf:Description>
  <rdf:Description rdf:about="http://es.dbpedia.org/resource/Colección_Frick">
    <owl:sameAs rdf:resource="http://dbpedia.org/resource/Frick_Collection" />
  </rdf:Description>
  <rdf:Description rdf:about="http://it.dbpedia.org/resource/Frick_Collection">
    <owl:sameAs rdf:resource="http://dbpedia.org/resource/Frick_Collection" />
  </rdf:Description>
  <rdf:Description rdf:about="http://dbpedia.org/resource/The_Frick_Collection">
    <dbpedia-owl:wikiPageRedirects rdf:resource="http://dbpedia.org/resource/Frick_Collection" />
  </rdf:Description>
  <rdf:Description rdf:about="http://ko.dbpedia.org/resource/프릭_컬렉션">
    <owl:sameAs rdf:resource="http://dbpedia.org/resource/Frick_Collection" />
  </rdf:Description>
  <rdf:Description rdf:about="http://nl.dbpedia.org/resource/Frick_Collection">
    <owl:sameAs rdf:resource="http://dbpedia.org/resource/Frick_Collection" />
  </rdf:Description>
  <rdf:Description rdf:about="http://dbpedia.org/resource/The_Frick">
    <dbpedia-owl:wikiPageRedirects rdf:resource="http://dbpedia.org/resource/Frick_Collection" />
  </rdf:Description>
  <rdf:Description rdf:about="http://zh.dbpedia.org/resource/弗里克收藏">
    <owl:sameAs rdf:resource="http://dbpedia.org/resource/Frick_Collection" />
  </rdf:Description>
  <rdf:Description rdf:about="http://ca.dbpedia.org/resource/Frick_Collection">
    <owl:sameAs rdf:resource="http://dbpedia.org/resource/Frick_Collection" />
  </rdf:Description>
  <rdf:Description rdf:about="http://da.dbpedia.org/resource/Frick_Collection">
    <owl:sameAs rdf:resource="http://dbpedia.org/resource/Frick_Collection" />
  </rdf:Description>
  <rdf:Description rdf:about="http://eo.dbpedia.org/resource/Kolekto_Frick">
    <owl:sameAs rdf:resource="http://dbpedia.org/resource/Frick_Collection" />
  </rdf:Description>
  <rdf:Description rdf:about="http://fi.dbpedia.org/resource/The_Frick_Collection">
    <owl:sameAs rdf:resource="http://dbpedia.org/resource/Frick_Collection" />
  </rdf:Description>
  <rdf:Description rdf:about="http://he.dbpedia.org/resource/אוסף_פריק">
    <owl:sameAs rdf:resource="http://dbpedia.org/resource/Frick_Collection" />
  </rdf:Description>
  <rdf:Description rdf:about="http://hu.dbpedia.org/resource/Frick-gyűjtemény">
    <owl:sameAs rdf:resource="http://dbpedia.org/resource/Frick_Collection" />
  </rdf:Description>
  <rdf:Description rdf:about="http://ka.dbpedia.org/resource/ფრიკის_კოლექცია">
    <owl:sameAs rdf:resource="http://dbpedia.org/resource/Frick_Collection" />
  </rdf:Description>
  <rdf:Description rdf:about="http://no.dbpedia.org/resource/Frick_Collection">
    <owl:sameAs rdf:resource="http://dbpedia.org/resource/Frick_Collection" />
  </rdf:Description>
  <rdf:Description rdf:about="http://pnb.dbpedia.org/resource/فرک_کلیکشن">
    <owl:sameAs rdf:resource="http://dbpedia.org/resource/Frick_Collection" />
  </rdf:Description>
  <rdf:Description rdf:about="http://sv.dbpedia.org/resource/Frick_Collection">
    <owl:sameAs rdf:resource="http://dbpedia.org/resource/Frick_Collection" />
  </rdf:Description>
  <rdf:Description rdf:about="http://wikidata.dbpedia.org/resource/Q682827">
    <owl:sameAs rdf:resource="http://dbpedia.org/resource/Frick_Collection" />
  </rdf:Description>
</rdf:RDF>
