<?xml version="1.0" encoding="utf-8" ?>
<rdf:RDF
	xmlns:rdf="http://www.w3.org/1999/02/22-rdf-syntax-ns#"
	xmlns:rdfs="http://www.w3.org/2000/01/rdf-schema#"
	xmlns:owl="http://www.w3.org/2002/07/owl#"
	xmlns:dcterms="http://purl.org/dc/terms/"
	xmlns:dbpedia-owl="http://dbpedia.org/ontology/"
	xmlns:foaf="http://xmlns.com/foaf/0.1/"
	xmlns:dbpprop="http://dbpedia.org/property/"
	xmlns:geo="http://www.w3.org/2003/01/geo/wgs84_pos#"
	xmlns:ns8="http://www.w3.org/ns/prov#"
	xmlns:grs="http://www.georss.org/georss/" >
  <rdf:Description rdf:about="http://dbpedia.org/resource/Gallery_Oldham">
    <rdf:type rdf:resource="http://dbpedia.org/ontology/Building" />
    <rdf:type rdf:resource="http://dbpedia.org/class/yago/PhysicalEntity100001930" />
    <rdf:type rdf:resource="http://www.w3.org/2002/07/owl#Thing" />
    <rdf:type rdf:resource="http://schema.org/Museum" />
    <rdf:type rdf:resource="http://dbpedia.org/ontology/Museum" />
    <rdf:type rdf:resource="http://dbpedia.org/class/yago/ArtMuseumsEstablishedIn2002" />
    <rdf:type rdf:resource="http://dbpedia.org/class/yago/Whole100003553" />
    <rdf:type rdf:resource="http://dbpedia.org/class/yago/Facility103315023" />
    <rdf:type rdf:resource="http://dbpedia.org/class/yago/ArtMuseumsAndGalleriesInGreaterManchester" />
    <rdf:type rdf:resource="http://dbpedia.org/class/yago/Artifact100021939" />
    <rdf:type rdf:resource="http://dbpedia.org/class/yago/LocalMuseumsInGreaterManchester" />
    <rdf:type rdf:resource="http://dbpedia.org/class/yago/YagoGeoEntity" />
    <rdf:type rdf:resource="http://dbpedia.org/class/yago/Museum103800563" />
    <rdf:type rdf:resource="http://www.opengis.net/gml/_Feature" />
    <rdf:type rdf:resource="http://dbpedia.org/class/yago/Object100002684" />
    <rdf:type rdf:resource="http://dbpedia.org/class/yago/NaturalHistoryMuseumsInTheUnitedKingdom" />
    <rdf:type rdf:resource="http://dbpedia.org/ontology/ArchitecturalStructure" />
    <rdf:type rdf:resource="http://dbpedia.org/ontology/Place" />
    <rdf:type rdf:resource="http://dbpedia.org/class/yago/YagoPermanentlyLocatedEntity" />
    <rdf:type rdf:resource="http://dbpedia.org/class/yago/Depository103177349" />
    <rdf:type rdf:resource="http://schema.org/Place" />
    <owl:sameAs rdf:resource="http://yago-knowledge.org/resource/Gallery_Oldham" />
    <owl:sameAs rdf:resource="http://www.wikidata.org/entity/Q5518996" />
    <owl:sameAs rdf:resource="http://rdf.freebase.com/ns/m.0ds2n5" />
    <owl:sameAs rdf:resource="http://dbpedia.org/resource/Gallery_Oldham" />
    <dcterms:subject rdf:resource="http://dbpedia.org/resource/Category:Art_museums_and_galleries_in_Greater_Manchester" />
    <dcterms:subject rdf:resource="http://dbpedia.org/resource/Category:Local_museums_in_Greater_Manchester" />
    <dcterms:subject rdf:resource="http://dbpedia.org/resource/Category:2002_establishments_in_England" />
    <dcterms:subject rdf:resource="http://dbpedia.org/resource/Category:Art_museums_established_in_2002" />
    <dcterms:subject rdf:resource="http://dbpedia.org/resource/Category:Natural_history_museums_in_England" />
    <dbpedia-owl:abstract xml:lang="en">Gallery Oldham is a free-to-view public art gallery in the Cultural Quarter of central Oldham, in Greater Manchester, England.</dbpedia-owl:abstract>
    <dbpedia-owl:location rdf:resource="http://dbpedia.org/resource/England" />
    <dbpedia-owl:location rdf:resource="http://dbpedia.org/resource/Greater_Manchester" />
    <dbpedia-owl:location rdf:resource="http://dbpedia.org/resource/Oldham" />
    <dbpedia-owl:wikiPageID rdf:datatype="http://www.w3.org/2001/XMLSchema#integer">5550029</dbpedia-owl:wikiPageID>
    <dbpedia-owl:wikiPageRevisionID rdf:datatype="http://www.w3.org/2001/XMLSchema#integer">541635910</dbpedia-owl:wikiPageRevisionID>
    <rdfs:label xml:lang="en">Gallery Oldham</rdfs:label>
    <foaf:depiction rdf:resource="http://upload.wikimedia.org/wikipedia/commons/9/9e/Geograph-3174697-by-SMJ.jpeg" />
    <rdfs:comment xml:lang="en">Gallery Oldham is a free-to-view public art gallery in the Cultural Quarter of central Oldham, in Greater Manchester, England.</rdfs:comment>
    <foaf:name xml:lang="en">Gallery Oldham</foaf:name>
    <dbpedia-owl:thumbnail rdf:resource="http://upload.wikimedia.org/wikipedia/commons/thumb/9/9e/Geograph-3174697-by-SMJ.jpeg/200px-Geograph-3174697-by-SMJ.jpeg" />
    <dbpedia-owl:type rdf:resource="http://dbpedia.org/resource/Art_museum" />
    <dbpedia-owl:wikiPageExternalLink rdf:resource="http://www.galleryoldham.org.uk/" />
    <dbpprop:caption xml:lang="en">Gallery Oldham</dbpprop:caption>
    <dbpprop:established rdf:datatype="http://www.w3.org/2001/XMLSchema#integer">2002</dbpprop:established>
    <dbpprop:latitude rdf:datatype="http://www.w3.org/2001/XMLSchema#double">53.5403</dbpprop:latitude>
    <dbpprop:location rdf:resource="http://dbpedia.org/resource/Oldham" />
    <dbpprop:location rdf:resource="http://dbpedia.org/resource/Greater_Manchester" />
    <dbpprop:location rdf:resource="http://dbpedia.org/resource/England" />
    <dbpprop:longitude rdf:datatype="http://www.w3.org/2001/XMLSchema#double">-2.10917</dbpprop:longitude>
    <dbpprop:mapType xml:lang="en">Greater Manchester</dbpprop:mapType>
    <dbpprop:name xml:lang="en">Gallery Oldham</dbpprop:name>
    <dbpprop:type rdf:resource="http://dbpedia.org/resource/Art_museum" />
    <dbpprop:website rdf:resource="http://www.galleryoldham.org.uk/" />
    <foaf:homepage rdf:resource="http://www.galleryoldham.org.uk/" />
    <geo:geometry rdf:datatype="http://www.openlinksw.com/schemas/virtrdf#Geometry">POINT(-2.10917 53.5403)</geo:geometry>
    <foaf:isPrimaryTopicOf rdf:resource="http://en.wikipedia.org/wiki/Gallery_Oldham" />
    <geo:long rdf:datatype="http://www.w3.org/2001/XMLSchema#float">-2.10917</geo:long>
    <geo:lat rdf:datatype="http://www.w3.org/2001/XMLSchema#float">53.5403</geo:lat>
    <ns8:wasDerivedFrom rdf:resource="http://en.wikipedia.org/wiki/Gallery_Oldham?oldid=541635910" />
    <grs:point xml:lang="en">53.540278 -2.109167</grs:point>
    <dbpprop:hasPhotoCollection rdf:resource="http://wifo5-03.informatik.uni-mannheim.de/flickrwrappr/photos/Gallery_Oldham" />
  </rdf:Description>
  <rdf:Description rdf:about="http://dbpedia.org/resource/Circe_Offering_the_Cup_to_Ulysses">
    <dbpedia-owl:museum rdf:resource="http://dbpedia.org/resource/Gallery_Oldham" />
    <dbpprop:museum rdf:resource="http://dbpedia.org/resource/Gallery_Oldham" />
  </rdf:Description>
  <rdf:Description rdf:about="http://en.wikipedia.org/wiki/Gallery_Oldham">
    <foaf:primaryTopic rdf:resource="http://dbpedia.org/resource/Gallery_Oldham" />
  </rdf:Description>
  <rdf:Description rdf:about="http://wikidata.dbpedia.org/resource/Q5518996">
    <owl:sameAs rdf:resource="http://dbpedia.org/resource/Gallery_Oldham" />
  </rdf:Description>
</rdf:RDF>
