<?xml version="1.0" encoding="utf-8" ?>
<rdf:RDF
	xmlns:rdf="http://www.w3.org/1999/02/22-rdf-syntax-ns#"
	xmlns:rdfs="http://www.w3.org/2000/01/rdf-schema#"
	xmlns:owl="http://www.w3.org/2002/07/owl#"
	xmlns:dcterms="http://purl.org/dc/terms/"
	xmlns:dbpedia-owl="http://dbpedia.org/ontology/"
	xmlns:foaf="http://xmlns.com/foaf/0.1/"
	xmlns:dbpprop="http://dbpedia.org/property/"
	xmlns:geo="http://www.w3.org/2003/01/geo/wgs84_pos#"
	xmlns:ns8="http://www.w3.org/ns/prov#"
	xmlns:grs="http://www.georss.org/georss/" >
  <rdf:Description rdf:about="http://dbpedia.org/resource/The_Tribute_Money_(Titian)">
    <dbpedia-owl:museum rdf:resource="http://dbpedia.org/resource/Gem%C3%A4ldegalerie_Alte_Meister" />
    <dbpprop:museum rdf:resource="http://dbpedia.org/resource/Gem%C3%A4ldegalerie_Alte_Meister" />
  </rdf:Description>
  <rdf:Description rdf:about="http://dbpedia.org/resource/Gem%C3%A4ldegalerie,_Dresden">
    <dbpedia-owl:wikiPageRedirects rdf:resource="http://dbpedia.org/resource/Gem%C3%A4ldegalerie_Alte_Meister" />
  </rdf:Description>
  <rdf:Description rdf:about="http://dbpedia.org/resource/Gemäldegalerie_Alte_Meister">
    <owl:sameAs rdf:resource="http://dbpedia.org/resource/Gem%C3%A4ldegalerie_Alte_Meister" />
  </rdf:Description>
  <rdf:Description rdf:about="http://dbpedia.org/resource/Girl_Reading_a_Letter_at_an_Open_Window">
    <dbpedia-owl:museum rdf:resource="http://dbpedia.org/resource/Gem%C3%A4ldegalerie_Alte_Meister" />
    <dbpprop:museum rdf:resource="http://dbpedia.org/resource/Gem%C3%A4ldegalerie_Alte_Meister" />
  </rdf:Description>
  <rdf:Description rdf:about="http://dbpedia.org/resource/Nativity_(Correggio)">
    <dbpedia-owl:museum rdf:resource="http://dbpedia.org/resource/Gem%C3%A4ldegalerie_Alte_Meister" />
  </rdf:Description>
  <rdf:Description rdf:about="http://dbpedia.org/resource/St._Sebastian_(Antonello_da_Messina)">
    <dbpedia-owl:museum rdf:resource="http://dbpedia.org/resource/Gem%C3%A4ldegalerie_Alte_Meister" />
  </rdf:Description>
  <rdf:Description rdf:about="http://dbpedia.org/resource/Sistine_Madonna">
    <dbpedia-owl:museum rdf:resource="http://dbpedia.org/resource/Gem%C3%A4ldegalerie_Alte_Meister" />
    <dbpprop:museum rdf:resource="http://dbpedia.org/resource/Gem%C3%A4ldegalerie_Alte_Meister" />
  </rdf:Description>
  <rdf:Description rdf:about="http://dbpedia.org/resource/The_Chocolate_Girl">
    <dbpedia-owl:museum rdf:resource="http://dbpedia.org/resource/Gem%C3%A4ldegalerie_Alte_Meister" />
    <dbpprop:museum rdf:resource="http://dbpedia.org/resource/Gem%C3%A4ldegalerie_Alte_Meister" />
  </rdf:Description>
  <rdf:Description rdf:about="http://dbpedia.org/resource/Gem%C3%A4ldegalerie_Alte_Meister,_Dresden">
    <dbpedia-owl:wikiPageRedirects rdf:resource="http://dbpedia.org/resource/Gem%C3%A4ldegalerie_Alte_Meister" />
  </rdf:Description>
  <rdf:Description rdf:about="http://en.wikipedia.org/wiki/Gemäldegalerie_Alte_Meister">
    <foaf:primaryTopic rdf:resource="http://dbpedia.org/resource/Gem%C3%A4ldegalerie_Alte_Meister" />
  </rdf:Description>
  <rdf:Description rdf:about="http://dbpedia.org/resource/Sleeping_Venus_(Giorgione)">
    <dbpedia-owl:museum rdf:resource="http://dbpedia.org/resource/Gem%C3%A4ldegalerie_Alte_Meister" />
    <dbpprop:museum rdf:resource="http://dbpedia.org/resource/Gem%C3%A4ldegalerie_Alte_Meister" />
  </rdf:Description>
  <rdf:Description rdf:about="http://dbpedia.org/resource/Gem%C3%A4ldegalerie_(Dresden)">
    <dbpedia-owl:wikiPageRedirects rdf:resource="http://dbpedia.org/resource/Gem%C3%A4ldegalerie_Alte_Meister" />
  </rdf:Description>
  <rdf:Description rdf:about="http://dbpedia.org/resource/Dresden_Gem%C3%A4ldegalerie">
    <dbpedia-owl:wikiPageRedirects rdf:resource="http://dbpedia.org/resource/Gem%C3%A4ldegalerie_Alte_Meister" />
  </rdf:Description>
  <rdf:Description rdf:about="http://dbpedia.org/resource/The_Dresden_Gallery">
    <dbpedia-owl:wikiPageRedirects rdf:resource="http://dbpedia.org/resource/Gem%C3%A4ldegalerie_Alte_Meister" />
  </rdf:Description>
  <rdf:Description rdf:about="http://dbpedia.org/resource/Seven_Sorrows_Polyptych">
    <dbpedia-owl:museum rdf:resource="http://dbpedia.org/resource/Gem%C3%A4ldegalerie_Alte_Meister" />
  </rdf:Description>
  <rdf:Description rdf:about="http://dbpedia.org/resource/The_Prodigal_Son_in_the_Tavern">
    <dbpedia-owl:museum rdf:resource="http://dbpedia.org/resource/Gem%C3%A4ldegalerie_Alte_Meister" />
    <dbpprop:museum rdf:resource="http://dbpedia.org/resource/Gem%C3%A4ldegalerie_Alte_Meister" />
  </rdf:Description>
  <rdf:Description rdf:about="http://dbpedia.org/resource/Gem%C3%A4ldegalerie_Alte_Meister,_Dresden,_Germany">
    <dbpedia-owl:wikiPageRedirects rdf:resource="http://dbpedia.org/resource/Gem%C3%A4ldegalerie_Alte_Meister" />
  </rdf:Description>
  <rdf:Description rdf:about="http://dbpedia.org/resource/Gem%C3%A4ldegalerie_Alter_Meister">
    <dbpedia-owl:wikiPageRedirects rdf:resource="http://dbpedia.org/resource/Gem%C3%A4ldegalerie_Alte_Meister" />
  </rdf:Description>
  <rdf:Description rdf:about="http://dbpedia.org/resource/Gem%C3%A4ldegalerie_Dresden">
    <dbpedia-owl:wikiPageRedirects rdf:resource="http://dbpedia.org/resource/Gem%C3%A4ldegalerie_Alte_Meister" />
  </rdf:Description>
  <rdf:Description rdf:about="http://dbpedia.org/resource/Gem%C3%A4ldegalerie_of_Dresden">
    <dbpedia-owl:wikiPageRedirects rdf:resource="http://dbpedia.org/resource/Gem%C3%A4ldegalerie_Alte_Meister" />
  </rdf:Description>
  <rdf:Description rdf:about="http://dbpedia.org/resource/Gem%C3%A4ldegalerie_Alte_Meister">
    <rdf:type rdf:resource="http://dbpedia.org/class/yago/Artifact100021939" />
    <rdf:type rdf:resource="http://www.opengis.net/gml/_Feature" />
    <rdf:type rdf:resource="http://dbpedia.org/class/yago/Museum103800563" />
    <rdf:type rdf:resource="http://dbpedia.org/ontology/Museum" />
    <rdf:type rdf:resource="http://dbpedia.org/class/yago/Object100002684" />
    <rdf:type rdf:resource="http://schema.org/Museum" />
    <rdf:type rdf:resource="http://dbpedia.org/class/yago/PhysicalEntity100001930" />
    <rdf:type rdf:resource="http://www.w3.org/2002/07/owl#Thing" />
    <rdf:type rdf:resource="http://dbpedia.org/ontology/Building" />
    <rdf:type rdf:resource="http://schema.org/Place" />
    <rdf:type rdf:resource="http://dbpedia.org/class/yago/Depository103177349" />
    <rdf:type rdf:resource="http://dbpedia.org/class/yago/Whole100003553" />
    <rdf:type rdf:resource="http://dbpedia.org/class/yago/Facility103315023" />
    <rdf:type rdf:resource="http://dbpedia.org/ontology/ArchitecturalStructure" />
    <rdf:type rdf:resource="http://dbpedia.org/ontology/Place" />
    <rdf:type rdf:resource="http://dbpedia.org/class/yago/YagoPermanentlyLocatedEntity" />
    <rdf:type rdf:resource="http://dbpedia.org/class/yago/ArtMuseumsEstablishedIn1855" />
    <rdf:type rdf:resource="http://dbpedia.org/class/yago/YagoGeoEntity" />
    <rdf:type rdf:resource="http://dbpedia.org/class/yago/ArtMuseumsAndGalleriesInDresden" />
    <owl:sameAs rdf:resource="http://pt.dbpedia.org/resource/Pinacoteca_dos_Mestres_Antigos" />
    <owl:sameAs rdf:resource="http://nl.dbpedia.org/resource/Gemäldegalerie_Alte_Meister" />
    <owl:sameAs rdf:resource="http://rdf.freebase.com/ns/m.0955w3" />
    <owl:sameAs rdf:resource="http://ru.dbpedia.org/resource/Галерея_старых_мастеров" />
    <owl:sameAs rdf:resource="http://dbpedia.org/resource/Gem%C3%A4ldegalerie_Alte_Meister" />
    <owl:sameAs rdf:resource="http://pl.dbpedia.org/resource/Galeria_Obrazów_Starych_Mistrzów_w_Dreźnie" />
    <owl:sameAs rdf:resource="http://yago-knowledge.org/resource/Gemäldegalerie_Alte_Meister" />
    <owl:sameAs rdf:resource="http://www.wikidata.org/entity/Q4890" />
    <owl:sameAs rdf:resource="http://sws.geonames.org/7627289/" />
    <owl:sameAs rdf:resource="http://fr.dbpedia.org/resource/Gemäldegalerie_Alte_Meister" />
    <owl:sameAs rdf:resource="http://de.dbpedia.org/resource/Gemäldegalerie_Alte_Meister" />
    <owl:sameAs rdf:resource="http://es.dbpedia.org/resource/Gemäldegalerie_Alte_Meister" />
    <owl:sameAs rdf:resource="http://ja.dbpedia.org/resource/アルテ・マイスター絵画館" />
    <owl:sameAs rdf:resource="http://it.dbpedia.org/resource/Gemäldegalerie_Alte_Meister" />
    <dcterms:subject rdf:resource="http://dbpedia.org/resource/Category:Art_museums_and_galleries_in_Dresden" />
    <dcterms:subject rdf:resource="http://dbpedia.org/resource/Category:Art_museums_established_in_1855" />
    <dcterms:subject rdf:resource="http://dbpedia.org/resource/Category:1855_establishments_in_Germany" />
    <dbpedia-owl:abstract xml:lang="pl">Galeria Obrazów Starych Mistrzów w Dreźnie (niem. Gemäldegalerie Alte Meister), muzeum Państwowych Zbiorów Sztuki w Dreźnie, jedna z największych kolekcji malarstwa europejskiego na świecie.</dbpedia-owl:abstract>
    <dbpedia-owl:abstract xml:lang="nl">De Gemäldegalerie Alte Meister is een museum in Dresden, Duitsland. Het museum is onderdeel van de Staatliche Kunstsammlungen Dresden, naast tien andere musea eigendom van de deelstaat Saksen. In 2008 bezochten 536.000 mensen het museum in Dresden. Het museum bezit een grote collectie van oude meesterwerken uit de Italiaanse renaissance en barok, maar ook werken van de Vlaamse Primitieven en Hollandse meesters zijn vertegenwoordigd. Er zijn werken te zien van onder andere: Rembrandt, Johannes Vermeer, Ferdinand Bol, Lucas Cranach de Oude, Rafaël, Correggio, Hans Holbein de Jonge, Jan van Eyck, Andrea del Sarto en Rogier van der Weyden.</dbpedia-owl:abstract>
    <dbpedia-owl:abstract xml:lang="de">Die Gemäldegalerie Alte Meister in Dresden zählt mit ungefähr 750 ausgestellten Meisterwerken aus dem 15. bis 18. Jahrhundert zu den renommiertesten Gemäldesammlungen der Welt. Zu den Schwerpunkten des Museums gehören italienische Werke der Renaissance sowie holländische und flämische Maler des 17. Jahrhunderts. Präsentiert werden auch herausragende Gemälde altdeutscher und altniederländischer Malerei. Die Gemäldegalerie ist Teil der Staatlichen Kunstsammlungen Dresden. Sie befindet sich in der Sempergalerie des Zwingers.</dbpedia-owl:abstract>
    <dbpedia-owl:abstract xml:lang="pt">A Pinacoteca dos Mestres Antigos (Gemäldegalerie Alte Meister) é um importante museu de arte da Alemanha, localizado em Dresden e instalado na ala Gottfried Semper do palácio Zwinger. A Pinacoteca possui um magnífico acervo de cerca de 700 obras-primas da pintura antiga, e faz parte da Coleção Estatal de Arte de Dresden (Staatliche Kunstsammlungen Dresden).</dbpedia-owl:abstract>
    <dbpedia-owl:abstract xml:lang="en">The Gemäldegalerie Alte Meister in Dresden, Germany, displays around 750 paintings from the 15th to the 18th century. It includes major Italian Renaissance works as well as Dutch and Flemish paintings. Outstanding works by German, French and Spanish painters of the period are also among the gallery&#39;s attractions. The Old Masters are part of the Dresden State Art Collections. The collection is located in the Semper Gallery, the gallery wing of the Zwinger.</dbpedia-owl:abstract>
    <dbpedia-owl:abstract xml:lang="it">La Gemäldegalerie Alte Meister (in italiano Pinacoteca dei Maestri Antichi) di Dresda è uno dei più importanti musei d&#39;Europa: ha sede nel palazzo dello Zwinger, capolavoro barocco dell&#39;architetto Matthäus Daniel Pöppelmann, e possiede una collezione di oltre 2000 dipinti e numerosissime incisioni. È parte dello Staatliche Kunstsammlungen Dresden oltre ad altri tre musei: Grünes Gewölbe, Kupferstichkabinett e Rüstkammer, di proprietà dello Stato di Sassonia. Conserva oltre 700 dipinti, sistemate all&#39;interno di cornici d&#39;oro antico. Le opere d&#39;arte italiane sono esposte in sale con muri di colore rosso intenso, a differenza dei quadri fiamminghi e olandesi, circondati da uno sfondo verde. Nel 2008 la galleria è stata visitata da circa 536.000 persone.</dbpedia-owl:abstract>
    <dbpedia-owl:abstract xml:lang="ja">アルテ・マイスター絵画館（アルテ・マイスターかいがかん、独: Gemäldegalerie Alte Meister）はドイツのドレスデンに位置する美術館。日本では「古典絵画館」、「古典美術館」といわれることもある。ドレスデン美術館を構成する12の美術館の一つで、ザクセン州が管理している。</dbpedia-owl:abstract>
    <dbpedia-owl:abstract xml:lang="es">La Galería de Pinturas de los Maestros Antiguos es una pinacoteca situada en el ala Semper del Palacio Zwinger en Dresde, Alemania. La pinacoteca tiene cerca de 700 pinturas desde el Renacimiento al Barroco que fueron coleccionadas por los Electores de Sajonia Augusto II y su hijo Augusto III en la primera mitad del siglo XVIII. En 1746 el segundo de ellos compró cien pinturas del Duque de Módena, con lo que la galería obtuvo fama en toda Europa y en 1753 sumó la Madonna Sixtina de Rafael Sanzio. La Gemäldegalerie Alte Meister es padre de las Colecciones de arte estatales de Dresde propiedad del Estado Libre de Sajonia.</dbpedia-owl:abstract>
    <dbpedia-owl:abstract xml:lang="fr">La Gemäldegalerie Alte Meister (Galerie de Peinture des Maîtres anciens) est un musée d&#39;art des Collections nationales de Dresde situé dans le Semperbau du palais Zwinger, à Dresde, en Allemagne.</dbpedia-owl:abstract>
    <dbpedia-owl:abstract xml:lang="zh">历代大师画廊（Gemäldegalerie Alte Meister）位于德国德累斯顿，是州立艺术博物馆（Staatliche Kunstsammlungen Dresden）的一部分，以收藏有艺术史上众多大师杰作而著称。</dbpedia-owl:abstract>
    <dbpedia-owl:abstract xml:lang="ru">О Кассельской галерее см. Галерея старых мастеров (Кассель) Галерея старых мастеров DresdenGalAltMstr1994. jpg Дата основания 1855 Местонахождение Семпербау-ам-Цвингер, Театерплац, Дрезден Сайт http://www. skd. museum Галерея старых мастеров в Дрездене (или просто Дрезденская галерея) — исключительное по качеству собрание из приблизительно 750 картин старых мастеров, приобретённых в XVIII веке саксонскими правителями из альбертинской линии Веттинов. Ныне входит в состав Государственных художественных собраний Дрездена.</dbpedia-owl:abstract>
    <dbpedia-owl:wikiPageID rdf:datatype="http://www.w3.org/2001/XMLSchema#integer">3314630</dbpedia-owl:wikiPageID>
    <dbpedia-owl:wikiPageRevisionID rdf:datatype="http://www.w3.org/2001/XMLSchema#integer">546325514</dbpedia-owl:wikiPageRevisionID>
    <rdfs:label xml:lang="nl">Gemäldegalerie Alte Meister</rdfs:label>
    <rdfs:label xml:lang="zh">历代大师画廊</rdfs:label>
    <rdfs:label xml:lang="it">Gemäldegalerie Alte Meister</rdfs:label>
    <rdfs:label xml:lang="en">Gemäldegalerie Alte Meister</rdfs:label>
    <rdfs:label xml:lang="pt">Pinacoteca dos Mestres Antigos</rdfs:label>
    <rdfs:label xml:lang="es">Gemäldegalerie Alte Meister</rdfs:label>
    <rdfs:label xml:lang="de">Gemäldegalerie Alte Meister</rdfs:label>
    <rdfs:label xml:lang="fr">Gemäldegalerie Alte Meister</rdfs:label>
    <rdfs:label xml:lang="pl">Galeria Obrazów Starych Mistrzów w Dreźnie</rdfs:label>
    <rdfs:label xml:lang="ja">アルテ・マイスター絵画館</rdfs:label>
    <rdfs:label xml:lang="ru">Галерея старых мастеров</rdfs:label>
    <foaf:depiction rdf:resource="http://upload.wikimedia.org/wikipedia/commons/b/b1/Raffael6.jpg" />
    <rdfs:comment xml:lang="zh">历代大师画廊（Gemäldegalerie Alte Meister）位于德国德累斯顿，是州立艺术博物馆（Staatliche Kunstsammlungen Dresden）的一部分，以收藏有艺术史上众多大师杰作而著称。</rdfs:comment>
    <rdfs:comment xml:lang="pl">Galeria Obrazów Starych Mistrzów w Dreźnie (niem. Gemäldegalerie Alte Meister), muzeum Państwowych Zbiorów Sztuki w Dreźnie, jedna z największych kolekcji malarstwa europejskiego na świecie.</rdfs:comment>
    <rdfs:comment xml:lang="it">La Gemäldegalerie Alte Meister (in italiano Pinacoteca dei Maestri Antichi) di Dresda è uno dei più importanti musei d&#39;Europa: ha sede nel palazzo dello Zwinger, capolavoro barocco dell&#39;architetto Matthäus Daniel Pöppelmann, e possiede una collezione di oltre 2000 dipinti e numerosissime incisioni. È parte dello Staatliche Kunstsammlungen Dresden oltre ad altri tre musei: Grünes Gewölbe, Kupferstichkabinett e Rüstkammer, di proprietà dello Stato di Sassonia.</rdfs:comment>
    <rdfs:comment xml:lang="de">Die Gemäldegalerie Alte Meister in Dresden zählt mit ungefähr 750 ausgestellten Meisterwerken aus dem 15. bis 18. Jahrhundert zu den renommiertesten Gemäldesammlungen der Welt. Zu den Schwerpunkten des Museums gehören italienische Werke der Renaissance sowie holländische und flämische Maler des 17. Jahrhunderts. Präsentiert werden auch herausragende Gemälde altdeutscher und altniederländischer Malerei. Die Gemäldegalerie ist Teil der Staatlichen Kunstsammlungen Dresden.</rdfs:comment>
    <rdfs:comment xml:lang="fr">La Gemäldegalerie Alte Meister (Galerie de Peinture des Maîtres anciens) est un musée d&#39;art des Collections nationales de Dresde situé dans le Semperbau du palais Zwinger, à Dresde, en Allemagne.</rdfs:comment>
    <rdfs:comment xml:lang="en">The Gemäldegalerie Alte Meister in Dresden, Germany, displays around 750 paintings from the 15th to the 18th century. It includes major Italian Renaissance works as well as Dutch and Flemish paintings. Outstanding works by German, French and Spanish painters of the period are also among the gallery&#39;s attractions. The Old Masters are part of the Dresden State Art Collections. The collection is located in the Semper Gallery, the gallery wing of the Zwinger.</rdfs:comment>
    <rdfs:comment xml:lang="pt">A Pinacoteca dos Mestres Antigos (Gemäldegalerie Alte Meister) é um importante museu de arte da Alemanha, localizado em Dresden e instalado na ala Gottfried Semper do palácio Zwinger. A Pinacoteca possui um magnífico acervo de cerca de 700 obras-primas da pintura antiga, e faz parte da Coleção Estatal de Arte de Dresden (Staatliche Kunstsammlungen Dresden).</rdfs:comment>
    <rdfs:comment xml:lang="ja">アルテ・マイスター絵画館（アルテ・マイスターかいがかん、独: Gemäldegalerie Alte Meister）はドイツのドレスデンに位置する美術館。日本では「古典絵画館」、「古典美術館」といわれることもある。ドレスデン美術館を構成する12の美術館の一つで、ザクセン州が管理している。</rdfs:comment>
    <rdfs:comment xml:lang="es">La Galería de Pinturas de los Maestros Antiguos es una pinacoteca situada en el ala Semper del Palacio Zwinger en Dresde, Alemania. La pinacoteca tiene cerca de 700 pinturas desde el Renacimiento al Barroco que fueron coleccionadas por los Electores de Sajonia Augusto II y su hijo Augusto III en la primera mitad del siglo XVIII.</rdfs:comment>
    <rdfs:comment xml:lang="ru">О Кассельской галерее см. Галерея старых мастеров (Кассель) Галерея старых мастеров DresdenGalAltMstr1994. jpg Дата основания 1855 Местонахождение Семпербау-ам-Цвингер, Театерплац, Дрезден Сайт http://www. skd. museum Галерея старых мастеров в Дрездене (или просто Дрезденская галерея) — исключительное по качеству собрание из приблизительно 750 картин старых мастеров, приобретённых в XVIII веке саксонскими правителями из альбертинской линии Веттинов.</rdfs:comment>
    <rdfs:comment xml:lang="nl">De Gemäldegalerie Alte Meister is een museum in Dresden, Duitsland. Het museum is onderdeel van de Staatliche Kunstsammlungen Dresden, naast tien andere musea eigendom van de deelstaat Saksen. In 2008 bezochten 536.000 mensen het museum in Dresden. Het museum bezit een grote collectie van oude meesterwerken uit de Italiaanse renaissance en barok, maar ook werken van de Vlaamse Primitieven en Hollandse meesters zijn vertegenwoordigd.</rdfs:comment>
    <dbpedia-owl:thumbnail rdf:resource="http://upload.wikimedia.org/wikipedia/commons/thumb/b/b1/Raffael6.jpg/200px-Raffael6.jpg" />
    <dbpedia-owl:wikiPageExternalLink rdf:resource="http://openlibrary.org/books/OL14007181M/Catalogue_of_the_pictures_in_the_Royal_Gallery_at_Dresden" />
    <dbpedia-owl:wikiPageExternalLink rdf:resource="http://openlibrary.org/books/OL24972025M/Royal_Dresden_Gallery" />
    <dbpedia-owl:wikiPageExternalLink rdf:resource="http://www.skd.museum/en/museums-institutions/zwinger-with-semperbau/gemaeldegalerie-alte-meister/index.html" />
    <dbpedia-owl:wikiPageExternalLink rdf:resource="http://www.skd.museum/fileadmin/SKD/Bilder/Besucherservice/Fuehrungsangebote/Handzettel_AlteMeister.pdf" />
    <dbpedia-owl:wikiPageExternalLink rdf:resource="http://openlibrary.org/books/OL14001467M/Complete_catalogue_of_the_Royal_Picture_Gallery_at_Dresden." />
    <dbpedia-owl:wikiPageExternalLink rdf:resource="http://www.skd.museum/fileadmin/panoramav103/" />
    <geo:geometry rdf:datatype="http://www.openlinksw.com/schemas/virtrdf#Geometry">POINT(13.7347 51.0536)</geo:geometry>
    <foaf:isPrimaryTopicOf rdf:resource="http://en.wikipedia.org/wiki/Gemäldegalerie_Alte_Meister" />
    <geo:long rdf:datatype="http://www.w3.org/2001/XMLSchema#float">13.7347</geo:long>
    <geo:lat rdf:datatype="http://www.w3.org/2001/XMLSchema#float">51.0536</geo:lat>
    <ns8:wasDerivedFrom rdf:resource="http://en.wikipedia.org/wiki/Gemäldegalerie_Alte_Meister?oldid=546325514" />
    <grs:point xml:lang="en">51.05361111111111 13.734722222222222</grs:point>
    <dbpprop:hasPhotoCollection rdf:resource="http://wifo5-03.informatik.uni-mannheim.de/flickrwrappr/photos/Gemäldegalerie_Alte_Meister" />
  </rdf:Description>
  <rdf:Description rdf:about="http://dbpedia.org/resource/The_Procuress_(Vermeer)">
    <dbpedia-owl:museum rdf:resource="http://dbpedia.org/resource/Gem%C3%A4ldegalerie_Alte_Meister" />
    <dbpprop:museum rdf:resource="http://dbpedia.org/resource/Gem%C3%A4ldegalerie_Alte_Meister" />
  </rdf:Description>
  <rdf:Description rdf:about="http://dbpedia.org/resource/Portrait_of_Bernhart_von_Reesen">
    <dbpedia-owl:museum rdf:resource="http://dbpedia.org/resource/Gem%C3%A4ldegalerie_Alte_Meister" />
  </rdf:Description>
  <rdf:Description rdf:about="http://dbpedia.org/resource/Presentation_of_the_Virgin_Mary_at_the_Temple_(Cima_da_Conegliano)">
    <dbpedia-owl:museum rdf:resource="http://dbpedia.org/resource/Gem%C3%A4ldegalerie_Alte_Meister" />
    <dbpprop:museum rdf:resource="http://dbpedia.org/resource/Gem%C3%A4ldegalerie_Alte_Meister" />
  </rdf:Description>
  <rdf:Description rdf:about="http://dbpedia.org/resource/Portraits_of_Henry_IV_of_Saxony_and_Catherine_of_Mecklenburg">
    <dbpedia-owl:museum rdf:resource="http://dbpedia.org/resource/Gem%C3%A4ldegalerie_Alte_Meister" />
  </rdf:Description>
  <rdf:Description rdf:about="http://dbpedia.org/resource/Dresden_Gallery">
    <dbpedia-owl:wikiPageRedirects rdf:resource="http://dbpedia.org/resource/Gem%C3%A4ldegalerie_Alte_Meister" />
  </rdf:Description>
  <rdf:Description rdf:about="http://dbpedia.org/resource/Gem%C3%A4ldegalerie_(disambiguation)">
    <dbpedia-owl:wikiPageDisambiguates rdf:resource="http://dbpedia.org/resource/Gem%C3%A4ldegalerie_Alte_Meister" />
  </rdf:Description>
  <rdf:Description rdf:about="http://dbpedia.org/resource/Gemaldeg%C3%A4lerie,_Dresden">
    <dbpedia-owl:wikiPageRedirects rdf:resource="http://dbpedia.org/resource/Gem%C3%A4ldegalerie_Alte_Meister" />
  </rdf:Description>
  <rdf:Description rdf:about="http://dbpedia.org/resource/Alte_Meister_Gallery">
    <dbpedia-owl:wikiPageRedirects rdf:resource="http://dbpedia.org/resource/Gem%C3%A4ldegalerie_Alte_Meister" />
  </rdf:Description>
  <rdf:Description rdf:about="http://dbpedia.org/resource/Dresden_Gemaeldegalerie">
    <dbpedia-owl:wikiPageRedirects rdf:resource="http://dbpedia.org/resource/Gem%C3%A4ldegalerie_Alte_Meister" />
  </rdf:Description>
  <rdf:Description rdf:about="http://dbpedia.org/resource/Dresden_Gemaldegalerie">
    <dbpedia-owl:wikiPageRedirects rdf:resource="http://dbpedia.org/resource/Gem%C3%A4ldegalerie_Alte_Meister" />
  </rdf:Description>
  <rdf:Description rdf:about="http://dbpedia.org/resource/Gemaeldegalerie,_Dresden">
    <dbpedia-owl:wikiPageRedirects rdf:resource="http://dbpedia.org/resource/Gem%C3%A4ldegalerie_Alte_Meister" />
  </rdf:Description>
  <rdf:Description rdf:about="http://dbpedia.org/resource/Gemaeldegalerie_(Dresden)">
    <dbpedia-owl:wikiPageRedirects rdf:resource="http://dbpedia.org/resource/Gem%C3%A4ldegalerie_Alte_Meister" />
  </rdf:Description>
  <rdf:Description rdf:about="http://dbpedia.org/resource/Gemaeldegalerie_Alte_Meister">
    <dbpedia-owl:wikiPageRedirects rdf:resource="http://dbpedia.org/resource/Gem%C3%A4ldegalerie_Alte_Meister" />
  </rdf:Description>
  <rdf:Description rdf:about="http://dbpedia.org/resource/Gemaeldegalerie_Alte_Meister,_Dresden">
    <dbpedia-owl:wikiPageRedirects rdf:resource="http://dbpedia.org/resource/Gem%C3%A4ldegalerie_Alte_Meister" />
  </rdf:Description>
  <rdf:Description rdf:about="http://dbpedia.org/resource/Gemaeldegalerie_of_Dresden">
    <dbpedia-owl:wikiPageRedirects rdf:resource="http://dbpedia.org/resource/Gem%C3%A4ldegalerie_Alte_Meister" />
  </rdf:Description>
  <rdf:Description rdf:about="http://dbpedia.org/resource/Gemaldegaelerie,_Dresden">
    <dbpedia-owl:wikiPageRedirects rdf:resource="http://dbpedia.org/resource/Gem%C3%A4ldegalerie_Alte_Meister" />
  </rdf:Description>
  <rdf:Description rdf:about="http://dbpedia.org/resource/Gemaldegalerie_(Dresden)">
    <dbpedia-owl:wikiPageRedirects rdf:resource="http://dbpedia.org/resource/Gem%C3%A4ldegalerie_Alte_Meister" />
  </rdf:Description>
  <rdf:Description rdf:about="http://dbpedia.org/resource/Gemaldegalerie_Alte_Meister">
    <dbpedia-owl:wikiPageRedirects rdf:resource="http://dbpedia.org/resource/Gem%C3%A4ldegalerie_Alte_Meister" />
  </rdf:Description>
  <rdf:Description rdf:about="http://dbpedia.org/resource/Gemaldegalerie_Alte_Meister,_Dresden">
    <dbpedia-owl:wikiPageRedirects rdf:resource="http://dbpedia.org/resource/Gem%C3%A4ldegalerie_Alte_Meister" />
  </rdf:Description>
  <rdf:Description rdf:about="http://dbpedia.org/resource/Gemaldegalerie_of_Dresden">
    <dbpedia-owl:wikiPageRedirects rdf:resource="http://dbpedia.org/resource/Gem%C3%A4ldegalerie_Alte_Meister" />
  </rdf:Description>
  <rdf:Description rdf:about="http://dbpedia.org/resource/Old_Masters_Gallery">
    <dbpedia-owl:wikiPageRedirects rdf:resource="http://dbpedia.org/resource/Gem%C3%A4ldegalerie_Alte_Meister" />
  </rdf:Description>
  <rdf:Description rdf:about="http://dbpedia.org/resource/Old_Masters_Picture_Gallery">
    <dbpedia-owl:wikiPageRedirects rdf:resource="http://dbpedia.org/resource/Gem%C3%A4ldegalerie_Alte_Meister" />
  </rdf:Description>
</rdf:RDF>
