<?xml version="1.0" encoding="utf-8" ?>
<rdf:RDF
	xmlns:rdf="http://www.w3.org/1999/02/22-rdf-syntax-ns#"
	xmlns:rdfs="http://www.w3.org/2000/01/rdf-schema#"
	xmlns:owl="http://www.w3.org/2002/07/owl#"
	xmlns:dcterms="http://purl.org/dc/terms/"
	xmlns:dbpedia-owl="http://dbpedia.org/ontology/"
	xmlns:foaf="http://xmlns.com/foaf/0.1/"
	xmlns:dbpprop="http://dbpedia.org/property/"
	xmlns:geo="http://www.w3.org/2003/01/geo/wgs84_pos#"
	xmlns:ns8="http://www.w3.org/ns/prov#"
	xmlns:grs="http://www.georss.org/georss/" >
  <rdf:Description rdf:about="http://dbpedia.org/resource/Portrait_of_a_Man_(Signorelli)">
    <dbpedia-owl:museum rdf:resource="http://dbpedia.org/resource/Gem%C3%A4ldegalerie,_Berlin" />
    <dbpprop:museum rdf:resource="http://dbpedia.org/resource/Gem%C3%A4ldegalerie,_Berlin" />
  </rdf:Description>
  <rdf:Description rdf:about="http://dbpedia.org/resource/Perseus_Freeing_Andromeda_(Rubens)">
    <dbpedia-owl:museum rdf:resource="http://dbpedia.org/resource/Gem%C3%A4ldegalerie,_Berlin" />
    <dbpprop:museum rdf:resource="http://dbpedia.org/resource/Gem%C3%A4ldegalerie,_Berlin" />
  </rdf:Description>
  <rdf:Description rdf:about="http://dbpedia.org/resource/Gemäldegalerie,_Berlin">
    <owl:sameAs rdf:resource="http://dbpedia.org/resource/Gem%C3%A4ldegalerie,_Berlin" />
  </rdf:Description>
  <rdf:Description rdf:about="http://dbpedia.org/resource/Portrait_of_Cardinal_Ludovico_Trevisan">
    <dbpedia-owl:museum rdf:resource="http://dbpedia.org/resource/Gem%C3%A4ldegalerie,_Berlin" />
    <dbpprop:museum rdf:resource="http://dbpedia.org/resource/Gem%C3%A4ldegalerie,_Berlin" />
  </rdf:Description>
  <rdf:Description rdf:about="http://dbpedia.org/resource/Desco_da_parto_(Masaccio)">
    <dbpedia-owl:museum rdf:resource="http://dbpedia.org/resource/Gem%C3%A4ldegalerie,_Berlin" />
    <dbpprop:museum rdf:resource="http://dbpedia.org/resource/Gem%C3%A4ldegalerie,_Berlin" />
  </rdf:Description>
  <rdf:Description rdf:about="http://dbpedia.org/resource/Amor_Vincit_Omnia_(Caravaggio)">
    <dbpedia-owl:museum rdf:resource="http://dbpedia.org/resource/Gem%C3%A4ldegalerie,_Berlin" />
    <dbpprop:museum rdf:resource="http://dbpedia.org/resource/Gem%C3%A4ldegalerie,_Berlin" />
  </rdf:Description>
  <rdf:Description rdf:about="http://dbpedia.org/resource/Gem%C3%A4ldegalerie,_Berlin">
    <rdf:type rdf:resource="http://www.opengis.net/gml/_Feature" />
    <rdf:type rdf:resource="http://dbpedia.org/class/yago/ArtMuseumsAndGalleriesInBerlin" />
    <rdf:type rdf:resource="http://dbpedia.org/class/yago/YagoPermanentlyLocatedEntity" />
    <rdf:type rdf:resource="http://www.w3.org/2002/07/owl#Thing" />
    <rdf:type rdf:resource="http://dbpedia.org/class/yago/Depository103177349" />
    <rdf:type rdf:resource="http://dbpedia.org/ontology/ArchitecturalStructure" />
    <rdf:type rdf:resource="http://dbpedia.org/ontology/Place" />
    <rdf:type rdf:resource="http://dbpedia.org/class/yago/Whole100003553" />
    <rdf:type rdf:resource="http://dbpedia.org/class/yago/Object100002684" />
    <rdf:type rdf:resource="http://schema.org/Place" />
    <rdf:type rdf:resource="http://schema.org/Museum" />
    <rdf:type rdf:resource="http://dbpedia.org/class/yago/ArtMuseumsEstablishedIn1830" />
    <rdf:type rdf:resource="http://dbpedia.org/class/yago/Museum103800563" />
    <rdf:type rdf:resource="http://dbpedia.org/class/yago/PhysicalEntity100001930" />
    <rdf:type rdf:resource="http://dbpedia.org/class/yago/Artifact100021939" />
    <rdf:type rdf:resource="http://dbpedia.org/ontology/Building" />
    <rdf:type rdf:resource="http://dbpedia.org/class/yago/Facility103315023" />
    <rdf:type rdf:resource="http://dbpedia.org/class/yago/YagoGeoEntity" />
    <rdf:type rdf:resource="http://dbpedia.org/ontology/Museum" />
    <owl:sameAs rdf:resource="http://pl.dbpedia.org/resource/Gemäldegalerie" />
    <owl:sameAs rdf:resource="http://www.wikidata.org/entity/Q165631" />
    <owl:sameAs rdf:resource="http://fr.dbpedia.org/resource/Gemäldegalerie_(Berlin)" />
    <owl:sameAs rdf:resource="http://ja.dbpedia.org/resource/絵画館_(ベルリン)" />
    <owl:sameAs rdf:resource="http://pt.dbpedia.org/resource/Gemäldegalerie" />
    <owl:sameAs rdf:resource="http://de.dbpedia.org/resource/Gemäldegalerie_(Berlin)" />
    <owl:sameAs rdf:resource="http://es.dbpedia.org/resource/Gemäldegalerie_de_Berlín" />
    <owl:sameAs rdf:resource="http://yago-knowledge.org/resource/Gemäldegalerie,_Berlin" />
    <owl:sameAs rdf:resource="http://dbpedia.org/resource/Gem%C3%A4ldegalerie,_Berlin" />
    <owl:sameAs rdf:resource="http://ru.dbpedia.org/resource/Берлинская_картинная_галерея" />
    <owl:sameAs rdf:resource="http://rdf.freebase.com/ns/m.07wrxk" />
    <owl:sameAs rdf:resource="http://sws.geonames.org/7911199/" />
    <owl:sameAs rdf:resource="http://nl.dbpedia.org/resource/Gemäldegalerie_(Berlijn)" />
    <owl:sameAs rdf:resource="http://cs.dbpedia.org/resource/Gemäldegalerie_Berlin" />
    <owl:sameAs rdf:resource="http://it.dbpedia.org/resource/Gemäldegalerie_(Berlino)" />
    <dcterms:subject rdf:resource="http://dbpedia.org/resource/Category:Art_museums_established_in_1830" />
    <dcterms:subject rdf:resource="http://dbpedia.org/resource/Category:1830_establishments_in_Germany" />
    <dcterms:subject rdf:resource="http://dbpedia.org/resource/Category:Berlin_State_Museums" />
    <dcterms:subject rdf:resource="http://dbpedia.org/resource/Category:Paintings_in_the_Gem%C3%A4ldegalerie,_Berlin" />
    <dcterms:subject rdf:resource="http://dbpedia.org/resource/Category:Art_museums_and_galleries_in_Berlin" />
    <dbpedia-owl:abstract xml:lang="es">La Gemäldegalerie es una pinacoteca de Berlín, Alemania. Tiene una de las colecciones más destacadas del mundo de Arte europeo desde el siglo XIII hasta el XVIII. Se ubica en el Kulturforum al oeste de la Potsdamer Platz. Su colección incluye obras maestras de artistas tales como Alberto Durero, Lucas Cranach, Rafael Sanzio, Tiziano, Caravaggio, Pedro Pablo Rubens, y Rembrandt. Se inauguró en 1830, y se reconstruyó en 1998.</dbpedia-owl:abstract>
    <dbpedia-owl:abstract xml:lang="nl">De Gemäldegalerie is een Berlijns museum met een grote collectie Europese schilderkunst van de 13e tot 18e eeuw. Het museum bezit onder meer werken van Jan van Eyck, Brueghel, Albrecht Dürer, Raphael, Titiaan, Caravaggio, Peter Paul Rubens, Albrecht Altdorfer, Quiringh van Brekelenkam, Johannes Vermeer, Gabriel Metsu en Rembrandt van Rijn. Het museum beschikt over circa 72 ruimtes met schilderijen, zo&#39;n twee kilometer expositie-ruimte. Het heeft computer-informatie in diverse talen en een audiotour in Duits en Engels.</dbpedia-owl:abstract>
    <dbpedia-owl:abstract xml:lang="fr">La Gemäldegalerie ou Galerie de peintures est l&#39;un des musées Nationaux de Berlin situé dans le complexe muséal du Kulturforum ouvert en 1998. C&#39;est l&#39;un des plus importants musées au monde de peinture européenne du XIII siècle au XVIII siècle aussi bien par la taille que par la qualité des collections, qui comprennent des chefs d&#39;œuvre d&#39;artistes tels que Albrecht Dürer, Lucas Cranach, Raphael, Titien, Le Caravage, Peter Paul Rubens, Rembrandt ou Johannes Vermeer.</dbpedia-owl:abstract>
    <dbpedia-owl:abstract xml:lang="zh">畫廊（Gemäldegalerie）是德国柏林的一座艺术博物馆，拥有欧洲13世纪至18世纪的艺术珍品。该馆起初于1830年对外开放，1998年重建。</dbpedia-owl:abstract>
    <dbpedia-owl:abstract xml:lang="ru">Берлинская картинная галерея — известная картинная галерея в составе Государственных музеев Берлина и Фонда прусского культурного наследия, один из ведущих художественных музеев Европы, расположенный в берлинском Культурфоруме к западу от Потсдамской площади и обладающий великолепной коллекцией полотен XIII—XVIII вв. В коллекции галереи собраны признанные шедевры мировой живописи кисти таких мастеров, как: Альбрехт Дюрер, Лукас Кранах, Боттичелли, Рафаэль, Тициан, Караваджо, Босх, Брейгель, Петер Пауль Рубенс и Рембрандт. Открыта в 1830 г. и реконструирована в 1998 г.</dbpedia-owl:abstract>
    <dbpedia-owl:abstract xml:lang="de">Die Berliner Gemäldegalerie am Kulturforum Berlin beherbergt die Bestände alter europäischer Malerei vom 13. bis zum 18. Jahrhundert, die sich im Besitz der Staatlichen Museen zu Berlin, Stiftung Preußischer Kulturbesitz (SPK), befinden. Diese Sammlung ist in ihrer jetzigen Form das Ergebnis einer ambitionierten Sammlungspolitik, voller Erfolge und auch schmerzlicher Einschnitte. Der Bestand der Sammlung spiegelt auch das politische Geschehen der letzten zweihundert Jahre wider.</dbpedia-owl:abstract>
    <dbpedia-owl:abstract xml:lang="ja">絵画館（かいがかん、独: Gemäldegalerie）は、ドイツのベルリンにある美術館。ベルリン美術館を構成する美術館の一つで、ポツダム広場の西、ティーアガルテン地区の文化フォーラム (Kulturforum) に位置している。13世紀から18世紀のヨーロッパ諸国の芸術品の収蔵では世界有数の美術館であり、所蔵されているコレクションには、アルブレヒト・デューラー、ルーカス・クラナッハ、ヤン・ファン・エイク、ラファエロ、ティツィアーノ、カラヴァッジオ、ピーテル・パウル・ルーベンス、レンブラント、ヨハネス・フェルメールら巨匠の名作が含まれている。絵画館は1830年に開館し、その後1998年に新築された。</dbpedia-owl:abstract>
    <dbpedia-owl:abstract xml:lang="pt">A Gemäldegalerie é um museu de arte localizado na Kulturforum Potsdamer Platz em Berlin, na Alemanha, sendo um dos mais importantes do mundo por sua excelente coleção de arte européia dos séculos XIII ao XVIII.</dbpedia-owl:abstract>
    <dbpedia-owl:abstract xml:lang="en">The Gemäldegalerie is an art museum in Berlin, Germany, and the museum where the main selection of paintings belonging to the Berlin State Museums (Staatliche Museen zu Berlin) is displayed. It holds one of the world&#39;s leading collections of European paintings from the 13th to the 18th centuries. Its collection includes masterpieces from such artists as Albrecht Dürer, Lucas Cranach, Hans Holbein, Rogier van der Weyden, Jan van Eyck, Raphael, Titian, Caravaggio, Peter Paul Rubens, Rembrandt and Johannes Vermeer. It was first opened in 1830, and the current building was completed in 1998. It is located in the Kulturforum museum district west of Potsdamer Platz.</dbpedia-owl:abstract>
    <dbpedia-owl:abstract xml:lang="sv">Gemäldegalerie vid Kulturforum i Berlin är en specialsamling som har några av de främsta föremålen ur det europeiska måleriet från 1200-talet fram till 1700-talet.</dbpedia-owl:abstract>
    <dbpedia-owl:abstract xml:lang="pl">Galeria Malarstwa w Berlinie – jedno z ważniejszych muzeów sztuki w stolicy Niemiec Berlina, którego zbiory malarstwa należą do największych na świecie. Muzeum to stanowi część Berlińskich Muzeów Państwowych pod opieką Fundacji Pruskiego Dziedzictwa Kultury, poświęcone jest dawnemu malarstwu niemieckiemu i europejskiemu XIII – XIX wieku. Obok Galerii Malarstwa w tym samym gmachu, mieści także Kupferstichkabinett (Gabinet Rycin) oraz Kunstbibliothek (Biblioteka Sztuki). Budynek położony jest na terenie nowoczesnego centrum kultury znanego jako Kulturforum nieopodal Potsdamer Platz w obrębie dzielnicy Tiergarten. Zbiory których rdzeń stanowią dzieła sztuki kolekcjonowane przez pruskich Hohenzollernów w XVIII wieku zawierają obrazy europejskich artystów takich jak Albrecht Dürer, Lucas Cranach, Rafael Santi, Tycjan, Caravaggio, Peter Paul Rubens, Rembrandt czy Johannes Vermeer. Po raz pierwszy zbiory pokazano publiczności w roku 1830, po licznych przenosinach ostatecznie w 1998 otwarto kolekcję malarstwa w obecnej postaci.</dbpedia-owl:abstract>
    <dbpedia-owl:abstract xml:lang="it">La Gemäldegalerie è un museo di Berlino. Si trova nel nuovo edificio nel Kulturforum e custodisce una delle raccolte più significative a livello mondiale, con opere di artisti europei dal XIII al XVIII secolo, quali Botticelli, Raffaello, Mantegna, Lippi, Tiziano, Caravaggio, Van Eyck, Dürer, Rubens, Vermeer e Rembrandt.</dbpedia-owl:abstract>
    <dbpedia-owl:wikiPageID rdf:datatype="http://www.w3.org/2001/XMLSchema#integer">2669813</dbpedia-owl:wikiPageID>
    <dbpedia-owl:wikiPageRevisionID rdf:datatype="http://www.w3.org/2001/XMLSchema#integer">546332556</dbpedia-owl:wikiPageRevisionID>
    <rdfs:label xml:lang="de">Gemäldegalerie (Berlin)</rdfs:label>
    <rdfs:label xml:lang="pl">Gemäldegalerie</rdfs:label>
    <rdfs:label xml:lang="ru">Берлинская картинная галерея</rdfs:label>
    <rdfs:label xml:lang="zh">畫廊 (柏林)</rdfs:label>
    <rdfs:label xml:lang="fr">Gemäldegalerie (Berlin)</rdfs:label>
    <rdfs:label xml:lang="nl">Gemäldegalerie (Berlijn)</rdfs:label>
    <rdfs:label xml:lang="es">Gemäldegalerie de Berlín</rdfs:label>
    <rdfs:label xml:lang="pt">Gemäldegalerie</rdfs:label>
    <rdfs:label xml:lang="en">Gemäldegalerie, Berlin</rdfs:label>
    <rdfs:label xml:lang="it">Gemäldegalerie (Berlino)</rdfs:label>
    <rdfs:label xml:lang="sv">Gemäldegalerie</rdfs:label>
    <rdfs:label xml:lang="ja">絵画館 (ベルリン)</rdfs:label>
    <foaf:depiction rdf:resource="http://upload.wikimedia.org/wikipedia/commons/c/ce/Petrus_Christus_-_Portrait_of_a_Young_Woman_-_Google_Art_Project.jpg" />
    <rdfs:comment xml:lang="es">La Gemäldegalerie es una pinacoteca de Berlín, Alemania. Tiene una de las colecciones más destacadas del mundo de Arte europeo desde el siglo XIII hasta el XVIII. Se ubica en el Kulturforum al oeste de la Potsdamer Platz. Su colección incluye obras maestras de artistas tales como Alberto Durero, Lucas Cranach, Rafael Sanzio, Tiziano, Caravaggio, Pedro Pablo Rubens, y Rembrandt. Se inauguró en 1830, y se reconstruyó en 1998.</rdfs:comment>
    <rdfs:comment xml:lang="ru">Берлинская картинная галерея — известная картинная галерея в составе Государственных музеев Берлина и Фонда прусского культурного наследия, один из ведущих художественных музеев Европы, расположенный в берлинском Культурфоруме к западу от Потсдамской площади и обладающий великолепной коллекцией полотен XIII—XVIII вв.</rdfs:comment>
    <rdfs:comment xml:lang="fr">La Gemäldegalerie ou Galerie de peintures est l&#39;un des musées Nationaux de Berlin situé dans le complexe muséal du Kulturforum ouvert en 1998. C&#39;est l&#39;un des plus importants musées au monde de peinture européenne du XIII siècle au XVIII siècle aussi bien par la taille que par la qualité des collections, qui comprennent des chefs d&#39;œuvre d&#39;artistes tels que Albrecht Dürer, Lucas Cranach, Raphael, Titien, Le Caravage, Peter Paul Rubens, Rembrandt ou Johannes Vermeer.</rdfs:comment>
    <rdfs:comment xml:lang="en">The Gemäldegalerie is an art museum in Berlin, Germany, and the museum where the main selection of paintings belonging to the Berlin State Museums (Staatliche Museen zu Berlin) is displayed. It holds one of the world&#39;s leading collections of European paintings from the 13th to the 18th centuries.</rdfs:comment>
    <rdfs:comment xml:lang="it">La Gemäldegalerie è un museo di Berlino. Si trova nel nuovo edificio nel Kulturforum e custodisce una delle raccolte più significative a livello mondiale, con opere di artisti europei dal XIII al XVIII secolo, quali Botticelli, Raffaello, Mantegna, Lippi, Tiziano, Caravaggio, Van Eyck, Dürer, Rubens, Vermeer e Rembrandt.</rdfs:comment>
    <rdfs:comment xml:lang="nl">De Gemäldegalerie is een Berlijns museum met een grote collectie Europese schilderkunst van de 13e tot 18e eeuw. Het museum bezit onder meer werken van Jan van Eyck, Brueghel, Albrecht Dürer, Raphael, Titiaan, Caravaggio, Peter Paul Rubens, Albrecht Altdorfer, Quiringh van Brekelenkam, Johannes Vermeer, Gabriel Metsu en Rembrandt van Rijn. Het museum beschikt over circa 72 ruimtes met schilderijen, zo&#39;n twee kilometer expositie-ruimte.</rdfs:comment>
    <rdfs:comment xml:lang="de">Die Berliner Gemäldegalerie am Kulturforum Berlin beherbergt die Bestände alter europäischer Malerei vom 13. bis zum 18. Jahrhundert, die sich im Besitz der Staatlichen Museen zu Berlin, Stiftung Preußischer Kulturbesitz (SPK), befinden. Diese Sammlung ist in ihrer jetzigen Form das Ergebnis einer ambitionierten Sammlungspolitik, voller Erfolge und auch schmerzlicher Einschnitte. Der Bestand der Sammlung spiegelt auch das politische Geschehen der letzten zweihundert Jahre wider.</rdfs:comment>
    <rdfs:comment xml:lang="ja">絵画館（かいがかん、独: Gemäldegalerie）は、ドイツのベルリンにある美術館。ベルリン美術館を構成する美術館の一つで、ポツダム広場の西、ティーアガルテン地区の文化フォーラム (Kulturforum) に位置している。13世紀から18世紀のヨーロッパ諸国の芸術品の収蔵では世界有数の美術館であり、所蔵されているコレクションには、アルブレヒト・デューラー、ルーカス・クラナッハ、ヤン・ファン・エイク、ラファエロ、ティツィアーノ、カラヴァッジオ、ピーテル・パウル・ルーベンス、レンブラント、ヨハネス・フェルメールら巨匠の名作が含まれている。絵画館は1830年に開館し、その後1998年に新築された。</rdfs:comment>
    <rdfs:comment xml:lang="sv">Gemäldegalerie vid Kulturforum i Berlin är en specialsamling som har några av de främsta föremålen ur det europeiska måleriet från 1200-talet fram till 1700-talet.</rdfs:comment>
    <rdfs:comment xml:lang="pt">A Gemäldegalerie é um museu de arte localizado na Kulturforum Potsdamer Platz em Berlin, na Alemanha, sendo um dos mais importantes do mundo por sua excelente coleção de arte européia dos séculos XIII ao XVIII.</rdfs:comment>
    <rdfs:comment xml:lang="pl">Galeria Malarstwa w Berlinie – jedno z ważniejszych muzeów sztuki w stolicy Niemiec Berlina, którego zbiory malarstwa należą do największych na świecie. Muzeum to stanowi część Berlińskich Muzeów Państwowych pod opieką Fundacji Pruskiego Dziedzictwa Kultury, poświęcone jest dawnemu malarstwu niemieckiemu i europejskiemu XIII – XIX wieku. Obok Galerii Malarstwa w tym samym gmachu, mieści także Kupferstichkabinett (Gabinet Rycin) oraz Kunstbibliothek (Biblioteka Sztuki).</rdfs:comment>
    <rdfs:comment xml:lang="zh">畫廊（Gemäldegalerie）是德国柏林的一座艺术博物馆，拥有欧洲13世纪至18世纪的艺术珍品。该馆起初于1830年对外开放，1998年重建。</rdfs:comment>
    <dbpedia-owl:thumbnail rdf:resource="http://upload.wikimedia.org/wikipedia/commons/thumb/c/ce/Petrus_Christus_-_Portrait_of_a_Young_Woman_-_Google_Art_Project.jpg/200px-Petrus_Christus_-_Portrait_of_a_Young_Woman_-_Google_Art_Project.jpg" />
    <dbpedia-owl:wikiPageExternalLink rdf:resource="http://www.internationalcircuit.com/berlin-germany/tourism-1.php" />
    <dbpedia-owl:wikiPageExternalLink rdf:resource="http://www.smb.spk-berlin.de/smb/sammlungen/details.php?objectId=5&amp;lang=en" />
    <dbpedia-owl:wikiPageExternalLink rdf:resource="http://www.kulturforum-berlin.com/" />
    <dbpedia-owl:wikiPageExternalLink rdf:resource="http://www.freundeskreise-berliner-kultur.de/kfmv/" />
    <geo:geometry rdf:datatype="http://www.openlinksw.com/schemas/virtrdf#Geometry">POINT(13.3654 52.5085)</geo:geometry>
    <foaf:isPrimaryTopicOf rdf:resource="http://en.wikipedia.org/wiki/Gemäldegalerie,_Berlin" />
    <geo:long rdf:datatype="http://www.w3.org/2001/XMLSchema#float">13.3654</geo:long>
    <geo:lat rdf:datatype="http://www.w3.org/2001/XMLSchema#float">52.5085</geo:lat>
    <ns8:wasDerivedFrom rdf:resource="http://en.wikipedia.org/wiki/Gemäldegalerie,_Berlin?oldid=546332556" />
    <grs:point xml:lang="en">52.508472222222224 13.365416666666667</grs:point>
    <dbpprop:hasPhotoCollection rdf:resource="http://wifo5-03.informatik.uni-mannheim.de/flickrwrappr/photos/Gemäldegalerie,_Berlin" />
  </rdf:Description>
  <rdf:Description rdf:about="http://dbpedia.org/resource/Gem%C3%A4ldegalerie_Berlin">
    <dbpedia-owl:wikiPageRedirects rdf:resource="http://dbpedia.org/resource/Gem%C3%A4ldegalerie,_Berlin" />
  </rdf:Description>
  <rdf:Description rdf:about="http://dbpedia.org/resource/Gem%C3%A4ldegalerie">
    <dbpedia-owl:wikiPageRedirects rdf:resource="http://dbpedia.org/resource/Gem%C3%A4ldegalerie,_Berlin" />
  </rdf:Description>
  <rdf:Description rdf:about="http://dbpedia.org/resource/Gem%C3%A4ldegalerie_(Berlin)">
    <dbpedia-owl:wikiPageRedirects rdf:resource="http://dbpedia.org/resource/Gem%C3%A4ldegalerie,_Berlin" />
  </rdf:Description>
  <rdf:Description rdf:about="http://dbpedia.org/resource/Madonna_with_Writing_Child_and_St._Jerome">
    <dbpedia-owl:museum rdf:resource="http://dbpedia.org/resource/Gem%C3%A4ldegalerie,_Berlin" />
  </rdf:Description>
  <rdf:Description rdf:about="http://dbpedia.org/resource/Solly_Madonna">
    <dbpedia-owl:museum rdf:resource="http://dbpedia.org/resource/Gem%C3%A4ldegalerie,_Berlin" />
    <dbpprop:museum rdf:resource="http://dbpedia.org/resource/Gem%C3%A4ldegalerie,_Berlin" />
  </rdf:Description>
  <rdf:Description rdf:about="http://dbpedia.org/resource/Woman_with_a_Pearl_Necklace">
    <dbpedia-owl:museum rdf:resource="http://dbpedia.org/resource/Gem%C3%A4ldegalerie,_Berlin" />
    <dbpprop:museum rdf:resource="http://dbpedia.org/resource/Gem%C3%A4ldegalerie,_Berlin" />
  </rdf:Description>
  <rdf:Description rdf:about="http://dbpedia.org/resource/Art_Gallery,_Berlin">
    <dbpedia-owl:wikiPageRedirects rdf:resource="http://dbpedia.org/resource/Gem%C3%A4ldegalerie,_Berlin" />
  </rdf:Description>
  <rdf:Description rdf:about="http://dbpedia.org/resource/Berlin_Gemaeldegalerie">
    <dbpedia-owl:wikiPageRedirects rdf:resource="http://dbpedia.org/resource/Gem%C3%A4ldegalerie,_Berlin" />
  </rdf:Description>
  <rdf:Description rdf:about="http://dbpedia.org/resource/Berlin_Gemaldegalerie">
    <dbpedia-owl:wikiPageRedirects rdf:resource="http://dbpedia.org/resource/Gem%C3%A4ldegalerie,_Berlin" />
  </rdf:Description>
  <rdf:Description rdf:about="http://dbpedia.org/resource/Gemaeldegalerie">
    <dbpedia-owl:wikiPageRedirects rdf:resource="http://dbpedia.org/resource/Gem%C3%A4ldegalerie,_Berlin" />
  </rdf:Description>
  <rdf:Description rdf:about="http://dbpedia.org/resource/Gemaeldegalerie,_Berlin">
    <dbpedia-owl:wikiPageRedirects rdf:resource="http://dbpedia.org/resource/Gem%C3%A4ldegalerie,_Berlin" />
  </rdf:Description>
  <rdf:Description rdf:about="http://dbpedia.org/resource/Gemaeldegalerie_(Berlin)">
    <dbpedia-owl:wikiPageRedirects rdf:resource="http://dbpedia.org/resource/Gem%C3%A4ldegalerie,_Berlin" />
  </rdf:Description>
  <rdf:Description rdf:about="http://dbpedia.org/resource/Gemaldegalerie">
    <dbpedia-owl:wikiPageRedirects rdf:resource="http://dbpedia.org/resource/Gem%C3%A4ldegalerie,_Berlin" />
  </rdf:Description>
  <rdf:Description rdf:about="http://dbpedia.org/resource/Gemaldegalerie,_Berlin">
    <dbpedia-owl:wikiPageRedirects rdf:resource="http://dbpedia.org/resource/Gem%C3%A4ldegalerie,_Berlin" />
  </rdf:Description>
  <rdf:Description rdf:about="http://dbpedia.org/resource/Gemaldegalerie_(Berlin)">
    <dbpedia-owl:wikiPageRedirects rdf:resource="http://dbpedia.org/resource/Gem%C3%A4ldegalerie,_Berlin" />
  </rdf:Description>
  <rdf:Description rdf:about="http://dbpedia.org/resource/Assumption_of_the_Virgin_(Andrea_del_Castagno)">
    <dbpedia-owl:museum rdf:resource="http://dbpedia.org/resource/Gem%C3%A4ldegalerie,_Berlin" />
    <dbpprop:museum rdf:resource="http://dbpedia.org/resource/Gem%C3%A4ldegalerie,_Berlin" />
  </rdf:Description>
  <rdf:Description rdf:about="http://dbpedia.org/resource/Presentation_at_the_Temple_(Mantegna)">
    <dbpedia-owl:museum rdf:resource="http://dbpedia.org/resource/Gem%C3%A4ldegalerie,_Berlin" />
    <dbpprop:museum rdf:resource="http://dbpedia.org/resource/Gem%C3%A4ldegalerie,_Berlin" />
  </rdf:Description>
  <rdf:Description rdf:about="http://dbpedia.org/resource/Self-Portrait_(Titian,_Berlin)">
    <dbpedia-owl:museum rdf:resource="http://dbpedia.org/resource/Gem%C3%A4ldegalerie,_Berlin" />
    <dbpprop:museum rdf:resource="http://dbpedia.org/resource/Gem%C3%A4ldegalerie,_Berlin" />
  </rdf:Description>
  <rdf:Description rdf:about="http://dbpedia.org/resource/The_Wine_Glass">
    <dbpedia-owl:museum rdf:resource="http://dbpedia.org/resource/Gem%C3%A4ldegalerie,_Berlin" />
    <dbpprop:museum rdf:resource="http://dbpedia.org/resource/Gem%C3%A4ldegalerie,_Berlin" />
  </rdf:Description>
  <rdf:Description rdf:about="http://dbpedia.org/resource/Portrait_of_Clarissa_Strozzi">
    <dbpedia-owl:museum rdf:resource="http://dbpedia.org/resource/Gem%C3%A4ldegalerie,_Berlin" />
    <dbpprop:museum rdf:resource="http://dbpedia.org/resource/Gem%C3%A4ldegalerie,_Berlin" />
  </rdf:Description>
  <rdf:Description rdf:about="http://dbpedia.org/resource/Portrait_of_Jakob_Muffel">
    <dbpedia-owl:museum rdf:resource="http://dbpedia.org/resource/Gem%C3%A4ldegalerie,_Berlin" />
  </rdf:Description>
  <rdf:Description rdf:about="http://dbpedia.org/resource/Portrait_of_Hieronymus_Holzschuher">
    <dbpedia-owl:museum rdf:resource="http://dbpedia.org/resource/Gem%C3%A4ldegalerie,_Berlin" />
  </rdf:Description>
  <rdf:Description rdf:about="http://dbpedia.org/resource/Gem%C3%A4ldegalerie_(disambiguation)">
    <dbpedia-owl:wikiPageDisambiguates rdf:resource="http://dbpedia.org/resource/Gem%C3%A4ldegalerie,_Berlin" />
  </rdf:Description>
  <rdf:Description rdf:about="http://dbpedia.org/resource/Berlin_Gem%C3%A4ldegalerie">
    <dbpedia-owl:wikiPageRedirects rdf:resource="http://dbpedia.org/resource/Gem%C3%A4ldegalerie,_Berlin" />
  </rdf:Description>
  <rdf:Description rdf:about="http://en.wikipedia.org/wiki/Gemäldegalerie,_Berlin">
    <foaf:primaryTopic rdf:resource="http://dbpedia.org/resource/Gem%C3%A4ldegalerie,_Berlin" />
  </rdf:Description>
</rdf:RDF>
