<?xml version="1.0" encoding="utf-8" ?>
<rdf:RDF
	xmlns:rdf="http://www.w3.org/1999/02/22-rdf-syntax-ns#"
	xmlns:rdfs="http://www.w3.org/2000/01/rdf-schema#"
	xmlns:owl="http://www.w3.org/2002/07/owl#"
	xmlns:dcterms="http://purl.org/dc/terms/"
	xmlns:dbpedia-owl="http://dbpedia.org/ontology/"
	xmlns:foaf="http://xmlns.com/foaf/0.1/"
	xmlns:dbpprop="http://dbpedia.org/property/"
	xmlns:geo="http://www.w3.org/2003/01/geo/wgs84_pos#"
	xmlns:ns8="http://www.w3.org/ns/prov#"
	xmlns:grs="http://www.georss.org/georss/" >
  <rdf:Description rdf:about="http://dbpedia.org/resource/Victory_Boogie-Woogie">
    <dbpedia-owl:museum rdf:resource="http://dbpedia.org/resource/Gemeentemuseum_Den_Haag" />
    <dbpprop:museum rdf:resource="http://dbpedia.org/resource/Gemeentemuseum_Den_Haag" />
  </rdf:Description>
  <rdf:Description rdf:about="http://de.dbpedia.org/resource/Gemeentemuseum_Den_Haag">
    <owl:sameAs rdf:resource="http://dbpedia.org/resource/Gemeentemuseum_Den_Haag" />
  </rdf:Description>
  <rdf:Description rdf:about="http://fr.dbpedia.org/resource/Gemeentemuseum_Den_Haag">
    <owl:sameAs rdf:resource="http://dbpedia.org/resource/Gemeentemuseum_Den_Haag" />
  </rdf:Description>
  <rdf:Description rdf:about="http://pt.dbpedia.org/resource/Museu_Municipal_de_Haia">
    <owl:sameAs rdf:resource="http://dbpedia.org/resource/Gemeentemuseum_Den_Haag" />
  </rdf:Description>
  <rdf:Description rdf:about="http://it.dbpedia.org/resource/Gemeentemuseum">
    <owl:sameAs rdf:resource="http://dbpedia.org/resource/Gemeentemuseum_Den_Haag" />
  </rdf:Description>
  <rdf:Description rdf:about="http://dbpedia.org/resource/Gemeentemuseum_Den_Haag">
    <rdf:type rdf:resource="http://dbpedia.org/class/yago/Depository103177349" />
    <rdf:type rdf:resource="http://dbpedia.org/class/yago/ModernArtMuseums" />
    <rdf:type rdf:resource="http://dbpedia.org/class/yago/PhysicalEntity100001930" />
    <rdf:type rdf:resource="http://schema.org/Museum" />
    <rdf:type rdf:resource="http://schema.org/Place" />
    <rdf:type rdf:resource="http://dbpedia.org/class/yago/YagoGeoEntity" />
    <rdf:type rdf:resource="http://dbpedia.org/class/yago/Object100002684" />
    <rdf:type rdf:resource="http://dbpedia.org/ontology/Museum" />
    <rdf:type rdf:resource="http://www.opengis.net/gml/_Feature" />
    <rdf:type rdf:resource="http://www.w3.org/2002/07/owl#Thing" />
    <rdf:type rdf:resource="http://dbpedia.org/class/yago/Museum103800563" />
    <rdf:type rdf:resource="http://dbpedia.org/class/yago/ArtMuseumsEstablishedIn1935" />
    <rdf:type rdf:resource="http://dbpedia.org/class/yago/Facility103315023" />
    <rdf:type rdf:resource="http://dbpedia.org/class/yago/ArtMuseumsAndGalleriesInTheNetherlands" />
    <rdf:type rdf:resource="http://dbpedia.org/ontology/Building" />
    <rdf:type rdf:resource="http://dbpedia.org/class/yago/Artifact100021939" />
    <rdf:type rdf:resource="http://dbpedia.org/class/yago/YagoPermanentlyLocatedEntity" />
    <rdf:type rdf:resource="http://dbpedia.org/class/yago/Whole100003553" />
    <rdf:type rdf:resource="http://dbpedia.org/ontology/ArchitecturalStructure" />
    <rdf:type rdf:resource="http://dbpedia.org/ontology/Place" />
    <rdf:type rdf:resource="http://dbpedia.org/class/yago/MuseumsInTheHague" />
    <owl:sameAs rdf:resource="http://it.dbpedia.org/resource/Gemeentemuseum" />
    <owl:sameAs rdf:resource="http://pt.dbpedia.org/resource/Museu_Municipal_de_Haia" />
    <owl:sameAs rdf:resource="http://uk.dbpedia.org/resource/Гаазький_муніципальний_музей" />
    <owl:sameAs rdf:resource="http://www.wikidata.org/entity/Q1499958" />
    <owl:sameAs rdf:resource="http://de.dbpedia.org/resource/Gemeentemuseum_Den_Haag" />
    <owl:sameAs rdf:resource="http://pl.dbpedia.org/resource/Gemeentemuseum_Den_Haag" />
    <owl:sameAs rdf:resource="http://dbpedia.org/resource/Gemeentemuseum_Den_Haag" />
    <owl:sameAs rdf:resource="http://tr.dbpedia.org/resource/Gemeentemuseum_Den_Haag" />
    <owl:sameAs rdf:resource="http://fy.dbpedia.org/resource/Haachsk_Gemeentemuseum" />
    <owl:sameAs rdf:resource="http://fr.dbpedia.org/resource/Gemeentemuseum_Den_Haag" />
    <owl:sameAs rdf:resource="http://nl.dbpedia.org/resource/Gemeentemuseum_Den_Haag" />
    <owl:sameAs rdf:resource="http://ru.dbpedia.org/resource/Муниципальный_музей_(Гаага)" />
    <owl:sameAs rdf:resource="http://yago-knowledge.org/resource/Gemeentemuseum_Den_Haag" />
    <owl:sameAs rdf:resource="http://rdf.freebase.com/ns/m.06kf4y" />
    <dcterms:subject rdf:resource="http://dbpedia.org/resource/Category:Museums_in_The_Hague" />
    <dcterms:subject rdf:resource="http://dbpedia.org/resource/Category:Art_museums_and_galleries_in_the_Netherlands" />
    <dcterms:subject rdf:resource="http://dbpedia.org/resource/Category:Modern_art_museums" />
    <dcterms:subject rdf:resource="http://dbpedia.org/resource/Category:Modernist_architecture_in_the_Netherlands" />
    <dcterms:subject rdf:resource="http://dbpedia.org/resource/Category:Musical_instrument_museums" />
    <dcterms:subject rdf:resource="http://dbpedia.org/resource/Category:International_style_architecture" />
    <dcterms:subject rdf:resource="http://dbpedia.org/resource/Category:Art_museums_established_in_1935" />
    <dcterms:subject rdf:resource="http://dbpedia.org/resource/Category:1935_establishments_in_the_Netherlands" />
    <dbpedia-owl:abstract xml:lang="pt">O Museu Municipal de Haia é um museu de arte localizado em Haia, Países Baixos. Projetado pelo arquiteto neerlandês H.P. Berlage, o museu é conhecido por ter o maior acervo mundial das obra de Piet Mondrian, incluindo sua última obra, Victory Boogie-Woogie.</dbpedia-owl:abstract>
    <dbpedia-owl:abstract xml:lang="de">Das Gemeentemuseum ist das Stadtmuseum von Den Haag und liegt im Norden der Innenstadt, im Gartenstadtviertel Duinoord, unweit des Friedenspalastes.</dbpedia-owl:abstract>
    <dbpedia-owl:abstract xml:lang="en">The Municipal Museum (Dutch: Gemeentemuseum Den Haag) is an art museum, located in The Hague, Netherlands. The museum, built 1931–1935, was designed by the Dutch architect H.P. Berlage. It is renowned for its large Mondrian collection, the largest in the world. His last work, Victory Boogie-Woogie, is on display here. GEM (museum for contemporary art) and Fotomuseum Den Haag (The Hague museum for photography) are part of the Gemeentemuseum, though not housed in the same building and with a separate entrance fee.</dbpedia-owl:abstract>
    <dbpedia-owl:abstract xml:lang="pl">Gemeentemuseum Den Haag (Muzeum Miejskie w Hadze) to galeria sztuki znajdująca się w Hadze, mająca głównie zbiory sztuki z XIX i XX w. Kolekcja malarska obejmuje dzieła malarzy holenderskich: Jana Steena, Jana van Goyena, Jacoba van Ruisdaela, największy zbiór prac Pieta Mondriana oraz twórczość ilustrującą XIX-wieczne odrodzenie malarstwa holenderskiego. Poza tym w zbiorach muzeum znaleźć można kryształy i szkła włoskie, porcelanę z Delft i Chin, srebra haskie oraz instrumenty muzyczne.</dbpedia-owl:abstract>
    <dbpedia-owl:abstract xml:lang="nl">| Gemeentemuseum Den Haag Haags Gemeentemuseum Bestand:Gemeente museum. jpg Opgericht 1935 Locatie Den Haag, Nederland Type moderne kunst kunstnijverheid mode muziek Personen Directeur Benno Tempel Overig Monumentstatus Rijksmonument Monumentnummer 461450 Aantal bezoekers 460.000 (2010) Website www. gemeentemuseum. nl Portaal  Portaalicoon   Kunst &amp; Cultuur |- | |- | |} Het Gemeentemuseum Den Haag is een museum voor moderne kunst, kunstnijverheid, mode en muziekinstrumenten in Den Haag. De oorspronkelijke naam van het museum was het &#39;Haags Gemeentemuseum&#39;.</dbpedia-owl:abstract>
    <dbpedia-owl:abstract xml:lang="fr">Le musée municipal est situé à La Haye. Ce musée construit par l&#39;architecte hollandais H.P. Berlage en 1935, doit sa réputation à sa collection du peintre Mondrian, la plus grande au monde dont sa dernière œuvre Victory Boogie Woogie.</dbpedia-owl:abstract>
    <dbpedia-owl:abstract xml:lang="ru">Муниципальный музей Гааги (нидерл.  Het Gemeentemuseum Den Haag) — музей современного искусства, декоративно-прикладного искусства, моды и музыкальных инструментов в Гааге. Один из ведущих художественных музеев Нидерландов.</dbpedia-owl:abstract>
    <dbpedia-owl:abstract xml:lang="it">Il Gemeentemuseum Den Haag è un museo a L&#39;Aia con un&#39;importante collezione di arte moderna.</dbpedia-owl:abstract>
    <dbpedia-owl:wikiPageID rdf:datatype="http://www.w3.org/2001/XMLSchema#integer">2074898</dbpedia-owl:wikiPageID>
    <dbpedia-owl:wikiPageRevisionID rdf:datatype="http://www.w3.org/2001/XMLSchema#integer">540441500</dbpedia-owl:wikiPageRevisionID>
    <rdfs:label xml:lang="nl">Gemeentemuseum Den Haag</rdfs:label>
    <rdfs:label xml:lang="pl">Gemeentemuseum Den Haag</rdfs:label>
    <rdfs:label xml:lang="de">Gemeentemuseum Den Haag</rdfs:label>
    <rdfs:label xml:lang="it">Gemeentemuseum</rdfs:label>
    <rdfs:label xml:lang="fr">Gemeentemuseum Den Haag</rdfs:label>
    <rdfs:label xml:lang="ru">Муниципальный музей (Гаага)</rdfs:label>
    <rdfs:label xml:lang="en">Gemeentemuseum Den Haag</rdfs:label>
    <rdfs:label xml:lang="pt">Museu Municipal de Haia</rdfs:label>
    <foaf:depiction rdf:resource="http://upload.wikimedia.org/wikipedia/commons/a/ac/Gemeente_museum.jpg" />
    <rdfs:comment xml:lang="it">Il Gemeentemuseum Den Haag è un museo a L&#39;Aia con un&#39;importante collezione di arte moderna.</rdfs:comment>
    <rdfs:comment xml:lang="de">Das Gemeentemuseum ist das Stadtmuseum von Den Haag und liegt im Norden der Innenstadt, im Gartenstadtviertel Duinoord, unweit des Friedenspalastes.</rdfs:comment>
    <rdfs:comment xml:lang="pt">O Museu Municipal de Haia é um museu de arte localizado em Haia, Países Baixos. Projetado pelo arquiteto neerlandês H.P. Berlage, o museu é conhecido por ter o maior acervo mundial das obra de Piet Mondrian, incluindo sua última obra, Victory Boogie-Woogie.</rdfs:comment>
    <rdfs:comment xml:lang="ru">Муниципальный музей Гааги (нидерл.  Het Gemeentemuseum Den Haag) — музей современного искусства, декоративно-прикладного искусства, моды и музыкальных инструментов в Гааге. Один из ведущих художественных музеев Нидерландов.</rdfs:comment>
    <rdfs:comment xml:lang="fr">Le musée municipal est situé à La Haye. Ce musée construit par l&#39;architecte hollandais H.P. Berlage en 1935, doit sa réputation à sa collection du peintre Mondrian, la plus grande au monde dont sa dernière œuvre Victory Boogie Woogie.</rdfs:comment>
    <rdfs:comment xml:lang="nl">| Gemeentemuseum Den Haag Haags Gemeentemuseum Bestand:Gemeente museum. jpg Opgericht 1935 Locatie Den Haag, Nederland Type moderne kunst kunstnijverheid mode muziek Personen Directeur Benno Tempel Overig Monumentstatus Rijksmonument Monumentnummer 461450 Aantal bezoekers 460.000 (2010) Website www. gemeentemuseum. nl Portaal  Portaalicoon   Kunst &amp; Cultuur |- | |- | |} Het Gemeentemuseum Den Haag is een museum voor moderne kunst, kunstnijverheid, mode en muziekinstrumenten in Den Haag.</rdfs:comment>
    <rdfs:comment xml:lang="pl">Gemeentemuseum Den Haag (Muzeum Miejskie w Hadze) to galeria sztuki znajdująca się w Hadze, mająca głównie zbiory sztuki z XIX i XX w. Kolekcja malarska obejmuje dzieła malarzy holenderskich: Jana Steena, Jana van Goyena, Jacoba van Ruisdaela, największy zbiór prac Pieta Mondriana oraz twórczość ilustrującą XIX-wieczne odrodzenie malarstwa holenderskiego. Poza tym w zbiorach muzeum znaleźć można kryształy i szkła włoskie, porcelanę z Delft i Chin, srebra haskie oraz instrumenty muzyczne.</rdfs:comment>
    <rdfs:comment xml:lang="en">The Municipal Museum (Dutch: Gemeentemuseum Den Haag) is an art museum, located in The Hague, Netherlands. The museum, built 1931–1935, was designed by the Dutch architect H.P. Berlage. It is renowned for its large Mondrian collection, the largest in the world. His last work, Victory Boogie-Woogie, is on display here.</rdfs:comment>
    <dbpedia-owl:thumbnail rdf:resource="http://upload.wikimedia.org/wikipedia/commons/thumb/a/ac/Gemeente_museum.jpg/200px-Gemeente_museum.jpg" />
    <dbpedia-owl:wikiPageExternalLink rdf:resource="http://www.gemeentemuseum.nl/index.php?id=1&amp;langId=en" />
    <foaf:homepage rdf:resource="http://www.gemeentemuseum.nl/index.php?id=1&amp;langId=en" />
    <geo:geometry rdf:datatype="http://www.openlinksw.com/schemas/virtrdf#Geometry">POINT(4.28056 52.0894)</geo:geometry>
    <foaf:isPrimaryTopicOf rdf:resource="http://en.wikipedia.org/wiki/Gemeentemuseum_Den_Haag" />
    <geo:long rdf:datatype="http://www.w3.org/2001/XMLSchema#float">4.28056</geo:long>
    <geo:lat rdf:datatype="http://www.w3.org/2001/XMLSchema#float">52.0894</geo:lat>
    <ns8:wasDerivedFrom rdf:resource="http://en.wikipedia.org/wiki/Gemeentemuseum_Den_Haag?oldid=540441500" />
    <grs:point xml:lang="en">52.089444444444446 4.280555555555556</grs:point>
    <dbpprop:hasPhotoCollection rdf:resource="http://wifo5-03.informatik.uni-mannheim.de/flickrwrappr/photos/Gemeentemuseum_Den_Haag" />
  </rdf:Description>
  <rdf:Description rdf:about="http://dbpedia.org/resource/Gemeentemuseum">
    <dbpedia-owl:wikiPageRedirects rdf:resource="http://dbpedia.org/resource/Gemeentemuseum_Den_Haag" />
  </rdf:Description>
  <rdf:Description rdf:about="http://dbpedia.org/resource/Municipal_Museum_The_Hague">
    <dbpedia-owl:wikiPageRedirects rdf:resource="http://dbpedia.org/resource/Gemeentemuseum_Den_Haag" />
  </rdf:Description>
  <rdf:Description rdf:about="http://pl.dbpedia.org/resource/Gemeentemuseum_Den_Haag">
    <owl:sameAs rdf:resource="http://dbpedia.org/resource/Gemeentemuseum_Den_Haag" />
  </rdf:Description>
  <rdf:Description rdf:about="http://ru.dbpedia.org/resource/Муниципальный_музей_(Гаага)">
    <owl:sameAs rdf:resource="http://dbpedia.org/resource/Gemeentemuseum_Den_Haag" />
  </rdf:Description>
  <rdf:Description rdf:about="http://dbpedia.org/resource/Gemeente_Museum_Hague">
    <dbpedia-owl:wikiPageRedirects rdf:resource="http://dbpedia.org/resource/Gemeentemuseum_Den_Haag" />
  </rdf:Description>
  <rdf:Description rdf:about="http://en.wikipedia.org/wiki/Gemeentemuseum_Den_Haag">
    <foaf:primaryTopic rdf:resource="http://dbpedia.org/resource/Gemeentemuseum_Den_Haag" />
  </rdf:Description>
  <rdf:Description rdf:about="http://nl.dbpedia.org/resource/Gemeentemuseum_Den_Haag">
    <owl:sameAs rdf:resource="http://dbpedia.org/resource/Gemeentemuseum_Den_Haag" />
  </rdf:Description>
  <rdf:Description rdf:about="http://wikidata.dbpedia.org/resource/Q1499958">
    <owl:sameAs rdf:resource="http://dbpedia.org/resource/Gemeentemuseum_Den_Haag" />
  </rdf:Description>
  <rdf:Description rdf:about="http://fy.dbpedia.org/resource/Haachsk_Gemeentemuseum">
    <owl:sameAs rdf:resource="http://dbpedia.org/resource/Gemeentemuseum_Den_Haag" />
  </rdf:Description>
  <rdf:Description rdf:about="http://tr.dbpedia.org/resource/Gemeentemuseum_Den_Haag">
    <owl:sameAs rdf:resource="http://dbpedia.org/resource/Gemeentemuseum_Den_Haag" />
  </rdf:Description>
  <rdf:Description rdf:about="http://uk.dbpedia.org/resource/Гаазький_муніципальний_музей">
    <owl:sameAs rdf:resource="http://dbpedia.org/resource/Gemeentemuseum_Den_Haag" />
  </rdf:Description>
</rdf:RDF>
