<?xml version="1.0" encoding="utf-8" ?>
<rdf:RDF
	xmlns:rdf="http://www.w3.org/1999/02/22-rdf-syntax-ns#"
	xmlns:rdfs="http://www.w3.org/2000/01/rdf-schema#"
	xmlns:owl="http://www.w3.org/2002/07/owl#"
	xmlns:dcterms="http://purl.org/dc/terms/"
	xmlns:dbpedia-owl="http://dbpedia.org/ontology/"
	xmlns:foaf="http://xmlns.com/foaf/0.1/"
	xmlns:dbpprop="http://dbpedia.org/property/"
	xmlns:geo="http://www.w3.org/2003/01/geo/wgs84_pos#"
	xmlns:ns8="http://www.w3.org/ns/prov#"
	xmlns:grs="http://www.georss.org/georss/" >
  <rdf:Description rdf:about="http://dbpedia.org/resource/Getty">
    <dbpedia-owl:wikiPageDisambiguates rdf:resource="http://dbpedia.org/resource/Getty_Center" />
  </rdf:Description>
  <rdf:Description rdf:about="http://es.dbpedia.org/resource/The_Getty_Center">
    <owl:sameAs rdf:resource="http://dbpedia.org/resource/Getty_Center" />
  </rdf:Description>
  <rdf:Description rdf:about="http://dbpedia.org/resource/Richard_Meier">
    <dbpedia-owl:significantBuilding rdf:resource="http://dbpedia.org/resource/Getty_Center" />
  </rdf:Description>
  <rdf:Description rdf:about="http://dbpedia.org/resource/Getty_Center">
    <rdf:type rdf:resource="http://dbpedia.org/class/yago/Depository103177349" />
    <rdf:type rdf:resource="http://dbpedia.org/class/yago/YagoPermanentlyLocatedEntity" />
    <rdf:type rdf:resource="http://dbpedia.org/class/yago/PhysicalEntity100001930" />
    <rdf:type rdf:resource="http://schema.org/Museum" />
    <rdf:type rdf:resource="http://dbpedia.org/ontology/ArchitecturalStructure" />
    <rdf:type rdf:resource="http://dbpedia.org/ontology/Place" />
    <rdf:type rdf:resource="http://schema.org/Place" />
    <rdf:type rdf:resource="http://dbpedia.org/ontology/Building" />
    <rdf:type rdf:resource="http://dbpedia.org/class/yago/Museum103800563" />
    <rdf:type rdf:resource="http://dbpedia.org/class/yago/YagoGeoEntity" />
    <rdf:type rdf:resource="http://dbpedia.org/class/yago/MuseumsEstablishedIn1997" />
    <rdf:type rdf:resource="http://dbpedia.org/class/yago/Whole100003553" />
    <rdf:type rdf:resource="http://dbpedia.org/class/yago/MuseumsInLosAngeles,California" />
    <rdf:type rdf:resource="http://dbpedia.org/class/yago/Object100002684" />
    <rdf:type rdf:resource="http://www.w3.org/2002/07/owl#Thing" />
    <rdf:type rdf:resource="http://www.opengis.net/gml/_Feature" />
    <rdf:type rdf:resource="http://dbpedia.org/class/yago/ArtMuseumsInCalifornia" />
    <rdf:type rdf:resource="http://dbpedia.org/class/yago/PhotographyMuseumsInTheUnitedStates" />
    <rdf:type rdf:resource="http://dbpedia.org/ontology/Museum" />
    <rdf:type rdf:resource="http://dbpedia.org/class/yago/Facility103315023" />
    <rdf:type rdf:resource="http://dbpedia.org/class/yago/Artifact100021939" />
    <owl:sameAs rdf:resource="http://sws.geonames.org/7535519/" />
    <owl:sameAs rdf:resource="http://rdf.freebase.com/ns/m.01mvl6" />
    <owl:sameAs rdf:resource="http://ca.dbpedia.org/resource/Getty_Center" />
    <owl:sameAs rdf:resource="http://sv.dbpedia.org/resource/Getty_Center" />
    <owl:sameAs rdf:resource="http://es.dbpedia.org/resource/The_Getty_Center" />
    <owl:sameAs rdf:resource="http://nl.dbpedia.org/resource/Getty_Center" />
    <owl:sameAs rdf:resource="http://fr.dbpedia.org/resource/Getty_Center" />
    <owl:sameAs rdf:resource="http://is.dbpedia.org/resource/Getty_Center" />
    <owl:sameAs rdf:resource="http://tr.dbpedia.org/resource/Getty_Center" />
    <owl:sameAs rdf:resource="http://yago-knowledge.org/resource/Getty_Center" />
    <owl:sameAs rdf:resource="http://war.dbpedia.org/resource/Getty_Center" />
    <owl:sameAs rdf:resource="http://dbpedia.org/resource/Getty_Center" />
    <owl:sameAs rdf:resource="http://de.dbpedia.org/resource/Getty_Center" />
    <owl:sameAs rdf:resource="http://fa.dbpedia.org/resource/مرکز_گتی" />
    <owl:sameAs rdf:resource="http://pt.dbpedia.org/resource/Getty_Center" />
    <owl:sameAs rdf:resource="http://simple.dbpedia.org/resource/Getty_Center" />
    <owl:sameAs rdf:resource="http://mzn.dbpedia.org/resource/گتی_مرکز" />
    <owl:sameAs rdf:resource="http://www.wikidata.org/entity/Q29247" />
    <dcterms:subject rdf:resource="http://dbpedia.org/resource/Category:Photography_museums_in_the_United_States" />
    <dcterms:subject rdf:resource="http://dbpedia.org/resource/Category:Art_in_the_Greater_Los_Angeles_Area" />
    <dcterms:subject rdf:resource="http://dbpedia.org/resource/Category:Buildings_and_structures_completed_in_1997" />
    <dcterms:subject rdf:resource="http://dbpedia.org/resource/Category:Richard_Meier_buildings" />
    <dcterms:subject rdf:resource="http://dbpedia.org/resource/Category:Art_museums_in_California" />
    <dcterms:subject rdf:resource="http://dbpedia.org/resource/Category:Hovair_people_movers" />
    <dcterms:subject rdf:resource="http://dbpedia.org/resource/Category:J._Paul_Getty_Trust" />
    <dcterms:subject rdf:resource="http://dbpedia.org/resource/Category:Museums_in_Los_Angeles,_California" />
    <dcterms:subject rdf:resource="http://dbpedia.org/resource/Category:Museums_established_in_1997" />
    <dbpedia-owl:abstract xml:lang="fr">Le Getty Center est un campus culturel et de recherche situé à Los Angeles, en Californie. Le bâtiment a été réalisé par l&#39;architecte Richard Meier sur une colline de Brentwood. On y trouve une partie du J. Paul Getty Museum (dont l&#39;autre site est la Villa Getty), ainsi que le Getty Research Institute et le Getty Conservation Institute.</dbpedia-owl:abstract>
    <dbpedia-owl:abstract xml:lang="nl">Het Getty Center is een Amerikaans kunstmuseum in Los Angeles en Malibu (Californië). De verzamelingen van dit museum gaan terug op de privécollecties van de oliemagnaat Jean Paul Getty die het museum in 1953 oprichtte als het J. Paul Getty Museum. Sinds 1997 bevindt een groot deel van de collecties zich in het Getty Center in Los Angeles in een museumgebouw naar ontwerp van Richard Meier, in Nederland bekend door het stadhuis van Den Haag. De verzameling voorwerpen uit de Klassieke Oudheid bevindt zich sinds 2006 weer in Malibu in de Getty Villa. Het gebouw uit 1974 is een imitatie is van de Villa dei Papiri in Herculaneum. Zowel de Getty Villa als het Getty Center worden beheerd door de Getty Trust. De verzamelingen van het Getty Museum omvatten het volgende: oudheidkundige (kunst-)voorwerpen tekeningen verluchte handschriften schilderijen fotografie kunsthandwerk</dbpedia-owl:abstract>
    <dbpedia-owl:abstract xml:lang="sv">Getty Center är ett konstcentrum i Brentwood i Los Angeles, Kalifornien, USA, som bland annat omfattar konstmuseet J. Paul Getty Museum. Getty Center öppnade i december 1997. Förutom konstmuseet inryms ett forskningsinstitut, en konservatorenhet, Gettystiftelsen samt J. Paul Getty Trust, som äger och driver centret. Arkitekten Richard Meier har utnyttjat sig av två konvergerande bergskammar. Utefter den ena finns konstgallerierna och utefter den andra ligger byggnader för administration. Byggnaderna, som är gjorda i betong och stål, är klädda med travertinmarmor eller aluminium. Inom hela området finns fontäner, som också ger ett behagligt bakgrundsljud. Den stora Central Garden i Getty Center är skapad av trädgårdsarkitekten Robert Irwin. J. Paul Getty Museums samlingar består av europeisk bildkonst, skulptur och konsthantveerk från tiden fram till och med 1800-talet samt europeiskaa och amerikanska fotografier från 1800- och 1900-tal.</dbpedia-owl:abstract>
    <dbpedia-owl:abstract xml:lang="es">The Getty Center (“El Centro Getty”) se encuentra en el 1200 de la calle Getty Center Drive del barrio de Brentwood de Los Ángeles, California. El Centro Getty es una especie de campus que reúne la sede principal del Museo J. Paul Getty, la Fundación Getty, un Instituto de Investigación, un Instituto de Conservación y el Fideicomiso Getty, además de las instalaciones de un auditorio y varios jardines. El nombre del centro alude al empresario y filántropo norteamericano Jean Paul Getty, quien aportó a un fideicomiso llamado J. Paul Getty Trust cuantiosos fondos, su colección privada de arte y una villa de estilo romano ubicada en la cotizada zona residencial de Pacific Palisades. Este magnate había adquirido arte desde la década de 1930, si bien de manera informal, y fue a partir de la donación cuando su colección empezó a crecer de manera sistemática y alcanzó rango internacional. En el citado palacio-museo se inauguró, en 1974, el Museo J. Paul Getty, que su web oficial denomina más coloquialmente Getty Villa. Alberga los fondos de arte grecorromano, en sintonía con su estilo arquitectónico inspirado en las villas antiguas de Pompeya y Herculano. La apertura del Centro Getty en Los Ángeles, diseñado por Richard Meier e inaugurado en 1997, supuso el traslado de casi todas las colecciones artísticas, salvo las piezas griegas y romanas que permanecen en la citada villa de Malibú. El acceso al Centro Getty es gratuito, la única tarifa es la del estacionamiento para el público visitante que es de 10 dólares por automóvil.</dbpedia-owl:abstract>
    <dbpedia-owl:abstract xml:lang="de">Das Getty Center in Brentwood, einem Distrikt im Westen von Los Angeles, Kalifornien, ist der Sitz des J. Paul Getty Trusts und beherbergt seit dem Jahr 1997 das J. Paul Getty Museum und weitere wissenschaftliche Einrichtungen, wie das Getty Research Institute, das Getty Conservation Institute, das auf dem Gebiet der Restaurierung tätig ist, und das Getty Leadership Institute, das sich um die Aus- und Fortbildung von Führungspersonal für Museen kümmert. Ausgegliedert ist die Antiken-Sammlung, die in der Getty Villa, einem Nachbau der Villa dei Papiri in Herculaneum, weiter westlich an der Pazifikküste ausgestellt ist. Entworfen wurde der Gebäudekomplex von dem US-amerikanischen Architekten Richard Meier, der bereits Mitte der 1980er-Jahre mit dem Entwurf beauftragt wurde. Die Bauarbeiten begannen im Jahr 1991 und dauerten bis zum Jahr 1997. Für die Landschaftsgestaltung zeichnen das Landschaftsarchitekturbüro Olin Partnership aus Philadelphia und der Landschaftsarchitekt Robert Irwin verantwortlich. Robert Irwin ist für den Zentralgarten zuständig, während Lauri Olin zusammen mit Richard Meier die anderen Gärten plante. Im J. Paul Getty Museum hat der Milliardär Jean Paul Getty etwa 50.000 Kunstwerke zusammengetragen und der allgemeinen Öffentlichkeit kostenlos zugänglich gemacht. Die Auswahl konzentriert sich dabei auf klassische Kunstwerke wie Skulpturen, Gemälde, Zeichnungen, Manuskripte und Fotografien. Das Getty Center hat eine eigene Ausfahrt auf der Autobahn Interstate 405 vom Flughafen Los Angeles Richtung Norden und ist schon von weitem auf dem Berg liegend zu sehen. Von dort hat man bei klarem Wetter Aussicht auf den Pazifischen Ozean, die Berge von Big Bear City und das Tiefland von Los Angeles.</dbpedia-owl:abstract>
    <dbpedia-owl:abstract xml:lang="en">The Getty Center, in Brentwood, Los Angeles, California, is a campus for the J. Paul Getty Trust founded by oilman J. Paul Getty. The $1.3 billion center, which opened on December 16, 1997, is also well known for its architecture, gardens, and views overlooking Los Angeles. The center sits atop a hill connected to a visitors&#39; parking garage at the bottom of the hill by a three-car, cable-pulled tram. The center draws 1.3 million visitors annually. It is one of two locations of the J. Paul Getty Museum. This branch of the museum specializes in "pre-20th-century European paintings, drawings, illuminated manuscripts, sculpture, and decorative arts; and 19th- and 20th-century American and European photographs". Among the works on display is the painting Irises by Vincent van Gogh. Besides the museum, the center&#39;s buildings house the Getty Research Institute (GRI), the Getty Conservation Institute, the Getty Foundation, and the administrative offices of the J. Paul Getty Trust, which owns and operates the center. The center also has outdoor sculptures displayed on terraces and in gardens. Designed by architect Richard Meier, the campus includes a central garden designed by artist Robert Irwin. GRI&#39;s separate building contains a research library with over 900,000 volumes and two million photographs of art and architecture. The center&#39;s design included special provisions to address concerns regarding earthquakes and fires.</dbpedia-owl:abstract>
    <dbpedia-owl:abstract xml:lang="pt">O Getty Center é um complexo cultural localizado em Brentwood, um bairro da cidade de Los Angeles nos Estados Unidos. No complexo encontram-se uma série de órgãos ligados ao bilionário Jean Paul Getty: o empreendimento cultural J. Paul Getty Trusts, o museu J. Paul Getty Museum e outras instituições associadas, como o instituto de pesquisas Getty Research Institute, o instituto de conservação Getty Conservation Institute e o instituto de lideranças Getty Leadership Institute, o qual está empenhado em educar museólogos e museólogas principiantes bem como propiciar o aperfeiçoamento a profissionais já experientes nesta área. O complexo arquitetônico foi concebido pelo arquiteto estado-unidense Richard Meier. Já em meados da década de 1980 o arquiteto estava envolvido no projeto, embora as obras só tenham sido iniciadas em 1991 e se estenderam até 1997. O projeto paisagístico das imediações foi concebido e realizado pela empresa Olin Partnership. O bilionário Jean Paul Getty reuniu cerca de cinquenta mil obras de arte em seu museu J. Paul Getty Museum, sendo que o seu acesso, logo de início, foi oferecido gratuitamente ao grande público. As coleções concentram peças de arte do período clássico ocidental, como esculturas, pinturas, desenhos, manuscritos e fotografias.</dbpedia-owl:abstract>
    <dbpedia-owl:collection xml:lang="en">art museum</dbpedia-owl:collection>
    <dbpedia-owl:location rdf:resource="http://dbpedia.org/resource/Los_Angeles" />
    <dbpedia-owl:location rdf:resource="http://dbpedia.org/resource/California" />
    <dbpedia-owl:numberOfVisitors rdf:datatype="http://www.w3.org/2001/XMLSchema#integer">1153903</dbpedia-owl:numberOfVisitors>
    <dbpedia-owl:wikiPageID rdf:datatype="http://www.w3.org/2001/XMLSchema#integer">18952656</dbpedia-owl:wikiPageID>
    <dbpedia-owl:wikiPageRevisionID rdf:datatype="http://www.w3.org/2001/XMLSchema#integer">540411274</dbpedia-owl:wikiPageRevisionID>
    <rdfs:label xml:lang="nl">Getty Center</rdfs:label>
    <rdfs:label xml:lang="fr">Getty Center</rdfs:label>
    <rdfs:label xml:lang="es">The Getty Center</rdfs:label>
    <rdfs:label xml:lang="de">Getty Center</rdfs:label>
    <rdfs:label xml:lang="sv">Getty Center</rdfs:label>
    <rdfs:label xml:lang="en">Getty Center</rdfs:label>
    <rdfs:label xml:lang="pt">Getty Center</rdfs:label>
    <foaf:depiction rdf:resource="http://upload.wikimedia.org/wikipedia/commons/b/b8/Getty_Center_2.jpg" />
    <rdfs:comment xml:lang="nl">Het Getty Center is een Amerikaans kunstmuseum in Los Angeles en Malibu (Californië). De verzamelingen van dit museum gaan terug op de privécollecties van de oliemagnaat Jean Paul Getty die het museum in 1953 oprichtte als het J. Paul Getty Museum. Sinds 1997 bevindt een groot deel van de collecties zich in het Getty Center in Los Angeles in een museumgebouw naar ontwerp van Richard Meier, in Nederland bekend door het stadhuis van Den Haag.</rdfs:comment>
    <rdfs:comment xml:lang="es">The Getty Center (“El Centro Getty”) se encuentra en el 1200 de la calle Getty Center Drive del barrio de Brentwood de Los Ángeles, California. El Centro Getty es una especie de campus que reúne la sede principal del Museo J. Paul Getty, la Fundación Getty, un Instituto de Investigación, un Instituto de Conservación y el Fideicomiso Getty, además de las instalaciones de un auditorio y varios jardines.</rdfs:comment>
    <rdfs:comment xml:lang="de">Das Getty Center in Brentwood, einem Distrikt im Westen von Los Angeles, Kalifornien, ist der Sitz des J. Paul Getty Trusts und beherbergt seit dem Jahr 1997 das J. Paul Getty Museum und weitere wissenschaftliche Einrichtungen, wie das Getty Research Institute, das Getty Conservation Institute, das auf dem Gebiet der Restaurierung tätig ist, und das Getty Leadership Institute, das sich um die Aus- und Fortbildung von Führungspersonal für Museen kümmert.</rdfs:comment>
    <rdfs:comment xml:lang="fr">Le Getty Center est un campus culturel et de recherche situé à Los Angeles, en Californie. Le bâtiment a été réalisé par l&#39;architecte Richard Meier sur une colline de Brentwood. On y trouve une partie du J. Paul Getty Museum (dont l&#39;autre site est la Villa Getty), ainsi que le Getty Research Institute et le Getty Conservation Institute.</rdfs:comment>
    <rdfs:comment xml:lang="pt">O Getty Center é um complexo cultural localizado em Brentwood, um bairro da cidade de Los Angeles nos Estados Unidos. No complexo encontram-se uma série de órgãos ligados ao bilionário Jean Paul Getty: o empreendimento cultural J. Paul Getty Trusts, o museu J.</rdfs:comment>
    <rdfs:comment xml:lang="sv">Getty Center är ett konstcentrum i Brentwood i Los Angeles, Kalifornien, USA, som bland annat omfattar konstmuseet J. Paul Getty Museum. Getty Center öppnade i december 1997. Förutom konstmuseet inryms ett forskningsinstitut, en konservatorenhet, Gettystiftelsen samt J. Paul Getty Trust, som äger och driver centret. Arkitekten Richard Meier har utnyttjat sig av två konvergerande bergskammar. Utefter den ena finns konstgallerierna och utefter den andra ligger byggnader för administration.</rdfs:comment>
    <rdfs:comment xml:lang="en">The Getty Center, in Brentwood, Los Angeles, California, is a campus for the J. Paul Getty Trust founded by oilman J. Paul Getty. The $1.3 billion center, which opened on December 16, 1997, is also well known for its architecture, gardens, and views overlooking Los Angeles. The center sits atop a hill connected to a visitors&#39; parking garage at the bottom of the hill by a three-car, cable-pulled tram. The center draws 1.3 million visitors annually. It is one of two locations of the J.</rdfs:comment>
    <foaf:name xml:lang="en">Getty Center</foaf:name>
    <dbpedia-owl:thumbnail rdf:resource="http://upload.wikimedia.org/wikipedia/commons/thumb/b/b8/Getty_Center_2.jpg/200px-Getty_Center_2.jpg" />
    <dbpedia-owl:wikiPageExternalLink rdf:resource="http://maps.live.com/default.aspx?v=2&amp;cp=34.078~-118.475&amp;style=o&amp;lvl=1&amp;sp=Point.34.078_-118.475_Getty_Center___" />
    <dbpedia-owl:wikiPageExternalLink rdf:resource="http://www.getty.edu/" />
    <dbpedia-owl:wikiPageExternalLink rdf:resource="http://academic.reed.edu/getty/" />
    <dbpedia-owl:wikiPageExternalLink rdf:resource="http://www.getty.edu/museum/" />
    <dbpedia-owl:wikiPageExternalLink rdf:resource="http://www.landliving.com/articles/0000000048.aspx" />
    <dbpprop:alt xml:lang="en">Getty Center Exhibitions Pavilion</dbpprop:alt>
    <dbpprop:caption xml:lang="en">The Getty Center Exhibitions Pavilion.</dbpprop:caption>
    <dbpprop:collection xml:lang="en">art museum</dbpprop:collection>
    <dbpprop:director xml:lang="en">David Bomford</dbpprop:director>
    <dbpprop:established rdf:datatype="http://www.w3.org/2001/XMLSchema#integer">1997</dbpprop:established>
    <dbpprop:imagesize rdf:datatype="http://www.w3.org/2001/XMLSchema#integer">200</dbpprop:imagesize>
    <dbpprop:location xml:lang="en">Los Angeles, California</dbpprop:location>
    <dbpprop:name xml:lang="en">Getty Center</dbpprop:name>
    <dbpprop:publictransit xml:lang="en">Metro Rapid Line 761</dbpprop:publictransit>
    <dbpprop:visitors rdf:datatype="http://www.w3.org/2001/XMLSchema#integer">1153903</dbpprop:visitors>
    <dbpprop:website rdf:resource="http://www.getty.edu/museum/" />
    <foaf:homepage rdf:resource="http://www.getty.edu/museum/" />
    <geo:geometry rdf:datatype="http://www.openlinksw.com/schemas/virtrdf#Geometry">POINT(-118.475 34.0775)</geo:geometry>
    <foaf:isPrimaryTopicOf rdf:resource="http://en.wikipedia.org/wiki/Getty_Center" />
    <geo:long rdf:datatype="http://www.w3.org/2001/XMLSchema#float">-118.475</geo:long>
    <geo:lat rdf:datatype="http://www.w3.org/2001/XMLSchema#float">34.0775</geo:lat>
    <ns8:wasDerivedFrom rdf:resource="http://en.wikipedia.org/wiki/Getty_Center?oldid=540411274" />
    <grs:point xml:lang="en">34.0775 -118.475</grs:point>
    <dbpprop:hasPhotoCollection rdf:resource="http://wifo5-03.informatik.uni-mannheim.de/flickrwrappr/photos/Getty_Center" />
  </rdf:Description>
  <rdf:Description rdf:about="http://dbpedia.org/resource/Adoration_of_the_Child_(Gentile_da_Fabriano)">
    <dbpedia-owl:museum rdf:resource="http://dbpedia.org/resource/Getty_Center" />
    <dbpprop:museum rdf:resource="http://dbpedia.org/resource/Getty_Center" />
  </rdf:Description>
  <rdf:Description rdf:about="http://de.dbpedia.org/resource/Getty_Center">
    <owl:sameAs rdf:resource="http://dbpedia.org/resource/Getty_Center" />
  </rdf:Description>
  <rdf:Description rdf:about="http://fr.dbpedia.org/resource/Getty_Center">
    <owl:sameAs rdf:resource="http://dbpedia.org/resource/Getty_Center" />
  </rdf:Description>
  <rdf:Description rdf:about="http://pt.dbpedia.org/resource/Getty_Center">
    <owl:sameAs rdf:resource="http://dbpedia.org/resource/Getty_Center" />
  </rdf:Description>
  <rdf:Description rdf:about="http://dbpedia.org/resource/J._Paul_Getty_Center">
    <dbpedia-owl:wikiPageRedirects rdf:resource="http://dbpedia.org/resource/Getty_Center" />
  </rdf:Description>
  <rdf:Description rdf:about="http://dbpedia.org/resource/Getty_Centre">
    <dbpedia-owl:wikiPageRedirects rdf:resource="http://dbpedia.org/resource/Getty_Center" />
  </rdf:Description>
  <rdf:Description rdf:about="http://dbpedia.org/resource/The_Getty_Center">
    <dbpedia-owl:wikiPageRedirects rdf:resource="http://dbpedia.org/resource/Getty_Center" />
  </rdf:Description>
  <rdf:Description rdf:about="http://en.wikipedia.org/wiki/Getty_Center">
    <foaf:primaryTopic rdf:resource="http://dbpedia.org/resource/Getty_Center" />
  </rdf:Description>
  <rdf:Description rdf:about="http://nl.dbpedia.org/resource/Getty_Center">
    <owl:sameAs rdf:resource="http://dbpedia.org/resource/Getty_Center" />
  </rdf:Description>
  <rdf:Description rdf:about="http://wikidata.dbpedia.org/resource/Q29247">
    <owl:sameAs rdf:resource="http://dbpedia.org/resource/Getty_Center" />
  </rdf:Description>
  <rdf:Description rdf:about="http://ca.dbpedia.org/resource/Getty_Center">
    <owl:sameAs rdf:resource="http://dbpedia.org/resource/Getty_Center" />
  </rdf:Description>
  <rdf:Description rdf:about="http://fa.dbpedia.org/resource/مرکز_گتی">
    <owl:sameAs rdf:resource="http://dbpedia.org/resource/Getty_Center" />
  </rdf:Description>
  <rdf:Description rdf:about="http://is.dbpedia.org/resource/Getty_Center">
    <owl:sameAs rdf:resource="http://dbpedia.org/resource/Getty_Center" />
  </rdf:Description>
  <rdf:Description rdf:about="http://mzn.dbpedia.org/resource/گتی_مرکز">
    <owl:sameAs rdf:resource="http://dbpedia.org/resource/Getty_Center" />
  </rdf:Description>
  <rdf:Description rdf:about="http://simple.dbpedia.org/resource/Getty_Center">
    <owl:sameAs rdf:resource="http://dbpedia.org/resource/Getty_Center" />
  </rdf:Description>
  <rdf:Description rdf:about="http://sv.dbpedia.org/resource/Getty_Center">
    <owl:sameAs rdf:resource="http://dbpedia.org/resource/Getty_Center" />
  </rdf:Description>
  <rdf:Description rdf:about="http://tr.dbpedia.org/resource/Getty_Center">
    <owl:sameAs rdf:resource="http://dbpedia.org/resource/Getty_Center" />
  </rdf:Description>
  <rdf:Description rdf:about="http://war.dbpedia.org/resource/Getty_Center">
    <owl:sameAs rdf:resource="http://dbpedia.org/resource/Getty_Center" />
  </rdf:Description>
</rdf:RDF>
