<?xml version="1.0" encoding="utf-8" ?>
<rdf:RDF
	xmlns:rdf="http://www.w3.org/1999/02/22-rdf-syntax-ns#"
	xmlns:rdfs="http://www.w3.org/2000/01/rdf-schema#"
	xmlns:owl="http://www.w3.org/2002/07/owl#"
	xmlns:dcterms="http://purl.org/dc/terms/"
	xmlns:dbpedia-owl="http://dbpedia.org/ontology/"
	xmlns:foaf="http://xmlns.com/foaf/0.1/"
	xmlns:dbpprop="http://dbpedia.org/property/"
	xmlns:ns7="http://www.w3.org/ns/prov#" >
  <rdf:Description rdf:about="http://en.wikipedia.org/wiki/Jan_Hulsker">
    <foaf:primaryTopic rdf:resource="http://dbpedia.org/resource/Jan_Hulsker" />
  </rdf:Description>
  <rdf:Description rdf:about="http://dbpedia.org/resource/Cows_in_the_Meadow">
    <dbpedia-owl:museum rdf:resource="http://dbpedia.org/resource/Jan_Hulsker" />
  </rdf:Description>
  <rdf:Description rdf:about="http://dbpedia.org/resource/Landscape_with_a_Carriage_and_a_Train">
    <dbpedia-owl:museum rdf:resource="http://dbpedia.org/resource/Jan_Hulsker" />
  </rdf:Description>
  <rdf:Description rdf:about="http://dbpedia.org/resource/Tree_Roots">
    <dbpedia-owl:museum rdf:resource="http://dbpedia.org/resource/Jan_Hulsker" />
  </rdf:Description>
  <rdf:Description rdf:about="http://de.dbpedia.org/resource/Jan_Hulsker">
    <owl:sameAs rdf:resource="http://dbpedia.org/resource/Jan_Hulsker" />
  </rdf:Description>
  <rdf:Description rdf:about="http://dbpedia.org/resource/Jan_Hulsker">
    <rdf:type rdf:resource="http://dbpedia.org/ontology/Museum" />
    <rdf:type rdf:resource="http://dbpedia.org/class/yago/Historian110177150" />
    <rdf:type rdf:resource="http://www.w3.org/2002/07/owl#Thing" />
    <rdf:type rdf:resource="http://dbpedia.org/class/yago/PeopleFromTheHague" />
    <rdf:type rdf:resource="http://dbpedia.org/ontology/ArchitecturalStructure" />
    <rdf:type rdf:resource="http://dbpedia.org/class/yago/YagoLegalActorGeo" />
    <rdf:type rdf:resource="http://dbpedia.org/ontology/Place" />
    <rdf:type rdf:resource="http://dbpedia.org/class/yago/Whole100003553" />
    <rdf:type rdf:resource="http://dbpedia.org/class/yago/Intellectual109621545" />
    <rdf:type rdf:resource="http://dbpedia.org/class/yago/Scholar110557854" />
    <rdf:type rdf:resource="http://dbpedia.org/class/yago/LivingThing100004258" />
    <rdf:type rdf:resource="http://dbpedia.org/class/yago/PhysicalEntity100001930" />
    <rdf:type rdf:resource="http://dbpedia.org/class/yago/Object100002684" />
    <rdf:type rdf:resource="http://dbpedia.org/ontology/Building" />
    <rdf:type rdf:resource="http://dbpedia.org/class/yago/Person100007846" />
    <rdf:type rdf:resource="http://schema.org/Place" />
    <rdf:type rdf:resource="http://dbpedia.org/class/yago/CausalAgent100007347" />
    <rdf:type rdf:resource="http://schema.org/Museum" />
    <rdf:type rdf:resource="http://dbpedia.org/class/yago/Organism100004475" />
    <rdf:type rdf:resource="http://dbpedia.org/class/yago/YagoLegalActor" />
    <rdf:type rdf:resource="http://xmlns.com/foaf/0.1/Person" />
    <rdf:type rdf:resource="http://dbpedia.org/class/yago/DutchArtHistorians" />
    <rdf:type rdf:resource="http://dbpedia.org/class/yago/ArtHistorian109811414" />
    <owl:sameAs rdf:resource="http://dbpedia.org/resource/Jan_Hulsker" />
    <owl:sameAs rdf:resource="http://fy.dbpedia.org/resource/Jan_Hulsker" />
    <owl:sameAs rdf:resource="http://pl.dbpedia.org/resource/Jan_Hulsker" />
    <owl:sameAs rdf:resource="http://nl.dbpedia.org/resource/Jan_Hulsker" />
    <owl:sameAs rdf:resource="http://rdf.freebase.com/ns/m.0g1ptq" />
    <owl:sameAs rdf:resource="http://ja.dbpedia.org/resource/ヤン・フルスケル" />
    <owl:sameAs rdf:resource="http://yago-knowledge.org/resource/Jan_Hulsker" />
    <owl:sameAs rdf:resource="http://de.dbpedia.org/resource/Jan_Hulsker" />
    <owl:sameAs rdf:resource="http://www.wikidata.org/entity/Q395240" />
    <dcterms:subject rdf:resource="http://dbpedia.org/resource/Category:1907_births" />
    <dcterms:subject rdf:resource="http://dbpedia.org/resource/Category:Dutch_art_historians" />
    <dcterms:subject rdf:resource="http://dbpedia.org/resource/Category:2002_deaths" />
    <dcterms:subject rdf:resource="http://dbpedia.org/resource/Category:People_from_The_Hague" />
    <dbpedia-owl:abstract xml:lang="pl">Jan Hulsker – holenderski historyk, badacz twórczości Vincenta van Gogha.</dbpedia-owl:abstract>
    <dbpedia-owl:abstract xml:lang="ja">ヤン・フルスケル（Jan Hulsker, 1907年10月2日 - 2002年11月9日）は、フィンセント・ファン・ゴッホの研究で知られるオランダの美術史研究者。</dbpedia-owl:abstract>
    <dbpedia-owl:abstract xml:lang="nl">Jan Hulsker was een Nederlandse kunsthistoricus. Hij studeerde Nederlandse literatuur in Leiden en promoveerde met een proefschrift over de schrijver Aart van der Leeuw. In 1953 werd hij benoemd tot lid van het Ministerie van Cultuur, Recreatie en Maatschappelijk werk, en kreeg de leiding van de kunstafdeling. In 1959 werd hij algemeen directeur die verantwoordelijk is voor cultuur in het algemeen (directeur-generaal Culturele Zaken). De oprichting van de Stichting Vincent van Gogh en het Van Gogh Museum in Amsterdam behoorden tot zijn belangrijkste taken. Vanaf de jaren 1950 droeg Hulsker bij aan het Van Gogh-onderzoek, toegespitst op de datering van de correspondentie van Van Gogh. In 1973 werd zijn belangrijkste studie gepubliceerd, Van Gogh door Van Gogh. In de jaren 1980 verliet Hulsker Nederland en vestigde zich in Vancouver, Canada, waar hij stierf in 2002.</dbpedia-owl:abstract>
    <dbpedia-owl:abstract xml:lang="de">Jan Hulsker war ein niederländischer Kunsthistoriker. Hulsker studierte niederländische Literatur in Leiden. In den 1950er Jahren engagierte er sich stark für die Einrichtung des Van Gogh Museums und erforschte den Briefwechsel der van Goghs. In den 1980-er Jahren wanderte Hulsker nach Kanada aus. Hulskers Katalogisierung der Gemälde Vincent van Goghs ist ein Standardwerk der Kunstgeschichte. In Bildbeschreibungen wird seine Aufzählung mit dem Kürzel „JH“ gekennzeichnet.</dbpedia-owl:abstract>
    <dbpedia-owl:abstract xml:lang="en">Jan Hulsker (2 October 1907, The Hague - 9 November 2002, Vancouver) is a Dutch art historian especially noted for his work on Vincent van Gogh. He studied Dutch literature in Leiden and was promoted with a thesis on the author Aart van der Leeuw. In 1953, he was appointed to the Ministerie van Cultuur, Recreatie en Maatschappelijk werk, in charge of the art department. In 1959, he became general director in charge of culture at large (directeur-generaal voor culturele zaken). The establishment of the Vincent van Gogh Foundation and the Van Gogh Museum in Amsterdam were among his major tasks. From the 1950s, Hulsker contributed to Van Gogh research, concentrating on the dating of Van Gogh&#39;s correspondence. In 1973, Hulsker&#39;s most important study was published, Van Gogh door Van Gogh, which has not been translated from the Dutch. He is the author of an acknowledged catalogue raisonné of Van Gogh&#39;s work. His catalogue numbers are preceded by a &#39;JH&#39;: thus JH1731 refers to Starry Night. In the 1980s, Hulsker left the Netherlands and settled in Vancouver, Canada, where he died in 2002.</dbpedia-owl:abstract>
    <dbpedia-owl:birthDate rdf:datatype="http://www.w3.org/2001/XMLSchema#date">1907-10-02</dbpedia-owl:birthDate>
    <dbpedia-owl:deathDate rdf:datatype="http://www.w3.org/2001/XMLSchema#date">2002-11-09</dbpedia-owl:deathDate>
    <dbpedia-owl:wikiPageID rdf:datatype="http://www.w3.org/2001/XMLSchema#integer">6337562</dbpedia-owl:wikiPageID>
    <dbpedia-owl:wikiPageRevisionID rdf:datatype="http://www.w3.org/2001/XMLSchema#integer">541283127</dbpedia-owl:wikiPageRevisionID>
    <rdfs:label xml:lang="en">Jan Hulsker</rdfs:label>
    <rdfs:label xml:lang="pl">Jan Hulsker</rdfs:label>
    <rdfs:label xml:lang="nl">Jan Hulsker</rdfs:label>
    <rdfs:label xml:lang="ja">ヤン・フルスケル</rdfs:label>
    <rdfs:label xml:lang="de">Jan Hulsker</rdfs:label>
    <rdfs:comment xml:lang="en">Jan Hulsker (2 October 1907, The Hague - 9 November 2002, Vancouver) is a Dutch art historian especially noted for his work on Vincent van Gogh. He studied Dutch literature in Leiden and was promoted with a thesis on the author Aart van der Leeuw. In 1953, he was appointed to the Ministerie van Cultuur, Recreatie en Maatschappelijk werk, in charge of the art department. In 1959, he became general director in charge of culture at large (directeur-generaal voor culturele zaken).</rdfs:comment>
    <rdfs:comment xml:lang="ja">ヤン・フルスケル（Jan Hulsker, 1907年10月2日 - 2002年11月9日）は、フィンセント・ファン・ゴッホの研究で知られるオランダの美術史研究者。</rdfs:comment>
    <rdfs:comment xml:lang="de">Jan Hulsker war ein niederländischer Kunsthistoriker. Hulsker studierte niederländische Literatur in Leiden. In den 1950er Jahren engagierte er sich stark für die Einrichtung des Van Gogh Museums und erforschte den Briefwechsel der van Goghs. In den 1980-er Jahren wanderte Hulsker nach Kanada aus. Hulskers Katalogisierung der Gemälde Vincent van Goghs ist ein Standardwerk der Kunstgeschichte. In Bildbeschreibungen wird seine Aufzählung mit dem Kürzel „JH“ gekennzeichnet.</rdfs:comment>
    <rdfs:comment xml:lang="pl">Jan Hulsker – holenderski historyk, badacz twórczości Vincenta van Gogha.</rdfs:comment>
    <rdfs:comment xml:lang="nl">Jan Hulsker was een Nederlandse kunsthistoricus. Hij studeerde Nederlandse literatuur in Leiden en promoveerde met een proefschrift over de schrijver Aart van der Leeuw. In 1953 werd hij benoemd tot lid van het Ministerie van Cultuur, Recreatie en Maatschappelijk werk, en kreeg de leiding van de kunstafdeling. In 1959 werd hij algemeen directeur die verantwoordelijk is voor cultuur in het algemeen (directeur-generaal Culturele Zaken).</rdfs:comment>
    <foaf:name xml:lang="en">Jan Hulsker</foaf:name>
    <dbpedia-owl:wikiPageExternalLink rdf:resource="http://www.vggallery.com/photos/hulsker.htm" />
    <dbpprop:dateOfBirth rdf:datatype="http://www.w3.org/2001/XMLSchema#integer">2</dbpprop:dateOfBirth>
    <dbpprop:dateOfDeath rdf:datatype="http://www.w3.org/2001/XMLSchema#integer">9</dbpprop:dateOfDeath>
    <dbpprop:name xml:lang="en">Hulsker, Jan</dbpprop:name>
    <foaf:givenName xml:lang="en">Jan</foaf:givenName>
    <foaf:isPrimaryTopicOf rdf:resource="http://en.wikipedia.org/wiki/Jan_Hulsker" />
    <ns7:wasDerivedFrom rdf:resource="http://en.wikipedia.org/wiki/Jan_Hulsker?oldid=541283127" />
    <dbpprop:hasPhotoCollection rdf:resource="http://wifo5-03.informatik.uni-mannheim.de/flickrwrappr/photos/Jan_Hulsker" />
    <foaf:surname xml:lang="en">Hulsker</foaf:surname>
  </rdf:Description>
  <rdf:Description rdf:about="http://dbpedia.org/resource/Olive_Trees_(Van_Gogh_series)">
    <dbpedia-owl:museum rdf:resource="http://dbpedia.org/resource/Jan_Hulsker" />
  </rdf:Description>
  <rdf:Description rdf:about="http://dbpedia.org/resource/The_Starry_Night">
    <dbpedia-owl:museum rdf:resource="http://dbpedia.org/resource/Jan_Hulsker" />
  </rdf:Description>
  <rdf:Description rdf:about="http://dbpedia.org/resource/At_Eternity&#39;s_Gate">
    <dbpedia-owl:museum rdf:resource="http://dbpedia.org/resource/Jan_Hulsker" />
  </rdf:Description>
  <rdf:Description rdf:about="http://pl.dbpedia.org/resource/Jan_Hulsker">
    <owl:sameAs rdf:resource="http://dbpedia.org/resource/Jan_Hulsker" />
  </rdf:Description>
  <rdf:Description rdf:about="http://ja.dbpedia.org/resource/ヤン・フルスケル">
    <owl:sameAs rdf:resource="http://dbpedia.org/resource/Jan_Hulsker" />
  </rdf:Description>
  <rdf:Description rdf:about="http://nl.dbpedia.org/resource/Jan_Hulsker">
    <owl:sameAs rdf:resource="http://dbpedia.org/resource/Jan_Hulsker" />
  </rdf:Description>
  <rdf:Description rdf:about="http://wikidata.dbpedia.org/resource/Q395240">
    <owl:sameAs rdf:resource="http://dbpedia.org/resource/Jan_Hulsker" />
  </rdf:Description>
  <rdf:Description rdf:about="http://fy.dbpedia.org/resource/Jan_Hulsker">
    <owl:sameAs rdf:resource="http://dbpedia.org/resource/Jan_Hulsker" />
  </rdf:Description>
</rdf:RDF>
