<?xml version="1.0" encoding="utf-8" ?>
<rdf:RDF
	xmlns:rdf="http://www.w3.org/1999/02/22-rdf-syntax-ns#"
	xmlns:rdfs="http://www.w3.org/2000/01/rdf-schema#"
	xmlns:owl="http://www.w3.org/2002/07/owl#"
	xmlns:dcterms="http://purl.org/dc/terms/"
	xmlns:dbpedia-owl="http://dbpedia.org/ontology/"
	xmlns:foaf="http://xmlns.com/foaf/0.1/"
	xmlns:dbpprop="http://dbpedia.org/property/"
	xmlns:geo="http://www.w3.org/2003/01/geo/wgs84_pos#"
	xmlns:ns8="http://www.w3.org/ns/prov#"
	xmlns:grs="http://www.georss.org/georss/" >
  <rdf:Description rdf:about="http://de.dbpedia.org/resource/Joslyn_Art_Museum">
    <owl:sameAs rdf:resource="http://dbpedia.org/resource/Joslyn_Art_Museum" />
  </rdf:Description>
  <rdf:Description rdf:about="http://es.dbpedia.org/resource/Museo_de_Arte_Joslyn">
    <owl:sameAs rdf:resource="http://dbpedia.org/resource/Joslyn_Art_Museum" />
  </rdf:Description>
  <rdf:Description rdf:about="http://ja.dbpedia.org/resource/ジョスリン美術館">
    <owl:sameAs rdf:resource="http://dbpedia.org/resource/Joslyn_Art_Museum" />
  </rdf:Description>
  <rdf:Description rdf:about="http://dbpedia.org/resource/Joslyn_Art_Museum">
    <rdf:type rdf:resource="http://dbpedia.org/class/yago/YagoGeoEntity" />
    <rdf:type rdf:resource="http://dbpedia.org/class/yago/ArtMuseumsInNebraska" />
    <rdf:type rdf:resource="http://dbpedia.org/class/yago/Facility103315023" />
    <rdf:type rdf:resource="http://dbpedia.org/ontology/ArchitecturalStructure" />
    <rdf:type rdf:resource="http://dbpedia.org/class/yago/Depository103177349" />
    <rdf:type rdf:resource="http://dbpedia.org/ontology/Place" />
    <rdf:type rdf:resource="http://dbpedia.org/ontology/Building" />
    <rdf:type rdf:resource="http://dbpedia.org/class/yago/ArtMuseumsEstablishedIn1931" />
    <rdf:type rdf:resource="http://dbpedia.org/class/yago/Museum103800563" />
    <rdf:type rdf:resource="http://dbpedia.org/class/yago/MuseumsInOmaha,Nebraska" />
    <rdf:type rdf:resource="http://dbpedia.org/class/yago/Object100002684" />
    <rdf:type rdf:resource="http://dbpedia.org/class/yago/Artifact100021939" />
    <rdf:type rdf:resource="http://dbpedia.org/class/yago/YagoPermanentlyLocatedEntity" />
    <rdf:type rdf:resource="http://www.w3.org/2002/07/owl#Thing" />
    <rdf:type rdf:resource="http://dbpedia.org/ontology/Museum" />
    <rdf:type rdf:resource="http://schema.org/Museum" />
    <rdf:type rdf:resource="http://dbpedia.org/class/yago/Whole100003553" />
    <rdf:type rdf:resource="http://dbpedia.org/class/yago/PhysicalEntity100001930" />
    <rdf:type rdf:resource="http://schema.org/Place" />
    <rdf:type rdf:resource="http://www.opengis.net/gml/_Feature" />
    <owl:sameAs rdf:resource="http://sws.geonames.org/5071140/" />
    <owl:sameAs rdf:resource="http://yago-knowledge.org/resource/Joslyn_Art_Museum" />
    <owl:sameAs rdf:resource="http://de.dbpedia.org/resource/Joslyn_Art_Museum" />
    <owl:sameAs rdf:resource="http://ja.dbpedia.org/resource/ジョスリン美術館" />
    <owl:sameAs rdf:resource="http://www.wikidata.org/entity/Q1372546" />
    <owl:sameAs rdf:resource="http://es.dbpedia.org/resource/Museo_de_Arte_Joslyn" />
    <owl:sameAs rdf:resource="http://rdf.freebase.com/ns/m.02wdf5" />
    <owl:sameAs rdf:resource="http://nl.dbpedia.org/resource/Joslyn_Art_Museum" />
    <owl:sameAs rdf:resource="http://dbpedia.org/resource/Joslyn_Art_Museum" />
    <dcterms:subject rdf:resource="http://dbpedia.org/resource/Category:Museums_in_Omaha,_Nebraska" />
    <dcterms:subject rdf:resource="http://dbpedia.org/resource/Category:Art_Deco_architecture_in_Nebraska" />
    <dcterms:subject rdf:resource="http://dbpedia.org/resource/Category:1931_establishments_in_the_United_States" />
    <dcterms:subject rdf:resource="http://dbpedia.org/resource/Category:Art_museums_established_in_1931" />
    <dcterms:subject rdf:resource="http://dbpedia.org/resource/Category:History_of_Midtown_Omaha,_Nebraska" />
    <dcterms:subject rdf:resource="http://dbpedia.org/resource/Category:Art_museums_in_Nebraska" />
    <dbpedia-owl:abstract xml:lang="en">The Joslyn Art Museum is the principal fine arts museum in the state of Nebraska, United States of America. Located in Omaha, it was opened in 1931 at the initiative of Sarah H. Joslyn in memory of her husband, businessman George A. Joslyn. It is the only museum in the state with a comprehensive permanent collection, and although it includes works from Paolo Veronese, El Greco, Titian, among others, its greatest strengths are the outstanding art collections of the nineteenth and twentieth centuries of American and European artists such as Pierre-Auguste Renoir and William-Adolphe Bouguereau.</dbpedia-owl:abstract>
    <dbpedia-owl:abstract xml:lang="es">El Museo de Arte Joslyn (en idioma inglés Joslyn Art Museum) es un museo de arte, se encuentra ubicado en Omaha, Nebraska, fue inaugurado en 1931 a iniciativa de Sarah H. Joslyn en memoria de su marido el empresario George A. Joslyn, cuenta con excepcionales colecciones del siglo XIX y XX, como obras de Paolo Veronese, El Greco, Pierre-Auguste Renoir, William-Adolphe Bouguereau, Tiziano, entre otros.</dbpedia-owl:abstract>
    <dbpedia-owl:abstract xml:lang="ja">ジョスリン美術館(Joslyn Art Museu)はネブラスカ州オマハにある美術館である。</dbpedia-owl:abstract>
    <dbpedia-owl:abstract xml:lang="nl">Het Joslyn Art Museum is een museum voor Europese en Amerikaanse kunst in Omaha in de Amerikaanse staat Nebraska. Naast de permanente collectie besteed het museum ook aandacht aan wisseltentoonstellingen.</dbpedia-owl:abstract>
    <dbpedia-owl:abstract xml:lang="de">Das Joslyn Art Museum ist das wichtigste Kunstmuseum des US-amerikanischen Bundesstaates Nebraska. Es liegt in der Mitte der Stadt Omaha und ist das einzige Museum des Staates mit einer epochenübergreifenden permanenten Ausstellung. Der Bestand des Museums umfasst Werke von der Antike bis zur heutigen Zeit. Der Sammlungsschwerpunkt liegt jedoch bei europäischen und amerikanischen Werken des 19. und 20. Jahrhunderts.</dbpedia-owl:abstract>
    <dbpedia-owl:collection xml:lang="en">Art collection</dbpedia-owl:collection>
    <dbpedia-owl:location rdf:resource="http://dbpedia.org/resource/Omaha,_Nebraska" />
    <dbpedia-owl:location rdf:resource="http://dbpedia.org/resource/Nebraska" />
    <dbpedia-owl:wikiPageID rdf:datatype="http://www.w3.org/2001/XMLSchema#integer">611535</dbpedia-owl:wikiPageID>
    <dbpedia-owl:wikiPageRevisionID rdf:datatype="http://www.w3.org/2001/XMLSchema#integer">548541523</dbpedia-owl:wikiPageRevisionID>
    <rdfs:label xml:lang="en">Joslyn Art Museum</rdfs:label>
    <rdfs:label xml:lang="es">Museo de Arte Joslyn</rdfs:label>
    <rdfs:label xml:lang="de">Joslyn Art Museum</rdfs:label>
    <rdfs:label xml:lang="nl">Joslyn Art Museum</rdfs:label>
    <rdfs:label xml:lang="ja">ジョスリン美術館</rdfs:label>
    <foaf:depiction rdf:resource="http://upload.wikimedia.org/wikipedia/commons/9/94/Fountain_Court_Joslyn_Art_Museum_Omaha.JPG" />
    <rdfs:comment xml:lang="de">Das Joslyn Art Museum ist das wichtigste Kunstmuseum des US-amerikanischen Bundesstaates Nebraska. Es liegt in der Mitte der Stadt Omaha und ist das einzige Museum des Staates mit einer epochenübergreifenden permanenten Ausstellung. Der Bestand des Museums umfasst Werke von der Antike bis zur heutigen Zeit. Der Sammlungsschwerpunkt liegt jedoch bei europäischen und amerikanischen Werken des 19. und 20. Jahrhunderts.</rdfs:comment>
    <rdfs:comment xml:lang="en">The Joslyn Art Museum is the principal fine arts museum in the state of Nebraska, United States of America. Located in Omaha, it was opened in 1931 at the initiative of Sarah H. Joslyn in memory of her husband, businessman George A. Joslyn.</rdfs:comment>
    <rdfs:comment xml:lang="nl">Het Joslyn Art Museum is een museum voor Europese en Amerikaanse kunst in Omaha in de Amerikaanse staat Nebraska. Naast de permanente collectie besteed het museum ook aandacht aan wisseltentoonstellingen.</rdfs:comment>
    <rdfs:comment xml:lang="ja">ジョスリン美術館(Joslyn Art Museu)はネブラスカ州オマハにある美術館である。</rdfs:comment>
    <rdfs:comment xml:lang="es">El Museo de Arte Joslyn (en idioma inglés Joslyn Art Museum) es un museo de arte, se encuentra ubicado en Omaha, Nebraska, fue inaugurado en 1931 a iniciativa de Sarah H. Joslyn en memoria de su marido el empresario George A. Joslyn, cuenta con excepcionales colecciones del siglo XIX y XX, como obras de Paolo Veronese, El Greco, Pierre-Auguste Renoir, William-Adolphe Bouguereau, Tiziano, entre otros.</rdfs:comment>
    <foaf:name xml:lang="en">Joslyn Art Museum</foaf:name>
    <dbpedia-owl:thumbnail rdf:resource="http://upload.wikimedia.org/wikipedia/commons/thumb/9/94/Fountain_Court_Joslyn_Art_Museum_Omaha.JPG/200px-Fountain_Court_Joslyn_Art_Museum_Omaha.JPG" />
    <dbpedia-owl:type rdf:resource="http://dbpedia.org/resource/Art_museum" />
    <dbpedia-owl:wikiPageExternalLink rdf:resource="http://www.joslyn.org" />
    <dbpprop:caption xml:lang="en">The Fountain Court in Joslyn Art Museum.</dbpprop:caption>
    <dbpprop:collection xml:lang="en">Art collection</dbpprop:collection>
    <dbpprop:coordinatesType xml:lang="en">type:landmark</dbpprop:coordinatesType>
    <dbpprop:established rdf:datatype="http://www.w3.org/2001/XMLSchema#integer">1931</dbpprop:established>
    <dbpprop:imagesize rdf:datatype="http://www.w3.org/2001/XMLSchema#integer">200</dbpprop:imagesize>
    <dbpprop:latitude rdf:datatype="http://www.w3.org/2001/XMLSchema#double">41.2603</dbpprop:latitude>
    <dbpprop:location rdf:resource="http://dbpedia.org/resource/Nebraska" />
    <dbpprop:location rdf:resource="http://dbpedia.org/resource/Omaha,_Nebraska" />
    <dbpprop:longitude rdf:datatype="http://www.w3.org/2001/XMLSchema#double">-95.9461</dbpprop:longitude>
    <dbpprop:name xml:lang="en">Joslyn Art Museum</dbpprop:name>
    <dbpprop:type rdf:resource="http://dbpedia.org/resource/Art_museum" />
    <foaf:homepage rdf:resource="http://www.joslyn.org" />
    <geo:geometry rdf:datatype="http://www.openlinksw.com/schemas/virtrdf#Geometry">POINT(-95.9461 41.2603)</geo:geometry>
    <foaf:isPrimaryTopicOf rdf:resource="http://en.wikipedia.org/wiki/Joslyn_Art_Museum" />
    <geo:long rdf:datatype="http://www.w3.org/2001/XMLSchema#float">-95.9461</geo:long>
    <geo:lat rdf:datatype="http://www.w3.org/2001/XMLSchema#float">41.2603</geo:lat>
    <ns8:wasDerivedFrom rdf:resource="http://en.wikipedia.org/wiki/Joslyn_Art_Museum?oldid=548541523" />
    <grs:point xml:lang="en">41.2603 -95.9461</grs:point>
    <dbpprop:hasPhotoCollection rdf:resource="http://wifo5-03.informatik.uni-mannheim.de/flickrwrappr/photos/Joslyn_Art_Museum" />
  </rdf:Description>
  <rdf:Description rdf:about="http://dbpedia.org/resource/Joslyn">
    <dbpedia-owl:wikiPageDisambiguates rdf:resource="http://dbpedia.org/resource/Joslyn_Art_Museum" />
  </rdf:Description>
  <rdf:Description rdf:about="http://dbpedia.org/resource/The_Knitting_Girl">
    <dbpedia-owl:museum rdf:resource="http://dbpedia.org/resource/Joslyn_Art_Museum" />
    <dbpprop:museum rdf:resource="http://dbpedia.org/resource/Joslyn_Art_Museum" />
  </rdf:Description>
  <rdf:Description rdf:about="http://en.wikipedia.org/wiki/Joslyn_Art_Museum">
    <foaf:primaryTopic rdf:resource="http://dbpedia.org/resource/Joslyn_Art_Museum" />
  </rdf:Description>
  <rdf:Description rdf:about="http://nl.dbpedia.org/resource/Joslyn_Art_Museum">
    <owl:sameAs rdf:resource="http://dbpedia.org/resource/Joslyn_Art_Museum" />
  </rdf:Description>
  <rdf:Description rdf:about="http://wikidata.dbpedia.org/resource/Q1372546">
    <owl:sameAs rdf:resource="http://dbpedia.org/resource/Joslyn_Art_Museum" />
  </rdf:Description>
</rdf:RDF>
