<?xml version="1.0" encoding="utf-8" ?>
<rdf:RDF
	xmlns:rdf="http://www.w3.org/1999/02/22-rdf-syntax-ns#"
	xmlns:rdfs="http://www.w3.org/2000/01/rdf-schema#"
	xmlns:owl="http://www.w3.org/2002/07/owl#"
	xmlns:dcterms="http://purl.org/dc/terms/"
	xmlns:dbpedia-owl="http://dbpedia.org/ontology/"
	xmlns:foaf="http://xmlns.com/foaf/0.1/"
	xmlns:dbpprop="http://dbpedia.org/property/"
	xmlns:geo="http://www.w3.org/2003/01/geo/wgs84_pos#"
	xmlns:ns8="http://www.w3.org/ns/prov#"
	xmlns:grs="http://www.georss.org/georss/" >
  <rdf:Description rdf:about="http://dbpedia.org/resource/Kenwood">
    <dbpedia-owl:wikiPageDisambiguates rdf:resource="http://dbpedia.org/resource/Kenwood_House" />
  </rdf:Description>
  <rdf:Description rdf:about="http://es.dbpedia.org/resource/Kenwood_House">
    <owl:sameAs rdf:resource="http://dbpedia.org/resource/Kenwood_House" />
  </rdf:Description>
  <rdf:Description rdf:about="http://ru.dbpedia.org/resource/Кенвуд-хаус">
    <owl:sameAs rdf:resource="http://dbpedia.org/resource/Kenwood_House" />
  </rdf:Description>
  <rdf:Description rdf:about="http://dbpedia.org/resource/William_Murray,_1st_Earl_of_Mansfield">
    <dbpedia-owl:deathPlace rdf:resource="http://dbpedia.org/resource/Kenwood_House" />
    <dbpedia-owl:residence rdf:resource="http://dbpedia.org/resource/Kenwood_House" />
    <dbpprop:deathPlace rdf:resource="http://dbpedia.org/resource/Kenwood_House" />
    <dbpprop:placeOfDeath rdf:resource="http://dbpedia.org/resource/Kenwood_House" />
    <dbpprop:residence rdf:resource="http://dbpedia.org/resource/Kenwood_House" />
  </rdf:Description>
  <rdf:Description rdf:about="http://dbpedia.org/resource/Self_Portrait_with_Two_Circles">
    <dbpedia-owl:museum rdf:resource="http://dbpedia.org/resource/Kenwood_House" />
    <dbpprop:museum rdf:resource="http://dbpedia.org/resource/Kenwood_House" />
  </rdf:Description>
  <rdf:Description rdf:about="http://dbpedia.org/resource/Kenwood_House">
    <rdf:type rdf:resource="http://dbpedia.org/class/yago/EnglishHeritageSitesInLondon" />
    <rdf:type rdf:resource="http://dbpedia.org/class/yago/Depository103177349" />
    <rdf:type rdf:resource="http://dbpedia.org/ontology/Place" />
    <rdf:type rdf:resource="http://www.opengis.net/gml/_Feature" />
    <rdf:type rdf:resource="http://dbpedia.org/class/yago/Tract108673395" />
    <rdf:type rdf:resource="http://dbpedia.org/class/yago/Location100027167" />
    <rdf:type rdf:resource="http://www.w3.org/2002/07/owl#Thing" />
    <rdf:type rdf:resource="http://dbpedia.org/class/yago/Facility103315023" />
    <rdf:type rdf:resource="http://schema.org/Place" />
    <rdf:type rdf:resource="http://dbpedia.org/class/yago/YagoPermanentlyLocatedEntity" />
    <rdf:type rdf:resource="http://dbpedia.org/class/yago/Whole100003553" />
    <rdf:type rdf:resource="http://dbpedia.org/class/yago/YagoLegalActorGeo" />
    <rdf:type rdf:resource="http://dbpedia.org/class/yago/MuseumsInCamden" />
    <rdf:type rdf:resource="http://dbpedia.org/ontology/PopulatedPlace" />
    <rdf:type rdf:resource="http://dbpedia.org/class/yago/GeographicalArea108574314" />
    <rdf:type rdf:resource="http://dbpedia.org/class/yago/Site108651247" />
    <rdf:type rdf:resource="http://dbpedia.org/class/yago/Plot108674739" />
    <rdf:type rdf:resource="http://dbpedia.org/class/yago/Artifact100021939" />
    <rdf:type rdf:resource="http://dbpedia.org/class/yago/YagoGeoEntity" />
    <rdf:type rdf:resource="http://dbpedia.org/class/yago/Garden103417345" />
    <rdf:type rdf:resource="http://dbpedia.org/class/yago/GardensInLondon" />
    <rdf:type rdf:resource="http://dbpedia.org/class/yago/Object100002684" />
    <rdf:type rdf:resource="http://dbpedia.org/class/yago/ArtMuseumsAndGalleriesInLondon" />
    <rdf:type rdf:resource="http://dbpedia.org/class/yago/Region108630985" />
    <rdf:type rdf:resource="http://dbpedia.org/class/yago/Museum103800563" />
    <rdf:type rdf:resource="http://dbpedia.org/class/yago/HistoricHouseMuseumsInLondon" />
    <rdf:type rdf:resource="http://dbpedia.org/class/yago/PhysicalEntity100001930" />
    <owl:sameAs rdf:resource="http://ru.dbpedia.org/resource/Кенвуд-хаус" />
    <owl:sameAs rdf:resource="http://rdf.freebase.com/ns/m.05q442" />
    <owl:sameAs rdf:resource="http://es.dbpedia.org/resource/Kenwood_House" />
    <owl:sameAs rdf:resource="http://it.dbpedia.org/resource/Kenwood_House" />
    <owl:sameAs rdf:resource="http://be.dbpedia.org/resource/Кенвуд-хаус" />
    <owl:sameAs rdf:resource="http://ms.dbpedia.org/resource/Rumah_Kenwood" />
    <owl:sameAs rdf:resource="http://sv.dbpedia.org/resource/Kenwood_House" />
    <owl:sameAs rdf:resource="http://uk.dbpedia.org/resource/Кенвуд-хаус" />
    <owl:sameAs rdf:resource="http://dbpedia.org/resource/Kenwood_House" />
    <owl:sameAs rdf:resource="http://www.wikidata.org/entity/Q764804" />
    <owl:sameAs rdf:resource="http://tr.dbpedia.org/resource/Kenwood_House" />
    <owl:sameAs rdf:resource="http://de.dbpedia.org/resource/Kenwood_House" />
    <owl:sameAs rdf:resource="http://sws.geonames.org/7535505/" />
    <owl:sameAs rdf:resource="http://nl.dbpedia.org/resource/Kenwood_House_and_Garden" />
    <owl:sameAs rdf:resource="http://yago-knowledge.org/resource/Kenwood_House" />
    <owl:sameAs rdf:resource="http://ja.dbpedia.org/resource/ケンウッド・ハウス" />
    <owl:sameAs rdf:resource="http://da.dbpedia.org/resource/Kenwood_House" />
    <dcterms:subject rdf:resource="http://dbpedia.org/resource/Category:Art_museums_and_galleries_in_London" />
    <dcterms:subject rdf:resource="http://dbpedia.org/resource/Category:Grade_I_listed_buildings_in_London" />
    <dcterms:subject rdf:resource="http://dbpedia.org/resource/Category:English_Heritage_sites_in_London" />
    <dcterms:subject rdf:resource="http://dbpedia.org/resource/Category:Houses_in_Camden" />
    <dcterms:subject rdf:resource="http://dbpedia.org/resource/Category:Hampstead" />
    <dcterms:subject rdf:resource="http://dbpedia.org/resource/Category:Grade_I_listed_houses" />
    <dcterms:subject rdf:resource="http://dbpedia.org/resource/Category:Guinness_family" />
    <dcterms:subject rdf:resource="http://dbpedia.org/resource/Category:Gardens_in_London" />
    <dcterms:subject rdf:resource="http://dbpedia.org/resource/Category:Museums_in_Camden" />
    <dcterms:subject rdf:resource="http://dbpedia.org/resource/Category:Historic_house_museums_in_London" />
    <dbpedia-owl:abstract xml:lang="en">Kenwood House (also known as the Iveagh Bequest) is a former stately home, in Hampstead, London, on the northern boundary of Hampstead Heath. It is managed by English Heritage.</dbpedia-owl:abstract>
    <dbpedia-owl:abstract xml:lang="sv">Kenwood House eller Iveagh Bequest är en byggnad i Hampstead i norra London, som uppfördes på 1600-talet, och arkitekten Robert Adam byggde om det åren 1767-1769. Kenwood House är känt för sina berömda målningar av Rembrandt, Frans Hals och Vermeer samt för sin stora trädgård. Filmen Notting Hill spelades delvis in här.</dbpedia-owl:abstract>
    <dbpedia-owl:abstract xml:lang="ja">ケンウッド・ハウス（英:Kenwood House. 　アイヴィー・ビクエストとも）は、イギリス、ロンドンのハムステッド・ヒース（English版）公園の北端に位置するカントリー・ハウス、美術館である。フェルメールの『ギターを弾く女』、レンブラント晩年の『自画像』などの名画を所蔵することで知られる。 最寄駅は地下鉄ハムステッド駅（English版）。イングリッシュ・ヘリテッジが管理を行い、屋敷は第一級指定建築物（English版）（Grade I listed building）に指定されている。ハムステッド・ヒースと繋がる形で広大な庭園を有し、毎年夏に行われる野外コンサートは、ロンドンの夏の風物詩である。</dbpedia-owl:abstract>
    <dbpedia-owl:abstract xml:lang="ru">Кенвуд-хаус (Kenwood House) — резиденция Уильяма Мюррэя, 1-го графа Мэнсфилда (1705—1793), расположенная в лондонском районе Хэмпстед. Комиссия по управлению национальным достоянием поддерживает Кенвуд-хаус в идеальном состоянии. Ежегодно усадьбу посещает до миллиона туристов.</dbpedia-owl:abstract>
    <dbpedia-owl:abstract xml:lang="it">Kenwood House (detta anche Iveagh Bequest) è una villa del XVII secolo nel quartiere londinese di Hampstead, al confine settentrionale di Hampstead Heath. È oggi gestita da English Heritage.</dbpedia-owl:abstract>
    <dbpedia-owl:abstract xml:lang="nl">Kenwood House and Garden is een voormalig landgoed in Hampstead Heath in Londen. Het behoort reeds lang tot het uitgebreide bezit van English Heritage en kan uiteraard worden bezichtigd.</dbpedia-owl:abstract>
    <dbpedia-owl:abstract xml:lang="es">Kenwood House es un palacio enclavado en el barrio de Hampstead que alberga la Colección Iveagh (llamada Iveagh Bequest en inglés). Kenwood es un conjunto arquitectónico y artístico de origen privado. El palacio, del siglo XVII, está actualmente abierto al público como museo, gracias al legado de obras de arte de Lord Iveagh, miembro de la familia Guinness. Lo rodean jardines con esculturas modernas y un amplio parque donde se celebran conciertos de música popular. El conjunto es gestionado por el organismo English Heritage y debe su fama internacional a sus pinturas de Rembrandt y Vermeer. Clausura temporal: debido a obras de remozamiento, el museo permanecerá cerrado hasta otoño de 2013 y muchas de sus principales pinturas emprenderán una exposición itinerante por América. La tañedora de guitarra de Vermeer permanecerá expuesta en la National Gallery de Londres.</dbpedia-owl:abstract>
    <dbpedia-owl:abstract xml:lang="de">Kenwood House ist ein ehemaliges Herrenhaus in Hampstead Heath in London. Es gehört heute zum English Heritage und kann besichtigt werden. Das ursprünglich aus dem 17.  Jahrhundert stammende Haus wurde für William Murray, 1.  Earl of Mansfield vom Architekten Robert Adam in den Jahren 1764–1779 umgebaut. Nach Osterley Park und Syon House war dies das dritte Anwesen, welches Adam im Stil des Klassizismus gestaltete. Besonders die Inneneinrichtung der Bibliothek gilt als ein Höhepunkt in Adams Schaffen. 1925 kaufte Lord Iveagh, ein Erbe der Bierbrauerfamilie Guinness, das Haus und den dazugehörigen Park und stiftete zwei Jahre später den Besitz der englischen Nation. Die Gemäldesammlung in Kenwood House wurde ebenfalls von Lord Iveagh dem Staat vermacht. Zu den herausragenden Meisterwerken gehören ein spätes Selbstporträt von Rembrandt und Vermeers Bild Die Gitarrenspielerin. Der angrenzende Park ist ein beliebtes Ausflugsziel der Londoner und im Sommer finden hier regelmäßig Freiluftkonzerte statt. Teile des Films Notting Hill wurden hier gedreht. 		 			Jan Vermeer van Delft 013. jpg 			 Jan Vermeer: Die Gitarrenspielerin 			 		 		 			Rembrandt van rijn-self portrait. jpg 			 Rembrandt van Rijn: Selbstporträt (1661) 			 		 		 			Frans Hals 037. jpg 			 Frans Hals: Porträt des Pieter van den Broecke</dbpedia-owl:abstract>
    <dbpedia-owl:wikiPageID rdf:datatype="http://www.w3.org/2001/XMLSchema#integer">1709000</dbpedia-owl:wikiPageID>
    <dbpedia-owl:wikiPageRevisionID rdf:datatype="http://www.w3.org/2001/XMLSchema#integer">540493126</dbpedia-owl:wikiPageRevisionID>
    <rdfs:label xml:lang="es">Kenwood House</rdfs:label>
    <rdfs:label xml:lang="nl">Kenwood House and Garden</rdfs:label>
    <rdfs:label xml:lang="de">Kenwood House</rdfs:label>
    <rdfs:label xml:lang="ru">Кенвуд-хаус</rdfs:label>
    <rdfs:label xml:lang="ja">ケンウッド・ハウス</rdfs:label>
    <rdfs:label xml:lang="en">Kenwood House</rdfs:label>
    <rdfs:label xml:lang="sv">Kenwood House</rdfs:label>
    <rdfs:label xml:lang="it">Kenwood House</rdfs:label>
    <foaf:depiction rdf:resource="http://upload.wikimedia.org/wikipedia/commons/7/77/Kenwood_House.jpg" />
    <rdfs:comment xml:lang="it">Kenwood House (detta anche Iveagh Bequest) è una villa del XVII secolo nel quartiere londinese di Hampstead, al confine settentrionale di Hampstead Heath. È oggi gestita da English Heritage.</rdfs:comment>
    <rdfs:comment xml:lang="es">Kenwood House es un palacio enclavado en el barrio de Hampstead que alberga la Colección Iveagh (llamada Iveagh Bequest en inglés). Kenwood es un conjunto arquitectónico y artístico de origen privado. El palacio, del siglo XVII, está actualmente abierto al público como museo, gracias al legado de obras de arte de Lord Iveagh, miembro de la familia Guinness. Lo rodean jardines con esculturas modernas y un amplio parque donde se celebran conciertos de música popular.</rdfs:comment>
    <rdfs:comment xml:lang="nl">Kenwood House and Garden is een voormalig landgoed in Hampstead Heath in Londen. Het behoort reeds lang tot het uitgebreide bezit van English Heritage en kan uiteraard worden bezichtigd.</rdfs:comment>
    <rdfs:comment xml:lang="en">Kenwood House (also known as the Iveagh Bequest) is a former stately home, in Hampstead, London, on the northern boundary of Hampstead Heath. It is managed by English Heritage.</rdfs:comment>
    <rdfs:comment xml:lang="ja">ケンウッド・ハウス（英:Kenwood House. 　アイヴィー・ビクエストとも）は、イギリス、ロンドンのハムステッド・ヒース（English版）公園の北端に位置するカントリー・ハウス、美術館である。フェルメールの『ギターを弾く女』、レンブラント晩年の『自画像』などの名画を所蔵することで知られる。 最寄駅は地下鉄ハムステッド駅（English版）。イングリッシュ・ヘリテッジが管理を行い、屋敷は第一級指定建築物（English版）（Grade I listed building）に指定されている。ハムステッド・ヒースと繋がる形で広大な庭園を有し、毎年夏に行われる野外コンサートは、ロンドンの夏の風物詩である。</rdfs:comment>
    <rdfs:comment xml:lang="ru">Кенвуд-хаус (Kenwood House) — резиденция Уильяма Мюррэя, 1-го графа Мэнсфилда (1705—1793), расположенная в лондонском районе Хэмпстед. Комиссия по управлению национальным достоянием поддерживает Кенвуд-хаус в идеальном состоянии. Ежегодно усадьбу посещает до миллиона туристов.</rdfs:comment>
    <rdfs:comment xml:lang="de">Kenwood House ist ein ehemaliges Herrenhaus in Hampstead Heath in London. Es gehört heute zum English Heritage und kann besichtigt werden. Das ursprünglich aus dem 17.  Jahrhundert stammende Haus wurde für William Murray, 1.  Earl of Mansfield vom Architekten Robert Adam in den Jahren 1764–1779 umgebaut. Nach Osterley Park und Syon House war dies das dritte Anwesen, welches Adam im Stil des Klassizismus gestaltete.</rdfs:comment>
    <rdfs:comment xml:lang="sv">Kenwood House eller Iveagh Bequest är en byggnad i Hampstead i norra London, som uppfördes på 1600-talet, och arkitekten Robert Adam byggde om det åren 1767-1769. Kenwood House är känt för sina berömda målningar av Rembrandt, Frans Hals och Vermeer samt för sin stora trädgård. Filmen Notting Hill spelades delvis in här.</rdfs:comment>
    <dbpedia-owl:thumbnail rdf:resource="http://upload.wikimedia.org/wikipedia/commons/thumb/7/77/Kenwood_House.jpg/200px-Kenwood_House.jpg" />
    <dbpedia-owl:wikiPageExternalLink rdf:resource="http://www.english-heritage.org.uk/daysout/properties/kenwood-house/garden/" />
    <dbpedia-owl:wikiPageExternalLink rdf:resource="http://www.english-heritage.org.uk/daysout/properties/kenwood-house/" />
    <geo:geometry rdf:datatype="http://www.openlinksw.com/schemas/virtrdf#Geometry">POINT(-0.167606 51.5713)</geo:geometry>
    <foaf:isPrimaryTopicOf rdf:resource="http://en.wikipedia.org/wiki/Kenwood_House" />
    <geo:long rdf:datatype="http://www.w3.org/2001/XMLSchema#float">-0.167606</geo:long>
    <geo:lat rdf:datatype="http://www.w3.org/2001/XMLSchema#float">51.5713</geo:lat>
    <ns8:wasDerivedFrom rdf:resource="http://en.wikipedia.org/wiki/Kenwood_House?oldid=540493126" />
    <grs:point xml:lang="en">51.571275 -0.16760555555555554</grs:point>
    <dbpprop:hasPhotoCollection rdf:resource="http://wifo5-03.informatik.uni-mannheim.de/flickrwrappr/photos/Kenwood_House" />
  </rdf:Description>
  <rdf:Description rdf:about="http://de.dbpedia.org/resource/Kenwood_House">
    <owl:sameAs rdf:resource="http://dbpedia.org/resource/Kenwood_House" />
  </rdf:Description>
  <rdf:Description rdf:about="http://it.dbpedia.org/resource/Kenwood_House">
    <owl:sameAs rdf:resource="http://dbpedia.org/resource/Kenwood_House" />
  </rdf:Description>
  <rdf:Description rdf:about="http://ja.dbpedia.org/resource/ケンウッド・ハウス">
    <owl:sameAs rdf:resource="http://dbpedia.org/resource/Kenwood_House" />
  </rdf:Description>
  <rdf:Description rdf:about="http://en.wikipedia.org/wiki/Kenwood_House">
    <foaf:primaryTopic rdf:resource="http://dbpedia.org/resource/Kenwood_House" />
  </rdf:Description>
  <rdf:Description rdf:about="http://nl.dbpedia.org/resource/Kenwood_House_and_Garden">
    <owl:sameAs rdf:resource="http://dbpedia.org/resource/Kenwood_House" />
  </rdf:Description>
  <rdf:Description rdf:about="http://wikidata.dbpedia.org/resource/Q764804">
    <owl:sameAs rdf:resource="http://dbpedia.org/resource/Kenwood_House" />
  </rdf:Description>
  <rdf:Description rdf:about="http://be.dbpedia.org/resource/Кенвуд-хаус">
    <owl:sameAs rdf:resource="http://dbpedia.org/resource/Kenwood_House" />
  </rdf:Description>
  <rdf:Description rdf:about="http://da.dbpedia.org/resource/Kenwood_House">
    <owl:sameAs rdf:resource="http://dbpedia.org/resource/Kenwood_House" />
  </rdf:Description>
  <rdf:Description rdf:about="http://ms.dbpedia.org/resource/Rumah_Kenwood">
    <owl:sameAs rdf:resource="http://dbpedia.org/resource/Kenwood_House" />
  </rdf:Description>
  <rdf:Description rdf:about="http://sv.dbpedia.org/resource/Kenwood_House">
    <owl:sameAs rdf:resource="http://dbpedia.org/resource/Kenwood_House" />
  </rdf:Description>
  <rdf:Description rdf:about="http://tr.dbpedia.org/resource/Kenwood_House">
    <owl:sameAs rdf:resource="http://dbpedia.org/resource/Kenwood_House" />
  </rdf:Description>
  <rdf:Description rdf:about="http://uk.dbpedia.org/resource/Кенвуд-хаус">
    <owl:sameAs rdf:resource="http://dbpedia.org/resource/Kenwood_House" />
  </rdf:Description>
</rdf:RDF>
