<?xml version="1.0" encoding="utf-8" ?>
<rdf:RDF
	xmlns:rdf="http://www.w3.org/1999/02/22-rdf-syntax-ns#"
	xmlns:rdfs="http://www.w3.org/2000/01/rdf-schema#"
	xmlns:owl="http://www.w3.org/2002/07/owl#"
	xmlns:dcterms="http://purl.org/dc/terms/"
	xmlns:dbpedia-owl="http://dbpedia.org/ontology/"
	xmlns:foaf="http://xmlns.com/foaf/0.1/"
	xmlns:dbpprop="http://dbpedia.org/property/"
	xmlns:geo="http://www.w3.org/2003/01/geo/wgs84_pos#"
	xmlns:ns8="http://www.w3.org/ns/prov#"
	xmlns:grs="http://www.georss.org/georss/" >
  <rdf:Description rdf:about="http://pt.dbpedia.org/resource/Museu_das_Belas_Artes_(Basileia)">
    <owl:sameAs rdf:resource="http://dbpedia.org/resource/Kunstmuseum_Basel" />
  </rdf:Description>
  <rdf:Description rdf:about="http://dbpedia.org/resource/Kunstmuseum_Basel">
    <rdf:type rdf:resource="http://dbpedia.org/class/yago/Object100002684" />
    <rdf:type rdf:resource="http://schema.org/Place" />
    <rdf:type rdf:resource="http://dbpedia.org/class/yago/Depository103177349" />
    <rdf:type rdf:resource="http://www.opengis.net/gml/_Feature" />
    <rdf:type rdf:resource="http://schema.org/Museum" />
    <rdf:type rdf:resource="http://dbpedia.org/class/yago/Facility103315023" />
    <rdf:type rdf:resource="http://dbpedia.org/class/yago/Whole100003553" />
    <rdf:type rdf:resource="http://www.w3.org/2002/07/owl#Thing" />
    <rdf:type rdf:resource="http://dbpedia.org/class/yago/YagoPermanentlyLocatedEntity" />
    <rdf:type rdf:resource="http://dbpedia.org/class/yago/ArtMuseumsAndGalleriesInSwitzerland" />
    <rdf:type rdf:resource="http://dbpedia.org/ontology/Museum" />
    <rdf:type rdf:resource="http://dbpedia.org/class/yago/MuseumsInBasel" />
    <rdf:type rdf:resource="http://dbpedia.org/ontology/ArchitecturalStructure" />
    <rdf:type rdf:resource="http://dbpedia.org/class/yago/YagoGeoEntity" />
    <rdf:type rdf:resource="http://dbpedia.org/ontology/Place" />
    <rdf:type rdf:resource="http://dbpedia.org/class/yago/Artifact100021939" />
    <rdf:type rdf:resource="http://dbpedia.org/class/yago/ArtMuseumsEstablishedIn1661" />
    <rdf:type rdf:resource="http://dbpedia.org/class/yago/Museum103800563" />
    <rdf:type rdf:resource="http://dbpedia.org/class/yago/PhysicalEntity100001930" />
    <rdf:type rdf:resource="http://dbpedia.org/ontology/Building" />
    <owl:sameAs rdf:resource="http://uk.dbpedia.org/resource/Художній_музей_(Базель)" />
    <owl:sameAs rdf:resource="http://ja.dbpedia.org/resource/バーゼル市立美術館" />
    <owl:sameAs rdf:resource="http://nl.dbpedia.org/resource/Kunstmuseum_Basel" />
    <owl:sameAs rdf:resource="http://rdf.freebase.com/ns/m.03hg3qv" />
    <owl:sameAs rdf:resource="http://it.dbpedia.org/resource/Kunstmuseum_Basel" />
    <owl:sameAs rdf:resource="http://fr.dbpedia.org/resource/Kunstmuseum_(Bâle)" />
    <owl:sameAs rdf:resource="http://pt.dbpedia.org/resource/Museu_das_Belas_Artes_(Basileia)" />
    <owl:sameAs rdf:resource="http://als.dbpedia.org/resource/Kunstmuseum_Basel" />
    <owl:sameAs rdf:resource="http://es.dbpedia.org/resource/Museo_de_Arte_de_Basilea" />
    <owl:sameAs rdf:resource="http://ru.dbpedia.org/resource/Художественный_музей_(Базель)" />
    <owl:sameAs rdf:resource="http://br.dbpedia.org/resource/Kunstmuseum_Basel" />
    <owl:sameAs rdf:resource="http://ro.dbpedia.org/resource/Kunstmuseum_din_Basel" />
    <owl:sameAs rdf:resource="http://www.wikidata.org/entity/Q194626" />
    <owl:sameAs rdf:resource="http://pl.dbpedia.org/resource/Muzeum_Sztuki_w_Bazylei" />
    <owl:sameAs rdf:resource="http://de.dbpedia.org/resource/Kunstmuseum_Basel" />
    <owl:sameAs rdf:resource="http://yago-knowledge.org/resource/Kunstmuseum_Basel" />
    <owl:sameAs rdf:resource="http://dbpedia.org/resource/Kunstmuseum_Basel" />
    <dcterms:subject rdf:resource="http://dbpedia.org/resource/Category:Cultural_property_of_national_significance_in_Basel-Stadt" />
    <dcterms:subject rdf:resource="http://dbpedia.org/resource/Category:Museums_in_Basel" />
    <dcterms:subject rdf:resource="http://dbpedia.org/resource/Category:1661_establishments_in_Switzerland" />
    <dcterms:subject rdf:resource="http://dbpedia.org/resource/Category:Art_museums_and_galleries_in_Switzerland" />
    <dcterms:subject rdf:resource="http://dbpedia.org/resource/Category:Art_museums_established_in_1661" />
    <dbpedia-owl:abstract xml:lang="nl">Het Kunstmuseum Basel is het belangrijkste museum/prentenkabinet van de Zwitserse stad Bazel. Het museum aan de Sankt Alban-Graben 16 is verdeeld in twee afdelingen: De Galerie: oude meesters en kunst van de negentiende en twintigste eeuw Het Kupferstichkabinett: tekeningen en grafische werken Hedendaagse kunst wordt getoond in het aan de Sankt Alban-Rheinweg 60 gelegen Museum für Gegenwartskunst, dat eveneens tot het Kunstmuseum Basel behoort.</dbpedia-owl:abstract>
    <dbpedia-owl:abstract xml:lang="ru">Художественный музей в Базеле — самое крупное в Швейцарии открытое для публики собрание предметов искусства. Художественный музей в Базеле хранит самую крупную коллекцию работ художественной династии Гольбейнов в мире. Основу музейных фондов составляет коллекция базельского коллекционера Базилиуса Амербаха (1533—1591), отец которого Иоганн Амербах был дружен с гуманистом Эразмом Роттердамским и художником Гансом Гольбейном Младшим. Эту частную коллекцию в 1661 г. приобрёл Базель. Так называемый «Кабинет Амербаха» стал первым музеем в собственности города. Экспозиция музея располагается на двух этажах. На первом этаже представлены старые мастера XV—XIX вв. : Конрад Виц, Гольбейны, Мартин Шонгауэр, Лукас Кранах Старший, Матиас Грюневальд, Питер Пауль Рубенс и Рембрандт. Импрессионисты XIX в. представлены работами Поля Сезанна, Поля Гогена и Винсента ван Гога. Кроме этого в музее демонстрируются работы немецких и швейцарских художников XVIII и XIX вв. Второй этаж музея посвящён скульптуре и живописи ХХ в. Музей славится своей коллекцией кубистов — Пабло Пикассо, Жоржа Брака и Хуана Гриса. Экспрессионисты представлены Эдвардом Мунком, Францем Марком, Оскаром Кокошкой и Эмилем Нольде. Наряду с ними в экспозиции Художественного музея демонстрируются работы, выполненные в стиле конструктивизм, дадаизм и сюрреализм, представленные Питом Мондрианом и Сальвадором Дали. Современное искусство демонстрируется вместе с работами в собственности Фонда Эмануэля Хоффманна в рамках базельского Музея современного искусства, открытого в 1980 г. и входящего в состав Художественного музея.</dbpedia-owl:abstract>
    <dbpedia-owl:abstract xml:lang="fr">Le musée d&#39;art (Kunstmuseum) de Bâle est inauguré le 29 août 1936. Ses collections se concentrent particulièrement sur deux domaines : la peinture et la gravure rhénane aux XV et XVI siècles ; l&#39;art européen en général de 1850 à 1950 et l&#39;art américain depuis 1950. Le noyau de la collection est constitué par un ensemble acquis par la ville de Bâle en 1661, le Cabinet Amerbach, du nom d&#39;une famille de mécènes et collectionneurs, qui fréquentait Erasme et Holbein. Dans les domaines de l’art plus récent et jusqu’à l’art contemporain, la collection possède des œuvres d’artistes suisses, allemands, italiens et américains, dont Joseph Beuys, Andy Warhol, Jasper Johns, Georg Baselitz, A.R. Penck, Brice Marden, Bruce Nauman, Jonathan Borofsky, Roni Horn, Francesco Clemente, Mimmo Paladino, Enzo Cucchi, Walter Dahn, Martin Disler, Siegfried Anzinger, Leiko Ikemura, Markus Raetz, Robert Therrien, Rosemarie Trockel et Robert Gober.</dbpedia-owl:abstract>
    <dbpedia-owl:abstract xml:lang="pl">Muzeum Sztuki w Bazylei – szwajcarskie muzeum sztuki, którego kolekcja zawiera dzieła od XV wieku do współczesności. Prezentuje obrazy, rzeźby, instalację, sztukę wideo i fotografię, a także rysunki i grafikę. Posiada największy na świecie zbiór dzieł Holbeinów, a ponadto prace takich mistrzów jak Konrad Witz, Martin Schongauer, Lucas Cranach Starszy czy Mathias Grünewald. Większość skarbów sztuki dawnej wchodziła niegdyś w skład prywatnej kolekcji prawnika Basiliusa Amerbacha, która została zakupiona przez miasto w 1661. W dziale sztuki dziewiętnastowiecznej jednymi z najważniejszych jest zbiór urodzonego w Bazylei Arnolda Böcklina. Kolekcja sztuki dwudziestowiecznej to przede wszystkim kubizm, niemiecki ekspresjonizm, ekspresjonizm abstrakcyjny i sztuka amerykańska po 1950. Dzieła sztuki współczesnej eksponowane są w osobnym budynku – Muzeum Sztuki Współczesnej (niem. Museum für Gegenwartskunst).</dbpedia-owl:abstract>
    <dbpedia-owl:abstract xml:lang="es">El Museo de Arte de Basilea (en alemán Kunstmuseum Basel), también conocido como Colección Pública de Arte de Basilea (Öffentliche Kunstsammlung Basel), es una institución estatal dedicada al arte situada en la ciudad suiza de Basilea. Cuenta con una exposición permanente dedicada al arte de los periodos comprendidos entre la Edad Media y la actualidad, así como exposiciones temporales organizadas periódicamente. El Kunstmuseum se encuentra en la parte antigua de Basilea, cerca de la catedral románica, en una zona de alta concentración museística: Museo Histórico, Museo de Etnografía, Museo Arqueológico, la Kunsthalle, etc. Delante de la entrada del museo, fuera del edificio pero formando parte de su ámbito, se encuentra el célebre grupo escultórico de Rodin Los burgueses de Calais. Su colección se inició en 1662, cuando el Consejo de la ciudad, en colaboración con la Universidad de Basilea, adquirió la colección particular del jurista Basilius Amerbach (1534-1591), compuesta por numerosas obras donde destacaban 15 cuadros de Hans Holbein el Joven. En 1671 esta colección fue depositada en un Círculo de la Münsterplatz, la vieja casa “zur Mücke”. Una importante ampliación del museo se produjo en 1823 con la adquisición de la colección particular de Remigius Fäsch (1595-1667), compuesta por cuadros de los siglos XV y XVI, destacando obras de Hans Baldung y Hans Fries. Sobre la base de las colecciones Amerbach y Fäsch, el museo fue adquiriendo diversas obras, sobre todo a partir del siglo XIX: además de obras contemporáneas, se adquieren obras medievales de los siglos XIV-XV, destacando las del pintor alemán Konrad Witz, del que figuran en el museo once de las veintiuna obras conocidas de este artista. Centrado en principio en el arte suizo, alemán y holandés, en el siglo XIX se empiezan a adquirir obras de artistas de todo el mundo. A partir de 1859, la Fundación Birmann pone a disposición del museo medios de adquisición que permitirán una selección de obras más sistemática, con la voluntad de reflejar la evolución que va siguiendo el arte a escala mundial. En 1936 la casa “zur Mücke” se queda pequeña para albergar la colección, por lo que se construye un nuevo edificio, de un clasicismo tardío. En 1940 se incorpora la colección de la Fundación Emmanuel Hoffmann, compuesta por cuadros de artistas modernos donde destacan Braque, Mondrian, Arp, etc. También será importante la donación de obras del coleccionista Raoul La Roche, compuesta por pintores cubistas como Picasso, Léger y Juan Gris. Así, entre donaciones particulares y adquisiciones oficiales, el Kunstmuseum presenta hoy día una inmejorable colección de arte, de relevancia mundial. En el ámbito del arte más reciente y contemporáneo, la colección mantiene un conjunto sustancial de obras de artistas alemanes, italianos y estadounidenses, incluyendo a Joseph Beuys, Andy Warhol, Jasper Johns, Georg Baselitz, A.R. Penck, Brice Marden, Bruce Nauman, Jonathan Borofsky, Roni Horn, Francesco Clemente, Mimmo Paladino, Enzo Cucchi, Walter Dahn, Martin Disler, Siegfried Anzinger, Leiko Ikemura, Markus Raetz, Robert Therrien, Rosemarie Trockel y Robert Gober.</dbpedia-owl:abstract>
    <dbpedia-owl:abstract xml:lang="it">Il Museo d’arte di Basilea ospita la più grande e importante collezione d’arte pubblica della Svizzera. Le sue origini risalgono all’acquisto del gabinetto Amerbach da parte della città di Basilea nel 1661: esso è quindi il primo museo in possesso di una comunità borghese cittadina. La collezione si distingue per la sua straordinaria ricchezza storica, dagli inizi del XV secolo fino all’immediato presente. Grazie ai suoi elementi di spicco, vale a dire i dipinti e i disegni di artisti dell’area dell’Alto Reno dal 1400 al 1600, così come l’arte del XIX e del XX secolo, può essere annoverato tra i più importanti musei del suo genere a livello internazionale. Il museo possiede la più grande raccolta al mondo di opere della famiglia Holbein. Il Rinascimento è rappresentato in modo incisivo da opere di Konrad Witz, Hans Baldung Grien, Martin Schongauer, Lucas Cranach il vecchio e Matthias Grünewald. L’area dedicata al XVII e XVIII secolo pone il proprio accento principale sulle opere dell’arte fiamminga e olandese nonché su nature morte di scuola tedesca e olandese. Il XIX secolo ha i suoi esponenti negli Impressionisti, rappresentati da Édouard Manet, Claude Monet, Paul Gauguin, Paul Cézanne nonché nei dipinti di Vincent van Gogh e degli svizzeri Arnold Böcklin e Ferdinand Hodler. Il XX secolo trova il suo apogeo nel Cubismo con Picasso, Braque e Juan Gris. L’Espressionismo è rappresentato, tra gli altri, da Edvard Munch, Franz Marc, Oskar Kokoschka ed Emil Nolde. Inoltre sono esposte opere dell’epoca del Costruttivismo, del Dadaismo, del Surrealismo e dell’arte americana a partire dal 1950. Da sottolineare sono anche gli straordinari gruppi di opere di Pablo Picasso, Fernand Léger, Paul Klee, Alberto Giacometti e Marc Chagall.</dbpedia-owl:abstract>
    <dbpedia-owl:abstract xml:lang="ja">バーゼル市立美術館 (Basler Kunstmuseum) は、スイス・バーゼルにある美術館である。単にバーゼル美術館と呼ばれることもある。 バーゼル市立現代美術館 (Museum für Gegenwartskunst) とは姉妹館であり、入場券も共通である。</dbpedia-owl:abstract>
    <dbpedia-owl:abstract xml:lang="pt">O Museu das Belas Artes de Basileia, Suíço, (Kunstmuseum, em alemão) data do Século XVII com a aquisição do Gabinete Amerbach, um coleccionador Humanista da Pré-Reforma, e Basileia é assim a primeira municipalidade suíça a ter uma colecção de arte muito antes que tais colecções sejam aberta ao público noutras cidades da Europa . O museu é particularmente rico em obras e gravuras da Renânia dos Século XV e Século XVI do qual faz parte um conjunto de obras de Hans Holbein o Jovem, do seu pai Hans Holbein o Antigo e do seu irmão Ambrosius Holbein. Também é importante a colecção de obras entre 1850 a 1950 (Vincent van Gogh, Paul Gauguin e Paul Cézanne; o cubismo, e o expressionismo alemão e a arte americana desde 1950 . Conjuntamente com o Museu de Arte e História de Genebra, e o Museu das Belas Artes de Zurique possui uma das principais colecções suíças de arte da renascença aos nossos dias. Referências</dbpedia-owl:abstract>
    <dbpedia-owl:abstract xml:lang="de">Das Kunstmuseum Basel beherbergt die grösste und bedeutendste öffentlich zugängliche Kunstsammlung der Schweiz. Mit seinen Schwerpunkten zählt es auch international zu den wichtigsten Museen seiner Art. Geplant und umgesetzt wurde das neoklassizistische Museumsgebäude 1931 bis 1936 von Paul Bonatz und R. Christ. Das Museum liegt neben dem ehemaligen Gebäude der Schweizerischen Nationalbank am St. Alban-Graben in Basel. Derzeitiger (2012) Direktor ist Bernhard Mendes Bürgi.</dbpedia-owl:abstract>
    <dbpedia-owl:abstract xml:lang="en">The Kunstmuseum Basel houses the largest and most significant public art collection in Switzerland, and is listed as a heritage site of national significance. Its lineage extends back to the Amerbach Cabinet purchased by the city of Basel in 1661, which made it the first municipally owned museum. Its collection is distinguished by an impressively wide historic span, from the early 15th century up to the immediate present. Its various areas of emphasis give it international standing as one of the most significant museums of its kind. These encompass: paintings and drawings by artists active in the Upper Rhine region between 1400 and 1600 and on the art of the 19th to 21st centuries. The Kunstmuseum possesses the largest collection of works by the Holbein family. Further examples of Renaissance art include important pieces by such masters as Konrad Witz, Hans Baldung (called Grien), Martin Schongauer, Lucas Cranach the Elder and Mathias Grünewald. The main features of the 17th and 18th centuries are the Flemish and Dutch schools, German and Dutch still life painting. Key works from the 19th century include the Impressionists represented by Édouard Manet, Claude Monet, Paul Gauguin, Paul Cézanne as well as the paintings by Vincent van Gogh and Switzerland’s Arnold Böcklin and Ferdinand Hodler. In the 20th century, the focus is on works of Cubism with Picasso, Braque and Juan Gris. Expressionism is represented by such figures as Edvard Munch, Franz Marc, Oskar Kokoschka and Emil Nolde. The collection also includes works of art from the periods of Constructivism, Dadaism and Surrealism and American art since 1950. Further highlights are the unique compilations of works from Pablo Picasso, Fernand Léger, Paul Klee, Alberto Giacometti and Marc Chagall. In the realm of more recent and contemporary art, the collection maintains substantial complexes of works by Swiss, German, Italian, and American artists, including Joseph Beuys, Andy Warhol, Jasper Johns, Georg Baselitz, A.R. Penck, Brice Marden, Bruce Nauman, Jonathan Borofsky, Roni Horn, Francesco Clemente, Mimmo Paladino, Enzo Cucchi, Walter Dahn, Martin Disler, Siegfried Anzinger, Leiko Ikemura, Markus Raetz, Robert Therrien, Rosemarie Trockel and Robert Gober.</dbpedia-owl:abstract>
    <dbpedia-owl:director rdf:resource="http://dbpedia.org/resource/Bernhard_Mendes_B%C3%BCrgi" />
    <dbpedia-owl:location rdf:resource="http://dbpedia.org/resource/Switzerland" />
    <dbpedia-owl:location rdf:resource="http://dbpedia.org/resource/Basel" />
    <dbpedia-owl:wikiPageID rdf:datatype="http://www.w3.org/2001/XMLSchema#integer">15060276</dbpedia-owl:wikiPageID>
    <dbpedia-owl:wikiPageRevisionID rdf:datatype="http://www.w3.org/2001/XMLSchema#integer">545092220</dbpedia-owl:wikiPageRevisionID>
    <rdfs:label xml:lang="pt">Museu das Belas Artes (Basileia)</rdfs:label>
    <rdfs:label xml:lang="de">Kunstmuseum Basel</rdfs:label>
    <rdfs:label xml:lang="nl">Kunstmuseum Basel</rdfs:label>
    <rdfs:label xml:lang="ja">バーゼル市立美術館</rdfs:label>
    <rdfs:label xml:lang="ru">Художественный музей (Базель)</rdfs:label>
    <rdfs:label xml:lang="en">Kunstmuseum Basel</rdfs:label>
    <rdfs:label xml:lang="es">Museo de Arte de Basilea</rdfs:label>
    <rdfs:label xml:lang="fr">Kunstmuseum (Bâle)</rdfs:label>
    <rdfs:label xml:lang="it">Kunstmuseum Basel</rdfs:label>
    <rdfs:label xml:lang="pl">Muzeum Sztuki w Bazylei</rdfs:label>
    <foaf:depiction rdf:resource="http://upload.wikimedia.org/wikipedia/commons/7/70/Basler_Kunstmuseum.jpg" />
    <rdfs:comment xml:lang="ru">Художественный музей в Базеле — самое крупное в Швейцарии открытое для публики собрание предметов искусства. Художественный музей в Базеле хранит самую крупную коллекцию работ художественной династии Гольбейнов в мире. Основу музейных фондов составляет коллекция базельского коллекционера Базилиуса Амербаха (1533—1591), отец которого Иоганн Амербах был дружен с гуманистом Эразмом Роттердамским и художником Гансом Гольбейном Младшим. Эту частную коллекцию в 1661 г. приобрёл Базель.</rdfs:comment>
    <rdfs:comment xml:lang="pt">O Museu das Belas Artes de Basileia, Suíço, (Kunstmuseum, em alemão) data do Século XVII com a aquisição do Gabinete Amerbach, um coleccionador Humanista da Pré-Reforma, e Basileia é assim a primeira municipalidade suíça a ter uma colecção de arte muito antes que tais colecções sejam aberta ao público noutras cidades da Europa .</rdfs:comment>
    <rdfs:comment xml:lang="fr">Le musée d&#39;art (Kunstmuseum) de Bâle est inauguré le 29 août 1936. Ses collections se concentrent particulièrement sur deux domaines : la peinture et la gravure rhénane aux XV et XVI siècles ; l&#39;art européen en général de 1850 à 1950 et l&#39;art américain depuis 1950. Le noyau de la collection est constitué par un ensemble acquis par la ville de Bâle en 1661, le Cabinet Amerbach, du nom d&#39;une famille de mécènes et collectionneurs, qui fréquentait Erasme et Holbein.</rdfs:comment>
    <rdfs:comment xml:lang="en">The Kunstmuseum Basel houses the largest and most significant public art collection in Switzerland, and is listed as a heritage site of national significance. Its lineage extends back to the Amerbach Cabinet purchased by the city of Basel in 1661, which made it the first municipally owned museum. Its collection is distinguished by an impressively wide historic span, from the early 15th century up to the immediate present.</rdfs:comment>
    <rdfs:comment xml:lang="it">Il Museo d’arte di Basilea ospita la più grande e importante collezione d’arte pubblica della Svizzera. Le sue origini risalgono all’acquisto del gabinetto Amerbach da parte della città di Basilea nel 1661: esso è quindi il primo museo in possesso di una comunità borghese cittadina. La collezione si distingue per la sua straordinaria ricchezza storica, dagli inizi del XV secolo fino all’immediato presente.</rdfs:comment>
    <rdfs:comment xml:lang="pl">Muzeum Sztuki w Bazylei – szwajcarskie muzeum sztuki, którego kolekcja zawiera dzieła od XV wieku do współczesności. Prezentuje obrazy, rzeźby, instalację, sztukę wideo i fotografię, a także rysunki i grafikę. Posiada największy na świecie zbiór dzieł Holbeinów, a ponadto prace takich mistrzów jak Konrad Witz, Martin Schongauer, Lucas Cranach Starszy czy Mathias Grünewald.</rdfs:comment>
    <rdfs:comment xml:lang="es">El Museo de Arte de Basilea (en alemán Kunstmuseum Basel), también conocido como Colección Pública de Arte de Basilea (Öffentliche Kunstsammlung Basel), es una institución estatal dedicada al arte situada en la ciudad suiza de Basilea. Cuenta con una exposición permanente dedicada al arte de los periodos comprendidos entre la Edad Media y la actualidad, así como exposiciones temporales organizadas periódicamente.</rdfs:comment>
    <rdfs:comment xml:lang="de">Das Kunstmuseum Basel beherbergt die grösste und bedeutendste öffentlich zugängliche Kunstsammlung der Schweiz. Mit seinen Schwerpunkten zählt es auch international zu den wichtigsten Museen seiner Art. Geplant und umgesetzt wurde das neoklassizistische Museumsgebäude 1931 bis 1936 von Paul Bonatz und R. Christ. Das Museum liegt neben dem ehemaligen Gebäude der Schweizerischen Nationalbank am St. Alban-Graben in Basel. Derzeitiger (2012) Direktor ist Bernhard Mendes Bürgi.</rdfs:comment>
    <rdfs:comment xml:lang="nl">Het Kunstmuseum Basel is het belangrijkste museum/prentenkabinet van de Zwitserse stad Bazel. Het museum aan de Sankt Alban-Graben 16 is verdeeld in twee afdelingen: De Galerie: oude meesters en kunst van de negentiende en twintigste eeuw Het Kupferstichkabinett: tekeningen en grafische werken Hedendaagse kunst wordt getoond in het aan de Sankt Alban-Rheinweg 60 gelegen Museum für Gegenwartskunst, dat eveneens tot het Kunstmuseum Basel behoort.</rdfs:comment>
    <rdfs:comment xml:lang="ja">バーゼル市立美術館 (Basler Kunstmuseum) は、スイス・バーゼルにある美術館である。単にバーゼル美術館と呼ばれることもある。 バーゼル市立現代美術館 (Museum für Gegenwartskunst) とは姉妹館であり、入場券も共通である。</rdfs:comment>
    <foaf:name xml:lang="en">Kunstmuseum Basel</foaf:name>
    <dbpedia-owl:thumbnail rdf:resource="http://upload.wikimedia.org/wikipedia/commons/thumb/7/70/Basler_Kunstmuseum.jpg/200px-Basler_Kunstmuseum.jpg" />
    <dbpedia-owl:type rdf:resource="http://dbpedia.org/resource/Art_museum" />
    <dbpedia-owl:wikiPageExternalLink rdf:resource="http://www.museenbasel.ch/en/institution/index.php?id=78" />
    <dbpedia-owl:wikiPageExternalLink rdf:resource="http://www.kunstmuseumbasel.ch" />
    <dbpedia-owl:wikiPageExternalLink rdf:resource="http://www.kunstmuseumbasel.ch/" />
    <dbpprop:director rdf:resource="http://dbpedia.org/resource/Bernhard_Mendes_B%C3%BCrgi" />
    <dbpprop:imagesize rdf:datatype="http://www.w3.org/2001/XMLSchema#integer">200</dbpprop:imagesize>
    <dbpprop:location rdf:resource="http://dbpedia.org/resource/Basel" />
    <dbpprop:location rdf:resource="http://dbpedia.org/resource/Switzerland" />
    <dbpprop:name xml:lang="en">Kunstmuseum Basel</dbpprop:name>
    <dbpprop:type rdf:resource="http://dbpedia.org/resource/Art_museum" />
    <dbpprop:website rdf:resource="http://www.kunstmuseumbasel.ch" />
    <foaf:homepage rdf:resource="http://www.kunstmuseumbasel.ch" />
    <geo:geometry rdf:datatype="http://www.openlinksw.com/schemas/virtrdf#Geometry">POINT(7.59417 47.5542)</geo:geometry>
    <foaf:isPrimaryTopicOf rdf:resource="http://en.wikipedia.org/wiki/Kunstmuseum_Basel" />
    <geo:long rdf:datatype="http://www.w3.org/2001/XMLSchema#float">7.59417</geo:long>
    <geo:lat rdf:datatype="http://www.w3.org/2001/XMLSchema#float">47.5542</geo:lat>
    <ns8:wasDerivedFrom rdf:resource="http://en.wikipedia.org/wiki/Kunstmuseum_Basel?oldid=545092220" />
    <grs:point xml:lang="en">47.55416666666667 7.594166666666666</grs:point>
    <dbpprop:hasPhotoCollection rdf:resource="http://wifo5-03.informatik.uni-mannheim.de/flickrwrappr/photos/Kunstmuseum_Basel" />
  </rdf:Description>
  <rdf:Description rdf:about="http://dbpedia.org/resource/Kunstmuseum">
    <dbpedia-owl:wikiPageDisambiguates rdf:resource="http://dbpedia.org/resource/Kunstmuseum_Basel" />
  </rdf:Description>
  <rdf:Description rdf:about="http://de.dbpedia.org/resource/Kunstmuseum_Basel">
    <owl:sameAs rdf:resource="http://dbpedia.org/resource/Kunstmuseum_Basel" />
  </rdf:Description>
  <rdf:Description rdf:about="http://ja.dbpedia.org/resource/バーゼル市立美術館">
    <owl:sameAs rdf:resource="http://dbpedia.org/resource/Kunstmuseum_Basel" />
  </rdf:Description>
  <rdf:Description rdf:about="http://pl.dbpedia.org/resource/Muzeum_Sztuki_w_Bazylei">
    <owl:sameAs rdf:resource="http://dbpedia.org/resource/Kunstmuseum_Basel" />
  </rdf:Description>
  <rdf:Description rdf:about="http://es.dbpedia.org/resource/Museo_de_Arte_de_Basilea">
    <owl:sameAs rdf:resource="http://dbpedia.org/resource/Kunstmuseum_Basel" />
  </rdf:Description>
  <rdf:Description rdf:about="http://fr.dbpedia.org/resource/Kunstmuseum_(Bâle)">
    <owl:sameAs rdf:resource="http://dbpedia.org/resource/Kunstmuseum_Basel" />
  </rdf:Description>
  <rdf:Description rdf:about="http://ru.dbpedia.org/resource/Художественный_музей_(Базель)">
    <owl:sameAs rdf:resource="http://dbpedia.org/resource/Kunstmuseum_Basel" />
  </rdf:Description>
  <rdf:Description rdf:about="http://dbpedia.org/resource/The_Bride_of_the_Wind">
    <dbpedia-owl:museum rdf:resource="http://dbpedia.org/resource/Kunstmuseum_Basel" />
    <dbpprop:museum rdf:resource="http://dbpedia.org/resource/Kunstmuseum_Basel" />
  </rdf:Description>
  <rdf:Description rdf:about="http://dbpedia.org/resource/The_Burning_Giraffe">
    <dbpedia-owl:museum rdf:resource="http://dbpedia.org/resource/Kunstmuseum_Basel" />
    <dbpprop:museum rdf:resource="http://dbpedia.org/resource/Kunstmuseum_Basel" />
  </rdf:Description>
  <rdf:Description rdf:about="http://dbpedia.org/resource/Daubigny&#39;s_Garden">
    <dbpedia-owl:museum rdf:resource="http://dbpedia.org/resource/Kunstmuseum_Basel" />
    <dbpprop:museum rdf:resource="http://dbpedia.org/resource/Kunstmuseum_Basel" />
  </rdf:Description>
  <rdf:Description rdf:about="http://dbpedia.org/resource/Kunstmuseum-Offentliche_Kunstsammlung_Basel">
    <dbpedia-owl:wikiPageRedirects rdf:resource="http://dbpedia.org/resource/Kunstmuseum_Basel" />
  </rdf:Description>
  <rdf:Description rdf:about="http://en.wikipedia.org/wiki/Kunstmuseum_Basel">
    <foaf:primaryTopic rdf:resource="http://dbpedia.org/resource/Kunstmuseum_Basel" />
  </rdf:Description>
  <rdf:Description rdf:about="http://dbpedia.org/resource/Amerbach_Cabinet">
    <dbpedia-owl:wikiPageRedirects rdf:resource="http://dbpedia.org/resource/Kunstmuseum_Basel" />
  </rdf:Description>
  <rdf:Description rdf:about="http://dbpedia.org/resource/Amerbach-Cabinet">
    <dbpedia-owl:wikiPageRedirects rdf:resource="http://dbpedia.org/resource/Kunstmuseum_Basel" />
  </rdf:Description>
  <rdf:Description rdf:about="http://it.dbpedia.org/resource/Kunstmuseum_Basel">
    <owl:sameAs rdf:resource="http://dbpedia.org/resource/Kunstmuseum_Basel" />
  </rdf:Description>
  <rdf:Description rdf:about="http://nl.dbpedia.org/resource/Kunstmuseum_Basel">
    <owl:sameAs rdf:resource="http://dbpedia.org/resource/Kunstmuseum_Basel" />
  </rdf:Description>
  <rdf:Description rdf:about="http://wikidata.dbpedia.org/resource/Q194626">
    <owl:sameAs rdf:resource="http://dbpedia.org/resource/Kunstmuseum_Basel" />
  </rdf:Description>
  <rdf:Description rdf:about="http://br.dbpedia.org/resource/Kunstmuseum_Basel">
    <owl:sameAs rdf:resource="http://dbpedia.org/resource/Kunstmuseum_Basel" />
  </rdf:Description>
  <rdf:Description rdf:about="http://ro.dbpedia.org/resource/Kunstmuseum_din_Basel">
    <owl:sameAs rdf:resource="http://dbpedia.org/resource/Kunstmuseum_Basel" />
  </rdf:Description>
  <rdf:Description rdf:about="http://uk.dbpedia.org/resource/Художній_музей_(Базель)">
    <owl:sameAs rdf:resource="http://dbpedia.org/resource/Kunstmuseum_Basel" />
  </rdf:Description>
  <rdf:Description rdf:about="http://als.dbpedia.org/resource/Kunstmuseum_Basel">
    <owl:sameAs rdf:resource="http://dbpedia.org/resource/Kunstmuseum_Basel" />
  </rdf:Description>
</rdf:RDF>
