<?xml version="1.0" encoding="utf-8" ?>
<rdf:RDF
	xmlns:rdf="http://www.w3.org/1999/02/22-rdf-syntax-ns#"
	xmlns:rdfs="http://www.w3.org/2000/01/rdf-schema#"
	xmlns:owl="http://www.w3.org/2002/07/owl#"
	xmlns:dcterms="http://purl.org/dc/terms/"
	xmlns:dbpedia-owl="http://dbpedia.org/ontology/"
	xmlns:foaf="http://xmlns.com/foaf/0.1/"
	xmlns:dbpprop="http://dbpedia.org/property/"
	xmlns:geo="http://www.w3.org/2003/01/geo/wgs84_pos#"
	xmlns:ns8="http://www.w3.org/ns/prov#"
	xmlns:grs="http://www.georss.org/georss/" >
  <rdf:Description rdf:about="http://dbpedia.org/resource/Manchester_Art_Gallery">
    <rdf:type rdf:resource="http://dbpedia.org/ontology/Building" />
    <rdf:type rdf:resource="http://dbpedia.org/ontology/ArchitecturalStructure" />
    <rdf:type rdf:resource="http://dbpedia.org/ontology/Place" />
    <rdf:type rdf:resource="http://dbpedia.org/class/yago/ArtMuseumsAndGalleriesInManchester" />
    <rdf:type rdf:resource="http://dbpedia.org/class/yago/PhysicalEntity100001930" />
    <rdf:type rdf:resource="http://www.w3.org/2002/07/owl#Thing" />
    <rdf:type rdf:resource="http://umbel.org/umbel/rc/Building" />
    <rdf:type rdf:resource="http://dbpedia.org/class/yago/YagoPermanentlyLocatedEntity" />
    <rdf:type rdf:resource="http://dbpedia.org/class/yago/Artifact100021939" />
    <rdf:type rdf:resource="http://dbpedia.org/class/yago/Whole100003553" />
    <rdf:type rdf:resource="http://dbpedia.org/class/yago/DecorativeArtsMuseumsInTheUnitedKingdom" />
    <rdf:type rdf:resource="http://dbpedia.org/class/yago/YagoGeoEntity" />
    <rdf:type rdf:resource="http://dbpedia.org/class/yago/ArtMuseumsEstablishedIn1824" />
    <rdf:type rdf:resource="http://dbpedia.org/class/yago/Depository103177349" />
    <rdf:type rdf:resource="http://www.opengis.net/gml/_Feature" />
    <rdf:type rdf:resource="http://dbpedia.org/class/yago/Facility103315023" />
    <rdf:type rdf:resource="http://dbpedia.org/class/yago/Museum103800563" />
    <rdf:type rdf:resource="http://dbpedia.org/class/yago/Object100002684" />
    <rdf:type rdf:resource="http://schema.org/Place" />
    <owl:sameAs rdf:resource="http://ja.dbpedia.org/resource/マンチェスター市立美術館" />
    <owl:sameAs rdf:resource="http://dbpedia.org/resource/Manchester_Art_Gallery" />
    <owl:sameAs rdf:resource="http://be_x_old.dbpedia.org/resource/Мастацкая_галерэя_Манчэстэра" />
    <owl:sameAs rdf:resource="http://fr.dbpedia.org/resource/Manchester_Art_Gallery" />
    <owl:sameAs rdf:resource="http://yago-knowledge.org/resource/Manchester_Art_Gallery" />
    <owl:sameAs rdf:resource="http://fr.dbpedia.org/resource/Manchester_City_Art_Galleries" />
    <owl:sameAs rdf:resource="http://www.wikidata.org/entity/Q2638817" />
    <owl:sameAs rdf:resource="http://be.dbpedia.org/resource/Мастацкая_галерэя_Манчэстэра" />
    <owl:sameAs rdf:resource="http://ru.dbpedia.org/resource/Манчестерская_художественная_галерея" />
    <owl:sameAs rdf:resource="http://rdf.freebase.com/ns/m.0383jm" />
    <dcterms:subject rdf:resource="http://dbpedia.org/resource/Category:Grade_I_listed_buildings_in_Manchester" />
    <dcterms:subject rdf:resource="http://dbpedia.org/resource/Category:Grade_I_listed_museum_buildings" />
    <dcterms:subject rdf:resource="http://dbpedia.org/resource/Category:1824_establishments_in_England" />
    <dcterms:subject rdf:resource="http://dbpedia.org/resource/Category:Art_museums_and_galleries_in_Manchester" />
    <dcterms:subject rdf:resource="http://dbpedia.org/resource/Category:Art_museums_established_in_1824" />
    <dcterms:subject rdf:resource="http://dbpedia.org/resource/Category:Decorative_arts_museums_in_England" />
    <dbpedia-owl:abstract xml:lang="ja">マンチェスター市立美術館(Manchester Art Gallery)は、イングランド北西部の都市マンチェスターにある美術館である。ラファエル前派のコレクションで知られる。</dbpedia-owl:abstract>
    <dbpedia-owl:abstract xml:lang="fr">Manchester Art Gallery est une galerie d&#39;art publique à Manchester dans le Nord-Ouest de l&#39;Angleterre. Ouverte en 1824, la galerie occupe trois bâtiments dont le plus ancien est classé. C&#39;était à l&#39;origine la Royal Manchester Institution et il a été imaginé par Sir Charles Barry en 1824. La galerie a été étendue en 2002 par Hopkins Architects in 2002 pour s&#39;installer également à l&#39;ancien bâtiment du Manchester Athenaeum, de style Palazzo, et également dessiné par Barry en 1826. La galerie abrite beaucoup d&#39;œuvres spécifiquement liées à Manchester, en particulier dans la salle éponyme.</dbpedia-owl:abstract>
    <dbpedia-owl:abstract xml:lang="en">Manchester Art Gallery is a publicly owned art gallery in Mosley Street, Manchester, England. It was formerly known as Manchester City Art Gallery. The gallery was opened in 1824 and today occupies three buildings, the oldest of which, designed by Sir Charles Barry, is Grade I listed and was originally home to the Royal Manchester Institution. The gallery is free to enter and houses the civic art collection, which includes works of local and international significance.</dbpedia-owl:abstract>
    <dbpedia-owl:abstract xml:lang="ru">Манчестерская художественная галерея — открытая для посещений художественная галерея в центре города Манчестера, в Северо-Западной Англии. В 2002 году она была расширена и теперь занимает три здания. Кроме картин мирового значения, здесь находятся также произведения, связанные с городом Манчестером. Значительное место занимает коллекция работ Пьера Валетта, французского художника-импрессиониста, который преподавал в Манчестере в начале XX века.</dbpedia-owl:abstract>
    <dbpedia-owl:architect rdf:resource="http://dbpedia.org/resource/Charles_Barry" />
    <dbpedia-owl:location rdf:resource="http://dbpedia.org/resource/Mosley_Street" />
    <dbpedia-owl:location rdf:resource="http://dbpedia.org/resource/Manchester" />
    <dbpedia-owl:wikiPageID rdf:datatype="http://www.w3.org/2001/XMLSchema#integer">749781</dbpedia-owl:wikiPageID>
    <dbpedia-owl:wikiPageRevisionID rdf:datatype="http://www.w3.org/2001/XMLSchema#integer">548519642</dbpedia-owl:wikiPageRevisionID>
    <rdfs:label xml:lang="fr">Manchester City Art Galleries</rdfs:label>
    <rdfs:label xml:lang="en">Manchester Art Gallery</rdfs:label>
    <rdfs:label xml:lang="ru">Манчестерская художественная галерея</rdfs:label>
    <rdfs:label xml:lang="ja">マンチェスター市立美術館</rdfs:label>
    <foaf:depiction rdf:resource="http://upload.wikimedia.org/wikipedia/commons/c/ca/Manchester_Art_Gallery_March_2010.jpg" />
    <rdfs:comment xml:lang="fr">Manchester Art Gallery est une galerie d&#39;art publique à Manchester dans le Nord-Ouest de l&#39;Angleterre. Ouverte en 1824, la galerie occupe trois bâtiments dont le plus ancien est classé. C&#39;était à l&#39;origine la Royal Manchester Institution et il a été imaginé par Sir Charles Barry en 1824. La galerie a été étendue en 2002 par Hopkins Architects in 2002 pour s&#39;installer également à l&#39;ancien bâtiment du Manchester Athenaeum, de style Palazzo, et également dessiné par Barry en 1826.</rdfs:comment>
    <rdfs:comment xml:lang="en">Manchester Art Gallery is a publicly owned art gallery in Mosley Street, Manchester, England. It was formerly known as Manchester City Art Gallery. The gallery was opened in 1824 and today occupies three buildings, the oldest of which, designed by Sir Charles Barry, is Grade I listed and was originally home to the Royal Manchester Institution. The gallery is free to enter and houses the civic art collection, which includes works of local and international significance.</rdfs:comment>
    <rdfs:comment xml:lang="ja">マンチェスター市立美術館(Manchester Art Gallery)は、イングランド北西部の都市マンチェスターにある美術館である。ラファエル前派のコレクションで知られる。</rdfs:comment>
    <rdfs:comment xml:lang="ru">Манчестерская художественная галерея — открытая для посещений художественная галерея в центре города Манчестера, в Северо-Западной Англии. В 2002 году она была расширена и теперь занимает три здания. Кроме картин мирового значения, здесь находятся также произведения, связанные с городом Манчестером. Значительное место занимает коллекция работ Пьера Валетта, французского художника-импрессиониста, который преподавал в Манчестере в начале XX века.</rdfs:comment>
    <foaf:name xml:lang="en">Manchester Art Gallery</foaf:name>
    <dbpedia-owl:thumbnail rdf:resource="http://upload.wikimedia.org/wikipedia/commons/thumb/c/ca/Manchester_Art_Gallery_March_2010.jpg/200px-Manchester_Art_Gallery_March_2010.jpg" />
    <dbpedia-owl:wikiPageExternalLink rdf:resource="http://www.bbc.co.uk/arts/yourpaintings/galleries/locations/manchester-city-galleries-7282" />
    <dbpedia-owl:wikiPageExternalLink rdf:resource="http://www.manchestergalleries.org/" />
    <dbpprop:architect rdf:resource="http://dbpedia.org/resource/Charles_Barry" />
    <dbpprop:caption xml:lang="en">Manchester City Art Gallery, Mosley Street</dbpprop:caption>
    <dbpprop:completionDate rdf:datatype="http://www.w3.org/2001/XMLSchema#integer">1824</dbpprop:completionDate>
    <dbpprop:location xml:lang="en">Mosley Street, City Centre, Manchester, England</dbpprop:location>
    <dbpprop:name xml:lang="en">Manchester Art Gallery</dbpprop:name>
    <foaf:homepage rdf:resource="http://www.manchestergalleries.org/" />
    <geo:geometry rdf:datatype="http://www.openlinksw.com/schemas/virtrdf#Geometry">POINT(-2.24139 53.4786)</geo:geometry>
    <foaf:isPrimaryTopicOf rdf:resource="http://en.wikipedia.org/wiki/Manchester_Art_Gallery" />
    <geo:long rdf:datatype="http://www.w3.org/2001/XMLSchema#float">-2.24139</geo:long>
    <geo:lat rdf:datatype="http://www.w3.org/2001/XMLSchema#float">53.4786</geo:lat>
    <ns8:wasDerivedFrom rdf:resource="http://en.wikipedia.org/wiki/Manchester_Art_Gallery?oldid=548519642" />
    <grs:point xml:lang="en">53.478611111111114 -2.241388888888889</grs:point>
    <dbpprop:hasPhotoCollection rdf:resource="http://wifo5-03.informatik.uni-mannheim.de/flickrwrappr/photos/Manchester_Art_Gallery" />
  </rdf:Description>
  <rdf:Description rdf:about="http://dbpedia.org/resource/Autumn_Leaves_(painting)">
    <dbpedia-owl:museum rdf:resource="http://dbpedia.org/resource/Manchester_Art_Gallery" />
    <dbpprop:museum rdf:resource="http://dbpedia.org/resource/Manchester_Art_Gallery" />
  </rdf:Description>
  <rdf:Description rdf:about="http://dbpedia.org/resource/The_Scapegoat_(painting)">
    <dbpedia-owl:museum rdf:resource="http://dbpedia.org/resource/Manchester_Art_Gallery" />
    <dbpprop:museum rdf:resource="http://dbpedia.org/resource/Manchester_Art_Gallery" />
  </rdf:Description>
  <rdf:Description rdf:about="http://ru.dbpedia.org/resource/Манчестерская_художественная_галерея">
    <owl:sameAs rdf:resource="http://dbpedia.org/resource/Manchester_Art_Gallery" />
  </rdf:Description>
  <rdf:Description rdf:about="http://dbpedia.org/resource/Cromwell,_Protector_of_the_Vaudois">
    <dbpedia-owl:museum rdf:resource="http://dbpedia.org/resource/Manchester_Art_Gallery" />
    <dbpprop:museum rdf:resource="http://dbpedia.org/resource/Manchester_Art_Gallery" />
  </rdf:Description>
  <rdf:Description rdf:about="http://dbpedia.org/resource/The_Hireling_Shepherd">
    <dbpedia-owl:museum rdf:resource="http://dbpedia.org/resource/Manchester_Art_Gallery" />
    <dbpprop:museum rdf:resource="http://dbpedia.org/resource/Manchester_Art_Gallery" />
  </rdf:Description>
  <rdf:Description rdf:about="http://dbpedia.org/resource/The_Shadow_of_Death">
    <dbpedia-owl:museum rdf:resource="http://dbpedia.org/resource/Manchester_Art_Gallery" />
    <dbpprop:museum rdf:resource="http://dbpedia.org/resource/Manchester_Art_Gallery" />
  </rdf:Description>
  <rdf:Description rdf:about="http://ja.dbpedia.org/resource/マンチェスター市立美術館">
    <owl:sameAs rdf:resource="http://dbpedia.org/resource/Manchester_Art_Gallery" />
  </rdf:Description>
  <rdf:Description rdf:about="http://dbpedia.org/resource/Work_(painting)">
    <dbpedia-owl:museum rdf:resource="http://dbpedia.org/resource/Manchester_Art_Gallery" />
    <dbpprop:museum rdf:resource="http://dbpedia.org/resource/Manchester_Art_Gallery" />
  </rdf:Description>
  <rdf:Description rdf:about="http://en.wikipedia.org/wiki/Manchester_Art_Gallery">
    <foaf:primaryTopic rdf:resource="http://dbpedia.org/resource/Manchester_Art_Gallery" />
  </rdf:Description>
  <rdf:Description rdf:about="http://dbpedia.org/resource/Victory_O_Lord!">
    <dbpedia-owl:museum rdf:resource="http://dbpedia.org/resource/Manchester_Art_Gallery" />
    <dbpprop:museum rdf:resource="http://dbpedia.org/resource/Manchester_Art_Gallery" />
  </rdf:Description>
  <rdf:Description rdf:about="http://dbpedia.org/resource/Manchester_City_Art_Gallery">
    <dbpedia-owl:wikiPageRedirects rdf:resource="http://dbpedia.org/resource/Manchester_Art_Gallery" />
  </rdf:Description>
  <rdf:Description rdf:about="http://wikidata.dbpedia.org/resource/Q2638817">
    <owl:sameAs rdf:resource="http://dbpedia.org/resource/Manchester_Art_Gallery" />
  </rdf:Description>
  <rdf:Description rdf:about="http://fr.dbpedia.org/resource/Manchester_Art_Gallery">
    <owl:sameAs rdf:resource="http://dbpedia.org/resource/Manchester_Art_Gallery" />
  </rdf:Description>
  <rdf:Description rdf:about="http://be.dbpedia.org/resource/Мастацкая_галерэя_Манчэстэра">
    <owl:sameAs rdf:resource="http://dbpedia.org/resource/Manchester_Art_Gallery" />
  </rdf:Description>
  <rdf:Description rdf:about="http://be_x_old.dbpedia.org/resource/Мастацкая_галерэя_Манчэстэра">
    <owl:sameAs rdf:resource="http://dbpedia.org/resource/Manchester_Art_Gallery" />
  </rdf:Description>
</rdf:RDF>
