<?xml version="1.0" encoding="utf-8" ?>
<rdf:RDF
	xmlns:rdf="http://www.w3.org/1999/02/22-rdf-syntax-ns#"
	xmlns:rdfs="http://www.w3.org/2000/01/rdf-schema#"
	xmlns:owl="http://www.w3.org/2002/07/owl#"
	xmlns:dcterms="http://purl.org/dc/terms/"
	xmlns:dbpedia-owl="http://dbpedia.org/ontology/"
	xmlns:foaf="http://xmlns.com/foaf/0.1/"
	xmlns:dbpprop="http://dbpedia.org/property/"
	xmlns:geo="http://www.w3.org/2003/01/geo/wgs84_pos#"
	xmlns:ns8="http://www.w3.org/ns/prov#"
	xmlns:grs="http://www.georss.org/georss/" >
  <rdf:Description rdf:about="http://dbpedia.org/resource/Herbert_Eustis_Winlock">
    <dbpprop:employer rdf:resource="http://dbpedia.org/resource/Metropolitan_Museum_of_Art" />
  </rdf:Description>
  <rdf:Description rdf:about="http://dbpedia.org/resource/Kevin_Roche">
    <dbpedia-owl:significantBuilding rdf:resource="http://dbpedia.org/resource/Metropolitan_Museum_of_Art" />
  </rdf:Description>
  <rdf:Description rdf:about="http://dbpedia.org/resource/Mary_Cassatt">
    <dbpprop:caption rdf:resource="http://dbpedia.org/resource/Metropolitan_Museum_of_Art" />
  </rdf:Description>
  <rdf:Description rdf:about="http://dbpedia.org/resource/Camouflage_Self-Portrait">
    <dbpedia-owl:museum rdf:resource="http://dbpedia.org/resource/Metropolitan_Museum_of_Art" />
  </rdf:Description>
  <rdf:Description rdf:about="http://dbpedia.org/resource/The_Metropolitan_Museum_of_Art">
    <dbpedia-owl:wikiPageRedirects rdf:resource="http://dbpedia.org/resource/Metropolitan_Museum_of_Art" />
  </rdf:Description>
  <rdf:Description rdf:about="http://dbpedia.org/resource/Metropolitan_Museum_Of_Art">
    <dbpedia-owl:wikiPageRedirects rdf:resource="http://dbpedia.org/resource/Metropolitan_Museum_of_Art" />
  </rdf:Description>
  <rdf:Description rdf:about="http://dbpedia.org/resource/The_Heart_of_the_Andes">
    <dbpedia-owl:museum rdf:resource="http://dbpedia.org/resource/Metropolitan_Museum_of_Art" />
    <dbpprop:museum rdf:resource="http://dbpedia.org/resource/Metropolitan_Museum_of_Art" />
  </rdf:Description>
  <rdf:Description rdf:about="http://data.nytimes.com/N46524935695959797022">
    <owl:sameAs rdf:resource="http://dbpedia.org/resource/Metropolitan_Museum_of_Art" />
  </rdf:Description>
  <rdf:Description rdf:about="http://de.dbpedia.org/resource/Metropolitan_Museum_of_Art">
    <owl:sameAs rdf:resource="http://dbpedia.org/resource/Metropolitan_Museum_of_Art" />
  </rdf:Description>
  <rdf:Description rdf:about="http://el.dbpedia.org/resource/Μητροπολιτικό_Μουσείο_Τέχνης_(Νέα_Υόρκη)">
    <owl:sameAs rdf:resource="http://dbpedia.org/resource/Metropolitan_Museum_of_Art" />
  </rdf:Description>
  <rdf:Description rdf:about="http://fr.dbpedia.org/resource/Metropolitan_Museum_of_Art">
    <owl:sameAs rdf:resource="http://dbpedia.org/resource/Metropolitan_Museum_of_Art" />
  </rdf:Description>
  <rdf:Description rdf:about="http://ru.dbpedia.org/resource/Метрополитен-музей">
    <owl:sameAs rdf:resource="http://dbpedia.org/resource/Metropolitan_Museum_of_Art" />
  </rdf:Description>
  <rdf:Description rdf:about="http://dbpedia.org/resource/Metropolitan_Museum,_New_York">
    <dbpedia-owl:wikiPageRedirects rdf:resource="http://dbpedia.org/resource/Metropolitan_Museum_of_Art" />
  </rdf:Description>
  <rdf:Description rdf:about="http://dbpedia.org/resource/Juan_de_los_Angeles_Naranjo">
    <dbpprop:patrons rdf:resource="http://dbpedia.org/resource/Metropolitan_Museum_of_Art" />
  </rdf:Description>
  <rdf:Description rdf:about="http://dbpedia.org/resource/Crucifixion_(Corpus_Hypercubus)">
    <dbpedia-owl:museum rdf:resource="http://dbpedia.org/resource/Metropolitan_Museum_of_Art" />
    <dbpprop:museum rdf:resource="http://dbpedia.org/resource/Metropolitan_Museum_of_Art" />
  </rdf:Description>
  <rdf:Description rdf:about="http://dbpedia.org/resource/Femme_Lisant">
    <dbpedia-owl:museum rdf:resource="http://dbpedia.org/resource/Metropolitan_Museum_of_Art" />
    <dbpprop:museum rdf:resource="http://dbpedia.org/resource/Metropolitan_Museum_of_Art" />
  </rdf:Description>
  <rdf:Description rdf:about="http://dbpedia.org/resource/Woman_with_a_Water_Jug">
    <dbpedia-owl:museum rdf:resource="http://dbpedia.org/resource/Metropolitan_Museum_of_Art" />
    <dbpprop:museum rdf:resource="http://dbpedia.org/resource/Metropolitan_Museum_of_Art" />
  </rdf:Description>
  <rdf:Description rdf:about="http://dbpedia.org/resource/The_Storm_(painting)">
    <dbpedia-owl:museum rdf:resource="http://dbpedia.org/resource/Metropolitan_Museum_of_Art" />
    <dbpprop:museum rdf:resource="http://dbpedia.org/resource/Metropolitan_Museum_of_Art" />
  </rdf:Description>
  <rdf:Description rdf:about="http://dbpedia.org/resource/View_of_Toledo">
    <dbpedia-owl:museum rdf:resource="http://dbpedia.org/resource/Metropolitan_Museum_of_Art" />
    <dbpprop:museum rdf:resource="http://dbpedia.org/resource/Metropolitan_Museum_of_Art" />
  </rdf:Description>
  <rdf:Description rdf:about="http://dbpedia.org/resource/Washington_Crossing_Historic_Park">
    <dbpprop:museum rdf:resource="http://dbpedia.org/resource/Metropolitan_Museum_of_Art" />
  </rdf:Description>
  <rdf:Description rdf:about="http://dbpedia.org/resource/Metropolitan">
    <dbpedia-owl:wikiPageDisambiguates rdf:resource="http://dbpedia.org/resource/Metropolitan_Museum_of_Art" />
  </rdf:Description>
  <rdf:Description rdf:about="http://dbpedia.org/resource/The_Chess_Players">
    <dbpedia-owl:museum rdf:resource="http://dbpedia.org/resource/Metropolitan_Museum_of_Art" />
    <dbpprop:museum rdf:resource="http://dbpedia.org/resource/Metropolitan_Museum_of_Art" />
  </rdf:Description>
  <rdf:Description rdf:about="http://dbpedia.org/resource/The_Actor_(painting)">
    <dbpedia-owl:museum rdf:resource="http://dbpedia.org/resource/Metropolitan_Museum_of_Art" />
    <dbpprop:museum rdf:resource="http://dbpedia.org/resource/Metropolitan_Museum_of_Art" />
  </rdf:Description>
  <rdf:Description rdf:about="http://dbpedia.org/resource/Water_Lilies_(1919)">
    <dbpedia-owl:museum rdf:resource="http://dbpedia.org/resource/Metropolitan_Museum_of_Art" />
    <dbpprop:museum rdf:resource="http://dbpedia.org/resource/Metropolitan_Museum_of_Art" />
  </rdf:Description>
  <rdf:Description rdf:about="http://dbpedia.org/resource/Max_Schmitt_in_a_Single_Scull">
    <dbpedia-owl:museum rdf:resource="http://dbpedia.org/resource/Metropolitan_Museum_of_Art" />
    <dbpprop:museum rdf:resource="http://dbpedia.org/resource/Metropolitan_Museum_of_Art" />
  </rdf:Description>
  <rdf:Description rdf:about="http://dbpedia.org/resource/Last_Communion_of_St_Jerome_(Botticelli)">
    <dbpedia-owl:museum rdf:resource="http://dbpedia.org/resource/Metropolitan_Museum_of_Art" />
  </rdf:Description>
  <rdf:Description rdf:about="http://cs.dbpedia.org/resource/Metropolitní_muzeum_umění">
    <owl:sameAs rdf:resource="http://dbpedia.org/resource/Metropolitan_Museum_of_Art" />
  </rdf:Description>
  <rdf:Description rdf:about="http://es.dbpedia.org/resource/Museo_Metropolitano_de_Arte">
    <owl:sameAs rdf:resource="http://dbpedia.org/resource/Metropolitan_Museum_of_Art" />
  </rdf:Description>
  <rdf:Description rdf:about="http://it.dbpedia.org/resource/Metropolitan_Museum_of_Art">
    <owl:sameAs rdf:resource="http://dbpedia.org/resource/Metropolitan_Museum_of_Art" />
  </rdf:Description>
  <rdf:Description rdf:about="http://ko.dbpedia.org/resource/메트로폴리탄_미술관">
    <owl:sameAs rdf:resource="http://dbpedia.org/resource/Metropolitan_Museum_of_Art" />
  </rdf:Description>
  <rdf:Description rdf:about="http://pt.dbpedia.org/resource/Metropolitan_Museum_of_Art">
    <owl:sameAs rdf:resource="http://dbpedia.org/resource/Metropolitan_Museum_of_Art" />
  </rdf:Description>
  <rdf:Description rdf:about="http://dbpedia.org/resource/Metropolitan_Museum_of_Art">
    <rdf:type rdf:resource="http://dbpedia.org/class/yago/ArtMuseumsInNewYork" />
    <rdf:type rdf:resource="http://dbpedia.org/class/yago/YagoPermanentlyLocatedEntity" />
    <rdf:type rdf:resource="http://dbpedia.org/class/yago/Depository103177349" />
    <rdf:type rdf:resource="http://dbpedia.org/class/yago/MuseumsOfAncientGreece" />
    <rdf:type rdf:resource="http://dbpedia.org/class/yago/Point108620061" />
    <rdf:type rdf:resource="http://dbpedia.org/class/yago/NationalHistoricLandmarksInNewYorkCity" />
    <rdf:type rdf:resource="http://dbpedia.org/class/yago/MuseumsOfAmericanArt" />
    <rdf:type rdf:resource="http://schema.org/Museum" />
    <rdf:type rdf:resource="http://schema.org/Place" />
    <rdf:type rdf:resource="http://dbpedia.org/class/yago/FashionMuseumsInTheUnitedStates" />
    <rdf:type rdf:resource="http://dbpedia.org/class/yago/MusicalInstrumentMuseumsInTheUnitedStates" />
    <rdf:type rdf:resource="http://dbpedia.org/class/yago/AsianArtMuseumsInNewYork" />
    <rdf:type rdf:resource="http://dbpedia.org/class/yago/AfricanArtMuseumsInTheUnitedStates" />
    <rdf:type rdf:resource="http://dbpedia.org/class/yago/TextileMuseumsInTheUnitedStates" />
    <rdf:type rdf:resource="http://dbpedia.org/class/yago/MuseumsOfAncientRome" />
    <rdf:type rdf:resource="http://dbpedia.org/class/yago/Facility103315023" />
    <rdf:type rdf:resource="http://umbel.org/umbel/rc/Place" />
    <rdf:type rdf:resource="http://dbpedia.org/ontology/Museum" />
    <rdf:type rdf:resource="http://dbpedia.org/ontology/ArchitecturalStructure" />
    <rdf:type rdf:resource="http://dbpedia.org/ontology/Place" />
    <rdf:type rdf:resource="http://dbpedia.org/ontology/Building" />
    <rdf:type rdf:resource="http://www.opengis.net/gml/_Feature" />
    <rdf:type rdf:resource="http://dbpedia.org/class/yago/PhysicalEntity100001930" />
    <rdf:type rdf:resource="http://dbpedia.org/class/yago/Whole100003553" />
    <rdf:type rdf:resource="http://dbpedia.org/class/yago/YagoGeoEntity" />
    <rdf:type rdf:resource="http://dbpedia.org/class/yago/Landmark108624891" />
    <rdf:type rdf:resource="http://dbpedia.org/class/yago/Artifact100021939" />
    <rdf:type rdf:resource="http://dbpedia.org/class/yago/MuseumsInManhattan" />
    <rdf:type rdf:resource="http://dbpedia.org/class/yago/ArtMuseumsEstablishedIn1872" />
    <rdf:type rdf:resource="http://www.w3.org/2002/07/owl#Thing" />
    <rdf:type rdf:resource="http://dbpedia.org/class/yago/Object100002684" />
    <rdf:type rdf:resource="http://umbel.org/umbel/rc/Location_Underspecified" />
    <rdf:type rdf:resource="http://dbpedia.org/class/yago/Location100027167" />
    <rdf:type rdf:resource="http://dbpedia.org/class/yago/YagoLegalActorGeo" />
    <rdf:type rdf:resource="http://dbpedia.org/class/yago/Museum103800563" />
    <rdf:type rdf:resource="http://dbpedia.org/class/yago/ModernArtMuseumsInTheUnitedStates" />
    <rdf:type rdf:resource="http://dbpedia.org/class/yago/Position108621598" />
    <owl:sameAs rdf:resource="http://lt.dbpedia.org/resource/Metropoliteno_muziejus" />
    <owl:sameAs rdf:resource="http://no.dbpedia.org/resource/Metropolitan_Museum_of_Art" />
    <owl:sameAs rdf:resource="http://mk.dbpedia.org/resource/Метрополитен_(музеј)" />
    <owl:sameAs rdf:resource="http://cs.dbpedia.org/resource/Metropolitní_muzeum_umění" />
    <owl:sameAs rdf:resource="http://sh.dbpedia.org/resource/Metropolitan" />
    <owl:sameAs rdf:resource="http://fi.dbpedia.org/resource/Metropolitan_Museum_of_Art" />
    <owl:sameAs rdf:resource="http://nl.dbpedia.org/resource/Metropolitan_Museum_of_Art" />
    <owl:sameAs rdf:resource="http://rdf.freebase.com/ns/m.09c7b" />
    <owl:sameAs rdf:resource="http://hu.dbpedia.org/resource/Metropolitan_Művészeti_Múzeum" />
    <owl:sameAs rdf:resource="http://hy.dbpedia.org/resource/Մետրոպոլիտեն_թանգարան_(Նյու_Յորք)" />
    <owl:sameAs rdf:resource="http://simple.dbpedia.org/resource/Metropolitan_Museum_of_Art" />
    <owl:sameAs rdf:resource="http://hr.dbpedia.org/resource/Metropolitan" />
    <owl:sameAs rdf:resource="http://ca.dbpedia.org/resource/Metropolitan_Museum_of_Art" />
    <owl:sameAs rdf:resource="http://vi.dbpedia.org/resource/Metropolitan_Museum_of_Art" />
    <owl:sameAs rdf:resource="http://he.dbpedia.org/resource/מוזיאון_המטרופוליטן_לאמנות" />
    <owl:sameAs rdf:resource="http://mzn.dbpedia.org/resource/متروپولیتن_موزه" />
    <owl:sameAs rdf:resource="http://eo.dbpedia.org/resource/Metropolita_Muzeo_de_Arto" />
    <owl:sameAs rdf:resource="http://id.dbpedia.org/resource/Metropolitan_Museum_of_Art" />
    <owl:sameAs rdf:resource="http://da.dbpedia.org/resource/Metropolitan_Museum_of_Art" />
    <owl:sameAs rdf:resource="http://scn.dbpedia.org/resource/Metropolitan_Museum_of_Art" />
    <owl:sameAs rdf:resource="http://th.dbpedia.org/resource/พิพิธภัณฑ์ศิลปะเมโทรโพลิทัน" />
    <owl:sameAs rdf:resource="http://lv.dbpedia.org/resource/Metropoles_mākslas_muzejs" />
    <owl:sameAs rdf:resource="http://oc.dbpedia.org/resource/Metropolitan_Museum_of_Art" />
    <owl:sameAs rdf:resource="http://ja.dbpedia.org/resource/メトロポリタン美術館" />
    <owl:sameAs rdf:resource="http://bs.dbpedia.org/resource/Metropolitan_Museum_of_Art" />
    <owl:sameAs rdf:resource="http://ro.dbpedia.org/resource/Metropolitan_Museum_of_Art" />
    <owl:sameAs rdf:resource="http://tr.dbpedia.org/resource/Metropolitan_Museum_of_Art" />
    <owl:sameAs rdf:resource="http://bg.dbpedia.org/resource/Музей_на_изкуството_„Метрополитън”" />
    <owl:sameAs rdf:resource="http://sv.dbpedia.org/resource/Metropolitan_Museum_of_Art" />
    <owl:sameAs rdf:resource="http://fr.dbpedia.org/resource/Metropolitan_Museum_of_Art" />
    <owl:sameAs rdf:resource="http://www.wikidata.org/entity/Q160236" />
    <owl:sameAs rdf:resource="http://sk.dbpedia.org/resource/Metropolitan_Museum_of_Art" />
    <owl:sameAs rdf:resource="http://zh_yue.dbpedia.org/resource/大都會藝術博物館" />
    <owl:sameAs rdf:resource="http://dbpedia.org/resource/Metropolitan_Museum_of_Art" />
    <owl:sameAs rdf:resource="http://be_x_old.dbpedia.org/resource/Мэтраполітэн_(музэй)" />
    <owl:sameAs rdf:resource="http://fy.dbpedia.org/resource/Metropolitan_Museum_of_Art" />
    <owl:sameAs rdf:resource="http://uk.dbpedia.org/resource/Музей_мистецтва_Метрополітен" />
    <owl:sameAs rdf:resource="http://pt.dbpedia.org/resource/Metropolitan_Museum_of_Art" />
    <owl:sameAs rdf:resource="http://ar.dbpedia.org/resource/متحف_المتروبوليتان_للفنون" />
    <owl:sameAs rdf:resource="http://it.dbpedia.org/resource/Metropolitan_Museum_of_Art" />
    <owl:sameAs rdf:resource="http://pl.dbpedia.org/resource/Metropolitan_Museum_of_Art" />
    <owl:sameAs rdf:resource="http://sr.dbpedia.org/resource/Музеј_Метрополитен" />
    <owl:sameAs rdf:resource="http://la.dbpedia.org/resource/Museum_Artium_Metropolitanum" />
    <owl:sameAs rdf:resource="http://ka.dbpedia.org/resource/მეტროპოლიტენის_ხელოვნების_მუზეუმი_(ნიუ-იორკი)" />
    <owl:sameAs rdf:resource="http://zh.dbpedia.org/resource/大都會藝術博物館" />
    <owl:sameAs rdf:resource="http://fa.dbpedia.org/resource/موزه_متروپولیتن_نیویورک" />
    <owl:sameAs rdf:resource="http://sws.geonames.org/5126698/" />
    <owl:sameAs rdf:resource="http://az.dbpedia.org/resource/Metropoliten_muzeyi" />
    <owl:sameAs rdf:resource="http://de.dbpedia.org/resource/Metropolitan_Museum_of_Art" />
    <owl:sameAs rdf:resource="http://ru.dbpedia.org/resource/Метрополитен-музей" />
    <owl:sameAs rdf:resource="http://el.dbpedia.org/resource/Μητροπολιτικό_Μουσείο_Τέχνης_(Νέα_Υόρκη)" />
    <owl:sameAs rdf:resource="http://ko.dbpedia.org/resource/메트로폴리탄_미술관" />
    <owl:sameAs rdf:resource="http://et.dbpedia.org/resource/Metropolitani_muuseum" />
    <owl:sameAs rdf:resource="http://es.dbpedia.org/resource/Museo_Metropolitano_de_Arte" />
    <owl:sameAs rdf:resource="http://pnb.dbpedia.org/resource/میٹروپولیٹن_میوزیم_آف_آرٹ" />
    <owl:sameAs rdf:resource="http://yago-knowledge.org/resource/Metropolitan_Museum_of_Art" />
    <owl:sameAs rdf:resource="http://eu.dbpedia.org/resource/Metropolitan_Museum_of_Art" />
    <dcterms:subject rdf:resource="http://dbpedia.org/resource/Category:Museums_of_American_art" />
    <dcterms:subject rdf:resource="http://dbpedia.org/resource/Category:Rockefeller_family" />
    <dcterms:subject rdf:resource="http://dbpedia.org/resource/Category:Museums_of_Ancient_Greece" />
    <dcterms:subject rdf:resource="http://dbpedia.org/resource/Category:Institutions_accredited_by_the_American_Alliance_of_Museums" />
    <dcterms:subject rdf:resource="http://dbpedia.org/resource/Category:Central_Park" />
    <dcterms:subject rdf:resource="http://dbpedia.org/resource/Category:Buildings_and_structures_on_the_National_Register_of_Historic_Places_in_Manhattan" />
    <dcterms:subject rdf:resource="http://dbpedia.org/resource/Category:Metropolitan_Museum_of_Art" />
    <dcterms:subject rdf:resource="http://dbpedia.org/resource/Category:Fifth_Avenue_(Manhattan)" />
    <dcterms:subject rdf:resource="http://dbpedia.org/resource/Category:National_Historic_Landmarks_in_New_York_City" />
    <dcterms:subject rdf:resource="http://dbpedia.org/resource/Category:Art_museums_established_in_1872" />
    <dcterms:subject rdf:resource="http://dbpedia.org/resource/Category:African_art_museums_in_the_United_States" />
    <dcterms:subject rdf:resource="http://dbpedia.org/resource/Category:1872_establishments_in_the_United_States" />
    <dcterms:subject rdf:resource="http://dbpedia.org/resource/Category:Fashion_museums_in_the_United_States" />
    <dcterms:subject rdf:resource="http://dbpedia.org/resource/Category:Asian_art_museums_in_New_York" />
    <dcterms:subject rdf:resource="http://dbpedia.org/resource/Category:Textile_museums_in_the_United_States" />
    <dcterms:subject rdf:resource="http://dbpedia.org/resource/Category:Musical_instrument_museums_in_the_United_States" />
    <dcterms:subject rdf:resource="http://dbpedia.org/resource/Category:Orden_de_las_Artes_y_las_Letras_de_Espa%C3%B1a_recipients" />
    <dcterms:subject rdf:resource="http://dbpedia.org/resource/Category:Richard_Morris_Hunt_buildings" />
    <dcterms:subject rdf:resource="http://dbpedia.org/resource/Category:Egyptological_collections_in_the_United_States" />
    <dcterms:subject rdf:resource="http://dbpedia.org/resource/Category:Modern_art_museums_in_the_United_States" />
    <dcterms:subject rdf:resource="http://dbpedia.org/resource/Category:Museums_in_Manhattan" />
    <dcterms:subject rdf:resource="http://dbpedia.org/resource/Category:Art_museums_in_New_York_City" />
    <dcterms:subject rdf:resource="http://dbpedia.org/resource/Category:Cultural_infrastructure_completed_in_1880" />
    <dcterms:subject rdf:resource="http://dbpedia.org/resource/Category:Museums_of_Ancient_Rome" />
    <dbpedia-owl:abstract xml:lang="ru">Метропόлитен-музей (англ.  The Metropolitan Museum of Art) — один из крупнейших художественных музеев мира. Расположен в городе Нью-Йорк. Музей существует на средства спонсоров и дарителей при небольшой государственной поддержке. Важной характеристикой для посетителей является то, что хотя цена входного билета обозначена, в музей можно пройти за минимальную плату, достаточно подойти к любому окошку кассы и протянуть любую монетку, а можно и ничего не предъявлять и попросить входной билет. Входными билетами служат маленькие круглые разноцветные значки, на каждый день свой цвет. Значки можно прикрепить к одежде и взять с собой на память, что и делают бесчисленное количество туристов, да и сами жители Нью-Йорка.</dbpedia-owl:abstract>
    <dbpedia-owl:abstract xml:lang="zh">大都會藝術博物館（英语：Metropolitan Museum of Art）位於美國紐約州紐約市中央公園旁，是世界上最大的藝術博物館之一。主建築物面積約有8公頃，展出面積有20多公頃。館藏超過二百萬件藝術品，整個博物館被劃分為十九個館部。主建築物通常被簡稱為“the Met”。除了主館外，還有位於曼哈頓上城區崔恩堡修道院（英语：Bonnefort Cloister）的第二分館。那裡主要展出中世紀的藝術品。 在眾多永久藝術收藏品中，包括许多出众的古典藝術品、古埃及藝術品、几乎所有歐洲大師的油畫及大量美國視覺藝術和現代藝術作品。博物館還收藏有大量的非洲、亞洲、大洋洲、拜占庭和伊斯蘭藝術品。博物馆同时也是世界樂器、服裝、飾物、武器、盔甲的大總匯。 博物館的室內設計模仿不同历史时期的风格，从1世紀的羅馬風格延续至現代美國。 大都會藝術博物館由一群美國公民於1870年發起构建。當時的發起人包括了商人、理財家、卓越的藝術家與思想家。他們期望博物館能夠给予美國公民有关藝術與藝術教育的熏陶。最後大都會藝術博物館於1872年2月20日開幕，當時的博物館位於第五大道681號。 在2007年時，大都會藝術博物館已經有接近四分之一英里長及佔地二百萬平方英尺，是博物館最初大小的二十倍。</dbpedia-owl:abstract>
    <dbpedia-owl:abstract xml:lang="nl">| |- | |} Het Metropolitan Museum of Art is het grootste en een van de belangrijkste kunstmusea ter wereld. Het museum bevindt zich aan de oostelijke kant van het Central Park in Manhattan, New York.</dbpedia-owl:abstract>
    <dbpedia-owl:abstract xml:lang="de">Das Metropolitan Museum of Art (Met) ist das größte Kunstmuseum der Vereinigten Staaten und besitzt eine der bedeutendsten kunsthistorischen Sammlungen der Welt. Das Metropolitan Museum of Art befindet sich an der Fifth Avenue und 82nd Street in der Upper East Side im Stadtteil Manhattan von New York City, am östlichen Rand des Central Park und ist Bestandteil der Museum Mile. Es wurde am 13. April 1870 gegründet, am 20. Februar 1872 eröffnet und ist ein Universalmuseum mit dem Anspruch auf Vollständigkeit seiner Kunstsammlungsgebiete und -epochen. Der Sammlungsbestand umfasst mehr als drei Millionen Werke. In Wechselausstellungen werden die Exponate von Zeit zu Zeit ausgetauscht und auf über 130.000 m² Ausstellungsfläche präsentiert. Das Museum zählt etwa fünf Millionen Besucher pro Jahr.</dbpedia-owl:abstract>
    <dbpedia-owl:abstract xml:lang="sv">Metropolitan Museum of Art, ofta kallad bara The Met, är ett av världens största och mest betydelsefulla konstmuseer, beläget vid den östra kanten av Central Park på Manhattan i New York. Det invigdes 20 februari 1872, och har nu en permanent kollektion med mer än två miljoner konststycken.</dbpedia-owl:abstract>
    <dbpedia-owl:abstract xml:lang="pt">O Metropolitan Museum of Art ("Museu Metropolitano de Arte", em inglês) é um museu localizado na cidade de Nova Iorque, Estados Unidos. Fundado em 20 de fevereiro de 1820, é hoje um dos maiores e mais importantes museus do mundo e abriga uma importante colecção de pintura europeia dos séculos XII-XX e obras da arte antiga e oriental. Estão também expostas nas suas salas pinturas e esculturas de artistas norte-americanos. São muito importantes as secções dedicadas a instrumentos musicais, armas e indumentária. Em 2012 foi o segundo museu mais visitado do mundo, com 6 115 881 visitas.</dbpedia-owl:abstract>
    <dbpedia-owl:abstract xml:lang="en">The Metropolitan Museum of Art, located in New York City, is the largest art museum in the United States, and one of the three largest in the world, with the most significant art collections. Its permanent collection contains more than two million works, divided among seventeen curatorial departments. The main building, located on the eastern edge of Central Park along Manhattan&#39;s Museum Mile, is by area one of the world&#39;s largest art galleries. There is also a much smaller second location at "The Cloisters" in Upper Manhattan that features medieval art. Represented in the permanent collection are works of art from classical antiquity and Ancient Egypt, paintings and sculptures from nearly all the European masters, and an extensive collection of American and modern art. The Met also maintains extensive holdings of African, Asian, Oceanic, Byzantine, and Islamic art. The museum is also home to encyclopedic collections of musical instruments, costumes and accessories, and antique weapons and armor from around the world. Several notable interiors, ranging from 1st-century Rome through modern American design, are permanently installed in the Met&#39;s galleries. The Metropolitan Museum of Art was founded in 1870 by a group of American citizens. The founders included businessmen and financiers, as well as leading artists and thinkers of the day, who wanted to open a museum to bring art and art education to the American people. It opened on February 20, 1872, and was originally located at 681 Fifth Avenue. As of 2007, the Met measures almost ⁄4-mile long and occupies more than 2,000,000 square feet . Admission is pay what you wish with a recommendation of $25.</dbpedia-owl:abstract>
    <dbpedia-owl:abstract xml:lang="es">El Museo Metropolitano de Arte es uno de los más destacados museos de arte del mundo. Situado en la zona de Manhattan en la ciudad de Nueva York, abrió sus puertas el 20 de febrero de 1872. La colección del museo es de más de dos millones de obras de arte de todo el mundo. Las colecciones abarcan desde tesoros de la antigüedad clásica, representada en sus galerías de Grecia y Chipre, a pinturas y esculturas de casi todos los maestros de Europa y una gran colección de obras estadounidenses. Están expuestas obras maestras de Rafael, Tiziano, el Greco, Rembrandt, Velázquez, Picasso, Pollock, Braque y muchos más. El museo posee un gran acervo de arte egipcio, africano, asiático, de Oceanía, Oriente Medio, bizantino e islámico. Las galerías André Meyer encierran grandes obras de arte europeo del siglo XIX, con particular énfasis en los pintores impresionistas y post-impresionistas, así como una gran colección de esculturas de Rodin.</dbpedia-owl:abstract>
    <dbpedia-owl:abstract xml:lang="it">Il Metropolitan Museum of Art, a cui spesso ci si riferisce con il nomignolo di "The Met", è uno dei più grandi ed importanti musei del mondo. La sua sede principale si trova sul lato destro del Central Park a New York, lungo quello che viene chiamato il Museum Mile (cioè il "Miglio dei musei"). Nel 1986 è stato inserito nella lista dei National Historic Landmark. Il Met dispone anche di una sede secondaria, chiamata The Cloisters, che contiene la sezione dedicata all&#39;arte medievale. il museo La collezione permanente del Met contiene più di due milioni di opere d&#39;arte, suddivise in diciannove sezioni. Sono permanentemente esposte opere risalenti all&#39;antichità classica e all&#39;antico Egitto, dipinti e sculture di quasi tutti i più grandi maestri Europei, e una vasta collezione di arte statunitense e moderna. Il Met possiede anche una notevole quantità di opere d&#39;arte africane, asiatiche, dell&#39;Oceania, bizantine e islamiche. Il museo ospita anche delle collezioni enciclopediche di strumenti musicali, abiti e accessori d&#39;epoca e armi ed armature antiche provenienti da tutto il mondo. Nelle gallerie del museo sono sempre esposti importanti ricostruzioni d&#39;interni, che spaziano dalla Roma del I secolo al moderno design statunitense. Oltre all&#39;esposizione permanente, il Met organizza ed ospita grandi mostre itineranti per tutto il corso dell&#39;anno.</dbpedia-owl:abstract>
    <dbpedia-owl:abstract xml:lang="pl">The Metropolitan Museum of Art w Nowym Jorku – najstarsze i największe muzeum w Ameryce, usytuowane w nowojorskim Central Parku; założone w 1870 roku, natomiast w 1880 roku przeniesione do nowej – obecnej – siedziby. Budynek muzeum znajduje się w rejestrze National Historic Landmark i National Register of Historic Places. Dzięki legatom i darowiznom organizacji oraz osób prywatnych, muzeum, które nieustannie się rozbudowuje, posiada unikalną kolekcję malarstwa, rzeźby, dzieł sztuki zdobniczej ze wszystkich epok z całego świata. Zbiory podzielone są na szereg tematycznych działów, m. in. : dzieje sztuki światowej – malarstwo, sztuka użytkowa, uzbrojenie, instrumenty muzyczne, strój, fotografia. Bogate zbiory malarstwa prezentują dzieła najsłynniejszych światowych twórców. Siedemnastowieczna sztuka holenderska reprezentowana jest przez prace Halsa, Rembrandta i Vermeera. Malarstwo włoskie sławią obrazy Giotta, Botticellego, Rafaela, Bronzina, Veronesa. Muzeum posiada także szeroka kolekcję dziewiętnastowiecznego malarstwa francuskiego, min. dzieła Corota, Courbeta, Cézanne&#39;a, Maneta, Moneta, Renoira, Gauguina, van Gogha, Seurata.</dbpedia-owl:abstract>
    <dbpedia-owl:abstract xml:lang="ja">メトロポリタン美術館（ - びじゅつかん、英：The Metropolitan Museum of Art、略称：The Met）は、ニューヨーク市マンハッタンにある世界最大級の美術館。</dbpedia-owl:abstract>
    <dbpedia-owl:abstract xml:lang="fr">Le Metropolitan Museum of Art de New York est l’un des plus grands musées d’art au monde. Ouvert au public depuis le 20 février 1872, il est situé à Manhattan, du côté de Central Park sur la Cinquième Avenue et à la hauteur de la 82 rue. Le musée comprend également un autre bâtiment, « The Cloisters », à l’extrémité nord de l’île, dans Fort Tryon Park. Cette annexe présente des œuvres d’art médiéval et des reconstitutions de cloîtres européens. Les collections du Met comptent plus de deux millions d’œuvres d’art provenant du monde entier et représentant une gamme d’objets très divers. Les premières pièces furent apportées par les fondateurs puis des dons et des legs de grands collectionneurs ainsi que les diverses politiques d’acquisition menées par les directeurs successifs. Les visiteurs peuvent ainsi admirer des trésors de l’Antiquité, tels que ceux exposés dans ses galeries grecques et chypriotes, en passant par des toiles et des sculptures de tous les grands maîtres européens, jusqu’à une large collection d’art américain. Les collections sont aussi composées d’œuvres égyptiennes, africaines, asiatiques, océaniennes, moyen-orientales, byzantines et islamiques. Une collection encyclopédique d’instruments de musique du monde entier peut aussi être admirée ainsi qu’une série d’intérieurs, comme une chambre romaine du premier siècle avant Jésus-Christ ou une pièce dessinée par l’architecte américain Frank Lloyd Wright. Il faut également mentionner sa collection d’armes et d’armures antiques d’Europe, mais aussi du Japon, des États-Unis et du Moyen-Orient.</dbpedia-owl:abstract>
    <dbpedia-owl:director rdf:resource="http://dbpedia.org/resource/Thomas_P._Campbell" />
    <dbpedia-owl:location rdf:resource="http://dbpedia.org/resource/Manhattan" />
    <dbpedia-owl:location rdf:resource="http://dbpedia.org/resource/Fifth_Avenue" />
    <dbpedia-owl:numberOfVisitors rdf:datatype="http://www.w3.org/2001/XMLSchema#integer">5200000</dbpedia-owl:numberOfVisitors>
    <dbpedia-owl:numberOfVisitors rdf:datatype="http://www.w3.org/2001/XMLSchema#integer">5240000</dbpedia-owl:numberOfVisitors>
    <dbpedia-owl:numberOfVisitors rdf:datatype="http://www.w3.org/2001/XMLSchema#integer">4900000</dbpedia-owl:numberOfVisitors>
    <dbpedia-owl:wikiPageID rdf:datatype="http://www.w3.org/2001/XMLSchema#integer">37535</dbpedia-owl:wikiPageID>
    <dbpedia-owl:wikiPageRevisionID rdf:datatype="http://www.w3.org/2001/XMLSchema#integer">548220299</dbpedia-owl:wikiPageRevisionID>
    <rdfs:label xml:lang="fr">Metropolitan Museum of Art</rdfs:label>
    <rdfs:label xml:lang="nl">Metropolitan Museum of Art</rdfs:label>
    <rdfs:label xml:lang="pl">Metropolitan Museum of Art</rdfs:label>
    <rdfs:label xml:lang="it">Metropolitan Museum of Art</rdfs:label>
    <rdfs:label xml:lang="sv">Metropolitan Museum of Art</rdfs:label>
    <rdfs:label xml:lang="pt">Metropolitan Museum of Art</rdfs:label>
    <rdfs:label xml:lang="ja">メトロポリタン美術館</rdfs:label>
    <rdfs:label xml:lang="ru">Метрополитен-музей</rdfs:label>
    <rdfs:label xml:lang="de">Metropolitan Museum of Art</rdfs:label>
    <rdfs:label xml:lang="en">Metropolitan Museum of Art</rdfs:label>
    <rdfs:label xml:lang="zh">大都會藝術博物館</rdfs:label>
    <rdfs:label xml:lang="es">Museo Metropolitano de Arte</rdfs:label>
    <foaf:depiction rdf:resource="http://upload.wikimedia.org/wikipedia/commons/5/5b/Metropolitan_Museum_of_Art.jpg" />
    <rdfs:comment xml:lang="ru">Метропόлитен-музей (англ.  The Metropolitan Museum of Art) — один из крупнейших художественных музеев мира. Расположен в городе Нью-Йорк. Музей существует на средства спонсоров и дарителей при небольшой государственной поддержке. Важной характеристикой для посетителей является то, что хотя цена входного билета обозначена, в музей можно пройти за минимальную плату, достаточно подойти к любому окошку кассы и протянуть любую монетку, а можно и ничего не предъявлять и попросить входной билет.</rdfs:comment>
    <rdfs:comment xml:lang="nl">| |- | |} Het Metropolitan Museum of Art is het grootste en een van de belangrijkste kunstmusea ter wereld. Het museum bevindt zich aan de oostelijke kant van het Central Park in Manhattan, New York.</rdfs:comment>
    <rdfs:comment xml:lang="zh">大都會藝術博物館（英语：Metropolitan Museum of Art）位於美國紐約州紐約市中央公園旁，是世界上最大的藝術博物館之一。主建築物面積約有8公頃，展出面積有20多公頃。館藏超過二百萬件藝術品，整個博物館被劃分為十九個館部。主建築物通常被簡稱為“the Met”。除了主館外，還有位於曼哈頓上城區崔恩堡修道院（英语：Bonnefort Cloister）的第二分館。那裡主要展出中世紀的藝術品。 在眾多永久藝術收藏品中，包括许多出众的古典藝術品、古埃及藝術品、几乎所有歐洲大師的油畫及大量美國視覺藝術和現代藝術作品。博物館還收藏有大量的非洲、亞洲、大洋洲、拜占庭和伊斯蘭藝術品。博物馆同时也是世界樂器、服裝、飾物、武器、盔甲的大總匯。 博物館的室內設計模仿不同历史时期的风格，从1世紀的羅馬風格延续至現代美國。 大都會藝術博物館由一群美國公民於1870年發起构建。當時的發起人包括了商人、理財家、卓越的藝術家與思想家。他們期望博物館能夠给予美國公民有关藝術與藝術教育的熏陶。最後大都會藝術博物館於1872年2月20日開幕，當時的博物館位於第五大道681號。 在2007年時，大都會藝術博物館已經有接近四分之一英里長及佔地二百萬平方英尺，是博物館最初大小的二十倍。</rdfs:comment>
    <rdfs:comment xml:lang="es">El Museo Metropolitano de Arte es uno de los más destacados museos de arte del mundo. Situado en la zona de Manhattan en la ciudad de Nueva York, abrió sus puertas el 20 de febrero de 1872. La colección del museo es de más de dos millones de obras de arte de todo el mundo. Las colecciones abarcan desde tesoros de la antigüedad clásica, representada en sus galerías de Grecia y Chipre, a pinturas y esculturas de casi todos los maestros de Europa y una gran colección de obras estadounidenses.</rdfs:comment>
    <rdfs:comment xml:lang="en">The Metropolitan Museum of Art, located in New York City, is the largest art museum in the United States, and one of the three largest in the world, with the most significant art collections. Its permanent collection contains more than two million works, divided among seventeen curatorial departments. The main building, located on the eastern edge of Central Park along Manhattan&#39;s Museum Mile, is by area one of the world&#39;s largest art galleries.</rdfs:comment>
    <rdfs:comment xml:lang="it">Il Metropolitan Museum of Art, a cui spesso ci si riferisce con il nomignolo di "The Met", è uno dei più grandi ed importanti musei del mondo. La sua sede principale si trova sul lato destro del Central Park a New York, lungo quello che viene chiamato il Museum Mile (cioè il "Miglio dei musei"). Nel 1986 è stato inserito nella lista dei National Historic Landmark. Il Met dispone anche di una sede secondaria, chiamata The Cloisters, che contiene la sezione dedicata all&#39;arte medievale.</rdfs:comment>
    <rdfs:comment xml:lang="pl">The Metropolitan Museum of Art w Nowym Jorku – najstarsze i największe muzeum w Ameryce, usytuowane w nowojorskim Central Parku; założone w 1870 roku, natomiast w 1880 roku przeniesione do nowej – obecnej – siedziby. Budynek muzeum znajduje się w rejestrze National Historic Landmark i National Register of Historic Places.</rdfs:comment>
    <rdfs:comment xml:lang="fr">Le Metropolitan Museum of Art de New York est l’un des plus grands musées d’art au monde. Ouvert au public depuis le 20 février 1872, il est situé à Manhattan, du côté de Central Park sur la Cinquième Avenue et à la hauteur de la 82 rue. Le musée comprend également un autre bâtiment, « The Cloisters », à l’extrémité nord de l’île, dans Fort Tryon Park. Cette annexe présente des œuvres d’art médiéval et des reconstitutions de cloîtres européens.</rdfs:comment>
    <rdfs:comment xml:lang="pt">O Metropolitan Museum of Art ("Museu Metropolitano de Arte", em inglês) é um museu localizado na cidade de Nova Iorque, Estados Unidos. Fundado em 20 de fevereiro de 1820, é hoje um dos maiores e mais importantes museus do mundo e abriga uma importante colecção de pintura europeia dos séculos XII-XX e obras da arte antiga e oriental. Estão também expostas nas suas salas pinturas e esculturas de artistas norte-americanos.</rdfs:comment>
    <rdfs:comment xml:lang="sv">Metropolitan Museum of Art, ofta kallad bara The Met, är ett av världens största och mest betydelsefulla konstmuseer, beläget vid den östra kanten av Central Park på Manhattan i New York. Det invigdes 20 februari 1872, och har nu en permanent kollektion med mer än två miljoner konststycken.</rdfs:comment>
    <rdfs:comment xml:lang="de">Das Metropolitan Museum of Art (Met) ist das größte Kunstmuseum der Vereinigten Staaten und besitzt eine der bedeutendsten kunsthistorischen Sammlungen der Welt. Das Metropolitan Museum of Art befindet sich an der Fifth Avenue und 82nd Street in der Upper East Side im Stadtteil Manhattan von New York City, am östlichen Rand des Central Park und ist Bestandteil der Museum Mile. Es wurde am 13. April 1870 gegründet, am 20.</rdfs:comment>
    <rdfs:comment xml:lang="ja">メトロポリタン美術館（ - びじゅつかん、英：The Metropolitan Museum of Art、略称：The Met）は、ニューヨーク市マンハッタンにある世界最大級の美術館。</rdfs:comment>
    <foaf:name xml:lang="en">The Metropolitan Museum of Art</foaf:name>
    <dbpedia-owl:thumbnail rdf:resource="http://upload.wikimedia.org/wikipedia/commons/thumb/5/5b/Metropolitan_Museum_of_Art.jpg/200px-Metropolitan_Museum_of_Art.jpg" />
    <dbpedia-owl:wikiPageExternalLink rdf:resource="http://library.metmuseum.org/" />
    <dbpedia-owl:wikiPageExternalLink rdf:resource="http://www.nytimes.com/2012/01/16/arts/design/metropolitan-museum-of-arts-new-american-wing-galleries-review.html" />
    <dbpedia-owl:wikiPageExternalLink rdf:resource="http://libmma.contentdm.oclc.org/cdm/search/collection/p15324coll10" />
    <dbpedia-owl:wikiPageExternalLink rdf:resource="http://libmma.contentdm.oclc.org/cdm/singleitem/collection/p15324coll10/id/2226/rec/507" />
    <dbpedia-owl:wikiPageExternalLink rdf:resource="http://libmma.contentdm.oclc.org/cdm/" />
    <dbpedia-owl:wikiPageExternalLink rdf:resource="http://www.manhattanstyle.com/manhattan-ny/manhattan-attractions-manhattan-ny/metropolitan-museum-of-art-ny/" />
    <dbpedia-owl:wikiPageExternalLink rdf:resource="http://www.museumsyndicate.com/owner.php?owner=12" />
    <dbpedia-owl:wikiPageExternalLink rdf:resource="http://libmma.org/digital_files/archives/Museum_Exhibitions_1870-2010.pdf" />
    <dbpedia-owl:wikiPageExternalLink rdf:resource="http://www.nytimes.com/2012/01/06/arts/design/metropolitan-museum-completes-american-wing-renovation.html" />
    <dbpedia-owl:wikiPageExternalLink rdf:resource="http://www.metmuseum.org/" />
    <dbpedia-owl:wikiPageExternalLink rdf:resource="http://www.metmuseum.org/toah" />
    <dbpedia-owl:wikiPageExternalLink rdf:resource="http://www.telegraph.co.uk/news/obituaries/culture-obituaries/art-obituaries/6790157/Tom-Hoving.html" />
    <dbpprop:alt xml:lang="en">Facade of imposing building with Greek columns. Large colored banners hang from the building&#39;s top. A crowd of people is in front.</dbpprop:alt>
    <dbpprop:director rdf:resource="http://dbpedia.org/resource/Thomas_P._Campbell" />
    <dbpprop:established rdf:datatype="http://www.w3.org/2001/XMLSchema#integer">1870</dbpprop:established>
    <dbpprop:imagesize rdf:datatype="http://www.w3.org/2001/XMLSchema#integer">250</dbpprop:imagesize>
    <dbpprop:latitude rdf:datatype="http://www.w3.org/2001/XMLSchema#double">40.7794</dbpprop:latitude>
    <dbpprop:location rdf:datatype="http://www.w3.org/2001/XMLSchema#integer">5</dbpprop:location>
    <dbpprop:longitude rdf:datatype="http://www.w3.org/2001/XMLSchema#double">-73.9631</dbpprop:longitude>
    <dbpprop:mapCaption xml:lang="en">Location of The Metropolitan Museum of Art in New York City</dbpprop:mapCaption>
    <dbpprop:mapType xml:lang="en">New York City</dbpprop:mapType>
    <dbpprop:name xml:lang="en">The Metropolitan Museum of Art</dbpprop:name>
    <dbpprop:publictransit xml:lang="en">Bus: M1, M2, M3, M4, M79, M86</dbpprop:publictransit>
    <dbpprop:publictransit xml:lang="en">Subway: 86 St</dbpprop:publictransit>
    <dbpprop:visitors rdf:datatype="http://www.w3.org/2001/XMLSchema#integer">5200000</dbpprop:visitors>
    <dbpprop:visitors rdf:datatype="http://www.w3.org/2001/XMLSchema#double">5.24</dbpprop:visitors>
    <dbpprop:visitors rdf:datatype="http://www.w3.org/2001/XMLSchema#integer">4900000</dbpprop:visitors>
    <dbpprop:website rdf:datatype="http://www.w3.org/2001/XMLSchema#gMonthDay">--06-24</dbpprop:website>
    <geo:geometry rdf:datatype="http://www.openlinksw.com/schemas/virtrdf#Geometry">POINT(-73.9631 40.7789)</geo:geometry>
    <geo:geometry rdf:datatype="http://www.openlinksw.com/schemas/virtrdf#Geometry">POINT(-73.9631 40.7794)</geo:geometry>
    <geo:geometry rdf:datatype="http://www.openlinksw.com/schemas/virtrdf#Geometry">POINT(-73.9637 40.7789)</geo:geometry>
    <geo:geometry rdf:datatype="http://www.openlinksw.com/schemas/virtrdf#Geometry">POINT(-73.9637 40.7794)</geo:geometry>
    <foaf:isPrimaryTopicOf rdf:resource="http://en.wikipedia.org/wiki/Metropolitan_Museum_of_Art" />
    <geo:long rdf:datatype="http://www.w3.org/2001/XMLSchema#float">-73.9631</geo:long>
    <geo:long rdf:datatype="http://www.w3.org/2001/XMLSchema#float">-73.9637</geo:long>
    <geo:lat rdf:datatype="http://www.w3.org/2001/XMLSchema#float">40.7794</geo:lat>
    <geo:lat rdf:datatype="http://www.w3.org/2001/XMLSchema#float">40.7789</geo:lat>
    <ns8:wasDerivedFrom rdf:resource="http://en.wikipedia.org/wiki/Metropolitan_Museum_of_Art?oldid=548220299" />
    <grs:point xml:lang="en">40.77891 -73.96367</grs:point>
    <grs:point xml:lang="en">40.779447 -73.96311</grs:point>
    <dbpprop:hasPhotoCollection rdf:resource="http://wifo5-03.informatik.uni-mannheim.de/flickrwrappr/photos/Metropolitan_Museum_of_Art" />
  </rdf:Description>
  <rdf:Description rdf:about="http://dbpedia.org/resource/Boy_Carrying_a_Sword">
    <dbpedia-owl:museum rdf:resource="http://dbpedia.org/resource/Metropolitan_Museum_of_Art" />
    <dbpprop:museum rdf:resource="http://dbpedia.org/resource/Metropolitan_Museum_of_Art" />
  </rdf:Description>
  <rdf:Description rdf:about="http://dbpedia.org/resource/The_Spanish_Singer">
    <dbpedia-owl:museum rdf:resource="http://dbpedia.org/resource/Metropolitan_Museum_of_Art" />
    <dbpprop:museum rdf:resource="http://dbpedia.org/resource/Metropolitan_Museum_of_Art" />
  </rdf:Description>
  <rdf:Description rdf:about="http://dbpedia.org/resource/Irene_Lewisohn">
    <dbpedia-owl:knownFor rdf:resource="http://dbpedia.org/resource/Metropolitan_Museum_of_Art" />
    <dbpprop:knownFor rdf:resource="http://dbpedia.org/resource/Metropolitan_Museum_of_Art" />
  </rdf:Description>
  <rdf:Description rdf:about="http://dbpedia.org/resource/Madonna_and_Child_(Duccio)">
    <dbpedia-owl:museum rdf:resource="http://dbpedia.org/resource/Metropolitan_Museum_of_Art" />
    <dbpprop:museum rdf:resource="http://dbpedia.org/resource/Metropolitan_Museum_of_Art" />
  </rdf:Description>
  <rdf:Description rdf:about="http://dbpedia.org/resource/Madonna_and_Child_Enthroned_with_Saints_(Raphael)">
    <dbpedia-owl:museum rdf:resource="http://dbpedia.org/resource/Metropolitan_Museum_of_Art" />
    <dbpprop:museum rdf:resource="http://dbpedia.org/resource/Metropolitan_Museum_of_Art" />
  </rdf:Description>
  <rdf:Description rdf:about="http://dbpedia.org/resource/The_Death_of_Socrates">
    <dbpedia-owl:museum rdf:resource="http://dbpedia.org/resource/Metropolitan_Museum_of_Art" />
    <dbpprop:museum rdf:resource="http://dbpedia.org/resource/Metropolitan_Museum_of_Art" />
  </rdf:Description>
  <rdf:Description rdf:about="http://dbpedia.org/resource/Morris_Louis">
    <dbpprop:caption rdf:resource="http://dbpedia.org/resource/Metropolitan_Museum_of_Art" />
  </rdf:Description>
  <rdf:Description rdf:about="http://dbpedia.org/resource/The_Musicians_(Caravaggio)">
    <dbpedia-owl:museum rdf:resource="http://dbpedia.org/resource/Metropolitan_Museum_of_Art" />
  </rdf:Description>
  <rdf:Description rdf:about="http://dbpedia.org/resource/Garden_at_Sainte-Adresse_(Monet)">
    <dbpedia-owl:museum rdf:resource="http://dbpedia.org/resource/Metropolitan_Museum_of_Art" />
    <dbpprop:museum rdf:resource="http://dbpedia.org/resource/Metropolitan_Museum_of_Art" />
  </rdf:Description>
  <rdf:Description rdf:about="http://dbpedia.org/resource/Washington_Crossing_the_Delaware">
    <dbpedia-owl:museum rdf:resource="http://dbpedia.org/resource/Metropolitan_Museum_of_Art" />
    <dbpprop:museum rdf:resource="http://dbpedia.org/resource/Metropolitan_Museum_of_Art" />
  </rdf:Description>
  <rdf:Description rdf:about="http://dbpedia.org/resource/Portrait_of_Juan_de_Pareja">
    <dbpedia-owl:museum rdf:resource="http://dbpedia.org/resource/Metropolitan_Museum_of_Art" />
    <dbpprop:museum rdf:resource="http://dbpedia.org/resource/Metropolitan_Museum_of_Art" />
  </rdf:Description>
  <rdf:Description rdf:about="http://dbpedia.org/resource/MMA">
    <dbpedia-owl:wikiPageDisambiguates rdf:resource="http://dbpedia.org/resource/Metropolitan_Museum_of_Art" />
  </rdf:Description>
  <rdf:Description rdf:about="http://dbpedia.org/resource/Opening_of_the_Fifth_Seal">
    <dbpedia-owl:museum rdf:resource="http://dbpedia.org/resource/Metropolitan_Museum_of_Art" />
    <dbpprop:museum rdf:resource="http://dbpedia.org/resource/Metropolitan_Museum_of_Art" />
  </rdf:Description>
  <rdf:Description rdf:about="http://dbpedia.org/resource/The_Sortie_Made_by_the_Garrison_of_Gibraltar,_1789">
    <dbpedia-owl:museum rdf:resource="http://dbpedia.org/resource/Metropolitan_Museum_of_Art" />
    <dbpprop:museum rdf:resource="http://dbpedia.org/resource/Metropolitan_Museum_of_Art" />
  </rdf:Description>
  <rdf:Description rdf:about="http://dbpedia.org/resource/The_Rest_on_the_Flight_into_Egypt_(Mola)">
    <dbpedia-owl:museum rdf:resource="http://dbpedia.org/resource/Metropolitan_Museum_of_Art" />
    <dbpprop:museum rdf:resource="http://dbpedia.org/resource/Metropolitan_Museum_of_Art" />
  </rdf:Description>
  <rdf:Description rdf:about="http://dbpedia.org/resource/The_Third-Class_Carriage">
    <dbpedia-owl:museum rdf:resource="http://dbpedia.org/resource/Metropolitan_Museum_of_Art" />
    <dbpprop:museum rdf:resource="http://dbpedia.org/resource/Metropolitan_Museum_of_Art" />
  </rdf:Description>
  <rdf:Description rdf:about="http://dbpedia.org/resource/Captain_George_K._H._Coussmaker">
    <dbpedia-owl:museum rdf:resource="http://dbpedia.org/resource/Metropolitan_Museum_of_Art" />
    <dbpprop:museum rdf:resource="http://dbpedia.org/resource/Metropolitan_Museum_of_Art" />
  </rdf:Description>
  <rdf:Description rdf:about="http://dbpedia.org/resource/Adoration_of_the_Shepherds_(Mantegna)">
    <dbpedia-owl:museum rdf:resource="http://dbpedia.org/resource/Metropolitan_Museum_of_Art" />
  </rdf:Description>
  <rdf:Description rdf:about="http://dbpedia.org/resource/Rembrandt:_Self_Portrait_(Altman)">
    <dbpedia-owl:museum rdf:resource="http://dbpedia.org/resource/Metropolitan_Museum_of_Art" />
    <dbpprop:museum rdf:resource="http://dbpedia.org/resource/Metropolitan_Museum_of_Art" />
  </rdf:Description>
  <rdf:Description rdf:about="http://dbpedia.org/resource/Papyrus_44">
    <dbpprop:nowAt rdf:resource="http://dbpedia.org/resource/Metropolitan_Museum_of_Art" />
  </rdf:Description>
  <rdf:Description rdf:about="http://dbpedia.org/resource/Portrait_of_Antoine-Laurent_Lavoisier_and_his_wife">
    <dbpedia-owl:museum rdf:resource="http://dbpedia.org/resource/Metropolitan_Museum_of_Art" />
    <dbpprop:museum rdf:resource="http://dbpedia.org/resource/Metropolitan_Museum_of_Art" />
  </rdf:Description>
  <rdf:Description rdf:about="http://dbpedia.org/resource/New_York_Metropolitan_Museum_of_Art">
    <dbpedia-owl:wikiPageRedirects rdf:resource="http://dbpedia.org/resource/Metropolitan_Museum_of_Art" />
  </rdf:Description>
  <rdf:Description rdf:about="http://dbpedia.org/resource/The_Marriage_of_the_Virgin_(Michelino_da_Besozzo)">
    <dbpedia-owl:museum rdf:resource="http://dbpedia.org/resource/Metropolitan_Museum_of_Art" />
    <dbpprop:museum rdf:resource="http://dbpedia.org/resource/Metropolitan_Museum_of_Art" />
  </rdf:Description>
  <rdf:Description rdf:about="http://dbpedia.org/resource/Met_Ball">
    <dbpprop:location rdf:resource="http://dbpedia.org/resource/Metropolitan_Museum_of_Art" />
  </rdf:Description>
  <rdf:Description rdf:about="http://dbpedia.org/resource/The_Rocky_Mountains,_Lander&#39;s_Peak">
    <dbpedia-owl:museum rdf:resource="http://dbpedia.org/resource/Metropolitan_Museum_of_Art" />
    <dbpprop:museum rdf:resource="http://dbpedia.org/resource/Metropolitan_Museum_of_Art" />
  </rdf:Description>
  <rdf:Description rdf:about="http://dbpedia.org/resource/Modern_Rome">
    <dbpedia-owl:museum rdf:resource="http://dbpedia.org/resource/Metropolitan_Museum_of_Art" />
    <dbpprop:museum rdf:resource="http://dbpedia.org/resource/Metropolitan_Museum_of_Art" />
  </rdf:Description>
  <rdf:Description rdf:about="http://dbpedia.org/resource/Stephen_Carlton_Clark">
    <dbpprop:boards rdf:resource="http://dbpedia.org/resource/Metropolitan_Museum_of_Art" />
  </rdf:Description>
  <rdf:Description rdf:about="http://dbpedia.org/resource/Met">
    <dbpedia-owl:wikiPageDisambiguates rdf:resource="http://dbpedia.org/resource/Metropolitan_Museum_of_Art" />
  </rdf:Description>
  <rdf:Description rdf:about="http://dbpedia.org/resource/Uncial_0162">
    <dbpprop:nowAt rdf:resource="http://dbpedia.org/resource/Metropolitan_Museum_of_Art" />
  </rdf:Description>
  <rdf:Description rdf:about="http://dbpedia.org/resource/Michael_A._Barry">
    <dbpprop:workInstitutions rdf:resource="http://dbpedia.org/resource/Metropolitan_Museum_of_Art" />
  </rdf:Description>
  <rdf:Description rdf:about="http://dbpedia.org/resource/The_Harvesters_(painting)">
    <dbpedia-owl:museum rdf:resource="http://dbpedia.org/resource/Metropolitan_Museum_of_Art" />
    <dbpprop:museum rdf:resource="http://dbpedia.org/resource/Metropolitan_Museum_of_Art" />
  </rdf:Description>
  <rdf:Description rdf:about="http://dbpedia.org/resource/Metropolitan_Museum_of_Art,_New_York">
    <dbpedia-owl:wikiPageRedirects rdf:resource="http://dbpedia.org/resource/Metropolitan_Museum_of_Art" />
  </rdf:Description>
  <rdf:Description rdf:about="http://dbpedia.org/resource/Metropolitan_Museum">
    <dbpedia-owl:wikiPageRedirects rdf:resource="http://dbpedia.org/resource/Metropolitan_Museum_of_Art" />
  </rdf:Description>
  <rdf:Description rdf:about="http://ja.dbpedia.org/resource/メトロポリタン美術館">
    <owl:sameAs rdf:resource="http://dbpedia.org/resource/Metropolitan_Museum_of_Art" />
  </rdf:Description>
  <rdf:Description rdf:about="http://pl.dbpedia.org/resource/Metropolitan_Museum_of_Art">
    <owl:sameAs rdf:resource="http://dbpedia.org/resource/Metropolitan_Museum_of_Art" />
  </rdf:Description>
  <rdf:Description rdf:about="http://dbpedia.org/resource/Woman_with_a_Lute">
    <dbpedia-owl:museum rdf:resource="http://dbpedia.org/resource/Metropolitan_Museum_of_Art" />
    <dbpprop:museum rdf:resource="http://dbpedia.org/resource/Metropolitan_Museum_of_Art" />
  </rdf:Description>
  <rdf:Description rdf:about="http://dbpedia.org/resource/Fur_Traders_Descending_the_Missouri">
    <dbpedia-owl:museum rdf:resource="http://dbpedia.org/resource/Metropolitan_Museum_of_Art" />
    <dbpprop:museum rdf:resource="http://dbpedia.org/resource/Metropolitan_Museum_of_Art" />
  </rdf:Description>
  <rdf:Description rdf:about="http://dbpedia.org/resource/Office_in_a_Small_City">
    <dbpedia-owl:museum rdf:resource="http://dbpedia.org/resource/Metropolitan_Museum_of_Art" />
    <dbpprop:museum rdf:resource="http://dbpedia.org/resource/Metropolitan_Museum_of_Art" />
  </rdf:Description>
  <rdf:Description rdf:about="http://dbpedia.org/resource/Ovid_among_the_Scythians">
    <dbpedia-owl:museum rdf:resource="http://dbpedia.org/resource/Metropolitan_Museum_of_Art" />
    <dbpprop:museum rdf:resource="http://dbpedia.org/resource/Metropolitan_Museum_of_Art" />
  </rdf:Description>
  <rdf:Description rdf:about="http://dbpedia.org/resource/Portrait_of_a_Carthusian">
    <dbpedia-owl:museum rdf:resource="http://dbpedia.org/resource/Metropolitan_Museum_of_Art" />
    <dbpprop:museum rdf:resource="http://dbpedia.org/resource/Metropolitan_Museum_of_Art" />
  </rdf:Description>
  <rdf:Description rdf:about="http://dbpedia.org/resource/The_Allegory_of_Faith">
    <dbpedia-owl:museum rdf:resource="http://dbpedia.org/resource/Metropolitan_Museum_of_Art" />
    <dbpprop:museum rdf:resource="http://dbpedia.org/resource/Metropolitan_Museum_of_Art" />
  </rdf:Description>
  <rdf:Description rdf:about="http://dbpedia.org/resource/The_Oxbow">
    <dbpedia-owl:museum rdf:resource="http://dbpedia.org/resource/Metropolitan_Museum_of_Art" />
    <dbpprop:museum rdf:resource="http://dbpedia.org/resource/Metropolitan_Museum_of_Art" />
  </rdf:Description>
  <rdf:Description rdf:about="http://dbpedia.org/resource/The_Young_Sailor_II">
    <dbpedia-owl:museum rdf:resource="http://dbpedia.org/resource/Metropolitan_Museum_of_Art" />
    <dbpprop:museum rdf:resource="http://dbpedia.org/resource/Metropolitan_Museum_of_Art" />
  </rdf:Description>
  <rdf:Description rdf:about="http://dbpedia.org/resource/Wheat_Field_with_Cypresses">
    <dbpedia-owl:museum rdf:resource="http://dbpedia.org/resource/Metropolitan_Museum_of_Art" />
    <dbpprop:museum rdf:resource="http://dbpedia.org/resource/Metropolitan_Museum_of_Art" />
  </rdf:Description>
  <rdf:Description rdf:about="http://dbpedia.org/resource/Portrait_Miniature_of_Margaret_Roper">
    <dbpedia-owl:museum rdf:resource="http://dbpedia.org/resource/Metropolitan_Museum_of_Art" />
  </rdf:Description>
  <rdf:Description rdf:about="http://dbpedia.org/resource/The_Denial_of_Saint_Peter_(Caravaggio)">
    <dbpedia-owl:museum rdf:resource="http://dbpedia.org/resource/Metropolitan_Museum_of_Art" />
  </rdf:Description>
  <rdf:Description rdf:about="http://dbpedia.org/resource/Two_Tahitian_Women">
    <dbpedia-owl:museum rdf:resource="http://dbpedia.org/resource/Metropolitan_Museum_of_Art" />
    <dbpprop:museum rdf:resource="http://dbpedia.org/resource/Metropolitan_Museum_of_Art" />
  </rdf:Description>
  <rdf:Description rdf:about="http://dbpedia.org/resource/The_Thinker:_Portrait_of_Louis_N._Kenton">
    <dbpedia-owl:museum rdf:resource="http://dbpedia.org/resource/Metropolitan_Museum_of_Art" />
    <dbpprop:museum rdf:resource="http://dbpedia.org/resource/Metropolitan_Museum_of_Art" />
  </rdf:Description>
  <rdf:Description rdf:about="http://dbpedia.org/resource/I_Saw_the_Figure_5_in_Gold">
    <dbpedia-owl:museum rdf:resource="http://dbpedia.org/resource/Metropolitan_Museum_of_Art" />
    <dbpprop:museum rdf:resource="http://dbpedia.org/resource/Metropolitan_Museum_of_Art" />
  </rdf:Description>
  <rdf:Description rdf:about="http://en.wikipedia.org/wiki/Metropolitan_Museum_of_Art">
    <foaf:primaryTopic rdf:resource="http://dbpedia.org/resource/Metropolitan_Museum_of_Art" />
  </rdf:Description>
  <rdf:Description rdf:about="http://dbpedia.org/resource/Costume_Institute">
    <dbpedia-owl:wikiPageRedirects rdf:resource="http://dbpedia.org/resource/Metropolitan_Museum_of_Art" />
  </rdf:Description>
  <rdf:Description rdf:about="http://dbpedia.org/resource/Costume_Institute_at_The_Met">
    <dbpedia-owl:wikiPageRedirects rdf:resource="http://dbpedia.org/resource/Metropolitan_Museum_of_Art" />
  </rdf:Description>
  <rdf:Description rdf:about="http://dbpedia.org/resource/Met_Costume_Institute">
    <dbpedia-owl:wikiPageRedirects rdf:resource="http://dbpedia.org/resource/Metropolitan_Museum_of_Art" />
  </rdf:Description>
  <rdf:Description rdf:about="http://dbpedia.org/resource/Met_museum">
    <dbpedia-owl:wikiPageRedirects rdf:resource="http://dbpedia.org/resource/Metropolitan_Museum_of_Art" />
  </rdf:Description>
  <rdf:Description rdf:about="http://dbpedia.org/resource/Metropolitan_Art_Museum">
    <dbpedia-owl:wikiPageRedirects rdf:resource="http://dbpedia.org/resource/Metropolitan_Museum_of_Art" />
  </rdf:Description>
  <rdf:Description rdf:about="http://dbpedia.org/resource/Metropolitan_Museum_Of_Modern_Art">
    <dbpedia-owl:wikiPageRedirects rdf:resource="http://dbpedia.org/resource/Metropolitan_Museum_of_Art" />
  </rdf:Description>
  <rdf:Description rdf:about="http://dbpedia.org/resource/Metropolitan_Museum_of_Art_New_York">
    <dbpedia-owl:wikiPageRedirects rdf:resource="http://dbpedia.org/resource/Metropolitan_Museum_of_Art" />
  </rdf:Description>
  <rdf:Description rdf:about="http://dbpedia.org/resource/Metropolitan_Museum_of_Arts">
    <dbpedia-owl:wikiPageRedirects rdf:resource="http://dbpedia.org/resource/Metropolitan_Museum_of_Art" />
  </rdf:Description>
  <rdf:Description rdf:about="http://dbpedia.org/resource/Metropolitan_Museum_of_New_York">
    <dbpedia-owl:wikiPageRedirects rdf:resource="http://dbpedia.org/resource/Metropolitan_Museum_of_Art" />
  </rdf:Description>
  <rdf:Description rdf:about="http://dbpedia.org/resource/Metropolitan_muesum">
    <dbpedia-owl:wikiPageRedirects rdf:resource="http://dbpedia.org/resource/Metropolitan_Museum_of_Art" />
  </rdf:Description>
  <rdf:Description rdf:about="http://dbpedia.org/resource/Museum_of_Costume_Art">
    <dbpedia-owl:wikiPageRedirects rdf:resource="http://dbpedia.org/resource/Metropolitan_Museum_of_Art" />
  </rdf:Description>
  <rdf:Description rdf:about="http://dbpedia.org/resource/Suzanne_Brenner">
    <dbpedia-owl:wikiPageRedirects rdf:resource="http://dbpedia.org/resource/Metropolitan_Museum_of_Art" />
  </rdf:Description>
  <rdf:Description rdf:about="http://dbpedia.org/resource/The_Costume_Institute">
    <dbpedia-owl:wikiPageRedirects rdf:resource="http://dbpedia.org/resource/Metropolitan_Museum_of_Art" />
  </rdf:Description>
  <rdf:Description rdf:about="http://dbpedia.org/resource/The_Metropolitan_Museum_Of_Art">
    <dbpedia-owl:wikiPageRedirects rdf:resource="http://dbpedia.org/resource/Metropolitan_Museum_of_Art" />
  </rdf:Description>
  <rdf:Description rdf:about="http://dbpedia.org/resource/The_Metropolitan_Museum_of_Art_Bulletin">
    <dbpedia-owl:wikiPageRedirects rdf:resource="http://dbpedia.org/resource/Metropolitan_Museum_of_Art" />
  </rdf:Description>
  <rdf:Description rdf:about="http://dbpedia.org/resource/The_metropolitan_museum_of_art">
    <dbpedia-owl:wikiPageRedirects rdf:resource="http://dbpedia.org/resource/Metropolitan_Museum_of_Art" />
  </rdf:Description>
  <rdf:Description rdf:about="http://dbpedia.org/resource/Hurrian_foundation_pegs">
    <dbpprop:location rdf:resource="http://dbpedia.org/resource/Metropolitan_Museum_of_Art" />
  </rdf:Description>
  <rdf:Description rdf:about="http://dbpedia.org/resource/Mont_Sainte-Victoire_and_the_Viaduct_of_the_Arc_River_Valley">
    <dbpedia-owl:museum rdf:resource="http://dbpedia.org/resource/Metropolitan_Museum_of_Art" />
    <dbpprop:museum rdf:resource="http://dbpedia.org/resource/Metropolitan_Museum_of_Art" />
    <dbpprop:owner rdf:resource="http://dbpedia.org/resource/Metropolitan_Museum_of_Art" />
  </rdf:Description>
  <rdf:Description rdf:about="http://dbpedia.org/resource/Woman_with_a_Parrot">
    <dbpedia-owl:museum rdf:resource="http://dbpedia.org/resource/Metropolitan_Museum_of_Art" />
    <dbpprop:museum rdf:resource="http://dbpedia.org/resource/Metropolitan_Museum_of_Art" />
  </rdf:Description>
  <rdf:Description rdf:about="http://dbpedia.org/resource/Ethel_Scull_36_Times">
    <dbpedia-owl:museum rdf:resource="http://dbpedia.org/resource/Metropolitan_Museum_of_Art" />
    <dbpprop:museum rdf:resource="http://dbpedia.org/resource/Metropolitan_Museum_of_Art" />
  </rdf:Description>
  <rdf:Description rdf:about="http://dbpedia.org/resource/Dressing_for_the_Carnival">
    <dbpedia-owl:museum rdf:resource="http://dbpedia.org/resource/Metropolitan_Museum_of_Art" />
    <dbpprop:museum rdf:resource="http://dbpedia.org/resource/Metropolitan_Museum_of_Art" />
  </rdf:Description>
  <rdf:Description rdf:about="http://dbpedia.org/resource/Beauty_Revealed">
    <dbpedia-owl:museum rdf:resource="http://dbpedia.org/resource/Metropolitan_Museum_of_Art" />
  </rdf:Description>
  <rdf:Description rdf:about="http://dbpedia.org/resource/A_Faun_Teased_by_Children">
    <dbpedia-owl:museum rdf:resource="http://dbpedia.org/resource/Metropolitan_Museum_of_Art" />
    <dbpprop:museum rdf:resource="http://dbpedia.org/resource/Metropolitan_Museum_of_Art" />
  </rdf:Description>
  <rdf:Description rdf:about="http://dbpedia.org/resource/Portrait_of_a_Young_Woman_(Vermeer)">
    <dbpedia-owl:museum rdf:resource="http://dbpedia.org/resource/Metropolitan_Museum_of_Art" />
    <dbpprop:museum rdf:resource="http://dbpedia.org/resource/Metropolitan_Museum_of_Art" />
  </rdf:Description>
  <rdf:Description rdf:about="http://dbpedia.org/resource/A_Girl_Asleep">
    <dbpedia-owl:museum rdf:resource="http://dbpedia.org/resource/Metropolitan_Museum_of_Art" />
    <dbpprop:museum rdf:resource="http://dbpedia.org/resource/Metropolitan_Museum_of_Art" />
  </rdf:Description>
  <rdf:Description rdf:about="http://dbpedia.org/resource/Yang_Yongliang">
    <dbpprop:location rdf:resource="http://dbpedia.org/resource/Metropolitan_Museum_of_Art" />
  </rdf:Description>
  <rdf:Description rdf:about="http://dbpedia.org/resource/The_Fortune_Teller_(de_La_Tour)">
    <dbpedia-owl:museum rdf:resource="http://dbpedia.org/resource/Metropolitan_Museum_of_Art" />
    <dbpprop:museum rdf:resource="http://dbpedia.org/resource/Metropolitan_Museum_of_Art" />
  </rdf:Description>
  <rdf:Description rdf:about="http://dbpedia.org/resource/Washington_Crossing_Historic_Park__Washington_Crossing_the_Delaware_by_Emanuel_Leutze__1">
    <dbpedia-owl:museum rdf:resource="http://dbpedia.org/resource/Metropolitan_Museum_of_Art" />
  </rdf:Description>
  <rdf:Description rdf:about="http://dbpedia.org/resource/The_Kearsarge_at_Boulogne">
    <dbpedia-owl:museum rdf:resource="http://dbpedia.org/resource/Metropolitan_Museum_of_Art" />
    <dbpprop:museum rdf:resource="http://dbpedia.org/resource/Metropolitan_Museum_of_Art" />
  </rdf:Description>
  <rdf:Description rdf:about="http://nl.dbpedia.org/resource/Metropolitan_Museum_of_Art">
    <owl:sameAs rdf:resource="http://dbpedia.org/resource/Metropolitan_Museum_of_Art" />
  </rdf:Description>
  <rdf:Description rdf:about="http://eu.dbpedia.org/resource/Metropolitan_Museum_of_Art">
    <owl:sameAs rdf:resource="http://dbpedia.org/resource/Metropolitan_Museum_of_Art" />
  </rdf:Description>
  <rdf:Description rdf:about="http://zh.dbpedia.org/resource/大都會藝術博物館">
    <owl:sameAs rdf:resource="http://dbpedia.org/resource/Metropolitan_Museum_of_Art" />
  </rdf:Description>
  <rdf:Description rdf:about="http://ar.dbpedia.org/resource/متحف_المتروبوليتان_للفنون">
    <owl:sameAs rdf:resource="http://dbpedia.org/resource/Metropolitan_Museum_of_Art" />
  </rdf:Description>
  <rdf:Description rdf:about="http://az.dbpedia.org/resource/Metropoliten_muzeyi">
    <owl:sameAs rdf:resource="http://dbpedia.org/resource/Metropolitan_Museum_of_Art" />
  </rdf:Description>
  <rdf:Description rdf:about="http://bg.dbpedia.org/resource/Музей_на_изкуството_„Метрополитън”">
    <owl:sameAs rdf:resource="http://dbpedia.org/resource/Metropolitan_Museum_of_Art" />
  </rdf:Description>
  <rdf:Description rdf:about="http://bs.dbpedia.org/resource/Metropolitan_Museum_of_Art">
    <owl:sameAs rdf:resource="http://dbpedia.org/resource/Metropolitan_Museum_of_Art" />
  </rdf:Description>
  <rdf:Description rdf:about="http://ca.dbpedia.org/resource/Metropolitan_Museum_of_Art">
    <owl:sameAs rdf:resource="http://dbpedia.org/resource/Metropolitan_Museum_of_Art" />
  </rdf:Description>
  <rdf:Description rdf:about="http://da.dbpedia.org/resource/Metropolitan_Museum_of_Art">
    <owl:sameAs rdf:resource="http://dbpedia.org/resource/Metropolitan_Museum_of_Art" />
  </rdf:Description>
  <rdf:Description rdf:about="http://eo.dbpedia.org/resource/Metropolita_Muzeo_de_Arto">
    <owl:sameAs rdf:resource="http://dbpedia.org/resource/Metropolitan_Museum_of_Art" />
  </rdf:Description>
  <rdf:Description rdf:about="http://et.dbpedia.org/resource/Metropolitani_muuseum">
    <owl:sameAs rdf:resource="http://dbpedia.org/resource/Metropolitan_Museum_of_Art" />
  </rdf:Description>
  <rdf:Description rdf:about="http://fa.dbpedia.org/resource/موزه_متروپولیتن_نیویورک">
    <owl:sameAs rdf:resource="http://dbpedia.org/resource/Metropolitan_Museum_of_Art" />
  </rdf:Description>
  <rdf:Description rdf:about="http://fi.dbpedia.org/resource/Metropolitan_Museum_of_Art">
    <owl:sameAs rdf:resource="http://dbpedia.org/resource/Metropolitan_Museum_of_Art" />
  </rdf:Description>
  <rdf:Description rdf:about="http://fy.dbpedia.org/resource/Metropolitan_Museum_of_Art">
    <owl:sameAs rdf:resource="http://dbpedia.org/resource/Metropolitan_Museum_of_Art" />
  </rdf:Description>
  <rdf:Description rdf:about="http://he.dbpedia.org/resource/מוזיאון_המטרופוליטן_לאמנות">
    <owl:sameAs rdf:resource="http://dbpedia.org/resource/Metropolitan_Museum_of_Art" />
  </rdf:Description>
  <rdf:Description rdf:about="http://hr.dbpedia.org/resource/Metropolitan">
    <owl:sameAs rdf:resource="http://dbpedia.org/resource/Metropolitan_Museum_of_Art" />
  </rdf:Description>
  <rdf:Description rdf:about="http://hu.dbpedia.org/resource/Metropolitan_Művészeti_Múzeum">
    <owl:sameAs rdf:resource="http://dbpedia.org/resource/Metropolitan_Museum_of_Art" />
  </rdf:Description>
  <rdf:Description rdf:about="http://hy.dbpedia.org/resource/Մետրոպոլիտեն_թանգարան_(Նյու_Յորք)">
    <owl:sameAs rdf:resource="http://dbpedia.org/resource/Metropolitan_Museum_of_Art" />
  </rdf:Description>
  <rdf:Description rdf:about="http://id.dbpedia.org/resource/Metropolitan_Museum_of_Art">
    <owl:sameAs rdf:resource="http://dbpedia.org/resource/Metropolitan_Museum_of_Art" />
  </rdf:Description>
  <rdf:Description rdf:about="http://ka.dbpedia.org/resource/მეტროპოლიტენის_ხელოვნების_მუზეუმი_(ნიუ-იორკი)">
    <owl:sameAs rdf:resource="http://dbpedia.org/resource/Metropolitan_Museum_of_Art" />
  </rdf:Description>
  <rdf:Description rdf:about="http://la.dbpedia.org/resource/Museum_Artium_Metropolitanum">
    <owl:sameAs rdf:resource="http://dbpedia.org/resource/Metropolitan_Museum_of_Art" />
  </rdf:Description>
  <rdf:Description rdf:about="http://lt.dbpedia.org/resource/Metropoliteno_muziejus">
    <owl:sameAs rdf:resource="http://dbpedia.org/resource/Metropolitan_Museum_of_Art" />
  </rdf:Description>
  <rdf:Description rdf:about="http://lv.dbpedia.org/resource/Metropoles_mākslas_muzejs">
    <owl:sameAs rdf:resource="http://dbpedia.org/resource/Metropolitan_Museum_of_Art" />
  </rdf:Description>
  <rdf:Description rdf:about="http://mk.dbpedia.org/resource/Метрополитен_(музеј)">
    <owl:sameAs rdf:resource="http://dbpedia.org/resource/Metropolitan_Museum_of_Art" />
  </rdf:Description>
  <rdf:Description rdf:about="http://mzn.dbpedia.org/resource/متروپولیتن_موزه">
    <owl:sameAs rdf:resource="http://dbpedia.org/resource/Metropolitan_Museum_of_Art" />
  </rdf:Description>
  <rdf:Description rdf:about="http://no.dbpedia.org/resource/Metropolitan_Museum_of_Art">
    <owl:sameAs rdf:resource="http://dbpedia.org/resource/Metropolitan_Museum_of_Art" />
  </rdf:Description>
  <rdf:Description rdf:about="http://oc.dbpedia.org/resource/Metropolitan_Museum_of_Art">
    <owl:sameAs rdf:resource="http://dbpedia.org/resource/Metropolitan_Museum_of_Art" />
  </rdf:Description>
  <rdf:Description rdf:about="http://pnb.dbpedia.org/resource/میٹروپولیٹن_میوزیم_آف_آرٹ">
    <owl:sameAs rdf:resource="http://dbpedia.org/resource/Metropolitan_Museum_of_Art" />
  </rdf:Description>
  <rdf:Description rdf:about="http://ro.dbpedia.org/resource/Metropolitan_Museum_of_Art">
    <owl:sameAs rdf:resource="http://dbpedia.org/resource/Metropolitan_Museum_of_Art" />
  </rdf:Description>
  <rdf:Description rdf:about="http://scn.dbpedia.org/resource/Metropolitan_Museum_of_Art">
    <owl:sameAs rdf:resource="http://dbpedia.org/resource/Metropolitan_Museum_of_Art" />
  </rdf:Description>
  <rdf:Description rdf:about="http://sh.dbpedia.org/resource/Metropolitan">
    <owl:sameAs rdf:resource="http://dbpedia.org/resource/Metropolitan_Museum_of_Art" />
  </rdf:Description>
  <rdf:Description rdf:about="http://simple.dbpedia.org/resource/Metropolitan_Museum_of_Art">
    <owl:sameAs rdf:resource="http://dbpedia.org/resource/Metropolitan_Museum_of_Art" />
  </rdf:Description>
  <rdf:Description rdf:about="http://sk.dbpedia.org/resource/Metropolitan_Museum_of_Art">
    <owl:sameAs rdf:resource="http://dbpedia.org/resource/Metropolitan_Museum_of_Art" />
  </rdf:Description>
  <rdf:Description rdf:about="http://sr.dbpedia.org/resource/Музеј_Метрополитен">
    <owl:sameAs rdf:resource="http://dbpedia.org/resource/Metropolitan_Museum_of_Art" />
  </rdf:Description>
  <rdf:Description rdf:about="http://sv.dbpedia.org/resource/Metropolitan_Museum_of_Art">
    <owl:sameAs rdf:resource="http://dbpedia.org/resource/Metropolitan_Museum_of_Art" />
  </rdf:Description>
  <rdf:Description rdf:about="http://th.dbpedia.org/resource/พิพิธภัณฑ์ศิลปะเมโทรโพลิทัน">
    <owl:sameAs rdf:resource="http://dbpedia.org/resource/Metropolitan_Museum_of_Art" />
  </rdf:Description>
  <rdf:Description rdf:about="http://tr.dbpedia.org/resource/Metropolitan_Museum_of_Art">
    <owl:sameAs rdf:resource="http://dbpedia.org/resource/Metropolitan_Museum_of_Art" />
  </rdf:Description>
  <rdf:Description rdf:about="http://uk.dbpedia.org/resource/Музей_мистецтва_Метрополітен">
    <owl:sameAs rdf:resource="http://dbpedia.org/resource/Metropolitan_Museum_of_Art" />
  </rdf:Description>
  <rdf:Description rdf:about="http://vi.dbpedia.org/resource/Metropolitan_Museum_of_Art">
    <owl:sameAs rdf:resource="http://dbpedia.org/resource/Metropolitan_Museum_of_Art" />
  </rdf:Description>
  <rdf:Description rdf:about="http://be_x_old.dbpedia.org/resource/Мэтраполітэн_(музэй)">
    <owl:sameAs rdf:resource="http://dbpedia.org/resource/Metropolitan_Museum_of_Art" />
  </rdf:Description>
  <rdf:Description rdf:about="http://zh_yue.dbpedia.org/resource/大都會藝術博物館">
    <owl:sameAs rdf:resource="http://dbpedia.org/resource/Metropolitan_Museum_of_Art" />
  </rdf:Description>
  <rdf:Description rdf:about="http://dbpedia.org/resource/The_Dancing_Class">
    <dbpedia-owl:museum rdf:resource="http://dbpedia.org/resource/Metropolitan_Museum_of_Art" />
    <dbpprop:museum rdf:resource="http://dbpedia.org/resource/Metropolitan_Museum_of_Art" />
  </rdf:Description>
  <rdf:Description rdf:about="http://wikidata.dbpedia.org/resource/Q160236">
    <owl:sameAs rdf:resource="http://dbpedia.org/resource/Metropolitan_Museum_of_Art" />
  </rdf:Description>
</rdf:RDF>
