<?xml version="1.0" encoding="utf-8" ?>
<rdf:RDF
	xmlns:rdf="http://www.w3.org/1999/02/22-rdf-syntax-ns#"
	xmlns:rdfs="http://www.w3.org/2000/01/rdf-schema#"
	xmlns:owl="http://www.w3.org/2002/07/owl#"
	xmlns:dcterms="http://purl.org/dc/terms/"
	xmlns:dbpedia-owl="http://dbpedia.org/ontology/"
	xmlns:foaf="http://xmlns.com/foaf/0.1/"
	xmlns:dbpprop="http://dbpedia.org/property/"
	xmlns:geo="http://www.w3.org/2003/01/geo/wgs84_pos#"
	xmlns:ns8="http://www.w3.org/ns/prov#"
	xmlns:grs="http://www.georss.org/georss/" >
  <rdf:Description rdf:about="http://de.dbpedia.org/resource/Minneapolis_Institute_of_Arts">
    <owl:sameAs rdf:resource="http://dbpedia.org/resource/Minneapolis_Institute_of_Arts" />
  </rdf:Description>
  <rdf:Description rdf:about="http://fr.dbpedia.org/resource/Minneapolis_Institute_of_Arts">
    <owl:sameAs rdf:resource="http://dbpedia.org/resource/Minneapolis_Institute_of_Arts" />
  </rdf:Description>
  <rdf:Description rdf:about="http://it.dbpedia.org/resource/Minneapolis_Institute_of_Arts">
    <owl:sameAs rdf:resource="http://dbpedia.org/resource/Minneapolis_Institute_of_Arts" />
  </rdf:Description>
  <rdf:Description rdf:about="http://dbpedia.org/resource/Self-portrait_with_Dr_Arrieta">
    <dbpedia-owl:museum rdf:resource="http://dbpedia.org/resource/Minneapolis_Institute_of_Arts" />
    <dbpprop:museum rdf:resource="http://dbpedia.org/resource/Minneapolis_Institute_of_Arts" />
  </rdf:Description>
  <rdf:Description rdf:about="http://ja.dbpedia.org/resource/ミネアポリス美術館">
    <owl:sameAs rdf:resource="http://dbpedia.org/resource/Minneapolis_Institute_of_Arts" />
  </rdf:Description>
  <rdf:Description rdf:about="http://pl.dbpedia.org/resource/Minneapolis_Institute_of_Arts">
    <owl:sameAs rdf:resource="http://dbpedia.org/resource/Minneapolis_Institute_of_Arts" />
  </rdf:Description>
  <rdf:Description rdf:about="http://pt.dbpedia.org/resource/Instituto_de_Artes_de_Minneapolis">
    <owl:sameAs rdf:resource="http://dbpedia.org/resource/Minneapolis_Institute_of_Arts" />
  </rdf:Description>
  <rdf:Description rdf:about="http://dbpedia.org/resource/Peace_Concluded">
    <dbpedia-owl:museum rdf:resource="http://dbpedia.org/resource/Minneapolis_Institute_of_Arts" />
    <dbpprop:museum rdf:resource="http://dbpedia.org/resource/Minneapolis_Institute_of_Arts" />
  </rdf:Description>
  <rdf:Description rdf:about="http://dbpedia.org/resource/Master_of_the_Embroidered_Foliage">
    <dbpedia-owl:museum rdf:resource="http://dbpedia.org/resource/Minneapolis_Institute_of_Arts" />
    <dbpprop:museum rdf:resource="http://dbpedia.org/resource/Minneapolis_Institute_of_Arts" />
  </rdf:Description>
  <rdf:Description rdf:about="http://dbpedia.org/resource/The_Minneapolis_Institute_of_Arts">
    <dbpedia-owl:wikiPageRedirects rdf:resource="http://dbpedia.org/resource/Minneapolis_Institute_of_Arts" />
  </rdf:Description>
  <rdf:Description rdf:about="http://dbpedia.org/resource/Mia">
    <dbpedia-owl:wikiPageDisambiguates rdf:resource="http://dbpedia.org/resource/Minneapolis_Institute_of_Arts" />
  </rdf:Description>
  <rdf:Description rdf:about="http://dbpedia.org/resource/Minneapolis_Institute_of_Arts">
    <rdf:type rdf:resource="http://www.opengis.net/gml/_Feature" />
    <rdf:type rdf:resource="http://dbpedia.org/class/yago/Object100002684" />
    <rdf:type rdf:resource="http://dbpedia.org/class/yago/Facility103315023" />
    <rdf:type rdf:resource="http://schema.org/Museum" />
    <rdf:type rdf:resource="http://schema.org/Place" />
    <rdf:type rdf:resource="http://dbpedia.org/class/yago/Artifact100021939" />
    <rdf:type rdf:resource="http://dbpedia.org/class/yago/Depository103177349" />
    <rdf:type rdf:resource="http://www.w3.org/2002/07/owl#Thing" />
    <rdf:type rdf:resource="http://dbpedia.org/class/yago/Whole100003553" />
    <rdf:type rdf:resource="http://dbpedia.org/ontology/Building" />
    <rdf:type rdf:resource="http://dbpedia.org/class/yago/FRAMEMuseums" />
    <rdf:type rdf:resource="http://dbpedia.org/class/yago/YagoGeoEntity" />
    <rdf:type rdf:resource="http://dbpedia.org/class/yago/PhysicalEntity100001930" />
    <rdf:type rdf:resource="http://dbpedia.org/class/yago/ArtMuseumsEstablishedIn1883" />
    <rdf:type rdf:resource="http://dbpedia.org/class/yago/Museum103800563" />
    <rdf:type rdf:resource="http://dbpedia.org/ontology/ArchitecturalStructure" />
    <rdf:type rdf:resource="http://dbpedia.org/ontology/Place" />
    <rdf:type rdf:resource="http://dbpedia.org/ontology/Museum" />
    <rdf:type rdf:resource="http://dbpedia.org/class/yago/YagoPermanentlyLocatedEntity" />
    <rdf:type rdf:resource="http://dbpedia.org/class/yago/MuseumsInMinneapolis,Minnesota" />
    <rdf:type rdf:resource="http://dbpedia.org/class/yago/ArtMuseumsInMinnesota" />
    <owl:sameAs rdf:resource="http://pl.dbpedia.org/resource/Minneapolis_Institute_of_Arts" />
    <owl:sameAs rdf:resource="http://it.dbpedia.org/resource/Minneapolis_Institute_of_Arts" />
    <owl:sameAs rdf:resource="http://es.dbpedia.org/resource/Instituto_de_Arte_de_Mineápolis" />
    <owl:sameAs rdf:resource="http://de.dbpedia.org/resource/Minneapolis_Institute_of_Arts" />
    <owl:sameAs rdf:resource="http://ja.dbpedia.org/resource/ミネアポリス美術館" />
    <owl:sameAs rdf:resource="http://yago-knowledge.org/resource/Minneapolis_Institute_of_Arts" />
    <owl:sameAs rdf:resource="http://fr.dbpedia.org/resource/Minneapolis_Institute_of_Arts" />
    <owl:sameAs rdf:resource="http://pt.dbpedia.org/resource/Instituto_de_Artes_de_Minneapolis" />
    <owl:sameAs rdf:resource="http://dbpedia.org/resource/Minneapolis_Institute_of_Arts" />
    <owl:sameAs rdf:resource="http://www.wikidata.org/entity/Q1700481" />
    <owl:sameAs rdf:resource="http://ca.dbpedia.org/resource/Minneapolis_Institute_of_Arts" />
    <owl:sameAs rdf:resource="http://rdf.freebase.com/ns/m.05p9tv" />
    <dcterms:subject rdf:resource="http://dbpedia.org/resource/Category:Michael_Graves_buildings" />
    <dcterms:subject rdf:resource="http://dbpedia.org/resource/Category:Culture_of_Minneapolis,_Minnesota" />
    <dcterms:subject rdf:resource="http://dbpedia.org/resource/Category:Arts_organizations_in_Minneapolis,_Minnesota" />
    <dcterms:subject rdf:resource="http://dbpedia.org/resource/Category:1883_establishments_in_the_United_States" />
    <dcterms:subject rdf:resource="http://dbpedia.org/resource/Category:Beaux-Arts_architecture_in_Minnesota" />
    <dcterms:subject rdf:resource="http://dbpedia.org/resource/Category:Art_museums_in_Minnesota" />
    <dcterms:subject rdf:resource="http://dbpedia.org/resource/Category:FRAME_Museums" />
    <dcterms:subject rdf:resource="http://dbpedia.org/resource/Category:Art_museums_established_in_1883" />
    <dcterms:subject rdf:resource="http://dbpedia.org/resource/Category:McKim,_Mead,_and_White_buildings" />
    <dcterms:subject rdf:resource="http://dbpedia.org/resource/Category:Museums_in_Minneapolis,_Minnesota" />
    <dbpedia-owl:abstract xml:lang="ja">ミネアポリス美術館 (ミネアポリス・インスティテュート・オブ・アート、Minneapolis Institute of Arts) は、アメリカ合衆国ミネソタ州ミネアポリス市にある美術館。古代以来の世界各地の美術を扱う、アッパー・ミッドウェスト（中西部北部）でも最大の総合美術館である。敷地は8エーカー（32,000平方m）にわたる。入場料をとらない（特別展ではとる場合もあるが、常設展は無料）ことや、常設展示品の写真撮影も自由にできるなどの開かれた姿勢が特徴である。美術館の財政は、ミネアポリスのあるヘネピン郡の委員（コミッショナー）たちが徴収する郡美術館基金から援助されている。</dbpedia-owl:abstract>
    <dbpedia-owl:abstract xml:lang="pl">Minneapolis Institute of Arts – muzeum sztuk pięknych zlokalizowane w Minneapolis w stanie Minnesota w USA na terenie pokrywającym 32,000 m². Utrzymuje się głównie ze środków publicznych, nie pobiera opłaty za wstęp. Muzeum otrzymuje także dotacje od prywatnych sponsorów. Regularnie odbywają się gościnne wystawy prezentujące zbiory z kolekcji innych instytucji kultury.</dbpedia-owl:abstract>
    <dbpedia-owl:abstract xml:lang="it">L’Institute of Arts si trova in 2400 Third Avenue South a Minneapolis. Il museo espone opere di: Pierre Bonnard, Eugène Boudin, Paul Cézanne, Edgar Degas, Eugène Delacroix, André Derain, Paul Gauguin, Henri Matisse, Jean-François Millet, Claude Monet, Pablo Picasso, Camille Pissarro, Pierre-Auguste Renoir, Georges-Pierre Seurat, Vincent Van Gogh, Franz Xaver Winterhalter, ecc.</dbpedia-owl:abstract>
    <dbpedia-owl:abstract xml:lang="de">Das Minneapolis Institute of Arts (MIA) ist ein bedeutendes Kunstmuseum in Minneapolis, Minnesota. Auf einer Fläche von 32.000 Quadratmetern stellt es mehr als 80.000 Objekte aus über 5.000 Jahren Weltgeschichte aus. Die Sammlung umfasst Malerei, Fotografien, Drucke und Zeichnungen, Textilien und Architektur. Zusätzlich beherbergt es Sammlungen asiatischer, afrikanischer, ozeanischer und amerikanischer Kunst. Es ist bekannt für die Objekte der asiatischen Kunst, insbesondere für die chinesische Architektur und Keramik.</dbpedia-owl:abstract>
    <dbpedia-owl:abstract xml:lang="en">The Minneapolis Institute of Arts (MIA) is a fine art museum located in the Whittier neighborhood of Minneapolis, Minnesota, on a campus that covers nearly 8 acres (32,000 m²), formerly Morrison Park. As a major, government-funded public museum, the Institute does not charge an entrance fee, except for special exhibitions, and allows photography of its permanent collection for personal or scholarly use only. The museum receives support from the Park Board Museum Fund, levied by the Hennepin County commissioners. Additional funding is provided by corporate sponsors and museum members.</dbpedia-owl:abstract>
    <dbpedia-owl:abstract xml:lang="fr">Le Minneapolis Institute of Arts est un musée d&#39;art de Minneapolis, dans l&#39;État du Minnesota aux États-Unis, fondé en 1883 et installé sur un terrain de près de 32 000 m. Le musée est atypique puisqu&#39;il est gratuit et qu&#39;il est autorisé de photographier ses expositions. Son entrée est libre, mais certaines expositions spéciales sont payantes. Le musée n&#39;est pas subventionné par le fond du comté de Hennepin pour les musées. Le musée présente une collection de plus de objets couvrant une période historique de ans.</dbpedia-owl:abstract>
    <dbpedia-owl:abstract xml:lang="pt">O Instituto de Artes de Minneapolis é um museu de arte localizado em Minneapolis, nos Estados Unidos. O museu foi fundado por iniciativa da Minneapolis Society of Fine Arts em 1883, com o objetivo de divulgar a arte na comunidade. Em 1889 a Society, já com o nome de Minneapolis Institute of Arts, mudou-se para a sua primeira sede permanente, um espaço organizado dentro da Biblioteca Pública de Minneapolis. Uma sede nova e exclusiva foi construída em 1915, um prédio que por si mesmo foi considerado uma obra de arte. Ao longo dos anos o projeto original foi diversas vezes reformado e ampliado. o Instituto possui um acervo de cerca de oitenta mil obras, abrangendo cinco mil anos da história da arte de todos os continentes e nas mais variadas técnicas. É especialmente rica a coleção de arte asiática, uma das mais importantes dos Estados Unidos. O Instituto exibe obras em caráter rotativo e recebe acervos de outros museus para exposições temporárias.</dbpedia-owl:abstract>
    <dbpedia-owl:abstract xml:lang="es">El Instituto de Artes de Minneapolis (en su denominación oficial, Minneapolis Institute of Arts o MIA) es un museo estadounidense de arte antiguo y moderno, ubicado en el barrio Whittier de Minneapolis. Es un museo de tipo enciclopédico, con 80.000 piezas repartidas en siete departamentos diferenciados: Asia, Oceanía y las Américas; Arquitectura, Diseño, Artes Decorativas y Escultura anterior a 1900; Arte asiático; Pintura y Escultura Moderna; Fotografía; Dibujos y grabados, y Textiles.</dbpedia-owl:abstract>
    <dbpedia-owl:location rdf:resource="http://dbpedia.org/resource/Minnesota" />
    <dbpedia-owl:location rdf:resource="http://dbpedia.org/resource/Minneapolis" />
    <dbpedia-owl:wikiPageID rdf:datatype="http://www.w3.org/2001/XMLSchema#integer">1698787</dbpedia-owl:wikiPageID>
    <dbpedia-owl:wikiPageRevisionID rdf:datatype="http://www.w3.org/2001/XMLSchema#integer">540603106</dbpedia-owl:wikiPageRevisionID>
    <rdfs:label xml:lang="pt">Instituto de Artes de Minneapolis</rdfs:label>
    <rdfs:label xml:lang="pl">Minneapolis Institute of Arts</rdfs:label>
    <rdfs:label xml:lang="es">Instituto de Arte de Mineápolis</rdfs:label>
    <rdfs:label xml:lang="ja">ミネアポリス美術館</rdfs:label>
    <rdfs:label xml:lang="fr">Minneapolis Institute of Arts</rdfs:label>
    <rdfs:label xml:lang="de">Minneapolis Institute of Arts</rdfs:label>
    <rdfs:label xml:lang="en">Minneapolis Institute of Arts</rdfs:label>
    <rdfs:label xml:lang="it">Minneapolis Institute of Arts</rdfs:label>
    <foaf:depiction rdf:resource="http://upload.wikimedia.org/wikipedia/commons/d/d9/Minneapolis_Institute_of_Arts.jpg" />
    <rdfs:comment xml:lang="ja">ミネアポリス美術館 (ミネアポリス・インスティテュート・オブ・アート、Minneapolis Institute of Arts) は、アメリカ合衆国ミネソタ州ミネアポリス市にある美術館。古代以来の世界各地の美術を扱う、アッパー・ミッドウェスト（中西部北部）でも最大の総合美術館である。敷地は8エーカー（32,000平方m）にわたる。入場料をとらない（特別展ではとる場合もあるが、常設展は無料）ことや、常設展示品の写真撮影も自由にできるなどの開かれた姿勢が特徴である。美術館の財政は、ミネアポリスのあるヘネピン郡の委員（コミッショナー）たちが徴収する郡美術館基金から援助されている。</rdfs:comment>
    <rdfs:comment xml:lang="pl">Minneapolis Institute of Arts – muzeum sztuk pięknych zlokalizowane w Minneapolis w stanie Minnesota w USA na terenie pokrywającym 32,000 m². Utrzymuje się głównie ze środków publicznych, nie pobiera opłaty za wstęp. Muzeum otrzymuje także dotacje od prywatnych sponsorów. Regularnie odbywają się gościnne wystawy prezentujące zbiory z kolekcji innych instytucji kultury.</rdfs:comment>
    <rdfs:comment xml:lang="en">The Minneapolis Institute of Arts (MIA) is a fine art museum located in the Whittier neighborhood of Minneapolis, Minnesota, on a campus that covers nearly 8 acres (32,000 m²), formerly Morrison Park. As a major, government-funded public museum, the Institute does not charge an entrance fee, except for special exhibitions, and allows photography of its permanent collection for personal or scholarly use only.</rdfs:comment>
    <rdfs:comment xml:lang="fr">Le Minneapolis Institute of Arts est un musée d&#39;art de Minneapolis, dans l&#39;État du Minnesota aux États-Unis, fondé en 1883 et installé sur un terrain de près de 32 000 m. Le musée est atypique puisqu&#39;il est gratuit et qu&#39;il est autorisé de photographier ses expositions. Son entrée est libre, mais certaines expositions spéciales sont payantes. Le musée n&#39;est pas subventionné par le fond du comté de Hennepin pour les musées.</rdfs:comment>
    <rdfs:comment xml:lang="de">Das Minneapolis Institute of Arts (MIA) ist ein bedeutendes Kunstmuseum in Minneapolis, Minnesota. Auf einer Fläche von 32.000 Quadratmetern stellt es mehr als 80.000 Objekte aus über 5.000 Jahren Weltgeschichte aus. Die Sammlung umfasst Malerei, Fotografien, Drucke und Zeichnungen, Textilien und Architektur. Zusätzlich beherbergt es Sammlungen asiatischer, afrikanischer, ozeanischer und amerikanischer Kunst.</rdfs:comment>
    <rdfs:comment xml:lang="it">L’Institute of Arts si trova in 2400 Third Avenue South a Minneapolis. Il museo espone opere di: Pierre Bonnard, Eugène Boudin, Paul Cézanne, Edgar Degas, Eugène Delacroix, André Derain, Paul Gauguin, Henri Matisse, Jean-François Millet, Claude Monet, Pablo Picasso, Camille Pissarro, Pierre-Auguste Renoir, Georges-Pierre Seurat, Vincent Van Gogh, Franz Xaver Winterhalter, ecc.</rdfs:comment>
    <rdfs:comment xml:lang="pt">O Instituto de Artes de Minneapolis é um museu de arte localizado em Minneapolis, nos Estados Unidos. O museu foi fundado por iniciativa da Minneapolis Society of Fine Arts em 1883, com o objetivo de divulgar a arte na comunidade. Em 1889 a Society, já com o nome de Minneapolis Institute of Arts, mudou-se para a sua primeira sede permanente, um espaço organizado dentro da Biblioteca Pública de Minneapolis.</rdfs:comment>
    <rdfs:comment xml:lang="es">El Instituto de Artes de Minneapolis (en su denominación oficial, Minneapolis Institute of Arts o MIA) es un museo estadounidense de arte antiguo y moderno, ubicado en el barrio Whittier de Minneapolis. Es un museo de tipo enciclopédico, con 80.000 piezas repartidas en siete departamentos diferenciados: Asia, Oceanía y las Américas; Arquitectura, Diseño, Artes Decorativas y Escultura anterior a 1900; Arte asiático; Pintura y Escultura Moderna; Fotografía; Dibujos y grabados, y Textiles.</rdfs:comment>
    <foaf:name xml:lang="en">Minneapolis Institute of Arts</foaf:name>
    <dbpedia-owl:thumbnail rdf:resource="http://upload.wikimedia.org/wikipedia/commons/thumb/d/d9/Minneapolis_Institute_of_Arts.jpg/200px-Minneapolis_Institute_of_Arts.jpg" />
    <dbpedia-owl:wikiPageExternalLink rdf:resource="http://www.artsmia.org/" />
    <dbpedia-owl:wikiPageExternalLink rdf:resource="http://www.myarmoury.com/feature_visit_mia.html" />
    <dbpedia-owl:wikiPageExternalLink rdf:resource="http://www.artsmia.org/Modernism" />
    <dbpedia-owl:wikiPageExternalLink rdf:resource="http://www.hennepinhistory.org/" />
    <dbpedia-owl:wikiPageExternalLink rdf:resource="http://www.artsmia.org/art-of-asia" />
    <dbpedia-owl:wikiPageExternalLink rdf:resource="http://www.artsmia.org/unified-vision" />
    <dbpprop:director xml:lang="en">Kaywin Feldman</dbpprop:director>
    <dbpprop:established rdf:datatype="http://www.w3.org/2001/XMLSchema#integer">1883</dbpprop:established>
    <dbpprop:location rdf:datatype="http://www.w3.org/2001/XMLSchema#integer">2400</dbpprop:location>
    <dbpprop:name xml:lang="en">Minneapolis Institute of Arts</dbpprop:name>
    <dbpprop:website rdf:resource="http://www.artsmia.org/" />
    <foaf:homepage rdf:resource="http://www.artsmia.org/" />
    <geo:geometry rdf:datatype="http://www.openlinksw.com/schemas/virtrdf#Geometry">POINT(-93.2742 44.9586)</geo:geometry>
    <foaf:isPrimaryTopicOf rdf:resource="http://en.wikipedia.org/wiki/Minneapolis_Institute_of_Arts" />
    <geo:long rdf:datatype="http://www.w3.org/2001/XMLSchema#float">-93.2742</geo:long>
    <geo:lat rdf:datatype="http://www.w3.org/2001/XMLSchema#float">44.9586</geo:lat>
    <ns8:wasDerivedFrom rdf:resource="http://en.wikipedia.org/wiki/Minneapolis_Institute_of_Arts?oldid=540603106" />
    <grs:point xml:lang="en">44.95861111111111 -93.27416666666667</grs:point>
    <dbpprop:hasPhotoCollection rdf:resource="http://wifo5-03.informatik.uni-mannheim.de/flickrwrappr/photos/Minneapolis_Institute_of_Arts" />
  </rdf:Description>
  <rdf:Description rdf:about="http://en.wikipedia.org/wiki/Minneapolis_Institute_of_Arts">
    <foaf:primaryTopic rdf:resource="http://dbpedia.org/resource/Minneapolis_Institute_of_Arts" />
  </rdf:Description>
  <rdf:Description rdf:about="http://dbpedia.org/resource/Minneapolis_Institute_of_Art">
    <dbpedia-owl:wikiPageRedirects rdf:resource="http://dbpedia.org/resource/Minneapolis_Institute_of_Arts" />
  </rdf:Description>
  <rdf:Description rdf:about="http://dbpedia.org/resource/Aert_van_den_Bossche">
    <dbpprop:museum rdf:resource="http://dbpedia.org/resource/Minneapolis_Institute_of_Arts" />
  </rdf:Description>
  <rdf:Description rdf:about="http://es.dbpedia.org/resource/Instituto_de_Arte_de_Mineápolis">
    <owl:sameAs rdf:resource="http://dbpedia.org/resource/Minneapolis_Institute_of_Arts" />
  </rdf:Description>
  <rdf:Description rdf:about="http://dbpedia.org/resource/Aert_van_den_Bossche__Master_of_the_Embroidered_Foliage_Virgin_and_Child__1">
    <dbpedia-owl:museum rdf:resource="http://dbpedia.org/resource/Minneapolis_Institute_of_Arts" />
  </rdf:Description>
  <rdf:Description rdf:about="http://wikidata.dbpedia.org/resource/Q1700481">
    <owl:sameAs rdf:resource="http://dbpedia.org/resource/Minneapolis_Institute_of_Arts" />
  </rdf:Description>
  <rdf:Description rdf:about="http://ca.dbpedia.org/resource/Minneapolis_Institute_of_Arts">
    <owl:sameAs rdf:resource="http://dbpedia.org/resource/Minneapolis_Institute_of_Arts" />
  </rdf:Description>
</rdf:RDF>
