<?xml version="1.0" encoding="utf-8" ?>
<rdf:RDF
	xmlns:rdf="http://www.w3.org/1999/02/22-rdf-syntax-ns#"
	xmlns:rdfs="http://www.w3.org/2000/01/rdf-schema#"
	xmlns:owl="http://www.w3.org/2002/07/owl#"
	xmlns:dcterms="http://purl.org/dc/terms/"
	xmlns:dbpedia-owl="http://dbpedia.org/ontology/"
	xmlns:foaf="http://xmlns.com/foaf/0.1/"
	xmlns:dbpprop="http://dbpedia.org/property/"
	xmlns:geo="http://www.w3.org/2003/01/geo/wgs84_pos#"
	xmlns:ns8="http://www.w3.org/ns/prov#"
	xmlns:grs="http://www.georss.org/georss/" >
  <rdf:Description rdf:about="http://dbpedia.org/resource/The_Birth_of_Venus_(Bouguereau)">
    <dbpedia-owl:museum rdf:resource="http://dbpedia.org/resource/Mus%C3%A9e_d&#39;Orsay" />
    <dbpprop:museum rdf:resource="http://dbpedia.org/resource/Mus%C3%A9e_d&#39;Orsay" />
  </rdf:Description>
  <rdf:Description rdf:about="http://dbpedia.org/resource/Musee_d&#39;Orsay">
    <dbpedia-owl:wikiPageRedirects rdf:resource="http://dbpedia.org/resource/Mus%C3%A9e_d&#39;Orsay" />
  </rdf:Description>
  <rdf:Description rdf:about="http://dbpedia.org/resource/L&#39;Origine_du_monde">
    <dbpedia-owl:museum rdf:resource="http://dbpedia.org/resource/Mus%C3%A9e_d&#39;Orsay" />
  </rdf:Description>
  <rdf:Description rdf:about="http://dbpedia.org/resource/Pasteur&#39;s_portrait_by_Edelfelt">
    <dbpedia-owl:museum rdf:resource="http://dbpedia.org/resource/Mus%C3%A9e_d&#39;Orsay" />
  </rdf:Description>
  <rdf:Description rdf:about="http://dbpedia.org/resource/L&#39;Arl%C3%A9sienne_(painting)">
    <dbpedia-owl:museum rdf:resource="http://dbpedia.org/resource/Mus%C3%A9e_d&#39;Orsay" />
    <dbpprop:museum rdf:resource="http://dbpedia.org/resource/Mus%C3%A9e_d&#39;Orsay" />
  </rdf:Description>
  <rdf:Description rdf:about="http://dbpedia.org/resource/Musee_D&#39;Orsay">
    <dbpedia-owl:wikiPageRedirects rdf:resource="http://dbpedia.org/resource/Mus%C3%A9e_d&#39;Orsay" />
  </rdf:Description>
  <rdf:Description rdf:about="http://dbpedia.org/resource/Oviri_(Gauguin)">
    <dbpedia-owl:museum rdf:resource="http://dbpedia.org/resource/Mus%C3%A9e_d&#39;Orsay" />
    <dbpprop:museum rdf:resource="http://dbpedia.org/resource/Mus%C3%A9e_d&#39;Orsay" />
  </rdf:Description>
  <rdf:Description rdf:about="http://dbpedia.org/resource/L&#39;Absinthe">
    <dbpedia-owl:museum rdf:resource="http://dbpedia.org/resource/Mus%C3%A9e_d&#39;Orsay" />
    <dbpprop:museum rdf:resource="http://dbpedia.org/resource/Mus%C3%A9e_d&#39;Orsay" />
  </rdf:Description>
  <rdf:Description rdf:about="http://dbpedia.org/resource/Mus%C3%A9e_d&#39;Orsay">
    <rdf:type rdf:resource="http://dbpedia.org/class/yago/Artifact100021939" />
    <rdf:type rdf:resource="http://dbpedia.org/class/yago/Facility103315023" />
    <rdf:type rdf:resource="http://dbpedia.org/class/yago/YagoGeoEntity" />
    <rdf:type rdf:resource="http://dbpedia.org/class/yago/ArtMuseumsEstablishedIn1986" />
    <rdf:type rdf:resource="http://dbpedia.org/class/yago/YagoPermanentlyLocatedEntity" />
    <rdf:type rdf:resource="http://www.opengis.net/gml/_Feature" />
    <rdf:type rdf:resource="http://schema.org/Museum" />
    <rdf:type rdf:resource="http://dbpedia.org/class/yago/Depository103177349" />
    <rdf:type rdf:resource="http://schema.org/Place" />
    <rdf:type rdf:resource="http://dbpedia.org/class/yago/Museum103800563" />
    <rdf:type rdf:resource="http://dbpedia.org/ontology/Building" />
    <rdf:type rdf:resource="http://dbpedia.org/ontology/ArchitecturalStructure" />
    <rdf:type rdf:resource="http://dbpedia.org/ontology/Place" />
    <rdf:type rdf:resource="http://www.w3.org/2002/07/owl#Thing" />
    <rdf:type rdf:resource="http://dbpedia.org/class/yago/Whole100003553" />
    <rdf:type rdf:resource="http://dbpedia.org/class/yago/ArtMuseumsAndGalleriesInParis" />
    <rdf:type rdf:resource="http://dbpedia.org/class/yago/PhysicalEntity100001930" />
    <rdf:type rdf:resource="http://dbpedia.org/class/yago/Object100002684" />
    <rdf:type rdf:resource="http://dbpedia.org/ontology/Museum" />
    <owl:sameAs rdf:resource="http://ja.dbpedia.org/resource/オルセー美術館" />
    <owl:sameAs rdf:resource="http://sws.geonames.org/6452693/" />
    <owl:sameAs rdf:resource="http://www.wikidata.org/entity/Q23402" />
    <owl:sameAs rdf:resource="http://it.dbpedia.org/resource/Museo_d&#39;Orsay" />
    <owl:sameAs rdf:resource="http://dbpedia.org/resource/Mus%C3%A9e_d&#39;Orsay" />
    <owl:sameAs rdf:resource="http://pl.dbpedia.org/resource/Musée_d&#39;Orsay" />
    <owl:sameAs rdf:resource="http://pt.dbpedia.org/resource/Museu_de_Orsay" />
    <owl:sameAs rdf:resource="http://ko.dbpedia.org/resource/오르세_미술관" />
    <owl:sameAs rdf:resource="http://de.dbpedia.org/resource/Musée_d’Orsay" />
    <owl:sameAs rdf:resource="http://rdf.freebase.com/ns/m.0f3b9" />
    <owl:sameAs rdf:resource="http://fr.dbpedia.org/resource/Musée_d&#39;Orsay" />
    <owl:sameAs rdf:resource="http://eu.dbpedia.org/resource/Orsay_museoa" />
    <owl:sameAs rdf:resource="http://yago-knowledge.org/resource/Musée_d&#39;Orsay" />
    <owl:sameAs rdf:resource="http://cs.dbpedia.org/resource/Musée_d&#39;Orsay" />
    <owl:sameAs rdf:resource="http://nl.dbpedia.org/resource/Musée_d&#39;Orsay" />
    <owl:sameAs rdf:resource="http://sw.cyc.com/concept/Mx4rveToCZwpEbGdrcN5Y29ycA" />
    <owl:sameAs rdf:resource="http://es.dbpedia.org/resource/Museo_de_Orsay" />
    <owl:sameAs rdf:resource="http://el.dbpedia.org/resource/Μουσείο_Ορσέ" />
    <owl:sameAs rdf:resource="http://ru.dbpedia.org/resource/Музей_Орсе" />
    <dcterms:subject rdf:resource="http://dbpedia.org/resource/Category:Mus%C3%A9e_d&#39;Orsay" />
    <dcterms:subject rdf:resource="http://dbpedia.org/resource/Category:Art_museums_and_galleries_in_Paris" />
    <dcterms:subject rdf:resource="http://dbpedia.org/resource/Category:Art_museums_established_in_1986" />
    <dcterms:subject rdf:resource="http://dbpedia.org/resource/Category:1986_establishments_in_France" />
    <dcterms:subject rdf:resource="http://dbpedia.org/resource/Category:Transport_infrastructure_completed_in_1900" />
    <dbpedia-owl:abstract xml:lang="sv">Musée d’Orsay är ett konstmuseum i Paris, invigt 1986. Det innehåller i huvudsak fransk konst från 1848 till 1914. Byggnaden var en järnvägsstation från början men används nu som museum. Här hänger bland annat tavlor av Vincent van Gogh, Paul Cézanne och Claude Monet. Även tavlan Whistler’s Mother av James McNeill Whistler som är känd från filmen Bean – den totala katastroffilmen, vackra skulpturer och fina tavlor av Edgar Degas och hans ballerinor. Museets utsida. Museets utsida.</dbpedia-owl:abstract>
    <dbpedia-owl:abstract xml:lang="en">The Musée d&#39;Orsay is a museum in Paris, France, on the left bank of the Seine. It is housed in the former Gare d&#39;Orsay, an impressive Beaux-Arts railway station built between 1898 and 1900. The museum holds mainly French art dating from 1848 to 1915, including paintings, sculptures, furniture, and photography. It houses the largest collection of impressionist and post-impressionist masterpieces in the world, by such painters such as Monet, Manet, Degas, Renoir, Cézanne, Seurat, Sisley, Gauguin and Van Gogh. Many of these works were held at the Galerie nationale du Jeu de Paume prior to the museum&#39;s opening in 1986.</dbpedia-owl:abstract>
    <dbpedia-owl:abstract xml:lang="pl">Muzeum Orsay – muzeum w Paryżu, położone na lewym brzegu Sekwany. Zbiory zawierają głównie sztukę francuską z lat 1848-1918: malarstwo, rzeźbę, fotografię oraz meble. Dzieła te są młodsze od tych, które prezentowane są w Luwrze, a starsze od zbiorów Centre Georges Pompidou. Rocznie muzeum odwiedza ok. 4 miliony zwiedzających. Najbliższą stacją metra jest Solférino.</dbpedia-owl:abstract>
    <dbpedia-owl:abstract xml:lang="ru">Орсе́ или Орсэ, музей Орсе или музей д’Орсе — музей изобразительных и прикладных искусств в VII округе Парижа на левом берегу Сены, одно из крупнейших в мире собраний европейской живописи и скульптуры периода 1850—1910 г. Основу коллекции составляют работы импрессионистов и постимпрессионистов. Коллекция богата также произведениями декоративного искусства в стиле ар-нуво, фотографиями и предметами архитектуры.</dbpedia-owl:abstract>
    <dbpedia-owl:abstract xml:lang="zh">奥赛博物馆（一译奧塞博物館；法文：Musée d&#39;Orsay）是法國巴黎的近代艺术博物馆，主要收藏从1848年到1914年间的绘画、雕塑、家具和摄影作品。博物馆位于塞纳河左岸，和卢浮宫斜对，隔河和杜伊勒里公园相对。原来是建于1900年的火车站，是从巴黎到奥尔良铁路的终点——奥赛车站。1939年进入巴黎的铁路取消，车站关闭。1978年被列为受保护的历史建筑，1986年改建成为博物馆，将原来存放在卢浮宫的，在茹德葆博物馆的，以及在蓬皮杜艺术中心国家现代艺术博物馆内的有关藏品全部集中到这里展出。大厅中还保留着原来的车站大钟。奥赛博物馆在星期一不开放。</dbpedia-owl:abstract>
    <dbpedia-owl:abstract xml:lang="de">Das Musée d’Orsay ist ein Kunstmuseum im 7. Arrondissement von Paris, 62, rue de Lille, das am südlichen Ufer der Seine gegenüber dem Tuileriengarten liegt. Das Museumsgebäude ist der anlässlich der Weltausstellung des Jahres 1900 errichtete Bahnhof, der Gare d’Orsay, der bis 1939 für den Fernverkehr in den Südwesten Frankreichs genutzt wurde. Die Entscheidung, den Bahnhof in ein Museum umzuwandeln, fiel 1977 infolge einer Initiative des französischen Präsidenten Valéry Giscard d’Estaing. Der folgende Umbau wurde von dem Architekturbüro ACT-Architecture geleitet, bis das Musée d’Orsay 1986 eröffnet wurde. Im Musée d’Orsay werden auf 16.000 Quadratmetern mehr als 4000 Exponate gezeigt. Die Gemälde, Skulpturen, Grafiken, Photographien, Werke des Kunsthandwerks und Design, sowie der Architektur stammen dabei alle bis auf wenige Ausnahmen aus dem Zeitraum zwischen 1848 und 1914. Zwischen der Einweihung im Dezember 1986 und dem Dezember 2005 besuchten über 51 Millionen Menschen das Musée d’Orsay. Mit jährlich etwa 3,8 Millionen Besuchern gehört das Museum zu den Attraktionen der Stadt Paris.</dbpedia-owl:abstract>
    <dbpedia-owl:abstract xml:lang="fr">Le musée d’Orsay est un musée national situé à Paris, sur la rive gauche de la Seine, dans le 7 arrondissement, aménagé dans l’ancienne gare d&#39;Orsay et inauguré en 1986. Les collections du musée présentent la peinture et la sculpture occidentale de 1848 à 1914, ainsi que les arts décoratifs, la photographie et l’architecture. Le musée possède la plus grande collection d&#39;œuvres impressionnistes au monde et l&#39;on peut y voir des chefs-d’œuvre de la peinture comme Le Déjeuner sur l&#39;herbe et l’Olympia d&#39;Édouard Manet, la Danseuse âgée de quatorze ans de Degas, L&#39;Origine du monde, Un enterrement à Ornans, L&#39;Atelier du peintre de Courbet ou encore cinq tableaux de la Série des Cathédrales de Rouen de Monet et Bal du moulin de la Galette de Renoir. Des expositions temporaires éclairent périodiquement l’œuvre d’un artiste, ou bien mettent en valeur un courant, un marchand, une question d’histoire de l’art. Un auditorium accueille des manifestations diversifiées, concerts, cinéma, théâtre d’ombres, conférences et colloques et des spectacles spécifiquement destinés à un jeune public. 16px Le musée est desservi à 300 m par la station de métro Solférino. La gare du Musée d&#39;Orsay (ligne C du RER) se trouve au sous-sol.</dbpedia-owl:abstract>
    <dbpedia-owl:abstract xml:lang="ja">オルセー美術館 (Musée d&#39;Orsay) は、フランスのパリにある、19世紀美術専門の美術館である。印象派の画家の作品が数多く収蔵されていることで有名。</dbpedia-owl:abstract>
    <dbpedia-owl:abstract xml:lang="es">El Museo de Orsay (en francés, Musée d&#39;Orsay) es una pinacoteca que se encuentra en París, Francia, dedicada a las artes plásticas del siglo XIX y especialmente famoso por sus fondos del impresionismo. Cronológicamente, cubre la historia del arte entre los maestros antiguos (que están en el Museo del Louvre) y el arte moderno y contemporáneo.</dbpedia-owl:abstract>
    <dbpedia-owl:abstract xml:lang="it">Il Museo d&#39;Orsay (Musée d&#39;Orsay) si trova in Francia a Parigi, in Rue de la Légion d&#39;Honneur 1. Il museo, celebre per i numerosi capolavori dell&#39;impressionismo e del post-impressionismo esposti al suo interno, è situato di fronte al Musée du Louvre, in una ex-stazione ferroviaria, costruita in stile eclettico alla fine dell&#39;Ottocento. Il progetto di ristrutturazione diede fama internazionale all&#39;architetto italiana Gae Aulenti.</dbpedia-owl:abstract>
    <dbpedia-owl:abstract xml:lang="pt">O Museu de Orsay (musée d&#39;Orsay em francês) é um museu na cidade de Paris, na França. Situa-se na margem esquerda do rio Sena no VII arrondissement. As colecções do museu apresentam principalmente pinturas e esculturas da arte ocidental do período compreendido entre 1848 e 1914. Entre outras, estão aí presentes obras de Van Gogh, Monet, Degas, Maurice Denis, Odilon Redon. Existem também exposição temporárias que decorrem paralelamente à exposição permanente.</dbpedia-owl:abstract>
    <dbpedia-owl:abstract xml:lang="nl">Het Musée d&#39;Orsay is een museum in Parijs dat de geschiedenis van de westerse kunst tussen 1848 en 1914 bestrijkt, met een sterk accent op de 19e-eeuwse Franse kunst. Het museum bezit een vermaarde verzameling impressionistische werken. Ook bevat het museum beeldhouwkunst. Het museum maakt deel uit van de Réunion des musées nationaux et du Grand Palais des Champs-Élysées.</dbpedia-owl:abstract>
    <dbpedia-owl:numberOfVisitors rdf:datatype="http://www.w3.org/2001/XMLSchema#integer">3000000</dbpedia-owl:numberOfVisitors>
    <dbpedia-owl:wikiPageID rdf:datatype="http://www.w3.org/2001/XMLSchema#integer">53919</dbpedia-owl:wikiPageID>
    <dbpedia-owl:wikiPageRevisionID rdf:datatype="http://www.w3.org/2001/XMLSchema#integer">546603721</dbpedia-owl:wikiPageRevisionID>
    <rdfs:label xml:lang="pl">Musée d&#39;Orsay</rdfs:label>
    <rdfs:label xml:lang="zh">奥赛博物馆</rdfs:label>
    <rdfs:label xml:lang="ru">Музей Орсе</rdfs:label>
    <rdfs:label xml:lang="de">Musée d’Orsay</rdfs:label>
    <rdfs:label xml:lang="fr">Musée d&#39;Orsay</rdfs:label>
    <rdfs:label xml:lang="es">Museo de Orsay</rdfs:label>
    <rdfs:label xml:lang="sv">Musée d’Orsay</rdfs:label>
    <rdfs:label xml:lang="ja">オルセー美術館</rdfs:label>
    <rdfs:label xml:lang="en">Musée d&#39;Orsay</rdfs:label>
    <rdfs:label xml:lang="it">Museo d&#39;Orsay</rdfs:label>
    <rdfs:label xml:lang="nl">Musée d&#39;Orsay</rdfs:label>
    <rdfs:label xml:lang="pt">Museu de Orsay</rdfs:label>
    <foaf:depiction rdf:resource="http://upload.wikimedia.org/wikipedia/commons/7/7c/Musée_d&#39;Orsay_Clock.jpg" />
    <rdfs:comment xml:lang="de">Das Musée d’Orsay ist ein Kunstmuseum im 7. Arrondissement von Paris, 62, rue de Lille, das am südlichen Ufer der Seine gegenüber dem Tuileriengarten liegt. Das Museumsgebäude ist der anlässlich der Weltausstellung des Jahres 1900 errichtete Bahnhof, der Gare d’Orsay, der bis 1939 für den Fernverkehr in den Südwesten Frankreichs genutzt wurde. Die Entscheidung, den Bahnhof in ein Museum umzuwandeln, fiel 1977 infolge einer Initiative des französischen Präsidenten Valéry Giscard d’Estaing.</rdfs:comment>
    <rdfs:comment xml:lang="pl">Muzeum Orsay – muzeum w Paryżu, położone na lewym brzegu Sekwany. Zbiory zawierają głównie sztukę francuską z lat 1848-1918: malarstwo, rzeźbę, fotografię oraz meble. Dzieła te są młodsze od tych, które prezentowane są w Luwrze, a starsze od zbiorów Centre Georges Pompidou. Rocznie muzeum odwiedza ok. 4 miliony zwiedzających. Najbliższą stacją metra jest Solférino.</rdfs:comment>
    <rdfs:comment xml:lang="en">The Musée d&#39;Orsay is a museum in Paris, France, on the left bank of the Seine. It is housed in the former Gare d&#39;Orsay, an impressive Beaux-Arts railway station built between 1898 and 1900. The museum holds mainly French art dating from 1848 to 1915, including paintings, sculptures, furniture, and photography.</rdfs:comment>
    <rdfs:comment xml:lang="es">El Museo de Orsay (en francés, Musée d&#39;Orsay) es una pinacoteca que se encuentra en París, Francia, dedicada a las artes plásticas del siglo XIX y especialmente famoso por sus fondos del impresionismo. Cronológicamente, cubre la historia del arte entre los maestros antiguos (que están en el Museo del Louvre) y el arte moderno y contemporáneo.</rdfs:comment>
    <rdfs:comment xml:lang="pt">O Museu de Orsay (musée d&#39;Orsay em francês) é um museu na cidade de Paris, na França. Situa-se na margem esquerda do rio Sena no VII arrondissement. As colecções do museu apresentam principalmente pinturas e esculturas da arte ocidental do período compreendido entre 1848 e 1914. Entre outras, estão aí presentes obras de Van Gogh, Monet, Degas, Maurice Denis, Odilon Redon. Existem também exposição temporárias que decorrem paralelamente à exposição permanente.</rdfs:comment>
    <rdfs:comment xml:lang="ru">Орсе́ или Орсэ, музей Орсе или музей д’Орсе — музей изобразительных и прикладных искусств в VII округе Парижа на левом берегу Сены, одно из крупнейших в мире собраний европейской живописи и скульптуры периода 1850—1910 г. Основу коллекции составляют работы импрессионистов и постимпрессионистов. Коллекция богата также произведениями декоративного искусства в стиле ар-нуво, фотографиями и предметами архитектуры.</rdfs:comment>
    <rdfs:comment xml:lang="nl">Het Musée d&#39;Orsay is een museum in Parijs dat de geschiedenis van de westerse kunst tussen 1848 en 1914 bestrijkt, met een sterk accent op de 19e-eeuwse Franse kunst. Het museum bezit een vermaarde verzameling impressionistische werken. Ook bevat het museum beeldhouwkunst. Het museum maakt deel uit van de Réunion des musées nationaux et du Grand Palais des Champs-Élysées.</rdfs:comment>
    <rdfs:comment xml:lang="sv">Musée d’Orsay är ett konstmuseum i Paris, invigt 1986. Det innehåller i huvudsak fransk konst från 1848 till 1914. Byggnaden var en järnvägsstation från början men används nu som museum. Här hänger bland annat tavlor av Vincent van Gogh, Paul Cézanne och Claude Monet. Även tavlan Whistler’s Mother av James McNeill Whistler som är känd från filmen Bean – den totala katastroffilmen, vackra skulpturer och fina tavlor av Edgar Degas och hans ballerinor. Museets utsida. Museets utsida.</rdfs:comment>
    <rdfs:comment xml:lang="it">Il Museo d&#39;Orsay (Musée d&#39;Orsay) si trova in Francia a Parigi, in Rue de la Légion d&#39;Honneur 1. Il museo, celebre per i numerosi capolavori dell&#39;impressionismo e del post-impressionismo esposti al suo interno, è situato di fronte al Musée du Louvre, in una ex-stazione ferroviaria, costruita in stile eclettico alla fine dell&#39;Ottocento. Il progetto di ristrutturazione diede fama internazionale all&#39;architetto italiana Gae Aulenti.</rdfs:comment>
    <rdfs:comment xml:lang="fr">Le musée d’Orsay est un musée national situé à Paris, sur la rive gauche de la Seine, dans le 7 arrondissement, aménagé dans l’ancienne gare d&#39;Orsay et inauguré en 1986. Les collections du musée présentent la peinture et la sculpture occidentale de 1848 à 1914, ainsi que les arts décoratifs, la photographie et l’architecture.</rdfs:comment>
    <rdfs:comment xml:lang="zh">奥赛博物馆（一译奧塞博物館；法文：Musée d&#39;Orsay）是法國巴黎的近代艺术博物馆，主要收藏从1848年到1914年间的绘画、雕塑、家具和摄影作品。博物馆位于塞纳河左岸，和卢浮宫斜对，隔河和杜伊勒里公园相对。原来是建于1900年的火车站，是从巴黎到奥尔良铁路的终点——奥赛车站。1939年进入巴黎的铁路取消，车站关闭。1978年被列为受保护的历史建筑，1986年改建成为博物馆，将原来存放在卢浮宫的，在茹德葆博物馆的，以及在蓬皮杜艺术中心国家现代艺术博物馆内的有关藏品全部集中到这里展出。大厅中还保留着原来的车站大钟。奥赛博物馆在星期一不开放。</rdfs:comment>
    <rdfs:comment xml:lang="ja">オルセー美術館 (Musée d&#39;Orsay) は、フランスのパリにある、19世紀美術専門の美術館である。印象派の画家の作品が数多く収蔵されていることで有名。</rdfs:comment>
    <foaf:name xml:lang="en">Musée d&#39;Orsay</foaf:name>
    <dbpedia-owl:thumbnail rdf:resource="http://upload.wikimedia.org/wikipedia/commons/thumb/7/7c/Musée_d&#39;Orsay_Clock.jpg/200px-Musée_d&#39;Orsay_Clock.jpg" />
    <dbpedia-owl:type rdf:resource="http://dbpedia.org/resource/Textile" />
    <dbpedia-owl:type rdf:resource="http://dbpedia.org/resource/Historic_site" />
    <dbpedia-owl:type rdf:resource="http://dbpedia.org/resource/Art_museum" />
    <dbpedia-owl:type rdf:resource="http://dbpedia.org/resource/Design" />
    <dbpedia-owl:wikiPageExternalLink rdf:resource="http://www.muselia.com/france/paris/orsay-museum/2878/" />
    <dbpedia-owl:wikiPageExternalLink rdf:resource="http://www.musee-orsay.fr/" />
    <dbpedia-owl:wikiPageExternalLink rdf:resource="http://www.musee-orsay.fr/en/" />
    <dbpedia-owl:wikiPageExternalLink rdf:resource="http://www.musee-orsay.fr/en/home.html" />
    <dbpprop:caption xml:lang="en">Main Façade of the Musée d&#39;Orsay from the Seine</dbpprop:caption>
    <dbpprop:director xml:lang="en">Serge Lemoine</dbpprop:director>
    <dbpprop:established rdf:datatype="http://www.w3.org/2001/XMLSchema#integer">1986</dbpprop:established>
    <dbpprop:imagesize rdf:datatype="http://www.w3.org/2001/XMLSchema#integer">220</dbpprop:imagesize>
    <dbpprop:latitude rdf:datatype="http://www.w3.org/2001/XMLSchema#double">48.86</dbpprop:latitude>
    <dbpprop:location xml:lang="en">Rue de Lille 75343 Paris, France</dbpprop:location>
    <dbpprop:longitude rdf:datatype="http://www.w3.org/2001/XMLSchema#double">2.327</dbpprop:longitude>
    <dbpprop:mapCaption xml:lang="en">Location of the Musée d&#39;Orsay in Paris</dbpprop:mapCaption>
    <dbpprop:mapType xml:lang="en">France Paris</dbpprop:mapType>
    <dbpprop:name xml:lang="en">Musée d&#39;Orsay</dbpprop:name>
    <dbpprop:publictransit xml:lang="en">Musée d&#39;Orsay 20px 20px</dbpprop:publictransit>
    <dbpprop:publictransit xml:lang="en">Solférino 20px20px</dbpprop:publictransit>
    <dbpprop:type xml:lang="en">Art museum,  Design/Textile Museum, Historic site</dbpprop:type>
    <dbpprop:visitors xml:lang="en">* Ranked 3rd nationally
* Ranked 10th globally</dbpprop:visitors>
    <dbpprop:visitors rdf:datatype="http://www.w3.org/2001/XMLSchema#integer">3000000</dbpprop:visitors>
    <dbpprop:website rdf:resource="http://www.musee-orsay.fr/en/" />
    <foaf:homepage rdf:resource="http://www.musee-orsay.fr/en/" />
    <geo:geometry rdf:datatype="http://www.openlinksw.com/schemas/virtrdf#Geometry">POINT(2.327 48.86)</geo:geometry>
    <foaf:isPrimaryTopicOf rdf:resource="http://en.wikipedia.org/wiki/Musée_d&#39;Orsay" />
    <geo:long rdf:datatype="http://www.w3.org/2001/XMLSchema#float">2.327</geo:long>
    <geo:lat rdf:datatype="http://www.w3.org/2001/XMLSchema#float">48.86</geo:lat>
    <ns8:wasDerivedFrom rdf:resource="http://en.wikipedia.org/wiki/Musée_d&#39;Orsay?oldid=546603721" />
    <grs:point xml:lang="en">48.86 2.327</grs:point>
    <dbpprop:hasPhotoCollection rdf:resource="http://wifo5-03.informatik.uni-mannheim.de/flickrwrappr/photos/Musée_d&#39;Orsay" />
  </rdf:Description>
  <rdf:Description rdf:about="http://dbpedia.org/resource/Around_the_Piano">
    <dbpedia-owl:museum rdf:resource="http://dbpedia.org/resource/Mus%C3%A9e_d&#39;Orsay" />
    <dbpprop:museum rdf:resource="http://dbpedia.org/resource/Mus%C3%A9e_d&#39;Orsay" />
  </rdf:Description>
  <rdf:Description rdf:about="http://dbpedia.org/resource/Dance_in_the_Country">
    <dbpedia-owl:museum rdf:resource="http://dbpedia.org/resource/Mus%C3%A9e_d&#39;Orsay" />
    <dbpprop:museum rdf:resource="http://dbpedia.org/resource/Mus%C3%A9e_d&#39;Orsay" />
  </rdf:Description>
  <rdf:Description rdf:about="http://dbpedia.org/resource/The_Balcony_(painting)">
    <dbpedia-owl:museum rdf:resource="http://dbpedia.org/resource/Mus%C3%A9e_d&#39;Orsay" />
    <dbpprop:museum rdf:resource="http://dbpedia.org/resource/Mus%C3%A9e_d&#39;Orsay" />
  </rdf:Description>
  <rdf:Description rdf:about="http://dbpedia.org/resource/Musée_d&#39;Orsay">
    <owl:sameAs rdf:resource="http://dbpedia.org/resource/Mus%C3%A9e_d&#39;Orsay" />
  </rdf:Description>
  <rdf:Description rdf:about="http://dbpedia.org/resource/Le_d%C3%A9jeuner_sur_l&#39;herbe">
    <dbpedia-owl:museum rdf:resource="http://dbpedia.org/resource/Mus%C3%A9e_d&#39;Orsay" />
    <dbpprop:museum rdf:resource="http://dbpedia.org/resource/Mus%C3%A9e_d&#39;Orsay" />
  </rdf:Description>
  <rdf:Description rdf:about="http://dbpedia.org/resource/Olympia_(Manet)">
    <dbpedia-owl:museum rdf:resource="http://dbpedia.org/resource/Mus%C3%A9e_d&#39;Orsay" />
    <dbpprop:museum rdf:resource="http://dbpedia.org/resource/Mus%C3%A9e_d&#39;Orsay" />
  </rdf:Description>
  <rdf:Description rdf:about="http://dbpedia.org/resource/The_Fifer">
    <dbpedia-owl:museum rdf:resource="http://dbpedia.org/resource/Mus%C3%A9e_d&#39;Orsay" />
    <dbpprop:museum rdf:resource="http://dbpedia.org/resource/Mus%C3%A9e_d&#39;Orsay" />
  </rdf:Description>
  <rdf:Description rdf:about="http://dbpedia.org/resource/The_Reading_(Manet_painting)">
    <dbpedia-owl:museum rdf:resource="http://dbpedia.org/resource/Mus%C3%A9e_d&#39;Orsay" />
    <dbpprop:museum rdf:resource="http://dbpedia.org/resource/Mus%C3%A9e_d&#39;Orsay" />
  </rdf:Description>
  <rdf:Description rdf:about="http://dbpedia.org/resource/Tahitian_Women_on_the_Beach">
    <dbpedia-owl:museum rdf:resource="http://dbpedia.org/resource/Mus%C3%A9e_d&#39;Orsay" />
    <dbpprop:museum rdf:resource="http://dbpedia.org/resource/Mus%C3%A9e_d&#39;Orsay" />
  </rdf:Description>
  <rdf:Description rdf:about="http://dbpedia.org/resource/The_Source_(Ingres)">
    <dbpedia-owl:museum rdf:resource="http://dbpedia.org/resource/Mus%C3%A9e_d&#39;Orsay" />
    <dbpprop:museum rdf:resource="http://dbpedia.org/resource/Mus%C3%A9e_d&#39;Orsay" />
  </rdf:Description>
  <rdf:Description rdf:about="http://dbpedia.org/resource/Salon_des_Refus%C3%A9s">
    <dbpedia-owl:museum rdf:resource="http://dbpedia.org/resource/Mus%C3%A9e_d&#39;Orsay" />
    <dbpprop:museum rdf:resource="http://dbpedia.org/resource/Mus%C3%A9e_d&#39;Orsay" />
  </rdf:Description>
  <rdf:Description rdf:about="http://dbpedia.org/resource/Doctor_Gachet&#39;s_Garden_in_Auvers">
    <dbpedia-owl:museum rdf:resource="http://dbpedia.org/resource/Mus%C3%A9e_d&#39;Orsay" />
    <dbpprop:museum rdf:resource="http://dbpedia.org/resource/Mus%C3%A9e_d&#39;Orsay" />
  </rdf:Description>
  <rdf:Description rdf:about="http://dbpedia.org/resource/Saint-Paul_Asylum,_Saint-R%C3%A9my_(Van_Gogh_series)">
    <dbpedia-owl:museum rdf:resource="http://dbpedia.org/resource/Mus%C3%A9e_d&#39;Orsay" />
    <dbpprop:museum rdf:resource="http://dbpedia.org/resource/Mus%C3%A9e_d&#39;Orsay" />
  </rdf:Description>
  <rdf:Description rdf:about="http://dbpedia.org/resource/Mus%C3%A9e_d&#39;orsay">
    <dbpedia-owl:wikiPageRedirects rdf:resource="http://dbpedia.org/resource/Mus%C3%A9e_d&#39;Orsay" />
  </rdf:Description>
  <rdf:Description rdf:about="http://dbpedia.org/resource/Mus%C3%A9e_D&#39;Orsay">
    <dbpedia-owl:wikiPageRedirects rdf:resource="http://dbpedia.org/resource/Mus%C3%A9e_d&#39;Orsay" />
  </rdf:Description>
  <rdf:Description rdf:about="http://dbpedia.org/resource/Starry_Night_Over_the_Rhone">
    <dbpedia-owl:museum rdf:resource="http://dbpedia.org/resource/Mus%C3%A9e_d&#39;Orsay" />
    <dbpprop:museum rdf:resource="http://dbpedia.org/resource/Mus%C3%A9e_d&#39;Orsay" />
  </rdf:Description>
  <rdf:Description rdf:about="http://dbpedia.org/resource/The_Birth_of_Venus_(Cabanel)">
    <dbpedia-owl:museum rdf:resource="http://dbpedia.org/resource/Mus%C3%A9e_d&#39;Orsay" />
    <dbpprop:museum rdf:resource="http://dbpedia.org/resource/Mus%C3%A9e_d&#39;Orsay" />
  </rdf:Description>
  <rdf:Description rdf:about="http://dbpedia.org/resource/Rouen_Cathedral_(Monet)">
    <dbpedia-owl:museum rdf:resource="http://dbpedia.org/resource/Mus%C3%A9e_d&#39;Orsay" />
    <dbpprop:museum rdf:resource="http://dbpedia.org/resource/Mus%C3%A9e_d&#39;Orsay" />
  </rdf:Description>
  <rdf:Description rdf:about="http://dbpedia.org/resource/Mus%C3%A9e_d%E2%80%99Orsay">
    <dbpedia-owl:wikiPageRedirects rdf:resource="http://dbpedia.org/resource/Mus%C3%A9e_d&#39;Orsay" />
  </rdf:Description>
  <rdf:Description rdf:about="http://dbpedia.org/resource/Women_in_the_Garden">
    <dbpedia-owl:museum rdf:resource="http://dbpedia.org/resource/Mus%C3%A9e_d&#39;Orsay" />
    <dbpprop:museum rdf:resource="http://dbpedia.org/resource/Mus%C3%A9e_d&#39;Orsay" />
  </rdf:Description>
  <rdf:Description rdf:about="http://dbpedia.org/resource/The_Laundress_(Daumier)">
    <dbpedia-owl:museum rdf:resource="http://dbpedia.org/resource/Mus%C3%A9e_d&#39;Orsay" />
    <dbpprop:museum rdf:resource="http://dbpedia.org/resource/Mus%C3%A9e_d&#39;Orsay" />
  </rdf:Description>
  <rdf:Description rdf:about="http://dbpedia.org/resource/Portrait_of_Gustave_Geffroy">
    <dbpedia-owl:museum rdf:resource="http://dbpedia.org/resource/Mus%C3%A9e_d&#39;Orsay" />
    <dbpprop:museum rdf:resource="http://dbpedia.org/resource/Mus%C3%A9e_d&#39;Orsay" />
  </rdf:Description>
  <rdf:Description rdf:about="http://dbpedia.org/resource/A_Burial_At_Ornans">
    <dbpedia-owl:museum rdf:resource="http://dbpedia.org/resource/Mus%C3%A9e_d&#39;Orsay" />
    <dbpprop:museum rdf:resource="http://dbpedia.org/resource/Mus%C3%A9e_d&#39;Orsay" />
  </rdf:Description>
  <rdf:Description rdf:about="http://dbpedia.org/resource/Le_ruisseau_noir">
    <dbpedia-owl:museum rdf:resource="http://dbpedia.org/resource/Mus%C3%A9e_d&#39;Orsay" />
    <dbpprop:museum rdf:resource="http://dbpedia.org/resource/Mus%C3%A9e_d&#39;Orsay" />
  </rdf:Description>
  <rdf:Description rdf:about="http://dbpedia.org/resource/The_Church_at_Auvers">
    <dbpedia-owl:museum rdf:resource="http://dbpedia.org/resource/Mus%C3%A9e_d&#39;Orsay" />
    <dbpprop:museum rdf:resource="http://dbpedia.org/resource/Mus%C3%A9e_d&#39;Orsay" />
  </rdf:Description>
  <rdf:Description rdf:about="http://dbpedia.org/resource/Portrait_of_Dr._Gachet">
    <dbpedia-owl:museum rdf:resource="http://dbpedia.org/resource/Mus%C3%A9e_d&#39;Orsay" />
    <dbpprop:museum rdf:resource="http://dbpedia.org/resource/Mus%C3%A9e_d&#39;Orsay" />
  </rdf:Description>
  <rdf:Description rdf:about="http://dbpedia.org/resource/Mus%C3%A9e_d&#39;Orsay,_Paris">
    <dbpedia-owl:wikiPageRedirects rdf:resource="http://dbpedia.org/resource/Mus%C3%A9e_d&#39;Orsay" />
  </rdf:Description>
  <rdf:Description rdf:about="http://dbpedia.org/resource/The_Painter&#39;s_Studio">
    <dbpedia-owl:museum rdf:resource="http://dbpedia.org/resource/Mus%C3%A9e_d&#39;Orsay" />
    <dbpprop:museum rdf:resource="http://dbpedia.org/resource/Mus%C3%A9e_d&#39;Orsay" />
  </rdf:Description>
  <rdf:Description rdf:about="http://dbpedia.org/resource/Portraits_at_the_Stock_Exchange">
    <dbpedia-owl:museum rdf:resource="http://dbpedia.org/resource/Mus%C3%A9e_d&#39;Orsay" />
    <dbpprop:museum rdf:resource="http://dbpedia.org/resource/Mus%C3%A9e_d&#39;Orsay" />
  </rdf:Description>
  <rdf:Description rdf:about="http://dbpedia.org/resource/Copies_by_Vincent_van_Gogh">
    <dbpedia-owl:museum rdf:resource="http://dbpedia.org/resource/Mus%C3%A9e_d&#39;Orsay" />
    <dbpprop:museum rdf:resource="http://dbpedia.org/resource/Mus%C3%A9e_d&#39;Orsay" />
  </rdf:Description>
  <rdf:Description rdf:about="http://dbpedia.org/resource/The_Magpie_(Monet)">
    <dbpedia-owl:museum rdf:resource="http://dbpedia.org/resource/Mus%C3%A9e_d&#39;Orsay" />
    <dbpprop:museum rdf:resource="http://dbpedia.org/resource/Mus%C3%A9e_d&#39;Orsay" />
  </rdf:Description>
  <rdf:Description rdf:about="http://dbpedia.org/resource/Mus%C3%A9e_dOrsay">
    <dbpedia-owl:wikiPageRedirects rdf:resource="http://dbpedia.org/resource/Mus%C3%A9e_d&#39;Orsay" />
  </rdf:Description>
  <rdf:Description rdf:about="http://dbpedia.org/resource/Muse%C3%A9_d%E2%80%99Orsay">
    <dbpedia-owl:wikiPageRedirects rdf:resource="http://dbpedia.org/resource/Mus%C3%A9e_d&#39;Orsay" />
  </rdf:Description>
  <rdf:Description rdf:about="http://dbpedia.org/resource/The_Wounded_Man_(painting)">
    <dbpedia-owl:museum rdf:resource="http://dbpedia.org/resource/Mus%C3%A9e_d&#39;Orsay" />
    <dbpprop:museum rdf:resource="http://dbpedia.org/resource/Mus%C3%A9e_d&#39;Orsay" />
  </rdf:Description>
  <rdf:Description rdf:about="http://dbpedia.org/resource/The_Bathers_(Renoir)">
    <dbpedia-owl:museum rdf:resource="http://dbpedia.org/resource/Mus%C3%A9e_d&#39;Orsay" />
    <dbpprop:museum rdf:resource="http://dbpedia.org/resource/Mus%C3%A9e_d&#39;Orsay" />
  </rdf:Description>
  <rdf:Description rdf:about="http://dbpedia.org/resource/Museum_of_Orsay">
    <dbpedia-owl:wikiPageRedirects rdf:resource="http://dbpedia.org/resource/Mus%C3%A9e_d&#39;Orsay" />
  </rdf:Description>
  <rdf:Description rdf:about="http://dbpedia.org/resource/Orsay_Museum">
    <dbpedia-owl:wikiPageRedirects rdf:resource="http://dbpedia.org/resource/Mus%C3%A9e_d&#39;Orsay" />
  </rdf:Description>
  <rdf:Description rdf:about="http://dbpedia.org/resource/Whistler&#39;s_Mother">
    <dbpedia-owl:museum rdf:resource="http://dbpedia.org/resource/Mus%C3%A9e_d&#39;Orsay" />
    <dbpprop:museum rdf:resource="http://dbpedia.org/resource/Mus%C3%A9e_d&#39;Orsay" />
  </rdf:Description>
  <rdf:Description rdf:about="http://dbpedia.org/resource/D%E2%80%99Orsay">
    <dbpedia-owl:wikiPageRedirects rdf:resource="http://dbpedia.org/resource/Mus%C3%A9e_d&#39;Orsay" />
  </rdf:Description>
  <rdf:Description rdf:about="http://dbpedia.org/resource/Mus%C3%A9e_d_Orsay">
    <dbpedia-owl:wikiPageRedirects rdf:resource="http://dbpedia.org/resource/Mus%C3%A9e_d&#39;Orsay" />
  </rdf:Description>
  <rdf:Description rdf:about="http://dbpedia.org/resource/The_Bellelli_Family">
    <dbpedia-owl:museum rdf:resource="http://dbpedia.org/resource/Mus%C3%A9e_d&#39;Orsay" />
    <dbpprop:museum rdf:resource="http://dbpedia.org/resource/Mus%C3%A9e_d&#39;Orsay" />
  </rdf:Description>
  <rdf:Description rdf:about="http://dbpedia.org/resource/Muse%C3%A9_D&#39;Orsay">
    <dbpedia-owl:wikiPageRedirects rdf:resource="http://dbpedia.org/resource/Mus%C3%A9e_d&#39;Orsay" />
  </rdf:Description>
  <rdf:Description rdf:about="http://dbpedia.org/resource/Muse%C3%A9_d&#39;Orsay">
    <dbpedia-owl:wikiPageRedirects rdf:resource="http://dbpedia.org/resource/Mus%C3%A9e_d&#39;Orsay" />
  </rdf:Description>
  <rdf:Description rdf:about="http://dbpedia.org/resource/Mus%C4%97e_d&#39;Orsay">
    <dbpedia-owl:wikiPageRedirects rdf:resource="http://dbpedia.org/resource/Mus%C3%A9e_d&#39;Orsay" />
  </rdf:Description>
  <rdf:Description rdf:about="http://dbpedia.org/resource/The_Gleaners">
    <dbpedia-owl:museum rdf:resource="http://dbpedia.org/resource/Mus%C3%A9e_d&#39;Orsay" />
    <dbpprop:museum rdf:resource="http://dbpedia.org/resource/Mus%C3%A9e_d&#39;Orsay" />
  </rdf:Description>
  <rdf:Description rdf:about="http://dbpedia.org/resource/Bal_du_moulin_de_la_Galette">
    <dbpedia-owl:museum rdf:resource="http://dbpedia.org/resource/Mus%C3%A9e_d&#39;Orsay" />
    <dbpprop:museum rdf:resource="http://dbpedia.org/resource/Mus%C3%A9e_d&#39;Orsay" />
  </rdf:Description>
  <rdf:Description rdf:about="http://en.wikipedia.org/wiki/Musée_d&#39;Orsay">
    <foaf:primaryTopic rdf:resource="http://dbpedia.org/resource/Mus%C3%A9e_d&#39;Orsay" />
  </rdf:Description>
  <rdf:Description rdf:about="http://dbpedia.org/resource/D&#39;Orsay_(disambiguation)">
    <dbpedia-owl:wikiPageDisambiguates rdf:resource="http://dbpedia.org/resource/Mus%C3%A9e_d&#39;Orsay" />
  </rdf:Description>
  <rdf:Description rdf:about="http://dbpedia.org/resource/D&#39;Orsay">
    <dbpedia-owl:wikiPageRedirects rdf:resource="http://dbpedia.org/resource/Mus%C3%A9e_d&#39;Orsay" />
  </rdf:Description>
  <rdf:Description rdf:about="http://dbpedia.org/resource/Musay_d&#39;orsay">
    <dbpedia-owl:wikiPageRedirects rdf:resource="http://dbpedia.org/resource/Mus%C3%A9e_d&#39;Orsay" />
  </rdf:Description>
  <rdf:Description rdf:about="http://dbpedia.org/resource/Musee_d&#39;Orsay,_Paris">
    <dbpedia-owl:wikiPageRedirects rdf:resource="http://dbpedia.org/resource/Mus%C3%A9e_d&#39;Orsay" />
  </rdf:Description>
  <rdf:Description rdf:about="http://dbpedia.org/resource/Musee_d&#39;orsay">
    <dbpedia-owl:wikiPageRedirects rdf:resource="http://dbpedia.org/resource/Mus%C3%A9e_d&#39;Orsay" />
  </rdf:Description>
  <rdf:Description rdf:about="http://dbpedia.org/resource/Musee_dOrsay">
    <dbpedia-owl:wikiPageRedirects rdf:resource="http://dbpedia.org/resource/Mus%C3%A9e_d&#39;Orsay" />
  </rdf:Description>
  <rdf:Description rdf:about="http://dbpedia.org/resource/Orsay_museum">
    <dbpedia-owl:wikiPageRedirects rdf:resource="http://dbpedia.org/resource/Mus%C3%A9e_d&#39;Orsay" />
  </rdf:Description>
  <rdf:Description rdf:about="http://dbpedia.org/resource/The_Angelus_(painting)">
    <dbpedia-owl:museum rdf:resource="http://dbpedia.org/resource/Mus%C3%A9e_d&#39;Orsay" />
    <dbpprop:museum rdf:resource="http://dbpedia.org/resource/Mus%C3%A9e_d&#39;Orsay" />
  </rdf:Description>
  <rdf:Description rdf:about="http://dbpedia.org/resource/La_Danse_(painting)">
    <dbpedia-owl:museum rdf:resource="http://dbpedia.org/resource/Mus%C3%A9e_d&#39;Orsay" />
    <dbpprop:museum rdf:resource="http://dbpedia.org/resource/Mus%C3%A9e_d&#39;Orsay" />
  </rdf:Description>
  <rdf:Description rdf:about="http://dbpedia.org/resource/Les_raboteurs_de_parquet">
    <dbpedia-owl:museum rdf:resource="http://dbpedia.org/resource/Mus%C3%A9e_d&#39;Orsay" />
    <dbpprop:museum rdf:resource="http://dbpedia.org/resource/Mus%C3%A9e_d&#39;Orsay" />
  </rdf:Description>
  <rdf:Description rdf:about="http://dbpedia.org/resource/Mus%C3%A9e_D%E2%80%99Orsay">
    <dbpedia-owl:wikiPageRedirects rdf:resource="http://dbpedia.org/resource/Mus%C3%A9e_d&#39;Orsay" />
  </rdf:Description>
  <rdf:Description rdf:about="http://dbpedia.org/resource/Family_Reunion_(painting)">
    <dbpedia-owl:museum rdf:resource="http://dbpedia.org/resource/Mus%C3%A9e_d&#39;Orsay" />
  </rdf:Description>
  <rdf:Description rdf:about="http://dbpedia.org/resource/Vue_de_toits_(Effet_de_neige)">
    <dbpedia-owl:museum rdf:resource="http://dbpedia.org/resource/Mus%C3%A9e_d&#39;Orsay" />
    <dbpprop:museum rdf:resource="http://dbpedia.org/resource/Mus%C3%A9e_d&#39;Orsay" />
  </rdf:Description>
</rdf:RDF>
