<?xml version="1.0" encoding="utf-8" ?>
<rdf:RDF
	xmlns:rdf="http://www.w3.org/1999/02/22-rdf-syntax-ns#"
	xmlns:rdfs="http://www.w3.org/2000/01/rdf-schema#"
	xmlns:owl="http://www.w3.org/2002/07/owl#"
	xmlns:dcterms="http://purl.org/dc/terms/"
	xmlns:dbpedia-owl="http://dbpedia.org/ontology/"
	xmlns:foaf="http://xmlns.com/foaf/0.1/"
	xmlns:dbpprop="http://dbpedia.org/property/"
	xmlns:geo="http://www.w3.org/2003/01/geo/wgs84_pos#"
	xmlns:ns8="http://www.w3.org/ns/prov#"
	xmlns:grs="http://www.georss.org/georss/" >
  <rdf:Description rdf:about="http://dbpedia.org/resource/Musée_Condé">
    <owl:sameAs rdf:resource="http://dbpedia.org/resource/Mus%C3%A9e_Cond%C3%A9" />
  </rdf:Description>
  <rdf:Description rdf:about="http://dbpedia.org/resource/Henry_III_of_France">
    <dbpprop:caption rdf:resource="http://dbpedia.org/resource/Mus%C3%A9e_Cond%C3%A9" />
  </rdf:Description>
  <rdf:Description rdf:about="http://dbpedia.org/resource/Mystic_Marriage_of_St._Francis_(Sassetta)">
    <dbpedia-owl:museum rdf:resource="http://dbpedia.org/resource/Mus%C3%A9e_Cond%C3%A9" />
    <dbpprop:museum rdf:resource="http://dbpedia.org/resource/Mus%C3%A9e_Cond%C3%A9" />
  </rdf:Description>
  <rdf:Description rdf:about="http://dbpedia.org/resource/Le_concert_champ%C3%AAtre">
    <dbpedia-owl:museum rdf:resource="http://dbpedia.org/resource/Mus%C3%A9e_Cond%C3%A9" />
    <dbpprop:museum rdf:resource="http://dbpedia.org/resource/Mus%C3%A9e_Cond%C3%A9" />
  </rdf:Description>
  <rdf:Description rdf:about="http://dbpedia.org/resource/Mus%C3%A9e_Cond%C3%A9">
    <rdf:type rdf:resource="http://dbpedia.org/class/yago/Whole100003553" />
    <rdf:type rdf:resource="http://dbpedia.org/class/yago/Depository103177349" />
    <rdf:type rdf:resource="http://dbpedia.org/class/yago/PhysicalEntity100001930" />
    <rdf:type rdf:resource="http://dbpedia.org/ontology/ArchitecturalStructure" />
    <rdf:type rdf:resource="http://dbpedia.org/ontology/Place" />
    <rdf:type rdf:resource="http://dbpedia.org/class/yago/Object100002684" />
    <rdf:type rdf:resource="http://www.w3.org/2002/07/owl#Thing" />
    <rdf:type rdf:resource="http://dbpedia.org/class/yago/ArtMuseumsEstablishedIn1898" />
    <rdf:type rdf:resource="http://dbpedia.org/class/yago/MuseumsInOise" />
    <rdf:type rdf:resource="http://dbpedia.org/class/yago/ArtMuseumsAndGalleriesInFrance" />
    <rdf:type rdf:resource="http://www.opengis.net/gml/_Feature" />
    <rdf:type rdf:resource="http://dbpedia.org/ontology/Building" />
    <rdf:type rdf:resource="http://dbpedia.org/ontology/Museum" />
    <rdf:type rdf:resource="http://schema.org/Museum" />
    <rdf:type rdf:resource="http://dbpedia.org/class/yago/Facility103315023" />
    <rdf:type rdf:resource="http://dbpedia.org/class/yago/YagoGeoEntity" />
    <rdf:type rdf:resource="http://schema.org/Place" />
    <rdf:type rdf:resource="http://dbpedia.org/class/yago/YagoPermanentlyLocatedEntity" />
    <rdf:type rdf:resource="http://dbpedia.org/class/yago/Museum103800563" />
    <rdf:type rdf:resource="http://dbpedia.org/class/yago/Artifact100021939" />
    <owl:sameAs rdf:resource="http://de.dbpedia.org/resource/Musée_Condé" />
    <owl:sameAs rdf:resource="http://el.dbpedia.org/resource/Μουσείο_Κοντέ" />
    <owl:sameAs rdf:resource="http://rdf.freebase.com/ns/m.0hrhsvp" />
    <owl:sameAs rdf:resource="http://es.dbpedia.org/resource/Museo_Condé" />
    <owl:sameAs rdf:resource="http://www.wikidata.org/entity/Q1236032" />
    <owl:sameAs rdf:resource="http://yago-knowledge.org/resource/Musée_Condé" />
    <owl:sameAs rdf:resource="http://pt.dbpedia.org/resource/Museu_Condé" />
    <owl:sameAs rdf:resource="http://dbpedia.org/resource/Mus%C3%A9e_Cond%C3%A9" />
    <owl:sameAs rdf:resource="http://it.dbpedia.org/resource/Museo_Condé" />
    <owl:sameAs rdf:resource="http://fr.dbpedia.org/resource/Musée_Condé" />
    <dcterms:subject rdf:resource="http://dbpedia.org/resource/Category:Museums_in_Oise" />
    <dcterms:subject rdf:resource="http://dbpedia.org/resource/Category:1898_establishments_in_France" />
    <dcterms:subject rdf:resource="http://dbpedia.org/resource/Category:Art_museums_established_in_1898" />
    <dcterms:subject rdf:resource="http://dbpedia.org/resource/Category:Art_museums_and_galleries_in_France" />
    <dbpedia-owl:abstract xml:lang="es">El Museo Condé de Chantilly es una institución que custodia el legado de obras de arte del príncipe Enrique de Orleans (duque de Aumale), hijo del rey Luis Felipe I de Francia. Tiene como sede el Castillo de Chantilly, propiedad del Instituto de Francia. La localidad de Chantilly se halla a unos 60 kilómetros al norte de París. El Museo Condé alberga un fondo artístico de considerable valor, que incluye 800 pinturas, 2.500 grabados, otros tantos dibujos, y 30.000 libros y manuscritos.</dbpedia-owl:abstract>
    <dbpedia-owl:abstract xml:lang="de">Das Musée Condé ist ein bedeutendes Museum, das sich im Schloss Chantilly, etwa 60 km nördlich von Paris, befindet. Es wurde von Henri d’Orléans, dem Duc d&#39;Aumale und Sohn von König Ludwig Philipp I. , mitsamt seiner Kunstsammlung dem Institut de France übereignet. Das Museum besteht aus Ausstellungsräumen, aber auch aus den großen und kleinen Gemächern, die die Prinzen von Condé und der Duc d&#39;Aumale selbst im 18. und 19. Jahrhundert eingerichtet hatten. Henri d’Orléans war sein ganzes Leben lang als Kunstsammler tätig gewesen, wobei er Stücke sammelte, die entweder seinen Vorfahren gehört hatten oder durch Revolutionen und Kriege zerstreut wurden. Besonders während seines Exils in England (1848–1870) konnte er bedeutende Werke seiner Sammlung hinzufügen, so dass seine Sammlung an Malereien heute zu den bedeutendsten ihrer Art in Frankreich zählt. Sie besteht hauptsächlich aus Werken der italienischen und französischen Schule, von denen drei Gemälde von Fra Angelico, drei Gemälde von Raffael, fünf von Nicolas Poussin, vier von Antoine Watteau und fünf von Ingres hervorstehen. Das Museum besitzt weiterhin 2500 Zeichnungen und eine Bibliothek mit 1500 Handschriften, darunter 200 Buchmalereien. Das berühmteste Werk ist hier zweifellos das Das Stundenbuch des Herzogs von Berry. Eine Sammlung von Drucken, Miniaturporträts, Skulpturen, Antiquitäten, Photographien, Möbeln und Porzellan gehören ebenfalls zum Schatz des Museums. Die Kunstwerke des Musée Condé können nur in Chantilly besichtigt werden, da der Duc d&#39;Aumale an die Schenkung die Bedingung knüpfte, dass die Präsentation der Sammlung nicht verändert werden dürfe und dass die Werke nicht verliehen werden dürfen. Die Ausstellung ist somit seit 1898 praktisch unverändert geblieben. Das Museum wird jährlich von etwa 250.000 Besuchern besichtigt. Jedes Jahr werden vier Sonderausstellungen organisiert, um Werke zu zeigen, die aus Konservierungsgründen normalerweise nicht ausgestellt werden können.</dbpedia-owl:abstract>
    <dbpedia-owl:abstract xml:lang="it">Il museo Condé (Musée Condé in francese), ospitato nel castello di Chantilly al nord di Parigi, è uno dei maggiori musei d&#39;arte di Francia. Fu creato da Enrico d&#39;Orléans, duca d&#39;Aumale che nel 1884 lasciò in legato all&#39;Institut de France il castello e l&#39;eccezionale collezione d&#39;arte che aveva riunito, con l&#39;obbligo per l&#39;istituzione di trasformare il castello in museo per poter esporre al pubblico l&#39;intera raccolta. Il museo aprì nel 1898. Allestito nel castello con una museografia incambiata dall&#39;epoca della sua apertura, il museo è famoso per la collezione di pitture italiane e francesi che conserva, una delle più importanti al livello europeo, e per la sua raccolta di manoscritti medievali, della quale fanno parte le Très riches heures du Duc de Berry, il più famoso codice miniato medievale.</dbpedia-owl:abstract>
    <dbpedia-owl:abstract xml:lang="fr">Le musée Condé est un musée français localisé dans le château de Chantilly, situé à Chantilly, à 40 km au nord de Paris. Henri d&#39;Orléans, duc d&#39;Aumale, fils du roi Louis-Philippe I, lègue en 1897 le château, avec l&#39;ensemble de ses collections, à l&#39;Institut de France. Il comprend des salles aménagées en musée mais aussi les anciens grands appartements et petits appartements aménagés aux XVIII et XIX siècles par les princes de Condé et par le duc d&#39;Aumale lui-même. Sa collection de peintures anciennes compte sans doute parmi les plus importantes en France. Principalement constituée d&#39;œuvres italiennes et françaises, elle compte, par exemple, trois tableaux de Fra Angelico et trois de Raphaël, cinq peintures de Nicolas Poussin, quatre d&#39;Antoine Watteau ou encore cinq signées Ingres. Le musée abrite un cabinet de dessins et une bibliothèque comportant manuscrits dont 200 sont enluminés ; le plus célèbre d&#39;entre eux étant Les Très Riches Heures du duc de Berry. S&#39;y ajoutent des collections d&#39;estampes, de portraits miniatures, de sculptures, d&#39;antiquités, de photographies anciennes et d&#39;arts décoratifs, meubles et porcelaine notamment. L&#39;ensemble de ces collections n&#39;est visible qu&#39;à Chantilly car le legs du duc d&#39;Aumale interdit tout prêt des collections et aucune modification des salles d&#39;exposition n&#39;est par ailleurs possible. La muséographie n&#39;a en conséquence pratiquement pas changé depuis l&#39;ouverture en 1898. Environ visiteurs fréquentent le musée Condé chaque année. Quatre expositions temporaires sont organisées par an et permettent de voir une partie des œuvres conservées en réserve habituellement.</dbpedia-owl:abstract>
    <dbpedia-owl:abstract xml:lang="en">The Musée Condé – in English, the Condé Museum – is a French museum located inside the château de Chantilly in Chantilly, Oise, 40 km north of Paris. In 1897, Henri d&#39;Orléans, the Duke of Aumale and son of Louis-Philippe Ier, bequeathed the Chateau and its collections to the Institut de France. It included both rooms remodeled as museum spaces and those left as residential quarters in the styles of the 18th and 19th centuries. The collection of old master paintings is doublessly among the most important in France. It consists predominantly of Italian and French works and includes three paintings by Fra Angelico, three by Rafael, five by Nicolas Poussin, four by Antoine Watteau and five signed by Ingres. The museum harbors a collection of 2,500 drawings and a library including 1,500 manuscripts, of which 200 are illuminated. The most renowned of the latter are the Très Riches Heures du duc de Berry. In addition to these, there are collections of prints, portrait miniatures, sculptures, antiques, old photographs, decorative arts, furniture and porcelain. The collection may only be seen at Chantilly due to the conditions attached to the bequest by the Duke d’Aumale. These conditions forbid the loaning of artworks to other institutions as well as insisting that the exhibition spaces not be modified in any way. As a result the museum remains almost unchanged since it was opened in 1898. (The above is translated from the start of the French article. Watch this page as this work slowly progresses.)</dbpedia-owl:abstract>
    <dbpedia-owl:abstract xml:lang="pt">O Museu Condé (Musée Condé) é um museu francês instalado no histórico Château de Chantilly, em Chantilly.</dbpedia-owl:abstract>
    <dbpedia-owl:wikiPageID rdf:datatype="http://www.w3.org/2001/XMLSchema#integer">11869479</dbpedia-owl:wikiPageID>
    <dbpedia-owl:wikiPageRevisionID rdf:datatype="http://www.w3.org/2001/XMLSchema#integer">539164209</dbpedia-owl:wikiPageRevisionID>
    <rdfs:label xml:lang="it">Museo Condé</rdfs:label>
    <rdfs:label xml:lang="fr">Musée Condé</rdfs:label>
    <rdfs:label xml:lang="en">Musée Condé</rdfs:label>
    <rdfs:label xml:lang="es">Museo Condé</rdfs:label>
    <rdfs:label xml:lang="de">Musée Condé</rdfs:label>
    <rdfs:label xml:lang="pt">Museu Condé</rdfs:label>
    <foaf:depiction rdf:resource="http://upload.wikimedia.org/wikipedia/commons/7/76/Chateau_de_Chantilly_garden.jpg" />
    <rdfs:comment xml:lang="de">Das Musée Condé ist ein bedeutendes Museum, das sich im Schloss Chantilly, etwa 60 km nördlich von Paris, befindet. Es wurde von Henri d’Orléans, dem Duc d&#39;Aumale und Sohn von König Ludwig Philipp I. , mitsamt seiner Kunstsammlung dem Institut de France übereignet. Das Museum besteht aus Ausstellungsräumen, aber auch aus den großen und kleinen Gemächern, die die Prinzen von Condé und der Duc d&#39;Aumale selbst im 18. und 19. Jahrhundert eingerichtet hatten.</rdfs:comment>
    <rdfs:comment xml:lang="pt">O Museu Condé (Musée Condé) é um museu francês instalado no histórico Château de Chantilly, em Chantilly.</rdfs:comment>
    <rdfs:comment xml:lang="es">El Museo Condé de Chantilly es una institución que custodia el legado de obras de arte del príncipe Enrique de Orleans (duque de Aumale), hijo del rey Luis Felipe I de Francia. Tiene como sede el Castillo de Chantilly, propiedad del Instituto de Francia. La localidad de Chantilly se halla a unos 60 kilómetros al norte de París. El Museo Condé alberga un fondo artístico de considerable valor, que incluye 800 pinturas, 2.500 grabados, otros tantos dibujos, y 30.000 libros y manuscritos.</rdfs:comment>
    <rdfs:comment xml:lang="fr">Le musée Condé est un musée français localisé dans le château de Chantilly, situé à Chantilly, à 40 km au nord de Paris. Henri d&#39;Orléans, duc d&#39;Aumale, fils du roi Louis-Philippe I, lègue en 1897 le château, avec l&#39;ensemble de ses collections, à l&#39;Institut de France. Il comprend des salles aménagées en musée mais aussi les anciens grands appartements et petits appartements aménagés aux XVIII et XIX siècles par les princes de Condé et par le duc d&#39;Aumale lui-même.</rdfs:comment>
    <rdfs:comment xml:lang="it">Il museo Condé (Musée Condé in francese), ospitato nel castello di Chantilly al nord di Parigi, è uno dei maggiori musei d&#39;arte di Francia. Fu creato da Enrico d&#39;Orléans, duca d&#39;Aumale che nel 1884 lasciò in legato all&#39;Institut de France il castello e l&#39;eccezionale collezione d&#39;arte che aveva riunito, con l&#39;obbligo per l&#39;istituzione di trasformare il castello in museo per poter esporre al pubblico l&#39;intera raccolta. Il museo aprì nel 1898.</rdfs:comment>
    <rdfs:comment xml:lang="en">The Musée Condé – in English, the Condé Museum – is a French museum located inside the château de Chantilly in Chantilly, Oise, 40 km north of Paris. In 1897, Henri d&#39;Orléans, the Duke of Aumale and son of Louis-Philippe Ier, bequeathed the Chateau and its collections to the Institut de France. It included both rooms remodeled as museum spaces and those left as residential quarters in the styles of the 18th and 19th centuries.</rdfs:comment>
    <dbpedia-owl:thumbnail rdf:resource="http://upload.wikimedia.org/wikipedia/commons/thumb/7/76/Chateau_de_Chantilly_garden.jpg/200px-Chateau_de_Chantilly_garden.jpg" />
    <geo:geometry rdf:datatype="http://www.openlinksw.com/schemas/virtrdf#Geometry">POINT(2.48528 49.1939)</geo:geometry>
    <foaf:isPrimaryTopicOf rdf:resource="http://en.wikipedia.org/wiki/Musée_Condé" />
    <geo:long rdf:datatype="http://www.w3.org/2001/XMLSchema#float">2.48528</geo:long>
    <geo:lat rdf:datatype="http://www.w3.org/2001/XMLSchema#float">49.1939</geo:lat>
    <ns8:wasDerivedFrom rdf:resource="http://en.wikipedia.org/wiki/Musée_Condé?oldid=539164209" />
    <grs:point xml:lang="en">49.193888888888885 2.4852777777777777</grs:point>
    <dbpprop:hasPhotoCollection rdf:resource="http://wifo5-03.informatik.uni-mannheim.de/flickrwrappr/photos/Musée_Condé" />
  </rdf:Description>
  <rdf:Description rdf:about="http://dbpedia.org/resource/Three_Graces_(Raphael)">
    <dbpedia-owl:museum rdf:resource="http://dbpedia.org/resource/Mus%C3%A9e_Cond%C3%A9" />
    <dbpprop:museum rdf:resource="http://dbpedia.org/resource/Mus%C3%A9e_Cond%C3%A9" />
  </rdf:Description>
  <rdf:Description rdf:about="http://dbpedia.org/resource/Madonna_of_Loreto_(Raphael)">
    <dbpedia-owl:museum rdf:resource="http://dbpedia.org/resource/Mus%C3%A9e_Cond%C3%A9" />
  </rdf:Description>
  <rdf:Description rdf:about="http://dbpedia.org/resource/Cond%C3%A9_Museum">
    <dbpedia-owl:wikiPageRedirects rdf:resource="http://dbpedia.org/resource/Mus%C3%A9e_Cond%C3%A9" />
  </rdf:Description>
  <rdf:Description rdf:about="http://en.wikipedia.org/wiki/Musée_Condé">
    <foaf:primaryTopic rdf:resource="http://dbpedia.org/resource/Mus%C3%A9e_Cond%C3%A9" />
  </rdf:Description>
</rdf:RDF>
