<?xml version="1.0" encoding="utf-8" ?>
<rdf:RDF
	xmlns:rdf="http://www.w3.org/1999/02/22-rdf-syntax-ns#"
	xmlns:rdfs="http://www.w3.org/2000/01/rdf-schema#"
	xmlns:owl="http://www.w3.org/2002/07/owl#"
	xmlns:dcterms="http://purl.org/dc/terms/"
	xmlns:dbpedia-owl="http://dbpedia.org/ontology/"
	xmlns:foaf="http://xmlns.com/foaf/0.1/"
	xmlns:dbpprop="http://dbpedia.org/property/"
	xmlns:geo="http://www.w3.org/2003/01/geo/wgs84_pos#"
	xmlns:ns8="http://www.w3.org/ns/prov#"
	xmlns:grs="http://www.georss.org/georss/" >
  <rdf:Description rdf:about="http://dbpedia.org/resource/The_Wheat_Sifters">
    <dbpedia-owl:museum rdf:resource="http://dbpedia.org/resource/Mus%C3%A9e_des_Beaux-Arts_de_Nantes" />
    <dbpprop:museum rdf:resource="http://dbpedia.org/resource/Mus%C3%A9e_des_Beaux-Arts_de_Nantes" />
  </rdf:Description>
  <rdf:Description rdf:about="http://dbpedia.org/resource/Musée_des_Beaux-Arts_de_Nantes">
    <owl:sameAs rdf:resource="http://dbpedia.org/resource/Mus%C3%A9e_des_Beaux-Arts_de_Nantes" />
  </rdf:Description>
  <rdf:Description rdf:about="http://dbpedia.org/resource/Grand_Mus%C3%A9e_d&#39;Art">
    <dbpedia-owl:wikiPageRedirects rdf:resource="http://dbpedia.org/resource/Mus%C3%A9e_des_Beaux-Arts_de_Nantes" />
  </rdf:Description>
  <rdf:Description rdf:about="http://dbpedia.org/resource/Mus%C3%A9e_des_Beaux-Arts_de_Nantes">
    <rdf:type rdf:resource="http://dbpedia.org/class/yago/Museum103800563" />
    <rdf:type rdf:resource="http://www.opengis.net/gml/_Feature" />
    <rdf:type rdf:resource="http://schema.org/Museum" />
    <rdf:type rdf:resource="http://dbpedia.org/ontology/Museum" />
    <rdf:type rdf:resource="http://schema.org/Place" />
    <rdf:type rdf:resource="http://dbpedia.org/class/yago/Artifact100021939" />
    <rdf:type rdf:resource="http://dbpedia.org/class/yago/MuseumsInNantes" />
    <rdf:type rdf:resource="http://dbpedia.org/class/yago/Object100002684" />
    <rdf:type rdf:resource="http://dbpedia.org/class/yago/Whole100003553" />
    <rdf:type rdf:resource="http://dbpedia.org/class/yago/ArtMuseumsEstablishedIn1801" />
    <rdf:type rdf:resource="http://www.w3.org/2002/07/owl#Thing" />
    <rdf:type rdf:resource="http://dbpedia.org/class/yago/ArtMuseumsAndGalleriesInFrance" />
    <rdf:type rdf:resource="http://dbpedia.org/class/yago/PhysicalEntity100001930" />
    <rdf:type rdf:resource="http://dbpedia.org/ontology/Building" />
    <rdf:type rdf:resource="http://dbpedia.org/class/yago/YagoGeoEntity" />
    <rdf:type rdf:resource="http://dbpedia.org/class/yago/YagoPermanentlyLocatedEntity" />
    <rdf:type rdf:resource="http://dbpedia.org/class/yago/Facility103315023" />
    <rdf:type rdf:resource="http://dbpedia.org/class/yago/Depository103177349" />
    <rdf:type rdf:resource="http://dbpedia.org/ontology/ArchitecturalStructure" />
    <rdf:type rdf:resource="http://dbpedia.org/ontology/Place" />
    <owl:sameAs rdf:resource="http://yago-knowledge.org/resource/Musée_des_Beaux-Arts_de_Nantes" />
    <owl:sameAs rdf:resource="http://pt.dbpedia.org/resource/Museu_de_Belas_Artes_de_Nantes" />
    <owl:sameAs rdf:resource="http://rdf.freebase.com/ns/m.04gs632" />
    <owl:sameAs rdf:resource="http://de.dbpedia.org/resource/Kunstmuseum_Nantes" />
    <owl:sameAs rdf:resource="http://ja.dbpedia.org/resource/ナント美術館" />
    <owl:sameAs rdf:resource="http://fr.dbpedia.org/resource/Musée_des_beaux-arts_de_Nantes" />
    <owl:sameAs rdf:resource="http://it.dbpedia.org/resource/Musée_des_beaux-arts_(Nantes)" />
    <owl:sameAs rdf:resource="http://es.dbpedia.org/resource/Museo_de_Bellas_Artes_de_Nantes" />
    <owl:sameAs rdf:resource="http://dbpedia.org/resource/Mus%C3%A9e_des_Beaux-Arts_de_Nantes" />
    <owl:sameAs rdf:resource="http://ru.dbpedia.org/resource/Музей_изящных_искусств_(Нант)" />
    <owl:sameAs rdf:resource="http://www.wikidata.org/entity/Q1783956" />
    <dcterms:subject rdf:resource="http://dbpedia.org/resource/Category:Art_museums_established_in_1801" />
    <dcterms:subject rdf:resource="http://dbpedia.org/resource/Category:1801_establishments_in_France" />
    <dcterms:subject rdf:resource="http://dbpedia.org/resource/Category:Art_museums_and_galleries_in_France" />
    <dcterms:subject rdf:resource="http://dbpedia.org/resource/Category:Museums_in_Nantes" />
    <dbpedia-owl:abstract xml:lang="en">The Fine Arts Museum of Nantes is an art museum in Nantes, France. The museum was created in 1801 with the purchase of the Cacault collection and was located in is actual Palais des Beaux-Arts since 1900. In 2009, the architect Stanton Williams won an international competition to transform the museum with a modern extension to become the Grand Musée d’Art. This is due for completion in 2013.</dbpedia-owl:abstract>
    <dbpedia-owl:abstract xml:lang="de">Das Kunstmuseum Nantes (frz. Musée des beaux-arts de Nantes) ist ein französisches Museum in der Innenstadt von Nantes, Region Pays de la Loire. Es zeigt Kunst vom Dreizehnten Jahrhundert bis zur Gegenwart. Das Museum geht auf den sogenannten Chaptal-Erlass der Zeit Napoleon Bonapartes zurück und wurde zugleich mit 14 anderen Museen außerhalb von Paris 1801 in Leben gerufen. 1810 wurde die große Sammlung von Francois Cacault angekauft. Seit 1900 befindet es sich im gegenwärtigen Gebäude, das als Museum von Clément-Marie Josso erbaut wurde. Es hat zwei Geschosse um einen überdachten Innenhof. Ab 2011 wird es für etwa 18 Monate geschlossen und von rund 11.000 auf 18.000 Quadratmeter erweitert.</dbpedia-owl:abstract>
    <dbpedia-owl:abstract xml:lang="it">Il Musée des beaux-arts de Nantes (Museo delle belle arti di Nantes) è un museo pubblico francese, fondato nel 1801, con una vasta collezione di pitture e sculture che spazia dalle opere dei primitivi italiani a quelle di artisti contemporanei.</dbpedia-owl:abstract>
    <dbpedia-owl:abstract xml:lang="es">El Museo de Bellas Artes (Musée des Beaux-Arts) de Nantes es un museo creado por decreto consular de Napoleón Bonaparte en el 1800. Su colección de pinturas se extiende desde el siglo XIII hasta el XXI. Entre otras, hay obras de: Gustave Courbet, Georges de La Tour, Eugène Delacroix, Fragonard, Kandinsky, Ingres, Monet, Picasso, … El Palacio de Bellas Artes en el que se encuentra ubicado el museo fue inaugurado en el año 1900. Fue ideado por el arquitecto nantés Clément-Marie Josso. El interior fue renovado durante los años 1980.</dbpedia-owl:abstract>
    <dbpedia-owl:abstract xml:lang="ja">ナント美術館(Musée des Beaux-Arts de Nantes)は、フランスのナントにある美術館である。</dbpedia-owl:abstract>
    <dbpedia-owl:abstract xml:lang="fr">Le musée des beaux-arts de Nantes est créé, comme quatorze autres musées de province, par arrêté consulaire du 14 fructidor de l&#39;an IX. Aujourd&#39;hui, le musée des beaux-arts de Nantes fait partie des cinq grands musées en région, aux côtés de Lyon, Bordeaux, Toulouse et Lille. Il est inscrit au titre des monuments historiques depuis le 29 octobre 1975. Le 18 décembre 2011, le musée a fermé ses portes pour une durée initialement prévue à deux ans maximum, afin d&#39;effectuer de vastes travaux d&#39;expansion. À la suite de problèmes liés à la découverte de présence d&#39;eau souterraine dans les fondations, la réouverture de l&#39;équipement qui sera rebaptisé « musée d&#39;Art de Nantes » été repoussée, et interviendra finalement en 2016 pour les nouveaux espaces d&#39;exposition, puis en 2018 pour le reste de la structure.</dbpedia-owl:abstract>
    <dbpedia-owl:abstract xml:lang="pt">O Museu de Belas Artes de Nantes (Musée des Beaux-Arts de Nantes) é um museu localizado em Nantes, França, criado por decreto consular de Napoleão Bonaparte em 1800. Sua coleção de pinturas se estende a partir do Século XIII até os dias de hoje. Entre outros, existem obras de: Gustave Courbet, Georges de La Tour, Eugène Delacroix, Fragonard, Kandinsky, Ingres, Monet e Picasso. O Palácio de Belas Artes, onde está localizado o museu, abriu em 1900. Ele foi projetado pelo arquiteto Clément-Marie Josso. O interior foi remodelado durante a década de 1980. x30px Este sobre um museu é um esboço. Você pode ajudar a Wikipédia expandindo-o. v • e</dbpedia-owl:abstract>
    <dbpedia-owl:abstract xml:lang="ru">Музей изящных искусств (фр.  Musée des Beaux-Arts de Nantes) — художественный музей в Нанте, Франция. Является одним из пяти крупнейших региональных музеев страны. Основан в 1804 году. В коллекциях музея хранится большое количество скульптур и картин, охватывающих период с XII по конец XIX века. Первый этаж большей частью посвящен современному искусству Франции, с акцентом на творчество художников 1950—1960 годов. На других этажах размещены работы итальянских примитивистов, импрессионистов и современных мастеров, в частности, Василия Кандинского. Ежегодно музей посещают до 110 тыс. человек.</dbpedia-owl:abstract>
    <dbpedia-owl:location rdf:resource="http://dbpedia.org/resource/Nantes" />
    <dbpedia-owl:location rdf:resource="http://dbpedia.org/resource/France" />
    <dbpedia-owl:wikiPageID rdf:datatype="http://www.w3.org/2001/XMLSchema#integer">18718426</dbpedia-owl:wikiPageID>
    <dbpedia-owl:wikiPageRevisionID rdf:datatype="http://www.w3.org/2001/XMLSchema#integer">540608067</dbpedia-owl:wikiPageRevisionID>
    <rdfs:label xml:lang="en">Musée des Beaux-Arts de Nantes</rdfs:label>
    <rdfs:label xml:lang="it">Musée des beaux-arts (Nantes)</rdfs:label>
    <rdfs:label xml:lang="pt">Museu de Belas Artes de Nantes</rdfs:label>
    <rdfs:label xml:lang="es">Museo de Bellas Artes de Nantes</rdfs:label>
    <rdfs:label xml:lang="fr">Musée des beaux-arts de Nantes</rdfs:label>
    <rdfs:label xml:lang="ru">Музей изящных искусств (Нант)</rdfs:label>
    <rdfs:label xml:lang="ja">ナント美術館</rdfs:label>
    <rdfs:label xml:lang="de">Kunstmuseum Nantes</rdfs:label>
    <foaf:depiction rdf:resource="http://upload.wikimedia.org/wikipedia/commons/0/07/Nantes-muséeBeauxArts.jpg" />
    <rdfs:comment xml:lang="fr">Le musée des beaux-arts de Nantes est créé, comme quatorze autres musées de province, par arrêté consulaire du 14 fructidor de l&#39;an IX. Aujourd&#39;hui, le musée des beaux-arts de Nantes fait partie des cinq grands musées en région, aux côtés de Lyon, Bordeaux, Toulouse et Lille. Il est inscrit au titre des monuments historiques depuis le 29 octobre 1975.</rdfs:comment>
    <rdfs:comment xml:lang="pt">O Museu de Belas Artes de Nantes (Musée des Beaux-Arts de Nantes) é um museu localizado em Nantes, França, criado por decreto consular de Napoleão Bonaparte em 1800. Sua coleção de pinturas se estende a partir do Século XIII até os dias de hoje. Entre outros, existem obras de: Gustave Courbet, Georges de La Tour, Eugène Delacroix, Fragonard, Kandinsky, Ingres, Monet e Picasso. O Palácio de Belas Artes, onde está localizado o museu, abriu em 1900.</rdfs:comment>
    <rdfs:comment xml:lang="en">The Fine Arts Museum of Nantes is an art museum in Nantes, France. The museum was created in 1801 with the purchase of the Cacault collection and was located in is actual Palais des Beaux-Arts since 1900. In 2009, the architect Stanton Williams won an international competition to transform the museum with a modern extension to become the Grand Musée d’Art. This is due for completion in 2013.</rdfs:comment>
    <rdfs:comment xml:lang="es">El Museo de Bellas Artes (Musée des Beaux-Arts) de Nantes es un museo creado por decreto consular de Napoleón Bonaparte en el 1800. Su colección de pinturas se extiende desde el siglo XIII hasta el XXI. Entre otras, hay obras de: Gustave Courbet, Georges de La Tour, Eugène Delacroix, Fragonard, Kandinsky, Ingres, Monet, Picasso, … El Palacio de Bellas Artes en el que se encuentra ubicado el museo fue inaugurado en el año 1900. Fue ideado por el arquitecto nantés Clément-Marie Josso.</rdfs:comment>
    <rdfs:comment xml:lang="it">Il Musée des beaux-arts de Nantes (Museo delle belle arti di Nantes) è un museo pubblico francese, fondato nel 1801, con una vasta collezione di pitture e sculture che spazia dalle opere dei primitivi italiani a quelle di artisti contemporanei.</rdfs:comment>
    <rdfs:comment xml:lang="ru">Музей изящных искусств (фр.  Musée des Beaux-Arts de Nantes) — художественный музей в Нанте, Франция. Является одним из пяти крупнейших региональных музеев страны. Основан в 1804 году. В коллекциях музея хранится большое количество скульптур и картин, охватывающих период с XII по конец XIX века. Первый этаж большей частью посвящен современному искусству Франции, с акцентом на творчество художников 1950—1960 годов.</rdfs:comment>
    <rdfs:comment xml:lang="ja">ナント美術館(Musée des Beaux-Arts de Nantes)は、フランスのナントにある美術館である。</rdfs:comment>
    <rdfs:comment xml:lang="de">Das Kunstmuseum Nantes (frz. Musée des beaux-arts de Nantes) ist ein französisches Museum in der Innenstadt von Nantes, Region Pays de la Loire. Es zeigt Kunst vom Dreizehnten Jahrhundert bis zur Gegenwart. Das Museum geht auf den sogenannten Chaptal-Erlass der Zeit Napoleon Bonapartes zurück und wurde zugleich mit 14 anderen Museen außerhalb von Paris 1801 in Leben gerufen. 1810 wurde die große Sammlung von Francois Cacault angekauft.</rdfs:comment>
    <foaf:name xml:lang="en">Fine Arts Museum of Nantes</foaf:name>
    <foaf:name xml:lang="en">Musée des Beaux-Arts de Nantes</foaf:name>
    <dbpedia-owl:thumbnail rdf:resource="http://upload.wikimedia.org/wikipedia/commons/thumb/0/07/Nantes-muséeBeauxArts.jpg/200px-Nantes-muséeBeauxArts.jpg" />
    <dbpedia-owl:type rdf:resource="http://dbpedia.org/resource/Fine_art" />
    <dbpedia-owl:wikiPageExternalLink rdf:resource="http://www.museedesbeauxarts.nantes.fr/" />
    <dbpprop:caption xml:lang="en">Musée des Beaux-Arts de Nantes</dbpprop:caption>
    <dbpprop:established rdf:datatype="http://www.w3.org/2001/XMLSchema#integer">1801</dbpprop:established>
    <dbpprop:imagesize rdf:datatype="http://www.w3.org/2001/XMLSchema#integer">180</dbpprop:imagesize>
    <dbpprop:latitude rdf:datatype="http://www.w3.org/2001/XMLSchema#double">47.2194</dbpprop:latitude>
    <dbpprop:location rdf:resource="http://dbpedia.org/resource/France" />
    <dbpprop:location rdf:resource="http://dbpedia.org/resource/Nantes" />
    <dbpprop:longitude rdf:datatype="http://www.w3.org/2001/XMLSchema#double">1.54715</dbpprop:longitude>
    <dbpprop:name xml:lang="en">Fine Arts Museum of Nantes</dbpprop:name>
    <dbpprop:nativeName xml:lang="en">Musée des Beaux-Arts de Nantes</dbpprop:nativeName>
    <dbpprop:nativeNameLang xml:lang="en">fr</dbpprop:nativeNameLang>
    <dbpprop:type rdf:resource="http://dbpedia.org/resource/Fine_art" />
    <dbpprop:website rdf:resource="http://www.museedesbeauxarts.nantes.fr/" />
    <foaf:homepage rdf:resource="http://www.museedesbeauxarts.nantes.fr/" />
    <geo:geometry rdf:datatype="http://www.openlinksw.com/schemas/virtrdf#Geometry">POINT(1.54715 47.2194)</geo:geometry>
    <foaf:isPrimaryTopicOf rdf:resource="http://en.wikipedia.org/wiki/Musée_des_Beaux-Arts_de_Nantes" />
    <geo:long rdf:datatype="http://www.w3.org/2001/XMLSchema#float">1.54715</geo:long>
    <geo:lat rdf:datatype="http://www.w3.org/2001/XMLSchema#float">47.2194</geo:lat>
    <ns8:wasDerivedFrom rdf:resource="http://en.wikipedia.org/wiki/Musée_des_Beaux-Arts_de_Nantes?oldid=540608067" />
    <grs:point xml:lang="en">47.219415 1.547152</grs:point>
    <dbpprop:hasPhotoCollection rdf:resource="http://wifo5-03.informatik.uni-mannheim.de/flickrwrappr/photos/Musée_des_Beaux-Arts_de_Nantes" />
  </rdf:Description>
  <rdf:Description rdf:about="http://dbpedia.org/resource/Musee_des_Beaux-Arts_de_Nantes">
    <dbpedia-owl:wikiPageRedirects rdf:resource="http://dbpedia.org/resource/Mus%C3%A9e_des_Beaux-Arts_de_Nantes" />
  </rdf:Description>
  <rdf:Description rdf:about="http://en.wikipedia.org/wiki/Musée_des_Beaux-Arts_de_Nantes">
    <foaf:primaryTopic rdf:resource="http://dbpedia.org/resource/Mus%C3%A9e_des_Beaux-Arts_de_Nantes" />
  </rdf:Description>
</rdf:RDF>
