<?xml version="1.0" encoding="utf-8" ?>
<rdf:RDF
	xmlns:rdf="http://www.w3.org/1999/02/22-rdf-syntax-ns#"
	xmlns:rdfs="http://www.w3.org/2000/01/rdf-schema#"
	xmlns:owl="http://www.w3.org/2002/07/owl#"
	xmlns:dcterms="http://purl.org/dc/terms/"
	xmlns:dbpedia-owl="http://dbpedia.org/ontology/"
	xmlns:foaf="http://xmlns.com/foaf/0.1/"
	xmlns:dbpprop="http://dbpedia.org/property/"
	xmlns:geo="http://www.w3.org/2003/01/geo/wgs84_pos#"
	xmlns:ns8="http://www.w3.org/ns/prov#"
	xmlns:grs="http://www.georss.org/georss/" >
  <rdf:Description rdf:about="http://dbpedia.org/resource/Musée_des_Beaux-Arts_de_Bordeaux">
    <owl:sameAs rdf:resource="http://dbpedia.org/resource/Mus%C3%A9e_des_Beaux-Arts_de_Bordeaux" />
  </rdf:Description>
  <rdf:Description rdf:about="http://dbpedia.org/resource/Mus%C3%A9e_des_Beaux-Arts_de_Bordeaux">
    <rdf:type rdf:resource="http://dbpedia.org/class/yago/PhysicalEntity100001930" />
    <rdf:type rdf:resource="http://dbpedia.org/class/yago/Museum103800563" />
    <rdf:type rdf:resource="http://dbpedia.org/class/yago/Artifact100021939" />
    <rdf:type rdf:resource="http://dbpedia.org/class/yago/Object100002684" />
    <rdf:type rdf:resource="http://www.opengis.net/gml/_Feature" />
    <rdf:type rdf:resource="http://dbpedia.org/class/yago/ArtMuseumsAndGalleriesInFrance" />
    <rdf:type rdf:resource="http://dbpedia.org/ontology/Building" />
    <rdf:type rdf:resource="http://dbpedia.org/ontology/ArchitecturalStructure" />
    <rdf:type rdf:resource="http://dbpedia.org/ontology/Place" />
    <rdf:type rdf:resource="http://dbpedia.org/class/yago/YagoPermanentlyLocatedEntity" />
    <rdf:type rdf:resource="http://www.w3.org/2002/07/owl#Thing" />
    <rdf:type rdf:resource="http://schema.org/Place" />
    <rdf:type rdf:resource="http://dbpedia.org/class/yago/Whole100003553" />
    <rdf:type rdf:resource="http://dbpedia.org/class/yago/Facility103315023" />
    <rdf:type rdf:resource="http://dbpedia.org/class/yago/Depository103177349" />
    <rdf:type rdf:resource="http://dbpedia.org/class/yago/YagoGeoEntity" />
    <rdf:type rdf:resource="http://schema.org/Museum" />
    <rdf:type rdf:resource="http://dbpedia.org/class/yago/ArtMuseumsEstablishedIn1801" />
    <rdf:type rdf:resource="http://dbpedia.org/class/yago/FRAMEMuseums" />
    <rdf:type rdf:resource="http://dbpedia.org/ontology/Museum" />
    <rdf:type rdf:resource="http://dbpedia.org/class/yago/MuseumsInBordeaux" />
    <owl:sameAs rdf:resource="http://dbpedia.org/resource/Mus%C3%A9e_des_Beaux-Arts_de_Bordeaux" />
    <owl:sameAs rdf:resource="http://www.wikidata.org/entity/Q954222" />
    <owl:sameAs rdf:resource="http://yago-knowledge.org/resource/Musée_des_Beaux-Arts_de_Bordeaux" />
    <owl:sameAs rdf:resource="http://fr.dbpedia.org/resource/Musée_des_beaux-arts_de_Bordeaux" />
    <owl:sameAs rdf:resource="http://it.dbpedia.org/resource/Musée_des_Beaux-Arts_(Bordeaux)" />
    <owl:sameAs rdf:resource="http://pt.dbpedia.org/resource/Museu_de_Belas_Artes_de_Bordéus" />
    <owl:sameAs rdf:resource="http://rdf.freebase.com/ns/m.09gpx1m" />
    <owl:sameAs rdf:resource="http://es.dbpedia.org/resource/Museo_de_Bellas_Artes_de_Burdeos" />
    <owl:sameAs rdf:resource="http://ja.dbpedia.org/resource/ボルドー美術館" />
    <dcterms:subject rdf:resource="http://dbpedia.org/resource/Category:Museums_in_Bordeaux" />
    <dcterms:subject rdf:resource="http://dbpedia.org/resource/Category:Art_museums_established_in_1801" />
    <dcterms:subject rdf:resource="http://dbpedia.org/resource/Category:1801_establishments_in_France" />
    <dcterms:subject rdf:resource="http://dbpedia.org/resource/Category:Art_museums_and_galleries_in_France" />
    <dcterms:subject rdf:resource="http://dbpedia.org/resource/Category:FRAME_Museums" />
    <dbpedia-owl:abstract xml:lang="ja">ボルドー美術館(Musée des Beaux-Arts de Bordeaux)は、フランスのボルドーにある美術館である。ボルドー市庁舎の隣に位置する。</dbpedia-owl:abstract>
    <dbpedia-owl:abstract xml:lang="fr">Le musée des Beaux-Arts de Bordeaux est créé officiellement par l&#39;arrêté consulaire du 31 août 1801, à la suite de l&#39;arrêté Chaptal qui propose la répartition des œuvres du Museum Central dans quinze grandes villes de province. Il doit aussi sa naissance à la vocation d&#39;un peintre, et à sa ténacité, Lacour père, qui en est le fondateur et le premier conservateur. En 1803, le sénateur de Bordeaux Bernard Journu-Auber, qui participe à la commission d’attribution, permet l’arrivée de 29 peintures au musée.</dbpedia-owl:abstract>
    <dbpedia-owl:abstract xml:lang="en">The Musée des Beaux-Arts de Bordeaux is the fine arts museum of the city of Bordeaux, France. Established in 1801 it is one of the largest art galleries of France outside Paris. The museum is housed in a dependency of the Palais Rohan in central Bordeaux. Its collections regroup paintings, sculptures and drawings. The painting collection is the largest one and its strong points are works by French and Dutch painters.</dbpedia-owl:abstract>
    <dbpedia-owl:abstract xml:lang="pt">O Museu de Belas Artes é um museu localizado na cidade de Bordeaux, na França. Foi fundado em 3 de agosto de 1801, pela iniciativa do pintor francês Pierre Lacour.</dbpedia-owl:abstract>
    <dbpedia-owl:abstract xml:lang="it">Il Musée des Beaux-Arts ("Museo di Belle Arti") di Bordeaux si trova all&#39;interno del complesso del Palais Rohan, nel centro della città, ed è una delle maggiori gallerie di Francia fuori Parigi. Fu creato dopo il decreto consolare del 31 agosto 1801, che fece seguito al rapporto di Chaptal, con la proposta di ripartire le opere del Museo Centrale tra 15 grandi città di provincia. La nascita del museo fu inoltre merito della tenacia del pittore Pierre Lacour (1745-1814), che ne fu il fondatore e primo conservatore. Il senatore bordolese Bernard Journu-Auber, membro della commissione di attribuzione delle opere conservate a Parigi, permise l&#39;arrivo di 20 dipinti al museo nel 1803.</dbpedia-owl:abstract>
    <dbpedia-owl:abstract xml:lang="es">El Museo de Bellas Artes de Burdeos (Musée des beaux-arts de Bordeaux) se encuentra dentro del complejo del Palacio Rohan, en el centro de la ciudad, y es una de las mayores galerías de Francia fuera de París. Fue creado después del decreto de 31 de agosto de 1801, que fue seguido el Decreto Chaptal, con la propuesta de repartir las obras del Museo Central en 15 grandes ciudades de la provincia. El nacimiento del museo fue también gracias a la perseverancia del pintor Pierre Lacour (1745-1814), quien fue su fundador y primer director.</dbpedia-owl:abstract>
    <dbpedia-owl:wikiPageID rdf:datatype="http://www.w3.org/2001/XMLSchema#integer">25189014</dbpedia-owl:wikiPageID>
    <dbpedia-owl:wikiPageRevisionID rdf:datatype="http://www.w3.org/2001/XMLSchema#integer">546753805</dbpedia-owl:wikiPageRevisionID>
    <rdfs:label xml:lang="ja">ボルドー美術館</rdfs:label>
    <rdfs:label xml:lang="en">Musée des Beaux-Arts de Bordeaux</rdfs:label>
    <rdfs:label xml:lang="es">Museo de Bellas Artes de Burdeos</rdfs:label>
    <rdfs:label xml:lang="pt">Museu de Belas Artes de Bordéus</rdfs:label>
    <rdfs:label xml:lang="fr">Musée des beaux-arts de Bordeaux</rdfs:label>
    <rdfs:label xml:lang="it">Musée des Beaux-Arts (Bordeaux)</rdfs:label>
    <foaf:depiction rdf:resource="http://upload.wikimedia.org/wikipedia/commons/c/cd/Beaux_arts_bordeaux.jpg" />
    <rdfs:comment xml:lang="it">Il Musée des Beaux-Arts ("Museo di Belle Arti") di Bordeaux si trova all&#39;interno del complesso del Palais Rohan, nel centro della città, ed è una delle maggiori gallerie di Francia fuori Parigi. Fu creato dopo il decreto consolare del 31 agosto 1801, che fece seguito al rapporto di Chaptal, con la proposta di ripartire le opere del Museo Centrale tra 15 grandi città di provincia.</rdfs:comment>
    <rdfs:comment xml:lang="es">El Museo de Bellas Artes de Burdeos (Musée des beaux-arts de Bordeaux) se encuentra dentro del complejo del Palacio Rohan, en el centro de la ciudad, y es una de las mayores galerías de Francia fuera de París. Fue creado después del decreto de 31 de agosto de 1801, que fue seguido el Decreto Chaptal, con la propuesta de repartir las obras del Museo Central en 15 grandes ciudades de la provincia.</rdfs:comment>
    <rdfs:comment xml:lang="en">The Musée des Beaux-Arts de Bordeaux is the fine arts museum of the city of Bordeaux, France. Established in 1801 it is one of the largest art galleries of France outside Paris. The museum is housed in a dependency of the Palais Rohan in central Bordeaux. Its collections regroup paintings, sculptures and drawings. The painting collection is the largest one and its strong points are works by French and Dutch painters.</rdfs:comment>
    <rdfs:comment xml:lang="fr">Le musée des Beaux-Arts de Bordeaux est créé officiellement par l&#39;arrêté consulaire du 31 août 1801, à la suite de l&#39;arrêté Chaptal qui propose la répartition des œuvres du Museum Central dans quinze grandes villes de province. Il doit aussi sa naissance à la vocation d&#39;un peintre, et à sa ténacité, Lacour père, qui en est le fondateur et le premier conservateur.</rdfs:comment>
    <rdfs:comment xml:lang="ja">ボルドー美術館(Musée des Beaux-Arts de Bordeaux)は、フランスのボルドーにある美術館である。ボルドー市庁舎の隣に位置する。</rdfs:comment>
    <rdfs:comment xml:lang="pt">O Museu de Belas Artes é um museu localizado na cidade de Bordeaux, na França. Foi fundado em 3 de agosto de 1801, pela iniciativa do pintor francês Pierre Lacour.</rdfs:comment>
    <dbpedia-owl:thumbnail rdf:resource="http://upload.wikimedia.org/wikipedia/commons/thumb/c/cd/Beaux_arts_bordeaux.jpg/200px-Beaux_arts_bordeaux.jpg" />
    <dbpedia-owl:wikiPageExternalLink rdf:resource="http://www.musba-bordeaux.fr/en" />
    <foaf:homepage rdf:resource="http://www.musba-bordeaux.fr/en" />
    <geo:geometry rdf:datatype="http://www.openlinksw.com/schemas/virtrdf#Geometry">POINT(-0.581 44.8374)</geo:geometry>
    <foaf:isPrimaryTopicOf rdf:resource="http://en.wikipedia.org/wiki/Musée_des_Beaux-Arts_de_Bordeaux" />
    <geo:long rdf:datatype="http://www.w3.org/2001/XMLSchema#float">-0.581</geo:long>
    <geo:lat rdf:datatype="http://www.w3.org/2001/XMLSchema#float">44.8374</geo:lat>
    <ns8:wasDerivedFrom rdf:resource="http://en.wikipedia.org/wiki/Musée_des_Beaux-Arts_de_Bordeaux?oldid=546753805" />
    <grs:point xml:lang="en">44.8374 -0.581</grs:point>
    <dbpprop:hasPhotoCollection rdf:resource="http://wifo5-03.informatik.uni-mannheim.de/flickrwrappr/photos/Musée_des_Beaux-Arts_de_Bordeaux" />
  </rdf:Description>
  <rdf:Description rdf:about="http://dbpedia.org/resource/Greece_on_the_Ruins_of_Missolonghi">
    <dbpedia-owl:museum rdf:resource="http://dbpedia.org/resource/Mus%C3%A9e_des_Beaux-Arts_de_Bordeaux" />
    <dbpprop:museum rdf:resource="http://dbpedia.org/resource/Mus%C3%A9e_des_Beaux-Arts_de_Bordeaux" />
  </rdf:Description>
  <rdf:Description rdf:about="http://dbpedia.org/resource/Mus%C3%A9e_des_beaux-arts_de_Bordeaux">
    <dbpedia-owl:wikiPageRedirects rdf:resource="http://dbpedia.org/resource/Mus%C3%A9e_des_Beaux-Arts_de_Bordeaux" />
  </rdf:Description>
  <rdf:Description rdf:about="http://dbpedia.org/resource/Musee_des_Beaux-Arts_de_Bordeaux">
    <dbpedia-owl:wikiPageRedirects rdf:resource="http://dbpedia.org/resource/Mus%C3%A9e_des_Beaux-Arts_de_Bordeaux" />
  </rdf:Description>
  <rdf:Description rdf:about="http://en.wikipedia.org/wiki/Musée_des_Beaux-Arts_de_Bordeaux">
    <foaf:primaryTopic rdf:resource="http://dbpedia.org/resource/Mus%C3%A9e_des_Beaux-Arts_de_Bordeaux" />
  </rdf:Description>
</rdf:RDF>
