<?xml version="1.0" encoding="utf-8" ?>
<rdf:RDF
	xmlns:rdf="http://www.w3.org/1999/02/22-rdf-syntax-ns#"
	xmlns:rdfs="http://www.w3.org/2000/01/rdf-schema#"
	xmlns:owl="http://www.w3.org/2002/07/owl#"
	xmlns:dcterms="http://purl.org/dc/terms/"
	xmlns:dbpedia-owl="http://dbpedia.org/ontology/"
	xmlns:foaf="http://xmlns.com/foaf/0.1/"
	xmlns:dbpprop="http://dbpedia.org/property/"
	xmlns:geo="http://www.w3.org/2003/01/geo/wgs84_pos#"
	xmlns:ns8="http://www.w3.org/ns/prov#"
	xmlns:grs="http://www.georss.org/georss/" >
  <rdf:Description rdf:about="http://dbpedia.org/resource/Edward_Durell_Stone">
    <dbpedia-owl:significantBuilding rdf:resource="http://dbpedia.org/resource/Museum_of_Modern_Art" />
    <dbpprop:significantBuildings rdf:resource="http://dbpedia.org/resource/Museum_of_Modern_Art" />
  </rdf:Description>
  <rdf:Description rdf:about="http://dbpedia.org/resource/The_Sleeping_Gypsy">
    <dbpedia-owl:museum rdf:resource="http://dbpedia.org/resource/Museum_of_Modern_Art" />
    <dbpprop:museum rdf:resource="http://dbpedia.org/resource/Museum_of_Modern_Art" />
  </rdf:Description>
  <rdf:Description rdf:about="http://dbpedia.org/resource/The_Museum_of_Modern_Art">
    <dbpedia-owl:wikiPageRedirects rdf:resource="http://dbpedia.org/resource/Museum_of_Modern_Art" />
  </rdf:Description>
  <rdf:Description rdf:about="http://es.dbpedia.org/resource/Museo_de_Arte_Moderno_de_Nueva_York">
    <owl:sameAs rdf:resource="http://dbpedia.org/resource/Museum_of_Modern_Art" />
  </rdf:Description>
  <rdf:Description rdf:about="http://ja.dbpedia.org/resource/ニューヨーク近代美術館">
    <owl:sameAs rdf:resource="http://dbpedia.org/resource/Museum_of_Modern_Art" />
  </rdf:Description>
  <rdf:Description rdf:about="http://pl.dbpedia.org/resource/Museum_of_Modern_Art">
    <owl:sameAs rdf:resource="http://dbpedia.org/resource/Museum_of_Modern_Art" />
  </rdf:Description>
  <rdf:Description rdf:about="http://pt.dbpedia.org/resource/Museu_de_Arte_Moderna_(Nova_Iorque)">
    <owl:sameAs rdf:resource="http://dbpedia.org/resource/Museum_of_Modern_Art" />
  </rdf:Description>
  <rdf:Description rdf:about="http://de.dbpedia.org/resource/Museum_of_Modern_Art">
    <owl:sameAs rdf:resource="http://dbpedia.org/resource/Museum_of_Modern_Art" />
  </rdf:Description>
  <rdf:Description rdf:about="http://el.dbpedia.org/resource/Μουσείο_Μοντέρνας_Τέχνης_(Νέα_Υόρκη)">
    <owl:sameAs rdf:resource="http://dbpedia.org/resource/Museum_of_Modern_Art" />
  </rdf:Description>
  <rdf:Description rdf:about="http://fr.dbpedia.org/resource/Museum_of_Modern_Art">
    <owl:sameAs rdf:resource="http://dbpedia.org/resource/Museum_of_Modern_Art" />
  </rdf:Description>
  <rdf:Description rdf:about="http://ko.dbpedia.org/resource/뉴욕_현대_미술관">
    <owl:sameAs rdf:resource="http://dbpedia.org/resource/Museum_of_Modern_Art" />
  </rdf:Description>
  <rdf:Description rdf:about="http://dbpedia.org/resource/Museum_of_Modern_Art_in_New_York">
    <dbpedia-owl:wikiPageRedirects rdf:resource="http://dbpedia.org/resource/Museum_of_Modern_Art" />
  </rdf:Description>
  <rdf:Description rdf:about="http://dbpedia.org/resource/Fred_Kabotie">
    <dbpprop:patrons rdf:resource="http://dbpedia.org/resource/Museum_of_Modern_Art" />
  </rdf:Description>
  <rdf:Description rdf:about="http://dbpedia.org/resource/Still_Life_with_Old_Shoe">
    <dbpedia-owl:museum rdf:resource="http://dbpedia.org/resource/Museum_of_Modern_Art" />
    <dbpprop:museum rdf:resource="http://dbpedia.org/resource/Museum_of_Modern_Art" />
  </rdf:Description>
  <rdf:Description rdf:about="http://dbpedia.org/resource/The_Menaced_Assassin">
    <dbpedia-owl:museum rdf:resource="http://dbpedia.org/resource/Museum_of_Modern_Art" />
    <dbpprop:museum rdf:resource="http://dbpedia.org/resource/Museum_of_Modern_Art" />
  </rdf:Description>
  <rdf:Description rdf:about="http://dbpedia.org/resource/Girl_with_Ball">
    <dbpedia-owl:museum rdf:resource="http://dbpedia.org/resource/Museum_of_Modern_Art" />
    <dbpprop:museum rdf:resource="http://dbpedia.org/resource/Museum_of_Modern_Art" />
  </rdf:Description>
  <rdf:Description rdf:about="http://data.nytimes.com/56319118856826334362">
    <owl:sameAs rdf:resource="http://dbpedia.org/resource/Museum_of_Modern_Art" />
  </rdf:Description>
  <rdf:Description rdf:about="http://dbpedia.org/resource/Divisionism">
    <dbpedia-owl:museum rdf:resource="http://dbpedia.org/resource/Museum_of_Modern_Art" />
    <dbpprop:museum rdf:resource="http://dbpedia.org/resource/Museum_of_Modern_Art" />
  </rdf:Description>
  <rdf:Description rdf:about="http://dbpedia.org/resource/Painting_(1946)">
    <dbpedia-owl:museum rdf:resource="http://dbpedia.org/resource/Museum_of_Modern_Art" />
    <dbpprop:museum rdf:resource="http://dbpedia.org/resource/Museum_of_Modern_Art" />
  </rdf:Description>
  <rdf:Description rdf:about="http://dbpedia.org/resource/Mary_Quinn_Sullivan">
    <dbpedia-owl:knownFor rdf:resource="http://dbpedia.org/resource/Museum_of_Modern_Art" />
  </rdf:Description>
  <rdf:Description rdf:about="http://dbpedia.org/resource/Piano_Lesson_(painting)">
    <dbpedia-owl:museum rdf:resource="http://dbpedia.org/resource/Museum_of_Modern_Art" />
    <dbpprop:museum rdf:resource="http://dbpedia.org/resource/Museum_of_Modern_Art" />
  </rdf:Description>
  <rdf:Description rdf:about="http://ru.dbpedia.org/resource/Нью-Йоркский_музей_современного_искусства">
    <owl:sameAs rdf:resource="http://dbpedia.org/resource/Museum_of_Modern_Art" />
  </rdf:Description>
  <rdf:Description rdf:about="http://dbpedia.org/resource/Museum_of_Modern_Art">
    <rdf:type rdf:resource="http://dbpedia.org/class/yago/Artifact100021939" />
    <rdf:type rdf:resource="http://dbpedia.org/class/yago/YagoGeoEntity" />
    <rdf:type rdf:resource="http://dbpedia.org/class/yago/ArtMuseumsEstablishedIn1929" />
    <rdf:type rdf:resource="http://dbpedia.org/class/yago/MuseumsInManhattan" />
    <rdf:type rdf:resource="http://www.opengis.net/gml/_Feature" />
    <rdf:type rdf:resource="http://www.w3.org/2002/07/owl#Thing" />
    <rdf:type rdf:resource="http://dbpedia.org/class/yago/YagoPermanentlyLocatedEntity" />
    <rdf:type rdf:resource="http://dbpedia.org/class/yago/PhysicalEntity100001930" />
    <rdf:type rdf:resource="http://dbpedia.org/class/yago/Object100002684" />
    <rdf:type rdf:resource="http://dbpedia.org/class/yago/Whole100003553" />
    <rdf:type rdf:resource="http://dbpedia.org/class/yago/Museum103800563" />
    <rdf:type rdf:resource="http://dbpedia.org/ontology/ArchitecturalStructure" />
    <rdf:type rdf:resource="http://dbpedia.org/ontology/Place" />
    <rdf:type rdf:resource="http://dbpedia.org/class/yago/Facility103315023" />
    <rdf:type rdf:resource="http://dbpedia.org/class/yago/Depository103177349" />
    <rdf:type rdf:resource="http://dbpedia.org/class/yago/ModernArtMuseumsInTheUnitedStates" />
    <rdf:type rdf:resource="http://dbpedia.org/ontology/Building" />
    <rdf:type rdf:resource="http://dbpedia.org/class/yago/ArtMuseumsInNewYork" />
    <rdf:type rdf:resource="http://dbpedia.org/ontology/Museum" />
    <rdf:type rdf:resource="http://dbpedia.org/class/yago/MuseumsOfAmericanArt" />
    <rdf:type rdf:resource="http://schema.org/Place" />
    <rdf:type rdf:resource="http://schema.org/Museum" />
    <owl:sameAs rdf:resource="http://ro.dbpedia.org/resource/Muzeul_de_Artă_Modernă" />
    <owl:sameAs rdf:resource="http://ja.dbpedia.org/resource/ニューヨーク近代美術館" />
    <owl:sameAs rdf:resource="http://vi.dbpedia.org/resource/Museum_of_Modern_Art" />
    <owl:sameAs rdf:resource="http://bg.dbpedia.org/resource/Музей_на_модерното_изкуство" />
    <owl:sameAs rdf:resource="http://sr.dbpedia.org/resource/Музеј_модерне_уметности_у_Њујорку" />
    <owl:sameAs rdf:resource="http://fr.dbpedia.org/resource/Museum_of_Modern_Art" />
    <owl:sameAs rdf:resource="http://id.dbpedia.org/resource/Museum_of_Modern_Art" />
    <owl:sameAs rdf:resource="http://ca.dbpedia.org/resource/Museu_d&#39;Art_Modern_de_Nova_York" />
    <owl:sameAs rdf:resource="http://es.dbpedia.org/resource/Museo_de_Arte_Moderno_de_Nueva_York" />
    <owl:sameAs rdf:resource="http://uk.dbpedia.org/resource/Музей_сучасного_мистецтва_(Нью-Йорк)" />
    <owl:sameAs rdf:resource="http://de.dbpedia.org/resource/Museum_of_Modern_Art" />
    <owl:sameAs rdf:resource="http://is.dbpedia.org/resource/Museum_of_Modern_Art" />
    <owl:sameAs rdf:resource="http://fi.dbpedia.org/resource/Museum_of_Modern_Art" />
    <owl:sameAs rdf:resource="http://simple.dbpedia.org/resource/Museum_of_Modern_Art" />
    <owl:sameAs rdf:resource="http://ka.dbpedia.org/resource/თანამედროვე_ხელოვნების_მუზეუმი_(ნიუ-იორკი)" />
    <owl:sameAs rdf:resource="http://als.dbpedia.org/resource/Museum_of_Modern_Art" />
    <owl:sameAs rdf:resource="http://ar.dbpedia.org/resource/متحف_الفن_الحديث_(نيويورك)" />
    <owl:sameAs rdf:resource="http://it.dbpedia.org/resource/Museum_of_Modern_Art" />
    <owl:sameAs rdf:resource="http://th.dbpedia.org/resource/พิพิธภัณฑ์ศิลปะสมัยใหม่" />
    <owl:sameAs rdf:resource="http://ru.dbpedia.org/resource/Нью-Йоркский_музей_современного_искусства" />
    <owl:sameAs rdf:resource="http://da.dbpedia.org/resource/Museum_of_Modern_Art" />
    <owl:sameAs rdf:resource="http://he.dbpedia.org/resource/המוזיאון_לאמנות_מודרנית" />
    <owl:sameAs rdf:resource="http://yago-knowledge.org/resource/Museum_of_Modern_Art" />
    <owl:sameAs rdf:resource="http://et.dbpedia.org/resource/New_Yorgi_moodsa_kunsti_muuseum" />
    <owl:sameAs rdf:resource="http://cs.dbpedia.org/resource/Muzeum_moderního_umění" />
    <owl:sameAs rdf:resource="http://pnb.dbpedia.org/resource/میوزیم_آف_موڈرن_آرٹ" />
    <owl:sameAs rdf:resource="http://dbpedia.org/resource/Museum_of_Modern_Art" />
    <owl:sameAs rdf:resource="http://rdf.freebase.com/ns/m.0hhjk" />
    <owl:sameAs rdf:resource="http://zh.dbpedia.org/resource/現代藝術博物館" />
    <owl:sameAs rdf:resource="http://eu.dbpedia.org/resource/New_Yorkeko_Arte_Modernoaren_Museoa" />
    <owl:sameAs rdf:resource="http://tr.dbpedia.org/resource/Museum_of_Modern_Art" />
    <owl:sameAs rdf:resource="http://hr.dbpedia.org/resource/MoMA" />
    <owl:sameAs rdf:resource="http://el.dbpedia.org/resource/Μουσείο_Μοντέρνας_Τέχνης_(Νέα_Υόρκη)" />
    <owl:sameAs rdf:resource="http://pl.dbpedia.org/resource/Museum_of_Modern_Art" />
    <owl:sameAs rdf:resource="http://no.dbpedia.org/resource/Museum_of_Modern_Art" />
    <owl:sameAs rdf:resource="http://sv.dbpedia.org/resource/Museum_of_Modern_Art" />
    <owl:sameAs rdf:resource="http://eo.dbpedia.org/resource/Muzeo_de_Moderna_Arto_de_Novjorko" />
    <owl:sameAs rdf:resource="http://sws.geonames.org/5128211/" />
    <owl:sameAs rdf:resource="http://mzn.dbpedia.org/resource/مدرن_هنر_موزه" />
    <owl:sameAs rdf:resource="http://bs.dbpedia.org/resource/Muzej_moderne_umjetnosti_(New_York)" />
    <owl:sameAs rdf:resource="http://pt.dbpedia.org/resource/Museu_de_Arte_Moderna_(Nova_Iorque)" />
    <owl:sameAs rdf:resource="http://ko.dbpedia.org/resource/뉴욕_현대_미술관" />
    <owl:sameAs rdf:resource="http://nl.dbpedia.org/resource/Museum_of_Modern_Art" />
    <owl:sameAs rdf:resource="http://www.wikidata.org/entity/Q188740" />
    <owl:sameAs rdf:resource="http://gl.dbpedia.org/resource/Museo_de_Arte_Moderna_(Nova_York)" />
    <owl:sameAs rdf:resource="http://fa.dbpedia.org/resource/موزه_هنر_مدرن" />
    <dcterms:subject rdf:resource="http://dbpedia.org/resource/Category:Edward_Durell_Stone_buildings" />
    <dcterms:subject rdf:resource="http://dbpedia.org/resource/Category:Modern_art_museums_in_the_United_States" />
    <dcterms:subject rdf:resource="http://dbpedia.org/resource/Category:Modernist_architecture_in_New_York" />
    <dcterms:subject rdf:resource="http://dbpedia.org/resource/Category:1929_establishments_in_the_United_States" />
    <dcterms:subject rdf:resource="http://dbpedia.org/resource/Category:Art_museums_established_in_1929" />
    <dcterms:subject rdf:resource="http://dbpedia.org/resource/Category:Museum_of_Modern_Art" />
    <dcterms:subject rdf:resource="http://dbpedia.org/resource/Category:Buildings_and_structures_completed_in_2004" />
    <dcterms:subject rdf:resource="http://dbpedia.org/resource/Category:Philip_Johnson_buildings" />
    <dcterms:subject rdf:resource="http://dbpedia.org/resource/Category:Institutions_founded_by_the_Rockefeller_family" />
    <dcterms:subject rdf:resource="http://dbpedia.org/resource/Category:Art_museums_in_New_York_City" />
    <dcterms:subject rdf:resource="http://dbpedia.org/resource/Category:Buildings_and_structures_completed_in_1929" />
    <dcterms:subject rdf:resource="http://dbpedia.org/resource/Category:Museums_of_American_art" />
    <dcterms:subject rdf:resource="http://dbpedia.org/resource/Category:Midtown_Manhattan" />
    <dcterms:subject rdf:resource="http://dbpedia.org/resource/Category:Kohn_Pedersen_Fox_buildings" />
    <dcterms:subject rdf:resource="http://dbpedia.org/resource/Category:Museums_in_Manhattan" />
    <dbpedia-owl:abstract xml:lang="ru">Музей современного искусства на Манхеттене в Нью-Йорке (Museum of Modern Art, сокращенно MoMA) — один из первых и наиболее представительных музеев современного искусства в мире, послуживший эталоном для многих других собраний подобного рода.</dbpedia-owl:abstract>
    <dbpedia-owl:abstract xml:lang="pl">Museum of Modern Art (MoMA) – muzeum sztuki nowoczesnej mieszczące się na Manhattanie w Nowym Jorku (na 53rd Street, pomiędzy Fifth Avenue a Sixth Avenue). Ekspozycje prac ze zbiorów Muzeum oraz wystawy czasowe (indywidualne i tematyczne) prezentujące malarstwo, rysunek, grafikę, rzeźbę, fotografię, film, video, instalacje, nowe media. Biblioteka MoMA zawiera ponad trzystutysięczny katalog książek dotyczących przede wszystkim historii sztuki nowoczesnej.</dbpedia-owl:abstract>
    <dbpedia-owl:abstract xml:lang="pt">O Museu de Arte Moderna (Museum of Modern Art), mais conhecido como MoMA, é um museu da cidade de Nova Iorque, fundado no ano de 1929 como uma instituição educacional. Atualmente é um dos mais famosos e importantes museus de arte moderna do Mundo.</dbpedia-owl:abstract>
    <dbpedia-owl:abstract xml:lang="fr">Le Museum of Modern Art (MoMA) est un musée d&#39;art moderne et contemporain inauguré en 1929 et aujourd&#39;hui situé dans le quartier de Midtown Manhattan dans la ville de New York, aux États-Unis. Abby Aldrich Rockefeller et deux de ses amies Lillie P. Bliss et Mary Quinn Sullivan, mécènes influentes et progressistes, perçoivent la nécessité de contester les politiques conservatrices des musées traditionnels aux États-Unis. Elles décident de créer une institution vouée exclusivement à l&#39;art moderne qui aura pour rôle de conserver des œuvres connues mais d&#39;ouvrir également ses portes à de jeunes artistes. Inauguré en 1929, le musée accueillait plus de 3 millions de visiteurs en 2010, ce qui en fait la troisième institution la plus visitée aux États-Unis après le Metropolitan Museum of Art et la National Gallery of Art. L&#39;institution conserve l&#39;une des plus importantes collections d&#39;art moderne et contemporain au monde avec celle du Centre Georges Pompidou et de la Tate Modern. Le MoMA a été l&#39;un des premiers musées d&#39;art au monde à se doter, en 1940, d&#39;un département spécifique consacré à la photographie, fondé par Beaumont Newhall, et cela a fortement contribué à la reconnaissance de celle-ci comme un art à part entière et a eu une grande influence dans l&#39;acceptation de la photographie par d&#39;autres musées à travers le monde. Le P.S. 1 Contemporary Art Center, situé dans le quartier du Queens est affilié au MoMA depuis 2000.</dbpedia-owl:abstract>
    <dbpedia-owl:abstract xml:lang="it">Il Museum of Modern Art (MoMA) è un importante museo che si trova a Midtown Manhattan a New York, sulla 53ª strada, tra la Quinta e la Sesta Avenue. Ha avuto una straordinaria importanza per lo sviluppo e dell&#39;arte moderna ed è stato spesso considerato il principale museo d&#39;arte moderna del mondo. La collezione del museo propone un&#39;incomparabile visione d&#39;insieme dell&#39;arte moderna e contemporanea mondiale, poiché ospita progetti d&#39;architettura e oggetti di design, disegni, dipinti, sculture, fotografie, serigrafie, illustrazioni, film e opere multimediali. La biblioteca e gli archivi del MoMA raccolgono oltre 300.000 libri e periodici, oltre alle schede personali di più di 70.000 artisti.</dbpedia-owl:abstract>
    <dbpedia-owl:abstract xml:lang="en">The Museum of Modern Art (MoMA) is an art museum in Midtown Manhattan in New York City, on 53rd Street, between Fifth and Sixth Avenues. It has been important in developing and collecting modernist art, and is often identified as the most influential museum of modern art in the world. The museum&#39;s collection offers an overview of modern and contemporary art, including works of architecture and design, drawings, painting, sculpture, photography, prints, illustrated books and artist&#39;s books, film, and electronic media. MoMA&#39;s library and archives hold over 300,000 books, artist books, and periodicals, as well as individual files on more than 70,000 artists. The archives contain primary source material related to the history of modern and contemporary art. It also houses a restaurant, The Modern, run by Alsace-born chef Gabriel Kreuther.</dbpedia-owl:abstract>
    <dbpedia-owl:abstract xml:lang="nl">Het Museum of Modern Art (MoMA) is gevestigd in Manhattan in New York en is een van de meest toonaangevende musea voor moderne en hedendaagse kunst ter wereld. De collectie bestaat uit schilderkunst van de 20e eeuw en beeldhouwkunst van de 20e eeuw, films en foto&#39;s en een uitgebreide collectie boeken. Het MoMA ligt in de buurt van het Metropolitan Museum of Art, dat een aanzienlijk breder kunstspectrum tentoonstelt.</dbpedia-owl:abstract>
    <dbpedia-owl:abstract xml:lang="zh">现代艺术博物馆（英語：Museum of Modern Art，常簡稱為MoMA）是一所在纽约市的曼哈顿中城的博物館，也是世界上最杰出的现代艺术收藏之一。位於曼哈頓第53街（在第五和第六大道之間），此博物館經常與大都會博物館相提並論，雖館藏少於前者，但在現代藝術的領域裡，該館擁有較多重要的收藏。</dbpedia-owl:abstract>
    <dbpedia-owl:abstract xml:lang="de">Das Museum of Modern Art (MoMA) ist eine der weltweit bedeutendsten und einflussreichsten Sammlungen moderner und zeitgenössischer Kunst. Das Museum liegt im Bezirk Midtown des New Yorker Stadtteils Manhattan auf der 53 Street zwischen der Fifth und Sixth Avenue. Die Sammlung umfasst Werke der Architektur und des Design, Zeichnungen, Gemälde, Skulpturen, Photographien, Drucke, Illustrationen, Filme und Elektronische Medien. Zudem gehört eine 300.000 Bände umfassende Bibliothek zum Museum of Modern Art.</dbpedia-owl:abstract>
    <dbpedia-owl:abstract xml:lang="ja">ニューヨーク近代美術館（The Museum of Modern Art, New York）は、アメリカ合衆国ニューヨーク市にある、近現代美術専門の美術館である。 マンハッタンのミッドタウン53丁目に位置し、1920年代から「ザ・モダン」と呼ばれたモダンアートの殿堂。 英文館名の頭文字をとって「MoMA（モマ）」と呼ばれて親しまれるニューヨーク近代美術館は、20世紀以降の現代美術の発展と普及に多大な貢献をしてきた。 また分館として、2002年から2004年にかけてマンハッタンの本館が工事中のときに利用されていた施設をそのまま利用したクイーンズ分館 (MoMA QNS) と、より現代的・実験的な作品を展示する美術館であるP.S.1がある。</dbpedia-owl:abstract>
    <dbpedia-owl:abstract xml:lang="es">El Museo de Arte Moderno de Nueva York (llamado también MoMA, siglas en inglés de Museum of Modern Art) es un museo de arte situado en Manhattan en el 11 West con la calle 53 de Nueva York. El Museo de Arte Moderno de Nueva York abrió sus puertas al público el 7 de noviembre de 1929, y fue fundado por los filántropos estadounidenses Lillie P. Bliss, Mary Quinn Sullivan y Abby Aldrich Rockefeller para "ayudar a la gente a entender, utilizar y disfrutar de las artes visuales de nuestro tiempo". Es uno de los mejores museos de arte moderno del mundo.</dbpedia-owl:abstract>
    <dbpedia-owl:abstract xml:lang="sv">Museum of Modern Art, MoMA, är ett konstmuseum beläget på Manhattan i New York. Det invigdes 1929.</dbpedia-owl:abstract>
    <dbpedia-owl:director rdf:resource="http://dbpedia.org/resource/Glenn_D._Lowry" />
    <dbpedia-owl:foundingDate rdf:datatype="http://www.w3.org/2001/XMLSchema#date">1929-11-07</dbpedia-owl:foundingDate>
    <dbpedia-owl:location rdf:resource="http://dbpedia.org/resource/New_York" />
    <dbpedia-owl:location rdf:resource="http://dbpedia.org/resource/53rd_Street_(Manhattan)" />
    <dbpedia-owl:location rdf:resource="http://dbpedia.org/resource/New_York_City" />
    <dbpedia-owl:numberOfVisitors rdf:datatype="http://www.w3.org/2001/XMLSchema#integer">2500000</dbpedia-owl:numberOfVisitors>
    <dbpedia-owl:wikiPageID rdf:datatype="http://www.w3.org/2001/XMLSchema#integer">66107</dbpedia-owl:wikiPageID>
    <dbpedia-owl:wikiPageRevisionID rdf:datatype="http://www.w3.org/2001/XMLSchema#integer">544553310</dbpedia-owl:wikiPageRevisionID>
    <rdfs:label xml:lang="es">Museo de Arte Moderno de Nueva York</rdfs:label>
    <rdfs:label xml:lang="ru">Нью-Йоркский музей современного искусства</rdfs:label>
    <rdfs:label xml:lang="ja">ニューヨーク近代美術館</rdfs:label>
    <rdfs:label xml:lang="it">Museum of Modern Art</rdfs:label>
    <rdfs:label xml:lang="de">Museum of Modern Art</rdfs:label>
    <rdfs:label xml:lang="fr">Museum of Modern Art</rdfs:label>
    <rdfs:label xml:lang="nl">Museum of Modern Art</rdfs:label>
    <rdfs:label xml:lang="pl">Museum of Modern Art</rdfs:label>
    <rdfs:label xml:lang="sv">Museum of Modern Art</rdfs:label>
    <rdfs:label xml:lang="en">Museum of Modern Art</rdfs:label>
    <rdfs:label xml:lang="zh">現代藝術博物館</rdfs:label>
    <rdfs:label xml:lang="pt">Museu de Arte Moderna (Nova Iorque)</rdfs:label>
    <foaf:depiction rdf:resource="http://upload.wikimedia.org/wikipedia/commons/8/8b/MoMa_NY_USA_1.jpg" />
    <rdfs:comment xml:lang="ja">ニューヨーク近代美術館（The Museum of Modern Art, New York）は、アメリカ合衆国ニューヨーク市にある、近現代美術専門の美術館である。 マンハッタンのミッドタウン53丁目に位置し、1920年代から「ザ・モダン」と呼ばれたモダンアートの殿堂。 英文館名の頭文字をとって「MoMA（モマ）」と呼ばれて親しまれるニューヨーク近代美術館は、20世紀以降の現代美術の発展と普及に多大な貢献をしてきた。 また分館として、2002年から2004年にかけてマンハッタンの本館が工事中のときに利用されていた施設をそのまま利用したクイーンズ分館 (MoMA QNS) と、より現代的・実験的な作品を展示する美術館であるP.S.1がある。</rdfs:comment>
    <rdfs:comment xml:lang="nl">Het Museum of Modern Art (MoMA) is gevestigd in Manhattan in New York en is een van de meest toonaangevende musea voor moderne en hedendaagse kunst ter wereld. De collectie bestaat uit schilderkunst van de 20e eeuw en beeldhouwkunst van de 20e eeuw, films en foto&#39;s en een uitgebreide collectie boeken. Het MoMA ligt in de buurt van het Metropolitan Museum of Art, dat een aanzienlijk breder kunstspectrum tentoonstelt.</rdfs:comment>
    <rdfs:comment xml:lang="pt">O Museu de Arte Moderna (Museum of Modern Art), mais conhecido como MoMA, é um museu da cidade de Nova Iorque, fundado no ano de 1929 como uma instituição educacional. Atualmente é um dos mais famosos e importantes museus de arte moderna do Mundo.</rdfs:comment>
    <rdfs:comment xml:lang="it">Il Museum of Modern Art (MoMA) è un importante museo che si trova a Midtown Manhattan a New York, sulla 53ª strada, tra la Quinta e la Sesta Avenue. Ha avuto una straordinaria importanza per lo sviluppo e dell&#39;arte moderna ed è stato spesso considerato il principale museo d&#39;arte moderna del mondo.</rdfs:comment>
    <rdfs:comment xml:lang="fr">Le Museum of Modern Art (MoMA) est un musée d&#39;art moderne et contemporain inauguré en 1929 et aujourd&#39;hui situé dans le quartier de Midtown Manhattan dans la ville de New York, aux États-Unis. Abby Aldrich Rockefeller et deux de ses amies Lillie P. Bliss et Mary Quinn Sullivan, mécènes influentes et progressistes, perçoivent la nécessité de contester les politiques conservatrices des musées traditionnels aux États-Unis.</rdfs:comment>
    <rdfs:comment xml:lang="es">El Museo de Arte Moderno de Nueva York (llamado también MoMA, siglas en inglés de Museum of Modern Art) es un museo de arte situado en Manhattan en el 11 West con la calle 53 de Nueva York. El Museo de Arte Moderno de Nueva York abrió sus puertas al público el 7 de noviembre de 1929, y fue fundado por los filántropos estadounidenses Lillie P. Bliss, Mary Quinn Sullivan y Abby Aldrich Rockefeller para "ayudar a la gente a entender, utilizar y disfrutar de las artes visuales de nuestro tiempo".</rdfs:comment>
    <rdfs:comment xml:lang="zh">现代艺术博物馆（英語：Museum of Modern Art，常簡稱為MoMA）是一所在纽约市的曼哈顿中城的博物館，也是世界上最杰出的现代艺术收藏之一。位於曼哈頓第53街（在第五和第六大道之間），此博物館經常與大都會博物館相提並論，雖館藏少於前者，但在現代藝術的領域裡，該館擁有較多重要的收藏。</rdfs:comment>
    <rdfs:comment xml:lang="pl">Museum of Modern Art (MoMA) – muzeum sztuki nowoczesnej mieszczące się na Manhattanie w Nowym Jorku (na 53rd Street, pomiędzy Fifth Avenue a Sixth Avenue). Ekspozycje prac ze zbiorów Muzeum oraz wystawy czasowe (indywidualne i tematyczne) prezentujące malarstwo, rysunek, grafikę, rzeźbę, fotografię, film, video, instalacje, nowe media. Biblioteka MoMA zawiera ponad trzystutysięczny katalog książek dotyczących przede wszystkim historii sztuki nowoczesnej.</rdfs:comment>
    <rdfs:comment xml:lang="ru">Музей современного искусства на Манхеттене в Нью-Йорке (Museum of Modern Art, сокращенно MoMA) — один из первых и наиболее представительных музеев современного искусства в мире, послуживший эталоном для многих других собраний подобного рода.</rdfs:comment>
    <rdfs:comment xml:lang="en">The Museum of Modern Art (MoMA) is an art museum in Midtown Manhattan in New York City, on 53rd Street, between Fifth and Sixth Avenues. It has been important in developing and collecting modernist art, and is often identified as the most influential museum of modern art in the world.</rdfs:comment>
    <rdfs:comment xml:lang="de">Das Museum of Modern Art (MoMA) ist eine der weltweit bedeutendsten und einflussreichsten Sammlungen moderner und zeitgenössischer Kunst. Das Museum liegt im Bezirk Midtown des New Yorker Stadtteils Manhattan auf der 53 Street zwischen der Fifth und Sixth Avenue. Die Sammlung umfasst Werke der Architektur und des Design, Zeichnungen, Gemälde, Skulpturen, Photographien, Drucke, Illustrationen, Filme und Elektronische Medien.</rdfs:comment>
    <rdfs:comment xml:lang="sv">Museum of Modern Art, MoMA, är ett konstmuseum beläget på Manhattan i New York. Det invigdes 1929.</rdfs:comment>
    <foaf:name xml:lang="en">The Museum of Modern Art</foaf:name>
    <dbpedia-owl:thumbnail rdf:resource="http://upload.wikimedia.org/wikipedia/commons/thumb/8/8b/MoMa_NY_USA_1.jpg/200px-MoMa_NY_USA_1.jpg" />
    <dbpedia-owl:wikiPageExternalLink rdf:resource="http://www.findarticles.com/p/articles/mi_m1026/is_5_166/ai_n9505400" />
    <dbpedia-owl:wikiPageExternalLink rdf:resource="http://moma.org/" />
    <dbpedia-owl:wikiPageExternalLink rdf:resource="http://www.samuelanderson.com/default.aspx?page=5&amp;type=104&amp;project=383&amp;set=1&amp;focus=0&amp;link=1" />
    <dbpedia-owl:wikiPageExternalLink rdf:resource="http://www.moma.org/" />
    <dbpedia-owl:wikiPageExternalLink rdf:resource="http://www.nytimes.com/2007/02/16/arts/design/16moma.html" />
    <dbpedia-owl:wikiPageExternalLink rdf:resource="http://web.archive.org/web/20080530020000/http:/www.artnexus.com/servlet/NewsDetail?documentid=15642" />
    <dbpedia-owl:wikiPageExternalLink rdf:resource="http://momastore.org/" />
    <dbpprop:director rdf:resource="http://dbpedia.org/resource/Glenn_D._Lowry" />
    <dbpprop:established rdf:datatype="http://www.w3.org/2001/XMLSchema#date">1929-11-07</dbpprop:established>
    <dbpprop:latitude rdf:datatype="http://www.w3.org/2001/XMLSchema#double">40.7615</dbpprop:latitude>
    <dbpprop:location rdf:datatype="http://www.w3.org/2001/XMLSchema#integer">11</dbpprop:location>
    <dbpprop:location xml:lang="en">New York, NY 10019</dbpprop:location>
    <dbpprop:longitude rdf:datatype="http://www.w3.org/2001/XMLSchema#double">-73.9777</dbpprop:longitude>
    <dbpprop:mapCaption xml:lang="en">Location of MoMA in New York City</dbpprop:mapCaption>
    <dbpprop:mapType xml:lang="en">New York City</dbpprop:mapType>
    <dbpprop:name xml:lang="en">The Museum of Modern Art</dbpprop:name>
    <dbpprop:publictransit rdf:resource="http://dbpedia.org/resource/Fifth_Avenue_/_53rd_Street_(IND_Queens_Boulevard_Line)" />
    <dbpprop:visitors rdf:datatype="http://www.w3.org/2001/XMLSchema#integer">2500000</dbpprop:visitors>
    <dbpprop:website rdf:resource="http://www.moma.org/" />
    <foaf:homepage rdf:resource="http://www.moma.org/" />
    <geo:geometry rdf:datatype="http://www.openlinksw.com/schemas/virtrdf#Geometry">POINT(-73.9777 40.7615)</geo:geometry>
    <foaf:isPrimaryTopicOf rdf:resource="http://en.wikipedia.org/wiki/Museum_of_Modern_Art" />
    <geo:long rdf:datatype="http://www.w3.org/2001/XMLSchema#float">-73.9777</geo:long>
    <geo:lat rdf:datatype="http://www.w3.org/2001/XMLSchema#float">40.7615</geo:lat>
    <ns8:wasDerivedFrom rdf:resource="http://en.wikipedia.org/wiki/Museum_of_Modern_Art?oldid=544553310" />
    <grs:point xml:lang="en">40.761484 -73.977664</grs:point>
    <dbpprop:hasPhotoCollection rdf:resource="http://wifo5-03.informatik.uni-mannheim.de/flickrwrappr/photos/Museum_of_Modern_Art" />
  </rdf:Description>
  <rdf:Description rdf:about="http://dbpedia.org/resource/An_Electrifying_Evening_with_the_Dizzy_Gillespie_Quintet">
    <dbpedia-owl:recordedIn rdf:resource="http://dbpedia.org/resource/Museum_of_Modern_Art" />
  </rdf:Description>
  <rdf:Description rdf:about="http://dbpedia.org/resource/Franz_Kline">
    <dbpprop:caption rdf:resource="http://dbpedia.org/resource/Museum_of_Modern_Art" />
  </rdf:Description>
  <rdf:Description rdf:about="http://dbpedia.org/resource/Vir_Heroicus_Sublimis">
    <dbpedia-owl:museum rdf:resource="http://dbpedia.org/resource/Museum_of_Modern_Art" />
    <dbpprop:museum rdf:resource="http://dbpedia.org/resource/Museum_of_Modern_Art" />
  </rdf:Description>
  <rdf:Description rdf:about="http://dbpedia.org/resource/Drowning_Girl">
    <dbpedia-owl:museum rdf:resource="http://dbpedia.org/resource/Museum_of_Modern_Art" />
    <dbpprop:museum rdf:resource="http://dbpedia.org/resource/Museum_of_Modern_Art" />
  </rdf:Description>
  <rdf:Description rdf:about="http://dbpedia.org/resource/Le_Bateau">
    <dbpprop:city rdf:resource="http://dbpedia.org/resource/Museum_of_Modern_Art" />
  </rdf:Description>
  <rdf:Description rdf:about="http://dbpedia.org/resource/Neo-impressionism">
    <dbpedia-owl:museum rdf:resource="http://dbpedia.org/resource/Museum_of_Modern_Art" />
    <dbpprop:museum rdf:resource="http://dbpedia.org/resource/Museum_of_Modern_Art" />
  </rdf:Description>
  <rdf:Description rdf:about="http://dbpedia.org/resource/Picasso&#39;s_Rose_Period">
    <dbpedia-owl:museum rdf:resource="http://dbpedia.org/resource/Museum_of_Modern_Art" />
    <dbpprop:museum rdf:resource="http://dbpedia.org/resource/Museum_of_Modern_Art" />
  </rdf:Description>
  <rdf:Description rdf:about="http://dbpedia.org/resource/The_Funeral_of_the_Anarchist_Galli">
    <dbpedia-owl:museum rdf:resource="http://dbpedia.org/resource/Museum_of_Modern_Art" />
    <dbpprop:museum rdf:resource="http://dbpedia.org/resource/Museum_of_Modern_Art" />
  </rdf:Description>
  <rdf:Description rdf:about="http://dbpedia.org/resource/Gare_Montparnasse_(The_Melancholy_of_Departure)">
    <dbpedia-owl:museum rdf:resource="http://dbpedia.org/resource/Museum_of_Modern_Art" />
    <dbpprop:museum rdf:resource="http://dbpedia.org/resource/Museum_of_Modern_Art" />
  </rdf:Description>
  <rdf:Description rdf:about="http://dbpedia.org/resource/The_Portrait_(painting)">
    <dbpedia-owl:museum rdf:resource="http://dbpedia.org/resource/Museum_of_Modern_Art" />
    <dbpprop:museum rdf:resource="http://dbpedia.org/resource/Museum_of_Modern_Art" />
  </rdf:Description>
  <rdf:Description rdf:about="http://dbpedia.org/resource/Le_D%C3%A9jeuner_en_fourrure">
    <dbpedia-owl:museum rdf:resource="http://dbpedia.org/resource/Museum_of_Modern_Art" />
    <dbpprop:museum rdf:resource="http://dbpedia.org/resource/Museum_of_Modern_Art" />
  </rdf:Description>
  <rdf:Description rdf:about="http://dbpedia.org/resource/The_Hat_Makes_the_Man">
    <dbpedia-owl:museum rdf:resource="http://dbpedia.org/resource/Museum_of_Modern_Art" />
    <dbpprop:museum rdf:resource="http://dbpedia.org/resource/Museum_of_Modern_Art" />
  </rdf:Description>
  <rdf:Description rdf:about="http://dbpedia.org/resource/Lobster_Trap_and_Fish_Tail">
    <dbpedia-owl:museum rdf:resource="http://dbpedia.org/resource/Museum_of_Modern_Art" />
    <dbpprop:museum rdf:resource="http://dbpedia.org/resource/Museum_of_Modern_Art" />
  </rdf:Description>
  <rdf:Description rdf:about="http://dbpedia.org/resource/The_Double_Dream_of_Spring">
    <dbpedia-owl:museum rdf:resource="http://dbpedia.org/resource/Museum_of_Modern_Art" />
    <dbpprop:museum rdf:resource="http://dbpedia.org/resource/Museum_of_Modern_Art" />
  </rdf:Description>
  <rdf:Description rdf:about="http://dbpedia.org/resource/Trophy,_Hypertrophied">
    <dbpedia-owl:museum rdf:resource="http://dbpedia.org/resource/Museum_of_Modern_Art" />
    <dbpprop:museum rdf:resource="http://dbpedia.org/resource/Museum_of_Modern_Art" />
  </rdf:Description>
  <rdf:Description rdf:about="http://dbpedia.org/resource/Museum_of_Modern_Art_(disambiguation)">
    <dbpedia-owl:wikiPageDisambiguates rdf:resource="http://dbpedia.org/resource/Museum_of_Modern_Art" />
  </rdf:Description>
  <rdf:Description rdf:about="http://dbpedia.org/resource/Museum_of_Modern_Art,_New_York">
    <dbpedia-owl:wikiPageRedirects rdf:resource="http://dbpedia.org/resource/Museum_of_Modern_Art" />
  </rdf:Description>
  <rdf:Description rdf:about="http://dbpedia.org/resource/Rene_d&#39;Harnoncourt">
    <dbpprop:title rdf:resource="http://dbpedia.org/resource/Museum_of_Modern_Art" />
  </rdf:Description>
  <rdf:Description rdf:about="http://dbpedia.org/resource/Boy_Leading_a_Horse">
    <dbpedia-owl:museum rdf:resource="http://dbpedia.org/resource/Museum_of_Modern_Art" />
    <dbpprop:museum rdf:resource="http://dbpedia.org/resource/Museum_of_Modern_Art" />
  </rdf:Description>
  <rdf:Description rdf:about="http://dbpedia.org/resource/I_and_the_Village">
    <dbpedia-owl:museum rdf:resource="http://dbpedia.org/resource/Museum_of_Modern_Art" />
    <dbpprop:museum rdf:resource="http://dbpedia.org/resource/Museum_of_Modern_Art" />
  </rdf:Description>
  <rdf:Description rdf:about="http://dbpedia.org/resource/The_Song_of_Love">
    <dbpedia-owl:museum rdf:resource="http://dbpedia.org/resource/Museum_of_Modern_Art" />
    <dbpprop:museum rdf:resource="http://dbpedia.org/resource/Museum_of_Modern_Art" />
  </rdf:Description>
  <rdf:Description rdf:about="http://dbpedia.org/resource/New_York%E2%80%99s_Modern_Art_Museum">
    <dbpedia-owl:wikiPageRedirects rdf:resource="http://dbpedia.org/resource/Museum_of_Modern_Art" />
  </rdf:Description>
  <rdf:Description rdf:about="http://dbpedia.org/resource/Olive_Trees_(Van_Gogh_series)">
    <dbpedia-owl:museum rdf:resource="http://dbpedia.org/resource/Museum_of_Modern_Art" />
    <dbpprop:caption rdf:resource="http://dbpedia.org/resource/Museum_of_Modern_Art" />
  </rdf:Description>
  <rdf:Description rdf:about="http://dbpedia.org/resource/Lillie_P._Bliss">
    <dbpedia-owl:knownFor rdf:resource="http://dbpedia.org/resource/Museum_of_Modern_Art" />
  </rdf:Description>
  <rdf:Description rdf:about="http://dbpedia.org/resource/Stephen_Carlton_Clark">
    <dbpprop:boards rdf:resource="http://dbpedia.org/resource/Museum_of_Modern_Art" />
  </rdf:Description>
  <rdf:Description rdf:about="http://dbpedia.org/resource/Christina&#39;s_World">
    <dbpedia-owl:museum rdf:resource="http://dbpedia.org/resource/Museum_of_Modern_Art" />
    <dbpprop:museum rdf:resource="http://dbpedia.org/resource/Museum_of_Modern_Art" />
  </rdf:Description>
  <rdf:Description rdf:about="http://dbpedia.org/resource/The_Persistence_of_Memory">
    <dbpedia-owl:museum rdf:resource="http://dbpedia.org/resource/Museum_of_Modern_Art" />
    <dbpprop:museum rdf:resource="http://dbpedia.org/resource/Museum_of_Modern_Art" />
  </rdf:Description>
  <rdf:Description rdf:about="http://dbpedia.org/resource/The_Starry_Night">
    <dbpedia-owl:museum rdf:resource="http://dbpedia.org/resource/Museum_of_Modern_Art" />
  </rdf:Description>
  <rdf:Description rdf:about="http://cs.dbpedia.org/resource/Muzeum_moderního_umění">
    <owl:sameAs rdf:resource="http://dbpedia.org/resource/Museum_of_Modern_Art" />
  </rdf:Description>
  <rdf:Description rdf:about="http://it.dbpedia.org/resource/Museum_of_Modern_Art">
    <owl:sameAs rdf:resource="http://dbpedia.org/resource/Museum_of_Modern_Art" />
  </rdf:Description>
  <rdf:Description rdf:about="http://dbpedia.org/resource/Museum_of_Modern">
    <dbpedia-owl:wikiPageRedirects rdf:resource="http://dbpedia.org/resource/Museum_of_Modern_Art" />
  </rdf:Description>
  <rdf:Description rdf:about="http://dbpedia.org/resource/The_Nostalgia_of_the_Infinite">
    <dbpedia-owl:museum rdf:resource="http://dbpedia.org/resource/Museum_of_Modern_Art" />
    <dbpprop:museum rdf:resource="http://dbpedia.org/resource/Museum_of_Modern_Art" />
  </rdf:Description>
  <rdf:Description rdf:about="http://dbpedia.org/resource/Museum_of_Modern_Art,_New_York_City">
    <dbpedia-owl:wikiPageRedirects rdf:resource="http://dbpedia.org/resource/Museum_of_Modern_Art" />
  </rdf:Description>
  <rdf:Description rdf:about="http://dbpedia.org/resource/Henry_Sturgis_Morgan">
    <dbpprop:boards rdf:resource="http://dbpedia.org/resource/Museum_of_Modern_Art" />
  </rdf:Description>
  <rdf:Description rdf:about="http://dbpedia.org/resource/Yoshimoto_Cube">
    <dbpprop:company rdf:resource="http://dbpedia.org/resource/Museum_of_Modern_Art" />
  </rdf:Description>
  <rdf:Description rdf:about="http://dbpedia.org/resource/Dance_(Matisse)">
    <dbpedia-owl:museum rdf:resource="http://dbpedia.org/resource/Museum_of_Modern_Art" />
    <dbpprop:museum rdf:resource="http://dbpedia.org/resource/Museum_of_Modern_Art" />
  </rdf:Description>
  <rdf:Description rdf:about="http://dbpedia.org/resource/The_Plum_Blossoms">
    <dbpedia-owl:museum rdf:resource="http://dbpedia.org/resource/Museum_of_Modern_Art" />
    <dbpprop:museum rdf:resource="http://dbpedia.org/resource/Museum_of_Modern_Art" />
  </rdf:Description>
  <rdf:Description rdf:about="http://dbpedia.org/resource/Le_rideau_jaune">
    <dbpedia-owl:museum rdf:resource="http://dbpedia.org/resource/Museum_of_Modern_Art" />
    <dbpprop:museum rdf:resource="http://dbpedia.org/resource/Museum_of_Modern_Art" />
  </rdf:Description>
  <rdf:Description rdf:about="http://dbpedia.org/resource/Moma">
    <dbpedia-owl:wikiPageDisambiguates rdf:resource="http://dbpedia.org/resource/Museum_of_Modern_Art" />
  </rdf:Description>
  <rdf:Description rdf:about="http://dbpedia.org/resource/MOMA">
    <dbpedia-owl:wikiPageRedirects rdf:resource="http://dbpedia.org/resource/Museum_of_Modern_Art" />
  </rdf:Description>
  <rdf:Description rdf:about="http://dbpedia.org/resource/MoMA">
    <dbpedia-owl:wikiPageRedirects rdf:resource="http://dbpedia.org/resource/Museum_of_Modern_Art" />
  </rdf:Description>
  <rdf:Description rdf:about="http://dbpedia.org/resource/New_York_Museum_of_Modern_Art">
    <dbpedia-owl:wikiPageRedirects rdf:resource="http://dbpedia.org/resource/Museum_of_Modern_Art" />
  </rdf:Description>
  <rdf:Description rdf:about="http://dbpedia.org/resource/MOMA_QNS">
    <dbpedia-owl:wikiPageRedirects rdf:resource="http://dbpedia.org/resource/Museum_of_Modern_Art" />
  </rdf:Description>
  <rdf:Description rdf:about="http://dbpedia.org/resource/Napoleon_in_the_Wilderness">
    <dbpedia-owl:museum rdf:resource="http://dbpedia.org/resource/Museum_of_Modern_Art" />
    <dbpprop:museum rdf:resource="http://dbpedia.org/resource/Museum_of_Modern_Art" />
  </rdf:Description>
  <rdf:Description rdf:about="http://dbpedia.org/resource/Glenn_D._Lowry">
    <dbpprop:title rdf:resource="http://dbpedia.org/resource/Museum_of_Modern_Art" />
  </rdf:Description>
  <rdf:Description rdf:about="http://dbpedia.org/resource/Prostitution_in_Spain">
    <dbpedia-owl:museum rdf:resource="http://dbpedia.org/resource/Museum_of_Modern_Art" />
  </rdf:Description>
  <rdf:Description rdf:about="http://dbpedia.org/resource/Manhattan_Museum_of_Art">
    <dbpedia-owl:wikiPageRedirects rdf:resource="http://dbpedia.org/resource/Museum_of_Modern_Art" />
  </rdf:Description>
  <rdf:Description rdf:about="http://dbpedia.org/resource/MoMa">
    <dbpedia-owl:wikiPageRedirects rdf:resource="http://dbpedia.org/resource/Museum_of_Modern_Art" />
  </rdf:Description>
  <rdf:Description rdf:about="http://dbpedia.org/resource/Modern_Art_Museum_of_New_York">
    <dbpedia-owl:wikiPageRedirects rdf:resource="http://dbpedia.org/resource/Museum_of_Modern_Art" />
  </rdf:Description>
  <rdf:Description rdf:about="http://dbpedia.org/resource/Moma_New_York">
    <dbpedia-owl:wikiPageRedirects rdf:resource="http://dbpedia.org/resource/Museum_of_Modern_Art" />
  </rdf:Description>
  <rdf:Description rdf:about="http://dbpedia.org/resource/Museum_Of_Modern_Art">
    <dbpedia-owl:wikiPageRedirects rdf:resource="http://dbpedia.org/resource/Museum_of_Modern_Art" />
  </rdf:Description>
  <rdf:Description rdf:about="http://dbpedia.org/resource/New_York&#39;s_Modern_Art_Museum">
    <dbpedia-owl:wikiPageRedirects rdf:resource="http://dbpedia.org/resource/Museum_of_Modern_Art" />
  </rdf:Description>
  <rdf:Description rdf:about="http://dbpedia.org/resource/The_Museum_of_modern_art">
    <dbpedia-owl:wikiPageRedirects rdf:resource="http://dbpedia.org/resource/Museum_of_Modern_Art" />
  </rdf:Description>
  <rdf:Description rdf:about="http://dbpedia.org/resource/The_unPrivate_House">
    <dbpedia-owl:wikiPageRedirects rdf:resource="http://dbpedia.org/resource/Museum_of_Modern_Art" />
  </rdf:Description>
  <rdf:Description rdf:about="http://dbpedia.org/resource/Broadway_Boogie-Woogie">
    <dbpedia-owl:museum rdf:resource="http://dbpedia.org/resource/Museum_of_Modern_Art" />
    <dbpprop:museum rdf:resource="http://dbpedia.org/resource/Museum_of_Modern_Art" />
  </rdf:Description>
  <rdf:Description rdf:about="http://dbpedia.org/resource/Campbell&#39;s_Soup_Cans">
    <dbpedia-owl:museum rdf:resource="http://dbpedia.org/resource/Museum_of_Modern_Art" />
  </rdf:Description>
  <rdf:Description rdf:about="http://dbpedia.org/resource/Les_Demoiselles_d&#39;Avignon">
    <dbpedia-owl:museum rdf:resource="http://dbpedia.org/resource/Museum_of_Modern_Art" />
  </rdf:Description>
  <rdf:Description rdf:about="http://dbpedia.org/resource/The_Palace_at_4_a.m.">
    <dbpedia-owl:museum rdf:resource="http://dbpedia.org/resource/Museum_of_Modern_Art" />
    <dbpprop:museum rdf:resource="http://dbpedia.org/resource/Museum_of_Modern_Art" />
  </rdf:Description>
  <rdf:Description rdf:about="http://dbpedia.org/resource/Twittering_Machine">
    <dbpedia-owl:museum rdf:resource="http://dbpedia.org/resource/Museum_of_Modern_Art" />
    <dbpprop:museum rdf:resource="http://dbpedia.org/resource/Museum_of_Modern_Art" />
  </rdf:Description>
  <rdf:Description rdf:about="http://en.wikipedia.org/wiki/Museum_of_Modern_Art">
    <foaf:primaryTopic rdf:resource="http://dbpedia.org/resource/Museum_of_Modern_Art" />
  </rdf:Description>
  <rdf:Description rdf:about="http://dbpedia.org/resource/Museum_of_Modern_Art_New_York">
    <dbpedia-owl:wikiPageRedirects rdf:resource="http://dbpedia.org/resource/Museum_of_Modern_Art" />
  </rdf:Description>
  <rdf:Description rdf:about="http://dbpedia.org/resource/Moma_Qns">
    <dbpedia-owl:wikiPageRedirects rdf:resource="http://dbpedia.org/resource/Museum_of_Modern_Art" />
  </rdf:Description>
  <rdf:Description rdf:about="http://dbpedia.org/resource/Museum_Of_Modern_Art,_Queens">
    <dbpedia-owl:wikiPageRedirects rdf:resource="http://dbpedia.org/resource/Museum_of_Modern_Art" />
  </rdf:Description>
  <rdf:Description rdf:about="http://dbpedia.org/resource/John_B._Hightower">
    <dbpprop:title rdf:resource="http://dbpedia.org/resource/Museum_of_Modern_Art" />
  </rdf:Description>
  <rdf:Description rdf:about="http://dbpedia.org/resource/Richard_Oldenburg">
    <dbpprop:title rdf:resource="http://dbpedia.org/resource/Museum_of_Modern_Art" />
  </rdf:Description>
  <rdf:Description rdf:about="http://dbpedia.org/resource/Map_(painting)">
    <dbpedia-owl:museum rdf:resource="http://dbpedia.org/resource/Museum_of_Modern_Art" />
    <dbpprop:museum rdf:resource="http://dbpedia.org/resource/Museum_of_Modern_Art" />
  </rdf:Description>
  <rdf:Description rdf:about="http://dbpedia.org/resource/Development_of_a_Bottle_in_Space">
    <dbpedia-owl:museum rdf:resource="http://dbpedia.org/resource/Museum_of_Modern_Art" />
    <dbpprop:museum rdf:resource="http://dbpedia.org/resource/Museum_of_Modern_Art" />
  </rdf:Description>
  <rdf:Description rdf:about="http://dbpedia.org/resource/Bates_Lowry">
    <dbpprop:title rdf:resource="http://dbpedia.org/resource/Museum_of_Modern_Art" />
  </rdf:Description>
  <rdf:Description rdf:about="http://nl.dbpedia.org/resource/Museum_of_Modern_Art">
    <owl:sameAs rdf:resource="http://dbpedia.org/resource/Museum_of_Modern_Art" />
  </rdf:Description>
  <rdf:Description rdf:about="http://eu.dbpedia.org/resource/New_Yorkeko_Arte_Modernoaren_Museoa">
    <owl:sameAs rdf:resource="http://dbpedia.org/resource/Museum_of_Modern_Art" />
  </rdf:Description>
  <rdf:Description rdf:about="http://dbpedia.org/resource/White_On_White">
    <dbpedia-owl:museum rdf:resource="http://dbpedia.org/resource/Museum_of_Modern_Art" />
    <dbpprop:museum rdf:resource="http://dbpedia.org/resource/Museum_of_Modern_Art" />
  </rdf:Description>
  <rdf:Description rdf:about="http://wikidata.dbpedia.org/resource/Q188740">
    <owl:sameAs rdf:resource="http://dbpedia.org/resource/Museum_of_Modern_Art" />
  </rdf:Description>
  <rdf:Description rdf:about="http://zh.dbpedia.org/resource/現代藝術博物館">
    <owl:sameAs rdf:resource="http://dbpedia.org/resource/Museum_of_Modern_Art" />
  </rdf:Description>
  <rdf:Description rdf:about="http://ar.dbpedia.org/resource/متحف_الفن_الحديث_(نيويورك)">
    <owl:sameAs rdf:resource="http://dbpedia.org/resource/Museum_of_Modern_Art" />
  </rdf:Description>
  <rdf:Description rdf:about="http://bg.dbpedia.org/resource/Музей_на_модерното_изкуство">
    <owl:sameAs rdf:resource="http://dbpedia.org/resource/Museum_of_Modern_Art" />
  </rdf:Description>
  <rdf:Description rdf:about="http://bs.dbpedia.org/resource/Muzej_moderne_umjetnosti_(New_York)">
    <owl:sameAs rdf:resource="http://dbpedia.org/resource/Museum_of_Modern_Art" />
  </rdf:Description>
  <rdf:Description rdf:about="http://ca.dbpedia.org/resource/Museu_d&#39;Art_Modern_de_Nova_York">
    <owl:sameAs rdf:resource="http://dbpedia.org/resource/Museum_of_Modern_Art" />
  </rdf:Description>
  <rdf:Description rdf:about="http://da.dbpedia.org/resource/Museum_of_Modern_Art">
    <owl:sameAs rdf:resource="http://dbpedia.org/resource/Museum_of_Modern_Art" />
  </rdf:Description>
  <rdf:Description rdf:about="http://eo.dbpedia.org/resource/Muzeo_de_Moderna_Arto_de_Novjorko">
    <owl:sameAs rdf:resource="http://dbpedia.org/resource/Museum_of_Modern_Art" />
  </rdf:Description>
  <rdf:Description rdf:about="http://et.dbpedia.org/resource/New_Yorgi_moodsa_kunsti_muuseum">
    <owl:sameAs rdf:resource="http://dbpedia.org/resource/Museum_of_Modern_Art" />
  </rdf:Description>
  <rdf:Description rdf:about="http://fa.dbpedia.org/resource/موزه_هنر_مدرن">
    <owl:sameAs rdf:resource="http://dbpedia.org/resource/Museum_of_Modern_Art" />
  </rdf:Description>
  <rdf:Description rdf:about="http://fi.dbpedia.org/resource/Museum_of_Modern_Art">
    <owl:sameAs rdf:resource="http://dbpedia.org/resource/Museum_of_Modern_Art" />
  </rdf:Description>
  <rdf:Description rdf:about="http://gl.dbpedia.org/resource/Museo_de_Arte_Moderna_(Nova_York)">
    <owl:sameAs rdf:resource="http://dbpedia.org/resource/Museum_of_Modern_Art" />
  </rdf:Description>
  <rdf:Description rdf:about="http://he.dbpedia.org/resource/המוזיאון_לאמנות_מודרנית">
    <owl:sameAs rdf:resource="http://dbpedia.org/resource/Museum_of_Modern_Art" />
  </rdf:Description>
  <rdf:Description rdf:about="http://hr.dbpedia.org/resource/MoMA">
    <owl:sameAs rdf:resource="http://dbpedia.org/resource/Museum_of_Modern_Art" />
  </rdf:Description>
  <rdf:Description rdf:about="http://id.dbpedia.org/resource/Museum_of_Modern_Art">
    <owl:sameAs rdf:resource="http://dbpedia.org/resource/Museum_of_Modern_Art" />
  </rdf:Description>
  <rdf:Description rdf:about="http://is.dbpedia.org/resource/Museum_of_Modern_Art">
    <owl:sameAs rdf:resource="http://dbpedia.org/resource/Museum_of_Modern_Art" />
  </rdf:Description>
  <rdf:Description rdf:about="http://ka.dbpedia.org/resource/თანამედროვე_ხელოვნების_მუზეუმი_(ნიუ-იორკი)">
    <owl:sameAs rdf:resource="http://dbpedia.org/resource/Museum_of_Modern_Art" />
  </rdf:Description>
  <rdf:Description rdf:about="http://mzn.dbpedia.org/resource/مدرن_هنر_موزه">
    <owl:sameAs rdf:resource="http://dbpedia.org/resource/Museum_of_Modern_Art" />
  </rdf:Description>
  <rdf:Description rdf:about="http://no.dbpedia.org/resource/Museum_of_Modern_Art">
    <owl:sameAs rdf:resource="http://dbpedia.org/resource/Museum_of_Modern_Art" />
  </rdf:Description>
  <rdf:Description rdf:about="http://pnb.dbpedia.org/resource/میوزیم_آف_موڈرن_آرٹ">
    <owl:sameAs rdf:resource="http://dbpedia.org/resource/Museum_of_Modern_Art" />
  </rdf:Description>
  <rdf:Description rdf:about="http://ro.dbpedia.org/resource/Muzeul_de_Artă_Modernă">
    <owl:sameAs rdf:resource="http://dbpedia.org/resource/Museum_of_Modern_Art" />
  </rdf:Description>
  <rdf:Description rdf:about="http://simple.dbpedia.org/resource/Museum_of_Modern_Art">
    <owl:sameAs rdf:resource="http://dbpedia.org/resource/Museum_of_Modern_Art" />
  </rdf:Description>
  <rdf:Description rdf:about="http://sr.dbpedia.org/resource/Музеј_модерне_уметности_у_Њујорку">
    <owl:sameAs rdf:resource="http://dbpedia.org/resource/Museum_of_Modern_Art" />
  </rdf:Description>
  <rdf:Description rdf:about="http://sv.dbpedia.org/resource/Museum_of_Modern_Art">
    <owl:sameAs rdf:resource="http://dbpedia.org/resource/Museum_of_Modern_Art" />
  </rdf:Description>
  <rdf:Description rdf:about="http://th.dbpedia.org/resource/พิพิธภัณฑ์ศิลปะสมัยใหม่">
    <owl:sameAs rdf:resource="http://dbpedia.org/resource/Museum_of_Modern_Art" />
  </rdf:Description>
  <rdf:Description rdf:about="http://tr.dbpedia.org/resource/Museum_of_Modern_Art">
    <owl:sameAs rdf:resource="http://dbpedia.org/resource/Museum_of_Modern_Art" />
  </rdf:Description>
  <rdf:Description rdf:about="http://uk.dbpedia.org/resource/Музей_сучасного_мистецтва_(Нью-Йорк)">
    <owl:sameAs rdf:resource="http://dbpedia.org/resource/Museum_of_Modern_Art" />
  </rdf:Description>
  <rdf:Description rdf:about="http://vi.dbpedia.org/resource/Museum_of_Modern_Art">
    <owl:sameAs rdf:resource="http://dbpedia.org/resource/Museum_of_Modern_Art" />
  </rdf:Description>
  <rdf:Description rdf:about="http://als.dbpedia.org/resource/Museum_of_Modern_Art">
    <owl:sameAs rdf:resource="http://dbpedia.org/resource/Museum_of_Modern_Art" />
  </rdf:Description>
</rdf:RDF>
