<?xml version="1.0" encoding="utf-8" ?>
<rdf:RDF
	xmlns:rdf="http://www.w3.org/1999/02/22-rdf-syntax-ns#"
	xmlns:rdfs="http://www.w3.org/2000/01/rdf-schema#"
	xmlns:owl="http://www.w3.org/2002/07/owl#"
	xmlns:dcterms="http://purl.org/dc/terms/"
	xmlns:dbpedia-owl="http://dbpedia.org/ontology/"
	xmlns:foaf="http://xmlns.com/foaf/0.1/"
	xmlns:dbpprop="http://dbpedia.org/property/"
	xmlns:geo="http://www.w3.org/2003/01/geo/wgs84_pos#"
	xmlns:ns8="http://www.w3.org/ns/prov#"
	xmlns:grs="http://www.georss.org/georss/" >
  <rdf:Description rdf:about="http://dbpedia.org/resource/Museum_Mayer_van_den_Bergh">
    <rdf:type rdf:resource="http://dbpedia.org/class/yago/Museum103800563" />
    <rdf:type rdf:resource="http://dbpedia.org/class/yago/ArtMuseumsAndGalleriesInBelgium" />
    <rdf:type rdf:resource="http://dbpedia.org/class/yago/MuseumsInAntwerp" />
    <rdf:type rdf:resource="http://dbpedia.org/class/yago/Whole100003553" />
    <rdf:type rdf:resource="http://dbpedia.org/class/yago/ArtMuseumsEstablishedIn1904" />
    <rdf:type rdf:resource="http://dbpedia.org/class/yago/Object100002684" />
    <rdf:type rdf:resource="http://dbpedia.org/ontology/Museum" />
    <rdf:type rdf:resource="http://dbpedia.org/class/yago/PhysicalEntity100001930" />
    <rdf:type rdf:resource="http://dbpedia.org/class/yago/YagoGeoEntity" />
    <rdf:type rdf:resource="http://dbpedia.org/class/yago/YagoPermanentlyLocatedEntity" />
    <rdf:type rdf:resource="http://www.opengis.net/gml/_Feature" />
    <rdf:type rdf:resource="http://dbpedia.org/class/yago/Facility103315023" />
    <rdf:type rdf:resource="http://schema.org/Museum" />
    <rdf:type rdf:resource="http://dbpedia.org/ontology/ArchitecturalStructure" />
    <rdf:type rdf:resource="http://dbpedia.org/ontology/Place" />
    <rdf:type rdf:resource="http://dbpedia.org/class/yago/Depository103177349" />
    <rdf:type rdf:resource="http://schema.org/Place" />
    <rdf:type rdf:resource="http://www.w3.org/2002/07/owl#Thing" />
    <rdf:type rdf:resource="http://dbpedia.org/class/yago/Artifact100021939" />
    <rdf:type rdf:resource="http://dbpedia.org/ontology/Building" />
    <owl:sameAs rdf:resource="http://eo.dbpedia.org/resource/Muzeo_Mayer_van_den_Bergh" />
    <owl:sameAs rdf:resource="http://dbpedia.org/resource/Museum_Mayer_van_den_Bergh" />
    <owl:sameAs rdf:resource="http://fr.dbpedia.org/resource/Musée_Mayer_van_den_Bergh" />
    <owl:sameAs rdf:resource="http://pl.dbpedia.org/resource/Museum_Mayer_van_den_Bergh" />
    <owl:sameAs rdf:resource="http://rdf.freebase.com/ns/m.05p7n0g" />
    <owl:sameAs rdf:resource="http://ja.dbpedia.org/resource/マイヤー・ファン・デン・ベルグ美術館" />
    <owl:sameAs rdf:resource="http://yago-knowledge.org/resource/Museum_Mayer_van_den_Bergh" />
    <owl:sameAs rdf:resource="http://de.dbpedia.org/resource/Museum_Mayer_van_den_Bergh" />
    <owl:sameAs rdf:resource="http://it.dbpedia.org/resource/Museo_Mayer_van_den_Bergh" />
    <owl:sameAs rdf:resource="http://uk.dbpedia.org/resource/Музей_Маєра_ван_дер_Берга" />
    <owl:sameAs rdf:resource="http://www.wikidata.org/entity/Q1699233" />
    <owl:sameAs rdf:resource="http://br.dbpedia.org/resource/Mirdi_Mayer_van_den_Bergh" />
    <owl:sameAs rdf:resource="http://nl.dbpedia.org/resource/Kunstverzameling_Fritz_Mayer_van_den_Bergh" />
    <dcterms:subject rdf:resource="http://dbpedia.org/resource/Category:1904_establishments_in_Belgium" />
    <dcterms:subject rdf:resource="http://dbpedia.org/resource/Category:Museums_in_Antwerp" />
    <dcterms:subject rdf:resource="http://dbpedia.org/resource/Category:Art_museums_established_in_1904" />
    <dcterms:subject rdf:resource="http://dbpedia.org/resource/Category:Art_museums_and_galleries_in_Belgium" />
    <dbpedia-owl:abstract xml:lang="it">Il Museo Mayer van den Bergh è un museo situato ad Anversa, in Belgio. La collezione ivi contenuta è appartenuta al collezionista d&#39;arte Fritz Mayer van den Bergh. I più importanti lavori custoditi dal museo riguardano l&#39;arte gotica e rinascimentale olandese e belga, tra cui spiccano opere di Pieter Bruegel il Vecchio.</dbpedia-owl:abstract>
    <dbpedia-owl:abstract xml:lang="en">Museum Mayer van den Bergh is a museum in Antwerp, Belgium. The collection once belonged to art collector Fritz Mayer van den Bergh (died 1901). The major works are from the Gothic and Renaissance period in the Netherlands and Belgium, including paintings by Pieter Brueghel the Elder.</dbpedia-owl:abstract>
    <dbpedia-owl:abstract xml:lang="de">Das Museum Mayer van den Bergh in Antwerpen beherbergt Kunst des Mittelalters, der Renaissance und des Barock aus der Sammlung von Fritz Mayer van den Bergh (1858-1901). Die von ihm aufgebaute und von seiner Mutter Henriette Mayer van den Bergh zur Erinnerung an ihren verstorbenen Sohn 1901-1904 in die Form des heutigen Museums überführte Sammlung zeigt Gemälde, Skulpturen, Tapisserien, Zeichnungen, Glasmalereien, Elfenbeine, Handschriften und Kleinkunst von internationalem Rang. Ein Schwerpunkt der Sammlung liegt auf der Kunst des 14.-16. Jahrhunderts. Henriette Mayer van den Bergh ließ neben dem Wohnhaus der Familie ein im Stil des 16. Jahrhunderts speziell für die Präsentation der Sammlung entworfenes Gebäude errichten. Beide Gebäude beherbergen heute die Ausstellungsräume des Museums.</dbpedia-owl:abstract>
    <dbpedia-owl:abstract xml:lang="fr">Le Musée Mayer van den Bergh (Museum Mayer van den Bergh) est un musée anversois qui expose les œuvres du collectionneur Fritz Mayer van den Bergh. En 1904, sa mère, Henriette Mayer van den Bergh, fonda le musée. On y trouve des œuvres provenant de la collection Micheli, achetée à Paris en 1898.</dbpedia-owl:abstract>
    <dbpedia-owl:abstract xml:lang="ja">マイヤー・ファン・デン・ベルグ美術館（Museum Mayer van den Bergh）は、アントウェルペンにある美術館である。</dbpedia-owl:abstract>
    <dbpedia-owl:abstract xml:lang="pl">Museum Mayer van den Bergh muzeum sztuki w Antwerpii,. Swoją nazwę zawdzięcza Fritzowi Mayer van der Bergh (1858-1901), kolekcjonerowi dzieł sztuki średniowiecznej i nowożytnej. Trzy lata po jego śmierci, matka kolekcjonera Henriette Mayer van den Bergh ukończyła budowę neogotyckiego gmachu, gdzie umieszczono, liczące około 1000 dzieł sztuki zbiory.</dbpedia-owl:abstract>
    <dbpedia-owl:abstract xml:lang="nl">De kunstverzameling Fritz Mayer van den Bergh is een verzameling oude meesters en sculpturen bijeengebracht door de gefortuneerde verzamelaar Fritz Mayer van den Bergh (1858-1901), die te zien is in het naar hem genoemde museum aan de Antwerpse Lange Gasthuisstraat.</dbpedia-owl:abstract>
    <dbpedia-owl:wikiPageID rdf:datatype="http://www.w3.org/2001/XMLSchema#integer">21938087</dbpedia-owl:wikiPageID>
    <dbpedia-owl:wikiPageRevisionID rdf:datatype="http://www.w3.org/2001/XMLSchema#integer">540610720</dbpedia-owl:wikiPageRevisionID>
    <rdfs:label xml:lang="ja">マイヤー・ファン・デン・ベルグ美術館</rdfs:label>
    <rdfs:label xml:lang="fr">Musée Mayer van den Bergh</rdfs:label>
    <rdfs:label xml:lang="en">Museum Mayer van den Bergh</rdfs:label>
    <rdfs:label xml:lang="nl">Kunstverzameling Fritz Mayer van den Bergh</rdfs:label>
    <rdfs:label xml:lang="de">Museum Mayer van den Bergh</rdfs:label>
    <rdfs:label xml:lang="pl">Museum Mayer van den Bergh</rdfs:label>
    <rdfs:label xml:lang="it">Museo Mayer van den Bergh</rdfs:label>
    <foaf:depiction rdf:resource="http://upload.wikimedia.org/wikipedia/commons/f/f6/Mad_meg.jpg" />
    <rdfs:comment xml:lang="pl">Museum Mayer van den Bergh muzeum sztuki w Antwerpii,. Swoją nazwę zawdzięcza Fritzowi Mayer van der Bergh (1858-1901), kolekcjonerowi dzieł sztuki średniowiecznej i nowożytnej. Trzy lata po jego śmierci, matka kolekcjonera Henriette Mayer van den Bergh ukończyła budowę neogotyckiego gmachu, gdzie umieszczono, liczące około 1000 dzieł sztuki zbiory.</rdfs:comment>
    <rdfs:comment xml:lang="de">Das Museum Mayer van den Bergh in Antwerpen beherbergt Kunst des Mittelalters, der Renaissance und des Barock aus der Sammlung von Fritz Mayer van den Bergh (1858-1901). Die von ihm aufgebaute und von seiner Mutter Henriette Mayer van den Bergh zur Erinnerung an ihren verstorbenen Sohn 1901-1904 in die Form des heutigen Museums überführte Sammlung zeigt Gemälde, Skulpturen, Tapisserien, Zeichnungen, Glasmalereien, Elfenbeine, Handschriften und Kleinkunst von internationalem Rang.</rdfs:comment>
    <rdfs:comment xml:lang="nl">De kunstverzameling Fritz Mayer van den Bergh is een verzameling oude meesters en sculpturen bijeengebracht door de gefortuneerde verzamelaar Fritz Mayer van den Bergh (1858-1901), die te zien is in het naar hem genoemde museum aan de Antwerpse Lange Gasthuisstraat.</rdfs:comment>
    <rdfs:comment xml:lang="it">Il Museo Mayer van den Bergh è un museo situato ad Anversa, in Belgio. La collezione ivi contenuta è appartenuta al collezionista d&#39;arte Fritz Mayer van den Bergh. I più importanti lavori custoditi dal museo riguardano l&#39;arte gotica e rinascimentale olandese e belga, tra cui spiccano opere di Pieter Bruegel il Vecchio.</rdfs:comment>
    <rdfs:comment xml:lang="ja">マイヤー・ファン・デン・ベルグ美術館（Museum Mayer van den Bergh）は、アントウェルペンにある美術館である。</rdfs:comment>
    <rdfs:comment xml:lang="en">Museum Mayer van den Bergh is a museum in Antwerp, Belgium. The collection once belonged to art collector Fritz Mayer van den Bergh (died 1901). The major works are from the Gothic and Renaissance period in the Netherlands and Belgium, including paintings by Pieter Brueghel the Elder.</rdfs:comment>
    <rdfs:comment xml:lang="fr">Le Musée Mayer van den Bergh (Museum Mayer van den Bergh) est un musée anversois qui expose les œuvres du collectionneur Fritz Mayer van den Bergh. En 1904, sa mère, Henriette Mayer van den Bergh, fonda le musée. On y trouve des œuvres provenant de la collection Micheli, achetée à Paris en 1898.</rdfs:comment>
    <dbpedia-owl:thumbnail rdf:resource="http://upload.wikimedia.org/wikipedia/commons/thumb/f/f6/Mad_meg.jpg/200px-Mad_meg.jpg" />
    <dbpedia-owl:wikiPageExternalLink rdf:resource="http://www.antwerpen.be/eCache/BEN/16/455.cmVjPTM2NTU.html" />
    <foaf:homepage rdf:resource="http://www.antwerpen.be/eCache/BEN/16/455.cmVjPTM2NTU.html" />
    <geo:geometry rdf:datatype="http://www.openlinksw.com/schemas/virtrdf#Geometry">POINT(4.40498 51.215)</geo:geometry>
    <foaf:isPrimaryTopicOf rdf:resource="http://en.wikipedia.org/wiki/Museum_Mayer_van_den_Bergh" />
    <geo:long rdf:datatype="http://www.w3.org/2001/XMLSchema#float">4.40498</geo:long>
    <geo:lat rdf:datatype="http://www.w3.org/2001/XMLSchema#float">51.215</geo:lat>
    <ns8:wasDerivedFrom rdf:resource="http://en.wikipedia.org/wiki/Museum_Mayer_van_den_Bergh?oldid=540610720" />
    <grs:point xml:lang="en">51.214996 4.404981</grs:point>
    <dbpprop:hasPhotoCollection rdf:resource="http://wifo5-03.informatik.uni-mannheim.de/flickrwrappr/photos/Museum_Mayer_van_den_Bergh" />
  </rdf:Description>
  <rdf:Description rdf:about="http://de.dbpedia.org/resource/Museum_Mayer_van_den_Bergh">
    <owl:sameAs rdf:resource="http://dbpedia.org/resource/Museum_Mayer_van_den_Bergh" />
  </rdf:Description>
  <rdf:Description rdf:about="http://fr.dbpedia.org/resource/Musée_Mayer_van_den_Bergh">
    <owl:sameAs rdf:resource="http://dbpedia.org/resource/Museum_Mayer_van_den_Bergh" />
  </rdf:Description>
  <rdf:Description rdf:about="http://it.dbpedia.org/resource/Museo_Mayer_van_den_Bergh">
    <owl:sameAs rdf:resource="http://dbpedia.org/resource/Museum_Mayer_van_den_Bergh" />
  </rdf:Description>
  <rdf:Description rdf:about="http://ja.dbpedia.org/resource/マイヤー・ファン・デン・ベルグ美術館">
    <owl:sameAs rdf:resource="http://dbpedia.org/resource/Museum_Mayer_van_den_Bergh" />
  </rdf:Description>
  <rdf:Description rdf:about="http://dbpedia.org/resource/Dull_Gret">
    <dbpedia-owl:museum rdf:resource="http://dbpedia.org/resource/Museum_Mayer_van_den_Bergh" />
    <dbpprop:museum rdf:resource="http://dbpedia.org/resource/Museum_Mayer_van_den_Bergh" />
  </rdf:Description>
  <rdf:Description rdf:about="http://pl.dbpedia.org/resource/Museum_Mayer_van_den_Bergh">
    <owl:sameAs rdf:resource="http://dbpedia.org/resource/Museum_Mayer_van_den_Bergh" />
  </rdf:Description>
  <rdf:Description rdf:about="http://dbpedia.org/resource/Van_den_Bergh">
    <dbpedia-owl:wikiPageDisambiguates rdf:resource="http://dbpedia.org/resource/Museum_Mayer_van_den_Bergh" />
  </rdf:Description>
  <rdf:Description rdf:about="http://dbpedia.org/resource/Mayer_van_den_Bergh_Museum">
    <dbpedia-owl:wikiPageRedirects rdf:resource="http://dbpedia.org/resource/Museum_Mayer_van_den_Bergh" />
  </rdf:Description>
  <rdf:Description rdf:about="http://en.wikipedia.org/wiki/Museum_Mayer_van_den_Bergh">
    <foaf:primaryTopic rdf:resource="http://dbpedia.org/resource/Museum_Mayer_van_den_Bergh" />
  </rdf:Description>
  <rdf:Description rdf:about="http://nl.dbpedia.org/resource/Kunstverzameling_Fritz_Mayer_van_den_Bergh">
    <owl:sameAs rdf:resource="http://dbpedia.org/resource/Museum_Mayer_van_den_Bergh" />
  </rdf:Description>
  <rdf:Description rdf:about="http://wikidata.dbpedia.org/resource/Q1699233">
    <owl:sameAs rdf:resource="http://dbpedia.org/resource/Museum_Mayer_van_den_Bergh" />
  </rdf:Description>
  <rdf:Description rdf:about="http://br.dbpedia.org/resource/Mirdi_Mayer_van_den_Bergh">
    <owl:sameAs rdf:resource="http://dbpedia.org/resource/Museum_Mayer_van_den_Bergh" />
  </rdf:Description>
  <rdf:Description rdf:about="http://eo.dbpedia.org/resource/Muzeo_Mayer_van_den_Bergh">
    <owl:sameAs rdf:resource="http://dbpedia.org/resource/Museum_Mayer_van_den_Bergh" />
  </rdf:Description>
  <rdf:Description rdf:about="http://uk.dbpedia.org/resource/Музей_Маєра_ван_дер_Берга">
    <owl:sameAs rdf:resource="http://dbpedia.org/resource/Museum_Mayer_van_den_Bergh" />
  </rdf:Description>
</rdf:RDF>
