<?xml version="1.0" encoding="utf-8" ?>
<rdf:RDF
	xmlns:rdf="http://www.w3.org/1999/02/22-rdf-syntax-ns#"
	xmlns:rdfs="http://www.w3.org/2000/01/rdf-schema#"
	xmlns:owl="http://www.w3.org/2002/07/owl#"
	xmlns:dbpprop="http://dbpedia.org/property/"
	xmlns:dcterms="http://purl.org/dc/terms/"
	xmlns:dbpedia-owl="http://dbpedia.org/ontology/"
	xmlns:foaf="http://xmlns.com/foaf/0.1/"
	xmlns:geo="http://www.w3.org/2003/01/geo/wgs84_pos#"
	xmlns:ns8="http://www.w3.org/ns/prov#"
	xmlns:grs="http://www.georss.org/georss/" >
  <rdf:Description rdf:about="http://de.dbpedia.org/resource/Museum_of_Fine_Arts,_Houston">
    <owl:sameAs rdf:resource="http://dbpedia.org/resource/Museum_of_Fine_Arts,_Houston" />
  </rdf:Description>
  <rdf:Description rdf:about="http://fr.dbpedia.org/resource/Musée_des_beaux-arts_de_Houston">
    <owl:sameAs rdf:resource="http://dbpedia.org/resource/Museum_of_Fine_Arts,_Houston" />
  </rdf:Description>
  <rdf:Description rdf:about="http://dbpedia.org/resource/Houston_Film_Critics_Society_Awards_2008">
    <dbpprop:location rdf:resource="http://dbpedia.org/resource/Museum_of_Fine_Arts,_Houston" />
  </rdf:Description>
  <rdf:Description rdf:about="http://dbpedia.org/resource/Houston_Film_Critics_Society_Awards_2009">
    <dbpprop:location rdf:resource="http://dbpedia.org/resource/Museum_of_Fine_Arts,_Houston" />
  </rdf:Description>
  <rdf:Description rdf:about="http://dbpedia.org/resource/Houston_Film_Critics_Society_Awards_2010">
    <dbpprop:location rdf:resource="http://dbpedia.org/resource/Museum_of_Fine_Arts,_Houston" />
  </rdf:Description>
  <rdf:Description rdf:about="http://dbpedia.org/resource/Houston_Film_Critics_Society_Awards_2011">
    <dbpprop:location rdf:resource="http://dbpedia.org/resource/Museum_of_Fine_Arts,_Houston" />
  </rdf:Description>
  <rdf:Description rdf:about="http://it.dbpedia.org/resource/Houston_Museum_of_Fine_Arts">
    <owl:sameAs rdf:resource="http://dbpedia.org/resource/Museum_of_Fine_Arts,_Houston" />
  </rdf:Description>
  <rdf:Description rdf:about="http://ja.dbpedia.org/resource/ヒューストン美術館">
    <owl:sameAs rdf:resource="http://dbpedia.org/resource/Museum_of_Fine_Arts,_Houston" />
  </rdf:Description>
  <rdf:Description rdf:about="http://en.wikipedia.org/wiki/Museum_of_Fine_Arts,_Houston">
    <foaf:primaryTopic rdf:resource="http://dbpedia.org/resource/Museum_of_Fine_Arts,_Houston" />
  </rdf:Description>
  <rdf:Description rdf:about="http://dbpedia.org/resource/The_Pilgrim_(Marini)">
    <dbpprop:owner rdf:resource="http://dbpedia.org/resource/Museum_of_Fine_Arts,_Houston" />
  </rdf:Description>
  <rdf:Description rdf:about="http://dbpedia.org/resource/Museum_of_Fine_Arts,_Houston">
    <rdf:type rdf:resource="http://schema.org/Place" />
    <rdf:type rdf:resource="http://schema.org/Museum" />
    <rdf:type rdf:resource="http://www.opengis.net/gml/_Feature" />
    <rdf:type rdf:resource="http://dbpedia.org/class/yago/Depository103177349" />
    <rdf:type rdf:resource="http://dbpedia.org/class/yago/DecorativeArtsMuseumsInTheUnitedStates" />
    <rdf:type rdf:resource="http://dbpedia.org/ontology/ArchitecturalStructure" />
    <rdf:type rdf:resource="http://www.w3.org/2002/07/owl#Thing" />
    <rdf:type rdf:resource="http://dbpedia.org/ontology/Museum" />
    <rdf:type rdf:resource="http://dbpedia.org/ontology/Place" />
    <rdf:type rdf:resource="http://dbpedia.org/class/yago/Whole100003553" />
    <rdf:type rdf:resource="http://dbpedia.org/ontology/Building" />
    <rdf:type rdf:resource="http://dbpedia.org/class/yago/ArtMuseumsInTexas" />
    <rdf:type rdf:resource="http://dbpedia.org/class/yago/PhysicalEntity100001930" />
    <rdf:type rdf:resource="http://dbpedia.org/class/yago/ArtMuseumsEstablishedIn1900" />
    <rdf:type rdf:resource="http://dbpedia.org/class/yago/Object100002684" />
    <rdf:type rdf:resource="http://dbpedia.org/class/yago/Museum103800563" />
    <rdf:type rdf:resource="http://dbpedia.org/class/yago/YagoGeoEntity" />
    <rdf:type rdf:resource="http://dbpedia.org/class/yago/Facility103315023" />
    <rdf:type rdf:resource="http://dbpedia.org/class/yago/YagoPermanentlyLocatedEntity" />
    <rdf:type rdf:resource="http://dbpedia.org/class/yago/Artifact100021939" />
    <rdf:type rdf:resource="http://dbpedia.org/class/yago/MuseumsInHouston,Texas" />
    <owl:sameAs rdf:resource="http://it.dbpedia.org/resource/Houston_Museum_of_Fine_Arts" />
    <owl:sameAs rdf:resource="http://ja.dbpedia.org/resource/ヒューストン美術館" />
    <owl:sameAs rdf:resource="http://es.dbpedia.org/resource/Museo_de_Bellas_Artes_de_Houston" />
    <owl:sameAs rdf:resource="http://ca.dbpedia.org/resource/Museu_de_Belles_Arts_de_Houston" />
    <owl:sameAs rdf:resource="http://de.dbpedia.org/resource/Museum_of_Fine_Arts,_Houston" />
    <owl:sameAs rdf:resource="http://ru.dbpedia.org/resource/Музей_изящных_искусств_(Хьюстон)" />
    <owl:sameAs rdf:resource="http://fr.dbpedia.org/resource/Musée_des_beaux-arts_de_Houston" />
    <owl:sameAs rdf:resource="http://yago-knowledge.org/resource/Museum_of_Fine_Arts,_Houston" />
    <owl:sameAs rdf:resource="http://fa.dbpedia.org/resource/موزه_هنرهای_زیبای_هیوستون" />
    <owl:sameAs rdf:resource="http://nl.dbpedia.org/resource/Museum_of_Fine_Arts_(Houston)" />
    <owl:sameAs rdf:resource="http://dbpedia.org/resource/Museum_of_Fine_Arts,_Houston" />
    <owl:sameAs rdf:resource="http://rdf.freebase.com/ns/m.0cfztb" />
    <owl:sameAs rdf:resource="http://uk.dbpedia.org/resource/Музей_образотворчих_мистецтв_(Х&#39;юстон)" />
    <owl:sameAs rdf:resource="http://www.wikidata.org/entity/Q1565911" />
    <dbpprop:interimDirector xml:lang="en">Gwendolyn H. Goffe</dbpprop:interimDirector>
    <dcterms:subject rdf:resource="http://dbpedia.org/resource/Category:Museums_of_American_art" />
    <dcterms:subject rdf:resource="http://dbpedia.org/resource/Category:Art_museums_established_in_1900" />
    <dcterms:subject rdf:resource="http://dbpedia.org/resource/Category:Rafael_Moneo_buildings" />
    <dcterms:subject rdf:resource="http://dbpedia.org/resource/Category:Museums_in_Houston,_Texas" />
    <dcterms:subject rdf:resource="http://dbpedia.org/resource/Category:1900_establishments_in_the_United_States" />
    <dcterms:subject rdf:resource="http://dbpedia.org/resource/Category:Ludwig_Mies_van_der_Rohe_buildings" />
    <dcterms:subject rdf:resource="http://dbpedia.org/resource/Category:Modernist_architecture_in_Texas" />
    <dcterms:subject rdf:resource="http://dbpedia.org/resource/Category:Art_museums_in_Texas" />
    <dcterms:subject rdf:resource="http://dbpedia.org/resource/Category:Museum_of_Fine_Arts,_Houston" />
    <dcterms:subject rdf:resource="http://dbpedia.org/resource/Category:Decorative_arts_museums_in_the_United_States" />
    <dbpedia-owl:abstract xml:lang="it">Lo Houston Museum of Fine Arts (in italiano Museo delle Belle Arti di Houston) è un museo situato a Houston, in Texas. È uno dei maggiori musei degli Stati Uniti: ospita infatti 40.000 oggetti risalenti agli ultimi 6.000 anni di storia. Il Law Building venne realizzato nel 1924, ampliato su progetto di Mies van der Rohe tra il 1958 e il 1974 e ulteriormente arricchito con un Giardino delle Sculture ad opera di Isamu Noguchi nel 1986. Il nuovo ampliamento, reso necessario da ulteriori spazi espositivi, uffici, workshop e parcheggi, si presenta come un blocco in pietra chiara, dalle forme rigide e dalle superficie piene.</dbpedia-owl:abstract>
    <dbpedia-owl:abstract xml:lang="de">Das Museum of Fine Arts ist ein 1924 eröffnetes Kunstmuseum in Houston. Es ist das größte Museum für Kunst im Bundesstaat Texas. Die Sammlung des Museum of Fine Arts umfasst 62.000 Objekte aus aller Welt von der Antike bis hin zur Modernen Kunst. Das Museum, das zudem mit der Hirsch Library die größte Kunstbibliothek im Südwesten der USA besitzt, wird jährlich von über 3,6 Millionen Menschen besucht .</dbpedia-owl:abstract>
    <dbpedia-owl:abstract xml:lang="fr">Le musée des beaux-arts de Houston, est situé dans la ville de Houston au Texas. Il s&#39;agit du plus grand musée d&#39;art de l&#39;État. Les collections rassemblent plus de œuvres s&#39;étalant sur une période de 6 000 ans.</dbpedia-owl:abstract>
    <dbpedia-owl:abstract xml:lang="es">El Museo de Bellas Artes de Houston (Museum of Fine Arts, Houston, MFAH) es un museo de bellas artes en el Houston Museum District, Houston, Texas. MFAH tiene dos edificios de galerías (Edificio Audrey Jones Beck y Edificio Caroline Wiess Law), jardín de esculturas Lillie y Hugh Roy Cullen, una biblioteca, una sala de cine, una cafetería, un centro de visitantes, dos escuelas de bellas artes de la escuela de arte Glassell, y dos museos de casas históricas. Tiene el Centro Internacional para las Artes del Continente (International Center for the Arts of the Americas, ICAA) una institución de investigación de las artes de Latinoamérica y latinos en los Estados Unidos del Siglo XX.</dbpedia-owl:abstract>
    <dbpedia-owl:abstract xml:lang="ru">Музе́й изя́щных иску́сств (англ.  Museum of Fine Arts, Houston, сокращённо MFAH) находится в городе Хьюстон, штат Техас, США. Он является одним из самых крупных художественных музеев в США и самым крупным в Техасе. Постоянная коллекция музея охватывает более чем шеститысячелетнюю историю и содержит более 63 тысяч экспонатов. Основные коллекции музея главным образом расположены в двух соседних строениях (соединённых подземным переходом) — здании Одри Джонс Бек (англ.  The Audrey Jones Beck Building) и здании Кэролайн Висс Лоу (англ.  The Caroline Wiess Law Building). Кроме этого, в состав музея входят сад скульптур Лилли и Хью Роя Каллена (англ.  The Lillie and Hugh Roy Cullen Sculpture Garden), Школа искусств и начальная школа Глэсселла (англ.  Glassell School of Art and Glassell Junior School), собрания и сады Байю-Бенд (англ.  Bayou Bend Collection and Gardens) и здание Риенци (Rienzi).</dbpedia-owl:abstract>
    <dbpedia-owl:abstract xml:lang="ja">ヒューストン美術館（英語: The Museum of Fine Arts, Houston、略称 MFAH）は、アメリカ合衆国テキサス州ヒューストンにある、全米屈指の規模の美術館である。美術館の収蔵品は60,000点近くにのぼり、世界各国の6,000年前から現代に至る様々な作品を収集している。 美術館は展覧会などのプログラムや出版などを通じてヒューストンの社会に恩恵を与えており、展覧会、ワークショップ、リソース・センターなどを訪れる客は年間125万人に及ぶ。また美術館の館外活動には50万人以上が参加する。</dbpedia-owl:abstract>
    <dbpedia-owl:abstract xml:lang="nl">Het Museum of Fine Arts (Houston) of MFAH is een van de grootste kunstmusea in de Verenigde Staten, gelegen aan weerszijden van de Bissonnet Street in het Houston Museum District van Houston in de staat Texas.</dbpedia-owl:abstract>
    <dbpedia-owl:abstract xml:lang="en">The Museum of Fine Arts, Houston (MFAH), located in the Houston Museum District, Houston, is one of the largest museums in the United States. The permanent collection of the museum spans more than 6,000 years of history with approximately 64,000 works from six continents. The museum benefits the Houston community through programs, publications and media presentations. Each year, 1.25 million people benefit from museum&#39;s programs, workshops and resource centers. Of that total, more than 500,000 people participate in the community outreach programs.</dbpedia-owl:abstract>
    <dbpedia-owl:location rdf:resource="http://dbpedia.org/resource/Houston" />
    <dbpedia-owl:wikiPageID rdf:datatype="http://www.w3.org/2001/XMLSchema#integer">4661323</dbpedia-owl:wikiPageID>
    <dbpedia-owl:wikiPageRevisionID rdf:datatype="http://www.w3.org/2001/XMLSchema#integer">545238024</dbpedia-owl:wikiPageRevisionID>
    <rdfs:label xml:lang="it">Houston Museum of Fine Arts</rdfs:label>
    <rdfs:label xml:lang="en">Museum of Fine Arts, Houston</rdfs:label>
    <rdfs:label xml:lang="nl">Museum of Fine Arts (Houston)</rdfs:label>
    <rdfs:label xml:lang="es">Museo de Bellas Artes de Houston</rdfs:label>
    <rdfs:label xml:lang="ja">ヒューストン美術館</rdfs:label>
    <rdfs:label xml:lang="ru">Музей изящных искусств (Хьюстон)</rdfs:label>
    <rdfs:label xml:lang="fr">Musée des beaux-arts de Houston</rdfs:label>
    <rdfs:label xml:lang="de">Museum of Fine Arts, Houston</rdfs:label>
    <foaf:depiction rdf:resource="http://upload.wikimedia.org/wikipedia/commons/0/05/MFA_houston.jpg" />
    <rdfs:comment xml:lang="en">The Museum of Fine Arts, Houston (MFAH), located in the Houston Museum District, Houston, is one of the largest museums in the United States. The permanent collection of the museum spans more than 6,000 years of history with approximately 64,000 works from six continents. The museum benefits the Houston community through programs, publications and media presentations. Each year, 1.25 million people benefit from museum&#39;s programs, workshops and resource centers.</rdfs:comment>
    <rdfs:comment xml:lang="ja">ヒューストン美術館（英語: The Museum of Fine Arts, Houston、略称 MFAH）は、アメリカ合衆国テキサス州ヒューストンにある、全米屈指の規模の美術館である。美術館の収蔵品は60,000点近くにのぼり、世界各国の6,000年前から現代に至る様々な作品を収集している。 美術館は展覧会などのプログラムや出版などを通じてヒューストンの社会に恩恵を与えており、展覧会、ワークショップ、リソース・センターなどを訪れる客は年間125万人に及ぶ。また美術館の館外活動には50万人以上が参加する。</rdfs:comment>
    <rdfs:comment xml:lang="nl">Het Museum of Fine Arts (Houston) of MFAH is een van de grootste kunstmusea in de Verenigde Staten, gelegen aan weerszijden van de Bissonnet Street in het Houston Museum District van Houston in de staat Texas.</rdfs:comment>
    <rdfs:comment xml:lang="fr">Le musée des beaux-arts de Houston, est situé dans la ville de Houston au Texas. Il s&#39;agit du plus grand musée d&#39;art de l&#39;État. Les collections rassemblent plus de œuvres s&#39;étalant sur une période de 6 000 ans.</rdfs:comment>
    <rdfs:comment xml:lang="de">Das Museum of Fine Arts ist ein 1924 eröffnetes Kunstmuseum in Houston. Es ist das größte Museum für Kunst im Bundesstaat Texas. Die Sammlung des Museum of Fine Arts umfasst 62.000 Objekte aus aller Welt von der Antike bis hin zur Modernen Kunst. Das Museum, das zudem mit der Hirsch Library die größte Kunstbibliothek im Südwesten der USA besitzt, wird jährlich von über 3,6 Millionen Menschen besucht .</rdfs:comment>
    <rdfs:comment xml:lang="es">El Museo de Bellas Artes de Houston (Museum of Fine Arts, Houston, MFAH) es un museo de bellas artes en el Houston Museum District, Houston, Texas. MFAH tiene dos edificios de galerías (Edificio Audrey Jones Beck y Edificio Caroline Wiess Law), jardín de esculturas Lillie y Hugh Roy Cullen, una biblioteca, una sala de cine, una cafetería, un centro de visitantes, dos escuelas de bellas artes de la escuela de arte Glassell, y dos museos de casas históricas.</rdfs:comment>
    <rdfs:comment xml:lang="ru">Музе́й изя́щных иску́сств (англ.  Museum of Fine Arts, Houston, сокращённо MFAH) находится в городе Хьюстон, штат Техас, США. Он является одним из самых крупных художественных музеев в США и самым крупным в Техасе. Постоянная коллекция музея охватывает более чем шеститысячелетнюю историю и содержит более 63 тысяч экспонатов. Основные коллекции музея главным образом расположены в двух соседних строениях (соединённых подземным переходом) — здании Одри Джонс Бек (англ.</rdfs:comment>
    <rdfs:comment xml:lang="it">Lo Houston Museum of Fine Arts (in italiano Museo delle Belle Arti di Houston) è un museo situato a Houston, in Texas. È uno dei maggiori musei degli Stati Uniti: ospita infatti 40.000 oggetti risalenti agli ultimi 6.000 anni di storia. Il Law Building venne realizzato nel 1924, ampliato su progetto di Mies van der Rohe tra il 1958 e il 1974 e ulteriormente arricchito con un Giardino delle Sculture ad opera di Isamu Noguchi nel 1986.</rdfs:comment>
    <foaf:name xml:lang="en">The Museum of Fine Arts, Houston</foaf:name>
    <dbpedia-owl:thumbnail rdf:resource="http://upload.wikimedia.org/wikipedia/commons/thumb/0/05/MFA_houston.jpg/200px-MFA_houston.jpg" />
    <dbpedia-owl:type rdf:resource="http://dbpedia.org/resource/Institute" />
    <dbpedia-owl:type rdf:resource="http://dbpedia.org/resource/Art_museum" />
    <dbpedia-owl:type rdf:resource="http://dbpedia.org/resource/Library" />
    <dbpedia-owl:wikiPageExternalLink rdf:resource="http://texashistory.unt.edu/browse/contributor/MFAH/" />
    <dbpedia-owl:wikiPageExternalLink rdf:resource="http://www.mfah.org/" />
    <dbpedia-owl:wikiPageExternalLink rdf:resource="http://icaadocs.mfah.org/icaadocs/" />
    <dbpedia-owl:wikiPageExternalLink rdf:resource="http://texashistory.unt.edu/" />
    <dbpprop:caption xml:lang="en">Watkin Building</dbpprop:caption>
    <dbpprop:established rdf:datatype="http://www.w3.org/2001/XMLSchema#integer">1900</dbpprop:established>
    <dbpprop:imagesize rdf:datatype="http://www.w3.org/2001/XMLSchema#integer">250</dbpprop:imagesize>
    <dbpprop:location xml:lang="en">Houston, TX 77005 United States</dbpprop:location>
    <dbpprop:location rdf:datatype="http://www.w3.org/2001/XMLSchema#integer">1001</dbpprop:location>
    <dbpprop:name xml:lang="en">The Museum of Fine Arts, Houston</dbpprop:name>
    <dbpprop:publictransit xml:lang="en">Museum District</dbpprop:publictransit>
    <dbpprop:type xml:lang="en">Art Museum, Institute, Library, Sculpture Park</dbpprop:type>
    <dbpprop:website rdf:resource="http://www.mfah.org/" />
    <foaf:homepage rdf:resource="http://www.mfah.org/" />
    <geo:geometry rdf:datatype="http://www.openlinksw.com/schemas/virtrdf#Geometry">POINT(-95.3904 29.7257)</geo:geometry>
    <foaf:isPrimaryTopicOf rdf:resource="http://en.wikipedia.org/wiki/Museum_of_Fine_Arts,_Houston" />
    <geo:long rdf:datatype="http://www.w3.org/2001/XMLSchema#float">-95.3904</geo:long>
    <geo:lat rdf:datatype="http://www.w3.org/2001/XMLSchema#float">29.7257</geo:lat>
    <ns8:wasDerivedFrom rdf:resource="http://en.wikipedia.org/wiki/Museum_of_Fine_Arts,_Houston?oldid=545238024" />
    <grs:point xml:lang="en">29.725694444444443 -95.39041666666667</grs:point>
    <dbpprop:hasPhotoCollection rdf:resource="http://wifo5-03.informatik.uni-mannheim.de/flickrwrappr/photos/Museum_of_Fine_Arts,_Houston" />
  </rdf:Description>
  <rdf:Description rdf:about="http://dbpedia.org/resource/MFAH">
    <dbpedia-owl:wikiPageRedirects rdf:resource="http://dbpedia.org/resource/Museum_of_Fine_Arts,_Houston" />
  </rdf:Description>
  <rdf:Description rdf:about="http://dbpedia.org/resource/Museum_of_Fine_Arts">
    <dbpedia-owl:wikiPageDisambiguates rdf:resource="http://dbpedia.org/resource/Museum_of_Fine_Arts,_Houston" />
  </rdf:Description>
  <rdf:Description rdf:about="http://ru.dbpedia.org/resource/Музей_изящных_искусств_(Хьюстон)">
    <owl:sameAs rdf:resource="http://dbpedia.org/resource/Museum_of_Fine_Arts,_Houston" />
  </rdf:Description>
  <rdf:Description rdf:about="http://dbpedia.org/resource/Woman_in_a_Purple_Coat">
    <dbpedia-owl:museum rdf:resource="http://dbpedia.org/resource/Museum_of_Fine_Arts,_Houston" />
    <dbpprop:museum rdf:resource="http://dbpedia.org/resource/Museum_of_Fine_Arts,_Houston" />
  </rdf:Description>
  <rdf:Description rdf:about="http://dbpedia.org/resource/The_Museum_of_Fine_Arts,_Houston">
    <dbpedia-owl:wikiPageRedirects rdf:resource="http://dbpedia.org/resource/Museum_of_Fine_Arts,_Houston" />
  </rdf:Description>
  <rdf:Description rdf:about="http://dbpedia.org/resource/Houston_Museum_of_Fine_Arts">
    <dbpedia-owl:wikiPageRedirects rdf:resource="http://dbpedia.org/resource/Museum_of_Fine_Arts,_Houston" />
  </rdf:Description>
  <rdf:Description rdf:about="http://dbpedia.org/resource/Museum_of_Fine_Arts_(Houston)">
    <dbpedia-owl:wikiPageRedirects rdf:resource="http://dbpedia.org/resource/Museum_of_Fine_Arts,_Houston" />
  </rdf:Description>
  <rdf:Description rdf:about="http://dbpedia.org/resource/Museum_of_Fine_Arts_Houston">
    <dbpedia-owl:wikiPageRedirects rdf:resource="http://dbpedia.org/resource/Museum_of_Fine_Arts,_Houston" />
  </rdf:Description>
  <rdf:Description rdf:about="http://dbpedia.org/resource/The_Elder_Sister">
    <dbpedia-owl:museum rdf:resource="http://dbpedia.org/resource/Museum_of_Fine_Arts,_Houston" />
    <dbpprop:museum rdf:resource="http://dbpedia.org/resource/Museum_of_Fine_Arts,_Houston" />
  </rdf:Description>
  <rdf:Description rdf:about="http://dbpedia.org/resource/Les_orangers">
    <dbpedia-owl:museum rdf:resource="http://dbpedia.org/resource/Museum_of_Fine_Arts,_Houston" />
    <dbpprop:museum rdf:resource="http://dbpedia.org/resource/Museum_of_Fine_Arts,_Houston" />
  </rdf:Description>
  <rdf:Description rdf:about="http://es.dbpedia.org/resource/Museo_de_Bellas_Artes_de_Houston">
    <owl:sameAs rdf:resource="http://dbpedia.org/resource/Museum_of_Fine_Arts,_Houston" />
  </rdf:Description>
  <rdf:Description rdf:about="http://nl.dbpedia.org/resource/Museum_of_Fine_Arts_(Houston)">
    <owl:sameAs rdf:resource="http://dbpedia.org/resource/Museum_of_Fine_Arts,_Houston" />
  </rdf:Description>
  <rdf:Description rdf:about="http://wikidata.dbpedia.org/resource/Q1565911">
    <owl:sameAs rdf:resource="http://dbpedia.org/resource/Museum_of_Fine_Arts,_Houston" />
  </rdf:Description>
  <rdf:Description rdf:about="http://ca.dbpedia.org/resource/Museu_de_Belles_Arts_de_Houston">
    <owl:sameAs rdf:resource="http://dbpedia.org/resource/Museum_of_Fine_Arts,_Houston" />
  </rdf:Description>
  <rdf:Description rdf:about="http://fa.dbpedia.org/resource/موزه_هنرهای_زیبای_هیوستون">
    <owl:sameAs rdf:resource="http://dbpedia.org/resource/Museum_of_Fine_Arts,_Houston" />
  </rdf:Description>
  <rdf:Description rdf:about="http://uk.dbpedia.org/resource/Музей_образотворчих_мистецтв_(Х&#39;юстон)">
    <owl:sameAs rdf:resource="http://dbpedia.org/resource/Museum_of_Fine_Arts,_Houston" />
  </rdf:Description>
</rdf:RDF>
