<?xml version="1.0" encoding="utf-8" ?>
<rdf:RDF
	xmlns:rdf="http://www.w3.org/1999/02/22-rdf-syntax-ns#"
	xmlns:rdfs="http://www.w3.org/2000/01/rdf-schema#"
	xmlns:owl="http://www.w3.org/2002/07/owl#"
	xmlns:dcterms="http://purl.org/dc/terms/"
	xmlns:dbpedia-owl="http://dbpedia.org/ontology/"
	xmlns:foaf="http://xmlns.com/foaf/0.1/"
	xmlns:dbpprop="http://dbpedia.org/property/"
	xmlns:geo="http://www.w3.org/2003/01/geo/wgs84_pos#"
	xmlns:ns8="http://www.w3.org/ns/prov#"
	xmlns:grs="http://www.georss.org/georss/" >
  <rdf:Description rdf:about="http://dbpedia.org/resource/Museum_of_Fine_Arts,_Boston">
    <rdf:type rdf:resource="http://dbpedia.org/class/yago/MuseumsOfAncientGreece" />
    <rdf:type rdf:resource="http://dbpedia.org/class/yago/YagoPermanentlyLocatedEntity" />
    <rdf:type rdf:resource="http://dbpedia.org/class/yago/MuseumsOfJapaneseCultureAbroadInTheUnitedStates" />
    <rdf:type rdf:resource="http://dbpedia.org/class/yago/Location100027167" />
    <rdf:type rdf:resource="http://dbpedia.org/class/yago/MuseumsOfAncientRome" />
    <rdf:type rdf:resource="http://dbpedia.org/ontology/ArchitecturalStructure" />
    <rdf:type rdf:resource="http://dbpedia.org/ontology/Place" />
    <rdf:type rdf:resource="http://dbpedia.org/class/yago/Point108620061" />
    <rdf:type rdf:resource="http://dbpedia.org/ontology/Building" />
    <rdf:type rdf:resource="http://dbpedia.org/class/yago/Landmark108624891" />
    <rdf:type rdf:resource="http://dbpedia.org/ontology/Museum" />
    <rdf:type rdf:resource="http://dbpedia.org/class/yago/MuseumsInBoston,Massachusetts" />
    <rdf:type rdf:resource="http://dbpedia.org/class/yago/PhysicalEntity100001930" />
    <rdf:type rdf:resource="http://dbpedia.org/class/yago/ArtMuseumsInMassachusetts" />
    <rdf:type rdf:resource="http://dbpedia.org/class/yago/Whole100003553" />
    <rdf:type rdf:resource="http://dbpedia.org/class/yago/ArtMuseumsEstablishedIn1870" />
    <rdf:type rdf:resource="http://www.w3.org/2002/07/owl#Thing" />
    <rdf:type rdf:resource="http://dbpedia.org/class/yago/LandmarksInBoston,Massachusetts" />
    <rdf:type rdf:resource="http://dbpedia.org/class/yago/Position108621598" />
    <rdf:type rdf:resource="http://dbpedia.org/class/yago/Artifact100021939" />
    <rdf:type rdf:resource="http://dbpedia.org/class/yago/YagoGeoEntity" />
    <rdf:type rdf:resource="http://dbpedia.org/class/yago/Museum103800563" />
    <rdf:type rdf:resource="http://dbpedia.org/class/yago/Depository103177349" />
    <rdf:type rdf:resource="http://schema.org/Museum" />
    <rdf:type rdf:resource="http://schema.org/Place" />
    <rdf:type rdf:resource="http://dbpedia.org/class/yago/Object100002684" />
    <rdf:type rdf:resource="http://dbpedia.org/class/yago/YagoLegalActorGeo" />
    <rdf:type rdf:resource="http://www.opengis.net/gml/_Feature" />
    <rdf:type rdf:resource="http://dbpedia.org/class/yago/Facility103315023" />
    <owl:sameAs rdf:resource="http://th.dbpedia.org/resource/พิพิธภัณฑ์วิจิตรศิลป์,_บอสตัน" />
    <owl:sameAs rdf:resource="http://www.wikidata.org/entity/Q49133" />
    <owl:sameAs rdf:resource="http://fa.dbpedia.org/resource/موزه_هنرهای_زیبا_(بوستون)" />
    <owl:sameAs rdf:resource="http://es.dbpedia.org/resource/Museo_de_Bellas_Artes_(Boston)" />
    <owl:sameAs rdf:resource="http://pt.dbpedia.org/resource/Museu_de_Belas_Artes_de_Boston" />
    <owl:sameAs rdf:resource="http://dbpedia.org/resource/Museum_of_Fine_Arts,_Boston" />
    <owl:sameAs rdf:resource="http://sws.geonames.org/4944804/" />
    <owl:sameAs rdf:resource="http://nl.dbpedia.org/resource/Museum_of_Fine_Arts_(Boston)" />
    <owl:sameAs rdf:resource="http://it.dbpedia.org/resource/Museum_of_Fine_Arts_(Boston)" />
    <owl:sameAs rdf:resource="http://de.dbpedia.org/resource/Museum_of_Fine_Arts,_Boston" />
    <owl:sameAs rdf:resource="http://ca.dbpedia.org/resource/Museu_de_Belles_Arts_de_Boston" />
    <owl:sameAs rdf:resource="http://vi.dbpedia.org/resource/Bảo_tàng_Mỹ_thuật_Boston" />
    <owl:sameAs rdf:resource="http://eu.dbpedia.org/resource/Bostongo_Arte_Ederren_Museoa" />
    <owl:sameAs rdf:resource="http://sh.dbpedia.org/resource/Muzej_lijepih_umjetnosti_(Boston)" />
    <owl:sameAs rdf:resource="http://ar.dbpedia.org/resource/متحف_الفنون_الجميلة_في_بوسطن" />
    <owl:sameAs rdf:resource="http://no.dbpedia.org/resource/Museum_of_Fine_Arts_(Boston)" />
    <owl:sameAs rdf:resource="http://cs.dbpedia.org/resource/Museum_of_Fine_Arts_(Boston)" />
    <owl:sameAs rdf:resource="http://gl.dbpedia.org/resource/Museum_of_Fine_Arts,_Boston" />
    <owl:sameAs rdf:resource="http://id.dbpedia.org/resource/Museum_of_Fine_Arts,_Boston" />
    <owl:sameAs rdf:resource="http://sw.cyc.com/concept/Mx4rvmJ3TZwpEbGdrcN5Y29ycA" />
    <owl:sameAs rdf:resource="http://sr.dbpedia.org/resource/Музеј_лепих_уметности_у_Бостону" />
    <owl:sameAs rdf:resource="http://ja.dbpedia.org/resource/ボストン美術館" />
    <owl:sameAs rdf:resource="http://zh.dbpedia.org/resource/波士頓美術館" />
    <owl:sameAs rdf:resource="http://mzn.dbpedia.org/resource/قشنگ_هنرون_موزه_(بوستون)" />
    <owl:sameAs rdf:resource="http://arz.dbpedia.org/resource/متحف_بوسطون_للفنون_الجميله" />
    <owl:sameAs rdf:resource="http://rdf.freebase.com/ns/m.04ftck" />
    <owl:sameAs rdf:resource="http://tt.dbpedia.org/resource/Sınlı_Sänğät_Muzeyı_(Boston)" />
    <owl:sameAs rdf:resource="http://ko.dbpedia.org/resource/보스턴_미술관" />
    <owl:sameAs rdf:resource="http://ru.dbpedia.org/resource/Музей_изящных_искусств_(Бостон)" />
    <owl:sameAs rdf:resource="http://tr.dbpedia.org/resource/Boston_Güzel_Sanatlar_Müzesi" />
    <owl:sameAs rdf:resource="http://sv.dbpedia.org/resource/Museum_of_Fine_Arts,_Boston" />
    <owl:sameAs rdf:resource="http://uk.dbpedia.org/resource/Бостонський_музей_образотворчих_мистецтв" />
    <owl:sameAs rdf:resource="http://yago-knowledge.org/resource/Museum_of_Fine_Arts,_Boston" />
    <owl:sameAs rdf:resource="http://fi.dbpedia.org/resource/Museum_of_Fine_Arts_(Boston)" />
    <owl:sameAs rdf:resource="http://pl.dbpedia.org/resource/Museum_of_Fine_Arts_w_Bostonie" />
    <owl:sameAs rdf:resource="http://fr.dbpedia.org/resource/Musée_des_beaux-arts_de_Boston" />
    <dcterms:subject rdf:resource="http://dbpedia.org/resource/Category:Museums_in_Boston,_Massachusetts" />
    <dcterms:subject rdf:resource="http://dbpedia.org/resource/Category:Institutions_accredited_by_the_American_Alliance_of_Museums" />
    <dcterms:subject rdf:resource="http://dbpedia.org/resource/Category:Landmarks_in_Boston,_Massachusetts" />
    <dcterms:subject rdf:resource="http://dbpedia.org/resource/Category:1870_establishments_in_the_United_States" />
    <dcterms:subject rdf:resource="http://dbpedia.org/resource/Category:Art_museums_established_in_1870" />
    <dcterms:subject rdf:resource="http://dbpedia.org/resource/Category:Museums_of_Ancient_Greece" />
    <dcterms:subject rdf:resource="http://dbpedia.org/resource/Category:Art_museums_in_Massachusetts" />
    <dcterms:subject rdf:resource="http://dbpedia.org/resource/Category:Museums_of_Ancient_Rome" />
    <dcterms:subject rdf:resource="http://dbpedia.org/resource/Category:Museums_of_American_art" />
    <dcterms:subject rdf:resource="http://dbpedia.org/resource/Category:Culture_of_Boston,_Massachusetts" />
    <dcterms:subject rdf:resource="http://dbpedia.org/resource/Category:Fenway%E2%80%93Kenmore" />
    <dcterms:subject rdf:resource="http://dbpedia.org/resource/Category:Museums_of_Japanese_culture_abroad_in_the_United_States" />
    <dcterms:subject rdf:resource="http://dbpedia.org/resource/Category:Cultural_infrastructure_completed_in_1909" />
    <dcterms:subject rdf:resource="http://dbpedia.org/resource/Category:Egyptological_collections_in_the_United_States" />
    <dcterms:subject rdf:resource="http://dbpedia.org/resource/Category:Museum_of_Fine_Arts,_Boston" />
    <dbpedia-owl:abstract xml:lang="es">El Museo de Bellas Artes de Boston (en inglés, Museum of Fine Arts), en Boston, Massachusetts, es uno de los museos más importantes de los Estados Unidos y contiene la segunda colección permanente más grande en ese país, tras la del Museo Metropolitano de Arte en Nueva York. El director actual del museo es Malcolm Rogers. Fue creado en el año 1870 y se inauguró en 1876, con una gran parte de sus colecciones tomada de la galería de arte del Ateneo de Boston. Está ubicado en la Avenida Huntington de Boston desde el año 1909. Además de su finalidad conservadora, el museo está asociado con una academia de arte, la Escuela de Bellas Artes de Boston, y un museo hermano, en Nagoya/Boston Museum of Fine Arts, en Nagoya, Japón. Algunas de las secciones más destacadas del museo del museo son: Antigüedades egipcias, incluyendo esculturas, sarcófagos y joyería. Pintura europea antigua, con obras maestras de Rogier van der Weyden, El Greco, Velázquez, Jacob Jordaens, Rembrandt... Pintura impresionista y postimpresionista francesa, incluyendo cuadros de Paul Gauguin como ¿De dónde venimos? ¿A dónde vamos? (D&#39;où venons-nous? Que sommes-nous? Où allons-nous?) y obras de Manet, Renoir, Degas, Monet, Van Gogh, Cézanne, entre otros. Pintores estadounidenses de los siglos XVIII y XIX, incluyendo muchas obras de John Singleton Copley, Winslow Homer y John Singer Sargent. La colección Edward S. Morse de 5.000 piezas de cerámica japonesa, que forma parte de la mayor colección de obras japonesas fuera de Japón. La Galería Gund, que alberga exposiciones temporales con un jardín japonés fuera del propio museo. Frecuentemente alberga exposiciones temporales, como la muestra Art of Star Wars (sobre diseños de La guerra de las galaxias) en 2002, que atrajo a más de 1.652.000 visitantes.</dbpedia-owl:abstract>
    <dbpedia-owl:abstract xml:lang="ru">Музей изящных искусств в Бостоне (англ.  The Museum of Fine Arts, Boston сокр. MFA) — один из крупнейших художественных музеев США. Учреждён в 1870 г. на базе Бостонского атенеума. В современном здании с колоннами — с 1909 г. Имеет филиал в Нагое, Япония. Собрание музея по величине является вторым в Северной и Южной Америке, уступая лишь музею Метрополитен в Нью-Йорке. Директором музея в настоящее время является Малкольм Роджерс.</dbpedia-owl:abstract>
    <dbpedia-owl:abstract xml:lang="pl">Museum of Fine Arts w Bostonie zapoczątkowało swoją działalność 4 lipca 1876. Budynek muzeum na Copley Square mieścił w sobie w tym czasie 5600 dzieł sztuki. Przez następne kilka lat kolekcja powiększała się. W 1909 muzeum zostało przeniesione do swojej obecnej lokalizacji na Huntington Avenue. Dziś jego kolekcja składa się z ok. 450 tysięcy eksponatów z rozmaitych okresów od starożytności do współczesności. Muzeum organizuje również tymczasowe wystawy i realizuje programy edukacyjne.</dbpedia-owl:abstract>
    <dbpedia-owl:abstract xml:lang="ja">ボストン美術館 (Museum of Fine Arts, Boston) は、アメリカ合衆国マサチューセッツ州ボストン市にある、世界有数の規模を誇る美術館である。</dbpedia-owl:abstract>
    <dbpedia-owl:abstract xml:lang="fr">Le musée des beaux-arts de Boston (Museum of Fine Arts, Boston), dans le Massachusetts, est l&#39;un des plus grands musées des États-Unis. L&#39;institution fut fondée en 1870 et ouvrit en 1876, après avoir emprunté une grosse partie des collections du Boston Athenæum. Le musée a emménagé dans ses locaux actuels de l&#39;avenue Huntington en 1909. Ses collections sont variées ; parmi les domaines les mieux représentés figurent l&#39;Antiquité, notamment de l&#39;Ancien Empire égyptien, et la peinture française de la fin du XIX siècle, avec par exemple la grande toile de Gauguin D&#39;où venons-nous ? Que sommes-nous ? Où allons-nous ?.</dbpedia-owl:abstract>
    <dbpedia-owl:abstract xml:lang="de">Das Museum of Fine Arts, Boston (Museum der schönen Künste) in Massachusetts ist eines der größten Museen in den Vereinigten Staaten.</dbpedia-owl:abstract>
    <dbpedia-owl:abstract xml:lang="en">The Museum of Fine Arts in Boston, Massachusetts, is one of the largest museums in the United States, attracting over one million visitors a year. It contains over 450,000 works of art, making it one of the most comprehensive collections in the Americas. It is also the 31st most visited art museum in the world, and the fifth most-visited in the United States, as of 2012. The museum was founded in 1870 and its current location dates to 1909. In addition to its curatorial undertakings, the museum is affiliated with an art academy, the School of the Museum of Fine Arts, and a sister museum, the Nagoya/Boston Museum of Fine Arts, in Nagoya, Japan. The current director of the museum is Malcolm Rogers.</dbpedia-owl:abstract>
    <dbpedia-owl:abstract xml:lang="pt">O Museu de Belas Artes de Boston em Boston, Massachusetts, é um dos maiores museus dos Estados Unidos e guarda a segunda maior coleção permanente de obras de arte na América, depois do Metropolitan Museum of Art, em New York. O museu foi criado em 1870 a abriu em 1876. O projeto foi do arquiteto Guy Lowell e sua construção é em estilo Neo-clássico. Atualmente está passando por uma reformulação. Alguns destaques da coleção: Artefatos de arte egípcia (esculturas, sarcófagos e jóias) Obras do Impressionismo Arte Norte-americana do século XVIII e XIX (John Singleton Copley, Winslow Homer e John Singer Sargent. A Coleção Morse de 5.000 peças de cerâmica japonesa</dbpedia-owl:abstract>
    <dbpedia-owl:abstract xml:lang="nl">Het Museum of Fine Arts is een museum in de Amerikaanse stad Boston. Het is met een bezoekersaantal van ongeveer een miljoen per jaar en een collectie van meer dan 450.000 voorwerpen een van de grootste musea in de Verenigde Staten. De directeur van het museum is Malcolm Rogers. Het Museum of Fine Arts werd op 4 februari 1870 opgericht om de groeiende verzameling van het Boston Athenæum in onder te brengen. Het museum opende op 4 juli 1876 zijn deuren in een door John H. Sturgis en Charles Brigham ontworpen gebouw in neogotische stijl aan Copley Square. Op 9 november 1909 verhuisde het museum naar het door Guy Lowell in neoclassicistische stijl ontworpen gebouw aan Huntington Avenue. Op 3 februari 1915 werd de Evansvleugel en op 25 oktober 1988 de Japanse tuin geopend. De collectie is verdeeld in acht afdelingen: Amerikaanse kunst Oudheden Aziatische, Oceanische en Afrikaanse kunst Europese kunst hedendaagse kunst muziekinstrumenten gravures, tekeningen en foto&#39;s textiel en mode. In 1999 werd een begin gemaakt met een grootschalige herbouw. De nieuwe vleugel voor Amerikaanse kunst naar ontwerp van Foster en Partners moet in 2010 klaar zijn. 	Nederlandse en Vlaamse kunst in het Museum of Fine Arts 		 			Memling Christ giving blessing. jpg 			 Hans Memling. Christus. 1481. 			 		 		 			Workshop of J. Bosch Pieter van Os with St Peter. jpg 			 			 		 		 			Eccehomo workshop bosch. jpg 			 Atelier van Jheronimus Bosch. Van Os-Van Langhel-drieluik. Ca. 1496-1500. 			 		 		 			Workshop of J. Bosch Hendrixke van Langhel with St Catherine. jpg 			 			 		 		 			Rembrandt The Artist in his studio. jpg 			 Rembrandt (en/of atelier). De schilder in zijn atelier. 1626-1628. 			 		 		 			Frans Hals Portrait Man. jpg 			 Frans Hals. Portret van een man. 1660-1666. 			 		 		 			Vincent van Gogh - Portret van de postbode Joseph Roulin. jpg 			 Vincent van Gogh. Portret van de postbode Joseph Roulin. 1888. 			 		 		 			Vincent Willem van Gogh 084. jpg 			 Vincent van Gogh. Portret van Augustine Roulin. 1889.</dbpedia-owl:abstract>
    <dbpedia-owl:abstract xml:lang="sv">Museum of Fine Arts i Boston i Massachusetts i USA är ett amerikanskt konstmuseum.</dbpedia-owl:abstract>
    <dbpedia-owl:abstract xml:lang="it">Il Museum of Fine Arts si trova negli Stati Uniti d&#39;America a Huntington Avenue 465 a Boston.</dbpedia-owl:abstract>
    <dbpedia-owl:abstract xml:lang="zh">波士頓美術館（Museum of Fine Arts, Boston，簡稱MFA），位于美國麻薩諸塞州波士頓，是全美最大博物馆之一。1876年7月4日美國建國百年時對外開放，之後在1909年迁到现址。館藏近45萬件艺术品，是全美藏品类型最多的博物馆之一，每年吸引超过一百万人次参观。2011年，它是全世界第31热门的艺术博物馆，美国第5热门的藝術博物馆。 博物馆有一附属艺术学院，名波士頓美術館學校（School of the Museum of Fine Arts, Boston），另有位于日本名古屋的姊妹馆，名為名古屋波士頓美術館。</dbpedia-owl:abstract>
    <dbpedia-owl:director rdf:resource="http://dbpedia.org/resource/Malcolm_Rogers_(curator)" />
    <dbpedia-owl:location rdf:resource="http://dbpedia.org/resource/Boston" />
    <dbpedia-owl:location rdf:resource="http://dbpedia.org/resource/Massachusetts" />
    <dbpedia-owl:location rdf:resource="http://dbpedia.org/resource/Huntington_Avenue" />
    <dbpedia-owl:wikiPageID rdf:datatype="http://www.w3.org/2001/XMLSchema#integer">1189247</dbpedia-owl:wikiPageID>
    <dbpedia-owl:wikiPageRevisionID rdf:datatype="http://www.w3.org/2001/XMLSchema#integer">548220417</dbpedia-owl:wikiPageRevisionID>
    <rdfs:label xml:lang="en">Museum of Fine Arts, Boston</rdfs:label>
    <rdfs:label xml:lang="sv">Museum of Fine Arts, Boston</rdfs:label>
    <rdfs:label xml:lang="de">Museum of Fine Arts, Boston</rdfs:label>
    <rdfs:label xml:lang="zh">波士頓美術館</rdfs:label>
    <rdfs:label xml:lang="it">Museum of Fine Arts (Boston)</rdfs:label>
    <rdfs:label xml:lang="ja">ボストン美術館</rdfs:label>
    <rdfs:label xml:lang="fr">Musée des beaux-arts de Boston</rdfs:label>
    <rdfs:label xml:lang="pt">Museu de Belas Artes de Boston</rdfs:label>
    <rdfs:label xml:lang="es">Museo de Bellas Artes (Boston)</rdfs:label>
    <rdfs:label xml:lang="nl">Museum of Fine Arts (Boston)</rdfs:label>
    <rdfs:label xml:lang="pl">Museum of Fine Arts w Bostonie</rdfs:label>
    <rdfs:label xml:lang="ru">Музей изящных искусств (Бостон)</rdfs:label>
    <foaf:depiction rdf:resource="http://upload.wikimedia.org/wikipedia/commons/b/b4/Mfa_boston_af.jpg" />
    <rdfs:comment xml:lang="it">Il Museum of Fine Arts si trova negli Stati Uniti d&#39;America a Huntington Avenue 465 a Boston.</rdfs:comment>
    <rdfs:comment xml:lang="zh">波士頓美術館（Museum of Fine Arts, Boston，簡稱MFA），位于美國麻薩諸塞州波士頓，是全美最大博物馆之一。1876年7月4日美國建國百年時對外開放，之後在1909年迁到现址。館藏近45萬件艺术品，是全美藏品类型最多的博物馆之一，每年吸引超过一百万人次参观。2011年，它是全世界第31热门的艺术博物馆，美国第5热门的藝術博物馆。 博物馆有一附属艺术学院，名波士頓美術館學校（School of the Museum of Fine Arts, Boston），另有位于日本名古屋的姊妹馆，名為名古屋波士頓美術館。</rdfs:comment>
    <rdfs:comment xml:lang="pl">Museum of Fine Arts w Bostonie zapoczątkowało swoją działalność 4 lipca 1876. Budynek muzeum na Copley Square mieścił w sobie w tym czasie 5600 dzieł sztuki. Przez następne kilka lat kolekcja powiększała się. W 1909 muzeum zostało przeniesione do swojej obecnej lokalizacji na Huntington Avenue. Dziś jego kolekcja składa się z ok. 450 tysięcy eksponatów z rozmaitych okresów od starożytności do współczesności. Muzeum organizuje również tymczasowe wystawy i realizuje programy edukacyjne.</rdfs:comment>
    <rdfs:comment xml:lang="fr">Le musée des beaux-arts de Boston (Museum of Fine Arts, Boston), dans le Massachusetts, est l&#39;un des plus grands musées des États-Unis. L&#39;institution fut fondée en 1870 et ouvrit en 1876, après avoir emprunté une grosse partie des collections du Boston Athenæum. Le musée a emménagé dans ses locaux actuels de l&#39;avenue Huntington en 1909.</rdfs:comment>
    <rdfs:comment xml:lang="pt">O Museu de Belas Artes de Boston em Boston, Massachusetts, é um dos maiores museus dos Estados Unidos e guarda a segunda maior coleção permanente de obras de arte na América, depois do Metropolitan Museum of Art, em New York. O museu foi criado em 1870 a abriu em 1876. O projeto foi do arquiteto Guy Lowell e sua construção é em estilo Neo-clássico. Atualmente está passando por uma reformulação.</rdfs:comment>
    <rdfs:comment xml:lang="de">Das Museum of Fine Arts, Boston (Museum der schönen Künste) in Massachusetts ist eines der größten Museen in den Vereinigten Staaten.</rdfs:comment>
    <rdfs:comment xml:lang="ru">Музей изящных искусств в Бостоне (англ.  The Museum of Fine Arts, Boston сокр. MFA) — один из крупнейших художественных музеев США. Учреждён в 1870 г. на базе Бостонского атенеума. В современном здании с колоннами — с 1909 г. Имеет филиал в Нагое, Япония. Собрание музея по величине является вторым в Северной и Южной Америке, уступая лишь музею Метрополитен в Нью-Йорке. Директором музея в настоящее время является Малкольм Роджерс.</rdfs:comment>
    <rdfs:comment xml:lang="es">El Museo de Bellas Artes de Boston (en inglés, Museum of Fine Arts), en Boston, Massachusetts, es uno de los museos más importantes de los Estados Unidos y contiene la segunda colección permanente más grande en ese país, tras la del Museo Metropolitano de Arte en Nueva York. El director actual del museo es Malcolm Rogers. Fue creado en el año 1870 y se inauguró en 1876, con una gran parte de sus colecciones tomada de la galería de arte del Ateneo de Boston.</rdfs:comment>
    <rdfs:comment xml:lang="en">The Museum of Fine Arts in Boston, Massachusetts, is one of the largest museums in the United States, attracting over one million visitors a year. It contains over 450,000 works of art, making it one of the most comprehensive collections in the Americas. It is also the 31st most visited art museum in the world, and the fifth most-visited in the United States, as of 2012. The museum was founded in 1870 and its current location dates to 1909.</rdfs:comment>
    <rdfs:comment xml:lang="nl">Het Museum of Fine Arts is een museum in de Amerikaanse stad Boston. Het is met een bezoekersaantal van ongeveer een miljoen per jaar en een collectie van meer dan 450.000 voorwerpen een van de grootste musea in de Verenigde Staten. De directeur van het museum is Malcolm Rogers. Het Museum of Fine Arts werd op 4 februari 1870 opgericht om de groeiende verzameling van het Boston Athenæum in onder te brengen. Het museum opende op 4 juli 1876 zijn deuren in een door John H.</rdfs:comment>
    <rdfs:comment xml:lang="ja">ボストン美術館 (Museum of Fine Arts, Boston) は、アメリカ合衆国マサチューセッツ州ボストン市にある、世界有数の規模を誇る美術館である。</rdfs:comment>
    <rdfs:comment xml:lang="sv">Museum of Fine Arts i Boston i Massachusetts i USA är ett amerikanskt konstmuseum.</rdfs:comment>
    <foaf:name xml:lang="en">Museum of Fine Arts, Boston</foaf:name>
    <dbpedia-owl:thumbnail rdf:resource="http://upload.wikimedia.org/wikipedia/commons/thumb/b/b4/Mfa_boston_af.jpg/200px-Mfa_boston_af.jpg" />
    <dbpedia-owl:wikiPageExternalLink rdf:resource="http://wcma.williams.edu/behind-the-scenes/museums-history/" />
    <dbpedia-owl:wikiPageExternalLink rdf:resource="http://www.mfa.org/" />
    <dbpprop:director rdf:resource="http://dbpedia.org/resource/Malcolm_Rogers_(curator)" />
    <dbpprop:established rdf:datatype="http://www.w3.org/2001/XMLSchema#integer">1870</dbpprop:established>
    <dbpprop:location xml:lang="en">Boston, Massachusetts 02115</dbpprop:location>
    <dbpprop:location rdf:datatype="http://www.w3.org/2001/XMLSchema#integer">465</dbpprop:location>
    <dbpprop:name xml:lang="en">Museum of Fine Arts, Boston</dbpprop:name>
    <dbpprop:publictransit xml:lang="en">Ruggles</dbpprop:publictransit>
    <dbpprop:publictransit xml:lang="en">Museum of Fine Arts</dbpprop:publictransit>
    <dbpprop:visitors xml:lang="en">Over 1 million visits annually</dbpprop:visitors>
    <dbpprop:website rdf:resource="http://www.mfa.org/" />
    <foaf:homepage rdf:resource="http://www.mfa.org/" />
    <geo:geometry rdf:datatype="http://www.openlinksw.com/schemas/virtrdf#Geometry">POINT(-71.0942 42.3392)</geo:geometry>
    <foaf:isPrimaryTopicOf rdf:resource="http://en.wikipedia.org/wiki/Museum_of_Fine_Arts,_Boston" />
    <geo:long rdf:datatype="http://www.w3.org/2001/XMLSchema#float">-71.0942</geo:long>
    <geo:lat rdf:datatype="http://www.w3.org/2001/XMLSchema#float">42.3392</geo:lat>
    <ns8:wasDerivedFrom rdf:resource="http://en.wikipedia.org/wiki/Museum_of_Fine_Arts,_Boston?oldid=548220417" />
    <grs:point xml:lang="en">42.339166666666664 -71.09416666666667</grs:point>
    <dbpprop:hasPhotoCollection rdf:resource="http://wifo5-03.informatik.uni-mannheim.de/flickrwrappr/photos/Museum_of_Fine_Arts,_Boston" />
  </rdf:Description>
  <rdf:Description rdf:about="http://dbpedia.org/resource/Appeal_to_the_Great_Spirit">
    <dbpprop:owner rdf:resource="http://dbpedia.org/resource/Museum_of_Fine_Arts,_Boston" />
  </rdf:Description>
  <rdf:Description rdf:about="http://dbpedia.org/resource/Guy_Lowell">
    <dbpedia-owl:significantBuilding rdf:resource="http://dbpedia.org/resource/Museum_of_Fine_Arts,_Boston" />
    <dbpprop:significantBuildings rdf:resource="http://dbpedia.org/resource/Museum_of_Fine_Arts,_Boston" />
  </rdf:Description>
  <rdf:Description rdf:about="http://dbpedia.org/resource/Meditation_by_the_Sea">
    <dbpedia-owl:museum rdf:resource="http://dbpedia.org/resource/Museum_of_Fine_Arts,_Boston" />
    <dbpprop:museum rdf:resource="http://dbpedia.org/resource/Museum_of_Fine_Arts,_Boston" />
  </rdf:Description>
  <rdf:Description rdf:about="http://dbpedia.org/resource/Victorine_Meurent">
    <dbpedia-owl:museum rdf:resource="http://dbpedia.org/resource/Museum_of_Fine_Arts,_Boston" />
    <dbpprop:museum rdf:resource="http://dbpedia.org/resource/Museum_of_Fine_Arts,_Boston" />
  </rdf:Description>
  <rdf:Description rdf:about="http://cs.dbpedia.org/resource/Museum_of_Fine_Arts_(Boston)">
    <owl:sameAs rdf:resource="http://dbpedia.org/resource/Museum_of_Fine_Arts,_Boston" />
  </rdf:Description>
  <rdf:Description rdf:about="http://pl.dbpedia.org/resource/Museum_of_Fine_Arts_w_Bostonie">
    <owl:sameAs rdf:resource="http://dbpedia.org/resource/Museum_of_Fine_Arts,_Boston" />
  </rdf:Description>
  <rdf:Description rdf:about="http://ru.dbpedia.org/resource/Музей_изящных_искусств_(Бостон)">
    <owl:sameAs rdf:resource="http://dbpedia.org/resource/Museum_of_Fine_Arts,_Boston" />
  </rdf:Description>
  <rdf:Description rdf:about="http://es.dbpedia.org/resource/Museo_de_Bellas_Artes_(Boston)">
    <owl:sameAs rdf:resource="http://dbpedia.org/resource/Museum_of_Fine_Arts,_Boston" />
  </rdf:Description>
  <rdf:Description rdf:about="http://fr.dbpedia.org/resource/Musée_des_beaux-arts_de_Boston">
    <owl:sameAs rdf:resource="http://dbpedia.org/resource/Museum_of_Fine_Arts,_Boston" />
  </rdf:Description>
  <rdf:Description rdf:about="http://ja.dbpedia.org/resource/ボストン美術館">
    <owl:sameAs rdf:resource="http://dbpedia.org/resource/Museum_of_Fine_Arts,_Boston" />
  </rdf:Description>
  <rdf:Description rdf:about="http://pt.dbpedia.org/resource/Museu_de_Belas_Artes_de_Boston">
    <owl:sameAs rdf:resource="http://dbpedia.org/resource/Museum_of_Fine_Arts,_Boston" />
  </rdf:Description>
  <rdf:Description rdf:about="http://dbpedia.org/resource/J._J._Lankes">
    <dbpedia-owl:training rdf:resource="http://dbpedia.org/resource/Museum_of_Fine_Arts,_Boston" />
  </rdf:Description>
  <rdf:Description rdf:about="http://dbpedia.org/resource/The_Daughters_of_Edward_Darley_Boit">
    <dbpedia-owl:museum rdf:resource="http://dbpedia.org/resource/Museum_of_Fine_Arts,_Boston" />
    <dbpprop:museum rdf:resource="http://dbpedia.org/resource/Museum_of_Fine_Arts,_Boston" />
  </rdf:Description>
  <rdf:Description rdf:about="http://dbpedia.org/resource/Saint_Luke_Drawing_the_Virgin">
    <dbpedia-owl:museum rdf:resource="http://dbpedia.org/resource/Museum_of_Fine_Arts,_Boston" />
    <dbpprop:museum rdf:resource="http://dbpedia.org/resource/Museum_of_Fine_Arts,_Boston" />
  </rdf:Description>
  <rdf:Description rdf:about="http://de.dbpedia.org/resource/Museum_of_Fine_Arts,_Boston">
    <owl:sameAs rdf:resource="http://dbpedia.org/resource/Museum_of_Fine_Arts,_Boston" />
  </rdf:Description>
  <rdf:Description rdf:about="http://ko.dbpedia.org/resource/보스턴_미술관">
    <owl:sameAs rdf:resource="http://dbpedia.org/resource/Museum_of_Fine_Arts,_Boston" />
  </rdf:Description>
  <rdf:Description rdf:about="http://dbpedia.org/resource/MFA">
    <dbpedia-owl:wikiPageDisambiguates rdf:resource="http://dbpedia.org/resource/Museum_of_Fine_Arts,_Boston" />
  </rdf:Description>
  <rdf:Description rdf:about="http://dbpedia.org/resource/The_Procuress_(Dirck_van_Baburen)">
    <dbpedia-owl:museum rdf:resource="http://dbpedia.org/resource/Museum_of_Fine_Arts,_Boston" />
    <dbpprop:museum rdf:resource="http://dbpedia.org/resource/Museum_of_Fine_Arts,_Boston" />
  </rdf:Description>
  <rdf:Description rdf:about="http://dbpedia.org/resource/Bocca_Baciata">
    <dbpedia-owl:museum rdf:resource="http://dbpedia.org/resource/Museum_of_Fine_Arts,_Boston" />
    <dbpprop:museum rdf:resource="http://dbpedia.org/resource/Museum_of_Fine_Arts,_Boston" />
  </rdf:Description>
  <rdf:Description rdf:about="http://dbpedia.org/resource/Prince_Balthasar_Charles_With_a_Dwarf">
    <dbpedia-owl:museum rdf:resource="http://dbpedia.org/resource/Museum_of_Fine_Arts,_Boston" />
    <dbpprop:museum rdf:resource="http://dbpedia.org/resource/Museum_of_Fine_Arts,_Boston" />
  </rdf:Description>
  <rdf:Description rdf:about="http://dbpedia.org/resource/The_Painter&#39;s_Honeymoon">
    <dbpedia-owl:museum rdf:resource="http://dbpedia.org/resource/Museum_of_Fine_Arts,_Boston" />
    <dbpprop:museum rdf:resource="http://dbpedia.org/resource/Museum_of_Fine_Arts,_Boston" />
  </rdf:Description>
  <rdf:Description rdf:about="http://dbpedia.org/resource/The_Death_of_General_Warren_at_the_Battle_of_Bunker&#39;s_Hill,_June_17,_1775">
    <dbpedia-owl:museum rdf:resource="http://dbpedia.org/resource/Museum_of_Fine_Arts,_Boston" />
    <dbpprop:museum rdf:resource="http://dbpedia.org/resource/Museum_of_Fine_Arts,_Boston" />
  </rdf:Description>
  <rdf:Description rdf:about="http://dbpedia.org/resource/The_Roulin_Family_(Van_Gogh_series)">
    <dbpedia-owl:museum rdf:resource="http://dbpedia.org/resource/Museum_of_Fine_Arts,_Boston" />
    <dbpprop:museum rdf:resource="http://dbpedia.org/resource/Museum_of_Fine_Arts,_Boston" />
  </rdf:Description>
  <rdf:Description rdf:about="http://dbpedia.org/resource/Boston&#39;s_Museum_of_Fine_Arts">
    <dbpedia-owl:wikiPageRedirects rdf:resource="http://dbpedia.org/resource/Museum_of_Fine_Arts,_Boston" />
  </rdf:Description>
  <rdf:Description rdf:about="http://dbpedia.org/resource/Boston_Museum_of_Fine_Art">
    <dbpedia-owl:wikiPageRedirects rdf:resource="http://dbpedia.org/resource/Museum_of_Fine_Arts,_Boston" />
  </rdf:Description>
  <rdf:Description rdf:about="http://dbpedia.org/resource/MFA_Boston">
    <dbpedia-owl:wikiPageRedirects rdf:resource="http://dbpedia.org/resource/Museum_of_Fine_Arts,_Boston" />
  </rdf:Description>
  <rdf:Description rdf:about="http://dbpedia.org/resource/Museum_of_Fine_Arts_(Boston)">
    <dbpedia-owl:wikiPageRedirects rdf:resource="http://dbpedia.org/resource/Museum_of_Fine_Arts,_Boston" />
  </rdf:Description>
  <rdf:Description rdf:about="http://dbpedia.org/resource/Museum_of_Fine_Arts">
    <dbpedia-owl:wikiPageDisambiguates rdf:resource="http://dbpedia.org/resource/Museum_of_Fine_Arts,_Boston" />
  </rdf:Description>
  <rdf:Description rdf:about="http://dbpedia.org/resource/Lawren_P._Harris">
    <dbpedia-owl:training rdf:resource="http://dbpedia.org/resource/Museum_of_Fine_Arts,_Boston" />
    <dbpprop:training rdf:resource="http://dbpedia.org/resource/Museum_of_Fine_Arts,_Boston" />
  </rdf:Description>
  <rdf:Description rdf:about="http://it.dbpedia.org/resource/Museum_of_Fine_Arts_(Boston)">
    <owl:sameAs rdf:resource="http://dbpedia.org/resource/Museum_of_Fine_Arts,_Boston" />
  </rdf:Description>
  <rdf:Description rdf:about="http://dbpedia.org/resource/Where_Do_We_Come_From%3F_What_Are_We%3F_Where_Are_We_Going%3F">
    <dbpedia-owl:museum rdf:resource="http://dbpedia.org/resource/Museum_of_Fine_Arts,_Boston" />
    <dbpprop:museum rdf:resource="http://dbpedia.org/resource/Museum_of_Fine_Arts,_Boston" />
  </rdf:Description>
  <rdf:Description rdf:about="http://dbpedia.org/resource/Boston_Museum_of_Fine_Arts">
    <dbpedia-owl:wikiPageRedirects rdf:resource="http://dbpedia.org/resource/Museum_of_Fine_Arts,_Boston" />
  </rdf:Description>
  <rdf:Description rdf:about="http://dbpedia.org/resource/Museum_of_fine_arts_Boston">
    <dbpedia-owl:wikiPageRedirects rdf:resource="http://dbpedia.org/resource/Museum_of_Fine_Arts,_Boston" />
  </rdf:Description>
  <rdf:Description rdf:about="http://en.wikipedia.org/wiki/Museum_of_Fine_Arts,_Boston">
    <foaf:primaryTopic rdf:resource="http://dbpedia.org/resource/Museum_of_Fine_Arts,_Boston" />
  </rdf:Description>
  <rdf:Description rdf:about="http://dbpedia.org/resource/Museum_of_Fine_Art">
    <dbpedia-owl:wikiPageDisambiguates rdf:resource="http://dbpedia.org/resource/Museum_of_Fine_Arts,_Boston" />
  </rdf:Description>
  <rdf:Description rdf:about="http://dbpedia.org/resource/Boston_MFA">
    <dbpedia-owl:wikiPageRedirects rdf:resource="http://dbpedia.org/resource/Museum_of_Fine_Arts,_Boston" />
  </rdf:Description>
  <rdf:Description rdf:about="http://nl.dbpedia.org/resource/Museum_of_Fine_Arts_(Boston)">
    <owl:sameAs rdf:resource="http://dbpedia.org/resource/Museum_of_Fine_Arts,_Boston" />
  </rdf:Description>
  <rdf:Description rdf:about="http://eu.dbpedia.org/resource/Bostongo_Arte_Ederren_Museoa">
    <owl:sameAs rdf:resource="http://dbpedia.org/resource/Museum_of_Fine_Arts,_Boston" />
  </rdf:Description>
  <rdf:Description rdf:about="http://dbpedia.org/resource/In_The_Loge">
    <dbpedia-owl:museum rdf:resource="http://dbpedia.org/resource/Museum_of_Fine_Arts,_Boston" />
    <dbpprop:museum rdf:resource="http://dbpedia.org/resource/Museum_of_Fine_Arts,_Boston" />
  </rdf:Description>
  <rdf:Description rdf:about="http://dbpedia.org/resource/Museum_of_Fine_Arts_in_Boston">
    <dbpedia-owl:wikiPageRedirects rdf:resource="http://dbpedia.org/resource/Museum_of_Fine_Arts,_Boston" />
  </rdf:Description>
  <rdf:Description rdf:about="http://wikidata.dbpedia.org/resource/Q49133">
    <owl:sameAs rdf:resource="http://dbpedia.org/resource/Museum_of_Fine_Arts,_Boston" />
  </rdf:Description>
  <rdf:Description rdf:about="http://zh.dbpedia.org/resource/波士頓美術館">
    <owl:sameAs rdf:resource="http://dbpedia.org/resource/Museum_of_Fine_Arts,_Boston" />
  </rdf:Description>
  <rdf:Description rdf:about="http://ar.dbpedia.org/resource/متحف_الفنون_الجميلة_في_بوسطن">
    <owl:sameAs rdf:resource="http://dbpedia.org/resource/Museum_of_Fine_Arts,_Boston" />
  </rdf:Description>
  <rdf:Description rdf:about="http://arz.dbpedia.org/resource/متحف_بوسطون_للفنون_الجميله">
    <owl:sameAs rdf:resource="http://dbpedia.org/resource/Museum_of_Fine_Arts,_Boston" />
  </rdf:Description>
  <rdf:Description rdf:about="http://ca.dbpedia.org/resource/Museu_de_Belles_Arts_de_Boston">
    <owl:sameAs rdf:resource="http://dbpedia.org/resource/Museum_of_Fine_Arts,_Boston" />
  </rdf:Description>
  <rdf:Description rdf:about="http://fa.dbpedia.org/resource/موزه_هنرهای_زیبا_(بوستون)">
    <owl:sameAs rdf:resource="http://dbpedia.org/resource/Museum_of_Fine_Arts,_Boston" />
  </rdf:Description>
  <rdf:Description rdf:about="http://fi.dbpedia.org/resource/Museum_of_Fine_Arts_(Boston)">
    <owl:sameAs rdf:resource="http://dbpedia.org/resource/Museum_of_Fine_Arts,_Boston" />
  </rdf:Description>
  <rdf:Description rdf:about="http://gl.dbpedia.org/resource/Museum_of_Fine_Arts,_Boston">
    <owl:sameAs rdf:resource="http://dbpedia.org/resource/Museum_of_Fine_Arts,_Boston" />
  </rdf:Description>
  <rdf:Description rdf:about="http://id.dbpedia.org/resource/Museum_of_Fine_Arts,_Boston">
    <owl:sameAs rdf:resource="http://dbpedia.org/resource/Museum_of_Fine_Arts,_Boston" />
  </rdf:Description>
  <rdf:Description rdf:about="http://mzn.dbpedia.org/resource/قشنگ_هنرون_موزه_(بوستون)">
    <owl:sameAs rdf:resource="http://dbpedia.org/resource/Museum_of_Fine_Arts,_Boston" />
  </rdf:Description>
  <rdf:Description rdf:about="http://no.dbpedia.org/resource/Museum_of_Fine_Arts_(Boston)">
    <owl:sameAs rdf:resource="http://dbpedia.org/resource/Museum_of_Fine_Arts,_Boston" />
  </rdf:Description>
  <rdf:Description rdf:about="http://sh.dbpedia.org/resource/Muzej_lijepih_umjetnosti_(Boston)">
    <owl:sameAs rdf:resource="http://dbpedia.org/resource/Museum_of_Fine_Arts,_Boston" />
  </rdf:Description>
  <rdf:Description rdf:about="http://sr.dbpedia.org/resource/Музеј_лепих_уметности_у_Бостону">
    <owl:sameAs rdf:resource="http://dbpedia.org/resource/Museum_of_Fine_Arts,_Boston" />
  </rdf:Description>
  <rdf:Description rdf:about="http://sv.dbpedia.org/resource/Museum_of_Fine_Arts,_Boston">
    <owl:sameAs rdf:resource="http://dbpedia.org/resource/Museum_of_Fine_Arts,_Boston" />
  </rdf:Description>
  <rdf:Description rdf:about="http://th.dbpedia.org/resource/พิพิธภัณฑ์วิจิตรศิลป์,_บอสตัน">
    <owl:sameAs rdf:resource="http://dbpedia.org/resource/Museum_of_Fine_Arts,_Boston" />
  </rdf:Description>
  <rdf:Description rdf:about="http://tr.dbpedia.org/resource/Boston_Güzel_Sanatlar_Müzesi">
    <owl:sameAs rdf:resource="http://dbpedia.org/resource/Museum_of_Fine_Arts,_Boston" />
  </rdf:Description>
  <rdf:Description rdf:about="http://tt.dbpedia.org/resource/Sınlı_Sänğät_Muzeyı_(Boston)">
    <owl:sameAs rdf:resource="http://dbpedia.org/resource/Museum_of_Fine_Arts,_Boston" />
  </rdf:Description>
  <rdf:Description rdf:about="http://uk.dbpedia.org/resource/Бостонський_музей_образотворчих_мистецтв">
    <owl:sameAs rdf:resource="http://dbpedia.org/resource/Museum_of_Fine_Arts,_Boston" />
  </rdf:Description>
  <rdf:Description rdf:about="http://vi.dbpedia.org/resource/Bảo_tàng_Mỹ_thuật_Boston">
    <owl:sameAs rdf:resource="http://dbpedia.org/resource/Museum_of_Fine_Arts,_Boston" />
  </rdf:Description>
</rdf:RDF>
