<?xml version="1.0" encoding="utf-8" ?>
<rdf:RDF
	xmlns:rdf="http://www.w3.org/1999/02/22-rdf-syntax-ns#"
	xmlns:rdfs="http://www.w3.org/2000/01/rdf-schema#"
	xmlns:owl="http://www.w3.org/2002/07/owl#"
	xmlns:dcterms="http://purl.org/dc/terms/"
	xmlns:dbpedia-owl="http://dbpedia.org/ontology/"
	xmlns:foaf="http://xmlns.com/foaf/0.1/"
	xmlns:dbpprop="http://dbpedia.org/property/"
	xmlns:geo="http://www.w3.org/2003/01/geo/wgs84_pos#"
	xmlns:ns8="http://www.w3.org/ns/prov#"
	xmlns:grs="http://www.georss.org/georss/" >
  <rdf:Description rdf:about="http://dbpedia.org/resource/Museum_of_Fine_Arts_of_Nancy">
    <rdf:type rdf:resource="http://dbpedia.org/ontology/ArchitecturalStructure" />
    <rdf:type rdf:resource="http://dbpedia.org/ontology/Place" />
    <rdf:type rdf:resource="http://dbpedia.org/class/yago/YagoPermanentlyLocatedEntity" />
    <rdf:type rdf:resource="http://dbpedia.org/class/yago/Museum103800563" />
    <rdf:type rdf:resource="http://dbpedia.org/class/yago/PhysicalEntity100001930" />
    <rdf:type rdf:resource="http://dbpedia.org/class/yago/ArtMuseumsEstablishedIn1793" />
    <rdf:type rdf:resource="http://dbpedia.org/class/yago/Artifact100021939" />
    <rdf:type rdf:resource="http://www.opengis.net/gml/_Feature" />
    <rdf:type rdf:resource="http://dbpedia.org/ontology/Museum" />
    <rdf:type rdf:resource="http://dbpedia.org/class/yago/ArtMuseumsAndGalleriesInFrance" />
    <rdf:type rdf:resource="http://dbpedia.org/ontology/Building" />
    <rdf:type rdf:resource="http://www.w3.org/2002/07/owl#Thing" />
    <rdf:type rdf:resource="http://dbpedia.org/class/yago/MuseumsInMeurthe-et-Moselle" />
    <rdf:type rdf:resource="http://schema.org/Place" />
    <rdf:type rdf:resource="http://dbpedia.org/class/yago/Whole100003553" />
    <rdf:type rdf:resource="http://dbpedia.org/class/yago/Facility103315023" />
    <rdf:type rdf:resource="http://dbpedia.org/class/yago/Depository103177349" />
    <rdf:type rdf:resource="http://schema.org/Museum" />
    <rdf:type rdf:resource="http://dbpedia.org/class/yago/YagoGeoEntity" />
    <rdf:type rdf:resource="http://dbpedia.org/class/yago/Object100002684" />
    <owl:sameAs rdf:resource="http://rdf.freebase.com/ns/m.05p5l86" />
    <owl:sameAs rdf:resource="http://zh.dbpedia.org/resource/南锡美术博物馆" />
    <owl:sameAs rdf:resource="http://fr.dbpedia.org/resource/Musée_des_beaux-arts_de_Nancy" />
    <owl:sameAs rdf:resource="http://yago-knowledge.org/resource/Museum_of_Fine_Arts_of_Nancy" />
    <owl:sameAs rdf:resource="http://dbpedia.org/resource/Museum_of_Fine_Arts_of_Nancy" />
    <owl:sameAs rdf:resource="http://www.wikidata.org/entity/Q428765" />
    <owl:sameAs rdf:resource="http://ja.dbpedia.org/resource/ナンシー美術館" />
    <dcterms:subject rdf:resource="http://dbpedia.org/resource/Category:Visitor_attractions_in_Nancy,_France" />
    <dcterms:subject rdf:resource="http://dbpedia.org/resource/Category:Buildings_and_structures_in_Nancy,_France" />
    <dcterms:subject rdf:resource="http://dbpedia.org/resource/Category:1793_establishments_in_France" />
    <dcterms:subject rdf:resource="http://dbpedia.org/resource/Category:Art_museums_established_in_1793" />
    <dcterms:subject rdf:resource="http://dbpedia.org/resource/Category:Museums_in_Meurthe-et-Moselle" />
    <dcterms:subject rdf:resource="http://dbpedia.org/resource/Category:Art_museums_and_galleries_in_France" />
    <dbpedia-owl:abstract xml:lang="fr">Le musée des beaux-arts de Nancy, créé en 1793, est l&#39;un des plus anciens musées de France. Initialement installé dans la chapelle de la Visitation. Il est rapidement transféré place Stanislas à Nancy dans l&#39;un des quatre grands pavillons qui entourent la place créée en 1755, par le duc de Lorraine Stanislas Leszczynski et situé entre la monumentale fontaine de Neptune et l&#39;entrée de la rue Stanislas, au sein de la Ville-Vieille de Nancy.</dbpedia-owl:abstract>
    <dbpedia-owl:abstract xml:lang="ja">ナンシー美術館(Musée des beaux-arts de Nancy)は、フランスの都市ナンシーにある美術館である。スタニスラス広場に面している。</dbpedia-owl:abstract>
    <dbpedia-owl:abstract xml:lang="zh">南锡美术博物馆（Musée des Beaux-Arts de Nancy）是法国最古老的博物馆之一，成立于1793年。它设于斯坦尼斯拉斯广场上的四座大型展馆之一，该建筑由波兰国王、洛林公爵斯坦尼斯瓦夫一世兴建于1755年。 馆内展出下列画家的作品：佩鲁吉诺，丁托列托，小杨·布鲁格，卡拉瓦乔，乔治·德·拉·图尔，夏尔·勒·布朗，朱塞佩·德·里贝拉，鲁本斯，克罗德·洛林，卢卡·焦尔达诺，弗朗索瓦·布歇，德拉克洛瓦，爱德华·马奈，莫奈，保罗·希涅克，阿梅代奥·莫迪利亚尼，毕加索，劳尔·杜飞... 博物馆开放的时间为每天上午10时至下午6时（除了星期二），1月1日，5月1日，7月14日，11月1日和12月25日关闭。残疾人士方便参观。 		 			Les compteurs d&#39;argent Nancy 3018. jpg 			 Les compteurs d&#39;argent (vers 1575-1600) 			 		 		 			José de Ribera 063. jpg 			 朱塞佩·德·里贝拉 (1591-1652) 			 		 		 			Jan Lievens - Christus aan het kruis. jpg 			 扬·利文斯 (1607-1674) 			 		 		 			Edouard Manet Automne Mery Laurent. jpg 			 爱德华·马奈 (1832-1883) 			 		 		 			F54 Nancy Daum CollectionMBA. JPG 			 Daum 玻璃制品 			 		 		 			Toussaint 1888 800. jpg 			 埃米尔·弗里安特 (1863-1932) 			 		 		 			Le Démolisseur P Signac Nancy 2718. jpg 			 保罗·希涅克(1863-1935) 			 		 		 			Modigliani Nancy 231207. jpg 			 阿梅代奥·莫迪利亚尼 (1884-1920)</dbpedia-owl:abstract>
    <dbpedia-owl:abstract xml:lang="en">The Museum of Fine Arts of Nancy is one of the oldest museums in France. It was created in 1793. It is hosted in one of the four large pavilions on the Place Stanislas created in 1755 by Stanislas Leszczyński, duke of Lorraine. Some of the painters whose work is featured in the collections are Perugino, Tintoretto, Jan Brueghel the Younger, Caravaggio, Georges de La Tour, Charles Le Brun, Ribera, Rubens, Claude Gellée (known as Le Lorrain and Claude), Luca Giordano, François Boucher, Eugène Delacroix, Edouard Manet, Claude Monet, Paul Signac, Modigliani, Picasso, Raoul Dufy... The museum is closed for renovation until June 2012 ; it is normally open very day from 10 a.m. to 6 p.m. except on Tuesdays, and is closed 1 January, 1 May, 14 July, 1 November and 25 December. It is accessible to disabled persons.</dbpedia-owl:abstract>
    <dbpedia-owl:wikiPageID rdf:datatype="http://www.w3.org/2001/XMLSchema#integer">21901170</dbpedia-owl:wikiPageID>
    <dbpedia-owl:wikiPageRevisionID rdf:datatype="http://www.w3.org/2001/XMLSchema#integer">546441930</dbpedia-owl:wikiPageRevisionID>
    <rdfs:label xml:lang="fr">Musée des beaux-arts de Nancy</rdfs:label>
    <rdfs:label xml:lang="ja">ナンシー美術館</rdfs:label>
    <rdfs:label xml:lang="en">Museum of Fine Arts of Nancy</rdfs:label>
    <rdfs:label xml:lang="zh">南锡美术博物馆</rdfs:label>
    <foaf:depiction rdf:resource="http://upload.wikimedia.org/wikipedia/commons/3/37/Nancy-BeauxArts.jpg" />
    <rdfs:comment xml:lang="ja">ナンシー美術館(Musée des beaux-arts de Nancy)は、フランスの都市ナンシーにある美術館である。スタニスラス広場に面している。</rdfs:comment>
    <rdfs:comment xml:lang="fr">Le musée des beaux-arts de Nancy, créé en 1793, est l&#39;un des plus anciens musées de France. Initialement installé dans la chapelle de la Visitation. Il est rapidement transféré place Stanislas à Nancy dans l&#39;un des quatre grands pavillons qui entourent la place créée en 1755, par le duc de Lorraine Stanislas Leszczynski et situé entre la monumentale fontaine de Neptune et l&#39;entrée de la rue Stanislas, au sein de la Ville-Vieille de Nancy.</rdfs:comment>
    <rdfs:comment xml:lang="zh">南锡美术博物馆（Musée des Beaux-Arts de Nancy）是法国最古老的博物馆之一，成立于1793年。它设于斯坦尼斯拉斯广场上的四座大型展馆之一，该建筑由波兰国王、洛林公爵斯坦尼斯瓦夫一世兴建于1755年。 馆内展出下列画家的作品：佩鲁吉诺，丁托列托，小杨·布鲁格，卡拉瓦乔，乔治·德·拉·图尔，夏尔·勒·布朗，朱塞佩·德·里贝拉，鲁本斯，克罗德·洛林，卢卡·焦尔达诺，弗朗索瓦·布歇，德拉克洛瓦，爱德华·马奈，莫奈，保罗·希涅克，阿梅代奥·莫迪利亚尼，毕加索，劳尔·杜飞... 博物馆开放的时间为每天上午10时至下午6时（除了星期二），1月1日，5月1日，7月14日，11月1日和12月25日关闭。残疾人士方便参观。 		 			Les compteurs d&#39;argent Nancy 3018. jpg 			 Les compteurs d&#39;argent (vers 1575-1600) 			 		 		 			José de Ribera 063.</rdfs:comment>
    <rdfs:comment xml:lang="en">The Museum of Fine Arts of Nancy is one of the oldest museums in France. It was created in 1793. It is hosted in one of the four large pavilions on the Place Stanislas created in 1755 by Stanislas Leszczyński, duke of Lorraine.</rdfs:comment>
    <dbpedia-owl:thumbnail rdf:resource="http://upload.wikimedia.org/wikipedia/commons/thumb/3/37/Nancy-BeauxArts.jpg/200px-Nancy-BeauxArts.jpg" />
    <dbpedia-owl:wikiPageExternalLink rdf:resource="http://www.ot-nancy.fr/uk/musees/beaux-arts.php" />
    <geo:geometry rdf:datatype="http://www.openlinksw.com/schemas/virtrdf#Geometry">POINT(6.1824 48.6935)</geo:geometry>
    <foaf:isPrimaryTopicOf rdf:resource="http://en.wikipedia.org/wiki/Museum_of_Fine_Arts_of_Nancy" />
    <geo:long rdf:datatype="http://www.w3.org/2001/XMLSchema#float">6.1824</geo:long>
    <geo:lat rdf:datatype="http://www.w3.org/2001/XMLSchema#float">48.6935</geo:lat>
    <ns8:wasDerivedFrom rdf:resource="http://en.wikipedia.org/wiki/Museum_of_Fine_Arts_of_Nancy?oldid=546441930" />
    <grs:point xml:lang="en">48.6935 6.1824</grs:point>
    <dbpprop:hasPhotoCollection rdf:resource="http://wifo5-03.informatik.uni-mannheim.de/flickrwrappr/photos/Museum_of_Fine_Arts_of_Nancy" />
  </rdf:Description>
  <rdf:Description rdf:about="http://ja.dbpedia.org/resource/ナンシー美術館">
    <owl:sameAs rdf:resource="http://dbpedia.org/resource/Museum_of_Fine_Arts_of_Nancy" />
  </rdf:Description>
  <rdf:Description rdf:about="http://dbpedia.org/resource/Mus%C3%A9e_des_Beaux-Arts_de_Nancy">
    <dbpedia-owl:wikiPageRedirects rdf:resource="http://dbpedia.org/resource/Museum_of_Fine_Arts_of_Nancy" />
  </rdf:Description>
  <rdf:Description rdf:about="http://dbpedia.org/resource/Museum_of_Fine_Arts">
    <dbpedia-owl:wikiPageDisambiguates rdf:resource="http://dbpedia.org/resource/Museum_of_Fine_Arts_of_Nancy" />
  </rdf:Description>
  <rdf:Description rdf:about="http://dbpedia.org/resource/Annunciation_(Caravaggio)">
    <dbpedia-owl:museum rdf:resource="http://dbpedia.org/resource/Museum_of_Fine_Arts_of_Nancy" />
    <dbpprop:museum rdf:resource="http://dbpedia.org/resource/Museum_of_Fine_Arts_of_Nancy" />
  </rdf:Description>
  <rdf:Description rdf:about="http://dbpedia.org/resource/Museum_of_Fine-Arts_of_Nancy">
    <dbpedia-owl:wikiPageRedirects rdf:resource="http://dbpedia.org/resource/Museum_of_Fine_Arts_of_Nancy" />
  </rdf:Description>
  <rdf:Description rdf:about="http://dbpedia.org/resource/Museum_of_fine_arts_of_Nancy">
    <dbpedia-owl:wikiPageRedirects rdf:resource="http://dbpedia.org/resource/Museum_of_Fine_Arts_of_Nancy" />
  </rdf:Description>
  <rdf:Description rdf:about="http://fr.dbpedia.org/resource/Musée_des_beaux-arts_de_Nancy">
    <owl:sameAs rdf:resource="http://dbpedia.org/resource/Museum_of_Fine_Arts_of_Nancy" />
  </rdf:Description>
  <rdf:Description rdf:about="http://en.wikipedia.org/wiki/Museum_of_Fine_Arts_of_Nancy">
    <foaf:primaryTopic rdf:resource="http://dbpedia.org/resource/Museum_of_Fine_Arts_of_Nancy" />
  </rdf:Description>
  <rdf:Description rdf:about="http://wikidata.dbpedia.org/resource/Q428765">
    <owl:sameAs rdf:resource="http://dbpedia.org/resource/Museum_of_Fine_Arts_of_Nancy" />
  </rdf:Description>
  <rdf:Description rdf:about="http://zh.dbpedia.org/resource/南锡美术博物馆">
    <owl:sameAs rdf:resource="http://dbpedia.org/resource/Museum_of_Fine_Arts_of_Nancy" />
  </rdf:Description>
</rdf:RDF>
