<?xml version="1.0" encoding="utf-8" ?>
<rdf:RDF
	xmlns:rdf="http://www.w3.org/1999/02/22-rdf-syntax-ns#"
	xmlns:rdfs="http://www.w3.org/2000/01/rdf-schema#"
	xmlns:owl="http://www.w3.org/2002/07/owl#"
	xmlns:dbpedia-owl="http://dbpedia.org/ontology/"
	xmlns:dbpprop="http://dbpedia.org/property/" >
  <rdf:Description rdf:about="http://dbpedia.org/resource/Saint_Catherine_of_Alexandria_Polyptych">
    <dbpedia-owl:museum rdf:resource="http://dbpedia.org/resource/Museo_nazionale_di_San_Matteo" />
    <dbpprop:museum rdf:resource="http://dbpedia.org/resource/Museo_nazionale_di_San_Matteo" />
  </rdf:Description>
  <rdf:Description rdf:about="http://dbpedia.org/resource/Museo_nazionale_di_San_Matteo">
    <rdf:type rdf:resource="http://www.w3.org/2002/07/owl#Thing" />
    <rdf:type rdf:resource="http://schema.org/Place" />
    <rdf:type rdf:resource="http://schema.org/Museum" />
    <rdf:type rdf:resource="http://dbpedia.org/ontology/Museum" />
    <rdf:type rdf:resource="http://dbpedia.org/ontology/Building" />
    <rdf:type rdf:resource="http://dbpedia.org/ontology/ArchitecturalStructure" />
    <rdf:type rdf:resource="http://dbpedia.org/ontology/Place" />
    <owl:sameAs rdf:resource="http://dbpedia.org/resource/Museo_nazionale_di_San_Matteo" />
  </rdf:Description>
</rdf:RDF>
