<?xml version="1.0" encoding="utf-8" ?>
<rdf:RDF
	xmlns:rdf="http://www.w3.org/1999/02/22-rdf-syntax-ns#"
	xmlns:rdfs="http://www.w3.org/2000/01/rdf-schema#"
	xmlns:owl="http://www.w3.org/2002/07/owl#"
	xmlns:dcterms="http://purl.org/dc/terms/"
	xmlns:dbpedia-owl="http://dbpedia.org/ontology/"
	xmlns:foaf="http://xmlns.com/foaf/0.1/"
	xmlns:dbpprop="http://dbpedia.org/property/"
	xmlns:geo="http://www.w3.org/2003/01/geo/wgs84_pos#"
	xmlns:ns8="http://www.w3.org/ns/prov#" >
  <rdf:Description rdf:about="http://dbpedia.org/resource/Museum_of_Lázaro_Galdiano">
    <owl:sameAs rdf:resource="http://dbpedia.org/resource/Museum_of_L%C3%A1zaro_Galdiano" />
  </rdf:Description>
  <rdf:Description rdf:about="http://dbpedia.org/resource/Museum_of_L%C3%A1zaro_Galdiano">
    <rdf:type rdf:resource="http://dbpedia.org/class/yago/YagoGeoEntity" />
    <rdf:type rdf:resource="http://schema.org/Place" />
    <rdf:type rdf:resource="http://dbpedia.org/class/yago/Whole100003553" />
    <rdf:type rdf:resource="http://dbpedia.org/class/yago/YagoPermanentlyLocatedEntity" />
    <rdf:type rdf:resource="http://dbpedia.org/class/yago/Artifact100021939" />
    <rdf:type rdf:resource="http://www.w3.org/2002/07/owl#Thing" />
    <rdf:type rdf:resource="http://dbpedia.org/ontology/HistoricPlace" />
    <rdf:type rdf:resource="http://dbpedia.org/class/yago/Object100002684" />
    <rdf:type rdf:resource="http://dbpedia.org/class/yago/Depository103177349" />
    <rdf:type rdf:resource="http://dbpedia.org/class/yago/Facility103315023" />
    <rdf:type rdf:resource="http://dbpedia.org/class/yago/PhysicalEntity100001930" />
    <rdf:type rdf:resource="http://dbpedia.org/ontology/Place" />
    <rdf:type rdf:resource="http://dbpedia.org/class/yago/MuseumsInMadrid" />
    <rdf:type rdf:resource="http://dbpedia.org/class/yago/Museum103800563" />
    <rdf:type rdf:resource="http://schema.org/LandmarksOrHistoricalBuildings" />
    <owl:sameAs rdf:resource="http://www.wikidata.org/entity/Q386570" />
    <owl:sameAs rdf:resource="http://rdf.freebase.com/ns/m.0h3lmf1" />
    <owl:sameAs rdf:resource="http://it.dbpedia.org/resource/Museo_Lázaro_Galdiano" />
    <owl:sameAs rdf:resource="http://nl.dbpedia.org/resource/Museo_Lázaro_Galdiano" />
    <owl:sameAs rdf:resource="http://pl.dbpedia.org/resource/Museo_Lázaro_Galdiano" />
    <owl:sameAs rdf:resource="http://es.dbpedia.org/resource/Museo_Lázaro_Galdiano" />
    <owl:sameAs rdf:resource="http://yago-knowledge.org/resource/Museum_of_Lázaro_Galdiano" />
    <owl:sameAs rdf:resource="http://dbpedia.org/resource/Museum_of_L%C3%A1zaro_Galdiano" />
    <dcterms:subject rdf:resource="http://dbpedia.org/resource/Category:Bienes_de_Inter%C3%A9s_Cultural" />
    <dcterms:subject rdf:resource="http://dbpedia.org/resource/Category:Museums_in_Madrid" />
    <dcterms:subject rdf:resource="http://dbpedia.org/resource/Category:Art_museums_and_galleries_in_Spain" />
    <dbpedia-owl:abstract xml:lang="nl">Het Museo Lázaro Galdiano is een museum in de Spaanse hoofdstad Madrid. Het museum herbergt de kunstcollectie die door de Spaanse zakenman José Lázaro Galdiano bijeen werd gebracht. De collectie omvat diverse kunstwerken, met name schilderijen, uit de periode van de 4e eeuw voor Chistus tot medio 20e eeuw, voornamelijk uit Spanje. Ook zijn er stukken van Franse, Engelse, Duitse en Nederlandse meesters. Topstukken uit de collectie zijn werken van Francisco Goya, David Teniers de Jonge, Joshua Reynolds en Diego Velázquez.</dbpedia-owl:abstract>
    <dbpedia-owl:abstract xml:lang="it">Il Museo Lázaro Galdiano, di Madrid, ospita la collezione omonima, in origine privata, costituita con un interesse universale verso tutte le arti e le tecniche. La raccolta, veramente eccezionale, venne formata da José Lázaro Galdiano, il quale, alla sua morte, nel 1947, la donò alla Spagna. La collezione venne esposta al pubblico il 21 gennaio 1951. Nel museo spicca la collezione di dipinti, che vanta opere di grandi maestri. Tra le opere, un Cristo fanciullo, già attribuito a Leonardo da Vinci, e solo adesso assegnato a uno Pseudo Boltraffio o anche ad Ambrogio de Predis, entrambi di ambito leonardesco. Altri dipinti importanti sono un ritratto di Sanchéz Coello, due importanti opere di El Greco, una Testa di donna, attribuita al Velázquez e la Santa Rosa da Lima del Murillo.</dbpedia-owl:abstract>
    <dbpedia-owl:abstract xml:lang="pl">Museo Lázaro Galdiano – mieszczące się w Madrycie państwowe muzeum sztuki. Znajdująca się w nim pokaźna kolekcja (około 12 600 eksponatów) została zgromadzona przez hiszpańskiego finansistę José Lázaro Galdiano. Galdiano przekazał ją państwu w swoim testamencie, razem ze swoją rezydencją, obecną siedzibą muzeum oraz biblioteką zawierającą ok. 20 000 woluminów. Kolekcja zawiera dzieła takich artystów jak Hieronim Bosch, Francisco Goya, El Greco, Diego Velázquez, Francisco de Zurbarán i wielu innych.</dbpedia-owl:abstract>
    <dbpedia-owl:abstract xml:lang="es">El Museo Lázaro Galdiano, situado en Madrid es un museo estatal de origen privado, que alberga una amplia y heterogénea colección, formada con interés enciclopédico hacia todas las artes y técnicas. Este excepcional conjunto, constituido por unas 12.600 piezas, fue reunido por el editor José Lázaro Galdiano, quien al morir en 1947 lo legó al Estado español junto con su residencia madrileña, la sede de su editorial La España Moderna y una biblioteca de 20.000 volúmenes. Tras crearse la Fundación Lázaro Galdiano y adaptarse como museo la antigua residencia del donante (Parque Florido, en el barrio de Salamanca de Madrid), la colección se presentó al público el 27 de enero de 1951. Desde entonces su prestigio entre los entendidos se ha extendido ampliamente, y sus fondos se consideran indispensables para estudiar muchos aspectos de la Historia del Arte, por lo que participan en exposiciones tanto españolas como internacionales. Entre sus obras de arte más valiosas destaca el conjunto de pinturas, dibujos y grabados de Goya, con piezas mundialmente conocidas. También hay que citar ejemplos relevantes de El Bosco, Lucas Cranach el Viejo, El Greco, Murillo, Zurbarán y Luis Paret, así como una miniatura en pergamino de Giulio Clovio y dos estatuillas de Giambologna. Pero posiblemente la obra más singular del museo es la pintura sobre tabla El Salvador joven, del estilo de Leonardo da Vinci. Posee además un pequeño conjunto de pintura británica, una escuela muy poco frecuente en España; de hecho el Lázaro Galdiano y el Prado eran (hasta la apertura del Museo Thyssen-Bornemisza) los dos únicos museos españoles con una colección significativa. Su presencia en la colección se debe al gusto personal de la esposa de Lázaro Galdiano, la argentina Paula Florido. La mayoría de estas obras se adquirieron en la primera década del siglo XX en la Galerie Sedelmeyer de París e incluyen ejemplos de Lely (el único del siglo XVII, los demás son del XVIII), Constable, Reynolds y Romney, a los que se suma un retrato del estadounidense Gilbert Stuart. El museo fue reformado íntegramente entre los años 2001–2004, con el fin de hacer la visita más cómoda y centrada en las piezas de máxima calidad. Hay abiertas al público cuatro plantas, enteramente remozadas respetando los techos y carpinterías originales.</dbpedia-owl:abstract>
    <dbpedia-owl:abstract xml:lang="en">The Museum of Lázaro Galdiano is a museum located in Madrid, Spain. It houses the art collection of José Lázaro Galdiano. The building was constructed in 1903 as the residence of Lázaro Galdiano and his wife. The conversion to a museum has respected the original interiors and the building was declared Bien de Interés Cultural in 1962. The collection includes work by: Bosch, Goya (Witches&#39; Sabbath and other works) George Romney El Greco Joshua Reynolds Velázquez Zurbarán</dbpedia-owl:abstract>
    <dbpedia-owl:location rdf:resource="http://dbpedia.org/resource/Madrid" />
    <dbpedia-owl:location rdf:resource="http://dbpedia.org/resource/Spain" />
    <dbpedia-owl:wikiPageID rdf:datatype="http://www.w3.org/2001/XMLSchema#integer">32732508</dbpedia-owl:wikiPageID>
    <dbpedia-owl:wikiPageRevisionID rdf:datatype="http://www.w3.org/2001/XMLSchema#integer">540611253</dbpedia-owl:wikiPageRevisionID>
    <rdfs:label xml:lang="pl">Museo Lázaro Galdiano</rdfs:label>
    <rdfs:label xml:lang="nl">Museo Lázaro Galdiano</rdfs:label>
    <rdfs:label xml:lang="it">Museo Lázaro Galdiano</rdfs:label>
    <rdfs:label xml:lang="en">Museum of Lázaro Galdiano</rdfs:label>
    <rdfs:label xml:lang="es">Museo Lázaro Galdiano</rdfs:label>
    <foaf:depiction rdf:resource="http://upload.wikimedia.org/wikipedia/commons/5/5c/Museo_Lázaro_Galdiano_(Madrid)_02.jpg" />
    <rdfs:comment xml:lang="pl">Museo Lázaro Galdiano – mieszczące się w Madrycie państwowe muzeum sztuki. Znajdująca się w nim pokaźna kolekcja (około 12 600 eksponatów) została zgromadzona przez hiszpańskiego finansistę José Lázaro Galdiano. Galdiano przekazał ją państwu w swoim testamencie, razem ze swoją rezydencją, obecną siedzibą muzeum oraz biblioteką zawierającą ok. 20 000 woluminów.</rdfs:comment>
    <rdfs:comment xml:lang="it">Il Museo Lázaro Galdiano, di Madrid, ospita la collezione omonima, in origine privata, costituita con un interesse universale verso tutte le arti e le tecniche. La raccolta, veramente eccezionale, venne formata da José Lázaro Galdiano, il quale, alla sua morte, nel 1947, la donò alla Spagna. La collezione venne esposta al pubblico il 21 gennaio 1951. Nel museo spicca la collezione di dipinti, che vanta opere di grandi maestri.</rdfs:comment>
    <rdfs:comment xml:lang="nl">Het Museo Lázaro Galdiano is een museum in de Spaanse hoofdstad Madrid. Het museum herbergt de kunstcollectie die door de Spaanse zakenman José Lázaro Galdiano bijeen werd gebracht. De collectie omvat diverse kunstwerken, met name schilderijen, uit de periode van de 4e eeuw voor Chistus tot medio 20e eeuw, voornamelijk uit Spanje. Ook zijn er stukken van Franse, Engelse, Duitse en Nederlandse meesters.</rdfs:comment>
    <rdfs:comment xml:lang="es">El Museo Lázaro Galdiano, situado en Madrid es un museo estatal de origen privado, que alberga una amplia y heterogénea colección, formada con interés enciclopédico hacia todas las artes y técnicas. Este excepcional conjunto, constituido por unas 12.600 piezas, fue reunido por el editor José Lázaro Galdiano, quien al morir en 1947 lo legó al Estado español junto con su residencia madrileña, la sede de su editorial La España Moderna y una biblioteca de 20.000 volúmenes.</rdfs:comment>
    <rdfs:comment xml:lang="en">The Museum of Lázaro Galdiano is a museum located in Madrid, Spain. It houses the art collection of José Lázaro Galdiano. The building was constructed in 1903 as the residence of Lázaro Galdiano and his wife. The conversion to a museum has respected the original interiors and the building was declared Bien de Interés Cultural in 1962. The collection includes work by: Bosch, Goya (Witches&#39; Sabbath and other works) George Romney El Greco Joshua Reynolds Velázquez Zurbarán</rdfs:comment>
    <foaf:name xml:lang="en">Museum of Lázaro Galdiano</foaf:name>
    <dbpedia-owl:thumbnail rdf:resource="http://upload.wikimedia.org/wikipedia/commons/thumb/5/5c/Museo_Lázaro_Galdiano_(Madrid)_02.jpg/200px-Museo_Lázaro_Galdiano_(Madrid)_02.jpg" />
    <dbpedia-owl:wikiPageExternalLink rdf:resource="http://www.flg.es/museo/museo.htm" />
    <dbpprop:architecture xml:lang="en">Neo-Renaissance</dbpprop:architecture>
    <dbpprop:designation xml:lang="en">Spain</dbpprop:designation>
    <dbpprop:designation1Criteria xml:lang="en">Monument</dbpprop:designation1Criteria>
    <dbpprop:designation1Date rdf:datatype="http://www.w3.org/2001/XMLSchema#integer">1962</dbpprop:designation1Date>
    <dbpprop:designation1Number xml:lang="en">RI-51-0001380</dbpprop:designation1Number>
    <dbpprop:designation1Offname xml:lang="en">Museo Lázaro Galdiano</dbpprop:designation1Offname>
    <dbpprop:designation1Type xml:lang="en">Non-movable</dbpprop:designation1Type>
    <dbpprop:latitude rdf:datatype="http://www.w3.org/2001/XMLSchema#double">40.4482</dbpprop:latitude>
    <dbpprop:location rdf:resource="http://dbpedia.org/resource/Madrid" />
    <dbpprop:location rdf:resource="http://dbpedia.org/resource/Spain" />
    <dbpprop:locmapin xml:lang="en">Spain</dbpprop:locmapin>
    <dbpprop:longitude rdf:datatype="http://www.w3.org/2001/XMLSchema#double">-3.68359</dbpprop:longitude>
    <dbpprop:name xml:lang="en">Museum of Lázaro Galdiano</dbpprop:name>
    <dbpprop:nativeLanguage xml:lang="en">Spanish</dbpprop:nativeLanguage>
    <dbpprop:nativeName xml:lang="en">Museo Lázaro Galdiano</dbpprop:nativeName>
    <foaf:homepage rdf:resource="http://www.flg.es/museo/museo.htm" />
    <geo:geometry rdf:datatype="http://www.openlinksw.com/schemas/virtrdf#Geometry">POINT(-3.68359 40.4482)</geo:geometry>
    <foaf:isPrimaryTopicOf rdf:resource="http://en.wikipedia.org/wiki/Museum_of_Lázaro_Galdiano" />
    <geo:long rdf:datatype="http://www.w3.org/2001/XMLSchema#float">-3.68359</geo:long>
    <geo:lat rdf:datatype="http://www.w3.org/2001/XMLSchema#float">40.4482</geo:lat>
    <ns8:wasDerivedFrom rdf:resource="http://en.wikipedia.org/wiki/Museum_of_Lázaro_Galdiano?oldid=540611253" />
    <dbpprop:hasPhotoCollection rdf:resource="http://wifo5-03.informatik.uni-mannheim.de/flickrwrappr/photos/Museum_of_Lázaro_Galdiano" />
  </rdf:Description>
  <rdf:Description rdf:about="http://dbpedia.org/resource/St._John_the_Baptist_in_the_Wilderness">
    <dbpedia-owl:museum rdf:resource="http://dbpedia.org/resource/Museum_of_L%C3%A1zaro_Galdiano" />
  </rdf:Description>
  <rdf:Description rdf:about="http://en.wikipedia.org/wiki/Museum_of_Lázaro_Galdiano">
    <foaf:primaryTopic rdf:resource="http://dbpedia.org/resource/Museum_of_L%C3%A1zaro_Galdiano" />
  </rdf:Description>
  <rdf:Description rdf:about="http://dbpedia.org/resource/Museo_L%C3%A1zaro_Galdiano">
    <dbpedia-owl:wikiPageRedirects rdf:resource="http://dbpedia.org/resource/Museum_of_L%C3%A1zaro_Galdiano" />
  </rdf:Description>
  <rdf:Description rdf:about="http://dbpedia.org/resource/Museum_of_Lazaro_Galdiano">
    <dbpedia-owl:wikiPageRedirects rdf:resource="http://dbpedia.org/resource/Museum_of_L%C3%A1zaro_Galdiano" />
  </rdf:Description>
</rdf:RDF>
