<?xml version="1.0" encoding="utf-8" ?>
<rdf:RDF
	xmlns:rdf="http://www.w3.org/1999/02/22-rdf-syntax-ns#"
	xmlns:rdfs="http://www.w3.org/2000/01/rdf-schema#"
	xmlns:owl="http://www.w3.org/2002/07/owl#"
	xmlns:dcterms="http://purl.org/dc/terms/"
	xmlns:dbpedia-owl="http://dbpedia.org/ontology/"
	xmlns:foaf="http://xmlns.com/foaf/0.1/"
	xmlns:dbpprop="http://dbpedia.org/property/"
	xmlns:geo="http://www.w3.org/2003/01/geo/wgs84_pos#"
	xmlns:ns8="http://www.w3.org/ns/prov#"
	xmlns:grs="http://www.georss.org/georss/" >
  <rdf:Description rdf:about="http://dbpedia.org/resource/National_Gallery_of_Art">
    <rdf:type rdf:resource="http://www.w3.org/2002/07/owl#Thing" />
    <rdf:type rdf:resource="http://dbpedia.org/class/yago/YagoPermanentlyLocatedEntity" />
    <rdf:type rdf:resource="http://dbpedia.org/class/yago/Museum103800563" />
    <rdf:type rdf:resource="http://dbpedia.org/class/yago/ArtMuseumsInWashington,D.C." />
    <rdf:type rdf:resource="http://dbpedia.org/class/yago/Object100002684" />
    <rdf:type rdf:resource="http://dbpedia.org/class/yago/YagoGeoEntity" />
    <rdf:type rdf:resource="http://dbpedia.org/class/yago/AmericanNationalMuseumsInWashington,D.C." />
    <rdf:type rdf:resource="http://dbpedia.org/class/yago/ArtMuseumsEstablishedIn1937" />
    <rdf:type rdf:resource="http://dbpedia.org/class/yago/Artifact100021939" />
    <rdf:type rdf:resource="http://dbpedia.org/class/yago/Facility103315023" />
    <rdf:type rdf:resource="http://www.opengis.net/gml/_Feature" />
    <rdf:type rdf:resource="http://dbpedia.org/class/yago/Depository103177349" />
    <rdf:type rdf:resource="http://dbpedia.org/ontology/ArchitecturalStructure" />
    <rdf:type rdf:resource="http://dbpedia.org/ontology/Place" />
    <rdf:type rdf:resource="http://schema.org/Museum" />
    <rdf:type rdf:resource="http://schema.org/Place" />
    <rdf:type rdf:resource="http://dbpedia.org/ontology/Building" />
    <rdf:type rdf:resource="http://dbpedia.org/ontology/Museum" />
    <rdf:type rdf:resource="http://dbpedia.org/class/yago/PhysicalEntity100001930" />
    <rdf:type rdf:resource="http://dbpedia.org/class/yago/ModernArtMuseumsInTheUnitedStates" />
    <rdf:type rdf:resource="http://dbpedia.org/class/yago/Whole100003553" />
    <owl:sameAs rdf:resource="http://zh.dbpedia.org/resource/國家藝廊" />
    <owl:sameAs rdf:resource="http://simple.dbpedia.org/resource/National_Gallery_of_Art" />
    <owl:sameAs rdf:resource="http://sv.dbpedia.org/resource/National_Gallery_of_Art" />
    <owl:sameAs rdf:resource="http://it.dbpedia.org/resource/National_Gallery_of_Art" />
    <owl:sameAs rdf:resource="http://yago-knowledge.org/resource/National_Gallery_of_Art" />
    <owl:sameAs rdf:resource="http://ro.dbpedia.org/resource/National_Gallery_of_Art,_Washington,_D.C." />
    <owl:sameAs rdf:resource="http://gl.dbpedia.org/resource/National_Gallery_of_Art" />
    <owl:sameAs rdf:resource="http://eu.dbpedia.org/resource/Washingtongo_Arte_Galeria_Nazionala" />
    <owl:sameAs rdf:resource="http://dbpedia.org/resource/National_Gallery_of_Art" />
    <owl:sameAs rdf:resource="http://be.dbpedia.org/resource/Нацыянальная_галерэя_мастацтва" />
    <owl:sameAs rdf:resource="http://fr.dbpedia.org/resource/National_Gallery_of_Art" />
    <owl:sameAs rdf:resource="http://pnb.dbpedia.org/resource/نیشنل_گیلری_آف_آرٹ" />
    <owl:sameAs rdf:resource="http://az.dbpedia.org/resource/Milli_Sənət_Qalereyası" />
    <owl:sameAs rdf:resource="http://nl.dbpedia.org/resource/National_Gallery_of_Art" />
    <owl:sameAs rdf:resource="http://fa.dbpedia.org/resource/نگارخانه_ملی_هنر_آمریکا" />
    <owl:sameAs rdf:resource="http://pl.dbpedia.org/resource/National_Gallery_of_Art" />
    <owl:sameAs rdf:resource="http://uk.dbpedia.org/resource/Національна_галерея_мистецтв_США" />
    <owl:sameAs rdf:resource="http://ka.dbpedia.org/resource/ხელოვნების_ეროვნული_გალერეა_(ვაშინგტონი)" />
    <owl:sameAs rdf:resource="http://pt.dbpedia.org/resource/Galeria_Nacional_de_Arte" />
    <owl:sameAs rdf:resource="http://no.dbpedia.org/resource/National_Gallery_of_Art" />
    <owl:sameAs rdf:resource="http://sw.cyc.com/concept/Mx4rvgAWdpwpEbGdrcN5Y29ycA" />
    <owl:sameAs rdf:resource="http://ar.dbpedia.org/resource/المعرض_الوطني_للفنون_(واشنطن)" />
    <owl:sameAs rdf:resource="http://sk.dbpedia.org/resource/National_Gallery_of_Art" />
    <owl:sameAs rdf:resource="http://es.dbpedia.org/resource/Galería_Nacional_de_Arte" />
    <owl:sameAs rdf:resource="http://ja.dbpedia.org/resource/ナショナル・ギャラリー_(ワシントン)" />
    <owl:sameAs rdf:resource="http://sws.geonames.org/4139734/" />
    <owl:sameAs rdf:resource="http://th.dbpedia.org/resource/หอศิลป์แห่งชาติ_(วอชิงตัน_ดี.ซี.)" />
    <owl:sameAs rdf:resource="http://mzn.dbpedia.org/resource/آمریکا_هنر_ملی_نگارخنه" />
    <owl:sameAs rdf:resource="http://eo.dbpedia.org/resource/Nacia_Galerio_de_Arto" />
    <owl:sameAs rdf:resource="http://ca.dbpedia.org/resource/National_Gallery_of_Art" />
    <owl:sameAs rdf:resource="http://rdf.freebase.com/ns/m.01z_jj" />
    <owl:sameAs rdf:resource="http://hr.dbpedia.org/resource/Nacionalna_galerija_umjetnosti" />
    <owl:sameAs rdf:resource="http://de.dbpedia.org/resource/National_Gallery_of_Art" />
    <owl:sameAs rdf:resource="http://ko.dbpedia.org/resource/내셔널_갤러리_(워싱턴_D.C.)" />
    <owl:sameAs rdf:resource="http://mn.dbpedia.org/resource/Америкийн_Үндэсний_Галерей" />
    <owl:sameAs rdf:resource="http://da.dbpedia.org/resource/National_Gallery_of_Art" />
    <owl:sameAs rdf:resource="http://lv.dbpedia.org/resource/Nacionālā_mākslas_galerija" />
    <owl:sameAs rdf:resource="http://tr.dbpedia.org/resource/Ulusal_Sanat_Galerisi" />
    <owl:sameAs rdf:resource="http://ru.dbpedia.org/resource/Национальная_галерея_искусства" />
    <owl:sameAs rdf:resource="http://cs.dbpedia.org/resource/National_Gallery_of_Art" />
    <owl:sameAs rdf:resource="http://www.wikidata.org/entity/Q214867" />
    <dcterms:subject rdf:resource="http://dbpedia.org/resource/Category:National_Mall" />
    <dcterms:subject rdf:resource="http://dbpedia.org/resource/Category:I._M._Pei_buildings" />
    <dcterms:subject rdf:resource="http://dbpedia.org/resource/Category:1937_establishments_in_the_United_States" />
    <dcterms:subject rdf:resource="http://dbpedia.org/resource/Category:Modern_art_museums_in_the_United_States" />
    <dcterms:subject rdf:resource="http://dbpedia.org/resource/Category:Domes" />
    <dcterms:subject rdf:resource="http://dbpedia.org/resource/Category:Art_museums_in_Washington,_D.C." />
    <dcterms:subject rdf:resource="http://dbpedia.org/resource/Category:Classical_Revival_architecture_in_Washington,_D.C." />
    <dcterms:subject rdf:resource="http://dbpedia.org/resource/Category:Institutions_accredited_by_the_American_Alliance_of_Museums" />
    <dcterms:subject rdf:resource="http://dbpedia.org/resource/Category:Art_museums_established_in_1937" />
    <dcterms:subject rdf:resource="http://dbpedia.org/resource/Category:American_national_museums_in_Washington,_D.C." />
    <dcterms:subject rdf:resource="http://dbpedia.org/resource/Category:Collections_of_the_National_Gallery_of_Art" />
    <dcterms:subject rdf:resource="http://dbpedia.org/resource/Category:National_Gallery_of_Art" />
    <dcterms:subject rdf:resource="http://dbpedia.org/resource/Category:Museums_of_American_art" />
    <dcterms:subject rdf:resource="http://dbpedia.org/resource/Category:John_Russell_Pope_buildings" />
    <dbpedia-owl:abstract xml:lang="nl">| |- | |- | |- | |- | |} De National Gallery of Art is een nationaal museum voor beeldende kunst in Washington, D.C. , de hoofdstad van de Verenigde Staten. Het museum is geen onderdeel van het Smithsonian Institution, maar er wel mee geaffilieerd. Het museum is zeven dagen per week geopend. Toegang tot het museum is gratis.</dbpedia-owl:abstract>
    <dbpedia-owl:abstract xml:lang="pt">A Galeria Nacional de Arte é um museu de arte, situado no National Mall em Washington D.C. , Estados Unidos. O museu foi fundado em 1937 por uma acta do Congresso dos Estados Unidos, Andrew W. Mellon doou um fundo para a construção e a sua colecção de arte. Samuel H. Kress contribuiu com uma original colecção de arte italiana e mais 2.000 esculturas, pinturas, arte decorativa e porcelanas de Joseph E. Widener. Como resultado de legados como estes, a National Gallery hoje alberga uma das melhores colecções de pintura e escultura ocidentais no mundo.</dbpedia-owl:abstract>
    <dbpedia-owl:abstract xml:lang="it">La National Gallery of Art si trova in Constitution Avenue a Washington negli Stati Uniti; si tratta di uno dei musei d&#39;arte più vasti ed importanti del mondo, che copre, con le sue collezioni ricche di capolavori, quasi settecento anni di storia dell&#39;arte, spaziando dall&#39;arte europea a quella del Nuovo Mondo. La pinacoteca in particolare è la più vasta e completa degli Stati Uniti ed arriva, partendo dall&#39;arte bizantina, fino al XX secolo. La National Gallery of Art si formò essenzialmente grazie alle cospicue donazioni di privati, tra cui spiccano quelle di quattro grandi collezionisti americani: Andrew W. Mellon, Samuel H. Kress, Peter A.B. Widener e Chester Dale. A queste hanno fatto poi seguito, nel tempo, altre donazioni e acquisti.</dbpedia-owl:abstract>
    <dbpedia-owl:abstract xml:lang="sv">National Gallery of Art är ett nationalmuseum för konst beläget i Washington, D.C.. Museet grundades 1938 och hyser idag över 2 000 skulpturer och målningar.</dbpedia-owl:abstract>
    <dbpedia-owl:abstract xml:lang="zh">國家藝廊（National Gallery of Art），是一座位於華盛頓特區的藝術博物館，常縮寫為NGA，隸屬於美國政府，由史密森尼学会管理。建築物本身分為東西兩棟，靠地下通道相通。 國家藝廊由美國國會創建於1937年，一開始是為了管理安德魯·威廉·美隆（Andrew W. Mellon）和山缪·卡瑞斯兩人捐獻出的收藏（主要是義大利藝術）。1941年3月17日國家藝廊的西棟建築正式開放給民眾參觀，西棟建築由建築師約翰·盧梭·派普（John Russell Pope）所設計，東棟建築由建築師貝聿銘所設計，於1978年開放。此外，國家藝廊在1999年增設了一個雕塑公園。</dbpedia-owl:abstract>
    <dbpedia-owl:abstract xml:lang="ru">Национальная галерея искусства (англ.  National Gallery of Art) — художественный музей в Вашингтоне в парке Национальная аллея. В галерее собрана одна из лучших коллекций искусства в мире. В экспозиции представлены произведения искусства европейских и американских мастеров: картины, скульптуры, рисунки, фотографии, графика, предметы декоративно-прикладного искусства. Коллекция насчитывает около 1200 картин (особенно широко представлены полотна итальянских, французских и американских мастеров), одно из лучших в мире собраний живописи итальянского Возрождения, произведения голландского и испанского барокко. Правительством США галерее были переданы 20 тыс. рисунков и акварелей, изображающих историю американских ремёсел и народного искусства. Галерея основана в 1937 году Конгрессом США на основе крупных частных коллекций Эндрю Уильяма Меллона (также выделил 10 млн долларов США на строительство здания), Лессинга Дж. Розенвальда, Сэмуэла Генри Кресса и более чем 2000 скульптур, картин, предметов декоративного искусства и фарфоровых изделий из коллекции Джозефа Уайденера, а также других коллекционеров.</dbpedia-owl:abstract>
    <dbpedia-owl:abstract xml:lang="pl">Narodowa Galeria Sztuki w Waszyngtonie (ang. National Gallery of Art) – galeria sztuki w Waszyngtonie, założona w 1937 przez Kongres Stanów Zjednoczonych. Jej zbiory opierają się na dziełach przekazanych przez prywatnych kolekcjonerów. Do najważniejszych artystów, których obrazy można tam znaleźć, należą: Albrecht Dürer, El Greco, Édouard Manet, Jan Vermeer.</dbpedia-owl:abstract>
    <dbpedia-owl:abstract xml:lang="de">Die National Gallery of Art ist ein US-amerikanisches Museum in Washington, D.C. Das Museum besteht aus zwei Gebäuden, dem Ostgebäude und dem Westgebäude. Beide befinden sich in der National Mall und werden durch einen unterirdischen Tunnel miteinander verbunden. Die National Gallery of Art ist mit der Smithsonian Institution verbunden, auch wenn diese unter einer anderen Leitung steht. Die NGA wurde 1937 vom Kongress in Auftrag gegeben, um die gespendete Kunstsammlung von Andrew W. Mellon unterbringen zu können. Am 17. März 1941 eröffnete das ursprüngliche Museum, welches heute das Westgebäude der NGA ist. Das neoklassizistische Design stammt von dem Architekten John Russell Pope. Das ebenfalls geometrische Design des Ostgebäudes stammt von Ieoh Ming Pei. Dieses wurde 1978 eröffnet. 1999 wurde ein angrenzender Skulpturengarten eröffnet. Als öffentliche Einrichtung des Bundes ist der Eintritt in die National Gallery of Art kostenlos. Im Westgebäude befindet sich eine umfangreiche Sammlung von Bildern und Skulpturen großer europäischer Künstler vom Mittelalter bis ins späte 19. Jahrhundert sowie amerikanischer Künstler vom 18. Jahrhundert bis in die Frühzeit des 20. Jahrhunderts. Höhepunkte der Sammlung sind Gemälde von Vermeer, Rembrandt, Monet, Van Gogh, sowie das einzige weitgehend anerkannte Gemälde Leonardo da Vincis, das Bildnis der Ginevra Benci auf dem amerikanischen Kontinent. Das Ostgebäude konzentriert sich auf moderne und zeitgenössische Kunst. Darunter befinden sich Werke von Picasso, Matisse, Jackson Pollock, Andy Warhol, Max Beckmann und Alexander Calder. Im Ostgebäude befindet sich auch das Hauptbüro des Museums. Die im Skulpturengarten ausgestellten Skulpturen umfassen Werke von Joan Miró, Louise Bourgeois, Roy Lichtenstein und Tyrann Guimard. 2009 verzeichnete die NGA 4,6 Millionen Besucher. Das Ostgebäude, ein Entwurf von I. M. Pei, bekam 2004 vom American Institute of Architects den Twenty-five Year Award verliehen. 		 			National Gallery of Art DC 2007 001. jpg 			 Ausstellungshalle des Westgebäudes mit europäischer Kunst 			 		 		 			National Gallery of Art DC 2007 045. jpg 			 Das Ostgebäude des Museums von I.M. Pei 			 		 		 			National Gallery of Art DC 2007ex. jpg 			 Detailansicht des Ostgebäudes 			 		 		 			National Gallery of Art DC 2007i. jpg 			 Innenansicht des Ostgebäudes mit moderner Kunst</dbpedia-owl:abstract>
    <dbpedia-owl:abstract xml:lang="es">La Galería Nacional de Arte es un museo de arte, que se encuentra en el National Mall de Washington D.C. El museo se fundó en 1937 por un acta del Congreso de los Estados Unidos, con fondos para la construcción y una sustanciosa colección de arte de Andrew W. Mellon. Samuel H. Kress contribuyó a la colección original de arte italiano. Hito clave en los inicios del museo fue la compra de un lote de cuadros del Ermitage de San Petersburgo que el gobierno soviético accedió a vender para obtener divisas.</dbpedia-owl:abstract>
    <dbpedia-owl:abstract xml:lang="ja">ナショナル・ギャラリー・オブ・アート（英語: National Gallery of Art）は、アメリカ合衆国ワシントンD.C. にある美術館である。</dbpedia-owl:abstract>
    <dbpedia-owl:abstract xml:lang="en">The National Gallery of Art and its Sculpture Garden are a national art museum in Washington, D.C. , located on the National Mall, between 3rd and 9th Streets, at Constitution Avenue NW. Open to the public and free of charge, the museum was privately established in 1937 for the people of the United States of America by a joint resolution of the United States Congress. Andrew W. Mellon donated a substantial art collection and funds for construction. The core collection also includes major works of art donated by Paul Mellon, Ailsa Mellon Bruce, Lessing J. Rosenwald, Samuel Henry Kress, Rush Harrison Kress, Peter Arrell Brown Widener, Joseph E. Widener, and Chester Dale. The Gallery&#39;s collection of paintings, drawings, prints, photographs, sculpture, medals, and decorative arts traces the development of Western Art from the Middle Ages to the present, including the only painting by Leonardo da Vinci in the Americas and the largest mobile ever created by Alexander Calder. The Gallery&#39;s campus includes the original neoclassical West Building designed by John Russell Pope, which is linked underground to the modern East Building, designed by I. M. Pei, and the 6.1-acre Sculpture Garden. The Gallery often presents temporary special exhibitions spanning the world and the history of art.</dbpedia-owl:abstract>
    <dbpedia-owl:abstract xml:lang="fr">La National Gallery of Art (NGA) est l&#39;un des plus importants musées de Washington, aux États-Unis. Il est administré par le gouvernement fédéral des États-Unis et son entrée est gratuite. Les collections sont réparties dans deux bâtiments reliés par une galerie souterraine sous le Mall : le bâtiment Est (East Building) et le bâtiment Ouest (West Building). La NGA est affiliée à la Smithsonian Institution.</dbpedia-owl:abstract>
    <dbpedia-owl:location rdf:resource="http://dbpedia.org/resource/National_Mall" />
    <dbpedia-owl:numberOfVisitors rdf:datatype="http://www.w3.org/2001/XMLSchema#integer">4600000</dbpedia-owl:numberOfVisitors>
    <dbpedia-owl:wikiPageID rdf:datatype="http://www.w3.org/2001/XMLSchema#integer">357005</dbpedia-owl:wikiPageID>
    <dbpedia-owl:wikiPageRevisionID rdf:datatype="http://www.w3.org/2001/XMLSchema#integer">548220550</dbpedia-owl:wikiPageRevisionID>
    <rdfs:label xml:lang="es">Galería Nacional de Arte</rdfs:label>
    <rdfs:label xml:lang="ru">Национальная галерея искусства</rdfs:label>
    <rdfs:label xml:lang="ja">ナショナル・ギャラリー (ワシントン)</rdfs:label>
    <rdfs:label xml:lang="de">National Gallery of Art</rdfs:label>
    <rdfs:label xml:lang="pt">Galeria Nacional de Arte</rdfs:label>
    <rdfs:label xml:lang="pl">National Gallery of Art</rdfs:label>
    <rdfs:label xml:lang="en">National Gallery of Art</rdfs:label>
    <rdfs:label xml:lang="sv">National Gallery of Art</rdfs:label>
    <rdfs:label xml:lang="nl">National Gallery of Art</rdfs:label>
    <rdfs:label xml:lang="fr">National Gallery of Art</rdfs:label>
    <rdfs:label xml:lang="it">National Gallery of Art</rdfs:label>
    <rdfs:label xml:lang="zh">國家藝廊</rdfs:label>
    <foaf:depiction rdf:resource="http://upload.wikimedia.org/wikipedia/commons/b/b9/National_Gallery_of_Art_-_West_Building.JPG" />
    <rdfs:comment xml:lang="ru">Национальная галерея искусства (англ.  National Gallery of Art) — художественный музей в Вашингтоне в парке Национальная аллея. В галерее собрана одна из лучших коллекций искусства в мире. В экспозиции представлены произведения искусства европейских и американских мастеров: картины, скульптуры, рисунки, фотографии, графика, предметы декоративно-прикладного искусства.</rdfs:comment>
    <rdfs:comment xml:lang="pt">A Galeria Nacional de Arte é um museu de arte, situado no National Mall em Washington D.C. , Estados Unidos. O museu foi fundado em 1937 por uma acta do Congresso dos Estados Unidos, Andrew W. Mellon doou um fundo para a construção e a sua colecção de arte. Samuel H. Kress contribuiu com uma original colecção de arte italiana e mais 2.000 esculturas, pinturas, arte decorativa e porcelanas de Joseph E. Widener.</rdfs:comment>
    <rdfs:comment xml:lang="de">Die National Gallery of Art ist ein US-amerikanisches Museum in Washington, D.C. Das Museum besteht aus zwei Gebäuden, dem Ostgebäude und dem Westgebäude. Beide befinden sich in der National Mall und werden durch einen unterirdischen Tunnel miteinander verbunden. Die National Gallery of Art ist mit der Smithsonian Institution verbunden, auch wenn diese unter einer anderen Leitung steht. Die NGA wurde 1937 vom Kongress in Auftrag gegeben, um die gespendete Kunstsammlung von Andrew W.</rdfs:comment>
    <rdfs:comment xml:lang="sv">National Gallery of Art är ett nationalmuseum för konst beläget i Washington, D.C.. Museet grundades 1938 och hyser idag över 2 000 skulpturer och målningar.</rdfs:comment>
    <rdfs:comment xml:lang="nl">| |- | |- | |- | |- | |} De National Gallery of Art is een nationaal museum voor beeldende kunst in Washington, D.C. , de hoofdstad van de Verenigde Staten. Het museum is geen onderdeel van het Smithsonian Institution, maar er wel mee geaffilieerd. Het museum is zeven dagen per week geopend. Toegang tot het museum is gratis.</rdfs:comment>
    <rdfs:comment xml:lang="pl">Narodowa Galeria Sztuki w Waszyngtonie (ang. National Gallery of Art) – galeria sztuki w Waszyngtonie, założona w 1937 przez Kongres Stanów Zjednoczonych. Jej zbiory opierają się na dziełach przekazanych przez prywatnych kolekcjonerów. Do najważniejszych artystów, których obrazy można tam znaleźć, należą: Albrecht Dürer, El Greco, Édouard Manet, Jan Vermeer.</rdfs:comment>
    <rdfs:comment xml:lang="zh">國家藝廊（National Gallery of Art），是一座位於華盛頓特區的藝術博物館，常縮寫為NGA，隸屬於美國政府，由史密森尼学会管理。建築物本身分為東西兩棟，靠地下通道相通。 國家藝廊由美國國會創建於1937年，一開始是為了管理安德魯·威廉·美隆（Andrew W. Mellon）和山缪·卡瑞斯兩人捐獻出的收藏（主要是義大利藝術）。1941年3月17日國家藝廊的西棟建築正式開放給民眾參觀，西棟建築由建築師約翰·盧梭·派普（John Russell Pope）所設計，東棟建築由建築師貝聿銘所設計，於1978年開放。此外，國家藝廊在1999年增設了一個雕塑公園。</rdfs:comment>
    <rdfs:comment xml:lang="fr">La National Gallery of Art (NGA) est l&#39;un des plus importants musées de Washington, aux États-Unis. Il est administré par le gouvernement fédéral des États-Unis et son entrée est gratuite. Les collections sont réparties dans deux bâtiments reliés par une galerie souterraine sous le Mall : le bâtiment Est (East Building) et le bâtiment Ouest (West Building). La NGA est affiliée à la Smithsonian Institution.</rdfs:comment>
    <rdfs:comment xml:lang="it">La National Gallery of Art si trova in Constitution Avenue a Washington negli Stati Uniti; si tratta di uno dei musei d&#39;arte più vasti ed importanti del mondo, che copre, con le sue collezioni ricche di capolavori, quasi settecento anni di storia dell&#39;arte, spaziando dall&#39;arte europea a quella del Nuovo Mondo. La pinacoteca in particolare è la più vasta e completa degli Stati Uniti ed arriva, partendo dall&#39;arte bizantina, fino al XX secolo.</rdfs:comment>
    <rdfs:comment xml:lang="en">The National Gallery of Art and its Sculpture Garden are a national art museum in Washington, D.C. , located on the National Mall, between 3rd and 9th Streets, at Constitution Avenue NW. Open to the public and free of charge, the museum was privately established in 1937 for the people of the United States of America by a joint resolution of the United States Congress. Andrew W. Mellon donated a substantial art collection and funds for construction.</rdfs:comment>
    <rdfs:comment xml:lang="ja">ナショナル・ギャラリー・オブ・アート（英語: National Gallery of Art）は、アメリカ合衆国ワシントンD.C. にある美術館である。</rdfs:comment>
    <rdfs:comment xml:lang="es">La Galería Nacional de Arte es un museo de arte, que se encuentra en el National Mall de Washington D.C. El museo se fundó en 1937 por un acta del Congreso de los Estados Unidos, con fondos para la construcción y una sustanciosa colección de arte de Andrew W. Mellon. Samuel H. Kress contribuyó a la colección original de arte italiano.</rdfs:comment>
    <foaf:name xml:lang="en">National Gallery of Art</foaf:name>
    <dbpedia-owl:thumbnail rdf:resource="http://upload.wikimedia.org/wikipedia/commons/thumb/b/b9/National_Gallery_of_Art_-_West_Building.JPG/200px-National_Gallery_of_Art_-_West_Building.JPG" />
    <dbpedia-owl:wikiPageExternalLink rdf:resource="http://www.nga.gov/casva/" />
    <dbpedia-owl:wikiPageExternalLink rdf:resource="http://www.nga.gov/exhibitions/index.shtm" />
    <dbpedia-owl:wikiPageExternalLink rdf:resource="http://www.museumsyndicate.com/owner.php?owner=7" />
    <dbpedia-owl:wikiPageExternalLink rdf:resource="http://www.wmata.com/rail/maps/map.cfm" />
    <dbpedia-owl:wikiPageExternalLink rdf:resource="http://www.randomhouse.com/knopf/catalog/display.pperl?isbn=9780679450320" />
    <dbpedia-owl:wikiPageExternalLink rdf:resource="http://www.nga.gov/" />
    <dbpprop:director xml:lang="en">Earl A. Powell III</dbpprop:director>
    <dbpprop:established rdf:datatype="http://www.w3.org/2001/XMLSchema#integer">1937</dbpprop:established>
    <dbpprop:latitude rdf:datatype="http://www.w3.org/2001/XMLSchema#double">38.8915</dbpprop:latitude>
    <dbpprop:location xml:lang="en">National Mall between 3rd and 7th Streets at Constitution Avenue NW, Washington, DC, 20565, National Mall, Washington, D.C.</dbpprop:location>
    <dbpprop:longitude rdf:datatype="http://www.w3.org/2001/XMLSchema#double">-77.02</dbpprop:longitude>
    <dbpprop:mapCaption xml:lang="en">Location in Washington, D.C.</dbpprop:mapCaption>
    <dbpprop:name xml:lang="en">National Gallery of Art</dbpprop:name>
    <dbpprop:publictransit xml:lang="en">Metro:  Judiciary Square
  Archives   Smithsonian

Metrobus: 4th Street and 7th Street NW

DC Circulator: 4th Street and Madison Drive and 9th Street and Constitution Avenue NW
Metrorail Interactive Map</dbpprop:publictransit>
    <dbpprop:pushpinMap xml:lang="en">United States Washington, D.C.</dbpprop:pushpinMap>
    <dbpprop:visitors rdf:datatype="http://www.w3.org/2001/XMLSchema#integer">4600000</dbpprop:visitors>
    <dbpprop:visitors xml:lang="en">* Ranked 2nd nationally
* Ranked 6th globally</dbpprop:visitors>
    <dbpprop:website rdf:resource="http://www.nga.gov/" />
    <foaf:homepage rdf:resource="http://www.nga.gov/" />
    <geo:geometry rdf:datatype="http://www.openlinksw.com/schemas/virtrdf#Geometry">POINT(-77.02 38.8915)</geo:geometry>
    <foaf:isPrimaryTopicOf rdf:resource="http://en.wikipedia.org/wiki/National_Gallery_of_Art" />
    <geo:long rdf:datatype="http://www.w3.org/2001/XMLSchema#float">-77.02</geo:long>
    <geo:lat rdf:datatype="http://www.w3.org/2001/XMLSchema#float">38.8915</geo:lat>
    <ns8:wasDerivedFrom rdf:resource="http://en.wikipedia.org/wiki/National_Gallery_of_Art?oldid=548220550" />
    <grs:point xml:lang="en">38.89147 -77.02001</grs:point>
    <dbpprop:hasPhotoCollection rdf:resource="http://wifo5-03.informatik.uni-mannheim.de/flickrwrappr/photos/National_Gallery_of_Art" />
  </rdf:Description>
  <rdf:Description rdf:about="http://dbpedia.org/resource/A_Young_Girl_Reading">
    <dbpedia-owl:museum rdf:resource="http://dbpedia.org/resource/National_Gallery_of_Art" />
    <dbpprop:museum rdf:resource="http://dbpedia.org/resource/National_Gallery_of_Art" />
  </rdf:Description>
  <rdf:Description rdf:about="http://de.dbpedia.org/resource/National_Gallery_of_Art">
    <owl:sameAs rdf:resource="http://dbpedia.org/resource/National_Gallery_of_Art" />
  </rdf:Description>
  <rdf:Description rdf:about="http://fr.dbpedia.org/resource/National_Gallery_of_Art">
    <owl:sameAs rdf:resource="http://dbpedia.org/resource/National_Gallery_of_Art" />
  </rdf:Description>
  <rdf:Description rdf:about="http://ru.dbpedia.org/resource/Национальная_галерея_искусства">
    <owl:sameAs rdf:resource="http://dbpedia.org/resource/National_Gallery_of_Art" />
  </rdf:Description>
  <rdf:Description rdf:about="http://es.dbpedia.org/resource/Galería_Nacional_de_Arte">
    <owl:sameAs rdf:resource="http://dbpedia.org/resource/National_Gallery_of_Art" />
  </rdf:Description>
  <rdf:Description rdf:about="http://dbpedia.org/resource/Odalisque_with_Raised_Arms">
    <dbpedia-owl:museum rdf:resource="http://dbpedia.org/resource/National_Gallery_of_Art" />
    <dbpprop:museum rdf:resource="http://dbpedia.org/resource/National_Gallery_of_Art" />
  </rdf:Description>
  <rdf:Description rdf:about="http://dbpedia.org/resource/Ville_d&#39;Avray_(painting)">
    <dbpedia-owl:museum rdf:resource="http://dbpedia.org/resource/National_Gallery_of_Art" />
    <dbpprop:museum rdf:resource="http://dbpedia.org/resource/National_Gallery_of_Art" />
  </rdf:Description>
  <rdf:Description rdf:about="http://dbpedia.org/resource/Lady_Caroline_Howard">
    <dbpedia-owl:museum rdf:resource="http://dbpedia.org/resource/National_Gallery_of_Art" />
    <dbpprop:museum rdf:resource="http://dbpedia.org/resource/National_Gallery_of_Art" />
  </rdf:Description>
  <rdf:Description rdf:about="http://dbpedia.org/resource/Symphony_in_White,_No._1:_The_White_Girl">
    <dbpedia-owl:museum rdf:resource="http://dbpedia.org/resource/National_Gallery_of_Art" />
    <dbpprop:museum rdf:resource="http://dbpedia.org/resource/National_Gallery_of_Art" />
  </rdf:Description>
  <rdf:Description rdf:about="http://dbpedia.org/resource/Tobias_and_the_Angel_(Filippino_Lippi)">
    <dbpedia-owl:museum rdf:resource="http://dbpedia.org/resource/National_Gallery_of_Art" />
  </rdf:Description>
  <rdf:Description rdf:about="http://dbpedia.org/resource/Mrs._Richard_Brinsley_Sheridan_(painting)">
    <dbpedia-owl:museum rdf:resource="http://dbpedia.org/resource/National_Gallery_of_Art" />
    <dbpprop:museum rdf:resource="http://dbpedia.org/resource/National_Gallery_of_Art" />
  </rdf:Description>
  <rdf:Description rdf:about="http://dbpedia.org/resource/The_Lackawanna_Valley">
    <dbpedia-owl:museum rdf:resource="http://dbpedia.org/resource/National_Gallery_of_Art" />
    <dbpprop:museum rdf:resource="http://dbpedia.org/resource/National_Gallery_of_Art" />
  </rdf:Description>
  <rdf:Description rdf:about="http://dbpedia.org/resource/NGA">
    <dbpedia-owl:wikiPageDisambiguates rdf:resource="http://dbpedia.org/resource/National_Gallery_of_Art" />
  </rdf:Description>
  <rdf:Description rdf:about="http://dbpedia.org/resource/I._M._Pei">
    <dbpedia-owl:significantBuilding rdf:resource="http://dbpedia.org/resource/National_Gallery_of_Art" />
  </rdf:Description>
  <rdf:Description rdf:about="http://dbpedia.org/resource/Cubi_XXVI">
    <dbpprop:owner rdf:resource="http://dbpedia.org/resource/National_Gallery_of_Art" />
  </rdf:Description>
  <rdf:Description rdf:about="http://dbpedia.org/resource/Girl_in_White">
    <dbpedia-owl:museum rdf:resource="http://dbpedia.org/resource/National_Gallery_of_Art" />
    <dbpprop:museum rdf:resource="http://dbpedia.org/resource/National_Gallery_of_Art" />
  </rdf:Description>
  <rdf:Description rdf:about="http://dbpedia.org/resource/La_Mousm%C3%A9">
    <dbpedia-owl:museum rdf:resource="http://dbpedia.org/resource/National_Gallery_of_Art" />
    <dbpprop:museum rdf:resource="http://dbpedia.org/resource/National_Gallery_of_Art" />
  </rdf:Description>
  <rdf:Description rdf:about="http://dbpedia.org/resource/Still_Life:_Vase_with_Pink_Roses_(Van_Gogh)">
    <dbpedia-owl:museum rdf:resource="http://dbpedia.org/resource/National_Gallery_of_Art" />
    <dbpprop:museum rdf:resource="http://dbpedia.org/resource/National_Gallery_of_Art" />
  </rdf:Description>
  <rdf:Description rdf:about="http://dbpedia.org/resource/Bust_of_Francesco_Barberini_(Bernini)">
    <dbpedia-owl:museum rdf:resource="http://dbpedia.org/resource/National_Gallery_of_Art" />
    <dbpprop:museum rdf:resource="http://dbpedia.org/resource/National_Gallery_of_Art" />
  </rdf:Description>
  <rdf:Description rdf:about="http://dbpedia.org/resource/The_Mill_(Rembrandt)">
    <dbpedia-owl:museum rdf:resource="http://dbpedia.org/resource/National_Gallery_of_Art" />
    <dbpprop:museum rdf:resource="http://dbpedia.org/resource/National_Gallery_of_Art" />
  </rdf:Description>
  <rdf:Description rdf:about="http://it.dbpedia.org/resource/National_Gallery_of_Art">
    <owl:sameAs rdf:resource="http://dbpedia.org/resource/National_Gallery_of_Art" />
  </rdf:Description>
  <rdf:Description rdf:about="http://pt.dbpedia.org/resource/Galeria_Nacional_de_Arte">
    <owl:sameAs rdf:resource="http://dbpedia.org/resource/National_Gallery_of_Art" />
  </rdf:Description>
  <rdf:Description rdf:about="http://dbpedia.org/resource/Girl_with_a_Red_Hat">
    <dbpedia-owl:museum rdf:resource="http://dbpedia.org/resource/National_Gallery_of_Art" />
    <dbpprop:museum rdf:resource="http://dbpedia.org/resource/National_Gallery_of_Art" />
  </rdf:Description>
  <rdf:Description rdf:about="http://dbpedia.org/resource/The_Old_Musician">
    <dbpedia-owl:museum rdf:resource="http://dbpedia.org/resource/National_Gallery_of_Art" />
    <dbpprop:museum rdf:resource="http://dbpedia.org/resource/National_Gallery_of_Art" />
  </rdf:Description>
  <rdf:Description rdf:about="http://dbpedia.org/resource/The_Skater">
    <dbpedia-owl:museum rdf:resource="http://dbpedia.org/resource/National_Gallery_of_Art" />
  </rdf:Description>
  <rdf:Description rdf:about="http://dbpedia.org/resource/Woman_Holding_a_Balance">
    <dbpedia-owl:museum rdf:resource="http://dbpedia.org/resource/National_Gallery_of_Art" />
    <dbpprop:museum rdf:resource="http://dbpedia.org/resource/National_Gallery_of_Art" />
  </rdf:Description>
  <rdf:Description rdf:about="http://dbpedia.org/resource/Sunlight_and_Shadow:_The_Newbury_Marshes">
    <dbpedia-owl:museum rdf:resource="http://dbpedia.org/resource/National_Gallery_of_Art" />
    <dbpprop:museum rdf:resource="http://dbpedia.org/resource/National_Gallery_of_Art" />
  </rdf:Description>
  <rdf:Description rdf:about="http://dbpedia.org/resource/A_Lady_Writing_a_Letter">
    <dbpedia-owl:museum rdf:resource="http://dbpedia.org/resource/National_Gallery_of_Art" />
    <dbpprop:museum rdf:resource="http://dbpedia.org/resource/National_Gallery_of_Art" />
  </rdf:Description>
  <rdf:Description rdf:about="http://dbpedia.org/resource/Look_Mickey">
    <dbpedia-owl:museum rdf:resource="http://dbpedia.org/resource/National_Gallery_of_Art" />
  </rdf:Description>
  <rdf:Description rdf:about="http://en.wikipedia.org/wiki/National_Gallery_of_Art">
    <foaf:primaryTopic rdf:resource="http://dbpedia.org/resource/National_Gallery_of_Art" />
  </rdf:Description>
  <rdf:Description rdf:about="http://dbpedia.org/resource/Salon_des_Refus%C3%A9s">
    <dbpedia-owl:museum rdf:resource="http://dbpedia.org/resource/National_Gallery_of_Art" />
    <dbpprop:museum rdf:resource="http://dbpedia.org/resource/National_Gallery_of_Art" />
  </rdf:Description>
  <rdf:Description rdf:about="http://dbpedia.org/resource/Annunciation_(van_Eyck,_Washington)">
    <dbpedia-owl:museum rdf:resource="http://dbpedia.org/resource/National_Gallery_of_Art" />
    <dbpprop:museum rdf:resource="http://dbpedia.org/resource/National_Gallery_of_Art" />
  </rdf:Description>
  <rdf:Description rdf:about="http://dbpedia.org/resource/The_Farm_(Mir%C3%B3)">
    <dbpedia-owl:museum rdf:resource="http://dbpedia.org/resource/National_Gallery_of_Art" />
    <dbpprop:museum rdf:resource="http://dbpedia.org/resource/National_Gallery_of_Art" />
  </rdf:Description>
  <rdf:Description rdf:about="http://dbpedia.org/resource/Family_of_Saltimbanques">
    <dbpedia-owl:museum rdf:resource="http://dbpedia.org/resource/National_Gallery_of_Art" />
  </rdf:Description>
  <rdf:Description rdf:about="http://dbpedia.org/resource/The_Feast_of_the_Gods">
    <dbpedia-owl:museum rdf:resource="http://dbpedia.org/resource/National_Gallery_of_Art" />
  </rdf:Description>
  <rdf:Description rdf:about="http://dbpedia.org/resource/Christ_Driving_the_Money_Changers_from_the_Temple_(El_Greco,_Washington)">
    <dbpedia-owl:museum rdf:resource="http://dbpedia.org/resource/National_Gallery_of_Art" />
    <dbpprop:museum rdf:resource="http://dbpedia.org/resource/National_Gallery_of_Art" />
  </rdf:Description>
  <rdf:Description rdf:about="http://dbpedia.org/resource/Death_and_the_Miser">
    <dbpedia-owl:museum rdf:resource="http://dbpedia.org/resource/National_Gallery_of_Art" />
    <dbpprop:museum rdf:resource="http://dbpedia.org/resource/National_Gallery_of_Art" />
  </rdf:Description>
  <rdf:Description rdf:about="http://dbpedia.org/resource/The_Emperor_Napoleon_in_His_Study_at_the_Tuileries">
    <dbpedia-owl:museum rdf:resource="http://dbpedia.org/resource/National_Gallery_of_Art" />
    <dbpprop:museum rdf:resource="http://dbpedia.org/resource/National_Gallery_of_Art" />
  </rdf:Description>
  <rdf:Description rdf:about="http://dbpedia.org/resource/Venus_with_a_Mirror">
    <dbpedia-owl:museum rdf:resource="http://dbpedia.org/resource/National_Gallery_of_Art" />
    <dbpprop:museum rdf:resource="http://dbpedia.org/resource/National_Gallery_of_Art" />
  </rdf:Description>
  <rdf:Description rdf:about="http://dbpedia.org/resource/The_Voyage_of_Life">
    <dbpedia-owl:museum rdf:resource="http://dbpedia.org/resource/National_Gallery_of_Art" />
  </rdf:Description>
  <rdf:Description rdf:about="http://dbpedia.org/resource/The_Human_Condition_(painting)">
    <dbpedia-owl:museum rdf:resource="http://dbpedia.org/resource/National_Gallery_of_Art" />
    <dbpprop:museum rdf:resource="http://dbpedia.org/resource/National_Gallery_of_Art" />
  </rdf:Description>
  <rdf:Description rdf:about="http://dbpedia.org/resource/The_Open_Window">
    <dbpedia-owl:museum rdf:resource="http://dbpedia.org/resource/National_Gallery_of_Art" />
    <dbpprop:museum rdf:resource="http://dbpedia.org/resource/National_Gallery_of_Art" />
  </rdf:Description>
  <rdf:Description rdf:about="http://dbpedia.org/resource/Haller_Madonna">
    <dbpedia-owl:museum rdf:resource="http://dbpedia.org/resource/National_Gallery_of_Art" />
  </rdf:Description>
  <rdf:Description rdf:about="http://dbpedia.org/resource/Self_Portrait_with_Beret_and_Turned-Up_Collar">
    <dbpedia-owl:museum rdf:resource="http://dbpedia.org/resource/National_Gallery_of_Art" />
    <dbpprop:museum rdf:resource="http://dbpedia.org/resource/National_Gallery_of_Art" />
  </rdf:Description>
  <rdf:Description rdf:about="http://dbpedia.org/resource/Allegory_of_Virtue_and_Vice_(Lotto)">
    <dbpedia-owl:museum rdf:resource="http://dbpedia.org/resource/National_Gallery_of_Art" />
  </rdf:Description>
  <rdf:Description rdf:about="http://dbpedia.org/resource/Adoration_of_the_Shepherds_(Giorgione)">
    <dbpedia-owl:museum rdf:resource="http://dbpedia.org/resource/National_Gallery_of_Art" />
  </rdf:Description>
  <rdf:Description rdf:about="http://dbpedia.org/resource/Untitled_(Black_on_Grey)">
    <dbpedia-owl:museum rdf:resource="http://dbpedia.org/resource/National_Gallery_of_Art" />
    <dbpprop:museum rdf:resource="http://dbpedia.org/resource/National_Gallery_of_Art" />
  </rdf:Description>
  <rdf:Description rdf:about="http://dbpedia.org/resource/Portrait_of_Bindo_Altoviti_(Raphael)">
    <dbpedia-owl:museum rdf:resource="http://dbpedia.org/resource/National_Gallery_of_Art" />
  </rdf:Description>
  <rdf:Description rdf:about="http://dbpedia.org/resource/The_Railway">
    <dbpedia-owl:museum rdf:resource="http://dbpedia.org/resource/National_Gallery_of_Art" />
    <dbpprop:museum rdf:resource="http://dbpedia.org/resource/National_Gallery_of_Art" />
  </rdf:Description>
  <rdf:Description rdf:about="http://dbpedia.org/resource/Judith_and_Holofernes_(Mantegna)">
    <dbpedia-owl:museum rdf:resource="http://dbpedia.org/resource/National_Gallery_of_Art" />
  </rdf:Description>
  <rdf:Description rdf:about="http://dbpedia.org/resource/Laoco%C3%B6n_(El_Greco)">
    <dbpedia-owl:museum rdf:resource="http://dbpedia.org/resource/National_Gallery_of_Art" />
    <dbpprop:museum rdf:resource="http://dbpedia.org/resource/National_Gallery_of_Art" />
  </rdf:Description>
  <rdf:Description rdf:about="http://dbpedia.org/resource/The_Sacrament_of_the_Last_Supper">
    <dbpedia-owl:museum rdf:resource="http://dbpedia.org/resource/National_Gallery_of_Art" />
    <dbpprop:museum rdf:resource="http://dbpedia.org/resource/National_Gallery_of_Art" />
  </rdf:Description>
  <rdf:Description rdf:about="http://dbpedia.org/resource/National_Gallery_of_Art,_Washington,_DC">
    <dbpedia-owl:wikiPageRedirects rdf:resource="http://dbpedia.org/resource/National_Gallery_of_Art" />
  </rdf:Description>
  <rdf:Description rdf:about="http://dbpedia.org/resource/National_Gallery_of_Art,_WA,_DC">
    <dbpedia-owl:wikiPageRedirects rdf:resource="http://dbpedia.org/resource/National_Gallery_of_Art" />
  </rdf:Description>
  <rdf:Description rdf:about="http://dbpedia.org/resource/Ginevra_de&#39;_Benci">
    <dbpedia-owl:museum rdf:resource="http://dbpedia.org/resource/National_Gallery_of_Art" />
    <dbpprop:museum rdf:resource="http://dbpedia.org/resource/National_Gallery_of_Art" />
  </rdf:Description>
  <rdf:Description rdf:about="http://dbpedia.org/resource/Portrait_of_a_Man_(Mantegna)">
    <dbpedia-owl:museum rdf:resource="http://dbpedia.org/resource/National_Gallery_of_Art" />
  </rdf:Description>
  <rdf:Description rdf:about="http://dbpedia.org/resource/Right_and_Left">
    <dbpedia-owl:museum rdf:resource="http://dbpedia.org/resource/National_Gallery_of_Art" />
    <dbpprop:museum rdf:resource="http://dbpedia.org/resource/National_Gallery_of_Art" />
  </rdf:Description>
  <rdf:Description rdf:about="http://dbpedia.org/resource/Cattleya_Orchid_and_Three_Hummingbirds">
    <dbpedia-owl:museum rdf:resource="http://dbpedia.org/resource/National_Gallery_of_Art" />
    <dbpprop:museum rdf:resource="http://dbpedia.org/resource/National_Gallery_of_Art" />
  </rdf:Description>
  <rdf:Description rdf:about="http://dbpedia.org/resource/El_Rio_de_Luz">
    <dbpedia-owl:museum rdf:resource="http://dbpedia.org/resource/National_Gallery_of_Art" />
    <dbpprop:museum rdf:resource="http://dbpedia.org/resource/National_Gallery_of_Art" />
  </rdf:Description>
  <rdf:Description rdf:about="http://dbpedia.org/resource/Giant_Magnolias_on_a_Blue_Velvet_Cloth">
    <dbpedia-owl:museum rdf:resource="http://dbpedia.org/resource/National_Gallery_of_Art" />
    <dbpprop:museum rdf:resource="http://dbpedia.org/resource/National_Gallery_of_Art" />
  </rdf:Description>
  <rdf:Description rdf:about="http://dbpedia.org/resource/Alba_Madonna">
    <dbpedia-owl:museum rdf:resource="http://dbpedia.org/resource/National_Gallery_of_Art" />
    <dbpprop:museum rdf:resource="http://dbpedia.org/resource/National_Gallery_of_Art" />
  </rdf:Description>
  <rdf:Description rdf:about="http://dbpedia.org/resource/Niccolini-Cowper_Madonna">
    <dbpedia-owl:museum rdf:resource="http://dbpedia.org/resource/National_Gallery_of_Art" />
    <dbpprop:museum rdf:resource="http://dbpedia.org/resource/National_Gallery_of_Art" />
  </rdf:Description>
  <rdf:Description rdf:about="http://dbpedia.org/resource/Small_Cowper_Madonna">
    <dbpedia-owl:museum rdf:resource="http://dbpedia.org/resource/National_Gallery_of_Art" />
    <dbpprop:museum rdf:resource="http://dbpedia.org/resource/National_Gallery_of_Art" />
  </rdf:Description>
  <rdf:Description rdf:about="http://dbpedia.org/resource/Portrait_of_Lorenzo_di_Credi">
    <dbpedia-owl:museum rdf:resource="http://dbpedia.org/resource/National_Gallery_of_Art" />
    <dbpprop:museum rdf:resource="http://dbpedia.org/resource/National_Gallery_of_Art" />
  </rdf:Description>
  <rdf:Description rdf:about="http://dbpedia.org/resource/Saint_George_and_the_Dragon_(Raphael)">
    <dbpedia-owl:museum rdf:resource="http://dbpedia.org/resource/National_Gallery_of_Art" />
    <dbpprop:museum rdf:resource="http://dbpedia.org/resource/National_Gallery_of_Art" />
  </rdf:Description>
  <rdf:Description rdf:about="http://dbpedia.org/resource/Lady_Elizabeth_Delm%C3%A9_and_Her_Children">
    <dbpedia-owl:museum rdf:resource="http://dbpedia.org/resource/National_Gallery_of_Art" />
    <dbpprop:museum rdf:resource="http://dbpedia.org/resource/National_Gallery_of_Art" />
  </rdf:Description>
  <rdf:Description rdf:about="http://dbpedia.org/resource/Breezing_Up_(A_Fair_Wind)">
    <dbpedia-owl:museum rdf:resource="http://dbpedia.org/resource/National_Gallery_of_Art" />
    <dbpprop:museum rdf:resource="http://dbpedia.org/resource/National_Gallery_of_Art" />
  </rdf:Description>
  <rdf:Description rdf:about="http://cs.dbpedia.org/resource/National_Gallery_of_Art">
    <owl:sameAs rdf:resource="http://dbpedia.org/resource/National_Gallery_of_Art" />
  </rdf:Description>
  <rdf:Description rdf:about="http://ja.dbpedia.org/resource/ナショナル・ギャラリー_(ワシントン)">
    <owl:sameAs rdf:resource="http://dbpedia.org/resource/National_Gallery_of_Art" />
  </rdf:Description>
  <rdf:Description rdf:about="http://pl.dbpedia.org/resource/National_Gallery_of_Art">
    <owl:sameAs rdf:resource="http://dbpedia.org/resource/National_Gallery_of_Art" />
  </rdf:Description>
  <rdf:Description rdf:about="http://dbpedia.org/resource/The_National_Gallery_of_Art">
    <dbpedia-owl:wikiPageRedirects rdf:resource="http://dbpedia.org/resource/National_Gallery_of_Art" />
  </rdf:Description>
  <rdf:Description rdf:about="http://dbpedia.org/resource/The_Cornell_Farm">
    <dbpedia-owl:museum rdf:resource="http://dbpedia.org/resource/National_Gallery_of_Art" />
    <dbpprop:museum rdf:resource="http://dbpedia.org/resource/National_Gallery_of_Art" />
  </rdf:Description>
  <rdf:Description rdf:about="http://dbpedia.org/resource/Watson_and_the_Shark">
    <dbpedia-owl:museum rdf:resource="http://dbpedia.org/resource/National_Gallery_of_Art" />
    <dbpprop:museum rdf:resource="http://dbpedia.org/resource/National_Gallery_of_Art" />
  </rdf:Description>
  <rdf:Description rdf:about="http://dbpedia.org/resource/Portrait_of_a_Young_Man_(Masaccio)">
    <dbpedia-owl:museum rdf:resource="http://dbpedia.org/resource/National_Gallery_of_Art" />
    <dbpprop:museum rdf:resource="http://dbpedia.org/resource/National_Gallery_of_Art" />
  </rdf:Description>
  <rdf:Description rdf:about="http://dbpedia.org/resource/Beasts_of_the_Sea">
    <dbpedia-owl:museum rdf:resource="http://dbpedia.org/resource/National_Gallery_of_Art" />
    <dbpprop:museum rdf:resource="http://dbpedia.org/resource/National_Gallery_of_Art" />
  </rdf:Description>
  <rdf:Description rdf:about="http://dbpedia.org/resource/Farmhouse_in_Provence">
    <dbpedia-owl:museum rdf:resource="http://dbpedia.org/resource/National_Gallery_of_Art" />
    <dbpprop:museum rdf:resource="http://dbpedia.org/resource/National_Gallery_of_Art" />
  </rdf:Description>
  <rdf:Description rdf:about="http://dbpedia.org/resource/National_Gallery_(disambiguation)">
    <dbpedia-owl:wikiPageDisambiguates rdf:resource="http://dbpedia.org/resource/National_Gallery_of_Art" />
  </rdf:Description>
  <rdf:Description rdf:about="http://dbpedia.org/resource/Head_of_a_Catalan_Peasant">
    <dbpedia-owl:museum rdf:resource="http://dbpedia.org/resource/National_Gallery_of_Art" />
    <dbpprop:museum rdf:resource="http://dbpedia.org/resource/National_Gallery_of_Art" />
  </rdf:Description>
  <rdf:Description rdf:about="http://dbpedia.org/resource/East_Building">
    <dbpedia-owl:wikiPageRedirects rdf:resource="http://dbpedia.org/resource/National_Gallery_of_Art" />
  </rdf:Description>
  <rdf:Description rdf:about="http://dbpedia.org/resource/NGA,_Washington">
    <dbpedia-owl:wikiPageRedirects rdf:resource="http://dbpedia.org/resource/National_Gallery_of_Art" />
  </rdf:Description>
  <rdf:Description rdf:about="http://dbpedia.org/resource/National_Gallery,_Washington">
    <dbpedia-owl:wikiPageRedirects rdf:resource="http://dbpedia.org/resource/National_Gallery_of_Art" />
  </rdf:Description>
  <rdf:Description rdf:about="http://dbpedia.org/resource/National_Gallery,_Washington_DC:">
    <dbpedia-owl:wikiPageRedirects rdf:resource="http://dbpedia.org/resource/National_Gallery_of_Art" />
  </rdf:Description>
  <rdf:Description rdf:about="http://dbpedia.org/resource/National_Gallery_of_Art,_Washington">
    <dbpedia-owl:wikiPageRedirects rdf:resource="http://dbpedia.org/resource/National_Gallery_of_Art" />
  </rdf:Description>
  <rdf:Description rdf:about="http://dbpedia.org/resource/National_Gallery_of_Art,_Washington_D.C.">
    <dbpedia-owl:wikiPageRedirects rdf:resource="http://dbpedia.org/resource/National_Gallery_of_Art" />
  </rdf:Description>
  <rdf:Description rdf:about="http://dbpedia.org/resource/National_Gallery_of_Art,_Washington_DC">
    <dbpedia-owl:wikiPageRedirects rdf:resource="http://dbpedia.org/resource/National_Gallery_of_Art" />
  </rdf:Description>
  <rdf:Description rdf:about="http://dbpedia.org/resource/National_Gallery_of_Art_Washington">
    <dbpedia-owl:wikiPageRedirects rdf:resource="http://dbpedia.org/resource/National_Gallery_of_Art" />
  </rdf:Description>
  <rdf:Description rdf:about="http://dbpedia.org/resource/National_gallery_of_art">
    <dbpedia-owl:wikiPageRedirects rdf:resource="http://dbpedia.org/resource/National_Gallery_of_Art" />
  </rdf:Description>
  <rdf:Description rdf:about="http://dbpedia.org/resource/The_Needlewoman">
    <dbpedia-owl:museum rdf:resource="http://dbpedia.org/resource/National_Gallery_of_Art" />
    <dbpprop:museum rdf:resource="http://dbpedia.org/resource/National_Gallery_of_Art" />
  </rdf:Description>
  <rdf:Description rdf:about="http://dbpedia.org/resource/Moondog_(3/3)">
    <dbpedia-owl:museum rdf:resource="http://dbpedia.org/resource/National_Gallery_of_Art" />
    <dbpprop:museum rdf:resource="http://dbpedia.org/resource/National_Gallery_of_Art" />
  </rdf:Description>
  <rdf:Description rdf:about="http://dbpedia.org/resource/Woman_with_a_Parasol_-_Madame_Monet_and_Her_Son">
    <dbpedia-owl:museum rdf:resource="http://dbpedia.org/resource/National_Gallery_of_Art" />
    <dbpprop:museum rdf:resource="http://dbpedia.org/resource/National_Gallery_of_Art" />
  </rdf:Description>
  <rdf:Description rdf:about="http://dbpedia.org/resource/The_Dance_Lesson">
    <dbpedia-owl:museum rdf:resource="http://dbpedia.org/resource/National_Gallery_of_Art" />
    <dbpprop:museum rdf:resource="http://dbpedia.org/resource/National_Gallery_of_Art" />
    <dbpprop:owner rdf:resource="http://dbpedia.org/resource/National_Gallery_of_Art" />
  </rdf:Description>
  <rdf:Description rdf:about="http://dbpedia.org/resource/Mountains_at_Collioure">
    <dbpedia-owl:museum rdf:resource="http://dbpedia.org/resource/National_Gallery_of_Art" />
    <dbpprop:museum rdf:resource="http://dbpedia.org/resource/National_Gallery_of_Art" />
    <dbpprop:owner rdf:resource="http://dbpedia.org/resource/National_Gallery_of_Art" />
  </rdf:Description>
  <rdf:Description rdf:about="http://dbpedia.org/resource/Wandering_Rocks_(4/5)">
    <dbpedia-owl:museum rdf:resource="http://dbpedia.org/resource/National_Gallery_of_Art" />
    <dbpprop:museum rdf:resource="http://dbpedia.org/resource/National_Gallery_of_Art" />
  </rdf:Description>
  <rdf:Description rdf:about="http://dbpedia.org/resource/Girl_with_a_Flute">
    <dbpedia-owl:museum rdf:resource="http://dbpedia.org/resource/National_Gallery_of_Art" />
    <dbpprop:museum rdf:resource="http://dbpedia.org/resource/National_Gallery_of_Art" />
  </rdf:Description>
  <rdf:Description rdf:about="http://ko.dbpedia.org/resource/내셔널_갤러리_(워싱턴_D.C.)">
    <owl:sameAs rdf:resource="http://dbpedia.org/resource/National_Gallery_of_Art" />
  </rdf:Description>
  <rdf:Description rdf:about="http://nl.dbpedia.org/resource/National_Gallery_of_Art">
    <owl:sameAs rdf:resource="http://dbpedia.org/resource/National_Gallery_of_Art" />
  </rdf:Description>
  <rdf:Description rdf:about="http://eu.dbpedia.org/resource/Washingtongo_Arte_Galeria_Nazionala">
    <owl:sameAs rdf:resource="http://dbpedia.org/resource/National_Gallery_of_Art" />
  </rdf:Description>
  <rdf:Description rdf:about="http://dbpedia.org/resource/Colonel_Guy_Johnson_and_Karonghyontye_(Captain_David_Hill)">
    <dbpedia-owl:museum rdf:resource="http://dbpedia.org/resource/National_Gallery_of_Art" />
    <dbpprop:museum rdf:resource="http://dbpedia.org/resource/National_Gallery_of_Art" />
  </rdf:Description>
  <rdf:Description rdf:about="http://wikidata.dbpedia.org/resource/Q214867">
    <owl:sameAs rdf:resource="http://dbpedia.org/resource/National_Gallery_of_Art" />
  </rdf:Description>
  <rdf:Description rdf:about="http://zh.dbpedia.org/resource/國家藝廊">
    <owl:sameAs rdf:resource="http://dbpedia.org/resource/National_Gallery_of_Art" />
  </rdf:Description>
  <rdf:Description rdf:about="http://ar.dbpedia.org/resource/المعرض_الوطني_للفنون_(واشنطن)">
    <owl:sameAs rdf:resource="http://dbpedia.org/resource/National_Gallery_of_Art" />
  </rdf:Description>
  <rdf:Description rdf:about="http://az.dbpedia.org/resource/Milli_Sənət_Qalereyası">
    <owl:sameAs rdf:resource="http://dbpedia.org/resource/National_Gallery_of_Art" />
  </rdf:Description>
  <rdf:Description rdf:about="http://be.dbpedia.org/resource/Нацыянальная_галерэя_мастацтва">
    <owl:sameAs rdf:resource="http://dbpedia.org/resource/National_Gallery_of_Art" />
  </rdf:Description>
  <rdf:Description rdf:about="http://ca.dbpedia.org/resource/National_Gallery_of_Art">
    <owl:sameAs rdf:resource="http://dbpedia.org/resource/National_Gallery_of_Art" />
  </rdf:Description>
  <rdf:Description rdf:about="http://da.dbpedia.org/resource/National_Gallery_of_Art">
    <owl:sameAs rdf:resource="http://dbpedia.org/resource/National_Gallery_of_Art" />
  </rdf:Description>
  <rdf:Description rdf:about="http://eo.dbpedia.org/resource/Nacia_Galerio_de_Arto">
    <owl:sameAs rdf:resource="http://dbpedia.org/resource/National_Gallery_of_Art" />
  </rdf:Description>
  <rdf:Description rdf:about="http://fa.dbpedia.org/resource/نگارخانه_ملی_هنر_آمریکا">
    <owl:sameAs rdf:resource="http://dbpedia.org/resource/National_Gallery_of_Art" />
  </rdf:Description>
  <rdf:Description rdf:about="http://gl.dbpedia.org/resource/National_Gallery_of_Art">
    <owl:sameAs rdf:resource="http://dbpedia.org/resource/National_Gallery_of_Art" />
  </rdf:Description>
  <rdf:Description rdf:about="http://hr.dbpedia.org/resource/Nacionalna_galerija_umjetnosti">
    <owl:sameAs rdf:resource="http://dbpedia.org/resource/National_Gallery_of_Art" />
  </rdf:Description>
  <rdf:Description rdf:about="http://ka.dbpedia.org/resource/ხელოვნების_ეროვნული_გალერეა_(ვაშინგტონი)">
    <owl:sameAs rdf:resource="http://dbpedia.org/resource/National_Gallery_of_Art" />
  </rdf:Description>
  <rdf:Description rdf:about="http://lv.dbpedia.org/resource/Nacionālā_mākslas_galerija">
    <owl:sameAs rdf:resource="http://dbpedia.org/resource/National_Gallery_of_Art" />
  </rdf:Description>
  <rdf:Description rdf:about="http://mzn.dbpedia.org/resource/آمریکا_هنر_ملی_نگارخنه">
    <owl:sameAs rdf:resource="http://dbpedia.org/resource/National_Gallery_of_Art" />
  </rdf:Description>
  <rdf:Description rdf:about="http://no.dbpedia.org/resource/National_Gallery_of_Art">
    <owl:sameAs rdf:resource="http://dbpedia.org/resource/National_Gallery_of_Art" />
  </rdf:Description>
  <rdf:Description rdf:about="http://pnb.dbpedia.org/resource/نیشنل_گیلری_آف_آرٹ">
    <owl:sameAs rdf:resource="http://dbpedia.org/resource/National_Gallery_of_Art" />
  </rdf:Description>
  <rdf:Description rdf:about="http://ro.dbpedia.org/resource/National_Gallery_of_Art,_Washington,_D.C.">
    <owl:sameAs rdf:resource="http://dbpedia.org/resource/National_Gallery_of_Art" />
  </rdf:Description>
  <rdf:Description rdf:about="http://simple.dbpedia.org/resource/National_Gallery_of_Art">
    <owl:sameAs rdf:resource="http://dbpedia.org/resource/National_Gallery_of_Art" />
  </rdf:Description>
  <rdf:Description rdf:about="http://sk.dbpedia.org/resource/National_Gallery_of_Art">
    <owl:sameAs rdf:resource="http://dbpedia.org/resource/National_Gallery_of_Art" />
  </rdf:Description>
  <rdf:Description rdf:about="http://sv.dbpedia.org/resource/National_Gallery_of_Art">
    <owl:sameAs rdf:resource="http://dbpedia.org/resource/National_Gallery_of_Art" />
  </rdf:Description>
  <rdf:Description rdf:about="http://th.dbpedia.org/resource/หอศิลป์แห่งชาติ_(วอชิงตัน_ดี.ซี.)">
    <owl:sameAs rdf:resource="http://dbpedia.org/resource/National_Gallery_of_Art" />
  </rdf:Description>
  <rdf:Description rdf:about="http://tr.dbpedia.org/resource/Ulusal_Sanat_Galerisi">
    <owl:sameAs rdf:resource="http://dbpedia.org/resource/National_Gallery_of_Art" />
  </rdf:Description>
  <rdf:Description rdf:about="http://uk.dbpedia.org/resource/Національна_галерея_мистецтв_США">
    <owl:sameAs rdf:resource="http://dbpedia.org/resource/National_Gallery_of_Art" />
  </rdf:Description>
  <rdf:Description rdf:about="http://mn.dbpedia.org/resource/Америкийн_Үндэсний_Галерей">
    <owl:sameAs rdf:resource="http://dbpedia.org/resource/National_Gallery_of_Art" />
  </rdf:Description>
</rdf:RDF>
