<?xml version="1.0" encoding="utf-8" ?>
<rdf:RDF
	xmlns:rdf="http://www.w3.org/1999/02/22-rdf-syntax-ns#"
	xmlns:rdfs="http://www.w3.org/2000/01/rdf-schema#"
	xmlns:owl="http://www.w3.org/2002/07/owl#"
	xmlns:dcterms="http://purl.org/dc/terms/"
	xmlns:dbpedia-owl="http://dbpedia.org/ontology/"
	xmlns:foaf="http://xmlns.com/foaf/0.1/"
	xmlns:dbpprop="http://dbpedia.org/property/"
	xmlns:geo="http://www.w3.org/2003/01/geo/wgs84_pos#"
	xmlns:ns8="http://www.w3.org/ns/prov#"
	xmlns:grs="http://www.georss.org/georss/" >
  <rdf:Description rdf:about="http://dbpedia.org/resource/Canadian_Museum_of_Contemporary_Photography">
    <dbpedia-owl:location rdf:resource="http://dbpedia.org/resource/National_Gallery_of_Canada" />
  </rdf:Description>
  <rdf:Description rdf:about="http://ko.dbpedia.org/resource/캐나다_국립미술관">
    <owl:sameAs rdf:resource="http://dbpedia.org/resource/National_Gallery_of_Canada" />
  </rdf:Description>
  <rdf:Description rdf:about="http://pl.dbpedia.org/resource/National_Gallery_of_Canada">
    <owl:sameAs rdf:resource="http://dbpedia.org/resource/National_Gallery_of_Canada" />
  </rdf:Description>
  <rdf:Description rdf:about="http://ru.dbpedia.org/resource/Национальная_галерея_Канады">
    <owl:sameAs rdf:resource="http://dbpedia.org/resource/National_Gallery_of_Canada" />
  </rdf:Description>
  <rdf:Description rdf:about="http://es.dbpedia.org/resource/Galería_Nacional_de_Canadá">
    <owl:sameAs rdf:resource="http://dbpedia.org/resource/National_Gallery_of_Canada" />
  </rdf:Description>
  <rdf:Description rdf:about="http://dbpedia.org/resource/John_C._Parkin">
    <dbpedia-owl:significantBuilding rdf:resource="http://dbpedia.org/resource/National_Gallery_of_Canada" />
    <dbpprop:significantBuildings rdf:resource="http://dbpedia.org/resource/National_Gallery_of_Canada" />
  </rdf:Description>
  <rdf:Description rdf:about="http://dbpedia.org/resource/Shirley_Thomson">
    <dbpprop:employer rdf:resource="http://dbpedia.org/resource/National_Gallery_of_Canada" />
  </rdf:Description>
  <rdf:Description rdf:about="http://de.dbpedia.org/resource/National_Gallery_of_Canada">
    <owl:sameAs rdf:resource="http://dbpedia.org/resource/National_Gallery_of_Canada" />
  </rdf:Description>
  <rdf:Description rdf:about="http://fr.dbpedia.org/resource/Musée_des_beaux-arts_du_Canada">
    <owl:sameAs rdf:resource="http://dbpedia.org/resource/National_Gallery_of_Canada" />
  </rdf:Description>
  <rdf:Description rdf:about="http://ja.dbpedia.org/resource/カナダ国立美術館">
    <owl:sameAs rdf:resource="http://dbpedia.org/resource/National_Gallery_of_Canada" />
  </rdf:Description>
  <rdf:Description rdf:about="http://dbpedia.org/resource/National_Gallery_of_Canada">
    <rdf:type rdf:resource="http://dbpedia.org/class/yago/ModernArtMuseums" />
    <rdf:type rdf:resource="http://dbpedia.org/class/yago/NationalMuseumsOfCanada" />
    <rdf:type rdf:resource="http://dbpedia.org/class/yago/Whole100003553" />
    <rdf:type rdf:resource="http://dbpedia.org/class/yago/ArtMuseumsAndGalleriesInOntario" />
    <rdf:type rdf:resource="http://dbpedia.org/class/yago/MuseumsInOttawa" />
    <rdf:type rdf:resource="http://dbpedia.org/class/yago/Museum103800563" />
    <rdf:type rdf:resource="http://dbpedia.org/class/yago/Depository103177349" />
    <rdf:type rdf:resource="http://www.opengis.net/gml/_Feature" />
    <rdf:type rdf:resource="http://dbpedia.org/ontology/Building" />
    <rdf:type rdf:resource="http://dbpedia.org/ontology/Museum" />
    <rdf:type rdf:resource="http://dbpedia.org/ontology/ArchitecturalStructure" />
    <rdf:type rdf:resource="http://dbpedia.org/ontology/Place" />
    <rdf:type rdf:resource="http://dbpedia.org/class/yago/ArtMuseumsEstablishedIn1882" />
    <rdf:type rdf:resource="http://dbpedia.org/class/yago/YagoGeoEntity" />
    <rdf:type rdf:resource="http://www.w3.org/2002/07/owl#Thing" />
    <rdf:type rdf:resource="http://dbpedia.org/class/yago/YagoPermanentlyLocatedEntity" />
    <rdf:type rdf:resource="http://dbpedia.org/class/yago/Object100002684" />
    <rdf:type rdf:resource="http://dbpedia.org/class/yago/Facility103315023" />
    <rdf:type rdf:resource="http://schema.org/Museum" />
    <rdf:type rdf:resource="http://dbpedia.org/class/yago/PhysicalEntity100001930" />
    <rdf:type rdf:resource="http://schema.org/Place" />
    <rdf:type rdf:resource="http://dbpedia.org/class/yago/Artifact100021939" />
    <owl:sameAs rdf:resource="http://fr.dbpedia.org/resource/Musée_des_beaux-arts_du_Canada" />
    <owl:sameAs rdf:resource="http://rdf.freebase.com/ns/m.02g7cm" />
    <owl:sameAs rdf:resource="http://sv.dbpedia.org/resource/National_Gallery_of_Canada" />
    <owl:sameAs rdf:resource="http://xmf.dbpedia.org/resource/კანადაშ_ნაციონალური_გალერეა" />
    <owl:sameAs rdf:resource="http://he.dbpedia.org/resource/הגלריה_הלאומית_של_קנדה" />
    <owl:sameAs rdf:resource="http://dbpedia.org/resource/National_Gallery_of_Canada" />
    <owl:sameAs rdf:resource="http://uk.dbpedia.org/resource/Національна_галерея_Канади" />
    <owl:sameAs rdf:resource="http://ka.dbpedia.org/resource/კანადის_ეროვნული_გალერეა" />
    <owl:sameAs rdf:resource="http://ko.dbpedia.org/resource/캐나다_국립미술관" />
    <owl:sameAs rdf:resource="http://de.dbpedia.org/resource/National_Gallery_of_Canada" />
    <owl:sameAs rdf:resource="http://yago-knowledge.org/resource/National_Gallery_of_Canada" />
    <owl:sameAs rdf:resource="http://nl.dbpedia.org/resource/National_Gallery_of_Canada" />
    <owl:sameAs rdf:resource="http://sws.geonames.org/7626285/" />
    <owl:sameAs rdf:resource="http://pt.dbpedia.org/resource/Galeria_Nacional_do_Canadá" />
    <owl:sameAs rdf:resource="http://ru.dbpedia.org/resource/Национальная_галерея_Канады" />
    <owl:sameAs rdf:resource="http://ja.dbpedia.org/resource/カナダ国立美術館" />
    <owl:sameAs rdf:resource="http://pl.dbpedia.org/resource/National_Gallery_of_Canada" />
    <owl:sameAs rdf:resource="http://it.dbpedia.org/resource/National_Gallery_of_Canada" />
    <owl:sameAs rdf:resource="http://www.wikidata.org/entity/Q1068063" />
    <owl:sameAs rdf:resource="http://es.dbpedia.org/resource/Galería_Nacional_de_Canadá" />
    <dcterms:subject rdf:resource="http://dbpedia.org/resource/Category:Art_museums_and_galleries_in_Ontario" />
    <dcterms:subject rdf:resource="http://dbpedia.org/resource/Category:Department_of_Canadian_Heritage" />
    <dcterms:subject rdf:resource="http://dbpedia.org/resource/Category:Moshe_Safdie_buildings" />
    <dcterms:subject rdf:resource="http://dbpedia.org/resource/Category:Canadian_federal_Crown_corporations" />
    <dcterms:subject rdf:resource="http://dbpedia.org/resource/Category:Postmodern_architecture_in_Canada" />
    <dcterms:subject rdf:resource="http://dbpedia.org/resource/Category:National_Museums_of_Canada" />
    <dcterms:subject rdf:resource="http://dbpedia.org/resource/Category:Museums_in_Ottawa" />
    <dcterms:subject rdf:resource="http://dbpedia.org/resource/Category:Art_museums_established_in_1882" />
    <dcterms:subject rdf:resource="http://dbpedia.org/resource/Category:1882_establishments_in_Canada" />
    <dcterms:subject rdf:resource="http://dbpedia.org/resource/Category:Modern_art_museums" />
    <dbpedia-owl:abstract xml:lang="it">The National Gallery of Canada, si trova nella capitale Ottawa, Ontario, ed è uno dei musei più importanti del Canada. Il museo è situato in una struttura di vetro e granito sul Sussex Drive con una vista sugli edifici della collina del Parlamento. La struttura progettata da Moshe Safdie fu inaugurata nel 1988. Il direttore del museo Jean Sutherland Boggs fu scelto direttamente dal primo ministro Pierre Trudeau.</dbpedia-owl:abstract>
    <dbpedia-owl:abstract xml:lang="sv">National Gallery of Canada, på franska Musée des beaux arts du Canada i Ottawa är ett kanadensiskt konstmuseum. Museet är numera inhyst i en granit- och glasbyggnad på Sussex Drive med utsikt över det kanadensiska parlamentet på Parliament Hill. Byggnaden ritades av Moshe Safdie och invigdes 1988. Museet grundades 1880 och flyttade 1880 in i sin första byggnad på Parliament Hill i samma byggnad som Kanadas Högsta domstol. År 1911 flyttade museet till Victoria Memorial Museum, vilket nu inhyser Canadian Museum of Nature. År 1962 flyttade museet till en anspråkslös kontorssbyggnad vid Elgin Street och slutligen 1988 till den nuvarande byggnaden på Sussex Drive bredvid kullen Nepean Point. Museet är främst inriktat på kanadensisk konst, men har också europeiska verk. Av kanadensisk konst finns bland annat verk av Tom Thomson och Group of Seven samt av Emily Carr och Alex Colville.</dbpedia-owl:abstract>
    <dbpedia-owl:abstract xml:lang="es">La Galería Nacional de Canadá (en inglés, National Gallery of Canada y en francés, Musée des beaux arts du Canada), es un museo de arte ubicado en la capital de dicho país, Ottawa. Es uno de los principales museos de arte del continente americano. El museo tiene por sede un edificio de cristal y granito en Sussex Drive, con una destacada vista de los edificios del Parlamento Canadiense en Parliament Hill. La aclamada estructura fue diseñada por Moshe Safdie y se inauguró en 1988.</dbpedia-owl:abstract>
    <dbpedia-owl:abstract xml:lang="en">The National Gallery of Canada (French: Musée des beaux-arts du Canada), located in the capital city Ottawa, Ontario, is one of Canada&#39;s premier art galleries. The Gallery is now housed in a glass and granite building on Sussex Drive with a notable view of the Canadian Parliament buildings on Parliament Hill. The acclaimed structure was designed by Moshe Safdie and opened in 1988. The Gallery&#39;s former director Jean Sutherland Boggs was chosen especially by Prime Minister Pierre Trudeau to oversee construction of the national gallery and museums. Marc Mayer was named the museum&#39;s director, succeeding Pierre Théberge, on 19 January 2009.</dbpedia-owl:abstract>
    <dbpedia-owl:abstract xml:lang="pt">A Galeria Nacional do Canadá, localizado na capital Ottawa, Ontario, é uma das principais galerias de arte do Canadá. A Galeria é um edifício construído em vidro e granito na Sussex Drive com uma bela vista dos edifícios do parlamento canadense no Parliament Hill. Suas estrutura foi desenhada por Moshe Safdie e inaugurada em 1988. O ex-diretor da Galeria, Jean Sutherland Boggs, foi escolhido especialmente pelo Primeiro-Ministro Pierre Trudeau para supervisionar a construção da galeria nacional e museu.</dbpedia-owl:abstract>
    <dbpedia-owl:abstract xml:lang="nl">De National Gallery of Canada bevindt zich aan de Sussex Drive in de Canadese hoofdstad Ottawa, in de provincie Ontario. Het is een van de belangrijkste musea van Canada. De National Gallery is ontworpen door de architect Moshe Safdie en opende zijn deuren in 1988.</dbpedia-owl:abstract>
    <dbpedia-owl:abstract xml:lang="ru">Национа́льная галере́я Кана́ды (англ.  National Gallery of Canada, фр.  Musée des beaux arts du Canada) в Оттаве — ведущий художественный музей Канады. Музей располагает обширной коллекцией живописи, графики, скульптуры и фотографии. Основу коллекции составляют произведения канадского искусства — Тома Томсона, Эмили Карр, Алекса Колвилла и участников «Группы семи» (Group of Seven). В экспозиции представлены также произведения многих известных европейских художников. Заслуживает внимания собрание современных произведений искусства, среди которых выделяются знаменитые работы Энди Уорхола.</dbpedia-owl:abstract>
    <dbpedia-owl:abstract xml:lang="fr">Le musée des beaux-arts du Canada, situé dans la capitale du pays Ottawa, est l&#39;un des premiers musées du Canada. Situé sur la promenade Sussex, le bâtiment de verre et de granite jouit d&#39;une superbe vue sur le Parlement canadien et la colline du Parlement. Il a été dessiné par Moshe Safdie et a ouvert ses portes en 1988. La précédente directeur du musée, Jean Sutherland Boggs, fut choisie par le Premier ministre Pierre Trudeau pour superviser la construction du bâtiment.</dbpedia-owl:abstract>
    <dbpedia-owl:abstract xml:lang="pl">National Gallery of Canada, fr. Musée des beaux-arts du Canada (Narodowa Galeria Kanady) – muzeum sztuk pięknych położone w stolicy Kanady Ottawie przy 380 Sussex Drive. Posiada najbardziej znaczącą kolekcję malarstwa europejskiego i kanadyjskiego, rysunków i fotografii w Kanadzie. Zbiory muzeum obejmują 36 000 dzieł sztuki, jak również 125 000 zdjęć w ramach działu Canadian Museum of Contemporary Photography.</dbpedia-owl:abstract>
    <dbpedia-owl:abstract xml:lang="ja">カナダ国立美術館 (英語: National Gallery of Canada, フランス語: Musée des beaux-arts du Canada) はカナダの首都オタワにある美術館。ガラス張りの外装が個性的な美術館である。</dbpedia-owl:abstract>
    <dbpedia-owl:abstract xml:lang="de">Die National Gallery of Canada (frz. Musée des beaux arts du Canada) in Ottawa ist eines der führenden Kunstmuseen Kanadas. Das Museum verfügt über eine umfangreiche Sammlung von Gemälden, Zeichnungen, Skulpturen und Fotografien. Der Schwerpunkt liegt auf kanadischer Kunst, darunter Werke von Tom Thomson, Emily Carr, Alex Colville sowie Mitgliedern der Group of Seven. Daneben sind aber auch viele bekannte europäische Künstler vertreten. Bemerkenswert ist die Sammlung zeitgenössischer Kunstwerke, die u.a. einige der bekanntesten Arbeiten von Andy Warhol enthält.</dbpedia-owl:abstract>
    <dbpedia-owl:curator rdf:resource="http://dbpedia.org/resource/Paul_Henry_Lang" />
    <dbpedia-owl:director rdf:resource="http://dbpedia.org/resource/Marc_Mayer" />
    <dbpedia-owl:location rdf:resource="http://dbpedia.org/resource/Sussex_Drive" />
    <dbpedia-owl:location rdf:resource="http://dbpedia.org/resource/Canada" />
    <dbpedia-owl:location rdf:resource="http://dbpedia.org/resource/Ontario" />
    <dbpedia-owl:location rdf:resource="http://dbpedia.org/resource/Ottawa" />
    <dbpedia-owl:wikiPageID rdf:datatype="http://www.w3.org/2001/XMLSchema#integer">485890</dbpedia-owl:wikiPageID>
    <dbpedia-owl:wikiPageRevisionID rdf:datatype="http://www.w3.org/2001/XMLSchema#integer">546909337</dbpedia-owl:wikiPageRevisionID>
    <rdfs:label xml:lang="sv">National Gallery of Canada</rdfs:label>
    <rdfs:label xml:lang="ja">カナダ国立美術館</rdfs:label>
    <rdfs:label xml:lang="fr">Musée des beaux-arts du Canada</rdfs:label>
    <rdfs:label xml:lang="pl">National Gallery of Canada</rdfs:label>
    <rdfs:label xml:lang="ru">Национальная галерея Канады</rdfs:label>
    <rdfs:label xml:lang="de">National Gallery of Canada</rdfs:label>
    <rdfs:label xml:lang="en">National Gallery of Canada</rdfs:label>
    <rdfs:label xml:lang="es">Galería Nacional de Canadá</rdfs:label>
    <rdfs:label xml:lang="it">National Gallery of Canada</rdfs:label>
    <rdfs:label xml:lang="nl">National Gallery of Canada</rdfs:label>
    <rdfs:label xml:lang="pt">Galeria Nacional do Canadá</rdfs:label>
    <foaf:depiction rdf:resource="http://upload.wikimedia.org/wikipedia/commons/c/ce/National_Gallery_of_Canada.jpg" />
    <rdfs:comment xml:lang="en">The National Gallery of Canada (French: Musée des beaux-arts du Canada), located in the capital city Ottawa, Ontario, is one of Canada&#39;s premier art galleries. The Gallery is now housed in a glass and granite building on Sussex Drive with a notable view of the Canadian Parliament buildings on Parliament Hill. The acclaimed structure was designed by Moshe Safdie and opened in 1988.</rdfs:comment>
    <rdfs:comment xml:lang="ja">カナダ国立美術館 (英語: National Gallery of Canada, フランス語: Musée des beaux-arts du Canada) はカナダの首都オタワにある美術館。ガラス張りの外装が個性的な美術館である。</rdfs:comment>
    <rdfs:comment xml:lang="fr">Le musée des beaux-arts du Canada, situé dans la capitale du pays Ottawa, est l&#39;un des premiers musées du Canada. Situé sur la promenade Sussex, le bâtiment de verre et de granite jouit d&#39;une superbe vue sur le Parlement canadien et la colline du Parlement. Il a été dessiné par Moshe Safdie et a ouvert ses portes en 1988. La précédente directeur du musée, Jean Sutherland Boggs, fut choisie par le Premier ministre Pierre Trudeau pour superviser la construction du bâtiment.</rdfs:comment>
    <rdfs:comment xml:lang="de">Die National Gallery of Canada (frz. Musée des beaux arts du Canada) in Ottawa ist eines der führenden Kunstmuseen Kanadas. Das Museum verfügt über eine umfangreiche Sammlung von Gemälden, Zeichnungen, Skulpturen und Fotografien. Der Schwerpunkt liegt auf kanadischer Kunst, darunter Werke von Tom Thomson, Emily Carr, Alex Colville sowie Mitgliedern der Group of Seven. Daneben sind aber auch viele bekannte europäische Künstler vertreten.</rdfs:comment>
    <rdfs:comment xml:lang="pl">National Gallery of Canada, fr. Musée des beaux-arts du Canada (Narodowa Galeria Kanady) – muzeum sztuk pięknych położone w stolicy Kanady Ottawie przy 380 Sussex Drive. Posiada najbardziej znaczącą kolekcję malarstwa europejskiego i kanadyjskiego, rysunków i fotografii w Kanadzie. Zbiory muzeum obejmują 36 000 dzieł sztuki, jak również 125 000 zdjęć w ramach działu Canadian Museum of Contemporary Photography.</rdfs:comment>
    <rdfs:comment xml:lang="pt">A Galeria Nacional do Canadá, localizado na capital Ottawa, Ontario, é uma das principais galerias de arte do Canadá. A Galeria é um edifício construído em vidro e granito na Sussex Drive com uma bela vista dos edifícios do parlamento canadense no Parliament Hill. Suas estrutura foi desenhada por Moshe Safdie e inaugurada em 1988.</rdfs:comment>
    <rdfs:comment xml:lang="es">La Galería Nacional de Canadá (en inglés, National Gallery of Canada y en francés, Musée des beaux arts du Canada), es un museo de arte ubicado en la capital de dicho país, Ottawa. Es uno de los principales museos de arte del continente americano. El museo tiene por sede un edificio de cristal y granito en Sussex Drive, con una destacada vista de los edificios del Parlamento Canadiense en Parliament Hill. La aclamada estructura fue diseñada por Moshe Safdie y se inauguró en 1988.</rdfs:comment>
    <rdfs:comment xml:lang="nl">De National Gallery of Canada bevindt zich aan de Sussex Drive in de Canadese hoofdstad Ottawa, in de provincie Ontario. Het is een van de belangrijkste musea van Canada. De National Gallery is ontworpen door de architect Moshe Safdie en opende zijn deuren in 1988.</rdfs:comment>
    <rdfs:comment xml:lang="sv">National Gallery of Canada, på franska Musée des beaux arts du Canada i Ottawa är ett kanadensiskt konstmuseum. Museet är numera inhyst i en granit- och glasbyggnad på Sussex Drive med utsikt över det kanadensiska parlamentet på Parliament Hill. Byggnaden ritades av Moshe Safdie och invigdes 1988. Museet grundades 1880 och flyttade 1880 in i sin första byggnad på Parliament Hill i samma byggnad som Kanadas Högsta domstol.</rdfs:comment>
    <rdfs:comment xml:lang="ru">Национа́льная галере́я Кана́ды (англ.  National Gallery of Canada, фр.  Musée des beaux arts du Canada) в Оттаве — ведущий художественный музей Канады. Музей располагает обширной коллекцией живописи, графики, скульптуры и фотографии. Основу коллекции составляют произведения канадского искусства — Тома Томсона, Эмили Карр, Алекса Колвилла и участников «Группы семи» (Group of Seven). В экспозиции представлены также произведения многих известных европейских художников.</rdfs:comment>
    <rdfs:comment xml:lang="it">The National Gallery of Canada, si trova nella capitale Ottawa, Ontario, ed è uno dei musei più importanti del Canada. Il museo è situato in una struttura di vetro e granito sul Sussex Drive con una vista sugli edifici della collina del Parlamento. La struttura progettata da Moshe Safdie fu inaugurata nel 1988. Il direttore del museo Jean Sutherland Boggs fu scelto direttamente dal primo ministro Pierre Trudeau.</rdfs:comment>
    <foaf:name xml:lang="en">National Gallery of Canada</foaf:name>
    <dbpedia-owl:thumbnail rdf:resource="http://upload.wikimedia.org/wikipedia/commons/thumb/c/ce/National_Gallery_of_Canada.jpg/200px-National_Gallery_of_Canada.jpg" />
    <dbpedia-owl:type rdf:resource="http://dbpedia.org/resource/Art_museum" />
    <dbpedia-owl:wikiPageExternalLink rdf:resource="http://books.google.ca/books?id=lIUPghtfGyIC&amp;lpg=PP1&amp;dq=National%20Gallery%20of%20Canada&amp;pg=PP9#v=onepage&amp;q&amp;f=true" />
    <dbpedia-owl:wikiPageExternalLink rdf:resource="http://www.gallery.ca/english/index.html" />
    <dbpedia-owl:wikiPageExternalLink rdf:resource="http://www.gallery.ca/" />
    <dbpprop:curator rdf:resource="http://dbpedia.org/resource/Paul_Henry_Lang" />
    <dbpprop:director rdf:resource="http://dbpedia.org/resource/Marc_Mayer" />
    <dbpprop:established rdf:datatype="http://www.w3.org/2001/XMLSchema#integer">1880</dbpprop:established>
    <dbpprop:location rdf:resource="http://dbpedia.org/resource/Ontario" />
    <dbpprop:location rdf:resource="http://dbpedia.org/resource/Sussex_Drive" />
    <dbpprop:location rdf:resource="http://dbpedia.org/resource/Ottawa" />
    <dbpprop:location rdf:resource="http://dbpedia.org/resource/Canada" />
    <dbpprop:name xml:lang="en">National Gallery of Canada</dbpprop:name>
    <dbpprop:type rdf:resource="http://dbpedia.org/resource/Art_museum" />
    <dbpprop:website rdf:resource="http://www.gallery.ca/english/index.html" />
    <foaf:homepage rdf:resource="http://www.gallery.ca/english/index.html" />
    <geo:geometry rdf:datatype="http://www.openlinksw.com/schemas/virtrdf#Geometry">POINT(-75.6984 45.4294)</geo:geometry>
    <foaf:isPrimaryTopicOf rdf:resource="http://en.wikipedia.org/wiki/National_Gallery_of_Canada" />
    <geo:long rdf:datatype="http://www.w3.org/2001/XMLSchema#float">-75.6984</geo:long>
    <geo:lat rdf:datatype="http://www.w3.org/2001/XMLSchema#float">45.4294</geo:lat>
    <ns8:wasDerivedFrom rdf:resource="http://en.wikipedia.org/wiki/National_Gallery_of_Canada?oldid=546909337" />
    <grs:point xml:lang="en">45.429434 -75.698386</grs:point>
    <dbpprop:hasPhotoCollection rdf:resource="http://wifo5-03.informatik.uni-mannheim.de/flickrwrappr/photos/National_Gallery_of_Canada" />
  </rdf:Description>
  <rdf:Description rdf:about="http://dbpedia.org/resource/The_Death_of_General_Wolfe">
    <dbpedia-owl:museum rdf:resource="http://dbpedia.org/resource/National_Gallery_of_Canada" />
    <dbpprop:museum rdf:resource="http://dbpedia.org/resource/National_Gallery_of_Canada" />
  </rdf:Description>
  <rdf:Description rdf:about="http://dbpedia.org/resource/Voice_of_Fire">
    <dbpedia-owl:museum rdf:resource="http://dbpedia.org/resource/National_Gallery_of_Canada" />
    <dbpprop:museum rdf:resource="http://dbpedia.org/resource/National_Gallery_of_Canada" />
  </rdf:Description>
  <rdf:Description rdf:about="http://dbpedia.org/resource/Eve,_the_Serpent_and_Death">
    <dbpedia-owl:museum rdf:resource="http://dbpedia.org/resource/National_Gallery_of_Canada" />
  </rdf:Description>
  <rdf:Description rdf:about="http://dbpedia.org/resource/Mus%C3%A9e_des_beaux-arts_du_Canada">
    <dbpedia-owl:wikiPageRedirects rdf:resource="http://dbpedia.org/resource/National_Gallery_of_Canada" />
  </rdf:Description>
  <rdf:Description rdf:about="http://dbpedia.org/resource/Cleeve_Horne">
    <dbpprop:collections rdf:resource="http://dbpedia.org/resource/National_Gallery_of_Canada" />
  </rdf:Description>
  <rdf:Description rdf:about="http://dbpedia.org/resource/NGC">
    <dbpedia-owl:wikiPageDisambiguates rdf:resource="http://dbpedia.org/resource/National_Gallery_of_Canada" />
  </rdf:Description>
  <rdf:Description rdf:about="http://dbpedia.org/resource/78th_Fraser_Highlanders">
    <dbpprop:museum rdf:resource="http://dbpedia.org/resource/National_Gallery_of_Canada" />
  </rdf:Description>
  <rdf:Description rdf:about="http://it.dbpedia.org/resource/National_Gallery_of_Canada">
    <owl:sameAs rdf:resource="http://dbpedia.org/resource/National_Gallery_of_Canada" />
  </rdf:Description>
  <rdf:Description rdf:about="http://dbpedia.org/resource/National_Art_Gallery_of_Canada">
    <dbpedia-owl:wikiPageRedirects rdf:resource="http://dbpedia.org/resource/National_Gallery_of_Canada" />
  </rdf:Description>
  <rdf:Description rdf:about="http://pt.dbpedia.org/resource/Galeria_Nacional_do_Canadá">
    <owl:sameAs rdf:resource="http://dbpedia.org/resource/National_Gallery_of_Canada" />
  </rdf:Description>
  <rdf:Description rdf:about="http://dbpedia.org/resource/National_gallery_of_canada">
    <dbpedia-owl:wikiPageRedirects rdf:resource="http://dbpedia.org/resource/National_Gallery_of_Canada" />
  </rdf:Description>
  <rdf:Description rdf:about="http://dbpedia.org/resource/Forest_(painting)">
    <dbpedia-owl:museum rdf:resource="http://dbpedia.org/resource/National_Gallery_of_Canada" />
    <dbpprop:museum rdf:resource="http://dbpedia.org/resource/National_Gallery_of_Canada" />
  </rdf:Description>
  <rdf:Description rdf:about="http://dbpedia.org/resource/National_Gallery_(disambiguation)">
    <dbpedia-owl:wikiPageDisambiguates rdf:resource="http://dbpedia.org/resource/National_Gallery_of_Canada" />
  </rdf:Description>
  <rdf:Description rdf:about="http://dbpedia.org/resource/Annual_Bulletin">
    <dbpedia-owl:wikiPageDisambiguates rdf:resource="http://dbpedia.org/resource/National_Gallery_of_Canada" />
  </rdf:Description>
  <rdf:Description rdf:about="http://dbpedia.org/resource/Annual_Bulletin_(National_Gallery_of_Canada)">
    <dbpedia-owl:wikiPageRedirects rdf:resource="http://dbpedia.org/resource/National_Gallery_of_Canada" />
  </rdf:Description>
  <rdf:Description rdf:about="http://dbpedia.org/resource/Annual_Bulletin_of_the_National_Gallery_of_Canada">
    <dbpedia-owl:wikiPageRedirects rdf:resource="http://dbpedia.org/resource/National_Gallery_of_Canada" />
  </rdf:Description>
  <rdf:Description rdf:about="http://dbpedia.org/resource/Bulletin_(National_Gallery_of_Canada)">
    <dbpedia-owl:wikiPageRedirects rdf:resource="http://dbpedia.org/resource/National_Gallery_of_Canada" />
  </rdf:Description>
  <rdf:Description rdf:about="http://dbpedia.org/resource/Bulletin_of_the_National_Gallery_of_Canada">
    <dbpedia-owl:wikiPageRedirects rdf:resource="http://dbpedia.org/resource/National_Gallery_of_Canada" />
  </rdf:Description>
  <rdf:Description rdf:about="http://en.wikipedia.org/wiki/National_Gallery_of_Canada">
    <foaf:primaryTopic rdf:resource="http://dbpedia.org/resource/National_Gallery_of_Canada" />
  </rdf:Description>
  <rdf:Description rdf:about="http://dbpedia.org/resource/Mus%C3%A9e_des_beaux_arts_du_Canada">
    <dbpedia-owl:wikiPageRedirects rdf:resource="http://dbpedia.org/resource/National_Gallery_of_Canada" />
  </rdf:Description>
  <rdf:Description rdf:about="http://dbpedia.org/resource/78th_Fraser_Highlanders__Benjamin_West_005.jpg__1">
    <dbpedia-owl:museum rdf:resource="http://dbpedia.org/resource/National_Gallery_of_Canada" />
  </rdf:Description>
  <rdf:Description rdf:about="http://nl.dbpedia.org/resource/National_Gallery_of_Canada">
    <owl:sameAs rdf:resource="http://dbpedia.org/resource/National_Gallery_of_Canada" />
  </rdf:Description>
  <rdf:Description rdf:about="http://wikidata.dbpedia.org/resource/Q1068063">
    <owl:sameAs rdf:resource="http://dbpedia.org/resource/National_Gallery_of_Canada" />
  </rdf:Description>
  <rdf:Description rdf:about="http://he.dbpedia.org/resource/הגלריה_הלאומית_של_קנדה">
    <owl:sameAs rdf:resource="http://dbpedia.org/resource/National_Gallery_of_Canada" />
  </rdf:Description>
  <rdf:Description rdf:about="http://ka.dbpedia.org/resource/კანადის_ეროვნული_გალერეა">
    <owl:sameAs rdf:resource="http://dbpedia.org/resource/National_Gallery_of_Canada" />
  </rdf:Description>
  <rdf:Description rdf:about="http://sv.dbpedia.org/resource/National_Gallery_of_Canada">
    <owl:sameAs rdf:resource="http://dbpedia.org/resource/National_Gallery_of_Canada" />
  </rdf:Description>
  <rdf:Description rdf:about="http://uk.dbpedia.org/resource/Національна_галерея_Канади">
    <owl:sameAs rdf:resource="http://dbpedia.org/resource/National_Gallery_of_Canada" />
  </rdf:Description>
  <rdf:Description rdf:about="http://xmf.dbpedia.org/resource/კანადაშ_ნაციონალური_გალერეა">
    <owl:sameAs rdf:resource="http://dbpedia.org/resource/National_Gallery_of_Canada" />
  </rdf:Description>
</rdf:RDF>
