<?xml version="1.0" encoding="utf-8" ?>
<rdf:RDF
	xmlns:rdf="http://www.w3.org/1999/02/22-rdf-syntax-ns#"
	xmlns:rdfs="http://www.w3.org/2000/01/rdf-schema#"
	xmlns:owl="http://www.w3.org/2002/07/owl#"
	xmlns:dcterms="http://purl.org/dc/terms/"
	xmlns:dbpedia-owl="http://dbpedia.org/ontology/"
	xmlns:foaf="http://xmlns.com/foaf/0.1/"
	xmlns:dbpprop="http://dbpedia.org/property/"
	xmlns:geo="http://www.w3.org/2003/01/geo/wgs84_pos#"
	xmlns:ns8="http://www.w3.org/ns/prov#"
	xmlns:grs="http://www.georss.org/georss/" >
  <rdf:Description rdf:about="http://dbpedia.org/resource/National_Museum,_Kraków">
    <owl:sameAs rdf:resource="http://dbpedia.org/resource/National_Museum,_Krak%C3%B3w" />
  </rdf:Description>
  <rdf:Description rdf:about="http://dbpedia.org/resource/Frenzy_of_Exultations">
    <dbpedia-owl:museum rdf:resource="http://dbpedia.org/resource/National_Museum,_Krak%C3%B3w" />
    <dbpprop:museum rdf:resource="http://dbpedia.org/resource/National_Museum,_Krak%C3%B3w" />
  </rdf:Description>
  <rdf:Description rdf:about="http://dbpedia.org/resource/Krak%C3%B3w_National_Museum">
    <dbpedia-owl:wikiPageRedirects rdf:resource="http://dbpedia.org/resource/National_Museum,_Krak%C3%B3w" />
  </rdf:Description>
  <rdf:Description rdf:about="http://dbpedia.org/resource/National_Museum_(Krak%C3%B3w)">
    <dbpedia-owl:wikiPageRedirects rdf:resource="http://dbpedia.org/resource/National_Museum,_Krak%C3%B3w" />
  </rdf:Description>
  <rdf:Description rdf:about="http://dbpedia.org/resource/National_Museum_of_Krak%C3%B3w">
    <dbpedia-owl:wikiPageRedirects rdf:resource="http://dbpedia.org/resource/National_Museum,_Krak%C3%B3w" />
  </rdf:Description>
  <rdf:Description rdf:about="http://dbpedia.org/resource/National_Museum,_Krak%C3%B3w">
    <rdf:type rdf:resource="http://dbpedia.org/class/yago/NationalMuseums" />
    <rdf:type rdf:resource="http://schema.org/Place" />
    <rdf:type rdf:resource="http://www.w3.org/2002/07/owl#Thing" />
    <rdf:type rdf:resource="http://schema.org/Museum" />
    <rdf:type rdf:resource="http://dbpedia.org/class/yago/Museum103800563" />
    <rdf:type rdf:resource="http://dbpedia.org/class/yago/YagoPermanentlyLocatedEntity" />
    <rdf:type rdf:resource="http://dbpedia.org/class/yago/MuseumsInKrak%C3%B3w" />
    <rdf:type rdf:resource="http://dbpedia.org/class/yago/Artifact100021939" />
    <rdf:type rdf:resource="http://dbpedia.org/ontology/Museum" />
    <rdf:type rdf:resource="http://dbpedia.org/class/yago/MuseumsEstablishedIn1879" />
    <rdf:type rdf:resource="http://dbpedia.org/ontology/Building" />
    <rdf:type rdf:resource="http://dbpedia.org/class/yago/YagoGeoEntity" />
    <rdf:type rdf:resource="http://dbpedia.org/class/yago/Depository103177349" />
    <rdf:type rdf:resource="http://www.opengis.net/gml/_Feature" />
    <rdf:type rdf:resource="http://dbpedia.org/class/yago/Whole100003553" />
    <rdf:type rdf:resource="http://dbpedia.org/class/yago/ArchaeologyMuseumsInPoland" />
    <rdf:type rdf:resource="http://dbpedia.org/class/yago/Object100002684" />
    <rdf:type rdf:resource="http://dbpedia.org/class/yago/PhysicalEntity100001930" />
    <rdf:type rdf:resource="http://dbpedia.org/class/yago/ArtMuseumsAndGalleriesInPoland" />
    <rdf:type rdf:resource="http://dbpedia.org/class/yago/Facility103315023" />
    <rdf:type rdf:resource="http://dbpedia.org/ontology/ArchitecturalStructure" />
    <rdf:type rdf:resource="http://dbpedia.org/ontology/Place" />
    <owl:sameAs rdf:resource="http://www.wikidata.org/entity/Q195311" />
    <owl:sameAs rdf:resource="http://de.dbpedia.org/resource/Nationalmuseum_in_Krakau" />
    <owl:sameAs rdf:resource="http://dbpedia.org/resource/National_Museum,_Krak%C3%B3w" />
    <owl:sameAs rdf:resource="http://yago-knowledge.org/resource/National_Museum,_Kraków" />
    <owl:sameAs rdf:resource="http://ko.dbpedia.org/resource/크라쿠프_국립미술관" />
    <owl:sameAs rdf:resource="http://rdf.freebase.com/ns/m.0271zzc" />
    <owl:sameAs rdf:resource="http://fr.dbpedia.org/resource/Musée_national_de_Cracovie" />
    <owl:sameAs rdf:resource="http://pl.dbpedia.org/resource/Muzeum_Narodowe_w_Krakowie" />
    <owl:sameAs rdf:resource="http://ru.dbpedia.org/resource/Национальный_музей_(Краков)" />
    <owl:sameAs rdf:resource="http://it.dbpedia.org/resource/Museo_nazionale_di_Cracovia" />
    <dcterms:subject rdf:resource="http://dbpedia.org/resource/Category:Registered_museums_in_Poland" />
    <dcterms:subject rdf:resource="http://dbpedia.org/resource/Category:Archaeological_museums_in_Poland" />
    <dcterms:subject rdf:resource="http://dbpedia.org/resource/Category:Museums_in_Krak%C3%B3w" />
    <dcterms:subject rdf:resource="http://dbpedia.org/resource/Category:Art_museums_and_galleries_in_Poland" />
    <dcterms:subject rdf:resource="http://dbpedia.org/resource/Category:1879_establishments_in_Poland" />
    <dcterms:subject rdf:resource="http://dbpedia.org/resource/Category:Military_and_war_museums_in_Poland" />
    <dcterms:subject rdf:resource="http://dbpedia.org/resource/Category:Museums_established_in_1879" />
    <dcterms:subject rdf:resource="http://dbpedia.org/resource/Category:National_museums_of_Poland" />
    <dbpedia-owl:abstract xml:lang="ru">Национальный музей в Кракове (польск. Muzeum Narodowe w Krakowie) — музей искусства, находящийся в Кракове, Польша.</dbpedia-owl:abstract>
    <dbpedia-owl:abstract xml:lang="fr">Le Musée national de Cracovie (Muzeum Narodowe w Krakowie en polonais) est situé à Cracovie en Pologne.</dbpedia-owl:abstract>
    <dbpedia-owl:abstract xml:lang="en">The National Museum in Kraków (Polish: Muzeum Narodowe w Krakowie), established in 1879, is the main branch of Poland&#39;s National Museum, which has several independent branches with permanent collections around the country. The Museum consists of 21 departments which are divided by art period; 11 galleries, 2 libraries, and 12 conservation workshops. It holds some 780,000 art objects, spanning from classical archeology to modern art, with special focus on Polish painting.</dbpedia-owl:abstract>
    <dbpedia-owl:abstract xml:lang="it">Il Museo Nazionale di Cracovia (in polacco Muzeum Narodowe w Krakowie) è la sezione più importante del Museo nazionale della Polonia, in polacco Państwowy Rejestr Muzeów.</dbpedia-owl:abstract>
    <dbpedia-owl:abstract xml:lang="pl">Muzeum Narodowe w Krakowie – muzeum utworzone przez Radę Miasta Krakowa uchwałą z 7 października 1879, wpisane do Państwowego Rejestru Muzeów. Muzeum posiada bogaty zbiór dzieł sztuki polskiej, europejskiej i pozaeuropejskiej, co stawia je na pozycji jednej z najważniejszych i najciekawszych kolekcji nie tylko w Polsce, ale na świecie. W początkach istnienia instytucji miasto Kraków przekazało dwie ówcześnie wyremontowane sale na pierwszym piętrze Sukiennic, jako pomieszczenia wystawiennicze dla muzeum. Kolekcja muzealna, składająca się w swych początkach z kilkunastu obrazów, nieustannie powiększana licznymi zapisami, donacjami i darami, rozwijała się w olbrzymim tempie. Dzięki hojności Polaków w kraju i poza nim, krakowskie muzeum stało się właścicielem, gromadzonych nieraz latami zbiorów malarstwa, grafik, rzeźby, numizmatów, dzieł rzemiosła artystycznego, starodruków, rękopisów i pamiątek związanych z historią kraju, postawami o charakterze narodowowyzwoleńczymi. Wraz z powiększającymi się zbiorami muzeum otrzymało od miasta, bądź prywatnych fundatorów, budynki z przeznaczeniem na cele wystawiennicze, dzięki czemu dzisiejsza struktura Muzeum opiera się nie tylko na Gmachu Głównym, lecz także na ośmiu oddziałach, mieszczących się w historycznych budynkach w centrum Krakowa. Bezcenne zbiory tworzą dzieła rzemiosła i sztuki z różnych czasów i z różnych rejonów świata, jednak podstawą zbiorów muzeum są dzieła sztuki polskiej lub z Polską związane, takie jak m. in. czara włocławska, Madonna z Krużlowej, Pochodnie Nerona Henryka Siemiradzkiego, Szał uniesień Władysława Podkowińskiego, Dziewczynka z chryzantemami Olgi Boznańskiej i wiele innych. Charakterystyczne dla krakowskiego muzeum jest istnienie w jego strukturze organizacyjnej muzeów biograficznych, upamiętniających najwybitniejszych, wybranych artystów Krakowa: Jana Matejkę, Józefa Mehoffera, Stanisława Wyspiańskiego, a także kompozytora, Karola Szymanowskiego. Muzeum sprawuje opiekę i zarząd nad Muzeum i Biblioteką Czartoryskich, które są własnością Fundacji Książąt Czartoryskich. Z książęcej kolekcji pochodzą m. in. Dama z gronostajem Leonarda da Vinci, Krajobraz z miłosiernym Samarytaninem Rembrandta. Od 2000 funkcję dyrektora Muzeum Narodowego w Krakowie pełni Zofia Gołubiew.</dbpedia-owl:abstract>
    <dbpedia-owl:abstract xml:lang="de">Das Nationalmuseum in Krakau (poln. Muzeum Narodowe w Krakowie) wurde kraft des Beschlusses des Rates der Stadt Krakau am 7. Oktober 1879 gegründet. Am Anfang umfasste das Museum zwei Räume im Obergeschoss der Krakauer Tuchhallen (Sukiennice) in der Mitte des Hauptmarktes. Die Sammlungen des Museums wuchsen dank großzügiger Schenkungen. Sie umfassten Werke der Malerei, Graphik, Bildhauerei, des Kunsthandwerks, sowie eine Münzsammlung. Das Museum erhielt neue Ausstellungsräume in historischen Gebäuden, u.a. in Wohnhäusern verstorbener Krakauer Künstler. 1934 wurde der Bau des neuen, modernen Museumsgebäudes begonnen. Die ersten Räume wurden erst 1970 übergeben, die endgültige Fertigstellung erfolgte 1990. Das Nationalmuseum betreibt neben dem Hauptgebäude (Aleja 3 Maja 1) mehrere Zweigstellen: Die Galerie der polnischen Kunst in den Tuchhallen (Sukiennice) Das Emmerich-Hutten-Czapski-Museum (ul. Piłsudskiego 10–12) Das Jan-Matejko-Haus (ul. Floriańska 41) Das Stanisław-Wyspiański-Museum (ul. Szczepańska 11) Das Czartoryski-Museum (ul. św. Jana 19) Die Czartoryski-Bibliothek (ul. św. Marka 17) Das Karol-Szymanowski-Museum in Zakopane Das Józef-Mehoffer-Haus (ul. Krupnicza 26) Der Erasmus-Ciołek-Bischofspalast (ul. Kanonicza 17)</dbpedia-owl:abstract>
    <dbpedia-owl:location rdf:resource="http://dbpedia.org/resource/Poland" />
    <dbpedia-owl:location rdf:resource="http://dbpedia.org/resource/Krak%C3%B3w" />
    <dbpedia-owl:wikiPageID rdf:datatype="http://www.w3.org/2001/XMLSchema#integer">8396077</dbpedia-owl:wikiPageID>
    <dbpedia-owl:wikiPageRevisionID rdf:datatype="http://www.w3.org/2001/XMLSchema#integer">540624100</dbpedia-owl:wikiPageRevisionID>
    <rdfs:label xml:lang="de">Nationalmuseum in Krakau</rdfs:label>
    <rdfs:label xml:lang="ru">Национальный музей (Краков)</rdfs:label>
    <rdfs:label xml:lang="en">National Museum, Kraków</rdfs:label>
    <rdfs:label xml:lang="pl">Muzeum Narodowe w Krakowie</rdfs:label>
    <rdfs:label xml:lang="fr">Musée national de Cracovie</rdfs:label>
    <rdfs:label xml:lang="it">Museo nazionale di Cracovia</rdfs:label>
    <foaf:depiction rdf:resource="http://upload.wikimedia.org/wikipedia/commons/7/7f/Muzeum_Narodowe_Kraków_Fotka_050.jpg" />
    <rdfs:comment xml:lang="de">Das Nationalmuseum in Krakau (poln. Muzeum Narodowe w Krakowie) wurde kraft des Beschlusses des Rates der Stadt Krakau am 7. Oktober 1879 gegründet. Am Anfang umfasste das Museum zwei Räume im Obergeschoss der Krakauer Tuchhallen (Sukiennice) in der Mitte des Hauptmarktes. Die Sammlungen des Museums wuchsen dank großzügiger Schenkungen. Sie umfassten Werke der Malerei, Graphik, Bildhauerei, des Kunsthandwerks, sowie eine Münzsammlung.</rdfs:comment>
    <rdfs:comment xml:lang="fr">Le Musée national de Cracovie (Muzeum Narodowe w Krakowie en polonais) est situé à Cracovie en Pologne.</rdfs:comment>
    <rdfs:comment xml:lang="pl">Muzeum Narodowe w Krakowie – muzeum utworzone przez Radę Miasta Krakowa uchwałą z 7 października 1879, wpisane do Państwowego Rejestru Muzeów. Muzeum posiada bogaty zbiór dzieł sztuki polskiej, europejskiej i pozaeuropejskiej, co stawia je na pozycji jednej z najważniejszych i najciekawszych kolekcji nie tylko w Polsce, ale na świecie.</rdfs:comment>
    <rdfs:comment xml:lang="ru">Национальный музей в Кракове (польск. Muzeum Narodowe w Krakowie) — музей искусства, находящийся в Кракове, Польша.</rdfs:comment>
    <rdfs:comment xml:lang="en">The National Museum in Kraków (Polish: Muzeum Narodowe w Krakowie), established in 1879, is the main branch of Poland&#39;s National Museum, which has several independent branches with permanent collections around the country. The Museum consists of 21 departments which are divided by art period; 11 galleries, 2 libraries, and 12 conservation workshops. It holds some 780,000 art objects, spanning from classical archeology to modern art, with special focus on Polish painting.</rdfs:comment>
    <rdfs:comment xml:lang="it">Il Museo Nazionale di Cracovia (in polacco Muzeum Narodowe w Krakowie) è la sezione più importante del Museo nazionale della Polonia, in polacco Państwowy Rejestr Muzeów.</rdfs:comment>
    <foaf:name xml:lang="en">National Museum in Kraków</foaf:name>
    <dbpedia-owl:thumbnail rdf:resource="http://upload.wikimedia.org/wikipedia/commons/thumb/7/7f/Muzeum_Narodowe_Kraków_Fotka_050.jpg/200px-Muzeum_Narodowe_Kraków_Fotka_050.jpg" />
    <dbpedia-owl:type rdf:resource="http://dbpedia.org/resource/List_of_national_museums" />
    <dbpedia-owl:wikiPageExternalLink rdf:resource="http://web.archive.org/web/20110713171007/http:/www.krakow-poland.com/Tourist-Attractions/National-Museum,bii" />
    <dbpedia-owl:wikiPageExternalLink rdf:resource="http://www.muzeum.krakow.pl/" />
    <dbpedia-owl:wikiPageExternalLink rdf:resource="http://www.culture.pl/web/english/museums/-/eo_event_asset_publisher/sh2A/content/national-museum-in-cracow-1" />
    <dbpprop:director xml:lang="en">Zofia Gołubiew</dbpprop:director>
    <dbpprop:established rdf:datatype="http://www.w3.org/2001/XMLSchema#integer">1879</dbpprop:established>
    <dbpprop:imagesize rdf:datatype="http://www.w3.org/2001/XMLSchema#integer">300</dbpprop:imagesize>
    <dbpprop:location rdf:resource="http://dbpedia.org/resource/Poland" />
    <dbpprop:location rdf:resource="http://dbpedia.org/resource/Krak%C3%B3w" />
    <dbpprop:location rdf:datatype="http://www.w3.org/2001/XMLSchema#integer">3</dbpprop:location>
    <dbpprop:name xml:lang="en">National Museum in Kraków</dbpprop:name>
    <dbpprop:type rdf:resource="http://dbpedia.org/resource/List_of_national_museums" />
    <dbpprop:website rdf:resource="http://www.muzeum.krakow.pl/" />
    <foaf:homepage rdf:resource="http://www.muzeum.krakow.pl/" />
    <geo:geometry rdf:datatype="http://www.openlinksw.com/schemas/virtrdf#Geometry">POINT(19.9239 50.06)</geo:geometry>
    <foaf:isPrimaryTopicOf rdf:resource="http://en.wikipedia.org/wiki/National_Museum,_Kraków" />
    <geo:long rdf:datatype="http://www.w3.org/2001/XMLSchema#float">19.9239</geo:long>
    <geo:lat rdf:datatype="http://www.w3.org/2001/XMLSchema#float">50.06</geo:lat>
    <ns8:wasDerivedFrom rdf:resource="http://en.wikipedia.org/wiki/National_Museum,_Kraków?oldid=540624100" />
    <grs:point xml:lang="en">50.06 19.92388888888889</grs:point>
    <dbpprop:hasPhotoCollection rdf:resource="http://wifo5-03.informatik.uni-mannheim.de/flickrwrappr/photos/National_Museum,_Kraków" />
  </rdf:Description>
  <rdf:Description rdf:about="http://dbpedia.org/resource/Prussian_Homage_(painting)">
    <dbpprop:owner rdf:resource="http://dbpedia.org/resource/National_Museum,_Krak%C3%B3w" />
  </rdf:Description>
  <rdf:Description rdf:about="http://en.wikipedia.org/wiki/National_Museum,_Kraków">
    <foaf:primaryTopic rdf:resource="http://dbpedia.org/resource/National_Museum,_Krak%C3%B3w" />
  </rdf:Description>
  <rdf:Description rdf:about="http://dbpedia.org/resource/National_Museum_in_Krak%C3%B3w">
    <dbpedia-owl:wikiPageRedirects rdf:resource="http://dbpedia.org/resource/National_Museum,_Krak%C3%B3w" />
  </rdf:Description>
  <rdf:Description rdf:about="http://dbpedia.org/resource/Cracow_National_Museum">
    <dbpedia-owl:wikiPageRedirects rdf:resource="http://dbpedia.org/resource/National_Museum,_Krak%C3%B3w" />
  </rdf:Description>
  <rdf:Description rdf:about="http://dbpedia.org/resource/Krakow_National_Museum">
    <dbpedia-owl:wikiPageRedirects rdf:resource="http://dbpedia.org/resource/National_Museum,_Krak%C3%B3w" />
  </rdf:Description>
  <rdf:Description rdf:about="http://dbpedia.org/resource/National_Museum_in_Cracow">
    <dbpedia-owl:wikiPageRedirects rdf:resource="http://dbpedia.org/resource/National_Museum,_Krak%C3%B3w" />
  </rdf:Description>
  <rdf:Description rdf:about="http://dbpedia.org/resource/National_Museum_in_Krakow">
    <dbpedia-owl:wikiPageRedirects rdf:resource="http://dbpedia.org/resource/National_Museum,_Krak%C3%B3w" />
  </rdf:Description>
  <rdf:Description rdf:about="http://dbpedia.org/resource/National_Museum_of_Cracow">
    <dbpedia-owl:wikiPageRedirects rdf:resource="http://dbpedia.org/resource/National_Museum,_Krak%C3%B3w" />
  </rdf:Description>
  <rdf:Description rdf:about="http://dbpedia.org/resource/National_Museum_of_Krakow">
    <dbpedia-owl:wikiPageRedirects rdf:resource="http://dbpedia.org/resource/National_Museum,_Krak%C3%B3w" />
  </rdf:Description>
  <rdf:Description rdf:about="http://dbpedia.org/resource/Krakow_Museum">
    <dbpedia-owl:wikiPageRedirects rdf:resource="http://dbpedia.org/resource/National_Museum,_Krak%C3%B3w" />
  </rdf:Description>
  <rdf:Description rdf:about="http://dbpedia.org/resource/National_Museum,_Krakow">
    <dbpedia-owl:wikiPageRedirects rdf:resource="http://dbpedia.org/resource/National_Museum,_Krak%C3%B3w" />
  </rdf:Description>
  <rdf:Description rdf:about="http://dbpedia.org/resource/National_Museum_(Krakow)">
    <dbpedia-owl:wikiPageRedirects rdf:resource="http://dbpedia.org/resource/National_Museum,_Krak%C3%B3w" />
  </rdf:Description>
  <rdf:Description rdf:about="http://dbpedia.org/resource/National_Museum_Krakow">
    <dbpedia-owl:wikiPageRedirects rdf:resource="http://dbpedia.org/resource/National_Museum,_Krak%C3%B3w" />
  </rdf:Description>
</rdf:RDF>
