<?xml version="1.0" encoding="utf-8" ?>
<rdf:RDF
	xmlns:rdf="http://www.w3.org/1999/02/22-rdf-syntax-ns#"
	xmlns:rdfs="http://www.w3.org/2000/01/rdf-schema#"
	xmlns:owl="http://www.w3.org/2002/07/owl#"
	xmlns:dcterms="http://purl.org/dc/terms/"
	xmlns:dbpedia-owl="http://dbpedia.org/ontology/"
	xmlns:foaf="http://xmlns.com/foaf/0.1/"
	xmlns:dbpprop="http://dbpedia.org/property/"
	xmlns:geo="http://www.w3.org/2003/01/geo/wgs84_pos#"
	xmlns:ns8="http://www.w3.org/ns/prov#"
	xmlns:grs="http://www.georss.org/georss/" >
  <rdf:Description rdf:about="http://dbpedia.org/resource/National_Museum_&amp;_Gallery,_Cardiff">
    <dbpedia-owl:wikiPageRedirects rdf:resource="http://dbpedia.org/resource/National_Museum_Cardiff" />
  </rdf:Description>
  <rdf:Description rdf:about="http://dbpedia.org/resource/National_Museum_Cardiff">
    <rdf:type rdf:resource="http://www.w3.org/2002/07/owl#Thing" />
    <rdf:type rdf:resource="http://dbpedia.org/class/yago/PhysicalEntity100001930" />
    <rdf:type rdf:resource="http://dbpedia.org/class/yago/NationalMuseumsOfWales" />
    <rdf:type rdf:resource="http://dbpedia.org/class/yago/Facility103315023" />
    <rdf:type rdf:resource="http://dbpedia.org/class/yago/Museum103800563" />
    <rdf:type rdf:resource="http://dbpedia.org/ontology/ArchitecturalStructure" />
    <rdf:type rdf:resource="http://dbpedia.org/ontology/Place" />
    <rdf:type rdf:resource="http://dbpedia.org/class/yago/ArtMuseumsAndGalleriesInWales" />
    <rdf:type rdf:resource="http://www.opengis.net/gml/_Feature" />
    <rdf:type rdf:resource="http://dbpedia.org/class/yago/YagoGeoEntity" />
    <rdf:type rdf:resource="http://dbpedia.org/class/yago/DecorativeArtsMuseumsInTheUnitedKingdom" />
    <rdf:type rdf:resource="http://schema.org/Place" />
    <rdf:type rdf:resource="http://dbpedia.org/ontology/Building" />
    <rdf:type rdf:resource="http://dbpedia.org/class/yago/YagoPermanentlyLocatedEntity" />
    <rdf:type rdf:resource="http://dbpedia.org/class/yago/Object100002684" />
    <rdf:type rdf:resource="http://schema.org/Museum" />
    <rdf:type rdf:resource="http://dbpedia.org/class/yago/Whole100003553" />
    <rdf:type rdf:resource="http://dbpedia.org/class/yago/MuseumsInCardiff" />
    <rdf:type rdf:resource="http://dbpedia.org/class/yago/GeologyMuseumsInTheUnitedKingdom" />
    <rdf:type rdf:resource="http://dbpedia.org/class/yago/NaturalHistoryMuseumsInTheUnitedKingdom" />
    <rdf:type rdf:resource="http://dbpedia.org/class/yago/MuseumsEstablishedIn1907" />
    <rdf:type rdf:resource="http://dbpedia.org/class/yago/Depository103177349" />
    <rdf:type rdf:resource="http://dbpedia.org/class/yago/DinosaurMuseums" />
    <rdf:type rdf:resource="http://dbpedia.org/ontology/Museum" />
    <rdf:type rdf:resource="http://dbpedia.org/class/yago/Artifact100021939" />
    <rdf:type rdf:resource="http://dbpedia.org/class/yago/ArchaeologyMuseumsInWales" />
    <owl:sameAs rdf:resource="http://es.dbpedia.org/resource/Museo_y_Galería_Nacional_de_Cardiff" />
    <owl:sameAs rdf:resource="http://de.dbpedia.org/resource/National_Museum_Cardiff" />
    <owl:sameAs rdf:resource="http://pl.dbpedia.org/resource/National_Museum_Cardiff" />
    <owl:sameAs rdf:resource="http://www.wikidata.org/entity/Q1321874" />
    <owl:sameAs rdf:resource="http://yago-knowledge.org/resource/National_Museum_Cardiff" />
    <owl:sameAs rdf:resource="http://dbpedia.org/resource/National_Museum_Cardiff" />
    <owl:sameAs rdf:resource="http://rdf.freebase.com/ns/m.03qw9h" />
    <owl:sameAs rdf:resource="http://cy.dbpedia.org/resource/Amgueddfa_Genedlaethol_Caerdydd" />
    <owl:sameAs rdf:resource="http://ru.dbpedia.org/resource/Национальный_музей_Кардиффа" />
    <owl:sameAs rdf:resource="http://it.dbpedia.org/resource/National_Museum_of_Wales" />
    <owl:sameAs rdf:resource="http://ko.dbpedia.org/resource/카디프_국립박물관" />
    <dcterms:subject rdf:resource="http://dbpedia.org/resource/Category:Cathays" />
    <dcterms:subject rdf:resource="http://dbpedia.org/resource/Category:Natural_history_museums" />
    <dcterms:subject rdf:resource="http://dbpedia.org/resource/Category:Domes" />
    <dcterms:subject rdf:resource="http://dbpedia.org/resource/Category:Geology_museums_in_Cardiff" />
    <dcterms:subject rdf:resource="http://dbpedia.org/resource/Category:Natural_history_museums_in_the_United_Kingdom" />
    <dcterms:subject rdf:resource="http://dbpedia.org/resource/Category:Museums_in_Cardiff" />
    <dcterms:subject rdf:resource="http://dbpedia.org/resource/Category:Fossil_museums" />
    <dcterms:subject rdf:resource="http://dbpedia.org/resource/Category:Art_museums_and_galleries_in_Wales" />
    <dcterms:subject rdf:resource="http://dbpedia.org/resource/Category:Archaeological_museums_in_Wales" />
    <dcterms:subject rdf:resource="http://dbpedia.org/resource/Category:1907_establishments_in_Wales" />
    <dcterms:subject rdf:resource="http://dbpedia.org/resource/Category:Museums_established_in_1907" />
    <dcterms:subject rdf:resource="http://dbpedia.org/resource/Category:Economy_of_Cardiff" />
    <dcterms:subject rdf:resource="http://dbpedia.org/resource/Category:Organisations_based_in_Wales_with_royal_patronage" />
    <dcterms:subject rdf:resource="http://dbpedia.org/resource/Category:National_museums_of_Wales" />
    <dcterms:subject rdf:resource="http://dbpedia.org/resource/Category:Decorative_arts_museums_in_Wales" />
    <dcterms:subject rdf:resource="http://dbpedia.org/resource/Category:Grade_I_listed_buildings_in_Cardiff" />
    <dbpedia-owl:abstract xml:lang="en">National Museum Cardiff (Welsh: Amgueddfa Genedlaethol Caerdydd) is a museum and art gallery in Cardiff, Wales. The museum is part of the wider network of Amgueddfa Cymru – National Museum Wales (formerly the National Museums and Galleries of Wales). Entry is kept free by a grant from the Welsh Government.</dbpedia-owl:abstract>
    <dbpedia-owl:abstract xml:lang="pl">National Museum Cardiff (pol. Muzeum Narodowe w Cardiff) – muzeum i galeria sztuki poświęcone historii Walii. Jest położone w centrum Cardiff w Cathays Park. Budynek, w którym mieszczą się zbiory muzealne, został oficjalnie otwarty w 1927 roku. W zbiorach muzeum znajdują się eksponaty z dziedziny archeologii, geologii i historii naturalnej Walii oraz kolekcja dzieł sztuki.</dbpedia-owl:abstract>
    <dbpedia-owl:abstract xml:lang="ru">Национальный музей в Кардиффе — музей и художественная галерея в Кардиффе, Уэльс, Великобритания, являющийся частью Национального музея Уэльса. Вход в музей бесплатный, а сам музей содержится на средства Ассамблеи Уэльса. Национальный музей Уэльса был основан в 1907 году, унаследовав коллекции музея Кардиффа, расположенного в здании Кардиффской центральной библиотеки. Строительство нового здания музея в Кардиффе началось в 1912 году в Катайс-парке, но из-за Первой мировой войны так и не было открыто для посетителей вплоть до 1927 года. Архитекторами выступили Арнольд Данбар Смит и Сесил Брюер, однако современный вид здания значительно изменён. В музее находятся коллекции по археологии, ботанике, изобразительному и прикладному искусствам, геологии и зоологии.</dbpedia-owl:abstract>
    <dbpedia-owl:abstract xml:lang="es">El Museo y Galería Nacional de Cardiff se haya en Cardiff, situado en el conjunto de edificios eduardianos que configuran el complejo cívico de Cathays Park. Su construcción comenzó en 1912 pero debido a la Primera Guerra Mundial no se pudo inaugurar al público hasta 1927. Forma parte del Museo y Galería Nacional de Gales.</dbpedia-owl:abstract>
    <dbpedia-owl:abstract xml:lang="de">Das National Museum Cardiff ist ein Museum für Kunst, Kunstgewerbe, Archäologie und Naturgeschichte in der walisischen Hauptstadt Cardiff. Es ist Teil des dezentralen National Museum Wales, zu der sechs weitere Museen an verschiedenen Standorten gehören.</dbpedia-owl:abstract>
    <dbpedia-owl:abstract xml:lang="it">Il National Museum of Wales è museo e galleria d&#39;arte a Cardiff, nel Galles. L&#39;ingresso è gratuito grazie a un finanziamento della Welsh Assembly Government. Il Museo Nazionale del Galles è stato fondata nel 1907, quando ereditò la collezione del Museo di Cardiff che condivideva la sede con il Cardiff Central Library. La costruzione di un nuovo edificio nel complesso civico di Cathays Park iniziò nel 1912, ma a causa della Prima guerra mondiale non ha aperto al pubblico fino al 1927. Gli architetti sono stati Arnold Dunbar Smith e Cecil Brewer, anche se l&#39;edificio nella sua forma attuale è stato pesantemente rivisitato nel suo assetto. Il museo possiede collezioni di archeologia, botanica, arte figurativa e applicata, geologia e zoologia.</dbpedia-owl:abstract>
    <dbpedia-owl:location rdf:resource="http://dbpedia.org/resource/Cathays_Park" />
    <dbpedia-owl:location rdf:resource="http://dbpedia.org/resource/Wales" />
    <dbpedia-owl:location rdf:resource="http://dbpedia.org/resource/Cardiff" />
    <dbpedia-owl:numberOfVisitors rdf:datatype="http://www.w3.org/2001/XMLSchema#integer">373191</dbpedia-owl:numberOfVisitors>
    <dbpedia-owl:wikiPageID rdf:datatype="http://www.w3.org/2001/XMLSchema#integer">929083</dbpedia-owl:wikiPageID>
    <dbpedia-owl:wikiPageRevisionID rdf:datatype="http://www.w3.org/2001/XMLSchema#integer">548201663</dbpedia-owl:wikiPageRevisionID>
    <rdfs:label xml:lang="it">National Museum of Wales</rdfs:label>
    <rdfs:label xml:lang="es">Museo y Galería Nacional de Cardiff</rdfs:label>
    <rdfs:label xml:lang="pl">National Museum Cardiff</rdfs:label>
    <rdfs:label xml:lang="ru">Национальный музей Кардиффа</rdfs:label>
    <rdfs:label xml:lang="en">National Museum Cardiff</rdfs:label>
    <rdfs:label xml:lang="de">National Museum Cardiff</rdfs:label>
    <foaf:depiction rdf:resource="http://upload.wikimedia.org/wikipedia/commons/d/db/Amgueddfa_Genedlaethol_Caerdydd.JPG" />
    <rdfs:comment xml:lang="de">Das National Museum Cardiff ist ein Museum für Kunst, Kunstgewerbe, Archäologie und Naturgeschichte in der walisischen Hauptstadt Cardiff. Es ist Teil des dezentralen National Museum Wales, zu der sechs weitere Museen an verschiedenen Standorten gehören.</rdfs:comment>
    <rdfs:comment xml:lang="it">Il National Museum of Wales è museo e galleria d&#39;arte a Cardiff, nel Galles. L&#39;ingresso è gratuito grazie a un finanziamento della Welsh Assembly Government. Il Museo Nazionale del Galles è stato fondata nel 1907, quando ereditò la collezione del Museo di Cardiff che condivideva la sede con il Cardiff Central Library. La costruzione di un nuovo edificio nel complesso civico di Cathays Park iniziò nel 1912, ma a causa della Prima guerra mondiale non ha aperto al pubblico fino al 1927.</rdfs:comment>
    <rdfs:comment xml:lang="es">El Museo y Galería Nacional de Cardiff se haya en Cardiff, situado en el conjunto de edificios eduardianos que configuran el complejo cívico de Cathays Park. Su construcción comenzó en 1912 pero debido a la Primera Guerra Mundial no se pudo inaugurar al público hasta 1927. Forma parte del Museo y Galería Nacional de Gales.</rdfs:comment>
    <rdfs:comment xml:lang="en">National Museum Cardiff (Welsh: Amgueddfa Genedlaethol Caerdydd) is a museum and art gallery in Cardiff, Wales. The museum is part of the wider network of Amgueddfa Cymru – National Museum Wales (formerly the National Museums and Galleries of Wales). Entry is kept free by a grant from the Welsh Government.</rdfs:comment>
    <rdfs:comment xml:lang="ru">Национальный музей в Кардиффе — музей и художественная галерея в Кардиффе, Уэльс, Великобритания, являющийся частью Национального музея Уэльса. Вход в музей бесплатный, а сам музей содержится на средства Ассамблеи Уэльса. Национальный музей Уэльса был основан в 1907 году, унаследовав коллекции музея Кардиффа, расположенного в здании Кардиффской центральной библиотеки.</rdfs:comment>
    <rdfs:comment xml:lang="pl">National Museum Cardiff (pol. Muzeum Narodowe w Cardiff) – muzeum i galeria sztuki poświęcone historii Walii. Jest położone w centrum Cardiff w Cathays Park. Budynek, w którym mieszczą się zbiory muzealne, został oficjalnie otwarty w 1927 roku. W zbiorach muzeum znajdują się eksponaty z dziedziny archeologii, geologii i historii naturalnej Walii oraz kolekcja dzieł sztuki.</rdfs:comment>
    <foaf:name xml:lang="en">National Museum Cardiff</foaf:name>
    <foaf:name xml:lang="en">Amgueddfa Genedlaethol Caerdydd</foaf:name>
    <dbpedia-owl:thumbnail rdf:resource="http://upload.wikimedia.org/wikipedia/commons/thumb/d/db/Amgueddfa_Genedlaethol_Caerdydd.JPG/200px-Amgueddfa_Genedlaethol_Caerdydd.JPG" />
    <dbpedia-owl:wikiPageExternalLink rdf:resource="http://www.museumwales.ac.uk/en/cardiff/" />
    <dbpedia-owl:wikiPageExternalLink rdf:resource="http://www.museumwales.ac.uk/" />
    <dbpprop:coordinatesType xml:lang="en">type:landmark_region:GB</dbpprop:coordinatesType>
    <dbpprop:established rdf:datatype="http://www.w3.org/2001/XMLSchema#integer">1912</dbpprop:established>
    <dbpprop:imagesize rdf:datatype="http://www.w3.org/2001/XMLSchema#integer">250</dbpprop:imagesize>
    <dbpprop:latitude rdf:datatype="http://www.w3.org/2001/XMLSchema#double">51.4858</dbpprop:latitude>
    <dbpprop:location rdf:resource="http://dbpedia.org/resource/Cathays_Park" />
    <dbpprop:location rdf:resource="http://dbpedia.org/resource/Wales" />
    <dbpprop:location rdf:resource="http://dbpedia.org/resource/Cardiff" />
    <dbpprop:longitude rdf:datatype="http://www.w3.org/2001/XMLSchema#double">-3.1773</dbpprop:longitude>
    <dbpprop:mapCaption xml:lang="en">Location in central Cardiff</dbpprop:mapCaption>
    <dbpprop:mapType xml:lang="en">Cardiff</dbpprop:mapType>
    <dbpprop:name xml:lang="en">National Museum Cardiff</dbpprop:name>
    <dbpprop:nativeName xml:lang="en">Amgueddfa Genedlaethol Caerdydd</dbpprop:nativeName>
    <dbpprop:publictransit xml:lang="en">Cardiff Bus 27 10px</dbpprop:publictransit>
    <dbpprop:publictransit rdf:resource="http://dbpedia.org/resource/Cathays_railway_station" />
    <dbpprop:publictransit rdf:resource="http://dbpedia.org/resource/File:25_railtransportation.svg" />
    <dbpprop:pushpinMap xml:lang="en">Wales Cardiff Central</dbpprop:pushpinMap>
    <dbpprop:visitors rdf:datatype="http://www.w3.org/2001/XMLSchema#integer">373191</dbpprop:visitors>
    <dbpprop:visitors xml:lang="en">* Ranked 30th in the United Kingdom</dbpprop:visitors>
    <dbpprop:website rdf:resource="http://www.museumwales.ac.uk/en/cardiff/" />
    <foaf:homepage rdf:resource="http://www.museumwales.ac.uk/en/cardiff/" />
    <geo:geometry rdf:datatype="http://www.openlinksw.com/schemas/virtrdf#Geometry">POINT(-3.1773 51.4858)</geo:geometry>
    <foaf:isPrimaryTopicOf rdf:resource="http://en.wikipedia.org/wiki/National_Museum_Cardiff" />
    <geo:long rdf:datatype="http://www.w3.org/2001/XMLSchema#float">-3.1773</geo:long>
    <geo:lat rdf:datatype="http://www.w3.org/2001/XMLSchema#float">51.4858</geo:lat>
    <ns8:wasDerivedFrom rdf:resource="http://en.wikipedia.org/wiki/National_Museum_Cardiff?oldid=548201663" />
    <grs:point xml:lang="en">51.4858 -3.1773</grs:point>
    <dbpprop:hasPhotoCollection rdf:resource="http://wifo5-03.informatik.uni-mannheim.de/flickrwrappr/photos/National_Museum_Cardiff" />
  </rdf:Description>
  <rdf:Description rdf:about="http://pl.dbpedia.org/resource/National_Museum_Cardiff">
    <owl:sameAs rdf:resource="http://dbpedia.org/resource/National_Museum_Cardiff" />
  </rdf:Description>
  <rdf:Description rdf:about="http://ko.dbpedia.org/resource/카디프_국립박물관">
    <owl:sameAs rdf:resource="http://dbpedia.org/resource/National_Museum_Cardiff" />
  </rdf:Description>
  <rdf:Description rdf:about="http://dbpedia.org/resource/Effect_of_Snow_on_Petit-Montrouge">
    <dbpedia-owl:museum rdf:resource="http://dbpedia.org/resource/National_Museum_Cardiff" />
    <dbpprop:museum rdf:resource="http://dbpedia.org/resource/National_Museum_Cardiff" />
  </rdf:Description>
  <rdf:Description rdf:about="http://dbpedia.org/resource/The_Wood_(Max_Ernst)">
    <dbpedia-owl:museum rdf:resource="http://dbpedia.org/resource/National_Museum_Cardiff" />
    <dbpprop:museum rdf:resource="http://dbpedia.org/resource/National_Museum_Cardiff" />
  </rdf:Description>
  <rdf:Description rdf:about="http://dbpedia.org/resource/The_Funeral_of_Phocion">
    <dbpedia-owl:museum rdf:resource="http://dbpedia.org/resource/National_Museum_Cardiff" />
    <dbpprop:museum rdf:resource="http://dbpedia.org/resource/National_Museum_Cardiff" />
  </rdf:Description>
  <rdf:Description rdf:about="http://dbpedia.org/resource/The_Empty_Mask">
    <dbpedia-owl:museum rdf:resource="http://dbpedia.org/resource/National_Museum_Cardiff" />
    <dbpprop:museum rdf:resource="http://dbpedia.org/resource/National_Museum_Cardiff" />
  </rdf:Description>
  <rdf:Description rdf:about="http://dbpedia.org/resource/San_Giorgio_Maggiore_at_Dusk_(Monet)">
    <dbpedia-owl:museum rdf:resource="http://dbpedia.org/resource/National_Museum_Cardiff" />
  </rdf:Description>
  <rdf:Description rdf:about="http://dbpedia.org/resource/Capital_City_Green">
    <dbpprop:via rdf:resource="http://dbpedia.org/resource/National_Museum_Cardiff" />
  </rdf:Description>
  <rdf:Description rdf:about="http://de.dbpedia.org/resource/National_Museum_Cardiff">
    <owl:sameAs rdf:resource="http://dbpedia.org/resource/National_Museum_Cardiff" />
  </rdf:Description>
  <rdf:Description rdf:about="http://es.dbpedia.org/resource/Museo_y_Galería_Nacional_de_Cardiff">
    <owl:sameAs rdf:resource="http://dbpedia.org/resource/National_Museum_Cardiff" />
  </rdf:Description>
  <rdf:Description rdf:about="http://it.dbpedia.org/resource/National_Museum_of_Wales">
    <owl:sameAs rdf:resource="http://dbpedia.org/resource/National_Museum_Cardiff" />
  </rdf:Description>
  <rdf:Description rdf:about="http://ru.dbpedia.org/resource/Национальный_музей_Кардиффа">
    <owl:sameAs rdf:resource="http://dbpedia.org/resource/National_Museum_Cardiff" />
  </rdf:Description>
  <rdf:Description rdf:about="http://en.wikipedia.org/wiki/National_Museum_Cardiff">
    <foaf:primaryTopic rdf:resource="http://dbpedia.org/resource/National_Museum_Cardiff" />
  </rdf:Description>
  <rdf:Description rdf:about="http://dbpedia.org/resource/National_Museum_of_Wales_Cardiff">
    <dbpedia-owl:wikiPageRedirects rdf:resource="http://dbpedia.org/resource/National_Museum_Cardiff" />
  </rdf:Description>
  <rdf:Description rdf:about="http://dbpedia.org/resource/Still_Life_with_Teapot">
    <dbpedia-owl:museum rdf:resource="http://dbpedia.org/resource/National_Museum_Cardiff" />
    <dbpprop:museum rdf:resource="http://dbpedia.org/resource/National_Museum_Cardiff" />
  </rdf:Description>
  <rdf:Description rdf:about="http://dbpedia.org/resource/Cardiff_Museum">
    <dbpedia-owl:wikiPageRedirects rdf:resource="http://dbpedia.org/resource/National_Museum_Cardiff" />
  </rdf:Description>
  <rdf:Description rdf:about="http://wikidata.dbpedia.org/resource/Q1321874">
    <owl:sameAs rdf:resource="http://dbpedia.org/resource/National_Museum_Cardiff" />
  </rdf:Description>
  <rdf:Description rdf:about="http://cy.dbpedia.org/resource/Amgueddfa_Genedlaethol_Caerdydd">
    <owl:sameAs rdf:resource="http://dbpedia.org/resource/National_Museum_Cardiff" />
  </rdf:Description>
</rdf:RDF>
