<?xml version="1.0" encoding="utf-8" ?>
<rdf:RDF
	xmlns:rdf="http://www.w3.org/1999/02/22-rdf-syntax-ns#"
	xmlns:rdfs="http://www.w3.org/2000/01/rdf-schema#"
	xmlns:owl="http://www.w3.org/2002/07/owl#"
	xmlns:dcterms="http://purl.org/dc/terms/"
	xmlns:dbpedia-owl="http://dbpedia.org/ontology/"
	xmlns:foaf="http://xmlns.com/foaf/0.1/"
	xmlns:dbpprop="http://dbpedia.org/property/"
	xmlns:geo="http://www.w3.org/2003/01/geo/wgs84_pos#"
	xmlns:ns8="http://www.w3.org/ns/prov#"
	xmlns:grs="http://www.georss.org/georss/" >
  <rdf:Description rdf:about="http://dbpedia.org/resource/Freedom_from_Want_(painting)">
    <dbpedia-owl:museum rdf:resource="http://dbpedia.org/resource/Norman_Rockwell_Museum" />
    <dbpprop:museum rdf:resource="http://dbpedia.org/resource/Norman_Rockwell_Museum" />
  </rdf:Description>
  <rdf:Description rdf:about="http://dbpedia.org/resource/Freedom_of_Speech_(painting)">
    <dbpedia-owl:museum rdf:resource="http://dbpedia.org/resource/Norman_Rockwell_Museum" />
    <dbpprop:museum rdf:resource="http://dbpedia.org/resource/Norman_Rockwell_Museum" />
  </rdf:Description>
  <rdf:Description rdf:about="http://dbpedia.org/resource/NRM">
    <dbpedia-owl:wikiPageDisambiguates rdf:resource="http://dbpedia.org/resource/Norman_Rockwell_Museum" />
  </rdf:Description>
  <rdf:Description rdf:about="http://dbpedia.org/resource/The_Problem_We_All_Live_With">
    <dbpedia-owl:museum rdf:resource="http://dbpedia.org/resource/Norman_Rockwell_Museum" />
    <dbpprop:museum rdf:resource="http://dbpedia.org/resource/Norman_Rockwell_Museum" />
  </rdf:Description>
  <rdf:Description rdf:about="http://dbpedia.org/resource/Freedom_of_Worship_(painting)">
    <dbpedia-owl:museum rdf:resource="http://dbpedia.org/resource/Norman_Rockwell_Museum" />
    <dbpprop:museum rdf:resource="http://dbpedia.org/resource/Norman_Rockwell_Museum" />
  </rdf:Description>
  <rdf:Description rdf:about="http://dbpedia.org/resource/Norman_Rockwell_Museum">
    <rdf:type rdf:resource="http://dbpedia.org/class/yago/BiographicalMuseumsInMassachusetts" />
    <rdf:type rdf:resource="http://dbpedia.org/class/yago/Museum103800563" />
    <rdf:type rdf:resource="http://schema.org/Museum" />
    <rdf:type rdf:resource="http://dbpedia.org/class/yago/ArtistStudios" />
    <rdf:type rdf:resource="http://dbpedia.org/class/yago/MuseumsInStockbridge,Massachusetts" />
    <rdf:type rdf:resource="http://schema.org/Place" />
    <rdf:type rdf:resource="http://dbpedia.org/class/yago/Studio104344246" />
    <rdf:type rdf:resource="http://www.w3.org/2002/07/owl#Thing" />
    <rdf:type rdf:resource="http://dbpedia.org/class/yago/Object100002684" />
    <rdf:type rdf:resource="http://dbpedia.org/class/yago/Location100027167" />
    <rdf:type rdf:resource="http://dbpedia.org/ontology/ArchitecturalStructure" />
    <rdf:type rdf:resource="http://dbpedia.org/ontology/Place" />
    <rdf:type rdf:resource="http://dbpedia.org/class/yago/YagoGeoEntity" />
    <rdf:type rdf:resource="http://dbpedia.org/class/yago/GeographicPoint108578706" />
    <rdf:type rdf:resource="http://dbpedia.org/ontology/Building" />
    <rdf:type rdf:resource="http://dbpedia.org/class/yago/YagoPermanentlyLocatedEntity" />
    <rdf:type rdf:resource="http://dbpedia.org/class/yago/Artifact100021939" />
    <rdf:type rdf:resource="http://dbpedia.org/class/yago/Depository103177349" />
    <rdf:type rdf:resource="http://dbpedia.org/class/yago/ArtMuseumsInMassachusetts" />
    <rdf:type rdf:resource="http://dbpedia.org/ontology/Museum" />
    <rdf:type rdf:resource="http://dbpedia.org/class/yago/Whole100003553" />
    <rdf:type rdf:resource="http://dbpedia.org/class/yago/PhysicalEntity100001930" />
    <rdf:type rdf:resource="http://dbpedia.org/class/yago/Workplace104602044" />
    <rdf:type rdf:resource="http://dbpedia.org/class/yago/YagoLegalActorGeo" />
    <rdf:type rdf:resource="http://www.opengis.net/gml/_Feature" />
    <rdf:type rdf:resource="http://dbpedia.org/class/yago/Point108620061" />
    <rdf:type rdf:resource="http://dbpedia.org/class/yago/Facility103315023" />
    <owl:sameAs rdf:resource="http://www.wikidata.org/entity/Q713204" />
    <owl:sameAs rdf:resource="http://rdf.freebase.com/ns/m.04pclv" />
    <owl:sameAs rdf:resource="http://sws.geonames.org/4945468/" />
    <owl:sameAs rdf:resource="http://nl.dbpedia.org/resource/Norman_Rockwell_Museum" />
    <owl:sameAs rdf:resource="http://simple.dbpedia.org/resource/Norman_Rockwell_Museum" />
    <owl:sameAs rdf:resource="http://dbpedia.org/resource/Norman_Rockwell_Museum" />
    <owl:sameAs rdf:resource="http://ru.dbpedia.org/resource/Музей_Нормана_Роквелла" />
    <owl:sameAs rdf:resource="http://yago-knowledge.org/resource/Norman_Rockwell_Museum" />
    <dcterms:subject rdf:resource="http://dbpedia.org/resource/Category:Norman_Rockwell" />
    <dcterms:subject rdf:resource="http://dbpedia.org/resource/Category:1969_establishments_in_the_United_States" />
    <dcterms:subject rdf:resource="http://dbpedia.org/resource/Category:Museums_in_Stockbridge,_Massachusetts" />
    <dcterms:subject rdf:resource="http://dbpedia.org/resource/Category:Art_museums_in_Massachusetts" />
    <dcterms:subject rdf:resource="http://dbpedia.org/resource/Category:Artist_studios" />
    <dcterms:subject rdf:resource="http://dbpedia.org/resource/Category:Art_museums_established_in_1969" />
    <dcterms:subject rdf:resource="http://dbpedia.org/resource/Category:Biographical_museums_in_Massachusetts" />
    <dcterms:subject rdf:resource="http://dbpedia.org/resource/Category:National_Humanities_Medal_recipients" />
    <dbpedia-owl:abstract xml:lang="ru">Музей Нормана Роквелла основан в 1969 году, имеет большую коллекцию оригинальных работ Нормана Роквелла, американского иллюстратора и художника. Музей расположен в городе Стокбридж, штат Массачусетс, где Норман Роквелл прожил последние 25 лет своей жизни. В музее хранятся наиболее яркие его работы включая обложки журнала Saturday Evening Post которые он оформлял, а также картины Four Freedoms и Stockbridge Main Street at Christmas. Кроме 574 его оригинальных работ в музее хранится около 100,000 различных его фотографий, писем и деловых документов. Музей был построен по проекту архитектора Роберта А. М. Стерна.</dbpedia-owl:abstract>
    <dbpedia-owl:abstract xml:lang="nl">Het Norman Rockwell Museum is een museum in Stockbridge dat gewijd is aan het werk van de kunstschilder en illustrator Norman Rockwell.</dbpedia-owl:abstract>
    <dbpedia-owl:abstract xml:lang="en">The Norman Rockwell Museum is home to the world&#39;s largest collection of original Rockwell art, such as the iconic Norman Rockwell painting "The Problem We All Live With" from 1963.</dbpedia-owl:abstract>
    <dbpedia-owl:wikiPageID rdf:datatype="http://www.w3.org/2001/XMLSchema#integer">1275956</dbpedia-owl:wikiPageID>
    <dbpedia-owl:wikiPageRevisionID rdf:datatype="http://www.w3.org/2001/XMLSchema#integer">545621567</dbpedia-owl:wikiPageRevisionID>
    <rdfs:label xml:lang="nl">Norman Rockwell Museum</rdfs:label>
    <rdfs:label xml:lang="en">Norman Rockwell Museum</rdfs:label>
    <rdfs:label xml:lang="ru">Музей Нормана Роквелла</rdfs:label>
    <foaf:depiction rdf:resource="http://upload.wikimedia.org/wikipedia/commons/9/92/Rockwell_museum.jpg" />
    <rdfs:comment xml:lang="en">The Norman Rockwell Museum is home to the world&#39;s largest collection of original Rockwell art, such as the iconic Norman Rockwell painting "The Problem We All Live With" from 1963.</rdfs:comment>
    <rdfs:comment xml:lang="ru">Музей Нормана Роквелла основан в 1969 году, имеет большую коллекцию оригинальных работ Нормана Роквелла, американского иллюстратора и художника. Музей расположен в городе Стокбридж, штат Массачусетс, где Норман Роквелл прожил последние 25 лет своей жизни. В музее хранятся наиболее яркие его работы включая обложки журнала Saturday Evening Post которые он оформлял, а также картины Four Freedoms и Stockbridge Main Street at Christmas.</rdfs:comment>
    <rdfs:comment xml:lang="nl">Het Norman Rockwell Museum is een museum in Stockbridge dat gewijd is aan het werk van de kunstschilder en illustrator Norman Rockwell.</rdfs:comment>
    <dbpedia-owl:thumbnail rdf:resource="http://upload.wikimedia.org/wikipedia/commons/thumb/9/92/Rockwell_museum.jpg/200px-Rockwell_museum.jpg" />
    <dbpedia-owl:wikiPageExternalLink rdf:resource="http://www.nrm.org/" />
    <geo:geometry rdf:datatype="http://www.openlinksw.com/schemas/virtrdf#Geometry">POINT(-73.3359 42.2879)</geo:geometry>
    <foaf:isPrimaryTopicOf rdf:resource="http://en.wikipedia.org/wiki/Norman_Rockwell_Museum" />
    <geo:long rdf:datatype="http://www.w3.org/2001/XMLSchema#float">-73.3359</geo:long>
    <geo:lat rdf:datatype="http://www.w3.org/2001/XMLSchema#float">42.2879</geo:lat>
    <ns8:wasDerivedFrom rdf:resource="http://en.wikipedia.org/wiki/Norman_Rockwell_Museum?oldid=545621567" />
    <grs:point xml:lang="en">42.2879 -73.3359</grs:point>
    <dbpprop:hasPhotoCollection rdf:resource="http://wifo5-03.informatik.uni-mannheim.de/flickrwrappr/photos/Norman_Rockwell_Museum" />
  </rdf:Description>
  <rdf:Description rdf:about="http://ru.dbpedia.org/resource/Музей_Нормана_Роквелла">
    <owl:sameAs rdf:resource="http://dbpedia.org/resource/Norman_Rockwell_Museum" />
  </rdf:Description>
  <rdf:Description rdf:about="http://dbpedia.org/resource/Rockwell">
    <dbpedia-owl:wikiPageDisambiguates rdf:resource="http://dbpedia.org/resource/Norman_Rockwell_Museum" />
  </rdf:Description>
  <rdf:Description rdf:about="http://en.wikipedia.org/wiki/Norman_Rockwell_Museum">
    <foaf:primaryTopic rdf:resource="http://dbpedia.org/resource/Norman_Rockwell_Museum" />
  </rdf:Description>
  <rdf:Description rdf:about="http://nl.dbpedia.org/resource/Norman_Rockwell_Museum">
    <owl:sameAs rdf:resource="http://dbpedia.org/resource/Norman_Rockwell_Museum" />
  </rdf:Description>
  <rdf:Description rdf:about="http://wikidata.dbpedia.org/resource/Q713204">
    <owl:sameAs rdf:resource="http://dbpedia.org/resource/Norman_Rockwell_Museum" />
  </rdf:Description>
  <rdf:Description rdf:about="http://simple.dbpedia.org/resource/Norman_Rockwell_Museum">
    <owl:sameAs rdf:resource="http://dbpedia.org/resource/Norman_Rockwell_Museum" />
  </rdf:Description>
</rdf:RDF>
