<?xml version="1.0" encoding="utf-8" ?>
<rdf:RDF
	xmlns:rdf="http://www.w3.org/1999/02/22-rdf-syntax-ns#"
	xmlns:rdfs="http://www.w3.org/2000/01/rdf-schema#"
	xmlns:owl="http://www.w3.org/2002/07/owl#"
	xmlns:dcterms="http://purl.org/dc/terms/"
	xmlns:dbpedia-owl="http://dbpedia.org/ontology/"
	xmlns:foaf="http://xmlns.com/foaf/0.1/"
	xmlns:dbpprop="http://dbpedia.org/property/"
	xmlns:geo="http://www.w3.org/2003/01/geo/wgs84_pos#"
	xmlns:ns8="http://www.w3.org/ns/prov#"
	xmlns:grs="http://www.georss.org/georss/" >
  <rdf:Description rdf:about="http://cs.dbpedia.org/resource/Palazzo_Vecchio">
    <owl:sameAs rdf:resource="http://dbpedia.org/resource/Palazzo_Vecchio" />
  </rdf:Description>
  <rdf:Description rdf:about="http://de.dbpedia.org/resource/Palazzo_Vecchio">
    <owl:sameAs rdf:resource="http://dbpedia.org/resource/Palazzo_Vecchio" />
  </rdf:Description>
  <rdf:Description rdf:about="http://el.dbpedia.org/resource/Παλάτσο_Βέκιο">
    <owl:sameAs rdf:resource="http://dbpedia.org/resource/Palazzo_Vecchio" />
  </rdf:Description>
  <rdf:Description rdf:about="http://fr.dbpedia.org/resource/Palazzo_Vecchio">
    <owl:sameAs rdf:resource="http://dbpedia.org/resource/Palazzo_Vecchio" />
  </rdf:Description>
  <rdf:Description rdf:about="http://ja.dbpedia.org/resource/ヴェッキオ宮殿">
    <owl:sameAs rdf:resource="http://dbpedia.org/resource/Palazzo_Vecchio" />
  </rdf:Description>
  <rdf:Description rdf:about="http://pl.dbpedia.org/resource/Pałac_Vecchio">
    <owl:sameAs rdf:resource="http://dbpedia.org/resource/Palazzo_Vecchio" />
  </rdf:Description>
  <rdf:Description rdf:about="http://dbpedia.org/resource/Palazzo_della_Signoria">
    <dbpedia-owl:wikiPageRedirects rdf:resource="http://dbpedia.org/resource/Palazzo_Vecchio" />
  </rdf:Description>
  <rdf:Description rdf:about="http://es.dbpedia.org/resource/Palazzo_Vecchio">
    <owl:sameAs rdf:resource="http://dbpedia.org/resource/Palazzo_Vecchio" />
  </rdf:Description>
  <rdf:Description rdf:about="http://ko.dbpedia.org/resource/베키오_궁전">
    <owl:sameAs rdf:resource="http://dbpedia.org/resource/Palazzo_Vecchio" />
  </rdf:Description>
  <rdf:Description rdf:about="http://dbpedia.org/resource/Palazzo_Vecchio">
    <rdf:type rdf:resource="http://dbpedia.org/ontology/Museum" />
    <rdf:type rdf:resource="http://dbpedia.org/class/yago/Housing103546340" />
    <rdf:type rdf:resource="http://dbpedia.org/ontology/Building" />
    <rdf:type rdf:resource="http://dbpedia.org/class/yago/House103544360" />
    <rdf:type rdf:resource="http://www.opengis.net/gml/_Feature" />
    <rdf:type rdf:resource="http://dbpedia.org/class/yago/Dwelling103259505" />
    <rdf:type rdf:resource="http://dbpedia.org/class/yago/Artifact100021939" />
    <rdf:type rdf:resource="http://dbpedia.org/class/yago/Mansion103719053" />
    <rdf:type rdf:resource="http://dbpedia.org/class/yago/YagoPermanentlyLocatedEntity" />
    <rdf:type rdf:resource="http://dbpedia.org/class/yago/PhysicalEntity100001930" />
    <rdf:type rdf:resource="http://dbpedia.org/class/yago/PalacesInFlorence" />
    <rdf:type rdf:resource="http://www.w3.org/2002/07/owl#Thing" />
    <rdf:type rdf:resource="http://dbpedia.org/class/yago/Palace103878066" />
    <rdf:type rdf:resource="http://dbpedia.org/class/yago/YagoGeoEntity" />
    <rdf:type rdf:resource="http://dbpedia.org/class/yago/Structure104341686" />
    <rdf:type rdf:resource="http://dbpedia.org/class/yago/Whole100003553" />
    <rdf:type rdf:resource="http://dbpedia.org/class/yago/Building102913152" />
    <rdf:type rdf:resource="http://schema.org/Place" />
    <rdf:type rdf:resource="http://schema.org/Museum" />
    <rdf:type rdf:resource="http://dbpedia.org/class/yago/Object100002684" />
    <rdf:type rdf:resource="http://dbpedia.org/ontology/ArchitecturalStructure" />
    <rdf:type rdf:resource="http://dbpedia.org/ontology/Place" />
    <owl:sameAs rdf:resource="http://ar.dbpedia.org/resource/قصر_فيكيو" />
    <owl:sameAs rdf:resource="http://bg.dbpedia.org/resource/Палацо_Векио" />
    <owl:sameAs rdf:resource="http://sr.dbpedia.org/resource/Палацо_Векио" />
    <owl:sameAs rdf:resource="http://pt.dbpedia.org/resource/Palazzo_Vecchio" />
    <owl:sameAs rdf:resource="http://fr.dbpedia.org/resource/Palazzo_Vecchio" />
    <owl:sameAs rdf:resource="http://cs.dbpedia.org/resource/Palazzo_Vecchio" />
    <owl:sameAs rdf:resource="http://ru.dbpedia.org/resource/Палаццо_Веккьо" />
    <owl:sameAs rdf:resource="http://sh.dbpedia.org/resource/Palazzo_Vecchio" />
    <owl:sameAs rdf:resource="http://fi.dbpedia.org/resource/Palazzo_Vecchio" />
    <owl:sameAs rdf:resource="http://pl.dbpedia.org/resource/Pałac_Vecchio" />
    <owl:sameAs rdf:resource="http://sws.geonames.org/6697948/" />
    <owl:sameAs rdf:resource="http://eu.dbpedia.org/resource/Palazzo_Vecchio" />
    <owl:sameAs rdf:resource="http://sk.dbpedia.org/resource/Palazzo_Vecchio" />
    <owl:sameAs rdf:resource="http://zh.dbpedia.org/resource/旧宫" />
    <owl:sameAs rdf:resource="http://www.wikidata.org/entity/Q271928" />
    <owl:sameAs rdf:resource="http://ko.dbpedia.org/resource/베키오_궁전" />
    <owl:sameAs rdf:resource="http://it.dbpedia.org/resource/Palazzo_Vecchio" />
    <owl:sameAs rdf:resource="http://no.dbpedia.org/resource/Palazzo_Vecchio" />
    <owl:sameAs rdf:resource="http://hu.dbpedia.org/resource/Palazzo_Vecchio" />
    <owl:sameAs rdf:resource="http://yago-knowledge.org/resource/Palazzo_Vecchio" />
    <owl:sameAs rdf:resource="http://dbpedia.org/resource/Palazzo_Vecchio" />
    <owl:sameAs rdf:resource="http://sv.dbpedia.org/resource/Palazzo_Vecchio" />
    <owl:sameAs rdf:resource="http://el.dbpedia.org/resource/Παλάτσο_Βέκιο" />
    <owl:sameAs rdf:resource="http://he.dbpedia.org/resource/פאלאצו_וקיו" />
    <owl:sameAs rdf:resource="http://ca.dbpedia.org/resource/Palazzo_Vecchio" />
    <owl:sameAs rdf:resource="http://ja.dbpedia.org/resource/ヴェッキオ宮殿" />
    <owl:sameAs rdf:resource="http://tr.dbpedia.org/resource/Vecchio_Sarayı" />
    <owl:sameAs rdf:resource="http://lt.dbpedia.org/resource/Vekjo_rūmai" />
    <owl:sameAs rdf:resource="http://rdf.freebase.com/ns/m.0446t_" />
    <owl:sameAs rdf:resource="http://et.dbpedia.org/resource/Palazzo_Vecchio" />
    <owl:sameAs rdf:resource="http://hr.dbpedia.org/resource/Palazzo_Vecchio" />
    <owl:sameAs rdf:resource="http://uk.dbpedia.org/resource/Палаццо_Веккіо" />
    <owl:sameAs rdf:resource="http://nl.dbpedia.org/resource/Palazzo_Vecchio" />
    <owl:sameAs rdf:resource="http://es.dbpedia.org/resource/Palazzo_Vecchio" />
    <owl:sameAs rdf:resource="http://de.dbpedia.org/resource/Palazzo_Vecchio" />
    <dcterms:subject rdf:resource="http://dbpedia.org/resource/Category:Art_museums_and_galleries_in_Florence" />
    <dcterms:subject rdf:resource="http://dbpedia.org/resource/Category:Palaces_in_Florence" />
    <dcterms:subject rdf:resource="http://dbpedia.org/resource/Category:13th-century_establishments" />
    <dcterms:subject rdf:resource="http://dbpedia.org/resource/Category:City_and_town_halls_in_Italy" />
    <dbpedia-owl:abstract xml:lang="it">Palazzo Vecchio si trova in piazza della Signoria a Firenze ed è la sede del comune della città. Rappresenta la migliore sintesi dell&#39;architettura civile trecentesca cittadina ed uno dei palazzi civici più conosciuti d&#39;Italia. Chiamato in origine Palazzo dei Priori o Palagio Novo, divenne nel XV secolo Palazzo della Signoria, dal nome dell&#39;organismo principale della Repubblica fiorentina; nel 1540 divenne Palazzo Ducale, quando il duca Cosimo I de&#39; Medici ne fece la sua residenza; infine il nome Vecchio lo assunse nel 1565 quando la corte del Duca Cosimo si spostò nel "nuovo" Palazzo Pitti. Dal 1865 al 1871 fu sede del Parlamento italiano, mentre oggi ospita il Sindaco di Firenze e vari uffici comunali. Vi si trova inoltre un museo, che permette di visitare le magnifiche sale dove lavorarono, tra gli altri, Agnolo Bronzino, Ghirlandaio, Giorgio Vasari, e dove sono esposte opere di Michelangelo Buonarroti, Donatello, Verrocchio. L&#39;edificio si è gradualmente ingrandito verso est, arrivando ad occupare un isolato intero e allungando l&#39;iniziale parallelepipedo trecentesco fino a quadruplicarne le dimensioni, con una pianta che ricorda un trapezio del quale la facciata è solo il lato più corto. Sulla facciata principale a bugnato, la Torre di Arnolfo è uno degli emblemi della città.</dbpedia-owl:abstract>
    <dbpedia-owl:abstract xml:lang="fr">Le Palazzo Vecchio est l&#39;hôtel de ville de Florence, chef-lieu de la Toscane en Italie. Ce palais-forteresse, en forme de parallélépipède situé sur la Piazza della Signoria, est un des plus beaux bâtiments de la ville. Il côtoie la Loggia dei Lanzi et les Offices. Son nom remonte au transfert des Médicis pour le nouveau Palais Pitti situé de l&#39;autre côté de l&#39;Arno, à partir de là, le palais sera qualifié de vecchio . La construction du palais débuta en 1299 sous la direction de l&#39;architecte Arnolfo di Cambio. À l&#39;origine, il portait le nom de Palazzo della Signoria (Palais de la Seigneurie) et était le siège du gouvernement de Florence (la Signoria).</dbpedia-owl:abstract>
    <dbpedia-owl:abstract xml:lang="ru">Палаццо Веккьо (итал.  Palazzo Vecchio, Старый дворец) — одно из наиболее известных строений Флоренции. Сейчас оно служит ратушей.</dbpedia-owl:abstract>
    <dbpedia-owl:abstract xml:lang="en">The Palazzo Vecchio ("Old Palace") is the town hall of Florence, Italy. This massive, Romanesque, crenellated fortress-palace is among the most impressive town halls of Tuscany. Overlooking the Piazza della Signoria with its copy of Michelangelo&#39;s David statue as well the gallery of statues in the adjacent Loggia dei Lanzi, it is one of the most significant public places in Italy. Originally called the Palazzo della Signoria, after the Signoria of Florence, the ruling body of the Republic of Florence, it was also given several other names: Palazzo del Popolo, Palazzo dei Priori, and Palazzo Ducale, in accordance with the varying use of the palace during its long history. The building acquired its current name when the Medici duke&#39;s residence was moved across the Arno to the Palazzo Pitti.</dbpedia-owl:abstract>
    <dbpedia-owl:abstract xml:lang="ja">ヴェッキオ宮殿（ヴェッキオきゅうでん、伊: Palazzo Vecchio）は、イタリアのフィレンツェにある宮殿。シニョリーア広場に面している。 1299年から1314年にかけてアルノルフォ・ディ・カンビオによって建設され、初めは、フィレンツェ共和国の政庁舎として使われ、一時、メディチ家もピッティ宮殿へ移るまでここを住居としていた。1550年から1565年の間に、ジョルジョ・ヴァザーリによって部分的に改築された。現在でも、フィレンツェ市庁舎として使われている。内部は、「フランチェスコ1世の仕事部屋」「500人大広間」「レオ10世の間」「ゆりの間」などの部屋に分かれている。 2007年5月、イタリア文化庁は、レオナルド・ダ・ヴィンチの幻の壁画「アンギアーリの戦い」が500人大広間にあるヴァザーリの壁画の裏側に隠されていると発表した。</dbpedia-owl:abstract>
    <dbpedia-owl:abstract xml:lang="de">Der Palazzo Vecchio stellt den Mittelpunkt der weltlichen Macht im Florenz des 14. Jahrhundert dar. Er hieß ursprünglich Palazzo della Signoria (die Signoria war die Regierung der Republik), bis die Verwaltung unter Herzog Cosimo I. aus dem Haus Medici in die Uffizien umzog.</dbpedia-owl:abstract>
    <dbpedia-owl:abstract xml:lang="nl">| |- | |} Het Palazzo Vecchio was honderden jaren lang het belangrijkste gouvernementele gebouw van de stad Florence. Eerst als zetel van de Signoria, het republikeinse bestuur en later onder de Groothertogen van Toscane. Feitelijk was het overnemen en verbouwen van het Palazzo door Groothertog Cosimo I een van de belangrijkste mijlpalen in de geschiedenis van de stad. Het hoofdgebouw werd tussen 1298 en 1314 voor een groot gedeelte naar een project van Arnolfo di Cambio gebouwd en daarna met aanbouwen voltooid. De massieve rustica-bekleding op de gevel wordt onderbroken door marmeren tweebogenvensters en vooruitspringende rondbogen die in de bovenbouw van de toren worden herhaald. Deze toren werd op de grondslagen van een voorganger - de Faraboschi-toren - opgericht en voltooid met arcadebogen op het bovenstuk. Groothertog Cosimo I verbond ook het Palazzo Vecchio met het Palazzo Pitti van de Medici door de constructie van de Corridoio Vasariano. Het Palazzo Vecchio, gelegen aan het Piazza della Signoria, is tegenwoordig een museum waarin werken van onder andere Donatello, Mantegna en Pontormo te bewonderen zijn, hoewel de collectie niet zo belangwekkend is vergeleken bij die van musea als de Uffizi, het Palazzo Pitti of de Galleria dell&#39;Accademia in Florence. Voor het Palazzo Vecchio staat een negentiende-eeuwse replica van Michelangelo&#39;s David.</dbpedia-owl:abstract>
    <dbpedia-owl:abstract xml:lang="zh">领主广场 主要名胜 旧宫 五百人大厅 克莱孟七世大厅 弗朗切斯科一世房间 科西莫一世房间 埃利诺拉礼拜堂 男孩博物馆 雕塑 大卫像 科西莫一世骑马雕像 狮子 友第德与何乐弗尼 海神喷泉 佣兵凉廊 珀耳修斯和美杜莎的首级 强掳萨宾妇女 商人法庭 乌古其奥尼宫 忠利保险宫 导航 \ ↑ / ← o → / ↓ \ 访问 義大利主題 </center> 旧宫（Palazzo Vecchio）是意大利佛罗伦萨的市政厅。厚重的罗马式建筑，开垛口的堡垒，使其成为托斯卡纳最宏伟的市政厅。它俯瞰着领主广场，前面是米开朗琪罗大卫像的复制品，以及众多的雕塑杰作。此处也是意大利最重要的公共空间之一。 旧宫最初称为领主宫（Palazzo della Signoria），得名于佛罗伦萨共和国的统治者。在历史上还曾称为Palazzo del Popolo、Palazzo dei Priori和Palazzo Ducale。美第奇将公爵府迁往阿诺河对岸的碧提宫后，此处就称为“旧宫”。</dbpedia-owl:abstract>
    <dbpedia-owl:abstract xml:lang="es">El Palazzo Vecchio (traducido al español, Palacio Viejo) se encuentra en la Plaza de la Señoría, en Florencia, Italia. En su interior, el palacio acoge un museo en el que se exponen obras de Bronzino, Miguel Ángel y Giorgio Vasari, entre otros; y también las oficinas del Ayuntamiento de la ciudad (Comune di Firenze). Llamado en origen Palazzo dei Priori o Palagio Novo, se cambió el nombre por el de "Palacio de la Señoría", el organismo principal de la República florentina, en el siglo XV. Después se conoció como "Palacio Ducal", al establecer allí su residencia Cosme I de Médici en 1540. Después, en 1565, empezaría a llamarse Palazzo Vecchio al haberse mudado Cosme al Palacio Pitti. La primera construcción se atribuye a Arnolfo di Cambio, que la inició en 1299 incorporando la antigua torre de Foraboschi en la fachada. Tras la muerte de Arnolfo, en 1302, el palacio fue terminado por otros artistas, en 1314. La forma exterior del edificio es la de un paralelepípedo, y en la fachada principal se encuentra la Torre de Arnolfo, uno de los emblemas de la ciudad. En 1400 la torre y el jardín interior tuvieron que ser reconstruidos, ya que corrían peligro de derrumbarse. Entre sus estancias más importantes, sobresale el Salón de los Quinientos, cuya decoración mural se encomendó a Leonardo da Vinci y a Miguel Ángel. Lamentablemente, ninguna de ellas se terminó, y las paredes fueron cubiertas por otros frescos en la decoración posterior de Giorgio Vasari.</dbpedia-owl:abstract>
    <dbpedia-owl:abstract xml:lang="pl">Pałac Vecchio (wł. Palazzo Vecchio, dosł. Stary Pałac) znajduje się we Florencji, przy Piazza della Signoria.</dbpedia-owl:abstract>
    <dbpedia-owl:abstract xml:lang="pt">O Palazzo Vecchio (Palácio Velho) é um palácio de Florença, localizado na Praça da Senhoria (Piazza della Signoria) da capital toscana. Actualmente é a sede do município florentino e no seu interior acolhe um museu que expõe, entre outras, obras de Agnolo Bronzino, Michelangelo Buonarroti e Giorgio Vasari. Chamado inicialmente de Palazzo della Signoria (Palácio da Senhoria), nome do organismo principal da República Florentina, assumiu ao longo dos séculos nomes diversos: de Palazzo dei Priori (Palácio dos Priores) a Palazzo Ducale (Palácio Ducal), segundo os vários ordenamentos governamentais instaurados na cidade. O nome Vecchio é adoptado em 1565, quando a Corte do Grão-Duque Cosme I se transferiu para o "novo" Palazzo Pitti. O edifício foi gradualmente ampliado em direcção a este, vindo a ocupar uma extensão isolada e aumentando o inicial paralelipípedo do século XIII até este quadruplicar as suas dimensões, com uma planta que recorda um trapézio do qual a fachada é somente olado mais curto. Sobre a fachada principal rusticada encontra-se a Torre de Arnolfo (Torre di Arnolfo), um dos emblemas da cidade.</dbpedia-owl:abstract>
    <dbpedia-owl:abstract xml:lang="sv">Palazzo Vecchio (italienska "det gamla palatset") är en byggnad vid Piazza della Signoria i Florens och är Florens kommunhus. Dagens Palazzo Vecchio härstammar från 1200- till 1500-talet. Byggnaden hette ursprungligen Palazzo della Signoria efter det styrande rådet i Florens under medeltiden, som då benämndes Signoria cittadina. Palazzo Vecchio hyser omfattande samlingar av målningar och skulpturer. Framför Palazzo Vecchio står bland annat en kopia av David, en 5,17 m hög staty utförd av Michelangelo.</dbpedia-owl:abstract>
    <dbpedia-owl:wikiPageID rdf:datatype="http://www.w3.org/2001/XMLSchema#integer">1079708</dbpedia-owl:wikiPageID>
    <dbpedia-owl:wikiPageRevisionID rdf:datatype="http://www.w3.org/2001/XMLSchema#integer">540174082</dbpedia-owl:wikiPageRevisionID>
    <rdfs:label xml:lang="en">Palazzo Vecchio</rdfs:label>
    <rdfs:label xml:lang="de">Palazzo Vecchio</rdfs:label>
    <rdfs:label xml:lang="sv">Palazzo Vecchio</rdfs:label>
    <rdfs:label xml:lang="pt">Palazzo Vecchio</rdfs:label>
    <rdfs:label xml:lang="zh">旧宫</rdfs:label>
    <rdfs:label xml:lang="es">Palazzo Vecchio</rdfs:label>
    <rdfs:label xml:lang="nl">Palazzo Vecchio</rdfs:label>
    <rdfs:label xml:lang="pl">Pałac Vecchio</rdfs:label>
    <rdfs:label xml:lang="ru">Палаццо Веккьо</rdfs:label>
    <rdfs:label xml:lang="ja">ヴェッキオ宮殿</rdfs:label>
    <rdfs:label xml:lang="it">Palazzo Vecchio</rdfs:label>
    <rdfs:label xml:lang="fr">Palazzo Vecchio</rdfs:label>
    <foaf:depiction rdf:resource="http://upload.wikimedia.org/wikipedia/commons/d/dc/Firenze.PalVecchio05.JPG" />
    <rdfs:comment xml:lang="pt">O Palazzo Vecchio (Palácio Velho) é um palácio de Florença, localizado na Praça da Senhoria (Piazza della Signoria) da capital toscana. Actualmente é a sede do município florentino e no seu interior acolhe um museu que expõe, entre outras, obras de Agnolo Bronzino, Michelangelo Buonarroti e Giorgio Vasari.</rdfs:comment>
    <rdfs:comment xml:lang="en">The Palazzo Vecchio ("Old Palace") is the town hall of Florence, Italy. This massive, Romanesque, crenellated fortress-palace is among the most impressive town halls of Tuscany. Overlooking the Piazza della Signoria with its copy of Michelangelo&#39;s David statue as well the gallery of statues in the adjacent Loggia dei Lanzi, it is one of the most significant public places in Italy.</rdfs:comment>
    <rdfs:comment xml:lang="nl">| |- | |} Het Palazzo Vecchio was honderden jaren lang het belangrijkste gouvernementele gebouw van de stad Florence. Eerst als zetel van de Signoria, het republikeinse bestuur en later onder de Groothertogen van Toscane. Feitelijk was het overnemen en verbouwen van het Palazzo door Groothertog Cosimo I een van de belangrijkste mijlpalen in de geschiedenis van de stad.</rdfs:comment>
    <rdfs:comment xml:lang="ja">ヴェッキオ宮殿（ヴェッキオきゅうでん、伊: Palazzo Vecchio）は、イタリアのフィレンツェにある宮殿。シニョリーア広場に面している。 1299年から1314年にかけてアルノルフォ・ディ・カンビオによって建設され、初めは、フィレンツェ共和国の政庁舎として使われ、一時、メディチ家もピッティ宮殿へ移るまでここを住居としていた。1550年から1565年の間に、ジョルジョ・ヴァザーリによって部分的に改築された。現在でも、フィレンツェ市庁舎として使われている。内部は、「フランチェスコ1世の仕事部屋」「500人大広間」「レオ10世の間」「ゆりの間」などの部屋に分かれている。 2007年5月、イタリア文化庁は、レオナルド・ダ・ヴィンチの幻の壁画「アンギアーリの戦い」が500人大広間にあるヴァザーリの壁画の裏側に隠されていると発表した。</rdfs:comment>
    <rdfs:comment xml:lang="fr">Le Palazzo Vecchio est l&#39;hôtel de ville de Florence, chef-lieu de la Toscane en Italie. Ce palais-forteresse, en forme de parallélépipède situé sur la Piazza della Signoria, est un des plus beaux bâtiments de la ville. Il côtoie la Loggia dei Lanzi et les Offices. Son nom remonte au transfert des Médicis pour le nouveau Palais Pitti situé de l&#39;autre côté de l&#39;Arno, à partir de là, le palais sera qualifié de vecchio .</rdfs:comment>
    <rdfs:comment xml:lang="zh">领主广场 主要名胜 旧宫 五百人大厅 克莱孟七世大厅 弗朗切斯科一世房间 科西莫一世房间 埃利诺拉礼拜堂 男孩博物馆 雕塑 大卫像 科西莫一世骑马雕像 狮子 友第德与何乐弗尼 海神喷泉 佣兵凉廊 珀耳修斯和美杜莎的首级 强掳萨宾妇女 商人法庭 乌古其奥尼宫 忠利保险宫 导航 \ ↑ / ← o → / ↓ \ 访问 義大利主題 </center> 旧宫（Palazzo Vecchio）是意大利佛罗伦萨的市政厅。厚重的罗马式建筑，开垛口的堡垒，使其成为托斯卡纳最宏伟的市政厅。它俯瞰着领主广场，前面是米开朗琪罗大卫像的复制品，以及众多的雕塑杰作。此处也是意大利最重要的公共空间之一。 旧宫最初称为领主宫（Palazzo della Signoria），得名于佛罗伦萨共和国的统治者。在历史上还曾称为Palazzo del Popolo、Palazzo dei Priori和Palazzo Ducale。美第奇将公爵府迁往阿诺河对岸的碧提宫后，此处就称为“旧宫”。</rdfs:comment>
    <rdfs:comment xml:lang="de">Der Palazzo Vecchio stellt den Mittelpunkt der weltlichen Macht im Florenz des 14. Jahrhundert dar. Er hieß ursprünglich Palazzo della Signoria (die Signoria war die Regierung der Republik), bis die Verwaltung unter Herzog Cosimo I. aus dem Haus Medici in die Uffizien umzog.</rdfs:comment>
    <rdfs:comment xml:lang="es">El Palazzo Vecchio (traducido al español, Palacio Viejo) se encuentra en la Plaza de la Señoría, en Florencia, Italia. En su interior, el palacio acoge un museo en el que se exponen obras de Bronzino, Miguel Ángel y Giorgio Vasari, entre otros; y también las oficinas del Ayuntamiento de la ciudad (Comune di Firenze). Llamado en origen Palazzo dei Priori o Palagio Novo, se cambió el nombre por el de "Palacio de la Señoría", el organismo principal de la República florentina, en el siglo XV.</rdfs:comment>
    <rdfs:comment xml:lang="pl">Pałac Vecchio (wł. Palazzo Vecchio, dosł. Stary Pałac) znajduje się we Florencji, przy Piazza della Signoria.</rdfs:comment>
    <rdfs:comment xml:lang="ru">Палаццо Веккьо (итал.  Palazzo Vecchio, Старый дворец) — одно из наиболее известных строений Флоренции. Сейчас оно служит ратушей.</rdfs:comment>
    <rdfs:comment xml:lang="sv">Palazzo Vecchio (italienska "det gamla palatset") är en byggnad vid Piazza della Signoria i Florens och är Florens kommunhus. Dagens Palazzo Vecchio härstammar från 1200- till 1500-talet. Byggnaden hette ursprungligen Palazzo della Signoria efter det styrande rådet i Florens under medeltiden, som då benämndes Signoria cittadina. Palazzo Vecchio hyser omfattande samlingar av målningar och skulpturer.</rdfs:comment>
    <rdfs:comment xml:lang="it">Palazzo Vecchio si trova in piazza della Signoria a Firenze ed è la sede del comune della città. Rappresenta la migliore sintesi dell&#39;architettura civile trecentesca cittadina ed uno dei palazzi civici più conosciuti d&#39;Italia.</rdfs:comment>
    <dbpedia-owl:thumbnail rdf:resource="http://upload.wikimedia.org/wikipedia/commons/thumb/d/dc/Firenze.PalVecchio05.JPG/200px-Firenze.PalVecchio05.JPG" />
    <dbpedia-owl:wikiPageExternalLink rdf:resource="http://www.mega.it/eng/egui/monu/smodifi.htm" />
    <dbpedia-owl:wikiPageExternalLink rdf:resource="http://www.archeofirenze.unisi.it/scavi/palazzo_vecchio.html" />
    <dbpedia-owl:wikiPageExternalLink rdf:resource="http://www.palazzovecchio-familymuseum.it" />
    <dbpedia-owl:wikiPageExternalLink rdf:resource="http://www.florence-guide.it/en/images/virtual-tour/piazza-signoria" />
    <dbpedia-owl:wikiPageExternalLink rdf:resource="http://www.planetware.com/map/florence-palazzo-vecchio-map-i-pv_c.htm" />
    <dbpedia-owl:wikiPageExternalLink rdf:resource="http://www.compart-multimedia.com/virtuale/us/florence/palazzo_veccchio.htm" />
    <dbpedia-owl:wikiPageExternalLink rdf:resource="http://www.museicivicifiorentini.it/en/palazzovecchio/" />
    <dbpedia-owl:wikiPageExternalLink rdf:resource="http://maps.google.com/maps?q=florence,+italy&amp;ll=43.769436,11.256115&amp;spn=0.003297,0.010274&amp;t=h&amp;hl=en" />
    <dbpedia-owl:wikiPageExternalLink rdf:resource="http://www.museumsinflorence.com/musei/Palazzo_vecchio.html" />
    <geo:geometry rdf:datatype="http://www.openlinksw.com/schemas/virtrdf#Geometry">POINT(11.2562 43.7693)</geo:geometry>
    <foaf:isPrimaryTopicOf rdf:resource="http://en.wikipedia.org/wiki/Palazzo_Vecchio" />
    <geo:long rdf:datatype="http://www.w3.org/2001/XMLSchema#float">11.2562</geo:long>
    <geo:lat rdf:datatype="http://www.w3.org/2001/XMLSchema#float">43.7693</geo:lat>
    <ns8:wasDerivedFrom rdf:resource="http://en.wikipedia.org/wiki/Palazzo_Vecchio?oldid=540174082" />
    <grs:point xml:lang="en">43.769315 11.256174</grs:point>
    <dbpprop:hasPhotoCollection rdf:resource="http://wifo5-03.informatik.uni-mannheim.de/flickrwrappr/photos/Palazzo_Vecchio" />
  </rdf:Description>
  <rdf:Description rdf:about="http://dbpedia.org/resource/Crossing_of_the_Red_Sea_(Bronzino)">
    <dbpedia-owl:museum rdf:resource="http://dbpedia.org/resource/Palazzo_Vecchio" />
  </rdf:Description>
  <rdf:Description rdf:about="http://it.dbpedia.org/resource/Palazzo_Vecchio">
    <owl:sameAs rdf:resource="http://dbpedia.org/resource/Palazzo_Vecchio" />
  </rdf:Description>
  <rdf:Description rdf:about="http://pt.dbpedia.org/resource/Palazzo_Vecchio">
    <owl:sameAs rdf:resource="http://dbpedia.org/resource/Palazzo_Vecchio" />
  </rdf:Description>
  <rdf:Description rdf:about="http://ru.dbpedia.org/resource/Палаццо_Веккьо">
    <owl:sameAs rdf:resource="http://dbpedia.org/resource/Palazzo_Vecchio" />
  </rdf:Description>
  <rdf:Description rdf:about="http://dbpedia.org/resource/Judith_and_Holofernes_(Donatello)">
    <dbpedia-owl:museum rdf:resource="http://dbpedia.org/resource/Palazzo_Vecchio" />
    <dbpprop:museum rdf:resource="http://dbpedia.org/resource/Palazzo_Vecchio" />
  </rdf:Description>
  <rdf:Description rdf:about="http://dbpedia.org/resource/List_of_mayors_of_Florence">
    <dbpprop:residence rdf:resource="http://dbpedia.org/resource/Palazzo_Vecchio" />
  </rdf:Description>
  <rdf:Description rdf:about="http://en.wikipedia.org/wiki/Palazzo_Vecchio">
    <foaf:primaryTopic rdf:resource="http://dbpedia.org/resource/Palazzo_Vecchio" />
  </rdf:Description>
  <rdf:Description rdf:about="http://dbpedia.org/resource/Palazzo_Vecchio,_Florence">
    <dbpedia-owl:wikiPageRedirects rdf:resource="http://dbpedia.org/resource/Palazzo_Vecchio" />
  </rdf:Description>
  <rdf:Description rdf:about="http://nl.dbpedia.org/resource/Palazzo_Vecchio">
    <owl:sameAs rdf:resource="http://dbpedia.org/resource/Palazzo_Vecchio" />
  </rdf:Description>
  <rdf:Description rdf:about="http://eu.dbpedia.org/resource/Palazzo_Vecchio">
    <owl:sameAs rdf:resource="http://dbpedia.org/resource/Palazzo_Vecchio" />
  </rdf:Description>
  <rdf:Description rdf:about="http://wikidata.dbpedia.org/resource/Q271928">
    <owl:sameAs rdf:resource="http://dbpedia.org/resource/Palazzo_Vecchio" />
  </rdf:Description>
  <rdf:Description rdf:about="http://zh.dbpedia.org/resource/旧宫">
    <owl:sameAs rdf:resource="http://dbpedia.org/resource/Palazzo_Vecchio" />
  </rdf:Description>
  <rdf:Description rdf:about="http://ar.dbpedia.org/resource/قصر_فيكيو">
    <owl:sameAs rdf:resource="http://dbpedia.org/resource/Palazzo_Vecchio" />
  </rdf:Description>
  <rdf:Description rdf:about="http://bg.dbpedia.org/resource/Палацо_Векио">
    <owl:sameAs rdf:resource="http://dbpedia.org/resource/Palazzo_Vecchio" />
  </rdf:Description>
  <rdf:Description rdf:about="http://ca.dbpedia.org/resource/Palazzo_Vecchio">
    <owl:sameAs rdf:resource="http://dbpedia.org/resource/Palazzo_Vecchio" />
  </rdf:Description>
  <rdf:Description rdf:about="http://et.dbpedia.org/resource/Palazzo_Vecchio">
    <owl:sameAs rdf:resource="http://dbpedia.org/resource/Palazzo_Vecchio" />
  </rdf:Description>
  <rdf:Description rdf:about="http://fi.dbpedia.org/resource/Palazzo_Vecchio">
    <owl:sameAs rdf:resource="http://dbpedia.org/resource/Palazzo_Vecchio" />
  </rdf:Description>
  <rdf:Description rdf:about="http://he.dbpedia.org/resource/פאלאצו_וקיו">
    <owl:sameAs rdf:resource="http://dbpedia.org/resource/Palazzo_Vecchio" />
  </rdf:Description>
  <rdf:Description rdf:about="http://hr.dbpedia.org/resource/Palazzo_Vecchio">
    <owl:sameAs rdf:resource="http://dbpedia.org/resource/Palazzo_Vecchio" />
  </rdf:Description>
  <rdf:Description rdf:about="http://hu.dbpedia.org/resource/Palazzo_Vecchio">
    <owl:sameAs rdf:resource="http://dbpedia.org/resource/Palazzo_Vecchio" />
  </rdf:Description>
  <rdf:Description rdf:about="http://lt.dbpedia.org/resource/Vekjo_rūmai">
    <owl:sameAs rdf:resource="http://dbpedia.org/resource/Palazzo_Vecchio" />
  </rdf:Description>
  <rdf:Description rdf:about="http://no.dbpedia.org/resource/Palazzo_Vecchio">
    <owl:sameAs rdf:resource="http://dbpedia.org/resource/Palazzo_Vecchio" />
  </rdf:Description>
  <rdf:Description rdf:about="http://sh.dbpedia.org/resource/Palazzo_Vecchio">
    <owl:sameAs rdf:resource="http://dbpedia.org/resource/Palazzo_Vecchio" />
  </rdf:Description>
  <rdf:Description rdf:about="http://sk.dbpedia.org/resource/Palazzo_Vecchio">
    <owl:sameAs rdf:resource="http://dbpedia.org/resource/Palazzo_Vecchio" />
  </rdf:Description>
  <rdf:Description rdf:about="http://sr.dbpedia.org/resource/Палацо_Векио">
    <owl:sameAs rdf:resource="http://dbpedia.org/resource/Palazzo_Vecchio" />
  </rdf:Description>
  <rdf:Description rdf:about="http://sv.dbpedia.org/resource/Palazzo_Vecchio">
    <owl:sameAs rdf:resource="http://dbpedia.org/resource/Palazzo_Vecchio" />
  </rdf:Description>
  <rdf:Description rdf:about="http://tr.dbpedia.org/resource/Vecchio_Sarayı">
    <owl:sameAs rdf:resource="http://dbpedia.org/resource/Palazzo_Vecchio" />
  </rdf:Description>
  <rdf:Description rdf:about="http://uk.dbpedia.org/resource/Палаццо_Веккіо">
    <owl:sameAs rdf:resource="http://dbpedia.org/resource/Palazzo_Vecchio" />
  </rdf:Description>
</rdf:RDF>
