<?xml version="1.0" encoding="utf-8" ?>
<rdf:RDF
	xmlns:rdf="http://www.w3.org/1999/02/22-rdf-syntax-ns#"
	xmlns:rdfs="http://www.w3.org/2000/01/rdf-schema#"
	xmlns:owl="http://www.w3.org/2002/07/owl#"
	xmlns:dcterms="http://purl.org/dc/terms/"
	xmlns:ns4="http://dbpedia.org/ontology/Building/"
	xmlns:dbpedia-owl="http://dbpedia.org/ontology/"
	xmlns:foaf="http://xmlns.com/foaf/0.1/"
	xmlns:dbpprop="http://dbpedia.org/property/"
	xmlns:ns8="http://www.w3.org/ns/prov#" >
  <rdf:Description rdf:about="http://dbpedia.org/resource/Battle_of_the_Dunes_(1658)">
    <dbpprop:caption rdf:resource="http://dbpedia.org/resource/Palace_of_Versailles" />
  </rdf:Description>
  <rdf:Description rdf:about="http://dbpedia.org/resource/Jij%C3%A9">
    <dbpedia-owl:deathPlace rdf:resource="http://dbpedia.org/resource/Palace_of_Versailles" />
    <dbpprop:deathPlace rdf:resource="http://dbpedia.org/resource/Palace_of_Versailles" />
    <dbpprop:placeOfDeath rdf:resource="http://dbpedia.org/resource/Palace_of_Versailles" />
  </rdf:Description>
  <rdf:Description rdf:about="http://dbpedia.org/resource/Louis_Armand_II,_Prince_of_Conti">
    <dbpedia-owl:birthPlace rdf:resource="http://dbpedia.org/resource/Palace_of_Versailles" />
  </rdf:Description>
  <rdf:Description rdf:about="http://dbpedia.org/resource/Philip_V_of_Spain">
    <dbpedia-owl:birthPlace rdf:resource="http://dbpedia.org/resource/Palace_of_Versailles" />
    <dbpprop:birthPlace rdf:resource="http://dbpedia.org/resource/Palace_of_Versailles" />
    <dbpprop:placeOfBirth rdf:resource="http://dbpedia.org/resource/Palace_of_Versailles" />
  </rdf:Description>
  <rdf:Description rdf:about="http://dbpedia.org/resource/Princess_Henriette_of_France">
    <dbpedia-owl:birthPlace rdf:resource="http://dbpedia.org/resource/Palace_of_Versailles" />
    <dbpedia-owl:deathPlace rdf:resource="http://dbpedia.org/resource/Palace_of_Versailles" />
    <dbpprop:birthPlace rdf:resource="http://dbpedia.org/resource/Palace_of_Versailles" />
    <dbpprop:placeOfBirth rdf:resource="http://dbpedia.org/resource/Palace_of_Versailles" />
  </rdf:Description>
  <rdf:Description rdf:about="http://dbpedia.org/resource/Princess_Sophie_H%C3%A9l%C3%A8ne_B%C3%A9atrice_of_France">
    <dbpedia-owl:birthPlace rdf:resource="http://dbpedia.org/resource/Palace_of_Versailles" />
    <dbpedia-owl:deathPlace rdf:resource="http://dbpedia.org/resource/Palace_of_Versailles" />
    <dbpprop:birthPlace rdf:resource="http://dbpedia.org/resource/Palace_of_Versailles" />
    <dbpprop:placeOfBirth rdf:resource="http://dbpedia.org/resource/Palace_of_Versailles" />
  </rdf:Description>
  <rdf:Description rdf:about="http://dbpedia.org/resource/Andr%C3%A9_Le_N%C3%B4tre">
    <dbpprop:works rdf:resource="http://dbpedia.org/resource/Palace_of_Versailles" />
  </rdf:Description>
  <rdf:Description rdf:about="http://dbpedia.org/resource/Duchess_Maria_Anna_Victoria_of_Bavaria">
    <dbpedia-owl:deathPlace rdf:resource="http://dbpedia.org/resource/Palace_of_Versailles" />
  </rdf:Description>
  <rdf:Description rdf:about="http://dbpedia.org/resource/Maria_Theresa_of_Spain">
    <dbpedia-owl:deathPlace rdf:resource="http://dbpedia.org/resource/Palace_of_Versailles" />
    <dbpprop:deathPlace rdf:resource="http://dbpedia.org/resource/Palace_of_Versailles" />
    <dbpprop:placeOfDeath rdf:resource="http://dbpedia.org/resource/Palace_of_Versailles" />
  </rdf:Description>
  <rdf:Description rdf:about="http://dbpedia.org/resource/Marie_Leszczy%C5%84ska">
    <dbpedia-owl:deathPlace rdf:resource="http://dbpedia.org/resource/Palace_of_Versailles" />
  </rdf:Description>
  <rdf:Description rdf:about="http://dbpedia.org/resource/Princess_Maria_Josepha_of_Saxony_(1731%E2%80%931767)">
    <dbpedia-owl:deathPlace rdf:resource="http://dbpedia.org/resource/Palace_of_Versailles" />
  </rdf:Description>
  <rdf:Description rdf:about="http://dbpedia.org/resource/Charles_X_of_France">
    <dbpedia-owl:birthPlace rdf:resource="http://dbpedia.org/resource/Palace_of_Versailles" />
    <dbpprop:birthPlace rdf:resource="http://dbpedia.org/resource/Palace_of_Versailles" />
  </rdf:Description>
  <rdf:Description rdf:about="http://dbpedia.org/resource/Jean_Grosjean">
    <dbpedia-owl:deathPlace rdf:resource="http://dbpedia.org/resource/Palace_of_Versailles" />
  </rdf:Description>
  <rdf:Description rdf:about="http://dbpedia.org/resource/Louis_XVII_of_France">
    <dbpedia-owl:birthPlace rdf:resource="http://dbpedia.org/resource/Palace_of_Versailles" />
  </rdf:Description>
  <rdf:Description rdf:about="http://dbpedia.org/resource/Bust_of_Louis_XIV_(Bernini)">
    <dbpedia-owl:museum rdf:resource="http://dbpedia.org/resource/Palace_of_Versailles" />
    <dbpprop:museum rdf:resource="http://dbpedia.org/resource/Palace_of_Versailles" />
  </rdf:Description>
  <rdf:Description rdf:about="http://dbpedia.org/resource/Urbain_Gohier">
    <dbpedia-owl:birthPlace rdf:resource="http://dbpedia.org/resource/Palace_of_Versailles" />
    <dbpprop:placeOfBirth rdf:resource="http://dbpedia.org/resource/Palace_of_Versailles" />
  </rdf:Description>
  <rdf:Description rdf:about="http://dbpedia.org/resource/%C3%89tienne_Hastrel_de_Rivedoux">
    <dbpedia-owl:deathPlace rdf:resource="http://dbpedia.org/resource/Palace_of_Versailles" />
  </rdf:Description>
  <rdf:Description rdf:about="http://dbpedia.org/resource/Wilfried_Louisy-Daniel">
    <dbpedia-owl:birthPlace rdf:resource="http://dbpedia.org/resource/Palace_of_Versailles" />
    <dbpprop:birthPlace rdf:resource="http://dbpedia.org/resource/Palace_of_Versailles" />
    <dbpprop:placeOfBirth rdf:resource="http://dbpedia.org/resource/Palace_of_Versailles" />
  </rdf:Description>
  <rdf:Description rdf:about="http://pl.dbpedia.org/resource/Pałac_wersalski">
    <owl:sameAs rdf:resource="http://dbpedia.org/resource/Palace_of_Versailles" />
  </rdf:Description>
  <rdf:Description rdf:about="http://dbpedia.org/resource/Jean-Beno%C3%AEt_Dunckel">
    <dbpedia-owl:birthPlace rdf:resource="http://dbpedia.org/resource/Palace_of_Versailles" />
    <dbpprop:placeOfBirth rdf:resource="http://dbpedia.org/resource/Palace_of_Versailles" />
  </rdf:Description>
  <rdf:Description rdf:about="http://dbpedia.org/resource/J%C3%A9r%C3%A9my_Bigot">
    <dbpedia-owl:birthPlace rdf:resource="http://dbpedia.org/resource/Palace_of_Versailles" />
    <dbpprop:birthPlace rdf:resource="http://dbpedia.org/resource/Palace_of_Versailles" />
    <dbpprop:placeOfBirth rdf:resource="http://dbpedia.org/resource/Palace_of_Versailles" />
  </rdf:Description>
  <rdf:Description rdf:about="http://dbpedia.org/resource/Marcel_Godivier">
    <dbpedia-owl:birthPlace rdf:resource="http://dbpedia.org/resource/Palace_of_Versailles" />
    <dbpprop:birthPlace rdf:resource="http://dbpedia.org/resource/Palace_of_Versailles" />
  </rdf:Description>
  <rdf:Description rdf:about="http://dbpedia.org/resource/Rosi_Sexton">
    <dbpedia-owl:birthPlace rdf:resource="http://dbpedia.org/resource/Palace_of_Versailles" />
    <dbpprop:birthPlace rdf:resource="http://dbpedia.org/resource/Palace_of_Versailles" />
  </rdf:Description>
  <rdf:Description rdf:about="http://dbpedia.org/resource/Mus%C3%A9e_de_Versailles">
    <dbpedia-owl:wikiPageRedirects rdf:resource="http://dbpedia.org/resource/Palace_of_Versailles" />
  </rdf:Description>
  <rdf:Description rdf:about="http://dbpedia.org/resource/Mabrouk_El_Mechri">
    <dbpedia-owl:birthPlace rdf:resource="http://dbpedia.org/resource/Palace_of_Versailles" />
    <dbpprop:birthPlace rdf:resource="http://dbpedia.org/resource/Palace_of_Versailles" />
    <dbpprop:placeOfBirth rdf:resource="http://dbpedia.org/resource/Palace_of_Versailles" />
  </rdf:Description>
  <rdf:Description rdf:about="http://dbpedia.org/resource/Charles_Eugene,_Prince_of_Lambesc">
    <dbpedia-owl:birthPlace rdf:resource="http://dbpedia.org/resource/Palace_of_Versailles" />
    <dbpprop:birthPlace rdf:resource="http://dbpedia.org/resource/Palace_of_Versailles" />
    <dbpprop:placeOfBirth rdf:resource="http://dbpedia.org/resource/Palace_of_Versailles" />
  </rdf:Description>
  <rdf:Description rdf:about="http://dbpedia.org/resource/Louis_Marie,_Duke_of_Rambouillet">
    <dbpedia-owl:birthPlace rdf:resource="http://dbpedia.org/resource/Palace_of_Versailles" />
    <dbpedia-owl:deathPlace rdf:resource="http://dbpedia.org/resource/Palace_of_Versailles" />
    <dbpprop:birthPlace rdf:resource="http://dbpedia.org/resource/Palace_of_Versailles" />
  </rdf:Description>
  <rdf:Description rdf:about="http://dbpedia.org/resource/Vincent,_Count_of_Guingamp">
    <dbpedia-owl:deathPlace rdf:resource="http://dbpedia.org/resource/Palace_of_Versailles" />
  </rdf:Description>
  <rdf:Description rdf:about="http://dbpedia.org/resource/Xavier,_Duke_of_Aquitaine">
    <dbpedia-owl:birthPlace rdf:resource="http://dbpedia.org/resource/Palace_of_Versailles" />
    <dbpedia-owl:deathPlace rdf:resource="http://dbpedia.org/resource/Palace_of_Versailles" />
    <dbpprop:birthPlace rdf:resource="http://dbpedia.org/resource/Palace_of_Versailles" />
    <dbpprop:placeOfBirth rdf:resource="http://dbpedia.org/resource/Palace_of_Versailles" />
  </rdf:Description>
  <rdf:Description rdf:about="http://dbpedia.org/resource/Charles_Ferdinand,_Duke_of_Berry">
    <dbpedia-owl:birthPlace rdf:resource="http://dbpedia.org/resource/Palace_of_Versailles" />
    <dbpprop:birthPlace rdf:resource="http://dbpedia.org/resource/Palace_of_Versailles" />
  </rdf:Description>
  <rdf:Description rdf:about="http://dbpedia.org/resource/Louis,_Duke_of_Burgundy_(1751%E2%80%931761)">
    <dbpedia-owl:birthPlace rdf:resource="http://dbpedia.org/resource/Palace_of_Versailles" />
    <dbpedia-owl:deathPlace rdf:resource="http://dbpedia.org/resource/Palace_of_Versailles" />
    <dbpprop:birthPlace rdf:resource="http://dbpedia.org/resource/Palace_of_Versailles" />
  </rdf:Description>
  <rdf:Description rdf:about="http://dbpedia.org/resource/Louis,_Prince_of_Cond%C3%A9_(1668%E2%80%931710)">
    <dbpedia-owl:deathPlace rdf:resource="http://dbpedia.org/resource/Palace_of_Versailles" />
  </rdf:Description>
  <rdf:Description rdf:about="http://dbpedia.org/resource/Louis_Joseph,_Dauphin_of_France">
    <dbpedia-owl:birthPlace rdf:resource="http://dbpedia.org/resource/Palace_of_Versailles" />
  </rdf:Description>
  <rdf:Description rdf:about="http://dbpedia.org/resource/Louis_d&#39;Orl%C3%A9ans,_Duke_of_Orl%C3%A9ans">
    <dbpedia-owl:birthPlace rdf:resource="http://dbpedia.org/resource/Palace_of_Versailles" />
  </rdf:Description>
  <rdf:Description rdf:about="http://dbpedia.org/resource/Philippe,_Duke_of_Anjou">
    <dbpedia-owl:birthPlace rdf:resource="http://dbpedia.org/resource/Palace_of_Versailles" />
    <dbpedia-owl:deathPlace rdf:resource="http://dbpedia.org/resource/Palace_of_Versailles" />
    <dbpprop:birthPlace rdf:resource="http://dbpedia.org/resource/Palace_of_Versailles" />
    <dbpprop:placeOfBirth rdf:resource="http://dbpedia.org/resource/Palace_of_Versailles" />
  </rdf:Description>
  <rdf:Description rdf:about="http://dbpedia.org/resource/Philippe_II,_Duke_of_Orl%C3%A9ans">
    <dbpedia-owl:deathPlace rdf:resource="http://dbpedia.org/resource/Palace_of_Versailles" />
  </rdf:Description>
  <rdf:Description rdf:about="http://dbpedia.org/resource/Princess_Louise_of_France">
    <dbpedia-owl:birthPlace rdf:resource="http://dbpedia.org/resource/Palace_of_Versailles" />
    <dbpedia-owl:deathPlace rdf:resource="http://dbpedia.org/resource/Palace_of_Versailles" />
    <dbpprop:birthPlace rdf:resource="http://dbpedia.org/resource/Palace_of_Versailles" />
    <dbpprop:placeOfBirth rdf:resource="http://dbpedia.org/resource/Palace_of_Versailles" />
  </rdf:Description>
  <rdf:Description rdf:about="http://dbpedia.org/resource/Versailles">
    <dbpedia-owl:wikiPageRedirects rdf:resource="http://dbpedia.org/resource/Palace_of_Versailles" />
  </rdf:Description>
  <rdf:Description rdf:about="http://dbpedia.org/resource/Louise_Ad%C3%A9la%C3%AFde_d&#39;Orl%C3%A9ans">
    <dbpedia-owl:birthPlace rdf:resource="http://dbpedia.org/resource/Palace_of_Versailles" />
  </rdf:Description>
  <rdf:Description rdf:about="http://dbpedia.org/resource/Louise_Anne_de_Bourbon">
    <dbpedia-owl:birthPlace rdf:resource="http://dbpedia.org/resource/Palace_of_Versailles" />
  </rdf:Description>
  <rdf:Description rdf:about="http://dbpedia.org/resource/Lyc%C3%A9e_Hoche">
    <dbpedia-owl:city rdf:resource="http://dbpedia.org/resource/Palace_of_Versailles" />
    <dbpprop:city rdf:resource="http://dbpedia.org/resource/Palace_of_Versailles" />
  </rdf:Description>
  <rdf:Description rdf:about="http://dbpedia.org/resource/Marie_Anne_%C3%89l%C3%A9onore_de_Bourbon">
    <dbpedia-owl:birthPlace rdf:resource="http://dbpedia.org/resource/Palace_of_Versailles" />
  </rdf:Description>
  <rdf:Description rdf:about="http://dbpedia.org/resource/Marie_Isabelle_de_Rohan">
    <dbpedia-owl:deathPlace rdf:resource="http://dbpedia.org/resource/Palace_of_Versailles" />
  </rdf:Description>
  <rdf:Description rdf:about="http://dbpedia.org/resource/Marie_Louise_%C3%89lisabeth_d&#39;Orl%C3%A9ans">
    <dbpedia-owl:birthPlace rdf:resource="http://dbpedia.org/resource/Palace_of_Versailles" />
  </rdf:Description>
  <rdf:Description rdf:about="http://dbpedia.org/resource/Henry_Avray_Tipping">
    <dbpedia-owl:birthPlace rdf:resource="http://dbpedia.org/resource/Palace_of_Versailles" />
  </rdf:Description>
  <rdf:Description rdf:about="http://dbpedia.org/resource/Bonaparte_at_the_Pont_d&#39;Arcole">
    <dbpedia-owl:museum rdf:resource="http://dbpedia.org/resource/Palace_of_Versailles" />
    <dbpprop:museum rdf:resource="http://dbpedia.org/resource/Palace_of_Versailles" />
  </rdf:Description>
  <rdf:Description rdf:about="http://dbpedia.org/resource/Jacques_Louis,_Comte_de_Bournon">
    <dbpedia-owl:deathPlace rdf:resource="http://dbpedia.org/resource/Palace_of_Versailles" />
    <dbpprop:deathPlace rdf:resource="http://dbpedia.org/resource/Palace_of_Versailles" />
    <dbpprop:placeOfDeath rdf:resource="http://dbpedia.org/resource/Palace_of_Versailles" />
  </rdf:Description>
  <rdf:Description rdf:about="http://dbpedia.org/resource/Louis_XV_of_France">
    <dbpedia-owl:birthPlace rdf:resource="http://dbpedia.org/resource/Palace_of_Versailles" />
    <dbpedia-owl:deathPlace rdf:resource="http://dbpedia.org/resource/Palace_of_Versailles" />
  </rdf:Description>
  <rdf:Description rdf:about="http://dbpedia.org/resource/Henri_D%C3%A9sir%C3%A9_Landru">
    <dbpedia-owl:deathPlace rdf:resource="http://dbpedia.org/resource/Palace_of_Versailles" />
    <dbpprop:placeOfDeath rdf:resource="http://dbpedia.org/resource/Palace_of_Versailles" />
  </rdf:Description>
  <rdf:Description rdf:about="http://dbpedia.org/resource/Louis_XVI_of_France">
    <dbpedia-owl:birthPlace rdf:resource="http://dbpedia.org/resource/Palace_of_Versailles" />
    <dbpprop:birthPlace rdf:resource="http://dbpedia.org/resource/Palace_of_Versailles" />
    <dbpprop:placeOfBirth rdf:resource="http://dbpedia.org/resource/Palace_of_Versailles" />
  </rdf:Description>
  <rdf:Description rdf:about="http://dbpedia.org/resource/Louis_XVIII_of_France">
    <dbpedia-owl:birthPlace rdf:resource="http://dbpedia.org/resource/Palace_of_Versailles" />
  </rdf:Description>
  <rdf:Description rdf:about="http://dbpedia.org/resource/Palace_of_Versailles">
    <rdf:type rdf:resource="http://dbpedia.org/class/yago/Museum103800563" />
    <rdf:type rdf:resource="http://dbpedia.org/class/yago/Area108497294" />
    <rdf:type rdf:resource="http://dbpedia.org/class/yago/YagoPermanentlyLocatedEntity" />
    <rdf:type rdf:resource="http://dbpedia.org/class/yago/Garden103417345" />
    <rdf:type rdf:resource="http://www.w3.org/2002/07/owl#Thing" />
    <rdf:type rdf:resource="http://dbpedia.org/class/yago/Space108652970" />
    <rdf:type rdf:resource="http://dbpedia.org/class/yago/MuseumsInYvelines" />
    <rdf:type rdf:resource="http://dbpedia.org/class/yago/Object100002684" />
    <rdf:type rdf:resource="http://dbpedia.org/class/yago/GeographicalArea108574314" />
    <rdf:type rdf:resource="http://dbpedia.org/class/yago/Seat108647616" />
    <rdf:type rdf:resource="http://dbpedia.org/class/yago/YagoLegalActorGeo" />
    <rdf:type rdf:resource="http://dbpedia.org/class/yago/Location100027167" />
    <rdf:type rdf:resource="http://dbpedia.org/class/yago/RoyalResidencesInFrance" />
    <rdf:type rdf:resource="http://dbpedia.org/class/yago/ArtMuseumsAndGalleriesInFrance" />
    <rdf:type rdf:resource="http://dbpedia.org/class/yago/Artifact100021939" />
    <rdf:type rdf:resource="http://dbpedia.org/class/yago/FrenchFormalGardens" />
    <rdf:type rdf:resource="http://dbpedia.org/class/yago/YagoGeoEntity" />
    <rdf:type rdf:resource="http://dbpedia.org/class/yago/Whole100003553" />
    <rdf:type rdf:resource="http://dbpedia.org/class/yago/GeographicPoint108578706" />
    <rdf:type rdf:resource="http://dbpedia.org/class/yago/Site108651247" />
    <rdf:type rdf:resource="http://dbpedia.org/class/yago/Region108630985" />
    <rdf:type rdf:resource="http://umbel.org/umbel/rc/Place" />
    <rdf:type rdf:resource="http://dbpedia.org/class/yago/FormalGarden103384706" />
    <rdf:type rdf:resource="http://dbpedia.org/class/yago/SeatsOfNationalLegislatures" />
    <rdf:type rdf:resource="http://schema.org/Place" />
    <rdf:type rdf:resource="http://dbpedia.org/class/yago/WorldHeritageSitesInFrance" />
    <rdf:type rdf:resource="http://dbpedia.org/class/yago/Point108620061" />
    <rdf:type rdf:resource="http://dbpedia.org/class/yago/PhysicalEntity100001930" />
    <rdf:type rdf:resource="http://dbpedia.org/class/yago/Depository103177349" />
    <rdf:type rdf:resource="http://dbpedia.org/class/yago/Address108491027" />
    <rdf:type rdf:resource="http://umbel.org/umbel/rc/Location_Underspecified" />
    <rdf:type rdf:resource="http://dbpedia.org/class/yago/Plot108674739" />
    <rdf:type rdf:resource="http://dbpedia.org/class/yago/Facility103315023" />
    <rdf:type rdf:resource="http://dbpedia.org/class/yago/GardensInYvelines" />
    <rdf:type rdf:resource="http://dbpedia.org/class/yago/Residence108558963" />
    <rdf:type rdf:resource="http://dbpedia.org/ontology/Building" />
    <rdf:type rdf:resource="http://dbpedia.org/class/yago/Tract108673395" />
    <rdf:type rdf:resource="http://dbpedia.org/ontology/ArchitecturalStructure" />
    <rdf:type rdf:resource="http://dbpedia.org/ontology/Place" />
    <owl:sameAs rdf:resource="http://sws.geonames.org/6284980/" />
    <owl:sameAs rdf:resource="http://ms.dbpedia.org/resource/Istana_Versailles" />
    <owl:sameAs rdf:resource="http://yago-knowledge.org/resource/Palace_of_Versailles" />
    <owl:sameAs rdf:resource="http://sw.cyc.com/concept/Mx4rv4DZo5wpEbGdrcN5Y29ycA" />
    <owl:sameAs rdf:resource="http://bg.dbpedia.org/resource/Версайски_дворец" />
    <owl:sameAs rdf:resource="http://de.dbpedia.org/resource/Schloss_Versailles" />
    <owl:sameAs rdf:resource="http://la.dbpedia.org/resource/Castellum_Versaliense" />
    <owl:sameAs rdf:resource="http://lb.dbpedia.org/resource/Schlass_vu_Versailles" />
    <owl:sameAs rdf:resource="http://fa.dbpedia.org/resource/کاخ_ورسای" />
    <owl:sameAs rdf:resource="http://id.dbpedia.org/resource/Istana_Versailles" />
    <owl:sameAs rdf:resource="http://sh.dbpedia.org/resource/Versajski_dvorac" />
    <owl:sameAs rdf:resource="http://gl.dbpedia.org/resource/Palacio_de_Versalles" />
    <owl:sameAs rdf:resource="http://eu.dbpedia.org/resource/Versaillesko_jauregia" />
    <owl:sameAs rdf:resource="http://sk.dbpedia.org/resource/Zámok_Versailles" />
    <owl:sameAs rdf:resource="http://sr.dbpedia.org/resource/Версајски_дворац" />
    <owl:sameAs rdf:resource="http://pl.dbpedia.org/resource/Pałac_wersalski" />
    <owl:sameAs rdf:resource="http://ta.dbpedia.org/resource/வெர்சாய்_அரண்மனை" />
    <owl:sameAs rdf:resource="http://pnb.dbpedia.org/resource/ورسائی" />
    <owl:sameAs rdf:resource="http://be_x_old.dbpedia.org/resource/Вэрсальскі_палац" />
    <owl:sameAs rdf:resource="http://lt.dbpedia.org/resource/Versalio_rūmai" />
    <owl:sameAs rdf:resource="http://ia.dbpedia.org/resource/Palatio_de_Versailles" />
    <owl:sameAs rdf:resource="http://fr.dbpedia.org/resource/Château_de_Versailles" />
    <owl:sameAs rdf:resource="http://rdf.freebase.com/ns/m.0d_61" />
    <owl:sameAs rdf:resource="http://ro.dbpedia.org/resource/Palatul_Versailles" />
    <owl:sameAs rdf:resource="http://xmf.dbpedia.org/resource/ვერსალიშ_დოხორე" />
    <owl:sameAs rdf:resource="http://arz.dbpedia.org/resource/قصر_فرساى" />
    <owl:sameAs rdf:resource="http://bo.dbpedia.org/resource/ཝེ་ཧི་ས་ཡེ་ཕོ་བྲང་།" />
    <owl:sameAs rdf:resource="http://lv.dbpedia.org/resource/Versaļas_pils" />
    <owl:sameAs rdf:resource="http://war.dbpedia.org/resource/Palasyo_han_Versailles" />
    <owl:sameAs rdf:resource="http://fi.dbpedia.org/resource/Versailles’n_palatsi" />
    <owl:sameAs rdf:resource="http://hr.dbpedia.org/resource/Dvorac_Versailles" />
    <owl:sameAs rdf:resource="http://ka.dbpedia.org/resource/ვერსალის_სასახლე" />
    <owl:sameAs rdf:resource="http://tl.dbpedia.org/resource/Palasyo_ng_Versailles" />
    <owl:sameAs rdf:resource="http://da.dbpedia.org/resource/Château_de_Versailles" />
    <owl:sameAs rdf:resource="http://uk.dbpedia.org/resource/Версальський_палац" />
    <owl:sameAs rdf:resource="http://mk.dbpedia.org/resource/Версај_(дворец)" />
    <owl:sameAs rdf:resource="http://bug.dbpedia.org/resource/Versailles" />
    <owl:sameAs rdf:resource="http://eo.dbpedia.org/resource/Kastelo_de_Versailles" />
    <owl:sameAs rdf:resource="http://jv.dbpedia.org/resource/Istana_Versailles" />
    <owl:sameAs rdf:resource="http://et.dbpedia.org/resource/Versailles&#39;_loss" />
    <owl:sameAs rdf:resource="http://sv.dbpedia.org/resource/Slottet_i_Versailles" />
    <owl:sameAs rdf:resource="http://th.dbpedia.org/resource/พระราชวังแวร์ซาย" />
    <owl:sameAs rdf:resource="http://el.dbpedia.org/resource/Παλάτι_των_Βερσαλλιών" />
    <owl:sameAs rdf:resource="http://tr.dbpedia.org/resource/Versay_Sarayı" />
    <owl:sameAs rdf:resource="http://ru.dbpedia.org/resource/Версаль" />
    <owl:sameAs rdf:resource="http://vi.dbpedia.org/resource/Lâu_đài_Versailles" />
    <owl:sameAs rdf:resource="http://www.wikidata.org/entity/Q2946" />
    <owl:sameAs rdf:resource="http://nn.dbpedia.org/resource/Slottet_i_Versailles" />
    <owl:sameAs rdf:resource="http://ca.dbpedia.org/resource/Palau_de_Versalles" />
    <owl:sameAs rdf:resource="http://io.dbpedia.org/resource/Versailles-palaco" />
    <owl:sameAs rdf:resource="http://it.dbpedia.org/resource/Reggia_di_Versailles" />
    <owl:sameAs rdf:resource="http://ja.dbpedia.org/resource/ヴェルサイユ宮殿" />
    <owl:sameAs rdf:resource="http://bs.dbpedia.org/resource/Dvorac_Versailles" />
    <owl:sameAs rdf:resource="http://no.dbpedia.org/resource/Slottet_i_Versailles" />
    <owl:sameAs rdf:resource="http://zh.dbpedia.org/resource/凡尔赛宫" />
    <owl:sameAs rdf:resource="http://ga.dbpedia.org/resource/Pálás_Versailles" />
    <owl:sameAs rdf:resource="http://ar.dbpedia.org/resource/قصر_فيرساي" />
    <owl:sameAs rdf:resource="http://ko.dbpedia.org/resource/베르사유_궁전" />
    <owl:sameAs rdf:resource="http://dbpedia.org/resource/Palace_of_Versailles" />
    <owl:sameAs rdf:resource="http://oc.dbpedia.org/resource/Castèth_de_Versalhas" />
    <owl:sameAs rdf:resource="http://is.dbpedia.org/resource/Versalahöll" />
    <owl:sameAs rdf:resource="http://ckb.dbpedia.org/resource/کۆشکی_ڤێرسای" />
    <owl:sameAs rdf:resource="http://nl.dbpedia.org/resource/Kasteel_van_Versailles" />
    <owl:sameAs rdf:resource="http://hu.dbpedia.org/resource/Versailles-i_kastély" />
    <owl:sameAs rdf:resource="http://br.dbpedia.org/resource/Kastell_Versailhez" />
    <owl:sameAs rdf:resource="http://el.dbpedia.org/resource/Ανάκτορο_των_Βερσαλλιών" />
    <owl:sameAs rdf:resource="http://sl.dbpedia.org/resource/Versajska_palača" />
    <owl:sameAs rdf:resource="http://es.dbpedia.org/resource/Palacio_de_Versalles" />
    <owl:sameAs rdf:resource="http://simple.dbpedia.org/resource/Palace_of_Versailles" />
    <owl:sameAs rdf:resource="http://be.dbpedia.org/resource/Версаль" />
    <owl:sameAs rdf:resource="http://cs.dbpedia.org/resource/Versailles" />
    <owl:sameAs rdf:resource="http://he.dbpedia.org/resource/ארמון_ורסאי" />
    <owl:sameAs rdf:resource="http://pt.dbpedia.org/resource/Palácio_de_Versalhes" />
    <dcterms:subject rdf:resource="http://dbpedia.org/resource/Category:Art_museums_and_galleries_in_France" />
    <dcterms:subject rdf:resource="http://dbpedia.org/resource/Category:Seats_of_national_legislatures" />
    <dcterms:subject rdf:resource="http://dbpedia.org/resource/Category:Palace_of_Versailles" />
    <dcterms:subject rdf:resource="http://dbpedia.org/resource/Category:Visitor_attractions_in_Yvelines" />
    <dcterms:subject rdf:resource="http://dbpedia.org/resource/Category:Parliament_of_France" />
    <dcterms:subject rdf:resource="http://dbpedia.org/resource/Category:Baroque_architecture_at_Versailles" />
    <dcterms:subject rdf:resource="http://dbpedia.org/resource/Category:Museums_in_Yvelines" />
    <dcterms:subject rdf:resource="http://dbpedia.org/resource/Category:Buildings_and_structures_completed_in_1684" />
    <dcterms:subject rdf:resource="http://dbpedia.org/resource/Category:Buildings_and_structures_completed_in_1672" />
    <dcterms:subject rdf:resource="http://dbpedia.org/resource/Category:Landscape_design_history_of_France" />
    <dcterms:subject rdf:resource="http://dbpedia.org/resource/Category:Palaces_in_France" />
    <dcterms:subject rdf:resource="http://dbpedia.org/resource/Category:French_formal_gardens" />
    <dcterms:subject rdf:resource="http://dbpedia.org/resource/Category:Royal_residences_in_France" />
    <dcterms:subject rdf:resource="http://dbpedia.org/resource/Category:Gardens_in_Yvelines" />
    <dcterms:subject rdf:resource="http://dbpedia.org/resource/Category:Ch%C3%A2teaux_in_Yvelines" />
    <dcterms:subject rdf:resource="http://dbpedia.org/resource/Category:Ch%C3%A2teaux_in_France" />
    <dcterms:subject rdf:resource="http://dbpedia.org/resource/Category:World_Heritage_Sites_in_France" />
    <ns4:floorArea rdf:datatype="http://dbpedia.org/datatype/squareMetre">67000.0</ns4:floorArea>
    <dbpedia-owl:abstract xml:lang="nl">Het Kasteel van Versailles is een kasteel en sinds 1792 een nationaal museum, het Musée des châteaux de Versailles et de Trianon in het Franse departement Yvelines. Het museum maakt deel uit van de Réunion des musées nationaux et du Grand Palais des Champs-Élysées. In Vlaanderen en Nederland wordt het gebouw vrijwel uitsluitend "Paleis van Versailles" genoemd.</dbpedia-owl:abstract>
    <dbpedia-owl:abstract xml:lang="pl">Pałac wersalski (fr. château de Versailles) – pałac królewski w Wersalu, na przedmieściach Paryża, symbol francuskiej monarchii absolutnej tzw. ancien régime. Pałac projektowali architekci królewscy Louis Le Vau i Jules Hardouin-Mansart. Wnętrza projektował Charles Le Brun, a André Le Nôtre zaprojektował ogrody. W 1682 pałac w Wersalu stał się oficjalną rezydencją króla Francji i Wersal przejął rolę faktycznej stolicy kraju. W XVIII w. w parku wersalskim wzniesiono dwa mniejsze pałace Grand Trianon, Petit Trianon. Obecnie pałac jest odwiedzany przez około 10 milionów zwiedzających rocznie i stanowi jedną z największych atrakcji turystycznych Francji. Znajduje się w nim 700 pomieszczeń, z których 120 udostępnia się publiczności.</dbpedia-owl:abstract>
    <dbpedia-owl:abstract xml:lang="en">The Palace of Versailles, or simply Versailles, is a royal château in Versailles in the Île-de-France region of France. In French it is the Château de Versailles. When the château was built, Versailles was a country village; today, however, it is a wealthy suburb of Paris, some 20 kilometres southwest of the French capital. The court of Versailles was the centre of political power in France from 1682, when Louis XIV moved from Paris, until the royal family was forced to return to the capital in October 1789 after the beginning of the French Revolution. Versailles is therefore famous not only as a building, but as a symbol of the system of absolute monarchy of the Ancien Régime.</dbpedia-owl:abstract>
    <dbpedia-owl:abstract xml:lang="it">25px Bene protetto dall&#39;UNESCO 25px 20px Patrimonio dell&#39;umanità Palazzo e Parco di Versailles(EN) Palace and Park of Versailles 260x260px Tipo Culturali Criterio (i) (ii) (vi) Pericolo Non in pericolo Riconosciuto dal 1979 Scheda UNESCO (EN) Scheda(FR) Scheda La reggia di Versailles (in francese château de Versailles) è un&#39;antica residenza reale dei Borbone di Francia. La città di Versailles, nata dalla scelta di questo luogo da parte del giovane Luigi XIV per allontanarsi dalla capitale e dai suoi cittadini, temuti e considerati difficili da tenere sotto controllo, dopo l&#39;episodio della Fronda, costituisce oggi un comune autonomo situato nell&#39;attuale dipartimento delle Yvelines, in Francia.</dbpedia-owl:abstract>
    <dbpedia-owl:abstract xml:lang="pt">O Palácio de Versalhes é um castelo real localizado na cidade de Versalhes, uma aldeia rural à época de sua construção, mas actualmente um subúrbio de Paris. Desde 1682, quando Luís XIV se mudou de Paris, até a família Real ser forçada a voltar à capital em 1789, a Corte de Versalhes foi o centro do poder do Antigo Regime na França. Em 1660, de acordo com os poderes reais dos conselheiros que governaram a França durante a menoridade de Luís XIV, foi procurado um local próximo de Paris mas suficientemente afastado dos tumultos e doenças da cidade apinhada. Paris crescera nas desordens da guerra civil entre as facções rivais de aristocratas, chamada de Fronde. O queria um local onde pudesse organizar e controlar completamente um Governo da França por um governante absoluto. Resolveu assentar no pavilhão de caça de Versalhes, e ao longo das décadas seguintes expandiu-o até torná-lo no maior palácio do mundo. Versalhes é famoso não só pelo edifício, mas como símbolo da Monarquia absoluta, a qual Luís XIV sustentou. Considerado um dos maiores do mundo, o Palácio de Versalhes possui 2.153 janelas, 67 escadas, 352 chaminés, 700 quartos, 1.250 lareiras e 700 hectares de parque. É um dos pontos turísticos mais visitados de França, recebe em média oito milhões de turistas por ano e fica a três quarteirões da estação ferroviária. Construído pelo rei Luís XIV, o "Rei Sol", a partir de 1664, foi por mais de um século modelo de residência real na Europa, e por muitas vezes foi copiado. Incumbido da tarefa de transformar o que era o pavilhão de caça de Luís XIII, no mais opulento palácio da Europa, o arquiteto Louis Le Vau reuniu centenas de trabalhadores e começou a construir um novo edifício ao lado do já existente. Foram assim realizadas sucessivas ampliações - apartamentos reais, cozinhas e estábulos - que formaram o Pátio Real. Le Vau, não conclui as obras. Após sua morte Jules Hardouin-Mansart tornou-se, em 1678, o arquiteto responsável por dar continuidade ao projeto de expansão do palácio. Foi quem construiu o Laranjal, o Grande Trianon, as alas Norte e Sul do Palácio, a Capela e a Galeria de Espelhos. A última, trata-se de uma sala com 73m de comprimento, 12,30m de altura e iluminada por dezessete janelas que têm a sua frente, espelhos que refletem a vista dos jardins. Em 1837 o castelo foi transformado em museu de história. O palácio está cercado por uma grande área de jardins, uma série de plataformas simétricas com canteiros, estátuas, vasos e fontes trabalhados, projetados por André Le Nôtre. Como o parque é grande, um trem envidraçado faz um passeio entre os monumentos.</dbpedia-owl:abstract>
    <dbpedia-owl:abstract xml:lang="es">El Palacio de Versalles es un edificio que desempeñó las funciones de una residencia real en siglos pasados. El palacio está ubicado en el municipio de Versalles, en Île-de-France. Su construcción fue ordenada por Luis XIV, y constituye uno de los complejos arquitectónicos monárquicos más importantes de Europa. Con sus tres palacios, sus jardines y su parque, Versalles es un dominio inmenso. Si bien Luis XIII hizo edificar allí un pabellón de caza con un jardín, Luis XIV es su verdadero creador, ya que le dio su amplitud y determinó su destino. Luis XIV dejó París y decidió construir Versalles como una pequeña ciudad alejada de los problemas. Tendría varias etapas constructivas, marcadas por las amantes de Luis XIV. Primera etapa (1661-1668): Sería un palacete de caza al que se añadieron dos alas laterales que, al cerrarse, conformaron la plaza de armas. Son fachadas de ladrillo y unifica la cubierta usando también la pizarra y las mansardas. Segunda etapa (1668-1678): Luis XIV pretende trasladar definitivamente la corte a Versalles. Añaden las dos alas laterales para dar prioridad visual al jardín, realizado por André Le Nôtre. La fachada que da al jardín está construida siguiendo el modelo italiano. Un primer piso de sillares almohadillados. Un piso noble de doble altura con crujías retranqueadas, jugando con entrantes y salientes y alternando columnas y pilastras. Por último, un tercer piso que sería el ático, rematado por una serie de figuras escultóricas (trofeos y jarrones) que casi no dejan ver la caída de la cubierta, la cual no es muy inclinada. Llegaron a vivir en él hasta 20.000 personas. Tercera y última etapa (1678-1692): En esta ampliación, realizada por Mansart, se construyó la capilla real. Dicha capilla, sería posteriormente copiada en el Palacio Real de Madrid, España. Situada en el Ala Norte del Palacio, fue construida en dos alturas, estando situada en la altura superior la Tribuna Real, desde donde el Rey y su familia atendían a la Misa. El jardín de Versalles es clasicista, ordenado, racionalizado. Con el paisajismo se obliga a la circulación. Crea una organización que relaciona todas las esculturas y fuentes y ensalza la monarquía. Las esculturas se señalan unas a otras. Progresiva civilización del jardín: muy ordenado, podado y cuidado en la zona próxima al palacio, y después se va asilvestrando, es decir que se hace más silvestre a medida que nos alejamos del palacio. Tres siglos después de su creación, el dominio sigue siendo considerable pues cuenta con 800 hectáreas, 20 km de caminos, 200 000 árboles, 35 km de canalizaciones, 11 hectáreas de techumbre, 2 153 ventanas y 67 escaleras. El conjunto del palacio y parque de Versalles, incluyendo el Gran Trianón y el Pequeño Trianón, fue declarado Patrimonio de la Humanidad por la Unesco en 1979.</dbpedia-owl:abstract>
    <dbpedia-owl:abstract xml:lang="de">Das französische Schloss Versailles liegt in Versailles, einem Vorort von Paris. Gebaut als Jagdschloss für König Ludwig XIII. durch Philibert Le Roy wurde es ab 1661 unter Ludwig XIV. durch Louis Le Vau, François d’Orbay, Jules Hardouin-Mansart und Robert de Cotte in mehreren Abschnitten während der Friedenszeiten zwischen den Reunionskriegen um- und ausgebaut. Die Innenausstattung schuf Charles Lebrun, die berühmten Gartenanlagen stammen von André Le Nôtre. Der barocke Palast war von der Mitte des 17. Jahrhunderts bis zum Ausbruch der Französischen Revolution die Residenz des französischen Königshauses. Das Schloss war in dieser Zeit fast durchgehend von einem mehrere tausend Personen umfassenden Hofstaat bewohnt und wurde zum kulturellen und politischen Mittelpunkt Frankreichs. Versailles ist einer der größten Paläste Europas und gilt als einer der Höhepunkte europäischer Schlossbaukunst. Der Palast, dessen größte Ausdehnung mehr als einen halben Kilometer beträgt, war im 17. und 18. Jahrhundert das Vorbild zahlreicher weiterer Schlösser. Seit 1979 ist das Schloss Teil des UNESCO-Weltkulturerbes, es steht zusammen mit den umfangreichen Gartenanlagen und den Parkschlössern für Besucher offen. Während der Mittelbau mit den Staatssälen des 17. und 18. Jahrhunderts das ursprüngliche Schloss repräsentiert, beherbergen die großen Seitenflügel das im 19. Jahrhundert eingerichtete Museum der Geschichte Frankreichs.</dbpedia-owl:abstract>
    <dbpedia-owl:abstract xml:lang="fr">Le château de Versailles est un château et un monument historique français qui se situe à Versailles dans les Yvelines en France. Il fut la résidence des rois de France Louis XIV, Louis XV et Louis XVI. Le roi et la cour y résidèrent de façon permanente du 6 mai 1682 au 6 octobre 1789, à l&#39;exception des années de la Régence de 1715 à 1723. Situés au sud-ouest de Paris, ce château et son domaine visaient à glorifier la monarchie française. Le château est constitué d&#39;une succession d&#39;éléments ayant une harmonie architecturale. Il s&#39;étale sur 6,32 ha répartis en pièces dont, actuellement, pièces de musée. Le parc du château de Versailles s&#39;étend sur 815 ha contre environ 8 000 ha avant la Révolution française, dont 93 ha de jardins. Il comprend de nombreux éléments, dont le Petit et le Grand Trianon, le hameau de la Reine, le Grand et le Petit Canal, une ménagerie, une orangerie et la pièce d&#39;eau des Suisses.</dbpedia-owl:abstract>
    <dbpedia-owl:abstract xml:lang="ja">ヴェルサイユ宮殿（ヴェルサイユきゅうでん、フランス語：Château de Versailles）は、1682年にフランス王ルイ14世（1638年 - 1715年、在位1643年 - 1715年）が建てたフランスの宮殿（建設当初は離宮）である。ベルサイユ宮殿とも表記される。 パリの南西22キロに位置する、イヴリーヌ県ヴェルサイユにある。主な部分の設計はマンサールとル・ブランによっておこなわれ、庭園はアンドレ・ル・ノートルによって造営された。バロック建築の代表作で、豪華な建物と広大な美しい庭園で有名である。</dbpedia-owl:abstract>
    <dbpedia-owl:abstract xml:lang="ru">Верса́ль — дворцово-парковый ансамбль во Франции (фр.  Parc et château de Versailles), бывшая резиденция французских королей в городе Версаль, ныне являющимся пригородом Парижа; центр туризма мирового значения. Версаль сооружался под руководством Людовика XIV с 1661 года, и стал своеобразным памятником эпохи «короля-солнца», художественно-архитектурным выражением идеи абсолютизма. Ведущие архитекторы — Луи Лево и Жюль Ардуэн-Мансар, создатель парка — Андре Ленотр. Ансамбль Версаля, крупнейший в Европе, отличается уникальной целостностью замысла и гармонией архитектурных форм и преобразованного ландшафта. С конца XVII века Версаль служил образцом для парадных загородных резиденций европейских монархов и аристократии, однако прямых подражаний ему не имеется. С 1666 по 1789 годы, до Великой французской революции, Версаль являлся официальной королевской резиденцией. В 1801 году получил статус музея и открыт для публики; с 1830 года музеем стал весь архитектурный комплекс Версаля; в 1837 году в королевском дворце открылся Музей истории Франции. В 1979 году Версальский дворец и парк включены в список всемирного культурного наследия ЮНЕСКО. С Версалем связано множество значимых событий французской и мировой истории. Так, в XVIII веке королевская резиденция стала местом подписания многих международных договоров, в том числе договора, завершившего Войну за независимость США. В 1789 году работавшее в Версале Учредительное собрание приняло Декларацию прав человека и гражданина. В 1871 году, после поражения Франции во Франко-прусской войне, в Версале, оккупированном германскими войсками, было провозглашено создание Германской империи. Здесь же в 1919 году был подписан мирный договор, завершивший Первую мировую войну и положивший начало так называемой Версальской системе — политической системе послевоенных международных отношений.</dbpedia-owl:abstract>
    <dbpedia-owl:abstract xml:lang="sv">Slottet i Versailles (franska Château de Versailles) är ett kungligt slott i utkanten av Parisförorten Versailles i Frankrike. Från 1682 när kung Ludvig XIV flyttade från Paris till att kungafamiljen tvingades att återvända till huvudstaden 1789 var hovet i Versailles maktens centrum under l&#39;ancien régime. Versailles hade en stor påverkan inte bara på fransk arkitektur och konst utan även europeisk. Ända från början var Versailles lika mycket en kunglig bostad som ett galleri för fransk konst och hantverk som organiserades i kungliga sammankomster av Gobelinfamiljen.</dbpedia-owl:abstract>
    <dbpedia-owl:abstract xml:lang="zh">凡尔赛宫（法语：Château de Versailles）位于法国巴黎西南郊外伊夫林省省会凡尔赛镇。1682年至1789年是法国的王宫。1979年被列入《世界文化遗产名录》。</dbpedia-owl:abstract>
    <dbpedia-owl:floorArea rdf:datatype="http://www.w3.org/2001/XMLSchema#double">67000.0</dbpedia-owl:floorArea>
    <dbpedia-owl:location rdf:resource="http://dbpedia.org/resource/Versailles_(city)" />
    <dbpedia-owl:location rdf:resource="http://dbpedia.org/resource/France" />
    <dbpedia-owl:wikiPageID rdf:datatype="http://www.w3.org/2001/XMLSchema#integer">53316</dbpedia-owl:wikiPageID>
    <dbpedia-owl:wikiPageRevisionID rdf:datatype="http://www.w3.org/2001/XMLSchema#integer">547279033</dbpedia-owl:wikiPageRevisionID>
    <rdfs:label xml:lang="ru">Версаль</rdfs:label>
    <rdfs:label xml:lang="nl">Kasteel van Versailles</rdfs:label>
    <rdfs:label xml:lang="de">Schloss Versailles</rdfs:label>
    <rdfs:label xml:lang="ja">ヴェルサイユ宮殿</rdfs:label>
    <rdfs:label xml:lang="pl">Pałac wersalski</rdfs:label>
    <rdfs:label xml:lang="fr">Château de Versailles</rdfs:label>
    <rdfs:label xml:lang="it">Reggia di Versailles</rdfs:label>
    <rdfs:label xml:lang="sv">Slottet i Versailles</rdfs:label>
    <rdfs:label xml:lang="zh">凡尔赛宫</rdfs:label>
    <rdfs:label xml:lang="pt">Palácio de Versalhes</rdfs:label>
    <rdfs:label xml:lang="es">Palacio de Versalles</rdfs:label>
    <rdfs:label xml:lang="en">Palace of Versailles</rdfs:label>
    <foaf:depiction rdf:resource="http://upload.wikimedia.org/wikipedia/commons/a/a7/Versailles_Palace.jpg" />
    <rdfs:comment xml:lang="ru">Верса́ль — дворцово-парковый ансамбль во Франции (фр.  Parc et château de Versailles), бывшая резиденция французских королей в городе Версаль, ныне являющимся пригородом Парижа; центр туризма мирового значения. Версаль сооружался под руководством Людовика XIV с 1661 года, и стал своеобразным памятником эпохи «короля-солнца», художественно-архитектурным выражением идеи абсолютизма. Ведущие архитекторы — Луи Лево и Жюль Ардуэн-Мансар, создатель парка — Андре Ленотр.</rdfs:comment>
    <rdfs:comment xml:lang="nl">Het Kasteel van Versailles is een kasteel en sinds 1792 een nationaal museum, het Musée des châteaux de Versailles et de Trianon in het Franse departement Yvelines. Het museum maakt deel uit van de Réunion des musées nationaux et du Grand Palais des Champs-Élysées. In Vlaanderen en Nederland wordt het gebouw vrijwel uitsluitend "Paleis van Versailles" genoemd.</rdfs:comment>
    <rdfs:comment xml:lang="en">The Palace of Versailles, or simply Versailles, is a royal château in Versailles in the Île-de-France region of France. In French it is the Château de Versailles. When the château was built, Versailles was a country village; today, however, it is a wealthy suburb of Paris, some 20 kilometres southwest of the French capital.</rdfs:comment>
    <rdfs:comment xml:lang="pl">Pałac wersalski (fr. château de Versailles) – pałac królewski w Wersalu, na przedmieściach Paryża, symbol francuskiej monarchii absolutnej tzw. ancien régime. Pałac projektowali architekci królewscy Louis Le Vau i Jules Hardouin-Mansart. Wnętrza projektował Charles Le Brun, a André Le Nôtre zaprojektował ogrody. W 1682 pałac w Wersalu stał się oficjalną rezydencją króla Francji i Wersal przejął rolę faktycznej stolicy kraju. W XVIII w.</rdfs:comment>
    <rdfs:comment xml:lang="it">25px Bene protetto dall&#39;UNESCO 25px 20px Patrimonio dell&#39;umanità Palazzo e Parco di Versailles(EN) Palace and Park of Versailles 260x260px Tipo Culturali Criterio (i) (ii) (vi) Pericolo Non in pericolo Riconosciuto dal 1979 Scheda UNESCO (EN) Scheda(FR) Scheda La reggia di Versailles (in francese château de Versailles) è un&#39;antica residenza reale dei Borbone di Francia.</rdfs:comment>
    <rdfs:comment xml:lang="fr">Le château de Versailles est un château et un monument historique français qui se situe à Versailles dans les Yvelines en France. Il fut la résidence des rois de France Louis XIV, Louis XV et Louis XVI. Le roi et la cour y résidèrent de façon permanente du 6 mai 1682 au 6 octobre 1789, à l&#39;exception des années de la Régence de 1715 à 1723. Situés au sud-ouest de Paris, ce château et son domaine visaient à glorifier la monarchie française.</rdfs:comment>
    <rdfs:comment xml:lang="pt">O Palácio de Versalhes é um castelo real localizado na cidade de Versalhes, uma aldeia rural à época de sua construção, mas actualmente um subúrbio de Paris. Desde 1682, quando Luís XIV se mudou de Paris, até a família Real ser forçada a voltar à capital em 1789, a Corte de Versalhes foi o centro do poder do Antigo Regime na França.</rdfs:comment>
    <rdfs:comment xml:lang="sv">Slottet i Versailles (franska Château de Versailles) är ett kungligt slott i utkanten av Parisförorten Versailles i Frankrike. Från 1682 när kung Ludvig XIV flyttade från Paris till att kungafamiljen tvingades att återvända till huvudstaden 1789 var hovet i Versailles maktens centrum under l&#39;ancien régime. Versailles hade en stor påverkan inte bara på fransk arkitektur och konst utan även europeisk.</rdfs:comment>
    <rdfs:comment xml:lang="zh">凡尔赛宫（法语：Château de Versailles）位于法国巴黎西南郊外伊夫林省省会凡尔赛镇。1682年至1789年是法国的王宫。1979年被列入《世界文化遗产名录》。</rdfs:comment>
    <rdfs:comment xml:lang="es">El Palacio de Versalles es un edificio que desempeñó las funciones de una residencia real en siglos pasados. El palacio está ubicado en el municipio de Versalles, en Île-de-France. Su construcción fue ordenada por Luis XIV, y constituye uno de los complejos arquitectónicos monárquicos más importantes de Europa. Con sus tres palacios, sus jardines y su parque, Versalles es un dominio inmenso.</rdfs:comment>
    <rdfs:comment xml:lang="de">Das französische Schloss Versailles liegt in Versailles, einem Vorort von Paris. Gebaut als Jagdschloss für König Ludwig XIII. durch Philibert Le Roy wurde es ab 1661 unter Ludwig XIV. durch Louis Le Vau, François d’Orbay, Jules Hardouin-Mansart und Robert de Cotte in mehreren Abschnitten während der Friedenszeiten zwischen den Reunionskriegen um- und ausgebaut. Die Innenausstattung schuf Charles Lebrun, die berühmten Gartenanlagen stammen von André Le Nôtre.</rdfs:comment>
    <rdfs:comment xml:lang="ja">ヴェルサイユ宮殿（ヴェルサイユきゅうでん、フランス語：Château de Versailles）は、1682年にフランス王ルイ14世（1638年 - 1715年、在位1643年 - 1715年）が建てたフランスの宮殿（建設当初は離宮）である。ベルサイユ宮殿とも表記される。 パリの南西22キロに位置する、イヴリーヌ県ヴェルサイユにある。主な部分の設計はマンサールとル・ブランによっておこなわれ、庭園はアンドレ・ル・ノートルによって造営された。バロック建築の代表作で、豪華な建物と広大な美しい庭園で有名である。</rdfs:comment>
    <foaf:name xml:lang="en">Château de Versailles</foaf:name>
    <dbpedia-owl:thumbnail rdf:resource="http://upload.wikimedia.org/wikipedia/commons/thumb/a/a7/Versailles_Palace.jpg/200px-Versailles_Palace.jpg" />
    <dbpedia-owl:wikiPageExternalLink rdf:resource="http://www.telegraph.co.uk/arts/main.jhtml?xml=/arts/2006/09/24/botho224.xml" />
    <dbpedia-owl:wikiPageExternalLink rdf:resource="http://www.telegraph.co.uk/arts/main.jhtml?xml=/arts/2006/09/24/botho24.xml" />
    <dbpedia-owl:wikiPageExternalLink rdf:resource="http://www.lexpress.fr/mag/arts/dossier/patrimoine/dossier.asp?ida=451314" />
    <dbpedia-owl:wikiPageExternalLink rdf:resource="http://www.chateauversailles.fr/homepage" />
    <dbpedia-owl:wikiPageExternalLink rdf:resource="http://theses.enc.sorbonne.fr/document128.html" />
    <dbpedia-owl:wikiPageExternalLink rdf:resource="http://leparcdeversailles.webs.com/" />
    <dbpedia-owl:wikiPageExternalLink rdf:resource="http://jasoncoyne.smugmug.com/Vacation/Paris-2005/Versailles/" />
    <dbpedia-owl:wikiPageExternalLink rdf:resource="http://www.stockholm360.net/list.php?id=versailles" />
    <dbpedia-owl:wikiPageExternalLink rdf:resource="http://www.telegraph.co.uk/" />
    <dbpedia-owl:wikiPageExternalLink rdf:resource="http://whc.unesco.org/en/list/83" />
    <dbpedia-owl:wikiPageExternalLink rdf:resource="http://en.chateauversailles.fr/homepage" />
    <dbpedia-owl:wikiPageExternalLink rdf:resource="http://www.flickr.com/photos/mymuk/4186000704/" />
    <dbpprop:caption xml:lang="en">The interior court of the Palace of Versailles</dbpprop:caption>
    <dbpprop:coordinatesDisplay xml:lang="en">inline, title</dbpprop:coordinatesDisplay>
    <dbpprop:floorArea rdf:datatype="http://dbpedia.org/datatype/squareMetre">67000.0</dbpprop:floorArea>
    <dbpprop:isoRegion xml:lang="en">FR</dbpprop:isoRegion>
    <dbpprop:latitude rdf:datatype="http://www.w3.org/2001/XMLSchema#double">48.8044</dbpprop:latitude>
    <dbpprop:location rdf:resource="http://dbpedia.org/resource/Versailles_(city)" />
    <dbpprop:location rdf:resource="http://dbpedia.org/resource/France" />
    <dbpprop:longitude rdf:datatype="http://www.w3.org/2001/XMLSchema#double">2.12316</dbpprop:longitude>
    <dbpprop:mapCaption xml:lang="en">Location within Île-de-France</dbpprop:mapCaption>
    <dbpprop:mapType xml:lang="en">France Île-de-France</dbpprop:mapType>
    <dbpprop:nativeName xml:lang="en">Château de Versailles</dbpprop:nativeName>
    <dbpprop:nativeNameLang xml:lang="en">fr</dbpprop:nativeNameLang>
    <dbpprop:status xml:lang="en">Still standing</dbpprop:status>
    <dbpprop:url rdf:resource="http://www.chateauversailles.fr/homepage" />
    <foaf:homepage rdf:resource="http://en.chateauversailles.fr/homepage" />
    <dbpprop:wordnet_type rdf:resource="http://www.w3.org/2006/03/wn/wn20/instances/synset-monument-noun-2" />
    <foaf:isPrimaryTopicOf rdf:resource="http://en.wikipedia.org/wiki/Palace_of_Versailles" />
    <ns8:wasDerivedFrom rdf:resource="http://en.wikipedia.org/wiki/Palace_of_Versailles?oldid=547279033" />
    <dbpprop:hasPhotoCollection rdf:resource="http://wifo5-03.informatik.uni-mannheim.de/flickrwrappr/photos/Palace_of_Versailles" />
  </rdf:Description>
  <rdf:Description rdf:about="http://dbpedia.org/resource/John_Abbey">
    <dbpedia-owl:deathPlace rdf:resource="http://dbpedia.org/resource/Palace_of_Versailles" />
    <dbpprop:deathPlace rdf:resource="http://dbpedia.org/resource/Palace_of_Versailles" />
    <dbpprop:placeOfDeath rdf:resource="http://dbpedia.org/resource/Palace_of_Versailles" />
  </rdf:Description>
  <rdf:Description rdf:about="http://dbpedia.org/resource/Joseph_Gallieni">
    <dbpedia-owl:deathPlace rdf:resource="http://dbpedia.org/resource/Palace_of_Versailles" />
    <dbpprop:deathPlace rdf:resource="http://dbpedia.org/resource/Palace_of_Versailles" />
    <dbpprop:placeOfDeath rdf:resource="http://dbpedia.org/resource/Palace_of_Versailles" />
  </rdf:Description>
  <rdf:Description rdf:about="http://dbpedia.org/resource/L%C3%A9onard-L%C3%A9opold_Forgemol_de_Bostqu%C3%A9nard">
    <dbpedia-owl:deathPlace rdf:resource="http://dbpedia.org/resource/Palace_of_Versailles" />
    <dbpprop:deathPlace rdf:resource="http://dbpedia.org/resource/Palace_of_Versailles" />
    <dbpprop:placeOfDeath rdf:resource="http://dbpedia.org/resource/Palace_of_Versailles" />
  </rdf:Description>
  <rdf:Description rdf:about="http://dbpedia.org/resource/Louis_Auguste,_Prince_of_Dombes">
    <dbpedia-owl:birthPlace rdf:resource="http://dbpedia.org/resource/Palace_of_Versailles" />
    <dbpprop:birthPlace rdf:resource="http://dbpedia.org/resource/Palace_of_Versailles" />
    <dbpprop:placeOfBirth rdf:resource="http://dbpedia.org/resource/Palace_of_Versailles" />
  </rdf:Description>
  <rdf:Description rdf:about="http://dbpedia.org/resource/Henri,_Count_of_Brionne">
    <dbpedia-owl:deathPlace rdf:resource="http://dbpedia.org/resource/Palace_of_Versailles" />
    <dbpprop:deathPlace rdf:resource="http://dbpedia.org/resource/Palace_of_Versailles" />
    <dbpprop:placeOfDeath rdf:resource="http://dbpedia.org/resource/Palace_of_Versailles" />
  </rdf:Description>
  <rdf:Description rdf:about="http://dbpedia.org/resource/Marie_Th%C3%A9r%C3%A8se_of_France">
    <dbpedia-owl:birthPlace rdf:resource="http://dbpedia.org/resource/Palace_of_Versailles" />
  </rdf:Description>
  <rdf:Description rdf:about="http://dbpedia.org/resource/Marc_Collat">
    <dbpedia-owl:team rdf:resource="http://dbpedia.org/resource/Palace_of_Versailles" />
    <dbpprop:clubs rdf:resource="http://dbpedia.org/resource/Palace_of_Versailles" />
  </rdf:Description>
  <rdf:Description rdf:about="http://dbpedia.org/resource/Laurence_Grivot">
    <dbpedia-owl:birthPlace rdf:resource="http://dbpedia.org/resource/Palace_of_Versailles" />
  </rdf:Description>
  <rdf:Description rdf:about="http://dbpedia.org/resource/Infanta_Maria_Teresa_Rafaela_of_Spain">
    <dbpedia-owl:deathPlace rdf:resource="http://dbpedia.org/resource/Palace_of_Versailles" />
    <dbpprop:deathPlace rdf:resource="http://dbpedia.org/resource/Palace_of_Versailles" />
    <dbpprop:placeOfDeath rdf:resource="http://dbpedia.org/resource/Palace_of_Versailles" />
  </rdf:Description>
  <rdf:Description rdf:about="http://dbpedia.org/resource/Louis_Antoine,_Duke_of_Angoul%C3%AAme">
    <dbpedia-owl:birthPlace rdf:resource="http://dbpedia.org/resource/Palace_of_Versailles" />
    <dbpprop:birthPlace rdf:resource="http://dbpedia.org/resource/Palace_of_Versailles" />
  </rdf:Description>
  <rdf:Description rdf:about="http://dbpedia.org/resource/Louis_XIV_of_France">
    <dbpedia-owl:deathPlace rdf:resource="http://dbpedia.org/resource/Palace_of_Versailles" />
  </rdf:Description>
  <rdf:Description rdf:about="http://dbpedia.org/resource/Louise_%C3%89lisabeth_d&#39;Orl%C3%A9ans">
    <dbpedia-owl:birthPlace rdf:resource="http://dbpedia.org/resource/Palace_of_Versailles" />
  </rdf:Description>
  <rdf:Description rdf:about="http://dbpedia.org/resource/Louise_%C3%89lisabeth_of_France">
    <dbpedia-owl:birthPlace rdf:resource="http://dbpedia.org/resource/Palace_of_Versailles" />
    <dbpedia-owl:deathPlace rdf:resource="http://dbpedia.org/resource/Palace_of_Versailles" />
    <dbpprop:birthPlace rdf:resource="http://dbpedia.org/resource/Palace_of_Versailles" />
    <dbpprop:placeOfBirth rdf:resource="http://dbpedia.org/resource/Palace_of_Versailles" />
  </rdf:Description>
  <rdf:Description rdf:about="http://dbpedia.org/resource/Marie_Clotilde_of_France">
    <dbpedia-owl:birthPlace rdf:resource="http://dbpedia.org/resource/Palace_of_Versailles" />
    <dbpprop:birthPlace rdf:resource="http://dbpedia.org/resource/Palace_of_Versailles" />
  </rdf:Description>
  <rdf:Description rdf:about="http://dbpedia.org/resource/Princess_%C3%89lisabeth_of_France">
    <dbpedia-owl:birthPlace rdf:resource="http://dbpedia.org/resource/Palace_of_Versailles" />
    <dbpprop:birthPlace rdf:resource="http://dbpedia.org/resource/Palace_of_Versailles" />
    <dbpprop:placeOfBirth rdf:resource="http://dbpedia.org/resource/Palace_of_Versailles" />
  </rdf:Description>
  <rdf:Description rdf:about="http://dbpedia.org/resource/Princess_Louise_Marie_of_France">
    <dbpedia-owl:birthPlace rdf:resource="http://dbpedia.org/resource/Palace_of_Versailles" />
    <dbpprop:birthPlace rdf:resource="http://dbpedia.org/resource/Palace_of_Versailles" />
    <dbpprop:placeOfBirth rdf:resource="http://dbpedia.org/resource/Palace_of_Versailles" />
  </rdf:Description>
  <rdf:Description rdf:about="http://dbpedia.org/resource/Princess_Marie_Ad%C3%A9la%C3%AFde_of_France">
    <dbpedia-owl:birthPlace rdf:resource="http://dbpedia.org/resource/Palace_of_Versailles" />
    <dbpprop:birthPlace rdf:resource="http://dbpedia.org/resource/Palace_of_Versailles" />
    <dbpprop:placeOfBirth rdf:resource="http://dbpedia.org/resource/Palace_of_Versailles" />
  </rdf:Description>
  <rdf:Description rdf:about="http://dbpedia.org/resource/Princess_Sophie_of_France">
    <dbpedia-owl:birthPlace rdf:resource="http://dbpedia.org/resource/Palace_of_Versailles" />
    <dbpedia-owl:deathPlace rdf:resource="http://dbpedia.org/resource/Palace_of_Versailles" />
    <dbpprop:birthPlace rdf:resource="http://dbpedia.org/resource/Palace_of_Versailles" />
    <dbpprop:deathPlace rdf:resource="http://dbpedia.org/resource/Palace_of_Versailles" />
  </rdf:Description>
  <rdf:Description rdf:about="http://dbpedia.org/resource/Henriette_Louise_de_Bourbon">
    <dbpedia-owl:birthPlace rdf:resource="http://dbpedia.org/resource/Palace_of_Versailles" />
  </rdf:Description>
  <rdf:Description rdf:about="http://dbpedia.org/resource/Hugo_Wilhelm_Arthur_Nahl">
    <dbpedia-owl:training rdf:resource="http://dbpedia.org/resource/Palace_of_Versailles" />
  </rdf:Description>
  <rdf:Description rdf:about="http://dbpedia.org/resource/Louis_Henri,_Duke_of_Bourbon">
    <dbpedia-owl:birthPlace rdf:resource="http://dbpedia.org/resource/Palace_of_Versailles" />
    <dbpprop:birthPlace rdf:resource="http://dbpedia.org/resource/Palace_of_Versailles" />
  </rdf:Description>
  <rdf:Description rdf:about="http://dbpedia.org/resource/Charles,_Duke_of_Berry_(1686%E2%80%931714)">
    <dbpedia-owl:birthPlace rdf:resource="http://dbpedia.org/resource/Palace_of_Versailles" />
    <dbpedia-owl:deathPlace rdf:resource="http://dbpedia.org/resource/Palace_of_Versailles" />
    <dbpprop:birthPlace rdf:resource="http://dbpedia.org/resource/Palace_of_Versailles" />
  </rdf:Description>
  <rdf:Description rdf:about="http://dbpedia.org/resource/Louis_Philippe_I,_Duke_of_Orl%C3%A9ans">
    <dbpedia-owl:birthPlace rdf:resource="http://dbpedia.org/resource/Palace_of_Versailles" />
  </rdf:Description>
  <rdf:Description rdf:about="http://dbpedia.org/resource/Louise_%C3%89lisabeth_de_Bourbon">
    <dbpedia-owl:birthPlace rdf:resource="http://dbpedia.org/resource/Palace_of_Versailles" />
  </rdf:Description>
  <rdf:Description rdf:about="http://dbpedia.org/resource/Prince_Bojidar_Karageorgevitch">
    <dbpedia-owl:deathPlace rdf:resource="http://dbpedia.org/resource/Palace_of_Versailles" />
    <dbpprop:deathPlace rdf:resource="http://dbpedia.org/resource/Palace_of_Versailles" />
    <dbpprop:placeOfDeath rdf:resource="http://dbpedia.org/resource/Palace_of_Versailles" />
  </rdf:Description>
  <rdf:Description rdf:about="http://dbpedia.org/resource/Prince_Michael_Andreevich_of_Russia">
    <dbpedia-owl:birthPlace rdf:resource="http://dbpedia.org/resource/Palace_of_Versailles" />
    <dbpprop:birthPlace rdf:resource="http://dbpedia.org/resource/Palace_of_Versailles" />
    <dbpprop:placeOfBirth rdf:resource="http://dbpedia.org/resource/Palace_of_Versailles" />
  </rdf:Description>
  <rdf:Description rdf:about="http://dbpedia.org/resource/Princess_Marie_Ad%C3%A9la%C3%AFde_of_Savoy">
    <dbpedia-owl:deathPlace rdf:resource="http://dbpedia.org/resource/Palace_of_Versailles" />
    <dbpprop:deathPlace rdf:resource="http://dbpedia.org/resource/Palace_of_Versailles" />
  </rdf:Description>
  <rdf:Description rdf:about="http://dbpedia.org/resource/St%C3%A9phane_Nomis">
    <dbpedia-owl:birthPlace rdf:resource="http://dbpedia.org/resource/Palace_of_Versailles" />
    <dbpprop:birthPlace rdf:resource="http://dbpedia.org/resource/Palace_of_Versailles" />
    <dbpprop:placeOfBirth rdf:resource="http://dbpedia.org/resource/Palace_of_Versailles" />
  </rdf:Description>
  <rdf:Description rdf:about="http://dbpedia.org/resource/Laurence_Ferreira_Barbosa">
    <dbpedia-owl:birthPlace rdf:resource="http://dbpedia.org/resource/Palace_of_Versailles" />
    <dbpprop:birthPlace rdf:resource="http://dbpedia.org/resource/Palace_of_Versailles" />
    <dbpprop:placeOfBirth rdf:resource="http://dbpedia.org/resource/Palace_of_Versailles" />
  </rdf:Description>
  <rdf:Description rdf:about="http://dbpedia.org/resource/St%C3%A9phane_Chaudesaigues">
    <dbpedia-owl:birthPlace rdf:resource="http://dbpedia.org/resource/Palace_of_Versailles" />
    <dbpprop:birthPlace rdf:resource="http://dbpedia.org/resource/Palace_of_Versailles" />
    <dbpprop:placeOfBirth rdf:resource="http://dbpedia.org/resource/Palace_of_Versailles" />
  </rdf:Description>
  <rdf:Description rdf:about="http://dbpedia.org/resource/Turzi">
    <dbpedia-owl:hometown rdf:resource="http://dbpedia.org/resource/Palace_of_Versailles" />
    <dbpprop:origin rdf:resource="http://dbpedia.org/resource/Palace_of_Versailles" />
  </rdf:Description>
  <rdf:Description rdf:about="http://dbpedia.org/resource/Louis_Charles,_Count_of_Eu">
    <dbpedia-owl:birthPlace rdf:resource="http://dbpedia.org/resource/Palace_of_Versailles" />
    <dbpprop:birthPlace rdf:resource="http://dbpedia.org/resource/Palace_of_Versailles" />
    <dbpprop:placeOfBirth rdf:resource="http://dbpedia.org/resource/Palace_of_Versailles" />
  </rdf:Description>
  <rdf:Description rdf:about="http://dbpedia.org/resource/Louise_Fran%C3%A7oise_de_Bourbon,_Mademoiselle_du_Maine">
    <dbpedia-owl:birthPlace rdf:resource="http://dbpedia.org/resource/Palace_of_Versailles" />
  </rdf:Description>
  <rdf:Description rdf:about="http://dbpedia.org/resource/Philippine_%C3%89lisabeth_d&#39;Orl%C3%A9ans">
    <dbpedia-owl:birthPlace rdf:resource="http://dbpedia.org/resource/Palace_of_Versailles" />
  </rdf:Description>
  <rdf:Description rdf:about="http://dbpedia.org/resource/Princess_Marie_Z%C3%A9phyrine_of_France">
    <dbpedia-owl:birthPlace rdf:resource="http://dbpedia.org/resource/Palace_of_Versailles" />
    <dbpedia-owl:deathPlace rdf:resource="http://dbpedia.org/resource/Palace_of_Versailles" />
    <dbpprop:birthPlace rdf:resource="http://dbpedia.org/resource/Palace_of_Versailles" />
    <dbpprop:placeOfBirth rdf:resource="http://dbpedia.org/resource/Palace_of_Versailles" />
  </rdf:Description>
  <rdf:Description rdf:about="http://dbpedia.org/resource/Sophie_d&#39;Artois">
    <dbpedia-owl:birthPlace rdf:resource="http://dbpedia.org/resource/Palace_of_Versailles" />
    <dbpedia-owl:deathPlace rdf:resource="http://dbpedia.org/resource/Palace_of_Versailles" />
  </rdf:Description>
  <rdf:Description rdf:about="http://dbpedia.org/resource/Joseph_Souham">
    <dbpedia-owl:deathPlace rdf:resource="http://dbpedia.org/resource/Palace_of_Versailles" />
    <dbpprop:deathPlace rdf:resource="http://dbpedia.org/resource/Palace_of_Versailles" />
    <dbpprop:placeOfDeath rdf:resource="http://dbpedia.org/resource/Palace_of_Versailles" />
  </rdf:Description>
  <rdf:Description rdf:about="http://dbpedia.org/resource/Jean-Charles_Roman_d&#39;Amat">
    <dbpedia-owl:deathPlace rdf:resource="http://dbpedia.org/resource/Palace_of_Versailles" />
  </rdf:Description>
  <rdf:Description rdf:about="http://dbpedia.org/resource/Marine_Jahan">
    <dbpedia-owl:birthPlace rdf:resource="http://dbpedia.org/resource/Palace_of_Versailles" />
    <dbpprop:birthPlace rdf:resource="http://dbpedia.org/resource/Palace_of_Versailles" />
  </rdf:Description>
  <rdf:Description rdf:about="http://dbpedia.org/resource/Marie_Anne_de_Bourbon_(1689%E2%80%931720)">
    <dbpedia-owl:birthPlace rdf:resource="http://dbpedia.org/resource/Palace_of_Versailles" />
    <dbpprop:birthPlace rdf:resource="http://dbpedia.org/resource/Palace_of_Versailles" />
    <dbpprop:placeOfBirth rdf:resource="http://dbpedia.org/resource/Palace_of_Versailles" />
  </rdf:Description>
  <rdf:Description rdf:about="http://dbpedia.org/resource/Louis,_Dauphin_of_France,_Duke_of_Burgundy">
    <dbpedia-owl:birthPlace rdf:resource="http://dbpedia.org/resource/Palace_of_Versailles" />
    <dbpprop:birthPlace rdf:resource="http://dbpedia.org/resource/Palace_of_Versailles" />
  </rdf:Description>
  <rdf:Description rdf:about="http://de.dbpedia.org/resource/Schloss_Versailles">
    <owl:sameAs rdf:resource="http://dbpedia.org/resource/Palace_of_Versailles" />
  </rdf:Description>
  <rdf:Description rdf:about="http://es.dbpedia.org/resource/Palacio_de_Versalles">
    <owl:sameAs rdf:resource="http://dbpedia.org/resource/Palace_of_Versailles" />
  </rdf:Description>
  <rdf:Description rdf:about="http://fr.dbpedia.org/resource/Château_de_Versailles">
    <owl:sameAs rdf:resource="http://dbpedia.org/resource/Palace_of_Versailles" />
  </rdf:Description>
  <rdf:Description rdf:about="http://it.dbpedia.org/resource/Reggia_di_Versailles">
    <owl:sameAs rdf:resource="http://dbpedia.org/resource/Palace_of_Versailles" />
  </rdf:Description>
  <rdf:Description rdf:about="http://ja.dbpedia.org/resource/ヴェルサイユ宮殿">
    <owl:sameAs rdf:resource="http://dbpedia.org/resource/Palace_of_Versailles" />
  </rdf:Description>
  <rdf:Description rdf:about="http://ko.dbpedia.org/resource/베르사유_궁전">
    <owl:sameAs rdf:resource="http://dbpedia.org/resource/Palace_of_Versailles" />
  </rdf:Description>
  <rdf:Description rdf:about="http://ru.dbpedia.org/resource/Версаль">
    <owl:sameAs rdf:resource="http://dbpedia.org/resource/Palace_of_Versailles" />
  </rdf:Description>
  <rdf:Description rdf:about="http://cs.dbpedia.org/resource/Versailles">
    <owl:sameAs rdf:resource="http://dbpedia.org/resource/Palace_of_Versailles" />
  </rdf:Description>
  <rdf:Description rdf:about="http://pt.dbpedia.org/resource/Palácio_de_Versalhes">
    <owl:sameAs rdf:resource="http://dbpedia.org/resource/Palace_of_Versailles" />
  </rdf:Description>
  <rdf:Description rdf:about="http://dbpedia.org/resource/Tarrare">
    <dbpedia-owl:deathPlace rdf:resource="http://dbpedia.org/resource/Palace_of_Versailles" />
  </rdf:Description>
  <rdf:Description rdf:about="http://dbpedia.org/resource/Ir%C3%A8ne_Tunc">
    <dbpedia-owl:deathPlace rdf:resource="http://dbpedia.org/resource/Palace_of_Versailles" />
  </rdf:Description>
  <rdf:Description rdf:about="http://dbpedia.org/resource/Ch%C3%A2teau_of_Versailles">
    <dbpedia-owl:wikiPageRedirects rdf:resource="http://dbpedia.org/resource/Palace_of_Versailles" />
  </rdf:Description>
  <rdf:Description rdf:about="http://dbpedia.org/resource/Versaille">
    <dbpedia-owl:wikiPageRedirects rdf:resource="http://dbpedia.org/resource/Palace_of_Versailles" />
  </rdf:Description>
  <rdf:Description rdf:about="http://dbpedia.org/resource/Jean-Louis_Dubreton">
    <dbpedia-owl:deathPlace rdf:resource="http://dbpedia.org/resource/Palace_of_Versailles" />
  </rdf:Description>
  <rdf:Description rdf:about="http://dbpedia.org/resource/Louis_Alexandre,_Count_of_Toulouse">
    <dbpedia-owl:birthPlace rdf:resource="http://dbpedia.org/resource/Palace_of_Versailles" />
    <dbpprop:birthPlace rdf:resource="http://dbpedia.org/resource/Palace_of_Versailles" />
  </rdf:Description>
  <rdf:Description rdf:about="http://dbpedia.org/resource/Schloss_Versailles">
    <dbpedia-owl:wikiPageRedirects rdf:resource="http://dbpedia.org/resource/Palace_of_Versailles" />
  </rdf:Description>
  <rdf:Description rdf:about="http://dbpedia.org/resource/Chateau_de_Versailles">
    <dbpedia-owl:wikiPageRedirects rdf:resource="http://dbpedia.org/resource/Palace_of_Versailles" />
  </rdf:Description>
  <rdf:Description rdf:about="http://dbpedia.org/resource/Princess_Victoire_of_France">
    <dbpedia-owl:birthPlace rdf:resource="http://dbpedia.org/resource/Palace_of_Versailles" />
    <dbpprop:birthPlace rdf:resource="http://dbpedia.org/resource/Palace_of_Versailles" />
    <dbpprop:placeOfBirth rdf:resource="http://dbpedia.org/resource/Palace_of_Versailles" />
  </rdf:Description>
  <rdf:Description rdf:about="http://dbpedia.org/resource/Mus%C3%A9e_d%E2%80%99Histoire_de_France">
    <dbpedia-owl:wikiPageRedirects rdf:resource="http://dbpedia.org/resource/Palace_of_Versailles" />
  </rdf:Description>
  <rdf:Description rdf:about="http://dbpedia.org/resource/K%C3%A9vin_Reza">
    <dbpedia-owl:birthPlace rdf:resource="http://dbpedia.org/resource/Palace_of_Versailles" />
    <dbpprop:placeOfBirth rdf:resource="http://dbpedia.org/resource/Palace_of_Versailles" />
  </rdf:Description>
  <rdf:Description rdf:about="http://dbpedia.org/resource/Jouy-en-Josas">
    <dbpedia-owl:arrondissement rdf:resource="http://dbpedia.org/resource/Palace_of_Versailles" />
  </rdf:Description>
  <rdf:Description rdf:about="http://dbpedia.org/resource/Saint-Cyr-l&#39;%C3%89cole">
    <dbpedia-owl:arrondissement rdf:resource="http://dbpedia.org/resource/Palace_of_Versailles" />
  </rdf:Description>
  <rdf:Description rdf:about="http://dbpedia.org/resource/V%C3%A9lizy-Villacoublay">
    <dbpedia-owl:arrondissement rdf:resource="http://dbpedia.org/resource/Palace_of_Versailles" />
  </rdf:Description>
  <rdf:Description rdf:about="http://dbpedia.org/resource/Siren_Edelweiss">
    <dbpedia-owl:manufacturer rdf:resource="http://dbpedia.org/resource/Palace_of_Versailles" />
  </rdf:Description>
  <rdf:Description rdf:about="http://dbpedia.org/resource/Jean_Cugnot">
    <dbpedia-owl:deathPlace rdf:resource="http://dbpedia.org/resource/Palace_of_Versailles" />
  </rdf:Description>
  <rdf:Description rdf:about="http://dbpedia.org/resource/Guillaume_Minoret">
    <dbpedia-owl:deathPlace rdf:resource="http://dbpedia.org/resource/Palace_of_Versailles" />
  </rdf:Description>
  <rdf:Description rdf:about="http://dbpedia.org/resource/Mus%C3%A9e_historique_de_Versailles">
    <dbpedia-owl:wikiPageRedirects rdf:resource="http://dbpedia.org/resource/Palace_of_Versailles" />
  </rdf:Description>
  <rdf:Description rdf:about="http://dbpedia.org/resource/Joseph_Ren%C3%A9_Vilatte">
    <dbpedia-owl:deathPlace rdf:resource="http://dbpedia.org/resource/Palace_of_Versailles" />
    <dbpprop:deathPlace rdf:resource="http://dbpedia.org/resource/Palace_of_Versailles" />
    <dbpprop:placeOfDeath rdf:resource="http://dbpedia.org/resource/Palace_of_Versailles" />
  </rdf:Description>
  <rdf:Description rdf:about="http://dbpedia.org/resource/Joseph_Duplessis">
    <dbpedia-owl:deathPlace rdf:resource="http://dbpedia.org/resource/Palace_of_Versailles" />
    <dbpprop:deathPlace rdf:resource="http://dbpedia.org/resource/Palace_of_Versailles" />
    <dbpprop:placeOfDeath rdf:resource="http://dbpedia.org/resource/Palace_of_Versailles" />
  </rdf:Description>
  <rdf:Description rdf:about="http://dbpedia.org/resource/Roger_Chapelet">
    <dbpedia-owl:birthPlace rdf:resource="http://dbpedia.org/resource/Palace_of_Versailles" />
    <dbpprop:birthPlace rdf:resource="http://dbpedia.org/resource/Palace_of_Versailles" />
    <dbpprop:placeOfBirth rdf:resource="http://dbpedia.org/resource/Palace_of_Versailles" />
  </rdf:Description>
  <rdf:Description rdf:about="http://dbpedia.org/resource/Jules_Antoine_Lissajous">
    <dbpedia-owl:birthPlace rdf:resource="http://dbpedia.org/resource/Palace_of_Versailles" />
  </rdf:Description>
  <rdf:Description rdf:about="http://dbpedia.org/resource/Paul_Jacques_Malouin">
    <dbpedia-owl:deathPlace rdf:resource="http://dbpedia.org/resource/Palace_of_Versailles" />
  </rdf:Description>
  <rdf:Description rdf:about="http://dbpedia.org/resource/Louis_Ducis">
    <dbpedia-owl:birthPlace rdf:resource="http://dbpedia.org/resource/Palace_of_Versailles" />
  </rdf:Description>
  <rdf:Description rdf:about="http://dbpedia.org/resource/%C3%89tienne_Jeaurat">
    <dbpedia-owl:deathPlace rdf:resource="http://dbpedia.org/resource/Palace_of_Versailles" />
  </rdf:Description>
  <rdf:Description rdf:about="http://dbpedia.org/resource/Ch%C3%A2teau_de_Versailles">
    <dbpedia-owl:wikiPageRedirects rdf:resource="http://dbpedia.org/resource/Palace_of_Versailles" />
  </rdf:Description>
  <rdf:Description rdf:about="http://dbpedia.org/resource/Chateau_of_Versailles">
    <dbpedia-owl:wikiPageRedirects rdf:resource="http://dbpedia.org/resource/Palace_of_Versailles" />
  </rdf:Description>
  <rdf:Description rdf:about="http://dbpedia.org/resource/Versailles_Palace">
    <dbpedia-owl:wikiPageRedirects rdf:resource="http://dbpedia.org/resource/Palace_of_Versailles" />
  </rdf:Description>
  <rdf:Description rdf:about="http://dbpedia.org/resource/PalaceofVersailles">
    <dbpedia-owl:wikiPageRedirects rdf:resource="http://dbpedia.org/resource/Palace_of_Versailles" />
  </rdf:Description>
  <rdf:Description rdf:about="http://dbpedia.org/resource/Mus%C3%A9e_d&#39;Histoire_de_France">
    <dbpedia-owl:wikiPageRedirects rdf:resource="http://dbpedia.org/resource/Palace_of_Versailles" />
  </rdf:Description>
  <rdf:Description rdf:about="http://dbpedia.org/resource/Mus%C3%A9e_national_du_ch%C3%A2teau_et_des_Trianons">
    <dbpedia-owl:wikiPageRedirects rdf:resource="http://dbpedia.org/resource/Palace_of_Versailles" />
  </rdf:Description>
  <rdf:Description rdf:about="http://dbpedia.org/resource/Live_8">
    <dbpedia-owl:location rdf:resource="http://dbpedia.org/resource/Palace_of_Versailles" />
  </rdf:Description>
  <rdf:Description rdf:about="http://dbpedia.org/resource/Versailles_(disambiguation)">
    <dbpedia-owl:wikiPageDisambiguates rdf:resource="http://dbpedia.org/resource/Palace_of_Versailles" />
  </rdf:Description>
  <rdf:Description rdf:about="http://dbpedia.org/resource/Palace_of_versailles">
    <dbpedia-owl:wikiPageRedirects rdf:resource="http://dbpedia.org/resource/Palace_of_Versailles" />
  </rdf:Description>
  <rdf:Description rdf:about="http://dbpedia.org/resource/%C3%89lisabeth_Marguerite_d&#39;Orl%C3%A9ans">
    <dbpedia-owl:deathPlace rdf:resource="http://dbpedia.org/resource/Palace_of_Versailles" />
  </rdf:Description>
  <rdf:Description rdf:about="http://dbpedia.org/resource/Princess_Th%C3%A9r%C3%A8se_of_France">
    <dbpedia-owl:birthPlace rdf:resource="http://dbpedia.org/resource/Palace_of_Versailles" />
    <dbpprop:birthPlace rdf:resource="http://dbpedia.org/resource/Palace_of_Versailles" />
    <dbpprop:placeOfBirth rdf:resource="http://dbpedia.org/resource/Palace_of_Versailles" />
  </rdf:Description>
  <rdf:Description rdf:about="http://dbpedia.org/resource/Charles,_Prince_of_Soubise">
    <dbpedia-owl:birthPlace rdf:resource="http://dbpedia.org/resource/Palace_of_Versailles" />
    <dbpprop:birthPlace rdf:resource="http://dbpedia.org/resource/Palace_of_Versailles" />
    <dbpprop:placeOfBirth rdf:resource="http://dbpedia.org/resource/Palace_of_Versailles" />
  </rdf:Description>
  <rdf:Description rdf:about="http://dbpedia.org/resource/Marie_Victoire_de_Noailles">
    <dbpedia-owl:birthPlace rdf:resource="http://dbpedia.org/resource/Palace_of_Versailles" />
    <dbpprop:placeOfBirth rdf:resource="http://dbpedia.org/resource/Palace_of_Versailles" />
  </rdf:Description>
  <rdf:Description rdf:about="http://dbpedia.org/resource/Louis,_Dauphin_of_France_(1729%E2%80%931765)">
    <dbpedia-owl:birthPlace rdf:resource="http://dbpedia.org/resource/Palace_of_Versailles" />
    <dbpprop:birthPlace rdf:resource="http://dbpedia.org/resource/Palace_of_Versailles" />
    <dbpprop:placeOfBirth rdf:resource="http://dbpedia.org/resource/Palace_of_Versailles" />
  </rdf:Description>
  <rdf:Description rdf:about="http://dbpedia.org/resource/%C3%89tablissement_public_du_ch%C3%A2teau,_du_mus%C3%A9e_et_du_domaine_national_de_Versailles">
    <dbpedia-owl:location rdf:resource="http://dbpedia.org/resource/Palace_of_Versailles" />
    <dbpprop:location rdf:resource="http://dbpedia.org/resource/Palace_of_Versailles" />
  </rdf:Description>
  <rdf:Description rdf:about="http://dbpedia.org/resource/Chateau_Versailles">
    <dbpedia-owl:wikiPageRedirects rdf:resource="http://dbpedia.org/resource/Palace_of_Versailles" />
  </rdf:Description>
  <rdf:Description rdf:about="http://dbpedia.org/resource/City_of_Versailles">
    <dbpedia-owl:wikiPageRedirects rdf:resource="http://dbpedia.org/resource/Palace_of_Versailles" />
  </rdf:Description>
  <rdf:Description rdf:about="http://dbpedia.org/resource/Musee_national_du_chateau_de_Versailles_et_des_Trianons">
    <dbpedia-owl:wikiPageRedirects rdf:resource="http://dbpedia.org/resource/Palace_of_Versailles" />
  </rdf:Description>
  <rdf:Description rdf:about="http://dbpedia.org/resource/Palace_and_Park_of_Versailles">
    <dbpedia-owl:wikiPageRedirects rdf:resource="http://dbpedia.org/resource/Palace_of_Versailles" />
  </rdf:Description>
  <rdf:Description rdf:about="http://dbpedia.org/resource/Palais_Versailles">
    <dbpedia-owl:wikiPageRedirects rdf:resource="http://dbpedia.org/resource/Palace_of_Versailles" />
  </rdf:Description>
  <rdf:Description rdf:about="http://dbpedia.org/resource/Residence_of_Versailles">
    <dbpedia-owl:wikiPageRedirects rdf:resource="http://dbpedia.org/resource/Palace_of_Versailles" />
  </rdf:Description>
  <rdf:Description rdf:about="http://dbpedia.org/resource/Versailles_Castle">
    <dbpedia-owl:wikiPageRedirects rdf:resource="http://dbpedia.org/resource/Palace_of_Versailles" />
  </rdf:Description>
  <rdf:Description rdf:about="http://dbpedia.org/resource/Versailles_Museum">
    <dbpedia-owl:wikiPageRedirects rdf:resource="http://dbpedia.org/resource/Palace_of_Versailles" />
  </rdf:Description>
  <rdf:Description rdf:about="http://dbpedia.org/resource/Anne_Jules_de_Noailles">
    <dbpedia-owl:deathPlace rdf:resource="http://dbpedia.org/resource/Palace_of_Versailles" />
    <dbpprop:deathPlace rdf:resource="http://dbpedia.org/resource/Palace_of_Versailles" />
    <dbpprop:placeOfDeath rdf:resource="http://dbpedia.org/resource/Palace_of_Versailles" />
  </rdf:Description>
  <rdf:Description rdf:about="http://dbpedia.org/resource/The_Palace_of_Versailles">
    <dbpedia-owl:wikiPageRedirects rdf:resource="http://dbpedia.org/resource/Palace_of_Versailles" />
  </rdf:Description>
  <rdf:Description rdf:about="http://dbpedia.org/resource/Mus%C3%A9e_national_du_ch%C3%A2teau_de_Versailles_et_des_Trianons">
    <dbpedia-owl:wikiPageRedirects rdf:resource="http://dbpedia.org/resource/Palace_of_Versailles" />
  </rdf:Description>
  <rdf:Description rdf:about="http://en.wikipedia.org/wiki/Palace_of_Versailles">
    <foaf:primaryTopic rdf:resource="http://dbpedia.org/resource/Palace_of_Versailles" />
  </rdf:Description>
  <rdf:Description rdf:about="http://dbpedia.org/resource/French_Parliament">
    <dbpedia-owl:location rdf:resource="http://dbpedia.org/resource/Palace_of_Versailles" />
    <dbpprop:meetingPlace rdf:resource="http://dbpedia.org/resource/Palace_of_Versailles" />
  </rdf:Description>
  <rdf:Description rdf:about="http://nl.dbpedia.org/resource/Kasteel_van_Versailles">
    <owl:sameAs rdf:resource="http://dbpedia.org/resource/Palace_of_Versailles" />
  </rdf:Description>
  <rdf:Description rdf:about="http://eu.dbpedia.org/resource/Versaillesko_jauregia">
    <owl:sameAs rdf:resource="http://dbpedia.org/resource/Palace_of_Versailles" />
  </rdf:Description>
  <rdf:Description rdf:about="http://dbpedia.org/resource/Neal_Maupay">
    <dbpedia-owl:birthPlace rdf:resource="http://dbpedia.org/resource/Palace_of_Versailles" />
    <dbpprop:birthPlace rdf:resource="http://dbpedia.org/resource/Palace_of_Versailles" />
  </rdf:Description>
  <rdf:Description rdf:about="http://dbpedia.org/resource/Marie_Th%C3%A9r%C3%A8se,_Madame_Royale_(1746%E2%80%931748)">
    <dbpedia-owl:birthPlace rdf:resource="http://dbpedia.org/resource/Palace_of_Versailles" />
    <dbpedia-owl:deathPlace rdf:resource="http://dbpedia.org/resource/Palace_of_Versailles" />
    <dbpprop:birthPlace rdf:resource="http://dbpedia.org/resource/Palace_of_Versailles" />
    <dbpprop:placeOfBirth rdf:resource="http://dbpedia.org/resource/Palace_of_Versailles" />
  </rdf:Description>
  <rdf:Description rdf:about="http://dbpedia.org/resource/Galerie_de_Versailles">
    <dbpedia-owl:wikiPageRedirects rdf:resource="http://dbpedia.org/resource/Palace_of_Versailles" />
  </rdf:Description>
  <rdf:Description rdf:about="http://dbpedia.org/resource/Katia_Tchenko">
    <dbpedia-owl:birthPlace rdf:resource="http://dbpedia.org/resource/Palace_of_Versailles" />
    <dbpprop:birthPlace rdf:resource="http://dbpedia.org/resource/Palace_of_Versailles" />
    <dbpprop:placeOfBirth rdf:resource="http://dbpedia.org/resource/Palace_of_Versailles" />
  </rdf:Description>
  <rdf:Description rdf:about="http://dbpedia.org/resource/Marc_Collat__6">
    <dbpedia-owl:team rdf:resource="http://dbpedia.org/resource/Palace_of_Versailles" />
  </rdf:Description>
  <rdf:Description rdf:about="http://dbpedia.org/resource/Saint_Jean_Hulst">
    <dbpedia-owl:city rdf:resource="http://dbpedia.org/resource/Palace_of_Versailles" />
    <dbpprop:city rdf:resource="http://dbpedia.org/resource/Palace_of_Versailles" />
  </rdf:Description>
  <rdf:Description rdf:about="http://dbpedia.org/resource/Bernard_Gaillot">
    <dbpedia-owl:birthPlace rdf:resource="http://dbpedia.org/resource/Palace_of_Versailles" />
  </rdf:Description>
  <rdf:Description rdf:about="http://wikidata.dbpedia.org/resource/Q2946">
    <owl:sameAs rdf:resource="http://dbpedia.org/resource/Palace_of_Versailles" />
  </rdf:Description>
  <rdf:Description rdf:about="http://el.dbpedia.org/resource/Ανάκτορο_των_Βερσαλλιών">
    <owl:sameAs rdf:resource="http://dbpedia.org/resource/Palace_of_Versailles" />
  </rdf:Description>
  <rdf:Description rdf:about="http://zh.dbpedia.org/resource/凡尔赛宫">
    <owl:sameAs rdf:resource="http://dbpedia.org/resource/Palace_of_Versailles" />
  </rdf:Description>
  <rdf:Description rdf:about="http://ar.dbpedia.org/resource/قصر_فيرساي">
    <owl:sameAs rdf:resource="http://dbpedia.org/resource/Palace_of_Versailles" />
  </rdf:Description>
  <rdf:Description rdf:about="http://arz.dbpedia.org/resource/قصر_فرساى">
    <owl:sameAs rdf:resource="http://dbpedia.org/resource/Palace_of_Versailles" />
  </rdf:Description>
  <rdf:Description rdf:about="http://be.dbpedia.org/resource/Версаль">
    <owl:sameAs rdf:resource="http://dbpedia.org/resource/Palace_of_Versailles" />
  </rdf:Description>
  <rdf:Description rdf:about="http://bg.dbpedia.org/resource/Версайски_дворец">
    <owl:sameAs rdf:resource="http://dbpedia.org/resource/Palace_of_Versailles" />
  </rdf:Description>
  <rdf:Description rdf:about="http://br.dbpedia.org/resource/Kastell_Versailhez">
    <owl:sameAs rdf:resource="http://dbpedia.org/resource/Palace_of_Versailles" />
  </rdf:Description>
  <rdf:Description rdf:about="http://bs.dbpedia.org/resource/Dvorac_Versailles">
    <owl:sameAs rdf:resource="http://dbpedia.org/resource/Palace_of_Versailles" />
  </rdf:Description>
  <rdf:Description rdf:about="http://ca.dbpedia.org/resource/Palau_de_Versalles">
    <owl:sameAs rdf:resource="http://dbpedia.org/resource/Palace_of_Versailles" />
  </rdf:Description>
  <rdf:Description rdf:about="http://da.dbpedia.org/resource/Château_de_Versailles">
    <owl:sameAs rdf:resource="http://dbpedia.org/resource/Palace_of_Versailles" />
  </rdf:Description>
  <rdf:Description rdf:about="http://eo.dbpedia.org/resource/Kastelo_de_Versailles">
    <owl:sameAs rdf:resource="http://dbpedia.org/resource/Palace_of_Versailles" />
  </rdf:Description>
  <rdf:Description rdf:about="http://et.dbpedia.org/resource/Versailles&#39;_loss">
    <owl:sameAs rdf:resource="http://dbpedia.org/resource/Palace_of_Versailles" />
  </rdf:Description>
  <rdf:Description rdf:about="http://fa.dbpedia.org/resource/کاخ_ورسای">
    <owl:sameAs rdf:resource="http://dbpedia.org/resource/Palace_of_Versailles" />
  </rdf:Description>
  <rdf:Description rdf:about="http://fi.dbpedia.org/resource/Versailles’n_palatsi">
    <owl:sameAs rdf:resource="http://dbpedia.org/resource/Palace_of_Versailles" />
  </rdf:Description>
  <rdf:Description rdf:about="http://ga.dbpedia.org/resource/Pálás_Versailles">
    <owl:sameAs rdf:resource="http://dbpedia.org/resource/Palace_of_Versailles" />
  </rdf:Description>
  <rdf:Description rdf:about="http://gl.dbpedia.org/resource/Palacio_de_Versalles">
    <owl:sameAs rdf:resource="http://dbpedia.org/resource/Palace_of_Versailles" />
  </rdf:Description>
  <rdf:Description rdf:about="http://he.dbpedia.org/resource/ארמון_ורסאי">
    <owl:sameAs rdf:resource="http://dbpedia.org/resource/Palace_of_Versailles" />
  </rdf:Description>
  <rdf:Description rdf:about="http://hr.dbpedia.org/resource/Dvorac_Versailles">
    <owl:sameAs rdf:resource="http://dbpedia.org/resource/Palace_of_Versailles" />
  </rdf:Description>
  <rdf:Description rdf:about="http://hu.dbpedia.org/resource/Versailles-i_kastély">
    <owl:sameAs rdf:resource="http://dbpedia.org/resource/Palace_of_Versailles" />
  </rdf:Description>
  <rdf:Description rdf:about="http://ia.dbpedia.org/resource/Palatio_de_Versailles">
    <owl:sameAs rdf:resource="http://dbpedia.org/resource/Palace_of_Versailles" />
  </rdf:Description>
  <rdf:Description rdf:about="http://id.dbpedia.org/resource/Istana_Versailles">
    <owl:sameAs rdf:resource="http://dbpedia.org/resource/Palace_of_Versailles" />
  </rdf:Description>
  <rdf:Description rdf:about="http://io.dbpedia.org/resource/Versailles-palaco">
    <owl:sameAs rdf:resource="http://dbpedia.org/resource/Palace_of_Versailles" />
  </rdf:Description>
  <rdf:Description rdf:about="http://is.dbpedia.org/resource/Versalahöll">
    <owl:sameAs rdf:resource="http://dbpedia.org/resource/Palace_of_Versailles" />
  </rdf:Description>
  <rdf:Description rdf:about="http://jv.dbpedia.org/resource/Istana_Versailles">
    <owl:sameAs rdf:resource="http://dbpedia.org/resource/Palace_of_Versailles" />
  </rdf:Description>
  <rdf:Description rdf:about="http://ka.dbpedia.org/resource/ვერსალის_სასახლე">
    <owl:sameAs rdf:resource="http://dbpedia.org/resource/Palace_of_Versailles" />
  </rdf:Description>
  <rdf:Description rdf:about="http://la.dbpedia.org/resource/Castellum_Versaliense">
    <owl:sameAs rdf:resource="http://dbpedia.org/resource/Palace_of_Versailles" />
  </rdf:Description>
  <rdf:Description rdf:about="http://lb.dbpedia.org/resource/Schlass_vu_Versailles">
    <owl:sameAs rdf:resource="http://dbpedia.org/resource/Palace_of_Versailles" />
  </rdf:Description>
  <rdf:Description rdf:about="http://lt.dbpedia.org/resource/Versalio_rūmai">
    <owl:sameAs rdf:resource="http://dbpedia.org/resource/Palace_of_Versailles" />
  </rdf:Description>
  <rdf:Description rdf:about="http://lv.dbpedia.org/resource/Versaļas_pils">
    <owl:sameAs rdf:resource="http://dbpedia.org/resource/Palace_of_Versailles" />
  </rdf:Description>
  <rdf:Description rdf:about="http://mk.dbpedia.org/resource/Версај_(дворец)">
    <owl:sameAs rdf:resource="http://dbpedia.org/resource/Palace_of_Versailles" />
  </rdf:Description>
  <rdf:Description rdf:about="http://ms.dbpedia.org/resource/Istana_Versailles">
    <owl:sameAs rdf:resource="http://dbpedia.org/resource/Palace_of_Versailles" />
  </rdf:Description>
  <rdf:Description rdf:about="http://nn.dbpedia.org/resource/Slottet_i_Versailles">
    <owl:sameAs rdf:resource="http://dbpedia.org/resource/Palace_of_Versailles" />
  </rdf:Description>
  <rdf:Description rdf:about="http://no.dbpedia.org/resource/Slottet_i_Versailles">
    <owl:sameAs rdf:resource="http://dbpedia.org/resource/Palace_of_Versailles" />
  </rdf:Description>
  <rdf:Description rdf:about="http://oc.dbpedia.org/resource/Castèth_de_Versalhas">
    <owl:sameAs rdf:resource="http://dbpedia.org/resource/Palace_of_Versailles" />
  </rdf:Description>
  <rdf:Description rdf:about="http://pnb.dbpedia.org/resource/ورسائی">
    <owl:sameAs rdf:resource="http://dbpedia.org/resource/Palace_of_Versailles" />
  </rdf:Description>
  <rdf:Description rdf:about="http://ro.dbpedia.org/resource/Palatul_Versailles">
    <owl:sameAs rdf:resource="http://dbpedia.org/resource/Palace_of_Versailles" />
  </rdf:Description>
  <rdf:Description rdf:about="http://sh.dbpedia.org/resource/Versajski_dvorac">
    <owl:sameAs rdf:resource="http://dbpedia.org/resource/Palace_of_Versailles" />
  </rdf:Description>
  <rdf:Description rdf:about="http://simple.dbpedia.org/resource/Palace_of_Versailles">
    <owl:sameAs rdf:resource="http://dbpedia.org/resource/Palace_of_Versailles" />
  </rdf:Description>
  <rdf:Description rdf:about="http://sk.dbpedia.org/resource/Zámok_Versailles">
    <owl:sameAs rdf:resource="http://dbpedia.org/resource/Palace_of_Versailles" />
  </rdf:Description>
  <rdf:Description rdf:about="http://sl.dbpedia.org/resource/Versajska_palača">
    <owl:sameAs rdf:resource="http://dbpedia.org/resource/Palace_of_Versailles" />
  </rdf:Description>
  <rdf:Description rdf:about="http://sr.dbpedia.org/resource/Версајски_дворац">
    <owl:sameAs rdf:resource="http://dbpedia.org/resource/Palace_of_Versailles" />
  </rdf:Description>
  <rdf:Description rdf:about="http://sv.dbpedia.org/resource/Slottet_i_Versailles">
    <owl:sameAs rdf:resource="http://dbpedia.org/resource/Palace_of_Versailles" />
  </rdf:Description>
  <rdf:Description rdf:about="http://ta.dbpedia.org/resource/வெர்சாய்_அரண்மனை">
    <owl:sameAs rdf:resource="http://dbpedia.org/resource/Palace_of_Versailles" />
  </rdf:Description>
  <rdf:Description rdf:about="http://th.dbpedia.org/resource/พระราชวังแวร์ซาย">
    <owl:sameAs rdf:resource="http://dbpedia.org/resource/Palace_of_Versailles" />
  </rdf:Description>
  <rdf:Description rdf:about="http://tl.dbpedia.org/resource/Palasyo_ng_Versailles">
    <owl:sameAs rdf:resource="http://dbpedia.org/resource/Palace_of_Versailles" />
  </rdf:Description>
  <rdf:Description rdf:about="http://tr.dbpedia.org/resource/Versay_Sarayı">
    <owl:sameAs rdf:resource="http://dbpedia.org/resource/Palace_of_Versailles" />
  </rdf:Description>
  <rdf:Description rdf:about="http://uk.dbpedia.org/resource/Версальський_палац">
    <owl:sameAs rdf:resource="http://dbpedia.org/resource/Palace_of_Versailles" />
  </rdf:Description>
  <rdf:Description rdf:about="http://vi.dbpedia.org/resource/Lâu_đài_Versailles">
    <owl:sameAs rdf:resource="http://dbpedia.org/resource/Palace_of_Versailles" />
  </rdf:Description>
  <rdf:Description rdf:about="http://war.dbpedia.org/resource/Palasyo_han_Versailles">
    <owl:sameAs rdf:resource="http://dbpedia.org/resource/Palace_of_Versailles" />
  </rdf:Description>
  <rdf:Description rdf:about="http://xmf.dbpedia.org/resource/ვერსალიშ_დოხორე">
    <owl:sameAs rdf:resource="http://dbpedia.org/resource/Palace_of_Versailles" />
  </rdf:Description>
  <rdf:Description rdf:about="http://bug.dbpedia.org/resource/Versailles">
    <owl:sameAs rdf:resource="http://dbpedia.org/resource/Palace_of_Versailles" />
  </rdf:Description>
  <rdf:Description rdf:about="http://be_x_old.dbpedia.org/resource/Вэрсальскі_палац">
    <owl:sameAs rdf:resource="http://dbpedia.org/resource/Palace_of_Versailles" />
  </rdf:Description>
  <rdf:Description rdf:about="http://bo.dbpedia.org/resource/ཝེ་ཧི་ས་ཡེ་ཕོ་བྲང་།">
    <owl:sameAs rdf:resource="http://dbpedia.org/resource/Palace_of_Versailles" />
  </rdf:Description>
  <rdf:Description rdf:about="http://ckb.dbpedia.org/resource/کۆشکی_ڤێرسای">
    <owl:sameAs rdf:resource="http://dbpedia.org/resource/Palace_of_Versailles" />
  </rdf:Description>
</rdf:RDF>
