<?xml version="1.0" encoding="utf-8" ?>
<rdf:RDF
	xmlns:rdf="http://www.w3.org/1999/02/22-rdf-syntax-ns#"
	xmlns:rdfs="http://www.w3.org/2000/01/rdf-schema#"
	xmlns:owl="http://www.w3.org/2002/07/owl#"
	xmlns:dcterms="http://purl.org/dc/terms/"
	xmlns:dbpedia-owl="http://dbpedia.org/ontology/"
	xmlns:foaf="http://xmlns.com/foaf/0.1/"
	xmlns:dbpprop="http://dbpedia.org/property/"
	xmlns:ns7="http://www.w3.org/ns/prov#" >
  <rdf:Description rdf:about="http://dbpedia.org/resource/Anna_Maria_Luisa_de&#39;_Medici">
    <dbpedia-owl:birthPlace rdf:resource="http://dbpedia.org/resource/Palazzo_Pitti" />
    <dbpedia-owl:deathPlace rdf:resource="http://dbpedia.org/resource/Palazzo_Pitti" />
    <dbpprop:birthPlace rdf:resource="http://dbpedia.org/resource/Palazzo_Pitti" />
  </rdf:Description>
  <rdf:Description rdf:about="http://es.dbpedia.org/resource/Palacio_Pitti">
    <owl:sameAs rdf:resource="http://dbpedia.org/resource/Palazzo_Pitti" />
  </rdf:Description>
  <rdf:Description rdf:about="http://fr.dbpedia.org/resource/Palais_Pitti">
    <owl:sameAs rdf:resource="http://dbpedia.org/resource/Palazzo_Pitti" />
  </rdf:Description>
  <rdf:Description rdf:about="http://ja.dbpedia.org/resource/ピッティ宮殿">
    <owl:sameAs rdf:resource="http://dbpedia.org/resource/Palazzo_Pitti" />
  </rdf:Description>
  <rdf:Description rdf:about="http://ru.dbpedia.org/resource/Палаццо_Питти">
    <owl:sameAs rdf:resource="http://dbpedia.org/resource/Palazzo_Pitti" />
  </rdf:Description>
  <rdf:Description rdf:about="http://dbpedia.org/resource/Piazza_Pitti">
    <dbpedia-owl:wikiPageRedirects rdf:resource="http://dbpedia.org/resource/Palazzo_Pitti" />
  </rdf:Description>
  <rdf:Description rdf:about="http://dbpedia.org/resource/Piazza_de&#39;_Pitti">
    <dbpedia-owl:wikiPageRedirects rdf:resource="http://dbpedia.org/resource/Palazzo_Pitti" />
  </rdf:Description>
  <rdf:Description rdf:about="http://dbpedia.org/resource/Catherine_de&#39;_Medici,_Governor_of_Siena">
    <dbpedia-owl:birthPlace rdf:resource="http://dbpedia.org/resource/Palazzo_Pitti" />
    <dbpprop:birthPlace rdf:resource="http://dbpedia.org/resource/Palazzo_Pitti" />
    <dbpprop:placeOfBirth rdf:resource="http://dbpedia.org/resource/Palazzo_Pitti" />
  </rdf:Description>
  <rdf:Description rdf:about="http://dbpedia.org/resource/Cosimo_II_de&#39;_Medici,_Grand_Duke_of_Tuscany">
    <dbpedia-owl:birthPlace rdf:resource="http://dbpedia.org/resource/Palazzo_Pitti" />
    <dbpedia-owl:deathPlace rdf:resource="http://dbpedia.org/resource/Palazzo_Pitti" />
    <dbpprop:birthPlace rdf:resource="http://dbpedia.org/resource/Palazzo_Pitti" />
    <dbpprop:deathPlace rdf:resource="http://dbpedia.org/resource/Palazzo_Pitti" />
  </rdf:Description>
  <rdf:Description rdf:about="http://dbpedia.org/resource/Ferdinando_de&#39;_Medici,_Grand_Prince_of_Tuscany">
    <dbpedia-owl:birthPlace rdf:resource="http://dbpedia.org/resource/Palazzo_Pitti" />
    <dbpedia-owl:deathPlace rdf:resource="http://dbpedia.org/resource/Palazzo_Pitti" />
    <dbpprop:birthPlace rdf:resource="http://dbpedia.org/resource/Palazzo_Pitti" />
  </rdf:Description>
  <rdf:Description rdf:about="http://dbpedia.org/resource/Gian_Gastone_de&#39;_Medici,_Grand_Duke_of_Tuscany">
    <dbpedia-owl:birthPlace rdf:resource="http://dbpedia.org/resource/Palazzo_Pitti" />
    <dbpedia-owl:deathPlace rdf:resource="http://dbpedia.org/resource/Palazzo_Pitti" />
    <dbpprop:birthPlace rdf:resource="http://dbpedia.org/resource/Palazzo_Pitti" />
  </rdf:Description>
  <rdf:Description rdf:about="http://dbpedia.org/resource/Leopoldo_de&#39;_Medici">
    <dbpedia-owl:birthPlace rdf:resource="http://dbpedia.org/resource/Palazzo_Pitti" />
    <dbpprop:birthPlace rdf:resource="http://dbpedia.org/resource/Palazzo_Pitti" />
    <dbpprop:placeOfBirth rdf:resource="http://dbpedia.org/resource/Palazzo_Pitti" />
  </rdf:Description>
  <rdf:Description rdf:about="http://dbpedia.org/resource/Margherita_de&#39;_Medici">
    <dbpedia-owl:birthPlace rdf:resource="http://dbpedia.org/resource/Palazzo_Pitti" />
    <dbpprop:birthPlace rdf:resource="http://dbpedia.org/resource/Palazzo_Pitti" />
    <dbpprop:placeOfBirth rdf:resource="http://dbpedia.org/resource/Palazzo_Pitti" />
  </rdf:Description>
  <rdf:Description rdf:about="http://dbpedia.org/resource/Marie_de&#39;_Medici">
    <dbpedia-owl:birthPlace rdf:resource="http://dbpedia.org/resource/Palazzo_Pitti" />
    <dbpprop:birthPlace rdf:resource="http://dbpedia.org/resource/Palazzo_Pitti" />
  </rdf:Description>
  <rdf:Description rdf:about="http://dbpedia.org/resource/Claudia_de&#39;_Medici">
    <dbpedia-owl:birthPlace rdf:resource="http://dbpedia.org/resource/Palazzo_Pitti" />
    <dbpprop:birthPlace rdf:resource="http://dbpedia.org/resource/Palazzo_Pitti" />
  </rdf:Description>
  <rdf:Description rdf:about="http://it.dbpedia.org/resource/Palazzo_Pitti">
    <owl:sameAs rdf:resource="http://dbpedia.org/resource/Palazzo_Pitti" />
  </rdf:Description>
  <rdf:Description rdf:about="http://ko.dbpedia.org/resource/피티_궁전">
    <owl:sameAs rdf:resource="http://dbpedia.org/resource/Palazzo_Pitti" />
  </rdf:Description>
  <rdf:Description rdf:about="http://pt.dbpedia.org/resource/Palácio_Pitti">
    <owl:sameAs rdf:resource="http://dbpedia.org/resource/Palazzo_Pitti" />
  </rdf:Description>
  <rdf:Description rdf:about="http://dbpedia.org/resource/Cosimo_III_de&#39;_Medici,_Grand_Duke_of_Tuscany">
    <dbpedia-owl:birthPlace rdf:resource="http://dbpedia.org/resource/Palazzo_Pitti" />
    <dbpedia-owl:deathPlace rdf:resource="http://dbpedia.org/resource/Palazzo_Pitti" />
    <dbpprop:birthPlace rdf:resource="http://dbpedia.org/resource/Palazzo_Pitti" />
  </rdf:Description>
  <rdf:Description rdf:about="http://dbpedia.org/resource/Christina_of_Lorraine">
    <dbpedia-owl:deathPlace rdf:resource="http://dbpedia.org/resource/Palazzo_Pitti" />
    <dbpprop:deathPlace rdf:resource="http://dbpedia.org/resource/Palazzo_Pitti" />
  </rdf:Description>
  <rdf:Description rdf:about="http://dbpedia.org/resource/Maria_Maddalena_de&#39;_Medici">
    <dbpedia-owl:birthPlace rdf:resource="http://dbpedia.org/resource/Palazzo_Pitti" />
    <dbpprop:birthPlace rdf:resource="http://dbpedia.org/resource/Palazzo_Pitti" />
    <dbpprop:placeOfBirth rdf:resource="http://dbpedia.org/resource/Palazzo_Pitti" />
  </rdf:Description>
  <rdf:Description rdf:about="http://dbpedia.org/resource/La_donna_gravida">
    <dbpedia-owl:museum rdf:resource="http://dbpedia.org/resource/Palazzo_Pitti" />
    <dbpprop:museum rdf:resource="http://dbpedia.org/resource/Palazzo_Pitti" />
  </rdf:Description>
  <rdf:Description rdf:about="http://dbpedia.org/resource/Madonna_della_seggiola">
    <dbpedia-owl:museum rdf:resource="http://dbpedia.org/resource/Palazzo_Pitti" />
    <dbpprop:museum rdf:resource="http://dbpedia.org/resource/Palazzo_Pitti" />
  </rdf:Description>
  <rdf:Description rdf:about="http://dbpedia.org/resource/Portrait_of_Cardinal_Bibbiena_(Raphael)">
    <dbpedia-owl:museum rdf:resource="http://dbpedia.org/resource/Palazzo_Pitti" />
  </rdf:Description>
  <rdf:Description rdf:about="http://dbpedia.org/resource/Francesco_Maria_de&#39;_Medici,_Duke_of_Rovere_and_Montefeltro">
    <dbpedia-owl:birthPlace rdf:resource="http://dbpedia.org/resource/Palazzo_Pitti" />
    <dbpprop:birthPlace rdf:resource="http://dbpedia.org/resource/Palazzo_Pitti" />
    <dbpprop:placeOfBirth rdf:resource="http://dbpedia.org/resource/Palazzo_Pitti" />
  </rdf:Description>
  <rdf:Description rdf:about="http://dbpedia.org/resource/Francesco_de&#39;_Medici_(1614%E2%80%931634)">
    <dbpedia-owl:birthPlace rdf:resource="http://dbpedia.org/resource/Palazzo_Pitti" />
    <dbpprop:birthPlace rdf:resource="http://dbpedia.org/resource/Palazzo_Pitti" />
  </rdf:Description>
  <rdf:Description rdf:about="http://dbpedia.org/resource/Portrait_of_Fra_Antonio_Martelli_(Caravaggio)">
    <dbpedia-owl:museum rdf:resource="http://dbpedia.org/resource/Palazzo_Pitti" />
  </rdf:Description>
  <rdf:Description rdf:about="http://dbpedia.org/resource/Gian_Carlo_de&#39;_Medici">
    <dbpedia-owl:birthPlace rdf:resource="http://dbpedia.org/resource/Palazzo_Pitti" />
    <dbpprop:birthPlace rdf:resource="http://dbpedia.org/resource/Palazzo_Pitti" />
    <dbpprop:placeOfBirth rdf:resource="http://dbpedia.org/resource/Palazzo_Pitti" />
  </rdf:Description>
  <rdf:Description rdf:about="http://dbpedia.org/resource/Portrait_of_a_Young_Englishman">
    <dbpedia-owl:museum rdf:resource="http://dbpedia.org/resource/Palazzo_Pitti" />
    <dbpprop:museum rdf:resource="http://dbpedia.org/resource/Palazzo_Pitti" />
  </rdf:Description>
  <rdf:Description rdf:about="http://dbpedia.org/resource/The_Three_Ages_of_Man_(Giorgione)">
    <dbpedia-owl:museum rdf:resource="http://dbpedia.org/resource/Palazzo_Pitti" />
    <dbpprop:museum rdf:resource="http://dbpedia.org/resource/Palazzo_Pitti" />
  </rdf:Description>
  <rdf:Description rdf:about="http://dbpedia.org/resource/Penitent_Magdalene_(Titian,_1533)">
    <dbpedia-owl:museum rdf:resource="http://dbpedia.org/resource/Palazzo_Pitti" />
    <dbpprop:museum rdf:resource="http://dbpedia.org/resource/Palazzo_Pitti" />
  </rdf:Description>
  <rdf:Description rdf:about="http://dbpedia.org/resource/Consequences_of_War">
    <dbpedia-owl:museum rdf:resource="http://dbpedia.org/resource/Palazzo_Pitti" />
    <dbpprop:museum rdf:resource="http://dbpedia.org/resource/Palazzo_Pitti" />
  </rdf:Description>
  <rdf:Description rdf:about="http://dbpedia.org/resource/La_Bella">
    <dbpedia-owl:museum rdf:resource="http://dbpedia.org/resource/Palazzo_Pitti" />
    <dbpprop:museum rdf:resource="http://dbpedia.org/resource/Palazzo_Pitti" />
  </rdf:Description>
  <rdf:Description rdf:about="http://dbpedia.org/resource/Portrait_of_Ippolito_de&#39;_Medici">
    <dbpedia-owl:museum rdf:resource="http://dbpedia.org/resource/Palazzo_Pitti" />
  </rdf:Description>
  <rdf:Description rdf:about="http://dbpedia.org/resource/Portrait_of_Pietro_Aretino">
    <dbpedia-owl:museum rdf:resource="http://dbpedia.org/resource/Palazzo_Pitti" />
    <dbpprop:museum rdf:resource="http://dbpedia.org/resource/Palazzo_Pitti" />
  </rdf:Description>
  <rdf:Description rdf:about="http://dbpedia.org/resource/Portrait_of_Vincenzo_Mosti">
    <dbpedia-owl:museum rdf:resource="http://dbpedia.org/resource/Palazzo_Pitti" />
    <dbpprop:museum rdf:resource="http://dbpedia.org/resource/Palazzo_Pitti" />
  </rdf:Description>
  <rdf:Description rdf:about="http://dbpedia.org/resource/Pitti_Palace">
    <dbpedia-owl:wikiPageRedirects rdf:resource="http://dbpedia.org/resource/Palazzo_Pitti" />
  </rdf:Description>
  <rdf:Description rdf:about="http://dbpedia.org/resource/Ezekiel&#39;s_Vision_(Raphael)">
    <dbpedia-owl:museum rdf:resource="http://dbpedia.org/resource/Palazzo_Pitti" />
    <dbpprop:museum rdf:resource="http://dbpedia.org/resource/Palazzo_Pitti" />
  </rdf:Description>
  <rdf:Description rdf:about="http://dbpedia.org/resource/Lamentation_over_the_Dead_Christ_(Perugino)">
    <dbpedia-owl:museum rdf:resource="http://dbpedia.org/resource/Palazzo_Pitti" />
  </rdf:Description>
  <rdf:Description rdf:about="http://dbpedia.org/resource/La_velata">
    <dbpedia-owl:museum rdf:resource="http://dbpedia.org/resource/Palazzo_Pitti" />
  </rdf:Description>
  <rdf:Description rdf:about="http://dbpedia.org/resource/Palazzo_Pitti">
    <rdf:type rdf:resource="http://dbpedia.org/ontology/PopulatedPlace" />
    <rdf:type rdf:resource="http://dbpedia.org/class/yago/Residence108558963" />
    <rdf:type rdf:resource="http://dbpedia.org/class/yago/GeographicPoint108578706" />
    <rdf:type rdf:resource="http://dbpedia.org/class/yago/YagoLegalActorGeo" />
    <rdf:type rdf:resource="http://dbpedia.org/class/yago/Facility103315023" />
    <rdf:type rdf:resource="http://dbpedia.org/class/yago/Whole100003553" />
    <rdf:type rdf:resource="http://dbpedia.org/class/yago/Location100027167" />
    <rdf:type rdf:resource="http://dbpedia.org/class/yago/Address108491027" />
    <rdf:type rdf:resource="http://www.w3.org/2002/07/owl#Thing" />
    <rdf:type rdf:resource="http://dbpedia.org/class/yago/PhysicalEntity100001930" />
    <rdf:type rdf:resource="http://dbpedia.org/ontology/Place" />
    <rdf:type rdf:resource="http://dbpedia.org/class/yago/Depository103177349" />
    <rdf:type rdf:resource="http://dbpedia.org/class/yago/YagoPermanentlyLocatedEntity" />
    <rdf:type rdf:resource="http://schema.org/Place" />
    <rdf:type rdf:resource="http://dbpedia.org/class/yago/Museum103800563" />
    <rdf:type rdf:resource="http://dbpedia.org/class/yago/CarriageMuseumsInItaly" />
    <rdf:type rdf:resource="http://dbpedia.org/class/yago/Point108620061" />
    <rdf:type rdf:resource="http://dbpedia.org/class/yago/RoyalResidencesInItaly" />
    <rdf:type rdf:resource="http://dbpedia.org/class/yago/ArtMuseumsAndGalleriesInFlorence" />
    <rdf:type rdf:resource="http://dbpedia.org/class/yago/YagoGeoEntity" />
    <rdf:type rdf:resource="http://dbpedia.org/class/yago/Artifact100021939" />
    <rdf:type rdf:resource="http://dbpedia.org/class/yago/Object100002684" />
    <owl:sameAs rdf:resource="http://yago-knowledge.org/resource/Palazzo_Pitti" />
    <owl:sameAs rdf:resource="http://bs.dbpedia.org/resource/Palazzo_Pitti" />
    <owl:sameAs rdf:resource="http://sh.dbpedia.org/resource/Palazzo_Pitti" />
    <owl:sameAs rdf:resource="http://ko.dbpedia.org/resource/피티_궁전" />
    <owl:sameAs rdf:resource="http://uk.dbpedia.org/resource/Палаццо_Пітті" />
    <owl:sameAs rdf:resource="http://et.dbpedia.org/resource/Palazzo_Pitti" />
    <owl:sameAs rdf:resource="http://simple.dbpedia.org/resource/Palazzo_Pitti" />
    <owl:sameAs rdf:resource="http://bg.dbpedia.org/resource/Палацо_Пити" />
    <owl:sameAs rdf:resource="http://dbpedia.org/resource/Palazzo_Pitti" />
    <owl:sameAs rdf:resource="http://fi.dbpedia.org/resource/Palazzo_Pitti" />
    <owl:sameAs rdf:resource="http://ca.dbpedia.org/resource/Palau_Pitti" />
    <owl:sameAs rdf:resource="http://tr.dbpedia.org/resource/Pitti_Sarayı" />
    <owl:sameAs rdf:resource="http://sk.dbpedia.org/resource/Palazzo_Pitti" />
    <owl:sameAs rdf:resource="http://hu.dbpedia.org/resource/Pitti-palota" />
    <owl:sameAs rdf:resource="http://no.dbpedia.org/resource/Palazzo_Pitti" />
    <owl:sameAs rdf:resource="http://hr.dbpedia.org/resource/Palača_Pitti_u_Firenci" />
    <owl:sameAs rdf:resource="http://sv.dbpedia.org/resource/Palazzo_Pitti" />
    <owl:sameAs rdf:resource="http://th.dbpedia.org/resource/วังพิตติ" />
    <owl:sameAs rdf:resource="http://cs.dbpedia.org/resource/Palác_Pitti" />
    <owl:sameAs rdf:resource="http://nl.dbpedia.org/resource/Palazzo_Pitti" />
    <owl:sameAs rdf:resource="http://ar.dbpedia.org/resource/قصر_بيتي" />
    <owl:sameAs rdf:resource="http://rdf.freebase.com/ns/m.044bh6" />
    <owl:sameAs rdf:resource="http://pl.dbpedia.org/resource/Pałac_Pitti" />
    <owl:sameAs rdf:resource="http://vls.dbpedia.org/resource/Palazzo_Pitti" />
    <owl:sameAs rdf:resource="http://sr.dbpedia.org/resource/Палацо_Пити" />
    <owl:sameAs rdf:resource="http://zh.dbpedia.org/resource/彼提宫" />
    <owl:sameAs rdf:resource="http://it.dbpedia.org/resource/Palazzo_Pitti" />
    <owl:sameAs rdf:resource="http://www.wikidata.org/entity/Q29286" />
    <owl:sameAs rdf:resource="http://br.dbpedia.org/resource/Palez_Pitti" />
    <owl:sameAs rdf:resource="http://ja.dbpedia.org/resource/ピッティ宮殿" />
    <owl:sameAs rdf:resource="http://de.dbpedia.org/resource/Palazzo_Pitti" />
    <owl:sameAs rdf:resource="http://be.dbpedia.org/resource/Палацца_Піці" />
    <owl:sameAs rdf:resource="http://ru.dbpedia.org/resource/Палаццо_Питти" />
    <owl:sameAs rdf:resource="http://lv.dbpedia.org/resource/Pitti_pils" />
    <owl:sameAs rdf:resource="http://he.dbpedia.org/resource/פאלאצו_פיטי" />
    <owl:sameAs rdf:resource="http://war.dbpedia.org/resource/Palazzo_Pitti" />
    <owl:sameAs rdf:resource="http://pt.dbpedia.org/resource/Palácio_Pitti" />
    <owl:sameAs rdf:resource="http://ro.dbpedia.org/resource/Palazzo_Pitti" />
    <owl:sameAs rdf:resource="http://be_x_old.dbpedia.org/resource/Піцьці" />
    <owl:sameAs rdf:resource="http://es.dbpedia.org/resource/Palacio_Pitti" />
    <owl:sameAs rdf:resource="http://fr.dbpedia.org/resource/Palais_Pitti" />
    <owl:sameAs rdf:resource="http://sws.geonames.org/6697950/" />
    <owl:sameAs rdf:resource="http://ka.dbpedia.org/resource/პიტის_სასახლე" />
    <owl:sameAs rdf:resource="http://la.dbpedia.org/resource/Palatium_Pitti" />
    <owl:sameAs rdf:resource="http://el.dbpedia.org/resource/Παλάτσο_Πίτι" />
    <dcterms:subject rdf:resource="http://dbpedia.org/resource/Category:Palaces_in_Florence" />
    <dcterms:subject rdf:resource="http://dbpedia.org/resource/Category:Art_museums_and_galleries_in_Florence" />
    <dcterms:subject rdf:resource="http://dbpedia.org/resource/Category:1458_establishments" />
    <dcterms:subject rdf:resource="http://dbpedia.org/resource/Category:Carriage_museums_in_Italy" />
    <dcterms:subject rdf:resource="http://dbpedia.org/resource/Category:Renaissance_architecture_in_Florence" />
    <dcterms:subject rdf:resource="http://dbpedia.org/resource/Category:House_of_Medici" />
    <dcterms:subject rdf:resource="http://dbpedia.org/resource/Category:Royal_residences_in_Italy" />
    <dcterms:subject rdf:resource="http://dbpedia.org/resource/Category:1450s_architecture" />
    <dbpedia-owl:abstract xml:lang="ru">Палаццо Питти — самый большой из ныне существующих флорентийских палаццо, одна из самых значительных достопримечательностей Флоренции. Находится на покатой Площади Питти; позади здания размещаются Сады Боболи.</dbpedia-owl:abstract>
    <dbpedia-owl:abstract xml:lang="ja">ピッティ宮殿（ピッティきゅうでん、伊：Palazzo Pitti）は、イタリアのフィレンツェにあるルネサンス様式の広大な宮殿。トスカーナ大公の宮殿として使用された。アルノ川の西岸に位置し、ウフィッツィ美術館とはヴァザーリの回廊を通じて結ばれている。 1587年にフェルディナンド1世が即位して以降、ヴィットーリオ・エマヌエーレ3世によってイタリア国民に移譲されるまで、トスカーナにおける宮廷としての役割を果たし続けた。約400年に渡り、メディチ家を中心として収集された絵画や宝飾品のコレクションは膨大な数にのぼる。現在この建物は、内蔵する美術品とともに美術館として一般に開放されている。</dbpedia-owl:abstract>
    <dbpedia-owl:abstract xml:lang="nl">| |- | |- | |} Palazzo Pitti is een paleis en museum in de Italiaanse stad Florence. Gelegen ten zuiden van de rivier de Arno.</dbpedia-owl:abstract>
    <dbpedia-owl:abstract xml:lang="sv">Palazzo Pitti är ett renässanspalats i Florens. Det ligger på den södra sidan av floden Arno i närheten av Ponte Vecchio. Palazzo Pitti innehåller flera museer av olika slag: ett konstgalleri, Galleria palatina med mästerverk av Rafael, Tizian med flera, Appartamenti monumentali, Galleria d&#39;arte moderna med verk av Macchiaioli och andra specialiserade museer: Museo degli Argenti, tillägnat brukskonst och Galleria del costume, det största museum tillägnat den italienska modet samt även ett porslinsmuseum, Museo delle porcellane, och ett transportmuseum, Museo delle carrozze. Kärnan i det nuvarande palatset är från 1458 och var ursprungligen residens för bankenmannen Luca Pitti. Det köptes av familjen Medici 1539 som officiellt residens för de härskande familjerna i Storhertigdömet Toscana. Palatset användes under sent 1700-tal av Napoleon Bonaparte. En kort tid var palatset det viktigaste kungliga slottet i det förenade Italien. Slottet och dess inventarier skänktes till det italienska folket av kung Viktor Emanuel III i 1919. Idag är slottet öppet för allmänheten och utgör med sin praktfulla interiör en av Florens största konstgallerier. Idag inrymmer det flera mindre samlingar förutom de av familjen Medici.</dbpedia-owl:abstract>
    <dbpedia-owl:abstract xml:lang="fr">Le palais Pitti est un immense palais de style Renaissance situé à Florence, en Italie. Il a été érigé dans le quartier Oltrarno (rive ouest du fleuve Arno), non loin du Ponte Vecchio. Le cœur du palais actuel date de 1458 et était, à l’origine, la résidence de Luca Pitti, un ambitieux banquier florentin. Le palais est racheté en 1549 par la famille Médicis et devient la résidence principale des familles régnantes du grand-duché de Toscane. Au fil du temps, il se transforme en véritable coffre aux trésors, les générations successives y amassant peintures, orfèvreries, bijoux et autres biens de luxe. À la fin du XVIII siècle, le palais Pitti est utilisé comme base politique par Napoléon I, il sert ensuite également mais brièvement de palais royal à l’Italie nouvellement unifiée. Le palais et son contenu sont cédés au peuple italien par le roi Victor-Emmanuel III d&#39;Italie en 1919 et ses portes ouvertes au public, dévoilant l’une des plus grandes galeries d’art de Florence. Aujourd’hui, il offre au public plusieurs collections mineures en plus de celles de la famille Médicis. Sa façade, de style bugnato, est composée de blocs qui lui donnent une allure générale monumentale et massive, elle est composée de pietra forte, des pierres provenant des carrières de la colline de Boboli. La Piazza de&#39; Pitti fut ultérieurement agrandie en 1837, par la démolition de quelques palais des côtés, comme le Palais Guidetti, ce qui a permis de dégager le Palais Guicciardini dans l&#39;angle. Deux plaques rappellent que l&#39;astronome Paolo Toscanelli y a vécu, au n 18, et que Fiodor Dostoïevski y a écrit son roman l&#39;Idiot de 1868 à 1869, résidant au n 2.</dbpedia-owl:abstract>
    <dbpedia-owl:abstract xml:lang="de">Der Palazzo Pitti ist ein Renaissance-Palast in Florenz im Stadtteil Oltrarno und ist das größte Gebäude dieses Stadtteils auf der südlichen Arnoseite. Das in seinem Grundbestand Filippo Brunelleschi zugeschriebene Gebäude wurde um 1458 für den Kaufmann Luca Pitti erbaut. Auffällig ist die konsequente Verwendung grob behauener Steinquader als einziger Fassadenschmuck in allen drei einander sehr ähnlichen Stockwerken (hier liegt ein wesentlicher Unterschied zu dem Palazzo Medici-Riccardi und dem Palazzo Strozzi, die dem Gebäude den für die Bauten des Florentiner Adels typischen festungsartigen Charakter verleihen). Nachdem die Pittis an der Teilnahme der Verschwörung der Pazzis überführt wurden, blieb der Bau für fast hundert Jahre unvollendet. Erst nachdem er 1549 an Eleonora von Toledo, der Gattin Cosimo I. de’ Medici, verkauft worden war, begann man mit Um- und Erweiterungsbauten und der Anlage des Boboli-Gartens. Das florentinische Sparrendach wurde durch ein niedrigeres, hinter Balustraden verborgenes ersetzt. Bartolomeo Ammanati fügte 1568 in die zugemauerten Bogenportale des Erdgeschosses Renaissancefenster ein. Er war auch verantwortlich für die Gartenfassade, die Gestaltung des Hofs und für Teile der Gartenanlagen. Das Hauptgebäude, das ursprünglich dreistöckig mit sieben Fensterachsen angelegt war, wurde zwischen 1620 und 1631 auf eine Breite von 13 Fensterachsen vergrößert und mit zwei zweistöckigen Seitenflügeln mit je fünf Achsen ergänzt, die Brunelleschis und Ammanatis Fassadengestaltung nahtlos weiterführen. Als letztes folgten 1764 einstöckige seitliche Anbauten mit Arkaden, die den Vorplatz einrahmen. Im Jahre 1565 baute Giorgio Vasari einen langen Korridor über den Ponte Vecchio der den Palazzo Pitti über die Kirche Santa Felicità, die Brücke Ponte Vecchio und die Uffizien mit dem Palazzo Vecchio auf der anderen Seite des Arno verbindet. So konnten die Palastbewohner vom gemeinen Volke unbehelligt zwischen Wohnsitz und Rathaus hin- und herpendeln. Der Palazzo Pitti war seit dem 16. Jahrhundert Residenz der Herzöge von Toskana, später die Florentiner Residenz des Königs von Italien. König Viktor Emanuel III. trat ihn 1919 an den italienischen Staat ab – seitdem sind der Palazzo Pitti und seine Gemäldesammlungen öffentlich zugänglich, darunter die Galleria Palatina der Medici mit Werken von Tizian, Giorgione, Raffael und Rubens und die Galleria d&#39;arte moderna mit Werken vom Klassizismus bis zum Beginn des italienischen Futurismus an der Jahrhundertwende des Zwanzigsten Jahrhunderts. Der Palazzo Pitti beherbergt folgende Museen beziehungsweise ständige Ausstellungen: Galleria Palatina (Gemäldesammlung der Medici) Galleria d’Arte Moderna (Bilder des Klassizismus bis Neoklassizismus) die Kostümgalerie (Galleria del Costume) das Porzellanmuseum (Museo delle Porcellane) das Silbermuseum (Museo degli Argenti&#39;) die königlichen Gemächer (Appartamenti Reali) das Kutschenmuseum (Museo delle Carrozze) Weiterhin ist in einem Seitenflügel des Gebäudes eine Station der Carabinieri untergebracht, die durch die Kriminalromane der britischen Schriftstellerin Magdalen Nabb bekannt wurde. Der Palazzo Pitti war das Vorbild für den Königsbau der Münchner Residenz.</dbpedia-owl:abstract>
    <dbpedia-owl:abstract xml:lang="it">Palazzo Pitti è la reggia del Granducato di Toscana, già abitata dai Medici, dai Lorena e dei Savoia. Si trova in piazza Pitti al numero civico 1, nella zona di Oltrarno. Al suo interno sono ospitati diversi musei di diversa natura: una galleria d&#39;arte sistemata secondo il criterio della quadreria settecentesca, gli appartamenti monumentali, la Galleria d&#39;arte moderna (con le opere dei macchiaioli) e altri musei specializzati: il Museo degli argenti, dedicato all&#39;arte applicata, la Galleria del costume, il maggiore museo italiano dedicato alla moda, il Museo delle porcellane e il Museo delle carrozze. I giardini monumentali di Boboli sono uno dei migliori esempi nel mondo di giardino all&#39;italiana.</dbpedia-owl:abstract>
    <dbpedia-owl:abstract xml:lang="pt">Palácio Pitti (Palazzo Pitti) é um grande palácio renascentista de Florença. Está situado na margem direita do rio Arno, a muito pouca distância da Ponte Vecchio. O aspecto actual do palácio data do século XVII, tendo sido originariamente projectado por Filippo Brunelleschi, ou pelo seu aprendiz Luca Fancelli, como residência urbana de Luca Pitti, um banqueiro florentino. Foi comprado em 1539 pela Família Médici, para servir de residência oficial dos Grandes Duques da Toscânia. Já alojou importantíssimas famílias para além dos Médici, como os Lorena, os Bourbon, os Bonaparte e os Saboia. Agressivo e robusto este palácio criou um novo estilo palaciano renascentista. O Palácio Pitti, como protótipo do estilo palaciano renascentista, prescinde, evidentemente, da torre defensiva, típica nas casas senhoriais da Idade Média. Para proteger a mansão, Brunelleschi inspira-se na arquitectura romana, recorrendo a paredes muito grossas e a janelas pequenas e muito elevadas. Deste modo, Brunelleschi cria um palácio robusto, moderno e agressivo. O pátio do palácio, projectado por Ammannati, é um exemplo da arquitectura maneirista florentina. Na decoração dos muros, Ammannati recria um esquema clássico, com colunas, no estilo dórico, jónico e coríntio, e arcos que se sucedem, criando um efeito óptico do qual, a parede, parece sobressaír. Foi ampliado consideravelmente no século XVI por Bartolomeo Ammannati que, a mando de Dona Leonor de Toledo, esposa do conde Cosmo de Médici, converteu um palácio inacabado num complexo palácio dividido em três alas. Porém, na primeira metade do século XVII, Giulio e Afonso Parigi encarregaram-se de ampliar o palácio novamente, mas desta feita, somente na parte frontal. Esta foi também a última ampliação do palácio. No século XIX, o palácio foi usado como base militar por Napoleão Bonaparte, e de seguida serviu por um curto período de tempo como residência oficial dos reis da Itália. No início do século XX, o Palácio Pitti, juntamente com o seu conteúdo, foi doado ao povo italiano por Vítor Emanuel III; por esse motivo, as suas portas foram abertas ao público e converteu-se numa das maiores galerias de arte de Florença. Hoje em dia, mantém-se como museu público, mas as suas colecções iniciais foram ampliadas.</dbpedia-owl:abstract>
    <dbpedia-owl:abstract xml:lang="es">El Palazzo Pitti es un gigantesco palacio renacentista en Florencia, Italia. Está situado en la ribera sur del Arno, a muy corta distancia del Ponte Vecchio. El aspecto del actual palacio data de 1458 y era originalmente la residencia urbana de Luca Pitti, un banquero florentino. Fue comprado por la familia Médici en 1549 como residencia oficial de los Grandes Duques de la Toscana. En el siglo XIX, el palacio fue usado como base militar por Napoleón I, y luego sirvió, durante un corto período, como residencia oficial de los Reyes de Italia. A principios del siglo XX, el palazzo junto con su contenido fue donado al pueblo italiano por Víctor Manuel III; por lo que se abrieron sus puertas al público y se convirtió en una de las más grandes galerías de arte de Florencia. Hoy en día sigue siendo un museo público, ampliado con colecciones de arte del siglo XIX y principios del XX.</dbpedia-owl:abstract>
    <dbpedia-owl:abstract xml:lang="zh">佛羅倫斯彼提宮（意大利文：Palazzo Pitti）是一座规模宏大的文艺复兴时期佛罗伦萨的宫殿。位于阿诺河的南岸，距离老桥只有一点距离。1458年建造时原是一位佛罗伦萨银行家卢卡·皮蒂的住所。 1539年，這個宫殿由美第奇家族购下，并作為托斯卡纳大公的主要住所。通过世代累积皮蒂宫逐渐储藏了大量的绘画、珠宝和贵重的财宝。 後來到了18世纪晚期，皮蒂宫被当做了拿破仑·波拿巴的权利中心，后来统一后的新意大利皇室也曾在此短暂居住。1919年，维托里奥·埃马努埃莱三世把宫殿和藏品一起捐献给意大利人民，现作为佛罗伦萨最大的美术馆对公众开放。</dbpedia-owl:abstract>
    <dbpedia-owl:abstract xml:lang="pl">Pałac Pitti (Palazzo Pitti) – renesansowy pałac znajdujący się we Florencji. Położony jest na południowym brzegu rzeki Arno, niedaleko od Ponte Vecchio. Budowę pałacu rozpoczął w 1458 roku florencki bankier Luca Pitti i z tego czasu pochodzi zasadnicza część dzisiejszej budowli. Nie ma pewności kto zaprojektował budynek. Zgodnie z XVI-wiecznym przekazem Giorgio Vasariego miał nim być Filippo Brunelleschi, jednak informacja ta wzbudza kontrowersje – budowę rozpoczęto bowiem dopiero 12 lat po śmierci Brunelleschiego, a ponadto kierownikiem budowy miał być według tego samego przekazu Luca Fancelli, wówczas jeszcze dziecko. Część badaczy, opierając się na cechach stylistycznych budynku, uważa Pałac raczej za dzieło Leona Battisty Albertiego. Budowę pałacu przerwano w 1472 roku, po śmierci właściciela. Do 1550 budynek stał nieukończony, aż kupili go florenccy Medyceusze na oficjalną rezydencję panujących w Wielkim Księstwie Toskanii i przebudowali. Obecnie Pałac Pitti stanowi największy kompleks muzealny we Florencji, składający się z: Galleria Palatina (m. in. dzieła malarskie Rafaela i Tycjana) Galleria d&#39;Arte Moderna (Galeria Sztuki Współczesnej) Museo degli Argenti (Muzeum Wyrobów Srebrnych) Galleria del Costume (Galeria Kostiumów)</dbpedia-owl:abstract>
    <dbpedia-owl:abstract xml:lang="en">The Palazzo Pitti, in English sometimes called the Pitti Palace, is a vast mainly Renaissance palace in Florence, Italy. It is situated on the south side of the River Arno, a short distance from the Ponte Vecchio. The core of the present palazzo dates from 1458 and was originally the town residence of Luca Pitti, an ambitious Florentine banker. The palace was bought by the Medici family in 1549 and became the chief residence of the ruling families of the Grand Duchy of Tuscany. It grew as a great treasure house as later generations amassed paintings, plates, jewelry and luxurious possessions. In the late 18th century, the palazzo was used as a power base by Napoleon, and later served for a brief period as the principal royal palace of the newly united Italy. The palace and its contents were donated to the Italian people by King Victor Emmanuel III in 1919, and its doors were opened to the public as one of Florence&#39;s largest art galleries. Today, it houses several minor collections in addition to those of the Medici family, and is fully open to the public.</dbpedia-owl:abstract>
    <dbpedia-owl:wikiPageID rdf:datatype="http://www.w3.org/2001/XMLSchema#integer">1080994</dbpedia-owl:wikiPageID>
    <dbpedia-owl:wikiPageRevisionID rdf:datatype="http://www.w3.org/2001/XMLSchema#integer">543864067</dbpedia-owl:wikiPageRevisionID>
    <rdfs:label xml:lang="pl">Pałac Pitti</rdfs:label>
    <rdfs:label xml:lang="it">Palazzo Pitti</rdfs:label>
    <rdfs:label xml:lang="de">Palazzo Pitti</rdfs:label>
    <rdfs:label xml:lang="en">Palazzo Pitti</rdfs:label>
    <rdfs:label xml:lang="es">Palacio Pitti</rdfs:label>
    <rdfs:label xml:lang="sv">Palazzo Pitti</rdfs:label>
    <rdfs:label xml:lang="ru">Палаццо Питти</rdfs:label>
    <rdfs:label xml:lang="ja">ピッティ宮殿</rdfs:label>
    <rdfs:label xml:lang="fr">Palais Pitti</rdfs:label>
    <rdfs:label xml:lang="pt">Palácio Pitti</rdfs:label>
    <rdfs:label xml:lang="zh">彼提宫</rdfs:label>
    <rdfs:label xml:lang="nl">Palazzo Pitti</rdfs:label>
    <foaf:depiction rdf:resource="http://upload.wikimedia.org/wikipedia/commons/1/13/Firenza_Palazzo_Pitti.jpg" />
    <rdfs:comment xml:lang="pt">Palácio Pitti (Palazzo Pitti) é um grande palácio renascentista de Florença. Está situado na margem direita do rio Arno, a muito pouca distância da Ponte Vecchio. O aspecto actual do palácio data do século XVII, tendo sido originariamente projectado por Filippo Brunelleschi, ou pelo seu aprendiz Luca Fancelli, como residência urbana de Luca Pitti, um banqueiro florentino. Foi comprado em 1539 pela Família Médici, para servir de residência oficial dos Grandes Duques da Toscânia.</rdfs:comment>
    <rdfs:comment xml:lang="fr">Le palais Pitti est un immense palais de style Renaissance situé à Florence, en Italie. Il a été érigé dans le quartier Oltrarno (rive ouest du fleuve Arno), non loin du Ponte Vecchio. Le cœur du palais actuel date de 1458 et était, à l’origine, la résidence de Luca Pitti, un ambitieux banquier florentin. Le palais est racheté en 1549 par la famille Médicis et devient la résidence principale des familles régnantes du grand-duché de Toscane.</rdfs:comment>
    <rdfs:comment xml:lang="ja">ピッティ宮殿（ピッティきゅうでん、伊：Palazzo Pitti）は、イタリアのフィレンツェにあるルネサンス様式の広大な宮殿。トスカーナ大公の宮殿として使用された。アルノ川の西岸に位置し、ウフィッツィ美術館とはヴァザーリの回廊を通じて結ばれている。 1587年にフェルディナンド1世が即位して以降、ヴィットーリオ・エマヌエーレ3世によってイタリア国民に移譲されるまで、トスカーナにおける宮廷としての役割を果たし続けた。約400年に渡り、メディチ家を中心として収集された絵画や宝飾品のコレクションは膨大な数にのぼる。現在この建物は、内蔵する美術品とともに美術館として一般に開放されている。</rdfs:comment>
    <rdfs:comment xml:lang="pl">Pałac Pitti (Palazzo Pitti) – renesansowy pałac znajdujący się we Florencji. Położony jest na południowym brzegu rzeki Arno, niedaleko od Ponte Vecchio. Budowę pałacu rozpoczął w 1458 roku florencki bankier Luca Pitti i z tego czasu pochodzi zasadnicza część dzisiejszej budowli. Nie ma pewności kto zaprojektował budynek.</rdfs:comment>
    <rdfs:comment xml:lang="es">El Palazzo Pitti es un gigantesco palacio renacentista en Florencia, Italia. Está situado en la ribera sur del Arno, a muy corta distancia del Ponte Vecchio. El aspecto del actual palacio data de 1458 y era originalmente la residencia urbana de Luca Pitti, un banquero florentino. Fue comprado por la familia Médici en 1549 como residencia oficial de los Grandes Duques de la Toscana.</rdfs:comment>
    <rdfs:comment xml:lang="ru">Палаццо Питти — самый большой из ныне существующих флорентийских палаццо, одна из самых значительных достопримечательностей Флоренции. Находится на покатой Площади Питти; позади здания размещаются Сады Боболи.</rdfs:comment>
    <rdfs:comment xml:lang="nl">| |- | |- | |} Palazzo Pitti is een paleis en museum in de Italiaanse stad Florence. Gelegen ten zuiden van de rivier de Arno.</rdfs:comment>
    <rdfs:comment xml:lang="sv">Palazzo Pitti är ett renässanspalats i Florens. Det ligger på den södra sidan av floden Arno i närheten av Ponte Vecchio.</rdfs:comment>
    <rdfs:comment xml:lang="de">Der Palazzo Pitti ist ein Renaissance-Palast in Florenz im Stadtteil Oltrarno und ist das größte Gebäude dieses Stadtteils auf der südlichen Arnoseite. Das in seinem Grundbestand Filippo Brunelleschi zugeschriebene Gebäude wurde um 1458 für den Kaufmann Luca Pitti erbaut.</rdfs:comment>
    <rdfs:comment xml:lang="it">Palazzo Pitti è la reggia del Granducato di Toscana, già abitata dai Medici, dai Lorena e dei Savoia. Si trova in piazza Pitti al numero civico 1, nella zona di Oltrarno.</rdfs:comment>
    <rdfs:comment xml:lang="zh">佛羅倫斯彼提宮（意大利文：Palazzo Pitti）是一座规模宏大的文艺复兴时期佛罗伦萨的宫殿。位于阿诺河的南岸，距离老桥只有一点距离。1458年建造时原是一位佛罗伦萨银行家卢卡·皮蒂的住所。 1539年，這個宫殿由美第奇家族购下，并作為托斯卡纳大公的主要住所。通过世代累积皮蒂宫逐渐储藏了大量的绘画、珠宝和贵重的财宝。 後來到了18世纪晚期，皮蒂宫被当做了拿破仑·波拿巴的权利中心，后来统一后的新意大利皇室也曾在此短暂居住。1919年，维托里奥·埃马努埃莱三世把宫殿和藏品一起捐献给意大利人民，现作为佛罗伦萨最大的美术馆对公众开放。</rdfs:comment>
    <rdfs:comment xml:lang="en">The Palazzo Pitti, in English sometimes called the Pitti Palace, is a vast mainly Renaissance palace in Florence, Italy. It is situated on the south side of the River Arno, a short distance from the Ponte Vecchio. The core of the present palazzo dates from 1458 and was originally the town residence of Luca Pitti, an ambitious Florentine banker. The palace was bought by the Medici family in 1549 and became the chief residence of the ruling families of the Grand Duchy of Tuscany.</rdfs:comment>
    <dbpedia-owl:thumbnail rdf:resource="http://upload.wikimedia.org/wikipedia/commons/thumb/1/13/Firenza_Palazzo_Pitti.jpg/200px-Firenza_Palazzo_Pitti.jpg" />
    <dbpedia-owl:wikiPageExternalLink rdf:resource="http://www.polomuseale.firenze.it/english/musei/palazzopitti/" />
    <dbpedia-owl:wikiPageExternalLink rdf:resource="http://www.museumsinflorence.com/musei/palatine_gallery.html" />
    <dbpedia-owl:wikiPageExternalLink rdf:resource="http://www.arca.net/db/musei/pitti.htm" />
    <dbpedia-owl:wikiPageExternalLink rdf:resource="http://www.museumsinflorence.com/musei/silver_museum.html" />
    <dbpedia-owl:wikiPageExternalLink rdf:resource="http://www.museumsinflorence.com/musei/Porcelaine_museum.html" />
    <dbpedia-owl:wikiPageExternalLink rdf:resource="http://www.florence-guide.it/en/images/virtual-tour/pitti-palace" />
    <dbpedia-owl:wikiPageExternalLink rdf:resource="http://www.museumsinflorence.com/musei/gallery_of_modern_art.html" />
    <dbpedia-owl:wikiPageExternalLink rdf:resource="http://www.museumsinflorence.com/musei/Pitti_apartments.html" />
    <dbpedia-owl:wikiPageExternalLink rdf:resource="http://www.museumsinflorence.com/musei/boboli_garden.html" />
    <foaf:homepage rdf:resource="http://www.polomuseale.firenze.it/english/musei/palazzopitti/" />
    <foaf:isPrimaryTopicOf rdf:resource="http://en.wikipedia.org/wiki/Palazzo_Pitti" />
    <ns7:wasDerivedFrom rdf:resource="http://en.wikipedia.org/wiki/Palazzo_Pitti?oldid=543864067" />
    <dbpprop:hasPhotoCollection rdf:resource="http://wifo5-03.informatik.uni-mannheim.de/flickrwrappr/photos/Palazzo_Pitti" />
  </rdf:Description>
  <rdf:Description rdf:about="http://dbpedia.org/resource/Portrait_of_a_Young_Man_(Botticelli,_Pitti_Palace)">
    <dbpedia-owl:museum rdf:resource="http://dbpedia.org/resource/Palazzo_Pitti" />
  </rdf:Description>
  <rdf:Description rdf:about="http://dbpedia.org/resource/Galleria_Palatina">
    <dbpedia-owl:wikiPageRedirects rdf:resource="http://dbpedia.org/resource/Palazzo_Pitti" />
  </rdf:Description>
  <rdf:Description rdf:about="http://dbpedia.org/resource/Palatine_Gallery">
    <dbpedia-owl:wikiPageRedirects rdf:resource="http://dbpedia.org/resource/Palazzo_Pitti" />
  </rdf:Description>
  <rdf:Description rdf:about="http://dbpedia.org/resource/Palazzo_Pitti,_Florence">
    <dbpedia-owl:wikiPageRedirects rdf:resource="http://dbpedia.org/resource/Palazzo_Pitti" />
  </rdf:Description>
  <rdf:Description rdf:about="http://dbpedia.org/resource/Palazzo_Pitti_Florence">
    <dbpedia-owl:wikiPageRedirects rdf:resource="http://dbpedia.org/resource/Palazzo_Pitti" />
  </rdf:Description>
  <rdf:Description rdf:about="http://dbpedia.org/resource/Pitti_Gallery">
    <dbpedia-owl:wikiPageRedirects rdf:resource="http://dbpedia.org/resource/Palazzo_Pitti" />
  </rdf:Description>
  <rdf:Description rdf:about="http://dbpedia.org/resource/Pitti_palace">
    <dbpedia-owl:wikiPageRedirects rdf:resource="http://dbpedia.org/resource/Palazzo_Pitti" />
  </rdf:Description>
  <rdf:Description rdf:about="http://dbpedia.org/resource/Portrait_of_Agnolo_Doni">
    <dbpedia-owl:museum rdf:resource="http://dbpedia.org/resource/Palazzo_Pitti" />
    <dbpprop:museum rdf:resource="http://dbpedia.org/resource/Palazzo_Pitti" />
  </rdf:Description>
  <rdf:Description rdf:about="http://dbpedia.org/resource/Portrait_of_Maddalena_Doni">
    <dbpedia-owl:museum rdf:resource="http://dbpedia.org/resource/Palazzo_Pitti" />
    <dbpprop:museum rdf:resource="http://dbpedia.org/resource/Palazzo_Pitti" />
  </rdf:Description>
  <rdf:Description rdf:about="http://cs.dbpedia.org/resource/Palác_Pitti">
    <owl:sameAs rdf:resource="http://dbpedia.org/resource/Palazzo_Pitti" />
  </rdf:Description>
  <rdf:Description rdf:about="http://de.dbpedia.org/resource/Palazzo_Pitti">
    <owl:sameAs rdf:resource="http://dbpedia.org/resource/Palazzo_Pitti" />
  </rdf:Description>
  <rdf:Description rdf:about="http://pl.dbpedia.org/resource/Pałac_Pitti">
    <owl:sameAs rdf:resource="http://dbpedia.org/resource/Palazzo_Pitti" />
  </rdf:Description>
  <rdf:Description rdf:about="http://dbpedia.org/resource/Ferdinando_II_de&#39;_Medici,_Grand_Duke_of_Tuscany">
    <dbpedia-owl:birthPlace rdf:resource="http://dbpedia.org/resource/Palazzo_Pitti" />
    <dbpedia-owl:deathPlace rdf:resource="http://dbpedia.org/resource/Palazzo_Pitti" />
    <dbpprop:birthPlace rdf:resource="http://dbpedia.org/resource/Palazzo_Pitti" />
  </rdf:Description>
  <rdf:Description rdf:about="http://dbpedia.org/resource/Madonna_del_Granduca">
    <dbpedia-owl:museum rdf:resource="http://dbpedia.org/resource/Palazzo_Pitti" />
    <dbpprop:museum rdf:resource="http://dbpedia.org/resource/Palazzo_Pitti" />
  </rdf:Description>
  <rdf:Description rdf:about="http://dbpedia.org/resource/Sleeping_Cupid_(Caravaggio)">
    <dbpedia-owl:museum rdf:resource="http://dbpedia.org/resource/Palazzo_Pitti" />
    <dbpprop:museum rdf:resource="http://dbpedia.org/resource/Palazzo_Pitti" />
  </rdf:Description>
  <rdf:Description rdf:about="http://dbpedia.org/resource/Duchess_Violante_Beatrice_of_Bavaria">
    <dbpedia-owl:deathPlace rdf:resource="http://dbpedia.org/resource/Palazzo_Pitti" />
    <dbpprop:deathPlace rdf:resource="http://dbpedia.org/resource/Palazzo_Pitti" />
  </rdf:Description>
  <rdf:Description rdf:about="http://el.dbpedia.org/resource/Παλάτσο_Πίτι">
    <owl:sameAs rdf:resource="http://dbpedia.org/resource/Palazzo_Pitti" />
  </rdf:Description>
  <rdf:Description rdf:about="http://en.wikipedia.org/wiki/Palazzo_Pitti">
    <foaf:primaryTopic rdf:resource="http://dbpedia.org/resource/Palazzo_Pitti" />
  </rdf:Description>
  <rdf:Description rdf:about="http://dbpedia.org/resource/Anna_de&#39;_Medici,_Archduchess_of_Austria">
    <dbpedia-owl:birthPlace rdf:resource="http://dbpedia.org/resource/Palazzo_Pitti" />
    <dbpprop:birthPlace rdf:resource="http://dbpedia.org/resource/Palazzo_Pitti" />
  </rdf:Description>
  <rdf:Description rdf:about="http://nl.dbpedia.org/resource/Palazzo_Pitti">
    <owl:sameAs rdf:resource="http://dbpedia.org/resource/Palazzo_Pitti" />
  </rdf:Description>
  <rdf:Description rdf:about="http://wikidata.dbpedia.org/resource/Q29286">
    <owl:sameAs rdf:resource="http://dbpedia.org/resource/Palazzo_Pitti" />
  </rdf:Description>
  <rdf:Description rdf:about="http://zh.dbpedia.org/resource/彼提宫">
    <owl:sameAs rdf:resource="http://dbpedia.org/resource/Palazzo_Pitti" />
  </rdf:Description>
  <rdf:Description rdf:about="http://ar.dbpedia.org/resource/قصر_بيتي">
    <owl:sameAs rdf:resource="http://dbpedia.org/resource/Palazzo_Pitti" />
  </rdf:Description>
  <rdf:Description rdf:about="http://be.dbpedia.org/resource/Палацца_Піці">
    <owl:sameAs rdf:resource="http://dbpedia.org/resource/Palazzo_Pitti" />
  </rdf:Description>
  <rdf:Description rdf:about="http://bg.dbpedia.org/resource/Палацо_Пити">
    <owl:sameAs rdf:resource="http://dbpedia.org/resource/Palazzo_Pitti" />
  </rdf:Description>
  <rdf:Description rdf:about="http://br.dbpedia.org/resource/Palez_Pitti">
    <owl:sameAs rdf:resource="http://dbpedia.org/resource/Palazzo_Pitti" />
  </rdf:Description>
  <rdf:Description rdf:about="http://bs.dbpedia.org/resource/Palazzo_Pitti">
    <owl:sameAs rdf:resource="http://dbpedia.org/resource/Palazzo_Pitti" />
  </rdf:Description>
  <rdf:Description rdf:about="http://ca.dbpedia.org/resource/Palau_Pitti">
    <owl:sameAs rdf:resource="http://dbpedia.org/resource/Palazzo_Pitti" />
  </rdf:Description>
  <rdf:Description rdf:about="http://et.dbpedia.org/resource/Palazzo_Pitti">
    <owl:sameAs rdf:resource="http://dbpedia.org/resource/Palazzo_Pitti" />
  </rdf:Description>
  <rdf:Description rdf:about="http://fi.dbpedia.org/resource/Palazzo_Pitti">
    <owl:sameAs rdf:resource="http://dbpedia.org/resource/Palazzo_Pitti" />
  </rdf:Description>
  <rdf:Description rdf:about="http://he.dbpedia.org/resource/פאלאצו_פיטי">
    <owl:sameAs rdf:resource="http://dbpedia.org/resource/Palazzo_Pitti" />
  </rdf:Description>
  <rdf:Description rdf:about="http://hr.dbpedia.org/resource/Palača_Pitti_u_Firenci">
    <owl:sameAs rdf:resource="http://dbpedia.org/resource/Palazzo_Pitti" />
  </rdf:Description>
  <rdf:Description rdf:about="http://hu.dbpedia.org/resource/Pitti-palota">
    <owl:sameAs rdf:resource="http://dbpedia.org/resource/Palazzo_Pitti" />
  </rdf:Description>
  <rdf:Description rdf:about="http://ka.dbpedia.org/resource/პიტის_სასახლე">
    <owl:sameAs rdf:resource="http://dbpedia.org/resource/Palazzo_Pitti" />
  </rdf:Description>
  <rdf:Description rdf:about="http://la.dbpedia.org/resource/Palatium_Pitti">
    <owl:sameAs rdf:resource="http://dbpedia.org/resource/Palazzo_Pitti" />
  </rdf:Description>
  <rdf:Description rdf:about="http://lv.dbpedia.org/resource/Pitti_pils">
    <owl:sameAs rdf:resource="http://dbpedia.org/resource/Palazzo_Pitti" />
  </rdf:Description>
  <rdf:Description rdf:about="http://no.dbpedia.org/resource/Palazzo_Pitti">
    <owl:sameAs rdf:resource="http://dbpedia.org/resource/Palazzo_Pitti" />
  </rdf:Description>
  <rdf:Description rdf:about="http://ro.dbpedia.org/resource/Palazzo_Pitti">
    <owl:sameAs rdf:resource="http://dbpedia.org/resource/Palazzo_Pitti" />
  </rdf:Description>
  <rdf:Description rdf:about="http://sh.dbpedia.org/resource/Palazzo_Pitti">
    <owl:sameAs rdf:resource="http://dbpedia.org/resource/Palazzo_Pitti" />
  </rdf:Description>
  <rdf:Description rdf:about="http://simple.dbpedia.org/resource/Palazzo_Pitti">
    <owl:sameAs rdf:resource="http://dbpedia.org/resource/Palazzo_Pitti" />
  </rdf:Description>
  <rdf:Description rdf:about="http://sk.dbpedia.org/resource/Palazzo_Pitti">
    <owl:sameAs rdf:resource="http://dbpedia.org/resource/Palazzo_Pitti" />
  </rdf:Description>
  <rdf:Description rdf:about="http://sr.dbpedia.org/resource/Палацо_Пити">
    <owl:sameAs rdf:resource="http://dbpedia.org/resource/Palazzo_Pitti" />
  </rdf:Description>
  <rdf:Description rdf:about="http://sv.dbpedia.org/resource/Palazzo_Pitti">
    <owl:sameAs rdf:resource="http://dbpedia.org/resource/Palazzo_Pitti" />
  </rdf:Description>
  <rdf:Description rdf:about="http://th.dbpedia.org/resource/วังพิตติ">
    <owl:sameAs rdf:resource="http://dbpedia.org/resource/Palazzo_Pitti" />
  </rdf:Description>
  <rdf:Description rdf:about="http://tr.dbpedia.org/resource/Pitti_Sarayı">
    <owl:sameAs rdf:resource="http://dbpedia.org/resource/Palazzo_Pitti" />
  </rdf:Description>
  <rdf:Description rdf:about="http://uk.dbpedia.org/resource/Палаццо_Пітті">
    <owl:sameAs rdf:resource="http://dbpedia.org/resource/Palazzo_Pitti" />
  </rdf:Description>
  <rdf:Description rdf:about="http://war.dbpedia.org/resource/Palazzo_Pitti">
    <owl:sameAs rdf:resource="http://dbpedia.org/resource/Palazzo_Pitti" />
  </rdf:Description>
  <rdf:Description rdf:about="http://be_x_old.dbpedia.org/resource/Піцьці">
    <owl:sameAs rdf:resource="http://dbpedia.org/resource/Palazzo_Pitti" />
  </rdf:Description>
  <rdf:Description rdf:about="http://vls.dbpedia.org/resource/Palazzo_Pitti">
    <owl:sameAs rdf:resource="http://dbpedia.org/resource/Palazzo_Pitti" />
  </rdf:Description>
</rdf:RDF>
