<?xml version="1.0" encoding="utf-8" ?>
<rdf:RDF
	xmlns:rdf="http://www.w3.org/1999/02/22-rdf-syntax-ns#"
	xmlns:rdfs="http://www.w3.org/2000/01/rdf-schema#"
	xmlns:owl="http://www.w3.org/2002/07/owl#"
	xmlns:dcterms="http://purl.org/dc/terms/"
	xmlns:dbpedia-owl="http://dbpedia.org/ontology/"
	xmlns:foaf="http://xmlns.com/foaf/0.1/"
	xmlns:dbpprop="http://dbpedia.org/property/"
	xmlns:geo="http://www.w3.org/2003/01/geo/wgs84_pos#"
	xmlns:ns8="http://www.w3.org/ns/prov#"
	xmlns:grs="http://www.georss.org/georss/" >
  <rdf:Description rdf:about="http://dbpedia.org/resource/Edwin_Austin_Abbey">
    <dbpedia-owl:training rdf:resource="http://dbpedia.org/resource/Pennsylvania_Academy_of_the_Fine_Arts" />
    <dbpprop:training rdf:resource="http://dbpedia.org/resource/Pennsylvania_Academy_of_the_Fine_Arts" />
  </rdf:Description>
  <rdf:Description rdf:about="http://dbpedia.org/resource/George_Luks">
    <dbpedia-owl:training rdf:resource="http://dbpedia.org/resource/Pennsylvania_Academy_of_the_Fine_Arts" />
    <dbpprop:training rdf:resource="http://dbpedia.org/resource/Pennsylvania_Academy_of_the_Fine_Arts" />
  </rdf:Description>
  <rdf:Description rdf:about="http://dbpedia.org/resource/Mary_Cassatt">
    <dbpedia-owl:training rdf:resource="http://dbpedia.org/resource/Pennsylvania_Academy_of_the_Fine_Arts" />
    <dbpprop:training rdf:resource="http://dbpedia.org/resource/Pennsylvania_Academy_of_the_Fine_Arts" />
  </rdf:Description>
  <rdf:Description rdf:about="http://dbpedia.org/resource/William_Glackens">
    <dbpedia-owl:training rdf:resource="http://dbpedia.org/resource/Pennsylvania_Academy_of_the_Fine_Arts" />
  </rdf:Description>
  <rdf:Description rdf:about="http://dbpedia.org/resource/John_Marin">
    <dbpedia-owl:training rdf:resource="http://dbpedia.org/resource/Pennsylvania_Academy_of_the_Fine_Arts" />
    <dbpprop:training rdf:resource="http://dbpedia.org/resource/Pennsylvania_Academy_of_the_Fine_Arts" />
  </rdf:Description>
  <rdf:Description rdf:about="http://dbpedia.org/resource/Colin_Campbell_Cooper">
    <dbpedia-owl:training rdf:resource="http://dbpedia.org/resource/Pennsylvania_Academy_of_the_Fine_Arts" />
  </rdf:Description>
  <rdf:Description rdf:about="http://dbpedia.org/resource/Daniel_Garber">
    <dbpedia-owl:training rdf:resource="http://dbpedia.org/resource/Pennsylvania_Academy_of_the_Fine_Arts" />
    <dbpprop:training rdf:resource="http://dbpedia.org/resource/Pennsylvania_Academy_of_the_Fine_Arts" />
  </rdf:Description>
  <rdf:Description rdf:about="http://dbpedia.org/resource/Edward_Willis_Redfield">
    <dbpedia-owl:training rdf:resource="http://dbpedia.org/resource/Pennsylvania_Academy_of_the_Fine_Arts" />
    <dbpprop:training rdf:resource="http://dbpedia.org/resource/Pennsylvania_Academy_of_the_Fine_Arts" />
  </rdf:Description>
  <rdf:Description rdf:about="http://dbpedia.org/resource/Fern_Coppedge">
    <dbpedia-owl:training rdf:resource="http://dbpedia.org/resource/Pennsylvania_Academy_of_the_Fine_Arts" />
    <dbpprop:training rdf:resource="http://dbpedia.org/resource/Pennsylvania_Academy_of_the_Fine_Arts" />
  </rdf:Description>
  <rdf:Description rdf:about="http://dbpedia.org/resource/PAFA">
    <dbpedia-owl:wikiPageDisambiguates rdf:resource="http://dbpedia.org/resource/Pennsylvania_Academy_of_the_Fine_Arts" />
  </rdf:Description>
  <rdf:Description rdf:about="http://dbpedia.org/resource/Alexander_Stirling_Calder">
    <dbpedia-owl:training rdf:resource="http://dbpedia.org/resource/Pennsylvania_Academy_of_the_Fine_Arts" />
    <dbpprop:training rdf:resource="http://dbpedia.org/resource/Pennsylvania_Academy_of_the_Fine_Arts" />
  </rdf:Description>
  <rdf:Description rdf:about="http://dbpedia.org/resource/Zenos_Frudakis">
    <dbpedia-owl:training rdf:resource="http://dbpedia.org/resource/Pennsylvania_Academy_of_the_Fine_Arts" />
    <dbpprop:training rdf:resource="http://dbpedia.org/resource/Pennsylvania_Academy_of_the_Fine_Arts" />
  </rdf:Description>
  <rdf:Description rdf:about="http://dbpedia.org/resource/Dwight_William_Tryon">
    <dbpedia-owl:training rdf:resource="http://dbpedia.org/resource/Pennsylvania_Academy_of_the_Fine_Arts" />
    <dbpprop:training rdf:resource="http://dbpedia.org/resource/Pennsylvania_Academy_of_the_Fine_Arts" />
  </rdf:Description>
  <rdf:Description rdf:about="http://dbpedia.org/resource/Edward_Percy_Moran">
    <dbpedia-owl:training rdf:resource="http://dbpedia.org/resource/Pennsylvania_Academy_of_the_Fine_Arts" />
    <dbpprop:training rdf:resource="http://dbpedia.org/resource/Pennsylvania_Academy_of_the_Fine_Arts" />
  </rdf:Description>
  <rdf:Description rdf:about="http://dbpedia.org/resource/Walter_Inglis_Anderson">
    <dbpedia-owl:training rdf:resource="http://dbpedia.org/resource/Pennsylvania_Academy_of_the_Fine_Arts" />
    <dbpprop:training rdf:resource="http://dbpedia.org/resource/Pennsylvania_Academy_of_the_Fine_Arts" />
  </rdf:Description>
  <rdf:Description rdf:about="http://dbpedia.org/resource/David_Guttenberg">
    <dbpedia-owl:almaMater rdf:resource="http://dbpedia.org/resource/Pennsylvania_Academy_of_the_Fine_Arts" />
    <dbpprop:almaMater rdf:resource="http://dbpedia.org/resource/Pennsylvania_Academy_of_the_Fine_Arts" />
  </rdf:Description>
  <rdf:Description rdf:about="http://dbpedia.org/resource/John_French_Sloan">
    <dbpedia-owl:training rdf:resource="http://dbpedia.org/resource/Pennsylvania_Academy_of_the_Fine_Arts" />
    <dbpprop:training rdf:resource="http://dbpedia.org/resource/Pennsylvania_Academy_of_the_Fine_Arts" />
  </rdf:Description>
  <rdf:Description rdf:about="http://dbpedia.org/resource/The_Artist_in_His_Museum">
    <dbpedia-owl:museum rdf:resource="http://dbpedia.org/resource/Pennsylvania_Academy_of_the_Fine_Arts" />
    <dbpprop:museum rdf:resource="http://dbpedia.org/resource/Pennsylvania_Academy_of_the_Fine_Arts" />
  </rdf:Description>
  <rdf:Description rdf:about="http://dbpedia.org/resource/John_Rogers_Cox">
    <dbpedia-owl:training rdf:resource="http://dbpedia.org/resource/Pennsylvania_Academy_of_the_Fine_Arts" />
    <dbpprop:training rdf:resource="http://dbpedia.org/resource/Pennsylvania_Academy_of_the_Fine_Arts" />
  </rdf:Description>
  <rdf:Description rdf:about="http://dbpedia.org/resource/Alexander_Milne_Calder">
    <dbpedia-owl:training rdf:resource="http://dbpedia.org/resource/Pennsylvania_Academy_of_the_Fine_Arts" />
    <dbpprop:training rdf:resource="http://dbpedia.org/resource/Pennsylvania_Academy_of_the_Fine_Arts" />
  </rdf:Description>
  <rdf:Description rdf:about="http://dbpedia.org/resource/David_Lynch">
    <dbpedia-owl:almaMater rdf:resource="http://dbpedia.org/resource/Pennsylvania_Academy_of_the_Fine_Arts" />
    <dbpprop:almaMater rdf:resource="http://dbpedia.org/resource/Pennsylvania_Academy_of_the_Fine_Arts" />
  </rdf:Description>
  <rdf:Description rdf:about="http://dbpedia.org/resource/Jon_Rubin">
    <dbpedia-owl:training rdf:resource="http://dbpedia.org/resource/Pennsylvania_Academy_of_the_Fine_Arts" />
  </rdf:Description>
  <rdf:Description rdf:about="http://dbpedia.org/resource/George_Dunton_Widener">
    <dbpedia-owl:board rdf:resource="http://dbpedia.org/resource/Pennsylvania_Academy_of_the_Fine_Arts" />
  </rdf:Description>
  <rdf:Description rdf:about="http://dbpedia.org/resource/Pennsylvania_Academy_of_the_Fine_Arts">
    <rdf:type rdf:resource="http://schema.org/Place" />
    <rdf:type rdf:resource="http://dbpedia.org/class/yago/Position108621598" />
    <rdf:type rdf:resource="http://dbpedia.org/class/yago/Point108620061" />
    <rdf:type rdf:resource="http://dbpedia.org/class/yago/PhysicalEntity100001930" />
    <rdf:type rdf:resource="http://dbpedia.org/class/yago/YagoPermanentlyLocatedEntity" />
    <rdf:type rdf:resource="http://dbpedia.org/class/yago/Whole100003553" />
    <rdf:type rdf:resource="http://umbel.org/umbel/rc/Place" />
    <rdf:type rdf:resource="http://dbpedia.org/class/yago/YagoGeoEntity" />
    <rdf:type rdf:resource="http://dbpedia.org/class/yago/Artifact100021939" />
    <rdf:type rdf:resource="http://dbpedia.org/class/yago/Object100002684" />
    <rdf:type rdf:resource="http://dbpedia.org/class/yago/ArtMuseumsInPennsylvania" />
    <rdf:type rdf:resource="http://dbpedia.org/class/yago/NationalHistoricLandmarksInPennsylvania" />
    <rdf:type rdf:resource="http://dbpedia.org/class/yago/YagoLegalActorGeo" />
    <rdf:type rdf:resource="http://dbpedia.org/class/yago/UniversityMuseumsInPennsylvania" />
    <rdf:type rdf:resource="http://dbpedia.org/class/yago/Location100027167" />
    <rdf:type rdf:resource="http://dbpedia.org/ontology/Building" />
    <rdf:type rdf:resource="http://dbpedia.org/ontology/ArchitecturalStructure" />
    <rdf:type rdf:resource="http://dbpedia.org/ontology/Place" />
    <rdf:type rdf:resource="http://www.w3.org/2002/07/owl#Thing" />
    <rdf:type rdf:resource="http://dbpedia.org/class/yago/MuseumsInPhiladelphia,Pennsylvania" />
    <rdf:type rdf:resource="http://dbpedia.org/class/yago/Museum103800563" />
    <rdf:type rdf:resource="http://dbpedia.org/class/yago/Depository103177349" />
    <rdf:type rdf:resource="http://dbpedia.org/class/yago/Facility103315023" />
    <rdf:type rdf:resource="http://www.opengis.net/gml/_Feature" />
    <rdf:type rdf:resource="http://dbpedia.org/class/yago/Landmark108624891" />
    <owl:sameAs rdf:resource="http://ru.dbpedia.org/resource/Пенсильванская_академия_изящных_искусств" />
    <owl:sameAs rdf:resource="http://sws.geonames.org/7148525/" />
    <owl:sameAs rdf:resource="http://nl.dbpedia.org/resource/Pennsylvania_Academy_of_the_Fine_Arts" />
    <owl:sameAs rdf:resource="http://rdf.freebase.com/ns/m.04x8mj" />
    <owl:sameAs rdf:resource="http://de.dbpedia.org/resource/Pennsylvania_Academy_of_the_Fine_Arts" />
    <owl:sameAs rdf:resource="http://pt.dbpedia.org/resource/Academia_de_Belas-Artes_da_Pensilvânia" />
    <owl:sameAs rdf:resource="http://fr.dbpedia.org/resource/Pennsylvania_Academy_of_the_Fine_Arts" />
    <owl:sameAs rdf:resource="http://tr.dbpedia.org/resource/Pennsylvania_Güzel_Sanatlar_Akademisi" />
    <owl:sameAs rdf:resource="http://it.dbpedia.org/resource/Pennsylvania_Academy_of_the_Fine_Arts" />
    <owl:sameAs rdf:resource="http://yago-knowledge.org/resource/Pennsylvania_Academy_of_the_Fine_Arts" />
    <owl:sameAs rdf:resource="http://www.wikidata.org/entity/Q1952033" />
    <owl:sameAs rdf:resource="http://fi.dbpedia.org/resource/Pennsylvanian_kuvataideakatemia" />
    <owl:sameAs rdf:resource="http://dbpedia.org/resource/Pennsylvania_Academy_of_the_Fine_Arts" />
    <owl:sameAs rdf:resource="http://ka.dbpedia.org/resource/პენსილვანიის_სახვითი_ხელოვნების_აკადემია" />
    <dcterms:subject rdf:resource="http://dbpedia.org/resource/Category:Museums_in_Philadelphia,_Pennsylvania" />
    <dcterms:subject rdf:resource="http://dbpedia.org/resource/Category:National_Register_of_Historic_Places_in_Philadelphia,_Pennsylvania" />
    <dcterms:subject rdf:resource="http://dbpedia.org/resource/Category:Pennsylvania_Academy_of_the_Fine_Arts" />
    <dcterms:subject rdf:resource="http://dbpedia.org/resource/Category:Frank_Furness_buildings" />
    <dcterms:subject rdf:resource="http://dbpedia.org/resource/Category:Educational_institutions_established_in_1805" />
    <dcterms:subject rdf:resource="http://dbpedia.org/resource/Category:Art_schools_in_Pennsylvania" />
    <dcterms:subject rdf:resource="http://dbpedia.org/resource/Category:Art_museums_established_in_1805" />
    <dcterms:subject rdf:resource="http://dbpedia.org/resource/Category:1805_establishments_in_the_United_States" />
    <dcterms:subject rdf:resource="http://dbpedia.org/resource/Category:Art_museums_in_Pennsylvania" />
    <dcterms:subject rdf:resource="http://dbpedia.org/resource/Category:National_Historic_Landmarks_in_Pennsylvania" />
    <dcterms:subject rdf:resource="http://dbpedia.org/resource/Category:University_museums_in_Pennsylvania" />
    <dcterms:subject rdf:resource="http://dbpedia.org/resource/Category:Universities_and_colleges_in_Philadelphia,_Pennsylvania" />
    <dcterms:subject rdf:resource="http://dbpedia.org/resource/Category:Museums_of_American_art" />
    <dcterms:subject rdf:resource="http://dbpedia.org/resource/Category:School_buildings_completed_in_1876" />
    <dbpedia-owl:abstract xml:lang="ru">Пенсильванская академия изящных искусств, англ.  Pennsylvania Academy of the Fine Arts — старейший художественный музей и старейшее художественное училище в США. Находится в г. Филадельфия, штат Пенсильвания. Академию основали в 1805 г. художник и учёный Чарльз Уилсон Пил, скульптор Уильям Раш и ряд меценатов. Современное здание академии открыто в 1876 г. Музей обладает собранием американских картин, скульптур и графики 19-20 вв. При музее существует архив по истории искусств США.</dbpedia-owl:abstract>
    <dbpedia-owl:abstract xml:lang="en">The Pennsylvania Academy of the Fine Arts is a museum and art school in Philadelphia, Pennsylvania. It was founded in 1805 and is the oldest art museum and school in the United States. The academy&#39;s museum is internationally known for its collections of 19th and 20th century American paintings, sculptures, and works on paper. Its archives house important materials for the study of American art history, museums, and art training.</dbpedia-owl:abstract>
    <dbpedia-owl:abstract xml:lang="it">La Pennsylvania Academy of the Fine Arts è un museo e scuola d&#39;arte di Filadelfia, in Pennsylvania. E&#39; stata fondata nel 1805 ed è il più antico museo d&#39;arte negli Stati Uniti. Il museo dell&#39;accademia è internazionalmente noto per le sue collezioni di dipinti americani del XIX e XX secolo, sculture e opere su carta. Nei suoi archivi si trova numerosi materiali per lo studio della storia dell&#39;arte statunitense.</dbpedia-owl:abstract>
    <dbpedia-owl:abstract xml:lang="nl">De Pennsylvania Academy of the Fine Arts is een gerenommeerde Amerikaanse kunstacademie en museum in Philadelphia. De school werd in 1805 opgericht en is daarmee de oudste kunstacademie van het land. Het bijhorende museum staat internationaal bekend om zijn collecties van 19e- en 20e-eeuwse Amerikaanse schilder- en beeldhouwkunst.</dbpedia-owl:abstract>
    <dbpedia-owl:abstract xml:lang="pt">A Academia de Belas Artes da Pensilvânia é uma escola superior de arte dos Estados Unidos, localizada em Filadélfia. É a mais antiga academia de arte do país, tendo sido fundada em 1805 por Charles Willson Peale, William Rush e outros. Permanece em atividade e seu museu é renomado mundialmente, com expressiva coleção de arte dos séculos XIX e XX.</dbpedia-owl:abstract>
    <dbpedia-owl:abstract xml:lang="de">Die Pennsylvania Academy of the Fine Arts (PAFA) ist das älteste Kunstmuseum und die älteste Kunstschule in den USA.</dbpedia-owl:abstract>
    <dbpedia-owl:abstract xml:lang="fr">La Pennsylvania Academy of the Fine Arts (PAFA) est un musée et une école des beaux-arts située à Philadelphie dans l&#39;État de Pennsylvanie. Fondée en 1805, elle est le plus ancien musée des arts aux États-Unis. Le peintre naturaliste américain Thomas Pollock Anshutz y enseigna à partir des années 1880. Le bâtiment actuel du musée, conçu par les architectes américains Frank Furness et George W. Hewitt, a été ouvert en 1876. Aujourd&#39;hui c&#39;est un National Historic Landmark.</dbpedia-owl:abstract>
    <dbpedia-owl:added rdf:datatype="http://www.w3.org/2001/XMLSchema#date">1971-05-27</dbpedia-owl:added>
    <dbpedia-owl:architect rdf:resource="http://dbpedia.org/resource/G._W._&amp;_W._D._Hewitt" />
    <dbpedia-owl:architect rdf:resource="http://dbpedia.org/resource/Frank_Furness" />
    <dbpedia-owl:architecturalStyle rdf:resource="http://dbpedia.org/resource/Gothic_Revival_architecture" />
    <dbpedia-owl:location rdf:resource="http://dbpedia.org/resource/Philadelphia" />
    <dbpedia-owl:nrhpReferenceNumber xml:lang="en">71000731</dbpedia-owl:nrhpReferenceNumber>
    <dbpedia-owl:wikiPageID rdf:datatype="http://www.w3.org/2001/XMLSchema#integer">1369066</dbpedia-owl:wikiPageID>
    <dbpedia-owl:wikiPageRevisionID rdf:datatype="http://www.w3.org/2001/XMLSchema#integer">542394251</dbpedia-owl:wikiPageRevisionID>
    <dbpedia-owl:yearOfConstruction rdf:datatype="http://www.w3.org/2001/XMLSchema#gYear">1871-01-01T00:00:00+02:00</dbpedia-owl:yearOfConstruction>
    <rdfs:label xml:lang="fr">Pennsylvania Academy of the Fine Arts</rdfs:label>
    <rdfs:label xml:lang="nl">Pennsylvania Academy of the Fine Arts</rdfs:label>
    <rdfs:label xml:lang="de">Pennsylvania Academy of the Fine Arts</rdfs:label>
    <rdfs:label xml:lang="ru">Пенсильванская академия изящных искусств</rdfs:label>
    <rdfs:label xml:lang="pt">Academia de Belas-Artes da Pensilvânia</rdfs:label>
    <rdfs:label xml:lang="en">Pennsylvania Academy of the Fine Arts</rdfs:label>
    <rdfs:label xml:lang="it">Pennsylvania Academy of the Fine Arts</rdfs:label>
    <foaf:depiction rdf:resource="http://upload.wikimedia.org/wikipedia/commons/6/6d/PAFA_1900_from_Library_of_Congress_(cropped).jpg" />
    <rdfs:comment xml:lang="de">Die Pennsylvania Academy of the Fine Arts (PAFA) ist das älteste Kunstmuseum und die älteste Kunstschule in den USA.</rdfs:comment>
    <rdfs:comment xml:lang="en">The Pennsylvania Academy of the Fine Arts is a museum and art school in Philadelphia, Pennsylvania. It was founded in 1805 and is the oldest art museum and school in the United States. The academy&#39;s museum is internationally known for its collections of 19th and 20th century American paintings, sculptures, and works on paper. Its archives house important materials for the study of American art history, museums, and art training.</rdfs:comment>
    <rdfs:comment xml:lang="fr">La Pennsylvania Academy of the Fine Arts (PAFA) est un musée et une école des beaux-arts située à Philadelphie dans l&#39;État de Pennsylvanie. Fondée en 1805, elle est le plus ancien musée des arts aux États-Unis. Le peintre naturaliste américain Thomas Pollock Anshutz y enseigna à partir des années 1880. Le bâtiment actuel du musée, conçu par les architectes américains Frank Furness et George W. Hewitt, a été ouvert en 1876. Aujourd&#39;hui c&#39;est un National Historic Landmark.</rdfs:comment>
    <rdfs:comment xml:lang="it">La Pennsylvania Academy of the Fine Arts è un museo e scuola d&#39;arte di Filadelfia, in Pennsylvania. E&#39; stata fondata nel 1805 ed è il più antico museo d&#39;arte negli Stati Uniti. Il museo dell&#39;accademia è internazionalmente noto per le sue collezioni di dipinti americani del XIX e XX secolo, sculture e opere su carta. Nei suoi archivi si trova numerosi materiali per lo studio della storia dell&#39;arte statunitense.</rdfs:comment>
    <rdfs:comment xml:lang="pt">A Academia de Belas Artes da Pensilvânia é uma escola superior de arte dos Estados Unidos, localizada em Filadélfia. É a mais antiga academia de arte do país, tendo sido fundada em 1805 por Charles Willson Peale, William Rush e outros. Permanece em atividade e seu museu é renomado mundialmente, com expressiva coleção de arte dos séculos XIX e XX.</rdfs:comment>
    <rdfs:comment xml:lang="nl">De Pennsylvania Academy of the Fine Arts is een gerenommeerde Amerikaanse kunstacademie en museum in Philadelphia. De school werd in 1805 opgericht en is daarmee de oudste kunstacademie van het land. Het bijhorende museum staat internationaal bekend om zijn collecties van 19e- en 20e-eeuwse Amerikaanse schilder- en beeldhouwkunst.</rdfs:comment>
    <rdfs:comment xml:lang="ru">Пенсильванская академия изящных искусств, англ.  Pennsylvania Academy of the Fine Arts — старейший художественный музей и старейшее художественное училище в США. Находится в г. Филадельфия, штат Пенсильвания. Академию основали в 1805 г. художник и учёный Чарльз Уилсон Пил, скульптор Уильям Раш и ряд меценатов. Современное здание академии открыто в 1876 г. Музей обладает собранием американских картин, скульптур и графики 19-20 вв. При музее существует архив по истории искусств США.</rdfs:comment>
    <foaf:name xml:lang="en">Pennsylvania Academy of the Fine Arts</foaf:name>
    <dbpedia-owl:thumbnail rdf:resource="http://upload.wikimedia.org/wikipedia/commons/thumb/6/6d/PAFA_1900_from_Library_of_Congress_(cropped).jpg/200px-PAFA_1900_from_Library_of_Congress_(cropped).jpg" />
    <dbpedia-owl:wikiPageExternalLink rdf:resource="http://digitallibrary.hsp.org/index.php/Detail/Object/Show/object_id/1136" />
    <dbpedia-owl:wikiPageExternalLink rdf:resource="http://www.pafa.org/splashFlash.jsp" />
    <dbpprop:added rdf:datatype="http://www.w3.org/2001/XMLSchema#date">1971-05-27</dbpprop:added>
    <dbpprop:architect rdf:resource="http://dbpedia.org/resource/G._W._&amp;_W._D._Hewitt" />
    <dbpprop:architect rdf:resource="http://dbpedia.org/resource/Frank_Furness" />
    <dbpprop:architecture xml:lang="en">Second Empire, Renaissance, Gothic</dbpprop:architecture>
    <dbpprop:built rdf:datatype="http://www.w3.org/2001/XMLSchema#integer">1871</dbpprop:built>
    <dbpprop:caption xml:lang="en">Pennsylvania Academy of the Fine Arts</dbpprop:caption>
    <dbpprop:governingBody xml:lang="en">Local</dbpprop:governingBody>
    <dbpprop:latDegrees rdf:datatype="http://www.w3.org/2001/XMLSchema#integer">39</dbpprop:latDegrees>
    <dbpprop:latDirection xml:lang="en">N</dbpprop:latDirection>
    <dbpprop:latMinutes rdf:datatype="http://www.w3.org/2001/XMLSchema#integer">57</dbpprop:latMinutes>
    <dbpprop:latSeconds rdf:datatype="http://www.w3.org/2001/XMLSchema#integer">18</dbpprop:latSeconds>
    <dbpprop:location xml:lang="en">SW corner of Broad &amp; Cherry Sts.</dbpprop:location>
    <dbpprop:location rdf:resource="http://dbpedia.org/resource/Philadelphia" />
    <dbpprop:locmapin xml:lang="en">Pennsylvania</dbpprop:locmapin>
    <dbpprop:longDegrees rdf:datatype="http://www.w3.org/2001/XMLSchema#integer">75</dbpprop:longDegrees>
    <dbpprop:longDirection xml:lang="en">W</dbpprop:longDirection>
    <dbpprop:longMinutes rdf:datatype="http://www.w3.org/2001/XMLSchema#integer">9</dbpprop:longMinutes>
    <dbpprop:longSeconds rdf:datatype="http://www.w3.org/2001/XMLSchema#integer">50</dbpprop:longSeconds>
    <dbpprop:name xml:lang="en">Pennsylvania Academy of the Fine Arts</dbpprop:name>
    <dbpprop:nrhpType xml:lang="en">nhl</dbpprop:nrhpType>
    <dbpprop:refnum rdf:datatype="http://www.w3.org/2001/XMLSchema#integer">71000731</dbpprop:refnum>
    <foaf:homepage rdf:resource="http://www.pafa.org/splashFlash.jsp" />
    <dbpprop:wordnet_type rdf:resource="http://www.w3.org/2006/03/wn/wn20/instances/synset-location-noun-1" />
    <geo:geometry rdf:datatype="http://www.openlinksw.com/schemas/virtrdf#Geometry">POINT(-75.1639 39.955)</geo:geometry>
    <foaf:isPrimaryTopicOf rdf:resource="http://en.wikipedia.org/wiki/Pennsylvania_Academy_of_the_Fine_Arts" />
    <geo:long rdf:datatype="http://www.w3.org/2001/XMLSchema#float">-75.1639</geo:long>
    <geo:lat rdf:datatype="http://www.w3.org/2001/XMLSchema#float">39.955</geo:lat>
    <ns8:wasDerivedFrom rdf:resource="http://en.wikipedia.org/wiki/Pennsylvania_Academy_of_the_Fine_Arts?oldid=542394251" />
    <grs:point xml:lang="en">39.955 -75.16388888888889</grs:point>
    <dbpprop:hasPhotoCollection rdf:resource="http://wifo5-03.informatik.uni-mannheim.de/flickrwrappr/photos/Pennsylvania_Academy_of_the_Fine_Arts" />
  </rdf:Description>
  <rdf:Description rdf:about="http://dbpedia.org/resource/Lawrence_Saint">
    <dbpprop:education rdf:resource="http://dbpedia.org/resource/Pennsylvania_Academy_of_the_Fine_Arts" />
  </rdf:Description>
  <rdf:Description rdf:about="http://dbpedia.org/resource/Frederick_P._Dinkelberg">
    <dbpprop:almaMater rdf:resource="http://dbpedia.org/resource/Pennsylvania_Academy_of_the_Fine_Arts" />
  </rdf:Description>
  <rdf:Description rdf:about="http://dbpedia.org/resource/Thomas_Bigelow_Craig">
    <dbpedia-owl:training rdf:resource="http://dbpedia.org/resource/Pennsylvania_Academy_of_the_Fine_Arts" />
  </rdf:Description>
  <rdf:Description rdf:about="http://dbpedia.org/resource/Charles_Grafly">
    <dbpedia-owl:training rdf:resource="http://dbpedia.org/resource/Pennsylvania_Academy_of_the_Fine_Arts" />
    <dbpprop:training rdf:resource="http://dbpedia.org/resource/Pennsylvania_Academy_of_the_Fine_Arts" />
  </rdf:Description>
  <rdf:Description rdf:about="http://dbpedia.org/resource/Clara_Elsene_Peck">
    <dbpedia-owl:training rdf:resource="http://dbpedia.org/resource/Pennsylvania_Academy_of_the_Fine_Arts" />
    <dbpprop:training rdf:resource="http://dbpedia.org/resource/Pennsylvania_Academy_of_the_Fine_Arts" />
  </rdf:Description>
  <rdf:Description rdf:about="http://dbpedia.org/resource/David_Em">
    <dbpedia-owl:training rdf:resource="http://dbpedia.org/resource/Pennsylvania_Academy_of_the_Fine_Arts" />
    <dbpprop:training rdf:resource="http://dbpedia.org/resource/Pennsylvania_Academy_of_the_Fine_Arts" />
  </rdf:Description>
  <rdf:Description rdf:about="http://dbpedia.org/resource/Don_Troiani">
    <dbpedia-owl:training rdf:resource="http://dbpedia.org/resource/Pennsylvania_Academy_of_the_Fine_Arts" />
    <dbpprop:training rdf:resource="http://dbpedia.org/resource/Pennsylvania_Academy_of_the_Fine_Arts" />
  </rdf:Description>
  <rdf:Description rdf:about="http://dbpedia.org/resource/John_Mercanti">
    <dbpedia-owl:training rdf:resource="http://dbpedia.org/resource/Pennsylvania_Academy_of_the_Fine_Arts" />
    <dbpprop:training rdf:resource="http://dbpedia.org/resource/Pennsylvania_Academy_of_the_Fine_Arts" />
  </rdf:Description>
  <rdf:Description rdf:about="http://dbpedia.org/resource/Ralston_Crawford">
    <dbpedia-owl:training rdf:resource="http://dbpedia.org/resource/Pennsylvania_Academy_of_the_Fine_Arts" />
    <dbpprop:training rdf:resource="http://dbpedia.org/resource/Pennsylvania_Academy_of_the_Fine_Arts" />
  </rdf:Description>
  <rdf:Description rdf:about="http://dbpedia.org/resource/Thomas_Eakins">
    <dbpedia-owl:training rdf:resource="http://dbpedia.org/resource/Pennsylvania_Academy_of_the_Fine_Arts" />
    <dbpprop:training rdf:resource="http://dbpedia.org/resource/Pennsylvania_Academy_of_the_Fine_Arts" />
  </rdf:Description>
  <rdf:Description rdf:about="http://dbpedia.org/resource/The_Gross_Clinic">
    <dbpedia-owl:museum rdf:resource="http://dbpedia.org/resource/Pennsylvania_Academy_of_the_Fine_Arts" />
  </rdf:Description>
  <rdf:Description rdf:about="http://dbpedia.org/resource/Francis_Criss">
    <dbpedia-owl:training rdf:resource="http://dbpedia.org/resource/Pennsylvania_Academy_of_the_Fine_Arts" />
    <dbpprop:training rdf:resource="http://dbpedia.org/resource/Pennsylvania_Academy_of_the_Fine_Arts" />
  </rdf:Description>
  <rdf:Description rdf:about="http://it.dbpedia.org/resource/Pennsylvania_Academy_of_the_Fine_Arts">
    <owl:sameAs rdf:resource="http://dbpedia.org/resource/Pennsylvania_Academy_of_the_Fine_Arts" />
  </rdf:Description>
  <rdf:Description rdf:about="http://ru.dbpedia.org/resource/Пенсильванская_академия_изящных_искусств">
    <owl:sameAs rdf:resource="http://dbpedia.org/resource/Pennsylvania_Academy_of_the_Fine_Arts" />
  </rdf:Description>
  <rdf:Description rdf:about="http://dbpedia.org/resource/Pennsylvania_Academy">
    <dbpedia-owl:wikiPageRedirects rdf:resource="http://dbpedia.org/resource/Pennsylvania_Academy_of_the_Fine_Arts" />
  </rdf:Description>
  <rdf:Description rdf:about="http://dbpedia.org/resource/Edward_Biberman">
    <dbpedia-owl:training rdf:resource="http://dbpedia.org/resource/Pennsylvania_Academy_of_the_Fine_Arts" />
    <dbpprop:training rdf:resource="http://dbpedia.org/resource/Pennsylvania_Academy_of_the_Fine_Arts" />
  </rdf:Description>
  <rdf:Description rdf:about="http://dbpedia.org/resource/Rosy_Lamb">
    <dbpedia-owl:training rdf:resource="http://dbpedia.org/resource/Pennsylvania_Academy_of_the_Fine_Arts" />
    <dbpprop:training rdf:resource="http://dbpedia.org/resource/Pennsylvania_Academy_of_the_Fine_Arts" />
  </rdf:Description>
  <rdf:Description rdf:about="http://dbpedia.org/resource/Thomas_Pollock_Anshutz">
    <dbpedia-owl:training rdf:resource="http://dbpedia.org/resource/Pennsylvania_Academy_of_the_Fine_Arts" />
  </rdf:Description>
  <rdf:Description rdf:about="http://de.dbpedia.org/resource/Pennsylvania_Academy_of_the_Fine_Arts">
    <owl:sameAs rdf:resource="http://dbpedia.org/resource/Pennsylvania_Academy_of_the_Fine_Arts" />
  </rdf:Description>
  <rdf:Description rdf:about="http://fr.dbpedia.org/resource/Pennsylvania_Academy_of_the_Fine_Arts">
    <owl:sameAs rdf:resource="http://dbpedia.org/resource/Pennsylvania_Academy_of_the_Fine_Arts" />
  </rdf:Description>
  <rdf:Description rdf:about="http://dbpedia.org/resource/Ivan_Albright">
    <dbpedia-owl:training rdf:resource="http://dbpedia.org/resource/Pennsylvania_Academy_of_the_Fine_Arts" />
  </rdf:Description>
  <rdf:Description rdf:about="http://dbpedia.org/resource/Anna_Whelan_Betts">
    <dbpedia-owl:training rdf:resource="http://dbpedia.org/resource/Pennsylvania_Academy_of_the_Fine_Arts" />
    <dbpprop:training rdf:resource="http://dbpedia.org/resource/Pennsylvania_Academy_of_the_Fine_Arts" />
  </rdf:Description>
  <rdf:Description rdf:about="http://dbpedia.org/resource/Ba_Kyi">
    <dbpedia-owl:training rdf:resource="http://dbpedia.org/resource/Pennsylvania_Academy_of_the_Fine_Arts" />
  </rdf:Description>
  <rdf:Description rdf:about="http://dbpedia.org/resource/Bo_Bartlett">
    <dbpedia-owl:training rdf:resource="http://dbpedia.org/resource/Pennsylvania_Academy_of_the_Fine_Arts" />
  </rdf:Description>
  <rdf:Description rdf:about="http://dbpedia.org/resource/E._B._Bensell">
    <dbpedia-owl:training rdf:resource="http://dbpedia.org/resource/Pennsylvania_Academy_of_the_Fine_Arts" />
    <dbpprop:training rdf:resource="http://dbpedia.org/resource/Pennsylvania_Academy_of_the_Fine_Arts" />
  </rdf:Description>
  <rdf:Description rdf:about="http://dbpedia.org/resource/George_Frederick_Bensell">
    <dbpedia-owl:training rdf:resource="http://dbpedia.org/resource/Pennsylvania_Academy_of_the_Fine_Arts" />
    <dbpprop:training rdf:resource="http://dbpedia.org/resource/Pennsylvania_Academy_of_the_Fine_Arts" />
  </rdf:Description>
  <rdf:Description rdf:about="http://dbpedia.org/resource/James_Doolin">
    <dbpedia-owl:training rdf:resource="http://dbpedia.org/resource/Pennsylvania_Academy_of_the_Fine_Arts" />
    <dbpprop:training rdf:resource="http://dbpedia.org/resource/Pennsylvania_Academy_of_the_Fine_Arts" />
  </rdf:Description>
  <rdf:Description rdf:about="http://dbpedia.org/resource/Jean_Leon_Gerome_Ferris">
    <dbpedia-owl:training rdf:resource="http://dbpedia.org/resource/Pennsylvania_Academy_of_the_Fine_Arts" />
    <dbpprop:training rdf:resource="http://dbpedia.org/resource/Pennsylvania_Academy_of_the_Fine_Arts" />
  </rdf:Description>
  <rdf:Description rdf:about="http://dbpedia.org/resource/John_F._Peto">
    <dbpedia-owl:training rdf:resource="http://dbpedia.org/resource/Pennsylvania_Academy_of_the_Fine_Arts" />
    <dbpprop:training rdf:resource="http://dbpedia.org/resource/Pennsylvania_Academy_of_the_Fine_Arts" />
  </rdf:Description>
  <rdf:Description rdf:about="http://dbpedia.org/resource/Julian_E._Levi">
    <dbpedia-owl:training rdf:resource="http://dbpedia.org/resource/Pennsylvania_Academy_of_the_Fine_Arts" />
    <dbpprop:training rdf:resource="http://dbpedia.org/resource/Pennsylvania_Academy_of_the_Fine_Arts" />
  </rdf:Description>
  <rdf:Description rdf:about="http://dbpedia.org/resource/Manuel_Azadigian">
    <dbpedia-owl:training rdf:resource="http://dbpedia.org/resource/Pennsylvania_Academy_of_the_Fine_Arts" />
    <dbpprop:training rdf:resource="http://dbpedia.org/resource/Pennsylvania_Academy_of_the_Fine_Arts" />
  </rdf:Description>
  <rdf:Description rdf:about="http://dbpedia.org/resource/Miguel_Pou">
    <dbpedia-owl:training rdf:resource="http://dbpedia.org/resource/Pennsylvania_Academy_of_the_Fine_Arts" />
    <dbpprop:training rdf:resource="http://dbpedia.org/resource/Pennsylvania_Academy_of_the_Fine_Arts" />
  </rdf:Description>
  <rdf:Description rdf:about="http://dbpedia.org/resource/Robert_Henri">
    <dbpedia-owl:training rdf:resource="http://dbpedia.org/resource/Pennsylvania_Academy_of_the_Fine_Arts" />
    <dbpprop:training rdf:resource="http://dbpedia.org/resource/Pennsylvania_Academy_of_the_Fine_Arts" />
  </rdf:Description>
  <rdf:Description rdf:about="http://dbpedia.org/resource/Thomas_Hill_(painter)">
    <dbpedia-owl:training rdf:resource="http://dbpedia.org/resource/Pennsylvania_Academy_of_the_Fine_Arts" />
    <dbpprop:training rdf:resource="http://dbpedia.org/resource/Pennsylvania_Academy_of_the_Fine_Arts" />
  </rdf:Description>
  <rdf:Description rdf:about="http://dbpedia.org/resource/Xanthus_Russell_Smith">
    <dbpedia-owl:training rdf:resource="http://dbpedia.org/resource/Pennsylvania_Academy_of_the_Fine_Arts" />
    <dbpprop:training rdf:resource="http://dbpedia.org/resource/Pennsylvania_Academy_of_the_Fine_Arts" />
  </rdf:Description>
  <rdf:Description rdf:about="http://dbpedia.org/resource/Pennsylvania_Academy_of_Fine_Art">
    <dbpedia-owl:wikiPageRedirects rdf:resource="http://dbpedia.org/resource/Pennsylvania_Academy_of_the_Fine_Arts" />
  </rdf:Description>
  <rdf:Description rdf:about="http://dbpedia.org/resource/Pennsylvania_Museum_of_Fine_Arts">
    <dbpedia-owl:wikiPageRedirects rdf:resource="http://dbpedia.org/resource/Pennsylvania_Academy_of_the_Fine_Arts" />
  </rdf:Description>
  <rdf:Description rdf:about="http://dbpedia.org/resource/Pennsylvania_academy_of_the_fine_arts">
    <dbpedia-owl:wikiPageRedirects rdf:resource="http://dbpedia.org/resource/Pennsylvania_Academy_of_the_Fine_Arts" />
  </rdf:Description>
  <rdf:Description rdf:about="http://dbpedia.org/resource/Horace_Thompson_Carpenter">
    <dbpedia-owl:education rdf:resource="http://dbpedia.org/resource/Pennsylvania_Academy_of_the_Fine_Arts" />
    <dbpprop:education rdf:resource="http://dbpedia.org/resource/Pennsylvania_Academy_of_the_Fine_Arts" />
  </rdf:Description>
  <rdf:Description rdf:about="http://dbpedia.org/resource/Pennsylvania_Academy_of_Fine_Arts">
    <dbpedia-owl:wikiPageRedirects rdf:resource="http://dbpedia.org/resource/Pennsylvania_Academy_of_the_Fine_Arts" />
  </rdf:Description>
  <rdf:Description rdf:about="http://dbpedia.org/resource/Gustave_Tassell">
    <dbpprop:education rdf:resource="http://dbpedia.org/resource/Pennsylvania_Academy_of_the_Fine_Arts" />
  </rdf:Description>
  <rdf:Description rdf:about="http://en.wikipedia.org/wiki/Pennsylvania_Academy_of_the_Fine_Arts">
    <foaf:primaryTopic rdf:resource="http://dbpedia.org/resource/Pennsylvania_Academy_of_the_Fine_Arts" />
  </rdf:Description>
  <rdf:Description rdf:about="http://fi.dbpedia.org/resource/Pennsylvanian_kuvataideakatemia">
    <owl:sameAs rdf:resource="http://dbpedia.org/resource/Pennsylvania_Academy_of_the_Fine_Arts" />
  </rdf:Description>
  <rdf:Description rdf:about="http://ka.dbpedia.org/resource/პენსილვანიის_სახვითი_ხელოვნების_აკადემია">
    <owl:sameAs rdf:resource="http://dbpedia.org/resource/Pennsylvania_Academy_of_the_Fine_Arts" />
  </rdf:Description>
  <rdf:Description rdf:about="http://tr.dbpedia.org/resource/Pennsylvania_Güzel_Sanatlar_Akademisi">
    <owl:sameAs rdf:resource="http://dbpedia.org/resource/Pennsylvania_Academy_of_the_Fine_Arts" />
  </rdf:Description>
  <rdf:Description rdf:about="http://nl.dbpedia.org/resource/Pennsylvania_Academy_of_the_Fine_Arts">
    <owl:sameAs rdf:resource="http://dbpedia.org/resource/Pennsylvania_Academy_of_the_Fine_Arts" />
  </rdf:Description>
  <rdf:Description rdf:about="http://pt.dbpedia.org/resource/Academia_de_Belas-Artes_da_Pensilvânia">
    <owl:sameAs rdf:resource="http://dbpedia.org/resource/Pennsylvania_Academy_of_the_Fine_Arts" />
  </rdf:Description>
  <rdf:Description rdf:about="http://wikidata.dbpedia.org/resource/Q1952033">
    <owl:sameAs rdf:resource="http://dbpedia.org/resource/Pennsylvania_Academy_of_the_Fine_Arts" />
  </rdf:Description>
</rdf:RDF>
