<?xml version="1.0" encoding="utf-8" ?>
<rdf:RDF
	xmlns:rdf="http://www.w3.org/1999/02/22-rdf-syntax-ns#"
	xmlns:rdfs="http://www.w3.org/2000/01/rdf-schema#"
	xmlns:owl="http://www.w3.org/2002/07/owl#"
	xmlns:dcterms="http://purl.org/dc/terms/"
	xmlns:dbpedia-owl="http://dbpedia.org/ontology/"
	xmlns:foaf="http://xmlns.com/foaf/0.1/"
	xmlns:dbpprop="http://dbpedia.org/property/"
	xmlns:geo="http://www.w3.org/2003/01/geo/wgs84_pos#"
	xmlns:ns8="http://www.w3.org/ns/prov#"
	xmlns:grs="http://www.georss.org/georss/" >
  <rdf:Description rdf:about="http://dbpedia.org/resource/Pinacoteca_Nazionale_(Siena)">
    <rdf:type rdf:resource="http://dbpedia.org/class/yago/Depository103177349" />
    <rdf:type rdf:resource="http://dbpedia.org/class/yago/Object100002684" />
    <rdf:type rdf:resource="http://dbpedia.org/class/yago/PhysicalEntity100001930" />
    <rdf:type rdf:resource="http://dbpedia.org/ontology/Building" />
    <rdf:type rdf:resource="http://dbpedia.org/class/yago/NationalMuseumsOfItaly" />
    <rdf:type rdf:resource="http://www.w3.org/2002/07/owl#Thing" />
    <rdf:type rdf:resource="http://dbpedia.org/class/yago/MuseumsEstablishedIn1932" />
    <rdf:type rdf:resource="http://schema.org/Museum" />
    <rdf:type rdf:resource="http://dbpedia.org/ontology/ArchitecturalStructure" />
    <rdf:type rdf:resource="http://dbpedia.org/class/yago/Whole100003553" />
    <rdf:type rdf:resource="http://dbpedia.org/class/yago/MuseumsInTuscany" />
    <rdf:type rdf:resource="http://dbpedia.org/ontology/Place" />
    <rdf:type rdf:resource="http://dbpedia.org/class/yago/Museum103800563" />
    <rdf:type rdf:resource="http://dbpedia.org/class/yago/ArtMuseumsAndGalleriesInItaly" />
    <rdf:type rdf:resource="http://schema.org/Place" />
    <rdf:type rdf:resource="http://dbpedia.org/ontology/Museum" />
    <rdf:type rdf:resource="http://dbpedia.org/class/yago/Facility103315023" />
    <rdf:type rdf:resource="http://www.opengis.net/gml/_Feature" />
    <rdf:type rdf:resource="http://dbpedia.org/class/yago/YagoGeoEntity" />
    <rdf:type rdf:resource="http://dbpedia.org/class/yago/YagoPermanentlyLocatedEntity" />
    <rdf:type rdf:resource="http://dbpedia.org/class/yago/Artifact100021939" />
    <owl:sameAs rdf:resource="http://de.dbpedia.org/resource/Pinacoteca_Nazionale_di_Siena" />
    <owl:sameAs rdf:resource="http://pt.dbpedia.org/resource/Pinacoteca_Nazionale_di_Siena" />
    <owl:sameAs rdf:resource="http://www.wikidata.org/entity/Q2095405" />
    <owl:sameAs rdf:resource="http://dbpedia.org/resource/Pinacoteca_Nazionale_(Siena)" />
    <owl:sameAs rdf:resource="http://yago-knowledge.org/resource/Pinacoteca_Nazionale_(Siena)" />
    <owl:sameAs rdf:resource="http://zh.dbpedia.org/resource/国立美术馆_(锡耶纳)" />
    <owl:sameAs rdf:resource="http://it.dbpedia.org/resource/Pinacoteca_nazionale_(Siena)" />
    <owl:sameAs rdf:resource="http://rdf.freebase.com/ns/m.0ddhr7q" />
    <owl:sameAs rdf:resource="http://fr.dbpedia.org/resource/Pinacothèque_nationale_de_Sienne" />
    <owl:sameAs rdf:resource="http://lt.dbpedia.org/resource/Nacionalinė_Sienos_pinakoteka" />
    <dcterms:subject rdf:resource="http://dbpedia.org/resource/Category:Art_museums_established_in_1932" />
    <dcterms:subject rdf:resource="http://dbpedia.org/resource/Category:1932_establishments_in_Italy" />
    <dcterms:subject rdf:resource="http://dbpedia.org/resource/Category:Art_museums_and_galleries_in_Italy" />
    <dcterms:subject rdf:resource="http://dbpedia.org/resource/Category:Buildings_and_structures_in_Siena" />
    <dcterms:subject rdf:resource="http://dbpedia.org/resource/Category:National_museums_of_Italy" />
    <dcterms:subject rdf:resource="http://dbpedia.org/resource/Category:Museums_in_Tuscany" />
    <dbpedia-owl:abstract xml:lang="it">La Pinacoteca nazionale di Siena è il più importante museo statale della città, in cui è presente una fondamentale raccolta di opere di scuola senese. La collezione è stata inaugurata nel 1932 ed espone anche i dipinti prima conservati presso l&#39;Accademia di belle arti di Siena.</dbpedia-owl:abstract>
    <dbpedia-owl:abstract xml:lang="de">Die Pinacoteca Nazionale di Siena ist eine Pinakothek in Siena, Italien und enthält wichtige Werke des 14. , 15. und 16. Jahrhunderts sowie internationale Meisterwerke in der Spannocchi-Sammlung.</dbpedia-owl:abstract>
    <dbpedia-owl:abstract xml:lang="fr">La pinacothèque nationale de Sienne est l&#39;un des musées de la ville de Sienne en Toscane ; installée via San Pietro, dans le palazzo Brigidi e Buonsignori datant de la fin du gothique, elle a été inaugurée en 1932 et son premier catalogue édité en 1933 par Cesare Brandi.</dbpedia-owl:abstract>
    <dbpedia-owl:abstract xml:lang="pt">A Pinacoteca Nazionale di Siena é um museu de arte localizado na cidade de Siena, Itália. Possui importante coleção de obras do Trecento e do Quattrocento italianos, junto com uma seção de obras mais recentes e de outros países, cujo núcleo foi iniciado pelo abade Giuseppe Ciaccheri no século XVIII. Em 1932 foi instalada nos palácios Buonsignori e Brigidi. Entre os artistas representados na coleção estão Duccio, Guido di Graciano, Simone Martini, Lippo Memmi, Ambrogio Lorenzetti, Domenico di Bartolo, Giovanni di Paolo, Bartolomeo Landi, Matteo di Giovanni, Sassetta, Domenico Beccafumi, Il Sodoma, Pinturicchio, Dürer e Lorenzo Lotto. 		 			Guido di Graciano. Staint-Francis-and-Stories-from-his-Life. 1270.. jpg 			 Guido di Graciano: São Francisco e cenas de sua vida, 1270 			 		 		 			Madonna-of-humility- 1433 Domenico di Bartolo. jpg 			 Domenico di Bartolo: Madonna da Humildade, 1433 			 		 		 			Beccafumi - Fall of the Rebel Angels - Web Gallery of Art. jpg 			 Beccafumi: A queda dos anjos rebeldes, c. 1524 			 		 		 			Lorenzo Lotto 018. jpg 			 Lorenzo Lotto: O nascimento de Cristo, 1527-1528</dbpedia-owl:abstract>
    <dbpedia-owl:abstract xml:lang="zh">锡耶纳国立美术馆（Pinacoteca Nazionale）是意大利锡耶纳的一座美术馆，1932年开幕，主要收藏中世纪晚期和文艺复兴时期意大利绘画。它设在市中心的两座古老宫殿中：布里奇特宫（Brigidi）建于14世纪，传统上认为是潘诺切斯齐（Pannocchieschi）家族的府邸；邦西尼奥里宫（Buonsignori）建于15世纪，但是立面建于19世纪，模仿了 锡耶纳市政厅。 该美术馆拥有最大规模之一的14世纪和15世纪金色背景的锡耶纳绘画。例如杜乔·迪·博尼塞尼亚的祭壇畫和方济各圣母。</dbpedia-owl:abstract>
    <dbpedia-owl:abstract xml:lang="en">The Pinacoteca Nazionale is a national museum in Siena, Tuscany, Italy. Inaugurated in 1932, it houses especially late medieval and Renaissance paintings from Italian artists. It is housed in the Brigidi and Buonsignori palaces in the city&#39;s center: the former, built in the 14th century, it is traditionally identified as the Pannocchieschi family&#39;s residence. Buonsignori Palace, although built in the 15th century, has a 19th century neo-medival façade based on the city&#39;s Palazzo Pubblico. The gallery has one of the largest collections of Sienese paintings with gold backgrounds from the 14th and 15th centuries. Works in the gallery include: Duccio di Buoninsegna&#39;s Polyptych N. 28 and Madonna of the Franciscans Guido da Siena&#39;s St. Peter Enthroned Simone Martini&#39;s Blessed Agostino Novello and His Miracles (c. 1330) Ambrogio Lorenzetti&#39;s Annunciation (c. 1344) Bartolo di Fredi&#39;s Adoration of the Magi Michelino da Besozzo&#39;s Mystical Marriage of Saint Catherine (c. 1420) Il Sodoma&#39;s Christ at the Column and Deposition Domenico Beccafumi&#39;s Birth of the Virgin and St. Michael Expelling the Rebel Angels Other artists represented include Ugolino di Nerio, Pietro Lorenzetti, Sassetta, Domenico di Bartolo, Taddeo di Bartolo, Francesco di Giorgio Martini, Matteo di Giovanni, Neroccio di Bartolomeo</dbpedia-owl:abstract>
    <dbpedia-owl:wikiPageID rdf:datatype="http://www.w3.org/2001/XMLSchema#integer">28768776</dbpedia-owl:wikiPageID>
    <dbpedia-owl:wikiPageRevisionID rdf:datatype="http://www.w3.org/2001/XMLSchema#integer">540670550</dbpedia-owl:wikiPageRevisionID>
    <rdfs:label xml:lang="en">Pinacoteca Nazionale (Siena)</rdfs:label>
    <rdfs:label xml:lang="pt">Pinacoteca Nazionale di Siena</rdfs:label>
    <rdfs:label xml:lang="zh">国立美术馆 (锡耶纳)</rdfs:label>
    <rdfs:label xml:lang="it">Pinacoteca nazionale (Siena)</rdfs:label>
    <rdfs:label xml:lang="fr">Pinacothèque nationale de Sienne</rdfs:label>
    <rdfs:label xml:lang="de">Pinacoteca Nazionale di Siena</rdfs:label>
    <foaf:depiction rdf:resource="http://upload.wikimedia.org/wikipedia/commons/8/87/Pinacoteca_03.JPG" />
    <rdfs:comment xml:lang="pt">A Pinacoteca Nazionale di Siena é um museu de arte localizado na cidade de Siena, Itália. Possui importante coleção de obras do Trecento e do Quattrocento italianos, junto com uma seção de obras mais recentes e de outros países, cujo núcleo foi iniciado pelo abade Giuseppe Ciaccheri no século XVIII. Em 1932 foi instalada nos palácios Buonsignori e Brigidi.</rdfs:comment>
    <rdfs:comment xml:lang="en">The Pinacoteca Nazionale is a national museum in Siena, Tuscany, Italy. Inaugurated in 1932, it houses especially late medieval and Renaissance paintings from Italian artists. It is housed in the Brigidi and Buonsignori palaces in the city&#39;s center: the former, built in the 14th century, it is traditionally identified as the Pannocchieschi family&#39;s residence. Buonsignori Palace, although built in the 15th century, has a 19th century neo-medival façade based on the city&#39;s Palazzo Pubblico.</rdfs:comment>
    <rdfs:comment xml:lang="zh">锡耶纳国立美术馆（Pinacoteca Nazionale）是意大利锡耶纳的一座美术馆，1932年开幕，主要收藏中世纪晚期和文艺复兴时期意大利绘画。它设在市中心的两座古老宫殿中：布里奇特宫（Brigidi）建于14世纪，传统上认为是潘诺切斯齐（Pannocchieschi）家族的府邸；邦西尼奥里宫（Buonsignori）建于15世纪，但是立面建于19世纪，模仿了 锡耶纳市政厅。 该美术馆拥有最大规模之一的14世纪和15世纪金色背景的锡耶纳绘画。例如杜乔·迪·博尼塞尼亚的祭壇畫和方济各圣母。</rdfs:comment>
    <rdfs:comment xml:lang="it">La Pinacoteca nazionale di Siena è il più importante museo statale della città, in cui è presente una fondamentale raccolta di opere di scuola senese. La collezione è stata inaugurata nel 1932 ed espone anche i dipinti prima conservati presso l&#39;Accademia di belle arti di Siena.</rdfs:comment>
    <rdfs:comment xml:lang="fr">La pinacothèque nationale de Sienne est l&#39;un des musées de la ville de Sienne en Toscane ; installée via San Pietro, dans le palazzo Brigidi e Buonsignori datant de la fin du gothique, elle a été inaugurée en 1932 et son premier catalogue édité en 1933 par Cesare Brandi.</rdfs:comment>
    <rdfs:comment xml:lang="de">Die Pinacoteca Nazionale di Siena ist eine Pinakothek in Siena, Italien und enthält wichtige Werke des 14. , 15. und 16. Jahrhunderts sowie internationale Meisterwerke in der Spannocchi-Sammlung.</rdfs:comment>
    <dbpedia-owl:thumbnail rdf:resource="http://upload.wikimedia.org/wikipedia/commons/thumb/8/87/Pinacoteca_03.JPG/200px-Pinacoteca_03.JPG" />
    <dbpedia-owl:wikiPageExternalLink rdf:resource="http://www.scalarchives.com/web/ricerca_risultati.asp?SC_Luogo=Pinacoteca+Nazionale%2C+Siena%2C+Italy&amp;prmset=on&amp;SC_PROV=RA&amp;SC_Lang=eng" />
    <dbpedia-owl:wikiPageExternalLink rdf:resource="http://www.spsae-si.beniculturali.it/index.php?it/77/musei" />
    <dbpedia-owl:wikiPageExternalLink rdf:resource="http://scholarsresource.com/browse/museum/175" />
    <geo:geometry rdf:datatype="http://www.openlinksw.com/schemas/virtrdf#Geometry">POINT(11.3306 43.3156)</geo:geometry>
    <foaf:isPrimaryTopicOf rdf:resource="http://en.wikipedia.org/wiki/Pinacoteca_Nazionale_(Siena)" />
    <geo:long rdf:datatype="http://www.w3.org/2001/XMLSchema#float">11.3306</geo:long>
    <geo:lat rdf:datatype="http://www.w3.org/2001/XMLSchema#float">43.3156</geo:lat>
    <ns8:wasDerivedFrom rdf:resource="http://en.wikipedia.org/wiki/Pinacoteca_Nazionale_(Siena)?oldid=540670550" />
    <grs:point xml:lang="en">43.315555555555555 11.330555555555556</grs:point>
    <dbpprop:hasPhotoCollection rdf:resource="http://wifo5-03.informatik.uni-mannheim.de/flickrwrappr/photos/Pinacoteca_Nazionale_(Siena)" />
  </rdf:Description>
  <rdf:Description rdf:about="http://de.dbpedia.org/resource/Pinacoteca_Nazionale_di_Siena">
    <owl:sameAs rdf:resource="http://dbpedia.org/resource/Pinacoteca_Nazionale_(Siena)" />
  </rdf:Description>
  <rdf:Description rdf:about="http://fr.dbpedia.org/resource/Pinacothèque_nationale_de_Sienne">
    <owl:sameAs rdf:resource="http://dbpedia.org/resource/Pinacoteca_Nazionale_(Siena)" />
  </rdf:Description>
  <rdf:Description rdf:about="http://dbpedia.org/resource/Annunciation_(Ambrogio_Lorenzetti)">
    <dbpedia-owl:museum rdf:resource="http://dbpedia.org/resource/Pinacoteca_Nazionale_(Siena)" />
    <dbpprop:museum rdf:resource="http://dbpedia.org/resource/Pinacoteca_Nazionale_(Siena)" />
  </rdf:Description>
  <rdf:Description rdf:about="http://pt.dbpedia.org/resource/Pinacoteca_Nazionale_di_Siena">
    <owl:sameAs rdf:resource="http://dbpedia.org/resource/Pinacoteca_Nazionale_(Siena)" />
  </rdf:Description>
  <rdf:Description rdf:about="http://it.dbpedia.org/resource/Pinacoteca_nazionale_(Siena)">
    <owl:sameAs rdf:resource="http://dbpedia.org/resource/Pinacoteca_Nazionale_(Siena)" />
  </rdf:Description>
  <rdf:Description rdf:about="http://dbpedia.org/resource/Mystical_Marriage_of_Saint_Catherine_(Michelino_da_Besozzo)">
    <dbpedia-owl:museum rdf:resource="http://dbpedia.org/resource/Pinacoteca_Nazionale_(Siena)" />
    <dbpprop:museum rdf:resource="http://dbpedia.org/resource/Pinacoteca_Nazionale_(Siena)" />
  </rdf:Description>
  <rdf:Description rdf:about="http://en.wikipedia.org/wiki/Pinacoteca_Nazionale_(Siena)">
    <foaf:primaryTopic rdf:resource="http://dbpedia.org/resource/Pinacoteca_Nazionale_(Siena)" />
  </rdf:Description>
  <rdf:Description rdf:about="http://dbpedia.org/resource/Pinacoteca_Nazionale,_Siena">
    <dbpedia-owl:wikiPageRedirects rdf:resource="http://dbpedia.org/resource/Pinacoteca_Nazionale_(Siena)" />
  </rdf:Description>
  <rdf:Description rdf:about="http://dbpedia.org/resource/Pinacoteca_Nazionale_di_Siena">
    <dbpedia-owl:wikiPageRedirects rdf:resource="http://dbpedia.org/resource/Pinacoteca_Nazionale_(Siena)" />
  </rdf:Description>
  <rdf:Description rdf:about="http://zh.dbpedia.org/resource/国立美术馆_(锡耶纳)">
    <owl:sameAs rdf:resource="http://dbpedia.org/resource/Pinacoteca_Nazionale_(Siena)" />
  </rdf:Description>
  <rdf:Description rdf:about="http://lt.dbpedia.org/resource/Nacionalinė_Sienos_pinakoteka">
    <owl:sameAs rdf:resource="http://dbpedia.org/resource/Pinacoteca_Nazionale_(Siena)" />
  </rdf:Description>
  <rdf:Description rdf:about="http://wikidata.dbpedia.org/resource/Q2095405">
    <owl:sameAs rdf:resource="http://dbpedia.org/resource/Pinacoteca_Nazionale_(Siena)" />
  </rdf:Description>
</rdf:RDF>
