<?xml version="1.0" encoding="utf-8" ?>
<rdf:RDF
	xmlns:rdf="http://www.w3.org/1999/02/22-rdf-syntax-ns#"
	xmlns:rdfs="http://www.w3.org/2000/01/rdf-schema#"
	xmlns:owl="http://www.w3.org/2002/07/owl#"
	xmlns:dcterms="http://purl.org/dc/terms/"
	xmlns:dbpedia-owl="http://dbpedia.org/ontology/"
	xmlns:foaf="http://xmlns.com/foaf/0.1/"
	xmlns:dbpprop="http://dbpedia.org/property/"
	xmlns:geo="http://www.w3.org/2003/01/geo/wgs84_pos#"
	xmlns:ns8="http://www.w3.org/ns/prov#"
	xmlns:grs="http://www.georss.org/georss/" >
  <rdf:Description rdf:about="http://dbpedia.org/resource/Pushkin_(disambiguation)">
    <dbpedia-owl:wikiPageDisambiguates rdf:resource="http://dbpedia.org/resource/Pushkin_Museum" />
  </rdf:Description>
  <rdf:Description rdf:about="http://dbpedia.org/resource/Pushkin_Fine_Arts_Museum">
    <dbpedia-owl:wikiPageRedirects rdf:resource="http://dbpedia.org/resource/Pushkin_Museum" />
  </rdf:Description>
  <rdf:Description rdf:about="http://fr.dbpedia.org/resource/Musée_des_beaux-arts_Pouchkine">
    <owl:sameAs rdf:resource="http://dbpedia.org/resource/Pushkin_Museum" />
  </rdf:Description>
  <rdf:Description rdf:about="http://ru.dbpedia.org/resource/Государственный_музей_изобразительных_искусств_имени_А._С._Пушкина">
    <owl:sameAs rdf:resource="http://dbpedia.org/resource/Pushkin_Museum" />
  </rdf:Description>
  <rdf:Description rdf:about="http://dbpedia.org/resource/Roman_Klein">
    <dbpedia-owl:significantBuilding rdf:resource="http://dbpedia.org/resource/Pushkin_Museum" />
    <dbpprop:significantBuildings rdf:resource="http://dbpedia.org/resource/Pushkin_Museum" />
  </rdf:Description>
  <rdf:Description rdf:about="http://dbpedia.org/resource/Christ_the_Lord:_Out_of_Egypt">
    <dbpedia-owl:coverArtist rdf:resource="http://dbpedia.org/resource/Pushkin_Museum" />
  </rdf:Description>
  <rdf:Description rdf:about="http://dbpedia.org/resource/Pushkin_Museum">
    <rdf:type rdf:resource="http://dbpedia.org/class/yago/MuseumsInMoscow" />
    <rdf:type rdf:resource="http://dbpedia.org/class/yago/Facility103315023" />
    <rdf:type rdf:resource="http://dbpedia.org/class/yago/Depository103177349" />
    <rdf:type rdf:resource="http://dbpedia.org/class/yago/Object100002684" />
    <rdf:type rdf:resource="http://dbpedia.org/ontology/Place" />
    <rdf:type rdf:resource="http://dbpedia.org/class/yago/PhysicalEntity100001930" />
    <rdf:type rdf:resource="http://dbpedia.org/class/yago/ArtMuseumsAndGalleriesInRussia" />
    <rdf:type rdf:resource="http://dbpedia.org/class/yago/YagoGeoEntity" />
    <rdf:type rdf:resource="http://dbpedia.org/class/yago/Whole100003553" />
    <rdf:type rdf:resource="http://dbpedia.org/class/yago/Structure104341686" />
    <rdf:type rdf:resource="http://dbpedia.org/class/yago/Artifact100021939" />
    <rdf:type rdf:resource="http://www.w3.org/2002/07/owl#Thing" />
    <rdf:type rdf:resource="http://dbpedia.org/class/yago/YagoPermanentlyLocatedEntity" />
    <rdf:type rdf:resource="http://dbpedia.org/class/yago/RoofStructuresByVladimirShukhov" />
    <rdf:type rdf:resource="http://schema.org/Place" />
    <rdf:type rdf:resource="http://www.opengis.net/gml/_Feature" />
    <rdf:type rdf:resource="http://dbpedia.org/class/yago/Museum103800563" />
    <owl:sameAs rdf:resource="http://pt.dbpedia.org/resource/Museu_Pushkin" />
    <owl:sameAs rdf:resource="http://bg.dbpedia.org/resource/Пушкински_музей_(Москва)" />
    <owl:sameAs rdf:resource="http://sr.dbpedia.org/resource/Puškinov_muzej" />
    <owl:sameAs rdf:resource="http://el.dbpedia.org/resource/Μουσείο_Πούσκιν" />
    <owl:sameAs rdf:resource="http://mk.dbpedia.org/resource/Пушкински_музеј" />
    <owl:sameAs rdf:resource="http://uk.dbpedia.org/resource/Державний_музей_образотворчих_мистецтв_імені_О._С._Пушкіна" />
    <owl:sameAs rdf:resource="http://es.dbpedia.org/resource/Museo_Pushkin" />
    <owl:sameAs rdf:resource="http://rdf.freebase.com/ns/m.0dw77" />
    <owl:sameAs rdf:resource="http://it.dbpedia.org/resource/Museo_Puškin_delle_belle_arti" />
    <owl:sameAs rdf:resource="http://vi.dbpedia.org/resource/Bảo_tàng_Puskin" />
    <owl:sameAs rdf:resource="http://fr.dbpedia.org/resource/Musée_des_beaux-arts_Pouchkine" />
    <owl:sameAs rdf:resource="http://sv.dbpedia.org/resource/Pusjkinmuseet" />
    <owl:sameAs rdf:resource="http://www.wikidata.org/entity/Q4872" />
    <owl:sameAs rdf:resource="http://nl.dbpedia.org/resource/Poesjkinmuseum" />
    <owl:sameAs rdf:resource="http://de.dbpedia.org/resource/Puschkin-Museum" />
    <owl:sameAs rdf:resource="http://yago-knowledge.org/resource/Pushkin_Museum" />
    <owl:sameAs rdf:resource="http://ru.dbpedia.org/resource/Государственный_музей_изобразительных_искусств_имени_А._С._Пушкина" />
    <owl:sameAs rdf:resource="http://he.dbpedia.org/resource/מוזיאון_פושקין" />
    <owl:sameAs rdf:resource="http://pl.dbpedia.org/resource/Muzeum_Sztuk_Pięknych_im._Puszkina_w_Moskwie" />
    <owl:sameAs rdf:resource="http://ka.dbpedia.org/resource/პუშკინის_მუზეუმი_(მოსკოვი)" />
    <owl:sameAs rdf:resource="http://hu.dbpedia.org/resource/Puskin_Múzeum" />
    <owl:sameAs rdf:resource="http://sws.geonames.org/6956704/" />
    <owl:sameAs rdf:resource="http://ja.dbpedia.org/resource/プーシキン美術館" />
    <owl:sameAs rdf:resource="http://sk.dbpedia.org/resource/Puškinovo_múzeum" />
    <owl:sameAs rdf:resource="http://be.dbpedia.org/resource/Дзяржаўны_музей_выяўленчых_мастацтваў_імя_А._С._Пушкіна" />
    <owl:sameAs rdf:resource="http://dbpedia.org/resource/Pushkin_Museum" />
    <owl:sameAs rdf:resource="http://zh.dbpedia.org/resource/普希金造型藝術博物館" />
    <owl:sameAs rdf:resource="http://eo.dbpedia.org/resource/Ŝtata_Muzeo_de_Belartoj_Puŝkin" />
    <owl:sameAs rdf:resource="http://ca.dbpedia.org/resource/Museu_de_Belles_Arts_Puixkin" />
    <dcterms:subject rdf:resource="http://dbpedia.org/resource/Category:1912_establishments_in_Russia" />
    <dcterms:subject rdf:resource="http://dbpedia.org/resource/Category:Museums_in_Moscow" />
    <dcterms:subject rdf:resource="http://dbpedia.org/resource/Category:Roof_structures_by_Vladimir_Shukhov" />
    <dcterms:subject rdf:resource="http://dbpedia.org/resource/Category:Egyptological_collections_in_Russia" />
    <dcterms:subject rdf:resource="http://dbpedia.org/resource/Category:Art_museums_established_in_1912" />
    <dcterms:subject rdf:resource="http://dbpedia.org/resource/Category:Art_museums_and_galleries_in_Russia" />
    <dcterms:subject rdf:resource="http://dbpedia.org/resource/Category:Visitor_attractions_in_Moscow" />
    <dbpedia-owl:abstract xml:lang="de">Das Staatliche A. S. Puschkin-Museum für bildende Künste in Moskau, benannt nach dem russischen Nationaldichter Alexander Sergejewitsch Puschkin, ist eine der bedeutendsten Kunstsammlungen Russlands. Es wird zurzeit von Irina Antonowa geleitet. Die Initiative für die Gründung eines bürgerlichen Bildungsmuseums geht bereits auf erste Ideen in den 50er Jahren des 18. Jahrhunderts zurück. Doch es sollte mehr als hundert Jahre dauern, bevor der Gedanke erste Formen annahm. Ein wichtiger Anstoß war 1862 die Überführung der Kunstsammlung des Grafen Nikolai Petrowitsch Rumjanzew von Sankt Petersburg nach Moskau, die dort in einem eigenen Museum ausgestellt wurden. Da das so genannte Rumjanzew-Museum ständig unter Mangel an Finanzen und Ausstellungsfläche litt, entstand unter dessen Direktor Iwan Wladimirowitsch Zwetajew, der auch Professor an der Moskauer Universität war, eine Initiative, die den Stein zur Gründung des Museums endgültig ins Rollen brachte. Er überwand alle Hindernisse und sammelte die Mittel für einen neuen Museumsbau. Die Grundsteinlegung erfolgte 1898, nach Plänen des Architekten Roman Klein mit Beteiligung der Ingenieure Wladimir Schuchow und Iwan Rerberg. Nach einer Bauzeit von 14 Jahren konnte das „Museum der schönen Künste“ wie das Museum bis 1937 hieß, am 31. Mai 1912 feierlich eröffnet werden.</dbpedia-owl:abstract>
    <dbpedia-owl:abstract xml:lang="ja">プーシキン美術館（正式名称：国立A.S. プーシキン造形美術館、Государственный музей изобразительных искусств имени А. С. Пушкина, Pushkin State Museum of Fine Arts）は、ロシア、モスクワにある美術館。モスクワの救世主ハリストス大聖堂の北、ヴォルホンカ通りをはさんだ場所にあり、ヨーロッパ最大の美術館であり、収蔵品の数は約10万点でエルミタージュ美術館に次ぐ世界2位。</dbpedia-owl:abstract>
    <dbpedia-owl:abstract xml:lang="pl">Muzeum Sztuk Pięknych im. A.S. Puszkina (Музей изобразительных искусств им. А. С. Пушкина) to największe muzeum sztuki europejskiej w Moskwie mieszczące się w czterech budynkach przy ul. Wołchonka, nieopodal Kremla i Cerkwi Chrystusa Zbawiciela oraz dwóch dalszych w innych częściach miasta. Muzeum określa się czasem jako Muzeum Puszkina, co jest mylące - ekspozycja nie ma żadnego związku z osobą słynnego rosyjskiego poety Aleksandra Siergiejewicza Puszkina.</dbpedia-owl:abstract>
    <dbpedia-owl:abstract xml:lang="nl">Het Poesjkinmuseum is het grootste museum voor Europese kunst in Moskou en bevindt zich tegenover de Christus Verlosserkathedraal.</dbpedia-owl:abstract>
    <dbpedia-owl:abstract xml:lang="pt">O Museu Estatal Pushkin de Belas Artes é o maior museu de Moscou dedicado à arte européia, e um dos maiores do mundo neste gênero.</dbpedia-owl:abstract>
    <dbpedia-owl:abstract xml:lang="it">Il Museo Puškin si trova in via Volkhonka 12 a Mosca, in Russia, e possiede la più grande collezione di arte europea della città. Il museo nacque come raccolta di calchi di sculture famose, che attualmente occupano gran parte del primo piano, a cui si aggiunsero poi opere originali, soprattutto dipinti (italiani, olandesi e fiamminghi, spagnoli, francesi), e materiale archeologico (Egitto, Grecia, Roma, civiltà dell&#39;Asia minore). Tra le opere più celebri, il Tesoro di Schliemann, ripresentato al pubblico solo dal 1996, e la straordinaria collezione di opere impressioniste e post-impressioniste, con tutti i più grandi nomi di quel periodo. Quest&#39;ultima collezione oggi si trova in un edificio dirimpetto, nell&#39;ex-Museo delle collezioni private.</dbpedia-owl:abstract>
    <dbpedia-owl:abstract xml:lang="fr">Le musée des beaux-arts Pouchkine ou simplement musée Pouchkine est le plus grand musée de Moscou d&#39;art européen. Il a été édifié entre 1898 et 1912 et se situe face à la cathédrale du Christ Sauveur. On considère que la date de sa fondation est le 17 (29) août 1898. Il s&#39;appelait alors le musée Alexandre-III. C&#39;est un des plus importants du monde de par la richesse de ses collections : plus d&#39;un million d&#39;œuvres y sont présentées. Le musée d&#39;État des beaux-arts a été inauguré le 31 mai 1912 et il a été renommé en 1937 en mémoire du célèbre poète. Son premier directeur était le père de Marina Tsvetaïeva. Les collections du musée font depuis les années 1990 l&#39;objet d&#39;une polémique entre l&#39;Allemagne et la Russie ; en effet, en mai 1945, l’URSS confisquait le Trésor de Priam et le Trésor d&#39;Eberswalde aux musées berlinois comme prise de guerre. On crut longtemps ces collections disparues, jusqu&#39;à ce que des journalistes ouest-allemands les localisent dans les réserves du musée Pouchkine. Bien que les pourparlers entre les deux pays se poursuivent en vue d&#39;une restitution à l&#39;Allemagne, le musée expose désormais ces deux collections au grand public.</dbpedia-owl:abstract>
    <dbpedia-owl:abstract xml:lang="es">El Museo Pushkin de Moscú (en su nombre oficial, Museo Estatal de Artes Plásticas) es el segundo gran museo de Rusia dedicado al arte europeo, sólo superado por el Hermitage de San Petersburgo. Se ubica en la calle Voljonka, 12.</dbpedia-owl:abstract>
    <dbpedia-owl:abstract xml:lang="sv">Pusjkinmuseet, egentligen Pusjkinmuseet för bildande konst är Moskvas största museum för europeisk konst, främst expressionister och postimpressionister som Van Gogh, Gauguin och Picasso. Museet ligger mittemot Kristus Frälsarens katedral. Museet är uppkallat efter den berömde ryske poeten Pusjkin, vilket är missvisande eftersom museet inte har något med honom eller hans verk att göra. Museet grundades av Marina Tsvetajevas far Ivan Tsvetajev som övertalade rika och inflytelserika personer att Moskva behövde ett museum för bildkonst. Museet var ursprungligen uppkallat efter Alexander III. År 1937 fick museet sitt nuvarande namn, för att hedra hundraårsminnet av poetens dödsdag.</dbpedia-owl:abstract>
    <dbpedia-owl:abstract xml:lang="ru">Госуда́рственный музе́й изобрази́тельных иску́сств и́мени А.  С.  Пу́шкина (сокращённо ГМИИ им. А.  С.  Пушкина, бывший «Музей изящных искусств имени императора Александра III при Московском императорском университете») — один из самых крупных и значительных российских музеев европейского и мирового искусства. Памятник архитектуры, расположен в центре Москвы, по адресу: улица Волхонка, 12. Открыт 31 мая (13 июня) 1912 года.</dbpedia-owl:abstract>
    <dbpedia-owl:abstract xml:lang="zh">普希金造型藝術博物館（俄语：Музей изобразительных искусств им. А. С. Пушкина）是俄羅斯收藏外國美術作品居第二位的博物館，位於莫斯科Volkhonka街，基督救世主大教堂對面。 博物館由Roman Klein設計，Yury Nechaev-Maltsov出資興建，建設工程於1898年開始，1912年完工。1937年，為紀念俄國詩人A.C. 普希金辭世百週年而改名為普希金造型藝術博物館。館中藏品超過64萬件，收藏了歐洲著名的雕塑和繪畫。</dbpedia-owl:abstract>
    <dbpedia-owl:abstract xml:lang="en">The Pushkin Museum of Fine Arts is the largest museum of European art in Moscow, located in Volkhonka street, just opposite the Cathedral of Christ the Saviour. The International musical festival Svyatoslav Richter&#39;s December nights has been held in the Pushkin museum since 1981.</dbpedia-owl:abstract>
    <dbpedia-owl:wikiPageID rdf:datatype="http://www.w3.org/2001/XMLSchema#integer">52793</dbpedia-owl:wikiPageID>
    <dbpedia-owl:wikiPageRevisionID rdf:datatype="http://www.w3.org/2001/XMLSchema#integer">547446936</dbpedia-owl:wikiPageRevisionID>
    <rdfs:label xml:lang="pt">Museu Pushkin</rdfs:label>
    <rdfs:label xml:lang="zh">普希金造型藝術博物館</rdfs:label>
    <rdfs:label xml:lang="it">Museo Puškin delle belle arti</rdfs:label>
    <rdfs:label xml:lang="ja">プーシキン美術館</rdfs:label>
    <rdfs:label xml:lang="de">Puschkin-Museum</rdfs:label>
    <rdfs:label xml:lang="nl">Poesjkinmuseum</rdfs:label>
    <rdfs:label xml:lang="en">Pushkin Museum</rdfs:label>
    <rdfs:label xml:lang="es">Museo Pushkin</rdfs:label>
    <rdfs:label xml:lang="sv">Pusjkinmuseet</rdfs:label>
    <rdfs:label xml:lang="ru">Государственный музей изобразительных искусств имени А. С. Пушкина</rdfs:label>
    <rdfs:label xml:lang="fr">Musée des beaux-arts Pouchkine</rdfs:label>
    <rdfs:label xml:lang="pl">Muzeum Sztuk Pięknych im. Puszkina w Moskwie</rdfs:label>
    <foaf:depiction rdf:resource="http://upload.wikimedia.org/wikipedia/commons/f/f6/Gmii.jpg" />
    <rdfs:comment xml:lang="pl">Muzeum Sztuk Pięknych im. A.S. Puszkina (Музей изобразительных искусств им. А. С. Пушкина) to największe muzeum sztuki europejskiej w Moskwie mieszczące się w czterech budynkach przy ul. Wołchonka, nieopodal Kremla i Cerkwi Chrystusa Zbawiciela oraz dwóch dalszych w innych częściach miasta. Muzeum określa się czasem jako Muzeum Puszkina, co jest mylące - ekspozycja nie ma żadnego związku z osobą słynnego rosyjskiego poety Aleksandra Siergiejewicza Puszkina.</rdfs:comment>
    <rdfs:comment xml:lang="ru">Госуда́рственный музе́й изобрази́тельных иску́сств и́мени А.  С.  Пу́шкина (сокращённо ГМИИ им. А.  С.  Пушкина, бывший «Музей изящных искусств имени императора Александра III при Московском императорском университете») — один из самых крупных и значительных российских музеев европейского и мирового искусства. Памятник архитектуры, расположен в центре Москвы, по адресу: улица Волхонка, 12. Открыт 31 мая (13 июня) 1912 года.</rdfs:comment>
    <rdfs:comment xml:lang="sv">Pusjkinmuseet, egentligen Pusjkinmuseet för bildande konst är Moskvas största museum för europeisk konst, främst expressionister och postimpressionister som Van Gogh, Gauguin och Picasso. Museet ligger mittemot Kristus Frälsarens katedral. Museet är uppkallat efter den berömde ryske poeten Pusjkin, vilket är missvisande eftersom museet inte har något med honom eller hans verk att göra.</rdfs:comment>
    <rdfs:comment xml:lang="ja">プーシキン美術館（正式名称：国立A.S. プーシキン造形美術館、Государственный музей изобразительных искусств имени А. С. Пушкина, Pushkin State Museum of Fine Arts）は、ロシア、モスクワにある美術館。モスクワの救世主ハリストス大聖堂の北、ヴォルホンカ通りをはさんだ場所にあり、ヨーロッパ最大の美術館であり、収蔵品の数は約10万点でエルミタージュ美術館に次ぐ世界2位。</rdfs:comment>
    <rdfs:comment xml:lang="it">Il Museo Puškin si trova in via Volkhonka 12 a Mosca, in Russia, e possiede la più grande collezione di arte europea della città. Il museo nacque come raccolta di calchi di sculture famose, che attualmente occupano gran parte del primo piano, a cui si aggiunsero poi opere originali, soprattutto dipinti (italiani, olandesi e fiamminghi, spagnoli, francesi), e materiale archeologico (Egitto, Grecia, Roma, civiltà dell&#39;Asia minore).</rdfs:comment>
    <rdfs:comment xml:lang="nl">Het Poesjkinmuseum is het grootste museum voor Europese kunst in Moskou en bevindt zich tegenover de Christus Verlosserkathedraal.</rdfs:comment>
    <rdfs:comment xml:lang="pt">O Museu Estatal Pushkin de Belas Artes é o maior museu de Moscou dedicado à arte européia, e um dos maiores do mundo neste gênero.</rdfs:comment>
    <rdfs:comment xml:lang="fr">Le musée des beaux-arts Pouchkine ou simplement musée Pouchkine est le plus grand musée de Moscou d&#39;art européen. Il a été édifié entre 1898 et 1912 et se situe face à la cathédrale du Christ Sauveur. On considère que la date de sa fondation est le 17 (29) août 1898. Il s&#39;appelait alors le musée Alexandre-III. C&#39;est un des plus importants du monde de par la richesse de ses collections : plus d&#39;un million d&#39;œuvres y sont présentées.</rdfs:comment>
    <rdfs:comment xml:lang="en">The Pushkin Museum of Fine Arts is the largest museum of European art in Moscow, located in Volkhonka street, just opposite the Cathedral of Christ the Saviour. The International musical festival Svyatoslav Richter&#39;s December nights has been held in the Pushkin museum since 1981.</rdfs:comment>
    <rdfs:comment xml:lang="zh">普希金造型藝術博物館（俄语：Музей изобразительных искусств им. А. С. Пушкина）是俄羅斯收藏外國美術作品居第二位的博物館，位於莫斯科Volkhonka街，基督救世主大教堂對面。 博物館由Roman Klein設計，Yury Nechaev-Maltsov出資興建，建設工程於1898年開始，1912年完工。1937年，為紀念俄國詩人A.C. 普希金辭世百週年而改名為普希金造型藝術博物館。館中藏品超過64萬件，收藏了歐洲著名的雕塑和繪畫。</rdfs:comment>
    <rdfs:comment xml:lang="es">El Museo Pushkin de Moscú (en su nombre oficial, Museo Estatal de Artes Plásticas) es el segundo gran museo de Rusia dedicado al arte europeo, sólo superado por el Hermitage de San Petersburgo. Se ubica en la calle Voljonka, 12.</rdfs:comment>
    <rdfs:comment xml:lang="de">Das Staatliche A. S. Puschkin-Museum für bildende Künste in Moskau, benannt nach dem russischen Nationaldichter Alexander Sergejewitsch Puschkin, ist eine der bedeutendsten Kunstsammlungen Russlands. Es wird zurzeit von Irina Antonowa geleitet. Die Initiative für die Gründung eines bürgerlichen Bildungsmuseums geht bereits auf erste Ideen in den 50er Jahren des 18. Jahrhunderts zurück. Doch es sollte mehr als hundert Jahre dauern, bevor der Gedanke erste Formen annahm.</rdfs:comment>
    <dbpedia-owl:thumbnail rdf:resource="http://upload.wikimedia.org/wikipedia/commons/thumb/f/f6/Gmii.jpg/200px-Gmii.jpg" />
    <dbpedia-owl:wikiPageExternalLink rdf:resource="http://www.smashpixels.com/google-building-doodle" />
    <dbpedia-owl:wikiPageExternalLink rdf:resource="http://www.museum.ru/gmii/defengl.htm" />
    <dbpedia-owl:wikiPageExternalLink rdf:resource="http://english.tsvetayeva.com/opening-museum" />
    <dbpedia-owl:wikiPageExternalLink rdf:resource="http://www.otdihinfo.ru/photo/16.html" />
    <dbpedia-owl:wikiPageExternalLink rdf:resource="http://www.worldwalk.info/en/catalog/16/" />
    <dbpedia-owl:wikiPageExternalLink rdf:resource="http://www.morozov-shchukin.com" />
    <geo:geometry rdf:datatype="http://www.openlinksw.com/schemas/virtrdf#Geometry">POINT(37.605 55.7472)</geo:geometry>
    <foaf:isPrimaryTopicOf rdf:resource="http://en.wikipedia.org/wiki/Pushkin_Museum" />
    <geo:long rdf:datatype="http://www.w3.org/2001/XMLSchema#float">37.605</geo:long>
    <geo:lat rdf:datatype="http://www.w3.org/2001/XMLSchema#float">55.7472</geo:lat>
    <ns8:wasDerivedFrom rdf:resource="http://en.wikipedia.org/wiki/Pushkin_Museum?oldid=547446936" />
    <grs:point xml:lang="en">55.74722222222222 37.605</grs:point>
    <dbpprop:hasPhotoCollection rdf:resource="http://wifo5-03.informatik.uni-mannheim.de/flickrwrappr/photos/Pushkin_Museum" />
  </rdf:Description>
  <rdf:Description rdf:about="http://dbpedia.org/resource/Landscape_with_a_Carriage_and_a_Train">
    <dbpedia-owl:museum rdf:resource="http://dbpedia.org/resource/Pushkin_Museum" />
  </rdf:Description>
  <rdf:Description rdf:about="http://dbpedia.org/resource/Window_at_Tangier">
    <dbpedia-owl:museum rdf:resource="http://dbpedia.org/resource/Pushkin_Museum" />
    <dbpprop:museum rdf:resource="http://dbpedia.org/resource/Pushkin_Museum" />
  </rdf:Description>
  <rdf:Description rdf:about="http://dbpedia.org/resource/Moscow_Museum_of_Fine_Arts">
    <dbpedia-owl:wikiPageRedirects rdf:resource="http://dbpedia.org/resource/Pushkin_Museum" />
  </rdf:Description>
  <rdf:Description rdf:about="http://pt.dbpedia.org/resource/Museu_Pushkin">
    <owl:sameAs rdf:resource="http://dbpedia.org/resource/Pushkin_Museum" />
  </rdf:Description>
  <rdf:Description rdf:about="http://dbpedia.org/resource/The_Red_Vineyard">
    <dbpedia-owl:museum rdf:resource="http://dbpedia.org/resource/Pushkin_Museum" />
    <dbpprop:museum rdf:resource="http://dbpedia.org/resource/Pushkin_Museum" />
  </rdf:Description>
  <rdf:Description rdf:about="http://dbpedia.org/resource/Pushkin_State_Museum_of_Fine_Arts">
    <dbpedia-owl:wikiPageRedirects rdf:resource="http://dbpedia.org/resource/Pushkin_Museum" />
  </rdf:Description>
  <rdf:Description rdf:about="http://de.dbpedia.org/resource/Puschkin-Museum">
    <owl:sameAs rdf:resource="http://dbpedia.org/resource/Pushkin_Museum" />
  </rdf:Description>
  <rdf:Description rdf:about="http://pl.dbpedia.org/resource/Muzeum_Sztuk_Pięknych_im._Puszkina_w_Moskwie">
    <owl:sameAs rdf:resource="http://dbpedia.org/resource/Pushkin_Museum" />
  </rdf:Description>
  <rdf:Description rdf:about="http://dbpedia.org/resource/Uncial_0236">
    <dbpprop:nowAt rdf:resource="http://dbpedia.org/resource/Pushkin_Museum" />
  </rdf:Description>
  <rdf:Description rdf:about="http://es.dbpedia.org/resource/Museo_Pushkin">
    <owl:sameAs rdf:resource="http://dbpedia.org/resource/Pushkin_Museum" />
  </rdf:Description>
  <rdf:Description rdf:about="http://it.dbpedia.org/resource/Museo_Puškin_delle_belle_arti">
    <owl:sameAs rdf:resource="http://dbpedia.org/resource/Pushkin_Museum" />
  </rdf:Description>
  <rdf:Description rdf:about="http://ja.dbpedia.org/resource/プーシキン美術館">
    <owl:sameAs rdf:resource="http://dbpedia.org/resource/Pushkin_Museum" />
  </rdf:Description>
  <rdf:Description rdf:about="http://dbpedia.org/resource/Pushkin_Museum_of_Fine_Arts">
    <dbpedia-owl:wikiPageRedirects rdf:resource="http://dbpedia.org/resource/Pushkin_Museum" />
  </rdf:Description>
  <rdf:Description rdf:about="http://dbpedia.org/resource/Pushkin_Art_Museum">
    <dbpedia-owl:wikiPageRedirects rdf:resource="http://dbpedia.org/resource/Pushkin_Museum" />
  </rdf:Description>
  <rdf:Description rdf:about="http://dbpedia.org/resource/Pushkin_Fine_Art_Museum_Moscow">
    <dbpedia-owl:wikiPageRedirects rdf:resource="http://dbpedia.org/resource/Pushkin_Museum" />
  </rdf:Description>
  <rdf:Description rdf:about="http://dbpedia.org/resource/Pushkin_Museum_Moscow">
    <dbpedia-owl:wikiPageRedirects rdf:resource="http://dbpedia.org/resource/Pushkin_Museum" />
  </rdf:Description>
  <rdf:Description rdf:about="http://en.wikipedia.org/wiki/Pushkin_Museum">
    <foaf:primaryTopic rdf:resource="http://dbpedia.org/resource/Pushkin_Museum" />
  </rdf:Description>
  <rdf:Description rdf:about="http://el.dbpedia.org/resource/Μουσείο_Πούσκιν">
    <owl:sameAs rdf:resource="http://dbpedia.org/resource/Pushkin_Museum" />
  </rdf:Description>
  <rdf:Description rdf:about="http://nl.dbpedia.org/resource/Poesjkinmuseum">
    <owl:sameAs rdf:resource="http://dbpedia.org/resource/Pushkin_Museum" />
  </rdf:Description>
  <rdf:Description rdf:about="http://dbpedia.org/resource/Alexander_Pushkin_State_Museum_of_Fine_Arts">
    <dbpedia-owl:wikiPageRedirects rdf:resource="http://dbpedia.org/resource/Pushkin_Museum" />
  </rdf:Description>
  <rdf:Description rdf:about="http://wikidata.dbpedia.org/resource/Q4872">
    <owl:sameAs rdf:resource="http://dbpedia.org/resource/Pushkin_Museum" />
  </rdf:Description>
  <rdf:Description rdf:about="http://zh.dbpedia.org/resource/普希金造型藝術博物館">
    <owl:sameAs rdf:resource="http://dbpedia.org/resource/Pushkin_Museum" />
  </rdf:Description>
  <rdf:Description rdf:about="http://be.dbpedia.org/resource/Дзяржаўны_музей_выяўленчых_мастацтваў_імя_А._С._Пушкіна">
    <owl:sameAs rdf:resource="http://dbpedia.org/resource/Pushkin_Museum" />
  </rdf:Description>
  <rdf:Description rdf:about="http://bg.dbpedia.org/resource/Пушкински_музей_(Москва)">
    <owl:sameAs rdf:resource="http://dbpedia.org/resource/Pushkin_Museum" />
  </rdf:Description>
  <rdf:Description rdf:about="http://ca.dbpedia.org/resource/Museu_de_Belles_Arts_Puixkin">
    <owl:sameAs rdf:resource="http://dbpedia.org/resource/Pushkin_Museum" />
  </rdf:Description>
  <rdf:Description rdf:about="http://eo.dbpedia.org/resource/Ŝtata_Muzeo_de_Belartoj_Puŝkin">
    <owl:sameAs rdf:resource="http://dbpedia.org/resource/Pushkin_Museum" />
  </rdf:Description>
  <rdf:Description rdf:about="http://he.dbpedia.org/resource/מוזיאון_פושקין">
    <owl:sameAs rdf:resource="http://dbpedia.org/resource/Pushkin_Museum" />
  </rdf:Description>
  <rdf:Description rdf:about="http://hu.dbpedia.org/resource/Puskin_Múzeum">
    <owl:sameAs rdf:resource="http://dbpedia.org/resource/Pushkin_Museum" />
  </rdf:Description>
  <rdf:Description rdf:about="http://ka.dbpedia.org/resource/პუშკინის_მუზეუმი_(მოსკოვი)">
    <owl:sameAs rdf:resource="http://dbpedia.org/resource/Pushkin_Museum" />
  </rdf:Description>
  <rdf:Description rdf:about="http://mk.dbpedia.org/resource/Пушкински_музеј">
    <owl:sameAs rdf:resource="http://dbpedia.org/resource/Pushkin_Museum" />
  </rdf:Description>
  <rdf:Description rdf:about="http://sk.dbpedia.org/resource/Puškinovo_múzeum">
    <owl:sameAs rdf:resource="http://dbpedia.org/resource/Pushkin_Museum" />
  </rdf:Description>
  <rdf:Description rdf:about="http://sr.dbpedia.org/resource/Puškinov_muzej">
    <owl:sameAs rdf:resource="http://dbpedia.org/resource/Pushkin_Museum" />
  </rdf:Description>
  <rdf:Description rdf:about="http://sv.dbpedia.org/resource/Pusjkinmuseet">
    <owl:sameAs rdf:resource="http://dbpedia.org/resource/Pushkin_Museum" />
  </rdf:Description>
  <rdf:Description rdf:about="http://uk.dbpedia.org/resource/Державний_музей_образотворчих_мистецтв_імені_О._С._Пушкіна">
    <owl:sameAs rdf:resource="http://dbpedia.org/resource/Pushkin_Museum" />
  </rdf:Description>
  <rdf:Description rdf:about="http://vi.dbpedia.org/resource/Bảo_tàng_Puskin">
    <owl:sameAs rdf:resource="http://dbpedia.org/resource/Pushkin_Museum" />
  </rdf:Description>
</rdf:RDF>
