<?xml version="1.0" encoding="utf-8" ?>
<rdf:RDF
	xmlns:rdf="http://www.w3.org/1999/02/22-rdf-syntax-ns#"
	xmlns:rdfs="http://www.w3.org/2000/01/rdf-schema#"
	xmlns:owl="http://www.w3.org/2002/07/owl#"
	xmlns:dcterms="http://purl.org/dc/terms/"
	xmlns:dbpedia-owl="http://dbpedia.org/ontology/"
	xmlns:foaf="http://xmlns.com/foaf/0.1/"
	xmlns:dbpprop="http://dbpedia.org/property/"
	xmlns:geo="http://www.w3.org/2003/01/geo/wgs84_pos#"
	xmlns:ns8="http://www.w3.org/ns/prov#"
	xmlns:grs="http://www.georss.org/georss/" >
  <rdf:Description rdf:about="http://en.wikipedia.org/wiki/Russian_Museum">
    <foaf:primaryTopic rdf:resource="http://dbpedia.org/resource/Russian_Museum" />
  </rdf:Description>
  <rdf:Description rdf:about="http://de.dbpedia.org/resource/Russisches_Museum">
    <owl:sameAs rdf:resource="http://dbpedia.org/resource/Russian_Museum" />
  </rdf:Description>
  <rdf:Description rdf:about="http://es.dbpedia.org/resource/Museo_Estatal_Ruso">
    <owl:sameAs rdf:resource="http://dbpedia.org/resource/Russian_Museum" />
  </rdf:Description>
  <rdf:Description rdf:about="http://dbpedia.org/resource/Reply_of_the_Zaporozhian_Cossacks">
    <dbpedia-owl:museum rdf:resource="http://dbpedia.org/resource/Russian_Museum" />
    <dbpprop:museum rdf:resource="http://dbpedia.org/resource/Russian_Museum" />
  </rdf:Description>
  <rdf:Description rdf:about="http://dbpedia.org/resource/The_Ninth_Wave">
    <dbpedia-owl:museum rdf:resource="http://dbpedia.org/resource/Russian_Museum" />
    <dbpprop:museum rdf:resource="http://dbpedia.org/resource/Russian_Museum" />
  </rdf:Description>
  <rdf:Description rdf:about="http://dbpedia.org/resource/Russian_State_Museum">
    <dbpedia-owl:wikiPageRedirects rdf:resource="http://dbpedia.org/resource/Russian_Museum" />
  </rdf:Description>
  <rdf:Description rdf:about="http://ja.dbpedia.org/resource/ロシア美術館">
    <owl:sameAs rdf:resource="http://dbpedia.org/resource/Russian_Museum" />
  </rdf:Description>
  <rdf:Description rdf:about="http://dbpedia.org/resource/Russian_Museum">
    <rdf:type rdf:resource="http://www.opengis.net/gml/_Feature" />
    <rdf:type rdf:resource="http://dbpedia.org/class/yago/YagoGeoEntity" />
    <rdf:type rdf:resource="http://dbpedia.org/class/yago/ArtMuseumsAndGalleriesInRussia" />
    <rdf:type rdf:resource="http://dbpedia.org/class/yago/Facility103315023" />
    <rdf:type rdf:resource="http://dbpedia.org/class/yago/MuseumsInSaintPetersburg" />
    <rdf:type rdf:resource="http://dbpedia.org/class/yago/Object100002684" />
    <rdf:type rdf:resource="http://dbpedia.org/class/yago/Whole100003553" />
    <rdf:type rdf:resource="http://dbpedia.org/class/yago/YagoPermanentlyLocatedEntity" />
    <rdf:type rdf:resource="http://dbpedia.org/class/yago/Museum103800563" />
    <rdf:type rdf:resource="http://dbpedia.org/class/yago/Artifact100021939" />
    <rdf:type rdf:resource="http://dbpedia.org/class/yago/PhysicalEntity100001930" />
    <rdf:type rdf:resource="http://dbpedia.org/class/yago/Depository103177349" />
    <rdf:type rdf:resource="http://dbpedia.org/class/yago/MuseumsEstablishedIn1895" />
    <owl:sameAs rdf:resource="http://yago-knowledge.org/resource/Russian_Museum" />
    <owl:sameAs rdf:resource="http://nl.dbpedia.org/resource/Russisch_Museum" />
    <owl:sameAs rdf:resource="http://de.dbpedia.org/resource/Russisches_Museum" />
    <owl:sameAs rdf:resource="http://eo.dbpedia.org/resource/Rusa_Muzeo" />
    <owl:sameAs rdf:resource="http://ka.dbpedia.org/resource/რუსული_მუზეუმი_(სანქტ-პეტერბურგი)" />
    <owl:sameAs rdf:resource="http://nn.dbpedia.org/resource/Det_russiske_museet" />
    <owl:sameAs rdf:resource="http://fr.dbpedia.org/resource/Musée_Russe" />
    <owl:sameAs rdf:resource="http://be.dbpedia.org/resource/Дзяржаўны_Рускі_музей" />
    <owl:sameAs rdf:resource="http://es.dbpedia.org/resource/Museo_Estatal_Ruso" />
    <owl:sameAs rdf:resource="http://ko.dbpedia.org/resource/러시아_미술관" />
    <owl:sameAs rdf:resource="http://ro.dbpedia.org/resource/Muzeul_Rus" />
    <owl:sameAs rdf:resource="http://mhr.dbpedia.org/resource/Руш_тоштер" />
    <owl:sameAs rdf:resource="http://he.dbpedia.org/resource/המוזיאון_הרוסי" />
    <owl:sameAs rdf:resource="http://vep.dbpedia.org/resource/Valdkundaline_Venälaine_muzei" />
    <owl:sameAs rdf:resource="http://sk.dbpedia.org/resource/Štátne_ruské_múzeum" />
    <owl:sameAs rdf:resource="http://sv.dbpedia.org/resource/Ryska_museet" />
    <owl:sameAs rdf:resource="http://dbpedia.org/resource/Russian_Museum" />
    <owl:sameAs rdf:resource="http://www.wikidata.org/entity/Q211043" />
    <owl:sameAs rdf:resource="http://it.dbpedia.org/resource/Museo_russo" />
    <owl:sameAs rdf:resource="http://rdf.freebase.com/ns/m.055ctk" />
    <owl:sameAs rdf:resource="http://uk.dbpedia.org/resource/Російський_музей" />
    <owl:sameAs rdf:resource="http://bg.dbpedia.org/resource/Държавен_руски_музей" />
    <owl:sameAs rdf:resource="http://lt.dbpedia.org/resource/Rusų_muziejus" />
    <owl:sameAs rdf:resource="http://da.dbpedia.org/resource/Det_russiske_museum" />
    <owl:sameAs rdf:resource="http://ru.dbpedia.org/resource/Государственный_Русский_музей" />
    <owl:sameAs rdf:resource="http://be_x_old.dbpedia.org/resource/Дзяржаўны_Расейскі_музэй" />
    <owl:sameAs rdf:resource="http://ca.dbpedia.org/resource/Museu_Rus" />
    <owl:sameAs rdf:resource="http://no.dbpedia.org/resource/Det_russiske_museet" />
    <owl:sameAs rdf:resource="http://pl.dbpedia.org/resource/Muzeum_Rosyjskie_w_Sankt_Petersburgu" />
    <owl:sameAs rdf:resource="http://tr.dbpedia.org/resource/Rus_Devlet_Müzesi" />
    <owl:sameAs rdf:resource="http://ja.dbpedia.org/resource/ロシア美術館" />
    <owl:sameAs rdf:resource="http://ar.dbpedia.org/resource/المتحف_الروسي" />
    <owl:sameAs rdf:resource="http://pt.dbpedia.org/resource/Museu_Russo" />
    <owl:sameAs rdf:resource="http://fi.dbpedia.org/resource/Venäläisen_taiteen_museo" />
    <dcterms:subject rdf:resource="http://dbpedia.org/resource/Category:Carlo_Rossi_buildings_and_structures" />
    <dcterms:subject rdf:resource="http://dbpedia.org/resource/Category:1895_establishments_in_Russia" />
    <dcterms:subject rdf:resource="http://dbpedia.org/resource/Category:Art_museums_and_galleries_in_Russia" />
    <dcterms:subject rdf:resource="http://dbpedia.org/resource/Category:Art_museums_established_in_1895" />
    <dcterms:subject rdf:resource="http://dbpedia.org/resource/Category:National_art_museums_and_galleries_in_Saint_Petersburg" />
    <dcterms:subject rdf:resource="http://dbpedia.org/resource/Category:Art_museums_and_galleries_in_Saint_Petersburg" />
    <dcterms:subject rdf:resource="http://dbpedia.org/resource/Category:National_art_museums_and_galleries_in_Russia" />
    <dcterms:subject rdf:resource="http://dbpedia.org/resource/Category:Museums_in_Saint_Petersburg" />
    <dcterms:subject rdf:resource="http://dbpedia.org/resource/Category:Russian_Museum_in_Saint_Petersburg" />
    <dbpedia-owl:abstract xml:lang="ru">Государственный Русский музей (до 1917 года «Русский Музей Императора Александра III») — самый обширный музей русского искусства в мире. Находится в Санкт-Петербурге, в здании Михайловского дворца. Филиалы музея расположены в Михайловском замке, в Мраморном и Строгановском дворце. В ведении музея находятся также Михайловский и Летний сад с Летним дворцом Петра I, а также Домик Петра I. Директор музея — Владимир Александрович Гусев.</dbpedia-owl:abstract>
    <dbpedia-owl:abstract xml:lang="ja">国立ロシア美術館（ロシア語: Государственный Русский музей、英語: State Russian Museum）は、ロシア、サンクトペテルブルクにある美術館。旧名は、アレクサンドル3世皇帝記念ロシア美術館（Русский Музей Императора Александра III）。ロシアの美術館中、最大のコレクションを誇る。また、ロシア美術館本館に使用されているミハイロフスキー宮殿は、19世紀初頭におけるロシア新古典主義建築の傑作である。 ロシア美術館は、1895年4月13日にロシア皇帝ニコライ2世によって父帝アレクサンドル3世を記念してロシア最初の国立美術館として開館した。ロシア美術館の最初のコレクションは、エルミタージュ美術館および、アレクサンドロフスキー宮殿、ロシア帝国美術アカデミー（English版）の収蔵品から移動させられた。1917年のロシア革命後、多くの個人蔵のコレクションが国有財産となり、ロシア美術館の収蔵品となった。この中にはカジミール・マレーヴィチの「黒の正方形」（1915年）なども含まれる。</dbpedia-owl:abstract>
    <dbpedia-owl:abstract xml:lang="nl">Het Russisch Museum is een museum in Sint-Petersburg.</dbpedia-owl:abstract>
    <dbpedia-owl:abstract xml:lang="sv">Det statliga ryska museet innehar den största ryska konstsamlingen i St Petersburg.</dbpedia-owl:abstract>
    <dbpedia-owl:abstract xml:lang="pt">O Museu Russo é um museu de arte localizado em São Petersburgo, na Rússia. Sua vasta coleção compreende cerca de 400 mil itens, de todas as escolas e gêneros que floresceram ao longo da história da Rússia, e é a maior em seu gênero em todo o mundo. O Museu Russo é ainda um reputado centro de pesquisas acadêmicas, um grande centro educativo e o núcleo de uma rede de museus subsidiários em outras localizades do país. Como projetos relacionados o Museu mantém centros de exposição em mais dez cidades da Rússia e no exterior, além de editar publicações diversas sobre seu acervo. As coleções permanentes estão instaladas no Palácio Mikhailovsky, no Palácio Stroganov, no Castelo de São Miguel e no Palácio de Mármore. O complexo inclui ainda os Jardins de Verão e a Casa de Verão de Pedro, o Grande.</dbpedia-owl:abstract>
    <dbpedia-owl:abstract xml:lang="pl">Państwowe Muzeum Rosyjskie w Sankt Petersburgu (ros. Государственный Русский музей, Gosudarstwiennyj Russkij Muziej) – muzeum zawierające największy w Sankt Petersburgu zbiór sztuki rosyjskiej i jeden z dwóch największych w Rosji. Główny budynek muzeum znajduje się na ul. Inżeniernaja 4 - jest to Pałac Michajłowski, neoklasycystyczna siedziba wielkiego księcia Michała - brata carów Aleksandra I i Mikołaja I. Niektóre z sal muzealnych Pałacu zachowały bogaty wystrój w stylu włoskim.</dbpedia-owl:abstract>
    <dbpedia-owl:abstract xml:lang="it">Il Museo di Stato Russo in russo: Государственный Русский музей, precedentemente Museo Russo di Sua Maestà Imperiale Alessandro III, è uno dei più importanti musei di San Pietroburgo, interamente dedicato all&#39;arte russa, la cui sede principale si trova nello splendido Palazzo Michajlovskij, opera dell&#39;architetto italiano Carlo Rossi, e nell&#39;adiacente ala detta "Corpus Benois". Il museo fu istituito il 13 aprile del 1895, dopo l&#39;incoronazione di Nicola II per commemorare il padre, Alessandro III. La collezione originale era composta da opere d&#39;arte prelevate dall&#39;Ermitage, dal Palazzo di Alessandro e dall&#39;Accademia Imperiale delle Arti. A seguito della Rivoluzione russa, molte collezioni private furono nazionalizzate e ricollocate al Museo di Stato Russo. Tra queste era inclusa la prima e più preziosa versione del Quadrato nero di Kazimir Malevich. Le altre sedi del museo sono il Palazzo d&#39;Estate di Pietro I, il Palazzo di Marmo del conte Orlov, il Castello Michailovskij dell&#39;Imperatore Paolo I, e il Palazzo Stroganov, progettato da Bartolomeo Rastrelli.</dbpedia-owl:abstract>
    <dbpedia-owl:abstract xml:lang="fr">Le Musée Russe de Saint-Pétersbourg (anciennement Musée russe de S.M.I. Alexandre III) est le musée des Beaux-Arts le plus important de Russie.</dbpedia-owl:abstract>
    <dbpedia-owl:abstract xml:lang="es">El Museo Estatal Ruso, conocido hasta 1917 como Museo Imperial de su Majestad Alejandro III, es un museo de San Petersburgo ubicado en el Palacio Mijáilovski y dedicado íntegramente a artistas rusos. Junto a la Galería Tretiakov de Moscú es el más importante de su especialidad. Fue inaugurado el 13 de abril de 1895 por Nicolás II en memoria de su padre, el zar Alejandro III.</dbpedia-owl:abstract>
    <dbpedia-owl:abstract xml:lang="de">Das Russische Museum in Sankt Petersburg ist neben der Moskauer Tretjakow-Galerie die umfassendste Sammlung russischer Kunst. Das Museum besitzt etwa 315.000 Exponate aus den Bereichen Malerei, Skulpturen, Graphik, Kunsthandwerk und Volkskunst.</dbpedia-owl:abstract>
    <dbpedia-owl:abstract xml:lang="en">The State Russian Museum (formerly the Russian Museum of His Imperial Majesty Alexander III) is the largest depository of Russian fine art in St Petersburg. Admission Prices:300 rubles adults, 150 rubles students with ID, free for children 6 and under. English-language tour for up to 5 with official museum guide 1,500 rubles plus entrance fee. Read more: http://www. frommers. com/destinations/stpetersburgrussia/A34534. html#ixzz2OwHQvool The museum was established on April 13, 1895, upon enthronement of Nicholas II to commemorate his father, Alexander III. Its original collection was composed of artworks taken from the Hermitage Museum, Alexander Palace, and the Imperial Academy of Arts. After the Russian Revolution of 1917, many private collections were nationalized and relocated to the Russian Museum. These included Kazimir Malevich&#39;s Black Square. The main building of the museum is the Mikhailovsky Palace, a splendid Neoclassical residence of Grand Duke Michael Pavlovich, erected in 1819-25 to a design by Carlo Rossi on Square of Arts in St Petersburg. Upon the death of the Grand Duke the residence was named after his wife as the Palace of the Grand Duchess Elena Pavlovna, and became famous for its many theatrical presentations and balls. Some of the halls of the palace retain the Italianate opulent interiors of the former imperial residence. Other buildings assigned to the Russian museum include the Summer Palace of Peter I (1710–14), the Marble Palace of Count Orlov (1768–85), St Michael&#39;s Castle of Emperor Paul (1797–1801), and the Rastrelliesque Stroganov Palace on the Nevsky Prospekt (1752–54). The Ethnographic Department was originally set up in a building specially designed by Vladimir Svinyin in 1902. The museum soon housed gifts received by Emperor&#39;s family from representatives of peoples inhabiting various regions of the Russian Empire. Further exhibits were purchased by Nicholas II and other members of his family as State financing was not enough to purchase new exhibits. In 1934, the Ethnographic Department was given the status of an independent museum: the Russian Museum of Ethnography.</dbpedia-owl:abstract>
    <dbpedia-owl:wikiPageID rdf:datatype="http://www.w3.org/2001/XMLSchema#integer">1489122</dbpedia-owl:wikiPageID>
    <dbpedia-owl:wikiPageRevisionID rdf:datatype="http://www.w3.org/2001/XMLSchema#integer">547623768</dbpedia-owl:wikiPageRevisionID>
    <rdfs:label xml:lang="it">Museo russo</rdfs:label>
    <rdfs:label xml:lang="en">Russian Museum</rdfs:label>
    <rdfs:label xml:lang="ru">Государственный Русский музей</rdfs:label>
    <rdfs:label xml:lang="pl">Muzeum Rosyjskie w Sankt Petersburgu</rdfs:label>
    <rdfs:label xml:lang="pt">Museu Russo</rdfs:label>
    <rdfs:label xml:lang="sv">Ryska museet</rdfs:label>
    <rdfs:label xml:lang="fr">Musée Russe</rdfs:label>
    <rdfs:label xml:lang="ja">ロシア美術館</rdfs:label>
    <rdfs:label xml:lang="nl">Russisch Museum</rdfs:label>
    <rdfs:label xml:lang="de">Russisches Museum</rdfs:label>
    <rdfs:label xml:lang="es">Museo Estatal Ruso</rdfs:label>
    <foaf:depiction rdf:resource="http://upload.wikimedia.org/wikipedia/commons/f/fd/Russian_museam.JPG" />
    <rdfs:comment xml:lang="ru">Государственный Русский музей (до 1917 года «Русский Музей Императора Александра III») — самый обширный музей русского искусства в мире. Находится в Санкт-Петербурге, в здании Михайловского дворца. Филиалы музея расположены в Михайловском замке, в Мраморном и Строгановском дворце. В ведении музея находятся также Михайловский и Летний сад с Летним дворцом Петра I, а также Домик Петра I. Директор музея — Владимир Александрович Гусев.</rdfs:comment>
    <rdfs:comment xml:lang="ja">国立ロシア美術館（ロシア語: Государственный Русский музей、英語: State Russian Museum）は、ロシア、サンクトペテルブルクにある美術館。旧名は、アレクサンドル3世皇帝記念ロシア美術館（Русский Музей Императора Александра III）。ロシアの美術館中、最大のコレクションを誇る。また、ロシア美術館本館に使用されているミハイロフスキー宮殿は、19世紀初頭におけるロシア新古典主義建築の傑作である。 ロシア美術館は、1895年4月13日にロシア皇帝ニコライ2世によって父帝アレクサンドル3世を記念してロシア最初の国立美術館として開館した。ロシア美術館の最初のコレクションは、エルミタージュ美術館および、アレクサンドロフスキー宮殿、ロシア帝国美術アカデミー（English版）の収蔵品から移動させられた。1917年のロシア革命後、多くの個人蔵のコレクションが国有財産となり、ロシア美術館の収蔵品となった。この中にはカジミール・マレーヴィチの「黒の正方形」（1915年）なども含まれる。</rdfs:comment>
    <rdfs:comment xml:lang="es">El Museo Estatal Ruso, conocido hasta 1917 como Museo Imperial de su Majestad Alejandro III, es un museo de San Petersburgo ubicado en el Palacio Mijáilovski y dedicado íntegramente a artistas rusos. Junto a la Galería Tretiakov de Moscú es el más importante de su especialidad. Fue inaugurado el 13 de abril de 1895 por Nicolás II en memoria de su padre, el zar Alejandro III.</rdfs:comment>
    <rdfs:comment xml:lang="pl">Państwowe Muzeum Rosyjskie w Sankt Petersburgu (ros. Государственный Русский музей, Gosudarstwiennyj Russkij Muziej) – muzeum zawierające największy w Sankt Petersburgu zbiór sztuki rosyjskiej i jeden z dwóch największych w Rosji. Główny budynek muzeum znajduje się na ul. Inżeniernaja 4 - jest to Pałac Michajłowski, neoklasycystyczna siedziba wielkiego księcia Michała - brata carów Aleksandra I i Mikołaja I. Niektóre z sal muzealnych Pałacu zachowały bogaty wystrój w stylu włoskim.</rdfs:comment>
    <rdfs:comment xml:lang="en">The State Russian Museum (formerly the Russian Museum of His Imperial Majesty Alexander III) is the largest depository of Russian fine art in St Petersburg. Admission Prices:300 rubles adults, 150 rubles students with ID, free for children 6 and under. English-language tour for up to 5 with official museum guide 1,500 rubles plus entrance fee. Read more: http://www. frommers. com/destinations/stpetersburgrussia/A34534.</rdfs:comment>
    <rdfs:comment xml:lang="nl">Het Russisch Museum is een museum in Sint-Petersburg.</rdfs:comment>
    <rdfs:comment xml:lang="pt">O Museu Russo é um museu de arte localizado em São Petersburgo, na Rússia. Sua vasta coleção compreende cerca de 400 mil itens, de todas as escolas e gêneros que floresceram ao longo da história da Rússia, e é a maior em seu gênero em todo o mundo. O Museu Russo é ainda um reputado centro de pesquisas acadêmicas, um grande centro educativo e o núcleo de uma rede de museus subsidiários em outras localizades do país.</rdfs:comment>
    <rdfs:comment xml:lang="fr">Le Musée Russe de Saint-Pétersbourg (anciennement Musée russe de S.M.I. Alexandre III) est le musée des Beaux-Arts le plus important de Russie.</rdfs:comment>
    <rdfs:comment xml:lang="it">Il Museo di Stato Russo in russo: Государственный Русский музей, precedentemente Museo Russo di Sua Maestà Imperiale Alessandro III, è uno dei più importanti musei di San Pietroburgo, interamente dedicato all&#39;arte russa, la cui sede principale si trova nello splendido Palazzo Michajlovskij, opera dell&#39;architetto italiano Carlo Rossi, e nell&#39;adiacente ala detta "Corpus Benois".</rdfs:comment>
    <rdfs:comment xml:lang="sv">Det statliga ryska museet innehar den största ryska konstsamlingen i St Petersburg.</rdfs:comment>
    <rdfs:comment xml:lang="de">Das Russische Museum in Sankt Petersburg ist neben der Moskauer Tretjakow-Galerie die umfassendste Sammlung russischer Kunst. Das Museum besitzt etwa 315.000 Exponate aus den Bereichen Malerei, Skulpturen, Graphik, Kunsthandwerk und Volkskunst.</rdfs:comment>
    <dbpedia-owl:thumbnail rdf:resource="http://upload.wikimedia.org/wikipedia/commons/thumb/f/fd/Russian_museam.JPG/200px-Russian_museam.JPG" />
    <dbpedia-owl:wikiPageExternalLink rdf:resource="http://enlight.ru/camera/361/" />
    <dbpedia-owl:wikiPageExternalLink rdf:resource="http://enlight.ru/camera/362/" />
    <dbpedia-owl:wikiPageExternalLink rdf:resource="http://enlight.ru/camera/360/" />
    <dbpedia-owl:wikiPageExternalLink rdf:resource="http://www.frommers.com/destinations/stpetersburgrussia/A34534.html#ixzz2OwHQvool" />
    <dbpedia-owl:wikiPageExternalLink rdf:resource="http://www.rusmuseum.ru/eng/" />
    <geo:geometry rdf:datatype="http://www.openlinksw.com/schemas/virtrdf#Geometry">POINT(30.3324 59.9387)</geo:geometry>
    <foaf:isPrimaryTopicOf rdf:resource="http://en.wikipedia.org/wiki/Russian_Museum" />
    <geo:long rdf:datatype="http://www.w3.org/2001/XMLSchema#float">30.3324</geo:long>
    <geo:lat rdf:datatype="http://www.w3.org/2001/XMLSchema#float">59.9387</geo:lat>
    <ns8:wasDerivedFrom rdf:resource="http://en.wikipedia.org/wiki/Russian_Museum?oldid=547623768" />
    <grs:point xml:lang="en">59.938742 30.332385</grs:point>
    <dbpprop:hasPhotoCollection rdf:resource="http://wifo5-03.informatik.uni-mannheim.de/flickrwrappr/photos/Russian_Museum" />
  </rdf:Description>
  <rdf:Description rdf:about="http://dbpedia.org/resource/The_Last_Day_of_Pompeii">
    <dbpedia-owl:museum rdf:resource="http://dbpedia.org/resource/Russian_Museum" />
    <dbpprop:museum rdf:resource="http://dbpedia.org/resource/Russian_Museum" />
  </rdf:Description>
  <rdf:Description rdf:about="http://fr.dbpedia.org/resource/Musée_Russe">
    <owl:sameAs rdf:resource="http://dbpedia.org/resource/Russian_Museum" />
  </rdf:Description>
  <rdf:Description rdf:about="http://it.dbpedia.org/resource/Museo_russo">
    <owl:sameAs rdf:resource="http://dbpedia.org/resource/Russian_Museum" />
  </rdf:Description>
  <rdf:Description rdf:about="http://pt.dbpedia.org/resource/Museu_Russo">
    <owl:sameAs rdf:resource="http://dbpedia.org/resource/Russian_Museum" />
  </rdf:Description>
  <rdf:Description rdf:about="http://ko.dbpedia.org/resource/러시아_미술관">
    <owl:sameAs rdf:resource="http://dbpedia.org/resource/Russian_Museum" />
  </rdf:Description>
  <rdf:Description rdf:about="http://pl.dbpedia.org/resource/Muzeum_Rosyjskie_w_Sankt_Petersburgu">
    <owl:sameAs rdf:resource="http://dbpedia.org/resource/Russian_Museum" />
  </rdf:Description>
  <rdf:Description rdf:about="http://ru.dbpedia.org/resource/Государственный_Русский_музей">
    <owl:sameAs rdf:resource="http://dbpedia.org/resource/Russian_Museum" />
  </rdf:Description>
  <rdf:Description rdf:about="http://dbpedia.org/resource/Russian_museum">
    <dbpedia-owl:wikiPageRedirects rdf:resource="http://dbpedia.org/resource/Russian_Museum" />
  </rdf:Description>
  <rdf:Description rdf:about="http://dbpedia.org/resource/State_Russian_Museum">
    <dbpedia-owl:wikiPageRedirects rdf:resource="http://dbpedia.org/resource/Russian_Museum" />
  </rdf:Description>
  <rdf:Description rdf:about="http://dbpedia.org/resource/Alexander_III_Museum">
    <dbpedia-owl:wikiPageRedirects rdf:resource="http://dbpedia.org/resource/Russian_Museum" />
  </rdf:Description>
  <rdf:Description rdf:about="http://dbpedia.org/resource/Old_Mikhailovsky_Palace">
    <dbpedia-owl:wikiPageRedirects rdf:resource="http://dbpedia.org/resource/Russian_Museum" />
  </rdf:Description>
  <rdf:Description rdf:about="http://dbpedia.org/resource/Palace_of_the_Grand_Duchess_Elena_Pavlovna">
    <dbpedia-owl:wikiPageRedirects rdf:resource="http://dbpedia.org/resource/Russian_Museum" />
  </rdf:Description>
  <rdf:Description rdf:about="http://dbpedia.org/resource/The_Russian_Museum">
    <dbpedia-owl:wikiPageRedirects rdf:resource="http://dbpedia.org/resource/Russian_Museum" />
  </rdf:Description>
  <rdf:Description rdf:about="http://nl.dbpedia.org/resource/Russisch_Museum">
    <owl:sameAs rdf:resource="http://dbpedia.org/resource/Russian_Museum" />
  </rdf:Description>
  <rdf:Description rdf:about="http://wikidata.dbpedia.org/resource/Q211043">
    <owl:sameAs rdf:resource="http://dbpedia.org/resource/Russian_Museum" />
  </rdf:Description>
  <rdf:Description rdf:about="http://ar.dbpedia.org/resource/المتحف_الروسي">
    <owl:sameAs rdf:resource="http://dbpedia.org/resource/Russian_Museum" />
  </rdf:Description>
  <rdf:Description rdf:about="http://be.dbpedia.org/resource/Дзяржаўны_Рускі_музей">
    <owl:sameAs rdf:resource="http://dbpedia.org/resource/Russian_Museum" />
  </rdf:Description>
  <rdf:Description rdf:about="http://bg.dbpedia.org/resource/Държавен_руски_музей">
    <owl:sameAs rdf:resource="http://dbpedia.org/resource/Russian_Museum" />
  </rdf:Description>
  <rdf:Description rdf:about="http://ca.dbpedia.org/resource/Museu_Rus">
    <owl:sameAs rdf:resource="http://dbpedia.org/resource/Russian_Museum" />
  </rdf:Description>
  <rdf:Description rdf:about="http://da.dbpedia.org/resource/Det_russiske_museum">
    <owl:sameAs rdf:resource="http://dbpedia.org/resource/Russian_Museum" />
  </rdf:Description>
  <rdf:Description rdf:about="http://eo.dbpedia.org/resource/Rusa_Muzeo">
    <owl:sameAs rdf:resource="http://dbpedia.org/resource/Russian_Museum" />
  </rdf:Description>
  <rdf:Description rdf:about="http://fi.dbpedia.org/resource/Venäläisen_taiteen_museo">
    <owl:sameAs rdf:resource="http://dbpedia.org/resource/Russian_Museum" />
  </rdf:Description>
  <rdf:Description rdf:about="http://he.dbpedia.org/resource/המוזיאון_הרוסי">
    <owl:sameAs rdf:resource="http://dbpedia.org/resource/Russian_Museum" />
  </rdf:Description>
  <rdf:Description rdf:about="http://ka.dbpedia.org/resource/რუსული_მუზეუმი_(სანქტ-პეტერბურგი)">
    <owl:sameAs rdf:resource="http://dbpedia.org/resource/Russian_Museum" />
  </rdf:Description>
  <rdf:Description rdf:about="http://lt.dbpedia.org/resource/Rusų_muziejus">
    <owl:sameAs rdf:resource="http://dbpedia.org/resource/Russian_Museum" />
  </rdf:Description>
  <rdf:Description rdf:about="http://nn.dbpedia.org/resource/Det_russiske_museet">
    <owl:sameAs rdf:resource="http://dbpedia.org/resource/Russian_Museum" />
  </rdf:Description>
  <rdf:Description rdf:about="http://no.dbpedia.org/resource/Det_russiske_museet">
    <owl:sameAs rdf:resource="http://dbpedia.org/resource/Russian_Museum" />
  </rdf:Description>
  <rdf:Description rdf:about="http://ro.dbpedia.org/resource/Muzeul_Rus">
    <owl:sameAs rdf:resource="http://dbpedia.org/resource/Russian_Museum" />
  </rdf:Description>
  <rdf:Description rdf:about="http://sk.dbpedia.org/resource/Štátne_ruské_múzeum">
    <owl:sameAs rdf:resource="http://dbpedia.org/resource/Russian_Museum" />
  </rdf:Description>
  <rdf:Description rdf:about="http://sv.dbpedia.org/resource/Ryska_museet">
    <owl:sameAs rdf:resource="http://dbpedia.org/resource/Russian_Museum" />
  </rdf:Description>
  <rdf:Description rdf:about="http://tr.dbpedia.org/resource/Rus_Devlet_Müzesi">
    <owl:sameAs rdf:resource="http://dbpedia.org/resource/Russian_Museum" />
  </rdf:Description>
  <rdf:Description rdf:about="http://uk.dbpedia.org/resource/Російський_музей">
    <owl:sameAs rdf:resource="http://dbpedia.org/resource/Russian_Museum" />
  </rdf:Description>
  <rdf:Description rdf:about="http://be_x_old.dbpedia.org/resource/Дзяржаўны_Расейскі_музэй">
    <owl:sameAs rdf:resource="http://dbpedia.org/resource/Russian_Museum" />
  </rdf:Description>
  <rdf:Description rdf:about="http://mhr.dbpedia.org/resource/Руш_тоштер">
    <owl:sameAs rdf:resource="http://dbpedia.org/resource/Russian_Museum" />
  </rdf:Description>
  <rdf:Description rdf:about="http://vep.dbpedia.org/resource/Valdkundaline_Venälaine_muzei">
    <owl:sameAs rdf:resource="http://dbpedia.org/resource/Russian_Museum" />
  </rdf:Description>
</rdf:RDF>
