<?xml version="1.0" encoding="utf-8" ?>
<rdf:RDF
	xmlns:rdf="http://www.w3.org/1999/02/22-rdf-syntax-ns#"
	xmlns:rdfs="http://www.w3.org/2000/01/rdf-schema#"
	xmlns:owl="http://www.w3.org/2002/07/owl#"
	xmlns:dcterms="http://purl.org/dc/terms/"
	xmlns:dbpedia-owl="http://dbpedia.org/ontology/"
	xmlns:foaf="http://xmlns.com/foaf/0.1/"
	xmlns:dbpprop="http://dbpedia.org/property/"
	xmlns:geo="http://www.w3.org/2003/01/geo/wgs84_pos#"
	xmlns:ns8="http://www.w3.org/ns/prov#"
	xmlns:grs="http://www.georss.org/georss/" >
  <rdf:Description rdf:about="http://dbpedia.org/resource/Marissa_Mayer">
    <dbpprop:boards rdf:resource="http://dbpedia.org/resource/San_Francisco_Museum_of_Modern_Art" />
  </rdf:Description>
  <rdf:Description rdf:about="http://dbpedia.org/resource/Woman_with_a_Hat">
    <dbpedia-owl:museum rdf:resource="http://dbpedia.org/resource/San_Francisco_Museum_of_Modern_Art" />
    <dbpprop:museum rdf:resource="http://dbpedia.org/resource/San_Francisco_Museum_of_Modern_Art" />
  </rdf:Description>
  <rdf:Description rdf:about="http://it.dbpedia.org/resource/Museum_of_Modern_Art_(San_Francisco)">
    <owl:sameAs rdf:resource="http://dbpedia.org/resource/San_Francisco_Museum_of_Modern_Art" />
  </rdf:Description>
  <rdf:Description rdf:about="http://ja.dbpedia.org/resource/サンフランシスコ近代美術館">
    <owl:sameAs rdf:resource="http://dbpedia.org/resource/San_Francisco_Museum_of_Modern_Art" />
  </rdf:Description>
  <rdf:Description rdf:about="http://pl.dbpedia.org/resource/Muzeum_Sztuki_Współczesnej_w_San_Francisco">
    <owl:sameAs rdf:resource="http://dbpedia.org/resource/San_Francisco_Museum_of_Modern_Art" />
  </rdf:Description>
  <rdf:Description rdf:about="http://dbpedia.org/resource/Wolfeboro_I">
    <dbpedia-owl:museum rdf:resource="http://dbpedia.org/resource/San_Francisco_Museum_of_Modern_Art" />
    <dbpprop:museum rdf:resource="http://dbpedia.org/resource/San_Francisco_Museum_of_Modern_Art" />
  </rdf:Description>
  <rdf:Description rdf:about="http://data.nytimes.com/65269817388285196292">
    <owl:sameAs rdf:resource="http://dbpedia.org/resource/San_Francisco_Museum_of_Modern_Art" />
  </rdf:Description>
  <rdf:Description rdf:about="http://dbpedia.org/resource/Chris_Johanson">
    <dbpedia-owl:award rdf:resource="http://dbpedia.org/resource/San_Francisco_Museum_of_Modern_Art" />
  </rdf:Description>
  <rdf:Description rdf:about="http://dbpedia.org/resource/Mario_Botta">
    <dbpedia-owl:significantBuilding rdf:resource="http://dbpedia.org/resource/San_Francisco_Museum_of_Modern_Art" />
    <dbpprop:significantBuildings rdf:resource="http://dbpedia.org/resource/San_Francisco_Museum_of_Modern_Art" />
  </rdf:Description>
  <rdf:Description rdf:about="http://dbpedia.org/resource/List_of_licensed_and_localized_editions_of_Monopoly:_USA">
    <dbpprop:space rdf:resource="http://dbpedia.org/resource/San_Francisco_Museum_of_Modern_Art" />
  </rdf:Description>
  <rdf:Description rdf:about="http://dbpedia.org/resource/San_Francisco_Museum_of_Modern_Art">
    <rdf:type rdf:resource="http://dbpedia.org/class/yago/YagoGeoEntity" />
    <rdf:type rdf:resource="http://dbpedia.org/class/yago/Object100002684" />
    <rdf:type rdf:resource="http://www.w3.org/2002/07/owl#Thing" />
    <rdf:type rdf:resource="http://dbpedia.org/class/yago/Artifact100021939" />
    <rdf:type rdf:resource="http://dbpedia.org/class/yago/MuseumsEstablishedIn1935" />
    <rdf:type rdf:resource="http://dbpedia.org/class/yago/ModernArtMuseumsInTheUnitedStates" />
    <rdf:type rdf:resource="http://schema.org/Museum" />
    <rdf:type rdf:resource="http://schema.org/Place" />
    <rdf:type rdf:resource="http://dbpedia.org/class/yago/Depository103177349" />
    <rdf:type rdf:resource="http://dbpedia.org/class/yago/Landmark108624891" />
    <rdf:type rdf:resource="http://www.opengis.net/gml/_Feature" />
    <rdf:type rdf:resource="http://dbpedia.org/class/yago/PhysicalEntity100001930" />
    <rdf:type rdf:resource="http://dbpedia.org/class/yago/MuseumsInSanFrancisco,California" />
    <rdf:type rdf:resource="http://dbpedia.org/class/yago/Position108621598" />
    <rdf:type rdf:resource="http://dbpedia.org/ontology/Building" />
    <rdf:type rdf:resource="http://dbpedia.org/class/yago/ArtMuseumsInCalifornia" />
    <rdf:type rdf:resource="http://dbpedia.org/ontology/ArchitecturalStructure" />
    <rdf:type rdf:resource="http://dbpedia.org/ontology/Place" />
    <rdf:type rdf:resource="http://dbpedia.org/class/yago/YagoPermanentlyLocatedEntity" />
    <rdf:type rdf:resource="http://dbpedia.org/ontology/Museum" />
    <rdf:type rdf:resource="http://dbpedia.org/class/yago/Point108620061" />
    <rdf:type rdf:resource="http://dbpedia.org/class/yago/Facility103315023" />
    <rdf:type rdf:resource="http://dbpedia.org/class/yago/LandmarksInSanFrancisco,California" />
    <rdf:type rdf:resource="http://dbpedia.org/class/yago/Museum103800563" />
    <rdf:type rdf:resource="http://dbpedia.org/class/yago/YagoLegalActorGeo" />
    <rdf:type rdf:resource="http://dbpedia.org/class/yago/Location100027167" />
    <rdf:type rdf:resource="http://dbpedia.org/class/yago/Whole100003553" />
    <owl:sameAs rdf:resource="http://zh.dbpedia.org/resource/旧金山现代艺术博物馆" />
    <owl:sameAs rdf:resource="http://fa.dbpedia.org/resource/موزه_هنرهای_معاصر_سانفرانسیسکو" />
    <owl:sameAs rdf:resource="http://ru.dbpedia.org/resource/Музей_современного_искусства_Сан-Франциско" />
    <owl:sameAs rdf:resource="http://nl.dbpedia.org/resource/San_Francisco_Museum_of_Modern_Art" />
    <owl:sameAs rdf:resource="http://de.dbpedia.org/resource/San_Francisco_Museum_of_Modern_Art" />
    <owl:sameAs rdf:resource="http://yago-knowledge.org/resource/San_Francisco_Museum_of_Modern_Art" />
    <owl:sameAs rdf:resource="http://it.dbpedia.org/resource/Museum_of_Modern_Art_(San_Francisco)" />
    <owl:sameAs rdf:resource="http://sv.dbpedia.org/resource/San_Francisco_Museum_of_Modern_Art" />
    <owl:sameAs rdf:resource="http://www.wikidata.org/entity/Q913672" />
    <owl:sameAs rdf:resource="http://ja.dbpedia.org/resource/サンフランシスコ近代美術館" />
    <owl:sameAs rdf:resource="http://pl.dbpedia.org/resource/Muzeum_Sztuki_Współczesnej_w_San_Francisco" />
    <owl:sameAs rdf:resource="http://ka.dbpedia.org/resource/სან-ფრანცისკოს_თანამედროვე_ხელოვნების_მუზეუმი" />
    <owl:sameAs rdf:resource="http://hu.dbpedia.org/resource/San_Franciscó-i_Modern_Művészetek_Múzeuma" />
    <owl:sameAs rdf:resource="http://rdf.freebase.com/ns/m.012_1t" />
    <owl:sameAs rdf:resource="http://dbpedia.org/resource/San_Francisco_Museum_of_Modern_Art" />
    <owl:sameAs rdf:resource="http://ca.dbpedia.org/resource/Museu_d&#39;Art_Modern_de_San_Francisco" />
    <owl:sameAs rdf:resource="http://sws.geonames.org/6948419/" />
    <owl:sameAs rdf:resource="http://es.dbpedia.org/resource/Museo_de_Arte_Moderno_de_San_Francisco" />
    <owl:sameAs rdf:resource="http://mzn.dbpedia.org/resource/سانفرانسیسکو_معاصر_هنرون_موزه" />
    <owl:sameAs rdf:resource="http://fr.dbpedia.org/resource/San_Francisco_Museum_of_Modern_Art" />
    <dcterms:subject rdf:resource="http://dbpedia.org/resource/Category:Institutions_accredited_by_the_American_Alliance_of_Museums" />
    <dcterms:subject rdf:resource="http://dbpedia.org/resource/Category:Modern_art_museums_in_the_United_States" />
    <dcterms:subject rdf:resource="http://dbpedia.org/resource/Category:Postmodern_architecture_in_California" />
    <dcterms:subject rdf:resource="http://dbpedia.org/resource/Category:Art_museums_in_California" />
    <dcterms:subject rdf:resource="http://dbpedia.org/resource/Category:Museums_in_San_Francisco,_California" />
    <dcterms:subject rdf:resource="http://dbpedia.org/resource/Category:1935_establishments_in_California" />
    <dcterms:subject rdf:resource="http://dbpedia.org/resource/Category:Art_in_the_San_Francisco_Bay_Area" />
    <dcterms:subject rdf:resource="http://dbpedia.org/resource/Category:Buildings_and_structures_completed_in_1995" />
    <dcterms:subject rdf:resource="http://dbpedia.org/resource/Category:Art_museums_established_in_1935" />
    <dcterms:subject rdf:resource="http://dbpedia.org/resource/Category:Landmarks_in_San_Francisco,_California" />
    <dcterms:subject rdf:resource="http://dbpedia.org/resource/Category:Museums_of_American_art" />
    <dbpedia-owl:abstract xml:lang="pl">Muzeum Sztuki Współczesnej w San Francisco (ang. San Francisco Museum of Modern Art, SF MOMA) – ośrodek sztuki w San Francisco, CA. Muzeum zostało założone w 1935 roku przez Grace L. McCann Morley i jest obecnie największym muzeum tego typu na zachodnim wybrzeżu Stanów Zjednoczonych. Muzeum ma charakter non profit i jest utrzymywane ze składek członkowskich, sprzedaży biletów wstępu oraz datków. Budynek muzeum został zaprojektowany przez szwajcarskiego architekta Mario Botta.</dbpedia-owl:abstract>
    <dbpedia-owl:abstract xml:lang="it">Il San Francisco Museum of Modern Art è situato nella zona di Yerba Buena, ai piedi del Pacific Bell Building, ed è il principale museo interamente dedicato all&#39;arte moderna della città di San Francisco. È conosciuto semplicemente come SFMOMA. Attualmente la collezione del museo conta più di 26.000 pezzi tra dipinti, sculture e fotografie.</dbpedia-owl:abstract>
    <dbpedia-owl:abstract xml:lang="ja">サンフランシスコ近代美術館 (San Francisco Museum of Modern Art、通称SFMoMA) は、アメリカ合衆国カリフォルニア州サンフランシスコ市にある、近現代美術専門の美術館である。</dbpedia-owl:abstract>
    <dbpedia-owl:abstract xml:lang="fr">Le San Francisco Museum of Modern Art (SFMOMA) est un musée situé à San Francisco en Californie et consacré à l&#39;art moderne et contemporain. Il a ouvert ses portes en 1935 et était alors le seul musée de ce type sur la côte ouest des États-Unis. Le bâtiment actuel a été conçu par l&#39;architecte suisse Mario Botta de 1989 à 1992 et construit de 1992 à 1995.</dbpedia-owl:abstract>
    <dbpedia-owl:abstract xml:lang="de">Das San Francisco Museum of Modern Art (abgekürzt SFMOMA) ist ein Museum für Moderne Kunst in San Francisco. Es ist eine private, nichtkommerzielle Einrichtung und wird seit 2002 von Neal Benezra geleitet. Als das Museum 1935 unter der Gründungsdirektorin Grace L. McCann Morley (1900–1985) öffnete, war es das einzige Museum an der Westküste der USA, das sich ausschließlich der Kunst des 20. Jahrhunderts widmete. Im Januar 1995 öffnete das SFMOMA ein neues Gebäude im Bezirk südlich der Market Street (South of Market/SOMA). Entworfen hat es der Schweizer Architekt Mario Botta. Die Sammlung des Museums umfasst bedeutende Werke der Fotografie, Malerei, Bildhauerei, Architektur und Design sowie der Medienkunst u.a. von: Ansel Adams, Anna Atkins, Alice Baber, Matthew Barney, Louise Bourgeois, Constantin Brancusi, Julia Margaret Cameron, Marcel Duchamp, Frieda Kahlo, Paul Klee, Georgia O&#39;Keeffe, Helen Levitt, Dorothea Lange, Agnes Martin, Tina Modotti, Jackson Pollock, Man Ray, Ludwig Mies van der Rohe, Sandy Skoglund, Joel Sternfeld. Das Museum ist Teil des San Francisco 49-Mile Scenic Drive.</dbpedia-owl:abstract>
    <dbpedia-owl:abstract xml:lang="en">The San Francisco Museum of Modern Art (SFMOMA) is a modern art museum located in San Francisco, California. A nonprofit organization, SFMOMA holds an internationally recognized collection of modern and contemporary art and was the first museum on the West Coast devoted solely to 20th century art. The museum’s current collection includes over 26,000 works of painting, sculpture, photography, architecture, design, and media arts. The building complex was designed by Swiss architect Mario Botta. SFMOMA&#39;s Research Library was established in 1935 and contains extensive resources pertaining to modern and contemporary art, including books, periodicals, artists’ files, and lecture recordings. The museum also houses a restaurant, Caffè Museo, and a coffee bar run by the Blue Bottle Coffee Company.</dbpedia-owl:abstract>
    <dbpedia-owl:abstract xml:lang="sv">San Francisco Museum of Modern Art är ett konstmuseum i San Francisco, Kalifornien, USA. Museets samlingar omfattar mer än 26.000 målningar, skulpturer, fotografier, konsthntverksartiklar och andra konstverk. Byggnaden är ritad av den schweiziske arkitekten Mario Botta.</dbpedia-owl:abstract>
    <dbpedia-owl:abstract xml:lang="nl">Het San Francisco Museum of Modern Art (SFMOMA) is een museum voor moderne kunst in San Francisco. Het werd in 1935 geopend als het Francisco Museum of Art door toenmalig directeur Grace Morley, het was toen het eerste museum aan de westkust dat gewijd was aan kunst uit de 20e eeuw. In eerste zestig jaar was het museum gevestigd op de bovenste verdiepingen van het War Memorial and Performing Arts Center. De titel "Modern" werd in 1975 onder toenmalig directeur Henry T. Hopkins aan de titel toegevoegd, ook verkreeg het museum een internationale reputatie. Gedurende een grote transformatie en uitbreiding verhuisde het museum in 1995 naar zijn huidige locatie. Het museum bevindt zich nu op 151 Third Street, grenzend aan de Yerba Buena Gardens in het SOMA district. Vanwege de naamsgelijkheid met het Museum of Modern Art in New York City staat het museum nu bekend als "SFMOMA". De collectie van het museum bevat belangrijke werken van onder andere Jackson Pollock, Richard Diebenkorn, Paul Klee, Marcel Duchamp en Ansel Adams. In 1946 werd Art in Cinema door Frank Stauffacher gestart in het museum.</dbpedia-owl:abstract>
    <dbpedia-owl:abstract xml:lang="ru">Музей современного искусства Сан-Франциско (англ.  San Francisco Museum of Modern Art, сокр. ) — художественный музей в Сан-Франциско, где хранится обширное собрание произведений искусства, относящихся к концу XIX—XXI столетиям.</dbpedia-owl:abstract>
    <dbpedia-owl:abstract xml:lang="zh">旧金山现代艺术博物馆（英语：San Francisco Museum of Modern Art，简称SFMOMA）是一间位于美国旧金山的现代艺术博物馆，由格雷斯·莫利（Grace L. McCann Morley）于1935年成立，当时称为旧金山艺术博物馆，是美国西岸第一间艺术博物馆。 艾伯特·M·本德尔（Albert M. Bender）捐出的36件艺术品，包括迭戈·里韋拉的「擕花者」，确立了博物馆核心永久馆藏。本德尔其後成了博物館的其中一位董事，1941年去世前捐赠超过1,100藝術品予博物馆。 2008年，该馆推出了重新设计的网站，其中包括能够浏览该博物馆的永久馆藏。一个14,400平方英尺（1340平米）的屋顶花园中，詹森建筑师于2009年设计了一个画廊，由玻璃环绕的桥画廊连接到馆的五楼。</dbpedia-owl:abstract>
    <dbpedia-owl:abstract xml:lang="es">El Museo de Arte Moderno de San Francisco (SFMOMA) es un gran museo de arte moderno y un monumento de la ciudad de San Francisco. El museo abrió en 1935 en virtud de la fundadora Grace L. Mc Cann Morley (directora también entre 1935 y 1958) como Museo de Arte de San Francisco, el primer museo en la costa oeste dedicado exclusivamente al arte del siglo XX. Para su primer sexagenario, el museo ocupaba los pisos superiores del Edificio Memorial de los Veteranos de Guerra en el Centro Cívico. Bajo el mando del director Henry T. Hopkins (1974-1986) estableció una reputación internacional. En una gran transformación y expansión, en 1995 el museo se trasladó a su ubicación actual, 151 Third Street, junto a Yerba Buena Gardens en el distrito SOMA y de su icónica instalación arquitectónica diseñado por Mario Botta. Imitando al preeminente Museo de Arte Moderno (MoMA) en Nueva York, el museo re-marcó su propia sigla como "SFMoMA". En 2008, el museo comenzó la construcción de una azotea Jardín, añadiendo 14,400 pies cuadrados (1,340 m²).. El jardín al aire libre está diseñado para ser una galería sin techo y se espera que abra en la primavera de 2009. Anualmente, el museo alberga más de veinte exposiciones y más de trescientos programas educativos. El museo tiene en su colección importantes obras de Jackson Pollock, Richard Diebenkorn, Paul Klee, Marcel Duchamp y Ansel Adams, entre otros. La famosa serie de cine Arte en Cinese inició en SFMOMA en 1946 por el cineasta Frank Stauffacher. Recientemente, el museo sufrió cambios en su presencia en la web, añadiendo un blog donde los visitantes y el personal puede discutir sobre la tejemanejes en el museo o el arte en general. También está disponible en línea una biblioteca digital a fin de que la colección permanente se pueda acceder y ser vista desde cualquier parte del mundo. El 14 de junio de 2008, el museo revisó su política pública de las fotografías para permitir que se fotografíen las colecciones permanentes y exposiciones especiales. El St Regis Museum Tower, W Hotel San Francisco y el Edificio PacBell se erigen justo al lado del museo.</dbpedia-owl:abstract>
    <dbpedia-owl:location rdf:resource="http://dbpedia.org/resource/California" />
    <dbpedia-owl:location rdf:resource="http://dbpedia.org/resource/San_Francisco" />
    <dbpedia-owl:location rdf:resource="http://dbpedia.org/resource/Third_Street_(San_Francisco)" />
    <dbpedia-owl:numberOfVisitors rdf:datatype="http://www.w3.org/2001/XMLSchema#integer">700000</dbpedia-owl:numberOfVisitors>
    <dbpedia-owl:president rdf:resource="http://dbpedia.org/resource/Robert_J._Fisher" />
    <dbpedia-owl:wikiPageID rdf:datatype="http://www.w3.org/2001/XMLSchema#integer">148118</dbpedia-owl:wikiPageID>
    <dbpedia-owl:wikiPageRevisionID rdf:datatype="http://www.w3.org/2001/XMLSchema#integer">548220949</dbpedia-owl:wikiPageRevisionID>
    <rdfs:label xml:lang="sv">San Francisco Museum of Modern Art</rdfs:label>
    <rdfs:label xml:lang="zh">旧金山现代艺术博物馆</rdfs:label>
    <rdfs:label xml:lang="fr">San Francisco Museum of Modern Art</rdfs:label>
    <rdfs:label xml:lang="es">Museo de Arte Moderno de San Francisco</rdfs:label>
    <rdfs:label xml:lang="ru">Музей современного искусства Сан-Франциско</rdfs:label>
    <rdfs:label xml:lang="en">San Francisco Museum of Modern Art</rdfs:label>
    <rdfs:label xml:lang="ja">サンフランシスコ近代美術館</rdfs:label>
    <rdfs:label xml:lang="nl">San Francisco Museum of Modern Art</rdfs:label>
    <rdfs:label xml:lang="de">San Francisco Museum of Modern Art</rdfs:label>
    <rdfs:label xml:lang="it">Museum of Modern Art (San Francisco)</rdfs:label>
    <rdfs:label xml:lang="pl">Muzeum Sztuki Współczesnej w San Francisco</rdfs:label>
    <foaf:depiction rdf:resource="http://upload.wikimedia.org/wikipedia/commons/e/ef/San_Francisco_Museum_of_Modern_Art_in_2011.jpg" />
    <rdfs:comment xml:lang="de">Das San Francisco Museum of Modern Art (abgekürzt SFMOMA) ist ein Museum für Moderne Kunst in San Francisco. Es ist eine private, nichtkommerzielle Einrichtung und wird seit 2002 von Neal Benezra geleitet. Als das Museum 1935 unter der Gründungsdirektorin Grace L. McCann Morley (1900–1985) öffnete, war es das einzige Museum an der Westküste der USA, das sich ausschließlich der Kunst des 20. Jahrhunderts widmete.</rdfs:comment>
    <rdfs:comment xml:lang="en">The San Francisco Museum of Modern Art (SFMOMA) is a modern art museum located in San Francisco, California. A nonprofit organization, SFMOMA holds an internationally recognized collection of modern and contemporary art and was the first museum on the West Coast devoted solely to 20th century art. The museum’s current collection includes over 26,000 works of painting, sculpture, photography, architecture, design, and media arts. The building complex was designed by Swiss architect Mario Botta.</rdfs:comment>
    <rdfs:comment xml:lang="zh">旧金山现代艺术博物馆（英语：San Francisco Museum of Modern Art，简称SFMOMA）是一间位于美国旧金山的现代艺术博物馆，由格雷斯·莫利（Grace L. McCann Morley）于1935年成立，当时称为旧金山艺术博物馆，是美国西岸第一间艺术博物馆。 艾伯特·M·本德尔（Albert M. Bender）捐出的36件艺术品，包括迭戈·里韋拉的「擕花者」，确立了博物馆核心永久馆藏。本德尔其後成了博物館的其中一位董事，1941年去世前捐赠超过1,100藝術品予博物馆。 2008年，该馆推出了重新设计的网站，其中包括能够浏览该博物馆的永久馆藏。一个14,400平方英尺（1340平米）的屋顶花园中，詹森建筑师于2009年设计了一个画廊，由玻璃环绕的桥画廊连接到馆的五楼。</rdfs:comment>
    <rdfs:comment xml:lang="fr">Le San Francisco Museum of Modern Art (SFMOMA) est un musée situé à San Francisco en Californie et consacré à l&#39;art moderne et contemporain. Il a ouvert ses portes en 1935 et était alors le seul musée de ce type sur la côte ouest des États-Unis. Le bâtiment actuel a été conçu par l&#39;architecte suisse Mario Botta de 1989 à 1992 et construit de 1992 à 1995.</rdfs:comment>
    <rdfs:comment xml:lang="sv">San Francisco Museum of Modern Art är ett konstmuseum i San Francisco, Kalifornien, USA. Museets samlingar omfattar mer än 26.000 målningar, skulpturer, fotografier, konsthntverksartiklar och andra konstverk. Byggnaden är ritad av den schweiziske arkitekten Mario Botta.</rdfs:comment>
    <rdfs:comment xml:lang="ja">サンフランシスコ近代美術館 (San Francisco Museum of Modern Art、通称SFMoMA) は、アメリカ合衆国カリフォルニア州サンフランシスコ市にある、近現代美術専門の美術館である。</rdfs:comment>
    <rdfs:comment xml:lang="es">El Museo de Arte Moderno de San Francisco (SFMOMA) es un gran museo de arte moderno y un monumento de la ciudad de San Francisco. El museo abrió en 1935 en virtud de la fundadora Grace L. Mc Cann Morley (directora también entre 1935 y 1958) como Museo de Arte de San Francisco, el primer museo en la costa oeste dedicado exclusivamente al arte del siglo XX. Para su primer sexagenario, el museo ocupaba los pisos superiores del Edificio Memorial de los Veteranos de Guerra en el Centro Cívico.</rdfs:comment>
    <rdfs:comment xml:lang="ru">Музей современного искусства Сан-Франциско (англ.  San Francisco Museum of Modern Art, сокр. ) — художественный музей в Сан-Франциско, где хранится обширное собрание произведений искусства, относящихся к концу XIX—XXI столетиям.</rdfs:comment>
    <rdfs:comment xml:lang="pl">Muzeum Sztuki Współczesnej w San Francisco (ang. San Francisco Museum of Modern Art, SF MOMA) – ośrodek sztuki w San Francisco, CA. Muzeum zostało założone w 1935 roku przez Grace L. McCann Morley i jest obecnie największym muzeum tego typu na zachodnim wybrzeżu Stanów Zjednoczonych. Muzeum ma charakter non profit i jest utrzymywane ze składek członkowskich, sprzedaży biletów wstępu oraz datków. Budynek muzeum został zaprojektowany przez szwajcarskiego architekta Mario Botta.</rdfs:comment>
    <rdfs:comment xml:lang="it">Il San Francisco Museum of Modern Art è situato nella zona di Yerba Buena, ai piedi del Pacific Bell Building, ed è il principale museo interamente dedicato all&#39;arte moderna della città di San Francisco. È conosciuto semplicemente come SFMOMA. Attualmente la collezione del museo conta più di 26.000 pezzi tra dipinti, sculture e fotografie.</rdfs:comment>
    <rdfs:comment xml:lang="nl">Het San Francisco Museum of Modern Art (SFMOMA) is een museum voor moderne kunst in San Francisco. Het werd in 1935 geopend als het Francisco Museum of Art door toenmalig directeur Grace Morley, het was toen het eerste museum aan de westkust dat gewijd was aan kunst uit de 20e eeuw. In eerste zestig jaar was het museum gevestigd op de bovenste verdiepingen van het War Memorial and Performing Arts Center. De titel "Modern" werd in 1975 onder toenmalig directeur Henry T.</rdfs:comment>
    <foaf:name xml:lang="en">San Francisco Museum of Modern Art</foaf:name>
    <dbpedia-owl:thumbnail rdf:resource="http://upload.wikimedia.org/wikipedia/commons/thumb/e/ef/San_Francisco_Museum_of_Modern_Art_in_2011.jpg/200px-San_Francisco_Museum_of_Modern_Art_in_2011.jpg" />
    <dbpedia-owl:wikiPageExternalLink rdf:resource="http://www.sfmoma.org/artwork/15228" />
    <dbpedia-owl:wikiPageExternalLink rdf:resource="http://www.fortmason.org/aboutus/visitor-information" />
    <dbpedia-owl:wikiPageExternalLink rdf:resource="http://www.sfmoma.org/artwork/132029" />
    <dbpedia-owl:wikiPageExternalLink rdf:resource="http://www.sfmoma.org/artwork/133221" />
    <dbpedia-owl:wikiPageExternalLink rdf:resource="http://www.sfmoma.org/artwork/19661" />
    <dbpedia-owl:wikiPageExternalLink rdf:resource="http://www.sfmoma.org/artwork/23853" />
    <dbpedia-owl:wikiPageExternalLink rdf:resource="http://www.sfmoma.org/about/press/press_news/releases/916" />
    <dbpedia-owl:wikiPageExternalLink rdf:resource="http://www.sfmoma.org/artwork/109002" />
    <dbpedia-owl:wikiPageExternalLink rdf:resource="http://www.sfmoma.org/artwork/11384" />
    <dbpedia-owl:wikiPageExternalLink rdf:resource="http://www.sfmoma.org/artwork/125519" />
    <dbpedia-owl:wikiPageExternalLink rdf:resource="http://www.sfmoma.org/artwork/262" />
    <dbpedia-owl:wikiPageExternalLink rdf:resource="http://www.sfmoma.org/artwork/265" />
    <dbpedia-owl:wikiPageExternalLink rdf:resource="http://www.sfmoma.org/artwork/301" />
    <dbpedia-owl:wikiPageExternalLink rdf:resource="http://www.sfmoma.org/" />
    <dbpedia-owl:wikiPageExternalLink rdf:resource="http://www.sfmoma.org/pages/build_rooftop" />
    <dbpedia-owl:wikiPageExternalLink rdf:resource="http://map.sanfranciscohiltonhotel.com/?bid=207&amp;vid=30762" />
    <dbpedia-owl:wikiPageExternalLink rdf:resource="http://sfmoma.stores.yahoo.net/" />
    <dbpedia-owl:wikiPageExternalLink rdf:resource="http://www.bluebottlecoffee.net/" />
    <dbpedia-owl:wikiPageExternalLink rdf:resource="http://www.sfmoma.org/artwork/4418" />
    <dbpedia-owl:wikiPageExternalLink rdf:resource="http://www.sfmoma.org/artwork/8026" />
    <dbpedia-owl:wikiPageExternalLink rdf:resource="http://www.sfmoma.org/pages/artists_gallery" />
    <dbpedia-owl:wikiPageExternalLink rdf:resource="http://www.sfmoma.org" />
    <dbpprop:coordinatesType xml:lang="en">type:landmark_region:US-CA</dbpprop:coordinatesType>
    <dbpprop:director xml:lang="en">Neal Benezra</dbpprop:director>
    <dbpprop:established rdf:datatype="http://www.w3.org/2001/XMLSchema#integer">1935</dbpprop:established>
    <dbpprop:imagesize rdf:datatype="http://www.w3.org/2001/XMLSchema#integer">250</dbpprop:imagesize>
    <dbpprop:latitude rdf:datatype="http://www.w3.org/2001/XMLSchema#double">37.7858</dbpprop:latitude>
    <dbpprop:location rdf:datatype="http://www.w3.org/2001/XMLSchema#integer">151</dbpprop:location>
    <dbpprop:location rdf:resource="http://dbpedia.org/resource/California" />
    <dbpprop:location rdf:resource="http://dbpedia.org/resource/San_Francisco" />
    <dbpprop:longitude rdf:datatype="http://www.w3.org/2001/XMLSchema#double">-122.401</dbpprop:longitude>
    <dbpprop:mapCaption xml:lang="en">Location of SFMOMA in Central San Francisco</dbpprop:mapCaption>
    <dbpprop:name xml:lang="en">San Francisco Museum of Modern Art</dbpprop:name>
    <dbpprop:president rdf:resource="http://dbpedia.org/resource/Robert_J._Fisher" />
    <dbpprop:pushpinLabelPosition xml:lang="en">right</dbpprop:pushpinLabelPosition>
    <dbpprop:pushpinMap xml:lang="en">United States San Francisco Central</dbpprop:pushpinMap>
    <dbpprop:pushpinMapCaption xml:lang="en">Location within Central San Francisco</dbpprop:pushpinMapCaption>
    <dbpprop:pushpinMapsize rdf:datatype="http://www.w3.org/2001/XMLSchema#integer">200</dbpprop:pushpinMapsize>
    <dbpprop:visitors rdf:datatype="http://www.w3.org/2001/XMLSchema#integer">700000</dbpprop:visitors>
    <dbpprop:website rdf:resource="http://www.sfmoma.org/" />
    <foaf:homepage rdf:resource="http://www.sfmoma.org/" />
    <geo:geometry rdf:datatype="http://www.openlinksw.com/schemas/virtrdf#Geometry">POINT(-122.401 37.7858)</geo:geometry>
    <foaf:isPrimaryTopicOf rdf:resource="http://en.wikipedia.org/wiki/San_Francisco_Museum_of_Modern_Art" />
    <geo:long rdf:datatype="http://www.w3.org/2001/XMLSchema#float">-122.401</geo:long>
    <geo:lat rdf:datatype="http://www.w3.org/2001/XMLSchema#float">37.7858</geo:lat>
    <ns8:wasDerivedFrom rdf:resource="http://en.wikipedia.org/wiki/San_Francisco_Museum_of_Modern_Art?oldid=548220949" />
    <grs:point xml:lang="en">37.7858 -122.4008</grs:point>
    <dbpprop:hasPhotoCollection rdf:resource="http://wifo5-03.informatik.uni-mannheim.de/flickrwrappr/photos/San_Francisco_Museum_of_Modern_Art" />
  </rdf:Description>
  <rdf:Description rdf:about="http://dbpedia.org/resource/Museum_of_Modern_Art_(disambiguation)">
    <dbpedia-owl:wikiPageDisambiguates rdf:resource="http://dbpedia.org/resource/San_Francisco_Museum_of_Modern_Art" />
  </rdf:Description>
  <rdf:Description rdf:about="http://dbpedia.org/resource/San_Francisco_Museum_of_Art">
    <dbpedia-owl:wikiPageRedirects rdf:resource="http://dbpedia.org/resource/San_Francisco_Museum_of_Modern_Art" />
  </rdf:Description>
  <rdf:Description rdf:about="http://dbpedia.org/resource/San_francisco_museum_of_modern_art">
    <dbpedia-owl:wikiPageRedirects rdf:resource="http://dbpedia.org/resource/San_Francisco_Museum_of_Modern_Art" />
  </rdf:Description>
  <rdf:Description rdf:about="http://de.dbpedia.org/resource/San_Francisco_Museum_of_Modern_Art">
    <owl:sameAs rdf:resource="http://dbpedia.org/resource/San_Francisco_Museum_of_Modern_Art" />
  </rdf:Description>
  <rdf:Description rdf:about="http://es.dbpedia.org/resource/Museo_de_Arte_Moderno_de_San_Francisco">
    <owl:sameAs rdf:resource="http://dbpedia.org/resource/San_Francisco_Museum_of_Modern_Art" />
  </rdf:Description>
  <rdf:Description rdf:about="http://fr.dbpedia.org/resource/San_Francisco_Museum_of_Modern_Art">
    <owl:sameAs rdf:resource="http://dbpedia.org/resource/San_Francisco_Museum_of_Modern_Art" />
  </rdf:Description>
  <rdf:Description rdf:about="http://dbpedia.org/resource/SFMOMA">
    <dbpedia-owl:wikiPageRedirects rdf:resource="http://dbpedia.org/resource/San_Francisco_Museum_of_Modern_Art" />
  </rdf:Description>
  <rdf:Description rdf:about="http://ru.dbpedia.org/resource/Музей_современного_искусства_Сан-Франциско">
    <owl:sameAs rdf:resource="http://dbpedia.org/resource/San_Francisco_Museum_of_Modern_Art" />
  </rdf:Description>
  <rdf:Description rdf:about="http://dbpedia.org/resource/SF_MoMA">
    <dbpedia-owl:wikiPageRedirects rdf:resource="http://dbpedia.org/resource/San_Francisco_Museum_of_Modern_Art" />
  </rdf:Description>
  <rdf:Description rdf:about="http://en.wikipedia.org/wiki/San_Francisco_Museum_of_Modern_Art">
    <foaf:primaryTopic rdf:resource="http://dbpedia.org/resource/San_Francisco_Museum_of_Modern_Art" />
  </rdf:Description>
  <rdf:Description rdf:about="http://dbpedia.org/resource/Moma">
    <dbpedia-owl:wikiPageDisambiguates rdf:resource="http://dbpedia.org/resource/San_Francisco_Museum_of_Modern_Art" />
  </rdf:Description>
  <rdf:Description rdf:about="http://dbpedia.org/resource/SF_MOMA">
    <dbpedia-owl:wikiPageRedirects rdf:resource="http://dbpedia.org/resource/San_Francisco_Museum_of_Modern_Art" />
  </rdf:Description>
  <rdf:Description rdf:about="http://wikidata.dbpedia.org/resource/Q913672">
    <owl:sameAs rdf:resource="http://dbpedia.org/resource/San_Francisco_Museum_of_Modern_Art" />
  </rdf:Description>
  <rdf:Description rdf:about="http://nl.dbpedia.org/resource/San_Francisco_Museum_of_Modern_Art">
    <owl:sameAs rdf:resource="http://dbpedia.org/resource/San_Francisco_Museum_of_Modern_Art" />
  </rdf:Description>
  <rdf:Description rdf:about="http://dbpedia.org/resource/Frieda_and_Diego_Rivera">
    <dbpedia-owl:museum rdf:resource="http://dbpedia.org/resource/San_Francisco_Museum_of_Modern_Art" />
    <dbpprop:museum rdf:resource="http://dbpedia.org/resource/San_Francisco_Museum_of_Modern_Art" />
  </rdf:Description>
  <rdf:Description rdf:about="http://zh.dbpedia.org/resource/旧金山现代艺术博物馆">
    <owl:sameAs rdf:resource="http://dbpedia.org/resource/San_Francisco_Museum_of_Modern_Art" />
  </rdf:Description>
  <rdf:Description rdf:about="http://ca.dbpedia.org/resource/Museu_d&#39;Art_Modern_de_San_Francisco">
    <owl:sameAs rdf:resource="http://dbpedia.org/resource/San_Francisco_Museum_of_Modern_Art" />
  </rdf:Description>
  <rdf:Description rdf:about="http://fa.dbpedia.org/resource/موزه_هنرهای_معاصر_سانفرانسیسکو">
    <owl:sameAs rdf:resource="http://dbpedia.org/resource/San_Francisco_Museum_of_Modern_Art" />
  </rdf:Description>
  <rdf:Description rdf:about="http://hu.dbpedia.org/resource/San_Franciscó-i_Modern_Művészetek_Múzeuma">
    <owl:sameAs rdf:resource="http://dbpedia.org/resource/San_Francisco_Museum_of_Modern_Art" />
  </rdf:Description>
  <rdf:Description rdf:about="http://ka.dbpedia.org/resource/სან-ფრანცისკოს_თანამედროვე_ხელოვნების_მუზეუმი">
    <owl:sameAs rdf:resource="http://dbpedia.org/resource/San_Francisco_Museum_of_Modern_Art" />
  </rdf:Description>
  <rdf:Description rdf:about="http://mzn.dbpedia.org/resource/سانفرانسیسکو_معاصر_هنرون_موزه">
    <owl:sameAs rdf:resource="http://dbpedia.org/resource/San_Francisco_Museum_of_Modern_Art" />
  </rdf:Description>
  <rdf:Description rdf:about="http://sv.dbpedia.org/resource/San_Francisco_Museum_of_Modern_Art">
    <owl:sameAs rdf:resource="http://dbpedia.org/resource/San_Francisco_Museum_of_Modern_Art" />
  </rdf:Description>
</rdf:RDF>
