<?xml version="1.0" encoding="utf-8" ?>
<rdf:RDF
	xmlns:rdf="http://www.w3.org/1999/02/22-rdf-syntax-ns#"
	xmlns:rdfs="http://www.w3.org/2000/01/rdf-schema#"
	xmlns:owl="http://www.w3.org/2002/07/owl#"
	xmlns:dcterms="http://purl.org/dc/terms/"
	xmlns:dbpedia-owl="http://dbpedia.org/ontology/"
	xmlns:foaf="http://xmlns.com/foaf/0.1/"
	xmlns:dbpprop="http://dbpedia.org/property/"
	xmlns:geo="http://www.w3.org/2003/01/geo/wgs84_pos#"
	xmlns:ns8="http://www.w3.org/ns/prov#"
	xmlns:grs="http://www.georss.org/georss/" >
  <rdf:Description rdf:about="http://dbpedia.org/resource/Assumption_of_the_Virgin_(Titian)">
    <dbpedia-owl:museum rdf:resource="http://dbpedia.org/resource/Santa_Maria_Gloriosa_dei_Frari" />
    <dbpprop:museum rdf:resource="http://dbpedia.org/resource/Santa_Maria_Gloriosa_dei_Frari" />
  </rdf:Description>
  <rdf:Description rdf:about="http://dbpedia.org/resource/Church_of_Santa_Maria_Gloriosa_dei_Frari">
    <dbpedia-owl:wikiPageRedirects rdf:resource="http://dbpedia.org/resource/Santa_Maria_Gloriosa_dei_Frari" />
  </rdf:Description>
  <rdf:Description rdf:about="http://it.dbpedia.org/resource/Basilica_di_Santa_Maria_Gloriosa_dei_Frari">
    <owl:sameAs rdf:resource="http://dbpedia.org/resource/Santa_Maria_Gloriosa_dei_Frari" />
  </rdf:Description>
  <rdf:Description rdf:about="http://ja.dbpedia.org/resource/サンタ・マリア・グロリオーザ・デイ・フラーリ聖堂">
    <owl:sameAs rdf:resource="http://dbpedia.org/resource/Santa_Maria_Gloriosa_dei_Frari" />
  </rdf:Description>
  <rdf:Description rdf:about="http://pl.dbpedia.org/resource/Santa_Maria_Gloriosa_dei_Frari">
    <owl:sameAs rdf:resource="http://dbpedia.org/resource/Santa_Maria_Gloriosa_dei_Frari" />
  </rdf:Description>
  <rdf:Description rdf:about="http://pt.dbpedia.org/resource/Basílica_de_Santa_Maria_Gloriosa_dei_Frari">
    <owl:sameAs rdf:resource="http://dbpedia.org/resource/Santa_Maria_Gloriosa_dei_Frari" />
  </rdf:Description>
  <rdf:Description rdf:about="http://dbpedia.org/resource/Frari">
    <dbpedia-owl:wikiPageRedirects rdf:resource="http://dbpedia.org/resource/Santa_Maria_Gloriosa_dei_Frari" />
  </rdf:Description>
  <rdf:Description rdf:about="http://es.dbpedia.org/resource/Basílica_de_Santa_María_dei_Frari">
    <owl:sameAs rdf:resource="http://dbpedia.org/resource/Santa_Maria_Gloriosa_dei_Frari" />
  </rdf:Description>
  <rdf:Description rdf:about="http://ru.dbpedia.org/resource/Собор_Санта-Мария_Глориоза_деи_Фрари">
    <owl:sameAs rdf:resource="http://dbpedia.org/resource/Santa_Maria_Gloriosa_dei_Frari" />
  </rdf:Description>
  <rdf:Description rdf:about="http://de.dbpedia.org/resource/Santa_Maria_Gloriosa_dei_Frari">
    <owl:sameAs rdf:resource="http://dbpedia.org/resource/Santa_Maria_Gloriosa_dei_Frari" />
  </rdf:Description>
  <rdf:Description rdf:about="http://fr.dbpedia.org/resource/Basilique_Santa_Maria_Gloriosa_dei_Frari">
    <owl:sameAs rdf:resource="http://dbpedia.org/resource/Santa_Maria_Gloriosa_dei_Frari" />
  </rdf:Description>
  <rdf:Description rdf:about="http://dbpedia.org/resource/Basilica_di_Santa_Maria_Gloriosa_dei_Frari">
    <dbpedia-owl:wikiPageRedirects rdf:resource="http://dbpedia.org/resource/Santa_Maria_Gloriosa_dei_Frari" />
  </rdf:Description>
  <rdf:Description rdf:about="http://dbpedia.org/resource/Basilica_di_Santa_Maria_dei_Frari">
    <dbpedia-owl:wikiPageRedirects rdf:resource="http://dbpedia.org/resource/Santa_Maria_Gloriosa_dei_Frari" />
  </rdf:Description>
  <rdf:Description rdf:about="http://dbpedia.org/resource/Basilica_of_Santa_Maria_dei_Frari">
    <dbpedia-owl:wikiPageRedirects rdf:resource="http://dbpedia.org/resource/Santa_Maria_Gloriosa_dei_Frari" />
  </rdf:Description>
  <rdf:Description rdf:about="http://dbpedia.org/resource/Frari_of_Venice">
    <dbpedia-owl:wikiPageRedirects rdf:resource="http://dbpedia.org/resource/Santa_Maria_Gloriosa_dei_Frari" />
  </rdf:Description>
  <rdf:Description rdf:about="http://dbpedia.org/resource/Santa_Maria_Dei_Frari">
    <dbpedia-owl:wikiPageRedirects rdf:resource="http://dbpedia.org/resource/Santa_Maria_Gloriosa_dei_Frari" />
  </rdf:Description>
  <rdf:Description rdf:about="http://dbpedia.org/resource/Santa_Maria_Gloriosa_dei_Frari">
    <rdf:type rdf:resource="http://www.opengis.net/gml/_Feature" />
    <owl:sameAs rdf:resource="http://ka.dbpedia.org/resource/სანტა_მარია_გლორიოზა_დეი_ფრარის_ტაძარი" />
    <owl:sameAs rdf:resource="http://fr.dbpedia.org/resource/Basilique_Santa_Maria_Gloriosa_dei_Frari" />
    <owl:sameAs rdf:resource="http://lt.dbpedia.org/resource/Santa_Maria_Gloriosa_dei_Frari" />
    <owl:sameAs rdf:resource="http://vec.dbpedia.org/resource/Baxéłega_de_Santa_Maria_Glorioxa_dei_Frari" />
    <owl:sameAs rdf:resource="http://zh.dbpedia.org/resource/圣方济会荣耀圣母圣殿" />
    <owl:sameAs rdf:resource="http://dbpedia.org/resource/Santa_Maria_Gloriosa_dei_Frari" />
    <owl:sameAs rdf:resource="http://nl.dbpedia.org/resource/Basilica_di_Santa_Maria_Gloriosa_dei_Frari" />
    <owl:sameAs rdf:resource="http://uk.dbpedia.org/resource/Собор_Санта-Марія_Глоріоза_деї_Фрарі" />
    <owl:sameAs rdf:resource="http://it.dbpedia.org/resource/Basilica_di_Santa_Maria_Gloriosa_dei_Frari" />
    <owl:sameAs rdf:resource="http://he.dbpedia.org/resource/בזיליקת_סנטה_מריה_גלוריוזה_דיי_פרארי" />
    <owl:sameAs rdf:resource="http://rdf.freebase.com/ns/m.037m_l" />
    <owl:sameAs rdf:resource="http://ru.dbpedia.org/resource/Собор_Санта-Мария_Глориоза_деи_Фрари" />
    <owl:sameAs rdf:resource="http://www.wikidata.org/entity/Q224961" />
    <owl:sameAs rdf:resource="http://pt.dbpedia.org/resource/Basílica_de_Santa_Maria_Gloriosa_dei_Frari" />
    <owl:sameAs rdf:resource="http://sws.geonames.org/7910509/" />
    <owl:sameAs rdf:resource="http://de.dbpedia.org/resource/Santa_Maria_Gloriosa_dei_Frari" />
    <owl:sameAs rdf:resource="http://hr.dbpedia.org/resource/Santa_Maria_Gloriosa_dei_Frari" />
    <owl:sameAs rdf:resource="http://sv.dbpedia.org/resource/Basilica_di_Santa_Maria_Gloriosa_dei_Frari" />
    <owl:sameAs rdf:resource="http://es.dbpedia.org/resource/Basílica_de_Santa_María_dei_Frari" />
    <owl:sameAs rdf:resource="http://pl.dbpedia.org/resource/Santa_Maria_Gloriosa_dei_Frari" />
    <owl:sameAs rdf:resource="http://ja.dbpedia.org/resource/サンタ・マリア・グロリオーザ・デイ・フラーリ聖堂" />
    <owl:sameAs rdf:resource="http://arz.dbpedia.org/resource/فرارى" />
    <owl:sameAs rdf:resource="http://tr.dbpedia.org/resource/Frari_Santa_Maria_Gloriosa_Bazilikası" />
    <owl:sameAs rdf:resource="http://sh.dbpedia.org/resource/Frari" />
    <owl:sameAs rdf:resource="http://hu.dbpedia.org/resource/Santa_Maria_Gloriosa_dei_Frari_(Velence)" />
    <dcterms:subject rdf:resource="http://dbpedia.org/resource/Category:Basilica_churches_in_Venice" />
    <dcterms:subject rdf:resource="http://dbpedia.org/resource/Category:Gothic_architecture_in_Italy" />
    <dcterms:subject rdf:resource="http://dbpedia.org/resource/Category:1338_establishments" />
    <dcterms:subject rdf:resource="http://dbpedia.org/resource/Category:1390s_architecture" />
    <dbpedia-owl:abstract xml:lang="ja">サンタ・マリア・グロリオーザ・デイ・フラーリ聖堂 （Basilica di Santa Maria Gloriosa dei Frari）は、通常フラーリと縮めて呼ばれる、ヴェネツィアにあるカトリック教会のバシリカ。サン・ポーロ地区の心臓部カンポ・デイ・フラーリに建つ。教会は『聖母の被昇天』（Assunzione della Beata Vergine）に献堂された。 1250年、フランチェスコ会は教会を建てるべく土地を譲渡された。しかし建物は1338年まで完成しなかった。完成後ほとんどすぐに、より大きな後継者である現在の教会が1世紀で建てられた。鐘楼（カンパニーレ）は、1396年に完成したサン・マルコ寺院の次にヴェネツィアで2番目に高い。 威圧される教会は、イタリアのゴシック様式により煉瓦で建てられた。多くのヴェネツィアの教会とともに、外観はむしろ簡素である。内部には、ヴェネツィアに唯一現存する内陣仕切りを含む。</dbpedia-owl:abstract>
    <dbpedia-owl:abstract xml:lang="pl">Bazylika Santa Maria Gloriosa dei Frari, zwana potocznie Frari, jest kościołem umiejscowionym przy Calle del Magazzen w Wenecji, w północnych Włoszech. Masywny franciszkański kompleks klasztorny założony został w XIII wieku, a następnie przebudowany w XIV i XV. Przyległe krużganki są miejscem, w których spoczywają archiwa państwowe, dokumentujące 1000 lat historii weneckiej. Z zewnątrz i w środku kościół z cegły pozbawiony jest dekoracji. Prostota budynku wynika bezpośrednio z reguły zakonu franciszkańskiego. W nawie głównej dominują urocze stalle na chórze, jedyne, jakie zachowały się w Wenecji oraz gotycka balustrada oddzielająca nawę od prezbiterium. Po bokach znajdziemy grobowce dożów - w północnej części budowli Pomnik Pesara, upamiętniający dożę Giovanniego Pesara (1658). W centralnym punkcie kościoła, przy ołtarzu głównym, znajduje się obraz Wniebowzięcie Tycjana. Na prawo od ołtarza głównego umiejscowiono wejście do kaplicy rodowej rodziny Pesaro, służąca jako zakrystia. W południowej (prawej) nawie znajduje się grobowiec Tycjana, wzniesiony trzy wieki po jego śmierci. W kościele zachwycić mogą wspaniałe XV-wieczne stalle z płaskorzeźbami, które przedstawiają świętych oraz Wenecję. W kościele znajduje się również nagrobek Claudia Monteverdiego (z lewej strony głównego ołtarza). Jest jednym z najwspanialszych i największym ze wszystkich gotyckich kościołów w Wenecji.</dbpedia-owl:abstract>
    <dbpedia-owl:abstract xml:lang="de">Santa Maria Gloriosa dei Frari, auch Frarikirche oder kurz Frari, ist eine Kirche in Venedig. Sie ist neben Zanipolo der größte und bedeutendste gotische Sakralbau Venedigs. Die Kirche ist der Aufnahme Mariens in den Himmel gewidmet. Sie ist mit zahlreichen hervorragenden Kunstwerken ausgestattet, darunter zwei Hauptwerken Tizians. 1926 erhielt sie den Ehrentitel einer päpstlichen Basilica minor. Darüber hinaus befindet sich in den beiden ehemaligen zur Kirche gehörenden Klöstern seit 1817 das Staatsarchiv Venedig.</dbpedia-owl:abstract>
    <dbpedia-owl:abstract xml:lang="zh">圣方济会荣耀圣母教堂（Basilica di Santa Maria Gloriosa dei Frari，简称Frari）是威尼斯最大的教堂之一，拥有次级圣殿的地位。这座教堂位于圣波罗区（San Polo）的核心，供奉圣母升天（Assunzione della Beata Virgine）。 1250年，方济各会获得建造教堂的土地，直到1338年才建成。随后几乎立即又翻建为更大的教堂，即目前的这座，历时一个世纪。其钟楼仅次于圣马可教堂，是威尼斯第二高钟楼，完成于1396年。 这是一座砖砌建筑，也是该市三座哥特式风格的著名教堂之一。如同许多威尼斯教堂，它的外观设计相当平坦，内部有威尼斯现存唯一的祭台屏風。 圣方济会荣耀圣母教堂是圣波罗-圣十字-Dorsoduro本堂區的堂區聖堂，该本堂區还有圣巴拿巴、圣 Ludovico Vescovo、圣母 Soccorso 和圣玛格丽塔等教堂。 这座教堂最著名的艺术品是提香的圣母升天，供奉在正祭台，也是威尼斯最大的祭台画。</dbpedia-owl:abstract>
    <dbpedia-owl:abstract xml:lang="sv">Basilica di Santa Maria Gloriosa dei Frari, på italienska vanligtvis kallad i Frari och på svenska Frarikyrkan, är en av Venedigs största kyrkor och får lov att kallas "mindre" basilika. Kyrkan ligger vid Campo dei Frari i hjärtat av sestiere San Polo, och är tillägnad Jungfru Marie upptagande till himmelen, Assumptio Mariae. I kyrkans inre finns ett stort antal ovärderliga konstverk varför kyrkan också välkomnar och får inkomster från turister. I anslutning till kyrkan finns ett klosterkomplex så lokaler finns för församlingens medlemmar för att fira dagliga mässor och vid större högtider hålls kyrkan stängd för turister så att mässan kan firas i basilikan. Kyrkan används också för konsertverksamhet under delar av året.</dbpedia-owl:abstract>
    <dbpedia-owl:abstract xml:lang="es">La Basilica di Santa Maria Gloriosa dei Frari, normalmente llamada simplemente los Frari, es una de las iglesias más grandes de Venecia y tiene el estatus de basílica menor. Está en el Campo dei Frari en el corazón del distrito de San Polo. La ciudad está dedicada a la Asunción de María (Assunzione della Beata Virgine). Los franciscanos obtuvieron tierra para erigir una iglesia en 1250, pero el edificio no se acabó hasta 1338. De forma casi inmediata se emprendieron los trabajos para reemplazarla por una más grande, la iglesia actual, que llevó casi un siglo construir y se acabó a mediados del siglo XV. El campanario mide 83 metros y es el segundo más alto de la ciudad después del de San Marcos. La imponente iglesia está construida en ladrillo en el estilo gótico italiano. Como en muchas iglesias venecianas, el exterior es bastante simple. El interior contiene la única reja del coro que sigue en su sitio en Venecia; data de 1475 y está esculpida. El coro data de 1468 y presenta tres gradas de bancos, tallados con bajorrelieves. Los Frari es una iglesia parroquial del Vicariato de San Polo-Santa Croce-Dorsoduro. Las otras iglesias de la parroquia son San Barnaba, San Ludovico Vescovo, Santa Maria del Soccorso y Santa Margherita.</dbpedia-owl:abstract>
    <dbpedia-owl:abstract xml:lang="it">La Basilica di Santa Maria Gloriosa dei Frari, comunemente detta solo dei Frari, è una delle chiese di Venezia e ha ricevuto nel 1926 da papa Pio XI il titolo di Basilica minore. È situata nell&#39;omonimo Campo dei Frari, nel sestiere di San Polo, ed è dedicata all&#39;Assunzione di Maria. La pianta è a croce latina, e lo stile è gotico veneziano in cotto e pietra d&#39;Istria. Possiede tre navate con archi ogivali che poggiano su sei colonne per lato tra loro collegate da catene rivestite da casse lignee. Misura 102 metri di lunghezza, 48 metri nel transetto ed è alta 28 metri. Oggi ha 17 altari monumentali e al suo interno sono custodite molte opere d&#39;arte, tra cui due dipinti del Tiziano. Ospita, inoltre, le tombe di numerose personalità legate a Venezia, tra cui Claudio Monteverdi e lo stesso Tiziano.</dbpedia-owl:abstract>
    <dbpedia-owl:abstract xml:lang="nl">De Basilica di Santa Maria Gloriosa dei Frari is een grote gotische kerk met campanile uit de 15de eeuw aan de Campo dei Frari in het stadsdeel San Polo van Venetië in Italië. In de kerk bevindt zich boven het hoogaltaar het schilderij Maria Hemelvaart van Titiaan. Ook vindt men daar het schilderij Madonna di Ca&#39;Pesaro (Madonna met kind, heiligen en de familie Pesaro) uit 1526. beide van Titiaan. In de sacristie is het drieluik Madonna met kind tussen St-Nicolaas, St-Petrus, St-Marcus en St-Benedictus uit 1488 van Giovanni Bellini te zien. Verder bevindt zich een beeld van Johannes de Doper (1554) van Jacopo Sansovino en een houten versie van Donatello in de kerk. Er zijn diverse kapellen zoals de Capella Bernardo met de drieluik Madonna della Salute van Bartolomeo Vivarini uit 1482, Capella di San Giovanni Battista, Capella dei Milanesi, Capella San Marco o Corner. In de kerk is het driehoekige marmeren graf van de beeldhouwer Antonio Canova en een grafmonument van de kunstschilder Titiaan. Verder zijn er diverse grafmonumenten zoals van Jacopo Marcello, Beato Pacifico, Doge Francesco Foscari, Doge Giovanni Pesaro en Doge Niccolo Tron. Ook bevindt zich in deze kerk het graf van de componist Claudio Monteverdi.</dbpedia-owl:abstract>
    <dbpedia-owl:abstract xml:lang="fr">La basilique Santa Maria Gloriosa dei Frari, appelée communément I Frari, est une des principales églises de Venise. Elle est située sur le Campo dei Frari, dans le sestiere de San Polo. Dédiée à l&#39;Assomption de Marie, elle a reçu le titre de basilique mineure. Le sanctuaire renferme de très nombreuses œuvres d&#39;art, notamment du Titien, et de nombreux monuments funéraires de grands hommes vénitiens. Église Santa Maria Gloriosa dei FrariÉglise Santa Maria Gloriosa dei Frari</dbpedia-owl:abstract>
    <dbpedia-owl:abstract xml:lang="ru">Собор Санта-Мария Глориоза деи Фрари (Святой Марии Словущей или Успения Девы Марии) (итал.  Basilica di Santa Maria Gloriosa dei Frari) — один из самых известных и знаменитых соборов в Венеции. Находится в районе Сан-Поло на одноимённой площади. Короткое и общеупотребимое название церкви — Фрари. Базилика расположена в районе Сан-Поло на кампо деи Фрари. Остановка вапоретто «San Toma». Открыта с 10.00 до 18.00, в воскресенье и религиозные праздники с 13.00 до 18.00. Телефон: 041—272-8611.</dbpedia-owl:abstract>
    <dbpedia-owl:abstract xml:lang="pt">A Basilica di Santa Maria Gloriosa dei Frari, normalmente chamada simplesmente os Frari, é uma das maiores igrejas de Veneza e tem o estatuto de basílica menor. Está no Campo dei Frari, no coração do bairro de San Polo. A cidade está dedicada à Assunção de Maria (Assunzione della Beata Virgine). Os franciscanos obtiveram terra para erigir uma igreja em 1250, mas o edifício só se terminou em 1338. De forma quase imediata empreenderam-se os trabalhos para a substituir por uma maior, a igreja actual, que levou quase um século a construir e ficou terminada em meados do século XV. O campanário tem 83 m de altura e é o segundo mais alto da cidade depois do da Basílica de São Marcos. A imponente igreja foi construída em ladrilho no estilo gótico italiano. Como em muitas igrejas venezianas, o exterior é bastante simples. O interior contém a única grade de coro que continua no local original em Veneza; data de 1475 e está esculpida. O coro data de 1468 e apresenta três níveis de bancos, talhados com baixo-relevos. Os Frari é uma igreja paroquial do Vicariato de San Polo-Santa Croce-Dorsoduro. As outras igrejas da paróquia são San Barnaba, San Ludovico Vescovo, Santa Maria del Soccorso e Santa Margherita.</dbpedia-owl:abstract>
    <dbpedia-owl:abstract xml:lang="en">The Basilica di Santa Maria Gloriosa dei Frari, usually just called the Frari, is a church in Venice, northern Italy. One of the greatest churches in the city, it has the status of a minor basilica. It stands on the Campo dei Frari at the heart of the San Polo district. The church is dedicated to the Assumption . The Franciscans were granted land to build a church in 1250, but the building was not completed until 1338. Work almost immediately began on its much larger replacement, the current church, which took over a century to build. The campanile, the second tallest in the city after that of San Marco, was completed in 1396. The imposing edifice is built of brick, and is one of the city&#39;s three notable churches built in the Italian Gothic style. As with many Venetian churches, the exterior is rather plain. The interior contains the only rood screen still in place in Venice. The Frari is a parish church of the Vicariate of San Polo-Santa Croce-Dorsoduro. The other churches of the parish are San Barnaba, San Ludovico Vescovo, Santa Maria del Soccorso and Santa Margherita. Titian, the most important member of the 16th-century Venetian school of painting, is interred in the Frari.</dbpedia-owl:abstract>
    <dbpedia-owl:wikiPageID rdf:datatype="http://www.w3.org/2001/XMLSchema#integer">743672</dbpedia-owl:wikiPageID>
    <dbpedia-owl:wikiPageRevisionID rdf:datatype="http://www.w3.org/2001/XMLSchema#integer">543281586</dbpedia-owl:wikiPageRevisionID>
    <rdfs:label xml:lang="it">Basilica di Santa Maria Gloriosa dei Frari</rdfs:label>
    <rdfs:label xml:lang="fr">Basilique Santa Maria Gloriosa dei Frari</rdfs:label>
    <rdfs:label xml:lang="zh">圣方济会荣耀圣母圣殿</rdfs:label>
    <rdfs:label xml:lang="de">Santa Maria Gloriosa dei Frari</rdfs:label>
    <rdfs:label xml:lang="es">Basílica de Santa María dei Frari</rdfs:label>
    <rdfs:label xml:lang="sv">Basilica di Santa Maria Gloriosa dei Frari</rdfs:label>
    <rdfs:label xml:lang="pl">Santa Maria Gloriosa dei Frari</rdfs:label>
    <rdfs:label xml:lang="ru">Собор Санта-Мария Глориоза деи Фрари</rdfs:label>
    <rdfs:label xml:lang="nl">Basilica di Santa Maria Gloriosa dei Frari</rdfs:label>
    <rdfs:label xml:lang="ja">サンタ・マリア・グロリオーザ・デイ・フラーリ聖堂</rdfs:label>
    <rdfs:label xml:lang="pt">Basílica de Santa Maria Gloriosa dei Frari</rdfs:label>
    <rdfs:label xml:lang="en">Santa Maria Gloriosa dei Frari</rdfs:label>
    <foaf:depiction rdf:resource="http://upload.wikimedia.org/wikipedia/commons/7/70/Basilica_di_Santa_Maria_dei_Frari_-_Venezia.jpg" />
    <rdfs:comment xml:lang="pt">A Basilica di Santa Maria Gloriosa dei Frari, normalmente chamada simplesmente os Frari, é uma das maiores igrejas de Veneza e tem o estatuto de basílica menor. Está no Campo dei Frari, no coração do bairro de San Polo. A cidade está dedicada à Assunção de Maria (Assunzione della Beata Virgine). Os franciscanos obtiveram terra para erigir uma igreja em 1250, mas o edifício só se terminou em 1338.</rdfs:comment>
    <rdfs:comment xml:lang="sv">Basilica di Santa Maria Gloriosa dei Frari, på italienska vanligtvis kallad i Frari och på svenska Frarikyrkan, är en av Venedigs största kyrkor och får lov att kallas "mindre" basilika. Kyrkan ligger vid Campo dei Frari i hjärtat av sestiere San Polo, och är tillägnad Jungfru Marie upptagande till himmelen, Assumptio Mariae. I kyrkans inre finns ett stort antal ovärderliga konstverk varför kyrkan också välkomnar och får inkomster från turister.</rdfs:comment>
    <rdfs:comment xml:lang="fr">La basilique Santa Maria Gloriosa dei Frari, appelée communément I Frari, est une des principales églises de Venise. Elle est située sur le Campo dei Frari, dans le sestiere de San Polo. Dédiée à l&#39;Assomption de Marie, elle a reçu le titre de basilique mineure. Le sanctuaire renferme de très nombreuses œuvres d&#39;art, notamment du Titien, et de nombreux monuments funéraires de grands hommes vénitiens. Église Santa Maria Gloriosa dei FrariÉglise Santa Maria Gloriosa dei Frari</rdfs:comment>
    <rdfs:comment xml:lang="ru">Собор Санта-Мария Глориоза деи Фрари (Святой Марии Словущей или Успения Девы Марии) (итал.  Basilica di Santa Maria Gloriosa dei Frari) — один из самых известных и знаменитых соборов в Венеции. Находится в районе Сан-Поло на одноимённой площади. Короткое и общеупотребимое название церкви — Фрари. Базилика расположена в районе Сан-Поло на кампо деи Фрари. Остановка вапоретто «San Toma». Открыта с 10.00 до 18.00, в воскресенье и религиозные праздники с 13.00 до 18.00. Телефон: 041—272-8611.</rdfs:comment>
    <rdfs:comment xml:lang="ja">サンタ・マリア・グロリオーザ・デイ・フラーリ聖堂 （Basilica di Santa Maria Gloriosa dei Frari）は、通常フラーリと縮めて呼ばれる、ヴェネツィアにあるカトリック教会のバシリカ。サン・ポーロ地区の心臓部カンポ・デイ・フラーリに建つ。教会は『聖母の被昇天』（Assunzione della Beata Vergine）に献堂された。 1250年、フランチェスコ会は教会を建てるべく土地を譲渡された。しかし建物は1338年まで完成しなかった。完成後ほとんどすぐに、より大きな後継者である現在の教会が1世紀で建てられた。鐘楼（カンパニーレ）は、1396年に完成したサン・マルコ寺院の次にヴェネツィアで2番目に高い。 威圧される教会は、イタリアのゴシック様式により煉瓦で建てられた。多くのヴェネツィアの教会とともに、外観はむしろ簡素である。内部には、ヴェネツィアに唯一現存する内陣仕切りを含む。</rdfs:comment>
    <rdfs:comment xml:lang="en">The Basilica di Santa Maria Gloriosa dei Frari, usually just called the Frari, is a church in Venice, northern Italy. One of the greatest churches in the city, it has the status of a minor basilica. It stands on the Campo dei Frari at the heart of the San Polo district. The church is dedicated to the Assumption . The Franciscans were granted land to build a church in 1250, but the building was not completed until 1338.</rdfs:comment>
    <rdfs:comment xml:lang="es">La Basilica di Santa Maria Gloriosa dei Frari, normalmente llamada simplemente los Frari, es una de las iglesias más grandes de Venecia y tiene el estatus de basílica menor. Está en el Campo dei Frari en el corazón del distrito de San Polo. La ciudad está dedicada a la Asunción de María (Assunzione della Beata Virgine). Los franciscanos obtuvieron tierra para erigir una iglesia en 1250, pero el edificio no se acabó hasta 1338.</rdfs:comment>
    <rdfs:comment xml:lang="it">La Basilica di Santa Maria Gloriosa dei Frari, comunemente detta solo dei Frari, è una delle chiese di Venezia e ha ricevuto nel 1926 da papa Pio XI il titolo di Basilica minore. È situata nell&#39;omonimo Campo dei Frari, nel sestiere di San Polo, ed è dedicata all&#39;Assunzione di Maria. La pianta è a croce latina, e lo stile è gotico veneziano in cotto e pietra d&#39;Istria.</rdfs:comment>
    <rdfs:comment xml:lang="de">Santa Maria Gloriosa dei Frari, auch Frarikirche oder kurz Frari, ist eine Kirche in Venedig. Sie ist neben Zanipolo der größte und bedeutendste gotische Sakralbau Venedigs. Die Kirche ist der Aufnahme Mariens in den Himmel gewidmet. Sie ist mit zahlreichen hervorragenden Kunstwerken ausgestattet, darunter zwei Hauptwerken Tizians. 1926 erhielt sie den Ehrentitel einer päpstlichen Basilica minor.</rdfs:comment>
    <rdfs:comment xml:lang="nl">De Basilica di Santa Maria Gloriosa dei Frari is een grote gotische kerk met campanile uit de 15de eeuw aan de Campo dei Frari in het stadsdeel San Polo van Venetië in Italië. In de kerk bevindt zich boven het hoogaltaar het schilderij Maria Hemelvaart van Titiaan. Ook vindt men daar het schilderij Madonna di Ca&#39;Pesaro (Madonna met kind, heiligen en de familie Pesaro) uit 1526. beide van Titiaan.</rdfs:comment>
    <rdfs:comment xml:lang="pl">Bazylika Santa Maria Gloriosa dei Frari, zwana potocznie Frari, jest kościołem umiejscowionym przy Calle del Magazzen w Wenecji, w północnych Włoszech. Masywny franciszkański kompleks klasztorny założony został w XIII wieku, a następnie przebudowany w XIV i XV. Przyległe krużganki są miejscem, w których spoczywają archiwa państwowe, dokumentujące 1000 lat historii weneckiej. Z zewnątrz i w środku kościół z cegły pozbawiony jest dekoracji.</rdfs:comment>
    <rdfs:comment xml:lang="zh">圣方济会荣耀圣母教堂（Basilica di Santa Maria Gloriosa dei Frari，简称Frari）是威尼斯最大的教堂之一，拥有次级圣殿的地位。这座教堂位于圣波罗区（San Polo）的核心，供奉圣母升天（Assunzione della Beata Virgine）。 1250年，方济各会获得建造教堂的土地，直到1338年才建成。随后几乎立即又翻建为更大的教堂，即目前的这座，历时一个世纪。其钟楼仅次于圣马可教堂，是威尼斯第二高钟楼，完成于1396年。 这是一座砖砌建筑，也是该市三座哥特式风格的著名教堂之一。如同许多威尼斯教堂，它的外观设计相当平坦，内部有威尼斯现存唯一的祭台屏風。 圣方济会荣耀圣母教堂是圣波罗-圣十字-Dorsoduro本堂區的堂區聖堂，该本堂區还有圣巴拿巴、圣 Ludovico Vescovo、圣母 Soccorso 和圣玛格丽塔等教堂。 这座教堂最著名的艺术品是提香的圣母升天，供奉在正祭台，也是威尼斯最大的祭台画。</rdfs:comment>
    <dbpedia-owl:thumbnail rdf:resource="http://upload.wikimedia.org/wikipedia/commons/thumb/7/70/Basilica_di_Santa_Maria_dei_Frari_-_Venezia.jpg/200px-Basilica_di_Santa_Maria_dei_Frari_-_Venezia.jpg" />
    <dbpedia-owl:wikiPageExternalLink rdf:resource="http://www.basilicadeifrari.it/italiano/basilica_dei_frari.php" />
    <dbpedia-owl:wikiPageExternalLink rdf:resource="http://www.paradoxplace.com/Perspectives/Venice%20&amp;%20N%20Italy/Venice/I%20Frari.htm" />
    <geo:geometry rdf:datatype="http://www.openlinksw.com/schemas/virtrdf#Geometry">POINT(12.3261 45.4367)</geo:geometry>
    <foaf:isPrimaryTopicOf rdf:resource="http://en.wikipedia.org/wiki/Santa_Maria_Gloriosa_dei_Frari" />
    <geo:long rdf:datatype="http://www.w3.org/2001/XMLSchema#float">12.3261</geo:long>
    <geo:lat rdf:datatype="http://www.w3.org/2001/XMLSchema#float">45.4367</geo:lat>
    <ns8:wasDerivedFrom rdf:resource="http://en.wikipedia.org/wiki/Santa_Maria_Gloriosa_dei_Frari?oldid=543281586" />
    <grs:point xml:lang="en">45.43666666666667 12.32611111111111</grs:point>
    <dbpprop:hasPhotoCollection rdf:resource="http://wifo5-03.informatik.uni-mannheim.de/flickrwrappr/photos/Santa_Maria_Gloriosa_dei_Frari" />
  </rdf:Description>
  <rdf:Description rdf:about="http://en.wikipedia.org/wiki/Santa_Maria_Gloriosa_dei_Frari">
    <foaf:primaryTopic rdf:resource="http://dbpedia.org/resource/Santa_Maria_Gloriosa_dei_Frari" />
  </rdf:Description>
  <rdf:Description rdf:about="http://nl.dbpedia.org/resource/Basilica_di_Santa_Maria_Gloriosa_dei_Frari">
    <owl:sameAs rdf:resource="http://dbpedia.org/resource/Santa_Maria_Gloriosa_dei_Frari" />
  </rdf:Description>
  <rdf:Description rdf:about="http://wikidata.dbpedia.org/resource/Q224961">
    <owl:sameAs rdf:resource="http://dbpedia.org/resource/Santa_Maria_Gloriosa_dei_Frari" />
  </rdf:Description>
  <rdf:Description rdf:about="http://zh.dbpedia.org/resource/圣方济会荣耀圣母圣殿">
    <owl:sameAs rdf:resource="http://dbpedia.org/resource/Santa_Maria_Gloriosa_dei_Frari" />
  </rdf:Description>
  <rdf:Description rdf:about="http://arz.dbpedia.org/resource/فرارى">
    <owl:sameAs rdf:resource="http://dbpedia.org/resource/Santa_Maria_Gloriosa_dei_Frari" />
  </rdf:Description>
  <rdf:Description rdf:about="http://he.dbpedia.org/resource/בזיליקת_סנטה_מריה_גלוריוזה_דיי_פרארי">
    <owl:sameAs rdf:resource="http://dbpedia.org/resource/Santa_Maria_Gloriosa_dei_Frari" />
  </rdf:Description>
  <rdf:Description rdf:about="http://hr.dbpedia.org/resource/Santa_Maria_Gloriosa_dei_Frari">
    <owl:sameAs rdf:resource="http://dbpedia.org/resource/Santa_Maria_Gloriosa_dei_Frari" />
  </rdf:Description>
  <rdf:Description rdf:about="http://hu.dbpedia.org/resource/Santa_Maria_Gloriosa_dei_Frari_(Velence)">
    <owl:sameAs rdf:resource="http://dbpedia.org/resource/Santa_Maria_Gloriosa_dei_Frari" />
  </rdf:Description>
  <rdf:Description rdf:about="http://ka.dbpedia.org/resource/სანტა_მარია_გლორიოზა_დეი_ფრარის_ტაძარი">
    <owl:sameAs rdf:resource="http://dbpedia.org/resource/Santa_Maria_Gloriosa_dei_Frari" />
  </rdf:Description>
  <rdf:Description rdf:about="http://lt.dbpedia.org/resource/Santa_Maria_Gloriosa_dei_Frari">
    <owl:sameAs rdf:resource="http://dbpedia.org/resource/Santa_Maria_Gloriosa_dei_Frari" />
  </rdf:Description>
  <rdf:Description rdf:about="http://sh.dbpedia.org/resource/Frari">
    <owl:sameAs rdf:resource="http://dbpedia.org/resource/Santa_Maria_Gloriosa_dei_Frari" />
  </rdf:Description>
  <rdf:Description rdf:about="http://sv.dbpedia.org/resource/Basilica_di_Santa_Maria_Gloriosa_dei_Frari">
    <owl:sameAs rdf:resource="http://dbpedia.org/resource/Santa_Maria_Gloriosa_dei_Frari" />
  </rdf:Description>
  <rdf:Description rdf:about="http://tr.dbpedia.org/resource/Frari_Santa_Maria_Gloriosa_Bazilikası">
    <owl:sameAs rdf:resource="http://dbpedia.org/resource/Santa_Maria_Gloriosa_dei_Frari" />
  </rdf:Description>
  <rdf:Description rdf:about="http://uk.dbpedia.org/resource/Собор_Санта-Марія_Глоріоза_деї_Фрарі">
    <owl:sameAs rdf:resource="http://dbpedia.org/resource/Santa_Maria_Gloriosa_dei_Frari" />
  </rdf:Description>
  <rdf:Description rdf:about="http://vec.dbpedia.org/resource/Baxéłega_de_Santa_Maria_Glorioxa_dei_Frari">
    <owl:sameAs rdf:resource="http://dbpedia.org/resource/Santa_Maria_Gloriosa_dei_Frari" />
  </rdf:Description>
</rdf:RDF>
