<?xml version="1.0" encoding="utf-8" ?>
<rdf:RDF
	xmlns:rdf="http://www.w3.org/1999/02/22-rdf-syntax-ns#"
	xmlns:rdfs="http://www.w3.org/2000/01/rdf-schema#"
	xmlns:owl="http://www.w3.org/2002/07/owl#"
	xmlns:dcterms="http://purl.org/dc/terms/"
	xmlns:dbpedia-owl="http://dbpedia.org/ontology/"
	xmlns:foaf="http://xmlns.com/foaf/0.1/"
	xmlns:dbpprop="http://dbpedia.org/property/"
	xmlns:geo="http://www.w3.org/2003/01/geo/wgs84_pos#"
	xmlns:ns8="http://www.w3.org/ns/prov#"
	xmlns:grs="http://www.georss.org/georss/" >
  <rdf:Description rdf:about="http://pl.dbpedia.org/resource/Scuola_Grande_di_San_Rocco">
    <owl:sameAs rdf:resource="http://dbpedia.org/resource/Scuola_Grande_di_San_Rocco" />
  </rdf:Description>
  <rdf:Description rdf:about="http://it.dbpedia.org/resource/Scuola_Grande_di_San_Rocco">
    <owl:sameAs rdf:resource="http://dbpedia.org/resource/Scuola_Grande_di_San_Rocco" />
  </rdf:Description>
  <rdf:Description rdf:about="http://ru.dbpedia.org/resource/Скуола_Сан-Рокко">
    <owl:sameAs rdf:resource="http://dbpedia.org/resource/Scuola_Grande_di_San_Rocco" />
  </rdf:Description>
  <rdf:Description rdf:about="http://fr.dbpedia.org/resource/Scuola_Grande_de_San_Rocco">
    <owl:sameAs rdf:resource="http://dbpedia.org/resource/Scuola_Grande_di_San_Rocco" />
  </rdf:Description>
  <rdf:Description rdf:about="http://en.wikipedia.org/wiki/Scuola_Grande_di_San_Rocco">
    <foaf:primaryTopic rdf:resource="http://dbpedia.org/resource/Scuola_Grande_di_San_Rocco" />
  </rdf:Description>
  <rdf:Description rdf:about="http://dbpedia.org/resource/Christ_Carrying_the_Cross_(Titian)">
    <dbpedia-owl:museum rdf:resource="http://dbpedia.org/resource/Scuola_Grande_di_San_Rocco" />
    <dbpprop:museum rdf:resource="http://dbpedia.org/resource/Scuola_Grande_di_San_Rocco" />
  </rdf:Description>
  <rdf:Description rdf:about="http://dbpedia.org/resource/Scuola_Grande_di_San_Rocco">
    <rdf:type rdf:resource="http://dbpedia.org/class/yago/YagoGeoEntity" />
    <rdf:type rdf:resource="http://dbpedia.org/ontology/ArchitecturalStructure" />
    <rdf:type rdf:resource="http://dbpedia.org/ontology/Place" />
    <rdf:type rdf:resource="http://dbpedia.org/class/yago/Object100002684" />
    <rdf:type rdf:resource="http://dbpedia.org/ontology/Building" />
    <rdf:type rdf:resource="http://dbpedia.org/class/yago/PhysicalEntity100001930" />
    <rdf:type rdf:resource="http://dbpedia.org/class/yago/YagoPermanentlyLocatedEntity" />
    <rdf:type rdf:resource="http://www.w3.org/2002/07/owl#Thing" />
    <rdf:type rdf:resource="http://dbpedia.org/ontology/Museum" />
    <rdf:type rdf:resource="http://dbpedia.org/class/yago/Whole100003553" />
    <rdf:type rdf:resource="http://schema.org/Museum" />
    <rdf:type rdf:resource="http://www.opengis.net/gml/_Feature" />
    <rdf:type rdf:resource="http://schema.org/Place" />
    <rdf:type rdf:resource="http://dbpedia.org/class/yago/BuildingsAndStructuresInVenice" />
    <rdf:type rdf:resource="http://dbpedia.org/class/yago/Artifact100021939" />
    <rdf:type rdf:resource="http://dbpedia.org/class/yago/Structure104341686" />
    <rdf:type rdf:resource="http://dbpedia.org/class/yago/Building102913152" />
    <owl:sameAs rdf:resource="http://www.wikidata.org/entity/Q1270723" />
    <owl:sameAs rdf:resource="http://dbpedia.org/resource/Scuola_Grande_di_San_Rocco" />
    <owl:sameAs rdf:resource="http://yago-knowledge.org/resource/Scuola_Grande_di_San_Rocco" />
    <owl:sameAs rdf:resource="http://fr.dbpedia.org/resource/Scuola_Grande_de_San_Rocco" />
    <owl:sameAs rdf:resource="http://rdf.freebase.com/ns/m.05_5t53" />
    <owl:sameAs rdf:resource="http://vec.dbpedia.org/resource/Céxa_de_San_Roco" />
    <owl:sameAs rdf:resource="http://be.dbpedia.org/resource/Скуола_Сан-Рока" />
    <owl:sameAs rdf:resource="http://it.dbpedia.org/resource/Scuola_Grande_di_San_Rocco" />
    <owl:sameAs rdf:resource="http://pl.dbpedia.org/resource/Scuola_Grande_di_San_Rocco" />
    <owl:sameAs rdf:resource="http://es.dbpedia.org/resource/Scuola_Grande_di_San_Rocco" />
    <owl:sameAs rdf:resource="http://ru.dbpedia.org/resource/Скуола_Сан-Рокко" />
    <owl:sameAs rdf:resource="http://de.dbpedia.org/resource/Scuola_Grande_di_San_Rocco" />
    <owl:sameAs rdf:resource="http://nl.dbpedia.org/resource/Scuola_Grande_di_San_Rocco" />
    <owl:sameAs rdf:resource="http://fur.dbpedia.org/resource/Scuele_Grande_di_San_Roc_di_Vignesie" />
    <dcterms:subject rdf:resource="http://dbpedia.org/resource/Category:Buildings_and_structures_in_Venice" />
    <dcterms:subject rdf:resource="http://dbpedia.org/resource/Category:Paintings_by_Tintoretto" />
    <dcterms:subject rdf:resource="http://dbpedia.org/resource/Category:Renaissance_architecture_in_Venice" />
    <dcterms:subject rdf:resource="http://dbpedia.org/resource/Category:16th-century_architecture" />
    <dbpedia-owl:abstract xml:lang="ru">Скуола Сан-Рокко (итал.  Scuola Grande di San Rocco) — основана в 1549 году Братством Сан-Рокко и принадлежит к одной из шести венецианских больших скуол. Братство Сан-Рокко было зарегистрировано Советом Десяти в 1481 году для оказания благотворительной помощи больным. К 1515 году Братство насчитывало более 500 членов и для него потребовалось большое здание. Строительство здания началось в 1515 году по проекту Бартоломео Бона. Его сменил Санте Ломбардо. Закончено архитектором Антонио дель Аббонди в 1549 году, достроившим второй этаж и парадный вход. Скуола расположена на одноимённой площади, возле церкви Сан-Рокко и сохранила черты работы обоих зодчих. Первый этаж с окнами-бифоре характерен для Бона, второй, со сдвоенными окнами, — для Скарпаньино. Строительство велось в основном на пожертвования венецианцев, веривших в покровительство Св. Роха от заразных болезней. Мощи Св. Роха находятся в церкви Сан-Рокко, стоящей напротив скуолы. На сегодняшний день Братство Сан-Рокко существует и продолжает заниматься благотворительностью. В 1564 году был объявлен конкурс на роспись с участием Паоло Веронезе, Скьявоне, Сальвиати, Тинторетто и Цуккари. Тинторетто обошел конкурентов, представив вместо наброска готовую картину «Св. Рох во славе». Эта картина сейчас находится на потолке в зале Альберго (Sala de’ll Albergo). После этого в течение 23 лет Тинторетто расписывал скуолу Сан-Рокко. Генри Джеймс писал: «Вряд ли мы найдём в другом месте четыре стены, в которые вложены столько гениальности. Воздух этих полотен так густ, что трудно дышать». Скуола состоит из нижнего и верхнего этажей и зала Альберго.</dbpedia-owl:abstract>
    <dbpedia-owl:abstract xml:lang="en">The Scuola Grande di San Rocco is a building in Venice, northern Italy.</dbpedia-owl:abstract>
    <dbpedia-owl:abstract xml:lang="it">La Scuola Grande di San Rocco è un antico edificio di Venezia, situato nel sestiere di San Polo, in Campo San Rocco.</dbpedia-owl:abstract>
    <dbpedia-owl:abstract xml:lang="pl">Scuola Grande di San Rocco - budynek dawnego bractwa św. Rocha w Wenecji. Scuola powstała w 1477 roku po połączeniu dwóch bractw św. Rocha, po wielkiej epidemii dżumy jaka nawiedziła Wenecję. Święty Roch zgodnie z tradycją miał zachorować na dżumę jednak został uratowany przez Anioła. To zdarzenie spowodowało, iż święty został patronem chorych. W 1485 roku bractwo zdobyło szczątki patrona. Posiadanie takich relikwii przysporzyło im ogromne dochody. W 1489 roku rozpoczęli budowlę kościoła a w 1516 roku domu zgromadzeń. Prace zlecono Bartolomeo Bonowi a w 1524 roku jego prace kontynuował Sante Lombardo a trzy lata później Antonio Scarpagnio. Fasada ówczesnego domu był zdobiona kolorowym kamieniem, swoim przepychem rywalizowała z Scuola Grande della Misericordia. W kolejnych latach fasada została przebudowana a prace zlecono różnym architektom by w 1560 roku zakończył je Giangiacomowi de&#39; Grigi. W 1564 roku prace nad dekoracja wnętrz zlecono włoskiemu malarzowi Jacopo Tintoretto, który wraz ze swoimi uczniami i synem Domenico pracował nad zleceniem od 1564 do 1587 roku. Tematyka jego prac była ściśle podzielona na pomieszczenia i pietra. W Sala Terrena zaprezentował cykl obrazów z życia Marii Dziewicy, w Sala Superiore przedstawił na suficie sceny zaczerpnięte ze Starego Testamentu a na ścianie z Nowego Testamentu. Prócz tych dwóch sal jego obrazy zdobią Salę dell&#39;Albergo, gdzie na suficie przedstawił wizerunek patrona scuoli św Rocha oraz alegorie cnót a na ścianach sceny męczeństwa Chrystusa. Innymi dziełami w scuoli są prace Tycjana pt. Zwiastowanie, Tiepola pt. Abraham i aniołowie, Wypędzenie Hagar oraz Palmy Młodszego.</dbpedia-owl:abstract>
    <dbpedia-owl:abstract xml:lang="de">Die Scuola Grande di San Rocco ist die besterhaltene der sechs großen Scuole (wörtlich „Schulen“) Venedigs und befindet sich im Stadtteil San Polo in der Nähe der Kirche Santa Maria Gloriosa dei Frari. Sie ist vor allem berühmt für ihre reiche Ausstattung mit Gemälden von Jacopo Tintoretto, die den Maler zwei Jahrzehnte lang beschäftigten und zu dessen größten Meisterwerken zählen.</dbpedia-owl:abstract>
    <dbpedia-owl:abstract xml:lang="es">La Scuola Grande di San Rocco se encuentra en Campo San Rocco en Venecia. Era una confraternidad formada por ciudadanos venecianos en 1478 que se hizo particularmente próspera a principios del siglo XVI. Fue creada para asistir a los ciudadanos en tiempos de plaga. San Roque, cuyas reliquias se guardan en la vecina iglesia de San Roque, fue declarado santo patrón de la ciudad en 1576. Cada año, en su día festivo (16 de agosto), el Dogo de Venecia hacía una peregrinación a la iglesia. En 1564 los miembros de la Scuola encargaron a Tintoretto la decoración de las paredes y techos. Pintó primeramente las que se encuentran en la Sala dell&#39;Albergo. Posteriores son las del salón inferior. Entre estas pinturas se encuentran: Anunciación y San Roque presentado al Papa en el muro oeste. San Roque llevado a prisión (atribuido) y La piscina de Bethesda en la pared sur de la nave. San Roque curando a las víctimas de la plaga, San Roque reconfortado por un ángel, San Roque en la soledad y San Roque curando a los animales (atribuido) en la cancela. San Cristóbal y San Martín a caballo por Pordenone cuelgan en la pared norte de la nave. Hay un lienzo de Tiziano, Cristo llevando la Cruz, que anteriormente se atribuyó a Giorgione. La iglesia de San Rocco comparte la pequeña plaza del mismo nombre con la Scuola Grande di San Rocco.</dbpedia-owl:abstract>
    <dbpedia-owl:abstract xml:lang="fr">La Scuola Grande de San Rocco fut l&#39;une des plus riches Scuole de Venise, une institution prestigieuse reconnue par le Conseil des Dix, dont le rôle a été de lutter contre les épidémies de peste et destinée à aider la population. Scuola Grande de San RoccoScuola Grande de San Rocco</dbpedia-owl:abstract>
    <dbpedia-owl:abstract xml:lang="nl">De Scuola Grande di San Rocco is een school naast de kerk San Rocco in Venetië.</dbpedia-owl:abstract>
    <dbpedia-owl:wikiPageID rdf:datatype="http://www.w3.org/2001/XMLSchema#integer">4683920</dbpedia-owl:wikiPageID>
    <dbpedia-owl:wikiPageRevisionID rdf:datatype="http://www.w3.org/2001/XMLSchema#integer">540742927</dbpedia-owl:wikiPageRevisionID>
    <rdfs:label xml:lang="en">Scuola Grande di San Rocco</rdfs:label>
    <rdfs:label xml:lang="it">Scuola Grande di San Rocco</rdfs:label>
    <rdfs:label xml:lang="ru">Скуола Сан-Рокко</rdfs:label>
    <rdfs:label xml:lang="fr">Scuola Grande de San Rocco</rdfs:label>
    <rdfs:label xml:lang="de">Scuola Grande di San Rocco</rdfs:label>
    <rdfs:label xml:lang="pl">Scuola Grande di San Rocco</rdfs:label>
    <rdfs:label xml:lang="nl">Scuola Grande di San Rocco</rdfs:label>
    <rdfs:label xml:lang="es">Scuola Grande di San Rocco</rdfs:label>
    <foaf:depiction rdf:resource="http://upload.wikimedia.org/wikipedia/commons/0/06/Venezia_scuola_di_san_rocco_2.JPG" />
    <rdfs:comment xml:lang="pl">Scuola Grande di San Rocco - budynek dawnego bractwa św. Rocha w Wenecji. Scuola powstała w 1477 roku po połączeniu dwóch bractw św. Rocha, po wielkiej epidemii dżumy jaka nawiedziła Wenecję. Święty Roch zgodnie z tradycją miał zachorować na dżumę jednak został uratowany przez Anioła. To zdarzenie spowodowało, iż święty został patronem chorych. W 1485 roku bractwo zdobyło szczątki patrona. Posiadanie takich relikwii przysporzyło im ogromne dochody.</rdfs:comment>
    <rdfs:comment xml:lang="de">Die Scuola Grande di San Rocco ist die besterhaltene der sechs großen Scuole (wörtlich „Schulen“) Venedigs und befindet sich im Stadtteil San Polo in der Nähe der Kirche Santa Maria Gloriosa dei Frari. Sie ist vor allem berühmt für ihre reiche Ausstattung mit Gemälden von Jacopo Tintoretto, die den Maler zwei Jahrzehnte lang beschäftigten und zu dessen größten Meisterwerken zählen.</rdfs:comment>
    <rdfs:comment xml:lang="ru">Скуола Сан-Рокко (итал.  Scuola Grande di San Rocco) — основана в 1549 году Братством Сан-Рокко и принадлежит к одной из шести венецианских больших скуол. Братство Сан-Рокко было зарегистрировано Советом Десяти в 1481 году для оказания благотворительной помощи больным. К 1515 году Братство насчитывало более 500 членов и для него потребовалось большое здание. Строительство здания началось в 1515 году по проекту Бартоломео Бона. Его сменил Санте Ломбардо.</rdfs:comment>
    <rdfs:comment xml:lang="en">The Scuola Grande di San Rocco is a building in Venice, northern Italy.</rdfs:comment>
    <rdfs:comment xml:lang="nl">De Scuola Grande di San Rocco is een school naast de kerk San Rocco in Venetië.</rdfs:comment>
    <rdfs:comment xml:lang="fr">La Scuola Grande de San Rocco fut l&#39;une des plus riches Scuole de Venise, une institution prestigieuse reconnue par le Conseil des Dix, dont le rôle a été de lutter contre les épidémies de peste et destinée à aider la population. Scuola Grande de San RoccoScuola Grande de San Rocco</rdfs:comment>
    <rdfs:comment xml:lang="es">La Scuola Grande di San Rocco se encuentra en Campo San Rocco en Venecia. Era una confraternidad formada por ciudadanos venecianos en 1478 que se hizo particularmente próspera a principios del siglo XVI. Fue creada para asistir a los ciudadanos en tiempos de plaga. San Roque, cuyas reliquias se guardan en la vecina iglesia de San Roque, fue declarado santo patrón de la ciudad en 1576. Cada año, en su día festivo (16 de agosto), el Dogo de Venecia hacía una peregrinación a la iglesia.</rdfs:comment>
    <rdfs:comment xml:lang="it">La Scuola Grande di San Rocco è un antico edificio di Venezia, situato nel sestiere di San Polo, in Campo San Rocco.</rdfs:comment>
    <dbpedia-owl:thumbnail rdf:resource="http://upload.wikimedia.org/wikipedia/commons/thumb/0/06/Venezia_scuola_di_san_rocco_2.JPG/200px-Venezia_scuola_di_san_rocco_2.JPG" />
    <dbpedia-owl:wikiPageExternalLink rdf:resource="http://www.scuolagrandesanrocco.it/" />
    <foaf:homepage rdf:resource="http://www.scuolagrandesanrocco.it/" />
    <geo:geometry rdf:datatype="http://www.openlinksw.com/schemas/virtrdf#Geometry">POINT(12.325 45.4366)</geo:geometry>
    <foaf:isPrimaryTopicOf rdf:resource="http://en.wikipedia.org/wiki/Scuola_Grande_di_San_Rocco" />
    <geo:long rdf:datatype="http://www.w3.org/2001/XMLSchema#float">12.325</geo:long>
    <geo:lat rdf:datatype="http://www.w3.org/2001/XMLSchema#float">45.4366</geo:lat>
    <ns8:wasDerivedFrom rdf:resource="http://en.wikipedia.org/wiki/Scuola_Grande_di_San_Rocco?oldid=540742927" />
    <grs:point xml:lang="en">45.4366 12.325</grs:point>
    <dbpprop:hasPhotoCollection rdf:resource="http://wifo5-03.informatik.uni-mannheim.de/flickrwrappr/photos/Scuola_Grande_di_San_Rocco" />
  </rdf:Description>
  <rdf:Description rdf:about="http://es.dbpedia.org/resource/Scuola_Grande_di_San_Rocco">
    <owl:sameAs rdf:resource="http://dbpedia.org/resource/Scuola_Grande_di_San_Rocco" />
  </rdf:Description>
  <rdf:Description rdf:about="http://de.dbpedia.org/resource/Scuola_Grande_di_San_Rocco">
    <owl:sameAs rdf:resource="http://dbpedia.org/resource/Scuola_Grande_di_San_Rocco" />
  </rdf:Description>
  <rdf:Description rdf:about="http://dbpedia.org/resource/Scuola_di_San_Rocco">
    <dbpedia-owl:wikiPageRedirects rdf:resource="http://dbpedia.org/resource/Scuola_Grande_di_San_Rocco" />
  </rdf:Description>
  <rdf:Description rdf:about="http://nl.dbpedia.org/resource/Scuola_Grande_di_San_Rocco">
    <owl:sameAs rdf:resource="http://dbpedia.org/resource/Scuola_Grande_di_San_Rocco" />
  </rdf:Description>
  <rdf:Description rdf:about="http://wikidata.dbpedia.org/resource/Q1270723">
    <owl:sameAs rdf:resource="http://dbpedia.org/resource/Scuola_Grande_di_San_Rocco" />
  </rdf:Description>
  <rdf:Description rdf:about="http://be.dbpedia.org/resource/Скуола_Сан-Рока">
    <owl:sameAs rdf:resource="http://dbpedia.org/resource/Scuola_Grande_di_San_Rocco" />
  </rdf:Description>
  <rdf:Description rdf:about="http://fur.dbpedia.org/resource/Scuele_Grande_di_San_Roc_di_Vignesie">
    <owl:sameAs rdf:resource="http://dbpedia.org/resource/Scuola_Grande_di_San_Rocco" />
  </rdf:Description>
  <rdf:Description rdf:about="http://vec.dbpedia.org/resource/Céxa_de_San_Roco">
    <owl:sameAs rdf:resource="http://dbpedia.org/resource/Scuola_Grande_di_San_Rocco" />
  </rdf:Description>
</rdf:RDF>
