<?xml version="1.0" encoding="utf-8" ?>
<rdf:RDF
	xmlns:rdf="http://www.w3.org/1999/02/22-rdf-syntax-ns#"
	xmlns:rdfs="http://www.w3.org/2000/01/rdf-schema#"
	xmlns:owl="http://www.w3.org/2002/07/owl#"
	xmlns:dcterms="http://purl.org/dc/terms/"
	xmlns:dbpedia-owl="http://dbpedia.org/ontology/"
	xmlns:foaf="http://xmlns.com/foaf/0.1/"
	xmlns:dbpprop="http://dbpedia.org/property/"
	xmlns:geo="http://www.w3.org/2003/01/geo/wgs84_pos#"
	xmlns:ns8="http://www.w3.org/ns/prov#"
	xmlns:grs="http://www.georss.org/georss/" >
  <rdf:Description rdf:about="http://ja.dbpedia.org/resource/セセッション館">
    <owl:sameAs rdf:resource="http://dbpedia.org/resource/Secession_hall_(Austria)" />
  </rdf:Description>
  <rdf:Description rdf:about="http://pl.dbpedia.org/resource/Budynek_Secesji_w_Wiedniu">
    <owl:sameAs rdf:resource="http://dbpedia.org/resource/Secession_hall_(Austria)" />
  </rdf:Description>
  <rdf:Description rdf:about="http://dbpedia.org/resource/Beethoven_Frieze">
    <dbpedia-owl:museum rdf:resource="http://dbpedia.org/resource/Secession_hall_(Austria)" />
    <dbpprop:museum rdf:resource="http://dbpedia.org/resource/Secession_hall_(Austria)" />
  </rdf:Description>
  <rdf:Description rdf:about="http://it.dbpedia.org/resource/Palazzo_della_Secessione">
    <owl:sameAs rdf:resource="http://dbpedia.org/resource/Secession_hall_(Austria)" />
  </rdf:Description>
  <rdf:Description rdf:about="http://ko.dbpedia.org/resource/빈_분리파_전시관">
    <owl:sameAs rdf:resource="http://dbpedia.org/resource/Secession_hall_(Austria)" />
  </rdf:Description>
  <rdf:Description rdf:about="http://dbpedia.org/resource/Secession_hall_(Austria)">
    <rdf:type rdf:resource="http://dbpedia.org/ontology/ArchitecturalStructure" />
    <rdf:type rdf:resource="http://dbpedia.org/ontology/Place" />
    <rdf:type rdf:resource="http://www.opengis.net/gml/_Feature" />
    <rdf:type rdf:resource="http://www.w3.org/2002/07/owl#Thing" />
    <rdf:type rdf:resource="http://dbpedia.org/ontology/Building" />
    <rdf:type rdf:resource="http://dbpedia.org/class/yago/Object100002684" />
    <rdf:type rdf:resource="http://schema.org/Place" />
    <rdf:type rdf:resource="http://dbpedia.org/class/yago/Whole100003553" />
    <rdf:type rdf:resource="http://dbpedia.org/class/yago/PhysicalEntity100001930" />
    <rdf:type rdf:resource="http://dbpedia.org/class/yago/BuildingsAndStructuresInInnereStadt" />
    <rdf:type rdf:resource="http://dbpedia.org/class/yago/YagoGeoEntity" />
    <rdf:type rdf:resource="http://dbpedia.org/class/yago/Building102913152" />
    <rdf:type rdf:resource="http://dbpedia.org/class/yago/Artifact100021939" />
    <rdf:type rdf:resource="http://dbpedia.org/class/yago/Structure104341686" />
    <rdf:type rdf:resource="http://dbpedia.org/class/yago/YagoPermanentlyLocatedEntity" />
    <owl:sameAs rdf:resource="http://uk.dbpedia.org/resource/Будинок_сецесіону" />
    <owl:sameAs rdf:resource="http://ko.dbpedia.org/resource/빈_분리파_전시관" />
    <owl:sameAs rdf:resource="http://zh.dbpedia.org/resource/分离派展览馆" />
    <owl:sameAs rdf:resource="http://hr.dbpedia.org/resource/Zgrada_bečke_secesije" />
    <owl:sameAs rdf:resource="http://rdf.freebase.com/ns/m.043r2v1" />
    <owl:sameAs rdf:resource="http://ja.dbpedia.org/resource/セセッション館" />
    <owl:sameAs rdf:resource="http://es.dbpedia.org/resource/Pabellón_de_la_Secesión" />
    <owl:sameAs rdf:resource="http://ru.dbpedia.org/resource/Дом_сецессиона" />
    <owl:sameAs rdf:resource="http://bar.dbpedia.org/resource/Weana_Secessionsgebaide" />
    <owl:sameAs rdf:resource="http://it.dbpedia.org/resource/Palazzo_della_Secessione" />
    <owl:sameAs rdf:resource="http://de.dbpedia.org/resource/Wiener_Secessionsgebäude" />
    <owl:sameAs rdf:resource="http://yago-knowledge.org/resource/Secession_hall_(Austria)" />
    <owl:sameAs rdf:resource="http://sk.dbpedia.org/resource/Ausstellungsgebäude_der_Wiener_Secession" />
    <owl:sameAs rdf:resource="http://pl.dbpedia.org/resource/Budynek_Secesji_w_Wiedniu" />
    <owl:sameAs rdf:resource="http://fr.dbpedia.org/resource/Palais_de_la_Sécession" />
    <owl:sameAs rdf:resource="http://ro.dbpedia.org/resource/Clădirea_Secession_din_Viena" />
    <owl:sameAs rdf:resource="http://nl.dbpedia.org/resource/Secessionsgebouw" />
    <owl:sameAs rdf:resource="http://hu.dbpedia.org/resource/Szecessziós_ház_(Bécs)" />
    <owl:sameAs rdf:resource="http://dbpedia.org/resource/Secession_hall_(Austria)" />
    <owl:sameAs rdf:resource="http://www.wikidata.org/entity/Q265129" />
    <dcterms:subject rdf:resource="http://dbpedia.org/resource/Category:Buildings_and_structures_in_Innere_Stadt" />
    <dcterms:subject rdf:resource="http://dbpedia.org/resource/Category:Art_museums_and_galleries_in_Vienna" />
    <dcterms:subject rdf:resource="http://dbpedia.org/resource/Category:Art_museums_established_in_1897" />
    <dcterms:subject rdf:resource="http://dbpedia.org/resource/Category:1897_establishments_in_Austria" />
    <dcterms:subject rdf:resource="http://dbpedia.org/resource/Category:Art_Nouveau" />
    <dbpedia-owl:abstract xml:lang="de">Das Ausstellungsgebäude der Wiener Secession, umgangssprachlich einfach Secession genannt, wurde 1897/98 von Joseph Maria Olbrich als Ausstellungsgebäude für zeitgenössische Kunst errichtet, wozu es noch heute dient. Es ist eines der bedeutendsten Gebäude des österreichischen Secessionsstils.</dbpedia-owl:abstract>
    <dbpedia-owl:abstract xml:lang="nl">Het Secessionsgebouw in Wenen werd in 1898 ontworpen door de architect Joseph Maria Olbrich. Het was de plek waar de kunstenaars van de Secession-stroming, de Oostenrijkse variant van de jugendstil, bij elkaar kwamen. Het Secessionsgebouw bevindt zich ongeveer aan de rand van de Karlsplatz en het begin van de Naschmarkt. Aangezien dit mensen waren die zich van de “Akademie” hadden afgescheiden was het ontwerp bedoeld om de draak te steken met de ideeën van het classicisme. In het decoratieprogramma is de laurier het centrale thema. Zo bestaat de koepel uit duizenden vergulde laurierbladeren en honderden laurierbessen. In de volksmond kreeg de koepel al gauw de bijnaam &#39;de vergulde kool&#39;. Op de buitenkant van het gebouw is het motto van de Wiener Secessioniten aangebracht ("Der Zeit ihre Kunst/ der Kunst ihre Freiheit"). Deze spreuk is afkomstig van Ludwig Hevesi (1843 - 1910), een Oostenrijks schrijver en journalist. Ook staat links van de ingang een verwijzing naar het blad van de vereniging ("Ver Sacrum"). Naar verluidt heeft Gustav Klimt de naam van dit tijdschrift ontleend aan het gelijknamige gedicht uit 1820 van Ludwig Uhland (1787 - 1862). Op de muren van een van de binnenruimtes schilderde Gustav Klimt in 1902 het Beethovenfries.</dbpedia-owl:abstract>
    <dbpedia-owl:abstract xml:lang="it">Il Palazzo della Secessione (in tedesco Wiener Secessionsgebäude) è un edificio, dalle forme originali, situato a Vienna e costruito come sede delle esposizioni degli artisti della Secessione viennese.</dbpedia-owl:abstract>
    <dbpedia-owl:abstract xml:lang="ja">セセッション館（セセッションかん、独：Secessionsgebäude）、または、分離派会館（ぶんりはかいかん）は、オーストリア・ウィーンにあるウィーン分離派（セセッション）の展示施設。建築家ヨゼフ・マリア・オルブリッヒの設計により、1897年から1898年にかけて建設された。</dbpedia-owl:abstract>
    <dbpedia-owl:abstract xml:lang="zh">分离派展览馆（Wiener Secessionsgebäude）是奥地利维也纳的一座建筑，由约瑟夫·马里亚·欧尔布里希（Joseph Maria Olbrich）兴建于1897年，作为维也纳分离派的建筑宣言和展览馆。维也纳分离派指一批从历史悠久的美术机构分离出去的反叛艺术家。 这座建筑最著名的藏品是收藏在底层的古斯塔夫·克林姆名作《贝多芬横饰带》（Beethovenfries），这是最为人熟知的分离派风格的艺术品（新艺术运动的分支）。 分离派运动的格言写在展览馆的入口上方：“每个时代有它自己的艺术，艺术有它的自由”（德语： "Der Zeit ihre Kunst. Der Kunst ihre Freiheit"）。在它下面是一个雕塑，上面有3个戈耳工，分别代表绘画、雕塑和建筑。 这座建筑被选为奥地利黄金收藏家的硬币一个主要主题：100欧元分离派纪念币，在2004年11月10日铸造。在正面一侧有分离派展览馆的图像。</dbpedia-owl:abstract>
    <dbpedia-owl:abstract xml:lang="es">El Pabellón de exposiciones de la Secesión vienesa, llamado normalmente la Secesión, fue erigido por Joseph Maria Olbrich entre 1897 y 1898, y constituye uno de los más importantes edificios construidos en el estilo Secesión vienesa o modernismo vienés. La construcción fue sufragada en gran parte por los artistas, mientras que el ayuntamiento vienés ofreció el solar de forma gratuita, según se dice tras conversación privada entre Josef Engelhart y el alcalde Karl Lueger. Para la ciudad, la construcción del edificio debería haber sido acompañada de la regulación del río Viena y la reforma de la Karlsplatz, pero el plan no se completó, y finalmente se abrió una avenida entre la Karlskirche y el Pabellón de la Secesión. En el plano formal, el Pabellón toma un elemento de la Karlskirche: la cúpula dorada (en forma de hojarasca, hecha de bronce dorado), llamada popularmente "el repollo" (Krauthappel). Bajo la cúpula se lee en letras también doradas el lema de la Secesión: Der Zeit ihre Kunst, der Kunst ihre Freiheit (A cada tiempo su arte, a cada arte su libertad), del escritor y crítico de arte judeohúngaro Ludwig Hevesi. A la izquierda de la entrada se encuentra un segundo lema: Ver Sacrum (Primavera Sagrada), que expresa la esperanza en un nuevo florecimiento del arte. El edificio se alza sobre columnas de cemento de ocho metros de profundidad, que se hunden en el arroyo Ottakringer, corriente subterránea que confluye en el río Viena no lejos de allí. Gustav Klimt, como presidente del movimiento, ejerció una gran influencia en atemperar los exuberantes planos iniciales de Olbrich. Su Friso de Beethoven (1902), inicialmente una creación temporal para una exposición de la Secesión, se exhibe hoy en día de forma permanente en la planta baja. Las puertas de bronce de la entrada fueron diseñadas por Georg Klimt, hermano de Gustav. A la derecha del edificio se encuentra una estatua de bronce de Marco Antonio, obra de Arthur Strasser. El general romano se muestra en ella como un ser perezoso y decadente, quizá en referencia al ambiente de Fin de siècle. 		 			Secession01. jpg 			 Fachada</dbpedia-owl:abstract>
    <dbpedia-owl:abstract xml:lang="pl">Budynek Secesji w Wiedniu został wzniesiony w latach 1898-1899 przez Josepha Marię Olbricha. Budynek został wybudowany z inicjatywy grupy młodych wiedeńskich artystów, którzy powołali w 1897 stowarzyszenie Secesja Wiedeńska. Należeli do niego m. in. Gustav Klimt, Josef Hoffmann, Koloman Moser i Joseph Maria Olbrich. Budynek stał się jednym z symboli nowego nurtu w sztuce - secesji i wzorem jej architektury.</dbpedia-owl:abstract>
    <dbpedia-owl:abstract xml:lang="ru">Выставочный павильон Венского сецессиона — Дом сецессиона, часто называемый «Сецессионом», был построен в 1897—1898 гг. Йозефом Мария Ольбрихом. Это один из наиболее значимых архитектурных памятников австрийского модерна, известного также как Сецессион. Большую часть расходов на строительство взяли на себя сами художники, город бесплатно предоставил земельный участок. Для города возведение здания связывалось с обустройством реки Вены и новым обликом площади Карлсплац. Но эти планы, как и план разбить аллею между церковью Карлскирхе и Домом сецессиона, не были реализованы. Формально благодаря своему золотому куполу, получившему в народе название «капустный кочан», новое здание дополняет церковь Карлскирхе. Под куполом красуется выполненный золотом девиз Сецессиона: «Времени — его искусство, искусству — его свободу» (нем.  Der Zeit Ihre Kunst. Der Kunst Ihre Freiheit), автором которого является Людвиг Хевези. Левее входной двери разместился второй девиз «Ver Sacrum», который отражал надежды на новый расцвет искусства. Здание опирается на восьмиметровые бетонные колонны, которые доходят в глубину до протекающего здесь под землей ручья Оттакрингер, впадающего недалеко от этого места в реку Вену. 		 			Secession Vienna June 2006 011. jpg 			 Времени - его искусствоИскусству - его свободу 			 		 		 			Secession Vienna June 2006 015. jpg 			 Садовый горшок с ножками в виде черепах</dbpedia-owl:abstract>
    <dbpedia-owl:abstract xml:lang="en">The Secession building is an exhibition hall built in 1897 by Joseph Maria Olbrich as an architectural manifesto for the Vienna Secession, located in Vienna, Austria. Secession refers to the seceding of a group of rebel artists from the long-established fine art institution.</dbpedia-owl:abstract>
    <dbpedia-owl:abstract xml:lang="fr">Le palais de la Sécession a été construit à Vienne, en Autriche, par Joseph Maria Olbrich en 1897. Il s&#39;agissait alors d&#39;un manifeste architectural et d&#39;une salle d&#39;exposition pour le groupe de la Sécession. La Sécession viennoise est un groupe d&#39;artistes rebelles envers la conception ancienne des arts.</dbpedia-owl:abstract>
    <dbpedia-owl:architect rdf:resource="http://dbpedia.org/resource/Joseph_Maria_Olbrich" />
    <dbpedia-owl:architecturalStyle rdf:resource="http://dbpedia.org/resource/Art_Nouveau" />
    <dbpedia-owl:location rdf:resource="http://dbpedia.org/resource/Vienna" />
    <dbpedia-owl:location rdf:resource="http://dbpedia.org/resource/Austria" />
    <dbpedia-owl:wikiPageID rdf:datatype="http://www.w3.org/2001/XMLSchema#integer">17378348</dbpedia-owl:wikiPageID>
    <dbpedia-owl:wikiPageRevisionID rdf:datatype="http://www.w3.org/2001/XMLSchema#integer">545325880</dbpedia-owl:wikiPageRevisionID>
    <rdfs:label xml:lang="nl">Secessionsgebouw</rdfs:label>
    <rdfs:label xml:lang="de">Wiener Secessionsgebäude</rdfs:label>
    <rdfs:label xml:lang="es">Pabellón de la Secesión</rdfs:label>
    <rdfs:label xml:lang="ja">セセッション館</rdfs:label>
    <rdfs:label xml:lang="ru">Дом сецессиона</rdfs:label>
    <rdfs:label xml:lang="fr">Palais de la Sécession</rdfs:label>
    <rdfs:label xml:lang="en">Secession hall (Austria)</rdfs:label>
    <rdfs:label xml:lang="zh">分离派展览馆</rdfs:label>
    <rdfs:label xml:lang="it">Palazzo della Secessione</rdfs:label>
    <rdfs:label xml:lang="pl">Budynek Secesji w Wiedniu</rdfs:label>
    <foaf:depiction rdf:resource="http://upload.wikimedia.org/wikipedia/commons/6/63/Secession_Vienna_June_2006_017.jpg" />
    <rdfs:comment xml:lang="fr">Le palais de la Sécession a été construit à Vienne, en Autriche, par Joseph Maria Olbrich en 1897. Il s&#39;agissait alors d&#39;un manifeste architectural et d&#39;une salle d&#39;exposition pour le groupe de la Sécession. La Sécession viennoise est un groupe d&#39;artistes rebelles envers la conception ancienne des arts.</rdfs:comment>
    <rdfs:comment xml:lang="zh">分离派展览馆（Wiener Secessionsgebäude）是奥地利维也纳的一座建筑，由约瑟夫·马里亚·欧尔布里希（Joseph Maria Olbrich）兴建于1897年，作为维也纳分离派的建筑宣言和展览馆。维也纳分离派指一批从历史悠久的美术机构分离出去的反叛艺术家。 这座建筑最著名的藏品是收藏在底层的古斯塔夫·克林姆名作《贝多芬横饰带》（Beethovenfries），这是最为人熟知的分离派风格的艺术品（新艺术运动的分支）。 分离派运动的格言写在展览馆的入口上方：“每个时代有它自己的艺术，艺术有它的自由”（德语： "Der Zeit ihre Kunst. Der Kunst ihre Freiheit"）。在它下面是一个雕塑，上面有3个戈耳工，分别代表绘画、雕塑和建筑。 这座建筑被选为奥地利黄金收藏家的硬币一个主要主题：100欧元分离派纪念币，在2004年11月10日铸造。在正面一侧有分离派展览馆的图像。</rdfs:comment>
    <rdfs:comment xml:lang="ru">Выставочный павильон Венского сецессиона — Дом сецессиона, часто называемый «Сецессионом», был построен в 1897—1898 гг. Йозефом Мария Ольбрихом. Это один из наиболее значимых архитектурных памятников австрийского модерна, известного также как Сецессион. Большую часть расходов на строительство взяли на себя сами художники, город бесплатно предоставил земельный участок. Для города возведение здания связывалось с обустройством реки Вены и новым обликом площади Карлсплац.</rdfs:comment>
    <rdfs:comment xml:lang="de">Das Ausstellungsgebäude der Wiener Secession, umgangssprachlich einfach Secession genannt, wurde 1897/98 von Joseph Maria Olbrich als Ausstellungsgebäude für zeitgenössische Kunst errichtet, wozu es noch heute dient. Es ist eines der bedeutendsten Gebäude des österreichischen Secessionsstils.</rdfs:comment>
    <rdfs:comment xml:lang="es">El Pabellón de exposiciones de la Secesión vienesa, llamado normalmente la Secesión, fue erigido por Joseph Maria Olbrich entre 1897 y 1898, y constituye uno de los más importantes edificios construidos en el estilo Secesión vienesa o modernismo vienés. La construcción fue sufragada en gran parte por los artistas, mientras que el ayuntamiento vienés ofreció el solar de forma gratuita, según se dice tras conversación privada entre Josef Engelhart y el alcalde Karl Lueger.</rdfs:comment>
    <rdfs:comment xml:lang="nl">Het Secessionsgebouw in Wenen werd in 1898 ontworpen door de architect Joseph Maria Olbrich. Het was de plek waar de kunstenaars van de Secession-stroming, de Oostenrijkse variant van de jugendstil, bij elkaar kwamen. Het Secessionsgebouw bevindt zich ongeveer aan de rand van de Karlsplatz en het begin van de Naschmarkt. Aangezien dit mensen waren die zich van de “Akademie” hadden afgescheiden was het ontwerp bedoeld om de draak te steken met de ideeën van het classicisme.</rdfs:comment>
    <rdfs:comment xml:lang="it">Il Palazzo della Secessione (in tedesco Wiener Secessionsgebäude) è un edificio, dalle forme originali, situato a Vienna e costruito come sede delle esposizioni degli artisti della Secessione viennese.</rdfs:comment>
    <rdfs:comment xml:lang="en">The Secession building is an exhibition hall built in 1897 by Joseph Maria Olbrich as an architectural manifesto for the Vienna Secession, located in Vienna, Austria. Secession refers to the seceding of a group of rebel artists from the long-established fine art institution.</rdfs:comment>
    <rdfs:comment xml:lang="pl">Budynek Secesji w Wiedniu został wzniesiony w latach 1898-1899 przez Josepha Marię Olbricha. Budynek został wybudowany z inicjatywy grupy młodych wiedeńskich artystów, którzy powołali w 1897 stowarzyszenie Secesja Wiedeńska. Należeli do niego m. in. Gustav Klimt, Josef Hoffmann, Koloman Moser i Joseph Maria Olbrich. Budynek stał się jednym z symboli nowego nurtu w sztuce - secesji i wzorem jej architektury.</rdfs:comment>
    <rdfs:comment xml:lang="ja">セセッション館（セセッションかん、独：Secessionsgebäude）、または、分離派会館（ぶんりはかいかん）は、オーストリア・ウィーンにあるウィーン分離派（セセッション）の展示施設。建築家ヨゼフ・マリア・オルブリッヒの設計により、1897年から1898年にかけて建設された。</rdfs:comment>
    <foaf:name xml:lang="en">Secession building</foaf:name>
    <foaf:name xml:lang="en">Wiener Secessionsgebäude</foaf:name>
    <dbpedia-owl:thumbnail rdf:resource="http://upload.wikimedia.org/wikipedia/commons/thumb/6/63/Secession_Vienna_June_2006_017.jpg/200px-Secession_Vienna_June_2006_017.jpg" />
    <dbpedia-owl:wikiPageExternalLink rdf:resource="http://www.secession.at" />
    <dbpprop:architect rdf:resource="http://dbpedia.org/resource/Joseph_Maria_Olbrich" />
    <dbpprop:architecturalStyle rdf:resource="http://dbpedia.org/resource/Art_Nouveau" />
    <dbpprop:buildingType xml:lang="en">Exhibition pavilion</dbpprop:buildingType>
    <dbpprop:caption xml:lang="en">Secession Building</dbpprop:caption>
    <dbpprop:completionDate rdf:datatype="http://www.w3.org/2001/XMLSchema#integer">1898</dbpprop:completionDate>
    <dbpprop:location rdf:resource="http://dbpedia.org/resource/Austria" />
    <dbpprop:location rdf:resource="http://dbpedia.org/resource/Vienna" />
    <dbpprop:name xml:lang="en">Secession building</dbpprop:name>
    <dbpprop:nativeName xml:lang="en">Wiener Secessionsgebäude</dbpprop:nativeName>
    <dbpprop:otherDesigners rdf:resource="http://dbpedia.org/resource/Gustav_Klimt" />
    <dbpprop:otherDesigners rdf:resource="http://dbpedia.org/resource/Koloman_Moser" />
    <dbpprop:startDate rdf:datatype="http://www.w3.org/2001/XMLSchema#integer">1897</dbpprop:startDate>
    <geo:geometry rdf:datatype="http://www.openlinksw.com/schemas/virtrdf#Geometry">POINT(16.3657 48.2005)</geo:geometry>
    <foaf:isPrimaryTopicOf rdf:resource="http://en.wikipedia.org/wiki/Secession_hall_(Austria)" />
    <geo:long rdf:datatype="http://www.w3.org/2001/XMLSchema#float">16.3657</geo:long>
    <geo:lat rdf:datatype="http://www.w3.org/2001/XMLSchema#float">48.2005</geo:lat>
    <ns8:wasDerivedFrom rdf:resource="http://en.wikipedia.org/wiki/Secession_hall_(Austria)?oldid=545325880" />
    <grs:point xml:lang="en">48.200516666666665 16.365675</grs:point>
    <dbpprop:hasPhotoCollection rdf:resource="http://wifo5-03.informatik.uni-mannheim.de/flickrwrappr/photos/Secession_hall_(Austria)" />
  </rdf:Description>
  <rdf:Description rdf:about="http://dbpedia.org/resource/Joseph_Maria_Olbrich">
    <dbpedia-owl:significantBuilding rdf:resource="http://dbpedia.org/resource/Secession_hall_(Austria)" />
    <dbpprop:significantBuildings rdf:resource="http://dbpedia.org/resource/Secession_hall_(Austria)" />
  </rdf:Description>
  <rdf:Description rdf:about="http://de.dbpedia.org/resource/Wiener_Secessionsgebäude">
    <owl:sameAs rdf:resource="http://dbpedia.org/resource/Secession_hall_(Austria)" />
  </rdf:Description>
  <rdf:Description rdf:about="http://es.dbpedia.org/resource/Pabellón_de_la_Secesión">
    <owl:sameAs rdf:resource="http://dbpedia.org/resource/Secession_hall_(Austria)" />
  </rdf:Description>
  <rdf:Description rdf:about="http://fr.dbpedia.org/resource/Palais_de_la_Sécession">
    <owl:sameAs rdf:resource="http://dbpedia.org/resource/Secession_hall_(Austria)" />
  </rdf:Description>
  <rdf:Description rdf:about="http://ru.dbpedia.org/resource/Дом_сецессиона">
    <owl:sameAs rdf:resource="http://dbpedia.org/resource/Secession_hall_(Austria)" />
  </rdf:Description>
  <rdf:Description rdf:about="http://dbpedia.org/resource/Secession_Hall">
    <dbpedia-owl:wikiPageDisambiguates rdf:resource="http://dbpedia.org/resource/Secession_hall_(Austria)" />
  </rdf:Description>
  <rdf:Description rdf:about="http://en.wikipedia.org/wiki/Secession_hall_(Austria)">
    <foaf:primaryTopic rdf:resource="http://dbpedia.org/resource/Secession_hall_(Austria)" />
  </rdf:Description>
  <rdf:Description rdf:about="http://nl.dbpedia.org/resource/Secessionsgebouw">
    <owl:sameAs rdf:resource="http://dbpedia.org/resource/Secession_hall_(Austria)" />
  </rdf:Description>
  <rdf:Description rdf:about="http://wikidata.dbpedia.org/resource/Q265129">
    <owl:sameAs rdf:resource="http://dbpedia.org/resource/Secession_hall_(Austria)" />
  </rdf:Description>
  <rdf:Description rdf:about="http://zh.dbpedia.org/resource/分离派展览馆">
    <owl:sameAs rdf:resource="http://dbpedia.org/resource/Secession_hall_(Austria)" />
  </rdf:Description>
  <rdf:Description rdf:about="http://bar.dbpedia.org/resource/Weana_Secessionsgebaide">
    <owl:sameAs rdf:resource="http://dbpedia.org/resource/Secession_hall_(Austria)" />
  </rdf:Description>
  <rdf:Description rdf:about="http://hr.dbpedia.org/resource/Zgrada_bečke_secesije">
    <owl:sameAs rdf:resource="http://dbpedia.org/resource/Secession_hall_(Austria)" />
  </rdf:Description>
  <rdf:Description rdf:about="http://hu.dbpedia.org/resource/Szecessziós_ház_(Bécs)">
    <owl:sameAs rdf:resource="http://dbpedia.org/resource/Secession_hall_(Austria)" />
  </rdf:Description>
  <rdf:Description rdf:about="http://ro.dbpedia.org/resource/Clădirea_Secession_din_Viena">
    <owl:sameAs rdf:resource="http://dbpedia.org/resource/Secession_hall_(Austria)" />
  </rdf:Description>
  <rdf:Description rdf:about="http://sk.dbpedia.org/resource/Ausstellungsgebäude_der_Wiener_Secession">
    <owl:sameAs rdf:resource="http://dbpedia.org/resource/Secession_hall_(Austria)" />
  </rdf:Description>
  <rdf:Description rdf:about="http://uk.dbpedia.org/resource/Будинок_сецесіону">
    <owl:sameAs rdf:resource="http://dbpedia.org/resource/Secession_hall_(Austria)" />
  </rdf:Description>
</rdf:RDF>
