<?xml version="1.0" encoding="utf-8" ?>
<rdf:RDF
	xmlns:rdf="http://www.w3.org/1999/02/22-rdf-syntax-ns#"
	xmlns:rdfs="http://www.w3.org/2000/01/rdf-schema#"
	xmlns:owl="http://www.w3.org/2002/07/owl#"
	xmlns:dcterms="http://purl.org/dc/terms/"
	xmlns:dbpedia-owl="http://dbpedia.org/ontology/"
	xmlns:foaf="http://xmlns.com/foaf/0.1/"
	xmlns:dbpprop="http://dbpedia.org/property/"
	xmlns:geo="http://www.w3.org/2003/01/geo/wgs84_pos#"
	xmlns:ns8="http://www.w3.org/ns/prov#"
	xmlns:grs="http://www.georss.org/georss/" >
  <rdf:Description rdf:about="http://dbpedia.org/resource/Papal_conclave,_1958">
    <dbpprop:location rdf:resource="http://dbpedia.org/resource/Sistine_Chapel" />
  </rdf:Description>
  <rdf:Description rdf:about="http://dbpedia.org/resource/Papal_conclave,_1963">
    <dbpprop:location rdf:resource="http://dbpedia.org/resource/Sistine_Chapel" />
  </rdf:Description>
  <rdf:Description rdf:about="http://dbpedia.org/resource/Papal_conclave,_1914">
    <dbpprop:location rdf:resource="http://dbpedia.org/resource/Sistine_Chapel" />
  </rdf:Description>
  <rdf:Description rdf:about="http://dbpedia.org/resource/Last_Supper_(Rosselli)">
    <dbpedia-owl:museum rdf:resource="http://dbpedia.org/resource/Sistine_Chapel" />
  </rdf:Description>
  <rdf:Description rdf:about="http://dbpedia.org/resource/Cappella_Sistina">
    <dbpedia-owl:wikiPageRedirects rdf:resource="http://dbpedia.org/resource/Sistine_Chapel" />
  </rdf:Description>
  <rdf:Description rdf:about="http://dbpedia.org/resource/Sixteen_Chapel">
    <dbpedia-owl:wikiPageRedirects rdf:resource="http://dbpedia.org/resource/Sistine_Chapel" />
  </rdf:Description>
  <rdf:Description rdf:about="http://ru.dbpedia.org/resource/Сикстинская_капелла">
    <owl:sameAs rdf:resource="http://dbpedia.org/resource/Sistine_Chapel" />
  </rdf:Description>
  <rdf:Description rdf:about="http://dbpedia.org/resource/Sixtine_Chapel">
    <dbpedia-owl:wikiPageRedirects rdf:resource="http://dbpedia.org/resource/Sistine_Chapel" />
  </rdf:Description>
  <rdf:Description rdf:about="http://dbpedia.org/resource/Prophet_Joel_(Michelangelo)">
    <dbpedia-owl:museum rdf:resource="http://dbpedia.org/resource/Sistine_Chapel" />
    <dbpprop:museum rdf:resource="http://dbpedia.org/resource/Sistine_Chapel" />
  </rdf:Description>
  <rdf:Description rdf:about="http://dbpedia.org/resource/Sistine_Chapel">
    <rdf:type rdf:resource="http://dbpedia.org/class/yago/YagoGeoEntity" />
    <rdf:type rdf:resource="http://dbpedia.org/class/yago/Structure104341686" />
    <rdf:type rdf:resource="http://dbpedia.org/ontology/ArchitecturalStructure" />
    <rdf:type rdf:resource="http://dbpedia.org/class/yago/Whole100003553" />
    <rdf:type rdf:resource="http://dbpedia.org/ontology/Place" />
    <rdf:type rdf:resource="http://www.opengis.net/gml/_Feature" />
    <rdf:type rdf:resource="http://dbpedia.org/class/yago/Object100002684" />
    <rdf:type rdf:resource="http://dbpedia.org/class/yago/Tract108673395" />
    <rdf:type rdf:resource="http://dbpedia.org/ontology/ReligiousBuilding" />
    <rdf:type rdf:resource="http://dbpedia.org/ontology/Building" />
    <rdf:type rdf:resource="http://dbpedia.org/class/yago/Artifact100021939" />
    <rdf:type rdf:resource="http://dbpedia.org/class/yago/YagoLegalActorGeo" />
    <rdf:type rdf:resource="http://dbpedia.org/class/yago/IndividualRooms" />
    <rdf:type rdf:resource="http://dbpedia.org/class/yago/GeographicalArea108574314" />
    <rdf:type rdf:resource="http://dbpedia.org/class/yago/Location100027167" />
    <rdf:type rdf:resource="http://dbpedia.org/class/yago/Region108630985" />
    <rdf:type rdf:resource="http://dbpedia.org/class/yago/YagoPermanentlyLocatedEntity" />
    <rdf:type rdf:resource="http://dbpedia.org/class/yago/Area102735688" />
    <rdf:type rdf:resource="http://dbpedia.org/class/yago/Room104105893" />
    <rdf:type rdf:resource="http://schema.org/Place" />
    <rdf:type rdf:resource="http://dbpedia.org/class/yago/SitesOfPapalElections" />
    <rdf:type rdf:resource="http://dbpedia.org/class/yago/Site108651247" />
    <rdf:type rdf:resource="http://dbpedia.org/class/yago/PhysicalEntity100001930" />
    <rdf:type rdf:resource="http://www.w3.org/2002/07/owl#Thing" />
    <owl:sameAs rdf:resource="http://www.wikidata.org/entity/Q2943" />
    <owl:sameAs rdf:resource="http://br.dbpedia.org/resource/Chapel_Sistina" />
    <owl:sameAs rdf:resource="http://et.dbpedia.org/resource/Sixtuse_kabel" />
    <owl:sameAs rdf:resource="http://lv.dbpedia.org/resource/Siksta_kapela" />
    <owl:sameAs rdf:resource="http://sws.geonames.org/7778930/" />
    <owl:sameAs rdf:resource="http://no.dbpedia.org/resource/Det_sixtinske_kapell" />
    <owl:sameAs rdf:resource="http://da.dbpedia.org/resource/Det_Sixtinske_Kapel" />
    <owl:sameAs rdf:resource="http://dbpedia.org/resource/Sistine_Chapel" />
    <owl:sameAs rdf:resource="http://ca.dbpedia.org/resource/Capella_Sixtina" />
    <owl:sameAs rdf:resource="http://uk.dbpedia.org/resource/Сикстинська_капела" />
    <owl:sameAs rdf:resource="http://ko.dbpedia.org/resource/시스티나_성당" />
    <owl:sameAs rdf:resource="http://pt.dbpedia.org/resource/Capela_Sistina" />
    <owl:sameAs rdf:resource="http://it.dbpedia.org/resource/Cappella_Sistina" />
    <owl:sameAs rdf:resource="http://th.dbpedia.org/resource/โบสถ์น้อยซิสทีน" />
    <owl:sameAs rdf:resource="http://mk.dbpedia.org/resource/Систинска_капела" />
    <owl:sameAs rdf:resource="http://sk.dbpedia.org/resource/Sixtínska_kaplnka" />
    <owl:sameAs rdf:resource="http://rm.dbpedia.org/resource/Chapella_Sistina" />
    <owl:sameAs rdf:resource="http://war.dbpedia.org/resource/Capilya_Sixtina" />
    <owl:sameAs rdf:resource="http://eo.dbpedia.org/resource/Siksta_Kapelo" />
    <owl:sameAs rdf:resource="http://yago-knowledge.org/resource/Sistine_Chapel" />
    <owl:sameAs rdf:resource="http://lij.dbpedia.org/resource/Cappélla_Sistinn-a" />
    <owl:sameAs rdf:resource="http://fr.dbpedia.org/resource/Chapelle_Sixtine" />
    <owl:sameAs rdf:resource="http://is.dbpedia.org/resource/Sixtínska_kapellan" />
    <owl:sameAs rdf:resource="http://ka.dbpedia.org/resource/სიქსტეს_კაპელა" />
    <owl:sameAs rdf:resource="http://fi.dbpedia.org/resource/Sikstuksen_kappeli" />
    <owl:sameAs rdf:resource="http://ru.dbpedia.org/resource/Сикстинская_капелла" />
    <owl:sameAs rdf:resource="http://rdf.freebase.com/ns/m.0kbls" />
    <owl:sameAs rdf:resource="http://sl.dbpedia.org/resource/Sikstinska_kapela" />
    <owl:sameAs rdf:resource="http://he.dbpedia.org/resource/הקפלה_הסיסטינית" />
    <owl:sameAs rdf:resource="http://hr.dbpedia.org/resource/Sikstinska_kapela" />
    <owl:sameAs rdf:resource="http://bs.dbpedia.org/resource/Sikstinska_kapela" />
    <owl:sameAs rdf:resource="http://zh.dbpedia.org/resource/西斯廷小堂" />
    <owl:sameAs rdf:resource="http://ta.dbpedia.org/resource/சிஸ்டைன்_சிற்றாலயம்" />
    <owl:sameAs rdf:resource="http://oc.dbpedia.org/resource/Capèla_Sixtina" />
    <owl:sameAs rdf:resource="http://nl.dbpedia.org/resource/Sixtijnse_Kapel" />
    <owl:sameAs rdf:resource="http://ja.dbpedia.org/resource/システィーナ礼拝堂" />
    <owl:sameAs rdf:resource="http://de.dbpedia.org/resource/Sixtinische_Kapelle" />
    <owl:sameAs rdf:resource="http://az.dbpedia.org/resource/Sikstin_kapellası" />
    <owl:sameAs rdf:resource="http://id.dbpedia.org/resource/Kapel_Sistina" />
    <owl:sameAs rdf:resource="http://vi.dbpedia.org/resource/Nhà_nguyện_Sistina" />
    <owl:sameAs rdf:resource="http://es.dbpedia.org/resource/Capilla_Sixtina" />
    <owl:sameAs rdf:resource="http://gl.dbpedia.org/resource/Capela_Sistina" />
    <owl:sameAs rdf:resource="http://tr.dbpedia.org/resource/Sistine_Şapeli" />
    <owl:sameAs rdf:resource="http://fa.dbpedia.org/resource/کلیسای_سیستین" />
    <owl:sameAs rdf:resource="http://la.dbpedia.org/resource/Sacellum_Sixtinum" />
    <owl:sameAs rdf:resource="http://nrm.dbpedia.org/resource/Chapelle_Sistinne" />
    <owl:sameAs rdf:resource="http://cs.dbpedia.org/resource/Sixtinská_kaple" />
    <owl:sameAs rdf:resource="http://nn.dbpedia.org/resource/Det_sixtinske_kapellet" />
    <owl:sameAs rdf:resource="http://simple.dbpedia.org/resource/Sistine_Chapel" />
    <owl:sameAs rdf:resource="http://sh.dbpedia.org/resource/Sikstinska_kapela" />
    <owl:sameAs rdf:resource="http://eu.dbpedia.org/resource/Kapera_Sixtinoa" />
    <owl:sameAs rdf:resource="http://be.dbpedia.org/resource/Сіксцінская_капэла" />
    <owl:sameAs rdf:resource="http://sw.cyc.com/concept/Mx4rwNowwpwpEbGdrcN5Y29ycA" />
    <owl:sameAs rdf:resource="http://el.dbpedia.org/resource/Καπέλα_Σιξτίνα" />
    <owl:sameAs rdf:resource="http://lt.dbpedia.org/resource/Siksto_koplyčia" />
    <owl:sameAs rdf:resource="http://ku.dbpedia.org/resource/Kapela_Sîkstînî" />
    <owl:sameAs rdf:resource="http://ga.dbpedia.org/resource/Séipéal_Sistíneach" />
    <owl:sameAs rdf:resource="http://bg.dbpedia.org/resource/Сикстинска_капела" />
    <owl:sameAs rdf:resource="http://hu.dbpedia.org/resource/Sixtus-kápolna" />
    <owl:sameAs rdf:resource="http://sv.dbpedia.org/resource/Sixtinska_kapellet" />
    <owl:sameAs rdf:resource="http://ro.dbpedia.org/resource/Capela_Sixtină" />
    <owl:sameAs rdf:resource="http://ar.dbpedia.org/resource/كنيسة_سيستينا" />
    <owl:sameAs rdf:resource="http://sr.dbpedia.org/resource/Сикстинска_капела" />
    <owl:sameAs rdf:resource="http://pl.dbpedia.org/resource/Kaplica_Sykstyńska" />
    <dcterms:subject rdf:resource="http://dbpedia.org/resource/Category:Sites_of_papal_elections" />
    <dcterms:subject rdf:resource="http://dbpedia.org/resource/Category:Individual_rooms" />
    <dcterms:subject rdf:resource="http://dbpedia.org/resource/Category:Sistine_Chapel" />
    <dbpedia-owl:abstract xml:lang="sv">Sixtinska kapellet är påvens privata kapell i Vatikanen. Det används även vid en konklav. Kapellet består av ett långt, enkelt rum täckt av ett tunnvalv med fönsteröppningar, ritat av arkitekten Baccio Pontelli. Det uppfördes 1473-1481 av Sixtus IV. År 1482 bjöd han in en mängd konstnärer för att smycka dess interiör. Bland andra Sandro Botticelli och Pinturicchio har bidragit med fresker. Mest känd är dock Michelangelo, som målade taket (1508-1512) med scener ur skapelsehistorien samt altarväggen med en imposant fresk, som framställer Yttersta domen (1534-1541). Det blev ett centrum för nyskapad körmusik under sena renässansen och tidiga barocken, med en stil som går under namnet romerska skolan. Dess främsta företrädare var Palestrina och Gregorio Allegri. Sixtinska kapellet undergick under 1970- och 80-talen en genomgripande restaurering. 360 graders panoramabild</dbpedia-owl:abstract>
    <dbpedia-owl:abstract xml:lang="fr">La chapelle Sixtine, appelée originellement chapelle de Sixte, est l&#39;une des salles des palais pontificaux du Vatican. À l&#39;heure actuelle, elle fait partie des musées du Vatican. C&#39;est dans la chapelle Sixtine que traditionnellement depuis le XV siècle, les cardinaux réunis en conclave élisent le nouveau pape (des conclaves s&#39;étant tenus également dans la Cappella Parva et le palais du Quirinal), et obligatoirement depuis la constitution apostolique Universi Dominici Gregis édictée par Jean-Paul II en 1996. La plus grande chapelle du Vatican doit son nom au pape Sixte IV, qui la fit bâtir de 1477 à 1483. Elle fut consacrée lors de la fête de l&#39;Assomption, le 15 août 1483. Sa voûte, décorée de fresques achevées par Michel-Ange en quatre ans, fut inaugurée par Jules II le 31 octobre 1512. Le mur du fond comporte une immense fresque illustrant le Jugement dernier, peinte près d&#39;un quart de siècle plus tard par Michel-Ange alors sexagénaire et dévoilée par Paul III, après six ans de travaux, le 1 novembre 1541. Précédée d&#39;une antichambre, la chapelle se situe à l&#39;angle sud-ouest du palais. Elle communique avec les chambres de Raphaël, qui abritent aujourd&#39;hui la collection d&#39;art religieux moderne. Ses architectes présumés sont Baccio Pontelli et Giovannino de&#39; Dolci (it). Elle comprend un souterrain, un entresol et la chapelle proprement dite. Elle est ceinte, en hauteur, d&#39;un chemin de garde défensif. Son plan est très simple : c&#39;est une salle rectangulaire de quelque 40 mètres de long sur 13 mètres de large et 21 mètres de hauteur, coiffée d&#39;une voûte en berceau et éclairée de douze fenêtres cintrées. Le sol est recouvert de marbres polychromes. Une transenne grillagée en marbre, œuvre de Mino da Fiesole, rappelle l&#39;iconostase des orthodoxes ; elle sépare l&#39;espace réservé aux clercs de celui accessible aux laïcs. La chapelle doit sa célébrité à son exceptionnelle décoration peinte, réalisée par les plus grands artistes de la Renaissance, parmi lesquels Michel-Ange, Le Pérugin, Sandro Botticelli, Domenico Ghirlandaio, Cosimo Rosselli et Pinturicchio. Chaque jour, quelques touristes la visitent, avec des pointes de personnes aux périodes d&#39;affluence. Cette concentration humaine provoque de multiples exhalaisons de gaz carbonique et risque, à terme, d&#39;endommager les peintures.</dbpedia-owl:abstract>
    <dbpedia-owl:abstract xml:lang="pt">A Capela Sistina é uma capela situada no Palácio Apostólico, residência oficial do Papa na Cidade do Vaticano. É famosa pela sua arquitetura, inspirada no Templo de Salomão do Antigo Testamento, e sua decoração em afrescos, pintada pelos maiores artistas da Renascença, incluindo Michelangelo, Rafael, Bernini e Sandro Botticelli. A capela tem o seu nome em homenagem ao Papa Sisto IV, que restaurou a antiga Capela Magna, entre 1477 e 1480. Durante este período, uma equipe de pintores que incluiu Pietro Perugino, Sandro Botticelli e Domenico Ghirlandaio criaram uma série de painéis de afrescos que retratam a vida de Moisés e de Cristo, juntamente com retratos papais e da ancestralidade de Jesus. Estas pinturas foram concluídas em 1482, e em 15 de agosto de 1483, Sisto IV consagrou a primeira missa em honra a Nossa Senhora da Assunção. Desde a época de Sisto IV, a capela serviu como um lugar tanto para religiosos, como funcionários para atividades papais. Hoje é o local onde se realiza o conclave, o processo pelo qual um novo Papa é escolhido.</dbpedia-owl:abstract>
    <dbpedia-owl:abstract xml:lang="es">La Capilla Sixtina es la capilla más famosa del Palacio Apostólico de la Ciudad del Vaticano, la residencia oficial del Papa. Se encuentra a la derecha de la Basílica de San Pedro y originalmente servía como capilla de la fortaleza vaticana. Es famosa por su arquitectura, evocadora del Templo de Salomón del Antiguo Testamento, y su decoración al fresco, obra de los más grandes artistas del Renacimiento, incluyendo a Miguel Ángel, Rafael Sanzio y Botticelli. Por orden del papa Julio II, Miguel Ángel decoró la bóveda (1.100 m²) entre 1508 y 1512. A Miguel Ángel no le agradó este encargo, y pensó que su trabajo era sólo para satisfacer la necesidad de grandeza del Papa. Sin embargo, hoy la bóveda y El Juicio Final son considerados como los mayores logros de Miguel Ángel en la pintura. La capilla fue construida entre 1477 y 1480, por orden del papa Sixto IV, de quien toma su nombre, para restaurar la antigua Capilla Magna. Recién terminadas las obras, un grupo de pintores que incluía a Botticelli, Pietro Perugino, Luca Signorelli y Domenico Ghirlandaio pintaron una serie de paneles al fresco sobre la vida de Moisés (a la izquierda del altar, mirando hacia El Juicio Final) y la de Jesucristo (a la derecha del altar), acompañadas por retratos de los Papas que habían gobernado la Iglesia hasta entonces en la zona superior y por cortinas pintadas con trampantojo. Las pinturas fueron concluidas en 1482, y el 15 de agosto de 1483, Sixto IV consagró la capilla a la Asunción de María. Desde la época de Sixto IV, la capilla ha servido como lugar de diversas actividades papales. Hoy es la sede del cónclave, la reunión en la que los cardenales eligen a un nuevo Papa.</dbpedia-owl:abstract>
    <dbpedia-owl:abstract xml:lang="nl">De Sixtijnse Kapel is de bekendste kapel in het Apostolisch Paleis, de residentie van de paus in Vaticaanstad en vaak te bezichtigen als onderdeel van de Vaticaanse musea. Het is een van de bekendste binnenruimten ter wereld, vanwege de beroemde fresco&#39;s van Michelangelo en omdat het de ruimte is waar in het conclaaf de kardinalen bijeenkomen om er een nieuwe paus te kiezen. Voor dit conclaaf wordt op het dak van de kapel een extra schoorsteen geplaatst, waaruit tijdens het conclaaf twee keer per dag rook komt. Dit is afhankelijk van de uitslag van de stemrondes zwarte of witte rook, zodat de mensen op het Sint Pieterplein kunnen zien of er al dan niet een nieuwe paus is gekozen.</dbpedia-owl:abstract>
    <dbpedia-owl:abstract xml:lang="de">Die Sixtinische Kapelle im Vatikan enthält mehrere der berühmtesten Gemälde der Welt. Die Kapelle ist auch der Ort, an dem das Konklave abgehalten wird. Sie liegt unmittelbar nördlich des Petersdoms und ist mit diesem über die Scala Regia verbunden. Für Touristen ist allerdings nur der Eintritt über die Vatikanischen Museen möglich.</dbpedia-owl:abstract>
    <dbpedia-owl:abstract xml:lang="it">La Cappella Sistina, dedicata a Maria Assunta in Cielo, è uno dei più famosi tesori culturali e artistici della Città del Vaticano, inserita all&#39;interno del percorso dei Musei Vaticani. Fu costruita tra il 1475 e il 1481, all&#39;epoca di papa Sisto IV della Rovere, da cui prese il nome. È conosciuta in tutto il globo sia per essere il luogo nel quale si tengono il conclave e altre cerimonie ufficiali del Papa (in passato anche alcune incoronazioni papali), sia per essere decorata con una delle opere d&#39;arte più conosciute e celebrate della civiltà artistica occidentale, gli affreschi di Michelangelo Buonarroti, che ricoprono la volta e la parete di fondo sopra l&#39;altare. Essa è considerata forse la più completa e importante di quella «teologia visiva, che è stata chiamata Biblia pauperum». Le pareti inoltre conservano una serie di affreschi di alcuni dei più grandi artisti italiani della seconda metà del Quattrocento. Esiste anche una "Cappella Sistina" nella basilica di Santa Maria Maggiore a Roma, edificata da Sisto V, e una nella cattedrale di Savona, fatta edificare da Sisto IV come mausoleo per i propri genitori.</dbpedia-owl:abstract>
    <dbpedia-owl:abstract xml:lang="en">Sistine Chapel is the best-known chapel in the Apostolic Palace, the official residence of the Pope in the Vatican City. It is famous for its architecture and its decoration that was frescoed throughout by Renaissance artists including Michelangelo, Sandro Botticelli, Pietro Perugino, Pinturicchio and others. Under the patronage of Pope Julius II, Michelangelo painted 1,100 m of the chapel ceiling between 1508 and 1512. The ceiling, and especially The Last Judgment (1535–1541), is widely believed to be Michelangelo&#39;s crowning achievement in painting. The chapel takes its name from Pope Sixtus IV, who restored the old Cappella Magna between 1477 and 1480. During this period a team of painters that included Pietro Perugino, Sandro Botticelli and Domenico Ghirlandaio created a series of frescoed panels depicting the life of Moses and the life of Christ, offset by papal portraits above and trompe l’oeil drapery below. These paintings were completed in 1482, and on 15 August 1483, Sixtus IV celebrated the first mass in the Sistine Chapel for the Feast of the Assumption, at which ceremony the chapel was consecrated and dedicated to the Virgin Mary. Since the time of Sixtus IV, the chapel has served as a place of both religious and functionary papal activity. Today it is the site of the Papal conclave, the process by which a new Pope is selected.</dbpedia-owl:abstract>
    <dbpedia-owl:abstract xml:lang="ru">Сиксти́нская капе́лла — бывшая домовая церковь в Ватикане. Построена в 1473—1481 годах архитектором Джордже де Дольчи, по заказу папы римского Сикста IV, отсюда и название. Ныне Капелла — музей, выдающийся памятник Возрождения, который используется также для проведения конклавов, на которых кардиналы избирают нового папу римского.</dbpedia-owl:abstract>
    <dbpedia-owl:abstract xml:lang="ja">システィーナ礼拝堂（しすてぃーなれいはいどう、伊: Cappella Sistina）は、ローマ教皇の公邸であるバチカン宮殿にある礼拝堂。サン・ピエトロ大聖堂北隣に位置するその建物とともに、ミケランジェロ、ボッティチェッリ、ペルジーノ、ピントゥリッキオら、盛期ルネサンスを代表する芸術家たちが内装に描いた数々の装飾絵画作品で世界的に有名な礼拝堂である。とくにローマ教皇ユリウス2世の注文でミケランジェロが1508年から1512年にかけて描いた天井画と、ローマ教皇クレメンス7世が注文し、ローマ教皇パウルス3世が完成を命じた、1535年から1541年にかけて描いた『最後の審判』はミケランジェロの絵画作品の頂点とされている。 もともとバチカン宮殿に存在していた古い礼拝堂を1477年から1480年にかけてローマ教皇シクストゥス4世が建て直させた建物で、その教皇名（伊: Sisto IV）にちなんでシスティーナ礼拝堂と名付けられた。この建て直し時には、ペルジーノ、ボッティチェッリ、ギルランダイオらの芸術家たちが、一連の内装フレスコ壁画を手がけている。壁画に描かれているのは『旧約聖書』からの「モーセの生涯の物語」ならびに『新約聖書』からの「キリストの生涯の物語」と、歴代のローマ教皇の肖像画で、これらは1482年から1483年8月にかけて描かれた作品となっている。落成したシスティーナ礼拝堂で最初のミサを執り行ったのはシクストゥス4世だった。このミサは聖母被昇天に捧げられたもので、システィーナ礼拝堂を聖母マリアに奉献することを表明する式典でもあった。 シクストゥス4世以降、システィーナ礼拝堂は宗教的施設とローマ教皇執務室という二つの役割を果たしてきた。現在ではローマ教皇を選出する会議であるコンクラーヴェの会場としても使用されている。</dbpedia-owl:abstract>
    <dbpedia-owl:abstract xml:lang="zh">西斯廷小堂（意大利语：Cappella Sistina；也稱為西斯廷禮拜堂）是一座位於梵蒂岡宗座宮殿內的天主教小堂，紧邻圣伯多禄大殿，以米开朗基罗所绘《创世纪》穹顶画，及壁画《最后的审判》而闻名。這裡也是教宗选举的举行处。</dbpedia-owl:abstract>
    <dbpedia-owl:abstract xml:lang="pl">Kaplica Sykstyńska – papieska kaplica w Pałacu Watykańskim. Budowana w latach 1475-1483 z fundacji papieża Sykstusa IV (stąd jej nazwa).</dbpedia-owl:abstract>
    <dbpedia-owl:wikiPageID rdf:datatype="http://www.w3.org/2001/XMLSchema#integer">77698</dbpedia-owl:wikiPageID>
    <dbpedia-owl:wikiPageRevisionID rdf:datatype="http://www.w3.org/2001/XMLSchema#integer">548483418</dbpedia-owl:wikiPageRevisionID>
    <rdfs:label xml:lang="pt">Capela Sistina</rdfs:label>
    <rdfs:label xml:lang="ja">システィーナ礼拝堂</rdfs:label>
    <rdfs:label xml:lang="zh">西斯廷小堂</rdfs:label>
    <rdfs:label xml:lang="es">Capilla Sixtina</rdfs:label>
    <rdfs:label xml:lang="en">Sistine Chapel</rdfs:label>
    <rdfs:label xml:lang="ru">Сикстинская капелла</rdfs:label>
    <rdfs:label xml:lang="it">Cappella Sistina</rdfs:label>
    <rdfs:label xml:lang="sv">Sixtinska kapellet</rdfs:label>
    <rdfs:label xml:lang="fr">Chapelle Sixtine</rdfs:label>
    <rdfs:label xml:lang="pl">Kaplica Sykstyńska</rdfs:label>
    <rdfs:label xml:lang="de">Sixtinische Kapelle</rdfs:label>
    <rdfs:label xml:lang="nl">Sixtijnse Kapel</rdfs:label>
    <foaf:depiction rdf:resource="http://upload.wikimedia.org/wikipedia/commons/2/22/Musei_vaticani,_cappella_sistina,_retro_02.JPG" />
    <rdfs:comment xml:lang="es">La Capilla Sixtina es la capilla más famosa del Palacio Apostólico de la Ciudad del Vaticano, la residencia oficial del Papa. Se encuentra a la derecha de la Basílica de San Pedro y originalmente servía como capilla de la fortaleza vaticana. Es famosa por su arquitectura, evocadora del Templo de Salomón del Antiguo Testamento, y su decoración al fresco, obra de los más grandes artistas del Renacimiento, incluyendo a Miguel Ángel, Rafael Sanzio y Botticelli.</rdfs:comment>
    <rdfs:comment xml:lang="de">Die Sixtinische Kapelle im Vatikan enthält mehrere der berühmtesten Gemälde der Welt. Die Kapelle ist auch der Ort, an dem das Konklave abgehalten wird. Sie liegt unmittelbar nördlich des Petersdoms und ist mit diesem über die Scala Regia verbunden. Für Touristen ist allerdings nur der Eintritt über die Vatikanischen Museen möglich.</rdfs:comment>
    <rdfs:comment xml:lang="ru">Сиксти́нская капе́лла — бывшая домовая церковь в Ватикане. Построена в 1473—1481 годах архитектором Джордже де Дольчи, по заказу папы римского Сикста IV, отсюда и название. Ныне Капелла — музей, выдающийся памятник Возрождения, который используется также для проведения конклавов, на которых кардиналы избирают нового папу римского.</rdfs:comment>
    <rdfs:comment xml:lang="nl">De Sixtijnse Kapel is de bekendste kapel in het Apostolisch Paleis, de residentie van de paus in Vaticaanstad en vaak te bezichtigen als onderdeel van de Vaticaanse musea. Het is een van de bekendste binnenruimten ter wereld, vanwege de beroemde fresco&#39;s van Michelangelo en omdat het de ruimte is waar in het conclaaf de kardinalen bijeenkomen om er een nieuwe paus te kiezen.</rdfs:comment>
    <rdfs:comment xml:lang="zh">西斯廷小堂（意大利语：Cappella Sistina；也稱為西斯廷禮拜堂）是一座位於梵蒂岡宗座宮殿內的天主教小堂，紧邻圣伯多禄大殿，以米开朗基罗所绘《创世纪》穹顶画，及壁画《最后的审判》而闻名。這裡也是教宗选举的举行处。</rdfs:comment>
    <rdfs:comment xml:lang="ja">システィーナ礼拝堂（しすてぃーなれいはいどう、伊: Cappella Sistina）は、ローマ教皇の公邸であるバチカン宮殿にある礼拝堂。サン・ピエトロ大聖堂北隣に位置するその建物とともに、ミケランジェロ、ボッティチェッリ、ペルジーノ、ピントゥリッキオら、盛期ルネサンスを代表する芸術家たちが内装に描いた数々の装飾絵画作品で世界的に有名な礼拝堂である。とくにローマ教皇ユリウス2世の注文でミケランジェロが1508年から1512年にかけて描いた天井画と、ローマ教皇クレメンス7世が注文し、ローマ教皇パウルス3世が完成を命じた、1535年から1541年にかけて描いた『最後の審判』はミケランジェロの絵画作品の頂点とされている。 もともとバチカン宮殿に存在していた古い礼拝堂を1477年から1480年にかけてローマ教皇シクストゥス4世が建て直させた建物で、その教皇名（伊: Sisto IV）にちなんでシスティーナ礼拝堂と名付けられた。この建て直し時には、ペルジーノ、ボッティチェッリ、ギルランダイオらの芸術家たちが、一連の内装フレスコ壁画を手がけている。壁画に描かれているのは『旧約聖書』からの「モーセの生涯の物語」ならびに『新約聖書』からの「キリストの生涯の物語」と、歴代のローマ教皇の肖像画で、これらは1482年から1483年8月にかけて描かれた作品となっている。落成したシスティーナ礼拝堂で最初のミサを執り行ったのはシクストゥス4世だった。このミサは聖母被昇天に捧げられたもので、システィーナ礼拝堂を聖母マリアに奉献することを表明する式典でもあった。 シクストゥス4世以降、システィーナ礼拝堂は宗教的施設とローマ教皇執務室という二つの役割を果たしてきた。現在ではローマ教皇を選出する会議であるコンクラーヴェの会場としても使用されている。</rdfs:comment>
    <rdfs:comment xml:lang="pl">Kaplica Sykstyńska – papieska kaplica w Pałacu Watykańskim. Budowana w latach 1475-1483 z fundacji papieża Sykstusa IV (stąd jej nazwa).</rdfs:comment>
    <rdfs:comment xml:lang="sv">Sixtinska kapellet är påvens privata kapell i Vatikanen. Det används även vid en konklav. Kapellet består av ett långt, enkelt rum täckt av ett tunnvalv med fönsteröppningar, ritat av arkitekten Baccio Pontelli. Det uppfördes 1473-1481 av Sixtus IV. År 1482 bjöd han in en mängd konstnärer för att smycka dess interiör. Bland andra Sandro Botticelli och Pinturicchio har bidragit med fresker.</rdfs:comment>
    <rdfs:comment xml:lang="fr">La chapelle Sixtine, appelée originellement chapelle de Sixte, est l&#39;une des salles des palais pontificaux du Vatican. À l&#39;heure actuelle, elle fait partie des musées du Vatican.</rdfs:comment>
    <rdfs:comment xml:lang="it">La Cappella Sistina, dedicata a Maria Assunta in Cielo, è uno dei più famosi tesori culturali e artistici della Città del Vaticano, inserita all&#39;interno del percorso dei Musei Vaticani. Fu costruita tra il 1475 e il 1481, all&#39;epoca di papa Sisto IV della Rovere, da cui prese il nome.</rdfs:comment>
    <rdfs:comment xml:lang="en">Sistine Chapel is the best-known chapel in the Apostolic Palace, the official residence of the Pope in the Vatican City. It is famous for its architecture and its decoration that was frescoed throughout by Renaissance artists including Michelangelo, Sandro Botticelli, Pietro Perugino, Pinturicchio and others. Under the patronage of Pope Julius II, Michelangelo painted 1,100 m of the chapel ceiling between 1508 and 1512.</rdfs:comment>
    <rdfs:comment xml:lang="pt">A Capela Sistina é uma capela situada no Palácio Apostólico, residência oficial do Papa na Cidade do Vaticano. É famosa pela sua arquitetura, inspirada no Templo de Salomão do Antigo Testamento, e sua decoração em afrescos, pintada pelos maiores artistas da Renascença, incluindo Michelangelo, Rafael, Bernini e Sandro Botticelli. A capela tem o seu nome em homenagem ao Papa Sisto IV, que restaurou a antiga Capela Magna, entre 1477 e 1480.</rdfs:comment>
    <foaf:name xml:lang="en">Sistine Chapel</foaf:name>
    <dbpedia-owl:thumbnail rdf:resource="http://upload.wikimedia.org/wikipedia/commons/thumb/2/22/Musei_vaticani,_cappella_sistina,_retro_02.JPG/200px-Musei_vaticani,_cappella_sistina,_retro_02.JPG" />
    <dbpedia-owl:wikiPageExternalLink rdf:resource="http://www.arches.uga.edu/~msopal29/" />
    <dbpedia-owl:wikiPageExternalLink rdf:resource="http://whc.unesco.org/en/list/286" />
    <dbpedia-owl:wikiPageExternalLink rdf:resource="http://en.wikipedia.org/wiki/The_Agony_and_the_Ecstasy_%28novel%29" />
    <dbpedia-owl:wikiPageExternalLink rdf:resource="http://www.kfki.hu/~arthp/tours/sistina/" />
    <dbpedia-owl:wikiPageExternalLink rdf:resource="http://mv.vatican.va/3_EN/pages/CSN/CSN_Main.html" />
    <dbpedia-owl:wikiPageExternalLink rdf:resource="http://mv.vatican.va/" />
    <dbpedia-owl:wikiPageExternalLink rdf:resource="http://efetov.com/" />
    <dbpedia-owl:wikiPageExternalLink rdf:resource="http://issuu.com/akenpapers/docs/devilish_chapel__eng_" />
    <dbpedia-owl:wikiPageExternalLink rdf:resource="http://www.christusrex.org/www1/sistine/0-Tour.html" />
    <dbpedia-owl:wikiPageExternalLink rdf:resource="http://news.bbc.co.uk/1/hi/world/europe/560315.stm" />
    <dbpedia-owl:wikiPageExternalLink rdf:resource="http://www.vatican.va/various/cappelle/sistina_vr/index.html" />
    <dbpprop:architect rdf:resource="http://dbpedia.org/resource/Baccio_Pontelli" />
    <dbpprop:architect rdf:resource="http://dbpedia.org/resource/Giovanni_de_Dolci" />
    <dbpprop:architectureType xml:lang="en">Church</dbpprop:architectureType>
    <dbpprop:buildingName xml:lang="en">Sistine Chapel</dbpprop:buildingName>
    <dbpprop:caption xml:lang="en">View of the interior of the Sistine Chapel.</dbpprop:caption>
    <dbpprop:consecrationYear rdf:datatype="http://www.w3.org/2001/XMLSchema#integer">15</dbpprop:consecrationYear>
    <dbpprop:designation xml:lang="en">WHS</dbpprop:designation>
    <dbpprop:designation1Criteria xml:lang="en">i, ii, iv, vi</dbpprop:designation1Criteria>
    <dbpprop:designation1Date rdf:datatype="http://www.w3.org/2001/XMLSchema#integer">1984</dbpprop:designation1Date>
    <dbpprop:designation1Free1name xml:lang="en">State Party</dbpprop:designation1Free1name>
    <dbpprop:designation1Free1value rdf:datatype="http://www.w3.org/2001/XMLSchema#integer">22</dbpprop:designation1Free1value>
    <dbpprop:designation1Free2name xml:lang="en">Region</dbpprop:designation1Free2name>
    <dbpprop:designation1Free2value rdf:resource="http://dbpedia.org/resource/List_of_World_Heritage_Sites" />
    <dbpprop:designation1Number rdf:datatype="http://www.w3.org/2001/XMLSchema#integer">286</dbpprop:designation1Number>
    <dbpprop:designation1Offname xml:lang="en">Vatican City</dbpprop:designation1Offname>
    <dbpprop:designation1Type xml:lang="en">Cultural</dbpprop:designation1Type>
    <dbpprop:groundbreaking rdf:datatype="http://www.w3.org/2001/XMLSchema#integer">1473</dbpprop:groundbreaking>
    <dbpprop:infoboxWidth rdf:datatype="http://www.w3.org/2001/XMLSchema#integer">330</dbpprop:infoboxWidth>
    <dbpprop:location xml:lang="en">Vatican City</dbpprop:location>
    <dbpprop:religiousAffiliation rdf:resource="http://dbpedia.org/resource/Catholic_Church" />
    <dbpprop:sign rdf:datatype="http://www.w3.org/2001/XMLSchema#gMonthDay">--08-23</dbpprop:sign>
    <dbpprop:status xml:lang="en">Papal oratory</dbpprop:status>
    <dbpprop:text xml:lang="en">"Without having seen the Sistine Chapel one can form no appreciable idea of what one man is capable of achieving."</dbpprop:text>
    <dbpprop:yearCompleted rdf:datatype="http://www.w3.org/2001/XMLSchema#integer">1481</dbpprop:yearCompleted>
    <geo:geometry rdf:datatype="http://www.openlinksw.com/schemas/virtrdf#Geometry">POINT(12.4544 41.9031)</geo:geometry>
    <foaf:isPrimaryTopicOf rdf:resource="http://en.wikipedia.org/wiki/Sistine_Chapel" />
    <geo:long rdf:datatype="http://www.w3.org/2001/XMLSchema#float">12.4544</geo:long>
    <geo:lat rdf:datatype="http://www.w3.org/2001/XMLSchema#float">41.9031</geo:lat>
    <ns8:wasDerivedFrom rdf:resource="http://en.wikipedia.org/wiki/Sistine_Chapel?oldid=548483418" />
    <grs:point xml:lang="en">41.903055555555554 12.454444444444444</grs:point>
    <dbpprop:hasPhotoCollection rdf:resource="http://wifo5-03.informatik.uni-mannheim.de/flickrwrappr/photos/Sistine_Chapel" />
  </rdf:Description>
  <rdf:Description rdf:about="http://dbpedia.org/resource/Counter-Reformation">
    <dbpedia-owl:museum rdf:resource="http://dbpedia.org/resource/Sistine_Chapel" />
    <dbpprop:museum rdf:resource="http://dbpedia.org/resource/Sistine_Chapel" />
  </rdf:Description>
  <rdf:Description rdf:about="http://dbpedia.org/resource/Papal_conclave,_1492">
    <dbpprop:location rdf:resource="http://dbpedia.org/resource/Sistine_Chapel" />
  </rdf:Description>
  <rdf:Description rdf:about="http://dbpedia.org/resource/Papal_conclave,_1878">
    <dbpprop:location rdf:resource="http://dbpedia.org/resource/Sistine_Chapel" />
  </rdf:Description>
  <rdf:Description rdf:about="http://dbpedia.org/resource/Chapel_(disambiguation)">
    <dbpedia-owl:wikiPageDisambiguates rdf:resource="http://dbpedia.org/resource/Sistine_Chapel" />
  </rdf:Description>
  <rdf:Description rdf:about="http://dbpedia.org/resource/Papal_conclave,_October_1978">
    <dbpprop:location rdf:resource="http://dbpedia.org/resource/Sistine_Chapel" />
  </rdf:Description>
  <rdf:Description rdf:about="http://dbpedia.org/resource/Papal_conclave,_2005">
    <dbpprop:location rdf:resource="http://dbpedia.org/resource/Sistine_Chapel" />
  </rdf:Description>
  <rdf:Description rdf:about="http://dbpedia.org/resource/Papal_conclave,_1939">
    <dbpprop:location rdf:resource="http://dbpedia.org/resource/Sistine_Chapel" />
  </rdf:Description>
  <rdf:Description rdf:about="http://dbpedia.org/resource/Papal_conclave,_1513">
    <dbpprop:location rdf:resource="http://dbpedia.org/resource/Sistine_Chapel" />
  </rdf:Description>
  <rdf:Description rdf:about="http://cs.dbpedia.org/resource/Sixtinská_kaple">
    <owl:sameAs rdf:resource="http://dbpedia.org/resource/Sistine_Chapel" />
  </rdf:Description>
  <rdf:Description rdf:about="http://el.dbpedia.org/resource/Καπέλα_Σιξτίνα">
    <owl:sameAs rdf:resource="http://dbpedia.org/resource/Sistine_Chapel" />
  </rdf:Description>
  <rdf:Description rdf:about="http://es.dbpedia.org/resource/Capilla_Sixtina">
    <owl:sameAs rdf:resource="http://dbpedia.org/resource/Sistine_Chapel" />
  </rdf:Description>
  <rdf:Description rdf:about="http://it.dbpedia.org/resource/Cappella_Sistina">
    <owl:sameAs rdf:resource="http://dbpedia.org/resource/Sistine_Chapel" />
  </rdf:Description>
  <rdf:Description rdf:about="http://ja.dbpedia.org/resource/システィーナ礼拝堂">
    <owl:sameAs rdf:resource="http://dbpedia.org/resource/Sistine_Chapel" />
  </rdf:Description>
  <rdf:Description rdf:about="http://pl.dbpedia.org/resource/Kaplica_Sykstyńska">
    <owl:sameAs rdf:resource="http://dbpedia.org/resource/Sistine_Chapel" />
  </rdf:Description>
  <rdf:Description rdf:about="http://dbpedia.org/resource/Papal_conclave,_1903">
    <dbpprop:location rdf:resource="http://dbpedia.org/resource/Sistine_Chapel" />
  </rdf:Description>
  <rdf:Description rdf:about="http://dbpedia.org/resource/Prophet_Jeremiah_(Michelangelo)">
    <dbpedia-owl:museum rdf:resource="http://dbpedia.org/resource/Sistine_Chapel" />
    <dbpprop:museum rdf:resource="http://dbpedia.org/resource/Sistine_Chapel" />
  </rdf:Description>
  <rdf:Description rdf:about="http://dbpedia.org/resource/The_Crossing_of_the_Red_Sea_(Sistine_Chapel)">
    <dbpedia-owl:museum rdf:resource="http://dbpedia.org/resource/Sistine_Chapel" />
  </rdf:Description>
  <rdf:Description rdf:about="http://dbpedia.org/resource/Papal_conclave,_1922">
    <dbpprop:location rdf:resource="http://dbpedia.org/resource/Sistine_Chapel" />
  </rdf:Description>
  <rdf:Description rdf:about="http://dbpedia.org/resource/Papal_conclave,_August_1978">
    <dbpprop:location rdf:resource="http://dbpedia.org/resource/Sistine_Chapel" />
  </rdf:Description>
  <rdf:Description rdf:about="http://dbpedia.org/resource/Baptism_of_Christ_(Perugino)">
    <dbpedia-owl:museum rdf:resource="http://dbpedia.org/resource/Sistine_Chapel" />
  </rdf:Description>
  <rdf:Description rdf:about="http://dbpedia.org/resource/Delivery_of_the_Keys_(Perugino)">
    <dbpedia-owl:museum rdf:resource="http://dbpedia.org/resource/Sistine_Chapel" />
  </rdf:Description>
  <rdf:Description rdf:about="http://dbpedia.org/resource/Descent_from_Mount_Sinai_(Sistine_Chapel)">
    <dbpedia-owl:museum rdf:resource="http://dbpedia.org/resource/Sistine_Chapel" />
  </rdf:Description>
  <rdf:Description rdf:about="http://dbpedia.org/resource/Moses_Leaving_to_Egypt_(Perugino)">
    <dbpedia-owl:museum rdf:resource="http://dbpedia.org/resource/Sistine_Chapel" />
  </rdf:Description>
  <rdf:Description rdf:about="http://dbpedia.org/resource/Punishment_of_the_Rebels">
    <dbpedia-owl:museum rdf:resource="http://dbpedia.org/resource/Sistine_Chapel" />
  </rdf:Description>
  <rdf:Description rdf:about="http://dbpedia.org/resource/Temptations_of_Christ_(Botticelli)">
    <dbpedia-owl:museum rdf:resource="http://dbpedia.org/resource/Sistine_Chapel" />
  </rdf:Description>
  <rdf:Description rdf:about="http://dbpedia.org/resource/Testament_and_Death_of_Moses">
    <dbpedia-owl:museum rdf:resource="http://dbpedia.org/resource/Sistine_Chapel" />
  </rdf:Description>
  <rdf:Description rdf:about="http://dbpedia.org/resource/The_Trials_of_Moses_(Botticelli)">
    <dbpedia-owl:museum rdf:resource="http://dbpedia.org/resource/Sistine_Chapel" />
  </rdf:Description>
  <rdf:Description rdf:about="http://dbpedia.org/resource/Sistine">
    <dbpedia-owl:wikiPageRedirects rdf:resource="http://dbpedia.org/resource/Sistine_Chapel" />
  </rdf:Description>
  <rdf:Description rdf:about="http://dbpedia.org/resource/Sistene_chapel">
    <dbpedia-owl:wikiPageRedirects rdf:resource="http://dbpedia.org/resource/Sistine_Chapel" />
  </rdf:Description>
  <rdf:Description rdf:about="http://dbpedia.org/resource/Sistene_chaple">
    <dbpedia-owl:wikiPageRedirects rdf:resource="http://dbpedia.org/resource/Sistine_Chapel" />
  </rdf:Description>
  <rdf:Description rdf:about="http://dbpedia.org/resource/Sistine_chaple">
    <dbpedia-owl:wikiPageRedirects rdf:resource="http://dbpedia.org/resource/Sistine_Chapel" />
  </rdf:Description>
  <rdf:Description rdf:about="http://dbpedia.org/resource/16th_Chapel">
    <dbpedia-owl:wikiPageRedirects rdf:resource="http://dbpedia.org/resource/Sistine_Chapel" />
  </rdf:Description>
  <rdf:Description rdf:about="http://dbpedia.org/resource/16th_chapel">
    <dbpedia-owl:wikiPageRedirects rdf:resource="http://dbpedia.org/resource/Sistine_Chapel" />
  </rdf:Description>
  <rdf:Description rdf:about="http://dbpedia.org/resource/Capella_Sixtina">
    <dbpedia-owl:wikiPageRedirects rdf:resource="http://dbpedia.org/resource/Sistine_Chapel" />
  </rdf:Description>
  <rdf:Description rdf:about="http://dbpedia.org/resource/Christ_Giving_the_Keys_to_St._Peter">
    <dbpedia-owl:wikiPageRedirects rdf:resource="http://dbpedia.org/resource/Sistine_Chapel" />
  </rdf:Description>
  <rdf:Description rdf:about="http://dbpedia.org/resource/Christ_giving_the_Keys">
    <dbpedia-owl:wikiPageRedirects rdf:resource="http://dbpedia.org/resource/Sistine_Chapel" />
  </rdf:Description>
  <rdf:Description rdf:about="http://dbpedia.org/resource/Sixteenth_Chapel">
    <dbpedia-owl:wikiPageRedirects rdf:resource="http://dbpedia.org/resource/Sistine_Chapel" />
  </rdf:Description>
  <rdf:Description rdf:about="http://dbpedia.org/resource/Sixteenth_chapel">
    <dbpedia-owl:wikiPageRedirects rdf:resource="http://dbpedia.org/resource/Sistine_Chapel" />
  </rdf:Description>
  <rdf:Description rdf:about="http://dbpedia.org/resource/Vocation_of_the_Apostles">
    <dbpedia-owl:museum rdf:resource="http://dbpedia.org/resource/Sistine_Chapel" />
  </rdf:Description>
  <rdf:Description rdf:about="http://dbpedia.org/resource/Prophet_Daniel_(Michelangelo)">
    <dbpedia-owl:museum rdf:resource="http://dbpedia.org/resource/Sistine_Chapel" />
    <dbpprop:museum rdf:resource="http://dbpedia.org/resource/Sistine_Chapel" />
  </rdf:Description>
  <rdf:Description rdf:about="http://dbpedia.org/resource/Prophet_Isaiah_(Michelangelo)">
    <dbpedia-owl:museum rdf:resource="http://dbpedia.org/resource/Sistine_Chapel" />
    <dbpprop:museum rdf:resource="http://dbpedia.org/resource/Sistine_Chapel" />
  </rdf:Description>
  <rdf:Description rdf:about="http://dbpedia.org/resource/Prophet_Jonah_(Michelangelo)">
    <dbpedia-owl:museum rdf:resource="http://dbpedia.org/resource/Sistine_Chapel" />
    <dbpprop:museum rdf:resource="http://dbpedia.org/resource/Sistine_Chapel" />
  </rdf:Description>
  <rdf:Description rdf:about="http://dbpedia.org/resource/Sistina">
    <dbpedia-owl:wikiPageDisambiguates rdf:resource="http://dbpedia.org/resource/Sistine_Chapel" />
  </rdf:Description>
  <rdf:Description rdf:about="http://de.dbpedia.org/resource/Sixtinische_Kapelle">
    <owl:sameAs rdf:resource="http://dbpedia.org/resource/Sistine_Chapel" />
  </rdf:Description>
  <rdf:Description rdf:about="http://fr.dbpedia.org/resource/Chapelle_Sixtine">
    <owl:sameAs rdf:resource="http://dbpedia.org/resource/Sistine_Chapel" />
  </rdf:Description>
  <rdf:Description rdf:about="http://pt.dbpedia.org/resource/Capela_Sistina">
    <owl:sameAs rdf:resource="http://dbpedia.org/resource/Sistine_Chapel" />
  </rdf:Description>
  <rdf:Description rdf:about="http://dbpedia.org/resource/Sistine_chapel">
    <dbpedia-owl:wikiPageRedirects rdf:resource="http://dbpedia.org/resource/Sistine_Chapel" />
  </rdf:Description>
  <rdf:Description rdf:about="http://dbpedia.org/resource/Capella_Sistina">
    <dbpedia-owl:wikiPageRedirects rdf:resource="http://dbpedia.org/resource/Sistine_Chapel" />
  </rdf:Description>
  <rdf:Description rdf:about="http://dbpedia.org/resource/Christ_Giving_the_Keys_to_St._Peter_(Perugino)">
    <dbpedia-owl:wikiPageRedirects rdf:resource="http://dbpedia.org/resource/Sistine_Chapel" />
  </rdf:Description>
  <rdf:Description rdf:about="http://dbpedia.org/resource/The_Last_Judgment_(Michelangelo)">
    <dbpedia-owl:museum rdf:resource="http://dbpedia.org/resource/Sistine_Chapel" />
    <dbpprop:museum rdf:resource="http://dbpedia.org/resource/Sistine_Chapel" />
  </rdf:Description>
  <rdf:Description rdf:about="http://en.wikipedia.org/wiki/Sistine_Chapel">
    <foaf:primaryTopic rdf:resource="http://dbpedia.org/resource/Sistine_Chapel" />
  </rdf:Description>
  <rdf:Description rdf:about="http://dbpedia.org/resource/Sistine_Capel">
    <dbpedia-owl:wikiPageRedirects rdf:resource="http://dbpedia.org/resource/Sistine_Chapel" />
  </rdf:Description>
  <rdf:Description rdf:about="http://ko.dbpedia.org/resource/시스티나_성당">
    <owl:sameAs rdf:resource="http://dbpedia.org/resource/Sistine_Chapel" />
  </rdf:Description>
  <rdf:Description rdf:about="http://nl.dbpedia.org/resource/Sixtijnse_Kapel">
    <owl:sameAs rdf:resource="http://dbpedia.org/resource/Sistine_Chapel" />
  </rdf:Description>
  <rdf:Description rdf:about="http://eu.dbpedia.org/resource/Kapera_Sixtinoa">
    <owl:sameAs rdf:resource="http://dbpedia.org/resource/Sistine_Chapel" />
  </rdf:Description>
  <rdf:Description rdf:about="http://dbpedia.org/resource/Papal_conclave,_2013">
    <dbpprop:location rdf:resource="http://dbpedia.org/resource/Sistine_Chapel" />
  </rdf:Description>
  <rdf:Description rdf:about="http://wikidata.dbpedia.org/resource/Q2943">
    <owl:sameAs rdf:resource="http://dbpedia.org/resource/Sistine_Chapel" />
  </rdf:Description>
  <rdf:Description rdf:about="http://zh.dbpedia.org/resource/西斯廷小堂">
    <owl:sameAs rdf:resource="http://dbpedia.org/resource/Sistine_Chapel" />
  </rdf:Description>
  <rdf:Description rdf:about="http://ar.dbpedia.org/resource/كنيسة_سيستينا">
    <owl:sameAs rdf:resource="http://dbpedia.org/resource/Sistine_Chapel" />
  </rdf:Description>
  <rdf:Description rdf:about="http://az.dbpedia.org/resource/Sikstin_kapellası">
    <owl:sameAs rdf:resource="http://dbpedia.org/resource/Sistine_Chapel" />
  </rdf:Description>
  <rdf:Description rdf:about="http://be.dbpedia.org/resource/Сіксцінская_капэла">
    <owl:sameAs rdf:resource="http://dbpedia.org/resource/Sistine_Chapel" />
  </rdf:Description>
  <rdf:Description rdf:about="http://bg.dbpedia.org/resource/Сикстинска_капела">
    <owl:sameAs rdf:resource="http://dbpedia.org/resource/Sistine_Chapel" />
  </rdf:Description>
  <rdf:Description rdf:about="http://br.dbpedia.org/resource/Chapel_Sistina">
    <owl:sameAs rdf:resource="http://dbpedia.org/resource/Sistine_Chapel" />
  </rdf:Description>
  <rdf:Description rdf:about="http://bs.dbpedia.org/resource/Sikstinska_kapela">
    <owl:sameAs rdf:resource="http://dbpedia.org/resource/Sistine_Chapel" />
  </rdf:Description>
  <rdf:Description rdf:about="http://ca.dbpedia.org/resource/Capella_Sixtina">
    <owl:sameAs rdf:resource="http://dbpedia.org/resource/Sistine_Chapel" />
  </rdf:Description>
  <rdf:Description rdf:about="http://da.dbpedia.org/resource/Det_Sixtinske_Kapel">
    <owl:sameAs rdf:resource="http://dbpedia.org/resource/Sistine_Chapel" />
  </rdf:Description>
  <rdf:Description rdf:about="http://eo.dbpedia.org/resource/Siksta_Kapelo">
    <owl:sameAs rdf:resource="http://dbpedia.org/resource/Sistine_Chapel" />
  </rdf:Description>
  <rdf:Description rdf:about="http://et.dbpedia.org/resource/Sixtuse_kabel">
    <owl:sameAs rdf:resource="http://dbpedia.org/resource/Sistine_Chapel" />
  </rdf:Description>
  <rdf:Description rdf:about="http://fa.dbpedia.org/resource/کلیسای_سیستین">
    <owl:sameAs rdf:resource="http://dbpedia.org/resource/Sistine_Chapel" />
  </rdf:Description>
  <rdf:Description rdf:about="http://fi.dbpedia.org/resource/Sikstuksen_kappeli">
    <owl:sameAs rdf:resource="http://dbpedia.org/resource/Sistine_Chapel" />
  </rdf:Description>
  <rdf:Description rdf:about="http://ga.dbpedia.org/resource/Séipéal_Sistíneach">
    <owl:sameAs rdf:resource="http://dbpedia.org/resource/Sistine_Chapel" />
  </rdf:Description>
  <rdf:Description rdf:about="http://gl.dbpedia.org/resource/Capela_Sistina">
    <owl:sameAs rdf:resource="http://dbpedia.org/resource/Sistine_Chapel" />
  </rdf:Description>
  <rdf:Description rdf:about="http://he.dbpedia.org/resource/הקפלה_הסיסטינית">
    <owl:sameAs rdf:resource="http://dbpedia.org/resource/Sistine_Chapel" />
  </rdf:Description>
  <rdf:Description rdf:about="http://hr.dbpedia.org/resource/Sikstinska_kapela">
    <owl:sameAs rdf:resource="http://dbpedia.org/resource/Sistine_Chapel" />
  </rdf:Description>
  <rdf:Description rdf:about="http://hu.dbpedia.org/resource/Sixtus-kápolna">
    <owl:sameAs rdf:resource="http://dbpedia.org/resource/Sistine_Chapel" />
  </rdf:Description>
  <rdf:Description rdf:about="http://id.dbpedia.org/resource/Kapel_Sistina">
    <owl:sameAs rdf:resource="http://dbpedia.org/resource/Sistine_Chapel" />
  </rdf:Description>
  <rdf:Description rdf:about="http://is.dbpedia.org/resource/Sixtínska_kapellan">
    <owl:sameAs rdf:resource="http://dbpedia.org/resource/Sistine_Chapel" />
  </rdf:Description>
  <rdf:Description rdf:about="http://ka.dbpedia.org/resource/სიქსტეს_კაპელა">
    <owl:sameAs rdf:resource="http://dbpedia.org/resource/Sistine_Chapel" />
  </rdf:Description>
  <rdf:Description rdf:about="http://ku.dbpedia.org/resource/Kapela_Sîkstînî">
    <owl:sameAs rdf:resource="http://dbpedia.org/resource/Sistine_Chapel" />
  </rdf:Description>
  <rdf:Description rdf:about="http://la.dbpedia.org/resource/Sacellum_Sixtinum">
    <owl:sameAs rdf:resource="http://dbpedia.org/resource/Sistine_Chapel" />
  </rdf:Description>
  <rdf:Description rdf:about="http://lt.dbpedia.org/resource/Siksto_koplyčia">
    <owl:sameAs rdf:resource="http://dbpedia.org/resource/Sistine_Chapel" />
  </rdf:Description>
  <rdf:Description rdf:about="http://lv.dbpedia.org/resource/Siksta_kapela">
    <owl:sameAs rdf:resource="http://dbpedia.org/resource/Sistine_Chapel" />
  </rdf:Description>
  <rdf:Description rdf:about="http://mk.dbpedia.org/resource/Систинска_капела">
    <owl:sameAs rdf:resource="http://dbpedia.org/resource/Sistine_Chapel" />
  </rdf:Description>
  <rdf:Description rdf:about="http://nn.dbpedia.org/resource/Det_sixtinske_kapellet">
    <owl:sameAs rdf:resource="http://dbpedia.org/resource/Sistine_Chapel" />
  </rdf:Description>
  <rdf:Description rdf:about="http://no.dbpedia.org/resource/Det_sixtinske_kapell">
    <owl:sameAs rdf:resource="http://dbpedia.org/resource/Sistine_Chapel" />
  </rdf:Description>
  <rdf:Description rdf:about="http://oc.dbpedia.org/resource/Capèla_Sixtina">
    <owl:sameAs rdf:resource="http://dbpedia.org/resource/Sistine_Chapel" />
  </rdf:Description>
  <rdf:Description rdf:about="http://rm.dbpedia.org/resource/Chapella_Sistina">
    <owl:sameAs rdf:resource="http://dbpedia.org/resource/Sistine_Chapel" />
  </rdf:Description>
  <rdf:Description rdf:about="http://ro.dbpedia.org/resource/Capela_Sixtină">
    <owl:sameAs rdf:resource="http://dbpedia.org/resource/Sistine_Chapel" />
  </rdf:Description>
  <rdf:Description rdf:about="http://sh.dbpedia.org/resource/Sikstinska_kapela">
    <owl:sameAs rdf:resource="http://dbpedia.org/resource/Sistine_Chapel" />
  </rdf:Description>
  <rdf:Description rdf:about="http://simple.dbpedia.org/resource/Sistine_Chapel">
    <owl:sameAs rdf:resource="http://dbpedia.org/resource/Sistine_Chapel" />
  </rdf:Description>
  <rdf:Description rdf:about="http://sk.dbpedia.org/resource/Sixtínska_kaplnka">
    <owl:sameAs rdf:resource="http://dbpedia.org/resource/Sistine_Chapel" />
  </rdf:Description>
  <rdf:Description rdf:about="http://sl.dbpedia.org/resource/Sikstinska_kapela">
    <owl:sameAs rdf:resource="http://dbpedia.org/resource/Sistine_Chapel" />
  </rdf:Description>
  <rdf:Description rdf:about="http://sr.dbpedia.org/resource/Сикстинска_капела">
    <owl:sameAs rdf:resource="http://dbpedia.org/resource/Sistine_Chapel" />
  </rdf:Description>
  <rdf:Description rdf:about="http://sv.dbpedia.org/resource/Sixtinska_kapellet">
    <owl:sameAs rdf:resource="http://dbpedia.org/resource/Sistine_Chapel" />
  </rdf:Description>
  <rdf:Description rdf:about="http://ta.dbpedia.org/resource/சிஸ்டைன்_சிற்றாலயம்">
    <owl:sameAs rdf:resource="http://dbpedia.org/resource/Sistine_Chapel" />
  </rdf:Description>
  <rdf:Description rdf:about="http://th.dbpedia.org/resource/โบสถ์น้อยซิสทีน">
    <owl:sameAs rdf:resource="http://dbpedia.org/resource/Sistine_Chapel" />
  </rdf:Description>
  <rdf:Description rdf:about="http://tr.dbpedia.org/resource/Sistine_Şapeli">
    <owl:sameAs rdf:resource="http://dbpedia.org/resource/Sistine_Chapel" />
  </rdf:Description>
  <rdf:Description rdf:about="http://uk.dbpedia.org/resource/Сикстинська_капела">
    <owl:sameAs rdf:resource="http://dbpedia.org/resource/Sistine_Chapel" />
  </rdf:Description>
  <rdf:Description rdf:about="http://vi.dbpedia.org/resource/Nhà_nguyện_Sistina">
    <owl:sameAs rdf:resource="http://dbpedia.org/resource/Sistine_Chapel" />
  </rdf:Description>
  <rdf:Description rdf:about="http://war.dbpedia.org/resource/Capilya_Sixtina">
    <owl:sameAs rdf:resource="http://dbpedia.org/resource/Sistine_Chapel" />
  </rdf:Description>
  <rdf:Description rdf:about="http://lij.dbpedia.org/resource/Cappélla_Sistinn-a">
    <owl:sameAs rdf:resource="http://dbpedia.org/resource/Sistine_Chapel" />
  </rdf:Description>
  <rdf:Description rdf:about="http://nrm.dbpedia.org/resource/Chapelle_Sistinne">
    <owl:sameAs rdf:resource="http://dbpedia.org/resource/Sistine_Chapel" />
  </rdf:Description>
</rdf:RDF>
