<?xml version="1.0" encoding="utf-8" ?>
<rdf:RDF
	xmlns:rdf="http://www.w3.org/1999/02/22-rdf-syntax-ns#"
	xmlns:rdfs="http://www.w3.org/2000/01/rdf-schema#"
	xmlns:owl="http://www.w3.org/2002/07/owl#"
	xmlns:dcterms="http://purl.org/dc/terms/"
	xmlns:dbpedia-owl="http://dbpedia.org/ontology/"
	xmlns:foaf="http://xmlns.com/foaf/0.1/"
	xmlns:dbpprop="http://dbpedia.org/property/"
	xmlns:geo="http://www.w3.org/2003/01/geo/wgs84_pos#"
	xmlns:ns8="http://www.w3.org/ns/prov#"
	xmlns:grs="http://www.georss.org/georss/" >
  <rdf:Description rdf:about="http://dbpedia.org/resource/Städel">
    <owl:sameAs rdf:resource="http://dbpedia.org/resource/St%C3%A4del" />
  </rdf:Description>
  <rdf:Description rdf:about="http://dbpedia.org/resource/The_Geographer">
    <dbpedia-owl:museum rdf:resource="http://dbpedia.org/resource/St%C3%A4del" />
    <dbpprop:museum rdf:resource="http://dbpedia.org/resource/St%C3%A4del" />
  </rdf:Description>
  <rdf:Description rdf:about="http://dbpedia.org/resource/Portrait_of_a_Young_Woman_of_Frankfurt_(Botticelli)">
    <dbpedia-owl:museum rdf:resource="http://dbpedia.org/resource/St%C3%A4del" />
    <dbpprop:museum rdf:resource="http://dbpedia.org/resource/St%C3%A4del" />
  </rdf:Description>
  <rdf:Description rdf:about="http://dbpedia.org/resource/Ecce_Homo_(Bosch,_1470s)">
    <dbpedia-owl:museum rdf:resource="http://dbpedia.org/resource/St%C3%A4del" />
    <dbpprop:museum rdf:resource="http://dbpedia.org/resource/St%C3%A4del" />
  </rdf:Description>
  <rdf:Description rdf:about="http://dbpedia.org/resource/St%C3%A4del">
    <rdf:type rdf:resource="http://dbpedia.org/class/yago/Object100002684" />
    <rdf:type rdf:resource="http://dbpedia.org/class/yago/YagoPermanentlyLocatedEntity" />
    <rdf:type rdf:resource="http://dbpedia.org/ontology/ArchitecturalStructure" />
    <rdf:type rdf:resource="http://dbpedia.org/ontology/Place" />
    <rdf:type rdf:resource="http://schema.org/Place" />
    <rdf:type rdf:resource="http://schema.org/Museum" />
    <rdf:type rdf:resource="http://dbpedia.org/class/yago/MuseumsInFrankfurt" />
    <rdf:type rdf:resource="http://dbpedia.org/ontology/Building" />
    <rdf:type rdf:resource="http://www.w3.org/2002/07/owl#Thing" />
    <rdf:type rdf:resource="http://dbpedia.org/class/yago/Artifact100021939" />
    <rdf:type rdf:resource="http://dbpedia.org/class/yago/PhysicalEntity100001930" />
    <rdf:type rdf:resource="http://dbpedia.org/class/yago/ArtMuseumsAndGalleriesInGermany" />
    <rdf:type rdf:resource="http://dbpedia.org/class/yago/YagoGeoEntity" />
    <rdf:type rdf:resource="http://dbpedia.org/class/yago/Whole100003553" />
    <rdf:type rdf:resource="http://www.opengis.net/gml/_Feature" />
    <rdf:type rdf:resource="http://dbpedia.org/ontology/Museum" />
    <rdf:type rdf:resource="http://dbpedia.org/class/yago/Facility103315023" />
    <rdf:type rdf:resource="http://dbpedia.org/class/yago/Depository103177349" />
    <rdf:type rdf:resource="http://dbpedia.org/class/yago/Museum103800563" />
    <owl:sameAs rdf:resource="http://pl.dbpedia.org/resource/Städel_Museum" />
    <owl:sameAs rdf:resource="http://ru.dbpedia.org/resource/Штеделевский_художественный_институт" />
    <owl:sameAs rdf:resource="http://de.dbpedia.org/resource/Städelsches_Kunstinstitut" />
    <owl:sameAs rdf:resource="http://nl.dbpedia.org/resource/Städel_Museum" />
    <owl:sameAs rdf:resource="http://fr.dbpedia.org/resource/Städel" />
    <owl:sameAs rdf:resource="http://www.wikidata.org/entity/Q163804" />
    <owl:sameAs rdf:resource="http://es.dbpedia.org/resource/Instituto_Städel" />
    <owl:sameAs rdf:resource="http://yago-knowledge.org/resource/Städel" />
    <owl:sameAs rdf:resource="http://dbpedia.org/resource/St%C3%A4del" />
    <owl:sameAs rdf:resource="http://it.dbpedia.org/resource/Städelsches_Kunstinstitut" />
    <owl:sameAs rdf:resource="http://rdf.freebase.com/ns/m.0707n9" />
    <owl:sameAs rdf:resource="http://ja.dbpedia.org/resource/シュテーデル美術館" />
    <owl:sameAs rdf:resource="http://pt.dbpedia.org/resource/Städel" />
    <dcterms:subject rdf:resource="http://dbpedia.org/resource/Category:Museums_in_Frankfurt" />
    <dcterms:subject rdf:resource="http://dbpedia.org/resource/Category:1818_establishments_in_Germany" />
    <dcterms:subject rdf:resource="http://dbpedia.org/resource/Category:Art_museums_established_in_1818" />
    <dcterms:subject rdf:resource="http://dbpedia.org/resource/Category:Art_museums_and_galleries_in_Germany" />
    <dbpedia-owl:abstract xml:lang="ja">シュテーデル美術館（ドイツ語：Das Städel）は、ドイツのフランクフルト・アム・マイン市にある美術館である。</dbpedia-owl:abstract>
    <dbpedia-owl:abstract xml:lang="sv">Städel, officiellt Städelsches Kunstinstitut und Städtische Galerie, är ett konstmuseum i Frankfurt am Main i Tyskland.</dbpedia-owl:abstract>
    <dbpedia-owl:abstract xml:lang="fr">Institut d’art Städel et galerie municipale - affectueusement surnommé le « Städel » (Städelsches Kunstinstitut), cet institut d&#39;art est l’un des plus importants et des plus célèbres musées d’art en Allemagne, situé à Francfort-sur-le-Main. Véritable joyau et cœur de la « Rive des musées » de Francfort.</dbpedia-owl:abstract>
    <dbpedia-owl:abstract xml:lang="nl">Het Städel Museum, officieel Städelsches Kunstinstitut und Städtische Galerie is een museum met een van de belangrijkste kunstverzamelingen van Duitsland, gelegen aan de Museumsufer in Frankfurt am Main. Het museum bezit 2700 schilderijen (waarvan er 600 zijn tentoongesteld), een collectie grafisch werk (100.000 tekeningen en bladen grafiek) en 600 beelden. Het museum beschikt over een tentoonstellingsoppervlak van ca. 4.000 m², alsmede een bibliotheek met ca. 100.000 boeken.</dbpedia-owl:abstract>
    <dbpedia-owl:abstract xml:lang="en">The Städel, officially the Städelsches Kunstinstitut und Städtische Galerie, is an art museum in Frankfurt am Main, with one of the most important collections in Germany. The Städel owns 2,700 paintings (of which 600 are displayed) and a collection of 100,000 drawings and prints as well as 600 sculptures. It has around 4,000 m² of display and a library of 100,000 books and 400 periodicals.</dbpedia-owl:abstract>
    <dbpedia-owl:abstract xml:lang="pl">Städel Museum (rówmież Städelsches Kunstinstitut und Städtische Galerie) − muzeum sztuki we Frankfurcie nad Menem. Zostało powołane do życia na początku XIX w. przez frankfurckiego bankiera Johanna Friedricha Städla jako akademia sztuk pięknych. W 1815 Städel przekazał miastu w testamencie swą kolekcję malarstwa i powołał instytut sztuki, którego zadaniem było kształcenie artystów i opieka nad zbiorami. W l. 1830-1843 szkołę prowadził Philip Veit. W 1878 nad brzegiem Menu wzniesiono neorenesansowy gmach muzeum (rozbudowany w 1920 i 1990). Galeria obejmuje dzieła artystów włoskich, niderlandzkich, holenderskich (Rembrandt, Frans Hals, Jan Vermeer, niemieckich, wśród nich tak znane obrazy, jak: Madonna z Lukki Jana van Eycka, Oślepienie Samsona Rembrandta, Geograf Vermeera van Delft oraz jedna z trzech wersji Odjazdu na Cyterę Antoine’a Watteau. W zbiorach muzeum znajduje się ok. 25 tys. rysunków i 65 tys. rycin.</dbpedia-owl:abstract>
    <dbpedia-owl:abstract xml:lang="es">El Städel Museum, oficialmente el Städelsches Kunstinstitut und Städtische Galerie, es un museo de arte en Fráncfort del Meno, con una de las más importantes colecciones de Alemania. El Städel tiene 2.700 cuadros (de los que se exhiben 600) y una colección gráfica de 100.000 dibujos y láminas así como 600 esculturas. Tiene unos 4.000 m² de muestra y una biblioteca de 100.000 libros y 400 publicaciones periódicas.</dbpedia-owl:abstract>
    <dbpedia-owl:abstract xml:lang="pt">O Städel (Städelsches Kunstinstitut und Städtische Galerie) é um museu de arte de Frankfurt am Main, sendo um dos mais importantes da Alemanha.</dbpedia-owl:abstract>
    <dbpedia-owl:abstract xml:lang="zh">施泰德，全称为 Städelsches Kunstinstitut und Städtische Galerie，是位于德国美因河畔法兰克福市的一家著名艺术博物馆，是德国最重要的艺术品博物馆之一。</dbpedia-owl:abstract>
    <dbpedia-owl:abstract xml:lang="it">Lo Städelsches Kunstinstitut und Stadtische Galerie &#39;Istituto d&#39;Arte Städel e Galleria cittadina&#39; è una galleria di pittura antica, arte moderna ed arte contemporanea, e si trova in Schaumainkai 63 a Francoforte sul Meno in Germania. Fu fondata per volontà del mercante e banchiere di Francoforte Johann Friedrich Städel, che col suo testamento del 1815, un anno prima della sua morte, nominò erede la città di tutta la sua famosa collezione d&#39;arte e delle sue ricchezze, con la clausola di costituire un Museo d&#39;arte ed un Istituto d&#39;arte annesso, ed eventualmente vendere delle opere per comprarne altre di migliore qualità. Il museo, costituito in fondazione di diritto privato, aprì di fatto nel 1817 (fu uno dei primissimi musei pubblici in Germania), nella dimora dello stesso fondatore. Solo successivamente, in seguito alla costante crescita delle collezioni, fu costruita una nuova sede apposita nella seconda metà dell&#39;800 (l&#39;ultimo ampliamento risale al 2009-2010). La accorta politica dei suoi direttori (spesso storici dell&#39;arte), i più importanti dei quali furono Johann David Passavant, Henri Thode, Georg Swarzenski, e il costante sostegno della ricca borghesia illuminata di Francoforte e degli istituti bancari, ne ha permesso un continuo arricchimento delle collezioni, costituite da dipinti e disegni dal Medioevo all&#39;età contemporanea. Una terribile perdita fu tuttavia la vendita, per volontà del regime nazista, di decine di opere di &#39;arte degenerata&#39;, avvenuta nel 1937, che portò alla perdita di capolavori come il Ritratto del dottor Gachet di Van Gogh (oggi in collezione privata), già comprato per volontà dell&#39;illuminato dirtettore Swarzenski solo pochi anni prima. Il museo espone opere di: Francis Bacon, Max Beckmann, Sandro Botticelli, Georges Braque, Agnolo Bronzino, Carlo Carrà, Edgar Degas, Henri Matisse, Claude Monet, Giorgio Morandi, Pablo Picasso, Camille Pissarro, Pierre-Auguste Renoir, Gino Severini, Alfred Sisley, Tiepolo, Tintoretto, Vincent Van Gogh, Rembrandt Harmenszoon Van Rijn, Jan Vermeer, Hans Baldung</dbpedia-owl:abstract>
    <dbpedia-owl:abstract xml:lang="ru">Штедель, официально Штеделевский художественный институт и городская галерея — художественный музей во Франкфурте-на-Майне, одно из наиболее значимых собраний искусства в Германии. В музее находятся 2 700 картин (600 из которых в действующей экспозиции) и 600 скульптур, собрание графики составляет около ста тысяч работ.</dbpedia-owl:abstract>
    <dbpedia-owl:wikiPageID rdf:datatype="http://www.w3.org/2001/XMLSchema#integer">2277165</dbpedia-owl:wikiPageID>
    <dbpedia-owl:wikiPageRevisionID rdf:datatype="http://www.w3.org/2001/XMLSchema#integer">547954907</dbpedia-owl:wikiPageRevisionID>
    <rdfs:label xml:lang="nl">Städel Museum</rdfs:label>
    <rdfs:label xml:lang="sv">Städel</rdfs:label>
    <rdfs:label xml:lang="ja">シュテーデル美術館</rdfs:label>
    <rdfs:label xml:lang="it">Städelsches Kunstinstitut</rdfs:label>
    <rdfs:label xml:lang="pt">Städel</rdfs:label>
    <rdfs:label xml:lang="en">Städel</rdfs:label>
    <rdfs:label xml:lang="de">Städelsches Kunstinstitut</rdfs:label>
    <rdfs:label xml:lang="es">Instituto Städel</rdfs:label>
    <rdfs:label xml:lang="zh">施泰德艺术馆</rdfs:label>
    <rdfs:label xml:lang="pl">Städel Museum</rdfs:label>
    <rdfs:label xml:lang="ru">Штеделевский художественный институт</rdfs:label>
    <rdfs:label xml:lang="fr">Städel</rdfs:label>
    <foaf:depiction rdf:resource="http://upload.wikimedia.org/wikipedia/commons/3/37/Staedel-Frankfurt-2013-Ffm-862-867.jpg" />
    <rdfs:comment xml:lang="sv">Städel, officiellt Städelsches Kunstinstitut und Städtische Galerie, är ett konstmuseum i Frankfurt am Main i Tyskland.</rdfs:comment>
    <rdfs:comment xml:lang="ru">Штедель, официально Штеделевский художественный институт и городская галерея — художественный музей во Франкфурте-на-Майне, одно из наиболее значимых собраний искусства в Германии. В музее находятся 2 700 картин (600 из которых в действующей экспозиции) и 600 скульптур, собрание графики составляет около ста тысяч работ.</rdfs:comment>
    <rdfs:comment xml:lang="pl">Städel Museum (rówmież Städelsches Kunstinstitut und Städtische Galerie) − muzeum sztuki we Frankfurcie nad Menem. Zostało powołane do życia na początku XIX w. przez frankfurckiego bankiera Johanna Friedricha Städla jako akademia sztuk pięknych. W 1815 Städel przekazał miastu w testamencie swą kolekcję malarstwa i powołał instytut sztuki, którego zadaniem było kształcenie artystów i opieka nad zbiorami. W l. 1830-1843 szkołę prowadził Philip Veit.</rdfs:comment>
    <rdfs:comment xml:lang="fr">Institut d’art Städel et galerie municipale - affectueusement surnommé le « Städel » (Städelsches Kunstinstitut), cet institut d&#39;art est l’un des plus importants et des plus célèbres musées d’art en Allemagne, situé à Francfort-sur-le-Main. Véritable joyau et cœur de la « Rive des musées » de Francfort.</rdfs:comment>
    <rdfs:comment xml:lang="ja">シュテーデル美術館（ドイツ語：Das Städel）は、ドイツのフランクフルト・アム・マイン市にある美術館である。</rdfs:comment>
    <rdfs:comment xml:lang="en">The Städel, officially the Städelsches Kunstinstitut und Städtische Galerie, is an art museum in Frankfurt am Main, with one of the most important collections in Germany. The Städel owns 2,700 paintings (of which 600 are displayed) and a collection of 100,000 drawings and prints as well as 600 sculptures. It has around 4,000 m² of display and a library of 100,000 books and 400 periodicals.</rdfs:comment>
    <rdfs:comment xml:lang="zh">施泰德，全称为 Städelsches Kunstinstitut und Städtische Galerie，是位于德国美因河畔法兰克福市的一家著名艺术博物馆，是德国最重要的艺术品博物馆之一。</rdfs:comment>
    <rdfs:comment xml:lang="es">El Städel Museum, oficialmente el Städelsches Kunstinstitut und Städtische Galerie, es un museo de arte en Fráncfort del Meno, con una de las más importantes colecciones de Alemania. El Städel tiene 2.700 cuadros (de los que se exhiben 600) y una colección gráfica de 100.000 dibujos y láminas así como 600 esculturas. Tiene unos 4.000 m² de muestra y una biblioteca de 100.000 libros y 400 publicaciones periódicas.</rdfs:comment>
    <rdfs:comment xml:lang="nl">Het Städel Museum, officieel Städelsches Kunstinstitut und Städtische Galerie is een museum met een van de belangrijkste kunstverzamelingen van Duitsland, gelegen aan de Museumsufer in Frankfurt am Main. Het museum bezit 2700 schilderijen (waarvan er 600 zijn tentoongesteld), een collectie grafisch werk (100.000 tekeningen en bladen grafiek) en 600 beelden. Het museum beschikt over een tentoonstellingsoppervlak van ca. 4.000 m², alsmede een bibliotheek met ca. 100.000 boeken.</rdfs:comment>
    <rdfs:comment xml:lang="it">Lo Städelsches Kunstinstitut und Stadtische Galerie &#39;Istituto d&#39;Arte Städel e Galleria cittadina&#39; è una galleria di pittura antica, arte moderna ed arte contemporanea, e si trova in Schaumainkai 63 a Francoforte sul Meno in Germania.</rdfs:comment>
    <rdfs:comment xml:lang="pt">O Städel (Städelsches Kunstinstitut und Städtische Galerie) é um museu de arte de Frankfurt am Main, sendo um dos mais importantes da Alemanha.</rdfs:comment>
    <dbpedia-owl:thumbnail rdf:resource="http://upload.wikimedia.org/wikipedia/commons/thumb/3/37/Staedel-Frankfurt-2013-Ffm-862-867.jpg/200px-Staedel-Frankfurt-2013-Ffm-862-867.jpg" />
    <dbpedia-owl:wikiPageExternalLink rdf:resource="http://www.youtube.com/staedelmuseum/" />
    <dbpedia-owl:wikiPageExternalLink rdf:resource="http://twitter.com/staedelmuseum/" />
    <dbpedia-owl:wikiPageExternalLink rdf:resource="http://www.staedelmuseum.de/" />
    <dbpedia-owl:wikiPageExternalLink rdf:resource="http://www.staedelmuseum.de/?id=312" />
    <dbpedia-owl:wikiPageExternalLink rdf:resource="http://lifestream.fm/staedelmuseum/" />
    <dbpedia-owl:wikiPageExternalLink rdf:resource="http://www.archive.org/stream/munichfrankfortc00vandrich#page/94/mode/2up" />
    <dbpedia-owl:wikiPageExternalLink rdf:resource="http://www.flickr.com/photos/staedelmuseum/" />
    <dbpedia-owl:wikiPageExternalLink rdf:resource="http://www.facebook.com/pages/Frankfurt-am-Main-Germany/Stadel-Museum/65702203754/" />
    <dbpedia-owl:wikiPageExternalLink rdf:resource="http://friendfeed.com/staedelmuseum/" />
    <geo:geometry rdf:datatype="http://www.openlinksw.com/schemas/virtrdf#Geometry">POINT(8.67389 50.1028)</geo:geometry>
    <foaf:isPrimaryTopicOf rdf:resource="http://en.wikipedia.org/wiki/Städel" />
    <geo:long rdf:datatype="http://www.w3.org/2001/XMLSchema#float">8.67389</geo:long>
    <geo:lat rdf:datatype="http://www.w3.org/2001/XMLSchema#float">50.1028</geo:lat>
    <ns8:wasDerivedFrom rdf:resource="http://en.wikipedia.org/wiki/Städel?oldid=547954907" />
    <grs:point xml:lang="en">50.102777777777774 8.67388888888889</grs:point>
    <dbpprop:hasPhotoCollection rdf:resource="http://wifo5-03.informatik.uni-mannheim.de/flickrwrappr/photos/Städel" />
  </rdf:Description>
  <rdf:Description rdf:about="http://dbpedia.org/resource/St%C3%A4del_Institute">
    <dbpedia-owl:wikiPageRedirects rdf:resource="http://dbpedia.org/resource/St%C3%A4del" />
  </rdf:Description>
  <rdf:Description rdf:about="http://dbpedia.org/resource/St%C3%A4del_Museum">
    <dbpedia-owl:wikiPageRedirects rdf:resource="http://dbpedia.org/resource/St%C3%A4del" />
  </rdf:Description>
  <rdf:Description rdf:about="http://dbpedia.org/resource/St%C3%A4delsches_Kunstinstitut">
    <dbpedia-owl:wikiPageRedirects rdf:resource="http://dbpedia.org/resource/St%C3%A4del" />
  </rdf:Description>
  <rdf:Description rdf:about="http://dbpedia.org/resource/Stadel_Gallery">
    <dbpedia-owl:wikiPageRedirects rdf:resource="http://dbpedia.org/resource/St%C3%A4del" />
  </rdf:Description>
  <rdf:Description rdf:about="http://dbpedia.org/resource/Stadel_Museum">
    <dbpedia-owl:wikiPageRedirects rdf:resource="http://dbpedia.org/resource/St%C3%A4del" />
  </rdf:Description>
  <rdf:Description rdf:about="http://dbpedia.org/resource/Stadelsches_Kunstinstitut">
    <dbpedia-owl:wikiPageRedirects rdf:resource="http://dbpedia.org/resource/St%C3%A4del" />
  </rdf:Description>
  <rdf:Description rdf:about="http://dbpedia.org/resource/Staedel">
    <dbpedia-owl:wikiPageRedirects rdf:resource="http://dbpedia.org/resource/St%C3%A4del" />
  </rdf:Description>
  <rdf:Description rdf:about="http://dbpedia.org/resource/Staedel_Institute">
    <dbpedia-owl:wikiPageRedirects rdf:resource="http://dbpedia.org/resource/St%C3%A4del" />
  </rdf:Description>
  <rdf:Description rdf:about="http://dbpedia.org/resource/Staedel_Museum">
    <dbpedia-owl:wikiPageRedirects rdf:resource="http://dbpedia.org/resource/St%C3%A4del" />
  </rdf:Description>
  <rdf:Description rdf:about="http://dbpedia.org/resource/Staedelsches_Kunstinstitut">
    <dbpedia-owl:wikiPageRedirects rdf:resource="http://dbpedia.org/resource/St%C3%A4del" />
  </rdf:Description>
  <rdf:Description rdf:about="http://dbpedia.org/resource/Paradiesg%C3%A4rtlein">
    <dbpedia-owl:museum rdf:resource="http://dbpedia.org/resource/St%C3%A4del" />
    <dbpprop:museum rdf:resource="http://dbpedia.org/resource/St%C3%A4del" />
  </rdf:Description>
  <rdf:Description rdf:about="http://dbpedia.org/resource/Medici_Madonna_(van_der_Weyden)">
    <dbpedia-owl:museum rdf:resource="http://dbpedia.org/resource/St%C3%A4del" />
  </rdf:Description>
  <rdf:Description rdf:about="http://en.wikipedia.org/wiki/Städel">
    <foaf:primaryTopic rdf:resource="http://dbpedia.org/resource/St%C3%A4del" />
  </rdf:Description>
</rdf:RDF>
