<?xml version="1.0" encoding="utf-8" ?>
<rdf:RDF
	xmlns:rdf="http://www.w3.org/1999/02/22-rdf-syntax-ns#"
	xmlns:rdfs="http://www.w3.org/2000/01/rdf-schema#"
	xmlns:owl="http://www.w3.org/2002/07/owl#"
	xmlns:dcterms="http://purl.org/dc/terms/"
	xmlns:dbpedia-owl="http://dbpedia.org/ontology/"
	xmlns:foaf="http://xmlns.com/foaf/0.1/"
	xmlns:dbpprop="http://dbpedia.org/property/"
	xmlns:geo="http://www.w3.org/2003/01/geo/wgs84_pos#"
	xmlns:ns8="http://www.w3.org/ns/prov#"
	xmlns:grs="http://www.georss.org/georss/" >
  <rdf:Description rdf:about="http://dbpedia.org/resource/Princess_Sophia_of_the_United_Kingdom">
    <dbpprop:placeOfChristening rdf:resource="http://dbpedia.org/resource/St_James&#39;s_Palace" />
  </rdf:Description>
  <rdf:Description rdf:about="http://dbpedia.org/resource/Princess_Augusta_of_Great_Britain">
    <dbpedia-owl:birthPlace rdf:resource="http://dbpedia.org/resource/St_James&#39;s_Palace" />
  </rdf:Description>
  <rdf:Description rdf:about="http://dbpedia.org/resource/Geoffrey_Drummond">
    <dbpedia-owl:birthPlace rdf:resource="http://dbpedia.org/resource/St_James&#39;s_Palace" />
    <dbpprop:birthPlace rdf:resource="http://dbpedia.org/resource/St_James&#39;s_Palace" />
    <dbpprop:placeOfBirth rdf:resource="http://dbpedia.org/resource/St_James&#39;s_Palace" />
  </rdf:Description>
  <rdf:Description rdf:about="http://dbpedia.org/resource/St._James&#39;s_Palace">
    <dbpedia-owl:wikiPageRedirects rdf:resource="http://dbpedia.org/resource/St_James&#39;s_Palace" />
  </rdf:Description>
  <rdf:Description rdf:about="http://dbpedia.org/resource/Prince_George_William_of_Great_Britain">
    <dbpedia-owl:birthPlace rdf:resource="http://dbpedia.org/resource/St_James&#39;s_Palace" />
    <dbpprop:birthPlace rdf:resource="http://dbpedia.org/resource/St_James&#39;s_Palace" />
    <dbpprop:placeOfBirth rdf:resource="http://dbpedia.org/resource/St_James&#39;s_Palace" />
    <dbpprop:placeOfChristening rdf:resource="http://dbpedia.org/resource/St_James&#39;s_Palace" />
  </rdf:Description>
  <rdf:Description rdf:about="http://dbpedia.org/resource/Princess_Caroline_of_Great_Britain">
    <dbpedia-owl:deathPlace rdf:resource="http://dbpedia.org/resource/St_James&#39;s_Palace" />
    <dbpprop:deathPlace rdf:resource="http://dbpedia.org/resource/St_James&#39;s_Palace" />
    <dbpprop:placeOfDeath rdf:resource="http://dbpedia.org/resource/St_James&#39;s_Palace" />
  </rdf:Description>
  <rdf:Description rdf:about="http://dbpedia.org/resource/Princess_Elizabeth_of_Clarence">
    <dbpedia-owl:birthPlace rdf:resource="http://dbpedia.org/resource/St_James&#39;s_Palace" />
    <dbpedia-owl:deathPlace rdf:resource="http://dbpedia.org/resource/St_James&#39;s_Palace" />
    <dbpprop:birthPlace rdf:resource="http://dbpedia.org/resource/St_James&#39;s_Palace" />
    <dbpprop:placeOfBirth rdf:resource="http://dbpedia.org/resource/St_James&#39;s_Palace" />
  </rdf:Description>
  <rdf:Description rdf:about="http://dbpedia.org/resource/William_Neville_Hart">
    <dbpedia-owl:birthPlace rdf:resource="http://dbpedia.org/resource/St_James&#39;s_Palace" />
  </rdf:Description>
  <rdf:Description rdf:about="http://cs.dbpedia.org/resource/St_James&#39;s_Palace">
    <owl:sameAs rdf:resource="http://dbpedia.org/resource/St_James&#39;s_Palace" />
  </rdf:Description>
  <rdf:Description rdf:about="http://el.dbpedia.org/resource/Παλάτι_του_Αγίου_Ιακώβου">
    <owl:sameAs rdf:resource="http://dbpedia.org/resource/St_James&#39;s_Palace" />
  </rdf:Description>
  <rdf:Description rdf:about="http://it.dbpedia.org/resource/St._James&#39;s_Palace">
    <owl:sameAs rdf:resource="http://dbpedia.org/resource/St_James&#39;s_Palace" />
  </rdf:Description>
  <rdf:Description rdf:about="http://dbpedia.org/resource/Bonaparte_Crossing_the_Alps">
    <dbpedia-owl:museum rdf:resource="http://dbpedia.org/resource/St_James&#39;s_Palace" />
    <dbpprop:museum rdf:resource="http://dbpedia.org/resource/St_James&#39;s_Palace" />
  </rdf:Description>
  <rdf:Description rdf:about="http://dbpedia.org/resource/Caroline_of_Ansbach">
    <dbpedia-owl:deathPlace rdf:resource="http://dbpedia.org/resource/St_James&#39;s_Palace" />
    <dbpprop:deathPlace rdf:resource="http://dbpedia.org/resource/St_James&#39;s_Palace" />
    <dbpprop:placeOfDeath rdf:resource="http://dbpedia.org/resource/St_James&#39;s_Palace" />
  </rdf:Description>
  <rdf:Description rdf:about="http://dbpedia.org/resource/George_IV_of_the_United_Kingdom">
    <dbpedia-owl:birthPlace rdf:resource="http://dbpedia.org/resource/St_James&#39;s_Palace" />
    <dbpprop:birthPlace rdf:resource="http://dbpedia.org/resource/St_James&#39;s_Palace" />
  </rdf:Description>
  <rdf:Description rdf:about="http://dbpedia.org/resource/Anne,_Queen_of_Great_Britain">
    <dbpedia-owl:birthPlace rdf:resource="http://dbpedia.org/resource/St_James&#39;s_Palace" />
    <dbpprop:birthPlace rdf:resource="http://dbpedia.org/resource/St_James&#39;s_Palace" />
  </rdf:Description>
  <rdf:Description rdf:about="http://dbpedia.org/resource/Charles_II_of_England">
    <dbpedia-owl:birthPlace rdf:resource="http://dbpedia.org/resource/St_James&#39;s_Palace" />
  </rdf:Description>
  <rdf:Description rdf:about="http://dbpedia.org/resource/James_II_of_England">
    <dbpedia-owl:birthPlace rdf:resource="http://dbpedia.org/resource/St_James&#39;s_Palace" />
  </rdf:Description>
  <rdf:Description rdf:about="http://dbpedia.org/resource/Mary_I_of_England">
    <dbpedia-owl:deathPlace rdf:resource="http://dbpedia.org/resource/St_James&#39;s_Palace" />
  </rdf:Description>
  <rdf:Description rdf:about="http://dbpedia.org/resource/Charles_Stuart,_Duke_of_Kendal">
    <dbpedia-owl:birthPlace rdf:resource="http://dbpedia.org/resource/St_James&#39;s_Palace" />
    <dbpedia-owl:deathPlace rdf:resource="http://dbpedia.org/resource/St_James&#39;s_Palace" />
    <dbpprop:birthPlace rdf:resource="http://dbpedia.org/resource/St_James&#39;s_Palace" />
    <dbpprop:deathPlace rdf:resource="http://dbpedia.org/resource/St_James&#39;s_Palace" />
    <dbpprop:placeOfBirth rdf:resource="http://dbpedia.org/resource/St_James&#39;s_Palace" />
    <dbpprop:placeOfDeath rdf:resource="http://dbpedia.org/resource/St_James&#39;s_Palace" />
  </rdf:Description>
  <rdf:Description rdf:about="http://dbpedia.org/resource/Mary,_Princess_Royal_and_Princess_of_Orange">
    <dbpedia-owl:birthPlace rdf:resource="http://dbpedia.org/resource/St_James&#39;s_Palace" />
    <dbpprop:birthPlace rdf:resource="http://dbpedia.org/resource/St_James&#39;s_Palace" />
    <dbpprop:placeOfBirth rdf:resource="http://dbpedia.org/resource/St_James&#39;s_Palace" />
  </rdf:Description>
  <rdf:Description rdf:about="http://dbpedia.org/resource/Prince_Frederick,_Duke_of_York_and_Albany">
    <dbpedia-owl:birthPlace rdf:resource="http://dbpedia.org/resource/St_James&#39;s_Palace" />
    <dbpprop:birthPlace rdf:resource="http://dbpedia.org/resource/St_James&#39;s_Palace" />
    <dbpprop:placeOfBirth rdf:resource="http://dbpedia.org/resource/St_James&#39;s_Palace" />
  </rdf:Description>
  <rdf:Description rdf:about="http://dbpedia.org/resource/Wedding_of_Prince_George,_Duke_of_York,_and_Princess_Mary_of_Teck">
    <dbpprop:location rdf:resource="http://dbpedia.org/resource/St_James&#39;s_Palace" />
  </rdf:Description>
  <rdf:Description rdf:about="http://es.dbpedia.org/resource/Palacio_de_St._James">
    <owl:sameAs rdf:resource="http://dbpedia.org/resource/St_James&#39;s_Palace" />
  </rdf:Description>
  <rdf:Description rdf:about="http://ja.dbpedia.org/resource/セント・ジェームズ宮殿">
    <owl:sameAs rdf:resource="http://dbpedia.org/resource/St_James&#39;s_Palace" />
  </rdf:Description>
  <rdf:Description rdf:about="http://pl.dbpedia.org/resource/St._James&#39;s_Palace">
    <owl:sameAs rdf:resource="http://dbpedia.org/resource/St_James&#39;s_Palace" />
  </rdf:Description>
  <rdf:Description rdf:about="http://dbpedia.org/resource/James_Francis_Edward_Stuart">
    <dbpedia-owl:birthPlace rdf:resource="http://dbpedia.org/resource/St_James&#39;s_Palace" />
    <dbpprop:birthPlace rdf:resource="http://dbpedia.org/resource/St_James&#39;s_Palace" />
    <dbpprop:placeOfBirth rdf:resource="http://dbpedia.org/resource/St_James&#39;s_Palace" />
  </rdf:Description>
  <rdf:Description rdf:about="http://dbpedia.org/resource/Princess_Augusta_of_Hesse-Kassel">
    <dbpedia-owl:deathPlace rdf:resource="http://dbpedia.org/resource/St_James&#39;s_Palace" />
    <dbpprop:deathPlace rdf:resource="http://dbpedia.org/resource/St_James&#39;s_Palace" />
    <dbpprop:placeOfDeath rdf:resource="http://dbpedia.org/resource/St_James&#39;s_Palace" />
  </rdf:Description>
  <rdf:Description rdf:about="http://dbpedia.org/resource/Isabel_Stuart">
    <dbpedia-owl:birthPlace rdf:resource="http://dbpedia.org/resource/St_James&#39;s_Palace" />
    <dbpprop:birthPlace rdf:resource="http://dbpedia.org/resource/St_James&#39;s_Palace" />
    <dbpprop:placeOfBirth rdf:resource="http://dbpedia.org/resource/St_James&#39;s_Palace" />
  </rdf:Description>
  <rdf:Description rdf:about="http://dbpedia.org/resource/James_Stuart,_Duke_of_Cambridge">
    <dbpedia-owl:birthPlace rdf:resource="http://dbpedia.org/resource/St_James&#39;s_Palace" />
    <dbpprop:birthPlace rdf:resource="http://dbpedia.org/resource/St_James&#39;s_Palace" />
    <dbpprop:placeOfBirth rdf:resource="http://dbpedia.org/resource/St_James&#39;s_Palace" />
  </rdf:Description>
  <rdf:Description rdf:about="http://dbpedia.org/resource/List_of_deserters_from_James_II_to_William_of_Orange">
    <dbpedia-owl:birthPlace rdf:resource="http://dbpedia.org/resource/St_James&#39;s_Palace" />
    <dbpprop:birthPlace rdf:resource="http://dbpedia.org/resource/St_James&#39;s_Palace" />
  </rdf:Description>
  <rdf:Description rdf:about="http://en.wikipedia.org/wiki/St_James&#39;s_Palace">
    <foaf:primaryTopic rdf:resource="http://dbpedia.org/resource/St_James&#39;s_Palace" />
  </rdf:Description>
  <rdf:Description rdf:about="http://dbpedia.org/resource/The_Music_Lesson">
    <dbpedia-owl:museum rdf:resource="http://dbpedia.org/resource/St_James&#39;s_Palace" />
    <dbpprop:museum rdf:resource="http://dbpedia.org/resource/St_James&#39;s_Palace" />
  </rdf:Description>
  <rdf:Description rdf:about="http://dbpedia.org/resource/St._James&#39;_Palace">
    <dbpedia-owl:wikiPageRedirects rdf:resource="http://dbpedia.org/resource/St_James&#39;s_Palace" />
  </rdf:Description>
  <rdf:Description rdf:about="http://dbpedia.org/resource/St_James%E2%80%99s_Palace">
    <dbpedia-owl:wikiPageRedirects rdf:resource="http://dbpedia.org/resource/St_James&#39;s_Palace" />
  </rdf:Description>
  <rdf:Description rdf:about="http://dbpedia.org/resource/Mary_II_of_England">
    <dbpedia-owl:birthPlace rdf:resource="http://dbpedia.org/resource/St_James&#39;s_Palace" />
    <dbpprop:birthPlace rdf:resource="http://dbpedia.org/resource/St_James&#39;s_Palace" />
    <dbpprop:placeOfBirth rdf:resource="http://dbpedia.org/resource/St_James&#39;s_Palace" />
  </rdf:Description>
  <rdf:Description rdf:about="http://dbpedia.org/resource/St_James&#39;s_Palace">
    <rdf:type rdf:resource="http://dbpedia.org/class/yago/Object100002684" />
    <rdf:type rdf:resource="http://dbpedia.org/class/yago/GradeIListedPalaces" />
    <rdf:type rdf:resource="http://dbpedia.org/class/yago/PalacesInLondon" />
    <rdf:type rdf:resource="http://dbpedia.org/class/yago/Housing103546340" />
    <rdf:type rdf:resource="http://dbpedia.org/class/yago/Artifact100021939" />
    <rdf:type rdf:resource="http://dbpedia.org/class/yago/PhysicalEntity100001930" />
    <rdf:type rdf:resource="http://dbpedia.org/class/yago/GradeIListedBuildingsInLondon" />
    <rdf:type rdf:resource="http://www.opengis.net/gml/_Feature" />
    <rdf:type rdf:resource="http://dbpedia.org/class/yago/YagoPermanentlyLocatedEntity" />
    <rdf:type rdf:resource="http://dbpedia.org/class/yago/BuildingsAndStructuresInWestminster" />
    <rdf:type rdf:resource="http://dbpedia.org/class/yago/Dwelling103259505" />
    <rdf:type rdf:resource="http://dbpedia.org/class/yago/TudorRoyalPalacesInEngland" />
    <rdf:type rdf:resource="http://dbpedia.org/ontology/Place" />
    <rdf:type rdf:resource="http://schema.org/Place" />
    <rdf:type rdf:resource="http://www.w3.org/2002/07/owl#Thing" />
    <rdf:type rdf:resource="http://dbpedia.org/class/yago/House103544360" />
    <rdf:type rdf:resource="http://dbpedia.org/class/yago/Structure104341686" />
    <rdf:type rdf:resource="http://dbpedia.org/class/yago/Palace103878066" />
    <rdf:type rdf:resource="http://dbpedia.org/ontology/Settlement" />
    <rdf:type rdf:resource="http://dbpedia.org/ontology/PopulatedPlace" />
    <rdf:type rdf:resource="http://dbpedia.org/class/yago/YagoGeoEntity" />
    <rdf:type rdf:resource="http://dbpedia.org/class/yago/Whole100003553" />
    <rdf:type rdf:resource="http://dbpedia.org/class/yago/Mansion103719053" />
    <rdf:type rdf:resource="http://dbpedia.org/class/yago/Building102913152" />
    <rdf:type rdf:resource="http://dbpedia.org/class/yago/RoyalBuildingsInLondon" />
    <owl:sameAs rdf:resource="http://ja.dbpedia.org/resource/セント・ジェームズ宮殿" />
    <owl:sameAs rdf:resource="http://tr.dbpedia.org/resource/Saint_James_Sarayı" />
    <owl:sameAs rdf:resource="http://zh.dbpedia.org/resource/聖詹姆士宮" />
    <owl:sameAs rdf:resource="http://th.dbpedia.org/resource/พระราชวังเซนต์เจมส์" />
    <owl:sameAs rdf:resource="http://it.dbpedia.org/resource/St._James&#39;s_Palace" />
    <owl:sameAs rdf:resource="http://dbpedia.org/resource/St_James&#39;s_Palace" />
    <owl:sameAs rdf:resource="http://sv.dbpedia.org/resource/Saint_James’s_Palace" />
    <owl:sameAs rdf:resource="http://he.dbpedia.org/resource/ארמון_סנט_ג&#39;יימס" />
    <owl:sameAs rdf:resource="http://de.dbpedia.org/resource/St._James’s_Palace" />
    <owl:sameAs rdf:resource="http://el.dbpedia.org/resource/Παλάτι_του_Αγίου_Ιακώβου" />
    <owl:sameAs rdf:resource="http://pl.dbpedia.org/resource/St._James&#39;s_Palace" />
    <owl:sameAs rdf:resource="http://be.dbpedia.org/resource/Сент-Джэймскі_палац" />
    <owl:sameAs rdf:resource="http://da.dbpedia.org/resource/St._James&#39;s_Palace" />
    <owl:sameAs rdf:resource="http://mk.dbpedia.org/resource/Палата_Свети_Јаков" />
    <owl:sameAs rdf:resource="http://ro.dbpedia.org/resource/Palatul_St._James" />
    <owl:sameAs rdf:resource="http://af.dbpedia.org/resource/Sint_James-paleis" />
    <owl:sameAs rdf:resource="http://ru.dbpedia.org/resource/Сент-Джеймсский_дворец" />
    <owl:sameAs rdf:resource="http://no.dbpedia.org/resource/St._James&#39;s_Palace" />
    <owl:sameAs rdf:resource="http://eu.dbpedia.org/resource/St._James_jauregia" />
    <owl:sameAs rdf:resource="http://simple.dbpedia.org/resource/St._James&#39;s_Palace" />
    <owl:sameAs rdf:resource="http://rdf.freebase.com/ns/m.01yv_q" />
    <owl:sameAs rdf:resource="http://fi.dbpedia.org/resource/St_Jamesin_palatsi" />
    <owl:sameAs rdf:resource="http://ca.dbpedia.org/resource/Palau_de_Saint_James" />
    <owl:sameAs rdf:resource="http://pt.dbpedia.org/resource/Palácio_de_St._James" />
    <owl:sameAs rdf:resource="http://cs.dbpedia.org/resource/St_James&#39;s_Palace" />
    <owl:sameAs rdf:resource="http://nl.dbpedia.org/resource/St._James&#39;s_Palace" />
    <owl:sameAs rdf:resource="http://sk.dbpedia.org/resource/St._James’s_Palace" />
    <owl:sameAs rdf:resource="http://uk.dbpedia.org/resource/Сент-Джеймський_палац" />
    <owl:sameAs rdf:resource="http://yago-knowledge.org/resource/St_James&#39;s_Palace" />
    <owl:sameAs rdf:resource="http://ar.dbpedia.org/resource/قصر_سانت_جيمس" />
    <owl:sameAs rdf:resource="http://www.wikidata.org/entity/Q272162" />
    <owl:sameAs rdf:resource="http://fa.dbpedia.org/resource/کاخ_سنت_جیمز" />
    <owl:sameAs rdf:resource="http://bg.dbpedia.org/resource/Сейнт_Джеймс_(дворец)" />
    <owl:sameAs rdf:resource="http://es.dbpedia.org/resource/Palacio_de_St._James" />
    <owl:sameAs rdf:resource="http://fr.dbpedia.org/resource/Palais_St._James" />
    <dcterms:subject rdf:resource="http://dbpedia.org/resource/Category:Buildings_and_structures_in_Westminster" />
    <dcterms:subject rdf:resource="http://dbpedia.org/resource/Category:Grade_I_listed_buildings_in_London" />
    <dcterms:subject rdf:resource="http://dbpedia.org/resource/Category:Palaces_in_London" />
    <dcterms:subject rdf:resource="http://dbpedia.org/resource/Category:Grade_I_listed_palaces" />
    <dcterms:subject rdf:resource="http://dbpedia.org/resource/Category:Tudor_royal_palaces_in_England" />
    <dcterms:subject rdf:resource="http://dbpedia.org/resource/Category:Royal_residences_in_London" />
    <dbpedia-owl:abstract xml:lang="de">Obwohl die britischen Monarchen seit 1837 im Buckingham Palace wohnen, ist der St.  James’s Palace bis heute deren offizielle Londoner Residenz. Hier werden die ausländischen Botschafter im Vereinigten Königreich akkreditiert, und auch die Proklamation eines neuen Monarchen findet hier statt. Das in der Zeit von 1532 bis 1540 durch Heinrich VIII. errichtete Gebäude ist durch den St.  James’s Park vom Buckingham Palace getrennt. Hier starben am 23.  Juli 1536 Henry Fitzroy, 1. Duke of Richmond and Somerset und am 17.  November 1558 Königin Maria I. Zu Zeiten der von 1714 bis 1837 währenden Personalunion Großbritanniens mit dem Kurfürstentum bzw. ab 1814 Königreich Hannover diente das Gebäude als Residenz der Beamten der Deutschen Kanzlei des Königs, die die Verbindung zwischen dem Monarchen und seinen Stammlanden aufrechterhielten. Der frühere Sitz der britischen Königinmutter, Clarence House, liegt innerhalb der Palastmauern. St.  James’s Palace wird heute vom Prince of Wales und anderen Verwandten der britischen Königin bewohnt.</dbpedia-owl:abstract>
    <dbpedia-owl:abstract xml:lang="ru">Сент-Джеймсский дворец — один из старейших в Лондоне. Находится на улице Пэлл Мэлл к северу от одноимённого парка. Построен на месте средневекового лепрозория св. Иакова (Джеймса) из красного кирпича как вторая столичная резиденция Генриха VIII. Здесь умерла его дочь Мария Тюдор, и в дворцовой капелле покоятся её внутренности и сердце.</dbpedia-owl:abstract>
    <dbpedia-owl:abstract xml:lang="fr">Le palais Saint James est l’un des plus vieux palais de Londres. Il est situé entre Pall Mall et The Mall, juste au nord de St James’s Park. Bien que les souverains britanniques n’y résident plus depuis 1837, date de l’accession au trône de la reine Victoria, il reste la résidence administrative officielle de la Couronne, toujours appelée Court of St. James’s.</dbpedia-owl:abstract>
    <dbpedia-owl:abstract xml:lang="zh">聖詹姆士宮是倫敦历史最悠久的宮殿之一。它坐落在聖詹姆斯區的蓓尔美尔街上，北临聖詹姆士公園。雖然英國君主已經有近兩個世紀的時間沒有在這裡居住，但它至今仍然是英國君主的正式王宫，且在英國各王宮中居于首位。基於這個原因，英国朝廷（Royal Court）即以聖詹姆士宮为名，正式名稱为"聖詹姆士朝廷"（Court of St. James&#39;s）。</dbpedia-owl:abstract>
    <dbpedia-owl:abstract xml:lang="ja">セント・ジェームズ宮殿 （St. James&#39;s Palace）は、ロンドンにある最も古い宮殿の一つ。セント・ジェームズ公園のちょうど北側、ポール・マルにある。</dbpedia-owl:abstract>
    <dbpedia-owl:abstract xml:lang="es">El palacio de St. James es uno de los palacios más antiguos de Londres, Inglaterra. Está situado en el Mall, justo al norte del parque de St. James. El palacio fue construido por Enrique VIII en 1530 en los terrenos en que se erigía un hospital de leprosos. Lo dedicó a Santiago y está construido en estilo Tudor. Se convirtió en la residencia principal de los monarcas en Londres cuando ardió el Palacio de Whitehall. Llegó a ser de este modo uno de los centros administrativos de la monarquía (rol que aún mantiene). No obstante, perdió mucha influencia cuando la reina Victoria decidió trasladar la residencia oficial de la monarquía británica al Palacio de Buckingham.</dbpedia-owl:abstract>
    <dbpedia-owl:abstract xml:lang="pt">O Palácio de St. James é um dos mais antigos palácios da Inglaterra. Está situado no Pall Mall, a Norte do St. James&#39;s Park, em Londres.</dbpedia-owl:abstract>
    <dbpedia-owl:abstract xml:lang="nl">St. James&#39;s Palace is een van de oudste koninklijke paleizen in Londen. Het paleis staat aan de The Mall, ten noorden van St. James&#39;s Park. De hoofdingang is gelegen aan Pall Mall. Tijdens de periode van de Commonwealth werd het gebouw gebruikt als kazerne. Karel II herstelde het gebouw en liet ook het gelijknamige park aanleggen. Het oorspronkelijke gebouw, opgetrokken in de Tudor-stijl uit rode baksteen, werd in 1809 grotendeels door brand verwoest. Wat ervan resteert is de 16e-eeuwse toegangspoort. St. James&#39;s Palace werd gebouwd voor koning Hendrik VIII en was de koninklijke residentie van 1691 tot 1837, waarna koningin Victoria het hof verplaatste naar Buckingham Palace. De naam van het paleis, en van het aangrenzende park, verwijst naar het leprozenziekenhuis dat eerder op deze plaats was gevestigd en gewijd was aan de apostel Jakobus de Mindere. Het Britse hof heet officieel nog steeds Court of St. James&#39;s. Het administratieve centrum van het hof is er gevestigd en het gebouw doet verder dienst als ontvangstplaats bij officiële recepties, huwelijken en doopplechtigheden. Tevens is het de Londense verblijfplaats van prinses Anne en prinses Alexandra van Kent.</dbpedia-owl:abstract>
    <dbpedia-owl:abstract xml:lang="it">St. James&#39;s Palace è una residenza reale britannica, oltre che uno dei più antichi palazzi della città di Londra. Si trova su Pall Mall a nord di St. James&#39;s Park, uno dei Parchi Reali della città.</dbpedia-owl:abstract>
    <dbpedia-owl:abstract xml:lang="sv">Saint James’s Palace (på engelska vanligen stavat St James&#39;s Palace) är ett av Londons äldsta och mest historiska palats. Det ligger på The Mall, strax norr om St. James&#39;s Park. Trots att ingen brittisk monark har bott här på nästan två sekel är det fortfarande monarkens officiella residens. Av den anledningen ger den namn åt det kungliga hovet. Palatset beställdes 1530 av kung Henrik VIII, på platsen där det tidigare legat ett leprasjukhus tillägnat aposteln Jakob (Alfeus son) (”Saint James the Less”), som palatset och den näraliggande parken är uppkallat efter. Det byggdes i rött tegel i tudorstil runt fyra innergårdar. Det blev huvudresidenset för monarken i London från 1698, då Whitehall Palace förstördes i en brand, och blev kungamaktens administrativa centrum (och är det fortfarande). Drottning Maria I avled där och hennes hjärta och inälvor begravdes i palatset. Det användes som kasern under republiktiden innan det renoverades av kung Karl II, som också planlade Saint James’s Park. Även om Huset Hannover från början använde Saint James’s Palace, förstördes stora delar av det 1809 vid en brand, Henrik VIII:s port var det enda större i originaltudorstil som återstod. Medan det återuppbyggdes valde Georg III att använda sig av Buckingham House – föregångaren till Buckingham Palace – som sitt Londonresidens. Saint James&#39;s Palace kom alltmer att enbart användas för formella tillställningar som officiella mottagningar, kungliga bröllop och dop. Drottning Viktoria genomförde formellt flytten 1837, vilket ändade Saint James’s status som monarkens primära residens. Vissa delar av palatset används dock fortfarande av den kungliga familjen och hovförvaltningen. Utländska ambassadörer ackrediteras dock fortfarande till ”Court of St. James’s” (hovet i Saint James’s).</dbpedia-owl:abstract>
    <dbpedia-owl:abstract xml:lang="pl">St. James&#39;s Palace – jeden z najstarszych pałaców w Londynie. Znajduje się przy ulicy Pall Mall, w pobliżu Parku św. Jakuba, w dzielnicy City of Westminster. Stanowi najstarszą część kompleksu budynków dworu królewskiego położonych w tej części miasta. Nadal jest używany przez rodzinę królewską i podległych jej urzędników, w związku z czym pozostaje niedostępny dla turystów.</dbpedia-owl:abstract>
    <dbpedia-owl:abstract xml:lang="en">St James&#39; Palace (sometimes spelled St James Palace or St James&#39;s Palace) is one of London&#39;s oldest palaces. It is situated in Pall Mall, just north of St James&#39;s Park. Although no sovereign has resided there for almost two centuries, it has remained the official residence of the Sovereign and the most senior royal palace in the UK. For this reason it gives its name to the Royal Court. It is the ceremonial gathering place of the Accession Council, which proclaims a new sovereign.</dbpedia-owl:abstract>
    <dbpedia-owl:wikiPageID rdf:datatype="http://www.w3.org/2001/XMLSchema#integer">347356</dbpedia-owl:wikiPageID>
    <dbpedia-owl:wikiPageRevisionID rdf:datatype="http://www.w3.org/2001/XMLSchema#integer">542779257</dbpedia-owl:wikiPageRevisionID>
    <rdfs:label xml:lang="en">St James&#39;s Palace</rdfs:label>
    <rdfs:label xml:lang="pt">Palácio de St. James</rdfs:label>
    <rdfs:label xml:lang="pl">St. James&#39;s Palace</rdfs:label>
    <rdfs:label xml:lang="fr">Palais St. James</rdfs:label>
    <rdfs:label xml:lang="zh">聖詹姆士宮</rdfs:label>
    <rdfs:label xml:lang="de">St. James’s Palace</rdfs:label>
    <rdfs:label xml:lang="it">St. James&#39;s Palace</rdfs:label>
    <rdfs:label xml:lang="ja">セント・ジェームズ宮殿</rdfs:label>
    <rdfs:label xml:lang="nl">St. James&#39;s Palace</rdfs:label>
    <rdfs:label xml:lang="es">Palacio de St. James</rdfs:label>
    <rdfs:label xml:lang="sv">St. James’s Palace</rdfs:label>
    <rdfs:label xml:lang="ru">Сент-Джеймсский дворец</rdfs:label>
    <foaf:depiction rdf:resource="http://upload.wikimedia.org/wikipedia/commons/8/8a/St_james_palace.jpg" />
    <rdfs:comment xml:lang="es">El palacio de St. James es uno de los palacios más antiguos de Londres, Inglaterra. Está situado en el Mall, justo al norte del parque de St. James. El palacio fue construido por Enrique VIII en 1530 en los terrenos en que se erigía un hospital de leprosos. Lo dedicó a Santiago y está construido en estilo Tudor. Se convirtió en la residencia principal de los monarcas en Londres cuando ardió el Palacio de Whitehall.</rdfs:comment>
    <rdfs:comment xml:lang="nl">St. James&#39;s Palace is een van de oudste koninklijke paleizen in Londen. Het paleis staat aan de The Mall, ten noorden van St. James&#39;s Park. De hoofdingang is gelegen aan Pall Mall. Tijdens de periode van de Commonwealth werd het gebouw gebruikt als kazerne. Karel II herstelde het gebouw en liet ook het gelijknamige park aanleggen. Het oorspronkelijke gebouw, opgetrokken in de Tudor-stijl uit rode baksteen, werd in 1809 grotendeels door brand verwoest.</rdfs:comment>
    <rdfs:comment xml:lang="pl">St. James&#39;s Palace – jeden z najstarszych pałaców w Londynie. Znajduje się przy ulicy Pall Mall, w pobliżu Parku św. Jakuba, w dzielnicy City of Westminster. Stanowi najstarszą część kompleksu budynków dworu królewskiego położonych w tej części miasta. Nadal jest używany przez rodzinę królewską i podległych jej urzędników, w związku z czym pozostaje niedostępny dla turystów.</rdfs:comment>
    <rdfs:comment xml:lang="en">St James&#39; Palace (sometimes spelled St James Palace or St James&#39;s Palace) is one of London&#39;s oldest palaces. It is situated in Pall Mall, just north of St James&#39;s Park. Although no sovereign has resided there for almost two centuries, it has remained the official residence of the Sovereign and the most senior royal palace in the UK. For this reason it gives its name to the Royal Court. It is the ceremonial gathering place of the Accession Council, which proclaims a new sovereign.</rdfs:comment>
    <rdfs:comment xml:lang="sv">Saint James’s Palace (på engelska vanligen stavat St James&#39;s Palace) är ett av Londons äldsta och mest historiska palats. Det ligger på The Mall, strax norr om St. James&#39;s Park. Trots att ingen brittisk monark har bott här på nästan två sekel är det fortfarande monarkens officiella residens. Av den anledningen ger den namn åt det kungliga hovet.</rdfs:comment>
    <rdfs:comment xml:lang="ja">セント・ジェームズ宮殿 （St. James&#39;s Palace）は、ロンドンにある最も古い宮殿の一つ。セント・ジェームズ公園のちょうど北側、ポール・マルにある。</rdfs:comment>
    <rdfs:comment xml:lang="de">Obwohl die britischen Monarchen seit 1837 im Buckingham Palace wohnen, ist der St.  James’s Palace bis heute deren offizielle Londoner Residenz. Hier werden die ausländischen Botschafter im Vereinigten Königreich akkreditiert, und auch die Proklamation eines neuen Monarchen findet hier statt. Das in der Zeit von 1532 bis 1540 durch Heinrich VIII. errichtete Gebäude ist durch den St.  James’s Park vom Buckingham Palace getrennt. Hier starben am 23.  Juli 1536 Henry Fitzroy, 1.</rdfs:comment>
    <rdfs:comment xml:lang="fr">Le palais Saint James est l’un des plus vieux palais de Londres. Il est situé entre Pall Mall et The Mall, juste au nord de St James’s Park. Bien que les souverains britanniques n’y résident plus depuis 1837, date de l’accession au trône de la reine Victoria, il reste la résidence administrative officielle de la Couronne, toujours appelée Court of St. James’s.</rdfs:comment>
    <rdfs:comment xml:lang="ru">Сент-Джеймсский дворец — один из старейших в Лондоне. Находится на улице Пэлл Мэлл к северу от одноимённого парка. Построен на месте средневекового лепрозория св. Иакова (Джеймса) из красного кирпича как вторая столичная резиденция Генриха VIII. Здесь умерла его дочь Мария Тюдор, и в дворцовой капелле покоятся её внутренности и сердце.</rdfs:comment>
    <rdfs:comment xml:lang="zh">聖詹姆士宮是倫敦历史最悠久的宮殿之一。它坐落在聖詹姆斯區的蓓尔美尔街上，北临聖詹姆士公園。雖然英國君主已經有近兩個世紀的時間沒有在這裡居住，但它至今仍然是英國君主的正式王宫，且在英國各王宮中居于首位。基於這個原因，英国朝廷（Royal Court）即以聖詹姆士宮为名，正式名稱为"聖詹姆士朝廷"（Court of St. James&#39;s）。</rdfs:comment>
    <rdfs:comment xml:lang="it">St. James&#39;s Palace è una residenza reale britannica, oltre che uno dei più antichi palazzi della città di Londra. Si trova su Pall Mall a nord di St. James&#39;s Park, uno dei Parchi Reali della città.</rdfs:comment>
    <rdfs:comment xml:lang="pt">O Palácio de St. James é um dos mais antigos palácios da Inglaterra. Está situado no Pall Mall, a Norte do St. James&#39;s Park, em Londres.</rdfs:comment>
    <dbpedia-owl:thumbnail rdf:resource="http://upload.wikimedia.org/wikipedia/commons/thumb/8/8a/St_james_palace.jpg/200px-St_james_palace.jpg" />
    <dbpedia-owl:wikiPageExternalLink rdf:resource="http://www.british-history.ac.uk/report.aspx?compid=45186" />
    <dbpedia-owl:wikiPageExternalLink rdf:resource="http://www.pastscape.org/hob.aspx?hob_id=401435" />
    <dbpedia-owl:wikiPageExternalLink rdf:resource="http://www.londondrum.com/cityguide/st-jamess-palace.php" />
    <dbpedia-owl:wikiPageExternalLink rdf:resource="http://www.fcm.org.uk/Find_Cathedrals/England/Other/London_Chapel_Royal_St_James.html" />
    <dbpedia-owl:wikiPageExternalLink rdf:resource="http://viewfinder.english-heritage.org.uk/search/reference.aspx?uid=79061&amp;index=0&amp;mainQuery=st%20james%20palace&amp;searchType=all&amp;form=home" />
    <dbpedia-owl:wikiPageExternalLink rdf:resource="http://www.royal.gov.uk/TheRoyalResidences/StJamessPalace/StJamessPalace.aspx" />
    <geo:geometry rdf:datatype="http://www.openlinksw.com/schemas/virtrdf#Geometry">POINT(-0.1375 51.5047)</geo:geometry>
    <foaf:isPrimaryTopicOf rdf:resource="http://en.wikipedia.org/wiki/St_James&#39;s_Palace" />
    <geo:long rdf:datatype="http://www.w3.org/2001/XMLSchema#float">-0.1375</geo:long>
    <geo:lat rdf:datatype="http://www.w3.org/2001/XMLSchema#float">51.5047</geo:lat>
    <ns8:wasDerivedFrom rdf:resource="http://en.wikipedia.org/wiki/St_James&#39;s_Palace?oldid=542779257" />
    <grs:point xml:lang="en">51.50472222222222 -0.1375</grs:point>
    <dbpprop:hasPhotoCollection rdf:resource="http://wifo5-03.informatik.uni-mannheim.de/flickrwrappr/photos/St_James&#39;s_Palace" />
  </rdf:Description>
  <rdf:Description rdf:about="http://dbpedia.org/resource/John_Carstairs_McNeill">
    <dbpedia-owl:deathPlace rdf:resource="http://dbpedia.org/resource/St_James&#39;s_Palace" />
    <dbpprop:deathPlace rdf:resource="http://dbpedia.org/resource/St_James&#39;s_Palace" />
    <dbpprop:placeOfDeath rdf:resource="http://dbpedia.org/resource/St_James&#39;s_Palace" />
  </rdf:Description>
  <rdf:Description rdf:about="http://de.dbpedia.org/resource/St._James’s_Palace">
    <owl:sameAs rdf:resource="http://dbpedia.org/resource/St_James&#39;s_Palace" />
  </rdf:Description>
  <rdf:Description rdf:about="http://fr.dbpedia.org/resource/Palais_St._James">
    <owl:sameAs rdf:resource="http://dbpedia.org/resource/St_James&#39;s_Palace" />
  </rdf:Description>
  <rdf:Description rdf:about="http://ru.dbpedia.org/resource/Сент-Джеймсский_дворец">
    <owl:sameAs rdf:resource="http://dbpedia.org/resource/St_James&#39;s_Palace" />
  </rdf:Description>
  <rdf:Description rdf:about="http://dbpedia.org/resource/St_James&#39;s_Palace,_London">
    <dbpedia-owl:wikiPageRedirects rdf:resource="http://dbpedia.org/resource/St_James&#39;s_Palace" />
  </rdf:Description>
  <rdf:Description rdf:about="http://dbpedia.org/resource/St_James&#39;_Palace">
    <dbpedia-owl:wikiPageRedirects rdf:resource="http://dbpedia.org/resource/St_James&#39;s_Palace" />
  </rdf:Description>
  <rdf:Description rdf:about="http://dbpedia.org/resource/Saint_James&#39;s_Palace">
    <dbpedia-owl:wikiPageRedirects rdf:resource="http://dbpedia.org/resource/St_James&#39;s_Palace" />
  </rdf:Description>
  <rdf:Description rdf:about="http://dbpedia.org/resource/St._James_Palace">
    <dbpedia-owl:wikiPageRedirects rdf:resource="http://dbpedia.org/resource/St_James&#39;s_Palace" />
  </rdf:Description>
  <rdf:Description rdf:about="http://dbpedia.org/resource/St_James_Palace">
    <dbpedia-owl:wikiPageRedirects rdf:resource="http://dbpedia.org/resource/St_James&#39;s_Palace" />
  </rdf:Description>
  <rdf:Description rdf:about="http://dbpedia.org/resource/Charles_Beaumont_Phipps">
    <dbpedia-owl:deathPlace rdf:resource="http://dbpedia.org/resource/St_James&#39;s_Palace" />
  </rdf:Description>
  <rdf:Description rdf:about="http://pt.dbpedia.org/resource/Palácio_de_St._James">
    <owl:sameAs rdf:resource="http://dbpedia.org/resource/St_James&#39;s_Palace" />
  </rdf:Description>
  <rdf:Description rdf:about="http://dbpedia.org/resource/Chapel_Royal,_St._James&#39;s">
    <dbpedia-owl:wikiPageRedirects rdf:resource="http://dbpedia.org/resource/St_James&#39;s_Palace" />
  </rdf:Description>
  <rdf:Description rdf:about="http://dbpedia.org/resource/Chapel_Royal_(St._James&#39;s_Palace)">
    <dbpedia-owl:wikiPageRedirects rdf:resource="http://dbpedia.org/resource/St_James&#39;s_Palace" />
  </rdf:Description>
  <rdf:Description rdf:about="http://dbpedia.org/resource/Elizabeth_Stuart_(1635%E2%80%931650)">
    <dbpedia-owl:birthPlace rdf:resource="http://dbpedia.org/resource/St_James&#39;s_Palace" />
    <dbpprop:birthPlace rdf:resource="http://dbpedia.org/resource/St_James&#39;s_Palace" />
    <dbpprop:placeOfBirth rdf:resource="http://dbpedia.org/resource/St_James&#39;s_Palace" />
    <dbpprop:placeOfChristening rdf:resource="http://dbpedia.org/resource/St_James&#39;s_Palace" />
  </rdf:Description>
  <rdf:Description rdf:about="http://dbpedia.org/resource/Anne_of_England_(1637%E2%80%931640)">
    <dbpedia-owl:birthPlace rdf:resource="http://dbpedia.org/resource/St_James&#39;s_Palace" />
    <dbpprop:birthPlace rdf:resource="http://dbpedia.org/resource/St_James&#39;s_Palace" />
    <dbpprop:placeOfBirth rdf:resource="http://dbpedia.org/resource/St_James&#39;s_Palace" />
  </rdf:Description>
  <rdf:Description rdf:about="http://dbpedia.org/resource/Charles_Stuart,_Duke_of_Cambridge_(1677)">
    <dbpedia-owl:birthPlace rdf:resource="http://dbpedia.org/resource/St_James&#39;s_Palace" />
    <dbpedia-owl:deathPlace rdf:resource="http://dbpedia.org/resource/St_James&#39;s_Palace" />
    <dbpprop:birthPlace rdf:resource="http://dbpedia.org/resource/St_James&#39;s_Palace" />
    <dbpprop:deathPlace rdf:resource="http://dbpedia.org/resource/St_James&#39;s_Palace" />
  </rdf:Description>
  <rdf:Description rdf:about="http://dbpedia.org/resource/Saint_James&#39;_Palace">
    <dbpedia-owl:wikiPageRedirects rdf:resource="http://dbpedia.org/resource/St_James&#39;s_Palace" />
  </rdf:Description>
  <rdf:Description rdf:about="http://nl.dbpedia.org/resource/St._James&#39;s_Palace">
    <owl:sameAs rdf:resource="http://dbpedia.org/resource/St_James&#39;s_Palace" />
  </rdf:Description>
  <rdf:Description rdf:about="http://eu.dbpedia.org/resource/St._James_jauregia">
    <owl:sameAs rdf:resource="http://dbpedia.org/resource/St_James&#39;s_Palace" />
  </rdf:Description>
  <rdf:Description rdf:about="http://wikidata.dbpedia.org/resource/Q272162">
    <owl:sameAs rdf:resource="http://dbpedia.org/resource/St_James&#39;s_Palace" />
  </rdf:Description>
  <rdf:Description rdf:about="http://zh.dbpedia.org/resource/聖詹姆士宮">
    <owl:sameAs rdf:resource="http://dbpedia.org/resource/St_James&#39;s_Palace" />
  </rdf:Description>
  <rdf:Description rdf:about="http://af.dbpedia.org/resource/Sint_James-paleis">
    <owl:sameAs rdf:resource="http://dbpedia.org/resource/St_James&#39;s_Palace" />
  </rdf:Description>
  <rdf:Description rdf:about="http://ar.dbpedia.org/resource/قصر_سانت_جيمس">
    <owl:sameAs rdf:resource="http://dbpedia.org/resource/St_James&#39;s_Palace" />
  </rdf:Description>
  <rdf:Description rdf:about="http://be.dbpedia.org/resource/Сент-Джэймскі_палац">
    <owl:sameAs rdf:resource="http://dbpedia.org/resource/St_James&#39;s_Palace" />
  </rdf:Description>
  <rdf:Description rdf:about="http://bg.dbpedia.org/resource/Сейнт_Джеймс_(дворец)">
    <owl:sameAs rdf:resource="http://dbpedia.org/resource/St_James&#39;s_Palace" />
  </rdf:Description>
  <rdf:Description rdf:about="http://ca.dbpedia.org/resource/Palau_de_Saint_James">
    <owl:sameAs rdf:resource="http://dbpedia.org/resource/St_James&#39;s_Palace" />
  </rdf:Description>
  <rdf:Description rdf:about="http://da.dbpedia.org/resource/St._James&#39;s_Palace">
    <owl:sameAs rdf:resource="http://dbpedia.org/resource/St_James&#39;s_Palace" />
  </rdf:Description>
  <rdf:Description rdf:about="http://fa.dbpedia.org/resource/کاخ_سنت_جیمز">
    <owl:sameAs rdf:resource="http://dbpedia.org/resource/St_James&#39;s_Palace" />
  </rdf:Description>
  <rdf:Description rdf:about="http://fi.dbpedia.org/resource/St_Jamesin_palatsi">
    <owl:sameAs rdf:resource="http://dbpedia.org/resource/St_James&#39;s_Palace" />
  </rdf:Description>
  <rdf:Description rdf:about="http://he.dbpedia.org/resource/ארמון_סנט_ג&#39;יימס">
    <owl:sameAs rdf:resource="http://dbpedia.org/resource/St_James&#39;s_Palace" />
  </rdf:Description>
  <rdf:Description rdf:about="http://mk.dbpedia.org/resource/Палата_Свети_Јаков">
    <owl:sameAs rdf:resource="http://dbpedia.org/resource/St_James&#39;s_Palace" />
  </rdf:Description>
  <rdf:Description rdf:about="http://no.dbpedia.org/resource/St._James&#39;s_Palace">
    <owl:sameAs rdf:resource="http://dbpedia.org/resource/St_James&#39;s_Palace" />
  </rdf:Description>
  <rdf:Description rdf:about="http://ro.dbpedia.org/resource/Palatul_St._James">
    <owl:sameAs rdf:resource="http://dbpedia.org/resource/St_James&#39;s_Palace" />
  </rdf:Description>
  <rdf:Description rdf:about="http://simple.dbpedia.org/resource/St._James&#39;s_Palace">
    <owl:sameAs rdf:resource="http://dbpedia.org/resource/St_James&#39;s_Palace" />
  </rdf:Description>
  <rdf:Description rdf:about="http://sk.dbpedia.org/resource/St._James’s_Palace">
    <owl:sameAs rdf:resource="http://dbpedia.org/resource/St_James&#39;s_Palace" />
  </rdf:Description>
  <rdf:Description rdf:about="http://sv.dbpedia.org/resource/Saint_James’s_Palace">
    <owl:sameAs rdf:resource="http://dbpedia.org/resource/St_James&#39;s_Palace" />
  </rdf:Description>
  <rdf:Description rdf:about="http://th.dbpedia.org/resource/พระราชวังเซนต์เจมส์">
    <owl:sameAs rdf:resource="http://dbpedia.org/resource/St_James&#39;s_Palace" />
  </rdf:Description>
  <rdf:Description rdf:about="http://tr.dbpedia.org/resource/Saint_James_Sarayı">
    <owl:sameAs rdf:resource="http://dbpedia.org/resource/St_James&#39;s_Palace" />
  </rdf:Description>
  <rdf:Description rdf:about="http://uk.dbpedia.org/resource/Сент-Джеймський_палац">
    <owl:sameAs rdf:resource="http://dbpedia.org/resource/St_James&#39;s_Palace" />
  </rdf:Description>
</rdf:RDF>
