<?xml version="1.0" encoding="utf-8" ?>
<rdf:RDF
	xmlns:rdf="http://www.w3.org/1999/02/22-rdf-syntax-ns#"
	xmlns:rdfs="http://www.w3.org/2000/01/rdf-schema#"
	xmlns:owl="http://www.w3.org/2002/07/owl#"
	xmlns:dcterms="http://purl.org/dc/terms/"
	xmlns:dbpedia-owl="http://dbpedia.org/ontology/"
	xmlns:foaf="http://xmlns.com/foaf/0.1/"
	xmlns:dbpprop="http://dbpedia.org/property/"
	xmlns:geo="http://www.w3.org/2003/01/geo/wgs84_pos#"
	xmlns:ns8="http://www.w3.org/ns/prov#"
	xmlns:grs="http://www.georss.org/georss/" >
  <rdf:Description rdf:about="http://es.dbpedia.org/resource/Museo_Thyssen-Bornemisza">
    <owl:sameAs rdf:resource="http://dbpedia.org/resource/Thyssen-Bornemisza_Museum" />
  </rdf:Description>
  <rdf:Description rdf:about="http://ja.dbpedia.org/resource/ティッセン＝ボルネミッサ美術館">
    <owl:sameAs rdf:resource="http://dbpedia.org/resource/Thyssen-Bornemisza_Museum" />
  </rdf:Description>
  <rdf:Description rdf:about="http://dbpedia.org/resource/St._Sebastian_(Bernini)">
    <dbpedia-owl:museum rdf:resource="http://dbpedia.org/resource/Thyssen-Bornemisza_Museum" />
    <dbpprop:museum rdf:resource="http://dbpedia.org/resource/Thyssen-Bornemisza_Museum" />
  </rdf:Description>
  <rdf:Description rdf:about="http://dbpedia.org/resource/Christ_among_the_Doctors_(D%C3%BCrer)">
    <dbpedia-owl:museum rdf:resource="http://dbpedia.org/resource/Thyssen-Bornemisza_Museum" />
  </rdf:Description>
  <rdf:Description rdf:about="http://dbpedia.org/resource/Saint_Catherine_(Caravaggio)">
    <dbpedia-owl:museum rdf:resource="http://dbpedia.org/resource/Thyssen-Bornemisza_Museum" />
    <dbpprop:museum rdf:resource="http://dbpedia.org/resource/Thyssen-Bornemisza_Museum" />
  </rdf:Description>
  <rdf:Description rdf:about="http://de.dbpedia.org/resource/Museo_Thyssen-Bornemisza">
    <owl:sameAs rdf:resource="http://dbpedia.org/resource/Thyssen-Bornemisza_Museum" />
  </rdf:Description>
  <rdf:Description rdf:about="http://pl.dbpedia.org/resource/Muzeum_Thyssen-Bornemisza">
    <owl:sameAs rdf:resource="http://dbpedia.org/resource/Thyssen-Bornemisza_Museum" />
  </rdf:Description>
  <rdf:Description rdf:about="http://pt.dbpedia.org/resource/Museu_Thyssen-Bornemisza">
    <owl:sameAs rdf:resource="http://dbpedia.org/resource/Thyssen-Bornemisza_Museum" />
  </rdf:Description>
  <rdf:Description rdf:about="http://dbpedia.org/resource/Thyssen-Bornemisza_Museum">
    <rdf:type rdf:resource="http://dbpedia.org/class/yago/YagoPermanentlyLocatedEntity" />
    <rdf:type rdf:resource="http://dbpedia.org/ontology/ArchitecturalStructure" />
    <rdf:type rdf:resource="http://dbpedia.org/class/yago/Area102735688" />
    <rdf:type rdf:resource="http://dbpedia.org/ontology/Place" />
    <rdf:type rdf:resource="http://schema.org/Place" />
    <rdf:type rdf:resource="http://schema.org/Museum" />
    <rdf:type rdf:resource="http://dbpedia.org/class/yago/MuseumsEstablishedIn1992" />
    <rdf:type rdf:resource="http://dbpedia.org/class/yago/ModernArtMuseums" />
    <rdf:type rdf:resource="http://dbpedia.org/ontology/Building" />
    <rdf:type rdf:resource="http://dbpedia.org/class/yago/YagoGeoEntity" />
    <rdf:type rdf:resource="http://dbpedia.org/class/yago/ArtMuseumsAndGalleriesInSpain" />
    <rdf:type rdf:resource="http://dbpedia.org/class/yago/Artifact100021939" />
    <rdf:type rdf:resource="http://dbpedia.org/class/yago/Facility103315023" />
    <rdf:type rdf:resource="http://dbpedia.org/ontology/Museum" />
    <rdf:type rdf:resource="http://dbpedia.org/class/yago/Object100002684" />
    <rdf:type rdf:resource="http://www.w3.org/2002/07/owl#Thing" />
    <rdf:type rdf:resource="http://dbpedia.org/class/yago/Room104105893" />
    <rdf:type rdf:resource="http://www.opengis.net/gml/_Feature" />
    <rdf:type rdf:resource="http://dbpedia.org/class/yago/Gallery103412058" />
    <rdf:type rdf:resource="http://dbpedia.org/class/yago/Museum103800563" />
    <rdf:type rdf:resource="http://dbpedia.org/class/yago/Whole100003553" />
    <rdf:type rdf:resource="http://dbpedia.org/class/yago/Structure104341686" />
    <rdf:type rdf:resource="http://dbpedia.org/class/yago/MuseumsInMadrid" />
    <rdf:type rdf:resource="http://dbpedia.org/class/yago/Depository103177349" />
    <rdf:type rdf:resource="http://dbpedia.org/class/yago/ContemporaryArtGalleries" />
    <rdf:type rdf:resource="http://dbpedia.org/class/yago/PhysicalEntity100001930" />
    <owl:sameAs rdf:resource="http://rdf.freebase.com/ns/m.073z19" />
    <owl:sameAs rdf:resource="http://sws.geonames.org/6452695/" />
    <owl:sameAs rdf:resource="http://yago-knowledge.org/resource/Thyssen-Bornemisza_Museum" />
    <owl:sameAs rdf:resource="http://he.dbpedia.org/resource/מוזיאון_תיסן_בורנמיסה" />
    <owl:sameAs rdf:resource="http://ko.dbpedia.org/resource/티센보르네미차_미술관" />
    <owl:sameAs rdf:resource="http://nl.dbpedia.org/resource/Museo_Thyssen-Bornemisza" />
    <owl:sameAs rdf:resource="http://uk.dbpedia.org/resource/Музей_Тиссена-Борнемісса" />
    <owl:sameAs rdf:resource="http://de.dbpedia.org/resource/Museo_Thyssen-Bornemisza" />
    <owl:sameAs rdf:resource="http://zh.dbpedia.org/resource/提森-博内米萨博物馆" />
    <owl:sameAs rdf:resource="http://dbpedia.org/resource/Thyssen-Bornemisza_Museum" />
    <owl:sameAs rdf:resource="http://ca.dbpedia.org/resource/Museu_Thyssen-Bornemisza" />
    <owl:sameAs rdf:resource="http://it.dbpedia.org/resource/Museo_Thyssen-Bornemisza" />
    <owl:sameAs rdf:resource="http://ru.dbpedia.org/resource/Музей_Тиссена-Борнемисы" />
    <owl:sameAs rdf:resource="http://pt.dbpedia.org/resource/Museu_Thyssen-Bornemisza" />
    <owl:sameAs rdf:resource="http://sv.dbpedia.org/resource/Museo_Thyssen-Bornemisza" />
    <owl:sameAs rdf:resource="http://ja.dbpedia.org/resource/ティッセン＝ボルネミッサ美術館" />
    <owl:sameAs rdf:resource="http://lt.dbpedia.org/resource/Thyssen-Bornemisza_muziejus" />
    <owl:sameAs rdf:resource="http://no.dbpedia.org/resource/Museo_Thyssen-Bornemisza" />
    <owl:sameAs rdf:resource="http://es.dbpedia.org/resource/Museo_Thyssen-Bornemisza" />
    <owl:sameAs rdf:resource="http://fr.dbpedia.org/resource/Musée_Thyssen-Bornemisza" />
    <owl:sameAs rdf:resource="http://www.wikidata.org/entity/Q176251" />
    <owl:sameAs rdf:resource="http://pl.dbpedia.org/resource/Muzeum_Thyssen-Bornemisza" />
    <owl:sameAs rdf:resource="http://hu.dbpedia.org/resource/Thyssen-Bornemisza_Múzeum" />
    <owl:sameAs rdf:resource="http://eo.dbpedia.org/resource/Muzeo_Thyssen-Bornemisza" />
    <dcterms:subject rdf:resource="http://dbpedia.org/resource/Category:Art_museums_established_in_1992" />
    <dcterms:subject rdf:resource="http://dbpedia.org/resource/Category:Modern_art_museums_in_Spain" />
    <dcterms:subject rdf:resource="http://dbpedia.org/resource/Category:Palaces_in_Madrid" />
    <dcterms:subject rdf:resource="http://dbpedia.org/resource/Category:Museums_in_Madrid" />
    <dcterms:subject rdf:resource="http://dbpedia.org/resource/Category:Thyssen_family" />
    <dcterms:subject rdf:resource="http://dbpedia.org/resource/Category:Contemporary_art_galleries_in_Spain" />
    <dcterms:subject rdf:resource="http://dbpedia.org/resource/Category:1992_establishments_in_Spain" />
    <dbpedia-owl:abstract xml:lang="de">Das Museum Thyssen-Bornemisza befindet sich im Villahermosapalast in Madrid. Dieser befindet sich unweit des Prado. Ausgestellt werden Kunstwerke, die von Heinrich Thyssen und vor allem von dessen Sohn Hans Heinrich Thyssen-Bornemisza de Kászon zusammengetragen worden sind. Das Museum wurde am 8. Oktober 1992 in Anwesenheit von König Juan Carlos I. und Königin Sophia eröffnet. Der Hauptteil der Kunstsammlung wurde im Jahre 1993 vom spanischen Staat erworben. Das Museum ist anhand der Kunstepochen organisiert. Ein Rundgang führt daher durch die Kunstgeschichte beginnend bei früher italienischer Kunst bis zu bedeutenden Werken der experimentellen Avantgarde und der Pop Art. Seit 2004 beherbergt ein Anbau des Museums die Collection Carmen Thyssen-Bornemisza, die die letzte Ehefrau von Hans Heinrich Thyssen-Bornemisza seit Mitte der 1980er Jahre zusammengetragen hat, und die mit Gemälden vom 17. Jahrhundert bis zur Moderne die ursprüngliche Sammlung ergänzt.</dbpedia-owl:abstract>
    <dbpedia-owl:abstract xml:lang="es">El Museo Thyssen-Bornemisza es una pinacoteca de maestros antiguos y modernos ubicada en Madrid. Su existencia se debe al acuerdo de arrendamiento y a la posterior adquisición, por parte del Gobierno español, de una amplia selección de la colección privada reunida por la familia Thyssen-Bornemisza a lo largo de siete décadas. Este fondo artístico aportó ejemplos de numerosos autores extranjeros inéditos en el circuito museístico español, desde el gótico hasta el pop art y los años 80, por lo que vino a complementar a los dos principales museos estatales, el Prado y el Reina Sofía. Inaugurado en 1992, el Museo Thyssen-Bornemisza conforma con ellos el llamado Triángulo del Arte, acaso la concentración pictórica más importante de Europa. Es uno de los centros culturales españoles de mayor éxito; en 2012 expidió más de 1,25 millones de entradas, situándose entre los . La institución, gestionada por una fundación bajo control público, tiene su sede en un edificio histórico, el Palacio de Villahermosa, donde custodia más de 700 obras. Gracias a un anexo sumado posteriormente ha ampliado su exhibición con unas 300 piezas más, prestadas por Carmen Thyssen; además mantiene depositadas unas 60 propias en el MNAC de Barcelona.</dbpedia-owl:abstract>
    <dbpedia-owl:abstract xml:lang="en">The Thyssen-Bornemisza Museum, or in Spanish Museo Thyssen-Bornemisza (named after its founder), is an art museum in Madrid, Spain, located near the Prado Museum at one of city&#39;s main boulevards. It is known as part of the "Golden Triangle of Art", which also includes the Prado and the Reina Sofia national galleries. The Thyssen-Bornemisza fills the historical gaps in its counterparts&#39; collections: in the Prado&#39;s case this includes Italian primitives and works from the English, Dutch and German schools, while in the case of the Reina Sofia it concerns Impressionists, Expressionists, and European and American paintings from the second half of the 20th century. With over 1,600 paintings the Thyssen-Bornemisza collection was once the second largest private collection in the world after the British Royal Collection. A competition was held to house the museum in 1986 after Baron Thyssen, having tried to enlarge his Museum in Villa Favorita, searched for a location in Europe.</dbpedia-owl:abstract>
    <dbpedia-owl:abstract xml:lang="nl">Het Museo Thyssen-Bornemisza is een Madrileens museum, dat oorspronkelijk een privékunstcollectie bevatte. De basis van de kunstcollectie werd gelegd door Heinrich Thyssen-Bornemisza (1875-1947). Diens zoon Hans Heinrich Thyssen-Bornemisza (1921-2002) bouwde de collectie verder uit. Het familievermogen van Thyssen was afkomstig van grootvader August Thyssen (1842-1926). Hij was de oprichter van de ijzer- en staalfabriek Thyssen. De fabriek groeide uit tot de multinational TBG. Het bedrijf heeft een miljardenomzet in sectoren als haven en transport, landbouwmachines en informatietechnologie. De collectie groeide uit tot de grootste privéverzameling ter wereld, naast die van de koningin van Engeland. Zij was jarenlang gevestigd in Lugano in Zwitserland. Na zes jaar onderhandelen verkocht Hans Heinrich Thyssen-Bornemisza een belangrijk deel van zijn kunstverzameling aan de Spaanse staat voor de ‘vriendenprijs’ van 250 miljoen euro. Tijdens de verkoop van een belangrijk deel van de kunstverzameling laaide het conflict op tussen Hans Heinrich Thyssen-Bornemisza en zijn oudste zoon Georg over de verdeling van de bezittingen. De kwestie sleepte jaren voort. Hans Heinrich heeft in februari 2002 nog mogen meemaken dat de juridische strijd in zijn voordeel werd beslecht.</dbpedia-owl:abstract>
    <dbpedia-owl:abstract xml:lang="sv">Museo Thyssen-Bornemisza är ett konstmuseum i centrala Madrid. Museet hyser verk av bland andra Jan van Eyck, Tizian, Rubens, Rembrandt, Vincent van Gogh, Monet och Picasso.</dbpedia-owl:abstract>
    <dbpedia-owl:abstract xml:lang="ru">Музей Тиссена-Борнемисы — до 1993 крупнейшая в мире частная картинная галерея (наряду с собранием британских монархов). Ныне государственная картинная галерея в Мадриде. Входит в «Золотой треугольник искусств» испанской столицы вместе с Прадо и Центром искусств королевы Софии. Музей Тиссена-Борнемисы является великолепным дополнением к коллекциям своих соседей по треугольнику: в отличие от Прадо в нём представлены работы итальянских примитивистов и живописцев английской, голландской и немецкой школ, в отличие от Центра искусств собрание Тиссена-Борнемисы включает в себя импрессионистов, экспрессионистов, а также европейские и американские полотна второй половины XX века. Коллекция занимает дворец герцогов Вильяэрмоса недалеко от Прадо. Отдельные произведения экспонируются также в Национальном музее искусства Каталонии в Барселоне.</dbpedia-owl:abstract>
    <dbpedia-owl:abstract xml:lang="pl">Muzeum Thyssen-Bornemisza – muzeum sztuki mieszczące się w Madrycie. Muzeum znajduje się w Palacio de Villahermosa. Zgromadzone są w nim obrazy z kolekcji barona Heinricha Thyssen-Bornemisza i jego syna Hansa Heinricha Thyssen-Bornemisza. Są tam m. in. dzieła takich twórców jak Tycjan, Francisco Goya, czy też Vincent van Gogh. W muzeum oglądać można m. in. takie obrazy jak Matka Boska na uschniętym drzewie, Arlekin z lustrem i Toaleta Wenus.</dbpedia-owl:abstract>
    <dbpedia-owl:abstract xml:lang="zh">提森-博内米萨博物馆（西班牙语：Museo Thyssen-Bornemisza）是一座位于西班牙马德里的艺术博物馆，紧邻普拉多博物馆。館內收藏的藝術品來自提森-博內米薩家族於二十世紀初開始的私人收藏，1992年起運至西班牙收藏展出，並於1993年由西班牙政府正式收購。 该馆是馬德里艺术金三角（Golden Triangle of Art）之一，其他两个是普拉多博物馆和索菲亚王后国家艺术中心博物馆。提森-博内米萨博物馆的藏品彌補了其他兩博物館的不足之處，包括14世紀至20世紀的各類畫作。</dbpedia-owl:abstract>
    <dbpedia-owl:abstract xml:lang="it">Il Museo Thyssen-Bornemisza di Madrid è un&#39;importante pinacoteca e centro culturale della capitale spagnola. Si trova lungo il Paseo del Prado, a pochi passi dal museo del Prado. È stato acquistato dal governo spagnolo nel luglio del 1993 e della sua collezione facevano parte ulteriori ottanta pezzi di arte medievale, rinascimentale e barocca, poi successivamente trasferiti al Palazzo Reale di Pedralbes. Le circa ottocento opere che vi sono attualmente conservate spaziano dal Rinascimento italiano, alla pittura moderna. L&#39;apparato pittorico del museo proviene da una raccolta privata della famiglia del magnate tedesco dell&#39;acciaio Thyssen-Bornemisza, che conobbe poi fasti economici nel periodo bellico del secondo conflitto mondiale. Le opere attualmente presenti erano precedentemente collocate in un museo a Lugano, in Svizzera. Con il matrimonio del barone Hans Heinrich Thyssen-Bornemisza con una donna spagnola la raccolta venne trasferita in un palazzo madrileno dono del governo. La più bella fontana del Prado, la fuente de Apalo (1803), disegnata da Ventura Rodriguez, è fronteggiata dal palazzo che ospita il Museo Thyssen-Bornemisza.</dbpedia-owl:abstract>
    <dbpedia-owl:abstract xml:lang="ja">ティッセン＝ボルネミッサ美術館 (Museo de Arte Thyssen-Bornemisza) はマドリッドにある美術館。プラド美術館の程近くにある。</dbpedia-owl:abstract>
    <dbpedia-owl:abstract xml:lang="fr">Le musée Thyssen-Bornemisza est un musée d&#39;art ancien, moderne et contemporain situé à Madrid. Son origine tient dans l&#39;acquisition qu&#39;a faite le gouvernement espagnol, en juillet 1993, de la majeure partie de la collection d&#39;art réunie, à Lugano (Suisse), par la famille Thyssen-Bornemisza, en complément des pinacothèques et des collections nationales déjà existantes.</dbpedia-owl:abstract>
    <dbpedia-owl:abstract xml:lang="pt">O Museu Thyssen-Bornemisza é um museu espanhol. Foi organizado quando da aquisição, pelo governo da Espanha, em julho de 1993, da maior parte (a mais abundante e valiosa) da coleção de arte da família Thyssen-Bornemisza. O museu tem a sede em Madrid, no Palácio de Villahermosa.</dbpedia-owl:abstract>
    <dbpedia-owl:location rdf:resource="http://dbpedia.org/resource/Madrid" />
    <dbpedia-owl:location rdf:resource="http://dbpedia.org/resource/Paseo_del_Prado" />
    <dbpedia-owl:location rdf:resource="http://dbpedia.org/resource/Spain" />
    <dbpedia-owl:wikiPageID rdf:datatype="http://www.w3.org/2001/XMLSchema#integer">2325777</dbpedia-owl:wikiPageID>
    <dbpedia-owl:wikiPageRevisionID rdf:datatype="http://www.w3.org/2001/XMLSchema#integer">543412957</dbpedia-owl:wikiPageRevisionID>
    <rdfs:label xml:lang="de">Museo Thyssen-Bornemisza</rdfs:label>
    <rdfs:label xml:lang="pl">Muzeum Thyssen-Bornemisza</rdfs:label>
    <rdfs:label xml:lang="sv">Museo Thyssen-Bornemisza</rdfs:label>
    <rdfs:label xml:lang="es">Museo Thyssen-Bornemisza</rdfs:label>
    <rdfs:label xml:lang="nl">Museo Thyssen-Bornemisza</rdfs:label>
    <rdfs:label xml:lang="ru">Музей Тиссена-Борнемисы</rdfs:label>
    <rdfs:label xml:lang="pt">Museu Thyssen-Bornemisza</rdfs:label>
    <rdfs:label xml:lang="ja">ティッセン＝ボルネミッサ美術館</rdfs:label>
    <rdfs:label xml:lang="en">Thyssen-Bornemisza Museum</rdfs:label>
    <rdfs:label xml:lang="zh">提森-博内米萨博物馆</rdfs:label>
    <rdfs:label xml:lang="it">Museo Thyssen-Bornemisza</rdfs:label>
    <rdfs:label xml:lang="fr">Musée Thyssen-Bornemisza</rdfs:label>
    <foaf:depiction rdf:resource="http://upload.wikimedia.org/wikipedia/commons/4/48/Thyssen-Bornemisza.JPG" />
    <rdfs:comment xml:lang="it">Il Museo Thyssen-Bornemisza di Madrid è un&#39;importante pinacoteca e centro culturale della capitale spagnola. Si trova lungo il Paseo del Prado, a pochi passi dal museo del Prado. È stato acquistato dal governo spagnolo nel luglio del 1993 e della sua collezione facevano parte ulteriori ottanta pezzi di arte medievale, rinascimentale e barocca, poi successivamente trasferiti al Palazzo Reale di Pedralbes.</rdfs:comment>
    <rdfs:comment xml:lang="zh">提森-博内米萨博物馆（西班牙语：Museo Thyssen-Bornemisza）是一座位于西班牙马德里的艺术博物馆，紧邻普拉多博物馆。館內收藏的藝術品來自提森-博內米薩家族於二十世紀初開始的私人收藏，1992年起運至西班牙收藏展出，並於1993年由西班牙政府正式收購。 该馆是馬德里艺术金三角（Golden Triangle of Art）之一，其他两个是普拉多博物馆和索菲亚王后国家艺术中心博物馆。提森-博内米萨博物馆的藏品彌補了其他兩博物館的不足之處，包括14世紀至20世紀的各類畫作。</rdfs:comment>
    <rdfs:comment xml:lang="ru">Музей Тиссена-Борнемисы — до 1993 крупнейшая в мире частная картинная галерея (наряду с собранием британских монархов). Ныне государственная картинная галерея в Мадриде. Входит в «Золотой треугольник искусств» испанской столицы вместе с Прадо и Центром искусств королевы Софии.</rdfs:comment>
    <rdfs:comment xml:lang="fr">Le musée Thyssen-Bornemisza est un musée d&#39;art ancien, moderne et contemporain situé à Madrid. Son origine tient dans l&#39;acquisition qu&#39;a faite le gouvernement espagnol, en juillet 1993, de la majeure partie de la collection d&#39;art réunie, à Lugano (Suisse), par la famille Thyssen-Bornemisza, en complément des pinacothèques et des collections nationales déjà existantes.</rdfs:comment>
    <rdfs:comment xml:lang="de">Das Museum Thyssen-Bornemisza befindet sich im Villahermosapalast in Madrid. Dieser befindet sich unweit des Prado. Ausgestellt werden Kunstwerke, die von Heinrich Thyssen und vor allem von dessen Sohn Hans Heinrich Thyssen-Bornemisza de Kászon zusammengetragen worden sind. Das Museum wurde am 8. Oktober 1992 in Anwesenheit von König Juan Carlos I. und Königin Sophia eröffnet. Der Hauptteil der Kunstsammlung wurde im Jahre 1993 vom spanischen Staat erworben.</rdfs:comment>
    <rdfs:comment xml:lang="es">El Museo Thyssen-Bornemisza es una pinacoteca de maestros antiguos y modernos ubicada en Madrid. Su existencia se debe al acuerdo de arrendamiento y a la posterior adquisición, por parte del Gobierno español, de una amplia selección de la colección privada reunida por la familia Thyssen-Bornemisza a lo largo de siete décadas.</rdfs:comment>
    <rdfs:comment xml:lang="nl">Het Museo Thyssen-Bornemisza is een Madrileens museum, dat oorspronkelijk een privékunstcollectie bevatte. De basis van de kunstcollectie werd gelegd door Heinrich Thyssen-Bornemisza (1875-1947). Diens zoon Hans Heinrich Thyssen-Bornemisza (1921-2002) bouwde de collectie verder uit. Het familievermogen van Thyssen was afkomstig van grootvader August Thyssen (1842-1926). Hij was de oprichter van de ijzer- en staalfabriek Thyssen. De fabriek groeide uit tot de multinational TBG.</rdfs:comment>
    <rdfs:comment xml:lang="sv">Museo Thyssen-Bornemisza är ett konstmuseum i centrala Madrid. Museet hyser verk av bland andra Jan van Eyck, Tizian, Rubens, Rembrandt, Vincent van Gogh, Monet och Picasso.</rdfs:comment>
    <rdfs:comment xml:lang="ja">ティッセン＝ボルネミッサ美術館 (Museo de Arte Thyssen-Bornemisza) はマドリッドにある美術館。プラド美術館の程近くにある。</rdfs:comment>
    <rdfs:comment xml:lang="en">The Thyssen-Bornemisza Museum, or in Spanish Museo Thyssen-Bornemisza (named after its founder), is an art museum in Madrid, Spain, located near the Prado Museum at one of city&#39;s main boulevards. It is known as part of the "Golden Triangle of Art", which also includes the Prado and the Reina Sofia national galleries.</rdfs:comment>
    <rdfs:comment xml:lang="pt">O Museu Thyssen-Bornemisza é um museu espanhol. Foi organizado quando da aquisição, pelo governo da Espanha, em julho de 1993, da maior parte (a mais abundante e valiosa) da coleção de arte da família Thyssen-Bornemisza. O museu tem a sede em Madrid, no Palácio de Villahermosa.</rdfs:comment>
    <rdfs:comment xml:lang="pl">Muzeum Thyssen-Bornemisza – muzeum sztuki mieszczące się w Madrycie. Muzeum znajduje się w Palacio de Villahermosa. Zgromadzone są w nim obrazy z kolekcji barona Heinricha Thyssen-Bornemisza i jego syna Hansa Heinricha Thyssen-Bornemisza. Są tam m. in. dzieła takich twórców jak Tycjan, Francisco Goya, czy też Vincent van Gogh. W muzeum oglądać można m. in. takie obrazy jak Matka Boska na uschniętym drzewie, Arlekin z lustrem i Toaleta Wenus.</rdfs:comment>
    <foaf:name xml:lang="en">Thyssen-Bornemisza</foaf:name>
    <dbpedia-owl:thumbnail rdf:resource="http://upload.wikimedia.org/wikipedia/commons/thumb/4/48/Thyssen-Bornemisza.JPG/200px-Thyssen-Bornemisza.JPG" />
    <dbpedia-owl:wikiPageExternalLink rdf:resource="http://www.educaThyssen.org/" />
    <dbpedia-owl:wikiPageExternalLink rdf:resource="http://www.museothyssen.org" />
    <dbpedia-owl:wikiPageExternalLink rdf:resource="http://www.googleartproject.com/museums/thyssen" />
    <dbpedia-owl:wikiPageExternalLink rdf:resource="http://www.museothyssen.org/en/thyssen/coleccion" />
    <dbpprop:director xml:lang="en">Guillermo Solana</dbpprop:director>
    <dbpprop:established rdf:datatype="http://www.w3.org/2001/XMLSchema#integer">1992</dbpprop:established>
    <dbpprop:location xml:lang="en">Paseo del Prado, 8, Madrid, Spain</dbpprop:location>
    <dbpprop:name xml:lang="en">Thyssen-Bornemisza</dbpprop:name>
    <dbpprop:website rdf:resource="http://www.museothyssen.org/en/thyssen/coleccion" />
    <foaf:homepage rdf:resource="http://www.museothyssen.org/en/thyssen/coleccion" />
    <geo:geometry rdf:datatype="http://www.openlinksw.com/schemas/virtrdf#Geometry">POINT(-3.695 40.4161)</geo:geometry>
    <foaf:isPrimaryTopicOf rdf:resource="http://en.wikipedia.org/wiki/Thyssen-Bornemisza_Museum" />
    <geo:long rdf:datatype="http://www.w3.org/2001/XMLSchema#float">-3.695</geo:long>
    <geo:lat rdf:datatype="http://www.w3.org/2001/XMLSchema#float">40.4161</geo:lat>
    <ns8:wasDerivedFrom rdf:resource="http://en.wikipedia.org/wiki/Thyssen-Bornemisza_Museum?oldid=543412957" />
    <grs:point xml:lang="en">40.416111111111114 -3.6950000000000003</grs:point>
    <dbpprop:hasPhotoCollection rdf:resource="http://wifo5-03.informatik.uni-mannheim.de/flickrwrappr/photos/Thyssen-Bornemisza_Museum" />
  </rdf:Description>
  <rdf:Description rdf:about="http://dbpedia.org/resource/Portrait_of_a_Knight_(Carpaccio)">
    <dbpedia-owl:museum rdf:resource="http://dbpedia.org/resource/Thyssen-Bornemisza_Museum" />
    <dbpprop:museum rdf:resource="http://dbpedia.org/resource/Thyssen-Bornemisza_Museum" />
  </rdf:Description>
  <rdf:Description rdf:about="http://dbpedia.org/resource/Portrait_of_Giovanna_Tornabuoni">
    <dbpedia-owl:museum rdf:resource="http://dbpedia.org/resource/Thyssen-Bornemisza_Museum" />
  </rdf:Description>
  <rdf:Description rdf:about="http://dbpedia.org/resource/Museo_Thyssen_Bornemisza">
    <dbpedia-owl:wikiPageRedirects rdf:resource="http://dbpedia.org/resource/Thyssen-Bornemisza_Museum" />
  </rdf:Description>
  <rdf:Description rdf:about="http://dbpedia.org/resource/Girl_at_Sewing_Machine">
    <dbpedia-owl:museum rdf:resource="http://dbpedia.org/resource/Thyssen-Bornemisza_Museum" />
  </rdf:Description>
  <rdf:Description rdf:about="http://dbpedia.org/resource/Dream_Caused_by_the_Flight_of_a_Bee_Around_a_Pomegranate_a_Second_Before_Awakening">
    <dbpedia-owl:museum rdf:resource="http://dbpedia.org/resource/Thyssen-Bornemisza_Museum" />
    <dbpprop:museum rdf:resource="http://dbpedia.org/resource/Thyssen-Bornemisza_Museum" />
  </rdf:Description>
  <rdf:Description rdf:about="http://fr.dbpedia.org/resource/Musée_Thyssen-Bornemisza">
    <owl:sameAs rdf:resource="http://dbpedia.org/resource/Thyssen-Bornemisza_Museum" />
  </rdf:Description>
  <rdf:Description rdf:about="http://it.dbpedia.org/resource/Museo_Thyssen-Bornemisza">
    <owl:sameAs rdf:resource="http://dbpedia.org/resource/Thyssen-Bornemisza_Museum" />
  </rdf:Description>
  <rdf:Description rdf:about="http://ru.dbpedia.org/resource/Музей_Тиссена-Борнемисы">
    <owl:sameAs rdf:resource="http://dbpedia.org/resource/Thyssen-Bornemisza_Museum" />
  </rdf:Description>
  <rdf:Description rdf:about="http://dbpedia.org/resource/Thyssen">
    <dbpedia-owl:wikiPageDisambiguates rdf:resource="http://dbpedia.org/resource/Thyssen-Bornemisza_Museum" />
  </rdf:Description>
  <rdf:Description rdf:about="http://ko.dbpedia.org/resource/티센보르네미차_미술관">
    <owl:sameAs rdf:resource="http://dbpedia.org/resource/Thyssen-Bornemisza_Museum" />
  </rdf:Description>
  <rdf:Description rdf:about="http://dbpedia.org/resource/Thyssen-Bornemisza_Collection">
    <dbpedia-owl:wikiPageRedirects rdf:resource="http://dbpedia.org/resource/Thyssen-Bornemisza_Museum" />
  </rdf:Description>
  <rdf:Description rdf:about="http://dbpedia.org/resource/Head_of_a_Catalan_Peasant">
    <dbpedia-owl:museum rdf:resource="http://dbpedia.org/resource/Thyssen-Bornemisza_Museum" />
    <dbpprop:museum rdf:resource="http://dbpedia.org/resource/Thyssen-Bornemisza_Museum" />
  </rdf:Description>
  <rdf:Description rdf:about="http://en.wikipedia.org/wiki/Thyssen-Bornemisza_Museum">
    <foaf:primaryTopic rdf:resource="http://dbpedia.org/resource/Thyssen-Bornemisza_Museum" />
  </rdf:Description>
  <rdf:Description rdf:about="http://dbpedia.org/resource/Museo_Thyssen-Bornemisza">
    <dbpedia-owl:wikiPageRedirects rdf:resource="http://dbpedia.org/resource/Thyssen-Bornemisza_Museum" />
  </rdf:Description>
  <rdf:Description rdf:about="http://dbpedia.org/resource/Thyssen-Bornemisza_Collection,_Madrid">
    <dbpedia-owl:wikiPageRedirects rdf:resource="http://dbpedia.org/resource/Thyssen-Bornemisza_Museum" />
  </rdf:Description>
  <rdf:Description rdf:about="http://dbpedia.org/resource/Thyssen_Bornemisza_Museum">
    <dbpedia-owl:wikiPageRedirects rdf:resource="http://dbpedia.org/resource/Thyssen-Bornemisza_Museum" />
  </rdf:Description>
  <rdf:Description rdf:about="http://dbpedia.org/resource/Thyssen_Museum_Madrid">
    <dbpedia-owl:wikiPageRedirects rdf:resource="http://dbpedia.org/resource/Thyssen-Bornemisza_Museum" />
  </rdf:Description>
  <rdf:Description rdf:about="http://dbpedia.org/resource/Thyssen_collection">
    <dbpedia-owl:wikiPageRedirects rdf:resource="http://dbpedia.org/resource/Thyssen-Bornemisza_Museum" />
  </rdf:Description>
  <rdf:Description rdf:about="http://dbpedia.org/resource/Thyssen-Bornemisza_collection">
    <dbpedia-owl:wikiPageRedirects rdf:resource="http://dbpedia.org/resource/Thyssen-Bornemisza_Museum" />
  </rdf:Description>
  <rdf:Description rdf:about="http://nl.dbpedia.org/resource/Museo_Thyssen-Bornemisza">
    <owl:sameAs rdf:resource="http://dbpedia.org/resource/Thyssen-Bornemisza_Museum" />
  </rdf:Description>
  <rdf:Description rdf:about="http://wikidata.dbpedia.org/resource/Q176251">
    <owl:sameAs rdf:resource="http://dbpedia.org/resource/Thyssen-Bornemisza_Museum" />
  </rdf:Description>
  <rdf:Description rdf:about="http://zh.dbpedia.org/resource/提森-博内米萨博物馆">
    <owl:sameAs rdf:resource="http://dbpedia.org/resource/Thyssen-Bornemisza_Museum" />
  </rdf:Description>
  <rdf:Description rdf:about="http://ca.dbpedia.org/resource/Museu_Thyssen-Bornemisza">
    <owl:sameAs rdf:resource="http://dbpedia.org/resource/Thyssen-Bornemisza_Museum" />
  </rdf:Description>
  <rdf:Description rdf:about="http://eo.dbpedia.org/resource/Muzeo_Thyssen-Bornemisza">
    <owl:sameAs rdf:resource="http://dbpedia.org/resource/Thyssen-Bornemisza_Museum" />
  </rdf:Description>
  <rdf:Description rdf:about="http://he.dbpedia.org/resource/מוזיאון_תיסן_בורנמיסה">
    <owl:sameAs rdf:resource="http://dbpedia.org/resource/Thyssen-Bornemisza_Museum" />
  </rdf:Description>
  <rdf:Description rdf:about="http://hu.dbpedia.org/resource/Thyssen-Bornemisza_Múzeum">
    <owl:sameAs rdf:resource="http://dbpedia.org/resource/Thyssen-Bornemisza_Museum" />
  </rdf:Description>
  <rdf:Description rdf:about="http://lt.dbpedia.org/resource/Thyssen-Bornemisza_muziejus">
    <owl:sameAs rdf:resource="http://dbpedia.org/resource/Thyssen-Bornemisza_Museum" />
  </rdf:Description>
  <rdf:Description rdf:about="http://no.dbpedia.org/resource/Museo_Thyssen-Bornemisza">
    <owl:sameAs rdf:resource="http://dbpedia.org/resource/Thyssen-Bornemisza_Museum" />
  </rdf:Description>
  <rdf:Description rdf:about="http://sv.dbpedia.org/resource/Museo_Thyssen-Bornemisza">
    <owl:sameAs rdf:resource="http://dbpedia.org/resource/Thyssen-Bornemisza_Museum" />
  </rdf:Description>
  <rdf:Description rdf:about="http://uk.dbpedia.org/resource/Музей_Тиссена-Борнемісса">
    <owl:sameAs rdf:resource="http://dbpedia.org/resource/Thyssen-Bornemisza_Museum" />
  </rdf:Description>
</rdf:RDF>
