<?xml version="1.0" encoding="utf-8" ?>
<rdf:RDF
	xmlns:rdf="http://www.w3.org/1999/02/22-rdf-syntax-ns#"
	xmlns:rdfs="http://www.w3.org/2000/01/rdf-schema#"
	xmlns:owl="http://www.w3.org/2002/07/owl#"
	xmlns:dcterms="http://purl.org/dc/terms/"
	xmlns:dbpedia-owl="http://dbpedia.org/ontology/"
	xmlns:foaf="http://xmlns.com/foaf/0.1/"
	xmlns:dbpprop="http://dbpedia.org/property/"
	xmlns:geo="http://www.w3.org/2003/01/geo/wgs84_pos#"
	xmlns:ns8="http://www.w3.org/ns/prov#"
	xmlns:grs="http://www.georss.org/georss/" >
  <rdf:Description rdf:about="http://dbpedia.org/resource/Art_Museum_of_Toledo">
    <dbpedia-owl:wikiPageRedirects rdf:resource="http://dbpedia.org/resource/Toledo_Museum_of_Art" />
  </rdf:Description>
  <rdf:Description rdf:about="http://dbpedia.org/resource/Toledo_Art_Museum">
    <dbpedia-owl:wikiPageRedirects rdf:resource="http://dbpedia.org/resource/Toledo_Museum_of_Art" />
  </rdf:Description>
  <rdf:Description rdf:about="http://dbpedia.org/resource/Toledo_Museum_for_Art">
    <dbpedia-owl:wikiPageRedirects rdf:resource="http://dbpedia.org/resource/Toledo_Museum_of_Art" />
  </rdf:Description>
  <rdf:Description rdf:about="http://es.dbpedia.org/resource/Museo_de_Arte_de_Toledo">
    <owl:sameAs rdf:resource="http://dbpedia.org/resource/Toledo_Museum_of_Art" />
  </rdf:Description>
  <rdf:Description rdf:about="http://ja.dbpedia.org/resource/トレド美術館">
    <owl:sameAs rdf:resource="http://dbpedia.org/resource/Toledo_Museum_of_Art" />
  </rdf:Description>
  <rdf:Description rdf:about="http://dbpedia.org/resource/Toledo_Museum_of_Art">
    <rdf:type rdf:resource="http://dbpedia.org/class/yago/Artifact100021939" />
    <rdf:type rdf:resource="http://dbpedia.org/class/yago/PhysicalEntity100001930" />
    <rdf:type rdf:resource="http://dbpedia.org/class/yago/YagoGeoEntity" />
    <rdf:type rdf:resource="http://dbpedia.org/class/yago/Depository103177349" />
    <rdf:type rdf:resource="http://dbpedia.org/class/yago/Object100002684" />
    <rdf:type rdf:resource="http://www.opengis.net/gml/_Feature" />
    <rdf:type rdf:resource="http://dbpedia.org/class/yago/YagoPermanentlyLocatedEntity" />
    <rdf:type rdf:resource="http://www.w3.org/2002/07/owl#Thing" />
    <rdf:type rdf:resource="http://dbpedia.org/class/yago/MuseumsInToledo,Ohio" />
    <rdf:type rdf:resource="http://dbpedia.org/class/yago/Museum103800563" />
    <rdf:type rdf:resource="http://dbpedia.org/class/yago/Facility103315023" />
    <rdf:type rdf:resource="http://schema.org/Museum" />
    <rdf:type rdf:resource="http://schema.org/Place" />
    <rdf:type rdf:resource="http://dbpedia.org/ontology/ArchitecturalStructure" />
    <rdf:type rdf:resource="http://dbpedia.org/ontology/Place" />
    <rdf:type rdf:resource="http://dbpedia.org/ontology/Museum" />
    <rdf:type rdf:resource="http://dbpedia.org/class/yago/Whole100003553" />
    <rdf:type rdf:resource="http://dbpedia.org/ontology/Building" />
    <rdf:type rdf:resource="http://dbpedia.org/class/yago/ArtMuseumsInOhio" />
    <rdf:type rdf:resource="http://dbpedia.org/class/yago/GlassMuseumsInTheUnitedStates" />
    <owl:sameAs rdf:resource="http://pt.dbpedia.org/resource/Museu_de_Arte_de_Toledo" />
    <owl:sameAs rdf:resource="http://rdf.freebase.com/ns/m.07vxpw" />
    <owl:sameAs rdf:resource="http://ca.dbpedia.org/resource/Toledo_Museum_of_Art" />
    <owl:sameAs rdf:resource="http://fr.dbpedia.org/resource/Musée_d&#39;art_de_Toledo" />
    <owl:sameAs rdf:resource="http://www.wikidata.org/entity/Q1743116" />
    <owl:sameAs rdf:resource="http://yago-knowledge.org/resource/Toledo_Museum_of_Art" />
    <owl:sameAs rdf:resource="http://dbpedia.org/resource/Toledo_Museum_of_Art" />
    <owl:sameAs rdf:resource="http://de.dbpedia.org/resource/Toledo_Museum_of_Art" />
    <owl:sameAs rdf:resource="http://es.dbpedia.org/resource/Museo_de_Arte_de_Toledo" />
    <owl:sameAs rdf:resource="http://sws.geonames.org/5174059/" />
    <owl:sameAs rdf:resource="http://ja.dbpedia.org/resource/トレド美術館" />
    <dcterms:subject rdf:resource="http://dbpedia.org/resource/Category:Art_museums_in_Ohio" />
    <dcterms:subject rdf:resource="http://dbpedia.org/resource/Category:Art_museums_established_in_1901" />
    <dcterms:subject rdf:resource="http://dbpedia.org/resource/Category:1901_establishments_in_the_United_States" />
    <dcterms:subject rdf:resource="http://dbpedia.org/resource/Category:Glass_museums_in_the_United_States" />
    <dcterms:subject rdf:resource="http://dbpedia.org/resource/Category:University_of_Toledo" />
    <dcterms:subject rdf:resource="http://dbpedia.org/resource/Category:Museums_in_Toledo,_Ohio" />
    <dbpedia-owl:abstract xml:lang="en">The Toledo Museum of Art is an internationally known art museum located in the Old West End neighborhood of Toledo, Ohio, United States. The museum was founded by Toledo glassmaker Edward Drummond Libbey in 1901, and moved to its current location, a Greek revival building designed by Edward B. Green and Harry W. Wachter on January 17, 1912. The building was expanded twice in the 1920s and 1930s. Brian Kennedy serves as the museum&#39;s director.</dbpedia-owl:abstract>
    <dbpedia-owl:abstract xml:lang="ja">トレド美術館(The Toledo Museum of Art)は、オハイオ州トレドにある美術館である。ガラスアートコレクションで有名。</dbpedia-owl:abstract>
    <dbpedia-owl:abstract xml:lang="fr">Le musée d&#39;art de Toledo (en anglais, Toledo Museum of Art) est un musée situé dans la ville de Toledo, dans l&#39;État de l&#39;Ohio, aux États-Unis. Le musée possède une collection de objets, mais il est particulièrement renommé pour sa collection de pièces de verre et les premières œuvres du musée proviennent de la collection du magnat du verre Edward Drummond Libbey. Les espaces du musée, un bâtiment de style grec à colonnades, le pavillon du verre (Glass Pavilion récent, de 2006) et le jardin des sculptures, sont inclus avec l&#39;université de Toledo dans les 32 acres et les sept bâtiments du Museum Campus.</dbpedia-owl:abstract>
    <dbpedia-owl:abstract xml:lang="de">Das Toledo Museum of Art ist ein Kunstmuseum in Toledo im US-Bundesstaat Ohio.</dbpedia-owl:abstract>
    <dbpedia-owl:abstract xml:lang="es">El museo "Toledo Museum of Art" está situado en la ciudad de Toledo (Ohio) (Estados Unidos). El museo fue fundado por Edward Drummond Libbey en 1901. Es conocido a nivel mundial por su colección permanente.</dbpedia-owl:abstract>
    <dbpedia-owl:abstract xml:lang="pt">O Museu de Arte de Toledo é um museu localizado no bairro de Toledo, Ohio, Estados Unidos. O museu foi fundado pelo fabricante de vidros de Toledo, Edward Drummond Libbey em 1901, e mudou-se para a sua atual localização, um edifício renascentista projetado por Edward B. Green e Harry W. Wachter, em 1912. O edifício foi ampliado por duas vezes nos anos 1920 e 1930.</dbpedia-owl:abstract>
    <dbpedia-owl:location rdf:resource="http://dbpedia.org/resource/Ohio" />
    <dbpedia-owl:location rdf:resource="http://dbpedia.org/resource/Toledo,_Ohio" />
    <dbpedia-owl:wikiPageID rdf:datatype="http://www.w3.org/2001/XMLSchema#integer">2658467</dbpedia-owl:wikiPageID>
    <dbpedia-owl:wikiPageRevisionID rdf:datatype="http://www.w3.org/2001/XMLSchema#integer">540912249</dbpedia-owl:wikiPageRevisionID>
    <rdfs:label xml:lang="ja">トレド美術館</rdfs:label>
    <rdfs:label xml:lang="de">Toledo Museum of Art</rdfs:label>
    <rdfs:label xml:lang="en">Toledo Museum of Art</rdfs:label>
    <rdfs:label xml:lang="es">Museo de Arte de Toledo</rdfs:label>
    <rdfs:label xml:lang="fr">Musée d&#39;art de Toledo</rdfs:label>
    <rdfs:label xml:lang="pt">Museu de Arte de Toledo</rdfs:label>
    <foaf:depiction rdf:resource="http://upload.wikimedia.org/wikipedia/commons/e/e5/Toledo_Museum_of_Art_Monroe_Street_entrance.jpg" />
    <rdfs:comment xml:lang="pt">O Museu de Arte de Toledo é um museu localizado no bairro de Toledo, Ohio, Estados Unidos. O museu foi fundado pelo fabricante de vidros de Toledo, Edward Drummond Libbey em 1901, e mudou-se para a sua atual localização, um edifício renascentista projetado por Edward B. Green e Harry W. Wachter, em 1912. O edifício foi ampliado por duas vezes nos anos 1920 e 1930.</rdfs:comment>
    <rdfs:comment xml:lang="de">Das Toledo Museum of Art ist ein Kunstmuseum in Toledo im US-Bundesstaat Ohio.</rdfs:comment>
    <rdfs:comment xml:lang="fr">Le musée d&#39;art de Toledo (en anglais, Toledo Museum of Art) est un musée situé dans la ville de Toledo, dans l&#39;État de l&#39;Ohio, aux États-Unis. Le musée possède une collection de objets, mais il est particulièrement renommé pour sa collection de pièces de verre et les premières œuvres du musée proviennent de la collection du magnat du verre Edward Drummond Libbey.</rdfs:comment>
    <rdfs:comment xml:lang="es">El museo "Toledo Museum of Art" está situado en la ciudad de Toledo (Ohio) (Estados Unidos). El museo fue fundado por Edward Drummond Libbey en 1901. Es conocido a nivel mundial por su colección permanente.</rdfs:comment>
    <rdfs:comment xml:lang="ja">トレド美術館(The Toledo Museum of Art)は、オハイオ州トレドにある美術館である。ガラスアートコレクションで有名。</rdfs:comment>
    <rdfs:comment xml:lang="en">The Toledo Museum of Art is an internationally known art museum located in the Old West End neighborhood of Toledo, Ohio, United States. The museum was founded by Toledo glassmaker Edward Drummond Libbey in 1901, and moved to its current location, a Greek revival building designed by Edward B. Green and Harry W. Wachter on January 17, 1912. The building was expanded twice in the 1920s and 1930s. Brian Kennedy serves as the museum&#39;s director.</rdfs:comment>
    <foaf:name xml:lang="en">Toledo Museum of Art</foaf:name>
    <dbpedia-owl:thumbnail rdf:resource="http://upload.wikimedia.org/wikipedia/commons/thumb/e/e5/Toledo_Museum_of_Art_Monroe_Street_entrance.jpg/200px-Toledo_Museum_of_Art_Monroe_Street_entrance.jpg" />
    <dbpedia-owl:type rdf:resource="http://dbpedia.org/resource/Art_museum" />
    <dbpedia-owl:wikiPageExternalLink rdf:resource="http://www.artnet.com/magazineus/reviews/davis/davis8-30-06.asp" />
    <dbpedia-owl:wikiPageExternalLink rdf:resource="http://www.cva.utoledo.edu/cva.html" />
    <dbpedia-owl:wikiPageExternalLink rdf:resource="http://travel2.nytimes.com/2006/08/28/arts/design/28sana.html" />
    <dbpedia-owl:wikiPageExternalLink rdf:resource="http://www.expotv.com/videos/reviews/21/188/Toledo-Museum-of-Art/178462" />
    <dbpedia-owl:wikiPageExternalLink rdf:resource="http://www.toledomuseum.org/" />
    <dbpprop:director xml:lang="en">Brian P. Kennedy</dbpprop:director>
    <dbpprop:established rdf:datatype="http://www.w3.org/2001/XMLSchema#integer">1901</dbpprop:established>
    <dbpprop:imagesize rdf:datatype="http://www.w3.org/2001/XMLSchema#integer">250</dbpprop:imagesize>
    <dbpprop:location xml:lang="en">Toledo, Ohio, USA</dbpprop:location>
    <dbpprop:name xml:lang="en">Toledo Museum of Art</dbpprop:name>
    <dbpprop:type rdf:resource="http://dbpedia.org/resource/Art_museum" />
    <dbpprop:website rdf:resource="http://www.toledomuseum.org/" />
    <foaf:homepage rdf:resource="http://www.toledomuseum.org/" />
    <geo:geometry rdf:datatype="http://www.openlinksw.com/schemas/virtrdf#Geometry">POINT(-83.5594 41.6581)</geo:geometry>
    <foaf:isPrimaryTopicOf rdf:resource="http://en.wikipedia.org/wiki/Toledo_Museum_of_Art" />
    <geo:long rdf:datatype="http://www.w3.org/2001/XMLSchema#float">-83.5594</geo:long>
    <geo:lat rdf:datatype="http://www.w3.org/2001/XMLSchema#float">41.6581</geo:lat>
    <ns8:wasDerivedFrom rdf:resource="http://en.wikipedia.org/wiki/Toledo_Museum_of_Art?oldid=540912249" />
    <grs:point xml:lang="en">41.658055555555556 -83.55944444444444</grs:point>
    <dbpprop:hasPhotoCollection rdf:resource="http://wifo5-03.informatik.uni-mannheim.de/flickrwrappr/photos/Toledo_Museum_of_Art" />
  </rdf:Description>
  <rdf:Description rdf:about="http://de.dbpedia.org/resource/Toledo_Museum_of_Art">
    <owl:sameAs rdf:resource="http://dbpedia.org/resource/Toledo_Museum_of_Art" />
  </rdf:Description>
  <rdf:Description rdf:about="http://pt.dbpedia.org/resource/Museu_de_Arte_de_Toledo">
    <owl:sameAs rdf:resource="http://dbpedia.org/resource/Toledo_Museum_of_Art" />
  </rdf:Description>
  <rdf:Description rdf:about="http://dbpedia.org/resource/Blind_Man&#39;s_Bluff_(Fragonard)">
    <dbpedia-owl:museum rdf:resource="http://dbpedia.org/resource/Toledo_Museum_of_Art" />
    <dbpprop:museum rdf:resource="http://dbpedia.org/resource/Toledo_Museum_of_Art" />
  </rdf:Description>
  <rdf:Description rdf:about="http://fr.dbpedia.org/resource/Musée_d&#39;art_de_Toledo">
    <owl:sameAs rdf:resource="http://dbpedia.org/resource/Toledo_Museum_of_Art" />
  </rdf:Description>
  <rdf:Description rdf:about="http://dbpedia.org/resource/The_Toledo_Museum_of_Art">
    <dbpedia-owl:wikiPageRedirects rdf:resource="http://dbpedia.org/resource/Toledo_Museum_of_Art" />
  </rdf:Description>
  <rdf:Description rdf:about="http://en.wikipedia.org/wiki/Toledo_Museum_of_Art">
    <foaf:primaryTopic rdf:resource="http://dbpedia.org/resource/Toledo_Museum_of_Art" />
  </rdf:Description>
  <rdf:Description rdf:about="http://wikidata.dbpedia.org/resource/Q1743116">
    <owl:sameAs rdf:resource="http://dbpedia.org/resource/Toledo_Museum_of_Art" />
  </rdf:Description>
  <rdf:Description rdf:about="http://ca.dbpedia.org/resource/Toledo_Museum_of_Art">
    <owl:sameAs rdf:resource="http://dbpedia.org/resource/Toledo_Museum_of_Art" />
  </rdf:Description>
</rdf:RDF>
