<?xml version="1.0" encoding="utf-8" ?>
<rdf:RDF
	xmlns:rdf="http://www.w3.org/1999/02/22-rdf-syntax-ns#"
	xmlns:rdfs="http://www.w3.org/2000/01/rdf-schema#"
	xmlns:owl="http://www.w3.org/2002/07/owl#"
	xmlns:dcterms="http://purl.org/dc/terms/"
	xmlns:dbpedia-owl="http://dbpedia.org/ontology/"
	xmlns:foaf="http://xmlns.com/foaf/0.1/"
	xmlns:dbpprop="http://dbpedia.org/property/"
	xmlns:geo="http://www.w3.org/2003/01/geo/wgs84_pos#"
	xmlns:ns8="http://www.w3.org/ns/prov#"
	xmlns:grs="http://www.georss.org/georss/" >
  <rdf:Description rdf:about="http://dbpedia.org/resource/Parisius">
    <dbpedia-owl:majorShrine rdf:resource="http://dbpedia.org/resource/Treviso_Cathedral" />
  </rdf:Description>
  <rdf:Description rdf:about="http://dbpedia.org/resource/Treviso_Cathedral">
    <rdf:type rdf:resource="http://dbpedia.org/class/yago/PhysicalEntity100001930" />
    <rdf:type rdf:resource="http://schema.org/Museum" />
    <rdf:type rdf:resource="http://schema.org/Place" />
    <rdf:type rdf:resource="http://dbpedia.org/class/yago/CathedralsInItaly" />
    <rdf:type rdf:resource="http://dbpedia.org/class/yago/Whole100003553" />
    <rdf:type rdf:resource="http://dbpedia.org/class/yago/Artifact100021939" />
    <rdf:type rdf:resource="http://dbpedia.org/class/yago/YagoGeoEntity" />
    <rdf:type rdf:resource="http://dbpedia.org/class/yago/Cathedral102984061" />
    <rdf:type rdf:resource="http://dbpedia.org/class/yago/Building102913152" />
    <rdf:type rdf:resource="http://dbpedia.org/class/yago/PlaceOfWorship103953416" />
    <rdf:type rdf:resource="http://www.opengis.net/gml/_Feature" />
    <rdf:type rdf:resource="http://dbpedia.org/class/yago/Structure104341686" />
    <rdf:type rdf:resource="http://dbpedia.org/class/yago/ChurchesInTheVeneto" />
    <rdf:type rdf:resource="http://dbpedia.org/ontology/Museum" />
    <rdf:type rdf:resource="http://dbpedia.org/class/yago/YagoPermanentlyLocatedEntity" />
    <rdf:type rdf:resource="http://dbpedia.org/class/yago/Object100002684" />
    <rdf:type rdf:resource="http://dbpedia.org/ontology/Place" />
    <rdf:type rdf:resource="http://www.w3.org/2002/07/owl#Thing" />
    <rdf:type rdf:resource="http://dbpedia.org/class/yago/Church103028079" />
    <owl:sameAs rdf:resource="http://yago-knowledge.org/resource/Treviso_Cathedral" />
    <owl:sameAs rdf:resource="http://dbpedia.org/resource/Treviso_Cathedral" />
    <owl:sameAs rdf:resource="http://it.dbpedia.org/resource/Duomo_di_Treviso" />
    <owl:sameAs rdf:resource="http://www.wikidata.org/entity/Q51149" />
    <owl:sameAs rdf:resource="http://fr.dbpedia.org/resource/Cathédrale_de_Trévise" />
    <owl:sameAs rdf:resource="http://rdf.freebase.com/ns/m.0h3lqbs" />
    <dcterms:subject rdf:resource="http://dbpedia.org/resource/Category:18th-century_architecture" />
    <dcterms:subject rdf:resource="http://dbpedia.org/resource/Category:Churches_in_Veneto" />
    <dcterms:subject rdf:resource="http://dbpedia.org/resource/Category:Neoclassical_architecture_in_Italy" />
    <dcterms:subject rdf:resource="http://dbpedia.org/resource/Category:Cathedrals_in_Italy" />
    <dbpedia-owl:abstract xml:lang="en">The Cathedral of Treviso is a church in Treviso, Veneto, northern Italy, dedicated to St. Peter. The church originates from the 6th century AD, in the area where once were a temple, a theatre and, perhaps, some baths. In the 11th-12th centuries the church was remodeled in Romanesque style. In 1768 it was demolished and rebuilt in Neoclassicist style, only the crypt remaining from the previous edifice. The current façade dates from 1836. The Treviso Cathedral was affected in the 7 April 1944 bombing, having part of its library involved in a fire. Sights in the interior include the Malchiostro Chapel, designed by Tullio and Antonio Lombardo, which was frescoed by Il Pordenone and which houses the Malchiostro Annunciation by Titian and two canvasses by Paris Bordone. The church has an unfinished bell tower, whose construction, according to the tradition, was stopped by the Venetian government to avoid it could become taller than the campanile of the St. Mark&#39;s Basilica. The crypt houses the tombs of the city&#39;s bishops. The Diocesan Museum is home to a fresco by Tommaso da Modena</dbpedia-owl:abstract>
    <dbpedia-owl:abstract xml:lang="it">La Cattedrale di San Pietro Apostolo è il principale luogo di culto di Treviso e sede della diocesi locale. La cattedrale, consacrata a san Pietro Apostolo, si affaccia su piazza del Duomo.</dbpedia-owl:abstract>
    <dbpedia-owl:abstract xml:lang="fr">La cathédrale de Trévise est une église catholique romaine de Trévise, en Italie. Il s&#39;agit de la cathédrale du diocèse de Trévise.</dbpedia-owl:abstract>
    <dbpedia-owl:wikiPageID rdf:datatype="http://www.w3.org/2001/XMLSchema#integer">32798549</dbpedia-owl:wikiPageID>
    <dbpedia-owl:wikiPageRevisionID rdf:datatype="http://www.w3.org/2001/XMLSchema#integer">546208557</dbpedia-owl:wikiPageRevisionID>
    <rdfs:label xml:lang="it">Duomo di Treviso</rdfs:label>
    <rdfs:label xml:lang="en">Treviso Cathedral</rdfs:label>
    <rdfs:label xml:lang="fr">Cathédrale de Trévise</rdfs:label>
    <foaf:depiction rdf:resource="http://upload.wikimedia.org/wikipedia/commons/0/0c/Facciata_del_duomo.jpg" />
    <rdfs:comment xml:lang="fr">La cathédrale de Trévise est une église catholique romaine de Trévise, en Italie. Il s&#39;agit de la cathédrale du diocèse de Trévise.</rdfs:comment>
    <rdfs:comment xml:lang="en">The Cathedral of Treviso is a church in Treviso, Veneto, northern Italy, dedicated to St. Peter. The church originates from the 6th century AD, in the area where once were a temple, a theatre and, perhaps, some baths. In the 11th-12th centuries the church was remodeled in Romanesque style. In 1768 it was demolished and rebuilt in Neoclassicist style, only the crypt remaining from the previous edifice. The current façade dates from 1836.</rdfs:comment>
    <rdfs:comment xml:lang="it">La Cattedrale di San Pietro Apostolo è il principale luogo di culto di Treviso e sede della diocesi locale. La cattedrale, consacrata a san Pietro Apostolo, si affaccia su piazza del Duomo.</rdfs:comment>
    <dbpedia-owl:thumbnail rdf:resource="http://upload.wikimedia.org/wikipedia/commons/thumb/0/0c/Facciata_del_duomo.jpg/200px-Facciata_del_duomo.jpg" />
    <dbpedia-owl:wikiPageExternalLink rdf:resource="http://www.capitolaretv.it/" />
    <geo:geometry rdf:datatype="http://www.openlinksw.com/schemas/virtrdf#Geometry">POINT(12.2428 45.6664)</geo:geometry>
    <foaf:isPrimaryTopicOf rdf:resource="http://en.wikipedia.org/wiki/Treviso_Cathedral" />
    <geo:long rdf:datatype="http://www.w3.org/2001/XMLSchema#float">12.2428</geo:long>
    <geo:lat rdf:datatype="http://www.w3.org/2001/XMLSchema#float">45.6664</geo:lat>
    <ns8:wasDerivedFrom rdf:resource="http://en.wikipedia.org/wiki/Treviso_Cathedral?oldid=546208557" />
    <grs:point xml:lang="en">45.66638888888889 12.242777777777778</grs:point>
    <dbpprop:hasPhotoCollection rdf:resource="http://wifo5-03.informatik.uni-mannheim.de/flickrwrappr/photos/Treviso_Cathedral" />
  </rdf:Description>
  <rdf:Description rdf:about="http://dbpedia.org/resource/Malchiostro_Annunciation">
    <dbpedia-owl:museum rdf:resource="http://dbpedia.org/resource/Treviso_Cathedral" />
    <dbpprop:museum rdf:resource="http://dbpedia.org/resource/Treviso_Cathedral" />
  </rdf:Description>
  <rdf:Description rdf:about="http://en.wikipedia.org/wiki/Treviso_Cathedral">
    <foaf:primaryTopic rdf:resource="http://dbpedia.org/resource/Treviso_Cathedral" />
  </rdf:Description>
  <rdf:Description rdf:about="http://it.dbpedia.org/resource/Duomo_di_Treviso">
    <owl:sameAs rdf:resource="http://dbpedia.org/resource/Treviso_Cathedral" />
  </rdf:Description>
  <rdf:Description rdf:about="http://fr.dbpedia.org/resource/Cathédrale_de_Trévise">
    <owl:sameAs rdf:resource="http://dbpedia.org/resource/Treviso_Cathedral" />
  </rdf:Description>
  <rdf:Description rdf:about="http://wikidata.dbpedia.org/resource/Q51149">
    <owl:sameAs rdf:resource="http://dbpedia.org/resource/Treviso_Cathedral" />
  </rdf:Description>
</rdf:RDF>
