<?xml version="1.0" encoding="utf-8" ?>
<rdf:RDF
	xmlns:rdf="http://www.w3.org/1999/02/22-rdf-syntax-ns#"
	xmlns:rdfs="http://www.w3.org/2000/01/rdf-schema#"
	xmlns:owl="http://www.w3.org/2002/07/owl#"
	xmlns:dcterms="http://purl.org/dc/terms/"
	xmlns:dbpedia-owl="http://dbpedia.org/ontology/"
	xmlns:foaf="http://xmlns.com/foaf/0.1/"
	xmlns:dbpprop="http://dbpedia.org/property/"
	xmlns:geo="http://www.w3.org/2003/01/geo/wgs84_pos#"
	xmlns:ns8="http://www.w3.org/ns/prov#"
	xmlns:grs="http://www.georss.org/georss/" >
  <rdf:Description rdf:about="http://dbpedia.org/resource/Wadsworth_Atheneum">
    <rdf:type rdf:resource="http://www.opengis.net/gml/_Feature" />
    <rdf:type rdf:resource="http://dbpedia.org/class/yago/DecorativeArtsMuseumsInTheUnitedStates" />
    <rdf:type rdf:resource="http://www.w3.org/2002/07/owl#Thing" />
    <rdf:type rdf:resource="http://dbpedia.org/ontology/Building" />
    <rdf:type rdf:resource="http://dbpedia.org/class/yago/Artifact100021939" />
    <rdf:type rdf:resource="http://dbpedia.org/class/yago/FRAMEMuseums" />
    <rdf:type rdf:resource="http://dbpedia.org/ontology/ArchitecturalStructure" />
    <rdf:type rdf:resource="http://dbpedia.org/ontology/Place" />
    <rdf:type rdf:resource="http://dbpedia.org/class/yago/Facility103315023" />
    <rdf:type rdf:resource="http://umbel.org/umbel/rc/Place" />
    <rdf:type rdf:resource="http://dbpedia.org/class/yago/Depository103177349" />
    <rdf:type rdf:resource="http://dbpedia.org/class/yago/Museum103800563" />
    <rdf:type rdf:resource="http://dbpedia.org/class/yago/MuseumsInHartford,Connecticut" />
    <rdf:type rdf:resource="http://dbpedia.org/class/yago/Object100002684" />
    <rdf:type rdf:resource="http://dbpedia.org/class/yago/Whole100003553" />
    <rdf:type rdf:resource="http://dbpedia.org/class/yago/FashionMuseumsInTheUnitedStates" />
    <rdf:type rdf:resource="http://dbpedia.org/class/yago/YagoGeoEntity" />
    <rdf:type rdf:resource="http://dbpedia.org/class/yago/ArtMuseumsInConnecticut" />
    <rdf:type rdf:resource="http://dbpedia.org/class/yago/PhysicalEntity100001930" />
    <rdf:type rdf:resource="http://schema.org/Museum" />
    <rdf:type rdf:resource="http://dbpedia.org/class/yago/MuseumsEstablishedIn1842" />
    <rdf:type rdf:resource="http://dbpedia.org/class/yago/YagoPermanentlyLocatedEntity" />
    <rdf:type rdf:resource="http://schema.org/Place" />
    <rdf:type rdf:resource="http://dbpedia.org/ontology/Museum" />
    <owl:sameAs rdf:resource="http://www.wikidata.org/entity/Q403080" />
    <owl:sameAs rdf:resource="http://rdf.freebase.com/ns/m.02zp4_" />
    <owl:sameAs rdf:resource="http://fr.dbpedia.org/resource/Wadsworth_Atheneum" />
    <owl:sameAs rdf:resource="http://yago-knowledge.org/resource/Wadsworth_Atheneum" />
    <owl:sameAs rdf:resource="http://es.dbpedia.org/resource/Wadsworth_Atheneum" />
    <owl:sameAs rdf:resource="http://dbpedia.org/resource/Wadsworth_Atheneum" />
    <owl:sameAs rdf:resource="http://de.dbpedia.org/resource/Wadsworth_Atheneum" />
    <owl:sameAs rdf:resource="http://pl.dbpedia.org/resource/Wadsworth_Atheneum" />
    <owl:sameAs rdf:resource="http://pt.dbpedia.org/resource/Wadsworth_Atheneum" />
    <owl:sameAs rdf:resource="http://it.dbpedia.org/resource/Wadsworth_Atheneum" />
    <owl:sameAs rdf:resource="http://ca.dbpedia.org/resource/Wadsworth_Atheneum" />
    <owl:sameAs rdf:resource="http://zh.dbpedia.org/resource/沃兹沃思学会" />
    <owl:sameAs rdf:resource="http://sws.geonames.org/4845025/" />
    <dcterms:subject rdf:resource="http://dbpedia.org/resource/Category:Museums_of_American_art" />
    <dcterms:subject rdf:resource="http://dbpedia.org/resource/Category:Art_museums_in_Connecticut" />
    <dcterms:subject rdf:resource="http://dbpedia.org/resource/Category:University_of_Hartford" />
    <dcterms:subject rdf:resource="http://dbpedia.org/resource/Category:Alexander_Jackson_Davis_buildings" />
    <dcterms:subject rdf:resource="http://dbpedia.org/resource/Category:Castles_in_Connecticut" />
    <dcterms:subject rdf:resource="http://dbpedia.org/resource/Category:Museums_in_Hartford,_Connecticut" />
    <dcterms:subject rdf:resource="http://dbpedia.org/resource/Category:Gothic_Revival_architecture_in_Connecticut" />
    <dcterms:subject rdf:resource="http://dbpedia.org/resource/Category:History_of_New_England" />
    <dcterms:subject rdf:resource="http://dbpedia.org/resource/Category:FRAME_Museums" />
    <dcterms:subject rdf:resource="http://dbpedia.org/resource/Category:1844_establishments_in_the_United_States" />
    <dcterms:subject rdf:resource="http://dbpedia.org/resource/Category:Decorative_arts_museums_in_the_United_States" />
    <dcterms:subject rdf:resource="http://dbpedia.org/resource/Category:Buildings_and_structures_on_the_National_Register_of_Historic_Places_in_Connecticut" />
    <dcterms:subject rdf:resource="http://dbpedia.org/resource/Category:Fashion_museums_in_the_United_States" />
    <dcterms:subject rdf:resource="http://dbpedia.org/resource/Category:Art_museums_established_in_1844" />
    <dbpedia-owl:abstract xml:lang="it">Il Wadsworth Atheneum si trova in Main Street, 600 ad Hartford (Connecticut) negli Stati Uniti; è un museo di arti decorative, arte antica, arte moderna ed arte contemporanea. Il museo espone opera di: Pierre Bonnard, Paul Cézanne, Salvador Dalí, Jacques-Louis David, Eugène Delacroix, Edouard Manet, Claude Monet, Pablo Picasso, Camille Pissarro, Pierre-Auguste Renoir, Henri de Toulouse-Lautrec, Vincent Van Gogh, ecc.</dbpedia-owl:abstract>
    <dbpedia-owl:abstract xml:lang="zh">沃兹沃思学会（英文：Wadsworth Atheneum）是美国康涅狄格州首府哈特福德市中心一座城堡般的建筑，它是全美国最古老的公共艺术博物馆，康涅狄格州最大的艺术博物馆，广泛收藏法国和美国印象派绘画，哈得逊河学派风景画，现代主义杰作和当代艺术作品，以及美国早期家具和装饰艺术。</dbpedia-owl:abstract>
    <dbpedia-owl:abstract xml:lang="es">El Wadsworth Atheneum es un museo de artes decorativas, arte antiguo, arte moderno y arte contemporáneo. Se encuentra en Hartford, Connecticut en los Estados Unidos. El museo exhibe obras y paisajes de la Escuela del río Hudson, así como trabajos de Caravaggio, Francisco Zurbarán, Pierre Bonnard, Paul Cézanne, Salvador Dalí, Jacques-Louis David, Eugène Delacroix, Edouard Manet, Claude Monet, Pablo Picasso, Camille Pissarro, Pierre-Auguste Renoir, Henri de Toulouse-Lautrec, Vincent Van Gogh y otros.</dbpedia-owl:abstract>
    <dbpedia-owl:abstract xml:lang="en">The Wadsworth Atheneum is the oldest public art museum in the United States, with significant holdings of French and American Impressionist paintings, Hudson River School landscapes, modernist masterpieces and contemporary works, as well as extensive holdings in early American furniture and decorative arts. It is located at 600 Main Street in a distinctive castle-like building in downtown Hartford, Connecticut, the state&#39;s capital. It easily accessible from I-91 and I-84, as well as by train. With 196,000 square feet, the museum is the largest art museum in the state of Connecticut.</dbpedia-owl:abstract>
    <dbpedia-owl:abstract xml:lang="de">Das Wadsworth Atheneum in Hartford, Connecticut ist das älteste öffentliche Kunstmuseum der Vereinigten Staaten. Das Wadsworth Atheneum wurde von Daniel Wadsworth begründet und ab 1842 von den Architekten Alexander Jackson Davis und Ithiel Town errichtet. Am 31. Juli 1844 wurde das Museum eröffnet. Wadsworth übertrug dem Museum zu seiner Eröffnung neben Büsten und Skulpturen 78 Gemälde. Durch umfangreiche Vermächtnisse von Elizabeth Hart Jarvis Colt und J. P. Morgan wuchs der Bestand des Wadsworth Atheneums. Eine weitere Sammlung wurde als The Ella Gallup Sumner and Mary Catlin Sumner Collection dem Museum überlassen.</dbpedia-owl:abstract>
    <dbpedia-owl:abstract xml:lang="pt">O Wadsworth Atheneum é o museu de arte público mais velho dos Estados Unidos, com participações significantes de pinturas impressionistas francesas e americanas, paisagens da Escola do Rio Hudson, obras-primas modernistas e obras contemporâneas, bem como coleções extensas do mobiliário norte-americano e artes decorativas. Está localizado em Hartford, capital do estado de Connecticut. O museu exibe obras de Pierre Bonnard, Paul Cézanne, Salvador Dalí, Jacques-Louis David, Eugène Delacroix, Edouard Manet, Claude Monet, Pablo Picasso, Camille Pissarro, Pierre-Auguste Renoir, Henri de Toulouse-Lautrec, Vincent Van Gogh e outros.</dbpedia-owl:abstract>
    <dbpedia-owl:abstract xml:lang="fr">Le Wadsworth Atheneum est le plus ancien musée d&#39;art des États-Unis. Il est situé à Hartford, capitale de l’État du Connecticut. Le musée rassemble notamment des collections de peintures impressionnistes françaises et américaines, des paysages de l&#39;Hudson River School, des œuvres modernistes et contemporaines, des vêtements et textiles, une collection d&#39;armes à feu Colt ainsi que des collections d&#39;arts décoratifs.</dbpedia-owl:abstract>
    <dbpedia-owl:added rdf:datatype="http://www.w3.org/2001/XMLSchema#date">1970-10-06</dbpedia-owl:added>
    <dbpedia-owl:architect rdf:resource="http://dbpedia.org/resource/Alexander_Jackson_Davis" />
    <dbpedia-owl:architect rdf:resource="http://dbpedia.org/resource/Ithiel_Town" />
    <dbpedia-owl:architecturalStyle rdf:resource="http://dbpedia.org/resource/Gothic_Revival_architecture" />
    <dbpedia-owl:director rdf:resource="http://dbpedia.org/resource/Susan_Lubowsky_Talbott" />
    <dbpedia-owl:location rdf:resource="http://dbpedia.org/resource/Hartford,_Connecticut" />
    <dbpedia-owl:location rdf:resource="http://dbpedia.org/resource/Connecticut" />
    <dbpedia-owl:location rdf:resource="http://dbpedia.org/resource/Main_Street" />
    <dbpedia-owl:nrhpReferenceNumber xml:lang="en">70000709</dbpedia-owl:nrhpReferenceNumber>
    <dbpedia-owl:wikiPageID rdf:datatype="http://www.w3.org/2001/XMLSchema#integer">641002</dbpedia-owl:wikiPageID>
    <dbpedia-owl:wikiPageRevisionID rdf:datatype="http://www.w3.org/2001/XMLSchema#integer">547536646</dbpedia-owl:wikiPageRevisionID>
    <dbpedia-owl:yearOfConstruction rdf:datatype="http://www.w3.org/2001/XMLSchema#gYear">1844-01-01T00:00:00+02:00</dbpedia-owl:yearOfConstruction>
    <rdfs:label xml:lang="zh">沃兹沃思学会</rdfs:label>
    <rdfs:label xml:lang="fr">Wadsworth Atheneum</rdfs:label>
    <rdfs:label xml:lang="en">Wadsworth Atheneum</rdfs:label>
    <rdfs:label xml:lang="de">Wadsworth Atheneum</rdfs:label>
    <rdfs:label xml:lang="it">Wadsworth Atheneum</rdfs:label>
    <rdfs:label xml:lang="pt">Wadsworth Atheneum</rdfs:label>
    <rdfs:label xml:lang="es">Wadsworth Atheneum</rdfs:label>
    <foaf:depiction rdf:resource="http://upload.wikimedia.org/wikipedia/commons/c/c6/Wadsworth_Atheneum,_Hartford,_Connecticut.JPG" />
    <rdfs:comment xml:lang="fr">Le Wadsworth Atheneum est le plus ancien musée d&#39;art des États-Unis. Il est situé à Hartford, capitale de l’État du Connecticut. Le musée rassemble notamment des collections de peintures impressionnistes françaises et américaines, des paysages de l&#39;Hudson River School, des œuvres modernistes et contemporaines, des vêtements et textiles, une collection d&#39;armes à feu Colt ainsi que des collections d&#39;arts décoratifs.</rdfs:comment>
    <rdfs:comment xml:lang="zh">沃兹沃思学会（英文：Wadsworth Atheneum）是美国康涅狄格州首府哈特福德市中心一座城堡般的建筑，它是全美国最古老的公共艺术博物馆，康涅狄格州最大的艺术博物馆，广泛收藏法国和美国印象派绘画，哈得逊河学派风景画，现代主义杰作和当代艺术作品，以及美国早期家具和装饰艺术。</rdfs:comment>
    <rdfs:comment xml:lang="pt">O Wadsworth Atheneum é o museu de arte público mais velho dos Estados Unidos, com participações significantes de pinturas impressionistas francesas e americanas, paisagens da Escola do Rio Hudson, obras-primas modernistas e obras contemporâneas, bem como coleções extensas do mobiliário norte-americano e artes decorativas. Está localizado em Hartford, capital do estado de Connecticut.</rdfs:comment>
    <rdfs:comment xml:lang="en">The Wadsworth Atheneum is the oldest public art museum in the United States, with significant holdings of French and American Impressionist paintings, Hudson River School landscapes, modernist masterpieces and contemporary works, as well as extensive holdings in early American furniture and decorative arts. It is located at 600 Main Street in a distinctive castle-like building in downtown Hartford, Connecticut, the state&#39;s capital. It easily accessible from I-91 and I-84, as well as by train.</rdfs:comment>
    <rdfs:comment xml:lang="es">El Wadsworth Atheneum es un museo de artes decorativas, arte antiguo, arte moderno y arte contemporáneo. Se encuentra en Hartford, Connecticut en los Estados Unidos.</rdfs:comment>
    <rdfs:comment xml:lang="it">Il Wadsworth Atheneum si trova in Main Street, 600 ad Hartford (Connecticut) negli Stati Uniti; è un museo di arti decorative, arte antica, arte moderna ed arte contemporanea. Il museo espone opera di: Pierre Bonnard, Paul Cézanne, Salvador Dalí, Jacques-Louis David, Eugène Delacroix, Edouard Manet, Claude Monet, Pablo Picasso, Camille Pissarro, Pierre-Auguste Renoir, Henri de Toulouse-Lautrec, Vincent Van Gogh, ecc.</rdfs:comment>
    <rdfs:comment xml:lang="de">Das Wadsworth Atheneum in Hartford, Connecticut ist das älteste öffentliche Kunstmuseum der Vereinigten Staaten. Das Wadsworth Atheneum wurde von Daniel Wadsworth begründet und ab 1842 von den Architekten Alexander Jackson Davis und Ithiel Town errichtet. Am 31. Juli 1844 wurde das Museum eröffnet. Wadsworth übertrug dem Museum zu seiner Eröffnung neben Büsten und Skulpturen 78 Gemälde. Durch umfangreiche Vermächtnisse von Elizabeth Hart Jarvis Colt und J. P.</rdfs:comment>
    <foaf:name xml:lang="en">Wadsworth Atheneum</foaf:name>
    <dbpedia-owl:picture rdf:resource="http://dbpedia.org/resource/Hartford,_Connecticut" />
    <dbpedia-owl:thumbnail rdf:resource="http://upload.wikimedia.org/wikipedia/commons/thumb/c/c6/Wadsworth_Atheneum,_Hartford,_Connecticut.JPG/200px-Wadsworth_Atheneum,_Hartford,_Connecticut.JPG" />
    <dbpedia-owl:wikiPageExternalLink rdf:resource="http://www.wadsworthatheneum.org/view/exhibition.php" />
    <dbpedia-owl:wikiPageExternalLink rdf:resource="http://www.wadsworthatheneum.org/" />
    <dbpedia-owl:wikiPageExternalLink rdf:resource="http://www.wadsworthatheneum.org" />
    <dbpprop:added rdf:datatype="http://www.w3.org/2001/XMLSchema#date">1970-10-06</dbpprop:added>
    <dbpprop:architect xml:lang="en">Alexander Jackson Davis and Ithiel Town</dbpprop:architect>
    <dbpprop:architecture rdf:resource="http://dbpedia.org/resource/Gothic_Revival_architecture" />
    <dbpprop:area xml:lang="en">less than one acre</dbpprop:area>
    <dbpprop:built rdf:datatype="http://www.w3.org/2001/XMLSchema#integer">1842</dbpprop:built>
    <dbpprop:caption xml:lang="en">Wadsworth Atheneum</dbpprop:caption>
    <dbpprop:coordDisplay xml:lang="en">inline,title</dbpprop:coordDisplay>
    <dbpprop:director rdf:resource="http://dbpedia.org/resource/Susan_Lubowsky_Talbott" />
    <dbpprop:established rdf:datatype="http://www.w3.org/2001/XMLSchema#integer">1844</dbpprop:established>
    <dbpprop:governingBody xml:lang="en">Wadsworth Atheneum</dbpprop:governingBody>
    <dbpprop:latDegrees rdf:datatype="http://www.w3.org/2001/XMLSchema#integer">41</dbpprop:latDegrees>
    <dbpprop:latDirection xml:lang="en">N</dbpprop:latDirection>
    <dbpprop:latMinutes rdf:datatype="http://www.w3.org/2001/XMLSchema#integer">45</dbpprop:latMinutes>
    <dbpprop:latSeconds rdf:datatype="http://www.w3.org/2001/XMLSchema#integer">48</dbpprop:latSeconds>
    <dbpprop:location rdf:datatype="http://www.w3.org/2001/XMLSchema#integer">600</dbpprop:location>
    <dbpprop:location rdf:datatype="http://www.w3.org/2001/XMLSchema#integer">25</dbpprop:location>
    <dbpprop:locmapin xml:lang="en">Connecticut</dbpprop:locmapin>
    <dbpprop:longDegrees rdf:datatype="http://www.w3.org/2001/XMLSchema#integer">72</dbpprop:longDegrees>
    <dbpprop:longDirection xml:lang="en">W</dbpprop:longDirection>
    <dbpprop:longMinutes rdf:datatype="http://www.w3.org/2001/XMLSchema#integer">40</dbpprop:longMinutes>
    <dbpprop:longSeconds rdf:datatype="http://www.w3.org/2001/XMLSchema#integer">26</dbpprop:longSeconds>
    <dbpprop:name xml:lang="en">Wadsworth Atheneum</dbpprop:name>
    <dbpprop:nrhpType xml:lang="en">nrhp</dbpprop:nrhpType>
    <dbpprop:refnum rdf:datatype="http://www.w3.org/2001/XMLSchema#integer">70000709</dbpprop:refnum>
    <dbpprop:website rdf:resource="http://www.wadsworthatheneum.org" />
    <foaf:homepage rdf:resource="http://www.wadsworthatheneum.org" />
    <dbpprop:wordnet_type rdf:resource="http://www.w3.org/2006/03/wn/wn20/instances/synset-location-noun-1" />
    <geo:geometry rdf:datatype="http://www.openlinksw.com/schemas/virtrdf#Geometry">POINT(-72.6739 41.7633)</geo:geometry>
    <foaf:isPrimaryTopicOf rdf:resource="http://en.wikipedia.org/wiki/Wadsworth_Atheneum" />
    <geo:long rdf:datatype="http://www.w3.org/2001/XMLSchema#float">-72.6739</geo:long>
    <geo:lat rdf:datatype="http://www.w3.org/2001/XMLSchema#float">41.7633</geo:lat>
    <ns8:wasDerivedFrom rdf:resource="http://en.wikipedia.org/wiki/Wadsworth_Atheneum?oldid=547536646" />
    <grs:point xml:lang="en">41.763333333333335 -72.67388888888888</grs:point>
    <dbpprop:hasPhotoCollection rdf:resource="http://wifo5-03.informatik.uni-mannheim.de/flickrwrappr/photos/Wadsworth_Atheneum" />
  </rdf:Description>
  <rdf:Description rdf:about="http://it.dbpedia.org/resource/Wadsworth_Atheneum">
    <owl:sameAs rdf:resource="http://dbpedia.org/resource/Wadsworth_Atheneum" />
  </rdf:Description>
  <rdf:Description rdf:about="http://dbpedia.org/resource/Ithiel_Town">
    <dbpedia-owl:significantBuilding rdf:resource="http://dbpedia.org/resource/Wadsworth_Atheneum" />
  </rdf:Description>
  <rdf:Description rdf:about="http://dbpedia.org/resource/Saint_Francis_of_Assisi_in_Ecstasy_(Caravaggio)">
    <dbpedia-owl:museum rdf:resource="http://dbpedia.org/resource/Wadsworth_Atheneum" />
  </rdf:Description>
  <rdf:Description rdf:about="http://dbpedia.org/resource/Wadsworth_Athenaeum">
    <dbpedia-owl:wikiPageRedirects rdf:resource="http://dbpedia.org/resource/Wadsworth_Atheneum" />
  </rdf:Description>
  <rdf:Description rdf:about="http://es.dbpedia.org/resource/Wadsworth_Atheneum">
    <owl:sameAs rdf:resource="http://dbpedia.org/resource/Wadsworth_Atheneum" />
  </rdf:Description>
  <rdf:Description rdf:about="http://data.nytimes.com/68191785079506049742">
    <owl:sameAs rdf:resource="http://dbpedia.org/resource/Wadsworth_Atheneum" />
  </rdf:Description>
  <rdf:Description rdf:about="http://dbpedia.org/resource/Apparition_of_Face_and_Fruit_Dish_on_a_Beach">
    <dbpedia-owl:museum rdf:resource="http://dbpedia.org/resource/Wadsworth_Atheneum" />
    <dbpprop:museum rdf:resource="http://dbpedia.org/resource/Wadsworth_Atheneum" />
  </rdf:Description>
  <rdf:Description rdf:about="http://dbpedia.org/resource/Wadsworth">
    <dbpedia-owl:wikiPageDisambiguates rdf:resource="http://dbpedia.org/resource/Wadsworth_Atheneum" />
  </rdf:Description>
  <rdf:Description rdf:about="http://de.dbpedia.org/resource/Wadsworth_Atheneum">
    <owl:sameAs rdf:resource="http://dbpedia.org/resource/Wadsworth_Atheneum" />
  </rdf:Description>
  <rdf:Description rdf:about="http://en.wikipedia.org/wiki/Wadsworth_Atheneum">
    <foaf:primaryTopic rdf:resource="http://dbpedia.org/resource/Wadsworth_Atheneum" />
  </rdf:Description>
  <rdf:Description rdf:about="http://dbpedia.org/resource/Wadsworth_Atheneum_Hartford">
    <dbpedia-owl:wikiPageRedirects rdf:resource="http://dbpedia.org/resource/Wadsworth_Atheneum" />
  </rdf:Description>
  <rdf:Description rdf:about="http://fr.dbpedia.org/resource/Wadsworth_Atheneum">
    <owl:sameAs rdf:resource="http://dbpedia.org/resource/Wadsworth_Atheneum" />
  </rdf:Description>
  <rdf:Description rdf:about="http://pl.dbpedia.org/resource/Wadsworth_Atheneum">
    <owl:sameAs rdf:resource="http://dbpedia.org/resource/Wadsworth_Atheneum" />
  </rdf:Description>
  <rdf:Description rdf:about="http://pt.dbpedia.org/resource/Wadsworth_Atheneum">
    <owl:sameAs rdf:resource="http://dbpedia.org/resource/Wadsworth_Atheneum" />
  </rdf:Description>
  <rdf:Description rdf:about="http://wikidata.dbpedia.org/resource/Q403080">
    <owl:sameAs rdf:resource="http://dbpedia.org/resource/Wadsworth_Atheneum" />
  </rdf:Description>
  <rdf:Description rdf:about="http://zh.dbpedia.org/resource/沃兹沃思学会">
    <owl:sameAs rdf:resource="http://dbpedia.org/resource/Wadsworth_Atheneum" />
  </rdf:Description>
  <rdf:Description rdf:about="http://ca.dbpedia.org/resource/Wadsworth_Atheneum">
    <owl:sameAs rdf:resource="http://dbpedia.org/resource/Wadsworth_Atheneum" />
  </rdf:Description>
</rdf:RDF>
