<?xml version="1.0" encoding="utf-8" ?>
<rdf:RDF
	xmlns:rdf="http://www.w3.org/1999/02/22-rdf-syntax-ns#"
	xmlns:rdfs="http://www.w3.org/2000/01/rdf-schema#"
	xmlns:owl="http://www.w3.org/2002/07/owl#"
	xmlns:dcterms="http://purl.org/dc/terms/"
	xmlns:dbpedia-owl="http://dbpedia.org/ontology/"
	xmlns:foaf="http://xmlns.com/foaf/0.1/"
	xmlns:dbpprop="http://dbpedia.org/property/"
	xmlns:geo="http://www.w3.org/2003/01/geo/wgs84_pos#"
	xmlns:ns8="http://www.w3.org/ns/prov#"
	xmlns:grs="http://www.georss.org/georss/" >
  <rdf:Description rdf:about="http://es.dbpedia.org/resource/Museo_Wallraf-Richartz">
    <owl:sameAs rdf:resource="http://dbpedia.org/resource/Wallraf-Richartz_Museum" />
  </rdf:Description>
  <rdf:Description rdf:about="http://fr.dbpedia.org/resource/Wallraf-Richartz_Museum">
    <owl:sameAs rdf:resource="http://dbpedia.org/resource/Wallraf-Richartz_Museum" />
  </rdf:Description>
  <rdf:Description rdf:about="http://ja.dbpedia.org/resource/ヴァルラフ・リヒャルツ美術館">
    <owl:sameAs rdf:resource="http://dbpedia.org/resource/Wallraf-Richartz_Museum" />
  </rdf:Description>
  <rdf:Description rdf:about="http://dbpedia.org/resource/Wallraf-Richartz_Museum">
    <rdf:type rdf:resource="http://dbpedia.org/class/yago/MuseumsInCologne" />
    <rdf:type rdf:resource="http://www.w3.org/2002/07/owl#Thing" />
    <rdf:type rdf:resource="http://dbpedia.org/class/yago/MuseumsEstablishedIn1827" />
    <rdf:type rdf:resource="http://dbpedia.org/class/yago/YagoPermanentlyLocatedEntity" />
    <rdf:type rdf:resource="http://dbpedia.org/class/yago/Object100002684" />
    <rdf:type rdf:resource="http://dbpedia.org/ontology/Building" />
    <rdf:type rdf:resource="http://dbpedia.org/class/yago/Museum103800563" />
    <rdf:type rdf:resource="http://dbpedia.org/class/yago/PhysicalEntity100001930" />
    <rdf:type rdf:resource="http://schema.org/Place" />
    <rdf:type rdf:resource="http://dbpedia.org/class/yago/ArtMuseumsAndGalleriesInGermany" />
    <rdf:type rdf:resource="http://schema.org/Museum" />
    <rdf:type rdf:resource="http://dbpedia.org/class/yago/Whole100003553" />
    <rdf:type rdf:resource="http://dbpedia.org/class/yago/Depository103177349" />
    <rdf:type rdf:resource="http://dbpedia.org/class/yago/Artifact100021939" />
    <rdf:type rdf:resource="http://www.opengis.net/gml/_Feature" />
    <rdf:type rdf:resource="http://dbpedia.org/class/yago/YagoGeoEntity" />
    <rdf:type rdf:resource="http://dbpedia.org/ontology/ArchitecturalStructure" />
    <rdf:type rdf:resource="http://dbpedia.org/ontology/Place" />
    <rdf:type rdf:resource="http://dbpedia.org/class/yago/Facility103315023" />
    <rdf:type rdf:resource="http://dbpedia.org/ontology/Museum" />
    <owl:sameAs rdf:resource="http://pl.dbpedia.org/resource/Wallraf-Richartz-Museum_&amp;_Fondation_Corboud" />
    <owl:sameAs rdf:resource="http://it.dbpedia.org/resource/Wallraf-Richartz_Museum" />
    <owl:sameAs rdf:resource="http://yago-knowledge.org/resource/Wallraf-Richartz_Museum" />
    <owl:sameAs rdf:resource="http://rdf.freebase.com/ns/m.05q6bt" />
    <owl:sameAs rdf:resource="http://dbpedia.org/resource/Wallraf-Richartz_Museum" />
    <owl:sameAs rdf:resource="http://fr.dbpedia.org/resource/Wallraf-Richartz_Museum" />
    <owl:sameAs rdf:resource="http://nl.dbpedia.org/resource/Wallraf-Richartz-Museum" />
    <owl:sameAs rdf:resource="http://www.wikidata.org/entity/Q700959" />
    <owl:sameAs rdf:resource="http://de.dbpedia.org/resource/Wallraf-Richartz-Museum_&amp;_Fondation_Corboud" />
    <owl:sameAs rdf:resource="http://sv.dbpedia.org/resource/Wallraf-Richartzmuseet" />
    <owl:sameAs rdf:resource="http://hr.dbpedia.org/resource/Muzej_Wallraf-Richartz" />
    <owl:sameAs rdf:resource="http://es.dbpedia.org/resource/Museo_Wallraf-Richartz" />
    <owl:sameAs rdf:resource="http://ja.dbpedia.org/resource/ヴァルラフ・リヒャルツ美術館" />
    <owl:sameAs rdf:resource="http://sws.geonames.org/6947852/" />
    <owl:sameAs rdf:resource="http://ru.dbpedia.org/resource/Музей_Вальрафа-Рихарца" />
    <owl:sameAs rdf:resource="http://da.dbpedia.org/resource/Wallraf-Richartz-Museum" />
    <owl:sameAs rdf:resource="http://zh.dbpedia.org/resource/瓦爾拉夫-里夏茨博物館" />
    <owl:sameAs rdf:resource="http://uk.dbpedia.org/resource/Музей_Вальрафа-Ріхарца" />
    <dcterms:subject rdf:resource="http://dbpedia.org/resource/Category:1827_establishments_in_Germany" />
    <dcterms:subject rdf:resource="http://dbpedia.org/resource/Category:Art_museums_established_in_1827" />
    <dcterms:subject rdf:resource="http://dbpedia.org/resource/Category:Innenstadt,_Cologne" />
    <dcterms:subject rdf:resource="http://dbpedia.org/resource/Category:Museums_in_Cologne" />
    <dcterms:subject rdf:resource="http://dbpedia.org/resource/Category:Art_museums_and_galleries_in_Germany" />
    <dbpedia-owl:abstract xml:lang="fr">Le Musée Wallraf-Richatz &amp; Fondation Corboud (dont le nom en allemand est Wallraf-Richartz-Museum) à Cologne en Allemagne est une des grandes galeries de peinture d’Allemagne. Le plus vieux musée de Cologne abrite la plus importante collection du monde de peinture médiévale et une sélection représentative d’art avant la fin du XIX siècle. En plus, le musée possède une importante collection graphique de quelques 75000 feuilles de toutes les périodes d’art.</dbpedia-owl:abstract>
    <dbpedia-owl:abstract xml:lang="ja">ヴァルラフ・リヒャルツ美術館(Wallraf-Richartz-Museum)は、ケルンにある美術館である。中世から近代までの美術品を所蔵している。</dbpedia-owl:abstract>
    <dbpedia-owl:abstract xml:lang="zh">瓦爾拉夫-里夏茨博物館是德國科隆三個主要的博物館之一，是一個以藝術陳列和收集為主的博物館，開始收藏作品的時間為1824年。1976年時部分收藏品作為路德維希博物館(Museum Ludwig)建館所用。</dbpedia-owl:abstract>
    <dbpedia-owl:abstract xml:lang="es">El Museo Wallraf-Richartz (Wallraf-Richartz Museum) es uno de los tres principales museos de Colonia, Alemania. Es una pinacoteca con una colección de bellas artes desde la época medieval hasta comienzos del siglo XX. Parte de su colección se utilizó para crear el Museo Ludwig en 1976.</dbpedia-owl:abstract>
    <dbpedia-owl:abstract xml:lang="en">The Wallraf-Richartz-Museum &amp; Fondation Corboud is one of the three major museums in Cologne, Germany. It houses an art gallery with a collection of fine art from the medieval period to the early twentieth century.</dbpedia-owl:abstract>
    <dbpedia-owl:abstract xml:lang="pl">Wallraf-Richartz-Museum &amp; Fondation Corboud w Kolonii – jedno z największych muzeów w Niemczech. Mieści cenne zbiory malarstwa i grafiki od średniowiecza do okresu międzywojennego. Kolekcja malarstwa średniowiecznego jest jedną z największych w Europie. Wśród niej znajdują się dzieła malarzy reprezentujących tzw. szkołę kolońską, m. in. Stefana Lochnera. Zbiory mieszczą się w czwartej w dziejach muzeum siedzibie, w centrum miasta niedaleko kolońskiego ratusza.</dbpedia-owl:abstract>
    <dbpedia-owl:abstract xml:lang="nl">Het Wallraf-Richartz-Museum (officieel Wallraf-Richartz-Museum &amp; Fondation Corboud) in Keulen is een van de grote kunstmusea in Duitsland. Het Keulse Museum Ludwig herbergt de kunst van de 20e eeuw, terwijl het Wallraf-Richartz op 3500 m² een representatief overzicht biedt van de Europese beeldende kunst van de 13e tot het begin van de 20e eeuw.</dbpedia-owl:abstract>
    <dbpedia-owl:abstract xml:lang="it">Il Wallraf-Richartz Museum è situato nel centro storico di Colonia e ospita una delle pinacoteche più importanti della Germania. L&#39;edificio, opera dell&#39;architetto Oswald Mathias Ungers, è stato inaugurato nel 2001. L’edificio sorge nella parte più monumentale di Colonia, lungo l’itinerario pedonale che va dalla sponda del Reno fino alla cattedrale gotica, ed è nato per accogliere le collezioni di due musei, con l’aggiunta del sistema di servizi per il pubblico, di una sala polivalente e di un foyer. Tutto ruota attorno allo scalone e l’edificio si caratterizza per il resto per una marcata ripetitività nelle forme, in dialogo con il rigore formale della cattedrale.</dbpedia-owl:abstract>
    <dbpedia-owl:abstract xml:lang="de">Das Wallraf-Richartz-Museum &amp; Fondation Corboud in Köln ist eine der großen klassischen Gemäldegalerien Deutschlands. Das älteste Museum der Stadt Köln beherbergt in einem Gebäude von 2001 die weltweit umfangreichste Sammlung mittelalterlicher Malerei, insbesondere der „Kölner Malerschule“, sowie eine repräsentative Auswahl an Kunst des 16. und 17. Jahrhunderts. Mit den Werken der Fondation Corboud verfügt das Museum über die umfangreichste Sammlung impressionistischer und neoimpressionistischer Kunst in Deutschland. Zum Bestand zählt ebenso eine bedeutende Graphische Sammlung von mehr als 75000 Blättern aus dem Mittelalter bis ins 20. Jahrhundert. Nach der kommissarischen Museumsleitung von Roland Krischel übernahm am 1. März 2013 Marcus Dekiert die Leitung des Museums. (in der Nachfolge des 2012 ausgeschiedenen Andreas Blühm).</dbpedia-owl:abstract>
    <dbpedia-owl:abstract xml:lang="ru">Музей Вальрафа-Рихарца (нем.  Wallraf-Richartz-Museum &amp; Fondation Corboud) в Кёльне — одна из крупных картинных галерей Германии. Музей располагается в построенном в 2001 г. здании Музея города Кёльна и хранит самую крупную в мире коллекцию средневековой живописи, в частности, кёльнской школы живописи, а также обширное собрание графики.</dbpedia-owl:abstract>
    <dbpedia-owl:collection xml:lang="en">Renaissance,</dbpedia-owl:collection>
    <dbpedia-owl:collection xml:lang="en">European Fine art:</dbpedia-owl:collection>
    <dbpedia-owl:collection xml:lang="en">Gothic,</dbpedia-owl:collection>
    <dbpedia-owl:collection xml:lang="en">Impressionist</dbpedia-owl:collection>
    <dbpedia-owl:collection xml:lang="en">Baroque,</dbpedia-owl:collection>
    <dbpedia-owl:location rdf:resource="http://dbpedia.org/resource/Cologne" />
    <dbpedia-owl:location rdf:resource="http://dbpedia.org/resource/Germany" />
    <dbpedia-owl:wikiPageID rdf:datatype="http://www.w3.org/2001/XMLSchema#integer">1709811</dbpedia-owl:wikiPageID>
    <dbpedia-owl:wikiPageRevisionID rdf:datatype="http://www.w3.org/2001/XMLSchema#integer">541334135</dbpedia-owl:wikiPageRevisionID>
    <rdfs:label xml:lang="it">Wallraf-Richartz Museum</rdfs:label>
    <rdfs:label xml:lang="es">Museo Wallraf-Richartz</rdfs:label>
    <rdfs:label xml:lang="en">Wallraf-Richartz Museum</rdfs:label>
    <rdfs:label xml:lang="de">Wallraf-Richartz-Museum &amp; Fondation Corboud</rdfs:label>
    <rdfs:label xml:lang="ru">Музей Вальрафа-Рихарца</rdfs:label>
    <rdfs:label xml:lang="fr">Wallraf-Richartz Museum</rdfs:label>
    <rdfs:label xml:lang="nl">Wallraf-Richartz-Museum</rdfs:label>
    <rdfs:label xml:lang="pl">Wallraf-Richartz-Museum &amp; Fondation Corboud</rdfs:label>
    <rdfs:label xml:lang="zh">瓦爾拉夫-里夏茨博物館</rdfs:label>
    <rdfs:label xml:lang="ja">ヴァルラフ・リヒャルツ美術館</rdfs:label>
    <foaf:depiction rdf:resource="http://upload.wikimedia.org/wikipedia/commons/4/48/Wallraf-Richartz-Museum_001.jpg" />
    <rdfs:comment xml:lang="en">The Wallraf-Richartz-Museum &amp; Fondation Corboud is one of the three major museums in Cologne, Germany. It houses an art gallery with a collection of fine art from the medieval period to the early twentieth century.</rdfs:comment>
    <rdfs:comment xml:lang="fr">Le Musée Wallraf-Richatz &amp; Fondation Corboud (dont le nom en allemand est Wallraf-Richartz-Museum) à Cologne en Allemagne est une des grandes galeries de peinture d’Allemagne. Le plus vieux musée de Cologne abrite la plus importante collection du monde de peinture médiévale et une sélection représentative d’art avant la fin du XIX siècle. En plus, le musée possède une importante collection graphique de quelques 75000 feuilles de toutes les périodes d’art.</rdfs:comment>
    <rdfs:comment xml:lang="ja">ヴァルラフ・リヒャルツ美術館(Wallraf-Richartz-Museum)は、ケルンにある美術館である。中世から近代までの美術品を所蔵している。</rdfs:comment>
    <rdfs:comment xml:lang="ru">Музей Вальрафа-Рихарца (нем.  Wallraf-Richartz-Museum &amp; Fondation Corboud) в Кёльне — одна из крупных картинных галерей Германии. Музей располагается в построенном в 2001 г. здании Музея города Кёльна и хранит самую крупную в мире коллекцию средневековой живописи, в частности, кёльнской школы живописи, а также обширное собрание графики.</rdfs:comment>
    <rdfs:comment xml:lang="es">El Museo Wallraf-Richartz (Wallraf-Richartz Museum) es uno de los tres principales museos de Colonia, Alemania. Es una pinacoteca con una colección de bellas artes desde la época medieval hasta comienzos del siglo XX. Parte de su colección se utilizó para crear el Museo Ludwig en 1976.</rdfs:comment>
    <rdfs:comment xml:lang="it">Il Wallraf-Richartz Museum è situato nel centro storico di Colonia e ospita una delle pinacoteche più importanti della Germania. L&#39;edificio, opera dell&#39;architetto Oswald Mathias Ungers, è stato inaugurato nel 2001.</rdfs:comment>
    <rdfs:comment xml:lang="pl">Wallraf-Richartz-Museum &amp; Fondation Corboud w Kolonii – jedno z największych muzeów w Niemczech. Mieści cenne zbiory malarstwa i grafiki od średniowiecza do okresu międzywojennego. Kolekcja malarstwa średniowiecznego jest jedną z największych w Europie. Wśród niej znajdują się dzieła malarzy reprezentujących tzw. szkołę kolońską, m. in. Stefana Lochnera. Zbiory mieszczą się w czwartej w dziejach muzeum siedzibie, w centrum miasta niedaleko kolońskiego ratusza.</rdfs:comment>
    <rdfs:comment xml:lang="zh">瓦爾拉夫-里夏茨博物館是德國科隆三個主要的博物館之一，是一個以藝術陳列和收集為主的博物館，開始收藏作品的時間為1824年。1976年時部分收藏品作為路德維希博物館(Museum Ludwig)建館所用。</rdfs:comment>
    <rdfs:comment xml:lang="de">Das Wallraf-Richartz-Museum &amp; Fondation Corboud in Köln ist eine der großen klassischen Gemäldegalerien Deutschlands. Das älteste Museum der Stadt Köln beherbergt in einem Gebäude von 2001 die weltweit umfangreichste Sammlung mittelalterlicher Malerei, insbesondere der „Kölner Malerschule“, sowie eine repräsentative Auswahl an Kunst des 16. und 17. Jahrhunderts.</rdfs:comment>
    <rdfs:comment xml:lang="nl">Het Wallraf-Richartz-Museum (officieel Wallraf-Richartz-Museum &amp; Fondation Corboud) in Keulen is een van de grote kunstmusea in Duitsland. Het Keulse Museum Ludwig herbergt de kunst van de 20e eeuw, terwijl het Wallraf-Richartz op 3500 m² een representatief overzicht biedt van de Europese beeldende kunst van de 13e tot het begin van de 20e eeuw.</rdfs:comment>
    <foaf:name xml:lang="en">Wallraf-Richartz-Museum</foaf:name>
    <dbpedia-owl:thumbnail rdf:resource="http://upload.wikimedia.org/wikipedia/commons/thumb/4/48/Wallraf-Richartz-Museum_001.jpg/200px-Wallraf-Richartz-Museum_001.jpg" />
    <dbpedia-owl:wikiPageExternalLink rdf:resource="http://wallraf.museum" />
    <dbpprop:alt xml:lang="en">Wallraf-Richartz-Museum</dbpprop:alt>
    <dbpprop:caption xml:lang="en">Wallraf-Richartz-Museum</dbpprop:caption>
    <dbpprop:collection xml:lang="en">European Fine art:</dbpprop:collection>
    <dbpprop:collection xml:lang="en">Gothic,</dbpprop:collection>
    <dbpprop:collection xml:lang="en">Impressionist</dbpprop:collection>
    <dbpprop:collection xml:lang="en">Renaissance,</dbpprop:collection>
    <dbpprop:collection xml:lang="en">Baroque,</dbpprop:collection>
    <dbpprop:established xml:lang="en">New building: 2001</dbpprop:established>
    <dbpprop:established rdf:datatype="http://www.w3.org/2001/XMLSchema#integer">1827</dbpprop:established>
    <dbpprop:imagesize rdf:datatype="http://www.w3.org/2001/XMLSchema#integer">250</dbpprop:imagesize>
    <dbpprop:location rdf:resource="http://dbpedia.org/resource/Germany" />
    <dbpprop:location rdf:resource="http://dbpedia.org/resource/Cologne" />
    <dbpprop:name xml:lang="en">Wallraf-Richartz-Museum</dbpprop:name>
    <dbpprop:publictransit xml:lang="en">Köln Hbf</dbpprop:publictransit>
    <dbpprop:website rdf:resource="http://wallraf.museum" />
    <foaf:homepage rdf:resource="http://wallraf.museum" />
    <geo:geometry rdf:datatype="http://www.openlinksw.com/schemas/virtrdf#Geometry">POINT(6.95861 50.9375)</geo:geometry>
    <foaf:isPrimaryTopicOf rdf:resource="http://en.wikipedia.org/wiki/Wallraf-Richartz_Museum" />
    <geo:long rdf:datatype="http://www.w3.org/2001/XMLSchema#float">6.95861</geo:long>
    <geo:lat rdf:datatype="http://www.w3.org/2001/XMLSchema#float">50.9375</geo:lat>
    <ns8:wasDerivedFrom rdf:resource="http://en.wikipedia.org/wiki/Wallraf-Richartz_Museum?oldid=541334135" />
    <grs:point xml:lang="en">50.9375 6.958611111111111</grs:point>
    <dbpprop:hasPhotoCollection rdf:resource="http://wifo5-03.informatik.uni-mannheim.de/flickrwrappr/photos/Wallraf-Richartz_Museum" />
  </rdf:Description>
  <rdf:Description rdf:about="http://de.dbpedia.org/resource/Wallraf-Richartz-Museum_&amp;_Fondation_Corboud">
    <owl:sameAs rdf:resource="http://dbpedia.org/resource/Wallraf-Richartz_Museum" />
  </rdf:Description>
  <rdf:Description rdf:about="http://it.dbpedia.org/resource/Wallraf-Richartz_Museum">
    <owl:sameAs rdf:resource="http://dbpedia.org/resource/Wallraf-Richartz_Museum" />
  </rdf:Description>
  <rdf:Description rdf:about="http://ru.dbpedia.org/resource/Музей_Вальрафа-Рихарца">
    <owl:sameAs rdf:resource="http://dbpedia.org/resource/Wallraf-Richartz_Museum" />
  </rdf:Description>
  <rdf:Description rdf:about="http://dbpedia.org/resource/Adoration_of_the_Child_(Bosch)">
    <dbpedia-owl:museum rdf:resource="http://dbpedia.org/resource/Wallraf-Richartz_Museum" />
  </rdf:Description>
  <rdf:Description rdf:about="http://dbpedia.org/resource/I_Know...Brad">
    <dbpedia-owl:museum rdf:resource="http://dbpedia.org/resource/Wallraf-Richartz_Museum" />
    <dbpprop:museum rdf:resource="http://dbpedia.org/resource/Wallraf-Richartz_Museum" />
  </rdf:Description>
  <rdf:Description rdf:about="http://dbpedia.org/resource/Oswald_Mathias_Ungers">
    <dbpedia-owl:significantBuilding rdf:resource="http://dbpedia.org/resource/Wallraf-Richartz_Museum" />
    <dbpprop:significantBuildings rdf:resource="http://dbpedia.org/resource/Wallraf-Richartz_Museum" />
  </rdf:Description>
  <rdf:Description rdf:about="http://dbpedia.org/resource/Wallraf-Richartz-Museum_Cologne">
    <dbpedia-owl:wikiPageRedirects rdf:resource="http://dbpedia.org/resource/Wallraf-Richartz_Museum" />
  </rdf:Description>
  <rdf:Description rdf:about="http://dbpedia.org/resource/Langlois_Bridge_at_Arles_(Van_Gogh_series)">
    <dbpedia-owl:museum rdf:resource="http://dbpedia.org/resource/Wallraf-Richartz_Museum" />
    <dbpprop:museum rdf:resource="http://dbpedia.org/resource/Wallraf-Richartz_Museum" />
  </rdf:Description>
  <rdf:Description rdf:about="http://dbpedia.org/resource/Wallraf-Richartz-Museum">
    <dbpedia-owl:wikiPageRedirects rdf:resource="http://dbpedia.org/resource/Wallraf-Richartz_Museum" />
  </rdf:Description>
  <rdf:Description rdf:about="http://dbpedia.org/resource/Melisande_(Stokes)">
    <dbpedia-owl:museum rdf:resource="http://dbpedia.org/resource/Wallraf-Richartz_Museum" />
    <dbpprop:museum rdf:resource="http://dbpedia.org/resource/Wallraf-Richartz_Museum" />
  </rdf:Description>
  <rdf:Description rdf:about="http://pl.dbpedia.org/resource/Wallraf-Richartz-Museum_&amp;_Fondation_Corboud">
    <owl:sameAs rdf:resource="http://dbpedia.org/resource/Wallraf-Richartz_Museum" />
  </rdf:Description>
  <rdf:Description rdf:about="http://en.wikipedia.org/wiki/Wallraf-Richartz_Museum">
    <foaf:primaryTopic rdf:resource="http://dbpedia.org/resource/Wallraf-Richartz_Museum" />
  </rdf:Description>
  <rdf:Description rdf:about="http://dbpedia.org/resource/Jupiter_and_Antiope">
    <dbpedia-owl:museum rdf:resource="http://dbpedia.org/resource/Wallraf-Richartz_Museum" />
    <dbpprop:museum rdf:resource="http://dbpedia.org/resource/Wallraf-Richartz_Museum" />
  </rdf:Description>
  <rdf:Description rdf:about="http://nl.dbpedia.org/resource/Wallraf-Richartz-Museum">
    <owl:sameAs rdf:resource="http://dbpedia.org/resource/Wallraf-Richartz_Museum" />
  </rdf:Description>
  <rdf:Description rdf:about="http://wikidata.dbpedia.org/resource/Q700959">
    <owl:sameAs rdf:resource="http://dbpedia.org/resource/Wallraf-Richartz_Museum" />
  </rdf:Description>
  <rdf:Description rdf:about="http://zh.dbpedia.org/resource/瓦爾拉夫-里夏茨博物館">
    <owl:sameAs rdf:resource="http://dbpedia.org/resource/Wallraf-Richartz_Museum" />
  </rdf:Description>
  <rdf:Description rdf:about="http://da.dbpedia.org/resource/Wallraf-Richartz-Museum">
    <owl:sameAs rdf:resource="http://dbpedia.org/resource/Wallraf-Richartz_Museum" />
  </rdf:Description>
  <rdf:Description rdf:about="http://hr.dbpedia.org/resource/Muzej_Wallraf-Richartz">
    <owl:sameAs rdf:resource="http://dbpedia.org/resource/Wallraf-Richartz_Museum" />
  </rdf:Description>
  <rdf:Description rdf:about="http://sv.dbpedia.org/resource/Wallraf-Richartzmuseet">
    <owl:sameAs rdf:resource="http://dbpedia.org/resource/Wallraf-Richartz_Museum" />
  </rdf:Description>
  <rdf:Description rdf:about="http://uk.dbpedia.org/resource/Музей_Вальрафа-Ріхарца">
    <owl:sameAs rdf:resource="http://dbpedia.org/resource/Wallraf-Richartz_Museum" />
  </rdf:Description>
</rdf:RDF>
