<add xmlns:dc="http://purl.org/dc/elements/1.1/" overwrite="true">
<doc>
<field name="uri">http://dbpedia.org/resource/The_Story_of_Virginia_(Botticelli)</field>
<field name="entity_type">museums</field>
<field name="timestamp">NOW</field>
<field name="museum">http://dbpedia.org/resource/Accademia_Carrara</field>
</doc>
<doc>
<field name="uri">http://en.wikipedia.org/wiki/Accademia_Carrara</field>
<field name="entity_type">museums</field>
<field name="timestamp">NOW</field>
<field name="primaryTopic">http://dbpedia.org/resource/Accademia_Carrara</field>
</doc>
<doc>
<field name="uri">http://dbpedia.org/resource/Accademia_Carrara</field>
<field name="entity_type">museums</field>
<field name="timestamp">NOW</field>
<field name="sameAs">http://it.dbpedia.org/resource/Accademia_Carrara</field>
<field name="sameAs">http://nl.dbpedia.org/resource/Accademia_Carrara</field>
<field name="sameAs">http://fr.dbpedia.org/resource/Académie_Carrara</field>
<field name="sameAs">http://pt.dbpedia.org/resource/Accademia_Carrara</field>
<field name="sameAs">http://de.dbpedia.org/resource/Accademia_Carrara</field>
<field name="sameAs">http://es.dbpedia.org/resource/Accademia_Carrara</field>
<field name="sameAs">http://ja.dbpedia.org/resource/アッカデミア・カッラーラ</field>
<field name="sameAs">http://ru.dbpedia.org/resource/Академия_Каррары</field>
<field name="sameAs">http://dbpedia.org/resource/Accademia_Carrara</field>
<field name="sameAs">http://www.wikidata.org/entity/Q338367</field>
<field name="sameAs">http://yago-knowledge.org/resource/Accademia_Carrara</field>
<field name="sameAs">http://rdf.freebase.com/ns/m.09yf27</field>
<field name="subject" update="add">http://dbpedia.org/resource/Category:Art_museums_established_in_1793</field>
<field name="subject" update="add">http://dbpedia.org/resource/Category:Art_museums_and_galleries_in_Italy</field>
<field name="subject" update="add">http://dbpedia.org/resource/Category:Museums_in_Bergamo</field>
<field name="subject" update="add">http://dbpedia.org/resource/Category:1793_establishments_in_Italy</field>
<field name="abstract">The Accademia Carrara is an art gallery and an academy of fine arts in Bergamo, Italy.</field>
<field name="label">Accademia Carrara</field>
<field name="depiction">http://upload.wikimedia.org/wikipedia/commons/0/0f/Bergamo_accademia_carrara_esterno.jpg</field>
<field name="comment">The Accademia Carrara is an art gallery and an academy of fine arts in Bergamo, Italy.</field>
<field name="thumbnail">http://upload.wikimedia.org/wikipedia/commons/thumb/0/0f/Bergamo_accademia_carrara_esterno.jpg/200px-Bergamo_accademia_carrara_esterno.jpg</field>
<field name="link_external">http://www.gamec.it/</field>
<field name="link_external">http://www.accademiacarrara.bergamo.it/</field>
<field name="isPrimaryTopicOf">http://en.wikipedia.org/wiki/Accademia_Carrara</field>
<field name="photo-collection">http://wifo5-03.informatik.uni-mannheim.de/flickrwrappr/photos/Accademia_Carrara</field>
</doc>
<doc>
<field name="uri">http://dbpedia.org/resource/St._Sebastian_(Raphael)</field>
<field name="entity_type">museums</field>
<field name="timestamp">NOW</field>
</doc>
<doc>
<field name="uri">http://dbpedia.org/resource/Portrait_of_Lucina_Brembati</field>
<field name="entity_type">museums</field>
<field name="timestamp">NOW</field>
</doc>
<doc>
<field name="uri">http://dbpedia.org/resource/Carrara_(disambiguation)</field>
<field name="entity_type">museums</field>
<field name="timestamp">NOW</field>
</doc>
</add>
