<add xmlns:dc="http://purl.org/dc/elements/1.1/" overwrite="true">
<doc>
<field name="uri">http://dbpedia.org/resource/Albertina</field>
<field name="entity_type">museums</field>
<field name="timestamp">NOW</field>
<field name="sameAs">http://de.dbpedia.org/resource/Albertina_(Wien)</field>
<field name="sameAs">http://ar.dbpedia.org/resource/ألبرتينا_(فيينا)</field>
<field name="sameAs">http://hu.dbpedia.org/resource/Albertina_(Bécs)</field>
<field name="sameAs">http://no.dbpedia.org/resource/Albertina_(Wien)</field>
<field name="sameAs">http://fr.dbpedia.org/resource/Albertina_(musée)</field>
<field name="sameAs">http://www.wikidata.org/entity/Q371908</field>
<field name="sameAs">http://sr.dbpedia.org/resource/Албертина_(Беч)</field>
<field name="sameAs">http://it.dbpedia.org/resource/Albertina_(museo)</field>
<field name="sameAs">http://lt.dbpedia.org/resource/Albertina_(muziejus)</field>
<field name="sameAs">http://ro.dbpedia.org/resource/Muzeul_Albertina</field>
<field name="sameAs">http://bs.dbpedia.org/resource/Albertina</field>
<field name="sameAs">http://uk.dbpedia.org/resource/Альбертіна</field>
<field name="sameAs">http://sh.dbpedia.org/resource/Albertina_(Beč)</field>
<field name="sameAs">http://fi.dbpedia.org/resource/Albertina</field>
<field name="sameAs">http://uz.dbpedia.org/resource/Albertina</field>
<field name="sameAs">http://mzn.dbpedia.org/resource/آلبرتینا</field>
<field name="sameAs">http://nl.dbpedia.org/resource/Albertina_(Wenen)</field>
<field name="sameAs">http://pt.dbpedia.org/resource/Galeria_Albertina</field>
<field name="sameAs">http://zh.dbpedia.org/resource/阿尔贝蒂娜博物馆</field>
<field name="sameAs">http://eo.dbpedia.org/resource/Muzeo_Albertina</field>
<field name="sameAs">http://ru.dbpedia.org/resource/Галерея_Альбертина</field>
<field name="sameAs">http://yago-knowledge.org/resource/Albertina</field>
<field name="sameAs">http://dbpedia.org/resource/Albertina</field>
<field name="sameAs">http://he.dbpedia.org/resource/מוזיאון_אלברטינה</field>
<field name="sameAs">http://tr.dbpedia.org/resource/Albertina_Müzesi</field>
<field name="sameAs">http://rdf.freebase.com/ns/m.04zct1</field>
<field name="sameAs">http://arz.dbpedia.org/resource/البيرتينا</field>
<field name="sameAs">http://da.dbpedia.org/resource/Albertina</field>
<field name="sameAs">http://hr.dbpedia.org/resource/Muzej_Albertina_u_Beču</field>
<field name="sameAs">http://es.dbpedia.org/resource/Albertina</field>
<field name="sameAs">http://pl.dbpedia.org/resource/Albertina</field>
<field name="sameAs">http://cs.dbpedia.org/resource/Albertina</field>
<field name="sameAs">http://sk.dbpedia.org/resource/Albertina_(Viedeň)</field>
<field name="subject" update="add">http://dbpedia.org/resource/Category:Art_museums_and_galleries_in_Vienna</field>
<field name="subject" update="add">http://dbpedia.org/resource/Category:Vienna_culture</field>
<field name="subject" update="add">http://dbpedia.org/resource/Category:Printmaking</field>
<field name="subject" update="add">http://dbpedia.org/resource/Category:Buildings_and_structures_in_Innere_Stadt</field>
<field name="subject" update="add">http://dbpedia.org/resource/Category:Palaces_in_Vienna</field>
<field name="abstract">The Albertina is a museum in the Innere Stadt (First District) of Vienna, Austria. It houses one of the largest and most important print rooms in the world with approximately 65,000 drawings and approximately 1 million old master prints, as well as more modern graphic works, photographs and architectural drawings. Apart from the graphics collection the museum has recently acquired on permanent loan two significant collections of Impressionist and early 20th century art, some of which will be on permanent display. The museum also houses temporary exhibitions.</field>
<field name="label">Albertina</field>
<field name="depiction">http://upload.wikimedia.org/wikipedia/commons/0/04/Albertina_1.JPG</field>
<field name="comment">The Albertina is a museum in the Innere Stadt (First District) of Vienna, Austria. It houses one of the largest and most important print rooms in the world with approximately 65,000 drawings and approximately 1 million old master prints, as well as more modern graphic works, photographs and architectural drawings.</field>
<field name="name"/>
<field name="thumbnail">http://upload.wikimedia.org/wikipedia/commons/thumb/0/04/Albertina_1.JPG/200px-Albertina_1.JPG</field>
<field name="link_external">http://www.worldroots.com/foundation/european/manueltelessilvadesc.htm</field>
<field name="link_external">http://www.albertina.at/</field>
<field name="link_external">http://www.albertina.at</field>
<field name="link_external">http://www.schobel.co.at/albertina.php</field>
<field name="link_external">http://www.audio4travel.com/albertina-museum</field>
<field name="isPrimaryTopicOf">http://en.wikipedia.org/wiki/Albertina</field>
<field name="photo-collection">http://wifo5-03.informatik.uni-mannheim.de/flickrwrappr/photos/Albertina</field>
</doc>
<doc>
<field name="uri">http://dbpedia.org/resource/Archduchess_Elisabeth_Franziska_of_Austria</field>
<field name="entity_type">museums</field>
<field name="timestamp">NOW</field>
<field name="death-place">http://dbpedia.org/resource/Albertina</field>
</doc>
<doc>
<field name="uri">http://en.wikipedia.org/wiki/Albertina</field>
<field name="entity_type">museums</field>
<field name="timestamp">NOW</field>
<field name="primaryTopic">http://dbpedia.org/resource/Albertina</field>
</doc>
<doc>
<field name="uri">http://dbpedia.org/resource/Albertina_(Vienna)</field>
<field name="entity_type">museums</field>
<field name="timestamp">NOW</field>
</doc>
<doc>
<field name="uri">http://dbpedia.org/resource/Albertina_(disambiguation)</field>
<field name="entity_type">museums</field>
<field name="timestamp">NOW</field>
</doc>
<doc>
<field name="uri">http://dbpedia.org/resource/Praying_Hands_(D%C3%BCrer)</field>
<field name="entity_type">museums</field>
<field name="timestamp">NOW</field>
</doc>
<doc>
<field name="uri">http://pt.dbpedia.org/resource/Galeria_Albertina</field>
<field name="entity_type">museums</field>
<field name="timestamp">NOW</field>
<field name="sameAs">http://dbpedia.org/resource/Albertina</field>
</doc>
<doc>
<field name="uri">http://ru.dbpedia.org/resource/Галерея_Альбертина</field>
<field name="entity_type">museums</field>
<field name="timestamp">NOW</field>
<field name="sameAs">http://dbpedia.org/resource/Albertina</field>
</doc>
<doc>
<field name="uri">http://dbpedia.org/resource/Great_Piece_of_Turf</field>
<field name="entity_type">museums</field>
<field name="timestamp">NOW</field>
<field name="museum">http://dbpedia.org/resource/Albertina</field>
</doc>
<doc>
<field name="uri">http://es.dbpedia.org/resource/Albertina</field>
<field name="entity_type">museums</field>
<field name="timestamp">NOW</field>
<field name="sameAs">http://dbpedia.org/resource/Albertina</field>
</doc>
<doc>
<field name="uri">http://cs.dbpedia.org/resource/Albertina</field>
<field name="entity_type">museums</field>
<field name="timestamp">NOW</field>
<field name="sameAs">http://dbpedia.org/resource/Albertina</field>
</doc>
<doc>
<field name="uri">http://fr.dbpedia.org/resource/Albertina_(musée)</field>
<field name="entity_type">museums</field>
<field name="timestamp">NOW</field>
<field name="sameAs">http://dbpedia.org/resource/Albertina</field>
</doc>
<doc>
<field name="uri">http://pl.dbpedia.org/resource/Albertina</field>
<field name="entity_type">museums</field>
<field name="timestamp">NOW</field>
<field name="sameAs">http://dbpedia.org/resource/Albertina</field>
</doc>
<doc>
<field name="uri">http://de.dbpedia.org/resource/Albertina_(Wien)</field>
<field name="entity_type">museums</field>
<field name="timestamp">NOW</field>
<field name="sameAs">http://dbpedia.org/resource/Albertina</field>
</doc>
<doc>
<field name="uri">http://dbpedia.org/resource/The_Painter_and_The_Buyer</field>
<field name="entity_type">museums</field>
<field name="timestamp">NOW</field>
<field name="museum">http://dbpedia.org/resource/Albertina</field>
</doc>
<doc>
<field name="uri">http://dbpedia.org/resource/Albertina,_Vienna</field>
<field name="entity_type">museums</field>
<field name="timestamp">NOW</field>
</doc>
<doc>
<field name="uri">http://dbpedia.org/resource/Graphische_Sammlung_Albertina</field>
<field name="entity_type">museums</field>
<field name="timestamp">NOW</field>
</doc>
<doc>
<field name="uri">http://it.dbpedia.org/resource/Albertina_(museo)</field>
<field name="entity_type">museums</field>
<field name="timestamp">NOW</field>
<field name="sameAs">http://dbpedia.org/resource/Albertina</field>
</doc>
<doc>
<field name="uri">http://nl.dbpedia.org/resource/Albertina_(Wenen)</field>
<field name="entity_type">museums</field>
<field name="timestamp">NOW</field>
<field name="sameAs">http://dbpedia.org/resource/Albertina</field>
</doc>
<doc>
<field name="uri">http://wikidata.dbpedia.org/resource/Q371908</field>
<field name="entity_type">museums</field>
<field name="timestamp">NOW</field>
<field name="sameAs">http://dbpedia.org/resource/Albertina</field>
</doc>
<doc>
<field name="uri">http://zh.dbpedia.org/resource/阿尔贝蒂娜博物馆</field>
<field name="entity_type">museums</field>
<field name="timestamp">NOW</field>
<field name="sameAs">http://dbpedia.org/resource/Albertina</field>
</doc>
<doc>
<field name="uri">http://ar.dbpedia.org/resource/ألبرتينا_(فيينا)</field>
<field name="entity_type">museums</field>
<field name="timestamp">NOW</field>
<field name="sameAs">http://dbpedia.org/resource/Albertina</field>
</doc>
<doc>
<field name="uri">http://arz.dbpedia.org/resource/البيرتينا</field>
<field name="entity_type">museums</field>
<field name="timestamp">NOW</field>
<field name="sameAs">http://dbpedia.org/resource/Albertina</field>
</doc>
<doc>
<field name="uri">http://bs.dbpedia.org/resource/Albertina</field>
<field name="entity_type">museums</field>
<field name="timestamp">NOW</field>
<field name="sameAs">http://dbpedia.org/resource/Albertina</field>
</doc>
<doc>
<field name="uri">http://da.dbpedia.org/resource/Albertina</field>
<field name="entity_type">museums</field>
<field name="timestamp">NOW</field>
<field name="sameAs">http://dbpedia.org/resource/Albertina</field>
</doc>
<doc>
<field name="uri">http://eo.dbpedia.org/resource/Muzeo_Albertina</field>
<field name="entity_type">museums</field>
<field name="timestamp">NOW</field>
<field name="sameAs">http://dbpedia.org/resource/Albertina</field>
</doc>
<doc>
<field name="uri">http://fi.dbpedia.org/resource/Albertina</field>
<field name="entity_type">museums</field>
<field name="timestamp">NOW</field>
<field name="sameAs">http://dbpedia.org/resource/Albertina</field>
</doc>
<doc>
<field name="uri">http://he.dbpedia.org/resource/מוזיאון_אלברטינה</field>
<field name="entity_type">museums</field>
<field name="timestamp">NOW</field>
<field name="sameAs">http://dbpedia.org/resource/Albertina</field>
</doc>
<doc>
<field name="uri">http://hr.dbpedia.org/resource/Muzej_Albertina_u_Beču</field>
<field name="entity_type">museums</field>
<field name="timestamp">NOW</field>
<field name="sameAs">http://dbpedia.org/resource/Albertina</field>
</doc>
<doc>
<field name="uri">http://hu.dbpedia.org/resource/Albertina_(Bécs)</field>
<field name="entity_type">museums</field>
<field name="timestamp">NOW</field>
<field name="sameAs">http://dbpedia.org/resource/Albertina</field>
</doc>
<doc>
<field name="uri">http://lt.dbpedia.org/resource/Albertina_(muziejus)</field>
<field name="entity_type">museums</field>
<field name="timestamp">NOW</field>
<field name="sameAs">http://dbpedia.org/resource/Albertina</field>
</doc>
<doc>
<field name="uri">http://mzn.dbpedia.org/resource/آلبرتینا</field>
<field name="entity_type">museums</field>
<field name="timestamp">NOW</field>
<field name="sameAs">http://dbpedia.org/resource/Albertina</field>
</doc>
<doc>
<field name="uri">http://no.dbpedia.org/resource/Albertina_(Wien)</field>
<field name="entity_type">museums</field>
<field name="timestamp">NOW</field>
<field name="sameAs">http://dbpedia.org/resource/Albertina</field>
</doc>
<doc>
<field name="uri">http://ro.dbpedia.org/resource/Muzeul_Albertina</field>
<field name="entity_type">museums</field>
<field name="timestamp">NOW</field>
<field name="sameAs">http://dbpedia.org/resource/Albertina</field>
</doc>
<doc>
<field name="uri">http://sh.dbpedia.org/resource/Albertina_(Beč)</field>
<field name="entity_type">museums</field>
<field name="timestamp">NOW</field>
<field name="sameAs">http://dbpedia.org/resource/Albertina</field>
</doc>
<doc>
<field name="uri">http://sk.dbpedia.org/resource/Albertina_(Viedeň)</field>
<field name="entity_type">museums</field>
<field name="timestamp">NOW</field>
<field name="sameAs">http://dbpedia.org/resource/Albertina</field>
</doc>
<doc>
<field name="uri">http://sr.dbpedia.org/resource/Албертина_(Беч)</field>
<field name="entity_type">museums</field>
<field name="timestamp">NOW</field>
<field name="sameAs">http://dbpedia.org/resource/Albertina</field>
</doc>
<doc>
<field name="uri">http://tr.dbpedia.org/resource/Albertina_Müzesi</field>
<field name="entity_type">museums</field>
<field name="timestamp">NOW</field>
<field name="sameAs">http://dbpedia.org/resource/Albertina</field>
</doc>
<doc>
<field name="uri">http://uk.dbpedia.org/resource/Альбертіна</field>
<field name="entity_type">museums</field>
<field name="timestamp">NOW</field>
<field name="sameAs">http://dbpedia.org/resource/Albertina</field>
</doc>
<doc>
<field name="uri">http://uz.dbpedia.org/resource/Albertina</field>
<field name="entity_type">museums</field>
<field name="timestamp">NOW</field>
<field name="sameAs">http://dbpedia.org/resource/Albertina</field>
</doc>
</add>
