<add xmlns:dc="http://purl.org/dc/elements/1.1/" overwrite="true">
<doc>
<field name="uri">http://dbpedia.org/resource/Princess_Anna_of_Saxony_(1836%E2%80%931859)</field>
<field name="entity_type">museums</field>
<field name="timestamp">NOW</field>
</doc>
<doc>
<field name="uri">http://dbpedia.org/resource/Anna_Maria_Luisa_de'_Medici</field>
<field name="entity_type">museums</field>
<field name="timestamp">NOW</field>
</doc>
<doc>
<field name="uri">http://de.dbpedia.org/resource/Basilica_di_San_Lorenzo_di_Firenze</field>
<field name="entity_type">museums</field>
<field name="timestamp">NOW</field>
<field name="sameAs">http://dbpedia.org/resource/Basilica_of_San_Lorenzo,_Florence</field>
</doc>
<doc>
<field name="uri">http://pl.dbpedia.org/resource/Bazylika_San_Lorenzo</field>
<field name="entity_type">museums</field>
<field name="timestamp">NOW</field>
<field name="sameAs">http://dbpedia.org/resource/Basilica_of_San_Lorenzo,_Florence</field>
</doc>
<doc>
<field name="uri">http://dbpedia.org/resource/Catherine_de'_Medici,_Governor_of_Siena</field>
<field name="entity_type">museums</field>
<field name="timestamp">NOW</field>
</doc>
<doc>
<field name="uri">http://dbpedia.org/resource/Ferdinando_de'_Medici,_Grand_Prince_of_Tuscany</field>
<field name="entity_type">museums</field>
<field name="timestamp">NOW</field>
</doc>
<doc>
<field name="uri">http://dbpedia.org/resource/Leopoldo_de'_Medici</field>
<field name="entity_type">museums</field>
<field name="timestamp">NOW</field>
</doc>
<doc>
<field name="uri">http://dbpedia.org/resource/Mattias_de'_Medici</field>
<field name="entity_type">museums</field>
<field name="timestamp">NOW</field>
</doc>
<doc>
<field name="uri">http://dbpedia.org/resource/Martelli_Annunciation</field>
<field name="entity_type">museums</field>
<field name="timestamp">NOW</field>
<field name="museum">http://dbpedia.org/resource/Basilica_of_San_Lorenzo,_Florence</field>
</doc>
<doc>
<field name="uri">http://dbpedia.org/resource/Basilica_di_San_Lorenzo</field>
<field name="entity_type">museums</field>
<field name="timestamp">NOW</field>
</doc>
<doc>
<field name="uri">http://dbpedia.org/resource/Cosimo_III_de'_Medici,_Grand_Duke_of_Tuscany</field>
<field name="entity_type">museums</field>
<field name="timestamp">NOW</field>
</doc>
<doc>
<field name="uri">http://dbpedia.org/resource/Christina_of_Lorraine</field>
<field name="entity_type">museums</field>
<field name="timestamp">NOW</field>
</doc>
<doc>
<field name="uri">http://dbpedia.org/resource/Architecture_of_cathedrals_and_great_churches</field>
<field name="entity_type">museums</field>
<field name="timestamp">NOW</field>
</doc>
<doc>
<field name="uri">http://dbpedia.org/resource/Gian_Carlo_de'_Medici</field>
<field name="entity_type">museums</field>
<field name="timestamp">NOW</field>
</doc>
<doc>
<field name="uri">http://es.dbpedia.org/resource/Basílica_de_San_Lorenzo_de_Florencia</field>
<field name="entity_type">museums</field>
<field name="timestamp">NOW</field>
<field name="sameAs">http://dbpedia.org/resource/Basilica_of_San_Lorenzo,_Florence</field>
</doc>
<doc>
<field name="uri">http://fr.dbpedia.org/resource/Basilique_San_Lorenzo_de_Florence</field>
<field name="entity_type">museums</field>
<field name="timestamp">NOW</field>
<field name="sameAs">http://dbpedia.org/resource/Basilica_of_San_Lorenzo,_Florence</field>
</doc>
<doc>
<field name="uri">http://it.dbpedia.org/resource/Basilica_di_San_Lorenzo_(Firenze)</field>
<field name="entity_type">museums</field>
<field name="timestamp">NOW</field>
<field name="sameAs">http://dbpedia.org/resource/Basilica_of_San_Lorenzo,_Florence</field>
</doc>
<doc>
<field name="uri">http://ko.dbpedia.org/resource/산_로렌초_성당_(피렌체)</field>
<field name="entity_type">museums</field>
<field name="timestamp">NOW</field>
<field name="sameAs">http://dbpedia.org/resource/Basilica_of_San_Lorenzo,_Florence</field>
</doc>
<doc>
<field name="uri">http://pt.dbpedia.org/resource/Basílica_de_São_Lourenço</field>
<field name="entity_type">museums</field>
<field name="timestamp">NOW</field>
<field name="sameAs">http://dbpedia.org/resource/Basilica_of_San_Lorenzo,_Florence</field>
</doc>
<doc>
<field name="uri">http://dbpedia.org/resource/San_Lorenzo</field>
<field name="entity_type">museums</field>
<field name="timestamp">NOW</field>
</doc>
<doc>
<field name="uri">http://dbpedia.org/resource/Basilica_di_San_Lorenzo_di_Firenze</field>
<field name="entity_type">museums</field>
<field name="timestamp">NOW</field>
</doc>
<doc>
<field name="uri">http://dbpedia.org/resource/Basilica_of_Saint_Lawrence,_Florence</field>
<field name="entity_type">museums</field>
<field name="timestamp">NOW</field>
</doc>
<doc>
<field name="uri">http://dbpedia.org/resource/Basilica_of_San_Lorenzo_(Flornce)</field>
<field name="entity_type">museums</field>
<field name="timestamp">NOW</field>
</doc>
<doc>
<field name="uri">http://dbpedia.org/resource/Basilica_of_St._Lawrence,_Florence</field>
<field name="entity_type">museums</field>
<field name="timestamp">NOW</field>
</doc>
<doc>
<field name="uri">http://dbpedia.org/resource/Church_of_San_Lorenzo,_Florence</field>
<field name="entity_type">museums</field>
<field name="timestamp">NOW</field>
</doc>
<doc>
<field name="uri">http://dbpedia.org/resource/San_Lorenzo,_Florence</field>
<field name="entity_type">museums</field>
<field name="timestamp">NOW</field>
</doc>
<doc>
<field name="uri">http://dbpedia.org/resource/San_Lorenzo_(Florence)</field>
<field name="entity_type">museums</field>
<field name="timestamp">NOW</field>
</doc>
<doc>
<field name="uri">http://dbpedia.org/resource/San_Lorenzo_di_Firenze</field>
<field name="entity_type">museums</field>
<field name="timestamp">NOW</field>
</doc>
<doc>
<field name="uri">http://dbpedia.org/resource/The_Medici_at_San_Lorenzo</field>
<field name="entity_type">museums</field>
<field name="timestamp">NOW</field>
</doc>
<doc>
<field name="uri">http://cs.dbpedia.org/resource/San_Lorenzo_(Florencie)</field>
<field name="entity_type">museums</field>
<field name="timestamp">NOW</field>
<field name="sameAs">http://dbpedia.org/resource/Basilica_of_San_Lorenzo,_Florence</field>
</doc>
<doc>
<field name="uri">http://dbpedia.org/resource/Basilica_of_San_Lorenzo,_Florence</field>
<field name="entity_type">museums</field>
<field name="timestamp">NOW</field>
<field name="sameAs">http://bg.dbpedia.org/resource/Базилика_Сан_Лоренцо</field>
<field name="sameAs">http://sh.dbpedia.org/resource/Bazilika_San_Lorenzo,_Firenca</field>
<field name="sameAs">http://sl.dbpedia.org/resource/Bazilika_svetega_Lovrenca,_Firence</field>
<field name="sameAs">http://zh.dbpedia.org/resource/佛罗伦萨圣老楞佐大殿</field>
<field name="sameAs">http://hu.dbpedia.org/resource/San_Lorenzo_(Firenze)</field>
<field name="sameAs">http://he.dbpedia.org/resource/בזיליקת_סן_לורנצו</field>
<field name="sameAs">http://de.dbpedia.org/resource/Basilica_di_San_Lorenzo_di_Firenze</field>
<field name="sameAs">http://tr.dbpedia.org/resource/San_Lorenzo_Basilikası_(Floransa)</field>
<field name="sameAs">http://www.wikidata.org/entity/Q573881</field>
<field name="sameAs">http://pl.dbpedia.org/resource/Bazylika_San_Lorenzo</field>
<field name="sameAs">http://dbpedia.org/resource/Basilica_of_San_Lorenzo,_Florence</field>
<field name="sameAs">http://th.dbpedia.org/resource/มหาวิหารซันโลเรนโซ_ฟลอเรนซ์</field>
<field name="sameAs">http://nl.dbpedia.org/resource/Sint-Laurensbasiliek_(Florence)</field>
<field name="sameAs">http://fi.dbpedia.org/resource/San_Lorenzon_kirkko</field>
<field name="sameAs">http://ko.dbpedia.org/resource/산_로렌초_성당_(피렌체)</field>
<field name="sameAs">http://lt.dbpedia.org/resource/Šv._Lauryno_bazilika_(Florencija)</field>
<field name="sameAs">http://rdf.freebase.com/ns/m.03hr8n</field>
<field name="sameAs">http://yago-knowledge.org/resource/Basilica_of_San_Lorenzo,_Florence</field>
<field name="sameAs">http://es.dbpedia.org/resource/Basílica_de_San_Lorenzo_de_Florencia</field>
<field name="sameAs">http://fr.dbpedia.org/resource/Basilique_San_Lorenzo_de_Florence</field>
<field name="sameAs">http://cs.dbpedia.org/resource/San_Lorenzo_(Florencie)</field>
<field name="sameAs">http://eu.dbpedia.org/resource/San_Lorenzo_basilika_(Florentzia)</field>
<field name="sameAs">http://ca.dbpedia.org/resource/Basílica_de_San_Lorenzo</field>
<field name="sameAs">http://hr.dbpedia.org/resource/Bazilika_sv._Lovre,_Firenca</field>
<field name="sameAs">http://ar.dbpedia.org/resource/كنيسة_القديس_لورينزو</field>
<field name="sameAs">http://ru.dbpedia.org/resource/Базилика_Сан-Лоренцо_(Флоренция)</field>
<field name="sameAs">http://it.dbpedia.org/resource/Basilica_di_San_Lorenzo_(Firenze)</field>
<field name="sameAs">http://pt.dbpedia.org/resource/Basílica_de_São_Lourenço</field>
<field name="subject" update="add">http://dbpedia.org/resource/Category:Renaissance_architecture_in_Florence</field>
<field name="subject" update="add">http://dbpedia.org/resource/Category:Basilica_churches_in_Florence</field>
<field name="subject" update="add">http://dbpedia.org/resource/Category:15th-century_religious_buildings</field>
<field name="abstract">The Basilica di San Lorenzo is one of the largest churches of Florence, Italy, situated at the centre of the city’s main market district, and the burial place of all the principal members of the Medici family from Cosimo il Vecchio to Cosimo III. It is one of several churches that claim to be the oldest in Florence; when it was consecrated in 393 it stood outside the city walls. For three hundred years it was the city's cathedral before the official seat of the bishop was transferred to Santa Reparata. San Lorenzo was also the parish church of the Medici family. In 1419, Giovanni di Bicci de' Medici offered to finance a new church to replace the 11th-century Romanesque rebuilding. Filippo Brunelleschi, the leading Renaissance architect of the first half of the 15th century, was commissioned to design it, but the building, with alterations, was not completed until after his death. The church is part of a larger monastic complex that contains other important architectural works: the Old Sacristy by Brunelleschi; the Laurentian Library by Michelangelo; the New Sacristy based on Michelangelo's designs; and the Medici Chapels by Matteo Nigetti.</field>
<field name="label">Basilica of San Lorenzo, Florence</field>
<field name="depiction">http://upload.wikimedia.org/wikipedia/commons/a/a7/Basilica_di_san_lorenzo_33.JPG</field>
<field name="comment">The Basilica di San Lorenzo is one of the largest churches of Florence, Italy, situated at the centre of the city’s main market district, and the burial place of all the principal members of the Medici family from Cosimo il Vecchio to Cosimo III. It is one of several churches that claim to be the oldest in Florence; when it was consecrated in 393 it stood outside the city walls.</field>
<field name="name"/>
<field name="name"/>
<field name="thumbnail">http://upload.wikimedia.org/wikipedia/commons/thumb/a/a7/Basilica_di_san_lorenzo_33.JPG/200px-Basilica_di_san_lorenzo_33.JPG</field>
<field name="link_external">http://www.insecula.com/us/salle/MS03586.html</field>
<field name="link_external">http://www.florentine-society.ru/Medici_Chapel_Mysteries.htm</field>
<field name="link_external">http://www.operamedicealaurenziana.it/eng/home.asp</field>
<field name="link_external">http://www.studiodim.it/San_Lorenzo_Firenze.htm</field>
<field name="link_external">http://www.fordham.edu/halsall/basis/vasari/vasari5.htm</field>
<field name="isPrimaryTopicOf">http://en.wikipedia.org/wiki/Basilica_of_San_Lorenzo,_Florence</field>
<field name="photo-collection">http://wifo5-03.informatik.uni-mannheim.de/flickrwrappr/photos/Basilica_of_San_Lorenzo,_Florence</field>
</doc>
<doc>
<field name="uri">http://en.wikipedia.org/wiki/Basilica_of_San_Lorenzo,_Florence</field>
<field name="entity_type">museums</field>
<field name="timestamp">NOW</field>
<field name="primaryTopic">http://dbpedia.org/resource/Basilica_of_San_Lorenzo,_Florence</field>
</doc>
<doc>
<field name="uri">http://dbpedia.org/resource/New_Sacristy</field>
<field name="entity_type">museums</field>
<field name="timestamp">NOW</field>
</doc>
<doc>
<field name="uri">http://dbpedia.org/resource/Sagrestia_Nuova</field>
<field name="entity_type">museums</field>
<field name="timestamp">NOW</field>
</doc>
<doc>
<field name="uri">http://ru.dbpedia.org/resource/Базилика_Сан-Лоренцо_(Флоренция)</field>
<field name="entity_type">museums</field>
<field name="timestamp">NOW</field>
<field name="sameAs">http://dbpedia.org/resource/Basilica_of_San_Lorenzo,_Florence</field>
</doc>
<doc>
<field name="uri">http://nl.dbpedia.org/resource/Sint-Laurensbasiliek_(Florence)</field>
<field name="entity_type">museums</field>
<field name="timestamp">NOW</field>
<field name="sameAs">http://dbpedia.org/resource/Basilica_of_San_Lorenzo,_Florence</field>
</doc>
<doc>
<field name="uri">http://eu.dbpedia.org/resource/San_Lorenzo_basilika_(Florentzia)</field>
<field name="entity_type">museums</field>
<field name="timestamp">NOW</field>
<field name="sameAs">http://dbpedia.org/resource/Basilica_of_San_Lorenzo,_Florence</field>
</doc>
<doc>
<field name="uri">http://wikidata.dbpedia.org/resource/Q573881</field>
<field name="entity_type">museums</field>
<field name="timestamp">NOW</field>
<field name="sameAs">http://dbpedia.org/resource/Basilica_of_San_Lorenzo,_Florence</field>
</doc>
<doc>
<field name="uri">http://zh.dbpedia.org/resource/佛罗伦萨圣老楞佐大殿</field>
<field name="entity_type">museums</field>
<field name="timestamp">NOW</field>
<field name="sameAs">http://dbpedia.org/resource/Basilica_of_San_Lorenzo,_Florence</field>
</doc>
<doc>
<field name="uri">http://ar.dbpedia.org/resource/كنيسة_القديس_لورينزو</field>
<field name="entity_type">museums</field>
<field name="timestamp">NOW</field>
<field name="sameAs">http://dbpedia.org/resource/Basilica_of_San_Lorenzo,_Florence</field>
</doc>
<doc>
<field name="uri">http://bg.dbpedia.org/resource/Базилика_Сан_Лоренцо</field>
<field name="entity_type">museums</field>
<field name="timestamp">NOW</field>
<field name="sameAs">http://dbpedia.org/resource/Basilica_of_San_Lorenzo,_Florence</field>
</doc>
<doc>
<field name="uri">http://ca.dbpedia.org/resource/Basílica_de_San_Lorenzo</field>
<field name="entity_type">museums</field>
<field name="timestamp">NOW</field>
<field name="sameAs">http://dbpedia.org/resource/Basilica_of_San_Lorenzo,_Florence</field>
</doc>
<doc>
<field name="uri">http://fi.dbpedia.org/resource/San_Lorenzon_kirkko</field>
<field name="entity_type">museums</field>
<field name="timestamp">NOW</field>
<field name="sameAs">http://dbpedia.org/resource/Basilica_of_San_Lorenzo,_Florence</field>
</doc>
<doc>
<field name="uri">http://he.dbpedia.org/resource/בזיליקת_סן_לורנצו</field>
<field name="entity_type">museums</field>
<field name="timestamp">NOW</field>
<field name="sameAs">http://dbpedia.org/resource/Basilica_of_San_Lorenzo,_Florence</field>
</doc>
<doc>
<field name="uri">http://hr.dbpedia.org/resource/Bazilika_sv._Lovre,_Firenca</field>
<field name="entity_type">museums</field>
<field name="timestamp">NOW</field>
<field name="sameAs">http://dbpedia.org/resource/Basilica_of_San_Lorenzo,_Florence</field>
</doc>
<doc>
<field name="uri">http://hu.dbpedia.org/resource/San_Lorenzo_(Firenze)</field>
<field name="entity_type">museums</field>
<field name="timestamp">NOW</field>
<field name="sameAs">http://dbpedia.org/resource/Basilica_of_San_Lorenzo,_Florence</field>
</doc>
<doc>
<field name="uri">http://lt.dbpedia.org/resource/Šv._Lauryno_bazilika_(Florencija)</field>
<field name="entity_type">museums</field>
<field name="timestamp">NOW</field>
<field name="sameAs">http://dbpedia.org/resource/Basilica_of_San_Lorenzo,_Florence</field>
</doc>
<doc>
<field name="uri">http://sh.dbpedia.org/resource/Bazilika_San_Lorenzo,_Firenca</field>
<field name="entity_type">museums</field>
<field name="timestamp">NOW</field>
<field name="sameAs">http://dbpedia.org/resource/Basilica_of_San_Lorenzo,_Florence</field>
</doc>
<doc>
<field name="uri">http://sl.dbpedia.org/resource/Bazilika_svetega_Lovrenca,_Firence</field>
<field name="entity_type">museums</field>
<field name="timestamp">NOW</field>
<field name="sameAs">http://dbpedia.org/resource/Basilica_of_San_Lorenzo,_Florence</field>
</doc>
<doc>
<field name="uri">http://th.dbpedia.org/resource/มหาวิหารซันโลเรนโซ_ฟลอเรนซ์</field>
<field name="entity_type">museums</field>
<field name="timestamp">NOW</field>
<field name="sameAs">http://dbpedia.org/resource/Basilica_of_San_Lorenzo,_Florence</field>
</doc>
<doc>
<field name="uri">http://tr.dbpedia.org/resource/San_Lorenzo_Basilikası_(Floransa)</field>
<field name="entity_type">museums</field>
<field name="timestamp">NOW</field>
<field name="sameAs">http://dbpedia.org/resource/Basilica_of_San_Lorenzo,_Florence</field>
</doc>
</add>
