<add xmlns:dc="http://purl.org/dc/elements/1.1/" overwrite="true">
<doc>
<field name="uri">http://dbpedia.org/resource/Zeno_of_Verona</field>
<field name="entity_type">museums</field>
<field name="timestamp">NOW</field>
</doc>
<doc>
<field name="uri">http://dbpedia.org/resource/Riccardo_Cazzola</field>
<field name="entity_type">museums</field>
<field name="timestamp">NOW</field>
</doc>
<doc>
<field name="uri">http://es.dbpedia.org/resource/Basílica_de_San_Zenón</field>
<field name="entity_type">museums</field>
<field name="timestamp">NOW</field>
<field name="sameAs">http://dbpedia.org/resource/Basilica_of_San_Zeno,_Verona</field>
</doc>
<doc>
<field name="uri">http://pl.dbpedia.org/resource/Bazylika_św._Zenona_w_Weronie</field>
<field name="entity_type">museums</field>
<field name="timestamp">NOW</field>
<field name="sameAs">http://dbpedia.org/resource/Basilica_of_San_Zeno,_Verona</field>
</doc>
<doc>
<field name="uri">http://ru.dbpedia.org/resource/Сан-Дзено_Маджоре</field>
<field name="entity_type">museums</field>
<field name="timestamp">NOW</field>
<field name="sameAs">http://dbpedia.org/resource/Basilica_of_San_Zeno,_Verona</field>
</doc>
<doc>
<field name="uri">http://de.dbpedia.org/resource/San_Zeno_Maggiore</field>
<field name="entity_type">museums</field>
<field name="timestamp">NOW</field>
<field name="sameAs">http://dbpedia.org/resource/Basilica_of_San_Zeno,_Verona</field>
</doc>
<doc>
<field name="uri">http://fr.dbpedia.org/resource/Basilique_San_Zeno_de_Vérone</field>
<field name="entity_type">museums</field>
<field name="timestamp">NOW</field>
<field name="sameAs">http://dbpedia.org/resource/Basilica_of_San_Zeno,_Verona</field>
</doc>
<doc>
<field name="uri">http://dbpedia.org/resource/Proculus_of_Verona</field>
<field name="entity_type">museums</field>
<field name="timestamp">NOW</field>
</doc>
<doc>
<field name="uri">http://dbpedia.org/resource/San_Zeno_Altarpiece_(Mantegna)</field>
<field name="entity_type">museums</field>
<field name="timestamp">NOW</field>
</doc>
<doc>
<field name="uri">http://dbpedia.org/resource/Basilica_di_San_Zeno</field>
<field name="entity_type">museums</field>
<field name="timestamp">NOW</field>
</doc>
<doc>
<field name="uri">http://dbpedia.org/resource/San_Zeno_(disambiguation)</field>
<field name="entity_type">museums</field>
<field name="timestamp">NOW</field>
</doc>
<doc>
<field name="uri">http://dbpedia.org/resource/Euprepius_of_Verona</field>
<field name="entity_type">museums</field>
<field name="timestamp">NOW</field>
</doc>
<doc>
<field name="uri">http://cs.dbpedia.org/resource/San_Zeno_Maggiore_(Verona)</field>
<field name="entity_type">museums</field>
<field name="timestamp">NOW</field>
<field name="sameAs">http://dbpedia.org/resource/Basilica_of_San_Zeno,_Verona</field>
</doc>
<doc>
<field name="uri">http://it.dbpedia.org/resource/Basilica_di_San_Zeno</field>
<field name="entity_type">museums</field>
<field name="timestamp">NOW</field>
<field name="sameAs">http://dbpedia.org/resource/Basilica_of_San_Zeno,_Verona</field>
</doc>
<doc>
<field name="uri">http://dbpedia.org/resource/Basilica_of_San_Zeno,_Verona</field>
<field name="entity_type">museums</field>
<field name="timestamp">NOW</field>
<field name="sameAs">http://it.dbpedia.org/resource/Basilica_di_San_Zeno</field>
<field name="sameAs">http://de.dbpedia.org/resource/San_Zeno_Maggiore</field>
<field name="sameAs">http://es.dbpedia.org/resource/Basílica_de_San_Zenón</field>
<field name="sameAs">http://www.wikidata.org/entity/Q1763642</field>
<field name="sameAs">http://cs.dbpedia.org/resource/San_Zeno_Maggiore_(Verona)</field>
<field name="sameAs">http://fi.dbpedia.org/resource/San_Zeno_Maggiore</field>
<field name="sameAs">http://pl.dbpedia.org/resource/Bazylika_św._Zenona_w_Weronie</field>
<field name="sameAs">http://rdf.freebase.com/ns/m.02rsx7d</field>
<field name="sameAs">http://fr.dbpedia.org/resource/Basilique_San_Zeno_de_Vérone</field>
<field name="sameAs">http://zh.dbpedia.org/resource/圣柴诺圣殿</field>
<field name="sameAs">http://dbpedia.org/resource/Basilica_of_San_Zeno,_Verona</field>
<field name="sameAs">http://ru.dbpedia.org/resource/Сан-Дзено_Маджоре</field>
<field name="subject" update="add">http://dbpedia.org/resource/Category:Towers_in_Italy</field>
<field name="subject" update="add">http://dbpedia.org/resource/Category:Monasteries_in_Veneto</field>
<field name="subject" update="add">http://dbpedia.org/resource/Category:960s_architecture</field>
<field name="subject" update="add">http://dbpedia.org/resource/Category:Churches_in_Verona</field>
<field name="subject" update="add">http://dbpedia.org/resource/Category:Basilica_churches_in_Italy</field>
<field name="subject" update="add">http://dbpedia.org/resource/Category:Romanesque_architecture_in_Italy</field>
<field name="subject" update="add">http://dbpedia.org/resource/Category:5th-century_Roman_Catholic_church_buildings</field>
<field name="abstract">The Basilica di San Zeno (also known as San Zeno Maggiore) is a minor basilica of Verona, Northern Italy. Its fame rests partly on its architecture and partly upon the tradition that its crypt was the place of the marriage of Shakespeare's Romeo and Juliet. Together with the abbey which forms an annex, it is dedicated to St. Zeno of Verona.</field>
<field name="label">Basilica of San Zeno, Verona</field>
<field name="depiction">http://upload.wikimedia.org/wikipedia/commons/a/ac/Basilicasanzenoverona.jpg</field>
<field name="comment">The Basilica di San Zeno (also known as San Zeno Maggiore) is a minor basilica of Verona, Northern Italy. Its fame rests partly on its architecture and partly upon the tradition that its crypt was the place of the marriage of Shakespeare's Romeo and Juliet. Together with the abbey which forms an annex, it is dedicated to St. Zeno of Verona.</field>
<field name="thumbnail">http://upload.wikimedia.org/wikipedia/commons/thumb/a/ac/Basilicasanzenoverona.jpg/200px-Basilicasanzenoverona.jpg</field>
<field name="isPrimaryTopicOf">http://en.wikipedia.org/wiki/Basilica_of_San_Zeno,_Verona</field>
<field name="photo-collection">http://wifo5-03.informatik.uni-mannheim.de/flickrwrappr/photos/Basilica_of_San_Zeno,_Verona</field>
</doc>
<doc>
<field name="uri">http://dbpedia.org/resource/Abbey_of_San_Zeno</field>
<field name="entity_type">museums</field>
<field name="timestamp">NOW</field>
</doc>
<doc>
<field name="uri">http://dbpedia.org/resource/Basilica_di_San_Zeno,_Verona</field>
<field name="entity_type">museums</field>
<field name="timestamp">NOW</field>
</doc>
<doc>
<field name="uri">http://dbpedia.org/resource/Basilica_di_San_Zeno_Maggiore_(Verona)</field>
<field name="entity_type">museums</field>
<field name="timestamp">NOW</field>
</doc>
<doc>
<field name="uri">http://dbpedia.org/resource/Basilica_di_San_Zeno_di_Verona</field>
<field name="entity_type">museums</field>
<field name="timestamp">NOW</field>
</doc>
<doc>
<field name="uri">http://dbpedia.org/resource/Basilica_di_san_zeno</field>
<field name="entity_type">museums</field>
<field name="timestamp">NOW</field>
</doc>
<doc>
<field name="uri">http://dbpedia.org/resource/Basilica_of_San_Zeno</field>
<field name="entity_type">museums</field>
<field name="timestamp">NOW</field>
</doc>
<doc>
<field name="uri">http://dbpedia.org/resource/Basilica_of_San_Zeno_Maggiore</field>
<field name="entity_type">museums</field>
<field name="timestamp">NOW</field>
</doc>
<doc>
<field name="uri">http://dbpedia.org/resource/Basilica_of_san_Zeno_Maggiore</field>
<field name="entity_type">museums</field>
<field name="timestamp">NOW</field>
</doc>
<doc>
<field name="uri">http://dbpedia.org/resource/Church_of_Saint_Zeno</field>
<field name="entity_type">museums</field>
<field name="timestamp">NOW</field>
</doc>
<doc>
<field name="uri">http://dbpedia.org/resource/Church_of_San_Zeno_Maggiore</field>
<field name="entity_type">museums</field>
<field name="timestamp">NOW</field>
</doc>
<doc>
<field name="uri">http://dbpedia.org/resource/San_Zeno</field>
<field name="entity_type">museums</field>
<field name="timestamp">NOW</field>
</doc>
<doc>
<field name="uri">http://dbpedia.org/resource/San_Zeno,_Verona</field>
<field name="entity_type">museums</field>
<field name="timestamp">NOW</field>
</doc>
<doc>
<field name="uri">http://dbpedia.org/resource/San_Zeno_(Verona)</field>
<field name="entity_type">museums</field>
<field name="timestamp">NOW</field>
</doc>
<doc>
<field name="uri">http://dbpedia.org/resource/San_Zeno_Abbey</field>
<field name="entity_type">museums</field>
<field name="timestamp">NOW</field>
</doc>
<doc>
<field name="uri">http://dbpedia.org/resource/San_Zeno_Maggiore</field>
<field name="entity_type">museums</field>
<field name="timestamp">NOW</field>
</doc>
<doc>
<field name="uri">http://dbpedia.org/resource/San_Zeno_Maggiore,_Verona</field>
<field name="entity_type">museums</field>
<field name="timestamp">NOW</field>
</doc>
<doc>
<field name="uri">http://dbpedia.org/resource/San_Zeno_Maggiore_(Verona)</field>
<field name="entity_type">museums</field>
<field name="timestamp">NOW</field>
</doc>
<doc>
<field name="uri">http://dbpedia.org/resource/San_Zeno_di_Verona</field>
<field name="entity_type">museums</field>
<field name="timestamp">NOW</field>
</doc>
<doc>
<field name="uri">http://dbpedia.org/resource/San_Zenone_di_Verona</field>
<field name="entity_type">museums</field>
<field name="timestamp">NOW</field>
</doc>
<doc>
<field name="uri">http://dbpedia.org/resource/Basilca_of_San_Zeno,_Verona</field>
<field name="entity_type">museums</field>
<field name="timestamp">NOW</field>
</doc>
<doc>
<field name="uri">http://dbpedia.org/resource/Riccardo_Cazzola__1</field>
<field name="entity_type">museums</field>
<field name="timestamp">NOW</field>
</doc>
<doc>
<field name="uri">http://en.wikipedia.org/wiki/Basilica_of_San_Zeno,_Verona</field>
<field name="entity_type">museums</field>
<field name="timestamp">NOW</field>
<field name="primaryTopic">http://dbpedia.org/resource/Basilica_of_San_Zeno,_Verona</field>
</doc>
<doc>
<field name="uri">http://wikidata.dbpedia.org/resource/Q1763642</field>
<field name="entity_type">museums</field>
<field name="timestamp">NOW</field>
<field name="sameAs">http://dbpedia.org/resource/Basilica_of_San_Zeno,_Verona</field>
</doc>
<doc>
<field name="uri">http://zh.dbpedia.org/resource/圣柴诺圣殿</field>
<field name="entity_type">museums</field>
<field name="timestamp">NOW</field>
<field name="sameAs">http://dbpedia.org/resource/Basilica_of_San_Zeno,_Verona</field>
</doc>
<doc>
<field name="uri">http://fi.dbpedia.org/resource/San_Zeno_Maggiore</field>
<field name="entity_type">museums</field>
<field name="timestamp">NOW</field>
<field name="sameAs">http://dbpedia.org/resource/Basilica_of_San_Zeno,_Verona</field>
</doc>
</add>
