<add xmlns:dc="http://purl.org/dc/elements/1.1/" overwrite="true">
<doc>
<field name="uri">http://cs.dbpedia.org/resource/Sant'Agostino_(Řím)</field>
<field name="entity_type">museums</field>
<field name="timestamp">NOW</field>
<field name="sameAs">http://dbpedia.org/resource/Basilica_of_Sant'Agostino</field>
</doc>
<doc>
<field name="uri">http://es.dbpedia.org/resource/Sant'Agostino</field>
<field name="entity_type">museums</field>
<field name="timestamp">NOW</field>
<field name="sameAs">http://dbpedia.org/resource/Basilica_of_Sant'Agostino</field>
</doc>
<doc>
<field name="uri">http://pt.dbpedia.org/resource/Igreja_de_Santo_Agostinho_(Roma)</field>
<field name="entity_type">museums</field>
<field name="timestamp">NOW</field>
<field name="sameAs">http://dbpedia.org/resource/Basilica_of_Sant'Agostino</field>
</doc>
<doc>
<field name="uri">http://dbpedia.org/resource/Jean-Pierre_Ricard</field>
<field name="entity_type">museums</field>
<field name="timestamp">NOW</field>
</doc>
<doc>
<field name="uri">http://dbpedia.org/resource/Saint_Monica</field>
<field name="entity_type">museums</field>
<field name="timestamp">NOW</field>
</doc>
<doc>
<field name="uri">http://dbpedia.org/resource/Basilica_di_Sant'Agostino</field>
<field name="entity_type">museums</field>
<field name="timestamp">NOW</field>
</doc>
<doc>
<field name="uri">http://dbpedia.org/resource/Madonna_di_Loreto_(Caravaggio)</field>
<field name="entity_type">museums</field>
<field name="timestamp">NOW</field>
</doc>
<doc>
<field name="uri">http://it.dbpedia.org/resource/Basilica_di_Sant'Agostino_in_Campo_Marzio</field>
<field name="entity_type">museums</field>
<field name="timestamp">NOW</field>
<field name="sameAs">http://dbpedia.org/resource/Basilica_of_Sant'Agostino</field>
</doc>
<doc>
<field name="uri">http://pl.dbpedia.org/resource/Bazylika_Sant'Agostino_w_Rzymie</field>
<field name="entity_type">museums</field>
<field name="timestamp">NOW</field>
<field name="sameAs">http://dbpedia.org/resource/Basilica_of_Sant'Agostino</field>
</doc>
<doc>
<field name="uri">http://ru.dbpedia.org/resource/Сант-Агостино</field>
<field name="entity_type">museums</field>
<field name="timestamp">NOW</field>
<field name="sameAs">http://dbpedia.org/resource/Basilica_of_Sant'Agostino</field>
</doc>
<doc>
<field name="uri">http://dbpedia.org/resource/Sant'Agostino</field>
<field name="entity_type">museums</field>
<field name="timestamp">NOW</field>
</doc>
<doc>
<field name="uri">http://dbpedia.org/resource/The_Prophet_Isaiah_(Raphael)</field>
<field name="entity_type">museums</field>
<field name="timestamp">NOW</field>
<field name="museum">http://dbpedia.org/resource/Basilica_of_Sant'Agostino</field>
</doc>
<doc>
<field name="uri">http://dbpedia.org/resource/S._Agostino_in_Rome</field>
<field name="entity_type">museums</field>
<field name="timestamp">NOW</field>
</doc>
<doc>
<field name="uri">http://dbpedia.org/resource/Sant'Agostino_(Rome)</field>
<field name="entity_type">museums</field>
<field name="timestamp">NOW</field>
</doc>
<doc>
<field name="uri">http://dbpedia.org/resource/Basilica_of_Sant'_Agostino,_Rome</field>
<field name="entity_type">museums</field>
<field name="timestamp">NOW</field>
</doc>
<doc>
<field name="uri">http://de.dbpedia.org/resource/Sant’Agostino_in_Campo_Marzio</field>
<field name="entity_type">museums</field>
<field name="timestamp">NOW</field>
<field name="sameAs">http://dbpedia.org/resource/Basilica_of_Sant'Agostino</field>
</doc>
<doc>
<field name="uri">http://fr.dbpedia.org/resource/Basilique_Sant'Agostino_in_Campo_Marzio</field>
<field name="entity_type">museums</field>
<field name="timestamp">NOW</field>
<field name="sameAs">http://dbpedia.org/resource/Basilica_of_Sant'Agostino</field>
</doc>
<doc>
<field name="uri">http://nl.dbpedia.org/resource/Sant'Agostino_(Rome)</field>
<field name="entity_type">museums</field>
<field name="timestamp">NOW</field>
<field name="sameAs">http://dbpedia.org/resource/Basilica_of_Sant'Agostino</field>
</doc>
<doc>
<field name="uri">http://en.wikipedia.org/wiki/Basilica_of_Sant'Agostino</field>
<field name="entity_type">museums</field>
<field name="timestamp">NOW</field>
<field name="primaryTopic">http://dbpedia.org/resource/Basilica_of_Sant'Agostino</field>
</doc>
<doc>
<field name="uri">http://wikidata.dbpedia.org/resource/Q1424095</field>
<field name="entity_type">museums</field>
<field name="timestamp">NOW</field>
<field name="sameAs">http://dbpedia.org/resource/Basilica_of_Sant'Agostino</field>
</doc>
<doc>
<field name="uri">http://dbpedia.org/resource/Basilica_of_Sant'Agostino</field>
<field name="entity_type">museums</field>
<field name="timestamp">NOW</field>
<field name="sameAs">http://pl.dbpedia.org/resource/Bazylika_Sant'Agostino_w_Rzymie</field>
<field name="sameAs">http://sws.geonames.org/6690142/</field>
<field name="sameAs">http://ca.dbpedia.org/resource/Basilica_di_Sant'Agostino</field>
<field name="sameAs">http://it.dbpedia.org/resource/Basilica_di_Sant'Agostino_in_Campo_Marzio</field>
<field name="sameAs">http://ru.dbpedia.org/resource/Сант-Агостино</field>
<field name="sameAs">http://uk.dbpedia.org/resource/Сант_Агостіно</field>
<field name="sameAs">http://mk.dbpedia.org/resource/Црква_Свети_Агостино</field>
<field name="sameAs">http://rdf.freebase.com/ns/m.08c0qj</field>
<field name="sameAs">http://dbpedia.org/resource/Basilica_of_Sant'Agostino</field>
<field name="sameAs">http://de.dbpedia.org/resource/Sant’Agostino_in_Campo_Marzio</field>
<field name="sameAs">http://es.dbpedia.org/resource/Sant'Agostino</field>
<field name="sameAs">http://nl.dbpedia.org/resource/Sant'Agostino_(Rome)</field>
<field name="sameAs">http://cs.dbpedia.org/resource/Sant'Agostino_(Řím)</field>
<field name="sameAs">http://fr.dbpedia.org/resource/Basilique_Sant'Agostino_in_Campo_Marzio</field>
<field name="sameAs">http://pt.dbpedia.org/resource/Igreja_de_Santo_Agostinho_(Roma)</field>
<field name="sameAs">http://no.dbpedia.org/resource/Sant'Agostino</field>
<field name="sameAs">http://www.wikidata.org/entity/Q1424095</field>
<field name="subject" update="add">http://dbpedia.org/resource/Category:15th-century_Roman_Catholic_church_buildings</field>
<field name="subject" update="add">http://dbpedia.org/resource/Category:Basilica_churches_in_Rome</field>
<field name="subject" update="add">http://dbpedia.org/resource/Category:Titular_churches_in_Rome</field>
<field name="subject" update="add">http://dbpedia.org/resource/Category:Roman_Catholic_churches_in_Rome</field>
<field name="subject" update="add">http://dbpedia.org/resource/Category:Renaissance_architecture_in_Rome</field>
<field name="abstract">For the Italian "comune", see Sant'Agostino, Emilia–Romagna. Sant'Agostino is a church in Rome, Italy, not far from Piazza Navona. It is one of the first Roman churches built during the Renaissance. The construction was funded by Guillaume d'Estouteville, Archbishop of Rouen and Papal Chancellor. The façade was built in 1483 by Giacomo di Pietrasanta, using travertine taken from the Colosseum. It is a fine, plain work of the early Renaissance style.</field>
<field name="label">Basilica of Sant'Agostino</field>
<field name="depiction">http://upload.wikimedia.org/wikipedia/commons/d/d8/Sant_agostino.JPG</field>
<field name="comment">For the Italian "comune", see Sant'Agostino, Emilia–Romagna. Sant'Agostino is a church in Rome, Italy, not far from Piazza Navona. It is one of the first Roman churches built during the Renaissance. The construction was funded by Guillaume d'Estouteville, Archbishop of Rouen and Papal Chancellor. The façade was built in 1483 by Giacomo di Pietrasanta, using travertine taken from the Colosseum. It is a fine, plain work of the early Renaissance style.</field>
<field name="thumbnail">http://upload.wikimedia.org/wikipedia/commons/thumb/d/d8/Sant_agostino.JPG/200px-Sant_agostino.JPG</field>
<field name="isPrimaryTopicOf">http://en.wikipedia.org/wiki/Basilica_of_Sant'Agostino</field>
<field name="photo-collection">http://wifo5-03.informatik.uni-mannheim.de/flickrwrappr/photos/Basilica_of_Sant'Agostino</field>
</doc>
<doc>
<field name="uri">http://ca.dbpedia.org/resource/Basilica_di_Sant'Agostino</field>
<field name="entity_type">museums</field>
<field name="timestamp">NOW</field>
<field name="sameAs">http://dbpedia.org/resource/Basilica_of_Sant'Agostino</field>
</doc>
<doc>
<field name="uri">http://mk.dbpedia.org/resource/Црква_Свети_Агостино</field>
<field name="entity_type">museums</field>
<field name="timestamp">NOW</field>
<field name="sameAs">http://dbpedia.org/resource/Basilica_of_Sant'Agostino</field>
</doc>
<doc>
<field name="uri">http://no.dbpedia.org/resource/Sant'Agostino</field>
<field name="entity_type">museums</field>
<field name="timestamp">NOW</field>
<field name="sameAs">http://dbpedia.org/resource/Basilica_of_Sant'Agostino</field>
</doc>
<doc>
<field name="uri">http://uk.dbpedia.org/resource/Сант_Агостіно</field>
<field name="entity_type">museums</field>
<field name="timestamp">NOW</field>
<field name="sameAs">http://dbpedia.org/resource/Basilica_of_Sant'Agostino</field>
</doc>
</add>
