<add xmlns:dc="http://purl.org/dc/elements/1.1/" overwrite="true">
<doc>
<field name="uri">http://dbpedia.org/resource/Saint_Dominic</field>
<field name="entity_type">museums</field>
<field name="timestamp">NOW</field>
</doc>
<doc>
<field name="uri">http://dbpedia.org/resource/Marriage_of_St._Catherine_(Filippino_Lippi)</field>
<field name="entity_type">museums</field>
<field name="timestamp">NOW</field>
</doc>
<doc>
<field name="uri">http://pt.dbpedia.org/resource/Basílica_de_São_Domingo</field>
<field name="entity_type">museums</field>
<field name="timestamp">NOW</field>
<field name="sameAs">http://dbpedia.org/resource/Basilica_of_San_Domenico</field>
</doc>
<doc>
<field name="uri">http://dbpedia.org/resource/Basilica_of_San_Domenico</field>
<field name="entity_type">museums</field>
<field name="timestamp">NOW</field>
<field name="sameAs">http://fr.dbpedia.org/resource/Basilique_San_Domenico_(Bologne)</field>
<field name="sameAs">http://yago-knowledge.org/resource/Basilica_of_San_Domenico</field>
<field name="sameAs">http://zh.dbpedia.org/resource/圣多明我大殿</field>
<field name="sameAs">http://pt.dbpedia.org/resource/Basílica_de_São_Domingo</field>
<field name="sameAs">http://el.dbpedia.org/resource/Βασιλική_του_Αγίου_Δομήνικου_(Μπολόνια)</field>
<field name="sameAs">http://it.dbpedia.org/resource/Basilica_di_San_Domenico_(Bologna)</field>
<field name="sameAs">http://la.dbpedia.org/resource/Basilica_Sancti_Dominici_(Bononia)</field>
<field name="sameAs">http://dbpedia.org/resource/Basilica_of_San_Domenico</field>
<field name="sameAs">http://www.wikidata.org/entity/Q862602</field>
<field name="sameAs">http://rdf.freebase.com/ns/m.0dj6nv</field>
<field name="subject" update="add">http://dbpedia.org/resource/Category:Romanesque_architecture_in_Emilia-Romagna</field>
<field name="subject" update="add">http://dbpedia.org/resource/Category:Basilica_churches_in_Bologna</field>
<field name="subject" update="add">http://dbpedia.org/resource/Category:Renaissance_architecture_in_Emilia-Romagna</field>
<field name="abstract">The Basilica of San Domenico is one of the major churches in Bologna, Italy. The remains of Saint Dominic, founder of the Order of Preachers, are buried inside the exquisite shrine Arca di San Domenico, made by Nicola Pisano and his workshop, Arnolfo di Cambio and with later additions by Niccolò dell'Arca and the young Michelangelo.</field>
<field name="label">Basilica of San Domenico</field>
<field name="depiction">http://upload.wikimedia.org/wikipedia/commons/b/b1/San_Domenico01.jpg</field>
<field name="comment">The Basilica of San Domenico is one of the major churches in Bologna, Italy. The remains of Saint Dominic, founder of the Order of Preachers, are buried inside the exquisite shrine Arca di San Domenico, made by Nicola Pisano and his workshop, Arnolfo di Cambio and with later additions by Niccolò dell'Arca and the young Michelangelo.</field>
<field name="thumbnail">http://upload.wikimedia.org/wikipedia/commons/thumb/b/b1/San_Domenico01.jpg/200px-San_Domenico01.jpg</field>
<field name="isPrimaryTopicOf">http://en.wikipedia.org/wiki/Basilica_of_San_Domenico</field>
<field name="photo-collection">http://wifo5-03.informatik.uni-mannheim.de/flickrwrappr/photos/Basilica_of_San_Domenico</field>
</doc>
<doc>
<field name="uri">http://fr.dbpedia.org/resource/Basilique_San_Domenico_(Bologne)</field>
<field name="entity_type">museums</field>
<field name="timestamp">NOW</field>
<field name="sameAs">http://dbpedia.org/resource/Basilica_of_San_Domenico</field>
</doc>
<doc>
<field name="uri">http://en.wikipedia.org/wiki/Basilica_of_San_Domenico</field>
<field name="entity_type">museums</field>
<field name="timestamp">NOW</field>
<field name="primaryTopic">http://dbpedia.org/resource/Basilica_of_San_Domenico</field>
</doc>
<doc>
<field name="uri">http://it.dbpedia.org/resource/Basilica_di_San_Domenico_(Bologna)</field>
<field name="entity_type">museums</field>
<field name="timestamp">NOW</field>
<field name="sameAs">http://dbpedia.org/resource/Basilica_of_San_Domenico</field>
</doc>
<doc>
<field name="uri">http://dbpedia.org/resource/San_Nicol%C3%B2_delle_Vigne</field>
<field name="entity_type">museums</field>
<field name="timestamp">NOW</field>
</doc>
<doc>
<field name="uri">http://dbpedia.org/resource/Basilica_di_San_Domenico</field>
<field name="entity_type">museums</field>
<field name="timestamp">NOW</field>
</doc>
<doc>
<field name="uri">http://dbpedia.org/resource/Basilica_of_San_Domenico,_Bologna</field>
<field name="entity_type">museums</field>
<field name="timestamp">NOW</field>
</doc>
<doc>
<field name="uri">http://dbpedia.org/resource/Basilica_of_san_domenico</field>
<field name="entity_type">museums</field>
<field name="timestamp">NOW</field>
</doc>
<doc>
<field name="uri">http://dbpedia.org/resource/San_Domenico_di_Bologna</field>
<field name="entity_type">museums</field>
<field name="timestamp">NOW</field>
</doc>
<doc>
<field name="uri">http://dbpedia.org/resource/Basilica_of_Saint_Dominic</field>
<field name="entity_type">museums</field>
<field name="timestamp">NOW</field>
</doc>
<doc>
<field name="uri">http://dbpedia.org/resource/San_Domenico</field>
<field name="entity_type">museums</field>
<field name="timestamp">NOW</field>
</doc>
<doc>
<field name="uri">http://el.dbpedia.org/resource/Βασιλική_του_Αγίου_Δομήνικου_(Μπολόνια)</field>
<field name="entity_type">museums</field>
<field name="timestamp">NOW</field>
<field name="sameAs">http://dbpedia.org/resource/Basilica_of_San_Domenico</field>
</doc>
<doc>
<field name="uri">http://wikidata.dbpedia.org/resource/Q862602</field>
<field name="entity_type">museums</field>
<field name="timestamp">NOW</field>
<field name="sameAs">http://dbpedia.org/resource/Basilica_of_San_Domenico</field>
</doc>
<doc>
<field name="uri">http://zh.dbpedia.org/resource/圣多明我大殿</field>
<field name="entity_type">museums</field>
<field name="timestamp">NOW</field>
<field name="sameAs">http://dbpedia.org/resource/Basilica_of_San_Domenico</field>
</doc>
<doc>
<field name="uri">http://la.dbpedia.org/resource/Basilica_Sancti_Dominici_(Bononia)</field>
<field name="entity_type">museums</field>
<field name="timestamp">NOW</field>
<field name="sameAs">http://dbpedia.org/resource/Basilica_of_San_Domenico</field>
</doc>
</add>
