<add xmlns:dc="http://purl.org/dc/elements/1.1/" overwrite="true">
<doc>
<field name="uri">http://pl.dbpedia.org/resource/Muzeum_Brukenthala</field>
<field name="entity_type">museums</field>
<field name="timestamp">NOW</field>
<field name="sameAs">http://dbpedia.org/resource/Brukenthal_National_Museum</field>
</doc>
<doc>
<field name="uri">http://dbpedia.org/resource/Crucifixion_(Antonello_da_Messina)</field>
<field name="entity_type">museums</field>
<field name="timestamp">NOW</field>
</doc>
<doc>
<field name="uri">http://de.dbpedia.org/resource/Brukenthal-Museum</field>
<field name="entity_type">museums</field>
<field name="timestamp">NOW</field>
<field name="sameAs">http://dbpedia.org/resource/Brukenthal_National_Museum</field>
</doc>
<doc>
<field name="uri">http://ru.dbpedia.org/resource/Национальный_музей_Брукенталя</field>
<field name="entity_type">museums</field>
<field name="timestamp">NOW</field>
<field name="sameAs">http://dbpedia.org/resource/Brukenthal_National_Museum</field>
</doc>
<doc>
<field name="uri">http://en.wikipedia.org/wiki/Brukenthal_National_Museum</field>
<field name="entity_type">museums</field>
<field name="timestamp">NOW</field>
<field name="primaryTopic">http://dbpedia.org/resource/Brukenthal_National_Museum</field>
</doc>
<doc>
<field name="uri">http://dbpedia.org/resource/Brukenthal_National_Museum</field>
<field name="entity_type">museums</field>
<field name="timestamp">NOW</field>
<field name="sameAs">http://it.dbpedia.org/resource/Museo_nazionale_Brukenthal</field>
<field name="sameAs">http://rdf.freebase.com/ns/m.025_7t7</field>
<field name="sameAs">http://www.wikidata.org/entity/Q850207</field>
<field name="sameAs">http://de.dbpedia.org/resource/Brukenthal-Museum</field>
<field name="sameAs">http://yago-knowledge.org/resource/Brukenthal_National_Museum</field>
<field name="sameAs">http://dbpedia.org/resource/Brukenthal_National_Museum</field>
<field name="sameAs">http://zh.dbpedia.org/resource/布鲁肯撒尔博物馆</field>
<field name="sameAs">http://ru.dbpedia.org/resource/Национальный_музей_Брукенталя</field>
<field name="sameAs">http://he.dbpedia.org/resource/המוזיאון_הלאומי_ברוקנטל</field>
<field name="sameAs">http://hu.dbpedia.org/resource/Brukenthal-palota</field>
<field name="sameAs">http://ro.dbpedia.org/resource/Muzeul_Brukenthal</field>
<field name="sameAs">http://eo.dbpedia.org/resource/Muzeo_Brukenthal</field>
<field name="sameAs">http://pl.dbpedia.org/resource/Muzeum_Brukenthala</field>
<field name="subject" update="add">http://dbpedia.org/resource/Category:History_museums_in_Romania</field>
<field name="subject" update="add">http://dbpedia.org/resource/Category:Museums_in_Sibiu_County</field>
<field name="subject" update="add">http://dbpedia.org/resource/Category:1817_establishments_in_Hungary</field>
<field name="subject" update="add">http://dbpedia.org/resource/Category:Museums_established_in_1817</field>
<field name="subject" update="add">http://dbpedia.org/resource/Category:Palaces_in_Romania</field>
<field name="subject" update="add">http://dbpedia.org/resource/Category:Buildings_and_structures_in_Sibiu</field>
<field name="subject" update="add">http://dbpedia.org/resource/Category:1817_establishments_in_Romania</field>
<field name="subject" update="add">http://dbpedia.org/resource/Category:Baroque_architecture_in_Romania</field>
<field name="subject" update="add">http://dbpedia.org/resource/Category:Art_museums_and_galleries_in_Romania</field>
<field name="subject" update="add">http://dbpedia.org/resource/Category:National_museums_of_Romania</field>
<field name="abstract">The Brukenthal National Museum (Romanian: Muzeul Naţional Brukenthal) is a museum, erected in the late of 18th century in Sibiu, Transylvania, Romania, housed in the palace of Samuel von Brukenthal — who was Habsburg governor of Transylvania and who established its first collections around 1790. The collections were officially opened to the public in 1817, making it the oldest institution of its kind in Romania. It is a complex of six museums, which, without being separate administrative entities, are situated in different locations around the city and have their own distinct cultural programmes. The Art Galleries are located inside the Brukenthal Palace and include a number of about 1,200 works belonging to the main European schools of painting, from the 15th to the 18th century: Flemish-Dutch, German and Austrian, Italian, Spanish and French Schools. The Galleries also include collections of engravings, books, numismatics, and minerals. The Brukenthal Library is also located inside the Brukenthal Palace. At the moment it comprises almost 300,000 library units (manuscripts, incunables, rare foreign books, old Romanian-language books, contemporary books and specialised magazines). The Museum of History is part of a building which is considered to be the most important ensemble of non-religious Gothic architecture in Transylvania. The museum initially focused its activities on representing the historic characteristics of Sibiu and its surroundings, but in time it has come to reflect the entire area of Southern Transylvania. The Museum of Pharmacology is located in an historical building dated 1569, where one of the oldest pharmacies in present-day Romania was located. It is the basement of this house where Samuel Hahnemann invented homeopathy and developed his version of treatment. Some of his phials and plans are on display. The furniture is in Viennese style. The exhibition is organized on the structure of a classical pharmacy that includes two laboratories, a homeopathic sector and a documentation sector. It contains over 6,000 ancient medical instruments and dispensing tools from the time when Sibiu was home to more chemists than anywhere else in Transylvania. At the front, a reconstructed shop is decked out with wooden counters and stacks of glass jars creating the atmosphere of an 18th century apothecary. A valuable collection of wooden pharmaceutical jars, marked with paint, is also featured. The Museum of Natural History began to take shape in 1849, through the foundation of the Transylvanian Society of Natural Sciences (German: Siebenbürgischer Verein für Naturwissenschaften), which had as members important local and foreign figures in science and culture. The collections of the museum comprise over 1 million exhibits. The Museum of Arms and Hunting Trophies reflects the evolution in time of weapons and hunting tools. Important is as well the collection of trophies belonging to the collections Witting and A. Spiess, the last one comprising 1,058 items acquired in 1963. Opened for the public in 1966 in Spiess House, the exhibition contains now over 1,500 units. Some traditional hunting procedures are also exhibited, including contemporary engravings. Aspects of the animal life and suitable times for hunting them are also presented here.</field>
<field name="label">Brukenthal National Museum</field>
<field name="depiction">http://upload.wikimedia.org/wikipedia/commons/9/9e/Brukenthalpalais_Hermannstadt.jpg</field>
<field name="comment">The Brukenthal National Museum (Romanian: Muzeul Naţional Brukenthal) is a museum, erected in the late of 18th century in Sibiu, Transylvania, Romania, housed in the palace of Samuel von Brukenthal — who was Habsburg governor of Transylvania and who established its first collections around 1790. The collections were officially opened to the public in 1817, making it the oldest institution of its kind in Romania.</field>
<field name="thumbnail">http://upload.wikimedia.org/wikipedia/commons/thumb/9/9e/Brukenthalpalais_Hermannstadt.jpg/200px-Brukenthalpalais_Hermannstadt.jpg</field>
<field name="link_external">http://www.codart.nl/120/</field>
<field name="link_external">http://www.brukenthalmuseum.ro</field>
<field name="isPrimaryTopicOf">http://en.wikipedia.org/wiki/Brukenthal_National_Museum</field>
<field name="photo-collection">http://wifo5-03.informatik.uni-mannheim.de/flickrwrappr/photos/Brukenthal_National_Museum</field>
</doc>
<doc>
<field name="uri">http://dbpedia.org/resource/Brukenthal_Museum</field>
<field name="entity_type">museums</field>
<field name="timestamp">NOW</field>
</doc>
<doc>
<field name="uri">http://dbpedia.org/resource/Brukenthal_Palace</field>
<field name="entity_type">museums</field>
<field name="timestamp">NOW</field>
</doc>
<doc>
<field name="uri">http://it.dbpedia.org/resource/Museo_nazionale_Brukenthal</field>
<field name="entity_type">museums</field>
<field name="timestamp">NOW</field>
<field name="sameAs">http://dbpedia.org/resource/Brukenthal_National_Museum</field>
</doc>
<doc>
<field name="uri">http://dbpedia.org/resource/Portrait_of_a_Man_with_a_Blue_Chaperon</field>
<field name="entity_type">museums</field>
<field name="timestamp">NOW</field>
<field name="museum">http://dbpedia.org/resource/Brukenthal_National_Museum</field>
</doc>
<doc>
<field name="uri">http://wikidata.dbpedia.org/resource/Q850207</field>
<field name="entity_type">museums</field>
<field name="timestamp">NOW</field>
<field name="sameAs">http://dbpedia.org/resource/Brukenthal_National_Museum</field>
</doc>
<doc>
<field name="uri">http://zh.dbpedia.org/resource/布鲁肯撒尔博物馆</field>
<field name="entity_type">museums</field>
<field name="timestamp">NOW</field>
<field name="sameAs">http://dbpedia.org/resource/Brukenthal_National_Museum</field>
</doc>
<doc>
<field name="uri">http://eo.dbpedia.org/resource/Muzeo_Brukenthal</field>
<field name="entity_type">museums</field>
<field name="timestamp">NOW</field>
<field name="sameAs">http://dbpedia.org/resource/Brukenthal_National_Museum</field>
</doc>
<doc>
<field name="uri">http://he.dbpedia.org/resource/המוזיאון_הלאומי_ברוקנטל</field>
<field name="entity_type">museums</field>
<field name="timestamp">NOW</field>
<field name="sameAs">http://dbpedia.org/resource/Brukenthal_National_Museum</field>
</doc>
<doc>
<field name="uri">http://hu.dbpedia.org/resource/Brukenthal-palota</field>
<field name="entity_type">museums</field>
<field name="timestamp">NOW</field>
<field name="sameAs">http://dbpedia.org/resource/Brukenthal_National_Museum</field>
</doc>
<doc>
<field name="uri">http://ro.dbpedia.org/resource/Muzeul_Brukenthal</field>
<field name="entity_type">museums</field>
<field name="timestamp">NOW</field>
<field name="sameAs">http://dbpedia.org/resource/Brukenthal_National_Museum</field>
</doc>
</add>
