<add xmlns:dc="http://purl.org/dc/elements/1.1/" overwrite="true">
<doc>
<field name="uri">http://en.wikipedia.org/wiki/Carnegie_Museum_of_Art</field>
<field name="entity_type">museums</field>
<field name="timestamp">NOW</field>
<field name="primaryTopic">http://dbpedia.org/resource/Carnegie_Museum_of_Art</field>
</doc>
<doc>
<field name="uri">http://it.dbpedia.org/resource/Carnegie_Museum_of_Art</field>
<field name="entity_type">museums</field>
<field name="timestamp">NOW</field>
<field name="sameAs">http://dbpedia.org/resource/Carnegie_Museum_of_Art</field>
</doc>
<doc>
<field name="uri">http://dbpedia.org/resource/Carnegie_Museum_of_Art</field>
<field name="entity_type">museums</field>
<field name="timestamp">NOW</field>
<field name="sameAs">http://ro.dbpedia.org/resource/Carnegie_Museum_of_Art_din_Pittsburgh</field>
<field name="sameAs">http://www.wikidata.org/entity/Q1043967</field>
<field name="sameAs">http://ko.dbpedia.org/resource/카네기_미술관</field>
<field name="sameAs">http://dbpedia.org/resource/Carnegie_Museum_of_Art</field>
<field name="sameAs">http://pl.dbpedia.org/resource/Carnegie_Museum_of_Art</field>
<field name="sameAs">http://yago-knowledge.org/resource/Carnegie_Museum_of_Art</field>
<field name="sameAs">http://de.dbpedia.org/resource/Carnegie_Museum_of_Art</field>
<field name="sameAs">http://rdf.freebase.com/ns/m.04n7k12</field>
<field name="sameAs">http://it.dbpedia.org/resource/Carnegie_Museum_of_Art</field>
<field name="sameAs">http://fr.dbpedia.org/resource/Carnegie_Museum_of_Art</field>
<field name="subject" update="add">http://dbpedia.org/resource/Category:Institutions_accredited_by_the_American_Alliance_of_Museums</field>
<field name="subject" update="add">http://dbpedia.org/resource/Category:Modern_art_museums_in_the_United_States</field>
<field name="subject" update="add">http://dbpedia.org/resource/Category:Visitor_attractions_in_Pittsburgh,_Pennsylvania</field>
<field name="subject" update="add">http://dbpedia.org/resource/Category:Art_museums_in_Pennsylvania</field>
<field name="subject" update="add">http://dbpedia.org/resource/Category:Museums_in_Pittsburgh,_Pennsylvania</field>
<field name="subject" update="add">http://dbpedia.org/resource/Category:Andrew_Carnegie</field>
<field name="subject" update="add">http://dbpedia.org/resource/Category:1896_establishments_in_the_United_States</field>
<field name="subject" update="add">http://dbpedia.org/resource/Category:Art_museums_established_in_1896</field>
<field name="abstract">The Carnegie Museum of Art, located in the Oakland neighborhood of Pittsburgh, Pennsylvania, is an art museum founded in 1895 by the Pittsburgh-based industrialist Andrew Carnegie. The museum holds a distinguished collection of contemporary art, including film and video works.</field>
<field name="label">Carnegie Museum of Art</field>
<field name="depiction">http://upload.wikimedia.org/wikipedia/commons/8/89/Carnegie_Museum_of_Art_-_Hall_of_Sculpture.JPG</field>
<field name="comment">The Carnegie Museum of Art, located in the Oakland neighborhood of Pittsburgh, Pennsylvania, is an art museum founded in 1895 by the Pittsburgh-based industrialist Andrew Carnegie. The museum holds a distinguished collection of contemporary art, including film and video works.</field>
<field name="name"/>
<field name="thumbnail">http://upload.wikimedia.org/wikipedia/commons/thumb/8/89/Carnegie_Museum_of_Art_-_Hall_of_Sculpture.JPG/200px-Carnegie_Museum_of_Art_-_Hall_of_Sculpture.JPG</field>
<field name="link_external">http://www.cmoa.org</field>
<field name="link_external">http://www.cmoa.org/</field>
<field name="type">Encyclopedic Art Museum</field>
<field name="isPrimaryTopicOf">http://en.wikipedia.org/wiki/Carnegie_Museum_of_Art</field>
<field name="photo-collection">http://wifo5-03.informatik.uni-mannheim.de/flickrwrappr/photos/Carnegie_Museum_of_Art</field>
</doc>
<doc>
<field name="uri">http://dbpedia.org/resource/L'Homme_qui_marche_I</field>
<field name="entity_type">museums</field>
<field name="timestamp">NOW</field>
<field name="museum">http://dbpedia.org/resource/Carnegie_Museum_of_Art</field>
</doc>
<doc>
<field name="uri">http://de.dbpedia.org/resource/Carnegie_Museum_of_Art</field>
<field name="entity_type">museums</field>
<field name="timestamp">NOW</field>
<field name="sameAs">http://dbpedia.org/resource/Carnegie_Museum_of_Art</field>
</doc>
<doc>
<field name="uri">http://fr.dbpedia.org/resource/Carnegie_Museum_of_Art</field>
<field name="entity_type">museums</field>
<field name="timestamp">NOW</field>
<field name="sameAs">http://dbpedia.org/resource/Carnegie_Museum_of_Art</field>
</doc>
<doc>
<field name="uri">http://dbpedia.org/resource/Le_Moulin_de_la_Galette_(Van_Gogh_series)</field>
<field name="entity_type">museums</field>
<field name="timestamp">NOW</field>
<field name="museum">http://dbpedia.org/resource/Carnegie_Museum_of_Art</field>
</doc>
<doc>
<field name="uri">http://dbpedia.org/resource/Carnegie_Museum</field>
<field name="entity_type">museums</field>
<field name="timestamp">NOW</field>
</doc>
<doc>
<field name="uri">http://dbpedia.org/resource/Carnegie</field>
<field name="entity_type">museums</field>
<field name="timestamp">NOW</field>
</doc>
<doc>
<field name="uri">http://dbpedia.org/resource/Carnegie_museum_of_art</field>
<field name="entity_type">museums</field>
<field name="timestamp">NOW</field>
</doc>
<doc>
<field name="uri">http://dbpedia.org/resource/The_Carnegie_Museum_of_Art</field>
<field name="entity_type">museums</field>
<field name="timestamp">NOW</field>
</doc>
<doc>
<field name="uri">http://ko.dbpedia.org/resource/카네기_미술관</field>
<field name="entity_type">museums</field>
<field name="timestamp">NOW</field>
<field name="sameAs">http://dbpedia.org/resource/Carnegie_Museum_of_Art</field>
</doc>
<doc>
<field name="uri">http://pl.dbpedia.org/resource/Carnegie_Museum_of_Art</field>
<field name="entity_type">museums</field>
<field name="timestamp">NOW</field>
<field name="sameAs">http://dbpedia.org/resource/Carnegie_Museum_of_Art</field>
</doc>
<doc>
<field name="uri">http://wikidata.dbpedia.org/resource/Q1043967</field>
<field name="entity_type">museums</field>
<field name="timestamp">NOW</field>
<field name="sameAs">http://dbpedia.org/resource/Carnegie_Museum_of_Art</field>
</doc>
<doc>
<field name="uri">http://ro.dbpedia.org/resource/Carnegie_Museum_of_Art_din_Pittsburgh</field>
<field name="entity_type">museums</field>
<field name="timestamp">NOW</field>
<field name="sameAs">http://dbpedia.org/resource/Carnegie_Museum_of_Art</field>
</doc>
</add>
