<add xmlns:dc="http://purl.org/dc/elements/1.1/" overwrite="true">
<doc>
<field name="uri">http://dbpedia.org/resource/Castelvecchio_Museum</field>
<field name="entity_type">museums</field>
<field name="timestamp">NOW</field>
<field name="sameAs">http://rdf.freebase.com/ns/m.0b0qlp</field>
<field name="sameAs">http://es.dbpedia.org/resource/Museo_de_Castelvecchio</field>
<field name="sameAs">http://fr.dbpedia.org/resource/Musée_de_Castelvecchio_de_Vérone</field>
<field name="sameAs">http://sk.dbpedia.org/resource/Castelvecchio_Museum</field>
<field name="sameAs">http://dbpedia.org/resource/Castelvecchio_Museum</field>
<field name="sameAs">http://pt.dbpedia.org/resource/Museu_Cívico_de_Castelvecchio</field>
<field name="sameAs">http://yago-knowledge.org/resource/Castelvecchio_Museum</field>
<field name="sameAs">http://fr.dbpedia.org/resource/Musée_de_Castelvecchio</field>
<field name="sameAs">http://www.wikidata.org/entity/Q2518724</field>
<field name="sameAs">http://ru.dbpedia.org/resource/Городской_музей_Кастельвеккио</field>
<field name="sameAs">http://it.dbpedia.org/resource/Museo_di_Castelvecchio</field>
<field name="subject" update="add">http://dbpedia.org/resource/Category:Art_museums_and_galleries_in_Italy</field>
<field name="subject" update="add">http://dbpedia.org/resource/Category:Modernist_architecture_in_Italy</field>
<field name="subject" update="add">http://dbpedia.org/resource/Category:Museums_in_Veneto</field>
<field name="subject" update="add">http://dbpedia.org/resource/Category:Buildings_and_structures_in_Verona</field>
<field name="subject" update="add">http://dbpedia.org/resource/Category:Visitor_attractions_in_Verona</field>
<field name="abstract">Castelvecchio Museum is a museum in Verona, northern Italy, located in the eponymous medieval castle. Restoration by the architect Carlo Scarpa, between 1959 and 1973, has enhanced the appearance of the building and exhibits. Scarpa's unique architectural style is visible in the details for doorways, staircases, furnishings, and even fixtures designed to hold a specific piece of artwork. The museum displays a collection of sculpture, statues, paintings, ancient weapons, ceramics, goldworks, miniatures and some old bells. Sculptures, mostly from the Romanesque period of Verona, include: Sepulchre of the Sts. Sergius and Bacchus, basrelief from 1179. "Crucifix", a 14th century tuff work by the so-called Master of Sant'Anastasia, from the church of San Giacomo in Tomba. "St. Cecilia and Catherina", from the same Master of St. Anastasia. Equestrian statue of Cangrande I della Scala, coming from complex of the Scaliger Tombs. Paintings include: Madonna of the Quail by Pisanello Madonna of the Rose Garden by Stefano da Verona or Michelino da Besozzo Crucifixion and Madonna dell'Umiltà by Jacopo Bellini Madonna with Child by Gentile Bellini Madonna of the Oak by Girolamo dai Libri Holy Family by Andrea Mantegna There are also numerous paintings and frescoes from the 14th century.</field>
<field name="label">Castelvecchio Museum</field>
<field name="depiction">http://upload.wikimedia.org/wikipedia/commons/7/7e/L'urlo_di_pietra.jpg</field>
<field name="comment">Castelvecchio Museum is a museum in Verona, northern Italy, located in the eponymous medieval castle. Restoration by the architect Carlo Scarpa, between 1959 and 1973, has enhanced the appearance of the building and exhibits. Scarpa's unique architectural style is visible in the details for doorways, staircases, furnishings, and even fixtures designed to hold a specific piece of artwork.</field>
<field name="thumbnail">http://upload.wikimedia.org/wikipedia/commons/thumb/7/7e/L'urlo_di_pietra.jpg/200px-L'urlo_di_pietra.jpg</field>
<field name="link_external">http://serviziinternet.comune.verona.it/Castelvecchio/cvsito/english/index1.htm</field>
<field name="link_external">http://www.agriturismo.verona.it/english/agritourism/verona-agritourism-adn-tourism.html</field>
<field name="isPrimaryTopicOf">http://en.wikipedia.org/wiki/Castelvecchio_Museum</field>
<field name="photo-collection">http://wifo5-03.informatik.uni-mannheim.de/flickrwrappr/photos/Castelvecchio_Museum</field>
</doc>
<doc>
<field name="uri">http://pt.dbpedia.org/resource/Museu_Cívico_de_Castelvecchio</field>
<field name="entity_type">museums</field>
<field name="timestamp">NOW</field>
<field name="sameAs">http://dbpedia.org/resource/Castelvecchio_Museum</field>
</doc>
<doc>
<field name="uri">http://en.wikipedia.org/wiki/Castelvecchio_Museum</field>
<field name="entity_type">museums</field>
<field name="timestamp">NOW</field>
<field name="primaryTopic">http://dbpedia.org/resource/Castelvecchio_Museum</field>
</doc>
<doc>
<field name="uri">http://dbpedia.org/resource/Madonna_of_the_Rose_Garden</field>
<field name="entity_type">museums</field>
<field name="timestamp">NOW</field>
</doc>
<doc>
<field name="uri">http://dbpedia.org/resource/Castelvecchio</field>
<field name="entity_type">museums</field>
<field name="timestamp">NOW</field>
</doc>
<doc>
<field name="uri">http://dbpedia.org/resource/Madonna_of_the_Quail</field>
<field name="entity_type">museums</field>
<field name="timestamp">NOW</field>
</doc>
<doc>
<field name="uri">http://it.dbpedia.org/resource/Museo_di_Castelvecchio</field>
<field name="entity_type">museums</field>
<field name="timestamp">NOW</field>
<field name="sameAs">http://dbpedia.org/resource/Castelvecchio_Museum</field>
</doc>
<doc>
<field name="uri">http://ru.dbpedia.org/resource/Городской_музей_Кастельвеккио</field>
<field name="entity_type">museums</field>
<field name="timestamp">NOW</field>
<field name="sameAs">http://dbpedia.org/resource/Castelvecchio_Museum</field>
</doc>
<doc>
<field name="uri">http://dbpedia.org/resource/Museo_Civico_di_Castelvecchio</field>
<field name="entity_type">museums</field>
<field name="timestamp">NOW</field>
</doc>
<doc>
<field name="uri">http://dbpedia.org/resource/Castelveccio</field>
<field name="entity_type">museums</field>
<field name="timestamp">NOW</field>
</doc>
<doc>
<field name="uri">http://dbpedia.org/resource/Castelveccio_Museum</field>
<field name="entity_type">museums</field>
<field name="timestamp">NOW</field>
</doc>
<doc>
<field name="uri">http://dbpedia.org/resource/Museo_di_Castelvecchio</field>
<field name="entity_type">museums</field>
<field name="timestamp">NOW</field>
</doc>
<doc>
<field name="uri">http://dbpedia.org/resource/Museum_of_Castelvecchio</field>
<field name="entity_type">museums</field>
<field name="timestamp">NOW</field>
</doc>
<doc>
<field name="uri">http://es.dbpedia.org/resource/Museo_de_Castelvecchio</field>
<field name="entity_type">museums</field>
<field name="timestamp">NOW</field>
<field name="sameAs">http://dbpedia.org/resource/Castelvecchio_Museum</field>
</doc>
<doc>
<field name="uri">http://wikidata.dbpedia.org/resource/Q2518724</field>
<field name="entity_type">museums</field>
<field name="timestamp">NOW</field>
<field name="sameAs">http://dbpedia.org/resource/Castelvecchio_Museum</field>
</doc>
<doc>
<field name="uri">http://fr.dbpedia.org/resource/Musée_de_Castelvecchio</field>
<field name="entity_type">museums</field>
<field name="timestamp">NOW</field>
<field name="sameAs">http://dbpedia.org/resource/Castelvecchio_Museum</field>
</doc>
<doc>
<field name="uri">http://sk.dbpedia.org/resource/Castelvecchio_Museum</field>
<field name="entity_type">museums</field>
<field name="timestamp">NOW</field>
<field name="sameAs">http://dbpedia.org/resource/Castelvecchio_Museum</field>
</doc>
</add>
