<add xmlns:dc="http://purl.org/dc/elements/1.1/" overwrite="true">
<doc>
<field name="uri">http://it.dbpedia.org/resource/Christ_Church_Picture_Gallery</field>
<field name="entity_type">museums</field>
<field name="timestamp">NOW</field>
<field name="sameAs">http://dbpedia.org/resource/Christ_Church_Picture_Gallery</field>
</doc>
<doc>
<field name="uri">http://dbpedia.org/resource/Christ_Church_Picture_Gallery</field>
<field name="entity_type">museums</field>
<field name="timestamp">NOW</field>
<field name="sameAs">http://www.wikidata.org/entity/Q3675590</field>
<field name="sameAs">http://rdf.freebase.com/ns/m.0d5z41</field>
<field name="sameAs">http://dbpedia.org/resource/Christ_Church_Picture_Gallery</field>
<field name="sameAs">http://it.dbpedia.org/resource/Christ_Church_Picture_Gallery</field>
<field name="sameAs">http://yago-knowledge.org/resource/Christ_Church_Picture_Gallery</field>
<field name="subject" update="add">http://dbpedia.org/resource/Category:Christ_Church,_Oxford</field>
<field name="subject" update="add">http://dbpedia.org/resource/Category:Art_museums_established_in_1968</field>
<field name="subject" update="add">http://dbpedia.org/resource/Category:1968_establishments_in_England</field>
<field name="subject" update="add">http://dbpedia.org/resource/Category:Art_museums_and_galleries_in_Oxfordshire</field>
<field name="subject" update="add">http://dbpedia.org/resource/Category:Museums_of_the_University_of_Oxford</field>
<field name="subject" update="add">http://dbpedia.org/resource/Category:Buildings_and_structures_of_the_University_of_Oxford</field>
<field name="abstract">Christ Church Picture Gallery is an art museum at Christ Church, one of the colleges of Oxford University in England. The gallery holds an important collection of about 300 Old Master paintings and nearly 2,000 drawings. It is one of the most important private collections in the United Kingdom. The greater part of the collection was bequeathed in 1765 by a former member of the college, General John Guise. Further gifts and bequests were made by W.T.H. Fox-Strangways, Walter Savage Landor, Sir Richard Nosworthy &amp; C.R. Patterson (Russian Orthodox metal plaques, many enamelled). The Picture Gallery is especially strong on Italian art from the 14th to 18th centuries. The collection includes paintings by Annibale Carracci, Duccio, Fra Angelico, Hugo van der Goes, Giovanni di Paolo, Filippino Lippi, Sano di Pietro, Frans Hals, Salvator Rosa, Tintoretto, Anthony Van Dyck and Paolo Veronese, and drawings by Leonardo da Vinci, Raphael, Michelangelo, Albrecht Dürer and Peter Paul Rubens and a great range of other artists, especially Italians. The drawings collection is shown by a small exhibition, changing roughly every three months, and sometimes showing works not in the permanent collection, especially those by modern artists. The gallery was designed by Hidalgo Moya and Philip Powell, and built in 1968, enabling the collection to be open to the public for the first time. It is located in the Deanery garden.</field>
<field name="label">Christ Church Picture Gallery</field>
<field name="comment">Christ Church Picture Gallery is an art museum at Christ Church, one of the colleges of Oxford University in England. The gallery holds an important collection of about 300 Old Master paintings and nearly 2,000 drawings. It is one of the most important private collections in the United Kingdom. The greater part of the collection was bequeathed in 1765 by a former member of the college, General John Guise. Further gifts and bequests were made by W.T.H.</field>
<field name="link_external">http://www.chch.ox.ac.uk/gallery</field>
<field name="isPrimaryTopicOf">http://en.wikipedia.org/wiki/Christ_Church_Picture_Gallery</field>
<field name="photo-collection">http://wifo5-03.informatik.uni-mannheim.de/flickrwrappr/photos/Christ_Church_Picture_Gallery</field>
</doc>
<doc>
<field name="uri">http://dbpedia.org/resource/Butcher's_Shop_(Annibale_Carracci)</field>
<field name="entity_type">museums</field>
<field name="timestamp">NOW</field>
</doc>
<doc>
<field name="uri">http://en.wikipedia.org/wiki/Christ_Church_Picture_Gallery</field>
<field name="entity_type">museums</field>
<field name="timestamp">NOW</field>
<field name="primaryTopic">http://dbpedia.org/resource/Christ_Church_Picture_Gallery</field>
</doc>
<doc>
<field name="uri">http://dbpedia.org/resource/Christ_Church_Gallery</field>
<field name="entity_type">museums</field>
<field name="timestamp">NOW</field>
</doc>
<doc>
<field name="uri">http://wikidata.dbpedia.org/resource/Q3675590</field>
<field name="entity_type">museums</field>
<field name="timestamp">NOW</field>
<field name="sameAs">http://dbpedia.org/resource/Christ_Church_Picture_Gallery</field>
</doc>
</add>
