<add xmlns:dc="http://purl.org/dc/elements/1.1/" overwrite="true">
<doc>
<field name="uri">http://dbpedia.org/resource/Astronomer_Copernicus,_or_Conversations_with_God</field>
<field name="entity_type">museums</field>
<field name="timestamp">NOW</field>
<field name="museum">http://dbpedia.org/resource/Collegium_Novum</field>
</doc>
<doc>
<field name="uri">http://en.wikipedia.org/wiki/Collegium_Novum</field>
<field name="entity_type">museums</field>
<field name="timestamp">NOW</field>
<field name="primaryTopic">http://dbpedia.org/resource/Collegium_Novum</field>
</doc>
<doc>
<field name="uri">http://dbpedia.org/resource/Collegium_Novum</field>
<field name="entity_type">museums</field>
<field name="timestamp">NOW</field>
<field name="sameAs">http://yago-knowledge.org/resource/Collegium_Novum</field>
<field name="sameAs">http://www.wikidata.org/entity/Q2983000</field>
<field name="sameAs">http://dbpedia.org/resource/Collegium_Novum</field>
<field name="sameAs">http://fr.dbpedia.org/resource/Collegium_Novum</field>
<field name="sameAs">http://rdf.freebase.com/ns/m.02qppdc</field>
<field name="sameAs">http://pl.dbpedia.org/resource/Collegium_Novum_Uniwersytetu_Jagiellońskiego</field>
<field name="subject" update="add">http://dbpedia.org/resource/Category:Jagiellonian_University_buildings</field>
<field name="subject" update="add">http://dbpedia.org/resource/Category:Gothic_Revival_architecture_in_Poland</field>
<field name="abstract">The Collegium Novum is the Neo-Gothic main building of the Jagiellonian University in Kraków, Poland, built in 1873-1887. Based on a design by architect Feliks Księżarski to match the oldest building of the University, it was opened for the 500th anniversary of the University's foundation. The Collegium Novum replaced a former academic boarding school called Jeruzalem, consumed by fire in the mid-19th century. The building contains lecture rooms including an impressive assembly hall (called Aula), Rector's, Deans', and other university authorities' offices as well as those of a number of prominent professors. It is the Jagiellonian University's administrative centre. Collegium Novum was opened on June 14, 1887, commencing several years of debate and construction. The decision regarding the allocation of subsidies was made in the Austro-Hungarian capital of Vienna, with the University's vital interests defended by Julian Dunajewski, the then Austrian Finance Minister. The work might not have begun at all had it not been for his commitment, as well as that of his brother Cardinal Albin Dunajewski. Already at the time of its grand opening, the assembly hall (Aula) of the new building was too small to accommodate all guests on all occasions, even though the number of students did not exceed 1200 with approximately one hundred professors. A debate arose whether it was necessary to invite professors' wives to grand ceremonies. Most academics, in keeping with the prevailing trend of the time, were against the inviting of women guests. In the University's archives there is a formal invitation reading: “Zoll requires no ticket and wishes the ceremony to be exclusively male. ” In another statement, Edward Janczewski “expresses his opposition to the idea of admitting ladies to the ceremonies. ” Until the end of First World War, a portrait of His Imperial Majesty Franz Joseph I of Austria, painted by Kazimierz Pochwalski, hung in the Aula of the Collegium. On October 31, 1918 a group of University students tore it to pieces, manifesting their determination for the recreation of an independent Republic of Poland. However, a number of other paintings did survive, including portraits of the University's founding fathers Casimir the Great and Władysław Jagiełło dating back to the early 1860s, a picture of Queen Jadwiga painted in 1900 to celebrate her Jubilee, as well as the works of Jan Matejko, including his painting entitled Copernicus: Conversation with God. The chairs in the assembly hall were designed by Tadeusz Stryjeński. On the upper floor of the College there is a lecture hall named after Józef Szujski – now used by historians – with the commemorative plaque in remembrance of the events surrounding Nazi German action called Sonderaktion Krakau where 183 professors were arrested and later sent to camps in Sachsenhausen and Dachau. The plaque reads: "For the freedom of spirit and service to science and nation of Jagiellonian University professors deceitfully and forcefully taken away from this hall and imprisoned by the Nazi occupant on November 6, 1939. " The restoration of the Neo-Gothic architectural structure took place at the end of the 20th century. It was faced with a number of challenges, notably the task of reviving the original form of the building while simultaneously improving its functionality as an educational facility. The restoration was carried out on its façade in 1994 along with the modernization of the assembly hall, which was completed in 1999. The collaboration of specialists from various disciplines allowed for both restoration and functional needs of the Collegium to be met successfully.</field>
<field name="label">Collegium Novum</field>
<field name="depiction">http://upload.wikimedia.org/wikipedia/commons/8/8f/Collegium_Novum_Kraków_001.JPG</field>
<field name="comment">The Collegium Novum is the Neo-Gothic main building of the Jagiellonian University in Kraków, Poland, built in 1873-1887. Based on a design by architect Feliks Księżarski to match the oldest building of the University, it was opened for the 500th anniversary of the University's foundation. The Collegium Novum replaced a former academic boarding school called Jeruzalem, consumed by fire in the mid-19th century.</field>
<field name="thumbnail">http://upload.wikimedia.org/wikipedia/commons/thumb/8/8f/Collegium_Novum_Kraków_001.JPG/200px-Collegium_Novum_Kraków_001.JPG</field>
<field name="link_external">http://krakowpl.ags.myareaguide.com/index.html?detailID=236763&amp;SSC=272</field>
<field name="link_external">http://www.kampus.uj.edu.pl/novum.htm</field>
<field name="link_external">http://www.uj.edu.pl/uniwersytet/inwestycje/chwalba_wyklad_eng.pdf</field>
<field name="link_external">http://www.iiconservation.org/publications/digipubs.php?pub_id=1848</field>
<field name="isPrimaryTopicOf">http://en.wikipedia.org/wiki/Collegium_Novum</field>
<field name="photo-collection">http://wifo5-03.informatik.uni-mannheim.de/flickrwrappr/photos/Collegium_Novum</field>
</doc>
<doc>
<field name="uri">http://fr.dbpedia.org/resource/Collegium_Novum</field>
<field name="entity_type">museums</field>
<field name="timestamp">NOW</field>
<field name="sameAs">http://dbpedia.org/resource/Collegium_Novum</field>
</doc>
<doc>
<field name="uri">http://pl.dbpedia.org/resource/Collegium_Novum_Uniwersytetu_Jagiellońskiego</field>
<field name="entity_type">museums</field>
<field name="timestamp">NOW</field>
<field name="sameAs">http://dbpedia.org/resource/Collegium_Novum</field>
</doc>
<doc>
<field name="uri">http://wikidata.dbpedia.org/resource/Q2983000</field>
<field name="entity_type">museums</field>
<field name="timestamp">NOW</field>
<field name="sameAs">http://dbpedia.org/resource/Collegium_Novum</field>
</doc>
</add>
