<add xmlns:dc="http://purl.org/dc/elements/1.1/" overwrite="true">
<doc>
<field name="uri">http://dbpedia.org/resource/Convent_of_San_Domenico,_Fiesole</field>
<field name="entity_type">museums</field>
<field name="timestamp">NOW</field>
<field name="sameAs">http://www.wikidata.org/entity/Q474122</field>
<field name="sameAs">http://dbpedia.org/resource/Convent_of_San_Domenico,_Fiesole</field>
<field name="sameAs">http://de.dbpedia.org/resource/San_Domenico_(Fiesole)</field>
<field name="sameAs">http://yago-knowledge.org/resource/Convent_of_San_Domenico,_Fiesole</field>
<field name="sameAs">http://rdf.freebase.com/ns/m.0c3w94b</field>
<field name="sameAs">http://fr.dbpedia.org/resource/Couvent_San_Domenico_(Fiesole)</field>
<field name="sameAs">http://it.dbpedia.org/resource/Convento_di_San_Domenico_(Fiesole)</field>
<field name="sameAs">http://pt.dbpedia.org/resource/Convento_de_San_Domenico_(Fiesole)</field>
<field name="subject" update="add">http://dbpedia.org/resource/Category:Monasteries_in_Tuscany</field>
<field name="subject" update="add">http://dbpedia.org/resource/Category:1406_establishments</field>
<field name="subject" update="add">http://dbpedia.org/resource/Category:Dominican_convents</field>
<field name="abstract">The Convent of San Domenico is a Dominican convent in Fiesole, Italy, situated between the hill of Fiesole and the suburbs of Florence. It was founded in 1406 and completed in 1435 on the initiative of Giovanni Dominici and the bishop of Fiesole, Jacopo Altoviti, both of them monks at the Basilica of Santa Maria Novella in Florence. Fra Angelico was a monk here, and painted several work for the convent, including the Fiesole Altarpiece and the Coronation of the Virgin (now in the Louvre of Paris). Pietro Perugino's Madonna with Child between Saints John the Baptist and Sebastian is now at the Uffizi Gallery in Florence.</field>
<field name="label">Convent of San Domenico, Fiesole</field>
<field name="depiction">http://upload.wikimedia.org/wikipedia/commons/f/f5/San_domenico_di_fiesole_01.JPG</field>
<field name="comment">The Convent of San Domenico is a Dominican convent in Fiesole, Italy, situated between the hill of Fiesole and the suburbs of Florence. It was founded in 1406 and completed in 1435 on the initiative of Giovanni Dominici and the bishop of Fiesole, Jacopo Altoviti, both of them monks at the Basilica of Santa Maria Novella in Florence.</field>
<field name="thumbnail">http://upload.wikimedia.org/wikipedia/commons/thumb/f/f5/San_domenico_di_fiesole_01.JPG/200px-San_domenico_di_fiesole_01.JPG</field>
<field name="isPrimaryTopicOf">http://en.wikipedia.org/wiki/Convent_of_San_Domenico,_Fiesole</field>
<field name="photo-collection">http://wifo5-03.informatik.uni-mannheim.de/flickrwrappr/photos/Convent_of_San_Domenico,_Fiesole</field>
</doc>
<doc>
<field name="uri">http://it.dbpedia.org/resource/Convento_di_San_Domenico_(Fiesole)</field>
<field name="entity_type">museums</field>
<field name="timestamp">NOW</field>
<field name="sameAs">http://dbpedia.org/resource/Convent_of_San_Domenico,_Fiesole</field>
</doc>
<doc>
<field name="uri">http://dbpedia.org/resource/Fiesole</field>
<field name="entity_type">museums</field>
<field name="timestamp">NOW</field>
</doc>
<doc>
<field name="uri">http://dbpedia.org/resource/Fiesole_Altarpiece</field>
<field name="entity_type">museums</field>
<field name="timestamp">NOW</field>
<field name="museum">http://dbpedia.org/resource/Convent_of_San_Domenico,_Fiesole</field>
</doc>
<doc>
<field name="uri">http://de.dbpedia.org/resource/San_Domenico_(Fiesole)</field>
<field name="entity_type">museums</field>
<field name="timestamp">NOW</field>
<field name="sameAs">http://dbpedia.org/resource/Convent_of_San_Domenico,_Fiesole</field>
</doc>
<doc>
<field name="uri">http://fr.dbpedia.org/resource/Couvent_San_Domenico_(Fiesole)</field>
<field name="entity_type">museums</field>
<field name="timestamp">NOW</field>
<field name="sameAs">http://dbpedia.org/resource/Convent_of_San_Domenico,_Fiesole</field>
</doc>
<doc>
<field name="uri">http://dbpedia.org/resource/San_Domenico_(Fiesole)</field>
<field name="entity_type">museums</field>
<field name="timestamp">NOW</field>
</doc>
<doc>
<field name="uri">http://dbpedia.org/resource/San_Domenico</field>
<field name="entity_type">museums</field>
<field name="timestamp">NOW</field>
</doc>
<doc>
<field name="uri">http://en.wikipedia.org/wiki/Convent_of_San_Domenico,_Fiesole</field>
<field name="entity_type">museums</field>
<field name="timestamp">NOW</field>
<field name="primaryTopic">http://dbpedia.org/resource/Convent_of_San_Domenico,_Fiesole</field>
</doc>
<doc>
<field name="uri">http://pt.dbpedia.org/resource/Convento_de_San_Domenico_(Fiesole)</field>
<field name="entity_type">museums</field>
<field name="timestamp">NOW</field>
<field name="sameAs">http://dbpedia.org/resource/Convent_of_San_Domenico,_Fiesole</field>
</doc>
<doc>
<field name="uri">http://wikidata.dbpedia.org/resource/Q474122</field>
<field name="entity_type">museums</field>
<field name="timestamp">NOW</field>
<field name="sameAs">http://dbpedia.org/resource/Convent_of_San_Domenico,_Fiesole</field>
</doc>
</add>
