<add xmlns:dc="http://purl.org/dc/elements/1.1/" overwrite="true">
<doc>
<field name="uri">http://dbpedia.org/resource/Saint_Homobonus</field>
<field name="entity_type">museums</field>
<field name="timestamp">NOW</field>
<field name="birth-place">http://dbpedia.org/resource/Cremona</field>
<field name="death-place">http://dbpedia.org/resource/Cremona</field>
</doc>
<doc>
<field name="uri">http://dbpedia.org/resource/U.S._Cremonese</field>
<field name="entity_type">museums</field>
<field name="timestamp">NOW</field>
</doc>
<doc>
<field name="uri">http://dbpedia.org/resource/Gianluca_Vialli</field>
<field name="entity_type">museums</field>
<field name="timestamp">NOW</field>
<field name="birth-place">http://dbpedia.org/resource/Cremona</field>
</doc>
<doc>
<field name="uri">http://dbpedia.org/resource/Anthony_Maria_Zaccaria</field>
<field name="entity_type">museums</field>
<field name="timestamp">NOW</field>
<field name="birth-place">http://dbpedia.org/resource/Cremona</field>
<field name="death-place">http://dbpedia.org/resource/Cremona</field>
</doc>
<doc>
<field name="uri">http://dbpedia.org/resource/Costanzo_Porta</field>
<field name="entity_type">museums</field>
<field name="timestamp">NOW</field>
<field name="birth-place">http://dbpedia.org/resource/Cremona</field>
</doc>
<doc>
<field name="uri">http://dbpedia.org/resource/Himerius_of_Cremona</field>
<field name="entity_type">museums</field>
<field name="timestamp">NOW</field>
</doc>
<doc>
<field name="uri">http://dbpedia.org/resource/Politecnico_di_Milano</field>
<field name="entity_type">museums</field>
<field name="timestamp">NOW</field>
</doc>
<doc>
<field name="uri">http://dbpedia.org/resource/Stadio_Giovanni_Zini</field>
<field name="entity_type">museums</field>
<field name="timestamp">NOW</field>
</doc>
<doc>
<field name="uri">http://dbpedia.org/resource/Giovanni_Azzini</field>
<field name="entity_type">museums</field>
<field name="timestamp">NOW</field>
<field name="death-place">http://dbpedia.org/resource/Cremona</field>
</doc>
<doc>
<field name="uri">http://cs.dbpedia.org/resource/Cremona</field>
<field name="entity_type">museums</field>
<field name="timestamp">NOW</field>
<field name="sameAs">http://dbpedia.org/resource/Cremona</field>
</doc>
<doc>
<field name="uri">http://pl.dbpedia.org/resource/Cremona</field>
<field name="entity_type">museums</field>
<field name="timestamp">NOW</field>
<field name="sameAs">http://dbpedia.org/resource/Cremona</field>
</doc>
<doc>
<field name="uri">http://dbpedia.org/resource/Piero_Manzoni</field>
<field name="entity_type">museums</field>
<field name="timestamp">NOW</field>
</doc>
<doc>
<field name="uri">http://dbpedia.org/resource/Sandrone_Dazieri</field>
<field name="entity_type">museums</field>
<field name="timestamp">NOW</field>
<field name="birth-place">http://dbpedia.org/resource/Cremona</field>
</doc>
<doc>
<field name="uri">http://dbpedia.org/resource/Sofonisba_Anguissola</field>
<field name="entity_type">museums</field>
<field name="timestamp">NOW</field>
<field name="birth-place">http://dbpedia.org/resource/Cremona</field>
</doc>
<doc>
<field name="uri">http://dbpedia.org/resource/Gabriele_Bongiorni</field>
<field name="entity_type">museums</field>
<field name="timestamp">NOW</field>
</doc>
<doc>
<field name="uri">http://dbpedia.org/resource/Luigi_Turci</field>
<field name="entity_type">museums</field>
<field name="timestamp">NOW</field>
<field name="birth-place">http://dbpedia.org/resource/Cremona</field>
</doc>
<doc>
<field name="uri">http://dbpedia.org/resource/Mauro_Bonomi</field>
<field name="entity_type">museums</field>
<field name="timestamp">NOW</field>
<field name="birth-place">http://dbpedia.org/resource/Cremona</field>
</doc>
<doc>
<field name="uri">http://dbpedia.org/resource/Pietro_Dalle_Vedove</field>
<field name="entity_type">museums</field>
<field name="timestamp">NOW</field>
<field name="birth-place">http://dbpedia.org/resource/Cremona</field>
</doc>
<doc>
<field name="uri">http://dbpedia.org/resource/Simone_Romagnoli</field>
<field name="entity_type">museums</field>
<field name="timestamp">NOW</field>
<field name="birth-place">http://dbpedia.org/resource/Cremona</field>
</doc>
<doc>
<field name="uri">http://dbpedia.org/resource/Taleggio_cheese</field>
<field name="entity_type">museums</field>
<field name="timestamp">NOW</field>
</doc>
<doc>
<field name="uri">http://dbpedia.org/resource/Michele_Cremonesi</field>
<field name="entity_type">museums</field>
<field name="timestamp">NOW</field>
<field name="birth-place">http://dbpedia.org/resource/Cremona</field>
</doc>
<doc>
<field name="uri">http://dbpedia.org/resource/Walter_Corsanini</field>
<field name="entity_type">museums</field>
<field name="timestamp">NOW</field>
<field name="birth-place">http://dbpedia.org/resource/Cremona</field>
</doc>
<doc>
<field name="uri">http://dbpedia.org/resource/Saint_Francis_in_Meditation_(Caravaggio)</field>
<field name="entity_type">museums</field>
<field name="timestamp">NOW</field>
</doc>
<doc>
<field name="uri">http://dbpedia.org/resource/Cremona_(disambiguation)</field>
<field name="entity_type">museums</field>
<field name="timestamp">NOW</field>
</doc>
<doc>
<field name="uri">http://dbpedia.org/resource/Antonio_Stradivari</field>
<field name="entity_type">museums</field>
<field name="timestamp">NOW</field>
<field name="birth-place">http://dbpedia.org/resource/Cremona</field>
</doc>
<doc>
<field name="uri">http://dbpedia.org/resource/Donato_Creti</field>
<field name="entity_type">museums</field>
<field name="timestamp">NOW</field>
</doc>
<doc>
<field name="uri">http://dbpedia.org/resource/Gerold_of_Cologne</field>
<field name="entity_type">museums</field>
<field name="timestamp">NOW</field>
<field name="death-place">http://dbpedia.org/resource/Cremona</field>
</doc>
<doc>
<field name="uri">http://dbpedia.org/resource/Babylas_of_Antioch</field>
<field name="entity_type">museums</field>
<field name="timestamp">NOW</field>
</doc>
<doc>
<field name="uri">http://dbpedia.org/resource/Claudio_Monteverdi</field>
<field name="entity_type">museums</field>
<field name="timestamp">NOW</field>
<field name="birth-place">http://dbpedia.org/resource/Cremona</field>
</doc>
<doc>
<field name="uri">http://dbpedia.org/resource/Eugenio_Beltrami</field>
<field name="entity_type">museums</field>
<field name="timestamp">NOW</field>
<field name="birth-place">http://dbpedia.org/resource/Cremona</field>
</doc>
<doc>
<field name="uri">http://dbpedia.org/resource/Lauro_Rossi</field>
<field name="entity_type">museums</field>
<field name="timestamp">NOW</field>
<field name="death-place">http://dbpedia.org/resource/Cremona</field>
</doc>
<doc>
<field name="uri">http://dbpedia.org/resource/Ugo_Tognazzi</field>
<field name="entity_type">museums</field>
<field name="timestamp">NOW</field>
<field name="birth-place">http://dbpedia.org/resource/Cremona</field>
</doc>
<doc>
<field name="uri">http://dbpedia.org/resource/Auricchio</field>
<field name="entity_type">museums</field>
<field name="timestamp">NOW</field>
</doc>
<doc>
<field name="uri">http://dbpedia.org/resource/Franco_Zaglio</field>
<field name="entity_type">museums</field>
<field name="timestamp">NOW</field>
<field name="birth-place">http://dbpedia.org/resource/Cremona</field>
</doc>
<doc>
<field name="uri">http://dbpedia.org/resource/Giovanni_Ferretti_(footballer)</field>
<field name="entity_type">museums</field>
<field name="timestamp">NOW</field>
<field name="birth-place">http://dbpedia.org/resource/Cremona</field>
</doc>
<doc>
<field name="uri">http://dbpedia.org/resource/Pasquale_Vivolo</field>
<field name="entity_type">museums</field>
<field name="timestamp">NOW</field>
<field name="death-place">http://dbpedia.org/resource/Cremona</field>
</doc>
<doc>
<field name="uri">http://dbpedia.org/resource/Petar_Pua%C4%8Da</field>
<field name="entity_type">museums</field>
<field name="timestamp">NOW</field>
</doc>
<doc>
<field name="uri">http://dbpedia.org/resource/Pietro_Chiarini</field>
<field name="entity_type">museums</field>
<field name="timestamp">NOW</field>
<field name="death-place">http://dbpedia.org/resource/Cremona</field>
</doc>
<doc>
<field name="uri">http://dbpedia.org/resource/1995%E2%80%9396_A.C._Fiorentina_season</field>
<field name="entity_type">museums</field>
<field name="timestamp">NOW</field>
</doc>
<doc>
<field name="uri">http://dbpedia.org/resource/2010%E2%80%9311_Coppa_Italia</field>
<field name="entity_type">museums</field>
<field name="timestamp">NOW</field>
</doc>
<doc>
<field name="uri">http://dbpedia.org/resource/Gabriele_Faerno</field>
<field name="entity_type">museums</field>
<field name="timestamp">NOW</field>
<field name="birth-place">http://dbpedia.org/resource/Cremona</field>
</doc>
<doc>
<field name="uri">http://de.dbpedia.org/resource/Cremona</field>
<field name="entity_type">museums</field>
<field name="timestamp">NOW</field>
<field name="sameAs">http://dbpedia.org/resource/Cremona</field>
</doc>
<doc>
<field name="uri">http://fr.dbpedia.org/resource/Crémone</field>
<field name="entity_type">museums</field>
<field name="timestamp">NOW</field>
<field name="sameAs">http://dbpedia.org/resource/Cremona</field>
</doc>
<doc>
<field name="uri">http://ko.dbpedia.org/resource/크레모나</field>
<field name="entity_type">museums</field>
<field name="timestamp">NOW</field>
<field name="sameAs">http://dbpedia.org/resource/Cremona</field>
</doc>
<doc>
<field name="uri">http://ru.dbpedia.org/resource/Кремона</field>
<field name="entity_type">museums</field>
<field name="timestamp">NOW</field>
<field name="sameAs">http://dbpedia.org/resource/Cremona</field>
</doc>
<doc>
<field name="uri">http://dbpedia.org/resource/Guido_della_Torre</field>
<field name="entity_type">museums</field>
<field name="timestamp">NOW</field>
<field name="death-place">http://dbpedia.org/resource/Cremona</field>
</doc>
<doc>
<field name="uri">http://dbpedia.org/resource/Nicol%C3%A1s_Hern%C3%A1ndez</field>
<field name="entity_type">museums</field>
<field name="timestamp">NOW</field>
</doc>
<doc>
<field name="uri">http://dbpedia.org/resource/Battle_of_Cremona</field>
<field name="entity_type">museums</field>
<field name="timestamp">NOW</field>
</doc>
<doc>
<field name="uri">http://dbpedia.org/resource/Erminio_Favalli</field>
<field name="entity_type">museums</field>
<field name="timestamp">NOW</field>
<field name="birth-place">http://dbpedia.org/resource/Cremona</field>
<field name="death-place">http://dbpedia.org/resource/Cremona</field>
</doc>
<doc>
<field name="uri">http://dbpedia.org/resource/Giovanni_Battista_Trotti</field>
<field name="entity_type">museums</field>
<field name="timestamp">NOW</field>
<field name="birth-place">http://dbpedia.org/resource/Cremona</field>
</doc>
<doc>
<field name="uri">http://dbpedia.org/resource/Ippolita_Maria_Sforza</field>
<field name="entity_type">museums</field>
<field name="timestamp">NOW</field>
<field name="birth-place">http://dbpedia.org/resource/Cremona</field>
</doc>
<doc>
<field name="uri">http://dbpedia.org/resource/2009_Trofeo_Paolo_Corazzi</field>
<field name="entity_type">museums</field>
<field name="timestamp">NOW</field>
</doc>
<doc>
<field name="uri">http://dbpedia.org/resource/2010_Trofeo_Paolo_Corazzi</field>
<field name="entity_type">museums</field>
<field name="timestamp">NOW</field>
</doc>
<doc>
<field name="uri">http://dbpedia.org/resource/Dario_Compiani</field>
<field name="entity_type">museums</field>
<field name="timestamp">NOW</field>
<field name="death-place">http://dbpedia.org/resource/Cremona</field>
</doc>
<doc>
<field name="uri">http://dbpedia.org/resource/Andrea_Guarneri</field>
<field name="entity_type">museums</field>
<field name="timestamp">NOW</field>
<field name="birth-place">http://dbpedia.org/resource/Cremona</field>
<field name="death-place">http://dbpedia.org/resource/Cremona</field>
</doc>
<doc>
<field name="uri">http://dbpedia.org/resource/Adriano_Bolzoni</field>
<field name="entity_type">museums</field>
<field name="timestamp">NOW</field>
<field name="birth-place">http://dbpedia.org/resource/Cremona</field>
</doc>
<doc>
<field name="uri">http://dbpedia.org/resource/Battle_on_the_Po_(1431)</field>
<field name="entity_type">museums</field>
<field name="timestamp">NOW</field>
</doc>
<doc>
<field name="uri">http://dbpedia.org/resource/1988%E2%80%9389_European_Cup_Winners'_Cup</field>
<field name="entity_type">museums</field>
<field name="timestamp">NOW</field>
</doc>
<doc>
<field name="uri">http://dbpedia.org/resource/Alessandro_Magnoli_Bocchi</field>
<field name="entity_type">museums</field>
<field name="timestamp">NOW</field>
<field name="birth-place">http://dbpedia.org/resource/Cremona</field>
</doc>
<doc>
<field name="uri">http://es.dbpedia.org/resource/Cremona</field>
<field name="entity_type">museums</field>
<field name="timestamp">NOW</field>
<field name="sameAs">http://dbpedia.org/resource/Cremona</field>
</doc>
<doc>
<field name="uri">http://ja.dbpedia.org/resource/クレモナ</field>
<field name="entity_type">museums</field>
<field name="timestamp">NOW</field>
<field name="sameAs">http://dbpedia.org/resource/Cremona</field>
</doc>
<doc>
<field name="uri">http://dbpedia.org/resource/Asiago_Vipers</field>
<field name="entity_type">museums</field>
<field name="timestamp">NOW</field>
</doc>
<doc>
<field name="uri">http://dbpedia.org/resource/Bianca_Maria_Visconti</field>
<field name="entity_type">museums</field>
<field name="timestamp">NOW</field>
<field name="death-place">http://dbpedia.org/resource/Cremona</field>
</doc>
<doc>
<field name="uri">http://dbpedia.org/resource/1991_Copa_Am%C3%A9rica_squads</field>
<field name="entity_type">museums</field>
<field name="timestamp">NOW</field>
</doc>
<doc>
<field name="uri">http://dbpedia.org/resource/Nougat</field>
<field name="entity_type">museums</field>
<field name="timestamp">NOW</field>
</doc>
<doc>
<field name="uri">http://dbpedia.org/resource/Tiburtio_Massaino</field>
<field name="entity_type">museums</field>
<field name="timestamp">NOW</field>
<field name="birth-place">http://dbpedia.org/resource/Cremona</field>
</doc>
<doc>
<field name="uri">http://dbpedia.org/resource/Giulio_Cesare_Monteverdi</field>
<field name="entity_type">museums</field>
<field name="timestamp">NOW</field>
<field name="birth-place">http://dbpedia.org/resource/Cremona</field>
</doc>
<doc>
<field name="uri">http://dbpedia.org/resource/Massimo_Capra</field>
<field name="entity_type">museums</field>
<field name="timestamp">NOW</field>
<field name="birth-place">http://dbpedia.org/resource/Cremona</field>
</doc>
<doc>
<field name="uri">http://dbpedia.org/resource/Cremona_railway_station</field>
<field name="entity_type">museums</field>
<field name="timestamp">NOW</field>
</doc>
<doc>
<field name="uri">http://dbpedia.org/resource/Federico_Rizzi</field>
<field name="entity_type">museums</field>
<field name="timestamp">NOW</field>
<field name="birth-place">http://dbpedia.org/resource/Cremona</field>
</doc>
<doc>
<field name="uri">http://dbpedia.org/resource/Battle_of_Cremona_(200_BC)</field>
<field name="entity_type">museums</field>
<field name="timestamp">NOW</field>
</doc>
<doc>
<field name="uri">http://dbpedia.org/resource/2011_Trofeo_Paolo_Corazzi</field>
<field name="entity_type">museums</field>
<field name="timestamp">NOW</field>
</doc>
<doc>
<field name="uri">http://dbpedia.org/resource/Rodolfo_Benini</field>
<field name="entity_type">museums</field>
<field name="timestamp">NOW</field>
<field name="birth-place">http://dbpedia.org/resource/Cremona</field>
</doc>
<doc>
<field name="uri">http://dbpedia.org/resource/1988%E2%80%9389_Coppa_Italia</field>
<field name="entity_type">museums</field>
<field name="timestamp">NOW</field>
</doc>
<doc>
<field name="uri">http://dbpedia.org/resource/2009%E2%80%9310_Coppa_Italia</field>
<field name="entity_type">museums</field>
<field name="timestamp">NOW</field>
</doc>
<doc>
<field name="uri">http://dbpedia.org/resource/Cremona</field>
<field name="entity_type">museums</field>
<field name="timestamp">NOW</field>
<field name="sameAs">http://be.dbpedia.org/resource/Горад_Крэмона</field>
<field name="sameAs">http://nap.dbpedia.org/resource/Cremona</field>
<field name="sameAs">http://sk.dbpedia.org/resource/Cremona_(mesto)</field>
<field name="sameAs">http://eu.dbpedia.org/resource/Cremona</field>
<field name="sameAs">http://vo.dbpedia.org/resource/Cremona</field>
<field name="sameAs">http://sh.dbpedia.org/resource/Cremona</field>
<field name="sameAs">http://pms.dbpedia.org/resource/Cremon-a</field>
<field name="sameAs">http://lt.dbpedia.org/resource/Kremona</field>
<field name="sameAs">http://ru.dbpedia.org/resource/Кремона</field>
<field name="sameAs">http://zh.dbpedia.org/resource/克雷莫納</field>
<field name="sameAs">http://lb.dbpedia.org/resource/Cremona</field>
<field name="sameAs">http://kk.dbpedia.org/resource/Кремона</field>
<field name="sameAs">http://nn.dbpedia.org/resource/Cremona</field>
<field name="sameAs">http://pl.dbpedia.org/resource/Cremona</field>
<field name="sameAs">http://roa_tara.dbpedia.org/resource/Cremona</field>
<field name="sameAs">http://scn.dbpedia.org/resource/Cremona</field>
<field name="sameAs">http://hu.dbpedia.org/resource/Cremona</field>
<field name="sameAs">http://simple.dbpedia.org/resource/Cremona</field>
<field name="sameAs">http://hr.dbpedia.org/resource/Cremona</field>
<field name="sameAs">http://linkedgeodata.org/triplify/node62505595</field>
<field name="sameAs">http://sws.geonames.org/6541851/</field>
<field name="sameAs">http://es.dbpedia.org/resource/Cremona</field>
<field name="sameAs">http://ca.dbpedia.org/resource/Cremona</field>
<field name="sameAs">http://ja.dbpedia.org/resource/クレモナ</field>
<field name="sameAs">http://sr.dbpedia.org/resource/Кремона</field>
<field name="sameAs">http://gl.dbpedia.org/resource/Cremona</field>
<field name="sameAs">http://pt.dbpedia.org/resource/Cremona</field>
<field name="sameAs">http://id.dbpedia.org/resource/Cremona</field>
<field name="sameAs">http://ar.dbpedia.org/resource/كريمونا</field>
<field name="sameAs">http://et.dbpedia.org/resource/Cremona</field>
<field name="sameAs">http://fa.dbpedia.org/resource/کرمونا</field>
<field name="sameAs">http://vi.dbpedia.org/resource/Cremona</field>
<field name="sameAs">http://br.dbpedia.org/resource/Cremona</field>
<field name="sameAs">http://ms.dbpedia.org/resource/Cremona</field>
<field name="sameAs">http://bg.dbpedia.org/resource/Кремона</field>
<field name="sameAs">http://lmo.dbpedia.org/resource/Cremùna</field>
<field name="sameAs">http://dbpedia.org/resource/Cremona</field>
<field name="sameAs">http://mr.dbpedia.org/resource/क्रेमोना</field>
<field name="sameAs">http://no.dbpedia.org/resource/Cremona</field>
<field name="sameAs">http://yago-knowledge.org/resource/Cremona</field>
<field name="sameAs">http://nl.dbpedia.org/resource/Cremona_(stad)</field>
<field name="sameAs">http://ko.dbpedia.org/resource/크레모나</field>
<field name="sameAs">http://rdf.freebase.com/ns/m.01lfvj</field>
<field name="sameAs">http://ro.dbpedia.org/resource/Cremona</field>
<field name="sameAs">http://cs.dbpedia.org/resource/Cremona</field>
<field name="sameAs">http://co.dbpedia.org/resource/Cremona</field>
<field name="sameAs">http://tr.dbpedia.org/resource/Cremona</field>
<field name="sameAs">http://tl.dbpedia.org/resource/Lungsod_ng_Cremona</field>
<field name="sameAs">http://fr.dbpedia.org/resource/Crémone</field>
<field name="sameAs">http://eml.dbpedia.org/resource/Cremùna</field>
<field name="sameAs">http://fi.dbpedia.org/resource/Cremona</field>
<field name="sameAs">http://vec.dbpedia.org/resource/Cremona</field>
<field name="sameAs">http://de.dbpedia.org/resource/Cremona</field>
<field name="sameAs">http://la.dbpedia.org/resource/Cremona</field>
<field name="sameAs">http://qu.dbpedia.org/resource/Cremona</field>
<field name="sameAs">http://he.dbpedia.org/resource/קרמונה</field>
<field name="sameAs">http://data.linkedopendata.it/scuole/resource/CREMONA</field>
<field name="sameAs">http://cy.dbpedia.org/resource/Cremona</field>
<field name="sameAs">http://is.dbpedia.org/resource/Cremona</field>
<field name="sameAs">http://oc.dbpedia.org/resource/Cremona</field>
<field name="sameAs">http://it.dbpedia.org/resource/Cremona</field>
<field name="sameAs">http://eo.dbpedia.org/resource/Kremono</field>
<field name="sameAs">http://sv.dbpedia.org/resource/Cremona</field>
<field name="sameAs">http://war.dbpedia.org/resource/Cremona</field>
<field name="sameAs">http://www.wikidata.org/entity/Q6231</field>
<field name="sameAs">http://fur.dbpedia.org/resource/Cremone</field>
<field name="sameAs">http://an.dbpedia.org/resource/Cremona</field>
<field name="sameAs">http://lv.dbpedia.org/resource/Kremona</field>
<field name="sameAs">http://uk.dbpedia.org/resource/Кремона</field>
<field name="subject" update="add">http://dbpedia.org/resource/Category:218_BC_establishments</field>
<field name="subject" update="add">http://dbpedia.org/resource/Category:Cities_and_towns_in_Lombardy</field>
<field name="subject" update="add">http://dbpedia.org/resource/Category:Roman_towns_and_cities_in_Italy</field>
<field name="subject" update="add">http://dbpedia.org/resource/Category:Cremona</field>
<field name="abstract">Cremonese redirects here. For the football team, see U.S. Cremonese. 50x40pxThis article does not cite any references or sources. Please help improve this article by adding citations to reliable sources. Unsourced material may be challenged and removed. Cremona —  Comune  — Comune di Cremona Panorama of Cremona View of Cremona Cremona is located in ItalyCremonaCremona Coordinates: {{#invoke:Coordinates|coord}}{{#coordinates:45|08|N|10|02|E|type:city(72266)_region:IT|| |primary |name= }} Country Italy Region Lombardy Province Cremona (CR) Government  • Mayor Oreste Perri (PdL) Area  • Total 69.7 km Elevation 47 m Population (December 1, 2008)  • Total 72,266  • Density Bad rounding here{{#invoke:Math|precision_format| 1,036.8149210904 | 1-3 }}/km Demonym Cremonesi Time zone CET  • Summer  CEST Postal code 26100 Dialing code 0372 Patron saint St. Omobono Saint day November 13 Website {{#invoke:URL|url|1=http://www. comune. cremona. it|2=Official website}} Cremona   is a city and comune in northern Italy, situated in Lombardy, on the left bank of the Po River in the middle of the Pianura Padana (Po valley). It is the capital of the province of Cremona and the seat of the local City and Province governments. The city of Cremona is especially noted for its musical history and traditions, including some of the earliest and most renowned luthiers, such as Guarneri and Stradivari and several members of the Amati family.</field>
<field name="label">Cremona</field>
<field name="depiction">http://upload.wikimedia.org/wikipedia/commons/e/e1/Cremona_centro.jpg</field>
<field name="comment">Cremonese redirects here. For the football team, see U.S. Cremonese. 50x40pxThis article does not cite any references or sources. Please help improve this article by adding citations to reliable sources. Unsourced material may be challenged and removed.</field>
<field name="name"/>
<field name="name"/>
<field name="name"/>
<field name="thumbnail">http://upload.wikimedia.org/wikipedia/commons/thumb/e/e1/Cremona_centro.jpg/200px-Cremona_centro.jpg</field>
<field name="link_external">http://openlibrary.org/books/OL6936521M/Handbook_for_travellers_in_northern_Italy</field>
<field name="link_external">http://openlibrary.org/books/OL7191828M/The_cities_of_Lombardy</field>
<field name="link_external">http://www.archive.org/stream/hand00bookfortravejohnrich#page/192/mode/2up</field>
<field name="link_external">http://openlibrary.org/books/OL24140254M/Italy</field>
<field name="link_external">http://www.costanzoporta.it</field>
<field name="link_external">http://archive.org/stream/italyhandbookfor04karl#page/162/mode/2up</field>
<field name="link_external">http://www.archive.org/stream/northernitalyi00karl#page/244/mode/2up</field>
<field name="link_external">http://archive.org/stream/citiesoflombardy00huttrich#page/218/mode/2up</field>
<field name="link_external">http://openlibrary.org/books/OL23316028M/Lombard_towns_of_Italy</field>
<field name="link_external">http://openlibrary.org/books/OL16015532M/Northern_Italy</field>
<field name="link_external">http://www.archive.org/stream/lombardtownsofit00will#page/324/mode/2up</field>
<field name="link_external">http://www.comune.cremona.it</field>
<field name="link_external">http://www.e-cremona.it</field>
<field name="isPrimaryTopicOf">http://en.wikipedia.org/wiki/Cremona</field>
<field name="photo-collection">http://wifo5-03.informatik.uni-mannheim.de/flickrwrappr/photos/Cremona</field>
</doc>
<doc>
<field name="uri">http://dbpedia.org/resource/Province_of_Cremona</field>
<field name="entity_type">museums</field>
<field name="timestamp">NOW</field>
</doc>
<doc>
<field name="uri">http://dbpedia.org/resource/SMEA_%E2%80%93_Postgraduate_School_of_Agricultural_and_Food_Economics</field>
<field name="entity_type">museums</field>
<field name="timestamp">NOW</field>
<field name="city">http://dbpedia.org/resource/Cremona</field>
</doc>
<doc>
<field name="uri">http://dbpedia.org/resource/Marcus_Furius_Bibaculus</field>
<field name="entity_type">museums</field>
<field name="timestamp">NOW</field>
<field name="birth-place">http://dbpedia.org/resource/Cremona</field>
</doc>
<doc>
<field name="uri">http://dbpedia.org/resource/Mina_(singer)</field>
<field name="entity_type">museums</field>
<field name="timestamp">NOW</field>
</doc>
<doc>
<field name="uri">http://dbpedia.org/resource/1994%E2%80%9395_A.C._Fiorentina_season</field>
<field name="entity_type">museums</field>
<field name="timestamp">NOW</field>
</doc>
<doc>
<field name="uri">http://dbpedia.org/resource/Renato_Bodini</field>
<field name="entity_type">museums</field>
<field name="timestamp">NOW</field>
<field name="birth-place">http://dbpedia.org/resource/Cremona</field>
</doc>
<doc>
<field name="uri">http://dbpedia.org/resource/Leonida_Bissolati</field>
<field name="entity_type">museums</field>
<field name="timestamp">NOW</field>
<field name="birth-place">http://dbpedia.org/resource/Cremona</field>
</doc>
<doc>
<field name="uri">http://it.dbpedia.org/resource/Cremona</field>
<field name="entity_type">museums</field>
<field name="timestamp">NOW</field>
<field name="sameAs">http://dbpedia.org/resource/Cremona</field>
</doc>
<doc>
<field name="uri">http://pt.dbpedia.org/resource/Cremona</field>
<field name="entity_type">museums</field>
<field name="timestamp">NOW</field>
<field name="sameAs">http://dbpedia.org/resource/Cremona</field>
</doc>
<doc>
<field name="uri">http://dbpedia.org/resource/Antonio_Cabrini</field>
<field name="entity_type">museums</field>
<field name="timestamp">NOW</field>
<field name="birth-place">http://dbpedia.org/resource/Cremona</field>
</doc>
<doc>
<field name="uri">http://dbpedia.org/resource/Aristide_Guarneri</field>
<field name="entity_type">museums</field>
<field name="timestamp">NOW</field>
</doc>
<doc>
<field name="uri">http://dbpedia.org/resource/2012%E2%80%9313_Coppa_Italia</field>
<field name="entity_type">museums</field>
<field name="timestamp">NOW</field>
</doc>
<doc>
<field name="uri">http://dbpedia.org/resource/Cremona,_Italy</field>
<field name="entity_type">museums</field>
<field name="timestamp">NOW</field>
</doc>
<doc>
<field name="uri">http://dbpedia.org/resource/Trofeo_Paolo_Corazzi</field>
<field name="entity_type">museums</field>
<field name="timestamp">NOW</field>
</doc>
<doc>
<field name="uri">http://dbpedia.org/resource/1994%E2%80%9395_Juventus_F.C._season</field>
<field name="entity_type">museums</field>
<field name="timestamp">NOW</field>
</doc>
<doc>
<field name="uri">http://dbpedia.org/resource/Cremonese</field>
<field name="entity_type">museums</field>
<field name="timestamp">NOW</field>
</doc>
<doc>
<field name="uri">http://dbpedia.org/resource/Roberto_Ferrari_(athlete)</field>
<field name="entity_type">museums</field>
<field name="timestamp">NOW</field>
<field name="birth-place">http://dbpedia.org/resource/Cremona</field>
</doc>
<doc>
<field name="uri">http://dbpedia.org/resource/Cecilia_Gallerani</field>
<field name="entity_type">museums</field>
<field name="timestamp">NOW</field>
<field name="death-place">http://dbpedia.org/resource/Cremona</field>
</doc>
<doc>
<field name="uri">http://dbpedia.org/resource/Juanelo_Turriano</field>
<field name="entity_type">museums</field>
<field name="timestamp">NOW</field>
<field name="birth-place">http://dbpedia.org/resource/Cremona</field>
</doc>
<doc>
<field name="uri">http://dbpedia.org/resource/1929%E2%80%9330_Alessandria_U.S._season</field>
<field name="entity_type">museums</field>
<field name="timestamp">NOW</field>
</doc>
<doc>
<field name="uri">http://dbpedia.org/resource/Andrea_Amati</field>
<field name="entity_type">museums</field>
<field name="timestamp">NOW</field>
<field name="birth-place">http://dbpedia.org/resource/Cremona</field>
<field name="death-place">http://dbpedia.org/resource/Cremona</field>
</doc>
<doc>
<field name="uri">http://dbpedia.org/resource/Francesco_Bianchi_(composer)</field>
<field name="entity_type">museums</field>
<field name="timestamp">NOW</field>
<field name="birth-place">http://dbpedia.org/resource/Cremona</field>
</doc>
<doc>
<field name="uri">http://dbpedia.org/resource/Pierre-Francisque_Caroubel</field>
<field name="entity_type">museums</field>
<field name="timestamp">NOW</field>
<field name="birth-place">http://dbpedia.org/resource/Cremona</field>
</doc>
<doc>
<field name="uri">http://en.wikipedia.org/wiki/Cremona</field>
<field name="entity_type">museums</field>
<field name="timestamp">NOW</field>
<field name="primaryTopic">http://dbpedia.org/resource/Cremona</field>
</doc>
<doc>
<field name="uri">http://dbpedia.org/resource/1988%E2%80%9389_FC_Dinamo_Bucure%C8%99ti_season</field>
<field name="entity_type">museums</field>
<field name="timestamp">NOW</field>
</doc>
<doc>
<field name="uri">http://dbpedia.org/resource/Vespasiano_Bignami</field>
<field name="entity_type">museums</field>
<field name="timestamp">NOW</field>
<field name="birth-place">http://dbpedia.org/resource/Cremona</field>
</doc>
<doc>
<field name="uri">http://nl.dbpedia.org/resource/Cremona_(stad)</field>
<field name="entity_type">museums</field>
<field name="timestamp">NOW</field>
<field name="sameAs">http://dbpedia.org/resource/Cremona</field>
</doc>
<doc>
<field name="uri">http://eu.dbpedia.org/resource/Cremona</field>
<field name="entity_type">museums</field>
<field name="timestamp">NOW</field>
<field name="sameAs">http://dbpedia.org/resource/Cremona</field>
</doc>
<doc>
<field name="uri">http://dbpedia.org/resource/Guerino_Vanoli_Basket</field>
<field name="entity_type">museums</field>
<field name="timestamp">NOW</field>
</doc>
<doc>
<field name="uri">http://dbpedia.org/resource/Petar_Pua%C4%8Da__8</field>
<field name="entity_type">museums</field>
<field name="timestamp">NOW</field>
</doc>
<doc>
<field name="uri">http://dbpedia.org/resource/Gabriele_Bongiorni__4</field>
<field name="entity_type">museums</field>
<field name="timestamp">NOW</field>
</doc>
<doc>
<field name="uri">http://dbpedia.org/resource/Useless_Wooden_Toys_(band)</field>
<field name="entity_type">museums</field>
<field name="timestamp">NOW</field>
</doc>
<doc>
<field name="uri">http://wikidata.dbpedia.org/resource/Q6231</field>
<field name="entity_type">museums</field>
<field name="timestamp">NOW</field>
<field name="sameAs">http://dbpedia.org/resource/Cremona</field>
</doc>
<doc>
<field name="uri">http://zh.dbpedia.org/resource/克雷莫納</field>
<field name="entity_type">museums</field>
<field name="timestamp">NOW</field>
<field name="sameAs">http://dbpedia.org/resource/Cremona</field>
</doc>
<doc>
<field name="uri">http://an.dbpedia.org/resource/Cremona</field>
<field name="entity_type">museums</field>
<field name="timestamp">NOW</field>
<field name="sameAs">http://dbpedia.org/resource/Cremona</field>
</doc>
<doc>
<field name="uri">http://ar.dbpedia.org/resource/كريمونا</field>
<field name="entity_type">museums</field>
<field name="timestamp">NOW</field>
<field name="sameAs">http://dbpedia.org/resource/Cremona</field>
</doc>
<doc>
<field name="uri">http://be.dbpedia.org/resource/Горад_Крэмона</field>
<field name="entity_type">museums</field>
<field name="timestamp">NOW</field>
<field name="sameAs">http://dbpedia.org/resource/Cremona</field>
</doc>
<doc>
<field name="uri">http://bg.dbpedia.org/resource/Кремона</field>
<field name="entity_type">museums</field>
<field name="timestamp">NOW</field>
<field name="sameAs">http://dbpedia.org/resource/Cremona</field>
</doc>
<doc>
<field name="uri">http://br.dbpedia.org/resource/Cremona</field>
<field name="entity_type">museums</field>
<field name="timestamp">NOW</field>
<field name="sameAs">http://dbpedia.org/resource/Cremona</field>
</doc>
<doc>
<field name="uri">http://ca.dbpedia.org/resource/Cremona</field>
<field name="entity_type">museums</field>
<field name="timestamp">NOW</field>
<field name="sameAs">http://dbpedia.org/resource/Cremona</field>
</doc>
<doc>
<field name="uri">http://co.dbpedia.org/resource/Cremona</field>
<field name="entity_type">museums</field>
<field name="timestamp">NOW</field>
<field name="sameAs">http://dbpedia.org/resource/Cremona</field>
</doc>
<doc>
<field name="uri">http://cy.dbpedia.org/resource/Cremona</field>
<field name="entity_type">museums</field>
<field name="timestamp">NOW</field>
<field name="sameAs">http://dbpedia.org/resource/Cremona</field>
</doc>
<doc>
<field name="uri">http://eo.dbpedia.org/resource/Kremono</field>
<field name="entity_type">museums</field>
<field name="timestamp">NOW</field>
<field name="sameAs">http://dbpedia.org/resource/Cremona</field>
</doc>
<doc>
<field name="uri">http://et.dbpedia.org/resource/Cremona</field>
<field name="entity_type">museums</field>
<field name="timestamp">NOW</field>
<field name="sameAs">http://dbpedia.org/resource/Cremona</field>
</doc>
<doc>
<field name="uri">http://fa.dbpedia.org/resource/کرمونا</field>
<field name="entity_type">museums</field>
<field name="timestamp">NOW</field>
<field name="sameAs">http://dbpedia.org/resource/Cremona</field>
</doc>
<doc>
<field name="uri">http://fi.dbpedia.org/resource/Cremona</field>
<field name="entity_type">museums</field>
<field name="timestamp">NOW</field>
<field name="sameAs">http://dbpedia.org/resource/Cremona</field>
</doc>
<doc>
<field name="uri">http://gl.dbpedia.org/resource/Cremona</field>
<field name="entity_type">museums</field>
<field name="timestamp">NOW</field>
<field name="sameAs">http://dbpedia.org/resource/Cremona</field>
</doc>
<doc>
<field name="uri">http://he.dbpedia.org/resource/קרמונה</field>
<field name="entity_type">museums</field>
<field name="timestamp">NOW</field>
<field name="sameAs">http://dbpedia.org/resource/Cremona</field>
</doc>
<doc>
<field name="uri">http://hr.dbpedia.org/resource/Cremona</field>
<field name="entity_type">museums</field>
<field name="timestamp">NOW</field>
<field name="sameAs">http://dbpedia.org/resource/Cremona</field>
</doc>
<doc>
<field name="uri">http://hu.dbpedia.org/resource/Cremona</field>
<field name="entity_type">museums</field>
<field name="timestamp">NOW</field>
<field name="sameAs">http://dbpedia.org/resource/Cremona</field>
</doc>
<doc>
<field name="uri">http://id.dbpedia.org/resource/Cremona</field>
<field name="entity_type">museums</field>
<field name="timestamp">NOW</field>
<field name="sameAs">http://dbpedia.org/resource/Cremona</field>
</doc>
<doc>
<field name="uri">http://is.dbpedia.org/resource/Cremona</field>
<field name="entity_type">museums</field>
<field name="timestamp">NOW</field>
<field name="sameAs">http://dbpedia.org/resource/Cremona</field>
</doc>
<doc>
<field name="uri">http://kk.dbpedia.org/resource/Кремона</field>
<field name="entity_type">museums</field>
<field name="timestamp">NOW</field>
<field name="sameAs">http://dbpedia.org/resource/Cremona</field>
</doc>
<doc>
<field name="uri">http://la.dbpedia.org/resource/Cremona</field>
<field name="entity_type">museums</field>
<field name="timestamp">NOW</field>
<field name="sameAs">http://dbpedia.org/resource/Cremona</field>
</doc>
<doc>
<field name="uri">http://lb.dbpedia.org/resource/Cremona</field>
<field name="entity_type">museums</field>
<field name="timestamp">NOW</field>
<field name="sameAs">http://dbpedia.org/resource/Cremona</field>
</doc>
<doc>
<field name="uri">http://lt.dbpedia.org/resource/Kremona</field>
<field name="entity_type">museums</field>
<field name="timestamp">NOW</field>
<field name="sameAs">http://dbpedia.org/resource/Cremona</field>
</doc>
<doc>
<field name="uri">http://lv.dbpedia.org/resource/Kremona</field>
<field name="entity_type">museums</field>
<field name="timestamp">NOW</field>
<field name="sameAs">http://dbpedia.org/resource/Cremona</field>
</doc>
<doc>
<field name="uri">http://mr.dbpedia.org/resource/क्रेमोना</field>
<field name="entity_type">museums</field>
<field name="timestamp">NOW</field>
<field name="sameAs">http://dbpedia.org/resource/Cremona</field>
</doc>
<doc>
<field name="uri">http://ms.dbpedia.org/resource/Cremona</field>
<field name="entity_type">museums</field>
<field name="timestamp">NOW</field>
<field name="sameAs">http://dbpedia.org/resource/Cremona</field>
</doc>
<doc>
<field name="uri">http://nap.dbpedia.org/resource/Cremona</field>
<field name="entity_type">museums</field>
<field name="timestamp">NOW</field>
<field name="sameAs">http://dbpedia.org/resource/Cremona</field>
</doc>
<doc>
<field name="uri">http://nn.dbpedia.org/resource/Cremona</field>
<field name="entity_type">museums</field>
<field name="timestamp">NOW</field>
<field name="sameAs">http://dbpedia.org/resource/Cremona</field>
</doc>
<doc>
<field name="uri">http://no.dbpedia.org/resource/Cremona</field>
<field name="entity_type">museums</field>
<field name="timestamp">NOW</field>
<field name="sameAs">http://dbpedia.org/resource/Cremona</field>
</doc>
<doc>
<field name="uri">http://oc.dbpedia.org/resource/Cremona</field>
<field name="entity_type">museums</field>
<field name="timestamp">NOW</field>
<field name="sameAs">http://dbpedia.org/resource/Cremona</field>
</doc>
<doc>
<field name="uri">http://pms.dbpedia.org/resource/Cremon-a</field>
<field name="entity_type">museums</field>
<field name="timestamp">NOW</field>
<field name="sameAs">http://dbpedia.org/resource/Cremona</field>
</doc>
<doc>
<field name="uri">http://qu.dbpedia.org/resource/Cremona</field>
<field name="entity_type">museums</field>
<field name="timestamp">NOW</field>
<field name="sameAs">http://dbpedia.org/resource/Cremona</field>
</doc>
<doc>
<field name="uri">http://ro.dbpedia.org/resource/Cremona</field>
<field name="entity_type">museums</field>
<field name="timestamp">NOW</field>
<field name="sameAs">http://dbpedia.org/resource/Cremona</field>
</doc>
<doc>
<field name="uri">http://scn.dbpedia.org/resource/Cremona</field>
<field name="entity_type">museums</field>
<field name="timestamp">NOW</field>
<field name="sameAs">http://dbpedia.org/resource/Cremona</field>
</doc>
<doc>
<field name="uri">http://sh.dbpedia.org/resource/Cremona</field>
<field name="entity_type">museums</field>
<field name="timestamp">NOW</field>
<field name="sameAs">http://dbpedia.org/resource/Cremona</field>
</doc>
<doc>
<field name="uri">http://simple.dbpedia.org/resource/Cremona</field>
<field name="entity_type">museums</field>
<field name="timestamp">NOW</field>
<field name="sameAs">http://dbpedia.org/resource/Cremona</field>
</doc>
<doc>
<field name="uri">http://sk.dbpedia.org/resource/Cremona_(mesto)</field>
<field name="entity_type">museums</field>
<field name="timestamp">NOW</field>
<field name="sameAs">http://dbpedia.org/resource/Cremona</field>
</doc>
<doc>
<field name="uri">http://sr.dbpedia.org/resource/Кремона</field>
<field name="entity_type">museums</field>
<field name="timestamp">NOW</field>
<field name="sameAs">http://dbpedia.org/resource/Cremona</field>
</doc>
<doc>
<field name="uri">http://sv.dbpedia.org/resource/Cremona</field>
<field name="entity_type">museums</field>
<field name="timestamp">NOW</field>
<field name="sameAs">http://dbpedia.org/resource/Cremona</field>
</doc>
<doc>
<field name="uri">http://tl.dbpedia.org/resource/Lungsod_ng_Cremona</field>
<field name="entity_type">museums</field>
<field name="timestamp">NOW</field>
<field name="sameAs">http://dbpedia.org/resource/Cremona</field>
</doc>
<doc>
<field name="uri">http://tr.dbpedia.org/resource/Cremona</field>
<field name="entity_type">museums</field>
<field name="timestamp">NOW</field>
<field name="sameAs">http://dbpedia.org/resource/Cremona</field>
</doc>
<doc>
<field name="uri">http://uk.dbpedia.org/resource/Кремона</field>
<field name="entity_type">museums</field>
<field name="timestamp">NOW</field>
<field name="sameAs">http://dbpedia.org/resource/Cremona</field>
</doc>
<doc>
<field name="uri">http://vi.dbpedia.org/resource/Cremona</field>
<field name="entity_type">museums</field>
<field name="timestamp">NOW</field>
<field name="sameAs">http://dbpedia.org/resource/Cremona</field>
</doc>
<doc>
<field name="uri">http://war.dbpedia.org/resource/Cremona</field>
<field name="entity_type">museums</field>
<field name="timestamp">NOW</field>
<field name="sameAs">http://dbpedia.org/resource/Cremona</field>
</doc>
<doc>
<field name="uri">http://lmo.dbpedia.org/resource/Cremùna</field>
<field name="entity_type">museums</field>
<field name="timestamp">NOW</field>
<field name="sameAs">http://dbpedia.org/resource/Cremona</field>
</doc>
<doc>
<field name="uri">http://fur.dbpedia.org/resource/Cremone</field>
<field name="entity_type">museums</field>
<field name="timestamp">NOW</field>
<field name="sameAs">http://dbpedia.org/resource/Cremona</field>
</doc>
<doc>
<field name="uri">http://roa_tara.dbpedia.org/resource/Cremona</field>
<field name="entity_type">museums</field>
<field name="timestamp">NOW</field>
<field name="sameAs">http://dbpedia.org/resource/Cremona</field>
</doc>
<doc>
<field name="uri">http://vec.dbpedia.org/resource/Cremona</field>
<field name="entity_type">museums</field>
<field name="timestamp">NOW</field>
<field name="sameAs">http://dbpedia.org/resource/Cremona</field>
</doc>
<doc>
<field name="uri">http://vo.dbpedia.org/resource/Cremona</field>
<field name="entity_type">museums</field>
<field name="timestamp">NOW</field>
<field name="sameAs">http://dbpedia.org/resource/Cremona</field>
</doc>
<doc>
<field name="uri">http://eml.dbpedia.org/resource/Cremùna</field>
<field name="entity_type">museums</field>
<field name="timestamp">NOW</field>
<field name="sameAs">http://dbpedia.org/resource/Cremona</field>
</doc>
</add>
