<add xmlns:dc="http://purl.org/dc/elements/1.1/" overwrite="true">
<doc>
<field name="uri">http://dbpedia.org/resource/De_Morgan_Centre</field>
<field name="entity_type">museums</field>
<field name="timestamp">NOW</field>
<field name="sameAs">http://dbpedia.org/resource/De_Morgan_Centre</field>
<field name="sameAs">http://yago-knowledge.org/resource/De_Morgan_Centre</field>
<field name="sameAs">http://www.wikidata.org/entity/Q5244638</field>
<field name="sameAs">http://rdf.freebase.com/ns/m.06knpc</field>
<field name="subject" update="add">http://dbpedia.org/resource/Category:Decorative_arts_museums_in_England</field>
<field name="subject" update="add">http://dbpedia.org/resource/Category:Museums_in_Wandsworth</field>
<field name="subject" update="add">http://dbpedia.org/resource/Category:Art_museums_and_galleries_in_London</field>
<field name="abstract">The De Morgan Centre for the Study of 19th Century Art and Society is a museum and gallery in the London Borough of Wandsworth, England, it is home to a large collection of the work of the Victorian ceramic artist William De Morgan and his wife, the painter Evelyn De Morgan. The ceramics collection includes vases, tiles and panels. William De Morgan is credited with the rediscovery of the art of lustre. His work was influenced by the Islamic tiles he saw at the South Kensington Museum. Evelyn de Morgan's art is notable for her rich use of colour and her emphasis on strong female protagonists. The De Morgans were involved in the social issues of the day such as women's suffrage, and this engagement is covered by the museum. The collection was formed by Evelyn De Morgan's sister, Mrs Wilhelmina Stirling, who wrote several books under the name A.M.W. Stirling. It had been previously on display at her home, Old Battersea House. In the years following her death in 1965 parts of the collection were displayed at a number of locations including Cardiff Castle, Cragside in Northumberland and Knightshayes Court in Devon, all of which have interiors from the years when the De Morgans were active. In 2002, it was rehoused at the former West Hill Reference Library in Wandsworth, in south west London, which dates from 1887. The De Morgan Centre is open to the public five days a week. There is a programme of exhibitions of work by contemporary designers.</field>
<field name="label">De Morgan Centre</field>
<field name="comment">The De Morgan Centre for the Study of 19th Century Art and Society is a museum and gallery in the London Borough of Wandsworth, England, it is home to a large collection of the work of the Victorian ceramic artist William De Morgan and his wife, the painter Evelyn De Morgan. The ceramics collection includes vases, tiles and panels. William De Morgan is credited with the rediscovery of the art of lustre. His work was influenced by the Islamic tiles he saw at the South Kensington Museum.</field>
<field name="link_external">http://www.demorgan.org.uk/</field>
<field name="isPrimaryTopicOf">http://en.wikipedia.org/wiki/De_Morgan_Centre</field>
<field name="photo-collection">http://wifo5-03.informatik.uni-mannheim.de/flickrwrappr/photos/De_Morgan_Centre</field>
</doc>
<doc>
<field name="uri">http://dbpedia.org/resource/The_Love_Potion</field>
<field name="entity_type">museums</field>
<field name="timestamp">NOW</field>
<field name="museum">http://dbpedia.org/resource/De_Morgan_Centre</field>
</doc>
<doc>
<field name="uri">http://dbpedia.org/resource/The_Gilded_Cage</field>
<field name="entity_type">museums</field>
<field name="timestamp">NOW</field>
<field name="museum">http://dbpedia.org/resource/De_Morgan_Centre</field>
</doc>
<doc>
<field name="uri">http://dbpedia.org/resource/Helen_of_Troy_(painting)</field>
<field name="entity_type">museums</field>
<field name="timestamp">NOW</field>
<field name="museum">http://dbpedia.org/resource/De_Morgan_Centre</field>
</doc>
<doc>
<field name="uri">http://en.wikipedia.org/wiki/De_Morgan_Centre</field>
<field name="entity_type">museums</field>
<field name="timestamp">NOW</field>
<field name="primaryTopic">http://dbpedia.org/resource/De_Morgan_Centre</field>
</doc>
<doc>
<field name="uri">http://wikidata.dbpedia.org/resource/Q5244638</field>
<field name="entity_type">museums</field>
<field name="timestamp">NOW</field>
<field name="sameAs">http://dbpedia.org/resource/De_Morgan_Centre</field>
</doc>
</add>
