<add xmlns:dc="http://purl.org/dc/elements/1.1/" overwrite="true">
<doc>
<field name="uri">http://pt.dbpedia.org/resource/Palácio_Ducal_(Veneza)</field>
<field name="entity_type">museums</field>
<field name="timestamp">NOW</field>
<field name="sameAs">http://dbpedia.org/resource/Doge's_Palace,_Venice</field>
</doc>
<doc>
<field name="uri">http://dbpedia.org/resource/Doge's_Palace</field>
<field name="entity_type">museums</field>
<field name="timestamp">NOW</field>
</doc>
<doc>
<field name="uri">http://de.dbpedia.org/resource/Dogenpalast</field>
<field name="entity_type">museums</field>
<field name="timestamp">NOW</field>
<field name="sameAs">http://dbpedia.org/resource/Doge's_Palace,_Venice</field>
</doc>
<doc>
<field name="uri">http://es.dbpedia.org/resource/Palacio_Ducal_de_Venecia</field>
<field name="entity_type">museums</field>
<field name="timestamp">NOW</field>
<field name="sameAs">http://dbpedia.org/resource/Doge's_Palace,_Venice</field>
</doc>
<doc>
<field name="uri">http://ko.dbpedia.org/resource/두칼레_궁전</field>
<field name="entity_type">museums</field>
<field name="timestamp">NOW</field>
<field name="sameAs">http://dbpedia.org/resource/Doge's_Palace,_Venice</field>
</doc>
<doc>
<field name="uri">http://pl.dbpedia.org/resource/Pałac_Dożów</field>
<field name="entity_type">museums</field>
<field name="timestamp">NOW</field>
<field name="sameAs">http://dbpedia.org/resource/Doge's_Palace,_Venice</field>
</doc>
<doc>
<field name="uri">http://dbpedia.org/resource/Doge's_Palace,_Venice</field>
<field name="entity_type">museums</field>
<field name="timestamp">NOW</field>
<field name="sameAs">http://simple.dbpedia.org/resource/Doge's_Palace,_Venice</field>
<field name="sameAs">http://ar.dbpedia.org/resource/قصر_دوجي</field>
<field name="sameAs">http://he.dbpedia.org/resource/ארמון_הדוג'ה</field>
<field name="sameAs">http://fi.dbpedia.org/resource/Dogen_palatsi</field>
<field name="sameAs">http://sk.dbpedia.org/resource/Dóžov_palác_(Benátky)</field>
<field name="sameAs">http://nl.dbpedia.org/resource/Dogepaleis</field>
<field name="sameAs">http://az.dbpedia.org/resource/Dojlar_sarayı</field>
<field name="sameAs">http://zh.dbpedia.org/resource/总督宫_(威尼斯)</field>
<field name="sameAs">http://ka.dbpedia.org/resource/დოჟის_სასახლე</field>
<field name="sameAs">http://sr.dbpedia.org/resource/Дуждева_палата</field>
<field name="sameAs">http://www.wikidata.org/entity/Q189883</field>
<field name="sameAs">http://eo.dbpedia.org/resource/Doĝo-palaco</field>
<field name="sameAs">http://de.dbpedia.org/resource/Dogenpalast</field>
<field name="sameAs">http://sl.dbpedia.org/resource/Doževa_palača</field>
<field name="sameAs">http://fr.dbpedia.org/resource/Palais_des_Doges</field>
<field name="sameAs">http://hu.dbpedia.org/resource/Dózse-palota_(Velence)</field>
<field name="sameAs">http://et.dbpedia.org/resource/Doodžide_palee</field>
<field name="sameAs">http://ja.dbpedia.org/resource/ドゥカーレ宮殿</field>
<field name="sameAs">http://tr.dbpedia.org/resource/Palazzo_Ducale_(Venedik)</field>
<field name="sameAs">http://sh.dbpedia.org/resource/Duždeva_palača</field>
<field name="sameAs">http://pl.dbpedia.org/resource/Pałac_Dożów</field>
<field name="sameAs">http://ko.dbpedia.org/resource/두칼레_궁전</field>
<field name="sameAs">http://uk.dbpedia.org/resource/Палац_дожів</field>
<field name="sameAs">http://sws.geonames.org/7627401/</field>
<field name="sameAs">http://es.dbpedia.org/resource/Palacio_Ducal_de_Venecia</field>
<field name="sameAs">http://war.dbpedia.org/resource/Palazzo_Ducale,_Venesya</field>
<field name="sameAs">http://rdf.freebase.com/ns/m.0q41z</field>
<field name="sameAs">http://no.dbpedia.org/resource/Dogepalasset</field>
<field name="sameAs">http://it.dbpedia.org/resource/Palazzo_Ducale_(Venezia)</field>
<field name="sameAs">http://bg.dbpedia.org/resource/Дворец_на_дожите</field>
<field name="sameAs">http://ca.dbpedia.org/resource/Palau_Ducal</field>
<field name="sameAs">http://cs.dbpedia.org/resource/Dóžecí_palác_(Benátky)</field>
<field name="sameAs">http://mk.dbpedia.org/resource/Дуждова_палата</field>
<field name="sameAs">http://yago-knowledge.org/resource/Doge's_Palace,_Venice</field>
<field name="sameAs">http://vec.dbpedia.org/resource/Pałaso_Dogal</field>
<field name="sameAs">http://vi.dbpedia.org/resource/Dinh_tổng_trấn_(Venezia)</field>
<field name="sameAs">http://da.dbpedia.org/resource/Dogepaladset</field>
<field name="sameAs">http://sv.dbpedia.org/resource/Dogepalatset</field>
<field name="sameAs">http://pt.dbpedia.org/resource/Palácio_Ducal_(Veneza)</field>
<field name="sameAs">http://dbpedia.org/resource/Doge's_Palace,_Venice</field>
<field name="sameAs">http://be.dbpedia.org/resource/Палац_дожаў</field>
<field name="sameAs">http://el.dbpedia.org/resource/Παλάτι_των_Δόγηδων</field>
<field name="sameAs">http://hr.dbpedia.org/resource/Duždeva_palača</field>
<field name="sameAs">http://ru.dbpedia.org/resource/Дворец_дожей</field>
<field name="subject" update="add">http://dbpedia.org/resource/Category:1340s_architecture</field>
<field name="subject" update="add">http://dbpedia.org/resource/Category:14th-century_establishments_in_Italy</field>
<field name="subject" update="add">http://dbpedia.org/resource/Category:Venetian_Gothic_buildings</field>
<field name="subject" update="add">http://dbpedia.org/resource/Category:1424_establishments_in_Italy</field>
<field name="subject" update="add">http://dbpedia.org/resource/Category:Museums_established_in_1923</field>
<field name="subject" update="add">http://dbpedia.org/resource/Category:Museums_in_Venice</field>
<field name="subject" update="add">http://dbpedia.org/resource/Category:Historic_house_museums_in_Italy</field>
<field name="subject" update="add">http://dbpedia.org/resource/Category:Palaces_in_Venice</field>
<field name="subject" update="add">http://dbpedia.org/resource/Category:1420s_architecture</field>
<field name="abstract">The Doge's Palace is a palace built in Venetian Gothic style, and one of the main landmarks of the city of Venice, northern Italy. The palace was the residence of the Doge of Venice, the supreme authority of the Republic of Venice, opening as a museum in 1923. Today, it is one of the 11 museums run by the Fondazione Musei Civici di Venezia. In 2010, it was visited by 1,358,186 people.</field>
<field name="label">Doge's Palace, Venice</field>
<field name="depiction">http://upload.wikimedia.org/wikipedia/commons/5/5d/Photograph_of_of_the_Doges_Palace_in_Venice.jpg</field>
<field name="comment">The Doge's Palace is a palace built in Venetian Gothic style, and one of the main landmarks of the city of Venice, northern Italy. The palace was the residence of the Doge of Venice, the supreme authority of the Republic of Venice, opening as a museum in 1923. Today, it is one of the 11 museums run by the Fondazione Musei Civici di Venezia. In 2010, it was visited by 1,358,186 people.</field>
<field name="name"/>
<field name="name"/>
<field name="thumbnail">http://upload.wikimedia.org/wikipedia/commons/thumb/5/5d/Photograph_of_of_the_Doges_Palace_in_Venice.jpg/200px-Photograph_of_of_the_Doges_Palace_in_Venice.jpg</field>
<field name="link_external">http://palazzoducale.visitmuve.it/en/home/</field>
<field name="isPrimaryTopicOf">http://en.wikipedia.org/wiki/Doge's_Palace,_Venice</field>
<field name="photo-collection">http://wifo5-03.informatik.uni-mannheim.de/flickrwrappr/photos/Doge's_Palace,_Venice</field>
</doc>
<doc>
<field name="uri">http://dbpedia.org/resource/The_Crucifixion_of_St_Julia</field>
<field name="entity_type">museums</field>
<field name="timestamp">NOW</field>
<field name="museum">http://dbpedia.org/resource/Doge's_Palace,_Venice</field>
</doc>
<doc>
<field name="uri">http://it.dbpedia.org/resource/Palazzo_Ducale_(Venezia)</field>
<field name="entity_type">museums</field>
<field name="timestamp">NOW</field>
<field name="sameAs">http://dbpedia.org/resource/Doge's_Palace,_Venice</field>
</doc>
<doc>
<field name="uri">http://el.dbpedia.org/resource/Παλάτι_των_Δόγηδων</field>
<field name="entity_type">museums</field>
<field name="timestamp">NOW</field>
<field name="sameAs">http://dbpedia.org/resource/Doge's_Palace,_Venice</field>
</doc>
<doc>
<field name="uri">http://fr.dbpedia.org/resource/Palais_des_Doges</field>
<field name="entity_type">museums</field>
<field name="timestamp">NOW</field>
<field name="sameAs">http://dbpedia.org/resource/Doge's_Palace,_Venice</field>
</doc>
<doc>
<field name="uri">http://ja.dbpedia.org/resource/ドゥカーレ宮殿</field>
<field name="entity_type">museums</field>
<field name="timestamp">NOW</field>
<field name="sameAs">http://dbpedia.org/resource/Doge's_Palace,_Venice</field>
</doc>
<doc>
<field name="uri">http://ru.dbpedia.org/resource/Дворец_дожей</field>
<field name="entity_type">museums</field>
<field name="timestamp">NOW</field>
<field name="sameAs">http://dbpedia.org/resource/Doge's_Palace,_Venice</field>
</doc>
<doc>
<field name="uri">http://en.wikipedia.org/wiki/Doge's_Palace,_Venice</field>
<field name="entity_type">museums</field>
<field name="timestamp">NOW</field>
<field name="primaryTopic">http://dbpedia.org/resource/Doge's_Palace,_Venice</field>
</doc>
<doc>
<field name="uri">http://dbpedia.org/resource/Ducal_Palace,_Venice</field>
<field name="entity_type">museums</field>
<field name="timestamp">NOW</field>
</doc>
<doc>
<field name="uri">http://dbpedia.org/resource/Palazzo_ducale_di_Venezia</field>
<field name="entity_type">museums</field>
<field name="timestamp">NOW</field>
</doc>
<doc>
<field name="uri">http://dbpedia.org/resource/Palazzo_ducale_di_venezia</field>
<field name="entity_type">museums</field>
<field name="timestamp">NOW</field>
</doc>
<doc>
<field name="uri">http://dbpedia.org/resource/The_Hermit_Saints</field>
<field name="entity_type">museums</field>
<field name="timestamp">NOW</field>
<field name="museum">http://dbpedia.org/resource/Doge's_Palace,_Venice</field>
</doc>
<doc>
<field name="uri">http://nl.dbpedia.org/resource/Dogepaleis</field>
<field name="entity_type">museums</field>
<field name="timestamp">NOW</field>
<field name="sameAs">http://dbpedia.org/resource/Doge's_Palace,_Venice</field>
</doc>
<doc>
<field name="uri">http://cs.dbpedia.org/resource/Dóžecí_palác_(Benátky)</field>
<field name="entity_type">museums</field>
<field name="timestamp">NOW</field>
<field name="sameAs">http://dbpedia.org/resource/Doge's_Palace,_Venice</field>
</doc>
<doc>
<field name="uri">http://wikidata.dbpedia.org/resource/Q189883</field>
<field name="entity_type">museums</field>
<field name="timestamp">NOW</field>
<field name="sameAs">http://dbpedia.org/resource/Doge's_Palace,_Venice</field>
</doc>
<doc>
<field name="uri">http://zh.dbpedia.org/resource/总督宫_(威尼斯)</field>
<field name="entity_type">museums</field>
<field name="timestamp">NOW</field>
<field name="sameAs">http://dbpedia.org/resource/Doge's_Palace,_Venice</field>
</doc>
<doc>
<field name="uri">http://ar.dbpedia.org/resource/قصر_دوجي</field>
<field name="entity_type">museums</field>
<field name="timestamp">NOW</field>
<field name="sameAs">http://dbpedia.org/resource/Doge's_Palace,_Venice</field>
</doc>
<doc>
<field name="uri">http://az.dbpedia.org/resource/Dojlar_sarayı</field>
<field name="entity_type">museums</field>
<field name="timestamp">NOW</field>
<field name="sameAs">http://dbpedia.org/resource/Doge's_Palace,_Venice</field>
</doc>
<doc>
<field name="uri">http://be.dbpedia.org/resource/Палац_дожаў</field>
<field name="entity_type">museums</field>
<field name="timestamp">NOW</field>
<field name="sameAs">http://dbpedia.org/resource/Doge's_Palace,_Venice</field>
</doc>
<doc>
<field name="uri">http://bg.dbpedia.org/resource/Дворец_на_дожите</field>
<field name="entity_type">museums</field>
<field name="timestamp">NOW</field>
<field name="sameAs">http://dbpedia.org/resource/Doge's_Palace,_Venice</field>
</doc>
<doc>
<field name="uri">http://ca.dbpedia.org/resource/Palau_Ducal</field>
<field name="entity_type">museums</field>
<field name="timestamp">NOW</field>
<field name="sameAs">http://dbpedia.org/resource/Doge's_Palace,_Venice</field>
</doc>
<doc>
<field name="uri">http://da.dbpedia.org/resource/Dogepaladset</field>
<field name="entity_type">museums</field>
<field name="timestamp">NOW</field>
<field name="sameAs">http://dbpedia.org/resource/Doge's_Palace,_Venice</field>
</doc>
<doc>
<field name="uri">http://eo.dbpedia.org/resource/Doĝo-palaco</field>
<field name="entity_type">museums</field>
<field name="timestamp">NOW</field>
<field name="sameAs">http://dbpedia.org/resource/Doge's_Palace,_Venice</field>
</doc>
<doc>
<field name="uri">http://et.dbpedia.org/resource/Doodžide_palee</field>
<field name="entity_type">museums</field>
<field name="timestamp">NOW</field>
<field name="sameAs">http://dbpedia.org/resource/Doge's_Palace,_Venice</field>
</doc>
<doc>
<field name="uri">http://fi.dbpedia.org/resource/Dogen_palatsi</field>
<field name="entity_type">museums</field>
<field name="timestamp">NOW</field>
<field name="sameAs">http://dbpedia.org/resource/Doge's_Palace,_Venice</field>
</doc>
<doc>
<field name="uri">http://he.dbpedia.org/resource/ארמון_הדוג'ה</field>
<field name="entity_type">museums</field>
<field name="timestamp">NOW</field>
<field name="sameAs">http://dbpedia.org/resource/Doge's_Palace,_Venice</field>
</doc>
<doc>
<field name="uri">http://hr.dbpedia.org/resource/Duždeva_palača</field>
<field name="entity_type">museums</field>
<field name="timestamp">NOW</field>
<field name="sameAs">http://dbpedia.org/resource/Doge's_Palace,_Venice</field>
</doc>
<doc>
<field name="uri">http://hu.dbpedia.org/resource/Dózse-palota_(Velence)</field>
<field name="entity_type">museums</field>
<field name="timestamp">NOW</field>
<field name="sameAs">http://dbpedia.org/resource/Doge's_Palace,_Venice</field>
</doc>
<doc>
<field name="uri">http://ka.dbpedia.org/resource/დოჟის_სასახლე</field>
<field name="entity_type">museums</field>
<field name="timestamp">NOW</field>
<field name="sameAs">http://dbpedia.org/resource/Doge's_Palace,_Venice</field>
</doc>
<doc>
<field name="uri">http://mk.dbpedia.org/resource/Дуждова_палата</field>
<field name="entity_type">museums</field>
<field name="timestamp">NOW</field>
<field name="sameAs">http://dbpedia.org/resource/Doge's_Palace,_Venice</field>
</doc>
<doc>
<field name="uri">http://no.dbpedia.org/resource/Dogepalasset</field>
<field name="entity_type">museums</field>
<field name="timestamp">NOW</field>
<field name="sameAs">http://dbpedia.org/resource/Doge's_Palace,_Venice</field>
</doc>
<doc>
<field name="uri">http://sh.dbpedia.org/resource/Duždeva_palača</field>
<field name="entity_type">museums</field>
<field name="timestamp">NOW</field>
<field name="sameAs">http://dbpedia.org/resource/Doge's_Palace,_Venice</field>
</doc>
<doc>
<field name="uri">http://simple.dbpedia.org/resource/Doge's_Palace,_Venice</field>
<field name="entity_type">museums</field>
<field name="timestamp">NOW</field>
<field name="sameAs">http://dbpedia.org/resource/Doge's_Palace,_Venice</field>
</doc>
<doc>
<field name="uri">http://sk.dbpedia.org/resource/Dóžov_palác_(Benátky)</field>
<field name="entity_type">museums</field>
<field name="timestamp">NOW</field>
<field name="sameAs">http://dbpedia.org/resource/Doge's_Palace,_Venice</field>
</doc>
<doc>
<field name="uri">http://sl.dbpedia.org/resource/Doževa_palača</field>
<field name="entity_type">museums</field>
<field name="timestamp">NOW</field>
<field name="sameAs">http://dbpedia.org/resource/Doge's_Palace,_Venice</field>
</doc>
<doc>
<field name="uri">http://sr.dbpedia.org/resource/Дуждева_палата</field>
<field name="entity_type">museums</field>
<field name="timestamp">NOW</field>
<field name="sameAs">http://dbpedia.org/resource/Doge's_Palace,_Venice</field>
</doc>
<doc>
<field name="uri">http://sv.dbpedia.org/resource/Dogepalatset</field>
<field name="entity_type">museums</field>
<field name="timestamp">NOW</field>
<field name="sameAs">http://dbpedia.org/resource/Doge's_Palace,_Venice</field>
</doc>
<doc>
<field name="uri">http://tr.dbpedia.org/resource/Palazzo_Ducale_(Venedik)</field>
<field name="entity_type">museums</field>
<field name="timestamp">NOW</field>
<field name="sameAs">http://dbpedia.org/resource/Doge's_Palace,_Venice</field>
</doc>
<doc>
<field name="uri">http://uk.dbpedia.org/resource/Палац_дожів</field>
<field name="entity_type">museums</field>
<field name="timestamp">NOW</field>
<field name="sameAs">http://dbpedia.org/resource/Doge's_Palace,_Venice</field>
</doc>
<doc>
<field name="uri">http://vi.dbpedia.org/resource/Dinh_tổng_trấn_(Venezia)</field>
<field name="entity_type">museums</field>
<field name="timestamp">NOW</field>
<field name="sameAs">http://dbpedia.org/resource/Doge's_Palace,_Venice</field>
</doc>
<doc>
<field name="uri">http://war.dbpedia.org/resource/Palazzo_Ducale,_Venesya</field>
<field name="entity_type">museums</field>
<field name="timestamp">NOW</field>
<field name="sameAs">http://dbpedia.org/resource/Doge's_Palace,_Venice</field>
</doc>
<doc>
<field name="uri">http://vec.dbpedia.org/resource/Pałaso_Dogal</field>
<field name="entity_type">museums</field>
<field name="timestamp">NOW</field>
<field name="sameAs">http://dbpedia.org/resource/Doge's_Palace,_Venice</field>
</doc>
</add>
