<add xmlns:dc="http://purl.org/dc/elements/1.1/" overwrite="true">
<doc>
<field name="uri">http://dbpedia.org/resource/Personnage_Oiseaux</field>
<field name="entity_type">museums</field>
<field name="timestamp">NOW</field>
<field name="museum">http://dbpedia.org/resource/Edwin_A._Ulrich_Museum_of_Art</field>
</doc>
<doc>
<field name="uri">http://dbpedia.org/resource/Edwin_A._Ulrich_Museum_of_Art</field>
<field name="entity_type">museums</field>
<field name="timestamp">NOW</field>
<field name="sameAs">http://dbpedia.org/resource/Edwin_A._Ulrich_Museum_of_Art</field>
</doc>
</add>
