<add xmlns:dc="http://purl.org/dc/elements/1.1/" overwrite="true">
<doc>
<field name="uri">http://dbpedia.org/resource/The_Miracle_of_the_Holy_Fire_(painting)</field>
<field name="entity_type">museums</field>
<field name="timestamp">NOW</field>
<field name="museum">http://dbpedia.org/resource/Fogg_Museum</field>
</doc>
<doc>
<field name="uri">http://it.dbpedia.org/resource/Fogg_Art_Museum</field>
<field name="entity_type">museums</field>
<field name="timestamp">NOW</field>
<field name="sameAs">http://dbpedia.org/resource/Fogg_Museum</field>
</doc>
<doc>
<field name="uri">http://dbpedia.org/resource/Fogg</field>
<field name="entity_type">museums</field>
<field name="timestamp">NOW</field>
</doc>
<doc>
<field name="uri">http://de.dbpedia.org/resource/Fogg_Art_Museum</field>
<field name="entity_type">museums</field>
<field name="timestamp">NOW</field>
<field name="sameAs">http://dbpedia.org/resource/Fogg_Museum</field>
</doc>
<doc>
<field name="uri">http://fr.dbpedia.org/resource/Fogg_Art_Museum</field>
<field name="entity_type">museums</field>
<field name="timestamp">NOW</field>
<field name="sameAs">http://dbpedia.org/resource/Fogg_Museum</field>
</doc>
<doc>
<field name="uri">http://dbpedia.org/resource/Fogg_Museum_of_Art</field>
<field name="entity_type">museums</field>
<field name="timestamp">NOW</field>
</doc>
<doc>
<field name="uri">http://dbpedia.org/resource/Fogg_Museum</field>
<field name="entity_type">museums</field>
<field name="timestamp">NOW</field>
<field name="sameAs">http://fr.dbpedia.org/resource/Fogg_Art_Museum</field>
<field name="sameAs">http://www.wikidata.org/entity/Q809600</field>
<field name="sameAs">http://ca.dbpedia.org/resource/Fogg_Museum</field>
<field name="sameAs">http://es.dbpedia.org/resource/Fogg_Art_Museum</field>
<field name="sameAs">http://it.dbpedia.org/resource/Fogg_Art_Museum</field>
<field name="sameAs">http://ja.dbpedia.org/resource/フォッグ美術館</field>
<field name="sameAs">http://sv.dbpedia.org/resource/Fogg_Museum</field>
<field name="sameAs">http://dbpedia.org/resource/Fogg_Museum</field>
<field name="sameAs">http://ko.dbpedia.org/resource/포그_미술관</field>
<field name="sameAs">http://sws.geonames.org/4936965/</field>
<field name="sameAs">http://rdf.freebase.com/ns/m.06xpbb</field>
<field name="sameAs">http://yago-knowledge.org/resource/Fogg_Museum</field>
<field name="sameAs">http://de.dbpedia.org/resource/Fogg_Art_Museum</field>
<field name="subject" update="add">http://dbpedia.org/resource/Category:University_museums_in_Massachusetts</field>
<field name="subject" update="add">http://dbpedia.org/resource/Category:Institutions_accredited_by_the_American_Alliance_of_Museums</field>
<field name="subject" update="add">http://dbpedia.org/resource/Category:Museums_in_Cambridge,_Massachusetts</field>
<field name="subject" update="add">http://dbpedia.org/resource/Category:Harvard_Square</field>
<field name="subject" update="add">http://dbpedia.org/resource/Category:Buildings_and_structures_on_the_National_Register_of_Historic_Places_in_Massachusetts</field>
<field name="subject" update="add">http://dbpedia.org/resource/Category:Harvard_University_buildings</field>
<field name="subject" update="add">http://dbpedia.org/resource/Category:Harvard_University</field>
<field name="subject" update="add">http://dbpedia.org/resource/Category:Richard_Morris_Hunt_buildings</field>
<field name="subject" update="add">http://dbpedia.org/resource/Category:Art_museums_in_Massachusetts</field>
<field name="subject" update="add">http://dbpedia.org/resource/Category:Art_museums_established_in_1896</field>
<field name="subject" update="add">http://dbpedia.org/resource/Category:Landmarks_in_Cambridge,_Massachusetts</field>
<field name="subject" update="add">http://dbpedia.org/resource/Category:Georgian_Revival_architecture_in_Massachusetts</field>
<field name="subject" update="add">http://dbpedia.org/resource/Category:1896_establishments_in_the_United_States</field>
<field name="subject" update="add">http://dbpedia.org/resource/Category:Renzo_Piano_buildings</field>
<field name="abstract">The Fogg Museum, opened to the public in 1896, is the oldest of Harvard University's art museums. The Fogg joins the Busch-Reisinger Museum and the Arthur M. Sackler Museum as part of the Harvard Art Museums. The museum was originally housed in an Italian Renaissance-style building designed by Richard Morris Hunt. In 1925, the building was replaced by a Georgian Revival-style structure on Quincy Street, designed by Coolidge, Shepley, Bulfinch, and Abbott. (The original Hunt Hall remained, underutilized until it was demolished in 1974 to make way for new freshman dormitories. ) The Fogg Museum is renowned for its holdings of Western paintings, sculpture, decorative arts, photographs, prints, and drawings from the Middle Ages to the present. Particular strengths include Italian Renaissance, British Pre-Raphaelite, and French art of the 19th century, as well as 19th- and 20th-century American paintings and drawings. The museum's Maurice Wertheim Collection is a notable group of impressionist and post-impressionist works that contains many famous masterpieces, including paintings and sculptures by Paul Cézanne, Edgar Degas, Édouard Manet, Henri Matisse, Pablo Picasso, and Vincent van Gogh. Central to the Fogg's holdings is the Grenville L. Winthrop Collection, with more than 4,000 works of art. Bequeathed to Harvard in 1943, the collection continues to play a pivotal role in shaping the legacy of the Harvard Art Museums, serving as a foundation for teaching, research, and professional training programs. It includes important 19th-century paintings, sculpture, and drawings by William Blake, Edward Burne-Jones, Jacques-Louis David, Honoré Daumier, Winslow Homer, Jean Auguste Dominique Ingres, Pierre-Auguste Renoir, Auguste Rodin, John Singer Sargent, Henri de Toulouse-Lautrec, and James Abbott McNeill Whistler. In 2008, the 32 Quincy Street building that formerly housed the Fogg Museum and the Busch-Reisinger Museum closed for a major renovation project to create a new museum building designed by architect Renzo Piano that will house all three museums in one facility. During the renovation, selected works from all three museums are on display at the Arthur M. Sackler Museum.</field>
<field name="label">Fogg Museum</field>
<field name="depiction">http://upload.wikimedia.org/wikipedia/commons/e/ea/Fogg_Art_Museum,_Harvard_University.jpg</field>
<field name="comment">The Fogg Museum, opened to the public in 1896, is the oldest of Harvard University's art museums. The Fogg joins the Busch-Reisinger Museum and the Arthur M. Sackler Museum as part of the Harvard Art Museums. The museum was originally housed in an Italian Renaissance-style building designed by Richard Morris Hunt. In 1925, the building was replaced by a Georgian Revival-style structure on Quincy Street, designed by Coolidge, Shepley, Bulfinch, and Abbott.</field>
<field name="name"/>
<field name="thumbnail">http://upload.wikimedia.org/wikipedia/commons/thumb/e/ea/Fogg_Art_Museum,_Harvard_University.jpg/200px-Fogg_Art_Museum,_Harvard_University.jpg</field>
<field name="link_external">http://www.harvardartmuseum.org/study-and-research/researchcenters/ctsma.dot</field>
<field name="link_external">http://www.harvardartmuseum.org/study-and-research/researchcenters/sardis.dot</field>
<field name="link_external">http://www.harvardartmuseum.org/study-and-research/researchcenters/straus.dot</field>
<field name="link_external">http://www.harvardartmuseum.org/study-and-research/researchcenters/archives.dot</field>
<field name="link_external">http://www.harvard.edu/</field>
<field name="link_external">http://www.harvardartmuseum.org/study-and-research/collectionsearch.dot</field>
<field name="link_external">http://www.harvardartmuseum.org/</field>
<field name="isPrimaryTopicOf">http://en.wikipedia.org/wiki/Fogg_Museum</field>
<field name="photo-collection">http://wifo5-03.informatik.uni-mannheim.de/flickrwrappr/photos/Fogg_Museum</field>
</doc>
<doc>
<field name="uri">http://dbpedia.org/resource/Sc%C3%A8ne_d'%C3%A9t%C3%A9</field>
<field name="entity_type">museums</field>
<field name="timestamp">NOW</field>
<field name="museum">http://dbpedia.org/resource/Fogg_Museum</field>
</doc>
<doc>
<field name="uri">http://dbpedia.org/resource/Fogg_Art_Museum</field>
<field name="entity_type">museums</field>
<field name="timestamp">NOW</field>
</doc>
<doc>
<field name="uri">http://dbpedia.org/resource/The_Blessed_Damozel</field>
<field name="entity_type">museums</field>
<field name="timestamp">NOW</field>
</doc>
<doc>
<field name="uri">http://ja.dbpedia.org/resource/フォッグ美術館</field>
<field name="entity_type">museums</field>
<field name="timestamp">NOW</field>
<field name="sameAs">http://dbpedia.org/resource/Fogg_Museum</field>
</doc>
<doc>
<field name="uri">http://en.wikipedia.org/wiki/Fogg_Museum</field>
<field name="entity_type">museums</field>
<field name="timestamp">NOW</field>
<field name="primaryTopic">http://dbpedia.org/resource/Fogg_Museum</field>
</doc>
<doc>
<field name="uri">http://dbpedia.org/resource/Fogg_museum</field>
<field name="entity_type">museums</field>
<field name="timestamp">NOW</field>
</doc>
<doc>
<field name="uri">http://es.dbpedia.org/resource/Fogg_Art_Museum</field>
<field name="entity_type">museums</field>
<field name="timestamp">NOW</field>
<field name="sameAs">http://dbpedia.org/resource/Fogg_Museum</field>
</doc>
<doc>
<field name="uri">http://ko.dbpedia.org/resource/포그_미술관</field>
<field name="entity_type">museums</field>
<field name="timestamp">NOW</field>
<field name="sameAs">http://dbpedia.org/resource/Fogg_Museum</field>
</doc>
<doc>
<field name="uri">http://wikidata.dbpedia.org/resource/Q809600</field>
<field name="entity_type">museums</field>
<field name="timestamp">NOW</field>
<field name="sameAs">http://dbpedia.org/resource/Fogg_Museum</field>
</doc>
<doc>
<field name="uri">http://ca.dbpedia.org/resource/Fogg_Museum</field>
<field name="entity_type">museums</field>
<field name="timestamp">NOW</field>
<field name="sameAs">http://dbpedia.org/resource/Fogg_Museum</field>
</doc>
<doc>
<field name="uri">http://sv.dbpedia.org/resource/Fogg_Museum</field>
<field name="entity_type">museums</field>
<field name="timestamp">NOW</field>
<field name="sameAs">http://dbpedia.org/resource/Fogg_Museum</field>
</doc>
</add>
