<add xmlns:dc="http://purl.org/dc/elements/1.1/" overwrite="true">
<doc>
<field name="uri">http://dbpedia.org/resource/Gallery_Oldham</field>
<field name="entity_type">museums</field>
<field name="timestamp">NOW</field>
<field name="sameAs">http://yago-knowledge.org/resource/Gallery_Oldham</field>
<field name="sameAs">http://www.wikidata.org/entity/Q5518996</field>
<field name="sameAs">http://rdf.freebase.com/ns/m.0ds2n5</field>
<field name="sameAs">http://dbpedia.org/resource/Gallery_Oldham</field>
<field name="subject" update="add">http://dbpedia.org/resource/Category:Art_museums_and_galleries_in_Greater_Manchester</field>
<field name="subject" update="add">http://dbpedia.org/resource/Category:Local_museums_in_Greater_Manchester</field>
<field name="subject" update="add">http://dbpedia.org/resource/Category:2002_establishments_in_England</field>
<field name="subject" update="add">http://dbpedia.org/resource/Category:Art_museums_established_in_2002</field>
<field name="subject" update="add">http://dbpedia.org/resource/Category:Natural_history_museums_in_England</field>
<field name="abstract">Gallery Oldham is a free-to-view public art gallery in the Cultural Quarter of central Oldham, in Greater Manchester, England.</field>
<field name="label">Gallery Oldham</field>
<field name="depiction">http://upload.wikimedia.org/wikipedia/commons/9/9e/Geograph-3174697-by-SMJ.jpeg</field>
<field name="comment">Gallery Oldham is a free-to-view public art gallery in the Cultural Quarter of central Oldham, in Greater Manchester, England.</field>
<field name="name"/>
<field name="thumbnail">http://upload.wikimedia.org/wikipedia/commons/thumb/9/9e/Geograph-3174697-by-SMJ.jpeg/200px-Geograph-3174697-by-SMJ.jpeg</field>
<field name="link_external">http://www.galleryoldham.org.uk/</field>
<field name="isPrimaryTopicOf">http://en.wikipedia.org/wiki/Gallery_Oldham</field>
<field name="photo-collection">http://wifo5-03.informatik.uni-mannheim.de/flickrwrappr/photos/Gallery_Oldham</field>
</doc>
<doc>
<field name="uri">http://dbpedia.org/resource/Circe_Offering_the_Cup_to_Ulysses</field>
<field name="entity_type">museums</field>
<field name="timestamp">NOW</field>
<field name="museum">http://dbpedia.org/resource/Gallery_Oldham</field>
</doc>
<doc>
<field name="uri">http://en.wikipedia.org/wiki/Gallery_Oldham</field>
<field name="entity_type">museums</field>
<field name="timestamp">NOW</field>
<field name="primaryTopic">http://dbpedia.org/resource/Gallery_Oldham</field>
</doc>
<doc>
<field name="uri">http://wikidata.dbpedia.org/resource/Q5518996</field>
<field name="entity_type">museums</field>
<field name="timestamp">NOW</field>
<field name="sameAs">http://dbpedia.org/resource/Gallery_Oldham</field>
</doc>
</add>
