<add xmlns:dc="http://purl.org/dc/elements/1.1/" overwrite="true">
<doc>
<field name="uri">http://dbpedia.org/resource/Borghese_Gallery</field>
<field name="entity_type">museums</field>
<field name="timestamp">NOW</field>
</doc>
<doc>
<field name="uri">http://dbpedia.org/resource/David_(Bernini)</field>
<field name="entity_type">museums</field>
<field name="timestamp">NOW</field>
<field name="museum">http://dbpedia.org/resource/Galleria_Borghese</field>
</doc>
<doc>
<field name="uri">http://es.dbpedia.org/resource/Galería_Borghese</field>
<field name="entity_type">museums</field>
<field name="timestamp">NOW</field>
<field name="sameAs">http://dbpedia.org/resource/Galleria_Borghese</field>
</doc>
<doc>
<field name="uri">http://it.dbpedia.org/resource/Galleria_Borghese</field>
<field name="entity_type">museums</field>
<field name="timestamp">NOW</field>
<field name="sameAs">http://dbpedia.org/resource/Galleria_Borghese</field>
</doc>
<doc>
<field name="uri">http://ja.dbpedia.org/resource/ボルゲーゼ美術館</field>
<field name="entity_type">museums</field>
<field name="timestamp">NOW</field>
<field name="sameAs">http://dbpedia.org/resource/Galleria_Borghese</field>
</doc>
<doc>
<field name="uri">http://pt.dbpedia.org/resource/Galleria_Borghese</field>
<field name="entity_type">museums</field>
<field name="timestamp">NOW</field>
<field name="sameAs">http://dbpedia.org/resource/Galleria_Borghese</field>
</doc>
<doc>
<field name="uri">http://ru.dbpedia.org/resource/Галерея_Боргезе</field>
<field name="entity_type">museums</field>
<field name="timestamp">NOW</field>
<field name="sameAs">http://dbpedia.org/resource/Galleria_Borghese</field>
</doc>
<doc>
<field name="uri">http://dbpedia.org/resource/Apollo_and_Daphne_(Bernini)</field>
<field name="entity_type">museums</field>
<field name="timestamp">NOW</field>
<field name="museum">http://dbpedia.org/resource/Galleria_Borghese</field>
</doc>
<doc>
<field name="uri">http://dbpedia.org/resource/The_Goat_Amalthea_with_the_Infant_Jupiter_and_a_Faun</field>
<field name="entity_type">museums</field>
<field name="timestamp">NOW</field>
<field name="museum">http://dbpedia.org/resource/Galleria_Borghese</field>
</doc>
<doc>
<field name="uri">http://dbpedia.org/resource/Dana%C3%AB_(Correggio)</field>
<field name="entity_type">museums</field>
<field name="timestamp">NOW</field>
<field name="museum">http://dbpedia.org/resource/Galleria_Borghese</field>
</doc>
<doc>
<field name="uri">http://dbpedia.org/resource/Young_Sick_Bacchus</field>
<field name="entity_type">museums</field>
<field name="timestamp">NOW</field>
</doc>
<doc>
<field name="uri">http://dbpedia.org/resource/Galleria_Borghese</field>
<field name="entity_type">museums</field>
<field name="timestamp">NOW</field>
<field name="sameAs">http://cs.dbpedia.org/resource/Galerie_Borghese</field>
<field name="sameAs">http://uk.dbpedia.org/resource/Галерея_Боргезе</field>
<field name="sameAs">http://br.dbpedia.org/resource/Galleria_Borghese</field>
<field name="sameAs">http://dbpedia.org/resource/Galleria_Borghese</field>
<field name="sameAs">http://rdf.freebase.com/ns/m.036_2f</field>
<field name="sameAs">http://no.dbpedia.org/resource/Galleria_Borghese</field>
<field name="sameAs">http://et.dbpedia.org/resource/Borghese_galerii</field>
<field name="sameAs">http://ko.dbpedia.org/resource/보르게세_미술관</field>
<field name="sameAs">http://ja.dbpedia.org/resource/ボルゲーゼ美術館</field>
<field name="sameAs">http://pl.dbpedia.org/resource/Galeria_Borghese</field>
<field name="sameAs">http://yago-knowledge.org/resource/Galleria_Borghese</field>
<field name="sameAs">http://la.dbpedia.org/resource/Pinacotheca_Borgesia</field>
<field name="sameAs">http://fr.dbpedia.org/resource/Galerie_Borghèse</field>
<field name="sameAs">http://da.dbpedia.org/resource/Galleri_Borghese</field>
<field name="sameAs">http://pt.dbpedia.org/resource/Galleria_Borghese</field>
<field name="sameAs">http://be.dbpedia.org/resource/Галерэя_Баргезэ</field>
<field name="sameAs">http://sws.geonames.org/7303254/</field>
<field name="sameAs">http://ru.dbpedia.org/resource/Галерея_Боргезе</field>
<field name="sameAs">http://az.dbpedia.org/resource/Borgeze_qalereyası</field>
<field name="sameAs">http://ar.dbpedia.org/resource/معرض_بورغيزي</field>
<field name="sameAs">http://bg.dbpedia.org/resource/Галерия_Боргезе</field>
<field name="sameAs">http://it.dbpedia.org/resource/Galleria_Borghese</field>
<field name="sameAs">http://th.dbpedia.org/resource/หอศิลป์บอร์เกเซ</field>
<field name="sameAs">http://nl.dbpedia.org/resource/Galleria_Borghese</field>
<field name="sameAs">http://lt.dbpedia.org/resource/Borgezių_galerija</field>
<field name="sameAs">http://mk.dbpedia.org/resource/Боргеска_галерија</field>
<field name="sameAs">http://sv.dbpedia.org/resource/Galleria_Borghese</field>
<field name="sameAs">http://ca.dbpedia.org/resource/Galeria_Borghese</field>
<field name="sameAs">http://es.dbpedia.org/resource/Galería_Borghese</field>
<field name="sameAs">http://ro.dbpedia.org/resource/Galeria_Borghese</field>
<field name="sameAs">http://www.wikidata.org/entity/Q841506</field>
<field name="sameAs">http://he.dbpedia.org/resource/גלריה_בורגזה</field>
<field name="subject" update="add">http://dbpedia.org/resource/Category:17th-century_architecture</field>
<field name="subject" update="add">http://dbpedia.org/resource/Category:Art_museums_established_in_1903</field>
<field name="subject" update="add">http://dbpedia.org/resource/Category:1903_establishments_in_Italy</field>
<field name="subject" update="add">http://dbpedia.org/resource/Category:Art_museums_and_galleries_in_Rome</field>
<field name="subject" update="add">http://dbpedia.org/resource/Category:Palaces_in_Rome</field>
<field name="abstract">The Borghese Gallery is an art gallery in Rome, Italy, housed in the former Villa Borghese Pinciana. It is a building that was from the first integral with its gardens, nowadays considered quite separately by tourists as the Villa Borghese gardens. The Galleria Borghese houses a substantial part of the Borghese collection of paintings, sculpture and antiquities, begun by Cardinal Scipione Borghese, the nephew of Pope Paul V (reign 1605–1621). The Villa was built by the architect Flaminio Ponzio, developing sketches by Scipione Borghese himself, who used it as a villa suburbana, a party villa at the edge of Rome. Scipione Borghese was an early patron of Bernini and an avid collector of works by Caravaggio, who is well represented in the collection by his Boy with a Basket of Fruit, St. Jerome, Sick Bacchus and others. Other paintings of note include Titian's Sacred and Profane Love, Raphael's Entombment of Christ and works by Peter Paul Rubens and Federico Barocci.</field>
<field name="label">Galleria Borghese</field>
<field name="depiction">http://upload.wikimedia.org/wikipedia/commons/5/5d/Galleria_borghese_facade.jpg</field>
<field name="comment">The Borghese Gallery is an art gallery in Rome, Italy, housed in the former Villa Borghese Pinciana. It is a building that was from the first integral with its gardens, nowadays considered quite separately by tourists as the Villa Borghese gardens. The Galleria Borghese houses a substantial part of the Borghese collection of paintings, sculpture and antiquities, begun by Cardinal Scipione Borghese, the nephew of Pope Paul V (reign 1605–1621).</field>
<field name="name"/>
<field name="name"/>
<field name="thumbnail">http://upload.wikimedia.org/wikipedia/commons/thumb/5/5d/Galleria_borghese_facade.jpg/200px-Galleria_borghese_facade.jpg</field>
<field name="link_external">http://www.galleriaborghese.it/default-en.htm</field>
<field name="link_external">http://maps.google.com/maps?q=10+via+del+corso,+rome&amp;ll=41.914150,12.492453&amp;spn=0.003777,0.008929&amp;t=k&amp;hl=en</field>
<field name="link_external">http://roma.cercachetrovi.it/?q=galleria-borghese</field>
<field name="link_external">http://www.romeartlover.it/Vasi187.html</field>
<field name="link_external">http://www.galleriaborghese.it/</field>
<field name="link_external">http://www.duchs.com/travel/italy/rome/attractions/Galleria_Borghese</field>
<field name="isPrimaryTopicOf">http://en.wikipedia.org/wiki/Galleria_Borghese</field>
<field name="photo-collection">http://wifo5-03.informatik.uni-mannheim.de/flickrwrappr/photos/Galleria_Borghese</field>
</doc>
<doc>
<field name="uri">http://dbpedia.org/resource/The_Deposition_(Rubens)</field>
<field name="entity_type">museums</field>
<field name="timestamp">NOW</field>
<field name="museum">http://dbpedia.org/resource/Galleria_Borghese</field>
</doc>
<doc>
<field name="uri">http://dbpedia.org/resource/La_Zingarella</field>
<field name="entity_type">museums</field>
<field name="timestamp">NOW</field>
<field name="museum">http://dbpedia.org/resource/Galleria_Borghese</field>
</doc>
<doc>
<field name="uri">http://dbpedia.org/resource/David_with_the_Head_of_Goliath</field>
<field name="entity_type">museums</field>
<field name="timestamp">NOW</field>
</doc>
<doc>
<field name="uri">http://fr.dbpedia.org/resource/Galerie_Borghèse</field>
<field name="entity_type">museums</field>
<field name="timestamp">NOW</field>
<field name="sameAs">http://dbpedia.org/resource/Galleria_Borghese</field>
</doc>
<doc>
<field name="uri">http://ko.dbpedia.org/resource/보르게세_미술관</field>
<field name="entity_type">museums</field>
<field name="timestamp">NOW</field>
<field name="sameAs">http://dbpedia.org/resource/Galleria_Borghese</field>
</doc>
<doc>
<field name="uri">http://cs.dbpedia.org/resource/Galerie_Borghese</field>
<field name="entity_type">museums</field>
<field name="timestamp">NOW</field>
<field name="sameAs">http://dbpedia.org/resource/Galleria_Borghese</field>
</doc>
<doc>
<field name="uri">http://pl.dbpedia.org/resource/Galeria_Borghese</field>
<field name="entity_type">museums</field>
<field name="timestamp">NOW</field>
<field name="sameAs">http://dbpedia.org/resource/Galleria_Borghese</field>
</doc>
<doc>
<field name="uri">http://dbpedia.org/resource/John_the_Baptist_(Caravaggio)</field>
<field name="entity_type">museums</field>
<field name="timestamp">NOW</field>
</doc>
<doc>
<field name="uri">http://dbpedia.org/resource/Pincian_Hill</field>
<field name="entity_type">museums</field>
<field name="timestamp">NOW</field>
</doc>
<doc>
<field name="uri">http://dbpedia.org/resource/Saint_Jerome_Writing</field>
<field name="entity_type">museums</field>
<field name="timestamp">NOW</field>
</doc>
<doc>
<field name="uri">http://dbpedia.org/resource/Crucifixion_between_Sts._Jerome_and_Christopher</field>
<field name="entity_type">museums</field>
<field name="timestamp">NOW</field>
</doc>
<doc>
<field name="uri">http://dbpedia.org/resource/The_Rape_of_Proserpina</field>
<field name="entity_type">museums</field>
<field name="timestamp">NOW</field>
<field name="museum">http://dbpedia.org/resource/Galleria_Borghese</field>
</doc>
<doc>
<field name="uri">http://dbpedia.org/resource/Aeneas,_Anchises,_and_Ascanius</field>
<field name="entity_type">museums</field>
<field name="timestamp">NOW</field>
<field name="museum">http://dbpedia.org/resource/Galleria_Borghese</field>
</doc>
<doc>
<field name="uri">http://dbpedia.org/resource/Madonna_and_Child_with_St._Anne_(Dei_Palafrenieri)</field>
<field name="entity_type">museums</field>
<field name="timestamp">NOW</field>
<field name="museum">http://dbpedia.org/resource/Galleria_Borghese</field>
</doc>
<doc>
<field name="uri">http://dbpedia.org/resource/Portrait_of_Pope_Paul_V</field>
<field name="entity_type">museums</field>
<field name="timestamp">NOW</field>
</doc>
<doc>
<field name="uri">http://dbpedia.org/resource/Bust_of_Pope_Paul_V_(Bernini)</field>
<field name="entity_type">museums</field>
<field name="timestamp">NOW</field>
<field name="museum">http://dbpedia.org/resource/Galleria_Borghese</field>
</doc>
<doc>
<field name="uri">http://dbpedia.org/resource/Madonna_with_Child_between_Sts._Flavian_and_Onuphrius</field>
<field name="entity_type">museums</field>
<field name="timestamp">NOW</field>
</doc>
<doc>
<field name="uri">http://dbpedia.org/resource/Two_Busts_of_Scipione_Borghese</field>
<field name="entity_type">museums</field>
<field name="timestamp">NOW</field>
<field name="museum">http://dbpedia.org/resource/Galleria_Borghese</field>
</doc>
<doc>
<field name="uri">http://dbpedia.org/resource/Venus_Blindfolding_Cupid</field>
<field name="entity_type">museums</field>
<field name="timestamp">NOW</field>
<field name="museum">http://dbpedia.org/resource/Galleria_Borghese</field>
</doc>
<doc>
<field name="uri">http://en.wikipedia.org/wiki/Galleria_Borghese</field>
<field name="entity_type">museums</field>
<field name="timestamp">NOW</field>
<field name="primaryTopic">http://dbpedia.org/resource/Galleria_Borghese</field>
</doc>
<doc>
<field name="uri">http://dbpedia.org/resource/Portrait_of_a_Man_(Raphael)</field>
<field name="entity_type">museums</field>
<field name="timestamp">NOW</field>
<field name="museum">http://dbpedia.org/resource/Galleria_Borghese</field>
</doc>
<doc>
<field name="uri">http://dbpedia.org/resource/Sacred_and_Profane_Love</field>
<field name="entity_type">museums</field>
<field name="timestamp">NOW</field>
<field name="museum">http://dbpedia.org/resource/Galleria_Borghese</field>
</doc>
<doc>
<field name="uri">http://dbpedia.org/resource/The_Deposition_(Raphael)</field>
<field name="entity_type">museums</field>
<field name="timestamp">NOW</field>
</doc>
<doc>
<field name="uri">http://dbpedia.org/resource/Young_Woman_with_Unicorn</field>
<field name="entity_type">museums</field>
<field name="timestamp">NOW</field>
<field name="museum">http://dbpedia.org/resource/Galleria_Borghese</field>
</doc>
<doc>
<field name="uri">http://dbpedia.org/resource/Boy_with_a_Basket_of_Fruit</field>
<field name="entity_type">museums</field>
<field name="timestamp">NOW</field>
</doc>
<doc>
<field name="uri">http://dbpedia.org/resource/Venus_Victrix_(Canova)</field>
<field name="entity_type">museums</field>
<field name="timestamp">NOW</field>
<field name="museum">http://dbpedia.org/resource/Galleria_Borghese</field>
</doc>
<doc>
<field name="uri">http://dbpedia.org/resource/Susanna_and_the_Elders_(Rubens)</field>
<field name="entity_type">museums</field>
<field name="timestamp">NOW</field>
<field name="museum">http://dbpedia.org/resource/Galleria_Borghese</field>
</doc>
<doc>
<field name="uri">http://dbpedia.org/resource/Galleria_Borghese,_Rome</field>
<field name="entity_type">museums</field>
<field name="timestamp">NOW</field>
</doc>
<doc>
<field name="uri">http://dbpedia.org/resource/Borghese_Gallery_Rome</field>
<field name="entity_type">museums</field>
<field name="timestamp">NOW</field>
</doc>
<doc>
<field name="uri">http://nl.dbpedia.org/resource/Galleria_Borghese</field>
<field name="entity_type">museums</field>
<field name="timestamp">NOW</field>
<field name="sameAs">http://dbpedia.org/resource/Galleria_Borghese</field>
</doc>
<doc>
<field name="uri">http://wikidata.dbpedia.org/resource/Q841506</field>
<field name="entity_type">museums</field>
<field name="timestamp">NOW</field>
<field name="sameAs">http://dbpedia.org/resource/Galleria_Borghese</field>
</doc>
<doc>
<field name="uri">http://ar.dbpedia.org/resource/معرض_بورغيزي</field>
<field name="entity_type">museums</field>
<field name="timestamp">NOW</field>
<field name="sameAs">http://dbpedia.org/resource/Galleria_Borghese</field>
</doc>
<doc>
<field name="uri">http://az.dbpedia.org/resource/Borgeze_qalereyası</field>
<field name="entity_type">museums</field>
<field name="timestamp">NOW</field>
<field name="sameAs">http://dbpedia.org/resource/Galleria_Borghese</field>
</doc>
<doc>
<field name="uri">http://be.dbpedia.org/resource/Галерэя_Баргезэ</field>
<field name="entity_type">museums</field>
<field name="timestamp">NOW</field>
<field name="sameAs">http://dbpedia.org/resource/Galleria_Borghese</field>
</doc>
<doc>
<field name="uri">http://bg.dbpedia.org/resource/Галерия_Боргезе</field>
<field name="entity_type">museums</field>
<field name="timestamp">NOW</field>
<field name="sameAs">http://dbpedia.org/resource/Galleria_Borghese</field>
</doc>
<doc>
<field name="uri">http://br.dbpedia.org/resource/Galleria_Borghese</field>
<field name="entity_type">museums</field>
<field name="timestamp">NOW</field>
<field name="sameAs">http://dbpedia.org/resource/Galleria_Borghese</field>
</doc>
<doc>
<field name="uri">http://ca.dbpedia.org/resource/Galeria_Borghese</field>
<field name="entity_type">museums</field>
<field name="timestamp">NOW</field>
<field name="sameAs">http://dbpedia.org/resource/Galleria_Borghese</field>
</doc>
<doc>
<field name="uri">http://da.dbpedia.org/resource/Galleri_Borghese</field>
<field name="entity_type">museums</field>
<field name="timestamp">NOW</field>
<field name="sameAs">http://dbpedia.org/resource/Galleria_Borghese</field>
</doc>
<doc>
<field name="uri">http://et.dbpedia.org/resource/Borghese_galerii</field>
<field name="entity_type">museums</field>
<field name="timestamp">NOW</field>
<field name="sameAs">http://dbpedia.org/resource/Galleria_Borghese</field>
</doc>
<doc>
<field name="uri">http://he.dbpedia.org/resource/גלריה_בורגזה</field>
<field name="entity_type">museums</field>
<field name="timestamp">NOW</field>
<field name="sameAs">http://dbpedia.org/resource/Galleria_Borghese</field>
</doc>
<doc>
<field name="uri">http://la.dbpedia.org/resource/Pinacotheca_Borgesia</field>
<field name="entity_type">museums</field>
<field name="timestamp">NOW</field>
<field name="sameAs">http://dbpedia.org/resource/Galleria_Borghese</field>
</doc>
<doc>
<field name="uri">http://lt.dbpedia.org/resource/Borgezių_galerija</field>
<field name="entity_type">museums</field>
<field name="timestamp">NOW</field>
<field name="sameAs">http://dbpedia.org/resource/Galleria_Borghese</field>
</doc>
<doc>
<field name="uri">http://mk.dbpedia.org/resource/Боргеска_галерија</field>
<field name="entity_type">museums</field>
<field name="timestamp">NOW</field>
<field name="sameAs">http://dbpedia.org/resource/Galleria_Borghese</field>
</doc>
<doc>
<field name="uri">http://no.dbpedia.org/resource/Galleria_Borghese</field>
<field name="entity_type">museums</field>
<field name="timestamp">NOW</field>
<field name="sameAs">http://dbpedia.org/resource/Galleria_Borghese</field>
</doc>
<doc>
<field name="uri">http://ro.dbpedia.org/resource/Galeria_Borghese</field>
<field name="entity_type">museums</field>
<field name="timestamp">NOW</field>
<field name="sameAs">http://dbpedia.org/resource/Galleria_Borghese</field>
</doc>
<doc>
<field name="uri">http://sv.dbpedia.org/resource/Galleria_Borghese</field>
<field name="entity_type">museums</field>
<field name="timestamp">NOW</field>
<field name="sameAs">http://dbpedia.org/resource/Galleria_Borghese</field>
</doc>
<doc>
<field name="uri">http://th.dbpedia.org/resource/หอศิลป์บอร์เกเซ</field>
<field name="entity_type">museums</field>
<field name="timestamp">NOW</field>
<field name="sameAs">http://dbpedia.org/resource/Galleria_Borghese</field>
</doc>
<doc>
<field name="uri">http://uk.dbpedia.org/resource/Галерея_Боргезе</field>
<field name="entity_type">museums</field>
<field name="timestamp">NOW</field>
<field name="sameAs">http://dbpedia.org/resource/Galleria_Borghese</field>
</doc>
</add>
