<add xmlns:dc="http://purl.org/dc/elements/1.1/" overwrite="true">
<doc>
<field name="uri">http://es.dbpedia.org/resource/Herzog_Anton_Ulrich-Museum</field>
<field name="entity_type">museums</field>
<field name="timestamp">NOW</field>
<field name="sameAs">http://dbpedia.org/resource/Herzog_Anton_Ulrich_Museum</field>
</doc>
<doc>
<field name="uri">http://ja.dbpedia.org/resource/アントン・ウルリッヒ公爵美術館</field>
<field name="entity_type">museums</field>
<field name="timestamp">NOW</field>
<field name="sameAs">http://dbpedia.org/resource/Herzog_Anton_Ulrich_Museum</field>
</doc>
<doc>
<field name="uri">http://dbpedia.org/resource/The_Girl_with_the_Wine_Glass</field>
<field name="entity_type">museums</field>
<field name="timestamp">NOW</field>
<field name="museum">http://dbpedia.org/resource/Herzog_Anton_Ulrich_Museum</field>
</doc>
<doc>
<field name="uri">http://fr.dbpedia.org/resource/Musée_Herzog_Anton_Ulrich</field>
<field name="entity_type">museums</field>
<field name="timestamp">NOW</field>
<field name="sameAs">http://dbpedia.org/resource/Herzog_Anton_Ulrich_Museum</field>
</doc>
<doc>
<field name="uri">http://de.dbpedia.org/resource/Herzog_Anton_Ulrich-Museum</field>
<field name="entity_type">museums</field>
<field name="timestamp">NOW</field>
<field name="sameAs">http://dbpedia.org/resource/Herzog_Anton_Ulrich_Museum</field>
</doc>
<doc>
<field name="uri">http://dbpedia.org/resource/Herzog_Anton_Ulrich_Museum</field>
<field name="entity_type">museums</field>
<field name="timestamp">NOW</field>
<field name="sameAs">http://ja.dbpedia.org/resource/アントン・ウルリッヒ公爵美術館</field>
<field name="sameAs">http://br.dbpedia.org/resource/Mirdi_Herzog_Anton_Ulrich</field>
<field name="sameAs">http://it.dbpedia.org/resource/Herzog_Anton_Ulrich-Museum</field>
<field name="sameAs">http://de.dbpedia.org/resource/Herzog_Anton_Ulrich-Museum</field>
<field name="sameAs">http://www.wikidata.org/entity/Q678082</field>
<field name="sameAs">http://fr.dbpedia.org/resource/Musée_Herzog_Anton_Ulrich</field>
<field name="sameAs">http://sv.dbpedia.org/resource/Herzog_Anton_Ulrichmuseet</field>
<field name="sameAs">http://yago-knowledge.org/resource/Herzog_Anton_Ulrich_Museum</field>
<field name="sameAs">http://da.dbpedia.org/resource/Herzog_Anton_Ulrich-Museum</field>
<field name="sameAs">http://dbpedia.org/resource/Herzog_Anton_Ulrich_Museum</field>
<field name="sameAs">http://pl.dbpedia.org/resource/Herzog_Anton_Ulrich-Museum</field>
<field name="sameAs">http://es.dbpedia.org/resource/Herzog_Anton_Ulrich-Museum</field>
<field name="sameAs">http://rdf.freebase.com/ns/m.07_bbc</field>
<field name="subject" update="add">http://dbpedia.org/resource/Category:Culture_in_Braunschweig</field>
<field name="subject" update="add">http://dbpedia.org/resource/Category:1754_establishments_in_Germany</field>
<field name="subject" update="add">http://dbpedia.org/resource/Category:Art_museums_established_in_1754</field>
<field name="subject" update="add">http://dbpedia.org/resource/Category:Culture_of_Lower_Saxony</field>
<field name="subject" update="add">http://dbpedia.org/resource/Category:Museums_in_Lower_Saxony</field>
<field name="subject" update="add">http://dbpedia.org/resource/Category:Art_museums_and_galleries_in_Germany</field>
<field name="subject" update="add">http://dbpedia.org/resource/Category:Buildings_and_structures_in_Braunschweig</field>
<field name="abstract">The Herzog Anton Ulrich Museum (HAUM) is an art museum in the German city of Braunschweig, Lower Saxony. Founded in 1754, the Herzog Anton Ulrich Museum is one of the oldest museums in Europe. It houses a collection of masters of Western art, including Cranach, Holbein, Van Dyck, Vermeer, Rubens, and Rembrandt. The museum is based on the Schloss Salzdahlum art collection of Anthony Ulrich, Duke of Brunswick-Lüneburg (1633–1714), after whom it is named. In period catalogs, the term Bilder-Galerie zu Salzthalen refers to this collection. The Copperplate Cabinet, with its over 100,000 pieces of print graphics and 10,000 drawings, is of great importance. There are also rotating exhibitions of art and craftwork from all over the world. The present museum building was opened in 1887. Its architect, Oskar Sommer, planned the building in Italian Renaissance style. Currently, the museum is closed for renovations and is scheduled to reopen in 2015 at the earliest. 		 			Portrait of Cyriacus Kale, by Hans Holbein the Younger. jpg 			 Portrait of Cyriacus Kale, by Hans Holbein the Younger, 1533, from the museum's collection 			 		 		 			Jan Vermeer van Delft 006. jpg 			 The Girl with the Wine Glass, by Johannes Vermeer, c. 1659, from the museum's collection 			 		 		 			Rembrandt Harmensz. van Rijn 050. jpg 			 Portrait of a Family, by Rembrandt, 1668/69, from the museum's collection</field>
<field name="label">Herzog Anton Ulrich Museum</field>
<field name="depiction">http://upload.wikimedia.org/wikipedia/commons/e/e1/Braunschweig_Herzog_Anton_Ulrich_Museum_nachts.jpg</field>
<field name="comment">The Herzog Anton Ulrich Museum (HAUM) is an art museum in the German city of Braunschweig, Lower Saxony. Founded in 1754, the Herzog Anton Ulrich Museum is one of the oldest museums in Europe. It houses a collection of masters of Western art, including Cranach, Holbein, Van Dyck, Vermeer, Rubens, and Rembrandt. The museum is based on the Schloss Salzdahlum art collection of Anthony Ulrich, Duke of Brunswick-Lüneburg (1633–1714), after whom it is named.</field>
<field name="name"/>
<field name="thumbnail">http://upload.wikimedia.org/wikipedia/commons/thumb/e/e1/Braunschweig_Herzog_Anton_Ulrich_Museum_nachts.jpg/200px-Braunschweig_Herzog_Anton_Ulrich_Museum_nachts.jpg</field>
<field name="link_external">http://www.3landesmuseen.de/Herzog-Anton-Ulrich-Museum.304.0.html</field>
<field name="link_external">http://www.museum-braunschweig.de/</field>
<field name="isPrimaryTopicOf">http://en.wikipedia.org/wiki/Herzog_Anton_Ulrich_Museum</field>
<field name="photo-collection">http://wifo5-03.informatik.uni-mannheim.de/flickrwrappr/photos/Herzog_Anton_Ulrich_Museum</field>
</doc>
<doc>
<field name="uri">http://dbpedia.org/resource/Dankwarderode_Castle</field>
<field name="entity_type">museums</field>
<field name="timestamp">NOW</field>
</doc>
<doc>
<field name="uri">http://pl.dbpedia.org/resource/Herzog_Anton_Ulrich-Museum</field>
<field name="entity_type">museums</field>
<field name="timestamp">NOW</field>
<field name="sameAs">http://dbpedia.org/resource/Herzog_Anton_Ulrich_Museum</field>
</doc>
<doc>
<field name="uri">http://dbpedia.org/resource/Brunswick_Gallery</field>
<field name="entity_type">museums</field>
<field name="timestamp">NOW</field>
</doc>
<doc>
<field name="uri">http://dbpedia.org/resource/Herzog_Anton-Ulrich-Museum</field>
<field name="entity_type">museums</field>
<field name="timestamp">NOW</field>
</doc>
<doc>
<field name="uri">http://dbpedia.org/resource/Herzog_Anton_Ulrich-Museum</field>
<field name="entity_type">museums</field>
<field name="timestamp">NOW</field>
</doc>
<doc>
<field name="uri">http://en.wikipedia.org/wiki/Herzog_Anton_Ulrich_Museum</field>
<field name="entity_type">museums</field>
<field name="timestamp">NOW</field>
<field name="primaryTopic">http://dbpedia.org/resource/Herzog_Anton_Ulrich_Museum</field>
</doc>
<doc>
<field name="uri">http://it.dbpedia.org/resource/Herzog_Anton_Ulrich-Museum</field>
<field name="entity_type">museums</field>
<field name="timestamp">NOW</field>
<field name="sameAs">http://dbpedia.org/resource/Herzog_Anton_Ulrich_Museum</field>
</doc>
<doc>
<field name="uri">http://br.dbpedia.org/resource/Mirdi_Herzog_Anton_Ulrich</field>
<field name="entity_type">museums</field>
<field name="timestamp">NOW</field>
<field name="sameAs">http://dbpedia.org/resource/Herzog_Anton_Ulrich_Museum</field>
</doc>
<doc>
<field name="uri">http://da.dbpedia.org/resource/Herzog_Anton_Ulrich-Museum</field>
<field name="entity_type">museums</field>
<field name="timestamp">NOW</field>
<field name="sameAs">http://dbpedia.org/resource/Herzog_Anton_Ulrich_Museum</field>
</doc>
<doc>
<field name="uri">http://sv.dbpedia.org/resource/Herzog_Anton_Ulrichmuseet</field>
<field name="entity_type">museums</field>
<field name="timestamp">NOW</field>
<field name="sameAs">http://dbpedia.org/resource/Herzog_Anton_Ulrich_Museum</field>
</doc>
<doc>
<field name="uri">http://wikidata.dbpedia.org/resource/Q678082</field>
<field name="entity_type">museums</field>
<field name="timestamp">NOW</field>
<field name="sameAs">http://dbpedia.org/resource/Herzog_Anton_Ulrich_Museum</field>
</doc>
</add>
