<add xmlns:dc="http://purl.org/dc/elements/1.1/" overwrite="true">
<doc>
<field name="uri">http://dbpedia.org/resource/Imperial_War_Museum</field>
<field name="entity_type">museums</field>
<field name="timestamp">NOW</field>
<field name="sameAs">http://es.dbpedia.org/resource/Museo_Imperial_de_la_Guerra</field>
<field name="sameAs">http://it.dbpedia.org/resource/Imperial_War_Museum</field>
<field name="sameAs">http://rdf.freebase.com/ns/m.019mwh</field>
<field name="sameAs">http://no.dbpedia.org/resource/Imperial_War_Museum</field>
<field name="sameAs">http://nl.dbpedia.org/resource/Imperial_War_Museum</field>
<field name="sameAs">http://pt.dbpedia.org/resource/Imperial_War_Museum</field>
<field name="sameAs">http://pl.dbpedia.org/resource/Imperial_War_Museum</field>
<field name="sameAs">http://fr.dbpedia.org/resource/Imperial_War_Museum</field>
<field name="sameAs">http://sv.dbpedia.org/resource/Imperial_War_Museum</field>
<field name="sameAs">http://ru.dbpedia.org/resource/Имперский_военный_музей</field>
<field name="sameAs">http://zh.dbpedia.org/resource/帝国战争博物馆</field>
<field name="sameAs">http://cs.dbpedia.org/resource/Imperial_War_Museum</field>
<field name="sameAs">http://da.dbpedia.org/resource/Imperial_War_Museum</field>
<field name="sameAs">http://he.dbpedia.org/resource/מוזיאון_המלחמה_האימפריאלי</field>
<field name="sameAs">http://www.wikidata.org/entity/Q749808</field>
<field name="sameAs">http://de.dbpedia.org/resource/Imperial_War_Museum</field>
<field name="sameAs">http://yago-knowledge.org/resource/Imperial_War_Museum</field>
<field name="sameAs">http://sk.dbpedia.org/resource/Imperial_War_Museum</field>
<field name="sameAs">http://uk.dbpedia.org/resource/Імперський_військовий_музей</field>
<field name="sameAs">http://dbpedia.org/resource/Imperial_War_Museum</field>
<field name="subject" update="add">http://dbpedia.org/resource/Category:Exempt_charities</field>
<field name="subject" update="add">http://dbpedia.org/resource/Category:Non-departmental_public_bodies_of_the_United_Kingdom_government</field>
<field name="subject" update="add">http://dbpedia.org/resource/Category:Grade_II_listed_museum_buildings</field>
<field name="subject" update="add">http://dbpedia.org/resource/Category:Grade_II_listed_buildings_in_London</field>
<field name="subject" update="add">http://dbpedia.org/resource/Category:Museums_established_in_1917</field>
<field name="subject" update="add">http://dbpedia.org/resource/Category:Museums_in_Southwark</field>
<field name="subject" update="add">http://dbpedia.org/resource/Category:World_War_I_museums_in_the_United_Kingdom</field>
<field name="subject" update="add">http://dbpedia.org/resource/Category:Military_museums_in_London</field>
<field name="subject" update="add">http://dbpedia.org/resource/Category:Film_archives</field>
<field name="subject" update="add">http://dbpedia.org/resource/Category:Art_museums_and_galleries_in_London</field>
<field name="subject" update="add">http://dbpedia.org/resource/Category:Charities_based_in_London</field>
<field name="subject" update="add">http://dbpedia.org/resource/Category:Museums_sponsored_by_the_Department_for_Culture,_Media_and_Sport</field>
<field name="subject" update="add">http://dbpedia.org/resource/Category:World_War_II_museums_in_the_United_Kingdom</field>
<field name="subject" update="add">http://dbpedia.org/resource/Category:Article_Feedback_5_Additional_Articles</field>
<field name="subject" update="add">http://dbpedia.org/resource/Category:Archives_in_London</field>
<field name="subject" update="add">http://dbpedia.org/resource/Category:Domes</field>
<field name="subject" update="add">http://dbpedia.org/resource/Category:Imperial_War_Museum</field>
<field name="subject" update="add">http://dbpedia.org/resource/Category:1917_establishments_in_the_United_Kingdom</field>
<field name="subject" update="add">http://dbpedia.org/resource/Category:Defunct_hospitals_in_London</field>
<field name="subject" update="add">http://dbpedia.org/resource/Category:Military_and_war_museums_in_England</field>
<field name="subject" update="add">http://dbpedia.org/resource/Category:Photo_archives</field>
<field name="subject" update="add">http://dbpedia.org/resource/Category:Kennington</field>
<field name="abstract">Imperial War Museums (IWM) is a British national museum organisation with branches at five locations in England, three of which are in London. Founded as the Imperial War Museum in 1917, the museum was intended to record the civil and military war effort and sacrifice of Britain and its Empire during the First World War. The museum's remit has since expanded to include all conflicts in which British or Commonwealth forces have been involved since 1914. As of 2012, the museum aims 'to provide for, and to encourage, the study and understanding of the history of modern war and "wartime experience"'. Originally housed in the Crystal Palace at Sydenham Hill, the museum opened to the public in 1920. In 1924 the museum moved to space in the Imperial Institute in South Kensington, and finally in 1936 the museum acquired a permanent home which was previously the Bethlem Royal Hospital in Southwark. The outbreak of the Second World War saw the museum expand both its collections and its terms of reference, but in the post-war period the museum entered a period of decline. The 1960s saw the museum redevelop its Southwark building, now referred to as Imperial War Museum London, which serves as the organisation's corporate headquarters. During the 1970s the museum began to expand onto other sites. The first, in 1976, was a historic airfield in Cambridgeshire now referred to as IWM Duxford. In 1978 the Royal Navy cruiser HMS Belfast became a branch of the museum, having previously been preserved for the nation by a private trust. In 1984 the Cabinet War Rooms, an underground wartime command centre, was opened to the public. From the 1980s onwards the museum's Bethlem building underwent a series of multimillion-pound redevelopments, completed in 2000. Finally, 2002 saw the opening of IWM North in Trafford, Greater Manchester, the fifth branch of the museum and the first in the north of England. In 2011 the museum rebranded itself as IWM, standing for 'Imperial War Museums'. The museum's collections include archives of personal and official documents, photographs, film and video material, and oral history recordings; an extensive library, a large art collection, and examples of military vehicles and aircraft, equipment and other artefacts. The museum is funded by government grants, charitable donations and revenue generation through commercial activity such as retailing, licensing, and publishing. Admission is free to IWM London and IWM North, but an admission fee is levied at the other branches. The museum is an exempt charity under the Charities Act 1993 and a non-departmental public body under the Department for Culture, Media and Sport. As of January 2012 the Chairman of the Trustees is Sir Francis Richards. Since October 2008, the museum's Director General has been Diane Lees.</field>
<field name="label">Imperial War Museum</field>
<field name="depiction">http://upload.wikimedia.org/wikipedia/commons/f/f6/Imperial_War_Museums_logo.png</field>
<field name="comment">Imperial War Museums (IWM) is a British national museum organisation with branches at five locations in England, three of which are in London. Founded as the Imperial War Museum in 1917, the museum was intended to record the civil and military war effort and sacrifice of Britain and its Empire during the First World War. The museum's remit has since expanded to include all conflicts in which British or Commonwealth forces have been involved since 1914.</field>
<field name="name"/>
<field name="thumbnail">http://upload.wikimedia.org/wikipedia/commons/thumb/f/f6/Imperial_War_Museums_logo.png/200px-Imperial_War_Museums_logo.png</field>
<field name="link_external">http://www.iwm.org.uk/</field>
<field name="link_external">http://www.iwm.org.uk/collections/search</field>
<field name="link_external">http://www.iwm.org.uk</field>
<field name="width">100</field>
<field name="isPrimaryTopicOf">http://en.wikipedia.org/wiki/Imperial_War_Museum</field>
<field name="photo-collection">http://wifo5-03.informatik.uni-mannheim.de/flickrwrappr/photos/Imperial_War_Museum</field>
</doc>
<doc>
<field name="uri">http://de.dbpedia.org/resource/Imperial_War_Museum</field>
<field name="entity_type">museums</field>
<field name="timestamp">NOW</field>
<field name="sameAs">http://dbpedia.org/resource/Imperial_War_Museum</field>
</doc>
<doc>
<field name="uri">http://es.dbpedia.org/resource/Museo_Imperial_de_la_Guerra</field>
<field name="entity_type">museums</field>
<field name="timestamp">NOW</field>
<field name="sameAs">http://dbpedia.org/resource/Imperial_War_Museum</field>
</doc>
<doc>
<field name="uri">http://fr.dbpedia.org/resource/Imperial_War_Museum</field>
<field name="entity_type">museums</field>
<field name="timestamp">NOW</field>
<field name="sameAs">http://dbpedia.org/resource/Imperial_War_Museum</field>
</doc>
<doc>
<field name="uri">http://dbpedia.org/resource/Gassed_(painting)</field>
<field name="entity_type">museums</field>
<field name="timestamp">NOW</field>
<field name="museum">http://dbpedia.org/resource/Imperial_War_Museum</field>
</doc>
<doc>
<field name="uri">http://dbpedia.org/resource/Noble_Frankland</field>
<field name="entity_type">museums</field>
<field name="timestamp">NOW</field>
</doc>
<doc>
<field name="uri">http://dbpedia.org/resource/Peter_Squire</field>
<field name="entity_type">museums</field>
<field name="timestamp">NOW</field>
</doc>
<doc>
<field name="uri">http://dbpedia.org/resource/Jock_Slater</field>
<field name="entity_type">museums</field>
<field name="timestamp">NOW</field>
</doc>
<doc>
<field name="uri">http://dbpedia.org/resource/Duxford_Aerodrome</field>
<field name="entity_type">museums</field>
<field name="timestamp">NOW</field>
</doc>
<doc>
<field name="uri">http://cs.dbpedia.org/resource/Imperial_War_Museum</field>
<field name="entity_type">museums</field>
<field name="timestamp">NOW</field>
<field name="sameAs">http://dbpedia.org/resource/Imperial_War_Museum</field>
</doc>
<doc>
<field name="uri">http://pl.dbpedia.org/resource/Imperial_War_Museum</field>
<field name="entity_type">museums</field>
<field name="timestamp">NOW</field>
<field name="sameAs">http://dbpedia.org/resource/Imperial_War_Museum</field>
</doc>
<doc>
<field name="uri">http://dbpedia.org/resource/The_Imperial_War_Museum</field>
<field name="entity_type">museums</field>
<field name="timestamp">NOW</field>
</doc>
<doc>
<field name="uri">http://dbpedia.org/resource/Imperial_War_Museum_Act_1920</field>
<field name="entity_type">museums</field>
<field name="timestamp">NOW</field>
</doc>
<doc>
<field name="uri">http://dbpedia.org/resource/The_Sun_Military_Awards</field>
<field name="entity_type">museums</field>
<field name="timestamp">NOW</field>
</doc>
<doc>
<field name="uri">http://dbpedia.org/resource/IWM</field>
<field name="entity_type">museums</field>
<field name="timestamp">NOW</field>
</doc>
<doc>
<field name="uri">http://en.wikipedia.org/wiki/Imperial_War_Museum</field>
<field name="entity_type">museums</field>
<field name="timestamp">NOW</field>
<field name="primaryTopic">http://dbpedia.org/resource/Imperial_War_Museum</field>
</doc>
<doc>
<field name="uri">http://it.dbpedia.org/resource/Imperial_War_Museum</field>
<field name="entity_type">museums</field>
<field name="timestamp">NOW</field>
<field name="sameAs">http://dbpedia.org/resource/Imperial_War_Museum</field>
</doc>
<doc>
<field name="uri">http://pt.dbpedia.org/resource/Imperial_War_Museum</field>
<field name="entity_type">museums</field>
<field name="timestamp">NOW</field>
<field name="sameAs">http://dbpedia.org/resource/Imperial_War_Museum</field>
</doc>
<doc>
<field name="uri">http://ru.dbpedia.org/resource/Имперский_военный_музей</field>
<field name="entity_type">museums</field>
<field name="timestamp">NOW</field>
<field name="sameAs">http://dbpedia.org/resource/Imperial_War_Museum</field>
</doc>
<doc>
<field name="uri">http://dbpedia.org/resource/Lord_Ashcroft_Gallery</field>
<field name="entity_type">museums</field>
<field name="timestamp">NOW</field>
</doc>
<doc>
<field name="uri">http://dbpedia.org/resource/Imperial_War_Museum_Act_1955</field>
<field name="entity_type">museums</field>
<field name="timestamp">NOW</field>
</doc>
<doc>
<field name="uri">http://nl.dbpedia.org/resource/Imperial_War_Museum</field>
<field name="entity_type">museums</field>
<field name="timestamp">NOW</field>
<field name="sameAs">http://dbpedia.org/resource/Imperial_War_Museum</field>
</doc>
<doc>
<field name="uri">http://zh.dbpedia.org/resource/帝国战争博物馆</field>
<field name="entity_type">museums</field>
<field name="timestamp">NOW</field>
<field name="sameAs">http://dbpedia.org/resource/Imperial_War_Museum</field>
</doc>
<doc>
<field name="uri">http://da.dbpedia.org/resource/Imperial_War_Museum</field>
<field name="entity_type">museums</field>
<field name="timestamp">NOW</field>
<field name="sameAs">http://dbpedia.org/resource/Imperial_War_Museum</field>
</doc>
<doc>
<field name="uri">http://he.dbpedia.org/resource/מוזיאון_המלחמה_האימפריאלי</field>
<field name="entity_type">museums</field>
<field name="timestamp">NOW</field>
<field name="sameAs">http://dbpedia.org/resource/Imperial_War_Museum</field>
</doc>
<doc>
<field name="uri">http://no.dbpedia.org/resource/Imperial_War_Museum</field>
<field name="entity_type">museums</field>
<field name="timestamp">NOW</field>
<field name="sameAs">http://dbpedia.org/resource/Imperial_War_Museum</field>
</doc>
<doc>
<field name="uri">http://sk.dbpedia.org/resource/Imperial_War_Museum</field>
<field name="entity_type">museums</field>
<field name="timestamp">NOW</field>
<field name="sameAs">http://dbpedia.org/resource/Imperial_War_Museum</field>
</doc>
<doc>
<field name="uri">http://sv.dbpedia.org/resource/Imperial_War_Museum</field>
<field name="entity_type">museums</field>
<field name="timestamp">NOW</field>
<field name="sameAs">http://dbpedia.org/resource/Imperial_War_Museum</field>
</doc>
<doc>
<field name="uri">http://uk.dbpedia.org/resource/Імперський_військовий_музей</field>
<field name="entity_type">museums</field>
<field name="timestamp">NOW</field>
<field name="sameAs">http://dbpedia.org/resource/Imperial_War_Museum</field>
</doc>
<doc>
<field name="uri">http://wikidata.dbpedia.org/resource/Q749808</field>
<field name="entity_type">museums</field>
<field name="timestamp">NOW</field>
<field name="sameAs">http://dbpedia.org/resource/Imperial_War_Museum</field>
</doc>
</add>
