<add xmlns:dc="http://purl.org/dc/elements/1.1/" overwrite="true">
<doc>
<field name="uri">http://dbpedia.org/resource/Isabella_Stewart_Gardner_Museum</field>
<field name="entity_type">museums</field>
<field name="timestamp">NOW</field>
<field name="sameAs">http://nl.dbpedia.org/resource/Isabella_Stewart_Gardner_Museum</field>
<field name="sameAs">http://dbpedia.org/resource/Isabella_Stewart_Gardner_Museum</field>
<field name="sameAs">http://de.dbpedia.org/resource/Isabella_Stewart_Gardner_Museum</field>
<field name="sameAs">http://th.dbpedia.org/resource/พิพิธภัณฑ์อิซาเบลลา_สจวต_การ์ดเนอร์</field>
<field name="sameAs">http://uk.dbpedia.org/resource/Музей_Ізабелли_Стюарт_Гарднер</field>
<field name="sameAs">http://ja.dbpedia.org/resource/イザベラ・スチュワート・ガードナー美術館</field>
<field name="sameAs">http://sv.dbpedia.org/resource/Isabella_Stewart_Gardner_Museum</field>
<field name="sameAs">http://www.wikidata.org/entity/Q49135</field>
<field name="sameAs">http://ru.dbpedia.org/resource/Музей_Изабеллы_Стюарт_Гарднер</field>
<field name="sameAs">http://zh.dbpedia.org/resource/伊莎貝拉嘉納藝術博物館</field>
<field name="sameAs">http://sws.geonames.org/4940662/</field>
<field name="sameAs">http://es.dbpedia.org/resource/Museo_Isabella_Stewart_Gardner</field>
<field name="sameAs">http://rdf.freebase.com/ns/m.0213bz</field>
<field name="sameAs">http://fr.dbpedia.org/resource/Isabella_Stewart_Gardner_Museum</field>
<field name="sameAs">http://it.dbpedia.org/resource/Isabella_Stewart-Gardner_Museum</field>
<field name="sameAs">http://yago-knowledge.org/resource/Isabella_Stewart_Gardner_Museum</field>
<field name="subject" update="add">http://dbpedia.org/resource/Category:1903_establishments_in_the_United_States</field>
<field name="subject" update="add">http://dbpedia.org/resource/Category:Buildings_and_structures_on_the_National_Register_of_Historic_Places_in_Massachusetts</field>
<field name="subject" update="add">http://dbpedia.org/resource/Category:Art_museums_established_in_1903</field>
<field name="subject" update="add">http://dbpedia.org/resource/Category:Cummings_and_Sears_buildings</field>
<field name="subject" update="add">http://dbpedia.org/resource/Category:Art_museums_in_Massachusetts</field>
<field name="subject" update="add">http://dbpedia.org/resource/Category:Former_private_collections</field>
<field name="subject" update="add">http://dbpedia.org/resource/Category:Stolen_works_of_art</field>
<field name="subject" update="add">http://dbpedia.org/resource/Category:Unsolved_crimes</field>
<field name="subject" update="add">http://dbpedia.org/resource/Category:Museums_in_Boston,_Massachusetts</field>
<field name="abstract">The Isabella Stewart Gardner Museum or Fenway Court, as the museum was known during Isabella Stewart Gardner's lifetime, is a museum in the Fenway-Kenmore neighborhood of Boston, Massachusetts, located within walking distance of the Museum of Fine Arts and near the Back Bay Fens. The museum houses an art collection of world importance, including significant examples of European, Asian, and American art, from paintings and sculpture to tapestries and decorative arts. Today, the museum hosts exhibitions of historic and contemporary art, as well as concerts, lectures, family and community programs, and changing courtyard displays. In honor of its founder, the museum offers free admission and occasional special events for anyone named Isabella. In addition, visitors receive free admission to the museum on their birthday.</field>
<field name="label">Isabella Stewart Gardner Museum</field>
<field name="depiction">http://upload.wikimedia.org/wikipedia/commons/5/54/ISGardnerMuseum.JPG</field>
<field name="comment">The Isabella Stewart Gardner Museum or Fenway Court, as the museum was known during Isabella Stewart Gardner's lifetime, is a museum in the Fenway-Kenmore neighborhood of Boston, Massachusetts, located within walking distance of the Museum of Fine Arts and near the Back Bay Fens. The museum houses an art collection of world importance, including significant examples of European, Asian, and American art, from paintings and sculpture to tapestries and decorative arts.</field>
<field name="name"/>
<field name="thumbnail">http://upload.wikimedia.org/wikipedia/commons/thumb/5/54/ISGardnerMuseum.JPG/200px-ISGardnerMuseum.JPG</field>
<field name="link_external">http://www.gardnermuseum.org/</field>
<field name="link_external">http://www.fbi.gov/about-us/investigate/vc_majorthefts/arttheft/isabella/</field>
<field name="link_external">http://www.fbi.gov/gardner/</field>
<field name="isPrimaryTopicOf">http://en.wikipedia.org/wiki/Isabella_Stewart_Gardner_Museum</field>
<field name="photo-collection">http://wifo5-03.informatik.uni-mannheim.de/flickrwrappr/photos/Isabella_Stewart_Gardner_Museum</field>
</doc>
<doc>
<field name="uri">http://ja.dbpedia.org/resource/イザベラ・スチュワート・ガードナー美術館</field>
<field name="entity_type">museums</field>
<field name="timestamp">NOW</field>
<field name="sameAs">http://dbpedia.org/resource/Isabella_Stewart_Gardner_Museum</field>
</doc>
<doc>
<field name="uri">http://es.dbpedia.org/resource/Museo_Isabella_Stewart_Gardner</field>
<field name="entity_type">museums</field>
<field name="timestamp">NOW</field>
<field name="sameAs">http://dbpedia.org/resource/Isabella_Stewart_Gardner_Museum</field>
</doc>
<doc>
<field name="uri">http://ru.dbpedia.org/resource/Музей_Изабеллы_Стюарт_Гарднер</field>
<field name="entity_type">museums</field>
<field name="timestamp">NOW</field>
<field name="sameAs">http://dbpedia.org/resource/Isabella_Stewart_Gardner_Museum</field>
</doc>
<doc>
<field name="uri">http://dbpedia.org/resource/Gardner_Museum</field>
<field name="entity_type">museums</field>
<field name="timestamp">NOW</field>
</doc>
<doc>
<field name="uri">http://dbpedia.org/resource/The_Concert_(Vermeer)</field>
<field name="entity_type">museums</field>
<field name="timestamp">NOW</field>
</doc>
<doc>
<field name="uri">http://de.dbpedia.org/resource/Isabella_Stewart_Gardner_Museum</field>
<field name="entity_type">museums</field>
<field name="timestamp">NOW</field>
<field name="sameAs">http://dbpedia.org/resource/Isabella_Stewart_Gardner_Museum</field>
</doc>
<doc>
<field name="uri">http://fr.dbpedia.org/resource/Isabella_Stewart_Gardner_Museum</field>
<field name="entity_type">museums</field>
<field name="timestamp">NOW</field>
<field name="sameAs">http://dbpedia.org/resource/Isabella_Stewart_Gardner_Museum</field>
</doc>
<doc>
<field name="uri">http://it.dbpedia.org/resource/Isabella_Stewart-Gardner_Museum</field>
<field name="entity_type">museums</field>
<field name="timestamp">NOW</field>
<field name="sameAs">http://dbpedia.org/resource/Isabella_Stewart_Gardner_Museum</field>
</doc>
<doc>
<field name="uri">http://dbpedia.org/resource/List_of_licensed_and_localized_editions_of_Monopoly:_USA</field>
<field name="entity_type">museums</field>
<field name="timestamp">NOW</field>
</doc>
<doc>
<field name="uri">http://dbpedia.org/resource/Gardner</field>
<field name="entity_type">museums</field>
<field name="timestamp">NOW</field>
</doc>
<doc>
<field name="uri">http://en.wikipedia.org/wiki/Isabella_Stewart_Gardner_Museum</field>
<field name="entity_type">museums</field>
<field name="timestamp">NOW</field>
<field name="primaryTopic">http://dbpedia.org/resource/Isabella_Stewart_Gardner_Museum</field>
</doc>
<doc>
<field name="uri">http://dbpedia.org/resource/Piet%C3%A0_for_Vittoria_Colonna</field>
<field name="entity_type">museums</field>
<field name="timestamp">NOW</field>
<field name="museum">http://dbpedia.org/resource/Isabella_Stewart_Gardner_Museum</field>
</doc>
<doc>
<field name="uri">http://dbpedia.org/resource/Isabella_Stewart_Gardner_Museum_Boston</field>
<field name="entity_type">museums</field>
<field name="timestamp">NOW</field>
</doc>
<doc>
<field name="uri">http://dbpedia.org/resource/Fenway_Court</field>
<field name="entity_type">museums</field>
<field name="timestamp">NOW</field>
</doc>
<doc>
<field name="uri">http://dbpedia.org/resource/ISABELLA_STEWART_GARDNER_MUSEUM</field>
<field name="entity_type">museums</field>
<field name="timestamp">NOW</field>
</doc>
<doc>
<field name="uri">http://dbpedia.org/resource/The_Gardner_Museum</field>
<field name="entity_type">museums</field>
<field name="timestamp">NOW</field>
</doc>
<doc>
<field name="uri">http://dbpedia.org/resource/The_Storm_on_the_Sea_of_Galilee</field>
<field name="entity_type">museums</field>
<field name="timestamp">NOW</field>
</doc>
<doc>
<field name="uri">http://dbpedia.org/resource/The_Story_of_Lucretia_(Botticelli)</field>
<field name="entity_type">museums</field>
<field name="timestamp">NOW</field>
<field name="museum">http://dbpedia.org/resource/Isabella_Stewart_Gardner_Museum</field>
</doc>
<doc>
<field name="uri">http://nl.dbpedia.org/resource/Isabella_Stewart_Gardner_Museum</field>
<field name="entity_type">museums</field>
<field name="timestamp">NOW</field>
<field name="sameAs">http://dbpedia.org/resource/Isabella_Stewart_Gardner_Museum</field>
</doc>
<doc>
<field name="uri">http://wikidata.dbpedia.org/resource/Q49135</field>
<field name="entity_type">museums</field>
<field name="timestamp">NOW</field>
<field name="sameAs">http://dbpedia.org/resource/Isabella_Stewart_Gardner_Museum</field>
</doc>
<doc>
<field name="uri">http://zh.dbpedia.org/resource/伊莎貝拉嘉納藝術博物館</field>
<field name="entity_type">museums</field>
<field name="timestamp">NOW</field>
<field name="sameAs">http://dbpedia.org/resource/Isabella_Stewart_Gardner_Museum</field>
</doc>
<doc>
<field name="uri">http://sv.dbpedia.org/resource/Isabella_Stewart_Gardner_Museum</field>
<field name="entity_type">museums</field>
<field name="timestamp">NOW</field>
<field name="sameAs">http://dbpedia.org/resource/Isabella_Stewart_Gardner_Museum</field>
</doc>
<doc>
<field name="uri">http://th.dbpedia.org/resource/พิพิธภัณฑ์อิซาเบลลา_สจวต_การ์ดเนอร์</field>
<field name="entity_type">museums</field>
<field name="timestamp">NOW</field>
<field name="sameAs">http://dbpedia.org/resource/Isabella_Stewart_Gardner_Museum</field>
</doc>
<doc>
<field name="uri">http://uk.dbpedia.org/resource/Музей_Ізабелли_Стюарт_Гарднер</field>
<field name="entity_type">museums</field>
<field name="timestamp">NOW</field>
<field name="sameAs">http://dbpedia.org/resource/Isabella_Stewart_Gardner_Museum</field>
</doc>
</add>
