<add xmlns:dc="http://purl.org/dc/elements/1.1/" overwrite="true">
<doc>
<field name="uri">http://dbpedia.org/resource/Getty</field>
<field name="entity_type">museums</field>
<field name="timestamp">NOW</field>
</doc>
<doc>
<field name="uri">http://data.nytimes.com/N25170952702067105982</field>
<field name="entity_type">museums</field>
<field name="timestamp">NOW</field>
<field name="sameAs">http://dbpedia.org/resource/J._Paul_Getty_Museum</field>
</doc>
<doc>
<field name="uri">http://dbpedia.org/resource/Modern_Rome_%E2%80%93_Campo_Vaccino</field>
<field name="entity_type">museums</field>
<field name="timestamp">NOW</field>
<field name="museum">http://dbpedia.org/resource/J._Paul_Getty_Museum</field>
</doc>
<doc>
<field name="uri">http://dbpedia.org/resource/Timothy_Potts</field>
<field name="entity_type">museums</field>
<field name="timestamp">NOW</field>
</doc>
<doc>
<field name="uri">http://dbpedia.org/resource/Christ's_Entry_Into_Brussels_in_1889</field>
<field name="entity_type">museums</field>
<field name="timestamp">NOW</field>
<field name="museum">http://dbpedia.org/resource/J._Paul_Getty_Museum</field>
</doc>
<doc>
<field name="uri">http://de.dbpedia.org/resource/J._Paul_Getty_Museum</field>
<field name="entity_type">museums</field>
<field name="timestamp">NOW</field>
<field name="sameAs">http://dbpedia.org/resource/J._Paul_Getty_Museum</field>
</doc>
<doc>
<field name="uri">http://ru.dbpedia.org/resource/Музей_Гетти</field>
<field name="entity_type">museums</field>
<field name="timestamp">NOW</field>
<field name="sameAs">http://dbpedia.org/resource/J._Paul_Getty_Museum</field>
</doc>
<doc>
<field name="uri">http://cs.dbpedia.org/resource/J._Paul_Getty_Museum</field>
<field name="entity_type">museums</field>
<field name="timestamp">NOW</field>
<field name="sameAs">http://dbpedia.org/resource/J._Paul_Getty_Museum</field>
</doc>
<doc>
<field name="uri">http://es.dbpedia.org/resource/Museo_J._Paul_Getty</field>
<field name="entity_type">museums</field>
<field name="timestamp">NOW</field>
<field name="sameAs">http://dbpedia.org/resource/J._Paul_Getty_Museum</field>
</doc>
<doc>
<field name="uri">http://pl.dbpedia.org/resource/J._Paul_Getty_Museum</field>
<field name="entity_type">museums</field>
<field name="timestamp">NOW</field>
<field name="sameAs">http://dbpedia.org/resource/J._Paul_Getty_Museum</field>
</doc>
<doc>
<field name="uri">http://dbpedia.org/resource/J._Paul_Getty_Museum</field>
<field name="entity_type">museums</field>
<field name="timestamp">NOW</field>
<field name="sameAs">http://it.dbpedia.org/resource/Getty_Museum</field>
<field name="sameAs">http://ca.dbpedia.org/resource/Museu_J._Paul_Getty</field>
<field name="sameAs">http://be.dbpedia.org/resource/Музей_Геці</field>
<field name="sameAs">http://yago-knowledge.org/resource/J._Paul_Getty_Museum</field>
<field name="sameAs">http://ko.dbpedia.org/resource/J._폴_게티_미술관</field>
<field name="sameAs">http://de.dbpedia.org/resource/J._Paul_Getty_Museum</field>
<field name="sameAs">http://ja.dbpedia.org/resource/J・ポール・ゲティ美術館</field>
<field name="sameAs">http://rdf.freebase.com/ns/m.059wsgl</field>
<field name="sameAs">http://www.wikidata.org/entity/Q731126</field>
<field name="sameAs">http://uk.dbpedia.org/resource/Музей_Гетті</field>
<field name="sameAs">http://id.dbpedia.org/resource/Museum_Getty</field>
<field name="sameAs">http://es.dbpedia.org/resource/Museo_J._Paul_Getty</field>
<field name="sameAs">http://dbpedia.org/resource/J._Paul_Getty_Museum</field>
<field name="sameAs">http://ru.dbpedia.org/resource/Музей_Гетти</field>
<field name="sameAs">http://la.dbpedia.org/resource/Museum_Getty</field>
<field name="sameAs">http://af.dbpedia.org/resource/J._Paul_Getty_Museum</field>
<field name="sameAs">http://cs.dbpedia.org/resource/J._Paul_Getty_Museum</field>
<field name="sameAs">http://hy.dbpedia.org/resource/Փոլ_Գեթթի_թանգարան</field>
<field name="sameAs">http://pl.dbpedia.org/resource/J._Paul_Getty_Museum</field>
<field name="subject" update="add">http://dbpedia.org/resource/Category:Institutions_accredited_by_the_American_Alliance_of_Museums</field>
<field name="subject" update="add">http://dbpedia.org/resource/Category:Museums_of_American_art</field>
<field name="subject" update="add">http://dbpedia.org/resource/Category:J._Paul_Getty_Trust</field>
<field name="subject" update="add">http://dbpedia.org/resource/Category:1954_establishments_in_the_United_States</field>
<field name="subject" update="add">http://dbpedia.org/resource/Category:Museums_in_Los_Angeles,_California</field>
<field name="subject" update="add">http://dbpedia.org/resource/Category:Art_museums_established_in_1954</field>
<field name="subject" update="add">http://dbpedia.org/resource/Category:Santa_Monica_Mountains</field>
<field name="subject" update="add">http://dbpedia.org/resource/Category:Art_museums_in_California</field>
<field name="abstract">The J. Paul Getty Museum, a program of the J. Paul Getty Trust, is an art museum in California. It has two locations in Los Angeles, USA, the Getty Villa in the Pacific Palisades neighborhood, and the main museum, The Getty Center, in the Brentwood neighborhood. The Getty Center contains a collection of "Western art from the Middle Ages to the present. " Its estimated 1.3 million visitors annually make it one of the most visited museums in the United States. The museum at the Getty Villa contains art from "ancient Greece, Rome, and Etruria".</field>
<field name="label">J. Paul Getty Museum</field>
<field name="depiction">http://upload.wikimedia.org/wikipedia/commons/0/03/Aerial_Getty_Museum.jpg</field>
<field name="comment">The J. Paul Getty Museum, a program of the J. Paul Getty Trust, is an art museum in California. It has two locations in Los Angeles, USA, the Getty Villa in the Pacific Palisades neighborhood, and the main museum, The Getty Center, in the Brentwood neighborhood. The Getty Center contains a collection of "Western art from the Middle Ages to the present. " Its estimated 1.3 million visitors annually make it one of the most visited museums in the United States.</field>
<field name="name"/>
<field name="thumbnail">http://upload.wikimedia.org/wikipedia/commons/thumb/0/03/Aerial_Getty_Museum.jpg/200px-Aerial_Getty_Museum.jpg</field>
<field name="link_external">http://www.getty.edu/museum</field>
<field name="link_external">http://academic.reed.edu/getty/category.html</field>
<field name="link_external">http://www.getty.edu/</field>
<field name="link_external">http://library.getty.edu/cgi-bin/Pwebrecon.cgi?BBID=697112</field>
<field name="link_external">http://library.getty.edu/cgi-bin/Pwebrecon.cgi?BBID=733846</field>
<field name="link_external">http://library.getty.edu/cgi-bin/Pwebrecon.cgi?BBID=658958</field>
<field name="link_external">http://library.getty.edu/cgi-bin/Pwebrecon.cgi?BBID=670334</field>
<field name="link_external">http://library.getty.edu/cgi-bin/Pwebrecon.cgi?BBID=670677</field>
<field name="type">Art museum</field>
<field name="isPrimaryTopicOf">http://en.wikipedia.org/wiki/J._Paul_Getty_Museum</field>
<field name="photo-collection">http://wifo5-03.informatik.uni-mannheim.de/flickrwrappr/photos/J._Paul_Getty_Museum</field>
</doc>
<doc>
<field name="uri">http://dbpedia.org/resource/Getty_Museum</field>
<field name="entity_type">museums</field>
<field name="timestamp">NOW</field>
</doc>
<doc>
<field name="uri">http://it.dbpedia.org/resource/Getty_Museum</field>
<field name="entity_type">museums</field>
<field name="timestamp">NOW</field>
<field name="sameAs">http://dbpedia.org/resource/J._Paul_Getty_Museum</field>
</doc>
<doc>
<field name="uri">http://ja.dbpedia.org/resource/J・ポール・ゲティ美術館</field>
<field name="entity_type">museums</field>
<field name="timestamp">NOW</field>
<field name="sameAs">http://dbpedia.org/resource/J._Paul_Getty_Museum</field>
</doc>
<doc>
<field name="uri">http://dbpedia.org/resource/Spring_(painting)</field>
<field name="entity_type">museums</field>
<field name="timestamp">NOW</field>
<field name="museum">http://dbpedia.org/resource/J._Paul_Getty_Museum</field>
</doc>
<doc>
<field name="uri">http://dbpedia.org/resource/Irises_(painting)</field>
<field name="entity_type">museums</field>
<field name="timestamp">NOW</field>
<field name="museum">http://dbpedia.org/resource/J._Paul_Getty_Museum</field>
</doc>
<doc>
<field name="uri">http://en.wikipedia.org/wiki/J._Paul_Getty_Museum</field>
<field name="entity_type">museums</field>
<field name="timestamp">NOW</field>
<field name="primaryTopic">http://dbpedia.org/resource/J._Paul_Getty_Museum</field>
</doc>
<doc>
<field name="uri">http://dbpedia.org/resource/J._Paul_Getty_museum</field>
<field name="entity_type">museums</field>
<field name="timestamp">NOW</field>
</doc>
<doc>
<field name="uri">http://dbpedia.org/resource/Jean_Paul_Getty_Museum</field>
<field name="entity_type">museums</field>
<field name="timestamp">NOW</field>
</doc>
<doc>
<field name="uri">http://dbpedia.org/resource/John_Paul_Getty_Museum</field>
<field name="entity_type">museums</field>
<field name="timestamp">NOW</field>
</doc>
<doc>
<field name="uri">http://dbpedia.org/resource/The_Getty</field>
<field name="entity_type">museums</field>
<field name="timestamp">NOW</field>
</doc>
<doc>
<field name="uri">http://dbpedia.org/resource/The_J._Paul_Getty_Museum</field>
<field name="entity_type">museums</field>
<field name="timestamp">NOW</field>
</doc>
<doc>
<field name="uri">http://ko.dbpedia.org/resource/J._폴_게티_미술관</field>
<field name="entity_type">museums</field>
<field name="timestamp">NOW</field>
<field name="sameAs">http://dbpedia.org/resource/J._Paul_Getty_Museum</field>
</doc>
<doc>
<field name="uri">http://dbpedia.org/resource/J_Paul_Getty_Museum</field>
<field name="entity_type">museums</field>
<field name="timestamp">NOW</field>
</doc>
<doc>
<field name="uri">http://wikidata.dbpedia.org/resource/Q731126</field>
<field name="entity_type">museums</field>
<field name="timestamp">NOW</field>
<field name="sameAs">http://dbpedia.org/resource/J._Paul_Getty_Museum</field>
</doc>
<doc>
<field name="uri">http://af.dbpedia.org/resource/J._Paul_Getty_Museum</field>
<field name="entity_type">museums</field>
<field name="timestamp">NOW</field>
<field name="sameAs">http://dbpedia.org/resource/J._Paul_Getty_Museum</field>
</doc>
<doc>
<field name="uri">http://be.dbpedia.org/resource/Музей_Геці</field>
<field name="entity_type">museums</field>
<field name="timestamp">NOW</field>
<field name="sameAs">http://dbpedia.org/resource/J._Paul_Getty_Museum</field>
</doc>
<doc>
<field name="uri">http://ca.dbpedia.org/resource/Museu_J._Paul_Getty</field>
<field name="entity_type">museums</field>
<field name="timestamp">NOW</field>
<field name="sameAs">http://dbpedia.org/resource/J._Paul_Getty_Museum</field>
</doc>
<doc>
<field name="uri">http://hy.dbpedia.org/resource/Փոլ_Գեթթի_թանգարան</field>
<field name="entity_type">museums</field>
<field name="timestamp">NOW</field>
<field name="sameAs">http://dbpedia.org/resource/J._Paul_Getty_Museum</field>
</doc>
<doc>
<field name="uri">http://id.dbpedia.org/resource/Museum_Getty</field>
<field name="entity_type">museums</field>
<field name="timestamp">NOW</field>
<field name="sameAs">http://dbpedia.org/resource/J._Paul_Getty_Museum</field>
</doc>
<doc>
<field name="uri">http://la.dbpedia.org/resource/Museum_Getty</field>
<field name="entity_type">museums</field>
<field name="timestamp">NOW</field>
<field name="sameAs">http://dbpedia.org/resource/J._Paul_Getty_Museum</field>
</doc>
<doc>
<field name="uri">http://uk.dbpedia.org/resource/Музей_Гетті</field>
<field name="entity_type">museums</field>
<field name="timestamp">NOW</field>
<field name="sameAs">http://dbpedia.org/resource/J._Paul_Getty_Museum</field>
</doc>
</add>
