<add xmlns:dc="http://purl.org/dc/elements/1.1/" overwrite="true">
<doc>
<field name="uri">http://dbpedia.org/resource/Our_Lady_of_Calvary</field>
<field name="entity_type">museums</field>
<field name="timestamp">NOW</field>
</doc>
<doc>
<field name="uri">http://de.dbpedia.org/resource/Kalwaria_Zebrzydowska</field>
<field name="entity_type">museums</field>
<field name="timestamp">NOW</field>
<field name="sameAs">http://dbpedia.org/resource/Kalwaria_Zebrzydowska</field>
</doc>
<doc>
<field name="uri">http://fr.dbpedia.org/resource/Kalwaria_Zebrzydowska</field>
<field name="entity_type">museums</field>
<field name="timestamp">NOW</field>
<field name="sameAs">http://dbpedia.org/resource/Kalwaria_Zebrzydowska</field>
</doc>
<doc>
<field name="uri">http://dbpedia.org/resource/Kalwaria_Zebrzydowska</field>
<field name="entity_type">museums</field>
<field name="timestamp">NOW</field>
<field name="sameAs">http://no.dbpedia.org/resource/Kalwaria_Zebrzydowska</field>
<field name="sameAs">http://nl.dbpedia.org/resource/Kalwaria_Zebrzydowska</field>
<field name="sameAs">http://ms.dbpedia.org/resource/Kalwaria_Zebrzydowska</field>
<field name="sameAs">http://uk.dbpedia.org/resource/Кальварія-Зебжидовська</field>
<field name="sameAs">http://de.dbpedia.org/resource/Kalwaria_Zebrzydowska</field>
<field name="sameAs">http://sv.dbpedia.org/resource/Kalwaria_Zebrzydowska</field>
<field name="sameAs">http://fi.dbpedia.org/resource/Kalwaria_Zebrzydowska</field>
<field name="sameAs">http://yago-knowledge.org/resource/Kalwaria_Zebrzydowska</field>
<field name="sameAs">http://ro.dbpedia.org/resource/Kalwaria_Zebrzydowska</field>
<field name="sameAs">http://rdf.freebase.com/ns/m.0140rz</field>
<field name="sameAs">http://ru.dbpedia.org/resource/Кальвария-Зебжидовская</field>
<field name="sameAs">http://pt.dbpedia.org/resource/Kalwaria_Zebrzydowska</field>
<field name="sameAs">http://fr.dbpedia.org/resource/Kalwaria_Zebrzydowska</field>
<field name="sameAs">http://ka.dbpedia.org/resource/კალვარია-ზაბჟიდოვსკა</field>
<field name="sameAs">http://et.dbpedia.org/resource/Kalwaria_Zebrzydowska</field>
<field name="sameAs">http://lv.dbpedia.org/resource/Kalvarja_Zebžidovska</field>
<field name="sameAs">http://cs.dbpedia.org/resource/Kalwaria_Zebrzydowska</field>
<field name="sameAs">http://sh.dbpedia.org/resource/Kalarija_Zebrzydowska</field>
<field name="sameAs">http://sk.dbpedia.org/resource/Kalwaria_Zebrzydowska</field>
<field name="sameAs">http://pl.dbpedia.org/resource/Kalwaria_Zebrzydowska</field>
<field name="sameAs">http://bg.dbpedia.org/resource/Калвария_Зебжидовска</field>
<field name="sameAs">http://lt.dbpedia.org/resource/Kalvarija_Zebžydovska</field>
<field name="sameAs">http://www.wikidata.org/entity/Q389860</field>
<field name="sameAs">http://it.dbpedia.org/resource/Kalwaria_Zebrzydowska</field>
<field name="sameAs">http://zh.dbpedia.org/resource/卡爾瓦里亞-澤布日多夫斯卡</field>
<field name="sameAs">http://eo.dbpedia.org/resource/Kalwaria_Zebrzydowska</field>
<field name="sameAs">http://linkedgeodata.org/triplify/node262894019</field>
<field name="sameAs">http://sr.dbpedia.org/resource/Калварија_Зебжидовска</field>
<field name="sameAs">http://sws.geonames.org/3096852/</field>
<field name="sameAs">http://jv.dbpedia.org/resource/Kalwaria_Zebrzydowska</field>
<field name="sameAs">http://vi.dbpedia.org/resource/Kalwaria_Zebrzydowska</field>
<field name="sameAs">http://es.dbpedia.org/resource/Kalwaria_Zebrzydowska</field>
<field name="sameAs">http://hr.dbpedia.org/resource/Kalvarija_Zebrzydowska</field>
<field name="sameAs">http://ja.dbpedia.org/resource/カルヴァリア・ゼブジトフスカ</field>
<field name="sameAs">http://dbpedia.org/resource/Kalwaria_Zebrzydowska</field>
<field name="subject" update="add">http://dbpedia.org/resource/Category:Wadowice_County</field>
<field name="subject" update="add">http://dbpedia.org/resource/Category:Cities_and_towns_in_Lesser_Poland_Voivodeship</field>
<field name="subject" update="add">http://dbpedia.org/resource/Category:World_Heritage_Sites_in_Poland</field>
<field name="abstract">Kalwaria Zebrzydowska is a town in southern Poland with 4,429 inhabitants (as of 2007). It is situated in the Lesser Poland Voivodeship (since 1999); previously it was in the Bielsko-Biała Voivodeship (1975–1998). The town is named after the religious complex founded by Governor of Kraków Mikołaj Zebrzydowski on December 1, 1602. The complex, which is known as the Kalwaria Zebrzydowska park, was added in 1999 to the UNESCO list of World Heritage Sites. The city of Zebrzydów was established in 1617 in order to house the growing number of pilgrims visiting the religious complex. The city rights were expanded and the city remapped by Jan Zebrzydowski in 1640, gaining the name Nowy Zebrzydów (New Zebrzydów). Around 1715 the city suffered a large fire, and was subsequently rebuilt, by its then owner, Józef Czartoryski. The Czartoryski family palace was built in 1729-1731 (in the 1980s it was reconfigured into the current seminary. ) The Habsburg Austrian Empire annexed the city as part of its invasion of Poland during the First Partition of Poland in 1772, giving it the name Kalwaria. In 1887 Jan Kanty Brandys became the owner of the town and around 1890 the name Kalwaria Zebrzydowska appeared. In 1896 the town lost its City Rights due to a decision by the governing Austrian authorities. Construction of St. Joseph's church occurred around 1905. The town's jurisdiction was returned to Poland in 1918 at the end of World War I. The City Rights were restored in 1934 by decision of the Polish government. Post- World War II the town's economic development largely relied on the expansion of its furniture manufacturing and woodcraft industry as well as a growing number of pilgrims to its religious complex.</field>
<field name="label">Kalwaria Zebrzydowska</field>
<field name="depiction">http://upload.wikimedia.org/wikipedia/commons/0/0c/Monastery_in_Kalwaria_Zebrzydowska_02.JPG</field>
<field name="comment">Kalwaria Zebrzydowska is a town in southern Poland with 4,429 inhabitants (as of 2007). It is situated in the Lesser Poland Voivodeship (since 1999); previously it was in the Bielsko-Biała Voivodeship (1975–1998). The town is named after the religious complex founded by Governor of Kraków Mikołaj Zebrzydowski on December 1, 1602. The complex, which is known as the Kalwaria Zebrzydowska park, was added in 1999 to the UNESCO list of World Heritage Sites.</field>
<field name="name"/>
<field name="thumbnail">http://upload.wikimedia.org/wikipedia/commons/thumb/0/0c/Monastery_in_Kalwaria_Zebrzydowska_02.JPG/200px-Monastery_in_Kalwaria_Zebrzydowska_02.JPG</field>
<field name="link_external">http://www.kalwaria-zebrzydowska.pl/</field>
<field name="link_external">http://www.sacrimonti.net/User/index.php?PAGE=Sito_en/kalwaria_zebrzydowska</field>
<field name="link_external">http://www.sztetl.org.pl/en/city/kalwaria-zebrzydowska/</field>
<field name="link_external">http://www.kalwariazeb.pl</field>
<field name="link_external">http://www.kalwaria.ofm.pl/?action=language,ENG</field>
<field name="isPrimaryTopicOf">http://en.wikipedia.org/wiki/Kalwaria_Zebrzydowska</field>
<field name="photo-collection">http://wifo5-03.informatik.uni-mannheim.de/flickrwrappr/photos/Kalwaria_Zebrzydowska</field>
</doc>
<doc>
<field name="uri">http://cs.dbpedia.org/resource/Kalwaria_Zebrzydowska</field>
<field name="entity_type">museums</field>
<field name="timestamp">NOW</field>
<field name="sameAs">http://dbpedia.org/resource/Kalwaria_Zebrzydowska</field>
</doc>
<doc>
<field name="uri">http://pl.dbpedia.org/resource/Kalwaria_Zebrzydowska</field>
<field name="entity_type">museums</field>
<field name="timestamp">NOW</field>
<field name="sameAs">http://dbpedia.org/resource/Kalwaria_Zebrzydowska</field>
</doc>
<doc>
<field name="uri">http://dbpedia.org/resource/Gmina_Kalwaria_Zebrzydowska</field>
<field name="entity_type">museums</field>
<field name="timestamp">NOW</field>
</doc>
<doc>
<field name="uri">http://it.dbpedia.org/resource/Kalwaria_Zebrzydowska</field>
<field name="entity_type">museums</field>
<field name="timestamp">NOW</field>
<field name="sameAs">http://dbpedia.org/resource/Kalwaria_Zebrzydowska</field>
</doc>
<doc>
<field name="uri">http://ja.dbpedia.org/resource/カルヴァリア・ゼブジトフスカ</field>
<field name="entity_type">museums</field>
<field name="timestamp">NOW</field>
<field name="sameAs">http://dbpedia.org/resource/Kalwaria_Zebrzydowska</field>
</doc>
<doc>
<field name="uri">http://pt.dbpedia.org/resource/Kalwaria_Zebrzydowska</field>
<field name="entity_type">museums</field>
<field name="timestamp">NOW</field>
<field name="sameAs">http://dbpedia.org/resource/Kalwaria_Zebrzydowska</field>
</doc>
<doc>
<field name="uri">http://dbpedia.org/resource/Radwan_coat_of_arms</field>
<field name="entity_type">museums</field>
<field name="timestamp">NOW</field>
</doc>
<doc>
<field name="uri">http://dbpedia.org/resource/Kalwaria</field>
<field name="entity_type">museums</field>
<field name="timestamp">NOW</field>
</doc>
<doc>
<field name="uri">http://es.dbpedia.org/resource/Kalwaria_Zebrzydowska</field>
<field name="entity_type">museums</field>
<field name="timestamp">NOW</field>
<field name="sameAs">http://dbpedia.org/resource/Kalwaria_Zebrzydowska</field>
</doc>
<doc>
<field name="uri">http://en.wikipedia.org/wiki/Kalwaria_Zebrzydowska</field>
<field name="entity_type">museums</field>
<field name="timestamp">NOW</field>
<field name="primaryTopic">http://dbpedia.org/resource/Kalwaria_Zebrzydowska</field>
</doc>
<doc>
<field name="uri">http://dbpedia.org/resource/Giovanni_Maria_Bernardoni</field>
<field name="entity_type">museums</field>
<field name="timestamp">NOW</field>
</doc>
<doc>
<field name="uri">http://dbpedia.org/resource/Kalwaria_Zebrzydowska_(town)</field>
<field name="entity_type">museums</field>
<field name="timestamp">NOW</field>
</doc>
<doc>
<field name="uri">http://ru.dbpedia.org/resource/Кальвария-Зебжидовская</field>
<field name="entity_type">museums</field>
<field name="timestamp">NOW</field>
<field name="sameAs">http://dbpedia.org/resource/Kalwaria_Zebrzydowska</field>
</doc>
<doc>
<field name="uri">http://nl.dbpedia.org/resource/Kalwaria_Zebrzydowska</field>
<field name="entity_type">museums</field>
<field name="timestamp">NOW</field>
<field name="sameAs">http://dbpedia.org/resource/Kalwaria_Zebrzydowska</field>
</doc>
<doc>
<field name="uri">http://wikidata.dbpedia.org/resource/Q389860</field>
<field name="entity_type">museums</field>
<field name="timestamp">NOW</field>
<field name="sameAs">http://dbpedia.org/resource/Kalwaria_Zebrzydowska</field>
</doc>
<doc>
<field name="uri">http://zh.dbpedia.org/resource/卡爾瓦里亞-澤布日多夫斯卡</field>
<field name="entity_type">museums</field>
<field name="timestamp">NOW</field>
<field name="sameAs">http://dbpedia.org/resource/Kalwaria_Zebrzydowska</field>
</doc>
<doc>
<field name="uri">http://bg.dbpedia.org/resource/Калвария_Зебжидовска</field>
<field name="entity_type">museums</field>
<field name="timestamp">NOW</field>
<field name="sameAs">http://dbpedia.org/resource/Kalwaria_Zebrzydowska</field>
</doc>
<doc>
<field name="uri">http://eo.dbpedia.org/resource/Kalwaria_Zebrzydowska</field>
<field name="entity_type">museums</field>
<field name="timestamp">NOW</field>
<field name="sameAs">http://dbpedia.org/resource/Kalwaria_Zebrzydowska</field>
</doc>
<doc>
<field name="uri">http://et.dbpedia.org/resource/Kalwaria_Zebrzydowska</field>
<field name="entity_type">museums</field>
<field name="timestamp">NOW</field>
<field name="sameAs">http://dbpedia.org/resource/Kalwaria_Zebrzydowska</field>
</doc>
<doc>
<field name="uri">http://fi.dbpedia.org/resource/Kalwaria_Zebrzydowska</field>
<field name="entity_type">museums</field>
<field name="timestamp">NOW</field>
<field name="sameAs">http://dbpedia.org/resource/Kalwaria_Zebrzydowska</field>
</doc>
<doc>
<field name="uri">http://hr.dbpedia.org/resource/Kalvarija_Zebrzydowska</field>
<field name="entity_type">museums</field>
<field name="timestamp">NOW</field>
<field name="sameAs">http://dbpedia.org/resource/Kalwaria_Zebrzydowska</field>
</doc>
<doc>
<field name="uri">http://jv.dbpedia.org/resource/Kalwaria_Zebrzydowska</field>
<field name="entity_type">museums</field>
<field name="timestamp">NOW</field>
<field name="sameAs">http://dbpedia.org/resource/Kalwaria_Zebrzydowska</field>
</doc>
<doc>
<field name="uri">http://ka.dbpedia.org/resource/კალვარია-ზაბჟიდოვსკა</field>
<field name="entity_type">museums</field>
<field name="timestamp">NOW</field>
<field name="sameAs">http://dbpedia.org/resource/Kalwaria_Zebrzydowska</field>
</doc>
<doc>
<field name="uri">http://lt.dbpedia.org/resource/Kalvarija_Zebžydovska</field>
<field name="entity_type">museums</field>
<field name="timestamp">NOW</field>
<field name="sameAs">http://dbpedia.org/resource/Kalwaria_Zebrzydowska</field>
</doc>
<doc>
<field name="uri">http://lv.dbpedia.org/resource/Kalvarja_Zebžidovska</field>
<field name="entity_type">museums</field>
<field name="timestamp">NOW</field>
<field name="sameAs">http://dbpedia.org/resource/Kalwaria_Zebrzydowska</field>
</doc>
<doc>
<field name="uri">http://ms.dbpedia.org/resource/Kalwaria_Zebrzydowska</field>
<field name="entity_type">museums</field>
<field name="timestamp">NOW</field>
<field name="sameAs">http://dbpedia.org/resource/Kalwaria_Zebrzydowska</field>
</doc>
<doc>
<field name="uri">http://no.dbpedia.org/resource/Kalwaria_Zebrzydowska</field>
<field name="entity_type">museums</field>
<field name="timestamp">NOW</field>
<field name="sameAs">http://dbpedia.org/resource/Kalwaria_Zebrzydowska</field>
</doc>
<doc>
<field name="uri">http://ro.dbpedia.org/resource/Kalwaria_Zebrzydowska</field>
<field name="entity_type">museums</field>
<field name="timestamp">NOW</field>
<field name="sameAs">http://dbpedia.org/resource/Kalwaria_Zebrzydowska</field>
</doc>
<doc>
<field name="uri">http://sh.dbpedia.org/resource/Kalarija_Zebrzydowska</field>
<field name="entity_type">museums</field>
<field name="timestamp">NOW</field>
<field name="sameAs">http://dbpedia.org/resource/Kalwaria_Zebrzydowska</field>
</doc>
<doc>
<field name="uri">http://sk.dbpedia.org/resource/Kalwaria_Zebrzydowska</field>
<field name="entity_type">museums</field>
<field name="timestamp">NOW</field>
<field name="sameAs">http://dbpedia.org/resource/Kalwaria_Zebrzydowska</field>
</doc>
<doc>
<field name="uri">http://sr.dbpedia.org/resource/Калварија_Зебжидовска</field>
<field name="entity_type">museums</field>
<field name="timestamp">NOW</field>
<field name="sameAs">http://dbpedia.org/resource/Kalwaria_Zebrzydowska</field>
</doc>
<doc>
<field name="uri">http://sv.dbpedia.org/resource/Kalwaria_Zebrzydowska</field>
<field name="entity_type">museums</field>
<field name="timestamp">NOW</field>
<field name="sameAs">http://dbpedia.org/resource/Kalwaria_Zebrzydowska</field>
</doc>
<doc>
<field name="uri">http://uk.dbpedia.org/resource/Кальварія-Зебжидовська</field>
<field name="entity_type">museums</field>
<field name="timestamp">NOW</field>
<field name="sameAs">http://dbpedia.org/resource/Kalwaria_Zebrzydowska</field>
</doc>
<doc>
<field name="uri">http://vi.dbpedia.org/resource/Kalwaria_Zebrzydowska</field>
<field name="entity_type">museums</field>
<field name="timestamp">NOW</field>
<field name="sameAs">http://dbpedia.org/resource/Kalwaria_Zebrzydowska</field>
</doc>
</add>
