<add xmlns:dc="http://purl.org/dc/elements/1.1/" overwrite="true">
<doc>
<field name="uri">http://dbpedia.org/resource/Kenwood</field>
<field name="entity_type">museums</field>
<field name="timestamp">NOW</field>
</doc>
<doc>
<field name="uri">http://es.dbpedia.org/resource/Kenwood_House</field>
<field name="entity_type">museums</field>
<field name="timestamp">NOW</field>
<field name="sameAs">http://dbpedia.org/resource/Kenwood_House</field>
</doc>
<doc>
<field name="uri">http://ru.dbpedia.org/resource/Кенвуд-хаус</field>
<field name="entity_type">museums</field>
<field name="timestamp">NOW</field>
<field name="sameAs">http://dbpedia.org/resource/Kenwood_House</field>
</doc>
<doc>
<field name="uri">http://dbpedia.org/resource/William_Murray,_1st_Earl_of_Mansfield</field>
<field name="entity_type">museums</field>
<field name="timestamp">NOW</field>
<field name="death-place">http://dbpedia.org/resource/Kenwood_House</field>
</doc>
<doc>
<field name="uri">http://dbpedia.org/resource/Self_Portrait_with_Two_Circles</field>
<field name="entity_type">museums</field>
<field name="timestamp">NOW</field>
<field name="museum">http://dbpedia.org/resource/Kenwood_House</field>
</doc>
<doc>
<field name="uri">http://dbpedia.org/resource/Kenwood_House</field>
<field name="entity_type">museums</field>
<field name="timestamp">NOW</field>
<field name="sameAs">http://ru.dbpedia.org/resource/Кенвуд-хаус</field>
<field name="sameAs">http://rdf.freebase.com/ns/m.05q442</field>
<field name="sameAs">http://es.dbpedia.org/resource/Kenwood_House</field>
<field name="sameAs">http://it.dbpedia.org/resource/Kenwood_House</field>
<field name="sameAs">http://be.dbpedia.org/resource/Кенвуд-хаус</field>
<field name="sameAs">http://ms.dbpedia.org/resource/Rumah_Kenwood</field>
<field name="sameAs">http://sv.dbpedia.org/resource/Kenwood_House</field>
<field name="sameAs">http://uk.dbpedia.org/resource/Кенвуд-хаус</field>
<field name="sameAs">http://dbpedia.org/resource/Kenwood_House</field>
<field name="sameAs">http://www.wikidata.org/entity/Q764804</field>
<field name="sameAs">http://tr.dbpedia.org/resource/Kenwood_House</field>
<field name="sameAs">http://de.dbpedia.org/resource/Kenwood_House</field>
<field name="sameAs">http://sws.geonames.org/7535505/</field>
<field name="sameAs">http://nl.dbpedia.org/resource/Kenwood_House_and_Garden</field>
<field name="sameAs">http://yago-knowledge.org/resource/Kenwood_House</field>
<field name="sameAs">http://ja.dbpedia.org/resource/ケンウッド・ハウス</field>
<field name="sameAs">http://da.dbpedia.org/resource/Kenwood_House</field>
<field name="subject" update="add">http://dbpedia.org/resource/Category:Art_museums_and_galleries_in_London</field>
<field name="subject" update="add">http://dbpedia.org/resource/Category:Grade_I_listed_buildings_in_London</field>
<field name="subject" update="add">http://dbpedia.org/resource/Category:English_Heritage_sites_in_London</field>
<field name="subject" update="add">http://dbpedia.org/resource/Category:Houses_in_Camden</field>
<field name="subject" update="add">http://dbpedia.org/resource/Category:Hampstead</field>
<field name="subject" update="add">http://dbpedia.org/resource/Category:Grade_I_listed_houses</field>
<field name="subject" update="add">http://dbpedia.org/resource/Category:Guinness_family</field>
<field name="subject" update="add">http://dbpedia.org/resource/Category:Gardens_in_London</field>
<field name="subject" update="add">http://dbpedia.org/resource/Category:Museums_in_Camden</field>
<field name="subject" update="add">http://dbpedia.org/resource/Category:Historic_house_museums_in_London</field>
<field name="abstract">Kenwood House (also known as the Iveagh Bequest) is a former stately home, in Hampstead, London, on the northern boundary of Hampstead Heath. It is managed by English Heritage.</field>
<field name="label">Kenwood House</field>
<field name="depiction">http://upload.wikimedia.org/wikipedia/commons/7/77/Kenwood_House.jpg</field>
<field name="comment">Kenwood House (also known as the Iveagh Bequest) is a former stately home, in Hampstead, London, on the northern boundary of Hampstead Heath. It is managed by English Heritage.</field>
<field name="thumbnail">http://upload.wikimedia.org/wikipedia/commons/thumb/7/77/Kenwood_House.jpg/200px-Kenwood_House.jpg</field>
<field name="link_external">http://www.english-heritage.org.uk/daysout/properties/kenwood-house/garden/</field>
<field name="link_external">http://www.english-heritage.org.uk/daysout/properties/kenwood-house/</field>
<field name="isPrimaryTopicOf">http://en.wikipedia.org/wiki/Kenwood_House</field>
<field name="photo-collection">http://wifo5-03.informatik.uni-mannheim.de/flickrwrappr/photos/Kenwood_House</field>
</doc>
<doc>
<field name="uri">http://de.dbpedia.org/resource/Kenwood_House</field>
<field name="entity_type">museums</field>
<field name="timestamp">NOW</field>
<field name="sameAs">http://dbpedia.org/resource/Kenwood_House</field>
</doc>
<doc>
<field name="uri">http://it.dbpedia.org/resource/Kenwood_House</field>
<field name="entity_type">museums</field>
<field name="timestamp">NOW</field>
<field name="sameAs">http://dbpedia.org/resource/Kenwood_House</field>
</doc>
<doc>
<field name="uri">http://ja.dbpedia.org/resource/ケンウッド・ハウス</field>
<field name="entity_type">museums</field>
<field name="timestamp">NOW</field>
<field name="sameAs">http://dbpedia.org/resource/Kenwood_House</field>
</doc>
<doc>
<field name="uri">http://en.wikipedia.org/wiki/Kenwood_House</field>
<field name="entity_type">museums</field>
<field name="timestamp">NOW</field>
<field name="primaryTopic">http://dbpedia.org/resource/Kenwood_House</field>
</doc>
<doc>
<field name="uri">http://nl.dbpedia.org/resource/Kenwood_House_and_Garden</field>
<field name="entity_type">museums</field>
<field name="timestamp">NOW</field>
<field name="sameAs">http://dbpedia.org/resource/Kenwood_House</field>
</doc>
<doc>
<field name="uri">http://wikidata.dbpedia.org/resource/Q764804</field>
<field name="entity_type">museums</field>
<field name="timestamp">NOW</field>
<field name="sameAs">http://dbpedia.org/resource/Kenwood_House</field>
</doc>
<doc>
<field name="uri">http://be.dbpedia.org/resource/Кенвуд-хаус</field>
<field name="entity_type">museums</field>
<field name="timestamp">NOW</field>
<field name="sameAs">http://dbpedia.org/resource/Kenwood_House</field>
</doc>
<doc>
<field name="uri">http://da.dbpedia.org/resource/Kenwood_House</field>
<field name="entity_type">museums</field>
<field name="timestamp">NOW</field>
<field name="sameAs">http://dbpedia.org/resource/Kenwood_House</field>
</doc>
<doc>
<field name="uri">http://ms.dbpedia.org/resource/Rumah_Kenwood</field>
<field name="entity_type">museums</field>
<field name="timestamp">NOW</field>
<field name="sameAs">http://dbpedia.org/resource/Kenwood_House</field>
</doc>
<doc>
<field name="uri">http://sv.dbpedia.org/resource/Kenwood_House</field>
<field name="entity_type">museums</field>
<field name="timestamp">NOW</field>
<field name="sameAs">http://dbpedia.org/resource/Kenwood_House</field>
</doc>
<doc>
<field name="uri">http://tr.dbpedia.org/resource/Kenwood_House</field>
<field name="entity_type">museums</field>
<field name="timestamp">NOW</field>
<field name="sameAs">http://dbpedia.org/resource/Kenwood_House</field>
</doc>
<doc>
<field name="uri">http://uk.dbpedia.org/resource/Кенвуд-хаус</field>
<field name="entity_type">museums</field>
<field name="timestamp">NOW</field>
<field name="sameAs">http://dbpedia.org/resource/Kenwood_House</field>
</doc>
</add>
