<add xmlns:dc="http://purl.org/dc/elements/1.1/" overwrite="true">
<doc>
<field name="uri">http://dbpedia.org/resource/Hamburg_Art_Gallery</field>
<field name="entity_type">museums</field>
<field name="timestamp">NOW</field>
</doc>
<doc>
<field name="uri">http://el.dbpedia.org/resource/Αίθουσα_Τέχνης_Αμβούργου</field>
<field name="entity_type">museums</field>
<field name="timestamp">NOW</field>
<field name="sameAs">http://dbpedia.org/resource/Kunsthalle_Hamburg</field>
</doc>
<doc>
<field name="uri">http://es.dbpedia.org/resource/Kunsthalle_de_Hamburgo</field>
<field name="entity_type">museums</field>
<field name="timestamp">NOW</field>
<field name="sameAs">http://dbpedia.org/resource/Kunsthalle_Hamburg</field>
</doc>
<doc>
<field name="uri">http://dbpedia.org/resource/Kunsthalle_Hamburg</field>
<field name="entity_type">museums</field>
<field name="timestamp">NOW</field>
<field name="sameAs">http://sv.dbpedia.org/resource/Hamburger_Kunsthalle</field>
<field name="sameAs">http://de.dbpedia.org/resource/Hamburger_Kunsthalle</field>
<field name="sameAs">http://da.dbpedia.org/resource/Hamburger_Kunsthalle</field>
<field name="sameAs">http://fr.dbpedia.org/resource/Kunsthalle_de_Hambourg</field>
<field name="sameAs">http://sws.geonames.org/6944306/</field>
<field name="sameAs">http://nl.dbpedia.org/resource/Hamburger_Kunsthalle</field>
<field name="sameAs">http://pl.dbpedia.org/resource/Kunsthalle_w_Hamburgu</field>
<field name="sameAs">http://el.dbpedia.org/resource/Αίθουσα_Τέχνης_Αμβούργου</field>
<field name="sameAs">http://rdf.freebase.com/ns/m.07j4pr</field>
<field name="sameAs">http://lt.dbpedia.org/resource/Hamburgo_dailės_galerija</field>
<field name="sameAs">http://yago-knowledge.org/resource/Kunsthalle_Hamburg</field>
<field name="sameAs">http://br.dbpedia.org/resource/Kunsthalle_Hamburg</field>
<field name="sameAs">http://it.dbpedia.org/resource/Hamburger_Kunsthalle</field>
<field name="sameAs">http://et.dbpedia.org/resource/Hamburgi_Kunstihall</field>
<field name="sameAs">http://ja.dbpedia.org/resource/ハンブルク美術館</field>
<field name="sameAs">http://an.dbpedia.org/resource/Kunsthalle_d'Hamburgo</field>
<field name="sameAs">http://no.dbpedia.org/resource/Hamburger_Kunsthalle</field>
<field name="sameAs">http://es.dbpedia.org/resource/Kunsthalle_de_Hamburgo</field>
<field name="sameAs">http://eo.dbpedia.org/resource/Kunsthalle_(Hamburgo)</field>
<field name="sameAs">http://uk.dbpedia.org/resource/Гамбурзька_картинна_галерея</field>
<field name="sameAs">http://dbpedia.org/resource/Kunsthalle_Hamburg</field>
<field name="sameAs">http://ru.dbpedia.org/resource/Гамбургский_кунстхалле</field>
<field name="sameAs">http://www.wikidata.org/entity/Q169542</field>
<field name="sameAs">http://bg.dbpedia.org/resource/Салон_на_изкуствата_(Хамбург)</field>
<field name="sameAs">http://fi.dbpedia.org/resource/Hampurin_taidehalli</field>
<field name="subject" update="add">http://dbpedia.org/resource/Category:Museums_in_Hamburg</field>
<field name="subject" update="add">http://dbpedia.org/resource/Category:Art_museums_and_galleries_in_Germany</field>
<field name="subject" update="add">http://dbpedia.org/resource/Category:1869_establishments_in_Germany</field>
<field name="subject" update="add">http://dbpedia.org/resource/Category:Art_museums_established_in_1869</field>
<field name="abstract">The Hamburger Kunsthalle is an art museum in Hamburg, Germany. The art museum focuses on painting in Hamburg in the 14th century, paintings by Dutch and Flemish artists of the 16th and 17th centuries, French and German paintings of the 19th century, modern, and contemporary art. It consists of three connected buildings located in the city center, near the Central Station and the Binnenalster lake.</field>
<field name="label">Kunsthalle Hamburg</field>
<field name="depiction">http://upload.wikimedia.org/wikipedia/commons/6/63/Hamburg.Kunsthalle.Kuppel.wmt.jpg</field>
<field name="comment">The Hamburger Kunsthalle is an art museum in Hamburg, Germany. The art museum focuses on painting in Hamburg in the 14th century, paintings by Dutch and Flemish artists of the 16th and 17th centuries, French and German paintings of the 19th century, modern, and contemporary art. It consists of three connected buildings located in the city center, near the Central Station and the Binnenalster lake.</field>
<field name="name"/>
<field name="name"/>
<field name="thumbnail">http://upload.wikimedia.org/wikipedia/commons/thumb/6/63/Hamburg.Kunsthalle.Kuppel.wmt.jpg/200px-Hamburg.Kunsthalle.Kuppel.wmt.jpg</field>
<field name="link_external">http://www.hamburger-kunsthalle.de/index.php</field>
<field name="link_external">http://www.hamburger-Kunsthalle.de</field>
<field name="type">Art</field>
<field name="isPrimaryTopicOf">http://en.wikipedia.org/wiki/Kunsthalle_Hamburg</field>
<field name="photo-collection">http://wifo5-03.informatik.uni-mannheim.de/flickrwrappr/photos/Kunsthalle_Hamburg</field>
</doc>
<doc>
<field name="uri">http://dbpedia.org/resource/Nana_(painting)</field>
<field name="entity_type">museums</field>
<field name="timestamp">NOW</field>
<field name="museum">http://dbpedia.org/resource/Kunsthalle_Hamburg</field>
</doc>
<doc>
<field name="uri">http://en.wikipedia.org/wiki/Kunsthalle_Hamburg</field>
<field name="entity_type">museums</field>
<field name="timestamp">NOW</field>
<field name="primaryTopic">http://dbpedia.org/resource/Kunsthalle_Hamburg</field>
</doc>
<doc>
<field name="uri">http://dbpedia.org/resource/Studio_Wall</field>
<field name="entity_type">museums</field>
<field name="timestamp">NOW</field>
<field name="museum">http://dbpedia.org/resource/Kunsthalle_Hamburg</field>
</doc>
<doc>
<field name="uri">http://dbpedia.org/resource/The_Sea_of_Ice</field>
<field name="entity_type">museums</field>
<field name="timestamp">NOW</field>
<field name="museum">http://dbpedia.org/resource/Kunsthalle_Hamburg</field>
</doc>
<doc>
<field name="uri">http://de.dbpedia.org/resource/Hamburger_Kunsthalle</field>
<field name="entity_type">museums</field>
<field name="timestamp">NOW</field>
<field name="sameAs">http://dbpedia.org/resource/Kunsthalle_Hamburg</field>
</doc>
<doc>
<field name="uri">http://fr.dbpedia.org/resource/Kunsthalle_de_Hambourg</field>
<field name="entity_type">museums</field>
<field name="timestamp">NOW</field>
<field name="sameAs">http://dbpedia.org/resource/Kunsthalle_Hamburg</field>
</doc>
<doc>
<field name="uri">http://pl.dbpedia.org/resource/Kunsthalle_w_Hamburgu</field>
<field name="entity_type">museums</field>
<field name="timestamp">NOW</field>
<field name="sameAs">http://dbpedia.org/resource/Kunsthalle_Hamburg</field>
</doc>
<doc>
<field name="uri">http://dbpedia.org/resource/Wanderer_above_the_Sea_of_Fog</field>
<field name="entity_type">museums</field>
<field name="timestamp">NOW</field>
<field name="museum">http://dbpedia.org/resource/Kunsthalle_Hamburg</field>
</doc>
<doc>
<field name="uri">http://it.dbpedia.org/resource/Hamburger_Kunsthalle</field>
<field name="entity_type">museums</field>
<field name="timestamp">NOW</field>
<field name="sameAs">http://dbpedia.org/resource/Kunsthalle_Hamburg</field>
</doc>
<doc>
<field name="uri">http://ja.dbpedia.org/resource/ハンブルク美術館</field>
<field name="entity_type">museums</field>
<field name="timestamp">NOW</field>
<field name="sameAs">http://dbpedia.org/resource/Kunsthalle_Hamburg</field>
</doc>
<doc>
<field name="uri">http://ru.dbpedia.org/resource/Гамбургский_кунстхалле</field>
<field name="entity_type">museums</field>
<field name="timestamp">NOW</field>
<field name="sameAs">http://dbpedia.org/resource/Kunsthalle_Hamburg</field>
</doc>
<doc>
<field name="uri">http://dbpedia.org/resource/Hamburger_Kunsthalle</field>
<field name="entity_type">museums</field>
<field name="timestamp">NOW</field>
</doc>
<doc>
<field name="uri">http://dbpedia.org/resource/Galerie_der_Gegenwart,_Hamburg</field>
<field name="entity_type">museums</field>
<field name="timestamp">NOW</field>
</doc>
<doc>
<field name="uri">http://dbpedia.org/resource/Hamburg_Art_Museum</field>
<field name="entity_type">museums</field>
<field name="timestamp">NOW</field>
</doc>
<doc>
<field name="uri">http://dbpedia.org/resource/Hamburg_Kunsthalle</field>
<field name="entity_type">museums</field>
<field name="timestamp">NOW</field>
</doc>
<doc>
<field name="uri">http://dbpedia.org/resource/Kunsthalle,_Hamburg</field>
<field name="entity_type">museums</field>
<field name="timestamp">NOW</field>
</doc>
<doc>
<field name="uri">http://dbpedia.org/resource/Bust_of_Alessandro_Peretti_di_Montalto_(Bernini)</field>
<field name="entity_type">museums</field>
<field name="timestamp">NOW</field>
<field name="museum">http://dbpedia.org/resource/Kunsthalle_Hamburg</field>
</doc>
<doc>
<field name="uri">http://nl.dbpedia.org/resource/Hamburger_Kunsthalle</field>
<field name="entity_type">museums</field>
<field name="timestamp">NOW</field>
<field name="sameAs">http://dbpedia.org/resource/Kunsthalle_Hamburg</field>
</doc>
<doc>
<field name="uri">http://dbpedia.org/resource/Self_Portrait_with_Model</field>
<field name="entity_type">museums</field>
<field name="timestamp">NOW</field>
</doc>
<doc>
<field name="uri">http://wikidata.dbpedia.org/resource/Q169542</field>
<field name="entity_type">museums</field>
<field name="timestamp">NOW</field>
<field name="sameAs">http://dbpedia.org/resource/Kunsthalle_Hamburg</field>
</doc>
<doc>
<field name="uri">http://an.dbpedia.org/resource/Kunsthalle_d'Hamburgo</field>
<field name="entity_type">museums</field>
<field name="timestamp">NOW</field>
<field name="sameAs">http://dbpedia.org/resource/Kunsthalle_Hamburg</field>
</doc>
<doc>
<field name="uri">http://bg.dbpedia.org/resource/Салон_на_изкуствата_(Хамбург)</field>
<field name="entity_type">museums</field>
<field name="timestamp">NOW</field>
<field name="sameAs">http://dbpedia.org/resource/Kunsthalle_Hamburg</field>
</doc>
<doc>
<field name="uri">http://br.dbpedia.org/resource/Kunsthalle_Hamburg</field>
<field name="entity_type">museums</field>
<field name="timestamp">NOW</field>
<field name="sameAs">http://dbpedia.org/resource/Kunsthalle_Hamburg</field>
</doc>
<doc>
<field name="uri">http://da.dbpedia.org/resource/Hamburger_Kunsthalle</field>
<field name="entity_type">museums</field>
<field name="timestamp">NOW</field>
<field name="sameAs">http://dbpedia.org/resource/Kunsthalle_Hamburg</field>
</doc>
<doc>
<field name="uri">http://eo.dbpedia.org/resource/Kunsthalle_(Hamburgo)</field>
<field name="entity_type">museums</field>
<field name="timestamp">NOW</field>
<field name="sameAs">http://dbpedia.org/resource/Kunsthalle_Hamburg</field>
</doc>
<doc>
<field name="uri">http://et.dbpedia.org/resource/Hamburgi_Kunstihall</field>
<field name="entity_type">museums</field>
<field name="timestamp">NOW</field>
<field name="sameAs">http://dbpedia.org/resource/Kunsthalle_Hamburg</field>
</doc>
<doc>
<field name="uri">http://fi.dbpedia.org/resource/Hampurin_taidehalli</field>
<field name="entity_type">museums</field>
<field name="timestamp">NOW</field>
<field name="sameAs">http://dbpedia.org/resource/Kunsthalle_Hamburg</field>
</doc>
<doc>
<field name="uri">http://lt.dbpedia.org/resource/Hamburgo_dailės_galerija</field>
<field name="entity_type">museums</field>
<field name="timestamp">NOW</field>
<field name="sameAs">http://dbpedia.org/resource/Kunsthalle_Hamburg</field>
</doc>
<doc>
<field name="uri">http://no.dbpedia.org/resource/Hamburger_Kunsthalle</field>
<field name="entity_type">museums</field>
<field name="timestamp">NOW</field>
<field name="sameAs">http://dbpedia.org/resource/Kunsthalle_Hamburg</field>
</doc>
<doc>
<field name="uri">http://sv.dbpedia.org/resource/Hamburger_Kunsthalle</field>
<field name="entity_type">museums</field>
<field name="timestamp">NOW</field>
<field name="sameAs">http://dbpedia.org/resource/Kunsthalle_Hamburg</field>
</doc>
<doc>
<field name="uri">http://uk.dbpedia.org/resource/Гамбурзька_картинна_галерея</field>
<field name="entity_type">museums</field>
<field name="timestamp">NOW</field>
<field name="sameAs">http://dbpedia.org/resource/Kunsthalle_Hamburg</field>
</doc>
</add>
