<add xmlns:dc="http://purl.org/dc/elements/1.1/" overwrite="true">
<doc>
<field name="uri">http://dbpedia.org/resource/Manchester_Art_Gallery</field>
<field name="entity_type">museums</field>
<field name="timestamp">NOW</field>
<field name="sameAs">http://ja.dbpedia.org/resource/マンチェスター市立美術館</field>
<field name="sameAs">http://dbpedia.org/resource/Manchester_Art_Gallery</field>
<field name="sameAs">http://be_x_old.dbpedia.org/resource/Мастацкая_галерэя_Манчэстэра</field>
<field name="sameAs">http://fr.dbpedia.org/resource/Manchester_Art_Gallery</field>
<field name="sameAs">http://yago-knowledge.org/resource/Manchester_Art_Gallery</field>
<field name="sameAs">http://fr.dbpedia.org/resource/Manchester_City_Art_Galleries</field>
<field name="sameAs">http://www.wikidata.org/entity/Q2638817</field>
<field name="sameAs">http://be.dbpedia.org/resource/Мастацкая_галерэя_Манчэстэра</field>
<field name="sameAs">http://ru.dbpedia.org/resource/Манчестерская_художественная_галерея</field>
<field name="sameAs">http://rdf.freebase.com/ns/m.0383jm</field>
<field name="subject" update="add">http://dbpedia.org/resource/Category:Grade_I_listed_buildings_in_Manchester</field>
<field name="subject" update="add">http://dbpedia.org/resource/Category:Grade_I_listed_museum_buildings</field>
<field name="subject" update="add">http://dbpedia.org/resource/Category:1824_establishments_in_England</field>
<field name="subject" update="add">http://dbpedia.org/resource/Category:Art_museums_and_galleries_in_Manchester</field>
<field name="subject" update="add">http://dbpedia.org/resource/Category:Art_museums_established_in_1824</field>
<field name="subject" update="add">http://dbpedia.org/resource/Category:Decorative_arts_museums_in_England</field>
<field name="abstract">Manchester Art Gallery is a publicly owned art gallery in Mosley Street, Manchester, England. It was formerly known as Manchester City Art Gallery. The gallery was opened in 1824 and today occupies three buildings, the oldest of which, designed by Sir Charles Barry, is Grade I listed and was originally home to the Royal Manchester Institution. The gallery is free to enter and houses the civic art collection, which includes works of local and international significance.</field>
<field name="label">Manchester Art Gallery</field>
<field name="depiction">http://upload.wikimedia.org/wikipedia/commons/c/ca/Manchester_Art_Gallery_March_2010.jpg</field>
<field name="comment">Manchester Art Gallery is a publicly owned art gallery in Mosley Street, Manchester, England. It was formerly known as Manchester City Art Gallery. The gallery was opened in 1824 and today occupies three buildings, the oldest of which, designed by Sir Charles Barry, is Grade I listed and was originally home to the Royal Manchester Institution. The gallery is free to enter and houses the civic art collection, which includes works of local and international significance.</field>
<field name="name"/>
<field name="thumbnail">http://upload.wikimedia.org/wikipedia/commons/thumb/c/ca/Manchester_Art_Gallery_March_2010.jpg/200px-Manchester_Art_Gallery_March_2010.jpg</field>
<field name="link_external">http://www.bbc.co.uk/arts/yourpaintings/galleries/locations/manchester-city-galleries-7282</field>
<field name="link_external">http://www.manchestergalleries.org/</field>
<field name="isPrimaryTopicOf">http://en.wikipedia.org/wiki/Manchester_Art_Gallery</field>
<field name="photo-collection">http://wifo5-03.informatik.uni-mannheim.de/flickrwrappr/photos/Manchester_Art_Gallery</field>
</doc>
<doc>
<field name="uri">http://dbpedia.org/resource/Autumn_Leaves_(painting)</field>
<field name="entity_type">museums</field>
<field name="timestamp">NOW</field>
<field name="museum">http://dbpedia.org/resource/Manchester_Art_Gallery</field>
</doc>
<doc>
<field name="uri">http://dbpedia.org/resource/The_Scapegoat_(painting)</field>
<field name="entity_type">museums</field>
<field name="timestamp">NOW</field>
<field name="museum">http://dbpedia.org/resource/Manchester_Art_Gallery</field>
</doc>
<doc>
<field name="uri">http://ru.dbpedia.org/resource/Манчестерская_художественная_галерея</field>
<field name="entity_type">museums</field>
<field name="timestamp">NOW</field>
<field name="sameAs">http://dbpedia.org/resource/Manchester_Art_Gallery</field>
</doc>
<doc>
<field name="uri">http://dbpedia.org/resource/Cromwell,_Protector_of_the_Vaudois</field>
<field name="entity_type">museums</field>
<field name="timestamp">NOW</field>
<field name="museum">http://dbpedia.org/resource/Manchester_Art_Gallery</field>
</doc>
<doc>
<field name="uri">http://dbpedia.org/resource/The_Hireling_Shepherd</field>
<field name="entity_type">museums</field>
<field name="timestamp">NOW</field>
<field name="museum">http://dbpedia.org/resource/Manchester_Art_Gallery</field>
</doc>
<doc>
<field name="uri">http://dbpedia.org/resource/The_Shadow_of_Death</field>
<field name="entity_type">museums</field>
<field name="timestamp">NOW</field>
<field name="museum">http://dbpedia.org/resource/Manchester_Art_Gallery</field>
</doc>
<doc>
<field name="uri">http://ja.dbpedia.org/resource/マンチェスター市立美術館</field>
<field name="entity_type">museums</field>
<field name="timestamp">NOW</field>
<field name="sameAs">http://dbpedia.org/resource/Manchester_Art_Gallery</field>
</doc>
<doc>
<field name="uri">http://dbpedia.org/resource/Work_(painting)</field>
<field name="entity_type">museums</field>
<field name="timestamp">NOW</field>
<field name="museum">http://dbpedia.org/resource/Manchester_Art_Gallery</field>
</doc>
<doc>
<field name="uri">http://en.wikipedia.org/wiki/Manchester_Art_Gallery</field>
<field name="entity_type">museums</field>
<field name="timestamp">NOW</field>
<field name="primaryTopic">http://dbpedia.org/resource/Manchester_Art_Gallery</field>
</doc>
<doc>
<field name="uri">http://dbpedia.org/resource/Victory_O_Lord!</field>
<field name="entity_type">museums</field>
<field name="timestamp">NOW</field>
<field name="museum">http://dbpedia.org/resource/Manchester_Art_Gallery</field>
</doc>
<doc>
<field name="uri">http://dbpedia.org/resource/Manchester_City_Art_Gallery</field>
<field name="entity_type">museums</field>
<field name="timestamp">NOW</field>
</doc>
<doc>
<field name="uri">http://wikidata.dbpedia.org/resource/Q2638817</field>
<field name="entity_type">museums</field>
<field name="timestamp">NOW</field>
<field name="sameAs">http://dbpedia.org/resource/Manchester_Art_Gallery</field>
</doc>
<doc>
<field name="uri">http://fr.dbpedia.org/resource/Manchester_Art_Gallery</field>
<field name="entity_type">museums</field>
<field name="timestamp">NOW</field>
<field name="sameAs">http://dbpedia.org/resource/Manchester_Art_Gallery</field>
</doc>
<doc>
<field name="uri">http://be.dbpedia.org/resource/Мастацкая_галерэя_Манчэстэра</field>
<field name="entity_type">museums</field>
<field name="timestamp">NOW</field>
<field name="sameAs">http://dbpedia.org/resource/Manchester_Art_Gallery</field>
</doc>
<doc>
<field name="uri">http://be_x_old.dbpedia.org/resource/Мастацкая_галерэя_Манчэстэра</field>
<field name="entity_type">museums</field>
<field name="timestamp">NOW</field>
<field name="sameAs">http://dbpedia.org/resource/Manchester_Art_Gallery</field>
</doc>
</add>
