<add xmlns:dc="http://purl.org/dc/elements/1.1/" overwrite="true">
<doc>
<field name="uri">http://dbpedia.org/resource/Museum_Ludwig</field>
<field name="entity_type">museums</field>
<field name="timestamp">NOW</field>
<field name="sameAs">http://dbpedia.org/resource/Museum_Ludwig</field>
<field name="sameAs">http://it.dbpedia.org/resource/Museo_Ludwig</field>
<field name="sameAs">http://nl.dbpedia.org/resource/Museum_Ludwig</field>
<field name="sameAs">http://pl.dbpedia.org/resource/Muzeum_Ludwig</field>
<field name="sameAs">http://sws.geonames.org/6947530/</field>
<field name="sameAs">http://www.wikidata.org/entity/Q703640</field>
<field name="sameAs">http://sv.dbpedia.org/resource/Museum_Ludwig</field>
<field name="sameAs">http://de.dbpedia.org/resource/Museum_Ludwig</field>
<field name="sameAs">http://hr.dbpedia.org/resource/Muzej_Ludwig</field>
<field name="sameAs">http://rdf.freebase.com/ns/m.05q6c5</field>
<field name="sameAs">http://es.dbpedia.org/resource/Museo_Ludwig</field>
<field name="sameAs">http://ru.dbpedia.org/resource/Музей_Людвига</field>
<field name="sameAs">http://ja.dbpedia.org/resource/ルートヴィヒ美術館</field>
<field name="sameAs">http://fr.dbpedia.org/resource/Musée_Ludwig</field>
<field name="sameAs">http://yago-knowledge.org/resource/Museum_Ludwig</field>
<field name="subject" update="add">http://dbpedia.org/resource/Category:Innenstadt,_Cologne</field>
<field name="subject" update="add">http://dbpedia.org/resource/Category:1976_establishments_in_Germany</field>
<field name="subject" update="add">http://dbpedia.org/resource/Category:Art_museums_established_in_1976</field>
<field name="subject" update="add">http://dbpedia.org/resource/Category:Modern_art_museums</field>
<field name="subject" update="add">http://dbpedia.org/resource/Category:Former_private_collections</field>
<field name="subject" update="add">http://dbpedia.org/resource/Category:Buildings_and_structures_in_Cologne</field>
<field name="subject" update="add">http://dbpedia.org/resource/Category:Museums_in_Cologne</field>
<field name="subject" update="add">http://dbpedia.org/resource/Category:Art_museums_and_galleries_in_Germany</field>
<field name="abstract">Museum Ludwig, located in Cologne, Germany, houses a collection of modern art. It includes works from Pop Art, Abstract and Surrealism, and has one of the largest Picasso collections in Europe. It also features many works by Andy Warhol and Roy Lichtenstein. Since November 2012, Philipp Kaiser is director of the museum.</field>
<field name="label">Museum Ludwig</field>
<field name="depiction">http://upload.wikimedia.org/wikipedia/commons/0/00/Logo_Museum_Ludwig.svg</field>
<field name="comment">Museum Ludwig, located in Cologne, Germany, houses a collection of modern art. It includes works from Pop Art, Abstract and Surrealism, and has one of the largest Picasso collections in Europe. It also features many works by Andy Warhol and Roy Lichtenstein. Since November 2012, Philipp Kaiser is director of the museum.</field>
<field name="name"/>
<field name="thumbnail">http://upload.wikimedia.org/wikipedia/commons/thumb/0/00/Logo_Museum_Ludwig.svg/200px-Logo_Museum_Ludwig.svg.png</field>
<field name="link_external">http://www.museum-ludwig.de</field>
<field name="link_external">http://www.museenkoeln.de/homepage/default.asp?schrift=&amp;s=167</field>
<field name="isPrimaryTopicOf">http://en.wikipedia.org/wiki/Museum_Ludwig</field>
<field name="photo-collection">http://wifo5-03.informatik.uni-mannheim.de/flickrwrappr/photos/Museum_Ludwig</field>
</doc>
<doc>
<field name="uri">http://it.dbpedia.org/resource/Museo_Ludwig</field>
<field name="entity_type">museums</field>
<field name="timestamp">NOW</field>
<field name="sameAs">http://dbpedia.org/resource/Museum_Ludwig</field>
</doc>
<doc>
<field name="uri">http://dbpedia.org/resource/M-Maybe</field>
<field name="entity_type">museums</field>
<field name="timestamp">NOW</field>
<field name="museum">http://dbpedia.org/resource/Museum_Ludwig</field>
</doc>
<doc>
<field name="uri">http://de.dbpedia.org/resource/Museum_Ludwig</field>
<field name="entity_type">museums</field>
<field name="timestamp">NOW</field>
<field name="sameAs">http://dbpedia.org/resource/Museum_Ludwig</field>
</doc>
<doc>
<field name="uri">http://fr.dbpedia.org/resource/Musée_Ludwig</field>
<field name="entity_type">museums</field>
<field name="timestamp">NOW</field>
<field name="sameAs">http://dbpedia.org/resource/Museum_Ludwig</field>
</doc>
<doc>
<field name="uri">http://ja.dbpedia.org/resource/ルートヴィヒ美術館</field>
<field name="entity_type">museums</field>
<field name="timestamp">NOW</field>
<field name="sameAs">http://dbpedia.org/resource/Museum_Ludwig</field>
</doc>
<doc>
<field name="uri">http://pl.dbpedia.org/resource/Muzeum_Ludwig</field>
<field name="entity_type">museums</field>
<field name="timestamp">NOW</field>
<field name="sameAs">http://dbpedia.org/resource/Museum_Ludwig</field>
</doc>
<doc>
<field name="uri">http://ru.dbpedia.org/resource/Музей_Людвига</field>
<field name="entity_type">museums</field>
<field name="timestamp">NOW</field>
<field name="sameAs">http://dbpedia.org/resource/Museum_Ludwig</field>
</doc>
<doc>
<field name="uri">http://es.dbpedia.org/resource/Museo_Ludwig</field>
<field name="entity_type">museums</field>
<field name="timestamp">NOW</field>
<field name="sameAs">http://dbpedia.org/resource/Museum_Ludwig</field>
</doc>
<doc>
<field name="uri">http://dbpedia.org/resource/La_Gare_de_Perpignan</field>
<field name="entity_type">museums</field>
<field name="timestamp">NOW</field>
<field name="museum">http://dbpedia.org/resource/Museum_Ludwig</field>
</doc>
<doc>
<field name="uri">http://dbpedia.org/resource/Die_gro%C3%9Fe_Nacht_im_Eimer</field>
<field name="entity_type">museums</field>
<field name="timestamp">NOW</field>
<field name="museum">http://dbpedia.org/resource/Museum_Ludwig</field>
</doc>
<doc>
<field name="uri">http://dbpedia.org/resource/Ludwig_Museum</field>
<field name="entity_type">museums</field>
<field name="timestamp">NOW</field>
</doc>
<doc>
<field name="uri">http://dbpedia.org/resource/Ludwig_Museum_Cologne</field>
<field name="entity_type">museums</field>
<field name="timestamp">NOW</field>
</doc>
<doc>
<field name="uri">http://en.wikipedia.org/wiki/Museum_Ludwig</field>
<field name="entity_type">museums</field>
<field name="timestamp">NOW</field>
<field name="primaryTopic">http://dbpedia.org/resource/Museum_Ludwig</field>
</doc>
<doc>
<field name="uri">http://nl.dbpedia.org/resource/Museum_Ludwig</field>
<field name="entity_type">museums</field>
<field name="timestamp">NOW</field>
<field name="sameAs">http://dbpedia.org/resource/Museum_Ludwig</field>
</doc>
<doc>
<field name="uri">http://wikidata.dbpedia.org/resource/Q703640</field>
<field name="entity_type">museums</field>
<field name="timestamp">NOW</field>
<field name="sameAs">http://dbpedia.org/resource/Museum_Ludwig</field>
</doc>
<doc>
<field name="uri">http://hr.dbpedia.org/resource/Muzej_Ludwig</field>
<field name="entity_type">museums</field>
<field name="timestamp">NOW</field>
<field name="sameAs">http://dbpedia.org/resource/Museum_Ludwig</field>
</doc>
<doc>
<field name="uri">http://sv.dbpedia.org/resource/Museum_Ludwig</field>
<field name="entity_type">museums</field>
<field name="timestamp">NOW</field>
<field name="sameAs">http://dbpedia.org/resource/Museum_Ludwig</field>
</doc>
</add>
