<add xmlns:dc="http://purl.org/dc/elements/1.1/" overwrite="true">
<doc>
<field name="uri">http://dbpedia.org/resource/Museu_Picasso</field>
<field name="entity_type">museums</field>
<field name="timestamp">NOW</field>
<field name="sameAs">http://dbpedia.org/resource/Museu_Picasso</field>
<field name="sameAs">http://sws.geonames.org/6452694/</field>
<field name="sameAs">http://mzn.dbpedia.org/resource/پیکاسو_موزه</field>
<field name="sameAs">http://fa.dbpedia.org/resource/موزه_پیکاسو</field>
<field name="sameAs">http://ko.dbpedia.org/resource/피카소_미술관_(바르셀로나)</field>
<field name="sameAs">http://sv.dbpedia.org/resource/Picassomuseet</field>
<field name="sameAs">http://es.dbpedia.org/resource/Museo_Picasso_de_Barcelona</field>
<field name="sameAs">http://ru.dbpedia.org/resource/Музей_Пикассо_(Барселона)</field>
<field name="sameAs">http://fr.dbpedia.org/resource/Musée_Picasso_(Barcelone)</field>
<field name="sameAs">http://ja.dbpedia.org/resource/ピカソ美術館_(バルセロナ)</field>
<field name="sameAs">http://yago-knowledge.org/resource/Museu_Picasso</field>
<field name="sameAs">http://no.dbpedia.org/resource/Museu_Picasso</field>
<field name="sameAs">http://www.wikidata.org/entity/Q1050032</field>
<field name="sameAs">http://nl.dbpedia.org/resource/Museu_Picasso_(Barcelona)</field>
<field name="sameAs">http://pt.dbpedia.org/resource/Museu_Picasso_(Barcelona)</field>
<field name="sameAs">http://be.dbpedia.org/resource/Музей_Пікаса,_Барселона</field>
<field name="sameAs">http://ar.dbpedia.org/resource/متحف_بيكاسو</field>
<field name="sameAs">http://ca.dbpedia.org/resource/Museu_Picasso_de_Barcelona</field>
<field name="sameAs">http://de.dbpedia.org/resource/Museu_Picasso</field>
<field name="sameAs">http://rdf.freebase.com/ns/m.0bdrf9</field>
<field name="sameAs">http://it.dbpedia.org/resource/Museu_Picasso</field>
<field name="sameAs">http://uk.dbpedia.org/resource/Музей_Пікассо_(Барселона)</field>
<field name="subject" update="add">http://dbpedia.org/resource/Category:1963_establishments_in_Spain</field>
<field name="subject" update="add">http://dbpedia.org/resource/Category:Museu_Picasso</field>
<field name="subject" update="add">http://dbpedia.org/resource/Category:Art_museums_established_in_1963</field>
<field name="subject" update="add">http://dbpedia.org/resource/Category:Biographical_museums_in_Spain</field>
<field name="abstract">This article refers to the museum in Barcelona. There are a number of other Picasso museums. Museu Picasso {{#invoke:InfoboxImage|InfoboxImage|image=Museu Picasso Barcelona. jpg|size=|sizedefault=250px|alt=}}Established 1963Location Montcada Street, Barcelona, SpainType Art MuseumVisitors 1,045,837 (2010)Director Bernardo Laniado-RomeroCurator Malén GualWebsite www. museupicasso. bcn. cat The Museu Picasso ("Picasso Museum"), located in Barcelona, Spain, houses one of the most extensive collections of artworks by the 20th century Spanish artist Pablo Picasso. With more than 3,500 works by the painter, the museum has the most complete collection of works. The museum is housed in five adjoining medieval palaces in Barcelona's La Ribera and is located on Montcada Street in the (Bank District) of Barcelona. It opened to the public on March 9 in 1963, becoming the first museum dedicated to Picasso's work and the only one created during the artist's life. It has since been declared a (museum of national interest)by the Government of Catalonia. Highlights of the collection include two of his first major works, The First Communion (1896), and Science and Charity (1897). In particular, the Museu Picasso reveals Picasso's relationship with the city of Barcelona, a relationship that was shaped in his youth and adolescence, and continued until his death.</field>
<field name="label">Museu Picasso</field>
<field name="depiction">http://upload.wikimedia.org/wikipedia/commons/4/48/Museu_Picasso_Barcelona.jpg</field>
<field name="comment">This article refers to the museum in Barcelona. There are a number of other Picasso museums. Museu Picasso {{#invoke:InfoboxImage|InfoboxImage|image=Museu Picasso Barcelona. jpg|size=|sizedefault=250px|alt=}}Established 1963Location Montcada Street, Barcelona, SpainType Art MuseumVisitors 1,045,837 (2010)Director Bernardo Laniado-RomeroCurator Malén GualWebsite www. museupicasso. bcn.</field>
<field name="name"/>
<field name="thumbnail">http://upload.wikimedia.org/wikipedia/commons/thumb/4/48/Museu_Picasso_Barcelona.jpg/200px-Museu_Picasso_Barcelona.jpg</field>
<field name="link_external">http://www.museupicasso.bcn.cat/index.htm</field>
<field name="link_external">http://www.museupicasso.bcn.cat/en/</field>
<field name="imageSize">200</field>
<field name="isPrimaryTopicOf">http://en.wikipedia.org/wiki/Museu_Picasso</field>
<field name="photo-collection">http://wifo5-03.informatik.uni-mannheim.de/flickrwrappr/photos/Museu_Picasso</field>
</doc>
<doc>
<field name="uri">http://fr.dbpedia.org/resource/Musée_Picasso_(Barcelone)</field>
<field name="entity_type">museums</field>
<field name="timestamp">NOW</field>
<field name="sameAs">http://dbpedia.org/resource/Museu_Picasso</field>
</doc>
<doc>
<field name="uri">http://it.dbpedia.org/resource/Museu_Picasso</field>
<field name="entity_type">museums</field>
<field name="timestamp">NOW</field>
<field name="sameAs">http://dbpedia.org/resource/Museu_Picasso</field>
</doc>
<doc>
<field name="uri">http://ja.dbpedia.org/resource/ピカソ美術館_(バルセロナ)</field>
<field name="entity_type">museums</field>
<field name="timestamp">NOW</field>
<field name="sameAs">http://dbpedia.org/resource/Museu_Picasso</field>
</doc>
<doc>
<field name="uri">http://ko.dbpedia.org/resource/피카소_미술관_(바르셀로나)</field>
<field name="entity_type">museums</field>
<field name="timestamp">NOW</field>
<field name="sameAs">http://dbpedia.org/resource/Museu_Picasso</field>
</doc>
<doc>
<field name="uri">http://de.dbpedia.org/resource/Museu_Picasso</field>
<field name="entity_type">museums</field>
<field name="timestamp">NOW</field>
<field name="sameAs">http://dbpedia.org/resource/Museu_Picasso</field>
</doc>
<doc>
<field name="uri">http://pt.dbpedia.org/resource/Museu_Picasso_(Barcelona)</field>
<field name="entity_type">museums</field>
<field name="timestamp">NOW</field>
<field name="sameAs">http://dbpedia.org/resource/Museu_Picasso</field>
</doc>
<doc>
<field name="uri">http://es.dbpedia.org/resource/Museo_Picasso_de_Barcelona</field>
<field name="entity_type">museums</field>
<field name="timestamp">NOW</field>
<field name="sameAs">http://dbpedia.org/resource/Museu_Picasso</field>
</doc>
<doc>
<field name="uri">http://ru.dbpedia.org/resource/Музей_Пикассо_(Барселона)</field>
<field name="entity_type">museums</field>
<field name="timestamp">NOW</field>
<field name="sameAs">http://dbpedia.org/resource/Museu_Picasso</field>
</doc>
<doc>
<field name="uri">http://dbpedia.org/resource/Las_Meninas_(Picasso)</field>
<field name="entity_type">museums</field>
<field name="timestamp">NOW</field>
</doc>
<doc>
<field name="uri">http://en.wikipedia.org/wiki/Museu_Picasso</field>
<field name="entity_type">museums</field>
<field name="timestamp">NOW</field>
<field name="primaryTopic">http://dbpedia.org/resource/Museu_Picasso</field>
</doc>
<doc>
<field name="uri">http://dbpedia.org/resource/Museo_Picasso</field>
<field name="entity_type">museums</field>
<field name="timestamp">NOW</field>
</doc>
<doc>
<field name="uri">http://dbpedia.org/resource/Picasso_Museo</field>
<field name="entity_type">museums</field>
<field name="timestamp">NOW</field>
</doc>
<doc>
<field name="uri">http://dbpedia.org/resource/Picasso_Museum,_Barcelona</field>
<field name="entity_type">museums</field>
<field name="timestamp">NOW</field>
</doc>
<doc>
<field name="uri">http://dbpedia.org/resource/Picasso_(disambiguation)</field>
<field name="entity_type">museums</field>
<field name="timestamp">NOW</field>
</doc>
<doc>
<field name="uri">http://nl.dbpedia.org/resource/Museu_Picasso_(Barcelona)</field>
<field name="entity_type">museums</field>
<field name="timestamp">NOW</field>
<field name="sameAs">http://dbpedia.org/resource/Museu_Picasso</field>
</doc>
<doc>
<field name="uri">http://ar.dbpedia.org/resource/متحف_بيكاسو</field>
<field name="entity_type">museums</field>
<field name="timestamp">NOW</field>
<field name="sameAs">http://dbpedia.org/resource/Museu_Picasso</field>
</doc>
<doc>
<field name="uri">http://be.dbpedia.org/resource/Музей_Пікаса,_Барселона</field>
<field name="entity_type">museums</field>
<field name="timestamp">NOW</field>
<field name="sameAs">http://dbpedia.org/resource/Museu_Picasso</field>
</doc>
<doc>
<field name="uri">http://ca.dbpedia.org/resource/Museu_Picasso_de_Barcelona</field>
<field name="entity_type">museums</field>
<field name="timestamp">NOW</field>
<field name="sameAs">http://dbpedia.org/resource/Museu_Picasso</field>
</doc>
<doc>
<field name="uri">http://fa.dbpedia.org/resource/موزه_پیکاسو</field>
<field name="entity_type">museums</field>
<field name="timestamp">NOW</field>
<field name="sameAs">http://dbpedia.org/resource/Museu_Picasso</field>
</doc>
<doc>
<field name="uri">http://mzn.dbpedia.org/resource/پیکاسو_موزه</field>
<field name="entity_type">museums</field>
<field name="timestamp">NOW</field>
<field name="sameAs">http://dbpedia.org/resource/Museu_Picasso</field>
</doc>
<doc>
<field name="uri">http://no.dbpedia.org/resource/Museu_Picasso</field>
<field name="entity_type">museums</field>
<field name="timestamp">NOW</field>
<field name="sameAs">http://dbpedia.org/resource/Museu_Picasso</field>
</doc>
<doc>
<field name="uri">http://sv.dbpedia.org/resource/Picassomuseet</field>
<field name="entity_type">museums</field>
<field name="timestamp">NOW</field>
<field name="sameAs">http://dbpedia.org/resource/Museu_Picasso</field>
</doc>
<doc>
<field name="uri">http://uk.dbpedia.org/resource/Музей_Пікассо_(Барселона)</field>
<field name="entity_type">museums</field>
<field name="timestamp">NOW</field>
<field name="sameAs">http://dbpedia.org/resource/Museu_Picasso</field>
</doc>
<doc>
<field name="uri">http://wikidata.dbpedia.org/resource/Q1050032</field>
<field name="entity_type">museums</field>
<field name="timestamp">NOW</field>
<field name="sameAs">http://dbpedia.org/resource/Museu_Picasso</field>
</doc>
</add>
