<add xmlns:dc="http://purl.org/dc/elements/1.1/" overwrite="true">
<doc>
<field name="uri">http://dbpedia.org/resource/Museo_Correr</field>
<field name="entity_type">museums</field>
<field name="timestamp">NOW</field>
<field name="sameAs">http://nl.dbpedia.org/resource/Museo_Correr</field>
<field name="sameAs">http://he.dbpedia.org/resource/מוזיאון_קורר</field>
<field name="sameAs">http://dbpedia.org/resource/Museo_Correr</field>
<field name="sameAs">http://uk.dbpedia.org/resource/Музей_Коррер</field>
<field name="sameAs">http://de.dbpedia.org/resource/Museo_Correr</field>
<field name="sameAs">http://zh.dbpedia.org/resource/科雷尔博物馆</field>
<field name="sameAs">http://ca.dbpedia.org/resource/Museu_Correr</field>
<field name="sameAs">http://be.dbpedia.org/resource/Музей_Карэр</field>
<field name="sameAs">http://pt.dbpedia.org/resource/Museu_Correr</field>
<field name="sameAs">http://ru.dbpedia.org/resource/Коррер</field>
<field name="sameAs">http://sws.geonames.org/7627406/</field>
<field name="sameAs">http://rdf.freebase.com/ns/m.0gjnmg</field>
<field name="sameAs">http://yago-knowledge.org/resource/Museo_Correr</field>
<field name="sameAs">http://it.dbpedia.org/resource/Museo_Correr</field>
<field name="sameAs">http://fr.dbpedia.org/resource/Museo_Correr</field>
<field name="sameAs">http://es.dbpedia.org/resource/Museo_Correr</field>
<field name="sameAs">http://www.wikidata.org/entity/Q1470912</field>
<field name="subject" update="add">http://dbpedia.org/resource/Category:Museums_in_Venice</field>
<field name="subject" update="add">http://dbpedia.org/resource/Category:Art_museums_established_in_1830</field>
<field name="subject" update="add">http://dbpedia.org/resource/Category:History_museums_in_Italy</field>
<field name="subject" update="add">http://dbpedia.org/resource/Category:1830_establishments_in_Italy</field>
<field name="subject" update="add">http://dbpedia.org/resource/Category:Art_museums_and_galleries_in_Venice</field>
<field name="abstract">Located in St. Mark's Square, Venice, the Museo Correr is one of the 11 civic museum run by the Fondazione Musei Civici di Venezia. The museum extends along the southside of the Piazza on the upper floors of the Procuratorie Nuove. With its rich and varied collections, the Museo Correr covers both the art and history of Venice.</field>
<field name="label">Museo Correr</field>
<field name="depiction">http://upload.wikimedia.org/wikipedia/commons/4/4a/Venezia_piazza_s.Marco.JPG</field>
<field name="comment">Located in St. Mark's Square, Venice, the Museo Correr is one of the 11 civic museum run by the Fondazione Musei Civici di Venezia. The museum extends along the southside of the Piazza on the upper floors of the Procuratorie Nuove. With its rich and varied collections, the Museo Correr covers both the art and history of Venice.</field>
<field name="name"/>
<field name="thumbnail">http://upload.wikimedia.org/wikipedia/commons/thumb/4/4a/Venezia_piazza_s.Marco.JPG/200px-Venezia_piazza_s.Marco.JPG</field>
<field name="link_external">http://www.correr.visitmuve.it/en</field>
<field name="isPrimaryTopicOf">http://en.wikipedia.org/wiki/Museo_Correr</field>
<field name="photo-collection">http://wifo5-03.informatik.uni-mannheim.de/flickrwrappr/photos/Museo_Correr</field>
</doc>
<doc>
<field name="uri">http://dbpedia.org/resource/Two_Venetian_Ladies</field>
<field name="entity_type">museums</field>
<field name="timestamp">NOW</field>
<field name="museum">http://dbpedia.org/resource/Museo_Correr</field>
</doc>
<doc>
<field name="uri">http://de.dbpedia.org/resource/Museo_Correr</field>
<field name="entity_type">museums</field>
<field name="timestamp">NOW</field>
<field name="sameAs">http://dbpedia.org/resource/Museo_Correr</field>
</doc>
<doc>
<field name="uri">http://fr.dbpedia.org/resource/Museo_Correr</field>
<field name="entity_type">museums</field>
<field name="timestamp">NOW</field>
<field name="sameAs">http://dbpedia.org/resource/Museo_Correr</field>
</doc>
<doc>
<field name="uri">http://it.dbpedia.org/resource/Museo_Correr</field>
<field name="entity_type">museums</field>
<field name="timestamp">NOW</field>
<field name="sameAs">http://dbpedia.org/resource/Museo_Correr</field>
</doc>
<doc>
<field name="uri">http://pt.dbpedia.org/resource/Museu_Correr</field>
<field name="entity_type">museums</field>
<field name="timestamp">NOW</field>
<field name="sameAs">http://dbpedia.org/resource/Museo_Correr</field>
</doc>
<doc>
<field name="uri">http://dbpedia.org/resource/Correr_Museum</field>
<field name="entity_type">museums</field>
<field name="timestamp">NOW</field>
</doc>
<doc>
<field name="uri">http://en.wikipedia.org/wiki/Museo_Correr</field>
<field name="entity_type">museums</field>
<field name="timestamp">NOW</field>
<field name="primaryTopic">http://dbpedia.org/resource/Museo_Correr</field>
</doc>
<doc>
<field name="uri">http://es.dbpedia.org/resource/Museo_Correr</field>
<field name="entity_type">museums</field>
<field name="timestamp">NOW</field>
<field name="sameAs">http://dbpedia.org/resource/Museo_Correr</field>
</doc>
<doc>
<field name="uri">http://ru.dbpedia.org/resource/Коррер</field>
<field name="entity_type">museums</field>
<field name="timestamp">NOW</field>
<field name="sameAs">http://dbpedia.org/resource/Museo_Correr</field>
</doc>
<doc>
<field name="uri">http://nl.dbpedia.org/resource/Museo_Correr</field>
<field name="entity_type">museums</field>
<field name="timestamp">NOW</field>
<field name="sameAs">http://dbpedia.org/resource/Museo_Correr</field>
</doc>
<doc>
<field name="uri">http://wikidata.dbpedia.org/resource/Q1470912</field>
<field name="entity_type">museums</field>
<field name="timestamp">NOW</field>
<field name="sameAs">http://dbpedia.org/resource/Museo_Correr</field>
</doc>
<doc>
<field name="uri">http://zh.dbpedia.org/resource/科雷尔博物馆</field>
<field name="entity_type">museums</field>
<field name="timestamp">NOW</field>
<field name="sameAs">http://dbpedia.org/resource/Museo_Correr</field>
</doc>
<doc>
<field name="uri">http://be.dbpedia.org/resource/Музей_Карэр</field>
<field name="entity_type">museums</field>
<field name="timestamp">NOW</field>
<field name="sameAs">http://dbpedia.org/resource/Museo_Correr</field>
</doc>
<doc>
<field name="uri">http://ca.dbpedia.org/resource/Museu_Correr</field>
<field name="entity_type">museums</field>
<field name="timestamp">NOW</field>
<field name="sameAs">http://dbpedia.org/resource/Museo_Correr</field>
</doc>
<doc>
<field name="uri">http://he.dbpedia.org/resource/מוזיאון_קורר</field>
<field name="entity_type">museums</field>
<field name="timestamp">NOW</field>
<field name="sameAs">http://dbpedia.org/resource/Museo_Correr</field>
</doc>
<doc>
<field name="uri">http://uk.dbpedia.org/resource/Музей_Коррер</field>
<field name="entity_type">museums</field>
<field name="timestamp">NOW</field>
<field name="sameAs">http://dbpedia.org/resource/Museo_Correr</field>
</doc>
</add>
