<add xmlns:dc="http://purl.org/dc/elements/1.1/" overwrite="true">
<doc>
<field name="uri">http://dbpedia.org/resource/The_Triumph_of_Death</field>
<field name="entity_type">museums</field>
<field name="timestamp">NOW</field>
</doc>
<doc>
<field name="uri">http://dbpedia.org/resource/Prado</field>
<field name="entity_type">museums</field>
<field name="timestamp">NOW</field>
</doc>
<doc>
<field name="uri">http://it.dbpedia.org/resource/Museo_del_Prado</field>
<field name="entity_type">museums</field>
<field name="timestamp">NOW</field>
<field name="sameAs">http://dbpedia.org/resource/Museo_del_Prado</field>
</doc>
<doc>
<field name="uri">http://ja.dbpedia.org/resource/プラド美術館</field>
<field name="entity_type">museums</field>
<field name="timestamp">NOW</field>
<field name="sameAs">http://dbpedia.org/resource/Museo_del_Prado</field>
</doc>
<doc>
<field name="uri">http://pt.dbpedia.org/resource/Museu_do_Prado</field>
<field name="entity_type">museums</field>
<field name="timestamp">NOW</field>
<field name="sameAs">http://dbpedia.org/resource/Museo_del_Prado</field>
</doc>
<doc>
<field name="uri">http://dbpedia.org/resource/The_Prado</field>
<field name="entity_type">museums</field>
<field name="timestamp">NOW</field>
</doc>
<doc>
<field name="uri">http://dbpedia.org/resource/Christ_Crucified_(Vel%C3%A1zquez)</field>
<field name="entity_type">museums</field>
<field name="timestamp">NOW</field>
</doc>
<doc>
<field name="uri">http://dbpedia.org/resource/Equestrian_Portrait_of_Prince_Balthasar_Charles</field>
<field name="entity_type">museums</field>
<field name="timestamp">NOW</field>
<field name="museum">http://dbpedia.org/resource/Museo_del_Prado</field>
</doc>
<doc>
<field name="uri">http://dbpedia.org/resource/Portrait_of_Charles_V_with_a_Dog</field>
<field name="entity_type">museums</field>
<field name="timestamp">NOW</field>
<field name="museum">http://dbpedia.org/resource/Museo_del_Prado</field>
</doc>
<doc>
<field name="uri">http://dbpedia.org/resource/Christ_Falling_on_the_Way_to_Calvary_(Raphael)</field>
<field name="entity_type">museums</field>
<field name="timestamp">NOW</field>
<field name="museum">http://dbpedia.org/resource/Museo_del_Prado</field>
</doc>
<doc>
<field name="uri">http://dbpedia.org/resource/Christ_Washing_the_Disciples'_Feet_(Tintoretto)</field>
<field name="entity_type">museums</field>
<field name="timestamp">NOW</field>
<field name="museum">http://dbpedia.org/resource/Museo_del_Prado</field>
</doc>
<doc>
<field name="uri">http://dbpedia.org/resource/Landscape_with_Charon_Crossing_the_Styx</field>
<field name="entity_type">museums</field>
<field name="timestamp">NOW</field>
<field name="museum">http://dbpedia.org/resource/Museo_del_Prado</field>
</doc>
<doc>
<field name="uri">http://dbpedia.org/resource/Venus_and_Adonis_(Veronese,_Madrid)</field>
<field name="entity_type">museums</field>
<field name="timestamp">NOW</field>
<field name="museum">http://dbpedia.org/resource/Museo_del_Prado</field>
</doc>
<doc>
<field name="uri">http://dbpedia.org/resource/Portrait_of_Philip_IV_in_Armour</field>
<field name="entity_type">museums</field>
<field name="timestamp">NOW</field>
</doc>
<doc>
<field name="uri">http://dbpedia.org/resource/The_Dog_(Goya)</field>
<field name="entity_type">museums</field>
<field name="timestamp">NOW</field>
<field name="museum">http://dbpedia.org/resource/Museo_del_Prado</field>
</doc>
<doc>
<field name="uri">http://dbpedia.org/resource/The_Adoration_of_the_Shepherds_(El_Greco)</field>
<field name="entity_type">museums</field>
<field name="timestamp">NOW</field>
</doc>
<doc>
<field name="uri">http://dbpedia.org/resource/Blind_Man's_Bluff_(Goya)</field>
<field name="entity_type">museums</field>
<field name="timestamp">NOW</field>
<field name="museum">http://dbpedia.org/resource/Museo_del_Prado</field>
</doc>
<doc>
<field name="uri">http://dbpedia.org/resource/Adam_and_Eve_(D%C3%BCrer)</field>
<field name="entity_type">museums</field>
<field name="timestamp">NOW</field>
</doc>
<doc>
<field name="uri">http://dbpedia.org/resource/Cecco_del_Caravaggio</field>
<field name="entity_type">museums</field>
<field name="timestamp">NOW</field>
<field name="museum">http://dbpedia.org/resource/Museo_del_Prado</field>
</doc>
<doc>
<field name="uri">http://dbpedia.org/resource/Equestrian_Portrait_of_the_Count-Duke_of_Olivares</field>
<field name="entity_type">museums</field>
<field name="timestamp">NOW</field>
<field name="museum">http://dbpedia.org/resource/Museo_del_Prado</field>
</doc>
<doc>
<field name="uri">http://dbpedia.org/resource/The_Recovery_of_Bah%C3%ADa_de_Todos_los_Santos</field>
<field name="entity_type">museums</field>
<field name="timestamp">NOW</field>
<field name="museum">http://dbpedia.org/resource/Museo_del_Prado</field>
</doc>
<doc>
<field name="uri">http://dbpedia.org/resource/Las_Meninas</field>
<field name="entity_type">museums</field>
<field name="timestamp">NOW</field>
<field name="museum">http://dbpedia.org/resource/Museo_del_Prado</field>
</doc>
<doc>
<field name="uri">http://dbpedia.org/resource/The_Three_Graces_(Rubens)</field>
<field name="entity_type">museums</field>
<field name="timestamp">NOW</field>
</doc>
<doc>
<field name="uri">http://dbpedia.org/resource/Cutting_the_Stone</field>
<field name="entity_type">museums</field>
<field name="timestamp">NOW</field>
<field name="museum">http://dbpedia.org/resource/Museo_del_Prado</field>
</doc>
<doc>
<field name="uri">http://dbpedia.org/resource/Portrait_of_a_Cardinal_(Raphael)</field>
<field name="entity_type">museums</field>
<field name="timestamp">NOW</field>
<field name="museum">http://dbpedia.org/resource/Museo_del_Prado</field>
</doc>
<doc>
<field name="uri">http://dbpedia.org/resource/The_Jester_Barbarroja</field>
<field name="entity_type">museums</field>
<field name="timestamp">NOW</field>
</doc>
<doc>
<field name="uri">http://dbpedia.org/resource/The_Jester_Named_Don_John_of_Austria</field>
<field name="entity_type">museums</field>
<field name="timestamp">NOW</field>
<field name="museum">http://dbpedia.org/resource/Museo_del_Prado</field>
</doc>
<doc>
<field name="uri">http://de.dbpedia.org/resource/Museo_del_Prado</field>
<field name="entity_type">museums</field>
<field name="timestamp">NOW</field>
<field name="sameAs">http://dbpedia.org/resource/Museo_del_Prado</field>
</doc>
<doc>
<field name="uri">http://fr.dbpedia.org/resource/Musée_du_Prado</field>
<field name="entity_type">museums</field>
<field name="timestamp">NOW</field>
<field name="sameAs">http://dbpedia.org/resource/Museo_del_Prado</field>
</doc>
<doc>
<field name="uri">http://ko.dbpedia.org/resource/프라도_미술관</field>
<field name="entity_type">museums</field>
<field name="timestamp">NOW</field>
<field name="sameAs">http://dbpedia.org/resource/Museo_del_Prado</field>
</doc>
<doc>
<field name="uri">http://pl.dbpedia.org/resource/Prado</field>
<field name="entity_type">museums</field>
<field name="timestamp">NOW</field>
<field name="sameAs">http://dbpedia.org/resource/Museo_del_Prado</field>
</doc>
<doc>
<field name="uri">http://es.dbpedia.org/resource/Museo_del_Prado</field>
<field name="entity_type">museums</field>
<field name="timestamp">NOW</field>
<field name="sameAs">http://dbpedia.org/resource/Museo_del_Prado</field>
</doc>
<doc>
<field name="uri">http://dbpedia.org/resource/Equestrian_Portrait_of_Philip_IV</field>
<field name="entity_type">museums</field>
<field name="timestamp">NOW</field>
<field name="museum">http://dbpedia.org/resource/Museo_del_Prado</field>
</doc>
<doc>
<field name="uri">http://dbpedia.org/resource/Artemisia_(Rembrandt)</field>
<field name="entity_type">museums</field>
<field name="timestamp">NOW</field>
<field name="museum">http://dbpedia.org/resource/Museo_del_Prado</field>
</doc>
<doc>
<field name="uri">http://dbpedia.org/resource/The_Third_of_May_1808</field>
<field name="entity_type">museums</field>
<field name="timestamp">NOW</field>
<field name="museum">http://dbpedia.org/resource/Museo_del_Prado</field>
</doc>
<doc>
<field name="uri">http://dbpedia.org/resource/Adoration_of_the_Magi_(Vel%C3%A1zquez)</field>
<field name="entity_type">museums</field>
<field name="timestamp">NOW</field>
<field name="museum">http://dbpedia.org/resource/Museo_del_Prado</field>
</doc>
<doc>
<field name="uri">http://dbpedia.org/resource/Equestrian_Portrait_of_Charles_V</field>
<field name="entity_type">museums</field>
<field name="timestamp">NOW</field>
<field name="museum">http://dbpedia.org/resource/Museo_del_Prado</field>
</doc>
<doc>
<field name="uri">http://dbpedia.org/resource/Prado_museum</field>
<field name="entity_type">museums</field>
<field name="timestamp">NOW</field>
</doc>
<doc>
<field name="uri">http://dbpedia.org/resource/The_Clothed_Maja</field>
<field name="entity_type">museums</field>
<field name="timestamp">NOW</field>
<field name="museum">http://dbpedia.org/resource/Museo_del_Prado</field>
</doc>
<doc>
<field name="uri">http://dbpedia.org/resource/The_Colossus_(painting)</field>
<field name="entity_type">museums</field>
<field name="timestamp">NOW</field>
<field name="museum">http://dbpedia.org/resource/Museo_del_Prado</field>
</doc>
<doc>
<field name="uri">http://dbpedia.org/resource/The_Second_of_May_1808</field>
<field name="entity_type">museums</field>
<field name="timestamp">NOW</field>
<field name="museum">http://dbpedia.org/resource/Museo_del_Prado</field>
</doc>
<doc>
<field name="uri">http://dbpedia.org/resource/Alfonso_d'Avalos_Addressing_his_Troops</field>
<field name="entity_type">museums</field>
<field name="timestamp">NOW</field>
<field name="museum">http://dbpedia.org/resource/Museo_del_Prado</field>
</doc>
<doc>
<field name="uri">http://dbpedia.org/resource/Portrait_of_Isabella_of_Portugal</field>
<field name="entity_type">museums</field>
<field name="timestamp">NOW</field>
<field name="museum">http://dbpedia.org/resource/Museo_del_Prado</field>
</doc>
<doc>
<field name="uri">http://dbpedia.org/resource/St_Margaret_and_the_Dragon_(Titian)</field>
<field name="entity_type">museums</field>
<field name="timestamp">NOW</field>
<field name="museum">http://dbpedia.org/resource/Museo_del_Prado</field>
</doc>
<doc>
<field name="uri">http://dbpedia.org/resource/The_Bacchanal_of_the_Andrians</field>
<field name="entity_type">museums</field>
<field name="timestamp">NOW</field>
<field name="museum">http://dbpedia.org/resource/Museo_del_Prado</field>
</doc>
<doc>
<field name="uri">http://dbpedia.org/resource/The_Entombment_(Titian,_1559)</field>
<field name="entity_type">museums</field>
<field name="timestamp">NOW</field>
<field name="museum">http://dbpedia.org/resource/Museo_del_Prado</field>
</doc>
<doc>
<field name="uri">http://dbpedia.org/resource/The_Punishment_of_Tythus</field>
<field name="entity_type">museums</field>
<field name="timestamp">NOW</field>
</doc>
<doc>
<field name="uri">http://dbpedia.org/resource/Venus_and_Music</field>
<field name="entity_type">museums</field>
<field name="timestamp">NOW</field>
<field name="museum">http://dbpedia.org/resource/Museo_del_Prado</field>
</doc>
<doc>
<field name="uri">http://dbpedia.org/resource/The_Pearl_and_the_Wave</field>
<field name="entity_type">museums</field>
<field name="timestamp">NOW</field>
<field name="museum">http://dbpedia.org/resource/Museo_del_Prado</field>
</doc>
<doc>
<field name="uri">http://dbpedia.org/resource/Visitation_(Raphael)</field>
<field name="entity_type">museums</field>
<field name="timestamp">NOW</field>
<field name="museum">http://dbpedia.org/resource/Museo_del_Prado</field>
</doc>
<doc>
<field name="uri">http://dbpedia.org/resource/Museo_del_Prado</field>
<field name="entity_type">museums</field>
<field name="timestamp">NOW</field>
<field name="sameAs">http://cs.dbpedia.org/resource/Museo_del_Prado</field>
<field name="sameAs">http://gl.dbpedia.org/resource/Museo_do_Prado</field>
<field name="sameAs">http://br.dbpedia.org/resource/Mirdi_ar_Prado</field>
<field name="sameAs">http://yago-knowledge.org/resource/Museo_del_Prado</field>
<field name="sameAs">http://eo.dbpedia.org/resource/Prado-Muzeo</field>
<field name="sameAs">http://arz.dbpedia.org/resource/موزيو_ديل_پرادو</field>
<field name="sameAs">http://sl.dbpedia.org/resource/Muzej_Prado</field>
<field name="sameAs">http://ka.dbpedia.org/resource/პრადოს_მუზეუმი</field>
<field name="sameAs">http://el.dbpedia.org/resource/Μουσείο_ντελ_Πράδο</field>
<field name="sameAs">http://tr.dbpedia.org/resource/Prado_Müzesi</field>
<field name="sameAs">http://ko.dbpedia.org/resource/프라도_미술관</field>
<field name="sameAs">http://hu.dbpedia.org/resource/Prado</field>
<field name="sameAs">http://es.dbpedia.org/resource/Museo_del_Prado</field>
<field name="sameAs">http://sws.geonames.org/6452756/</field>
<field name="sameAs">http://sr.dbpedia.org/resource/Музеј_Прадо</field>
<field name="sameAs">http://it.dbpedia.org/resource/Museo_del_Prado</field>
<field name="sameAs">http://hr.dbpedia.org/resource/Prado</field>
<field name="sameAs">http://ru.dbpedia.org/resource/Прадо</field>
<field name="sameAs">http://pt.dbpedia.org/resource/Museu_do_Prado</field>
<field name="sameAs">http://ca.dbpedia.org/resource/Museu_del_Prado</field>
<field name="sameAs">http://dbpedia.org/resource/Museo_del_Prado</field>
<field name="sameAs">http://mzn.dbpedia.org/resource/دل_پرادو_موزه</field>
<field name="sameAs">http://sk.dbpedia.org/resource/Museo_del_Prado</field>
<field name="sameAs">http://cy.dbpedia.org/resource/Amgueddfa'r_Prado</field>
<field name="sameAs">http://rdf.freebase.com/ns/m.01hlq3</field>
<field name="sameAs">http://bg.dbpedia.org/resource/Прадо</field>
<field name="sameAs">http://nl.dbpedia.org/resource/Museo_Nacional_del_Prado</field>
<field name="sameAs">http://eu.dbpedia.org/resource/Pradoko_Museoa</field>
<field name="sameAs">http://lb.dbpedia.org/resource/Prado_(Musée)</field>
<field name="sameAs">http://fr.dbpedia.org/resource/Musée_du_Prado</field>
<field name="sameAs">http://zh.dbpedia.org/resource/普拉多博物馆</field>
<field name="sameAs">http://th.dbpedia.org/resource/พิพิธภัณฑ์ปราโด</field>
<field name="sameAs">http://nn.dbpedia.org/resource/Prado</field>
<field name="sameAs">http://uk.dbpedia.org/resource/Прадо_(музей)</field>
<field name="sameAs">http://da.dbpedia.org/resource/Pradomuseet</field>
<field name="sameAs">http://sv.dbpedia.org/resource/Pradomuseet</field>
<field name="sameAs">http://az.dbpedia.org/resource/Prado_muzeyi</field>
<field name="sameAs">http://www.wikidata.org/entity/Q160112</field>
<field name="sameAs">http://io.dbpedia.org/resource/Prado-muzeo</field>
<field name="sameAs">http://no.dbpedia.org/resource/Museo_del_Prado</field>
<field name="sameAs">http://hy.dbpedia.org/resource/Պրադո_թանգարան,_(Մադրիդ)</field>
<field name="sameAs">http://he.dbpedia.org/resource/מוזיאון_הפראדו</field>
<field name="sameAs">http://be.dbpedia.org/resource/Музей_Прада</field>
<field name="sameAs">http://oc.dbpedia.org/resource/Musèu_del_Prado</field>
<field name="sameAs">http://ja.dbpedia.org/resource/プラド美術館</field>
<field name="sameAs">http://pl.dbpedia.org/resource/Prado</field>
<field name="sameAs">http://la.dbpedia.org/resource/Museum_Prado</field>
<field name="sameAs">http://be_x_old.dbpedia.org/resource/Прада_(музэй)</field>
<field name="sameAs">http://de.dbpedia.org/resource/Museo_del_Prado</field>
<field name="sameAs">http://vi.dbpedia.org/resource/Bảo_tàng_Prado</field>
<field name="sameAs">http://fa.dbpedia.org/resource/موزه_دل_پرادو</field>
<field name="sameAs">http://ar.dbpedia.org/resource/متحف_ديل_برادو</field>
<field name="sameAs">http://ro.dbpedia.org/resource/Muzeul_Prado</field>
<field name="sameAs">http://et.dbpedia.org/resource/Prado_muuseum</field>
<field name="sameAs">http://fi.dbpedia.org/resource/Museo_del_Prado</field>
<field name="sameAs">http://pms.dbpedia.org/resource/Musé_dël_Prado</field>
<field name="sameAs">http://an.dbpedia.org/resource/Museu_Nacional_d'o_Prado</field>
<field name="subject" update="add">http://dbpedia.org/resource/Category:Art_museums_and_galleries_in_Spain</field>
<field name="subject" update="add">http://dbpedia.org/resource/Category:Museo_del_Prado</field>
<field name="subject" update="add">http://dbpedia.org/resource/Category:1819_establishments_in_Spain</field>
<field name="subject" update="add">http://dbpedia.org/resource/Category:Neoclassical_architecture_in_Spain</field>
<field name="subject" update="add">http://dbpedia.org/resource/Category:Bienes_de_Inter%C3%A9s_Cultural</field>
<field name="subject" update="add">http://dbpedia.org/resource/Category:Museums_in_Madrid</field>
<field name="subject" update="add">http://dbpedia.org/resource/Category:Tourism_in_Spain</field>
<field name="subject" update="add">http://dbpedia.org/resource/Category:Art_museums_established_in_1819</field>
<field name="subject" update="add">http://dbpedia.org/resource/Category:Juan_de_Villanueva_buildings</field>
<field name="abstract">The Museo del Prado is the main Spanish national art museum, located in central Madrid. It features one of the world's finest collections of European art, from the 12th century to the early 19th century, based on the former Spanish Royal Collection, and unquestionably the best single collection of Spanish art. Founded as a museum of paintings and sculpture, it also contains important collections of other types of works. A new, recently opened wing enlarged the display area by about 400 paintings, and it is currently used mainly for temporary expositions. El Prado is one of the most visited sites in the world, and it is considered to be among the greatest museums of art. The large numbers of works by Francisco de Goya, the artist most extensively represented in the collection, and by Diego Velázquez, Titian, Peter Paul Rubens and Hieronymus Bosch are among the highlights of the collection. The collection currently comprises around 7,600 paintings, 1,000 sculptures, 4,800 prints and 8,200 drawings, in addition to a large number of other works of art and historic documents. By 2012 the Museum will be displaying about 1300 works in the main buildings, while around 3,100 works are on temporary loan to various museums and official institutions. The remainder are in storage. In 2011 the museum had 2.9 million visitors. The best-known work on display at the museum is Las Meninas by Velázquez. Velázquez not only provided the Prado with his own works, but his keen eye and sensibility was also responsible for bringing much of the museum's fine collection of Italian masters to Spain.</field>
<field name="label">Museo del Prado</field>
<field name="depiction">http://upload.wikimedia.org/wikipedia/commons/3/32/Museo_del_Prado_(Madrid)_04.jpg</field>
<field name="comment">The Museo del Prado is the main Spanish national art museum, located in central Madrid. It features one of the world's finest collections of European art, from the 12th century to the early 19th century, based on the former Spanish Royal Collection, and unquestionably the best single collection of Spanish art. Founded as a museum of paintings and sculpture, it also contains important collections of other types of works.</field>
<field name="name"/>
<field name="thumbnail">http://upload.wikimedia.org/wikipedia/commons/thumb/3/32/Museo_del_Prado_(Madrid)_04.jpg/200px-Museo_del_Prado_(Madrid)_04.jpg</field>
<field name="link_external">http://www.museodelprado.es</field>
<field name="link_external">http://www.tiendaprado.com</field>
<field name="link_external">http://www.museumsyndicate.com/owner.php?owner=14</field>
<field name="link_external">http://www.google.com/intl/en/landing/prado/</field>
<field name="link_external">http://www.museodelprado.es/index.php?id=140&amp;L=0</field>
<field name="width">220</field>
<field name="isPrimaryTopicOf">http://en.wikipedia.org/wiki/Museo_del_Prado</field>
<field name="photo-collection">http://wifo5-03.informatik.uni-mannheim.de/flickrwrappr/photos/Museo_del_Prado</field>
</doc>
<doc>
<field name="uri">http://dbpedia.org/resource/Assumption_of_the_Virgin_(Carracci)</field>
<field name="entity_type">museums</field>
<field name="timestamp">NOW</field>
</doc>
<doc>
<field name="uri">http://dbpedia.org/resource/Portrait_of_Camilla_Gonzaga_and_Her_Three_Sons</field>
<field name="entity_type">museums</field>
<field name="timestamp">NOW</field>
<field name="museum">http://dbpedia.org/resource/Museo_del_Prado</field>
</doc>
<doc>
<field name="uri">http://dbpedia.org/resource/Saint_George_and_the_Dragon_(Rubens)</field>
<field name="entity_type">museums</field>
<field name="timestamp">NOW</field>
<field name="museum">http://dbpedia.org/resource/Museo_del_Prado</field>
</doc>
<doc>
<field name="uri">http://dbpedia.org/resource/Las_Hilanderas_(Vel%C3%A1zquez)</field>
<field name="entity_type">museums</field>
<field name="timestamp">NOW</field>
<field name="museum">http://dbpedia.org/resource/Museo_del_Prado</field>
</doc>
<doc>
<field name="uri">http://dbpedia.org/resource/Prado_Museum</field>
<field name="entity_type">museums</field>
<field name="timestamp">NOW</field>
</doc>
<doc>
<field name="uri">http://dbpedia.org/resource/The_Family_of_Philip_V_(1723)</field>
<field name="entity_type">museums</field>
<field name="timestamp">NOW</field>
<field name="museum">http://dbpedia.org/resource/Museo_del_Prado</field>
</doc>
<doc>
<field name="uri">http://dbpedia.org/resource/Mater_Dolorosa_(Titian)</field>
<field name="entity_type">museums</field>
<field name="timestamp">NOW</field>
<field name="museum">http://dbpedia.org/resource/Museo_del_Prado</field>
</doc>
<doc>
<field name="uri">http://dbpedia.org/resource/Portrait_of_Pier_Maria_Rossi_di_San_Secondo</field>
<field name="entity_type">museums</field>
<field name="timestamp">NOW</field>
<field name="museum">http://dbpedia.org/resource/Museo_del_Prado</field>
</doc>
<doc>
<field name="uri">http://dbpedia.org/resource/Coronation_of_the_Virgin_(Vel%C3%A1zquez)</field>
<field name="entity_type">museums</field>
<field name="timestamp">NOW</field>
</doc>
<doc>
<field name="uri">http://dbpedia.org/resource/El_Prado</field>
<field name="entity_type">museums</field>
<field name="timestamp">NOW</field>
</doc>
<doc>
<field name="uri">http://dbpedia.org/resource/Marcos_Ant%C3%B4nio_da_Silva_Gon%C3%A7alves</field>
<field name="entity_type">museums</field>
<field name="timestamp">NOW</field>
<field name="birth-place">http://dbpedia.org/resource/Museo_del_Prado</field>
</doc>
<doc>
<field name="uri">http://dbpedia.org/resource/The_Surrender_of_Breda</field>
<field name="entity_type">museums</field>
<field name="timestamp">NOW</field>
<field name="museum">http://dbpedia.org/resource/Museo_del_Prado</field>
</doc>
<doc>
<field name="uri">http://dbpedia.org/resource/The_Three_Ages_of_Man_and_Death</field>
<field name="entity_type">museums</field>
<field name="timestamp">NOW</field>
<field name="museum">http://dbpedia.org/resource/Museo_del_Prado</field>
</doc>
<doc>
<field name="uri">http://dbpedia.org/resource/Madonna_of_the_Rose_(Raphael)</field>
<field name="entity_type">museums</field>
<field name="timestamp">NOW</field>
<field name="museum">http://dbpedia.org/resource/Museo_del_Prado</field>
</doc>
<doc>
<field name="uri">http://dbpedia.org/resource/Madonna_with_the_Fish</field>
<field name="entity_type">museums</field>
<field name="timestamp">NOW</field>
<field name="museum">http://dbpedia.org/resource/Museo_del_Prado</field>
</doc>
<doc>
<field name="uri">http://dbpedia.org/resource/The_Seven_Deadly_Sins_and_the_Four_Last_Things</field>
<field name="entity_type">museums</field>
<field name="timestamp">NOW</field>
<field name="museum">http://dbpedia.org/resource/Museo_del_Prado</field>
</doc>
<doc>
<field name="uri">http://dbpedia.org/resource/Portrait_of_Federico_II_Gonzaga</field>
<field name="entity_type">museums</field>
<field name="timestamp">NOW</field>
</doc>
<doc>
<field name="uri">http://dbpedia.org/resource/The_Parasol</field>
<field name="entity_type">museums</field>
<field name="timestamp">NOW</field>
<field name="museum">http://dbpedia.org/resource/Museo_del_Prado</field>
</doc>
<doc>
<field name="uri">http://dbpedia.org/resource/The_Worship_of_Venus</field>
<field name="entity_type">museums</field>
<field name="timestamp">NOW</field>
<field name="museum">http://dbpedia.org/resource/Museo_del_Prado</field>
</doc>
<doc>
<field name="uri">http://dbpedia.org/resource/Head_of_a_Halberdier</field>
<field name="entity_type">museums</field>
<field name="timestamp">NOW</field>
</doc>
<doc>
<field name="uri">http://dbpedia.org/resource/Museo_Nacional_del_Prado</field>
<field name="entity_type">museums</field>
<field name="timestamp">NOW</field>
</doc>
<doc>
<field name="uri">http://cs.dbpedia.org/resource/Museo_del_Prado</field>
<field name="entity_type">museums</field>
<field name="timestamp">NOW</field>
<field name="sameAs">http://dbpedia.org/resource/Museo_del_Prado</field>
</doc>
<doc>
<field name="uri">http://el.dbpedia.org/resource/Μουσείο_ντελ_Πράδο</field>
<field name="entity_type">museums</field>
<field name="timestamp">NOW</field>
<field name="sameAs">http://dbpedia.org/resource/Museo_del_Prado</field>
</doc>
<doc>
<field name="uri">http://ru.dbpedia.org/resource/Прадо</field>
<field name="entity_type">museums</field>
<field name="timestamp">NOW</field>
<field name="sameAs">http://dbpedia.org/resource/Museo_del_Prado</field>
</doc>
<doc>
<field name="uri">http://dbpedia.org/resource/Castor_and_Pollux_(Prado)</field>
<field name="entity_type">museums</field>
<field name="timestamp">NOW</field>
<field name="museum">http://dbpedia.org/resource/Museo_del_Prado</field>
</doc>
<doc>
<field name="uri">http://dbpedia.org/resource/The_Family_of_Philip_V_(1743)</field>
<field name="entity_type">museums</field>
<field name="timestamp">NOW</field>
<field name="museum">http://dbpedia.org/resource/Museo_del_Prado</field>
</doc>
<doc>
<field name="uri">http://dbpedia.org/resource/The_Wine_of_Saint_Martin's_Day</field>
<field name="entity_type">museums</field>
<field name="timestamp">NOW</field>
<field name="museum">http://dbpedia.org/resource/Museo_del_Prado</field>
</doc>
<doc>
<field name="uri">http://dbpedia.org/resource/Judith_and_Holofernes_(Goya)</field>
<field name="entity_type">museums</field>
<field name="timestamp">NOW</field>
<field name="museum">http://dbpedia.org/resource/Museo_del_Prado</field>
</doc>
<doc>
<field name="uri">http://dbpedia.org/resource/La_maja_desnuda</field>
<field name="entity_type">museums</field>
<field name="timestamp">NOW</field>
<field name="museum">http://dbpedia.org/resource/Museo_del_Prado</field>
</doc>
<doc>
<field name="uri">http://dbpedia.org/resource/Apollo_in_the_Forge_of_Vulcan</field>
<field name="entity_type">museums</field>
<field name="timestamp">NOW</field>
</doc>
<doc>
<field name="uri">http://dbpedia.org/resource/Mars_Resting</field>
<field name="entity_type">museums</field>
<field name="timestamp">NOW</field>
<field name="museum">http://dbpedia.org/resource/Museo_del_Prado</field>
</doc>
<doc>
<field name="uri">http://dbpedia.org/resource/The_Triumph_of_Bacchus</field>
<field name="entity_type">museums</field>
<field name="timestamp">NOW</field>
<field name="museum">http://dbpedia.org/resource/Museo_del_Prado</field>
</doc>
<doc>
<field name="uri">http://dbpedia.org/resource/Prado_(disambiguation)</field>
<field name="entity_type">museums</field>
<field name="timestamp">NOW</field>
</doc>
<doc>
<field name="uri">http://dbpedia.org/resource/Venus_and_Adonis_(Titian,_Madrid)</field>
<field name="entity_type">museums</field>
<field name="timestamp">NOW</field>
<field name="museum">http://dbpedia.org/resource/Museo_del_Prado</field>
</doc>
<doc>
<field name="uri">http://dbpedia.org/resource/Retiro_(Madrid)</field>
<field name="entity_type">museums</field>
<field name="timestamp">NOW</field>
</doc>
<doc>
<field name="uri">http://dbpedia.org/resource/Prince_Balthasar_Charles_as_a_Hunter</field>
<field name="entity_type">museums</field>
<field name="timestamp">NOW</field>
</doc>
<doc>
<field name="uri">http://en.wikipedia.org/wiki/Museo_del_Prado</field>
<field name="entity_type">museums</field>
<field name="timestamp">NOW</field>
<field name="primaryTopic">http://dbpedia.org/resource/Museo_del_Prado</field>
</doc>
<doc>
<field name="uri">http://dbpedia.org/resource/El_Prado_Museum</field>
<field name="entity_type">museums</field>
<field name="timestamp">NOW</field>
</doc>
<doc>
<field name="uri">http://dbpedia.org/resource/Madrid_Gallery</field>
<field name="entity_type">museums</field>
<field name="timestamp">NOW</field>
</doc>
<doc>
<field name="uri">http://dbpedia.org/resource/Museo_de_Prado</field>
<field name="entity_type">museums</field>
<field name="timestamp">NOW</field>
</doc>
<doc>
<field name="uri">http://dbpedia.org/resource/Museo_del_Prado,_Madrid</field>
<field name="entity_type">museums</field>
<field name="timestamp">NOW</field>
</doc>
<doc>
<field name="uri">http://dbpedia.org/resource/Museo_del_Prado_in_Madrid</field>
<field name="entity_type">museums</field>
<field name="timestamp">NOW</field>
</doc>
<doc>
<field name="uri">http://dbpedia.org/resource/Museum_of_Prado</field>
<field name="entity_type">museums</field>
<field name="timestamp">NOW</field>
</doc>
<doc>
<field name="uri">http://dbpedia.org/resource/Prado_Madrid</field>
<field name="entity_type">museums</field>
<field name="timestamp">NOW</field>
</doc>
<doc>
<field name="uri">http://dbpedia.org/resource/Mural_Paintings_from_the_Herrera_Chapel</field>
<field name="entity_type">museums</field>
<field name="timestamp">NOW</field>
<field name="museum">http://dbpedia.org/resource/Museo_del_Prado</field>
</doc>
<doc>
<field name="uri">http://nl.dbpedia.org/resource/Museo_Nacional_del_Prado</field>
<field name="entity_type">museums</field>
<field name="timestamp">NOW</field>
<field name="sameAs">http://dbpedia.org/resource/Museo_del_Prado</field>
</doc>
<doc>
<field name="uri">http://eu.dbpedia.org/resource/Pradoko_Museoa</field>
<field name="entity_type">museums</field>
<field name="timestamp">NOW</field>
<field name="sameAs">http://dbpedia.org/resource/Museo_del_Prado</field>
</doc>
<doc>
<field name="uri">http://zh.dbpedia.org/resource/普拉多博物馆</field>
<field name="entity_type">museums</field>
<field name="timestamp">NOW</field>
<field name="sameAs">http://dbpedia.org/resource/Museo_del_Prado</field>
</doc>
<doc>
<field name="uri">http://an.dbpedia.org/resource/Museu_Nacional_d'o_Prado</field>
<field name="entity_type">museums</field>
<field name="timestamp">NOW</field>
<field name="sameAs">http://dbpedia.org/resource/Museo_del_Prado</field>
</doc>
<doc>
<field name="uri">http://ar.dbpedia.org/resource/متحف_ديل_برادو</field>
<field name="entity_type">museums</field>
<field name="timestamp">NOW</field>
<field name="sameAs">http://dbpedia.org/resource/Museo_del_Prado</field>
</doc>
<doc>
<field name="uri">http://arz.dbpedia.org/resource/موزيو_ديل_پرادو</field>
<field name="entity_type">museums</field>
<field name="timestamp">NOW</field>
<field name="sameAs">http://dbpedia.org/resource/Museo_del_Prado</field>
</doc>
<doc>
<field name="uri">http://az.dbpedia.org/resource/Prado_muzeyi</field>
<field name="entity_type">museums</field>
<field name="timestamp">NOW</field>
<field name="sameAs">http://dbpedia.org/resource/Museo_del_Prado</field>
</doc>
<doc>
<field name="uri">http://be.dbpedia.org/resource/Музей_Прада</field>
<field name="entity_type">museums</field>
<field name="timestamp">NOW</field>
<field name="sameAs">http://dbpedia.org/resource/Museo_del_Prado</field>
</doc>
<doc>
<field name="uri">http://bg.dbpedia.org/resource/Прадо</field>
<field name="entity_type">museums</field>
<field name="timestamp">NOW</field>
<field name="sameAs">http://dbpedia.org/resource/Museo_del_Prado</field>
</doc>
<doc>
<field name="uri">http://br.dbpedia.org/resource/Mirdi_ar_Prado</field>
<field name="entity_type">museums</field>
<field name="timestamp">NOW</field>
<field name="sameAs">http://dbpedia.org/resource/Museo_del_Prado</field>
</doc>
<doc>
<field name="uri">http://ca.dbpedia.org/resource/Museu_del_Prado</field>
<field name="entity_type">museums</field>
<field name="timestamp">NOW</field>
<field name="sameAs">http://dbpedia.org/resource/Museo_del_Prado</field>
</doc>
<doc>
<field name="uri">http://cy.dbpedia.org/resource/Amgueddfa'r_Prado</field>
<field name="entity_type">museums</field>
<field name="timestamp">NOW</field>
<field name="sameAs">http://dbpedia.org/resource/Museo_del_Prado</field>
</doc>
<doc>
<field name="uri">http://da.dbpedia.org/resource/Pradomuseet</field>
<field name="entity_type">museums</field>
<field name="timestamp">NOW</field>
<field name="sameAs">http://dbpedia.org/resource/Museo_del_Prado</field>
</doc>
<doc>
<field name="uri">http://eo.dbpedia.org/resource/Prado-Muzeo</field>
<field name="entity_type">museums</field>
<field name="timestamp">NOW</field>
<field name="sameAs">http://dbpedia.org/resource/Museo_del_Prado</field>
</doc>
<doc>
<field name="uri">http://et.dbpedia.org/resource/Prado_muuseum</field>
<field name="entity_type">museums</field>
<field name="timestamp">NOW</field>
<field name="sameAs">http://dbpedia.org/resource/Museo_del_Prado</field>
</doc>
<doc>
<field name="uri">http://fa.dbpedia.org/resource/موزه_دل_پرادو</field>
<field name="entity_type">museums</field>
<field name="timestamp">NOW</field>
<field name="sameAs">http://dbpedia.org/resource/Museo_del_Prado</field>
</doc>
<doc>
<field name="uri">http://fi.dbpedia.org/resource/Museo_del_Prado</field>
<field name="entity_type">museums</field>
<field name="timestamp">NOW</field>
<field name="sameAs">http://dbpedia.org/resource/Museo_del_Prado</field>
</doc>
<doc>
<field name="uri">http://gl.dbpedia.org/resource/Museo_do_Prado</field>
<field name="entity_type">museums</field>
<field name="timestamp">NOW</field>
<field name="sameAs">http://dbpedia.org/resource/Museo_del_Prado</field>
</doc>
<doc>
<field name="uri">http://he.dbpedia.org/resource/מוזיאון_הפראדו</field>
<field name="entity_type">museums</field>
<field name="timestamp">NOW</field>
<field name="sameAs">http://dbpedia.org/resource/Museo_del_Prado</field>
</doc>
<doc>
<field name="uri">http://hr.dbpedia.org/resource/Prado</field>
<field name="entity_type">museums</field>
<field name="timestamp">NOW</field>
<field name="sameAs">http://dbpedia.org/resource/Museo_del_Prado</field>
</doc>
<doc>
<field name="uri">http://hu.dbpedia.org/resource/Prado</field>
<field name="entity_type">museums</field>
<field name="timestamp">NOW</field>
<field name="sameAs">http://dbpedia.org/resource/Museo_del_Prado</field>
</doc>
<doc>
<field name="uri">http://hy.dbpedia.org/resource/Պրադո_թանգարան,_(Մադրիդ)</field>
<field name="entity_type">museums</field>
<field name="timestamp">NOW</field>
<field name="sameAs">http://dbpedia.org/resource/Museo_del_Prado</field>
</doc>
<doc>
<field name="uri">http://io.dbpedia.org/resource/Prado-muzeo</field>
<field name="entity_type">museums</field>
<field name="timestamp">NOW</field>
<field name="sameAs">http://dbpedia.org/resource/Museo_del_Prado</field>
</doc>
<doc>
<field name="uri">http://ka.dbpedia.org/resource/პრადოს_მუზეუმი</field>
<field name="entity_type">museums</field>
<field name="timestamp">NOW</field>
<field name="sameAs">http://dbpedia.org/resource/Museo_del_Prado</field>
</doc>
<doc>
<field name="uri">http://la.dbpedia.org/resource/Museum_Prado</field>
<field name="entity_type">museums</field>
<field name="timestamp">NOW</field>
<field name="sameAs">http://dbpedia.org/resource/Museo_del_Prado</field>
</doc>
<doc>
<field name="uri">http://lb.dbpedia.org/resource/Prado_(Musée)</field>
<field name="entity_type">museums</field>
<field name="timestamp">NOW</field>
<field name="sameAs">http://dbpedia.org/resource/Museo_del_Prado</field>
</doc>
<doc>
<field name="uri">http://mzn.dbpedia.org/resource/دل_پرادو_موزه</field>
<field name="entity_type">museums</field>
<field name="timestamp">NOW</field>
<field name="sameAs">http://dbpedia.org/resource/Museo_del_Prado</field>
</doc>
<doc>
<field name="uri">http://nn.dbpedia.org/resource/Prado</field>
<field name="entity_type">museums</field>
<field name="timestamp">NOW</field>
<field name="sameAs">http://dbpedia.org/resource/Museo_del_Prado</field>
</doc>
<doc>
<field name="uri">http://no.dbpedia.org/resource/Museo_del_Prado</field>
<field name="entity_type">museums</field>
<field name="timestamp">NOW</field>
<field name="sameAs">http://dbpedia.org/resource/Museo_del_Prado</field>
</doc>
<doc>
<field name="uri">http://oc.dbpedia.org/resource/Musèu_del_Prado</field>
<field name="entity_type">museums</field>
<field name="timestamp">NOW</field>
<field name="sameAs">http://dbpedia.org/resource/Museo_del_Prado</field>
</doc>
<doc>
<field name="uri">http://pms.dbpedia.org/resource/Musé_dël_Prado</field>
<field name="entity_type">museums</field>
<field name="timestamp">NOW</field>
<field name="sameAs">http://dbpedia.org/resource/Museo_del_Prado</field>
</doc>
<doc>
<field name="uri">http://ro.dbpedia.org/resource/Muzeul_Prado</field>
<field name="entity_type">museums</field>
<field name="timestamp">NOW</field>
<field name="sameAs">http://dbpedia.org/resource/Museo_del_Prado</field>
</doc>
<doc>
<field name="uri">http://sk.dbpedia.org/resource/Museo_del_Prado</field>
<field name="entity_type">museums</field>
<field name="timestamp">NOW</field>
<field name="sameAs">http://dbpedia.org/resource/Museo_del_Prado</field>
</doc>
<doc>
<field name="uri">http://sl.dbpedia.org/resource/Muzej_Prado</field>
<field name="entity_type">museums</field>
<field name="timestamp">NOW</field>
<field name="sameAs">http://dbpedia.org/resource/Museo_del_Prado</field>
</doc>
<doc>
<field name="uri">http://sr.dbpedia.org/resource/Музеј_Прадо</field>
<field name="entity_type">museums</field>
<field name="timestamp">NOW</field>
<field name="sameAs">http://dbpedia.org/resource/Museo_del_Prado</field>
</doc>
<doc>
<field name="uri">http://sv.dbpedia.org/resource/Pradomuseet</field>
<field name="entity_type">museums</field>
<field name="timestamp">NOW</field>
<field name="sameAs">http://dbpedia.org/resource/Museo_del_Prado</field>
</doc>
<doc>
<field name="uri">http://th.dbpedia.org/resource/พิพิธภัณฑ์ปราโด</field>
<field name="entity_type">museums</field>
<field name="timestamp">NOW</field>
<field name="sameAs">http://dbpedia.org/resource/Museo_del_Prado</field>
</doc>
<doc>
<field name="uri">http://tr.dbpedia.org/resource/Prado_Müzesi</field>
<field name="entity_type">museums</field>
<field name="timestamp">NOW</field>
<field name="sameAs">http://dbpedia.org/resource/Museo_del_Prado</field>
</doc>
<doc>
<field name="uri">http://uk.dbpedia.org/resource/Прадо_(музей)</field>
<field name="entity_type">museums</field>
<field name="timestamp">NOW</field>
<field name="sameAs">http://dbpedia.org/resource/Museo_del_Prado</field>
</doc>
<doc>
<field name="uri">http://vi.dbpedia.org/resource/Bảo_tàng_Prado</field>
<field name="entity_type">museums</field>
<field name="timestamp">NOW</field>
<field name="sameAs">http://dbpedia.org/resource/Museo_del_Prado</field>
</doc>
<doc>
<field name="uri">http://be_x_old.dbpedia.org/resource/Прада_(музэй)</field>
<field name="entity_type">museums</field>
<field name="timestamp">NOW</field>
<field name="sameAs">http://dbpedia.org/resource/Museo_del_Prado</field>
</doc>
<doc>
<field name="uri">http://wikidata.dbpedia.org/resource/Q160112</field>
<field name="entity_type">museums</field>
<field name="timestamp">NOW</field>
<field name="sameAs">http://dbpedia.org/resource/Museo_del_Prado</field>
</doc>
</add>
