<?xml version="1.0" encoding="utf-8" ?>
<rdf:RDF
	xmlns:rdf="http://www.w3.org/1999/02/22-rdf-syntax-ns#"
	xmlns:rdfs="http://www.w3.org/2000/01/rdf-schema#"
	xmlns:owl="http://www.w3.org/2002/07/owl#"
	xmlns:dcterms="http://purl.org/dc/terms/"
	xmlns:dbpedia-owl="http://dbpedia.org/ontology/"
	xmlns:foaf="http://xmlns.com/foaf/0.1/"
	xmlns:dbpprop="http://dbpedia.org/property/"
	xmlns:dc="http://purl.org/dc/elements/1.1/"
	xmlns:ns8="http://www.w3.org/ns/prov#" >
  <rdf:Description rdf:about="http://it.dbpedia.org/resource/Adam_Elsheimer">
    <owl:sameAs rdf:resource="http://dbpedia.org/resource/Adam_Elsheimer" />
  </rdf:Description>
  <rdf:Description rdf:about="http://dbpedia.org/resource/The_Flight_into_Egypt_(Elsheimer)">
    <dbpedia-owl:author rdf:resource="http://dbpedia.org/resource/Adam_Elsheimer" />
    <dbpprop:artist rdf:resource="http://dbpedia.org/resource/Adam_Elsheimer" />
  </rdf:Description>
  <rdf:Description rdf:about="http://es.dbpedia.org/resource/Adam_Elsheimer">
    <owl:sameAs rdf:resource="http://dbpedia.org/resource/Adam_Elsheimer" />
  </rdf:Description>
  <rdf:Description rdf:about="http://de.dbpedia.org/resource/Adam_Elsheimer">
    <owl:sameAs rdf:resource="http://dbpedia.org/resource/Adam_Elsheimer" />
  </rdf:Description>
  <rdf:Description rdf:about="http://fr.dbpedia.org/resource/Adam_Elsheimer">
    <owl:sameAs rdf:resource="http://dbpedia.org/resource/Adam_Elsheimer" />
  </rdf:Description>
  <rdf:Description rdf:about="http://ja.dbpedia.org/resource/アダム・エルスハイマー">
    <owl:sameAs rdf:resource="http://dbpedia.org/resource/Adam_Elsheimer" />
  </rdf:Description>
  <rdf:Description rdf:about="http://ru.dbpedia.org/resource/Эльсхаймер,_Адам">
    <owl:sameAs rdf:resource="http://dbpedia.org/resource/Adam_Elsheimer" />
  </rdf:Description>
  <rdf:Description rdf:about="http://dbpedia.org/resource/Leonaert_Bramer">
    <dbpedia-owl:influencedBy rdf:resource="http://dbpedia.org/resource/Adam_Elsheimer" />
    <dbpprop:influencedBy rdf:resource="http://dbpedia.org/resource/Adam_Elsheimer" />
  </rdf:Description>
  <rdf:Description rdf:about="http://cs.dbpedia.org/resource/Adam_Elsheimer">
    <owl:sameAs rdf:resource="http://dbpedia.org/resource/Adam_Elsheimer" />
  </rdf:Description>
  <rdf:Description rdf:about="http://pl.dbpedia.org/resource/Adam_Elsheimer">
    <owl:sameAs rdf:resource="http://dbpedia.org/resource/Adam_Elsheimer" />
  </rdf:Description>
  <rdf:Description rdf:about="http://dbpedia.org/resource/Adam_Elsheimer">
    <rdf:type rdf:resource="http://dbpedia.org/class/yago/Person100007846" />
    <rdf:type rdf:resource="http://dbpedia.org/ontology/Person" />
    <rdf:type rdf:resource="http://dbpedia.org/ontology/Artist" />
    <rdf:type rdf:resource="http://dbpedia.org/ontology/Agent" />
    <rdf:type rdf:resource="http://dbpedia.org/class/yago/Artist109812338" />
    <rdf:type rdf:resource="http://dbpedia.org/class/yago/Creator109614315" />
    <rdf:type rdf:resource="http://dbpedia.org/class/yago/Painter110391653" />
    <rdf:type rdf:resource="http://dbpedia.org/class/yago/PeopleFromFrankfurt" />
    <rdf:type rdf:resource="http://dbpedia.org/class/yago/GermanBaroquePainters" />
    <rdf:type rdf:resource="http://dbpedia.org/class/yago/PhysicalEntity100001930" />
    <rdf:type rdf:resource="http://schema.org/Person" />
    <rdf:type rdf:resource="http://dbpedia.org/class/yago/CausalAgent100007347" />
    <rdf:type rdf:resource="http://dbpedia.org/class/yago/Organism100004475" />
    <rdf:type rdf:resource="http://dbpedia.org/class/yago/YagoLegalActor" />
    <rdf:type rdf:resource="http://dbpedia.org/class/yago/YagoLegalActorGeo" />
    <rdf:type rdf:resource="http://www.w3.org/2002/07/owl#Thing" />
    <rdf:type rdf:resource="http://dbpedia.org/class/yago/LivingThing100004258" />
    <rdf:type rdf:resource="http://dbpedia.org/class/yago/Whole100003553" />
    <rdf:type rdf:resource="http://dbpedia.org/class/yago/Object100002684" />
    <rdf:type rdf:resource="http://xmlns.com/foaf/0.1/Person" />
    <owl:sameAs rdf:resource="http://pt.dbpedia.org/resource/Adam_Elsheimer" />
    <owl:sameAs rdf:resource="http://pl.dbpedia.org/resource/Adam_Elsheimer" />
    <owl:sameAs rdf:resource="http://th.dbpedia.org/resource/อาดัม_เอลสไฮเมอร์" />
    <owl:sameAs rdf:resource="http://gl.dbpedia.org/resource/Adam_Elsheimer" />
    <owl:sameAs rdf:resource="http://nn.dbpedia.org/resource/Adam_Elsheimer" />
    <owl:sameAs rdf:resource="http://cs.dbpedia.org/resource/Adam_Elsheimer" />
    <owl:sameAs rdf:resource="http://be.dbpedia.org/resource/Адам_Эльсгаймер" />
    <owl:sameAs rdf:resource="http://sv.dbpedia.org/resource/Adam_Elsheimer" />
    <owl:sameAs rdf:resource="http://da.dbpedia.org/resource/Adam_Elsheimer" />
    <owl:sameAs rdf:resource="http://de.dbpedia.org/resource/Adam_Elsheimer" />
    <owl:sameAs rdf:resource="http://uk.dbpedia.org/resource/Адам_Ельсгаймер" />
    <owl:sameAs rdf:resource="http://nl.dbpedia.org/resource/Adam_Elsheimer" />
    <owl:sameAs rdf:resource="http://es.dbpedia.org/resource/Adam_Elsheimer" />
    <owl:sameAs rdf:resource="http://hu.dbpedia.org/resource/Adam_Elsheimer" />
    <owl:sameAs rdf:resource="http://yago-knowledge.org/resource/Adam_Elsheimer" />
    <owl:sameAs rdf:resource="http://eo.dbpedia.org/resource/Adam_Elsheimer" />
    <owl:sameAs rdf:resource="http://it.dbpedia.org/resource/Adam_Elsheimer" />
    <owl:sameAs rdf:resource="http://dbpedia.org/resource/Adam_Elsheimer" />
    <owl:sameAs rdf:resource="http://ru.dbpedia.org/resource/Эльсхаймер,_Адам" />
    <owl:sameAs rdf:resource="http://rdf.freebase.com/ns/m.073l6b" />
    <owl:sameAs rdf:resource="http://www.wikidata.org/entity/Q310285" />
    <owl:sameAs rdf:resource="http://ja.dbpedia.org/resource/アダム・エルスハイマー" />
    <owl:sameAs rdf:resource="http://fr.dbpedia.org/resource/Adam_Elsheimer" />
    <dcterms:subject rdf:resource="http://dbpedia.org/resource/Category:People_from_Frankfurt" />
    <dcterms:subject rdf:resource="http://dbpedia.org/resource/Category:1610_deaths" />
    <dcterms:subject rdf:resource="http://dbpedia.org/resource/Category:German_Baroque_painters" />
    <dcterms:subject rdf:resource="http://dbpedia.org/resource/Category:Members_of_the_Rome_Guild_of_Saint_Luke" />
    <dcterms:subject rdf:resource="http://dbpedia.org/resource/Category:1578_births" />
    <dbpedia-owl:abstract xml:lang="pt">Adam Elsheimer foi um artista alemão que viveu em Roma. Apesar de ter morrido com apenas 32 anos, foi muito influente no início do século XVII. As suas pinturas eram relativamente pequenas em escala (dimensão), na sua maioria pintadas em placas de cobre, com um grande poder de precisão, e, pelo costume de guardarem esse tipo de obra em pequenos quartos de suas grandes mansões, passaram a ser conhecidas por pintura de armário. Possuíam diferentes efeitos conforme a exposição à luz. Elsheimer influenciou, entre outros, o estilo de Rembrandt e de Peter Paul Rubens.</dbpedia-owl:abstract>
    <dbpedia-owl:abstract xml:lang="ja">アダム・エルスハイマー（Adam Elsheimer, 1578年3月18日 - 1610年12月11日）は17世紀初期の画家。エルスハイマーの絵はサイズが小さく、ほとんどが銅板に描かれた「キャビネット絵画（Cabinet painting）」だった。作品にはさまざまな照明効果が含まれ、風景画については革新的な処理を施した。レンブラント、ルーベンスなど多くの画家たちに影響を与えた。</dbpedia-owl:abstract>
    <dbpedia-owl:abstract xml:lang="nl">Adam Elsheimer was een schilder van Duitse afkomst die een groot deel van zijn leven actief was in Italië. Elsheimer heeft in Duitsland de stijl van de Duitse en Vlaamse schilders opgedaan en wordt onder andere geassocieerd met de schilder Albrecht Altdorfer. In 1598 bracht hij een bezoek aan Venetië waar hij werken van onder meer Tintoretto en Bassano bestudeerde. Elsheimer richtte zich vooral op levendige, fel verlichte scènes in landschappen. In deze werken komen de Italiaanse en Vlaamse invloeden samen tot een levendige laat-maniëristische stijl. Hij schilderde bijna uitsluitend kabinetstukken op koperen platen. In 1600 vestigde hij zich in Rome onder de bescherming van Hendrick Goudt, die ook gravures van zijn werk maakte. Zijn Italiaanse werk is niet zo goed gedocumenteerd en kan nagenoeg niet chronologisch worden gerangschikt. Een van de kenmerken van Elsheimer die kan helpen bij herkenning van zijn werk, is zijn aandacht voor detail en realisme in zijn werk. Hiermee onderscheidt hij zich van vele andere schilders uit deze periode. Zijn voorkeur ging uit naar het maken van nachtscénes zoals De bespotting van Ceres en Vlucht naar Egypte (1609). Dit laatste werk met zijn prachtige clair-obscur zorgde voor een grote roem onder de volgende generatie Noordelijke schilders, onder wie Rubens, Rembrandt en Claude Lorrain.</dbpedia-owl:abstract>
    <dbpedia-owl:abstract xml:lang="sv">Adam Elsheimer, född 1578 i Frankfurt am Main, död 1610 i Rom, var en tysk målare. Elsheimer utbildades först under Philipp Uffenbach i sin hemstad Frankfurt am Main, tog sedan intryck av de holländska landskapsmålarna, men utbildade sin egentliga stil i Italien, framför allt i Rom, där han vistades under sina sista tio år. Elsheimer målade mestadels landskap med bibliska, mytologiska eller genremässiga scener i litet format. Staffagefigurerna är ofta väl inkomponerade i landskapet. Bland hans äldre målningar märks Johannes predikar (finns idag i München). Under sinare tid upptog Elsheimer det italienska stillandskapet med ruiner och liknade. Under inflytande av den italinska "tenebrosoriktningen" med konstnärer som Caravaggio studerade Elsheimer ljusdunklet och nådde i dess användning en djup och stämningsfull verkan. Bilder av det slaget blev hans främsta verk från den nde senare åren, såsom Den barmhärtige samariten (i Leipzig), Herden som blåser skalmeja, motiv från Tivoli (i Prag) med flera. Elsheimer var även en skicklig tecknare och etsare, och i sina grafiska blad tillåts hand landskapsmotiv bli mer framträdande. I Rom, där hans konst aldrig fick något verkligt genombrott kom han dock att påverka andra konstnärer, bland annat Pieter Lastman, Peter Paul Rubens och senare Claude Lorrain. Genom Lastman kom han även att få ett stort inflytande över Rembrandts måleri. 		 			Adam Elsheimer 004. jpg 			 Die Heilige Familie mit dem Johannesknaben 			 		 		 			Adam Elsheimer 002. jpg 			 Flucht nach Aegypten 			 		 		 			Adam Elsheimer 008. jpg 			 Philemon und Baucis 			 		 		 			Adam Elsheimer 012. jpg 			 Verherrlichung des Kreuzes</dbpedia-owl:abstract>
    <dbpedia-owl:abstract xml:lang="fr">Adam Elsheimer, baptisé le 18 mars 1578 à Francfort-sur-le-Main et inhumé le 11 décembre 1610 à Rome, est le plus célèbre des peintres allemands du XVII siècle.</dbpedia-owl:abstract>
    <dbpedia-owl:abstract xml:lang="pl">Adam Elsheimer (ur. przed 18 marca 1578 we Frankfurcie, zm. przed 11 grudnia 1610 w Rzymie) – niemiecki malarz i grafik późnego manieryzmu i wczesnego baroku. W l. 1593-98 uczył się u Philipa Uffenbacha, a następnie u holenderskiego pejzażysty Gillisa van Coninxloo. W 1598 wyjechał do Wenecji, gdzie pracował w warsztacie Johanna Rottenhammera. Od 1600 mieszkał w Rzymie, gdzie został członkiem Accademia di San Luca. Utrzymywał kontakty z wieloma malarzami m. in. z Paulem Brillem, przyjaźnił się z Rubensem. W 1606 przeszedł na katolicyzm, co znalazło odbycie w jego twórczości. Od 1607 współpracował z rytownikiem Hendrikem Goudtem. Malował niewielkie obrazy krajobrazowe ze sztafażem biblijnym lub mitologicznym, na blasze miedzianej, przeznaczone przede wszystkim do kunstkamer. Mistrzowsko operował światłocieniem. Luministyczne efekty eksponował w wielu scenach nokturnowych. W obrazach figuralnych połączył wzorce włoskiego manieryzmu z tradycją malarstwa weneckiego oraz stylu Caravaggia i braci Carraccich, stosując mocne kolory, impasty, tłumne zestawienia postaci i skomplikowane pozy. Jego styl silnie oddziałał na wielu malarzy m. in. na Carla Saraceniego, Pietera Lastmana, Claude’a Lorraina, Nicolasa Poussina, Jana Brueghla (starszego).</dbpedia-owl:abstract>
    <dbpedia-owl:abstract xml:lang="de">Adam Elsheimer war ein bedeutender deutscher Maler des 17. Jahrhunderts.</dbpedia-owl:abstract>
    <dbpedia-owl:abstract xml:lang="it">Con i suoi paesaggi l&#39;artista pone delle costanti che saranno parte di molta pittura paesaggistica successiva come lo stretto rapporto della figura umana con il paesaggio, l&#39;uso delle chiome degli alberi tondeggianti che si riflettono nelle forme delle nubi, il ruolo dell&#39;acqua con i suoi riflessi, e l&#39;uso della luce come elemento unificante e con un valore psicologico preciso.</dbpedia-owl:abstract>
    <dbpedia-owl:abstract xml:lang="es">Adam Elsheimer, fue un importante pintor alemán de principios del siglo XVII. Destacó por sus pequeños cuadros que incluían una gran variedad de efectos de luz, y un innovador tratamiento del paisaje. Se centró en paisajes bíblicos o en temas mitológicos. Se dice de él que influyó sobre artistas como Rembrandt o Rubens (quien tuvo al menos cuatro de sus obras).</dbpedia-owl:abstract>
    <dbpedia-owl:abstract xml:lang="en">Adam Elsheimer (18 March 1578 – 11 December 1610) was a German artist working in Rome who died at only thirty-two, but was very influential in the early 17th century. His relatively few paintings were small scale, nearly all painted on copper plates, of the type often known as cabinet paintings. They include a variety of light effects, and an innovative treatment of landscape. He was an influence on many other artists, including Rembrandt and Peter Paul Rubens.</dbpedia-owl:abstract>
    <dbpedia-owl:abstract xml:lang="ru">Адам Эльсхаймер — немецкий живописец. Адам Эльсхаймер был учеником Филиппа Уффенбаха, однако же испытал в юности сильное влияние чужеземных мастеров, эмигрировавших из Нидерландов, Гиллиса ван Конинкслоо и Лукаса ван Фалькенборха. Около 1600 г. художник поселился в Риме, где был очень дружен с Питером Паулем Рубенсом и Паулем Брилем. Эльсхаймер писал мало и оставил немного картин, которые тем не менее высоко ценились ещё при его жизни художниками и коллекционерами, особенно за искуснейшее мастерство тончайшей разработки светотени.</dbpedia-owl:abstract>
    <dbpedia-owl:birthDate rdf:datatype="http://www.w3.org/2001/XMLSchema#date">1578-03-18</dbpedia-owl:birthDate>
    <dbpedia-owl:birthPlace rdf:resource="http://dbpedia.org/resource/Frankfurt" />
    <dbpedia-owl:birthPlace rdf:resource="http://dbpedia.org/resource/Germany" />
    <dbpedia-owl:deathDate rdf:datatype="http://www.w3.org/2001/XMLSchema#date">1610-12-11</dbpedia-owl:deathDate>
    <dbpedia-owl:wikiPageID rdf:datatype="http://www.w3.org/2001/XMLSchema#integer">2320647</dbpedia-owl:wikiPageID>
    <dbpedia-owl:wikiPageRevisionID rdf:datatype="http://www.w3.org/2001/XMLSchema#integer">544074734</dbpedia-owl:wikiPageRevisionID>
    <rdfs:label xml:lang="es">Adam Elsheimer</rdfs:label>
    <rdfs:label xml:lang="it">Adam Elsheimer</rdfs:label>
    <rdfs:label xml:lang="pl">Adam Elsheimer</rdfs:label>
    <rdfs:label xml:lang="ru">Эльсхаймер, Адам</rdfs:label>
    <rdfs:label xml:lang="nl">Adam Elsheimer</rdfs:label>
    <rdfs:label xml:lang="ja">アダム・エルスハイマー</rdfs:label>
    <rdfs:label xml:lang="sv">Adam Elsheimer</rdfs:label>
    <rdfs:label xml:lang="de">Adam Elsheimer</rdfs:label>
    <rdfs:label xml:lang="fr">Adam Elsheimer</rdfs:label>
    <rdfs:label xml:lang="en">Adam Elsheimer</rdfs:label>
    <rdfs:label xml:lang="pt">Adam Elsheimer</rdfs:label>
    <foaf:depiction rdf:resource="http://upload.wikimedia.org/wikipedia/commons/1/14/Adam_Elsheimer_self_portrait_01.jpg" />
    <rdfs:comment xml:lang="de">Adam Elsheimer war ein bedeutender deutscher Maler des 17. Jahrhunderts.</rdfs:comment>
    <rdfs:comment xml:lang="pl">Adam Elsheimer (ur. przed 18 marca 1578 we Frankfurcie, zm. przed 11 grudnia 1610 w Rzymie) – niemiecki malarz i grafik późnego manieryzmu i wczesnego baroku. W l. 1593-98 uczył się u Philipa Uffenbacha, a następnie u holenderskiego pejzażysty Gillisa van Coninxloo. W 1598 wyjechał do Wenecji, gdzie pracował w warsztacie Johanna Rottenhammera. Od 1600 mieszkał w Rzymie, gdzie został członkiem Accademia di San Luca. Utrzymywał kontakty z wieloma malarzami m. in.</rdfs:comment>
    <rdfs:comment xml:lang="ru">Адам Эльсхаймер — немецкий живописец. Адам Эльсхаймер был учеником Филиппа Уффенбаха, однако же испытал в юности сильное влияние чужеземных мастеров, эмигрировавших из Нидерландов, Гиллиса ван Конинкслоо и Лукаса ван Фалькенборха. Около 1600 г. художник поселился в Риме, где был очень дружен с Питером Паулем Рубенсом и Паулем Брилем.</rdfs:comment>
    <rdfs:comment xml:lang="fr">Adam Elsheimer, baptisé le 18 mars 1578 à Francfort-sur-le-Main et inhumé le 11 décembre 1610 à Rome, est le plus célèbre des peintres allemands du XVII siècle.</rdfs:comment>
    <rdfs:comment xml:lang="sv">Adam Elsheimer, född 1578 i Frankfurt am Main, död 1610 i Rom, var en tysk målare. Elsheimer utbildades först under Philipp Uffenbach i sin hemstad Frankfurt am Main, tog sedan intryck av de holländska landskapsmålarna, men utbildade sin egentliga stil i Italien, framför allt i Rom, där han vistades under sina sista tio år. Elsheimer målade mestadels landskap med bibliska, mytologiska eller genremässiga scener i litet format. Staffagefigurerna är ofta väl inkomponerade i landskapet.</rdfs:comment>
    <rdfs:comment xml:lang="pt">Adam Elsheimer foi um artista alemão que viveu em Roma. Apesar de ter morrido com apenas 32 anos, foi muito influente no início do século XVII. As suas pinturas eram relativamente pequenas em escala (dimensão), na sua maioria pintadas em placas de cobre, com um grande poder de precisão, e, pelo costume de guardarem esse tipo de obra em pequenos quartos de suas grandes mansões, passaram a ser conhecidas por pintura de armário. Possuíam diferentes efeitos conforme a exposição à luz.</rdfs:comment>
    <rdfs:comment xml:lang="it">Con i suoi paesaggi l&#39;artista pone delle costanti che saranno parte di molta pittura paesaggistica successiva come lo stretto rapporto della figura umana con il paesaggio, l&#39;uso delle chiome degli alberi tondeggianti che si riflettono nelle forme delle nubi, il ruolo dell&#39;acqua con i suoi riflessi, e l&#39;uso della luce come elemento unificante e con un valore psicologico preciso.</rdfs:comment>
    <rdfs:comment xml:lang="es">Adam Elsheimer, fue un importante pintor alemán de principios del siglo XVII. Destacó por sus pequeños cuadros que incluían una gran variedad de efectos de luz, y un innovador tratamiento del paisaje. Se centró en paisajes bíblicos o en temas mitológicos. Se dice de él que influyó sobre artistas como Rembrandt o Rubens (quien tuvo al menos cuatro de sus obras).</rdfs:comment>
    <rdfs:comment xml:lang="en">Adam Elsheimer (18 March 1578 – 11 December 1610) was a German artist working in Rome who died at only thirty-two, but was very influential in the early 17th century. His relatively few paintings were small scale, nearly all painted on copper plates, of the type often known as cabinet paintings. They include a variety of light effects, and an innovative treatment of landscape. He was an influence on many other artists, including Rembrandt and Peter Paul Rubens.</rdfs:comment>
    <rdfs:comment xml:lang="nl">Adam Elsheimer was een schilder van Duitse afkomst die een groot deel van zijn leven actief was in Italië. Elsheimer heeft in Duitsland de stijl van de Duitse en Vlaamse schilders opgedaan en wordt onder andere geassocieerd met de schilder Albrecht Altdorfer. In 1598 bracht hij een bezoek aan Venetië waar hij werken van onder meer Tintoretto en Bassano bestudeerde. Elsheimer richtte zich vooral op levendige, fel verlichte scènes in landschappen.</rdfs:comment>
    <rdfs:comment xml:lang="ja">アダム・エルスハイマー（Adam Elsheimer, 1578年3月18日 - 1610年12月11日）は17世紀初期の画家。エルスハイマーの絵はサイズが小さく、ほとんどが銅板に描かれた「キャビネット絵画（Cabinet painting）」だった。作品にはさまざまな照明効果が含まれ、風景画については革新的な処理を施した。レンブラント、ルーベンスなど多くの画家たちに影響を与えた。</rdfs:comment>
    <foaf:name xml:lang="en">Adam Elsheimer</foaf:name>
    <dbpedia-owl:thumbnail rdf:resource="http://upload.wikimedia.org/wikipedia/commons/thumb/1/14/Adam_Elsheimer_self_portrait_01.jpg/200px-Adam_Elsheimer_self_portrait_01.jpg" />
    <dbpedia-owl:wikiPageExternalLink rdf:resource="http://www.wga.hu/frames-e.html?/html/e/elsheime/" />
    <dbpedia-owl:wikiPageExternalLink rdf:resource="http://www.artcyclopedia.com/artists/elsheimer_adam.html" />
    <dbpprop:dateOfBirth rdf:datatype="http://www.w3.org/2001/XMLSchema#integer">18</dbpprop:dateOfBirth>
    <dbpprop:dateOfDeath rdf:datatype="http://www.w3.org/2001/XMLSchema#integer">11</dbpprop:dateOfDeath>
    <dbpprop:name xml:lang="en">Elsheimer, Adam</dbpprop:name>
    <dbpprop:placeOfBirth rdf:resource="http://dbpedia.org/resource/Germany" />
    <dbpprop:placeOfBirth rdf:resource="http://dbpedia.org/resource/Frankfurt" />
    <dbpprop:shortDescription xml:lang="en">German artist</dbpprop:shortDescription>
    <foaf:givenName xml:lang="en">Adam</foaf:givenName>
    <foaf:isPrimaryTopicOf rdf:resource="http://en.wikipedia.org/wiki/Adam_Elsheimer" />
    <dc:description xml:lang="en">German artist</dc:description>
    <ns8:wasDerivedFrom rdf:resource="http://en.wikipedia.org/wiki/Adam_Elsheimer?oldid=544074734" />
    <dbpprop:hasPhotoCollection rdf:resource="http://wifo5-03.informatik.uni-mannheim.de/flickrwrappr/photos/Adam_Elsheimer" />
    <foaf:surname xml:lang="en">Elsheimer</foaf:surname>
  </rdf:Description>
  <rdf:Description rdf:about="http://en.wikipedia.org/wiki/Adam_Elsheimer">
    <foaf:primaryTopic rdf:resource="http://dbpedia.org/resource/Adam_Elsheimer" />
  </rdf:Description>
  <rdf:Description rdf:about="http://dbpedia.org/resource/Adam_Elshaimer">
    <dbpedia-owl:wikiPageRedirects rdf:resource="http://dbpedia.org/resource/Adam_Elsheimer" />
  </rdf:Description>
  <rdf:Description rdf:about="http://dbpedia.org/resource/Adamo_Elzkeimer">
    <dbpedia-owl:wikiPageRedirects rdf:resource="http://dbpedia.org/resource/Adam_Elsheimer" />
  </rdf:Description>
  <rdf:Description rdf:about="http://dbpedia.org/resource/Elsheimer">
    <dbpedia-owl:wikiPageRedirects rdf:resource="http://dbpedia.org/resource/Adam_Elsheimer" />
  </rdf:Description>
  <rdf:Description rdf:about="http://dbpedia.org/resource/Elzheimer">
    <dbpedia-owl:wikiPageRedirects rdf:resource="http://dbpedia.org/resource/Adam_Elsheimer" />
  </rdf:Description>
  <rdf:Description rdf:about="http://pt.dbpedia.org/resource/Adam_Elsheimer">
    <owl:sameAs rdf:resource="http://dbpedia.org/resource/Adam_Elsheimer" />
  </rdf:Description>
  <rdf:Description rdf:about="http://nl.dbpedia.org/resource/Adam_Elsheimer">
    <owl:sameAs rdf:resource="http://dbpedia.org/resource/Adam_Elsheimer" />
  </rdf:Description>
  <rdf:Description rdf:about="http://be.dbpedia.org/resource/Адам_Эльсгаймер">
    <owl:sameAs rdf:resource="http://dbpedia.org/resource/Adam_Elsheimer" />
  </rdf:Description>
  <rdf:Description rdf:about="http://da.dbpedia.org/resource/Adam_Elsheimer">
    <owl:sameAs rdf:resource="http://dbpedia.org/resource/Adam_Elsheimer" />
  </rdf:Description>
  <rdf:Description rdf:about="http://eo.dbpedia.org/resource/Adam_Elsheimer">
    <owl:sameAs rdf:resource="http://dbpedia.org/resource/Adam_Elsheimer" />
  </rdf:Description>
  <rdf:Description rdf:about="http://gl.dbpedia.org/resource/Adam_Elsheimer">
    <owl:sameAs rdf:resource="http://dbpedia.org/resource/Adam_Elsheimer" />
  </rdf:Description>
  <rdf:Description rdf:about="http://hu.dbpedia.org/resource/Adam_Elsheimer">
    <owl:sameAs rdf:resource="http://dbpedia.org/resource/Adam_Elsheimer" />
  </rdf:Description>
  <rdf:Description rdf:about="http://nn.dbpedia.org/resource/Adam_Elsheimer">
    <owl:sameAs rdf:resource="http://dbpedia.org/resource/Adam_Elsheimer" />
  </rdf:Description>
  <rdf:Description rdf:about="http://sv.dbpedia.org/resource/Adam_Elsheimer">
    <owl:sameAs rdf:resource="http://dbpedia.org/resource/Adam_Elsheimer" />
  </rdf:Description>
  <rdf:Description rdf:about="http://th.dbpedia.org/resource/อาดัม_เอลสไฮเมอร์">
    <owl:sameAs rdf:resource="http://dbpedia.org/resource/Adam_Elsheimer" />
  </rdf:Description>
  <rdf:Description rdf:about="http://uk.dbpedia.org/resource/Адам_Ельсгаймер">
    <owl:sameAs rdf:resource="http://dbpedia.org/resource/Adam_Elsheimer" />
  </rdf:Description>
  <rdf:Description rdf:about="http://wikidata.dbpedia.org/resource/Q310285">
    <owl:sameAs rdf:resource="http://dbpedia.org/resource/Adam_Elsheimer" />
  </rdf:Description>
</rdf:RDF>
