<?xml version="1.0" encoding="utf-8" ?>
<rdf:RDF
	xmlns:rdf="http://www.w3.org/1999/02/22-rdf-syntax-ns#"
	xmlns:rdfs="http://www.w3.org/2000/01/rdf-schema#"
	xmlns:owl="http://www.w3.org/2002/07/owl#"
	xmlns:dcterms="http://purl.org/dc/terms/"
	xmlns:dbpedia-owl="http://dbpedia.org/ontology/"
	xmlns:foaf="http://xmlns.com/foaf/0.1/"
	xmlns:dbpprop="http://dbpedia.org/property/"
	xmlns:ns7="http://www.w3.org/ns/prov#" >
  <rdf:Description rdf:about="http://en.wikipedia.org/wiki/Adolph_Menzel">
    <foaf:primaryTopic rdf:resource="http://dbpedia.org/resource/Adolph_Menzel" />
  </rdf:Description>
  <rdf:Description rdf:about="http://dbpedia.org/resource/Menzel">
    <dbpedia-owl:wikiPageDisambiguates rdf:resource="http://dbpedia.org/resource/Adolph_Menzel" />
  </rdf:Description>
  <rdf:Description rdf:about="http://dbpedia.org/resource/Adolph_Menzel">
    <rdf:type rdf:resource="http://dbpedia.org/class/yago/Printmaker110475687" />
    <rdf:type rdf:resource="http://dbpedia.org/ontology/Artist" />
    <rdf:type rdf:resource="http://dbpedia.org/ontology/Agent" />
    <rdf:type rdf:resource="http://dbpedia.org/ontology/Person" />
    <rdf:type rdf:resource="http://dbpedia.org/class/yago/Person100007846" />
    <rdf:type rdf:resource="http://dbpedia.org/class/yago/Creator109614315" />
    <rdf:type rdf:resource="http://dbpedia.org/class/yago/Object100002684" />
    <rdf:type rdf:resource="http://dbpedia.org/class/yago/YagoLegalActorGeo" />
    <rdf:type rdf:resource="http://dbpedia.org/class/yago/PeopleFromWroc%C5%82aw" />
    <rdf:type rdf:resource="http://dbpedia.org/class/yago/LivingThing100004258" />
    <rdf:type rdf:resource="http://dbpedia.org/class/yago/CausalAgent100007347" />
    <rdf:type rdf:resource="http://dbpedia.org/class/yago/Organism100004475" />
    <rdf:type rdf:resource="http://dbpedia.org/class/yago/YagoLegalActor" />
    <rdf:type rdf:resource="http://dbpedia.org/class/yago/PeopleFromTheProvinceOfSilesia" />
    <rdf:type rdf:resource="http://dbpedia.org/class/yago/Artist109812338" />
    <rdf:type rdf:resource="http://schema.org/Person" />
    <rdf:type rdf:resource="http://dbpedia.org/class/yago/Whole100003553" />
    <rdf:type rdf:resource="http://dbpedia.org/class/yago/WarArtists" />
    <rdf:type rdf:resource="http://www.w3.org/2002/07/owl#Thing" />
    <rdf:type rdf:resource="http://xmlns.com/foaf/0.1/Person" />
    <rdf:type rdf:resource="http://dbpedia.org/class/yago/GermanPrintmakers" />
    <rdf:type rdf:resource="http://dbpedia.org/class/yago/PhysicalEntity100001930" />
    <rdf:type rdf:resource="http://dbpedia.org/class/yago/GermanArtists" />
    <owl:sameAs rdf:resource="http://de.dbpedia.org/resource/Adolph_Menzel" />
    <owl:sameAs rdf:resource="http://stq.dbpedia.org/resource/Adolph_Friedrich_Erdmann_von_Menzel" />
    <owl:sameAs rdf:resource="http://www.wikidata.org/entity/Q164961" />
    <owl:sameAs rdf:resource="http://cs.dbpedia.org/resource/Adolf_von_Menzel" />
    <owl:sameAs rdf:resource="http://gl.dbpedia.org/resource/Adolph_von_Menzel" />
    <owl:sameAs rdf:resource="http://oc.dbpedia.org/resource/Adolph_von_Menzel" />
    <owl:sameAs rdf:resource="http://lv.dbpedia.org/resource/Ādolfs_Mencels" />
    <owl:sameAs rdf:resource="http://eu.dbpedia.org/resource/Adolph_Menzel" />
    <owl:sameAs rdf:resource="http://es.dbpedia.org/resource/Adolph_von_Menzel" />
    <owl:sameAs rdf:resource="http://pt.dbpedia.org/resource/Adolph_Menzel" />
    <owl:sameAs rdf:resource="http://sv.dbpedia.org/resource/Adolph_von_Menzel" />
    <owl:sameAs rdf:resource="http://fi.dbpedia.org/resource/Adolph_von_Menzel" />
    <owl:sameAs rdf:resource="http://pl.dbpedia.org/resource/Adolph_Menzel" />
    <owl:sameAs rdf:resource="http://hy.dbpedia.org/resource/Ադոլֆ_ֆոն_Մենցել" />
    <owl:sameAs rdf:resource="http://da.dbpedia.org/resource/Adolph_Menzel" />
    <owl:sameAs rdf:resource="http://nl.dbpedia.org/resource/Adolph_Menzel" />
    <owl:sameAs rdf:resource="http://no.dbpedia.org/resource/Adolph_von_Menzel" />
    <owl:sameAs rdf:resource="http://sh.dbpedia.org/resource/Adolph_Menzel" />
    <owl:sameAs rdf:resource="http://yago-knowledge.org/resource/Adolph_Menzel" />
    <owl:sameAs rdf:resource="http://rdf.freebase.com/ns/m.057ldt" />
    <owl:sameAs rdf:resource="http://fr.dbpedia.org/resource/Adolph_von_Menzel" />
    <owl:sameAs rdf:resource="http://zh.dbpedia.org/resource/阿道夫·冯·门采尔" />
    <owl:sameAs rdf:resource="http://uk.dbpedia.org/resource/Адольф_фон_Менцель" />
    <owl:sameAs rdf:resource="http://hu.dbpedia.org/resource/Adolph_Menzel" />
    <owl:sameAs rdf:resource="http://dbpedia.org/resource/Adolph_Menzel" />
    <owl:sameAs rdf:resource="http://ca.dbpedia.org/resource/Adolph_von_Menzel" />
    <owl:sameAs rdf:resource="http://ru.dbpedia.org/resource/Менцель,_Адольф_фон" />
    <owl:sameAs rdf:resource="http://it.dbpedia.org/resource/Adolph_von_Menzel" />
    <owl:sameAs rdf:resource="http://bg.dbpedia.org/resource/Адолф_фон_Менцел" />
    <owl:sameAs rdf:resource="http://an.dbpedia.org/resource/Adolph_von_Menzel" />
    <dcterms:subject rdf:resource="http://dbpedia.org/resource/Category:People_from_the_Province_of_Silesia" />
    <dcterms:subject rdf:resource="http://dbpedia.org/resource/Category:People_from_Wroc%C5%82aw" />
    <dcterms:subject rdf:resource="http://dbpedia.org/resource/Category:War_artists" />
    <dcterms:subject rdf:resource="http://dbpedia.org/resource/Category:Recipients_of_the_Order_of_the_Black_Eagle" />
    <dcterms:subject rdf:resource="http://dbpedia.org/resource/Category:German_untitled_nobility" />
    <dcterms:subject rdf:resource="http://dbpedia.org/resource/Category:1905_deaths" />
    <dcterms:subject rdf:resource="http://dbpedia.org/resource/Category:1815_births" />
    <dcterms:subject rdf:resource="http://dbpedia.org/resource/Category:German_printmakers" />
    <dcterms:subject rdf:resource="http://dbpedia.org/resource/Category:German_artists" />
    <dbpedia-owl:abstract xml:lang="fr">Adolph von Menzel est un peintre allemand.</dbpedia-owl:abstract>
    <dbpedia-owl:abstract xml:lang="nl">Adolph Friedrich Erdmann (von) Menzel was een Duitse kunstschilder, tekenaar en illustrator. De in 1898 in de Hoge Orde van de Zwarte Adelaar benoemde Berlijnse schilder mocht zich daarna, als edelman, Adolph von Menzel noemen. De opvallend kleine Menzel leed aan achondroplasie.</dbpedia-owl:abstract>
    <dbpedia-owl:abstract xml:lang="sv">Adolph Friedrich Erdmann von Menzel, född 8 december 1815 i Breslau, död 9 februari 1905, var en tysk konstnär och kunglig hovmålare. Han utbildade sig först till litograf men började i 25-årsåldern på allvar med målning. På 1800-talet var det högaktat med historiemålning och det var just det han ägnade sig åt. Framför allt avbildade han 1700-talets överflöd och Fredrik den Store. Han upptäcktes av kungahuset och blev kunglig hovmålare. Kallades "den lille excellensen". Menzel adlades 1898.</dbpedia-owl:abstract>
    <dbpedia-owl:abstract xml:lang="de">Adolph Friedrich Erdmann von Menzel, geadelt 1898 war Maler, Zeichner und Illustrator. Er gilt als der bedeutendste deutsche Realist des 19. Jahrhunderts. Sein Werk ist außerordentlich vielfältig; bekannt und zu Lebzeiten hoch geehrt wurde er vor allem durch seine historisierenden Darstellungen aus dem Leben Friedrichs des Großen.</dbpedia-owl:abstract>
    <dbpedia-owl:abstract xml:lang="it"></dbpedia-owl:abstract>
    <dbpedia-owl:abstract xml:lang="pt">Adolph Friedrich Erdmann von Menzel foi um pintor, desenhista e ilustrador alemão, mestre do realismo e o maior expoente desta escola no seu país no século XIX.</dbpedia-owl:abstract>
    <dbpedia-owl:abstract xml:lang="es">Adolph Friedrich Erdmann Menzel fue un pintor alemán famoso por sus pinturas a menudo inspiradas en la historia, que es considerado el más importante exponente del realismo pictórico del siglo XIX en Alemania. Junto con Caspar David Friedrich, está considerado uno de los dos artistas alemanes más destacados del siglo XIX, y fue el artista de más éxito en su época en Alemania. Su popularidad en su país natal, debida especialmente a obras de propaganda política, fue tal que pocas de sus grandes pinturas abandonaron Alemania, donde fueron rápidamente adquiridas por museos en Berlín. La obra gráfica de Menzel y sus dibujos fueron más ampliamente difundidos; estos, junto con cuadros informales que no estaban realizados inicialmente para ser expuestos, son la causa en gran medida de su reputación póstuma. Aunque viajó para encontrar temas para su arte, para visitar exposiciones y encontrarse con otros artistas, Menzel pasó la mayor parte de su vida en Berlín, y fue, a pesar de numerosas amistades, admitido por sí mismo apartado de otros. Es probable que se sintiera apartado socialmente por razones físicas únicamente, Menzel tenía la cabeza grande y era muy bajo, medía un metro treinta y siete centímetros.</dbpedia-owl:abstract>
    <dbpedia-owl:abstract xml:lang="ru">А́дольф фон Ме́нцель — немецкий художник, один из лидеров романтического историзма.</dbpedia-owl:abstract>
    <dbpedia-owl:abstract xml:lang="zh">阿道夫·弗里德利希·艾尔德曼·冯·门采尔, （1815年12月8日－1905年2月9日）是德国油画家和版画家。 门采尔出生于现属波兰的弗罗茨瓦夫，他的父亲是一位女子学校的校长，1830年，全家迁居柏林，他父亲开办了一个石印工厂，在他17岁时父亲去世，他承担起支撑家庭的责任，供养母亲和弟妹，1833年他18岁时，柏林一家出版社出版了他的一本为歌德的诗集插图的石版画册。从1839年至1842年，他创作了大约400幅木刻版画，为《腓特烈大帝传》作插图，从1843年至1849年，他根据腓特烈·威廉四世的委托，为《腓特烈大帝全集》创作了200幅插图。从此，他成为德国著名的插图画家，他自学油画创作，很快创作出大批绘画作品，主要描绘腓特烈大帝时代的历史场景，但也描绘日常生活的景象，绘画题材丰富。 1898年，他获得当时普鲁士王国的最高荣誉“黑鹰勋章”和贵族称号，成为当时国内最伟大的画家。他曾经三次到法国，三次到意大利旅行，但几乎每年都有两个月去德国乡间旅行，画了大量的速写和素描作品，他热心于绘画，身后留下80本素描集和近7000张单张素描。门采尔以90岁高龄在柏林逝世，第二次世界大战期间，他的部分油画作品在战争中烧毁或散失。</dbpedia-owl:abstract>
    <dbpedia-owl:abstract xml:lang="pl">Adolph von Menzel – malarz i grafik niemiecki. W roku 1830 przybył do Berlina, gdzie uczęszczał krótko na tamtejszą Akademię, potem kształcił się samodzielnie. W 1833 występuje po raz pierwszy ze swymi litografiami i obrazami, jednak dopiero ilustracje do dzieła Kuglera „Geschichte Friedrichs d. Gr. ” (400) i wydania dzieł Fryderyka Wielkiego zyskały rozgłos i uczyniły go sławnym. Ok. roku 1840 powstały obrazy, w których Menzel jest prekursorem impresjonizmu, m. i. „Pokój artysty”. Głównym tematem dzieł Menzela są przeważnie czasy Fryderyka Wielkiego, wydaje więc w litografiach „Umundurowanie armii Fryderyka Wielkiego”, cykl drzeworytów z czasów Fryderyka Wielkiego, dalej powstają najważniejsze dzieła, m. in. „Koncert na flecie w Sanssouci”, „Hołd stanów śląskich”, „Spotkanie Fryderyka Wielkiego z Józefem II. w Nissie”, oraz z czasów Wilhelma I. : „Koronacja w Królewcu”, „Przyjęcie na balu”. Menzel malował, prócz obrazów historycznych, także krajobrazy, architektury, wnętrza, zwierzęta, z których wymienić należy: „Niedziela w ogrodach tuileryjskich”, świetne dzieło „Walcowanie żelaza” itp. Dzieła Menzela cechuje zdecydowany już realizm, silna charakterystyka i świetne traktowanie materii i jest jednym z największych artystów XIX w. Pozostałe dzieła: „Słoneczne wnętrze”, „Ogrody przy pałacu księcia Alberta”, „Wnętrze odlewni żelaza w Królewskiej Hucie”, „Wspomnienia teatru Gymnose”, „La Piazza d&#39;Erbe”, „Kapela w Tuileries”.</dbpedia-owl:abstract>
    <dbpedia-owl:abstract xml:lang="en">Adolph Friedrich Erdmann von Menzel (December 8, 1815 – February 9, 1905) was a German artist noted for drawings, etchings, and paintings. Along with Caspar David Friedrich, he is considered one of the two most prominent German artists of the 19th century, and was the most successful artist of his era in Germany. His popularity in his native country, owing especially to politically propagandistic works, was such that few of his major paintings left Germany, as many were quickly acquired by museums in Berlin. Menzel&#39;s graphic works and drawings were more widely disseminated; these, along with informal paintings not initially intended for display, have largely accounted for his posthumous reputation. Although he traveled in order to find subjects for his art, to visit exhibitions, and to meet with other artists, Menzel spent most of his life in Berlin, and was, despite numerous friendships, by his own admission detached from others. It is likely that he felt socially estranged for physical reasons alone—Menzel had a large head, and stood about four foot six inches.</dbpedia-owl:abstract>
    <dbpedia-owl:birthDate rdf:datatype="http://www.w3.org/2001/XMLSchema#date">1815-12-08</dbpedia-owl:birthDate>
    <dbpedia-owl:deathDate rdf:datatype="http://www.w3.org/2001/XMLSchema#date">1905-02-09</dbpedia-owl:deathDate>
    <dbpedia-owl:individualisedPnd xml:lang="de">118580914</dbpedia-owl:individualisedPnd>
    <dbpedia-owl:wikiPageID rdf:datatype="http://www.w3.org/2001/XMLSchema#integer">1519807</dbpedia-owl:wikiPageID>
    <dbpedia-owl:wikiPageRevisionID rdf:datatype="http://www.w3.org/2001/XMLSchema#integer">539750366</dbpedia-owl:wikiPageRevisionID>
    <rdfs:label xml:lang="es">Adolph von Menzel</rdfs:label>
    <rdfs:label xml:lang="pl">Adolph Menzel</rdfs:label>
    <rdfs:label xml:lang="it">Adolph von Menzel</rdfs:label>
    <rdfs:label xml:lang="nl">Adolph Menzel</rdfs:label>
    <rdfs:label xml:lang="sv">Adolph von Menzel</rdfs:label>
    <rdfs:label xml:lang="en">Adolph Menzel</rdfs:label>
    <rdfs:label xml:lang="fr">Adolph von Menzel</rdfs:label>
    <rdfs:label xml:lang="de">Adolph Menzel</rdfs:label>
    <rdfs:label xml:lang="ru">Менцель, Адольф фон</rdfs:label>
    <rdfs:label xml:lang="zh">阿道夫·冯·门采尔</rdfs:label>
    <rdfs:label xml:lang="pt">Adolph Menzel</rdfs:label>
    <foaf:depiction rdf:resource="http://upload.wikimedia.org/wikipedia/commons/8/8c/Bundesarchiv_Bild_183-R30367,_Adolph_von_Menzel.jpg" />
    <rdfs:comment xml:lang="es">Adolph Friedrich Erdmann Menzel fue un pintor alemán famoso por sus pinturas a menudo inspiradas en la historia, que es considerado el más importante exponente del realismo pictórico del siglo XIX en Alemania. Junto con Caspar David Friedrich, está considerado uno de los dos artistas alemanes más destacados del siglo XIX, y fue el artista de más éxito en su época en Alemania.</rdfs:comment>
    <rdfs:comment xml:lang="pl">Adolph von Menzel – malarz i grafik niemiecki. W roku 1830 przybył do Berlina, gdzie uczęszczał krótko na tamtejszą Akademię, potem kształcił się samodzielnie. W 1833 występuje po raz pierwszy ze swymi litografiami i obrazami, jednak dopiero ilustracje do dzieła Kuglera „Geschichte Friedrichs d. Gr. ” (400) i wydania dzieł Fryderyka Wielkiego zyskały rozgłos i uczyniły go sławnym. Ok. roku 1840 powstały obrazy, w których Menzel jest prekursorem impresjonizmu, m. i. „Pokój artysty”.</rdfs:comment>
    <rdfs:comment xml:lang="pt">Adolph Friedrich Erdmann von Menzel foi um pintor, desenhista e ilustrador alemão, mestre do realismo e o maior expoente desta escola no seu país no século XIX.</rdfs:comment>
    <rdfs:comment xml:lang="ru">А́дольф фон Ме́нцель — немецкий художник, один из лидеров романтического историзма.</rdfs:comment>
    <rdfs:comment xml:lang="zh">阿道夫·弗里德利希·艾尔德曼·冯·门采尔, （1815年12月8日－1905年2月9日）是德国油画家和版画家。 门采尔出生于现属波兰的弗罗茨瓦夫，他的父亲是一位女子学校的校长，1830年，全家迁居柏林，他父亲开办了一个石印工厂，在他17岁时父亲去世，他承担起支撑家庭的责任，供养母亲和弟妹，1833年他18岁时，柏林一家出版社出版了他的一本为歌德的诗集插图的石版画册。从1839年至1842年，他创作了大约400幅木刻版画，为《腓特烈大帝传》作插图，从1843年至1849年，他根据腓特烈·威廉四世的委托，为《腓特烈大帝全集》创作了200幅插图。从此，他成为德国著名的插图画家，他自学油画创作，很快创作出大批绘画作品，主要描绘腓特烈大帝时代的历史场景，但也描绘日常生活的景象，绘画题材丰富。 1898年，他获得当时普鲁士王国的最高荣誉“黑鹰勋章”和贵族称号，成为当时国内最伟大的画家。他曾经三次到法国，三次到意大利旅行，但几乎每年都有两个月去德国乡间旅行，画了大量的速写和素描作品，他热心于绘画，身后留下80本素描集和近7000张单张素描。门采尔以90岁高龄在柏林逝世，第二次世界大战期间，他的部分油画作品在战争中烧毁或散失。</rdfs:comment>
    <rdfs:comment xml:lang="it"></rdfs:comment>
    <rdfs:comment xml:lang="sv">Adolph Friedrich Erdmann von Menzel, född 8 december 1815 i Breslau, död 9 februari 1905, var en tysk konstnär och kunglig hovmålare. Han utbildade sig först till litograf men började i 25-årsåldern på allvar med målning. På 1800-talet var det högaktat med historiemålning och det var just det han ägnade sig åt. Framför allt avbildade han 1700-talets överflöd och Fredrik den Store. Han upptäcktes av kungahuset och blev kunglig hovmålare. Kallades "den lille excellensen". Menzel adlades 1898.</rdfs:comment>
    <rdfs:comment xml:lang="en">Adolph Friedrich Erdmann von Menzel (December 8, 1815 – February 9, 1905) was a German artist noted for drawings, etchings, and paintings. Along with Caspar David Friedrich, he is considered one of the two most prominent German artists of the 19th century, and was the most successful artist of his era in Germany.</rdfs:comment>
    <rdfs:comment xml:lang="de">Adolph Friedrich Erdmann von Menzel, geadelt 1898 war Maler, Zeichner und Illustrator. Er gilt als der bedeutendste deutsche Realist des 19. Jahrhunderts. Sein Werk ist außerordentlich vielfältig; bekannt und zu Lebzeiten hoch geehrt wurde er vor allem durch seine historisierenden Darstellungen aus dem Leben Friedrichs des Großen.</rdfs:comment>
    <rdfs:comment xml:lang="nl">Adolph Friedrich Erdmann (von) Menzel was een Duitse kunstschilder, tekenaar en illustrator. De in 1898 in de Hoge Orde van de Zwarte Adelaar benoemde Berlijnse schilder mocht zich daarna, als edelman, Adolph von Menzel noemen. De opvallend kleine Menzel leed aan achondroplasie.</rdfs:comment>
    <rdfs:comment xml:lang="fr">Adolph von Menzel est un peintre allemand.</rdfs:comment>
    <foaf:name xml:lang="en">Adolph von Menzel</foaf:name>
    <dbpedia-owl:thumbnail rdf:resource="http://upload.wikimedia.org/wikipedia/commons/thumb/8/8c/Bundesarchiv_Bild_183-R30367,_Adolph_von_Menzel.jpg/200px-Bundesarchiv_Bild_183-R30367,_Adolph_von_Menzel.jpg" />
    <dbpedia-owl:wikiPageExternalLink rdf:resource="http://libmma.contentdm.oclc.org/cdm/compoundobject/collection/p15324coll10/id/71300" />
    <dbpedia-owl:wikiPageExternalLink rdf:resource="http://libmma.contentdm.oclc.org/cdm/compoundobject/collection/p15324coll10/id/60673/rec/6" />
    <dbpprop:dateOfBirth rdf:datatype="http://www.w3.org/2001/XMLSchema#date">1815-12-08</dbpprop:dateOfBirth>
    <dbpprop:dateOfDeath rdf:datatype="http://www.w3.org/2001/XMLSchema#date">1905-02-09</dbpprop:dateOfDeath>
    <dbpprop:name xml:lang="en">Menzel, Adolph von</dbpprop:name>
    <foaf:givenName xml:lang="en">Adolph von</foaf:givenName>
    <foaf:isPrimaryTopicOf rdf:resource="http://en.wikipedia.org/wiki/Adolph_Menzel" />
    <ns7:wasDerivedFrom rdf:resource="http://en.wikipedia.org/wiki/Adolph_Menzel?oldid=539750366" />
    <dbpprop:hasPhotoCollection rdf:resource="http://wifo5-03.informatik.uni-mannheim.de/flickrwrappr/photos/Adolph_Menzel" />
    <foaf:surname xml:lang="en">Menzel</foaf:surname>
  </rdf:Description>
  <rdf:Description rdf:about="http://fr.dbpedia.org/resource/Adolph_von_Menzel">
    <owl:sameAs rdf:resource="http://dbpedia.org/resource/Adolph_Menzel" />
  </rdf:Description>
  <rdf:Description rdf:about="http://de.dbpedia.org/resource/Adolph_Menzel">
    <owl:sameAs rdf:resource="http://dbpedia.org/resource/Adolph_Menzel" />
  </rdf:Description>
  <rdf:Description rdf:about="http://ru.dbpedia.org/resource/Менцель,_Адольф_фон">
    <owl:sameAs rdf:resource="http://dbpedia.org/resource/Adolph_Menzel" />
  </rdf:Description>
  <rdf:Description rdf:about="http://es.dbpedia.org/resource/Adolph_von_Menzel">
    <owl:sameAs rdf:resource="http://dbpedia.org/resource/Adolph_Menzel" />
  </rdf:Description>
  <rdf:Description rdf:about="http://pt.dbpedia.org/resource/Adolph_Menzel">
    <owl:sameAs rdf:resource="http://dbpedia.org/resource/Adolph_Menzel" />
  </rdf:Description>
  <rdf:Description rdf:about="http://dbpedia.org/resource/Studio_Wall">
    <dbpedia-owl:author rdf:resource="http://dbpedia.org/resource/Adolph_Menzel" />
    <dbpprop:artist rdf:resource="http://dbpedia.org/resource/Adolph_Menzel" />
  </rdf:Description>
  <rdf:Description rdf:about="http://dbpedia.org/resource/Adolph_von_Menzel">
    <dbpedia-owl:wikiPageRedirects rdf:resource="http://dbpedia.org/resource/Adolph_Menzel" />
  </rdf:Description>
  <rdf:Description rdf:about="http://dbpedia.org/resource/Adolphe_von_Menzel">
    <dbpedia-owl:wikiPageRedirects rdf:resource="http://dbpedia.org/resource/Adolph_Menzel" />
  </rdf:Description>
  <rdf:Description rdf:about="http://cs.dbpedia.org/resource/Adolf_von_Menzel">
    <owl:sameAs rdf:resource="http://dbpedia.org/resource/Adolph_Menzel" />
  </rdf:Description>
  <rdf:Description rdf:about="http://it.dbpedia.org/resource/Adolph_von_Menzel">
    <owl:sameAs rdf:resource="http://dbpedia.org/resource/Adolph_Menzel" />
  </rdf:Description>
  <rdf:Description rdf:about="http://pl.dbpedia.org/resource/Adolph_Menzel">
    <owl:sameAs rdf:resource="http://dbpedia.org/resource/Adolph_Menzel" />
  </rdf:Description>
  <rdf:Description rdf:about="http://dbpedia.org/resource/Adolf_von_Menzel">
    <dbpedia-owl:wikiPageRedirects rdf:resource="http://dbpedia.org/resource/Adolph_Menzel" />
  </rdf:Description>
  <rdf:Description rdf:about="http://dbpedia.org/resource/Adolf_Menzel">
    <dbpedia-owl:wikiPageRedirects rdf:resource="http://dbpedia.org/resource/Adolph_Menzel" />
  </rdf:Description>
  <rdf:Description rdf:about="http://dbpedia.org/resource/Adolph_Friedrich_Erdmann_von_Menzel">
    <dbpedia-owl:wikiPageRedirects rdf:resource="http://dbpedia.org/resource/Adolph_Menzel" />
  </rdf:Description>
  <rdf:Description rdf:about="http://nl.dbpedia.org/resource/Adolph_Menzel">
    <owl:sameAs rdf:resource="http://dbpedia.org/resource/Adolph_Menzel" />
  </rdf:Description>
  <rdf:Description rdf:about="http://eu.dbpedia.org/resource/Adolph_Menzel">
    <owl:sameAs rdf:resource="http://dbpedia.org/resource/Adolph_Menzel" />
  </rdf:Description>
  <rdf:Description rdf:about="http://zh.dbpedia.org/resource/阿道夫·冯·门采尔">
    <owl:sameAs rdf:resource="http://dbpedia.org/resource/Adolph_Menzel" />
  </rdf:Description>
  <rdf:Description rdf:about="http://an.dbpedia.org/resource/Adolph_von_Menzel">
    <owl:sameAs rdf:resource="http://dbpedia.org/resource/Adolph_Menzel" />
  </rdf:Description>
  <rdf:Description rdf:about="http://bg.dbpedia.org/resource/Адолф_фон_Менцел">
    <owl:sameAs rdf:resource="http://dbpedia.org/resource/Adolph_Menzel" />
  </rdf:Description>
  <rdf:Description rdf:about="http://ca.dbpedia.org/resource/Adolph_von_Menzel">
    <owl:sameAs rdf:resource="http://dbpedia.org/resource/Adolph_Menzel" />
  </rdf:Description>
  <rdf:Description rdf:about="http://da.dbpedia.org/resource/Adolph_Menzel">
    <owl:sameAs rdf:resource="http://dbpedia.org/resource/Adolph_Menzel" />
  </rdf:Description>
  <rdf:Description rdf:about="http://fi.dbpedia.org/resource/Adolph_von_Menzel">
    <owl:sameAs rdf:resource="http://dbpedia.org/resource/Adolph_Menzel" />
  </rdf:Description>
  <rdf:Description rdf:about="http://gl.dbpedia.org/resource/Adolph_von_Menzel">
    <owl:sameAs rdf:resource="http://dbpedia.org/resource/Adolph_Menzel" />
  </rdf:Description>
  <rdf:Description rdf:about="http://hu.dbpedia.org/resource/Adolph_Menzel">
    <owl:sameAs rdf:resource="http://dbpedia.org/resource/Adolph_Menzel" />
  </rdf:Description>
  <rdf:Description rdf:about="http://hy.dbpedia.org/resource/Ադոլֆ_ֆոն_Մենցել">
    <owl:sameAs rdf:resource="http://dbpedia.org/resource/Adolph_Menzel" />
  </rdf:Description>
  <rdf:Description rdf:about="http://lv.dbpedia.org/resource/Ādolfs_Mencels">
    <owl:sameAs rdf:resource="http://dbpedia.org/resource/Adolph_Menzel" />
  </rdf:Description>
  <rdf:Description rdf:about="http://no.dbpedia.org/resource/Adolph_von_Menzel">
    <owl:sameAs rdf:resource="http://dbpedia.org/resource/Adolph_Menzel" />
  </rdf:Description>
  <rdf:Description rdf:about="http://oc.dbpedia.org/resource/Adolph_von_Menzel">
    <owl:sameAs rdf:resource="http://dbpedia.org/resource/Adolph_Menzel" />
  </rdf:Description>
  <rdf:Description rdf:about="http://sh.dbpedia.org/resource/Adolph_Menzel">
    <owl:sameAs rdf:resource="http://dbpedia.org/resource/Adolph_Menzel" />
  </rdf:Description>
  <rdf:Description rdf:about="http://sv.dbpedia.org/resource/Adolph_von_Menzel">
    <owl:sameAs rdf:resource="http://dbpedia.org/resource/Adolph_Menzel" />
  </rdf:Description>
  <rdf:Description rdf:about="http://uk.dbpedia.org/resource/Адольф_фон_Менцель">
    <owl:sameAs rdf:resource="http://dbpedia.org/resource/Adolph_Menzel" />
  </rdf:Description>
  <rdf:Description rdf:about="http://stq.dbpedia.org/resource/Adolph_Friedrich_Erdmann_von_Menzel">
    <owl:sameAs rdf:resource="http://dbpedia.org/resource/Adolph_Menzel" />
  </rdf:Description>
  <rdf:Description rdf:about="http://wikidata.dbpedia.org/resource/Q164961">
    <owl:sameAs rdf:resource="http://dbpedia.org/resource/Adolph_Menzel" />
  </rdf:Description>
</rdf:RDF>
