<?xml version="1.0" encoding="utf-8" ?>
<rdf:RDF
	xmlns:rdf="http://www.w3.org/1999/02/22-rdf-syntax-ns#"
	xmlns:rdfs="http://www.w3.org/2000/01/rdf-schema#"
	xmlns:owl="http://www.w3.org/2002/07/owl#"
	xmlns:dcterms="http://purl.org/dc/terms/"
	xmlns:dbpedia-owl="http://dbpedia.org/ontology/"
	xmlns:foaf="http://xmlns.com/foaf/0.1/"
	xmlns:dbpprop="http://dbpedia.org/property/"
	xmlns:dc="http://purl.org/dc/elements/1.1/"
	xmlns:ns8="http://www.w3.org/ns/prov#" >
  <rdf:Description rdf:about="http://en.wikipedia.org/wiki/Alexander_Semionov">
    <foaf:primaryTopic rdf:resource="http://dbpedia.org/resource/Alexander_Semionov" />
  </rdf:Description>
  <rdf:Description rdf:about="http://fr.dbpedia.org/resource/Alexandre_Semionov">
    <owl:sameAs rdf:resource="http://dbpedia.org/resource/Alexander_Semionov" />
  </rdf:Description>
  <rdf:Description rdf:about="http://dbpedia.org/resource/Alexander_Semionov">
    <rdf:type rdf:resource="http://schema.org/Person" />
    <rdf:type rdf:resource="http://dbpedia.org/class/yago/LeningradSchoolArtists" />
    <rdf:type rdf:resource="http://dbpedia.org/class/yago/YagoLegalActorGeo" />
    <rdf:type rdf:resource="http://www.w3.org/2002/07/owl#Thing" />
    <rdf:type rdf:resource="http://dbpedia.org/class/yago/Artist109812338" />
    <rdf:type rdf:resource="http://dbpedia.org/class/yago/TavricheskayaArtSchoolAlumni" />
    <rdf:type rdf:resource="http://dbpedia.org/class/yago/VeteransOfTheLeningradFront" />
    <rdf:type rdf:resource="http://dbpedia.org/class/yago/SocialistRealismArtists" />
    <rdf:type rdf:resource="http://dbpedia.org/class/yago/SkilledWorker110605985" />
    <rdf:type rdf:resource="http://dbpedia.org/class/yago/Intellectual109621545" />
    <rdf:type rdf:resource="http://dbpedia.org/class/yago/Scholar110557854" />
    <rdf:type rdf:resource="http://dbpedia.org/class/yago/Painter110391653" />
    <rdf:type rdf:resource="http://dbpedia.org/class/yago/Worker109632518" />
    <rdf:type rdf:resource="http://dbpedia.org/class/yago/Serviceman110582746" />
    <rdf:type rdf:resource="http://dbpedia.org/class/yago/PeopleFromSaintPetersburg" />
    <rdf:type rdf:resource="http://dbpedia.org/class/yago/Veteran110749528" />
    <rdf:type rdf:resource="http://dbpedia.org/class/yago/Alumnus109786338" />
    <rdf:type rdf:resource="http://dbpedia.org/class/yago/Whole100003553" />
    <rdf:type rdf:resource="http://dbpedia.org/class/yago/LandscapeArtists" />
    <rdf:type rdf:resource="http://dbpedia.org/class/yago/Object100002684" />
    <rdf:type rdf:resource="http://dbpedia.org/class/yago/LivingThing100004258" />
    <rdf:type rdf:resource="http://dbpedia.org/class/yago/PaintersFromSaintPetersburg" />
    <rdf:type rdf:resource="http://dbpedia.org/ontology/Person" />
    <rdf:type rdf:resource="http://dbpedia.org/class/yago/Person100007846" />
    <rdf:type rdf:resource="http://dbpedia.org/class/yago/RussianArtists" />
    <rdf:type rdf:resource="http://xmlns.com/foaf/0.1/Person" />
    <rdf:type rdf:resource="http://dbpedia.org/class/yago/PhysicalEntity100001930" />
    <rdf:type rdf:resource="http://dbpedia.org/ontology/Artist" />
    <rdf:type rdf:resource="http://dbpedia.org/ontology/Agent" />
    <rdf:type rdf:resource="http://dbpedia.org/class/yago/CausalAgent100007347" />
    <rdf:type rdf:resource="http://dbpedia.org/class/yago/Organism100004475" />
    <rdf:type rdf:resource="http://dbpedia.org/class/yago/RussianPainters" />
    <rdf:type rdf:resource="http://dbpedia.org/class/yago/YagoLegalActor" />
    <rdf:type rdf:resource="http://dbpedia.org/class/yago/SovietPainters" />
    <rdf:type rdf:resource="http://dbpedia.org/class/yago/Creator109614315" />
    <owl:sameAs rdf:resource="http://de.dbpedia.org/resource/Alexander_Michailowitsch_Semjonow" />
    <owl:sameAs rdf:resource="http://pnb.dbpedia.org/resource/الیگزنڈر_سیمیونوف" />
    <owl:sameAs rdf:resource="http://fr.dbpedia.org/resource/Alexandre_Semionov" />
    <owl:sameAs rdf:resource="http://rdf.freebase.com/ns/m.0bm9_46" />
    <owl:sameAs rdf:resource="http://es.dbpedia.org/resource/Aleksandr_Semiónov" />
    <owl:sameAs rdf:resource="http://it.dbpedia.org/resource/Aleksandr_Michajlovič_Semënov" />
    <owl:sameAs rdf:resource="http://dbpedia.org/resource/Alexander_Semionov" />
    <owl:sameAs rdf:resource="http://ca.dbpedia.org/resource/Aleksandr_Semiónov" />
    <owl:sameAs rdf:resource="http://ru.dbpedia.org/resource/Семёнов,_Александр_Михайлович" />
    <owl:sameAs rdf:resource="http://ta.dbpedia.org/resource/அலெக்சாண்டர்_செமியோனவ்" />
    <owl:sameAs rdf:resource="http://www.wikidata.org/entity/Q982305" />
    <owl:sameAs rdf:resource="http://uk.dbpedia.org/resource/Семенов_Олександр_Михайлович" />
    <owl:sameAs rdf:resource="http://yago-knowledge.org/resource/Alexander_Semionov" />
    <dcterms:subject rdf:resource="http://dbpedia.org/resource/Category:Leningrad_School_artists" />
    <dcterms:subject rdf:resource="http://dbpedia.org/resource/Category:Paintings_by_Alexander_Semionov" />
    <dcterms:subject rdf:resource="http://dbpedia.org/resource/Category:Tavricheskaya_Art_School_alumni" />
    <dcterms:subject rdf:resource="http://dbpedia.org/resource/Category:Socialist_realism_artists" />
    <dcterms:subject rdf:resource="http://dbpedia.org/resource/Category:1922_births" />
    <dcterms:subject rdf:resource="http://dbpedia.org/resource/Category:1984_deaths" />
    <dcterms:subject rdf:resource="http://dbpedia.org/resource/Category:Landscape_artists" />
    <dcterms:subject rdf:resource="http://dbpedia.org/resource/Category:Veterans_of_the_Leningrad_Front" />
    <dcterms:subject rdf:resource="http://dbpedia.org/resource/Category:Painters_from_Saint_Petersburg" />
    <dcterms:subject rdf:resource="http://dbpedia.org/resource/Category:Russian_painters" />
    <dcterms:subject rdf:resource="http://dbpedia.org/resource/Category:Russian_artists" />
    <dcterms:subject rdf:resource="http://dbpedia.org/resource/Category:Soviet_art" />
    <dcterms:subject rdf:resource="http://dbpedia.org/resource/Category:Socialist_realism" />
    <dcterms:subject rdf:resource="http://dbpedia.org/resource/Category:Soviet_painters" />
    <dcterms:subject rdf:resource="http://dbpedia.org/resource/Category:Members_of_the_Leningrad_Union_of_Artists" />
    <dcterms:subject rdf:resource="http://dbpedia.org/resource/Category:People_from_Saint_Petersburg" />
    <dcterms:subject rdf:resource="http://dbpedia.org/resource/Category:Soviet_military_personnel_of_World_War_II" />
    <dbpedia-owl:abstract xml:lang="es">Aleksándr Mijáilovich Semiónov, en ruso Александр Михайлович Семёнов - Artista soviético, pintor, paisajista, miembro de la Unión de Artistas de Leningrado, uno de los más brillantes representantes de la Escuela de Pintura de Leningrado.</dbpedia-owl:abstract>
    <dbpedia-owl:abstract xml:lang="ru">Александр Михайлович Семёнов — русский советский живописец, пейзажист, член Ленинградской организации Союза художников РСФСР.</dbpedia-owl:abstract>
    <dbpedia-owl:abstract xml:lang="en">Alexander Mikhailovich Semionov (Russian: Алекса́ндр Миха́йлович Семе́нов; February 18, 1922, city of Torzhok, Soviet Russia – June 23, 1984, Leningrad, USSR) - a Soviet Russian painter living and working in Leningrad, member of the Leningrad branch of the Union of Artists of Russian Federation, regarded as one of the brightest representatives of the Leningrad school of painting, most famous for his cityscapes.</dbpedia-owl:abstract>
    <dbpedia-owl:abstract xml:lang="fr">Alexandre Mikhaïlovitch Semionov, est un peintre soviétique russe, membre de l&#39;Union des artistes de Leningrad, et l&#39;une des figures de l’École de peinture de Léningrad.</dbpedia-owl:abstract>
    <dbpedia-owl:abstract xml:lang="de">Alexander Michailowitsch Semjonow war ein sowjetisch-russischer Maler und Mitglied des Leningrader Künstlerverbandes. , einer der wichtigsten Vertreter der Leningrader Schule für Malerei.</dbpedia-owl:abstract>
    <dbpedia-owl:abstract xml:lang="it"></dbpedia-owl:abstract>
    <dbpedia-owl:birthDate rdf:datatype="http://www.w3.org/2001/XMLSchema#date">1922-02-18</dbpedia-owl:birthDate>
    <dbpedia-owl:birthPlace rdf:resource="http://dbpedia.org/resource/Russian_Soviet_Federative_Socialist_Republic" />
    <dbpedia-owl:birthPlace rdf:resource="http://dbpedia.org/resource/Torzhok" />
    <dbpedia-owl:deathDate rdf:datatype="http://www.w3.org/2001/XMLSchema#date">1984-06-23</dbpedia-owl:deathDate>
    <dbpedia-owl:deathPlace rdf:resource="http://dbpedia.org/resource/Saint_Petersburg" />
    <dbpedia-owl:deathPlace rdf:resource="http://dbpedia.org/resource/Soviet_Union" />
    <dbpedia-owl:field rdf:resource="http://dbpedia.org/resource/Painting" />
    <dbpedia-owl:movement rdf:resource="http://dbpedia.org/resource/Realism_(arts)" />
    <dbpedia-owl:nationality rdf:resource="http://dbpedia.org/resource/Russians" />
    <dbpedia-owl:training rdf:resource="http://dbpedia.org/resource/Tavricheskaya_Art_School" />
    <dbpedia-owl:wikiPageID rdf:datatype="http://www.w3.org/2001/XMLSchema#integer">26852845</dbpedia-owl:wikiPageID>
    <dbpedia-owl:wikiPageRevisionID rdf:datatype="http://www.w3.org/2001/XMLSchema#integer">540387143</dbpedia-owl:wikiPageRevisionID>
    <rdfs:label xml:lang="en">Alexander Semionov</rdfs:label>
    <rdfs:label xml:lang="de">Alexander Michailowitsch Semjonow</rdfs:label>
    <rdfs:label xml:lang="it">Aleksandr Michajlovič Semënov</rdfs:label>
    <rdfs:label xml:lang="es">Aleksandr Semiónov</rdfs:label>
    <rdfs:label xml:lang="fr">Alexandre Semionov</rdfs:label>
    <rdfs:label xml:lang="ru">Семёнов, Александр Михайлович</rdfs:label>
    <foaf:depiction rdf:resource="http://upload.wikimedia.org/wikipedia/commons/d/d8/Semionov-Alex01bw.jpg" />
    <rdfs:comment xml:lang="fr">Alexandre Mikhaïlovitch Semionov, est un peintre soviétique russe, membre de l&#39;Union des artistes de Leningrad, et l&#39;une des figures de l’École de peinture de Léningrad.</rdfs:comment>
    <rdfs:comment xml:lang="es">Aleksándr Mijáilovich Semiónov, en ruso Александр Михайлович Семёнов - Artista soviético, pintor, paisajista, miembro de la Unión de Artistas de Leningrado, uno de los más brillantes representantes de la Escuela de Pintura de Leningrado.</rdfs:comment>
    <rdfs:comment xml:lang="it"></rdfs:comment>
    <rdfs:comment xml:lang="en">Alexander Mikhailovich Semionov (Russian: Алекса́ндр Миха́йлович Семе́нов; February 18, 1922, city of Torzhok, Soviet Russia – June 23, 1984, Leningrad, USSR) - a Soviet Russian painter living and working in Leningrad, member of the Leningrad branch of the Union of Artists of Russian Federation, regarded as one of the brightest representatives of the Leningrad school of painting, most famous for his cityscapes.</rdfs:comment>
    <rdfs:comment xml:lang="ru">Александр Михайлович Семёнов — русский советский живописец, пейзажист, член Ленинградской организации Союза художников РСФСР.</rdfs:comment>
    <rdfs:comment xml:lang="de">Alexander Michailowitsch Semjonow war ein sowjetisch-russischer Maler und Mitglied des Leningrader Künstlerverbandes. , einer der wichtigsten Vertreter der Leningrader Schule für Malerei.</rdfs:comment>
    <foaf:name xml:lang="en">Alexander Semionov</foaf:name>
    <foaf:name xml:lang="en">Alexander Mikhailovich Semionov</foaf:name>
    <dbpedia-owl:thumbnail rdf:resource="http://upload.wikimedia.org/wikipedia/commons/thumb/d/d8/Semionov-Alex01bw.jpg/200px-Semionov-Alex01bw.jpg" />
    <dbpedia-owl:wikiPageExternalLink rdf:resource="http://leningradartist.com/bio/s.htm#30" />
    <dbpedia-owl:wikiPageExternalLink rdf:resource="http://www.leningradartist.com/outline.htm" />
    <dbpedia-owl:wikiPageExternalLink rdf:resource="http://www.leningradartist.com/about-leningrad-landscapes-of-Alexander-Semionov_r.html" />
    <dbpedia-owl:wikiPageExternalLink rdf:resource="http://www.leningradartist.com/index.html" />
    <dbpprop:birthDate rdf:datatype="http://www.w3.org/2001/XMLSchema#date">1922-02-18</dbpprop:birthDate>
    <dbpprop:birthPlace rdf:resource="http://dbpedia.org/resource/Russian_Soviet_Federative_Socialist_Republic" />
    <dbpprop:birthPlace rdf:resource="http://dbpedia.org/resource/Torzhok" />
    <dbpprop:citizenship rdf:resource="http://dbpedia.org/resource/Soviet_Union" />
    <dbpprop:dateOfBirth rdf:datatype="http://www.w3.org/2001/XMLSchema#date">1922-02-18</dbpprop:dateOfBirth>
    <dbpprop:dateOfDeath rdf:datatype="http://www.w3.org/2001/XMLSchema#date">1984-06-23</dbpprop:dateOfDeath>
    <dbpprop:deathDate rdf:datatype="http://www.w3.org/2001/XMLSchema#date">1984-06-23</dbpprop:deathDate>
    <dbpprop:deathPlace rdf:resource="http://dbpedia.org/resource/Saint_Petersburg" />
    <dbpprop:deathPlace rdf:resource="http://dbpedia.org/resource/Soviet_Union" />
    <dbpprop:field rdf:resource="http://dbpedia.org/resource/Painting" />
    <dbpprop:imagesize rdf:datatype="http://www.w3.org/2001/XMLSchema#integer">200</dbpprop:imagesize>
    <dbpprop:movement rdf:resource="http://dbpedia.org/resource/Realism_(arts)" />
    <dbpprop:name xml:lang="en">Semionov, Alexander</dbpprop:name>
    <dbpprop:name xml:lang="en">Alexander Mikhailovich Semionov</dbpprop:name>
    <dbpprop:nationality rdf:resource="http://dbpedia.org/resource/Russians" />
    <dbpprop:placeOfBirth rdf:resource="http://dbpedia.org/resource/Russian_Soviet_Federative_Socialist_Republic" />
    <dbpprop:placeOfBirth rdf:resource="http://dbpedia.org/resource/Torzhok" />
    <dbpprop:placeOfDeath rdf:resource="http://dbpedia.org/resource/Soviet_Union" />
    <dbpprop:placeOfDeath rdf:resource="http://dbpedia.org/resource/Saint_Petersburg" />
    <dbpprop:shortDescription xml:lang="en">Russian artist</dbpprop:shortDescription>
    <dbpprop:title xml:lang="en">See Principal exhibitions by Alexander Semionov</dbpprop:title>
    <dbpprop:titlestyle xml:lang="en">background:#ccccff;</dbpprop:titlestyle>
    <dbpprop:training rdf:resource="http://dbpedia.org/resource/Tavricheskaya_Art_School" />
    <foaf:givenName xml:lang="en">Alexander</foaf:givenName>
    <foaf:isPrimaryTopicOf rdf:resource="http://en.wikipedia.org/wiki/Alexander_Semionov" />
    <dc:description xml:lang="en">Russian artist</dc:description>
    <ns8:wasDerivedFrom rdf:resource="http://en.wikipedia.org/wiki/Alexander_Semionov?oldid=540387143" />
    <dbpprop:hasPhotoCollection rdf:resource="http://wifo5-03.informatik.uni-mannheim.de/flickrwrappr/photos/Alexander_Semionov" />
    <foaf:surname xml:lang="en">Semionov</foaf:surname>
  </rdf:Description>
  <rdf:Description rdf:about="http://es.dbpedia.org/resource/Aleksandr_Semiónov">
    <owl:sameAs rdf:resource="http://dbpedia.org/resource/Alexander_Semionov" />
  </rdf:Description>
  <rdf:Description rdf:about="http://it.dbpedia.org/resource/Aleksandr_Michajlovič_Semënov">
    <owl:sameAs rdf:resource="http://dbpedia.org/resource/Alexander_Semionov" />
  </rdf:Description>
  <rdf:Description rdf:about="http://de.dbpedia.org/resource/Alexander_Michailowitsch_Semjonow">
    <owl:sameAs rdf:resource="http://dbpedia.org/resource/Alexander_Semionov" />
  </rdf:Description>
  <rdf:Description rdf:about="http://dbpedia.org/resource/Malaya_Sadovaya_(painting)">
    <dbpedia-owl:author rdf:resource="http://dbpedia.org/resource/Alexander_Semionov" />
    <dbpprop:artist rdf:resource="http://dbpedia.org/resource/Alexander_Semionov" />
  </rdf:Description>
  <rdf:Description rdf:about="http://ru.dbpedia.org/resource/Семёнов,_Александр_Михайлович">
    <owl:sameAs rdf:resource="http://dbpedia.org/resource/Alexander_Semionov" />
  </rdf:Description>
  <rdf:Description rdf:about="http://dbpedia.org/resource/Alexander_Mikhailovich_Semionov">
    <dbpedia-owl:wikiPageRedirects rdf:resource="http://dbpedia.org/resource/Alexander_Semionov" />
  </rdf:Description>
  <rdf:Description rdf:about="http://dbpedia.org/resource/Artist_Alexander_Semionov">
    <dbpedia-owl:wikiPageRedirects rdf:resource="http://dbpedia.org/resource/Alexander_Semionov" />
  </rdf:Description>
  <rdf:Description rdf:about="http://dbpedia.org/resource/Semionov_Alexander">
    <dbpedia-owl:wikiPageRedirects rdf:resource="http://dbpedia.org/resource/Alexander_Semionov" />
  </rdf:Description>
  <rdf:Description rdf:about="http://dbpedia.org/resource/Semionov_Alexander_Mikhailovich">
    <dbpedia-owl:wikiPageRedirects rdf:resource="http://dbpedia.org/resource/Alexander_Semionov" />
  </rdf:Description>
  <rdf:Description rdf:about="http://wikidata.dbpedia.org/resource/Q982305">
    <owl:sameAs rdf:resource="http://dbpedia.org/resource/Alexander_Semionov" />
  </rdf:Description>
  <rdf:Description rdf:about="http://ca.dbpedia.org/resource/Aleksandr_Semiónov">
    <owl:sameAs rdf:resource="http://dbpedia.org/resource/Alexander_Semionov" />
  </rdf:Description>
  <rdf:Description rdf:about="http://pnb.dbpedia.org/resource/الیگزنڈر_سیمیونوف">
    <owl:sameAs rdf:resource="http://dbpedia.org/resource/Alexander_Semionov" />
  </rdf:Description>
  <rdf:Description rdf:about="http://ta.dbpedia.org/resource/அலெக்சாண்டர்_செமியோனவ்">
    <owl:sameAs rdf:resource="http://dbpedia.org/resource/Alexander_Semionov" />
  </rdf:Description>
  <rdf:Description rdf:about="http://uk.dbpedia.org/resource/Семенов_Олександр_Михайлович">
    <owl:sameAs rdf:resource="http://dbpedia.org/resource/Alexander_Semionov" />
  </rdf:Description>
</rdf:RDF>
