<?xml version="1.0" encoding="utf-8" ?>
<rdf:RDF
	xmlns:rdf="http://www.w3.org/1999/02/22-rdf-syntax-ns#"
	xmlns:rdfs="http://www.w3.org/2000/01/rdf-schema#"
	xmlns:owl="http://www.w3.org/2002/07/owl#"
	xmlns:dcterms="http://purl.org/dc/terms/"
	xmlns:dbpedia-owl="http://dbpedia.org/ontology/"
	xmlns:foaf="http://xmlns.com/foaf/0.1/"
	xmlns:dbpprop="http://dbpedia.org/property/"
	xmlns:dc="http://purl.org/dc/elements/1.1/"
	xmlns:ns8="http://www.w3.org/ns/prov#" >
  <rdf:Description rdf:about="http://dbpedia.org/resource/Ambrogio_Lorenzetti">
    <rdf:type rdf:resource="http://dbpedia.org/class/yago/TuscanPainters" />
    <rdf:type rdf:resource="http://dbpedia.org/class/yago/YagoLegalActorGeo" />
    <rdf:type rdf:resource="http://dbpedia.org/class/yago/Painter110391653" />
    <rdf:type rdf:resource="http://dbpedia.org/class/yago/Whole100003553" />
    <rdf:type rdf:resource="http://umbel.org/umbel/rc/PersonWithOccupation" />
    <rdf:type rdf:resource="http://schema.org/Person" />
    <rdf:type rdf:resource="http://umbel.org/umbel/rc/Artist" />
    <rdf:type rdf:resource="http://dbpedia.org/class/yago/TrecentoPainters" />
    <rdf:type rdf:resource="http://dbpedia.org/class/yago/CausalAgent100007347" />
    <rdf:type rdf:resource="http://dbpedia.org/class/yago/Organism100004475" />
    <rdf:type rdf:resource="http://dbpedia.org/class/yago/YagoLegalActor" />
    <rdf:type rdf:resource="http://dbpedia.org/class/yago/GothicPainters" />
    <rdf:type rdf:resource="http://dbpedia.org/class/yago/PeopleFromSiena" />
    <rdf:type rdf:resource="http://dbpedia.org/ontology/Person" />
    <rdf:type rdf:resource="http://dbpedia.org/class/yago/Person100007846" />
    <rdf:type rdf:resource="http://dbpedia.org/ontology/Artist" />
    <rdf:type rdf:resource="http://dbpedia.org/ontology/Agent" />
    <rdf:type rdf:resource="http://dbpedia.org/class/yago/LivingThing100004258" />
    <rdf:type rdf:resource="http://dbpedia.org/class/yago/Object100002684" />
    <rdf:type rdf:resource="http://www.w3.org/2002/07/owl#Thing" />
    <rdf:type rdf:resource="http://dbpedia.org/class/yago/Artist109812338" />
    <rdf:type rdf:resource="http://dbpedia.org/class/yago/PhysicalEntity100001930" />
    <rdf:type rdf:resource="http://dbpedia.org/class/yago/Creator109614315" />
    <rdf:type rdf:resource="http://xmlns.com/foaf/0.1/Person" />
    <owl:sameAs rdf:resource="http://lt.dbpedia.org/resource/Ambrogio_Lorenzetti" />
    <owl:sameAs rdf:resource="http://pt.dbpedia.org/resource/Ambrogio_Lorenzetti" />
    <owl:sameAs rdf:resource="http://nn.dbpedia.org/resource/Ambrogio_Lorenzetti" />
    <owl:sameAs rdf:resource="http://sv.dbpedia.org/resource/Ambrogio_Lorenzetti" />
    <owl:sameAs rdf:resource="http://fi.dbpedia.org/resource/Ambrogio_Lorenzetti" />
    <owl:sameAs rdf:resource="http://www.wikidata.org/entity/Q211562" />
    <owl:sameAs rdf:resource="http://dbpedia.org/resource/Ambrogio_Lorenzetti" />
    <owl:sameAs rdf:resource="http://sl.dbpedia.org/resource/Ambrogio_Lorenzetti" />
    <owl:sameAs rdf:resource="http://th.dbpedia.org/resource/อัมโบรโจ_โลเรนเซตตี" />
    <owl:sameAs rdf:resource="http://rdf.freebase.com/ns/m.01zxp6" />
    <owl:sameAs rdf:resource="http://be.dbpedia.org/resource/Амброджа_Ларанцэці" />
    <owl:sameAs rdf:resource="http://et.dbpedia.org/resource/Ambrogio_Lorenzetti" />
    <owl:sameAs rdf:resource="http://ru.dbpedia.org/resource/Лоренцетти,_Амброджо" />
    <owl:sameAs rdf:resource="http://hr.dbpedia.org/resource/Ambrogio_Lorenzetti" />
    <owl:sameAs rdf:resource="http://it.dbpedia.org/resource/Ambrogio_Lorenzetti" />
    <owl:sameAs rdf:resource="http://fr.dbpedia.org/resource/Ambrogio_Lorenzetti" />
    <owl:sameAs rdf:resource="http://stq.dbpedia.org/resource/Ambrogio_Lorenzetti" />
    <owl:sameAs rdf:resource="http://nl.dbpedia.org/resource/Ambrogio_Lorenzetti" />
    <owl:sameAs rdf:resource="http://ca.dbpedia.org/resource/Ambrogio_Lorenzetti" />
    <owl:sameAs rdf:resource="http://sh.dbpedia.org/resource/Ambrogio_Lorenzetti" />
    <owl:sameAs rdf:resource="http://pl.dbpedia.org/resource/Ambrogio_Lorenzetti" />
    <owl:sameAs rdf:resource="http://no.dbpedia.org/resource/Ambrogio_Lorenzetti" />
    <owl:sameAs rdf:resource="http://ja.dbpedia.org/resource/アンブロージョ・ロレンツェッティ" />
    <owl:sameAs rdf:resource="http://da.dbpedia.org/resource/Ambrogio_Lorenzetti" />
    <owl:sameAs rdf:resource="http://yago-knowledge.org/resource/Ambrogio_Lorenzetti" />
    <owl:sameAs rdf:resource="http://zh_min_nan.dbpedia.org/resource/Ambrogio_Lorenzetti" />
    <owl:sameAs rdf:resource="http://de.dbpedia.org/resource/Ambrogio_Lorenzetti" />
    <owl:sameAs rdf:resource="http://hu.dbpedia.org/resource/Ambrogio_Lorenzetti" />
    <owl:sameAs rdf:resource="http://pms.dbpedia.org/resource/Ambrogio_Lorenzetti" />
    <owl:sameAs rdf:resource="http://sk.dbpedia.org/resource/Ambrogio_Lorenzetti" />
    <owl:sameAs rdf:resource="http://es.dbpedia.org/resource/Ambrogio_Lorenzetti" />
    <owl:sameAs rdf:resource="http://uk.dbpedia.org/resource/Амброджо_Лоренцетті" />
    <owl:sameAs rdf:resource="http://ro.dbpedia.org/resource/Ambrogio_Lorenzetti" />
    <dcterms:subject rdf:resource="http://dbpedia.org/resource/Category:People_from_Siena" />
    <dcterms:subject rdf:resource="http://dbpedia.org/resource/Category:1348_deaths" />
    <dcterms:subject rdf:resource="http://dbpedia.org/resource/Category:Gothic_painters" />
    <dcterms:subject rdf:resource="http://dbpedia.org/resource/Category:Trecento_painters" />
    <dcterms:subject rdf:resource="http://dbpedia.org/resource/Category:1290_births" />
    <dcterms:subject rdf:resource="http://dbpedia.org/resource/Category:Sienese_painters" />
    <dcterms:subject rdf:resource="http://dbpedia.org/resource/Category:14th-century_deaths_from_plague_(disease)" />
    <dbpedia-owl:abstract xml:lang="de">Ambrogio Lorenzetti (* um 1290 in Siena; † um 1348 ebenda; teils auch Ambruogio Laurati) war ein italienischer Maler. Ambrogio und sein Bruder Pietro Lorenzetti waren wichtige Vertreter der Schule von Siena. Ambrogio malte hauptsächlich in der Zeit von 1317 bis zu seinem Tod Altargemälde und Fresken. Berühmt wurde er für seine allegorische Darstellung der Guten und schlechten Regierung im Palazzo Pubblico, im Rathaus von Siena. Für die europäische Malerei ist Lorenzettis Freskenzyklus Gute und schlechte Regierung ein Schlüsselwerk. Neuester Bildanalyse zufolge ist darauf zu erkennen, dass Homers und Hesiods Werke in Westeuropa bereits vor Petrarca im westlichen Europa bekannt gewesen sein müssen, da Lorenzetti offensichtlich in diesem Werke von bereits existierendem Bildmaterial ausging, wie man das in Homers Schildbeschreibung wie auch in Hesiods Schild des Herakles überprüfen kann. Aber auch aus Werken anderer Autoren wurden bei der Konzeption von Lorenzettis Bildzyklus Gute und schlechte Regierung Bildzitate übernommen, wie beispielsweise von Cicero, Augustinus, Seuse u.  a. Sein Fresko"Allegorie der Guten Regierung" im Palazzo Pubblico (Siena) gilt als erste Darstellung einer Sanduhr.</dbpedia-owl:abstract>
    <dbpedia-owl:abstract xml:lang="fr">Ambrogio Lorenzetti est un peintre de l&#39;école siennoise noté à partir de 1317 jusqu&#39;à sa mort due à la peste noire.</dbpedia-owl:abstract>
    <dbpedia-owl:abstract xml:lang="pt">Ambrogio Lorenzetti foi um pintor italiano da Escola Sienesa. Ele trabalhou aproximadamente de 1317 até 1348. Seu irmão foi o pintor Pietro Lorenzetti. Seu trabalho mostra a influência de Simone Martini e Duccio, embora mais naturalista. Os afrescos nas paredes do Salão dos Nove (Sala dei Nove) ou Salão da Paz (Sala della Pace) no Palácio Público de Siena são obras-primas da pintura secular do começo do Renascimento. As paredes são pintadas com afrescos que consistem de um grande grupo de figuras alegóricas da virtude na Allegoria do Bom Governo. Nos dois outros painéis, Ambrogio dá uma visão panorâmica dos Efeitos do Bom Governo na Cidade e no Campo, e a Alegoria do Mau Governo e seus Efeitos na Cidade e no Campo. A obra é praticamente uma enciclopédia sobre os incidentes de um pacífico burgo medieval. Como seu irmão, ele provavelmente deve ter morrido de Peste bubônica em 1348. Giorgio Vasari inclui sua biografia em sua obra Vidas.</dbpedia-owl:abstract>
    <dbpedia-owl:abstract xml:lang="nl">Ambrogio Lorenzetti (of Ambruogio Laurati) was een Sienese kunstschilder.</dbpedia-owl:abstract>
    <dbpedia-owl:abstract xml:lang="it">Fu uno dei maestri della scuola senese del Trecento. Fratello minore di Pietro Lorenzetti, fu attivo dal 1319 al 1348 e si distinse soprattutto per la forte componente allegorica e complessa simbologia delle sue opere mature e per la profonda umanità dei soggetti rappresentati e dei loro rapporti.</dbpedia-owl:abstract>
    <dbpedia-owl:abstract xml:lang="en">Ambrogio Lorenzetti (or Ambruogio Laurati) (c. 1290 – 9 June 1348) was an Italian painter of the Sienese school. He was active between approximately 1317 to 1348. His elder brother was the painter Pietro Lorenzetti. Ambrogio Lorenzetti was highly influenced by both Byzantine art and classical art forms, and used these to create a unique and individualistic style of painting. His work was exceptionally original. Individuality at this time was unusual due to the influence of patronage on art. Because paintings were often commissioned, individualism in art was infrequently seen. It is known that Lorenzetti engaged in artistic pursuits that were thought to have their origins during the Renaissance, such as experimenting with perspective and physiognomy, and studying classical antiquity. His body of work clearly shows the innovativeness that subsequent artists chose to emulate. His work shows the influence of Simone Martini, although more naturalistic. The earliest dated work of the Sienese painter is a Madonna and Child (1319, Museo Diocesano, San Casciano). His presence was documented in Florence up until 1321. He would return there after spending a number of years in Siena. The frescoes on the walls of the Room of the Nine (Sala dei Nove) or Room of Peace (Sala della Pace) in the Palazzo Pubblico of Siena are one of the masterworks of early renaissance secular painting. The "nine" was the oligarchal assembly of guild and monetary interests that governed the republic. Three walls are painted with frescoes consisting of a large assembly of allegorical figures of virtues in the Allegory of Good Government. In the other two facing panels, Ambrogio weaves panoramic visions of Effects of Good Government on Town and Country, and Allegory of Bad Government and its Effects on Town and Country (also called "Ill-governed Town and Country"). The better preserved "well-governed town and country" is an unrivaled pictorial encyclopedia of incidents in a peaceful medieval "borgo" and countryside. The first evidence of the existence of the hourglass can be found in the fresco, Allegory of Bad Government and Its Effects on Town and Country. Like his brother, he is believed to have died of bubonic plague in 1348. Giorgio Vasari includes a biography of Lorenzetti in his Lives.</dbpedia-owl:abstract>
    <dbpedia-owl:abstract xml:lang="sv">Ambrogio Lorenzetti eller Ambruogio Laurati, född c:a 1290 i Siena, Italien, död 1348 i Siena, var en italiensk målare, verksam i Siena. Förmodligen elev till Duccio di Buoninsegna. Tillsammans med brodern Pietro Lorenzetti utförde Ambrogio Lorenzetti ett antal fresker med religiösa motiv, i huvudsak i Siena och Assisi. Det första beviset på timglasets existens finns i en av hans målningar, Den goda styrelsen . Han tros ha avlidit i böldpest. Lorenzetti förenade Sienaskolans måleri med den florentinska konsten. Han uppnådde en andlig fördjupning av Giottos och Simone Martinis motiv och stilmedel. Kännetecknande för hans tidiga verk är klara och fasta former och en ren och kraftig färggivning. Dessutom formar han föremålen utifrån själva rummet. Hans senare arbeten visar en överskådlig rumsuppfattning som kommer rätt nära en medveten perspektivisk framställning. I Palazzo Pubblico i Siena utförde Lorenzetti arbeten i Sala dei Nove samt fresker i loggian och i Sala del Mappamondo.</dbpedia-owl:abstract>
    <dbpedia-owl:abstract xml:lang="ru">Амброджо Лоренцетти — итальянский живописец сиенской школы, младший брат Пьетро Лоренцетти.</dbpedia-owl:abstract>
    <dbpedia-owl:abstract xml:lang="pl">Ambrogio Lorenzetti – malarz włoski, przedstawiciel szkoły sienieńskiej, zdominowanej przez stylizującą bizantyjską tradycję rozwiniętą przez Duccia i Simone Martiniego. Ambrogio Lorenzetti wraz z bratem Pietro tworzyli pod wpływem dzieł Giotta. Byli pierwszymi artystami ze Sieny, którzy nawiązywali do realistycznych przedstawień tego florenckiego malarza. Wspólnie stworzyli freski w Palazzo Publico. W swoich eksperymentach z trzecim wymiarem zwiastowali już sztukę renesansu. Ambrogiemu przypisuje się dwa małe obrazy przedstawiające pierwsze w sztuce europejskiej pejzaże.</dbpedia-owl:abstract>
    <dbpedia-owl:abstract xml:lang="es">Ambrogio Lorenzetti (Ambrosio en español, o Ambruogio Laurati), fue un pintor italiano de la escuela de Siena, nacido probablemente en 1290. Era el hermano menor de Pietro Lorenzetti, también pintor reconocido. Su máxima actividad se desarrolló entre los años 1317 y 1348, cuando murió, probablemente a causa de la Peste Negra, lo mismo que su hermano. Se formó en el taller de Duccio di Buoninsegna. La obra conocida más antigua que se le conoce es una «Madonna con niño» de 1319 y desde allí se trasladó a Florencia donde ingresó en la cofradía de los médicos y especieros (que en esa época correspondía también a los pintores). Su estilo, influido por el de su amigo Simone Martini (el pintor más apreciado en su época) pero más naturalista, debido a la influencia de su maestro Duccio, era poco comprendido, por lo que sus comienzos no fueron muy exitosos. Hasta que recomendado por el propio Simone Martini, pudo trabajar para los papas franceses durante el Papado de Aviñón. Cuando volvió a Siena, trabajó en los frescos de su Palazzo Pubblico o ayuntamiento, en un ciclo narrativo de tema civil y político. La obra, realizada entre 1338 y 1340, en tres de los muros de la denominada «Sala dei Nove» (Salón de los Nueve), es una de las obras maestras del Prerrenacimiento. Se trata del primer conjunto pictórico medieval en el que se desarrolla un tema civil, con un claro programa propagandístico (el de los nueve gobernantes de la ciudad), en una serie de ambientes con paisajes tanto rurales como urbanos, dando como resultado una obra de absoluta novedad en el panorama artístico de la época. En una de las paredes se encontraba la «Alegoría del buen gobierno», en otra la obra titulada «Efectos del buen gobierno en la ciudad y el estado», siendo la tercera la «Alegoría del mal gobierno». El innovador influjo que Duccio ejerció sobre Ambrogio Lorenzetti hace que su forma de pintar no se corresponda exactamente con el estilo general de la escuela sienesa. Aparte del conjunto de obras murales ya citado y la madonna entronizada de sus primeros años, destacan otras como el Políptico de San Procolo, en la basílica de San Francisco de Siena y La investidura de San Luis de Anjou, entre otras.</dbpedia-owl:abstract>
    <dbpedia-owl:abstract xml:lang="ja">アンブロージョ・ロレンツェッティ（Ambrogio Lorenzetti or Ambruogio Laurati, 1290年頃 - 1348年6月9日）は、シエナ派に属するイタリアの画家。1317年から1348年にかけて活動した。兄も画家のピエトロ・ロレンツェッティ。 シモーネ・マルティーニの影響が見受けられるが、アンブロージョの方がより自然主義的である。最も古い日付の作品は『即位した聖母子』（1319年。サン・カシャーノ、司教区博物館）だが、彼の名前がはじめて文書に現れるのは、1321年のフィレンツェにおいてである。シエナ共和国で数年過ごした後、その地に戻ってきたと記されている。 シエナのプブリコ宮殿（現シエナ市役所）の「九頭の間」（「平和の間」ともいう）のフレスコ壁画は、初期ルネサンスの世俗的絵画の傑作の一つである。「九頭」とは共和国を統治するギルドや豪商たちの寡頭政治会議のことである。ここに描かれているのは、まず『善政の寓意』という寓意的有徳者の大会議を描いたもの http://www. shu. ac. uk/emls/01-2/l_full. jpg。他の向かい合った2つの壁には、『都市と田園における善政の効果』と『悪政の寓意、および都市と田園におけるその効果』がそれぞれ描かれている。保存状態の大変良い『都市と田園における善政の効果』には、平和な中世郊外と田園地方での生活が無数に表され、さながら絵で描いた百科事典のようである。良く絵を見ると、砂時計も描かれていて（外部リンク参照）、それは砂時計の存在を示した最古の証拠でもある。 兄のピエトロ同様、アンブロージョもペストで死んだと信じられている。1348年のことである。ジョルジョ・ヴァザーリはその著書『画家・彫刻家・建築家列伝』の中に、アンブロージョ・ロレンツェッティの伝記も含めている。</dbpedia-owl:abstract>
    <dbpedia-owl:birthPlace rdf:resource="http://dbpedia.org/resource/Siena" />
    <dbpedia-owl:birthPlace rdf:resource="http://dbpedia.org/resource/Italy" />
    <dbpedia-owl:deathDate rdf:datatype="http://www.w3.org/2001/XMLSchema#date">1348-06-09</dbpedia-owl:deathDate>
    <dbpedia-owl:field rdf:resource="http://dbpedia.org/resource/Fresco" />
    <dbpedia-owl:field rdf:resource="http://dbpedia.org/resource/Painting" />
    <dbpedia-owl:movement rdf:resource="http://dbpedia.org/resource/Gothic_art" />
    <dbpedia-owl:wikiPageID rdf:datatype="http://www.w3.org/2001/XMLSchema#integer">356232</dbpedia-owl:wikiPageID>
    <dbpedia-owl:wikiPageRevisionID rdf:datatype="http://www.w3.org/2001/XMLSchema#integer">539439334</dbpedia-owl:wikiPageRevisionID>
    <rdfs:label xml:lang="ru">Лоренцетти, Амброджо</rdfs:label>
    <rdfs:label xml:lang="pl">Ambrogio Lorenzetti</rdfs:label>
    <rdfs:label xml:lang="ja">アンブロージョ・ロレンツェッティ</rdfs:label>
    <rdfs:label xml:lang="pt">Ambrogio Lorenzetti</rdfs:label>
    <rdfs:label xml:lang="it">Ambrogio Lorenzetti</rdfs:label>
    <rdfs:label xml:lang="nl">Ambrogio Lorenzetti</rdfs:label>
    <rdfs:label xml:lang="fr">Ambrogio Lorenzetti</rdfs:label>
    <rdfs:label xml:lang="en">Ambrogio Lorenzetti</rdfs:label>
    <rdfs:label xml:lang="es">Ambrogio Lorenzetti</rdfs:label>
    <rdfs:label xml:lang="de">Ambrogio Lorenzetti</rdfs:label>
    <rdfs:label xml:lang="sv">Ambrogio Lorenzetti</rdfs:label>
    <foaf:depiction rdf:resource="http://upload.wikimedia.org/wikipedia/commons/5/50/013_le_vite,_ambrogio_lorenzetti.jpg" />
    <rdfs:comment xml:lang="nl">Ambrogio Lorenzetti (of Ambruogio Laurati) was een Sienese kunstschilder.</rdfs:comment>
    <rdfs:comment xml:lang="en">Ambrogio Lorenzetti (or Ambruogio Laurati) (c. 1290 – 9 June 1348) was an Italian painter of the Sienese school. He was active between approximately 1317 to 1348. His elder brother was the painter Pietro Lorenzetti. Ambrogio Lorenzetti was highly influenced by both Byzantine art and classical art forms, and used these to create a unique and individualistic style of painting. His work was exceptionally original. Individuality at this time was unusual due to the influence of patronage on art.</rdfs:comment>
    <rdfs:comment xml:lang="fr">Ambrogio Lorenzetti est un peintre de l&#39;école siennoise noté à partir de 1317 jusqu&#39;à sa mort due à la peste noire.</rdfs:comment>
    <rdfs:comment xml:lang="sv">Ambrogio Lorenzetti eller Ambruogio Laurati, född c:a 1290 i Siena, Italien, död 1348 i Siena, var en italiensk målare, verksam i Siena. Förmodligen elev till Duccio di Buoninsegna. Tillsammans med brodern Pietro Lorenzetti utförde Ambrogio Lorenzetti ett antal fresker med religiösa motiv, i huvudsak i Siena och Assisi. Det första beviset på timglasets existens finns i en av hans målningar, Den goda styrelsen . Han tros ha avlidit i böldpest.</rdfs:comment>
    <rdfs:comment xml:lang="it">Fu uno dei maestri della scuola senese del Trecento. Fratello minore di Pietro Lorenzetti, fu attivo dal 1319 al 1348 e si distinse soprattutto per la forte componente allegorica e complessa simbologia delle sue opere mature e per la profonda umanità dei soggetti rappresentati e dei loro rapporti.</rdfs:comment>
    <rdfs:comment xml:lang="ru">Амброджо Лоренцетти — итальянский живописец сиенской школы, младший брат Пьетро Лоренцетти.</rdfs:comment>
    <rdfs:comment xml:lang="pt">Ambrogio Lorenzetti foi um pintor italiano da Escola Sienesa. Ele trabalhou aproximadamente de 1317 até 1348. Seu irmão foi o pintor Pietro Lorenzetti. Seu trabalho mostra a influência de Simone Martini e Duccio, embora mais naturalista. Os afrescos nas paredes do Salão dos Nove (Sala dei Nove) ou Salão da Paz (Sala della Pace) no Palácio Público de Siena são obras-primas da pintura secular do começo do Renascimento.</rdfs:comment>
    <rdfs:comment xml:lang="pl">Ambrogio Lorenzetti – malarz włoski, przedstawiciel szkoły sienieńskiej, zdominowanej przez stylizującą bizantyjską tradycję rozwiniętą przez Duccia i Simone Martiniego. Ambrogio Lorenzetti wraz z bratem Pietro tworzyli pod wpływem dzieł Giotta. Byli pierwszymi artystami ze Sieny, którzy nawiązywali do realistycznych przedstawień tego florenckiego malarza. Wspólnie stworzyli freski w Palazzo Publico. W swoich eksperymentach z trzecim wymiarem zwiastowali już sztukę renesansu.</rdfs:comment>
    <rdfs:comment xml:lang="de">Ambrogio Lorenzetti (* um 1290 in Siena; † um 1348 ebenda; teils auch Ambruogio Laurati) war ein italienischer Maler. Ambrogio und sein Bruder Pietro Lorenzetti waren wichtige Vertreter der Schule von Siena. Ambrogio malte hauptsächlich in der Zeit von 1317 bis zu seinem Tod Altargemälde und Fresken. Berühmt wurde er für seine allegorische Darstellung der Guten und schlechten Regierung im Palazzo Pubblico, im Rathaus von Siena.</rdfs:comment>
    <rdfs:comment xml:lang="es">Ambrogio Lorenzetti (Ambrosio en español, o Ambruogio Laurati), fue un pintor italiano de la escuela de Siena, nacido probablemente en 1290. Era el hermano menor de Pietro Lorenzetti, también pintor reconocido. Su máxima actividad se desarrolló entre los años 1317 y 1348, cuando murió, probablemente a causa de la Peste Negra, lo mismo que su hermano. Se formó en el taller de Duccio di Buoninsegna.</rdfs:comment>
    <rdfs:comment xml:lang="ja">アンブロージョ・ロレンツェッティ（Ambrogio Lorenzetti or Ambruogio Laurati, 1290年頃 - 1348年6月9日）は、シエナ派に属するイタリアの画家。1317年から1348年にかけて活動した。兄も画家のピエトロ・ロレンツェッティ。 シモーネ・マルティーニの影響が見受けられるが、アンブロージョの方がより自然主義的である。最も古い日付の作品は『即位した聖母子』（1319年。サン・カシャーノ、司教区博物館）だが、彼の名前がはじめて文書に現れるのは、1321年のフィレンツェにおいてである。シエナ共和国で数年過ごした後、その地に戻ってきたと記されている。 シエナのプブリコ宮殿（現シエナ市役所）の「九頭の間」（「平和の間」ともいう）のフレスコ壁画は、初期ルネサンスの世俗的絵画の傑作の一つである。「九頭」とは共和国を統治するギルドや豪商たちの寡頭政治会議のことである。ここに描かれているのは、まず『善政の寓意』という寓意的有徳者の大会議を描いたもの http://www. shu. ac. uk/emls/01-2/l_full.</rdfs:comment>
    <foaf:name xml:lang="en">Ambrogio Lorenzetti</foaf:name>
    <dbpedia-owl:thumbnail rdf:resource="http://upload.wikimedia.org/wikipedia/commons/thumb/5/50/013_le_vite,_ambrogio_lorenzetti.jpg/200px-013_le_vite,_ambrogio_lorenzetti.jpg" />
    <dbpedia-owl:wikiPageExternalLink rdf:resource="http://www.owlnet.rice.edu/~arch343/lecture10.html" />
    <dbpedia-owl:wikiPageExternalLink rdf:resource="http://www.aiwaz.net/gallery/lorenzetti-ambrogio/gc57" />
    <dbpprop:birthDate rdf:datatype="http://www.w3.org/2001/XMLSchema#integer">1285</dbpprop:birthDate>
    <dbpprop:birthName xml:lang="en">Ambrogio Lorenzetti</dbpprop:birthName>
    <dbpprop:birthPlace rdf:resource="http://dbpedia.org/resource/Siena" />
    <dbpprop:dateOfBirth rdf:datatype="http://www.w3.org/2001/XMLSchema#integer">1290</dbpprop:dateOfBirth>
    <dbpprop:dateOfDeath rdf:datatype="http://www.w3.org/2001/XMLSchema#date">1348-06-09</dbpprop:dateOfDeath>
    <dbpprop:deathDate rdf:datatype="http://www.w3.org/2001/XMLSchema#integer">9</dbpprop:deathDate>
    <dbpprop:deathPlace xml:lang="en">Siena</dbpprop:deathPlace>
    <dbpprop:field rdf:resource="http://dbpedia.org/resource/Painting" />
    <dbpprop:field rdf:resource="http://dbpedia.org/resource/Fresco" />
    <dbpprop:imagesize rdf:datatype="http://www.w3.org/2001/XMLSchema#integer">200</dbpprop:imagesize>
    <dbpprop:movement rdf:resource="http://dbpedia.org/resource/Gothic_art" />
    <dbpprop:name xml:lang="en">Lorenzetti, Ambrogio</dbpprop:name>
    <dbpprop:name xml:lang="en">Ambrogio Lorenzetti</dbpprop:name>
    <dbpprop:nationality xml:lang="en">Italian</dbpprop:nationality>
    <dbpprop:placeOfBirth rdf:resource="http://dbpedia.org/resource/Italy" />
    <dbpprop:placeOfBirth rdf:resource="http://dbpedia.org/resource/Siena" />
    <dbpprop:shortDescription xml:lang="en">Italian painter</dbpprop:shortDescription>
    <dbpprop:works xml:lang="en">Allegory of good government, Allegory of bad government</dbpprop:works>
    <foaf:givenName xml:lang="en">Ambrogio</foaf:givenName>
    <foaf:isPrimaryTopicOf rdf:resource="http://en.wikipedia.org/wiki/Ambrogio_Lorenzetti" />
    <dc:description xml:lang="en">Italian painter</dc:description>
    <ns8:wasDerivedFrom rdf:resource="http://en.wikipedia.org/wiki/Ambrogio_Lorenzetti?oldid=539439334" />
    <dbpprop:hasPhotoCollection rdf:resource="http://wifo5-03.informatik.uni-mannheim.de/flickrwrappr/photos/Ambrogio_Lorenzetti" />
    <foaf:surname xml:lang="en">Lorenzetti</foaf:surname>
  </rdf:Description>
  <rdf:Description rdf:about="http://es.dbpedia.org/resource/Ambrogio_Lorenzetti">
    <owl:sameAs rdf:resource="http://dbpedia.org/resource/Ambrogio_Lorenzetti" />
  </rdf:Description>
  <rdf:Description rdf:about="http://it.dbpedia.org/resource/Ambrogio_Lorenzetti">
    <owl:sameAs rdf:resource="http://dbpedia.org/resource/Ambrogio_Lorenzetti" />
  </rdf:Description>
  <rdf:Description rdf:about="http://pt.dbpedia.org/resource/Ambrogio_Lorenzetti">
    <owl:sameAs rdf:resource="http://dbpedia.org/resource/Ambrogio_Lorenzetti" />
  </rdf:Description>
  <rdf:Description rdf:about="http://de.dbpedia.org/resource/Ambrogio_Lorenzetti">
    <owl:sameAs rdf:resource="http://dbpedia.org/resource/Ambrogio_Lorenzetti" />
  </rdf:Description>
  <rdf:Description rdf:about="http://fr.dbpedia.org/resource/Ambrogio_Lorenzetti">
    <owl:sameAs rdf:resource="http://dbpedia.org/resource/Ambrogio_Lorenzetti" />
  </rdf:Description>
  <rdf:Description rdf:about="http://en.wikipedia.org/wiki/Ambrogio_Lorenzetti">
    <foaf:primaryTopic rdf:resource="http://dbpedia.org/resource/Ambrogio_Lorenzetti" />
  </rdf:Description>
  <rdf:Description rdf:about="http://dbpedia.org/resource/Presentation_at_the_Temple_(Ambrogio_Lorenzetti)">
    <dbpedia-owl:author rdf:resource="http://dbpedia.org/resource/Ambrogio_Lorenzetti" />
    <dbpprop:artist rdf:resource="http://dbpedia.org/resource/Ambrogio_Lorenzetti" />
  </rdf:Description>
  <rdf:Description rdf:about="http://dbpedia.org/resource/Annunciation_(Ambrogio_Lorenzetti)">
    <dbpedia-owl:author rdf:resource="http://dbpedia.org/resource/Ambrogio_Lorenzetti" />
    <dbpprop:artist rdf:resource="http://dbpedia.org/resource/Ambrogio_Lorenzetti" />
  </rdf:Description>
  <rdf:Description rdf:about="http://dbpedia.org/resource/Duccio">
    <dbpedia-owl:influenced rdf:resource="http://dbpedia.org/resource/Ambrogio_Lorenzetti" />
    <dbpprop:influenced rdf:resource="http://dbpedia.org/resource/Ambrogio_Lorenzetti" />
  </rdf:Description>
  <rdf:Description rdf:about="http://dbpedia.org/resource/Lorenzetti">
    <dbpedia-owl:wikiPageDisambiguates rdf:resource="http://dbpedia.org/resource/Ambrogio_Lorenzetti" />
  </rdf:Description>
  <rdf:Description rdf:about="http://dbpedia.org/resource/Ambruogio_Laurati">
    <dbpedia-owl:wikiPageRedirects rdf:resource="http://dbpedia.org/resource/Ambrogio_Lorenzetti" />
  </rdf:Description>
  <rdf:Description rdf:about="http://ja.dbpedia.org/resource/アンブロージョ・ロレンツェッティ">
    <owl:sameAs rdf:resource="http://dbpedia.org/resource/Ambrogio_Lorenzetti" />
  </rdf:Description>
  <rdf:Description rdf:about="http://pl.dbpedia.org/resource/Ambrogio_Lorenzetti">
    <owl:sameAs rdf:resource="http://dbpedia.org/resource/Ambrogio_Lorenzetti" />
  </rdf:Description>
  <rdf:Description rdf:about="http://ru.dbpedia.org/resource/Лоренцетти,_Амброджо">
    <owl:sameAs rdf:resource="http://dbpedia.org/resource/Ambrogio_Lorenzetti" />
  </rdf:Description>
  <rdf:Description rdf:about="http://dbpedia.org/resource/Ambrogio">
    <dbpedia-owl:wikiPageDisambiguates rdf:resource="http://dbpedia.org/resource/Ambrogio_Lorenzetti" />
  </rdf:Description>
  <rdf:Description rdf:about="http://nl.dbpedia.org/resource/Ambrogio_Lorenzetti">
    <owl:sameAs rdf:resource="http://dbpedia.org/resource/Ambrogio_Lorenzetti" />
  </rdf:Description>
  <rdf:Description rdf:about="http://wikidata.dbpedia.org/resource/Q211562">
    <owl:sameAs rdf:resource="http://dbpedia.org/resource/Ambrogio_Lorenzetti" />
  </rdf:Description>
  <rdf:Description rdf:about="http://be.dbpedia.org/resource/Амброджа_Ларанцэці">
    <owl:sameAs rdf:resource="http://dbpedia.org/resource/Ambrogio_Lorenzetti" />
  </rdf:Description>
  <rdf:Description rdf:about="http://ca.dbpedia.org/resource/Ambrogio_Lorenzetti">
    <owl:sameAs rdf:resource="http://dbpedia.org/resource/Ambrogio_Lorenzetti" />
  </rdf:Description>
  <rdf:Description rdf:about="http://da.dbpedia.org/resource/Ambrogio_Lorenzetti">
    <owl:sameAs rdf:resource="http://dbpedia.org/resource/Ambrogio_Lorenzetti" />
  </rdf:Description>
  <rdf:Description rdf:about="http://et.dbpedia.org/resource/Ambrogio_Lorenzetti">
    <owl:sameAs rdf:resource="http://dbpedia.org/resource/Ambrogio_Lorenzetti" />
  </rdf:Description>
  <rdf:Description rdf:about="http://fi.dbpedia.org/resource/Ambrogio_Lorenzetti">
    <owl:sameAs rdf:resource="http://dbpedia.org/resource/Ambrogio_Lorenzetti" />
  </rdf:Description>
  <rdf:Description rdf:about="http://hr.dbpedia.org/resource/Ambrogio_Lorenzetti">
    <owl:sameAs rdf:resource="http://dbpedia.org/resource/Ambrogio_Lorenzetti" />
  </rdf:Description>
  <rdf:Description rdf:about="http://hu.dbpedia.org/resource/Ambrogio_Lorenzetti">
    <owl:sameAs rdf:resource="http://dbpedia.org/resource/Ambrogio_Lorenzetti" />
  </rdf:Description>
  <rdf:Description rdf:about="http://lt.dbpedia.org/resource/Ambrogio_Lorenzetti">
    <owl:sameAs rdf:resource="http://dbpedia.org/resource/Ambrogio_Lorenzetti" />
  </rdf:Description>
  <rdf:Description rdf:about="http://nn.dbpedia.org/resource/Ambrogio_Lorenzetti">
    <owl:sameAs rdf:resource="http://dbpedia.org/resource/Ambrogio_Lorenzetti" />
  </rdf:Description>
  <rdf:Description rdf:about="http://no.dbpedia.org/resource/Ambrogio_Lorenzetti">
    <owl:sameAs rdf:resource="http://dbpedia.org/resource/Ambrogio_Lorenzetti" />
  </rdf:Description>
  <rdf:Description rdf:about="http://pms.dbpedia.org/resource/Ambrogio_Lorenzetti">
    <owl:sameAs rdf:resource="http://dbpedia.org/resource/Ambrogio_Lorenzetti" />
  </rdf:Description>
  <rdf:Description rdf:about="http://ro.dbpedia.org/resource/Ambrogio_Lorenzetti">
    <owl:sameAs rdf:resource="http://dbpedia.org/resource/Ambrogio_Lorenzetti" />
  </rdf:Description>
  <rdf:Description rdf:about="http://sh.dbpedia.org/resource/Ambrogio_Lorenzetti">
    <owl:sameAs rdf:resource="http://dbpedia.org/resource/Ambrogio_Lorenzetti" />
  </rdf:Description>
  <rdf:Description rdf:about="http://sk.dbpedia.org/resource/Ambrogio_Lorenzetti">
    <owl:sameAs rdf:resource="http://dbpedia.org/resource/Ambrogio_Lorenzetti" />
  </rdf:Description>
  <rdf:Description rdf:about="http://sl.dbpedia.org/resource/Ambrogio_Lorenzetti">
    <owl:sameAs rdf:resource="http://dbpedia.org/resource/Ambrogio_Lorenzetti" />
  </rdf:Description>
  <rdf:Description rdf:about="http://sv.dbpedia.org/resource/Ambrogio_Lorenzetti">
    <owl:sameAs rdf:resource="http://dbpedia.org/resource/Ambrogio_Lorenzetti" />
  </rdf:Description>
  <rdf:Description rdf:about="http://th.dbpedia.org/resource/อัมโบรโจ_โลเรนเซตตี">
    <owl:sameAs rdf:resource="http://dbpedia.org/resource/Ambrogio_Lorenzetti" />
  </rdf:Description>
  <rdf:Description rdf:about="http://uk.dbpedia.org/resource/Амброджо_Лоренцетті">
    <owl:sameAs rdf:resource="http://dbpedia.org/resource/Ambrogio_Lorenzetti" />
  </rdf:Description>
  <rdf:Description rdf:about="http://stq.dbpedia.org/resource/Ambrogio_Lorenzetti">
    <owl:sameAs rdf:resource="http://dbpedia.org/resource/Ambrogio_Lorenzetti" />
  </rdf:Description>
  <rdf:Description rdf:about="http://zh_min_nan.dbpedia.org/resource/Ambrogio_Lorenzetti">
    <owl:sameAs rdf:resource="http://dbpedia.org/resource/Ambrogio_Lorenzetti" />
  </rdf:Description>
</rdf:RDF>
