<?xml version="1.0" encoding="utf-8" ?>
<rdf:RDF
	xmlns:rdf="http://www.w3.org/1999/02/22-rdf-syntax-ns#"
	xmlns:rdfs="http://www.w3.org/2000/01/rdf-schema#"
	xmlns:owl="http://www.w3.org/2002/07/owl#"
	xmlns:dcterms="http://purl.org/dc/terms/"
	xmlns:dbpedia-owl="http://dbpedia.org/ontology/"
	xmlns:foaf="http://xmlns.com/foaf/0.1/"
	xmlns:dbpprop="http://dbpedia.org/property/"
	xmlns:dc="http://purl.org/dc/elements/1.1/"
	xmlns:ns8="http://www.w3.org/ns/prov#" >
  <rdf:Description rdf:about="http://dbpedia.org/resource/Amedeo_Clemente_Modigliani">
    <dbpedia-owl:wikiPageRedirects rdf:resource="http://dbpedia.org/resource/Amedeo_Modigliani" />
  </rdf:Description>
  <rdf:Description rdf:about="http://el.dbpedia.org/resource/Αμεντέο_Μοντιλιάνι">
    <owl:sameAs rdf:resource="http://dbpedia.org/resource/Amedeo_Modigliani" />
  </rdf:Description>
  <rdf:Description rdf:about="http://it.dbpedia.org/resource/Amedeo_Modigliani">
    <owl:sameAs rdf:resource="http://dbpedia.org/resource/Amedeo_Modigliani" />
  </rdf:Description>
  <rdf:Description rdf:about="http://pt.dbpedia.org/resource/Amedeo_Modigliani">
    <owl:sameAs rdf:resource="http://dbpedia.org/resource/Amedeo_Modigliani" />
  </rdf:Description>
  <rdf:Description rdf:about="http://ru.dbpedia.org/resource/Модильяни,_Амедео">
    <owl:sameAs rdf:resource="http://dbpedia.org/resource/Amedeo_Modigliani" />
  </rdf:Description>
  <rdf:Description rdf:about="http://dbpedia.org/resource/Modigliani">
    <dbpedia-owl:wikiPageDisambiguates rdf:resource="http://dbpedia.org/resource/Amedeo_Modigliani" />
  </rdf:Description>
  <rdf:Description rdf:about="http://data.nytimes.com/N77182159570674115083">
    <owl:sameAs rdf:resource="http://dbpedia.org/resource/Amedeo_Modigliani" />
  </rdf:Description>
  <rdf:Description rdf:about="http://dbpedia.org/resource/Amedeo_Modigliani">
    <rdf:type rdf:resource="http://dbpedia.org/class/yago/Artist109812338" />
    <rdf:type rdf:resource="http://dbpedia.org/class/yago/PhysicalEntity100001930" />
    <rdf:type rdf:resource="http://dbpedia.org/class/yago/ItalianPainters" />
    <rdf:type rdf:resource="http://dbpedia.org/class/yago/TuscanPainters" />
    <rdf:type rdf:resource="http://dbpedia.org/class/yago/ItalianSculptors" />
    <rdf:type rdf:resource="http://dbpedia.org/class/yago/Whole100003553" />
    <rdf:type rdf:resource="http://dbpedia.org/class/yago/ModernSculptors" />
    <rdf:type rdf:resource="http://dbpedia.org/class/yago/Absentee109757653" />
    <rdf:type rdf:resource="http://dbpedia.org/class/yago/ModernPainters" />
    <rdf:type rdf:resource="http://schema.org/Person" />
    <rdf:type rdf:resource="http://dbpedia.org/class/yago/PeopleFromLivorno" />
    <rdf:type rdf:resource="http://dbpedia.org/class/yago/YagoLegalActorGeo" />
    <rdf:type rdf:resource="http://dbpedia.org/class/yago/Creator109614315" />
    <rdf:type rdf:resource="http://dbpedia.org/class/yago/CausalAgent100007347" />
    <rdf:type rdf:resource="http://dbpedia.org/class/yago/Organism100004475" />
    <rdf:type rdf:resource="http://dbpedia.org/class/yago/JewishArtists" />
    <rdf:type rdf:resource="http://dbpedia.org/class/yago/YagoLegalActor" />
    <rdf:type rdf:resource="http://dbpedia.org/class/yago/Person100007846" />
    <rdf:type rdf:resource="http://www.w3.org/2002/07/owl#Thing" />
    <rdf:type rdf:resource="http://dbpedia.org/ontology/Person" />
    <rdf:type rdf:resource="http://dbpedia.org/ontology/Artist" />
    <rdf:type rdf:resource="http://dbpedia.org/ontology/Agent" />
    <rdf:type rdf:resource="http://dbpedia.org/class/yago/Traveler109629752" />
    <rdf:type rdf:resource="http://dbpedia.org/class/yago/Painter110391653" />
    <rdf:type rdf:resource="http://xmlns.com/foaf/0.1/Person" />
    <rdf:type rdf:resource="http://dbpedia.org/class/yago/LivingThing100004258" />
    <rdf:type rdf:resource="http://dbpedia.org/class/yago/Sculptor110566072" />
    <rdf:type rdf:resource="http://dbpedia.org/class/yago/Exile110071332" />
    <rdf:type rdf:resource="http://dbpedia.org/class/yago/Object100002684" />
    <rdf:type rdf:resource="http://dbpedia.org/class/yago/ItalianExpatriatesInFrance" />
    <rdf:type rdf:resource="http://dbpedia.org/class/yago/JewishPainters" />
    <owl:sameAs rdf:resource="http://la.dbpedia.org/resource/Amadeus_Modigliani" />
    <owl:sameAs rdf:resource="http://te.dbpedia.org/resource/అమేడియో_మొడిగ్లియాని" />
    <owl:sameAs rdf:resource="http://dbpedia.org/resource/Amedeo_Modigliani" />
    <owl:sameAs rdf:resource="http://www.wikidata.org/entity/Q120993" />
    <owl:sameAs rdf:resource="http://es.dbpedia.org/resource/Amedeo_Modigliani" />
    <owl:sameAs rdf:resource="http://sr.dbpedia.org/resource/Амедео_Модиљани" />
    <owl:sameAs rdf:resource="http://sk.dbpedia.org/resource/Amedeo_Modigliani" />
    <owl:sameAs rdf:resource="http://he.dbpedia.org/resource/אמדאו_מודיליאני" />
    <owl:sameAs rdf:resource="http://fr.dbpedia.org/resource/Amedeo_Modigliani" />
    <owl:sameAs rdf:resource="http://gl.dbpedia.org/resource/Amedeo_Modigliani" />
    <owl:sameAs rdf:resource="http://eu.dbpedia.org/resource/Amedeo_Modigliani" />
    <owl:sameAs rdf:resource="http://eo.dbpedia.org/resource/Amedeo_Modigliani" />
    <owl:sameAs rdf:resource="http://mk.dbpedia.org/resource/Амедео_Модиљани" />
    <owl:sameAs rdf:resource="http://sl.dbpedia.org/resource/Amedeo_Modigliani" />
    <owl:sameAs rdf:resource="http://rdf.freebase.com/ns/m.0gsc1" />
    <owl:sameAs rdf:resource="http://zh.dbpedia.org/resource/阿梅代奥·莫迪利亚尼" />
    <owl:sameAs rdf:resource="http://sv.dbpedia.org/resource/Amedeo_Modigliani" />
    <owl:sameAs rdf:resource="http://my.dbpedia.org/resource/မိုဒီဂလီယာနီ" />
    <owl:sameAs rdf:resource="http://lb.dbpedia.org/resource/Amedeo_Modigliani" />
    <owl:sameAs rdf:resource="http://xmf.dbpedia.org/resource/ამადეო_მოდილიანი" />
    <owl:sameAs rdf:resource="http://zh_min_nan.dbpedia.org/resource/Amedeo_Modigliani" />
    <owl:sameAs rdf:resource="http://tr.dbpedia.org/resource/Amedeo_Modigliani" />
    <owl:sameAs rdf:resource="http://bg.dbpedia.org/resource/Амедео_Модиляни" />
    <owl:sameAs rdf:resource="http://lt.dbpedia.org/resource/Amedeo_Modigliani" />
    <owl:sameAs rdf:resource="http://ka.dbpedia.org/resource/ამედეო_მოდილიანი" />
    <owl:sameAs rdf:resource="http://pl.dbpedia.org/resource/Amedeo_Modigliani" />
    <owl:sameAs rdf:resource="http://pt.dbpedia.org/resource/Amedeo_Modigliani" />
    <owl:sameAs rdf:resource="http://nl.dbpedia.org/resource/Amedeo_Modigliani" />
    <owl:sameAs rdf:resource="http://it.dbpedia.org/resource/Amedeo_Modigliani" />
    <owl:sameAs rdf:resource="http://an.dbpedia.org/resource/Amedeo_Modigliani" />
    <owl:sameAs rdf:resource="http://hr.dbpedia.org/resource/Amedeo_Modigliani" />
    <owl:sameAs rdf:resource="http://da.dbpedia.org/resource/Amedeo_Modigliani" />
    <owl:sameAs rdf:resource="http://el.dbpedia.org/resource/Αμεντέο_Μοντιλιάνι" />
    <owl:sameAs rdf:resource="http://br.dbpedia.org/resource/Amedeo_Modigliani" />
    <owl:sameAs rdf:resource="http://oc.dbpedia.org/resource/Amadeo_Modigliani" />
    <owl:sameAs rdf:resource="http://hi.dbpedia.org/resource/अमेदिओ_मोदिग्लिआनी" />
    <owl:sameAs rdf:resource="http://ro.dbpedia.org/resource/Amedeo_Modigliani" />
    <owl:sameAs rdf:resource="http://fi.dbpedia.org/resource/Amedeo_Modigliani" />
    <owl:sameAs rdf:resource="http://ru.dbpedia.org/resource/Модильяни,_Амедео" />
    <owl:sameAs rdf:resource="http://yi.dbpedia.org/resource/אמעדעא_מאדיליאני" />
    <owl:sameAs rdf:resource="http://be.dbpedia.org/resource/Амедэо_Мадыльяні" />
    <owl:sameAs rdf:resource="http://mt.dbpedia.org/resource/Amedeo_Modigliani" />
    <owl:sameAs rdf:resource="http://et.dbpedia.org/resource/Amedeo_Modigliani" />
    <owl:sameAs rdf:resource="http://uk.dbpedia.org/resource/Амедео_Модільяні" />
    <owl:sameAs rdf:resource="http://de.dbpedia.org/resource/Amedeo_Modigliani" />
    <owl:sameAs rdf:resource="http://ko.dbpedia.org/resource/아메데오_모딜리아니" />
    <owl:sameAs rdf:resource="http://ja.dbpedia.org/resource/アメデオ・モディリアーニ" />
    <owl:sameAs rdf:resource="http://hu.dbpedia.org/resource/Amedeo_Modigliani" />
    <owl:sameAs rdf:resource="http://no.dbpedia.org/resource/Amedeo_Modigliani" />
    <owl:sameAs rdf:resource="http://vi.dbpedia.org/resource/Amedeo_Modigliani" />
    <owl:sameAs rdf:resource="http://sh.dbpedia.org/resource/Amedeo_Modigliani" />
    <owl:sameAs rdf:resource="http://nn.dbpedia.org/resource/Amedeo_Modigliani" />
    <owl:sameAs rdf:resource="http://hy.dbpedia.org/resource/Ամեդեո_Մոդիլիանի" />
    <owl:sameAs rdf:resource="http://bo.dbpedia.org/resource/ཨ་མེ་ཏིའོ་མོ་ཏིག་ལི་ཡ་ནི།" />
    <owl:sameAs rdf:resource="http://lv.dbpedia.org/resource/Amedeo_Modiljāni" />
    <owl:sameAs rdf:resource="http://qu.dbpedia.org/resource/Amedeo_Modigliani" />
    <owl:sameAs rdf:resource="http://ca.dbpedia.org/resource/Amedeo_Modigliani" />
    <owl:sameAs rdf:resource="http://fa.dbpedia.org/resource/آمادئو_مودیلیانی" />
    <owl:sameAs rdf:resource="http://yago-knowledge.org/resource/Amedeo_Modigliani" />
    <owl:sameAs rdf:resource="http://kn.dbpedia.org/resource/ಅಮೆಡೆಯೋ_ಮೊಡಿಗ್ಲಿಯನಿ" />
    <owl:sameAs rdf:resource="http://scn.dbpedia.org/resource/Amedeu_Modigliani" />
    <owl:sameAs rdf:resource="http://cs.dbpedia.org/resource/Amedeo_Modigliani" />
    <dcterms:subject rdf:resource="http://dbpedia.org/resource/Category:Burials_at_P%C3%A8re_Lachaise_Cemetery" />
    <dcterms:subject rdf:resource="http://dbpedia.org/resource/Category:Deaths_from_meningitis" />
    <dcterms:subject rdf:resource="http://dbpedia.org/resource/Category:Tuscan_painters" />
    <dcterms:subject rdf:resource="http://dbpedia.org/resource/Category:Italian_painters" />
    <dcterms:subject rdf:resource="http://dbpedia.org/resource/Category:People_from_Livorno" />
    <dcterms:subject rdf:resource="http://dbpedia.org/resource/Category:Sephardi_Jews" />
    <dcterms:subject rdf:resource="http://dbpedia.org/resource/Category:School_of_Paris" />
    <dcterms:subject rdf:resource="http://dbpedia.org/resource/Category:1884_births" />
    <dcterms:subject rdf:resource="http://dbpedia.org/resource/Category:Italian_Jews" />
    <dcterms:subject rdf:resource="http://dbpedia.org/resource/Category:Jewish_artists" />
    <dcterms:subject rdf:resource="http://dbpedia.org/resource/Category:Modern_sculptors" />
    <dcterms:subject rdf:resource="http://dbpedia.org/resource/Category:Modern_painters" />
    <dcterms:subject rdf:resource="http://dbpedia.org/resource/Category:Drug-related_deaths_in_France" />
    <dcterms:subject rdf:resource="http://dbpedia.org/resource/Category:Italian_sculptors" />
    <dcterms:subject rdf:resource="http://dbpedia.org/resource/Category:Jewish_painters" />
    <dcterms:subject rdf:resource="http://dbpedia.org/resource/Category:1920_deaths" />
    <dcterms:subject rdf:resource="http://dbpedia.org/resource/Category:Italian_expatriates_in_France" />
    <dbpedia-owl:abstract xml:lang="es">Amedeo Clemente Modigliani fue un pintor y escultor italiano, perteneciente a la denominada Escuela de París. Arquetipo del artista bohemio, en su vida hubo estupefacientes, alcohol, mujeres, pobreza y enfermedad, y sólo alcanzó la fama después de muerto.</dbpedia-owl:abstract>
    <dbpedia-owl:abstract xml:lang="zh">亞美迪歐·莫迪里安尼（意大利语：Amedeo Modigliani，1884年7月12日－1920年1月24日），義大利藝術家、畫家和雕塑家。表現主義畫派的代表藝術家之一。 莫迪里安尼的特色是大膽創作裸女畫，曾受到當代保守風氣嚴厲批評，時至後世才獲得認可。 莫迪里安尼受古代和文藝復興藝術的薰陶；且與巴伯羅·畢卡索、康斯坦丁·布朗庫西等著名藝術家交情菲淺，進而受到19世紀末期新印象派影響，以及同時期的非洲藝術、立體主義等藝術流派刺激，創作出深具個人風格，以優美弧形為特色的人物肖像畫，而成為表現主義畫派的代表藝術家之一。</dbpedia-owl:abstract>
    <dbpedia-owl:abstract xml:lang="it">Morì all&#39;età di trentacinque anni. È sepolto nel cimitero parigino Père Lachaise.</dbpedia-owl:abstract>
    <dbpedia-owl:abstract xml:lang="nl">Amedeo Clemente Modigliani was een Italiaans kunstschilder en beeldhouwer. De schilderkunst van Modigliani is herkenbaar aan de langgerekte lichamen van de vrouwen en de warme gloeiende kleuren.</dbpedia-owl:abstract>
    <dbpedia-owl:abstract xml:lang="en">Amedeo Clemente Modigliani (July 12, 1884 – January 24, 1920) was an Italian painter and sculptor who worked mainly in France. Primarily a figurative artist, he became known for paintings and sculptures in a modern style, characterized by mask-like faces and elongation of form. He died at age 35 in Paris of tubercular meningitis, exacerbated by poverty, overwork and addiction to alcohol and narcotics.</dbpedia-owl:abstract>
    <dbpedia-owl:abstract xml:lang="pl">Amedeo Clemente Modigliani (ur. 12 lipca 1884 w Livorno we Włoszech, zm. 24 stycznia 1920 w Paryżu) – włoski malarz, rysownik i rzeźbiarz pochodzenia żydowskiego. Miał starsze rodzeństwo – Emanuele (ur. 1872), Margherita (ur. 1874) i Umberto (ur. 1878). Współczesną sławę Modigliani zawdzięcza przede wszystkim swoim obrazom przedstawiającym akty, uchodzącym w jego czasach za skandalizujące, a zaakceptowane dopiero później. Młodość spędził we Włoszech, gdzie studiował sztukę antyku i renesansu. W 1906 przeniósł się do Paryża. Tam nawiązał kontakt ze znaczącymi artystami jak Pablo Picasso i Constantin Brâncuși. Jego życie przebiegało pod znakiem chorób płuc. W dzieciństwie, podczas jednego z ataków gorączki poczuł powołanie, żeby zostać artystą. W wieku 35 lat i 4 miesięcy zmarł na gruźlicę. Informacje o życiu Modiglianiego opierają się tylko na nielicznych pewnych dokumentach, tak więc legenda o nim powstała głównie dopiero po jego śmierci. Twórczość Modiglianiego to przede wszystkim obrazy i rysunki. W latach 1909–1914 poświęcił się on jednak głównie rzeźbie. Głównym motywem jego twórczości, zarówno w rzeźbach jak i obrazach, jest człowiek. Obok nich jest kilka obrazów przedstawiających pejzaże. Modigliani nie malował wnętrz ani martwych natur. W swoich pracach nawiązywał często do renesansu. Wykorzystywał też elementy popularnej w jego czasach sztuki afrykańskiej. Nie przyłączył się natomiast do żadnego współczesnego mu kierunku w sztuce jak kubizm czy fowizm. Sztuka Amedeo Modiglianiego odniosła za jego życia jedynie niewielki sukces, dopiero po śmierci zyskał on większą popularność a jego dzieła osiągnęły wysokie ceny.</dbpedia-owl:abstract>
    <dbpedia-owl:abstract xml:lang="ja">アメデオ・クレメンテ・モディリアーニ（Amedeo Clemente Modigliani、1884年7月12日 - 1920年1月24日）は、イタリアの画家、彫刻家。主にパリで制作活動を行った。芸術家の集うモンパルナスで活躍し、エコール・ド・パリ（パリ派）の画家の一人に数えられる。</dbpedia-owl:abstract>
    <dbpedia-owl:abstract xml:lang="pt">Amedeo Clemente Modigliani foi um artista plástico e escultor italiano que viveu em Paris. Artista principalmente figurativo, tornou-se célebre sobretudo por seus retratos femininos caracterizados por rostos e pescoços alongados, à maneira das máscaras africanas. Morreu aos trinta e cinco anos, em condições de extrema pobreza material, vítima de meningite tuberculosa, agravada pelo excesso de trabalho, álcool e drogas.</dbpedia-owl:abstract>
    <dbpedia-owl:abstract xml:lang="fr">Amedeo Clemente Modigliani est un peintre et un sculpteur italien rattaché à l&#39;École de Paris. Peintre de figures, nus, portraits, sculpteur, dessinateur. Connu au départ comme un peintre figuratif, il est devenu célèbre par ses peintures et ses sculptures de facture dite modernes où les visages ressemblent à des masques et où les formes sont étirées.</dbpedia-owl:abstract>
    <dbpedia-owl:abstract xml:lang="de">Amedeo Modigliani war ein italienischer Zeichner, Maler und Bildhauer. Die heutige Bekanntheit beruht vor allem auf seinen Aktgemälden, die zu seiner Zeit als skandalös empfunden wurden und erst später Akzeptanz fanden. Seine Jugend verbrachte Modigliani in Italien, wo er die Kunst der Antike und Renaissance studierte, bis er 1906 nach Paris zog. Dort kam er in Kontakt mit bedeutenden Künstlern wie Pablo Picasso und Constantin Brâncuși. Sein Leben war von Lungenkrankheiten geprägt. In einem Fiebertraum soll er seine Berufung zur Kunst erkannt haben, mit 35 Jahren starb er an Tuberkulose. Die Informationen über Modiglianis Leben beruhen auf nur wenigen verbürgten Dokumenten, so dass es vor allem nach seinem Tod zur Legendenbildung um ihn kam. Modiglianis Gesamtwerk umfasst vor allem Gemälde und Zeichnungen. Von 1909 bis 1914 widmete er sich jedoch hauptsächlich der Bildhauerei. Das Hauptmotiv ist der Mensch, sowohl in den Bildern als auch bei den Skulpturen. Daneben gibt es wenige Bilder mit Landschaftsmotiven. Interieurszenen und Stillleben von Modigliani sind nicht bekannt. Modigliani bezog sich in seinen Werken oft auf die Renaissance, griff aber auch andere Elemente wie die zu seiner Zeit populäre afrikanische Kunst auf. Hingegen lässt er sich keiner der zeitgenössischen Stilrichtungen zuordnen, wie etwa dem Kubismus oder dem Fauvismus. Während seines Lebens hatte Amedeo Modigliani nur wenig Erfolg mit seiner Kunst, erst nach seinem Tod erreichte er größere Popularität und seine Kunstwerke erzielten hohe Preise.</dbpedia-owl:abstract>
    <dbpedia-owl:abstract xml:lang="sv">Amedeo Modigliani, född 12 juli 1884 i Livorno, Italien, död 24 januari 1920 i Paris, Frankrike, var en italiensk målare, skulptör och tecknare. Modigliani var fjärde barnet till Flaminio Modigliani och hans franskfödda hustru, Eugénie Garsin. 1895 drabbades han av lungsäcksinflammation och några år senare insjuknade han i tyfus åtföljd av lungkomplikationer. Under sin konvalescens bestämde han sig för att börja måla, och hans mor ordnade så att han kunde studera för landskapsmålaren Guglielmo Micheli i Livorno. Modigliani studerade sedan vid konstakademien i Venedig och Florens och anlände 1906 till Paris. Utan att ansluta sig till någon viss grupp eller rörelse tog Modigliani det han ville från Toulouse-Lautrecs och Cézannes målningar, den afrikanska skulpturen, fauvisterna, kubismen och andra experimentella målningar av Picasso och Braque. Desto mer avgörande var mötet med den rumänske skulptören Constantin Brancusi; mellan 1910 och 1913 lade han all sin energi på skulpterandet. Myten om Modigliani som en "Montparnasseexcentriker" - stilig, fattig, stolt och drogad eller berusad - skapades av hans författarvänner, särskilt efter hans bortgång vid 35 års ålder. Myten glömmer hans intensiva koncentration på sitt måleri under de sista åren av sitt liv. När Modigliani, redan försvagad av sjukdom, tvingades sluta på grund av att mejseldammet trängde ner i lungorna, utnyttjade han många av skulpturens effekter i sina porträtt och nakenstudier, framför allt det karakteristiskt förlängda huvudet, den långa, upphöjda näsryggen och den långa halsen. I juli 1917 mötte han kvinnan i sitt liv - den unga konststudenten Jeanne Hébuterne (född 6 april 1898). De flyttade samman och 29 november 1918 föddes dottern Jeanne.</dbpedia-owl:abstract>
    <dbpedia-owl:abstract xml:lang="ru">Амеде́о (Иеди́дия) Клеме́нте Модилья́ни — итальянский художник и скульптор, один из самых известных художников конца XIX — начала XX века, яркий представитель экспрессионизма. Модильяни вырос в Италии, где изучал античное искусство и творчество мастеров эпохи Возрождения, пока в 1906 году не переехал в Париж. В Париже он познакомился с такими значительными художниками, как Пабло Пикассо и Константин Брынкуши, оказавшими большое влияние на его творчество. Модильяни имел слабое здоровье — он часто страдал от заболеваний лёгких и в возрасте 35 лет умер от туберкулёза. О жизни художника известно лишь из немногих достоверных источников. Наследие Модильяни составляют главным образом картины и эскизы, однако с 1909 по 1914 годы он занимался в основном скульптурами. Как на полотнах, так и в скульптуре, основным мотивом Модильяни являлся человек. Помимо этого сохранились несколько пейзажей; натюрморты и картины жанрового характера не интересовали художника. Часто Модильяни обращался к произведениям представителей Ренессанса, а также к популярному в то время африканскому искусству. В то же время творчество Модильяни нельзя отнести ни к одному из современных направлений того времени, как например, кубизм или фовизм. Из-за этого искусствоведы рассматривают творчество Модильяни отдельно от основных течений того времени. При жизни работы Модильяни не имели успеха и стали популярными лишь после смерти художника — на последних аукционах «Сотбис» в 2010 году две картины Модильяни были проданы по рекордным для его наследия ценам — 60,6 и 68,9 миллиона долларов США.</dbpedia-owl:abstract>
    <dbpedia-owl:birthPlace rdf:resource="http://dbpedia.org/resource/Livorno" />
    <dbpedia-owl:birthPlace rdf:resource="http://dbpedia.org/resource/Tuscany" />
    <dbpedia-owl:deathPlace rdf:resource="http://dbpedia.org/resource/Paris" />
    <dbpedia-owl:deathPlace rdf:resource="http://dbpedia.org/resource/France" />
    <dbpedia-owl:field rdf:resource="http://dbpedia.org/resource/Painting" />
    <dbpedia-owl:field rdf:resource="http://dbpedia.org/resource/Sculpture" />
    <dbpedia-owl:nationality rdf:resource="http://dbpedia.org/resource/Italy" />
    <dbpedia-owl:training rdf:resource="http://dbpedia.org/resource/Florence" />
    <dbpedia-owl:training rdf:resource="http://dbpedia.org/resource/Accademia_di_Belle_Arti_Firenze" />
    <dbpedia-owl:wikiPageID rdf:datatype="http://www.w3.org/2001/XMLSchema#integer">62016</dbpedia-owl:wikiPageID>
    <dbpedia-owl:wikiPageRevisionID rdf:datatype="http://www.w3.org/2001/XMLSchema#integer">541042957</dbpedia-owl:wikiPageRevisionID>
    <rdfs:label xml:lang="it">Amedeo Modigliani</rdfs:label>
    <rdfs:label xml:lang="sv">Amedeo Modigliani</rdfs:label>
    <rdfs:label xml:lang="es">Amedeo Modigliani</rdfs:label>
    <rdfs:label xml:lang="pl">Amedeo Modigliani</rdfs:label>
    <rdfs:label xml:lang="zh">阿梅代奥·莫迪利亚尼</rdfs:label>
    <rdfs:label xml:lang="nl">Amedeo Modigliani</rdfs:label>
    <rdfs:label xml:lang="ja">アメデオ・モディリアーニ</rdfs:label>
    <rdfs:label xml:lang="fr">Amedeo Modigliani</rdfs:label>
    <rdfs:label xml:lang="de">Amedeo Modigliani</rdfs:label>
    <rdfs:label xml:lang="en">Amedeo Modigliani</rdfs:label>
    <rdfs:label xml:lang="pt">Amedeo Modigliani</rdfs:label>
    <rdfs:label xml:lang="ru">Модильяни, Амедео</rdfs:label>
    <foaf:depiction rdf:resource="http://upload.wikimedia.org/wikipedia/commons/6/60/Amedeo_Modigliani_Photo.jpg" />
    <rdfs:comment xml:lang="zh">亞美迪歐·莫迪里安尼（意大利语：Amedeo Modigliani，1884年7月12日－1920年1月24日），義大利藝術家、畫家和雕塑家。表現主義畫派的代表藝術家之一。 莫迪里安尼的特色是大膽創作裸女畫，曾受到當代保守風氣嚴厲批評，時至後世才獲得認可。 莫迪里安尼受古代和文藝復興藝術的薰陶；且與巴伯羅·畢卡索、康斯坦丁·布朗庫西等著名藝術家交情菲淺，進而受到19世紀末期新印象派影響，以及同時期的非洲藝術、立體主義等藝術流派刺激，創作出深具個人風格，以優美弧形為特色的人物肖像畫，而成為表現主義畫派的代表藝術家之一。</rdfs:comment>
    <rdfs:comment xml:lang="nl">Amedeo Clemente Modigliani was een Italiaans kunstschilder en beeldhouwer. De schilderkunst van Modigliani is herkenbaar aan de langgerekte lichamen van de vrouwen en de warme gloeiende kleuren.</rdfs:comment>
    <rdfs:comment xml:lang="sv">Amedeo Modigliani, född 12 juli 1884 i Livorno, Italien, död 24 januari 1920 i Paris, Frankrike, var en italiensk målare, skulptör och tecknare. Modigliani var fjärde barnet till Flaminio Modigliani och hans franskfödda hustru, Eugénie Garsin. 1895 drabbades han av lungsäcksinflammation och några år senare insjuknade han i tyfus åtföljd av lungkomplikationer.</rdfs:comment>
    <rdfs:comment xml:lang="ja">アメデオ・クレメンテ・モディリアーニ（Amedeo Clemente Modigliani、1884年7月12日 - 1920年1月24日）は、イタリアの画家、彫刻家。主にパリで制作活動を行った。芸術家の集うモンパルナスで活躍し、エコール・ド・パリ（パリ派）の画家の一人に数えられる。</rdfs:comment>
    <rdfs:comment xml:lang="pt">Amedeo Clemente Modigliani foi um artista plástico e escultor italiano que viveu em Paris. Artista principalmente figurativo, tornou-se célebre sobretudo por seus retratos femininos caracterizados por rostos e pescoços alongados, à maneira das máscaras africanas. Morreu aos trinta e cinco anos, em condições de extrema pobreza material, vítima de meningite tuberculosa, agravada pelo excesso de trabalho, álcool e drogas.</rdfs:comment>
    <rdfs:comment xml:lang="pl">Amedeo Clemente Modigliani (ur. 12 lipca 1884 w Livorno we Włoszech, zm. 24 stycznia 1920 w Paryżu) – włoski malarz, rysownik i rzeźbiarz pochodzenia żydowskiego. Miał starsze rodzeństwo – Emanuele (ur. 1872), Margherita (ur. 1874) i Umberto (ur. 1878). Współczesną sławę Modigliani zawdzięcza przede wszystkim swoim obrazom przedstawiającym akty, uchodzącym w jego czasach za skandalizujące, a zaakceptowane dopiero później. Młodość spędził we Włoszech, gdzie studiował sztukę antyku i renesansu.</rdfs:comment>
    <rdfs:comment xml:lang="fr">Amedeo Clemente Modigliani est un peintre et un sculpteur italien rattaché à l&#39;École de Paris. Peintre de figures, nus, portraits, sculpteur, dessinateur. Connu au départ comme un peintre figuratif, il est devenu célèbre par ses peintures et ses sculptures de facture dite modernes où les visages ressemblent à des masques et où les formes sont étirées.</rdfs:comment>
    <rdfs:comment xml:lang="ru">Амеде́о (Иеди́дия) Клеме́нте Модилья́ни — итальянский художник и скульптор, один из самых известных художников конца XIX — начала XX века, яркий представитель экспрессионизма. Модильяни вырос в Италии, где изучал античное искусство и творчество мастеров эпохи Возрождения, пока в 1906 году не переехал в Париж. В Париже он познакомился с такими значительными художниками, как Пабло Пикассо и Константин Брынкуши, оказавшими большое влияние на его творчество.</rdfs:comment>
    <rdfs:comment xml:lang="it">Morì all&#39;età di trentacinque anni. È sepolto nel cimitero parigino Père Lachaise.</rdfs:comment>
    <rdfs:comment xml:lang="en">Amedeo Clemente Modigliani (July 12, 1884 – January 24, 1920) was an Italian painter and sculptor who worked mainly in France. Primarily a figurative artist, he became known for paintings and sculptures in a modern style, characterized by mask-like faces and elongation of form. He died at age 35 in Paris of tubercular meningitis, exacerbated by poverty, overwork and addiction to alcohol and narcotics.</rdfs:comment>
    <rdfs:comment xml:lang="de">Amedeo Modigliani war ein italienischer Zeichner, Maler und Bildhauer. Die heutige Bekanntheit beruht vor allem auf seinen Aktgemälden, die zu seiner Zeit als skandalös empfunden wurden und erst später Akzeptanz fanden. Seine Jugend verbrachte Modigliani in Italien, wo er die Kunst der Antike und Renaissance studierte, bis er 1906 nach Paris zog. Dort kam er in Kontakt mit bedeutenden Künstlern wie Pablo Picasso und Constantin Brâncuși. Sein Leben war von Lungenkrankheiten geprägt.</rdfs:comment>
    <rdfs:comment xml:lang="es">Amedeo Clemente Modigliani fue un pintor y escultor italiano, perteneciente a la denominada Escuela de París. Arquetipo del artista bohemio, en su vida hubo estupefacientes, alcohol, mujeres, pobreza y enfermedad, y sólo alcanzó la fama después de muerto.</rdfs:comment>
    <foaf:name xml:lang="en">Amedeo Modigliani</foaf:name>
    <dbpedia-owl:thumbnail rdf:resource="http://upload.wikimedia.org/wikipedia/commons/thumb/6/60/Amedeo_Modigliani_Photo.jpg/200px-Amedeo_Modigliani_Photo.jpg" />
    <dbpedia-owl:wikiPageExternalLink rdf:resource="http://www.royalacademy.org.uk/exhibitions/modigliani/" />
    <dbpedia-owl:wikiPageExternalLink rdf:resource="http://www.pubhist.com/person/3744/amedeo-modigliani" />
    <dbpedia-owl:wikiPageExternalLink rdf:resource="http://www.thejewishmuseum.org/site/pages/onlinex.php?id=22" />
    <dbpedia-owl:wikiPageExternalLink rdf:resource="http://arts.guardian.co.uk/critic/review/0,,1812380,00.html" />
    <dbpedia-owl:wikiPageExternalLink rdf:resource="http://arts.guardian.co.uk/flash/page/0,,1811805,00.html" />
    <dbpedia-owl:wikiPageExternalLink rdf:resource="http://smarthistory.khanacademy.org/school-of-paris-modigliani-young-woman-in-a-shirt.html" />
    <dbpedia-owl:wikiPageExternalLink rdf:resource="http://www.zeek.net/art_0408.shtml" />
    <dbpprop:align xml:lang="en">right</dbpprop:align>
    <dbpprop:alternativeNames xml:lang="en">Modigliani, Amedeo Clemente</dbpprop:alternativeNames>
    <dbpprop:birthDate rdf:datatype="http://www.w3.org/2001/XMLSchema#date">1884-07-12</dbpprop:birthDate>
    <dbpprop:birthName xml:lang="en">Amedeo Clemente Modigliani</dbpprop:birthName>
    <dbpprop:birthPlace rdf:resource="http://dbpedia.org/resource/Italy" />
    <dbpprop:birthPlace rdf:resource="http://dbpedia.org/resource/Livorno" />
    <dbpprop:dateOfBirth rdf:datatype="http://www.w3.org/2001/XMLSchema#integer">1884</dbpprop:dateOfBirth>
    <dbpprop:dateOfDeath rdf:datatype="http://www.w3.org/2001/XMLSchema#integer">1920</dbpprop:dateOfDeath>
    <dbpprop:deathDate rdf:datatype="http://www.w3.org/2001/XMLSchema#date">1920-01-24</dbpprop:deathDate>
    <dbpprop:deathPlace rdf:resource="http://dbpedia.org/resource/France" />
    <dbpprop:deathPlace rdf:resource="http://dbpedia.org/resource/Paris" />
    <dbpprop:field rdf:resource="http://dbpedia.org/resource/Sculpture" />
    <dbpprop:field rdf:resource="http://dbpedia.org/resource/Painting" />
    <dbpprop:imagesize rdf:datatype="http://www.w3.org/2001/XMLSchema#integer">250</dbpprop:imagesize>
    <dbpprop:name xml:lang="en">Modigliani, Amedeo</dbpprop:name>
    <dbpprop:name xml:lang="en">Amedeo Modigliani</dbpprop:name>
    <dbpprop:nationality rdf:resource="http://dbpedia.org/resource/Italy" />
    <dbpprop:placeOfBirth xml:lang="en">Livorno, Tuscany</dbpprop:placeOfBirth>
    <dbpprop:placeOfDeath xml:lang="en">Paris, France</dbpprop:placeOfDeath>
    <dbpprop:shortDescription xml:lang="en">Italian artist of Jewish heritage</dbpprop:shortDescription>
    <dbpprop:training xml:lang="en">Accademia di Belle Arti, Florence</dbpprop:training>
    <dbpprop:video xml:lang="en">Modigliani&#39;s Young Woman in a Shirt, Smarthistory</dbpprop:video>
    <dbpprop:width rdf:datatype="http://www.w3.org/2001/XMLSchema#integer">210</dbpprop:width>
    <dbpprop:works xml:lang="en">Jeanne Hébuterne in Red Shawl</dbpprop:works>
    <dbpprop:works xml:lang="en">Nude Sitting on a Divan</dbpprop:works>
    <dbpprop:works xml:lang="en">Madame Pompadour</dbpprop:works>
    <dbpprop:wordnet_type rdf:resource="http://www.w3.org/2006/03/wn/wn20/instances/synset-artist-noun-1" />
    <foaf:givenName xml:lang="en">Amedeo</foaf:givenName>
    <foaf:isPrimaryTopicOf rdf:resource="http://en.wikipedia.org/wiki/Amedeo_Modigliani" />
    <dc:description xml:lang="en">Italian artist of Jewish heritage</dc:description>
    <ns8:wasDerivedFrom rdf:resource="http://en.wikipedia.org/wiki/Amedeo_Modigliani?oldid=541042957" />
    <dbpprop:hasPhotoCollection rdf:resource="http://wifo5-03.informatik.uni-mannheim.de/flickrwrappr/photos/Amedeo_Modigliani" />
    <foaf:surname xml:lang="en">Modigliani</foaf:surname>
  </rdf:Description>
  <rdf:Description rdf:about="http://dbpedia.org/resource/T%C3%AAte_(sculpture)">
    <dbpedia-owl:author rdf:resource="http://dbpedia.org/resource/Amedeo_Modigliani" />
    <dbpprop:artist rdf:resource="http://dbpedia.org/resource/Amedeo_Modigliani" />
  </rdf:Description>
  <rdf:Description rdf:about="http://dbpedia.org/resource/The_Boy_(Modigliani)">
    <dbpedia-owl:author rdf:resource="http://dbpedia.org/resource/Amedeo_Modigliani" />
    <dbpprop:artist rdf:resource="http://dbpedia.org/resource/Amedeo_Modigliani" />
  </rdf:Description>
  <rdf:Description rdf:about="http://cs.dbpedia.org/resource/Amedeo_Modigliani">
    <owl:sameAs rdf:resource="http://dbpedia.org/resource/Amedeo_Modigliani" />
  </rdf:Description>
  <rdf:Description rdf:about="http://pl.dbpedia.org/resource/Amedeo_Modigliani">
    <owl:sameAs rdf:resource="http://dbpedia.org/resource/Amedeo_Modigliani" />
  </rdf:Description>
  <rdf:Description rdf:about="http://dbpedia.org/resource/The_Dying_Animal">
    <dbpedia-owl:coverArtist rdf:resource="http://dbpedia.org/resource/Amedeo_Modigliani" />
    <dbpprop:coverArtist rdf:resource="http://dbpedia.org/resource/Amedeo_Modigliani" />
  </rdf:Description>
  <rdf:Description rdf:about="http://dbpedia.org/resource/Nude_Sitting_on_a_Divan">
    <dbpedia-owl:author rdf:resource="http://dbpedia.org/resource/Amedeo_Modigliani" />
    <dbpprop:artist rdf:resource="http://dbpedia.org/resource/Amedeo_Modigliani" />
  </rdf:Description>
  <rdf:Description rdf:about="http://dbpedia.org/resource/Antonio_Bueno">
    <dbpedia-owl:award rdf:resource="http://dbpedia.org/resource/Amedeo_Modigliani" />
  </rdf:Description>
  <rdf:Description rdf:about="http://dbpedia.org/resource/Fidelio_Ponce_de_Le%C3%B3n">
    <dbpedia-owl:influencedBy rdf:resource="http://dbpedia.org/resource/Amedeo_Modigliani" />
    <dbpprop:influencedBy rdf:resource="http://dbpedia.org/resource/Amedeo_Modigliani" />
  </rdf:Description>
  <rdf:Description rdf:about="http://es.dbpedia.org/resource/Amedeo_Modigliani">
    <owl:sameAs rdf:resource="http://dbpedia.org/resource/Amedeo_Modigliani" />
  </rdf:Description>
  <rdf:Description rdf:about="http://ko.dbpedia.org/resource/아메데오_모딜리아니">
    <owl:sameAs rdf:resource="http://dbpedia.org/resource/Amedeo_Modigliani" />
  </rdf:Description>
  <rdf:Description rdf:about="http://ja.dbpedia.org/resource/アメデオ・モディリアーニ">
    <owl:sameAs rdf:resource="http://dbpedia.org/resource/Amedeo_Modigliani" />
  </rdf:Description>
  <rdf:Description rdf:about="http://de.dbpedia.org/resource/Amedeo_Modigliani">
    <owl:sameAs rdf:resource="http://dbpedia.org/resource/Amedeo_Modigliani" />
  </rdf:Description>
  <rdf:Description rdf:about="http://fr.dbpedia.org/resource/Amedeo_Modigliani">
    <owl:sameAs rdf:resource="http://dbpedia.org/resource/Amedeo_Modigliani" />
  </rdf:Description>
  <rdf:Description rdf:about="http://dbpedia.org/resource/Amadeo_Modigliani">
    <dbpedia-owl:wikiPageRedirects rdf:resource="http://dbpedia.org/resource/Amedeo_Modigliani" />
  </rdf:Description>
  <rdf:Description rdf:about="http://dbpedia.org/resource/Amedeo">
    <dbpedia-owl:wikiPageDisambiguates rdf:resource="http://dbpedia.org/resource/Amedeo_Modigliani" />
  </rdf:Description>
  <rdf:Description rdf:about="http://en.wikipedia.org/wiki/Amedeo_Modigliani">
    <foaf:primaryTopic rdf:resource="http://dbpedia.org/resource/Amedeo_Modigliani" />
  </rdf:Description>
  <rdf:Description rdf:about="http://nl.dbpedia.org/resource/Amedeo_Modigliani">
    <owl:sameAs rdf:resource="http://dbpedia.org/resource/Amedeo_Modigliani" />
  </rdf:Description>
  <rdf:Description rdf:about="http://eu.dbpedia.org/resource/Amedeo_Modigliani">
    <owl:sameAs rdf:resource="http://dbpedia.org/resource/Amedeo_Modigliani" />
  </rdf:Description>
  <rdf:Description rdf:about="http://zh.dbpedia.org/resource/阿梅代奥·莫迪利亚尼">
    <owl:sameAs rdf:resource="http://dbpedia.org/resource/Amedeo_Modigliani" />
  </rdf:Description>
  <rdf:Description rdf:about="http://an.dbpedia.org/resource/Amedeo_Modigliani">
    <owl:sameAs rdf:resource="http://dbpedia.org/resource/Amedeo_Modigliani" />
  </rdf:Description>
  <rdf:Description rdf:about="http://be.dbpedia.org/resource/Амедэо_Мадыльяні">
    <owl:sameAs rdf:resource="http://dbpedia.org/resource/Amedeo_Modigliani" />
  </rdf:Description>
  <rdf:Description rdf:about="http://bg.dbpedia.org/resource/Амедео_Модиляни">
    <owl:sameAs rdf:resource="http://dbpedia.org/resource/Amedeo_Modigliani" />
  </rdf:Description>
  <rdf:Description rdf:about="http://br.dbpedia.org/resource/Amedeo_Modigliani">
    <owl:sameAs rdf:resource="http://dbpedia.org/resource/Amedeo_Modigliani" />
  </rdf:Description>
  <rdf:Description rdf:about="http://ca.dbpedia.org/resource/Amedeo_Modigliani">
    <owl:sameAs rdf:resource="http://dbpedia.org/resource/Amedeo_Modigliani" />
  </rdf:Description>
  <rdf:Description rdf:about="http://da.dbpedia.org/resource/Amedeo_Modigliani">
    <owl:sameAs rdf:resource="http://dbpedia.org/resource/Amedeo_Modigliani" />
  </rdf:Description>
  <rdf:Description rdf:about="http://eo.dbpedia.org/resource/Amedeo_Modigliani">
    <owl:sameAs rdf:resource="http://dbpedia.org/resource/Amedeo_Modigliani" />
  </rdf:Description>
  <rdf:Description rdf:about="http://et.dbpedia.org/resource/Amedeo_Modigliani">
    <owl:sameAs rdf:resource="http://dbpedia.org/resource/Amedeo_Modigliani" />
  </rdf:Description>
  <rdf:Description rdf:about="http://fa.dbpedia.org/resource/آمادئو_مودیلیانی">
    <owl:sameAs rdf:resource="http://dbpedia.org/resource/Amedeo_Modigliani" />
  </rdf:Description>
  <rdf:Description rdf:about="http://fi.dbpedia.org/resource/Amedeo_Modigliani">
    <owl:sameAs rdf:resource="http://dbpedia.org/resource/Amedeo_Modigliani" />
  </rdf:Description>
  <rdf:Description rdf:about="http://gl.dbpedia.org/resource/Amedeo_Modigliani">
    <owl:sameAs rdf:resource="http://dbpedia.org/resource/Amedeo_Modigliani" />
  </rdf:Description>
  <rdf:Description rdf:about="http://he.dbpedia.org/resource/אמדאו_מודיליאני">
    <owl:sameAs rdf:resource="http://dbpedia.org/resource/Amedeo_Modigliani" />
  </rdf:Description>
  <rdf:Description rdf:about="http://hi.dbpedia.org/resource/अमेदिओ_मोदिग्लिआनी">
    <owl:sameAs rdf:resource="http://dbpedia.org/resource/Amedeo_Modigliani" />
  </rdf:Description>
  <rdf:Description rdf:about="http://hr.dbpedia.org/resource/Amedeo_Modigliani">
    <owl:sameAs rdf:resource="http://dbpedia.org/resource/Amedeo_Modigliani" />
  </rdf:Description>
  <rdf:Description rdf:about="http://hu.dbpedia.org/resource/Amedeo_Modigliani">
    <owl:sameAs rdf:resource="http://dbpedia.org/resource/Amedeo_Modigliani" />
  </rdf:Description>
  <rdf:Description rdf:about="http://hy.dbpedia.org/resource/Ամեդեո_Մոդիլիանի">
    <owl:sameAs rdf:resource="http://dbpedia.org/resource/Amedeo_Modigliani" />
  </rdf:Description>
  <rdf:Description rdf:about="http://ka.dbpedia.org/resource/ამედეო_მოდილიანი">
    <owl:sameAs rdf:resource="http://dbpedia.org/resource/Amedeo_Modigliani" />
  </rdf:Description>
  <rdf:Description rdf:about="http://kn.dbpedia.org/resource/ಅಮೆಡೆಯೋ_ಮೊಡಿಗ್ಲಿಯನಿ">
    <owl:sameAs rdf:resource="http://dbpedia.org/resource/Amedeo_Modigliani" />
  </rdf:Description>
  <rdf:Description rdf:about="http://la.dbpedia.org/resource/Amadeus_Modigliani">
    <owl:sameAs rdf:resource="http://dbpedia.org/resource/Amedeo_Modigliani" />
  </rdf:Description>
  <rdf:Description rdf:about="http://lb.dbpedia.org/resource/Amedeo_Modigliani">
    <owl:sameAs rdf:resource="http://dbpedia.org/resource/Amedeo_Modigliani" />
  </rdf:Description>
  <rdf:Description rdf:about="http://lt.dbpedia.org/resource/Amedeo_Modigliani">
    <owl:sameAs rdf:resource="http://dbpedia.org/resource/Amedeo_Modigliani" />
  </rdf:Description>
  <rdf:Description rdf:about="http://lv.dbpedia.org/resource/Amedeo_Modiljāni">
    <owl:sameAs rdf:resource="http://dbpedia.org/resource/Amedeo_Modigliani" />
  </rdf:Description>
  <rdf:Description rdf:about="http://mk.dbpedia.org/resource/Амедео_Модиљани">
    <owl:sameAs rdf:resource="http://dbpedia.org/resource/Amedeo_Modigliani" />
  </rdf:Description>
  <rdf:Description rdf:about="http://my.dbpedia.org/resource/မိုဒီဂလီယာနီ">
    <owl:sameAs rdf:resource="http://dbpedia.org/resource/Amedeo_Modigliani" />
  </rdf:Description>
  <rdf:Description rdf:about="http://nn.dbpedia.org/resource/Amedeo_Modigliani">
    <owl:sameAs rdf:resource="http://dbpedia.org/resource/Amedeo_Modigliani" />
  </rdf:Description>
  <rdf:Description rdf:about="http://no.dbpedia.org/resource/Amedeo_Modigliani">
    <owl:sameAs rdf:resource="http://dbpedia.org/resource/Amedeo_Modigliani" />
  </rdf:Description>
  <rdf:Description rdf:about="http://oc.dbpedia.org/resource/Amadeo_Modigliani">
    <owl:sameAs rdf:resource="http://dbpedia.org/resource/Amedeo_Modigliani" />
  </rdf:Description>
  <rdf:Description rdf:about="http://qu.dbpedia.org/resource/Amedeo_Modigliani">
    <owl:sameAs rdf:resource="http://dbpedia.org/resource/Amedeo_Modigliani" />
  </rdf:Description>
  <rdf:Description rdf:about="http://ro.dbpedia.org/resource/Amedeo_Modigliani">
    <owl:sameAs rdf:resource="http://dbpedia.org/resource/Amedeo_Modigliani" />
  </rdf:Description>
  <rdf:Description rdf:about="http://scn.dbpedia.org/resource/Amedeu_Modigliani">
    <owl:sameAs rdf:resource="http://dbpedia.org/resource/Amedeo_Modigliani" />
  </rdf:Description>
  <rdf:Description rdf:about="http://sh.dbpedia.org/resource/Amedeo_Modigliani">
    <owl:sameAs rdf:resource="http://dbpedia.org/resource/Amedeo_Modigliani" />
  </rdf:Description>
  <rdf:Description rdf:about="http://sk.dbpedia.org/resource/Amedeo_Modigliani">
    <owl:sameAs rdf:resource="http://dbpedia.org/resource/Amedeo_Modigliani" />
  </rdf:Description>
  <rdf:Description rdf:about="http://sl.dbpedia.org/resource/Amedeo_Modigliani">
    <owl:sameAs rdf:resource="http://dbpedia.org/resource/Amedeo_Modigliani" />
  </rdf:Description>
  <rdf:Description rdf:about="http://sr.dbpedia.org/resource/Амедео_Модиљани">
    <owl:sameAs rdf:resource="http://dbpedia.org/resource/Amedeo_Modigliani" />
  </rdf:Description>
  <rdf:Description rdf:about="http://sv.dbpedia.org/resource/Amedeo_Modigliani">
    <owl:sameAs rdf:resource="http://dbpedia.org/resource/Amedeo_Modigliani" />
  </rdf:Description>
  <rdf:Description rdf:about="http://te.dbpedia.org/resource/అమేడియో_మొడిగ్లియాని">
    <owl:sameAs rdf:resource="http://dbpedia.org/resource/Amedeo_Modigliani" />
  </rdf:Description>
  <rdf:Description rdf:about="http://tr.dbpedia.org/resource/Amedeo_Modigliani">
    <owl:sameAs rdf:resource="http://dbpedia.org/resource/Amedeo_Modigliani" />
  </rdf:Description>
  <rdf:Description rdf:about="http://uk.dbpedia.org/resource/Амедео_Модільяні">
    <owl:sameAs rdf:resource="http://dbpedia.org/resource/Amedeo_Modigliani" />
  </rdf:Description>
  <rdf:Description rdf:about="http://vi.dbpedia.org/resource/Amedeo_Modigliani">
    <owl:sameAs rdf:resource="http://dbpedia.org/resource/Amedeo_Modigliani" />
  </rdf:Description>
  <rdf:Description rdf:about="http://xmf.dbpedia.org/resource/ამადეო_მოდილიანი">
    <owl:sameAs rdf:resource="http://dbpedia.org/resource/Amedeo_Modigliani" />
  </rdf:Description>
  <rdf:Description rdf:about="http://yi.dbpedia.org/resource/אמעדעא_מאדיליאני">
    <owl:sameAs rdf:resource="http://dbpedia.org/resource/Amedeo_Modigliani" />
  </rdf:Description>
  <rdf:Description rdf:about="http://bo.dbpedia.org/resource/ཨ་མེ་ཏིའོ་མོ་ཏིག་ལི་ཡ་ནི།">
    <owl:sameAs rdf:resource="http://dbpedia.org/resource/Amedeo_Modigliani" />
  </rdf:Description>
  <rdf:Description rdf:about="http://mt.dbpedia.org/resource/Amedeo_Modigliani">
    <owl:sameAs rdf:resource="http://dbpedia.org/resource/Amedeo_Modigliani" />
  </rdf:Description>
  <rdf:Description rdf:about="http://zh_min_nan.dbpedia.org/resource/Amedeo_Modigliani">
    <owl:sameAs rdf:resource="http://dbpedia.org/resource/Amedeo_Modigliani" />
  </rdf:Description>
  <rdf:Description rdf:about="http://wikidata.dbpedia.org/resource/Q120993">
    <owl:sameAs rdf:resource="http://dbpedia.org/resource/Amedeo_Modigliani" />
  </rdf:Description>
</rdf:RDF>
