<?xml version="1.0" encoding="utf-8" ?>
<rdf:RDF
	xmlns:rdf="http://www.w3.org/1999/02/22-rdf-syntax-ns#"
	xmlns:rdfs="http://www.w3.org/2000/01/rdf-schema#"
	xmlns:owl="http://www.w3.org/2002/07/owl#"
	xmlns:dcterms="http://purl.org/dc/terms/"
	xmlns:dbpedia-owl="http://dbpedia.org/ontology/"
	xmlns:foaf="http://xmlns.com/foaf/0.1/"
	xmlns:dbpprop="http://dbpedia.org/property/"
	xmlns:dc="http://purl.org/dc/elements/1.1/"
	xmlns:ns8="http://www.w3.org/ns/prov#" >
  <rdf:Description rdf:about="http://dbpedia.org/resource/George_Peter_Alexander_Healy">
    <dbpedia-owl:influencedBy rdf:resource="http://dbpedia.org/resource/Antoine-Jean_Gros" />
    <dbpprop:influencedBy rdf:resource="http://dbpedia.org/resource/Antoine-Jean_Gros" />
  </rdf:Description>
  <rdf:Description rdf:about="http://dbpedia.org/resource/Baron_Gros_Antoine-Jean">
    <dbpedia-owl:wikiPageRedirects rdf:resource="http://dbpedia.org/resource/Antoine-Jean_Gros" />
  </rdf:Description>
  <rdf:Description rdf:about="http://dbpedia.org/resource/Bonaparte_at_the_Pont_d&#39;Arcole">
    <dbpedia-owl:author rdf:resource="http://dbpedia.org/resource/Antoine-Jean_Gros" />
    <dbpprop:artist rdf:resource="http://dbpedia.org/resource/Antoine-Jean_Gros" />
  </rdf:Description>
  <rdf:Description rdf:about="http://dbpedia.org/resource/Antoine">
    <dbpedia-owl:wikiPageDisambiguates rdf:resource="http://dbpedia.org/resource/Antoine-Jean_Gros" />
  </rdf:Description>
  <rdf:Description rdf:about="http://cs.dbpedia.org/resource/Antoine-Jean_Gros">
    <owl:sameAs rdf:resource="http://dbpedia.org/resource/Antoine-Jean_Gros" />
  </rdf:Description>
  <rdf:Description rdf:about="http://ja.dbpedia.org/resource/アントワーヌ＝ジャン・グロ">
    <owl:sameAs rdf:resource="http://dbpedia.org/resource/Antoine-Jean_Gros" />
  </rdf:Description>
  <rdf:Description rdf:about="http://pl.dbpedia.org/resource/Antoine-Jean_Gros">
    <owl:sameAs rdf:resource="http://dbpedia.org/resource/Antoine-Jean_Gros" />
  </rdf:Description>
  <rdf:Description rdf:about="http://dbpedia.org/resource/Antoine-Jean_Gros">
    <rdf:type rdf:resource="http://dbpedia.org/ontology/Artist" />
    <rdf:type rdf:resource="http://dbpedia.org/ontology/Agent" />
    <rdf:type rdf:resource="http://xmlns.com/foaf/0.1/Person" />
    <rdf:type rdf:resource="http://dbpedia.org/ontology/Person" />
    <rdf:type rdf:resource="http://dbpedia.org/class/yago/Person100007846" />
    <rdf:type rdf:resource="http://dbpedia.org/class/yago/Leader109623038" />
    <rdf:type rdf:resource="http://dbpedia.org/class/yago/ArtistsFromParis" />
    <rdf:type rdf:resource="http://dbpedia.org/class/yago/Enrollee110059162" />
    <rdf:type rdf:resource="http://umbel.org/umbel/rc/Artist" />
    <rdf:type rdf:resource="http://dbpedia.org/class/yago/LivingThing100004258" />
    <rdf:type rdf:resource="http://dbpedia.org/class/yago/Student110665698" />
    <rdf:type rdf:resource="http://dbpedia.org/class/yago/ArtistsWhoCommittedSuicide" />
    <rdf:type rdf:resource="http://dbpedia.org/class/yago/Painter110391653" />
    <rdf:type rdf:resource="http://dbpedia.org/class/yago/YagoLegalActorGeo" />
    <rdf:type rdf:resource="http://dbpedia.org/class/yago/PhysicalEntity100001930" />
    <rdf:type rdf:resource="http://dbpedia.org/class/yago/Artist109812338" />
    <rdf:type rdf:resource="http://dbpedia.org/class/yago/PupilsOfAntoine-JeanGros" />
    <rdf:type rdf:resource="http://dbpedia.org/class/yago/Creator109614315" />
    <rdf:type rdf:resource="http://dbpedia.org/class/yago/Object100002684" />
    <rdf:type rdf:resource="http://dbpedia.org/class/yago/MaleAristocrat110285135" />
    <rdf:type rdf:resource="http://dbpedia.org/class/yago/CausalAgent100007347" />
    <rdf:type rdf:resource="http://dbpedia.org/class/yago/Organism100004475" />
    <rdf:type rdf:resource="http://dbpedia.org/class/yago/KnightsOfTheOrderOfSaintMichael" />
    <rdf:type rdf:resource="http://dbpedia.org/class/yago/YagoLegalActor" />
    <rdf:type rdf:resource="http://dbpedia.org/class/yago/Knight110238375" />
    <rdf:type rdf:resource="http://dbpedia.org/class/yago/Aristocrat109807754" />
    <rdf:type rdf:resource="http://schema.org/Person" />
    <rdf:type rdf:resource="http://dbpedia.org/class/yago/PupilsOfJacques-LouisDavid" />
    <rdf:type rdf:resource="http://www.w3.org/2002/07/owl#Thing" />
    <rdf:type rdf:resource="http://dbpedia.org/class/yago/Whole100003553" />
    <rdf:type rdf:resource="http://dbpedia.org/class/yago/FrenchNeoclassicalPainters" />
    <owl:sameAs rdf:resource="http://www.wikidata.org/entity/Q216999" />
    <owl:sameAs rdf:resource="http://eo.dbpedia.org/resource/Antoine-Jean_Gros" />
    <owl:sameAs rdf:resource="http://yago-knowledge.org/resource/Antoine-Jean_Gros" />
    <owl:sameAs rdf:resource="http://sv.dbpedia.org/resource/Antoine-Jean_Gros" />
    <owl:sameAs rdf:resource="http://it.dbpedia.org/resource/Antoine-Jean_Gros" />
    <owl:sameAs rdf:resource="http://he.dbpedia.org/resource/ז&#39;אן_אנטואן_גרו" />
    <owl:sameAs rdf:resource="http://pl.dbpedia.org/resource/Antoine-Jean_Gros" />
    <owl:sameAs rdf:resource="http://hr.dbpedia.org/resource/Antoine-Jean_Gros" />
    <owl:sameAs rdf:resource="http://fr.dbpedia.org/resource/Antoine-Jean_Gros" />
    <owl:sameAs rdf:resource="http://zh.dbpedia.org/resource/安托万-让·格罗" />
    <owl:sameAs rdf:resource="http://ko.dbpedia.org/resource/앙투안_장_그로" />
    <owl:sameAs rdf:resource="http://cs.dbpedia.org/resource/Antoine-Jean_Gros" />
    <owl:sameAs rdf:resource="http://eu.dbpedia.org/resource/Antoine-Jean_Gros" />
    <owl:sameAs rdf:resource="http://es.dbpedia.org/resource/Antoine-Jean_Gros" />
    <owl:sameAs rdf:resource="http://nl.dbpedia.org/resource/Antoine-Jean_Gros" />
    <owl:sameAs rdf:resource="http://hu.dbpedia.org/resource/Antoine-Jean_Gros" />
    <owl:sameAs rdf:resource="http://nn.dbpedia.org/resource/Antoine-Jean_Gros" />
    <owl:sameAs rdf:resource="http://ru.dbpedia.org/resource/Гро,_Антуан_Жан" />
    <owl:sameAs rdf:resource="http://fa.dbpedia.org/resource/آنتوئن_ژان_گروس" />
    <owl:sameAs rdf:resource="http://tr.dbpedia.org/resource/Antoine-Jean_Gros" />
    <owl:sameAs rdf:resource="http://ro.dbpedia.org/resource/Antoine-Jean_Gros" />
    <owl:sameAs rdf:resource="http://de.dbpedia.org/resource/Antoine-Jean_Gros" />
    <owl:sameAs rdf:resource="http://da.dbpedia.org/resource/Antoine-Jean_Gros" />
    <owl:sameAs rdf:resource="http://rdf.freebase.com/ns/m.03hhnc" />
    <owl:sameAs rdf:resource="http://lt.dbpedia.org/resource/Antoine-Jean_Gros" />
    <owl:sameAs rdf:resource="http://dbpedia.org/resource/Antoine-Jean_Gros" />
    <owl:sameAs rdf:resource="http://gl.dbpedia.org/resource/Antoine-Jean_Gros" />
    <owl:sameAs rdf:resource="http://ja.dbpedia.org/resource/アントワーヌ＝ジャン・グロ" />
    <owl:sameAs rdf:resource="http://pt.dbpedia.org/resource/Antoine-Jean_Gros" />
    <dcterms:subject rdf:resource="http://dbpedia.org/resource/Category:Members_of_the_Acad%C3%A9mie_des_beaux-arts" />
    <dcterms:subject rdf:resource="http://dbpedia.org/resource/Category:1835_deaths" />
    <dcterms:subject rdf:resource="http://dbpedia.org/resource/Category:University_of_Paris_alumni" />
    <dcterms:subject rdf:resource="http://dbpedia.org/resource/Category:Artists_from_Paris" />
    <dcterms:subject rdf:resource="http://dbpedia.org/resource/Category:Pupils_of_Jacques-Louis_David" />
    <dcterms:subject rdf:resource="http://dbpedia.org/resource/Category:French_neoclassical_painters" />
    <dcterms:subject rdf:resource="http://dbpedia.org/resource/Category:Artists_who_committed_suicide" />
    <dcterms:subject rdf:resource="http://dbpedia.org/resource/Category:Barons_of_France" />
    <dcterms:subject rdf:resource="http://dbpedia.org/resource/Category:Suicides_in_France" />
    <dcterms:subject rdf:resource="http://dbpedia.org/resource/Category:1771_births" />
    <dcterms:subject rdf:resource="http://dbpedia.org/resource/Category:Knights_of_the_Order_of_Saint_Michael" />
    <dcterms:subject rdf:resource="http://dbpedia.org/resource/Category:Pupils_of_Antoine-Jean_Gros" />
    <dbpedia-owl:abstract xml:lang="nl">Antoine-Jean Gros was een Frans kunstschilder, werkend in de traditie van het heersende neoclassicisme, maar met een hang naar de romantiek. Hij vervaardigde portretten en historische taferelen, met name de veldslagen en overwinningen van Napoleon Bonaparte, waarmee hij grote faam verwierf. Gros was een zoon van de miniatuurschilder Jean-Antoine Gros. Hij leerde al op jeugdige leeftijd tekenen. Al in 1785 werd hij leerling van Jacques-Louis David, met wie hij bevriend raakte en die hem sterk beïnvloedde. In 1787 ging hij naar de Parijse École de L&#39;Académie de Peinture. In 1793 ontvluchtte Gros met hulp van David de troebelen van de aan de gang zijnde Revolutie. Hij ging naar Italië, waar hij verbleef in Genua en enige tijd in Florence. Hij bestudeerde er het werk van onder meer Anthony van Dyck en Peter Paul Rubens. In Genua ontmoette hij Joséphine de Beauharnais, de vrouw van Napoleon. Zij bracht hem in contact met de aanstaande keizer, die hem de opdracht gaf voor wat zijn eerste grote werk zou worden: Bonaparte bij de brug van Arcole. Het (geromantiseerde) werk viel zeer in de smaak bij Napoleon en deze gaf hem de functie van &#39;inspecteur aux revues&#39;, waardoor hij Napoleon kon volgen op zijn veldtochten en tevens kunstwerken kon selecteren voor opname in het Louvre. In 1802 kreeg hij de prijs voor de schilderkunst voor zijn werk Slag bij Nazareth. Het werk Bonaparte bij de pestlijders van Jaffa werd tentoongesteld in de Salon van 1804 en bezorgde hem veel succes. Het hier afgebeelde werk over de slag bij Eylau bezorgde hem de functie van portrettist van de keizerlijke familie. In 1811 kreeg hij opdracht de koepel van het Panthéon te beschilderen. Dit werk voltooide hij pas in 1824. Na de val van Napoleon nam Gros de studio van de uitgeweken David over. Hij werd hofschilder van de Bourbons, die na de val van de keizer in ere waren hersteld. Hij verwierf daarbij de titel van baron. Zijn romantische touch verruilde hij voor de klassieke van David. Afgezien van enkele opvallende portretten, schilderde hij nog mythologische taferelen en grote werken als de beschildering van het plafond in de Egyptische kamer in het Louvre (1824). Als gevolg van toenemende kritiek, ook van David, geraakte Gros in een depressie en uiteindelijk pleegde hij zelfmoord door zich te verdrinken in een zijrivier van de Seine.</dbpedia-owl:abstract>
    <dbpedia-owl:abstract xml:lang="de">Antoine-Jean Gros war ein französischer Maler des Klassizismus. Gros ist bekannt für seine historischen Gemälde, die den Aufstieg Napoleons I. festhalten. Sein Vater Jean Antoine Gros (1732–1786) war ein bekannter Miniaturenmaler und erteilte seinem Sohn Unterricht. Ab dem Jahr 1785 lernte Gros bei Jacques-Louis David, ab 1787 besuchte er die École de L&#39;Académie de Peinture. Durch den Tod des Vaters und die Französische Revolution zum Gelderwerb gezwungen, malte er zunächst Bildnisse und mythologische Szenen. 1793 floh er nach Italien, nachdem er royalistischer Umtriebe verdächtigt wurde, und lebte bis 1794 in Genua und Florenz, zwei weitere Jahre ausschließlich in Genua. 1796 traf er erstmals mit Napoleon Bonaparte in Mailand zusammen, der ihm den Auftrag zu dem Gemälde Napoleon auf der Brücke von Arcole erteilte, das in zwei Fassungen 1796 und 1797 entstand. Im Jahr 1799 kehrte Gros über Antibes und Marseille nach Frankreich zurück und malte fortan mit großem Erfolg realistische, die Kriegstaten Napoleons verherrlichende Schlachtenbilder, daneben Bildnisse. Von 1811 bis 1824 ist er mit dem Ausmalen der Pantheon-Kuppel beschäftigt; von 1927 bis 1893 schuf er ein Deckengemälde für den Louvre. Mit seinem Werk Napoleon auf dem Schlachtfeld von Preußisch-Eylau (1808, Louvre) gewann er einen von D. V. Dermont veranstalteten Wettbewerb; das Gemälde gilt heute als Gros´ Hauptwerk. Ein weiteres bedeutendes Werk des Malers wird das vom König in Auftrag gegebene und heute im Musée National von Versailles befindliche Gemälde Ludwig XVIII. nimmt Abschied von seinen Getreuen (1817) bezeichnet. Es war Gros´ letztes großes Historienbild mit epischem Charakter. Als Nachfolger Davids gilt Gros als Hauptvertreter der klassizistischen Schule, bekämpft von den Romantikern. Nach Depressionen beging er 1835 in einem Nebenarm der Seine Suizid.</dbpedia-owl:abstract>
    <dbpedia-owl:abstract xml:lang="sv">Antoine Jean Gros, född 1771 i Paris, död 25 juni 1835 i Sèvres, var en fransk målare. Gros tidiga verk utövade ett stort inflytande på den franska romantikens utveckling. Så småningom, genom studier för Jacques-Louis David och en intellektuell dragning till klassicismen, kvävdes hans temperamentsfulla förkärlek för romantiken, och efter Davids död (1825) övertog han ledningen för den omoderna klassiska skolan. Från 1793 vistades Gros i Italien, där han i Milano kom i kontakt med Napoleon och målade honom i spetsen för grenadjärerna slaget vid Arcole, det första hjälteportättet av Napoleon. Han fick därefter uppdraget av för statens räkning välja ut konstverk i Italien för Louvren. 1801 återvände han till Paris och ägnade sig åt den samtida historiebilden och målade uteslutande motiv från Napoleons fälttåg såsom Napoleon besöker de pestsmittade i Jaffa (1804, Louvren) och Slaget vid Aboukir (1806) och Napoleon på slagfältet vid Eylau (1808). I dessa målningar bröt han med Davidskolans kompositionsschema och visade en ny, realistisk uppfattning och en kraftig färggivning. Han kom härigenom att få stor betydelse för den kommande konstutvecklingen. På höjden av sitt konstnärliga skapande står han i målningar som Frans I och Karl V i Saint Denis (1812, Louvren) och Hertiginnan av Angoulême flykt (1819, Bordeaux) samt i en rad utmärkta porträtt, bland annat av Joachim Murat. I Panthéons kupol målade han fresker. Hans konst visade mot slutet av hans liv en avmattning i kreativitet, och utsattes för kritik av yngre konstnärer. I sorg däröver dränkte Gros sig i Seine.</dbpedia-owl:abstract>
    <dbpedia-owl:abstract xml:lang="fr">Antoine-Jean Gros, baron Gros, né à Paris le 16 mars 1771 et mort le 25 juin 1835 à Meudon à l&#39;âge de 64 ans, est un peintre français néoclassique et préromantique.</dbpedia-owl:abstract>
    <dbpedia-owl:abstract xml:lang="it">Allievo di Jacques-Louis David, si orienta al contrario del maestro verso una pittura di storia drammatica e spesso antieroica.</dbpedia-owl:abstract>
    <dbpedia-owl:abstract xml:lang="es">Antoine-Jean Gros, fue un pintor francés y miembro de la nobleza (barón). Su pintura inicialmente neoclásica se acercó luego al romanticismo atraído por su fuerza y expresividad dramática. Su maestro fue el pintor y amigo Jacques-Louis David. Es conocido por sus pinturas históricas en las que Napoleón aparece frecuentemente como protagonista.</dbpedia-owl:abstract>
    <dbpedia-owl:abstract xml:lang="en">Baron Antoine-Jean Gros (16 March 1771 – 25 June 1835), also known as Jean-Antoine Gros, was both a French history and neoclassical painter.</dbpedia-owl:abstract>
    <dbpedia-owl:abstract xml:lang="ru">Антуан-Жан Гро — французский художник-академист, который снискал известность изображениями побед наполеоновской армии и внёс, таким образом, заметный вклад в формирование героического мифа о Наполеоне.</dbpedia-owl:abstract>
    <dbpedia-owl:abstract xml:lang="zh">安托万-让·格罗（Antoine-Jean Gros，1771年3月16日－1835年6月25日），法国古典主义历史画家。</dbpedia-owl:abstract>
    <dbpedia-owl:abstract xml:lang="pl">Antoine-Jean Gros – francuski malarz neoklasycystyczny, prekursor romantyzmu. W 1827 roku otrzymał tytuł barona. Urodził się w rodzinie malarza miniaturzysty, później studiował w pracowni Davida. W 1793 wyjechał do Włoch i w 1796 poznał Napoleona Bonaparte. Wstąpił do armii francuskiej i został jej oficjalnym malarzem. Obrazy z tego okresu uważane są za najlepsze prace malarza, m. in. Bonaparte na moście pod Arcole, Napoleon odwiedza zadżumionych w Jaffie, Napoleon na polu bitwy pod Pruską Iławą i Bitwa pod Abukirem. Prace te odznaczają się dramatyczną kompozycją, realistyczną formą i bogatą kolorystyką świadczącą o inspiracji pracami Rubensa. Po upadku Napoleona artysta zachował swoją wysoką pozycję, w 1815 został członkiem Académie des Beaux-Arts, a w 1816 przejął pracownię Davida, który udał się na wygnanie. W roku 1824 wykończył dekorację kopuły Panteonu w Paryżu, w tym czasie powrócił do malarstwa neoklasycystycznego, jednak bez powodzenia. Malował też cenione portrety, również Polaków m. in. Stanisława Małachowskiego i Juliana Ursyna Niemcewicza. Pod koniec życia był ostro krytykowany za konserwatyzm, co doprowadziło go do samobójstwa w 1835. Antoine-Jean Gros uważany jest obecnie za prekursora romantyzmu w malarstwie. Wywarł wpływ na wielu twórców, m. in. Théodore&#39;a Géricaulta, Eugène&#39;a Delacroix i Richarda Parkesa Boningtona. Jego uczniami byli m. in. Rafał Hadziewicz, Jan Kanty Szwedkowski i J. Maliński.</dbpedia-owl:abstract>
    <dbpedia-owl:abstract xml:lang="ja">アントワーヌ＝ジャン・グロ（Antoine-Jean Gros, 1771年3月16日 - 1835年6月25日）は、フランスの画家。</dbpedia-owl:abstract>
    <dbpedia-owl:abstract xml:lang="pt">Antoine-Jean Grosso nasceu em Paris e é um dos representantes do romantismo francês. Iniciou sua formação com o pai, um pintor de miniaturas, mas aos 17 anos, começou a estudar com David, que seria seu mestre e o crítico mais severo ao longo de toda a sua carreira. Seus primeiros quadros foram retratos e cenas mitológicas, algo que, com toda a certeza, tinha sido decisão do mestre. Depois da Revolução Francesa, fugiu para a Itália, acusado de monarquista. Em Milão foi apresentado a Bonaparte por Josefina de Beauharnais. Em 1801 ganhou o primeiro prêmio no concurso organizado por Napoleão com o quadro A Batalha de Nazaré, no qual o pintor revela a grande admiração que tinha pelo militar. Seu estilo a essa altura se diferencia do de David. A cena é dinâmica, dramática, cheia de vida. A cor tem predominância sobre o traço, e a perspectiva orienta o olhar do espectador para todo o campo de batalha. É esta obra que precede o romantismo mais puro de Delacroix e Géricault. O mesmo acontece com seus quadros Campo de Batalha de Eylau, ou Napoleão visitando as vítimas da peste de Jaffa. A realidade e o mito compartilham a cena, convivem de maneira escandalosa, traduzindo a contradição da própria vida - a mesma contradição que levou Gros a pôr fim à vida nas águas do Sena.</dbpedia-owl:abstract>
    <dbpedia-owl:birthDate rdf:datatype="http://www.w3.org/2001/XMLSchema#date">1771-03-16</dbpedia-owl:birthDate>
    <dbpedia-owl:birthPlace rdf:resource="http://dbpedia.org/resource/Paris" />
    <dbpedia-owl:deathDate rdf:datatype="http://www.w3.org/2001/XMLSchema#date">1835-06-25</dbpedia-owl:deathDate>
    <dbpedia-owl:deathPlace rdf:resource="http://dbpedia.org/resource/Meudon" />
    <dbpedia-owl:field rdf:resource="http://dbpedia.org/resource/Painting" />
    <dbpedia-owl:individualisedPnd xml:lang="de">118718975</dbpedia-owl:individualisedPnd>
    <dbpedia-owl:training rdf:resource="http://dbpedia.org/resource/Coll%C3%A8ge_des_Quatre-Nations" />
    <dbpedia-owl:wikiPageID rdf:datatype="http://www.w3.org/2001/XMLSchema#integer">854593</dbpedia-owl:wikiPageID>
    <dbpedia-owl:wikiPageRevisionID rdf:datatype="http://www.w3.org/2001/XMLSchema#integer">547996592</dbpedia-owl:wikiPageRevisionID>
    <rdfs:label xml:lang="de">Antoine-Jean Gros</rdfs:label>
    <rdfs:label xml:lang="fr">Antoine-Jean Gros</rdfs:label>
    <rdfs:label xml:lang="pl">Antoine-Jean Gros</rdfs:label>
    <rdfs:label xml:lang="ru">Гро, Антуан Жан</rdfs:label>
    <rdfs:label xml:lang="es">Antoine-Jean Gros</rdfs:label>
    <rdfs:label xml:lang="nl">Antoine-Jean Gros</rdfs:label>
    <rdfs:label xml:lang="en">Antoine-Jean Gros</rdfs:label>
    <rdfs:label xml:lang="pt">Antoine-Jean Gros</rdfs:label>
    <rdfs:label xml:lang="zh">安托万-让·格罗</rdfs:label>
    <rdfs:label xml:lang="sv">Antoine-Jean Gros</rdfs:label>
    <rdfs:label xml:lang="it">Antoine-Jean Gros</rdfs:label>
    <rdfs:label xml:lang="ja">アントワーヌ＝ジャン・グロ</rdfs:label>
    <foaf:depiction rdf:resource="http://upload.wikimedia.org/wikipedia/commons/a/a8/Antoine-Jean_Gros.jpg" />
    <rdfs:comment xml:lang="it">Allievo di Jacques-Louis David, si orienta al contrario del maestro verso una pittura di storia drammatica e spesso antieroica.</rdfs:comment>
    <rdfs:comment xml:lang="sv">Antoine Jean Gros, född 1771 i Paris, död 25 juni 1835 i Sèvres, var en fransk målare. Gros tidiga verk utövade ett stort inflytande på den franska romantikens utveckling. Så småningom, genom studier för Jacques-Louis David och en intellektuell dragning till klassicismen, kvävdes hans temperamentsfulla förkärlek för romantiken, och efter Davids död (1825) övertog han ledningen för den omoderna klassiska skolan.</rdfs:comment>
    <rdfs:comment xml:lang="pt">Antoine-Jean Grosso nasceu em Paris e é um dos representantes do romantismo francês. Iniciou sua formação com o pai, um pintor de miniaturas, mas aos 17 anos, começou a estudar com David, que seria seu mestre e o crítico mais severo ao longo de toda a sua carreira. Seus primeiros quadros foram retratos e cenas mitológicas, algo que, com toda a certeza, tinha sido decisão do mestre. Depois da Revolução Francesa, fugiu para a Itália, acusado de monarquista.</rdfs:comment>
    <rdfs:comment xml:lang="es">Antoine-Jean Gros, fue un pintor francés y miembro de la nobleza (barón). Su pintura inicialmente neoclásica se acercó luego al romanticismo atraído por su fuerza y expresividad dramática. Su maestro fue el pintor y amigo Jacques-Louis David. Es conocido por sus pinturas históricas en las que Napoleón aparece frecuentemente como protagonista.</rdfs:comment>
    <rdfs:comment xml:lang="de">Antoine-Jean Gros war ein französischer Maler des Klassizismus. Gros ist bekannt für seine historischen Gemälde, die den Aufstieg Napoleons I. festhalten. Sein Vater Jean Antoine Gros (1732–1786) war ein bekannter Miniaturenmaler und erteilte seinem Sohn Unterricht. Ab dem Jahr 1785 lernte Gros bei Jacques-Louis David, ab 1787 besuchte er die École de L&#39;Académie de Peinture.</rdfs:comment>
    <rdfs:comment xml:lang="fr">Antoine-Jean Gros, baron Gros, né à Paris le 16 mars 1771 et mort le 25 juin 1835 à Meudon à l&#39;âge de 64 ans, est un peintre français néoclassique et préromantique.</rdfs:comment>
    <rdfs:comment xml:lang="nl">Antoine-Jean Gros was een Frans kunstschilder, werkend in de traditie van het heersende neoclassicisme, maar met een hang naar de romantiek. Hij vervaardigde portretten en historische taferelen, met name de veldslagen en overwinningen van Napoleon Bonaparte, waarmee hij grote faam verwierf. Gros was een zoon van de miniatuurschilder Jean-Antoine Gros. Hij leerde al op jeugdige leeftijd tekenen.</rdfs:comment>
    <rdfs:comment xml:lang="en">Baron Antoine-Jean Gros (16 March 1771 – 25 June 1835), also known as Jean-Antoine Gros, was both a French history and neoclassical painter.</rdfs:comment>
    <rdfs:comment xml:lang="pl">Antoine-Jean Gros – francuski malarz neoklasycystyczny, prekursor romantyzmu. W 1827 roku otrzymał tytuł barona. Urodził się w rodzinie malarza miniaturzysty, później studiował w pracowni Davida. W 1793 wyjechał do Włoch i w 1796 poznał Napoleona Bonaparte. Wstąpił do armii francuskiej i został jej oficjalnym malarzem. Obrazy z tego okresu uważane są za najlepsze prace malarza, m. in.</rdfs:comment>
    <rdfs:comment xml:lang="ja">アントワーヌ＝ジャン・グロ（Antoine-Jean Gros, 1771年3月16日 - 1835年6月25日）は、フランスの画家。</rdfs:comment>
    <rdfs:comment xml:lang="ru">Антуан-Жан Гро — французский художник-академист, который снискал известность изображениями побед наполеоновской армии и внёс, таким образом, заметный вклад в формирование героического мифа о Наполеоне.</rdfs:comment>
    <rdfs:comment xml:lang="zh">安托万-让·格罗（Antoine-Jean Gros，1771年3月16日－1835年6月25日），法国古典主义历史画家。</rdfs:comment>
    <foaf:name xml:lang="en">Gros, Antoine-Jean, Baron</foaf:name>
    <foaf:name xml:lang="en">Antoine-Jean Gros</foaf:name>
    <dbpedia-owl:thumbnail rdf:resource="http://upload.wikimedia.org/wikipedia/commons/thumb/a/a8/Antoine-Jean_Gros.jpg/200px-Antoine-Jean_Gros.jpg" />
    <dbpprop:alias xml:lang="en">Baron</dbpprop:alias>
    <dbpprop:bgcolour xml:lang="en">#6495ED</dbpprop:bgcolour>
    <dbpprop:birthDate rdf:datatype="http://www.w3.org/2001/XMLSchema#date">1771-03-16</dbpprop:birthDate>
    <dbpprop:birthPlace rdf:resource="http://dbpedia.org/resource/Paris" />
    <dbpprop:caption xml:lang="en">Antoine-Jean Gros,</dbpprop:caption>
    <dbpprop:caption xml:lang="en">by L. Massard after François Gérard</dbpprop:caption>
    <dbpprop:dateOfBirth rdf:datatype="http://www.w3.org/2001/XMLSchema#integer">16</dbpprop:dateOfBirth>
    <dbpprop:dateOfDeath rdf:datatype="http://www.w3.org/2001/XMLSchema#integer">25</dbpprop:dateOfDeath>
    <dbpprop:deathDate rdf:datatype="http://www.w3.org/2001/XMLSchema#gMonthDay">--06-25</dbpprop:deathDate>
    <dbpprop:deathPlace xml:lang="en">near Meudon</dbpprop:deathPlace>
    <dbpprop:field rdf:resource="http://dbpedia.org/resource/Painting" />
    <dbpprop:imagesize rdf:datatype="http://www.w3.org/2001/XMLSchema#integer">200</dbpprop:imagesize>
    <dbpprop:name xml:lang="en">Antoine-Jean Gros</dbpprop:name>
    <dbpprop:name xml:lang="en">Gros, Antoine-Jean, Baron</dbpprop:name>
    <dbpprop:placeOfBirth rdf:resource="http://dbpedia.org/resource/Paris" />
    <dbpprop:placeOfDeath xml:lang="en">near Meudon</dbpprop:placeOfDeath>
    <dbpprop:shortDescription xml:lang="en">French painter</dbpprop:shortDescription>
    <dbpprop:training rdf:resource="http://dbpedia.org/resource/Coll%C3%A8ge_des_Quatre-Nations" />
    <foaf:isPrimaryTopicOf rdf:resource="http://en.wikipedia.org/wiki/Antoine-Jean_Gros" />
    <dc:description xml:lang="en">French painter</dc:description>
    <ns8:wasDerivedFrom rdf:resource="http://en.wikipedia.org/wiki/Antoine-Jean_Gros?oldid=547996592" />
    <dbpprop:hasPhotoCollection rdf:resource="http://wifo5-03.informatik.uni-mannheim.de/flickrwrappr/photos/Antoine-Jean_Gros" />
  </rdf:Description>
  <rdf:Description rdf:about="http://it.dbpedia.org/resource/Antoine-Jean_Gros">
    <owl:sameAs rdf:resource="http://dbpedia.org/resource/Antoine-Jean_Gros" />
  </rdf:Description>
  <rdf:Description rdf:about="http://ko.dbpedia.org/resource/앙투안_장_그로">
    <owl:sameAs rdf:resource="http://dbpedia.org/resource/Antoine-Jean_Gros" />
  </rdf:Description>
  <rdf:Description rdf:about="http://pt.dbpedia.org/resource/Antoine-Jean_Gros">
    <owl:sameAs rdf:resource="http://dbpedia.org/resource/Antoine-Jean_Gros" />
  </rdf:Description>
  <rdf:Description rdf:about="http://de.dbpedia.org/resource/Antoine-Jean_Gros">
    <owl:sameAs rdf:resource="http://dbpedia.org/resource/Antoine-Jean_Gros" />
  </rdf:Description>
  <rdf:Description rdf:about="http://fr.dbpedia.org/resource/Antoine-Jean_Gros">
    <owl:sameAs rdf:resource="http://dbpedia.org/resource/Antoine-Jean_Gros" />
  </rdf:Description>
  <rdf:Description rdf:about="http://dbpedia.org/resource/Gustave_Courbet">
    <dbpedia-owl:training rdf:resource="http://dbpedia.org/resource/Antoine-Jean_Gros" />
    <dbpprop:training rdf:resource="http://dbpedia.org/resource/Antoine-Jean_Gros" />
  </rdf:Description>
  <rdf:Description rdf:about="http://dbpedia.org/resource/Bonaparte_Visiting_the_Plague_Victims_of_Jaffa">
    <dbpedia-owl:author rdf:resource="http://dbpedia.org/resource/Antoine-Jean_Gros" />
    <dbpprop:artist rdf:resource="http://dbpedia.org/resource/Antoine-Jean_Gros" />
  </rdf:Description>
  <rdf:Description rdf:about="http://dbpedia.org/resource/Antoine_Jean_Gros">
    <dbpedia-owl:wikiPageRedirects rdf:resource="http://dbpedia.org/resource/Antoine-Jean_Gros" />
  </rdf:Description>
  <rdf:Description rdf:about="http://dbpedia.org/resource/L%C3%A9on_Riesener">
    <dbpedia-owl:training rdf:resource="http://dbpedia.org/resource/Antoine-Jean_Gros" />
  </rdf:Description>
  <rdf:Description rdf:about="http://es.dbpedia.org/resource/Antoine-Jean_Gros">
    <owl:sameAs rdf:resource="http://dbpedia.org/resource/Antoine-Jean_Gros" />
  </rdf:Description>
  <rdf:Description rdf:about="http://dbpedia.org/resource/Antoine_Gros">
    <dbpedia-owl:wikiPageRedirects rdf:resource="http://dbpedia.org/resource/Antoine-Jean_Gros" />
  </rdf:Description>
  <rdf:Description rdf:about="http://dbpedia.org/resource/Antoine-Jean,_Baron_Gros">
    <dbpedia-owl:wikiPageRedirects rdf:resource="http://dbpedia.org/resource/Antoine-Jean_Gros" />
  </rdf:Description>
  <rdf:Description rdf:about="http://dbpedia.org/resource/Gros">
    <dbpedia-owl:wikiPageDisambiguates rdf:resource="http://dbpedia.org/resource/Antoine-Jean_Gros" />
  </rdf:Description>
  <rdf:Description rdf:about="http://en.wikipedia.org/wiki/Antoine-Jean_Gros">
    <foaf:primaryTopic rdf:resource="http://dbpedia.org/resource/Antoine-Jean_Gros" />
  </rdf:Description>
  <rdf:Description rdf:about="http://dbpedia.org/resource/Antoine_Jean,_Baron_Gros">
    <dbpedia-owl:wikiPageRedirects rdf:resource="http://dbpedia.org/resource/Antoine-Jean_Gros" />
  </rdf:Description>
  <rdf:Description rdf:about="http://dbpedia.org/resource/Baron_Gros">
    <dbpedia-owl:wikiPageRedirects rdf:resource="http://dbpedia.org/resource/Antoine-Jean_Gros" />
  </rdf:Description>
  <rdf:Description rdf:about="http://dbpedia.org/resource/Jean-Antoine_Gros">
    <dbpedia-owl:wikiPageRedirects rdf:resource="http://dbpedia.org/resource/Antoine-Jean_Gros" />
  </rdf:Description>
  <rdf:Description rdf:about="http://ru.dbpedia.org/resource/Гро,_Антуан_Жан">
    <owl:sameAs rdf:resource="http://dbpedia.org/resource/Antoine-Jean_Gros" />
  </rdf:Description>
  <rdf:Description rdf:about="http://nl.dbpedia.org/resource/Antoine-Jean_Gros">
    <owl:sameAs rdf:resource="http://dbpedia.org/resource/Antoine-Jean_Gros" />
  </rdf:Description>
  <rdf:Description rdf:about="http://eu.dbpedia.org/resource/Antoine-Jean_Gros">
    <owl:sameAs rdf:resource="http://dbpedia.org/resource/Antoine-Jean_Gros" />
  </rdf:Description>
  <rdf:Description rdf:about="http://wikidata.dbpedia.org/resource/Q216999">
    <owl:sameAs rdf:resource="http://dbpedia.org/resource/Antoine-Jean_Gros" />
  </rdf:Description>
  <rdf:Description rdf:about="http://zh.dbpedia.org/resource/安托万-让·格罗">
    <owl:sameAs rdf:resource="http://dbpedia.org/resource/Antoine-Jean_Gros" />
  </rdf:Description>
  <rdf:Description rdf:about="http://da.dbpedia.org/resource/Antoine-Jean_Gros">
    <owl:sameAs rdf:resource="http://dbpedia.org/resource/Antoine-Jean_Gros" />
  </rdf:Description>
  <rdf:Description rdf:about="http://eo.dbpedia.org/resource/Antoine-Jean_Gros">
    <owl:sameAs rdf:resource="http://dbpedia.org/resource/Antoine-Jean_Gros" />
  </rdf:Description>
  <rdf:Description rdf:about="http://fa.dbpedia.org/resource/آنتوئن_ژان_گروس">
    <owl:sameAs rdf:resource="http://dbpedia.org/resource/Antoine-Jean_Gros" />
  </rdf:Description>
  <rdf:Description rdf:about="http://gl.dbpedia.org/resource/Antoine-Jean_Gros">
    <owl:sameAs rdf:resource="http://dbpedia.org/resource/Antoine-Jean_Gros" />
  </rdf:Description>
  <rdf:Description rdf:about="http://he.dbpedia.org/resource/ז&#39;אן_אנטואן_גרו">
    <owl:sameAs rdf:resource="http://dbpedia.org/resource/Antoine-Jean_Gros" />
  </rdf:Description>
  <rdf:Description rdf:about="http://hr.dbpedia.org/resource/Antoine-Jean_Gros">
    <owl:sameAs rdf:resource="http://dbpedia.org/resource/Antoine-Jean_Gros" />
  </rdf:Description>
  <rdf:Description rdf:about="http://hu.dbpedia.org/resource/Antoine-Jean_Gros">
    <owl:sameAs rdf:resource="http://dbpedia.org/resource/Antoine-Jean_Gros" />
  </rdf:Description>
  <rdf:Description rdf:about="http://lt.dbpedia.org/resource/Antoine-Jean_Gros">
    <owl:sameAs rdf:resource="http://dbpedia.org/resource/Antoine-Jean_Gros" />
  </rdf:Description>
  <rdf:Description rdf:about="http://nn.dbpedia.org/resource/Antoine-Jean_Gros">
    <owl:sameAs rdf:resource="http://dbpedia.org/resource/Antoine-Jean_Gros" />
  </rdf:Description>
  <rdf:Description rdf:about="http://ro.dbpedia.org/resource/Antoine-Jean_Gros">
    <owl:sameAs rdf:resource="http://dbpedia.org/resource/Antoine-Jean_Gros" />
  </rdf:Description>
  <rdf:Description rdf:about="http://sv.dbpedia.org/resource/Antoine-Jean_Gros">
    <owl:sameAs rdf:resource="http://dbpedia.org/resource/Antoine-Jean_Gros" />
  </rdf:Description>
  <rdf:Description rdf:about="http://tr.dbpedia.org/resource/Antoine-Jean_Gros">
    <owl:sameAs rdf:resource="http://dbpedia.org/resource/Antoine-Jean_Gros" />
  </rdf:Description>
</rdf:RDF>
