<?xml version="1.0" encoding="utf-8" ?>
<rdf:RDF
	xmlns:rdf="http://www.w3.org/1999/02/22-rdf-syntax-ns#"
	xmlns:rdfs="http://www.w3.org/2000/01/rdf-schema#"
	xmlns:owl="http://www.w3.org/2002/07/owl#"
	xmlns:dcterms="http://purl.org/dc/terms/"
	xmlns:dbpedia-owl="http://dbpedia.org/ontology/"
	xmlns:foaf="http://xmlns.com/foaf/0.1/"
	xmlns:dbpprop="http://dbpedia.org/property/"
	xmlns:dc="http://purl.org/dc/elements/1.1/"
	xmlns:ns8="http://www.w3.org/ns/prov#" >
  <rdf:Description rdf:about="http://dbpedia.org/resource/Benjamin_West">
    <rdf:type rdf:resource="http://dbpedia.org/class/yago/Creator109614315" />
    <rdf:type rdf:resource="http://dbpedia.org/class/yago/Honoree110183757" />
    <rdf:type rdf:resource="http://dbpedia.org/class/yago/AmericanPainters" />
    <rdf:type rdf:resource="http://www.w3.org/2002/07/owl#Thing" />
    <rdf:type rdf:resource="http://dbpedia.org/class/yago/Person100007846" />
    <rdf:type rdf:resource="http://dbpedia.org/ontology/Person" />
    <rdf:type rdf:resource="http://dbpedia.org/ontology/Artist" />
    <rdf:type rdf:resource="http://dbpedia.org/ontology/Agent" />
    <rdf:type rdf:resource="http://dbpedia.org/class/yago/Artist109812338" />
    <rdf:type rdf:resource="http://dbpedia.org/class/yago/Engineer109615807" />
    <rdf:type rdf:resource="http://dbpedia.org/class/yago/RoyalAcademicians" />
    <rdf:type rdf:resource="http://dbpedia.org/class/yago/LivingThing100004258" />
    <rdf:type rdf:resource="http://dbpedia.org/class/yago/CausalAgent100007347" />
    <rdf:type rdf:resource="http://dbpedia.org/class/yago/Organism100004475" />
    <rdf:type rdf:resource="http://dbpedia.org/class/yago/YagoLegalActor" />
    <rdf:type rdf:resource="http://dbpedia.org/class/yago/Whole100003553" />
    <rdf:type rdf:resource="http://dbpedia.org/class/yago/Recipient109627906" />
    <rdf:type rdf:resource="http://dbpedia.org/class/yago/Acquirer109764201" />
    <rdf:type rdf:resource="http://dbpedia.org/class/yago/PhysicalEntity100001930" />
    <rdf:type rdf:resource="http://dbpedia.org/class/yago/Object100002684" />
    <rdf:type rdf:resource="http://xmlns.com/foaf/0.1/Person" />
    <rdf:type rdf:resource="http://dbpedia.org/class/yago/YagoLegalActorGeo" />
    <rdf:type rdf:resource="http://dbpedia.org/class/yago/SurveyorsOfTheKing&#39;s/Queen&#39;sPictures" />
    <rdf:type rdf:resource="http://dbpedia.org/class/yago/Painter110391653" />
    <rdf:type rdf:resource="http://schema.org/Person" />
    <rdf:type rdf:resource="http://dbpedia.org/class/yago/Academician109759501" />
    <rdf:type rdf:resource="http://dbpedia.org/class/yago/Surveyor110680609" />
    <rdf:type rdf:resource="http://dbpedia.org/class/yago/EnglishPainters" />
    <owl:sameAs rdf:resource="http://sv.dbpedia.org/resource/Benjamin_West" />
    <owl:sameAs rdf:resource="http://rdf.freebase.com/ns/m.01z6r6" />
    <owl:sameAs rdf:resource="http://es.dbpedia.org/resource/Benjamin_West" />
    <owl:sameAs rdf:resource="http://eu.dbpedia.org/resource/Benjamin_West" />
    <owl:sameAs rdf:resource="http://bs.dbpedia.org/resource/Benjamin_West" />
    <owl:sameAs rdf:resource="http://cs.dbpedia.org/resource/Benjamin_West" />
    <owl:sameAs rdf:resource="http://pl.dbpedia.org/resource/Benjamin_West" />
    <owl:sameAs rdf:resource="http://fr.dbpedia.org/resource/Benjamin_West" />
    <owl:sameAs rdf:resource="http://ca.dbpedia.org/resource/Benjamin_West" />
    <owl:sameAs rdf:resource="http://ar.dbpedia.org/resource/بنجامين_ويست" />
    <owl:sameAs rdf:resource="http://www.wikidata.org/entity/Q313498" />
    <owl:sameAs rdf:resource="http://it.dbpedia.org/resource/Benjamin_West" />
    <owl:sameAs rdf:resource="http://bg.dbpedia.org/resource/Бенджамин_Уест" />
    <owl:sameAs rdf:resource="http://da.dbpedia.org/resource/Benjamin_West" />
    <owl:sameAs rdf:resource="http://dbpedia.org/resource/Benjamin_West" />
    <owl:sameAs rdf:resource="http://ru.dbpedia.org/resource/Уэст,_Бенджамин" />
    <owl:sameAs rdf:resource="http://yago-knowledge.org/resource/Benjamin_West" />
    <owl:sameAs rdf:resource="http://fa.dbpedia.org/resource/بنجامین_وست" />
    <owl:sameAs rdf:resource="http://nl.dbpedia.org/resource/Benjamin_West" />
    <owl:sameAs rdf:resource="http://ja.dbpedia.org/resource/ベンジャミン・ウエスト" />
    <owl:sameAs rdf:resource="http://uk.dbpedia.org/resource/Бенджамін_Вест" />
    <owl:sameAs rdf:resource="http://de.dbpedia.org/resource/Benjamin_West" />
    <owl:sameAs rdf:resource="http://pt.dbpedia.org/resource/Benjamin_West" />
    <owl:sameAs rdf:resource="http://sh.dbpedia.org/resource/Benjamin_West" />
    <owl:sameAs rdf:resource="http://fi.dbpedia.org/resource/Benjamin_West" />
    <owl:sameAs rdf:resource="http://zh.dbpedia.org/resource/本杰明·委斯特" />
    <owl:sameAs rdf:resource="http://nn.dbpedia.org/resource/Benjamin_West" />
    <dcterms:subject rdf:resource="http://dbpedia.org/resource/Category:English_painters" />
    <dcterms:subject rdf:resource="http://dbpedia.org/resource/Category:Royal_Academicians" />
    <dcterms:subject rdf:resource="http://dbpedia.org/resource/Category:1820_deaths" />
    <dcterms:subject rdf:resource="http://dbpedia.org/resource/Category:American_painters" />
    <dcterms:subject rdf:resource="http://dbpedia.org/resource/Category:1738_births" />
    <dcterms:subject rdf:resource="http://dbpedia.org/resource/Category:Surveyors_of_the_King&#39;s/Queen&#39;s_Pictures" />
    <dbpedia-owl:abstract xml:lang="sv">Benjamin West, född 10 oktober 1738 i Springfield, Pennsylvania, USA, död 11 mars 1820 i London, England, var en amerikansk porträtt- och historiemålare, som bosatte sig i London. West hade studerat i Rom och där influerats av Mengs nyklassicism. Hans General Wolfes död, se James Wolfe, är ett typiskt och välkänt verk. West blev 1768 medlem av Royal academy samt efter Joshua Reynolds död dess president 1792. Redan 1772 hade Georg III gjort honom till sin hovmålare och 1790 till direktör över målningssamlingarna.</dbpedia-owl:abstract>
    <dbpedia-owl:abstract xml:lang="de">Benjamin West, FRSA war einer der ersten international bedeutenden amerikanischen Maler.</dbpedia-owl:abstract>
    <dbpedia-owl:abstract xml:lang="fr">Benjamin West est le premier peintre né en Amérique qui obtient une renommée artistique internationale.</dbpedia-owl:abstract>
    <dbpedia-owl:abstract xml:lang="zh">本杰明·委斯特（1738年10月10日－1820年3月11日），美国画家。</dbpedia-owl:abstract>
    <dbpedia-owl:abstract xml:lang="es">Benjamin West fue un pintor estadounidense, el primero de tal nacionalidad que alcanzó fama internacional. Fue a Roma a formarse en arte, donde acusó la influencia de Mengs. Debido a su origen y a que era de familia cuáquera, su presencia en la ciudad despertó cierto interés porque se suponía (equivocadamente) que era de raza india. En 1763 establece su residencia en Gran Bretaña, donde alcanza una envidiable posición, si bien rechazó algunos honores por sus creencias cuáqueras. Aleccionó a diversos jóvenes pintores. Su principal aportación fue la novedad de mostrar hechos históricos recientes en cuadros de formato y características propios de temas antiguos. En este aspecto fue precursor de maestros franceses como Jacques-Louis David e Ingres.</dbpedia-owl:abstract>
    <dbpedia-owl:abstract xml:lang="ja">ベンジャミン・ウエストは歴史画を描いた新古典主義の画家。</dbpedia-owl:abstract>
    <dbpedia-owl:abstract xml:lang="it"></dbpedia-owl:abstract>
    <dbpedia-owl:abstract xml:lang="en">Benjamin West, RA (October 10, 1738 – March 11, 1820) was an Anglo-American painter of historical scenes around and after the time of the American War of Independence. He was the second president of the Royal Academy in London, serving from 1792 to 1805 and 1806 to 1820. He was offered a knighthood by the British Crown, but declined it, believing that he should instead be made a peer.</dbpedia-owl:abstract>
    <dbpedia-owl:abstract xml:lang="ru">Бе́нджамин Уэ́ст — англо-американский художник, известный своими крупномасштабными историческими полотнами.</dbpedia-owl:abstract>
    <dbpedia-owl:abstract xml:lang="pl">Benjamin West, amerykański malarz, tworzący w Londynie. Samouk. Od 1763 przebywał w Anglii i na zamówienie Jerzego III malował portrety członków rodziny królewskiej. W 1768 wspólnie z zaprzyjaźnionym artystą angielskim Joshuą Reynoldsem założył Królewską Akademię Sztuki; był prezesem Akademii w latach 1792-1805 i od 1806. Tworzył portrety oraz dzieła o tematyce historycznej. Namalował m. in. Śmierć generała Wolfe&#39;a. Zerwał z oświeceniowym motywem przedstawiania ludzi w antycznych szatach. Już za życia był uważany za reformatora malarstwa historycznego w duchu neoklasycznym, oraz za ojca malarstwa amerykańskiego. Wykształcił wielu znanych malarzy m. in. Charlesa Peale, Gilberta Charlesa Stuarta, Johna Trumbulla, a także Jana Zachariasza Freya.</dbpedia-owl:abstract>
    <dbpedia-owl:abstract xml:lang="nl">Benjamin West was een Engels-Amerikaanse kunstschilder. Hij was de tweede voorzitter van de Royal Academy of Arts.</dbpedia-owl:abstract>
    <dbpedia-owl:abstract xml:lang="pt">Benjamin West (1738-1820) foi um pintor do neoclassicismo estadunidense cujo principal tema de seus quadros foi a Guerra Civil Americana.</dbpedia-owl:abstract>
    <dbpedia-owl:birthDate rdf:datatype="http://www.w3.org/2001/XMLSchema#date">1738-10-10</dbpedia-owl:birthDate>
    <dbpedia-owl:birthPlace rdf:resource="http://dbpedia.org/resource/Springfield_Township,_Delaware_County,_Pennsylvania" />
    <dbpedia-owl:deathDate rdf:datatype="http://www.w3.org/2001/XMLSchema#date">1820-03-11</dbpedia-owl:deathDate>
    <dbpedia-owl:deathPlace rdf:resource="http://dbpedia.org/resource/London" />
    <dbpedia-owl:field rdf:resource="http://dbpedia.org/resource/History_painting" />
    <dbpedia-owl:individualisedPnd xml:lang="de">118806823</dbpedia-owl:individualisedPnd>
    <dbpedia-owl:wikiPageID rdf:datatype="http://www.w3.org/2001/XMLSchema#integer">350586</dbpedia-owl:wikiPageID>
    <dbpedia-owl:wikiPageRevisionID rdf:datatype="http://www.w3.org/2001/XMLSchema#integer">548235050</dbpedia-owl:wikiPageRevisionID>
    <rdfs:label xml:lang="pl">Benjamin West</rdfs:label>
    <rdfs:label xml:lang="ru">Уэст, Бенджамин</rdfs:label>
    <rdfs:label xml:lang="sv">Benjamin West</rdfs:label>
    <rdfs:label xml:lang="it">Benjamin West</rdfs:label>
    <rdfs:label xml:lang="ja">ベンジャミン・ウエスト</rdfs:label>
    <rdfs:label xml:lang="nl">Benjamin West</rdfs:label>
    <rdfs:label xml:lang="fr">Benjamin West</rdfs:label>
    <rdfs:label xml:lang="pt">Benjamin West</rdfs:label>
    <rdfs:label xml:lang="en">Benjamin West</rdfs:label>
    <rdfs:label xml:lang="es">Benjamin West</rdfs:label>
    <rdfs:label xml:lang="de">Benjamin West</rdfs:label>
    <rdfs:label xml:lang="zh">本杰明·委斯特</rdfs:label>
    <foaf:depiction rdf:resource="http://upload.wikimedia.org/wikipedia/commons/d/d8/BenjaminWestNGA.gif" />
    <rdfs:comment xml:lang="de">Benjamin West, FRSA war einer der ersten international bedeutenden amerikanischen Maler.</rdfs:comment>
    <rdfs:comment xml:lang="sv">Benjamin West, född 10 oktober 1738 i Springfield, Pennsylvania, USA, död 11 mars 1820 i London, England, var en amerikansk porträtt- och historiemålare, som bosatte sig i London. West hade studerat i Rom och där influerats av Mengs nyklassicism. Hans General Wolfes död, se James Wolfe, är ett typiskt och välkänt verk. West blev 1768 medlem av Royal academy samt efter Joshua Reynolds död dess president 1792.</rdfs:comment>
    <rdfs:comment xml:lang="nl">Benjamin West was een Engels-Amerikaanse kunstschilder. Hij was de tweede voorzitter van de Royal Academy of Arts.</rdfs:comment>
    <rdfs:comment xml:lang="ru">Бе́нджамин Уэ́ст — англо-американский художник, известный своими крупномасштабными историческими полотнами.</rdfs:comment>
    <rdfs:comment xml:lang="pt">Benjamin West (1738-1820) foi um pintor do neoclassicismo estadunidense cujo principal tema de seus quadros foi a Guerra Civil Americana.</rdfs:comment>
    <rdfs:comment xml:lang="fr">Benjamin West est le premier peintre né en Amérique qui obtient une renommée artistique internationale.</rdfs:comment>
    <rdfs:comment xml:lang="es">Benjamin West fue un pintor estadounidense, el primero de tal nacionalidad que alcanzó fama internacional. Fue a Roma a formarse en arte, donde acusó la influencia de Mengs. Debido a su origen y a que era de familia cuáquera, su presencia en la ciudad despertó cierto interés porque se suponía (equivocadamente) que era de raza india. En 1763 establece su residencia en Gran Bretaña, donde alcanza una envidiable posición, si bien rechazó algunos honores por sus creencias cuáqueras.</rdfs:comment>
    <rdfs:comment xml:lang="pl">Benjamin West, amerykański malarz, tworzący w Londynie. Samouk. Od 1763 przebywał w Anglii i na zamówienie Jerzego III malował portrety członków rodziny królewskiej. W 1768 wspólnie z zaprzyjaźnionym artystą angielskim Joshuą Reynoldsem założył Królewską Akademię Sztuki; był prezesem Akademii w latach 1792-1805 i od 1806. Tworzył portrety oraz dzieła o tematyce historycznej. Namalował m. in. Śmierć generała Wolfe&#39;a. Zerwał z oświeceniowym motywem przedstawiania ludzi w antycznych szatach.</rdfs:comment>
    <rdfs:comment xml:lang="ja">ベンジャミン・ウエストは歴史画を描いた新古典主義の画家。</rdfs:comment>
    <rdfs:comment xml:lang="en">Benjamin West, RA (October 10, 1738 – March 11, 1820) was an Anglo-American painter of historical scenes around and after the time of the American War of Independence. He was the second president of the Royal Academy in London, serving from 1792 to 1805 and 1806 to 1820. He was offered a knighthood by the British Crown, but declined it, believing that he should instead be made a peer.</rdfs:comment>
    <rdfs:comment xml:lang="it"></rdfs:comment>
    <rdfs:comment xml:lang="zh">本杰明·委斯特（1738年10月10日－1820年3月11日），美国画家。</rdfs:comment>
    <foaf:name xml:lang="en">Benjamin West</foaf:name>
    <dbpedia-owl:thumbnail rdf:resource="http://upload.wikimedia.org/wikipedia/commons/thumb/d/d8/BenjaminWestNGA.gif/200px-BenjaminWestNGA.gif" />
    <dbpedia-owl:wikiPageExternalLink rdf:resource="http://www.archive.org/stream/americanpainters00sheriala#page/64/mode/2up" />
    <dbpedia-owl:wikiPageExternalLink rdf:resource="http://www.archive.org/stream/americanpainters00sheriala#page/66/mode/2up" />
    <dbpedia-owl:wikiPageExternalLink rdf:resource="http://www.archive.org/stream/americanpainters00sheriala#page/62/mode/2up" />
    <dbpedia-owl:wikiPageExternalLink rdf:resource="http://www.racollection.org.uk/ixbin/indexplus?record=ART309&amp;_IXFILE_=templates/pages/kiosk/video3.html" />
    <dbpedia-owl:wikiPageExternalLink rdf:resource="http://findingaid.winterthur.org/html/HTML_Finding_Aids/COL0394.htm" />
    <dbpedia-owl:wikiPageExternalLink rdf:resource="http://www.archive.org/stream/americanpainters00sheriala#page/68/mode/2up" />
    <dbpedia-owl:wikiPageExternalLink rdf:resource="http://www2.hsp.org/collections/manuscripts/w/West3149.html" />
    <dbpedia-owl:wikiPageExternalLink rdf:resource="http://www.getty.edu/vow/ULANFullDisplay?find=west%2C+ben*&amp;role=&amp;nation=&amp;prev_page=1&amp;subjectid=500026989" />
    <dbpprop:align xml:lang="en">right</dbpprop:align>
    <dbpprop:bgcolour xml:lang="en">#6495ED</dbpprop:bgcolour>
    <dbpprop:birthDate rdf:datatype="http://www.w3.org/2001/XMLSchema#date">1738-10-10</dbpprop:birthDate>
    <dbpprop:birthPlace rdf:resource="http://dbpedia.org/resource/Springfield_Township,_Delaware_County,_Pennsylvania" />
    <dbpprop:caption xml:lang="en">Self Portrait of Benjamin West, ca. 1763</dbpprop:caption>
    <dbpprop:dateOfBirth rdf:datatype="http://www.w3.org/2001/XMLSchema#date">1738-10-10</dbpprop:dateOfBirth>
    <dbpprop:dateOfDeath rdf:datatype="http://www.w3.org/2001/XMLSchema#date">1820-03-11</dbpprop:dateOfDeath>
    <dbpprop:deathDate rdf:datatype="http://www.w3.org/2001/XMLSchema#date">1820-03-11</dbpprop:deathDate>
    <dbpprop:deathPlace rdf:resource="http://dbpedia.org/resource/London" />
    <dbpprop:field rdf:resource="http://dbpedia.org/resource/History_painting" />
    <dbpprop:imagesize rdf:datatype="http://www.w3.org/2001/XMLSchema#integer">200</dbpprop:imagesize>
    <dbpprop:name xml:lang="en">Benjamin West</dbpprop:name>
    <dbpprop:name xml:lang="en">West, Benjamin</dbpprop:name>
    <dbpprop:patrons rdf:resource="http://dbpedia.org/resource/George_III_of_the_United_Kingdom" />
    <dbpprop:patrons rdf:resource="http://dbpedia.org/resource/William_Henry_(gunsmith)" />
    <dbpprop:placeOfBirth rdf:resource="http://dbpedia.org/resource/Springfield_Township,_Delaware_County,_Pennsylvania" />
    <dbpprop:placeOfDeath rdf:resource="http://dbpedia.org/resource/London" />
    <dbpprop:shortDescription xml:lang="en">American-English painter</dbpprop:shortDescription>
    <dbpprop:title rdf:resource="http://dbpedia.org/resource/Royal_Academy_of_Arts" />
    <dbpprop:video xml:lang="en">Introducing Benjamin West, Royal Academy of Art</dbpprop:video>
    <dbpprop:width rdf:datatype="http://www.w3.org/2001/XMLSchema#integer">210</dbpprop:width>
    <dbpprop:years rdf:datatype="http://www.w3.org/2001/XMLSchema#integer">1806</dbpprop:years>
    <dbpprop:years rdf:datatype="http://www.w3.org/2001/XMLSchema#integer">1792</dbpprop:years>
    <dbpprop:wordnet_type rdf:resource="http://www.w3.org/2006/03/wn/wn20/instances/synset-artist-noun-1" />
    <foaf:givenName xml:lang="en">Benjamin</foaf:givenName>
    <foaf:isPrimaryTopicOf rdf:resource="http://en.wikipedia.org/wiki/Benjamin_West" />
    <dc:description xml:lang="en">American-English painter</dc:description>
    <ns8:wasDerivedFrom rdf:resource="http://en.wikipedia.org/wiki/Benjamin_West?oldid=548235050" />
    <dbpprop:hasPhotoCollection rdf:resource="http://wifo5-03.informatik.uni-mannheim.de/flickrwrappr/photos/Benjamin_West" />
    <dbpprop:headerimage rdf:datatype="http://www.w3.org/2001/XMLSchema#integer">210</dbpprop:headerimage>
    <foaf:surname xml:lang="en">West</foaf:surname>
  </rdf:Description>
  <rdf:Description rdf:about="http://dbpedia.org/resource/William_Dunlap">
    <dbpedia-owl:education rdf:resource="http://dbpedia.org/resource/Benjamin_West" />
  </rdf:Description>
  <rdf:Description rdf:about="http://dbpedia.org/resource/John_Trumbull">
    <dbpedia-owl:training rdf:resource="http://dbpedia.org/resource/Benjamin_West" />
  </rdf:Description>
  <rdf:Description rdf:about="http://dbpedia.org/resource/General_Johnson_Saving_a_Wounded_French_Officer_from_the_Tomahawk_of_a_North_American_Indian">
    <dbpedia-owl:author rdf:resource="http://dbpedia.org/resource/Benjamin_West" />
    <dbpprop:artist rdf:resource="http://dbpedia.org/resource/Benjamin_West" />
  </rdf:Description>
  <rdf:Description rdf:about="http://dbpedia.org/resource/The_Death_of_Nelson_(West_painting)">
    <dbpedia-owl:author rdf:resource="http://dbpedia.org/resource/Benjamin_West" />
    <dbpprop:artist rdf:resource="http://dbpedia.org/resource/Benjamin_West" />
  </rdf:Description>
  <rdf:Description rdf:about="http://dbpedia.org/resource/William_Seguier">
    <dbpprop:before rdf:resource="http://dbpedia.org/resource/Benjamin_West" />
  </rdf:Description>
  <rdf:Description rdf:about="http://it.dbpedia.org/resource/Benjamin_West">
    <owl:sameAs rdf:resource="http://dbpedia.org/resource/Benjamin_West" />
  </rdf:Description>
  <rdf:Description rdf:about="http://pt.dbpedia.org/resource/Benjamin_West">
    <owl:sameAs rdf:resource="http://dbpedia.org/resource/Benjamin_West" />
  </rdf:Description>
  <rdf:Description rdf:about="http://dbpedia.org/resource/John_Lewis_Krimmel">
    <dbpedia-owl:influencedBy rdf:resource="http://dbpedia.org/resource/Benjamin_West" />
    <dbpprop:influencedBy rdf:resource="http://dbpedia.org/resource/Benjamin_West" />
  </rdf:Description>
  <rdf:Description rdf:about="http://es.dbpedia.org/resource/Benjamin_West">
    <owl:sameAs rdf:resource="http://dbpedia.org/resource/Benjamin_West" />
  </rdf:Description>
  <rdf:Description rdf:about="http://ja.dbpedia.org/resource/ベンジャミン・ウエスト">
    <owl:sameAs rdf:resource="http://dbpedia.org/resource/Benjamin_West" />
  </rdf:Description>
  <rdf:Description rdf:about="http://en.wikipedia.org/wiki/Benjamin_West">
    <foaf:primaryTopic rdf:resource="http://dbpedia.org/resource/Benjamin_West" />
  </rdf:Description>
  <rdf:Description rdf:about="http://cs.dbpedia.org/resource/Benjamin_West">
    <owl:sameAs rdf:resource="http://dbpedia.org/resource/Benjamin_West" />
  </rdf:Description>
  <rdf:Description rdf:about="http://pl.dbpedia.org/resource/Benjamin_West">
    <owl:sameAs rdf:resource="http://dbpedia.org/resource/Benjamin_West" />
  </rdf:Description>
  <rdf:Description rdf:about="http://ru.dbpedia.org/resource/Уэст,_Бенджамин">
    <owl:sameAs rdf:resource="http://dbpedia.org/resource/Benjamin_West" />
  </rdf:Description>
  <rdf:Description rdf:about="http://dbpedia.org/resource/The_Death_of_General_Wolfe">
    <dbpedia-owl:author rdf:resource="http://dbpedia.org/resource/Benjamin_West" />
    <dbpprop:artist rdf:resource="http://dbpedia.org/resource/Benjamin_West" />
  </rdf:Description>
  <rdf:Description rdf:about="http://de.dbpedia.org/resource/Benjamin_West">
    <owl:sameAs rdf:resource="http://dbpedia.org/resource/Benjamin_West" />
  </rdf:Description>
  <rdf:Description rdf:about="http://fr.dbpedia.org/resource/Benjamin_West">
    <owl:sameAs rdf:resource="http://dbpedia.org/resource/Benjamin_West" />
  </rdf:Description>
  <rdf:Description rdf:about="http://dbpedia.org/resource/78th_Fraser_Highlanders">
    <dbpprop:artist rdf:resource="http://dbpedia.org/resource/Benjamin_West" />
  </rdf:Description>
  <rdf:Description rdf:about="http://dbpedia.org/resource/B._West">
    <dbpedia-owl:wikiPageRedirects rdf:resource="http://dbpedia.org/resource/Benjamin_West" />
  </rdf:Description>
  <rdf:Description rdf:about="http://dbpedia.org/resource/Benjamin_West_(disambiguation)">
    <dbpedia-owl:wikiPageDisambiguates rdf:resource="http://dbpedia.org/resource/Benjamin_West" />
  </rdf:Description>
  <rdf:Description rdf:about="http://dbpedia.org/resource/78th_Fraser_Highlanders__Benjamin_West_005.jpg__1">
    <dbpedia-owl:author rdf:resource="http://dbpedia.org/resource/Benjamin_West" />
  </rdf:Description>
  <rdf:Description rdf:about="http://nl.dbpedia.org/resource/Benjamin_West">
    <owl:sameAs rdf:resource="http://dbpedia.org/resource/Benjamin_West" />
  </rdf:Description>
  <rdf:Description rdf:about="http://eu.dbpedia.org/resource/Benjamin_West">
    <owl:sameAs rdf:resource="http://dbpedia.org/resource/Benjamin_West" />
  </rdf:Description>
  <rdf:Description rdf:about="http://zh.dbpedia.org/resource/本杰明·委斯特">
    <owl:sameAs rdf:resource="http://dbpedia.org/resource/Benjamin_West" />
  </rdf:Description>
  <rdf:Description rdf:about="http://ar.dbpedia.org/resource/بنجامين_ويست">
    <owl:sameAs rdf:resource="http://dbpedia.org/resource/Benjamin_West" />
  </rdf:Description>
  <rdf:Description rdf:about="http://bg.dbpedia.org/resource/Бенджамин_Уест">
    <owl:sameAs rdf:resource="http://dbpedia.org/resource/Benjamin_West" />
  </rdf:Description>
  <rdf:Description rdf:about="http://bs.dbpedia.org/resource/Benjamin_West">
    <owl:sameAs rdf:resource="http://dbpedia.org/resource/Benjamin_West" />
  </rdf:Description>
  <rdf:Description rdf:about="http://ca.dbpedia.org/resource/Benjamin_West">
    <owl:sameAs rdf:resource="http://dbpedia.org/resource/Benjamin_West" />
  </rdf:Description>
  <rdf:Description rdf:about="http://da.dbpedia.org/resource/Benjamin_West">
    <owl:sameAs rdf:resource="http://dbpedia.org/resource/Benjamin_West" />
  </rdf:Description>
  <rdf:Description rdf:about="http://fa.dbpedia.org/resource/بنجامین_وست">
    <owl:sameAs rdf:resource="http://dbpedia.org/resource/Benjamin_West" />
  </rdf:Description>
  <rdf:Description rdf:about="http://fi.dbpedia.org/resource/Benjamin_West">
    <owl:sameAs rdf:resource="http://dbpedia.org/resource/Benjamin_West" />
  </rdf:Description>
  <rdf:Description rdf:about="http://nn.dbpedia.org/resource/Benjamin_West">
    <owl:sameAs rdf:resource="http://dbpedia.org/resource/Benjamin_West" />
  </rdf:Description>
  <rdf:Description rdf:about="http://sh.dbpedia.org/resource/Benjamin_West">
    <owl:sameAs rdf:resource="http://dbpedia.org/resource/Benjamin_West" />
  </rdf:Description>
  <rdf:Description rdf:about="http://sv.dbpedia.org/resource/Benjamin_West">
    <owl:sameAs rdf:resource="http://dbpedia.org/resource/Benjamin_West" />
  </rdf:Description>
  <rdf:Description rdf:about="http://uk.dbpedia.org/resource/Бенджамін_Вест">
    <owl:sameAs rdf:resource="http://dbpedia.org/resource/Benjamin_West" />
  </rdf:Description>
  <rdf:Description rdf:about="http://dbpedia.org/resource/Colonel_Guy_Johnson_and_Karonghyontye_(Captain_David_Hill)">
    <dbpedia-owl:author rdf:resource="http://dbpedia.org/resource/Benjamin_West" />
  </rdf:Description>
  <rdf:Description rdf:about="http://wikidata.dbpedia.org/resource/Q313498">
    <owl:sameAs rdf:resource="http://dbpedia.org/resource/Benjamin_West" />
  </rdf:Description>
</rdf:RDF>
