<?xml version="1.0" encoding="utf-8" ?>
<rdf:RDF
	xmlns:rdf="http://www.w3.org/1999/02/22-rdf-syntax-ns#"
	xmlns:rdfs="http://www.w3.org/2000/01/rdf-schema#"
	xmlns:owl="http://www.w3.org/2002/07/owl#"
	xmlns:dcterms="http://purl.org/dc/terms/"
	xmlns:dbpedia-owl="http://dbpedia.org/ontology/"
	xmlns:foaf="http://xmlns.com/foaf/0.1/"
	xmlns:dbpprop="http://dbpedia.org/property/"
	xmlns:dc="http://purl.org/dc/elements/1.1/"
	xmlns:ns8="http://www.w3.org/ns/prov#" >
  <rdf:Description rdf:about="http://dbpedia.org/resource/Odd_Nerdrum">
    <dbpedia-owl:influencedBy rdf:resource="http://dbpedia.org/resource/Caravaggio" />
  </rdf:Description>
  <rdf:Description rdf:about="http://dbpedia.org/resource/Caravaggio">
    <rdf:type rdf:resource="http://www.w3.org/2002/07/owl#Thing" />
    <rdf:type rdf:resource="http://dbpedia.org/class/yago/PhysicalEntity100001930" />
    <rdf:type rdf:resource="http://dbpedia.org/class/yago/ItalianBaroquePainters" />
    <rdf:type rdf:resource="http://xmlns.com/foaf/0.1/Person" />
    <rdf:type rdf:resource="http://dbpedia.org/class/yago/CausalAgent100007347" />
    <rdf:type rdf:resource="http://dbpedia.org/class/yago/Organism100004475" />
    <rdf:type rdf:resource="http://dbpedia.org/class/yago/YagoLegalActor" />
    <rdf:type rdf:resource="http://dbpedia.org/class/yago/PeopleFromMilan" />
    <rdf:type rdf:resource="http://dbpedia.org/class/yago/Artist109812338" />
    <rdf:type rdf:resource="http://dbpedia.org/class/yago/Whole100003553" />
    <rdf:type rdf:resource="http://dbpedia.org/class/yago/LivingThing100004258" />
    <rdf:type rdf:resource="http://schema.org/Person" />
    <rdf:type rdf:resource="http://dbpedia.org/class/yago/Creator109614315" />
    <rdf:type rdf:resource="http://umbel.org/umbel/rc/Artist" />
    <rdf:type rdf:resource="http://dbpedia.org/class/yago/Object100002684" />
    <rdf:type rdf:resource="http://umbel.org/umbel/rc/PersonWithOccupation" />
    <rdf:type rdf:resource="http://dbpedia.org/class/yago/MaleAristocrat110285135" />
    <rdf:type rdf:resource="http://dbpedia.org/class/yago/RomanCatholicChurchPainters" />
    <rdf:type rdf:resource="http://dbpedia.org/class/yago/YagoLegalActorGeo" />
    <rdf:type rdf:resource="http://dbpedia.org/class/yago/Aristocrat109807754" />
    <rdf:type rdf:resource="http://dbpedia.org/class/yago/Leader109623038" />
    <rdf:type rdf:resource="http://dbpedia.org/class/yago/ItalianPainters" />
    <rdf:type rdf:resource="http://dbpedia.org/ontology/Artist" />
    <rdf:type rdf:resource="http://dbpedia.org/ontology/Agent" />
    <rdf:type rdf:resource="http://dbpedia.org/ontology/Person" />
    <rdf:type rdf:resource="http://dbpedia.org/class/yago/Person100007846" />
    <rdf:type rdf:resource="http://dbpedia.org/class/yago/Knight110238375" />
    <rdf:type rdf:resource="http://dbpedia.org/class/yago/Painter110391653" />
    <rdf:type rdf:resource="http://dbpedia.org/class/yago/KnightsOfMalta" />
    <owl:sameAs rdf:resource="http://mt.dbpedia.org/resource/Michelangelo_Merisi_da_Caravaggio" />
    <owl:sameAs rdf:resource="http://bs.dbpedia.org/resource/Caravaggio" />
    <owl:sameAs rdf:resource="http://eu.dbpedia.org/resource/Caravaggio" />
    <owl:sameAs rdf:resource="http://sw.cyc.com/concept/Mx4rK67ox9AqRRuhIkNabM12Sw" />
    <owl:sameAs rdf:resource="http://pt.dbpedia.org/resource/Caravaggio" />
    <owl:sameAs rdf:resource="http://id.dbpedia.org/resource/Lukisan_Caravaggio" />
    <owl:sameAs rdf:resource="http://no.dbpedia.org/resource/Caravaggio" />
    <owl:sameAs rdf:resource="http://nl.dbpedia.org/resource/Caravaggio_(schilder)" />
    <owl:sameAs rdf:resource="http://ca.dbpedia.org/resource/Caravaggio" />
    <owl:sameAs rdf:resource="http://sh.dbpedia.org/resource/Caravaggio" />
    <owl:sameAs rdf:resource="http://ga.dbpedia.org/resource/Caravaggio" />
    <owl:sameAs rdf:resource="http://an.dbpedia.org/resource/Caravaggio" />
    <owl:sameAs rdf:resource="http://ro.dbpedia.org/resource/Caravaggio" />
    <owl:sameAs rdf:resource="http://simple.dbpedia.org/resource/Caravaggio" />
    <owl:sameAs rdf:resource="http://eo.dbpedia.org/resource/Michelangelo_Merisi_da_Caravaggio" />
    <owl:sameAs rdf:resource="http://ru.dbpedia.org/resource/Караваджо" />
    <owl:sameAs rdf:resource="http://sv.dbpedia.org/resource/Caravaggio" />
    <owl:sameAs rdf:resource="http://io.dbpedia.org/resource/Caravaggio" />
    <owl:sameAs rdf:resource="http://br.dbpedia.org/resource/Caravaggio" />
    <owl:sameAs rdf:resource="http://hy.dbpedia.org/resource/Կարավաջո" />
    <owl:sameAs rdf:resource="http://gl.dbpedia.org/resource/Caravaggio" />
    <owl:sameAs rdf:resource="http://fi.dbpedia.org/resource/Caravaggio" />
    <owl:sameAs rdf:resource="http://sr.dbpedia.org/resource/Каравађо" />
    <owl:sameAs rdf:resource="http://ar.dbpedia.org/resource/كارافاجيو" />
    <owl:sameAs rdf:resource="http://ms.dbpedia.org/resource/Caravaggio" />
    <owl:sameAs rdf:resource="http://scn.dbpedia.org/resource/Michelangilu_Merisi_di_Caravaggiu" />
    <owl:sameAs rdf:resource="http://he.dbpedia.org/resource/קאראווג&#39;ו" />
    <owl:sameAs rdf:resource="http://da.dbpedia.org/resource/Michelangelo_di_Caravaggio" />
    <owl:sameAs rdf:resource="http://el.dbpedia.org/resource/Καραβάτζιο" />
    <owl:sameAs rdf:resource="http://bo.dbpedia.org/resource/ཨིལ་ཁས་ར་ཝ་ཇིའོ།" />
    <owl:sameAs rdf:resource="http://bg.dbpedia.org/resource/Микеланджело_да_Караваджо" />
    <owl:sameAs rdf:resource="http://it.dbpedia.org/resource/Michelangelo_Merisi_da_Caravaggio" />
    <owl:sameAs rdf:resource="http://www.wikidata.org/entity/Q42207" />
    <owl:sameAs rdf:resource="http://sc.dbpedia.org/resource/Michelangelo_Merisi_da_Caravaggio" />
    <owl:sameAs rdf:resource="http://is.dbpedia.org/resource/Caravaggio" />
    <owl:sameAs rdf:resource="http://la.dbpedia.org/resource/Michael_Angelus_Merisi_Caravaggius" />
    <owl:sameAs rdf:resource="http://tt.dbpedia.org/resource/Микеланджело_Караваджо" />
    <owl:sameAs rdf:resource="http://zh.dbpedia.org/resource/卡拉瓦乔" />
    <owl:sameAs rdf:resource="http://az.dbpedia.org/resource/Karavacco" />
    <owl:sameAs rdf:resource="http://ba.dbpedia.org/resource/Микеланджело_Караваджо" />
    <owl:sameAs rdf:resource="http://sk.dbpedia.org/resource/Michelangelo_Merisi_da_Caravaggio" />
    <owl:sameAs rdf:resource="http://uk.dbpedia.org/resource/Мікеланджело_да_Караваджо" />
    <owl:sameAs rdf:resource="http://hu.dbpedia.org/resource/Caravaggio" />
    <owl:sameAs rdf:resource="http://cs.dbpedia.org/resource/Caravaggio" />
    <owl:sameAs rdf:resource="http://purl.org/collections/nl/am/p-27165" />
    <owl:sameAs rdf:resource="http://lt.dbpedia.org/resource/Michelangelo_Merisi_da_Caravaggio" />
    <owl:sameAs rdf:resource="http://nn.dbpedia.org/resource/Caravaggio" />
    <owl:sameAs rdf:resource="http://ja.dbpedia.org/resource/ミケランジェロ・メリージ・ダ・カラヴァッジオ" />
    <owl:sameAs rdf:resource="http://dbpedia.org/resource/Caravaggio" />
    <owl:sameAs rdf:resource="http://nap.dbpedia.org/resource/Caravaggio" />
    <owl:sameAs rdf:resource="http://fr.dbpedia.org/resource/Le_Caravage" />
    <owl:sameAs rdf:resource="http://de.dbpedia.org/resource/Michelangelo_Merisi_da_Caravaggio" />
    <owl:sameAs rdf:resource="http://als.dbpedia.org/resource/Michelangelo_Merisi_da_Caravaggio" />
    <owl:sameAs rdf:resource="http://pl.dbpedia.org/resource/Caravaggio" />
    <owl:sameAs rdf:resource="http://oc.dbpedia.org/resource/Caravaggio" />
    <owl:sameAs rdf:resource="http://yago-knowledge.org/resource/Caravaggio" />
    <owl:sameAs rdf:resource="http://hr.dbpedia.org/resource/Caravaggio" />
    <owl:sameAs rdf:resource="http://et.dbpedia.org/resource/Michelangelo_Caravaggio" />
    <owl:sameAs rdf:resource="http://tr.dbpedia.org/resource/Caravaggio" />
    <owl:sameAs rdf:resource="http://rdf.freebase.com/ns/m.020bg" />
    <owl:sameAs rdf:resource="http://cy.dbpedia.org/resource/Caravaggio" />
    <owl:sameAs rdf:resource="http://th.dbpedia.org/resource/การาวัจโจ" />
    <owl:sameAs rdf:resource="http://lad.dbpedia.org/resource/Il_Karavaggio" />
    <owl:sameAs rdf:resource="http://arz.dbpedia.org/resource/كارافاجيو" />
    <owl:sameAs rdf:resource="http://be.dbpedia.org/resource/Караваджа" />
    <owl:sameAs rdf:resource="http://vi.dbpedia.org/resource/Caravaggio" />
    <owl:sameAs rdf:resource="http://lv.dbpedia.org/resource/Karavadžo" />
    <owl:sameAs rdf:resource="http://zh_min_nan.dbpedia.org/resource/Michelangelo_Merisi_da_Caravaggio" />
    <owl:sameAs rdf:resource="http://ko.dbpedia.org/resource/카라바조" />
    <owl:sameAs rdf:resource="http://war.dbpedia.org/resource/Caravaggio" />
    <owl:sameAs rdf:resource="http://ka.dbpedia.org/resource/კარავაჯო" />
    <owl:sameAs rdf:resource="http://fy.dbpedia.org/resource/Caravaggio_(skilder)" />
    <owl:sameAs rdf:resource="http://lmo.dbpedia.org/resource/Michelangelo_Merisi" />
    <owl:sameAs rdf:resource="http://be_x_old.dbpedia.org/resource/Караваджа" />
    <owl:sameAs rdf:resource="http://fa.dbpedia.org/resource/کاراواجو" />
    <owl:sameAs rdf:resource="http://qu.dbpedia.org/resource/Caravaggio" />
    <owl:sameAs rdf:resource="http://es.dbpedia.org/resource/Caravaggio" />
    <dcterms:subject rdf:resource="http://dbpedia.org/resource/Category:Knights_of_Malta" />
    <dcterms:subject rdf:resource="http://dbpedia.org/resource/Category:People_from_Milan" />
    <dcterms:subject rdf:resource="http://dbpedia.org/resource/Category:Italian_Baroque_painters" />
    <dcterms:subject rdf:resource="http://dbpedia.org/resource/Category:Roman_Catholic_Church_painters" />
    <dcterms:subject rdf:resource="http://dbpedia.org/resource/Category:Italian_Roman_Catholics" />
    <dcterms:subject rdf:resource="http://dbpedia.org/resource/Category:1571_births" />
    <dcterms:subject rdf:resource="http://dbpedia.org/resource/Category:Italian_painters" />
    <dcterms:subject rdf:resource="http://dbpedia.org/resource/Category:1610_deaths" />
    <dcterms:subject rdf:resource="http://dbpedia.org/resource/Category:Caravaggio" />
    <dbpedia-owl:abstract xml:lang="pt">Michelangelo Merisi da Caravaggio foi um pintor italiano atuante em Roma, Nápoles, Malta e Sicília, entre 1593 e 1610. É normalmente identificado como um artista barroco, estilo do qual foi o primeiro grande representante. Caravaggio era o nome da aldeia natal da sua família e foi escolhido como seu nome artístico.</dbpedia-owl:abstract>
    <dbpedia-owl:abstract xml:lang="fr">Michelangelo Merisi da Caravaggio, en français Caravage ou Le Caravage, est un peintre italien né le 29 septembre 1571 à Milan et mort le 18 juillet 1610 à Porto Ercole. Son œuvre puissante et novatrice révolutionne la peinture du XVII siècle par son caractère naturaliste, son réalisme parfois brutal, son érotisme troublant et l&#39;emploi appuyé de la technique du clair-obscur allant jusqu&#39;au ténébrisme. Il connaît un véritable succès de son vivant, et influençe nombre de grands peintres après lui, comme en témoigne l&#39;apparition du courant du caravagisme. Après le succès foudroyant du début des années 1600, Caravage entre dans une période difficile. En 1606, après de nombreux démêlés avec la justice des États pontificaux, il blesse mortellement son adversaire au cours d&#39;un duel. Ses peintures jusqu&#39;en 1610, l&#39;année de sa mort, sont en partie destinées à racheter cette faute. Par ailleurs certains éléments biographiques portant sur ses mœurs sont aujourd&#39;hui revus, car des recherches historiques récentes remettent en cause le portrait peu flatteur qui a longtemps été répété d&#39;après des sources anciennes du XVII siècle sur lesquelles on ne peut plus se fonder aujourd&#39;hui. Après une longue période d&#39;oubli critique, il faut attendre le début du XX siècle pour que le génie de Caravage soit pleinement reconnu, indépendamment de sa réputation sulfureuse. Son succès populaire donne lieu à une multitude de romans et de films, à côté des expositions et des innombrables publications scientifiques qui, depuis un siècle, en renouvellent complètement l&#39;image. Il est actuellement représenté dans tous les plus grands musées, malgré le nombre limité des peintures qui ont survécu. Toutefois certains tableaux que l&#39;on découvre depuis un siècle posent encore des questions d&#39;attribution.</dbpedia-owl:abstract>
    <dbpedia-owl:abstract xml:lang="nl">| |- | |- | |- | |- | |- | |- | |} Caravaggio voluit Michelangelo Merisi da Caravaggio, was een Italiaans kunstschilder uit de Barok.</dbpedia-owl:abstract>
    <dbpedia-owl:abstract xml:lang="es">Michelangelo Merisi da Caravaggio fue un pintor italiano activo en Roma, Nápoles, Malta y Sicilia entre los años de 1593 y 1610. Es considerado como el primer gran exponente de la pintura del Barroco.</dbpedia-owl:abstract>
    <dbpedia-owl:abstract xml:lang="sv">Inte att förväxla med Polidoro da Caravaggio Caravaggio, egentligen Michelangelo Merisi da Caravaggio (alternativt Amerighi Caravaggio), född 29 september 1571 i Caravaggio nära Bergamo, död 18 juli 1610 i Porto Ercole, var en italiensk barockmålare. Han bröt till viss del med den måleriska konventionen och betonade naturalismen i sina verk.</dbpedia-owl:abstract>
    <dbpedia-owl:abstract xml:lang="ja">ミケランジェロ・メリージ・ダ・カラヴァッジョ（伊: Michelangelo Merisi da Caravaggio、1571年9月28日 - 1610年7月18日）は、バロック期のイタリア人画家。1593年から1610年にかけて、ローマ、ナポリ、マルタ、シチリアで活動し、カラヴァッジョ（Caravaggio）という通称で広く知られている。その作品に見られる肉体面、精神面ともに人間本来の姿を写実的に描く手法と、光と陰の印象的な表現はバロック絵画の形成に大きな影響を与えた。 カラヴァッジョはティツィアーノの弟子だった師匠のもと、ミラノで画家の修行を積んだ。その後、ミラノからローマへと移っているが、当時のローマは大規模な教会や邸宅が次々と建築されており、それらの建物を装飾する絵画が求められている都市だった。対抗宗教改革のさなか、ローマカトリック教会はプロテスタントへの対抗手段の一つとして自分たちの教義を補強するようなキリスト教美術品を求めるようになる。しかしながら、盛期ルネサンス以降、およそ1世紀にわたって美術界の主流となっていたマニエリスムは、もはや時代遅れの様式であると見なされていた。このような状況の中、カラヴァッジョは1600年に枢機卿に依頼された作品『聖マタイの殉教』と『聖マタイの召命』とを完成させ、一躍ローマ画壇の寵児となった。極端ともいえる自然主義に貫かれたカラヴァッジョの絵画には印象的な人体表現と演劇の一場面を髣髴とさせるような、現在ではテネブリズムとも呼ばれる、強烈な明暗法のキアロスクーロの技法が使用されている。 カラヴァッジョは画家としての生涯で絵画制作の注文不足やパトロンの欠如などは経験しておらず、金銭面で困ったことはなかった。しかしながらその暮らしは順風満帆なものではなく、自宅で暴れて拘置所に送られたことが何回かあり、ついには当時のローマ教皇から死刑宣告を受けるほどだった。カラヴァッジョについての記事が書かれた最初の出版物が1604年に発行されており、1601年から1604年のカラヴァッジョの生活について記されている。それによるとカラヴァッジョの暮らしは「二週間を絵画制作に費やすと、その後1か月か2か月のあいだ召使を引きつれて剣を腰に下げながら町を練り歩いた。舞踏会場や居酒屋を渡り歩いて喧嘩や口論に明け暮れる日々を送っていたため、カラヴァッジョとうまく付き合うことのできる友人はほとんどいなかった」とされている。1606年には乱闘で若者を殺して懸賞金をかけられたため、ローマを逃げ出している。さらに1608年にマルタで、1609年にはナポリで乱闘騒ぎを引き起こし、乱闘相手の待ち伏せにあって重傷を負わされたこともあった。翌年カラヴァッジョは熱病にかかり、トスカーナ州モンテ・アルジェンターリオで38歳の若さで死去する。人を殺してしまったことへの許しを得るためにローマへと向かう旅の途中でのことだった。 存命中のカラヴァッジョはその素行から悪名高く、その作品から評価の高い人物だったが、その名前と作品はカラヴァッジョの死後まもなく忘れ去られてしまった。しかし20世紀になってからカラヴァッジョが西洋絵画に果たした大きな役割が再評価されることになる。それまでのマニエリスムを打ち壊し、後にバロック絵画として確立する新しい美術様式に与えた影響は非常に大きなものだった。ルーベンス、ホセ・デ・リベーラ、ベルニーニそしてレンブラントらバロック美術の巨匠の作品は、直接的、間接的にカラヴァッジョの影響が見受けらる。カラヴァッジョの次世代の画家で、その影響を強く受けた作品を描いた画家たちのことを「カラヴァジェスティ」あるいはカラヴァッジョが使用した明暗技法から「テネブリスト」と呼ぶこともある。現代フランスの詩人ポール・ヴァレリーの秘書をつとめたアンドレ・ベルネ＝ジョフロワはカラヴァッジョのことを「いうまでもなくカラヴァッジョの作品から近現代絵画は始まった」と評価している。</dbpedia-owl:abstract>
    <dbpedia-owl:abstract xml:lang="pl">Michelangelo Merisi da Caravaggio (ur. 29 września 1571, zm. 18 lipca 1610) – włoski malarz działający w latach 1593–1610 w Rzymie, Neapolu, na Malcie i Sycylii. Był reformatorem malarstwa europejskiego na przełomie XVI i XVII wieku. W swoich obrazach wyrzekł się piękna ludzkiego ciała, idealizowanego przez malarzy renesansowych. W celu ukazania realizmu wprowadził do swych dzieł ostry światłocień. Malowidła Caravaggia cechuje połączenie fizycznej formy i psychologicznej treści. Jego styl stał się wzorem dla malarzy epoki baroku. Caravaggio był zapomniany w wiekach XVIII i XIX, został na nowo odkryty dopiero w XX stuleciu. Obecnie jest uznawany za pierwszego wielkiego artystę barokowego.</dbpedia-owl:abstract>
    <dbpedia-owl:abstract xml:lang="zh">米开朗基罗·梅里西·达·卡拉瓦乔（意大利语：Michelangelo Merisi da Caravaggio，1571年9月29日—1610年7月18日），意大利画家，1593年到1610年间活跃于罗马、那不勒斯、马耳他和西西里。他通常被认为属于巴洛克画派，对巴洛克画派的形成有重要影响。 卡拉瓦乔的一生醉人、危险而又充满了谜。1600年，他突然出现在罗马的艺术圈，此后就再没有缺少佣金和资助，尽管他将自己的成功经营得很糟糕。关于他最早的评介见于1604年，这份材料描述他大约3年前的生活方式，说“他干两周的活儿就能跨剑大摇大摆逛一两个月，还有一个仆人跟着，从一个球场到另一个，总是准备争吵打斗，因此跟他在一起狼狈之极。”1606年，卡拉瓦乔在争斗时杀死了一个年轻人，人家悬赏他的项上人头，于是他逃离罗马。1608年，他又在马耳他卷入另一场争斗，之后的1609年，在那不勒斯，还是争斗，这次可能是不明来历的对头要取他性命。到下一年，度过十年多一点的画家生涯后，卡拉瓦乔离开了人世。 在16世纪末到17世纪初的几十年间，罗马一直在建造巨大的教堂和宏伟的宫殿，需要大量画作。当时反宗教改革派教堂在搜寻正统的宗教艺术以还击新教的威胁，因为此前统治艺术界近一个世纪之久的风格主义不足以担此重任。卡拉瓦乔带来的是一种激进的自然主义，兼具近乎物理上精确的观察和生动甚至充满戏剧性的明暗对照画法。在卡拉瓦乔手中，这种新风格是达到真实性和灵性的工具。 虽然卡拉瓦乔在世时声名显赫，死后的几个世纪里却被人们完全遗忘了，只是在20世纪的最近几十年才被重新发现。尽管他影响了风格主义衰亡后几乎所有的艺术风格，但对新兴的巴洛克艺术才是真正影响深远的。安德烈·贝恩-若夫鲁瓦评论道：“坦率地说，卡拉瓦乔的工作标志着现代绘画的开始。”</dbpedia-owl:abstract>
    <dbpedia-owl:abstract xml:lang="de">Michelangelo Merisi, nach dem Herkunftsort seiner Eltern kurz Caravaggio genannt, war ein italienischer Maler des Frühbarocks, der sich durch seine neuartige und realistische Bildgestaltung auszeichnete. Vornehmlich in der Behandlung christlicher Themen ging er durch Verknüpfung des Sakralen mit dem Profanen neue Wege. Er gilt zusammen mit Annibale Carracci als Überwinder des Manierismus und Begründer der römischen Barockmalerei. Schon früh nach seinem Tod bildeten sich Legenden, die ihn zum „Archetypen des verruchten Künstlers“ werden ließen. Bis heute ist der „Mythos Caravaggio“ ungebrochen. Nachhaltigen Einfluss übte er auf viele italienische, niederländische, französische, deutsche und spanische Maler seiner Zeit aus, die teilweise auch als Caravaggisten bezeichnet werden.</dbpedia-owl:abstract>
    <dbpedia-owl:abstract xml:lang="ru">Микела́нджело Меризи да Карава́джо — итальянский художник, реформатор европейской живописи XVII века, основатель реализма в живописи, один из крупнейших мастеров барокко. Одним из первых применил манеру письма «кьяроскуро» — резкое противопоставление света и тени. Не обнаружено ни одного рисунка или эскиза, художник свои сложные композиции сразу реализовывал на холсте.</dbpedia-owl:abstract>
    <dbpedia-owl:abstract xml:lang="en">Michelangelo Merisi da Caravaggio (28 September 1571 – 18 July 1610) was an Italian artist active in Rome, Naples, Malta, and Sicily between 1593 and 1610. His paintings, which combine a realistic observation of the human state, both physical and emotional, with a dramatic use of lighting, had a formative influence on the Baroque school of painting. Caravaggio trained as a painter in Milan under Simone Peterzano who had himself trained under Titian. In his early twenties Caravaggio moved to Rome where, during the late 16th and early 17th centuries, many huge new churches and palazzi were being built and paintings were needed to fill them. During the Counter-Reformation, the Roman Catholic Church searched for religious art with which to counter the threat of Protestantism, and for this task the artificial conventions of Mannerism, which had ruled art for almost a century, no longer seemed adequate. Caravaggio&#39;s novelty was a radical naturalism that combined close physical observation with a dramatic, even theatrical, use of chiaroscuro. This came to be known as Tenebrism, the shift from light to dark with little intermediate value. He burst upon the Rome art scene in 1600 with the success of his first public commissions, the Martyrdom of Saint Matthew and Calling of Saint Matthew. Thereafter he never lacked commissions or patrons, yet he handled his success poorly. He was jailed on several occasions, vandalized his own apartment, and ultimately had a death warrant issued for him by the Pope. An early published notice on him, dating from 1604 and describing his lifestyle three years previously, tells how "after a fortnight&#39;s work he will swagger about for a month or two with a sword at his side and a servant following him, from one ball-court to the next, ever ready to engage in a fight or an argument, so that it is most awkward to get along with him. " In 1606 he killed a young man in a brawl and fled from Rome with a price on his head. He was involved in a brawl in Malta in 1608, and another in Naples in 1609, possibly a deliberate attempt on his life by unidentified enemies. This encounter left him severely injured. A year later, at the age of 38, he died under mysterious circumstances in Porto Ercole, reportedly from a fever while on his way to Rome to receive a pardon. Famous while he lived, Caravaggio was forgotten almost immediately after his death, and it was only in the 20th century that his importance to the development of Western art was rediscovered. Despite this, his influence on the new Baroque style that eventually emerged from the ruins of Mannerism was profound. It can be seen directly or indirectly in the work of Rubens, Jusepe de Ribera, Bernini, and Rembrandt, and artists in the following generation heavily under his influence were called the "Caravaggisti" or "Caravagesques", as well as Tenebrists or "Tenebrosi" ("shadowists"). Art historian Andre Berne-Joffroy said of him: "What begins in the work of Caravaggio is, quite simply, modern painting."</dbpedia-owl:abstract>
    <dbpedia-owl:abstract xml:lang="it">Formatosi tra Milano e Venezia ed attivo a Roma, Napoli, Malta e in Sicilia fra il 1593 e il 1610, è uno dei più celebri pittori italiani di tutti i tempi, dalla fama universale. I suoi dipinti, che combinano un&#39;analisi dello stato umano, sia fisico che emotivo, con un drammatico uso della luce, hanno avuto una forte influenza formativa sulla pittura barocca. Di animo particolarmente irrequieto, affrontò diverse vicissitudini durante la sua breve esistenza. Data cruciale per l&#39;arte e la vita di Merisi fu quella del 28 maggio 1606 quando, rendendosi responsabile di un omicidio e condannato a morte per lo stesso, dovette vivere gli anni successivi in costante fuga per scampare alla pena capitale. Il suo stile influenzò direttamente o indirettamente la pittura dei secoli successivi costituendo un filone di seguaci racchiusi nella corrente del caravaggismo.</dbpedia-owl:abstract>
    <dbpedia-owl:birthDate rdf:datatype="http://www.w3.org/2001/XMLSchema#date">1571-09-29</dbpedia-owl:birthDate>
    <dbpedia-owl:birthPlace rdf:resource="http://dbpedia.org/resource/Milan" />
    <dbpedia-owl:deathDate rdf:datatype="http://www.w3.org/2001/XMLSchema#date">1610-07-18</dbpedia-owl:deathDate>
    <dbpedia-owl:deathPlace rdf:resource="http://dbpedia.org/resource/Grosseto" />
    <dbpedia-owl:deathPlace rdf:resource="http://dbpedia.org/resource/Tuscany" />
    <dbpedia-owl:deathPlace rdf:resource="http://dbpedia.org/resource/Monte_Argentario" />
    <dbpedia-owl:field rdf:resource="http://dbpedia.org/resource/Painting" />
    <dbpedia-owl:individualisedPnd xml:lang="de">118519034</dbpedia-owl:individualisedPnd>
    <dbpedia-owl:movement rdf:resource="http://dbpedia.org/resource/Baroque" />
    <dbpedia-owl:nationality rdf:resource="http://dbpedia.org/resource/Italians" />
    <dbpedia-owl:wikiPageID rdf:datatype="http://www.w3.org/2001/XMLSchema#integer">7018</dbpedia-owl:wikiPageID>
    <dbpedia-owl:wikiPageRevisionID rdf:datatype="http://www.w3.org/2001/XMLSchema#integer">547299310</dbpedia-owl:wikiPageRevisionID>
    <rdfs:label xml:lang="de">Michelangelo Merisi da Caravaggio</rdfs:label>
    <rdfs:label xml:lang="fr">Le Caravage</rdfs:label>
    <rdfs:label xml:lang="it">Michelangelo Merisi da Caravaggio</rdfs:label>
    <rdfs:label xml:lang="ja">ミケランジェロ・メリージ・ダ・カラヴァッジオ</rdfs:label>
    <rdfs:label xml:lang="zh">卡拉瓦乔</rdfs:label>
    <rdfs:label xml:lang="nl">Caravaggio (schilder)</rdfs:label>
    <rdfs:label xml:lang="pl">Caravaggio</rdfs:label>
    <rdfs:label xml:lang="pt">Caravaggio</rdfs:label>
    <rdfs:label xml:lang="es">Caravaggio</rdfs:label>
    <rdfs:label xml:lang="sv">Caravaggio</rdfs:label>
    <rdfs:label xml:lang="ru">Караваджо</rdfs:label>
    <rdfs:label xml:lang="en">Caravaggio</rdfs:label>
    <foaf:depiction rdf:resource="http://upload.wikimedia.org/wikipedia/commons/7/73/Bild-Ottavio_Leoni,_Caravaggio.jpg" />
    <rdfs:comment xml:lang="sv">Inte att förväxla med Polidoro da Caravaggio Caravaggio, egentligen Michelangelo Merisi da Caravaggio (alternativt Amerighi Caravaggio), född 29 september 1571 i Caravaggio nära Bergamo, död 18 juli 1610 i Porto Ercole, var en italiensk barockmålare. Han bröt till viss del med den måleriska konventionen och betonade naturalismen i sina verk.</rdfs:comment>
    <rdfs:comment xml:lang="fr">Michelangelo Merisi da Caravaggio, en français Caravage ou Le Caravage, est un peintre italien né le 29 septembre 1571 à Milan et mort le 18 juillet 1610 à Porto Ercole. Son œuvre puissante et novatrice révolutionne la peinture du XVII siècle par son caractère naturaliste, son réalisme parfois brutal, son érotisme troublant et l&#39;emploi appuyé de la technique du clair-obscur allant jusqu&#39;au ténébrisme.</rdfs:comment>
    <rdfs:comment xml:lang="it">Formatosi tra Milano e Venezia ed attivo a Roma, Napoli, Malta e in Sicilia fra il 1593 e il 1610, è uno dei più celebri pittori italiani di tutti i tempi, dalla fama universale. I suoi dipinti, che combinano un&#39;analisi dello stato umano, sia fisico che emotivo, con un drammatico uso della luce, hanno avuto una forte influenza formativa sulla pittura barocca. Di animo particolarmente irrequieto, affrontò diverse vicissitudini durante la sua breve esistenza.</rdfs:comment>
    <rdfs:comment xml:lang="zh">米开朗基罗·梅里西·达·卡拉瓦乔（意大利语：Michelangelo Merisi da Caravaggio，1571年9月29日—1610年7月18日），意大利画家，1593年到1610年间活跃于罗马、那不勒斯、马耳他和西西里。他通常被认为属于巴洛克画派，对巴洛克画派的形成有重要影响。 卡拉瓦乔的一生醉人、危险而又充满了谜。1600年，他突然出现在罗马的艺术圈，此后就再没有缺少佣金和资助，尽管他将自己的成功经营得很糟糕。关于他最早的评介见于1604年，这份材料描述他大约3年前的生活方式，说“他干两周的活儿就能跨剑大摇大摆逛一两个月，还有一个仆人跟着，从一个球场到另一个，总是准备争吵打斗，因此跟他在一起狼狈之极。”1606年，卡拉瓦乔在争斗时杀死了一个年轻人，人家悬赏他的项上人头，于是他逃离罗马。1608年，他又在马耳他卷入另一场争斗，之后的1609年，在那不勒斯，还是争斗，这次可能是不明来历的对头要取他性命。到下一年，度过十年多一点的画家生涯后，卡拉瓦乔离开了人世。 在16世纪末到17世纪初的几十年间，罗马一直在建造巨大的教堂和宏伟的宫殿，需要大量画作。当时反宗教改革派教堂在搜寻正统的宗教艺术以还击新教的威胁，因为此前统治艺术界近一个世纪之久的风格主义不足以担此重任。卡拉瓦乔带来的是一种激进的自然主义，兼具近乎物理上精确的观察和生动甚至充满戏剧性的明暗对照画法。在卡拉瓦乔手中，这种新风格是达到真实性和灵性的工具。 虽然卡拉瓦乔在世时声名显赫，死后的几个世纪里却被人们完全遗忘了，只是在20世纪的最近几十年才被重新发现。尽管他影响了风格主义衰亡后几乎所有的艺术风格，但对新兴的巴洛克艺术才是真正影响深远的。安德烈·贝恩-若夫鲁瓦评论道：“坦率地说，卡拉瓦乔的工作标志着现代绘画的开始。”</rdfs:comment>
    <rdfs:comment xml:lang="es">Michelangelo Merisi da Caravaggio fue un pintor italiano activo en Roma, Nápoles, Malta y Sicilia entre los años de 1593 y 1610. Es considerado como el primer gran exponente de la pintura del Barroco.</rdfs:comment>
    <rdfs:comment xml:lang="ja">ミケランジェロ・メリージ・ダ・カラヴァッジョ（伊: Michelangelo Merisi da Caravaggio、1571年9月28日 - 1610年7月18日）は、バロック期のイタリア人画家。1593年から1610年にかけて、ローマ、ナポリ、マルタ、シチリアで活動し、カラヴァッジョ（Caravaggio）という通称で広く知られている。その作品に見られる肉体面、精神面ともに人間本来の姿を写実的に描く手法と、光と陰の印象的な表現はバロック絵画の形成に大きな影響を与えた。 カラヴァッジョはティツィアーノの弟子だった師匠のもと、ミラノで画家の修行を積んだ。その後、ミラノからローマへと移っているが、当時のローマは大規模な教会や邸宅が次々と建築されており、それらの建物を装飾する絵画が求められている都市だった。対抗宗教改革のさなか、ローマカトリック教会はプロテスタントへの対抗手段の一つとして自分たちの教義を補強するようなキリスト教美術品を求めるようになる。しかしながら、盛期ルネサンス以降、およそ1世紀にわたって美術界の主流となっていたマニエリスムは、もはや時代遅れの様式であると見なされていた。このような状況の中、カラヴァッジョは1600年に枢機卿に依頼された作品『聖マタイの殉教』と『聖マタイの召命』とを完成させ、一躍ローマ画壇の寵児となった。極端ともいえる自然主義に貫かれたカラヴァッジョの絵画には印象的な人体表現と演劇の一場面を髣髴とさせるような、現在ではテネブリズムとも呼ばれる、強烈な明暗法のキアロスクーロの技法が使用されている。 カラヴァッジョは画家としての生涯で絵画制作の注文不足やパトロンの欠如などは経験しておらず、金銭面で困ったことはなかった。しかしながらその暮らしは順風満帆なものではなく、自宅で暴れて拘置所に送られたことが何回かあり、ついには当時のローマ教皇から死刑宣告を受けるほどだった。カラヴァッジョについての記事が書かれた最初の出版物が1604年に発行されており、1601年から1604年のカラヴァッジョの生活について記されている。それによるとカラヴァッジョの暮らしは「二週間を絵画制作に費やすと、その後1か月か2か月のあいだ召使を引きつれて剣を腰に下げながら町を練り歩いた。舞踏会場や居酒屋を渡り歩いて喧嘩や口論に明け暮れる日々を送っていたため、カラヴァッジョとうまく付き合うことのできる友人はほとんどいなかった」とされている。1606年には乱闘で若者を殺して懸賞金をかけられたため、ローマを逃げ出している。さらに1608年にマルタで、1609年にはナポリで乱闘騒ぎを引き起こし、乱闘相手の待ち伏せにあって重傷を負わされたこともあった。翌年カラヴァッジョは熱病にかかり、トスカーナ州モンテ・アルジェンターリオで38歳の若さで死去する。人を殺してしまったことへの許しを得るためにローマへと向かう旅の途中でのことだった。 存命中のカラヴァッジョはその素行から悪名高く、その作品から評価の高い人物だったが、その名前と作品はカラヴァッジョの死後まもなく忘れ去られてしまった。しかし20世紀になってからカラヴァッジョが西洋絵画に果たした大きな役割が再評価されることになる。それまでのマニエリスムを打ち壊し、後にバロック絵画として確立する新しい美術様式に与えた影響は非常に大きなものだった。ルーベンス、ホセ・デ・リベーラ、ベルニーニそしてレンブラントらバロック美術の巨匠の作品は、直接的、間接的にカラヴァッジョの影響が見受けらる。カラヴァッジョの次世代の画家で、その影響を強く受けた作品を描いた画家たちのことを「カラヴァジェスティ」あるいはカラヴァッジョが使用した明暗技法から「テネブリスト」と呼ぶこともある。現代フランスの詩人ポール・ヴァレリーの秘書をつとめたアンドレ・ベルネ＝ジョフロワはカラヴァッジョのことを「いうまでもなくカラヴァッジョの作品から近現代絵画は始まった」と評価している。</rdfs:comment>
    <rdfs:comment xml:lang="pt">Michelangelo Merisi da Caravaggio foi um pintor italiano atuante em Roma, Nápoles, Malta e Sicília, entre 1593 e 1610. É normalmente identificado como um artista barroco, estilo do qual foi o primeiro grande representante. Caravaggio era o nome da aldeia natal da sua família e foi escolhido como seu nome artístico.</rdfs:comment>
    <rdfs:comment xml:lang="pl">Michelangelo Merisi da Caravaggio (ur. 29 września 1571, zm. 18 lipca 1610) – włoski malarz działający w latach 1593–1610 w Rzymie, Neapolu, na Malcie i Sycylii. Był reformatorem malarstwa europejskiego na przełomie XVI i XVII wieku. W swoich obrazach wyrzekł się piękna ludzkiego ciała, idealizowanego przez malarzy renesansowych. W celu ukazania realizmu wprowadził do swych dzieł ostry światłocień. Malowidła Caravaggia cechuje połączenie fizycznej formy i psychologicznej treści.</rdfs:comment>
    <rdfs:comment xml:lang="ru">Микела́нджело Меризи да Карава́джо — итальянский художник, реформатор европейской живописи XVII века, основатель реализма в живописи, один из крупнейших мастеров барокко. Одним из первых применил манеру письма «кьяроскуро» — резкое противопоставление света и тени. Не обнаружено ни одного рисунка или эскиза, художник свои сложные композиции сразу реализовывал на холсте.</rdfs:comment>
    <rdfs:comment xml:lang="nl">| |- | |- | |- | |- | |- | |- | |} Caravaggio voluit Michelangelo Merisi da Caravaggio, was een Italiaans kunstschilder uit de Barok.</rdfs:comment>
    <rdfs:comment xml:lang="en">Michelangelo Merisi da Caravaggio (28 September 1571 – 18 July 1610) was an Italian artist active in Rome, Naples, Malta, and Sicily between 1593 and 1610. His paintings, which combine a realistic observation of the human state, both physical and emotional, with a dramatic use of lighting, had a formative influence on the Baroque school of painting. Caravaggio trained as a painter in Milan under Simone Peterzano who had himself trained under Titian.</rdfs:comment>
    <rdfs:comment xml:lang="de">Michelangelo Merisi, nach dem Herkunftsort seiner Eltern kurz Caravaggio genannt, war ein italienischer Maler des Frühbarocks, der sich durch seine neuartige und realistische Bildgestaltung auszeichnete. Vornehmlich in der Behandlung christlicher Themen ging er durch Verknüpfung des Sakralen mit dem Profanen neue Wege. Er gilt zusammen mit Annibale Carracci als Überwinder des Manierismus und Begründer der römischen Barockmalerei.</rdfs:comment>
    <foaf:name xml:lang="en">Caravaggio</foaf:name>
    <dbpedia-owl:thumbnail rdf:resource="http://upload.wikimedia.org/wikipedia/commons/thumb/7/73/Bild-Ottavio_Leoni,_Caravaggio.jpg/200px-Bild-Ottavio_Leoni,_Caravaggio.jpg" />
    <dbpedia-owl:wikiPageExternalLink rdf:resource="http://www.robertalapucci.com" />
    <dbpedia-owl:wikiPageExternalLink rdf:resource="http://www.rijksmuseum.nl/formats/container_remcar_en.html" />
    <dbpedia-owl:wikiPageExternalLink rdf:resource="http://www.bergerfoundation.ch/Caravage/E/" />
    <dbpedia-owl:wikiPageExternalLink rdf:resource="http://smarthistory.khanacademy.org/contarelli-chapel.html" />
    <dbpedia-owl:wikiPageExternalLink rdf:resource="http://smarthistory.khanacademy.org/crucifixion-of-st.-peter.html" />
    <dbpedia-owl:wikiPageExternalLink rdf:resource="http://smarthistory.khanacademy.org/narcissus-at-the-source.html" />
    <dbpedia-owl:wikiPageExternalLink rdf:resource="http://smarthistory.khanacademy.org/supper-at-emmaus.html" />
    <dbpedia-owl:wikiPageExternalLink rdf:resource="http://smarthistory.khanacademy.org/caravaggio-matthew.html" />
    <dbpedia-owl:wikiPageExternalLink rdf:resource="http://smarthistory.khanacademy.org/caravaggios-death-of-the-virgin.html" />
    <dbpedia-owl:wikiPageExternalLink rdf:resource="http://www.duffyandsnellgrove.com.au/extracts/m_interview.htm" />
    <dbpedia-owl:wikiPageExternalLink rdf:resource="http://www.webexhibits.org/hockneyoptics/post/grundy7.html" />
    <dbpedia-owl:wikiPageExternalLink rdf:resource="http://www.ibiblio.org/wm/paint/auth/caravaggio/" />
    <dbpedia-owl:wikiPageExternalLink rdf:resource="http://www.mutualart.com/OpenArticle/Giovanni-Baglione--Artistic-Reputation-i/119746C99929E2DE" />
    <dbpedia-owl:wikiPageExternalLink rdf:resource="http://www.caravaggio-foundation.org" />
    <dbpedia-owl:wikiPageExternalLink rdf:resource="http://libmma.contentdm.oclc.org/cdm/compoundobject/collection/p15324coll10/id/96665" />
    <dbpedia-owl:wikiPageExternalLink rdf:resource="http://libmma.contentdm.oclc.org/cdm/compoundobject/collection/p15324coll10/id/42365/rec/5" />
    <dbpedia-owl:wikiPageExternalLink rdf:resource="http://www.artble.com/artists/caravaggio" />
    <dbpedia-owl:wikiPageExternalLink rdf:resource="http://www.eyegate.com/showgal.php?id=33" />
    <dbpedia-owl:wikiPageExternalLink rdf:resource="http://www.physorg.com/news155889108.html" />
    <dbpedia-owl:wikiPageExternalLink rdf:resource="http://issuu.com/akenpapers/docs/caravaggio-velazquez__eng_" />
    <dbpedia-owl:wikiPageExternalLink rdf:resource="http://www.fbi.gov/hq/cid/arttheft/europe/italy/italyart.htm" />
    <dbpedia-owl:wikiPageExternalLink rdf:resource="http://www.answers.com/topic/jordi-savall-dominique-fernandez-lachrimae-caravaggio" />
    <dbpedia-owl:wikiPageExternalLink rdf:resource="http://www.vandewerken.nl/teksten/caravaggio%20english.html" />
    <dbpedia-owl:wikiPageExternalLink rdf:resource="http://painterpatrickswift.blogspot.co.uk/1970/03/some-notes-on-caravaggio-nimbus-1956.html" />
    <dbpedia-owl:wikiPageExternalLink rdf:resource="http://www.youtube.com/watch?v=-mmJiNGh_mk" />
    <dbpprop:alternativeNames xml:lang="en">Caravaggio, Michelangelo Merisi da</dbpprop:alternativeNames>
    <dbpprop:birthDate rdf:datatype="http://www.w3.org/2001/XMLSchema#date">1571-09-28</dbpprop:birthDate>
    <dbpprop:birthName xml:lang="en">Michelangelo Merisi</dbpprop:birthName>
    <dbpprop:birthPlace rdf:resource="http://dbpedia.org/resource/Lombardy" />
    <dbpprop:birthPlace rdf:resource="http://dbpedia.org/resource/Milan" />
    <dbpprop:caption xml:lang="en">Chalk portrait of Caravaggio by Ottavio Leoni, circa 1621.</dbpprop:caption>
    <dbpprop:dateOfBirth rdf:datatype="http://www.w3.org/2001/XMLSchema#date">1571-09-29</dbpprop:dateOfBirth>
    <dbpprop:dateOfDeath rdf:datatype="http://www.w3.org/2001/XMLSchema#date">1610-07-18</dbpprop:dateOfDeath>
    <dbpprop:deathDate rdf:datatype="http://www.w3.org/2001/XMLSchema#date">1610-07-18</dbpprop:deathDate>
    <dbpprop:deathPlace rdf:resource="http://dbpedia.org/resource/Tuscany" />
    <dbpprop:deathPlace rdf:resource="http://dbpedia.org/resource/Monte_Argentario" />
    <dbpprop:field rdf:resource="http://dbpedia.org/resource/Painting" />
    <dbpprop:movement rdf:resource="http://dbpedia.org/resource/Baroque" />
    <dbpprop:name xml:lang="en">Caravaggio</dbpprop:name>
    <dbpprop:nationality rdf:resource="http://dbpedia.org/resource/Italians" />
    <dbpprop:placeOfBirth rdf:resource="http://dbpedia.org/resource/Milan" />
    <dbpprop:placeOfDeath xml:lang="en">Porto Ercole, near Grosseto in Tuscany</dbpprop:placeOfDeath>
    <dbpprop:shortDescription rdf:resource="http://dbpedia.org/resource/Painting" />
    <dbpprop:works xml:lang="en">see works by Caravaggio</dbpprop:works>
    <dbpprop:wordnet_type rdf:resource="http://www.w3.org/2006/03/wn/wn20/instances/synset-artist-noun-1" />
    <foaf:isPrimaryTopicOf rdf:resource="http://en.wikipedia.org/wiki/Caravaggio" />
    <dc:description xml:lang="en">Painting</dc:description>
    <ns8:wasDerivedFrom rdf:resource="http://en.wikipedia.org/wiki/Caravaggio?oldid=547299310" />
    <dbpprop:hasPhotoCollection rdf:resource="http://wifo5-03.informatik.uni-mannheim.de/flickrwrappr/photos/Caravaggio" />
  </rdf:Description>
  <rdf:Description rdf:about="http://dbpedia.org/resource/Francisco_de_Zurbar%C3%A1n">
    <dbpedia-owl:influencedBy rdf:resource="http://dbpedia.org/resource/Caravaggio" />
    <dbpprop:influencedBy rdf:resource="http://dbpedia.org/resource/Caravaggio" />
  </rdf:Description>
  <rdf:Description rdf:about="http://dbpedia.org/resource/Simon_Vouet">
    <dbpedia-owl:influencedBy rdf:resource="http://dbpedia.org/resource/Caravaggio" />
    <dbpprop:influencedBy rdf:resource="http://dbpedia.org/resource/Caravaggio" />
  </rdf:Description>
  <rdf:Description rdf:about="http://dbpedia.org/resource/Alof_de_Wignacourt">
    <dbpedia-owl:author rdf:resource="http://dbpedia.org/resource/Caravaggio" />
    <dbpprop:artist rdf:resource="http://dbpedia.org/resource/Caravaggio" />
  </rdf:Description>
  <rdf:Description rdf:about="http://dbpedia.org/resource/Caravaggio_(disputed)">
    <dbpedia-owl:wikiPageRedirects rdf:resource="http://dbpedia.org/resource/Caravaggio" />
  </rdf:Description>
  <rdf:Description rdf:about="http://dbpedia.org/resource/Wouter_Crabeth_II">
    <dbpedia-owl:influencedBy rdf:resource="http://dbpedia.org/resource/Caravaggio" />
    <dbpprop:influencedBy rdf:resource="http://dbpedia.org/resource/Caravaggio" />
  </rdf:Description>
  <rdf:Description rdf:about="http://dbpedia.org/resource/Death_of_the_Virgin_(Caravaggio)">
    <dbpedia-owl:author rdf:resource="http://dbpedia.org/resource/Caravaggio" />
    <dbpprop:artist rdf:resource="http://dbpedia.org/resource/Caravaggio" />
  </rdf:Description>
  <rdf:Description rdf:about="http://dbpedia.org/resource/Madonna_of_the_Rosary_(Caravaggio)">
    <dbpedia-owl:author rdf:resource="http://dbpedia.org/resource/Caravaggio" />
  </rdf:Description>
  <rdf:Description rdf:about="http://dbpedia.org/resource/The_Fortune_Teller_(Caravaggio)">
    <dbpedia-owl:author rdf:resource="http://dbpedia.org/resource/Caravaggio" />
    <dbpprop:artist rdf:resource="http://dbpedia.org/resource/Caravaggio" />
  </rdf:Description>
  <rdf:Description rdf:about="http://dbpedia.org/resource/Saint_Francis_in_Prayer_(Caravaggio)">
    <dbpedia-owl:author rdf:resource="http://dbpedia.org/resource/Caravaggio" />
  </rdf:Description>
  <rdf:Description rdf:about="http://es.dbpedia.org/resource/Caravaggio">
    <owl:sameAs rdf:resource="http://dbpedia.org/resource/Caravaggio" />
  </rdf:Description>
  <rdf:Description rdf:about="http://dbpedia.org/resource/Giovanni_Testori">
    <dbpedia-owl:influencedBy rdf:resource="http://dbpedia.org/resource/Caravaggio" />
    <dbpprop:influences rdf:resource="http://dbpedia.org/resource/Caravaggio" />
  </rdf:Description>
  <rdf:Description rdf:about="http://dbpedia.org/resource/Paolo_Facchinetti">
    <dbpedia-owl:team rdf:resource="http://dbpedia.org/resource/Caravaggio" />
    <dbpprop:clubs rdf:resource="http://dbpedia.org/resource/Caravaggio" />
  </rdf:Description>
  <rdf:Description rdf:about="http://dbpedia.org/resource/The_Calling_of_Saints_Peter_and_Andrew">
    <dbpedia-owl:author rdf:resource="http://dbpedia.org/resource/Caravaggio" />
  </rdf:Description>
  <rdf:Description rdf:about="http://dbpedia.org/resource/Supper_at_Emmaus_(Caravaggio),_Milan">
    <dbpedia-owl:author rdf:resource="http://dbpedia.org/resource/Caravaggio" />
  </rdf:Description>
  <rdf:Description rdf:about="http://data.nytimes.com/81565481265427240823">
    <owl:sameAs rdf:resource="http://dbpedia.org/resource/Caravaggio" />
  </rdf:Description>
  <rdf:Description rdf:about="http://dbpedia.org/resource/Saint_Francis_in_Meditation_(Caravaggio)">
    <dbpedia-owl:author rdf:resource="http://dbpedia.org/resource/Caravaggio" />
  </rdf:Description>
  <rdf:Description rdf:about="http://dbpedia.org/resource/Peter_Paul_Rubens">
    <dbpedia-owl:influencedBy rdf:resource="http://dbpedia.org/resource/Caravaggio" />
    <dbpprop:influencedBy rdf:resource="http://dbpedia.org/resource/Caravaggio" />
  </rdf:Description>
  <rdf:Description rdf:about="http://dbpedia.org/resource/David_with_the_Head_of_Goliath">
    <dbpedia-owl:author rdf:resource="http://dbpedia.org/resource/Caravaggio" />
  </rdf:Description>
  <rdf:Description rdf:about="http://dbpedia.org/resource/Caravaggio_(disambiguation)">
    <dbpedia-owl:wikiPageDisambiguates rdf:resource="http://dbpedia.org/resource/Caravaggio" />
  </rdf:Description>
  <rdf:Description rdf:about="http://de.dbpedia.org/resource/Michelangelo_Merisi_da_Caravaggio">
    <owl:sameAs rdf:resource="http://dbpedia.org/resource/Caravaggio" />
  </rdf:Description>
  <rdf:Description rdf:about="http://ja.dbpedia.org/resource/ミケランジェロ・メリージ・ダ・カラヴァッジオ">
    <owl:sameAs rdf:resource="http://dbpedia.org/resource/Caravaggio" />
  </rdf:Description>
  <rdf:Description rdf:about="http://pt.dbpedia.org/resource/Caravaggio">
    <owl:sameAs rdf:resource="http://dbpedia.org/resource/Caravaggio" />
  </rdf:Description>
  <rdf:Description rdf:about="http://ru.dbpedia.org/resource/Караваджо">
    <owl:sameAs rdf:resource="http://dbpedia.org/resource/Caravaggio" />
  </rdf:Description>
  <rdf:Description rdf:about="http://dbpedia.org/resource/Frank_Stella">
    <dbpedia-owl:influencedBy rdf:resource="http://dbpedia.org/resource/Caravaggio" />
    <dbpprop:influencedBy rdf:resource="http://dbpedia.org/resource/Caravaggio" />
  </rdf:Description>
  <rdf:Description rdf:about="http://dbpedia.org/resource/Herb_Roe">
    <dbpedia-owl:influencedBy rdf:resource="http://dbpedia.org/resource/Caravaggio" />
    <dbpprop:influencedBy rdf:resource="http://dbpedia.org/resource/Caravaggio" />
  </rdf:Description>
  <rdf:Description rdf:about="http://dbpedia.org/resource/The_Beheading_of_Saint_John_the_Baptist_(Caravaggio)">
    <dbpedia-owl:author rdf:resource="http://dbpedia.org/resource/Caravaggio" />
  </rdf:Description>
  <rdf:Description rdf:about="http://dbpedia.org/resource/David_with_the_Head_of_Goliath_(Caravaggio),_Vienna">
    <dbpedia-owl:author rdf:resource="http://dbpedia.org/resource/Caravaggio" />
  </rdf:Description>
  <rdf:Description rdf:about="http://dbpedia.org/resource/The_Crowning_with_Thorns_(Prato)">
    <dbpedia-owl:author rdf:resource="http://dbpedia.org/resource/Caravaggio" />
  </rdf:Description>
  <rdf:Description rdf:about="http://dbpedia.org/resource/The_Calling_of_St_Matthew_(Caravaggio)">
    <dbpedia-owl:author rdf:resource="http://dbpedia.org/resource/Caravaggio" />
    <dbpprop:artist rdf:resource="http://dbpedia.org/resource/Caravaggio" />
  </rdf:Description>
  <rdf:Description rdf:about="http://dbpedia.org/resource/Amor_Vincit_Omnia_(Caravaggio)">
    <dbpedia-owl:author rdf:resource="http://dbpedia.org/resource/Caravaggio" />
    <dbpprop:artist rdf:resource="http://dbpedia.org/resource/Caravaggio" />
  </rdf:Description>
  <rdf:Description rdf:about="http://dbpedia.org/resource/Boy_Bitten_by_a_Lizard_(Caravaggio)">
    <dbpedia-owl:author rdf:resource="http://dbpedia.org/resource/Caravaggio" />
  </rdf:Description>
  <rdf:Description rdf:about="http://dbpedia.org/resource/Cardsharps_(Caravaggio)">
    <dbpedia-owl:author rdf:resource="http://dbpedia.org/resource/Caravaggio" />
    <dbpprop:artist rdf:resource="http://dbpedia.org/resource/Caravaggio" />
  </rdf:Description>
  <rdf:Description rdf:about="http://dbpedia.org/resource/David_and_Goliath_(Caravaggio)">
    <dbpedia-owl:author rdf:resource="http://dbpedia.org/resource/Caravaggio" />
  </rdf:Description>
  <rdf:Description rdf:about="http://dbpedia.org/resource/Ecce_Homo_(Caravaggio)">
    <dbpedia-owl:author rdf:resource="http://dbpedia.org/resource/Caravaggio" />
  </rdf:Description>
  <rdf:Description rdf:about="http://dbpedia.org/resource/John_the_Baptist_(Caravaggio)">
    <dbpedia-owl:author rdf:resource="http://dbpedia.org/resource/Caravaggio" />
  </rdf:Description>
  <rdf:Description rdf:about="http://dbpedia.org/resource/Jupiter,_Neptune_and_Pluto">
    <dbpedia-owl:author rdf:resource="http://dbpedia.org/resource/Caravaggio" />
    <dbpprop:artist rdf:resource="http://dbpedia.org/resource/Caravaggio" />
  </rdf:Description>
  <rdf:Description rdf:about="http://dbpedia.org/resource/Madonna_di_Loreto_(Caravaggio)">
    <dbpedia-owl:author rdf:resource="http://dbpedia.org/resource/Caravaggio" />
  </rdf:Description>
  <rdf:Description rdf:about="http://dbpedia.org/resource/Medusa_(Caravaggio)">
    <dbpedia-owl:author rdf:resource="http://dbpedia.org/resource/Caravaggio" />
  </rdf:Description>
  <rdf:Description rdf:about="http://dbpedia.org/resource/Narcissus_(Caravaggio)">
    <dbpedia-owl:author rdf:resource="http://dbpedia.org/resource/Caravaggio" />
  </rdf:Description>
  <rdf:Description rdf:about="http://dbpedia.org/resource/Penitent_Magdalene_(Caravaggio)">
    <dbpedia-owl:author rdf:resource="http://dbpedia.org/resource/Caravaggio" />
  </rdf:Description>
  <rdf:Description rdf:about="http://dbpedia.org/resource/Portrait_of_Fra_Antonio_Martelli_(Caravaggio)">
    <dbpedia-owl:author rdf:resource="http://dbpedia.org/resource/Caravaggio" />
  </rdf:Description>
  <rdf:Description rdf:about="http://dbpedia.org/resource/Rest_on_the_Flight_into_Egypt_(Caravaggio)">
    <dbpedia-owl:author rdf:resource="http://dbpedia.org/resource/Caravaggio" />
    <dbpprop:artist rdf:resource="http://dbpedia.org/resource/Caravaggio" />
  </rdf:Description>
  <rdf:Description rdf:about="http://dbpedia.org/resource/Saint_Catherine_(Caravaggio)">
    <dbpedia-owl:author rdf:resource="http://dbpedia.org/resource/Caravaggio" />
    <dbpprop:artist rdf:resource="http://dbpedia.org/resource/Caravaggio" />
  </rdf:Description>
  <rdf:Description rdf:about="http://dbpedia.org/resource/Saint_Jerome_Writing">
    <dbpedia-owl:author rdf:resource="http://dbpedia.org/resource/Caravaggio" />
  </rdf:Description>
  <rdf:Description rdf:about="http://dbpedia.org/resource/Saint_Matthew_and_the_Angel">
    <dbpedia-owl:author rdf:resource="http://dbpedia.org/resource/Caravaggio" />
    <dbpprop:artist rdf:resource="http://dbpedia.org/resource/Caravaggio" />
  </rdf:Description>
  <rdf:Description rdf:about="http://dbpedia.org/resource/Salome_with_the_Head_of_John_the_Baptist_(Caravaggio),_Madrid">
    <dbpedia-owl:author rdf:resource="http://dbpedia.org/resource/Caravaggio" />
  </rdf:Description>
  <rdf:Description rdf:about="http://dbpedia.org/resource/The_Flagellation_of_Christ_(Caravaggio)">
    <dbpedia-owl:author rdf:resource="http://dbpedia.org/resource/Caravaggio" />
  </rdf:Description>
  <rdf:Description rdf:about="http://dbpedia.org/resource/The_Lute_Player_(Caravaggio)">
    <dbpedia-owl:author rdf:resource="http://dbpedia.org/resource/Caravaggio" />
  </rdf:Description>
  <rdf:Description rdf:about="http://dbpedia.org/resource/The_Martyrdom_of_Saint_Matthew_(Caravaggio)">
    <dbpedia-owl:author rdf:resource="http://dbpedia.org/resource/Caravaggio" />
    <dbpprop:artist rdf:resource="http://dbpedia.org/resource/Caravaggio" />
  </rdf:Description>
  <rdf:Description rdf:about="http://dbpedia.org/resource/The_Martyrdom_of_Saint_Ursula_(Caravaggio)">
    <dbpedia-owl:author rdf:resource="http://dbpedia.org/resource/Caravaggio" />
    <dbpprop:artist rdf:resource="http://dbpedia.org/resource/Caravaggio" />
  </rdf:Description>
  <rdf:Description rdf:about="http://dbpedia.org/resource/Christ_at_the_Column_(Caravaggio)">
    <dbpedia-owl:author rdf:resource="http://dbpedia.org/resource/Caravaggio" />
  </rdf:Description>
  <rdf:Description rdf:about="http://dbpedia.org/resource/Madonna_and_Child_with_St._Anne_(Dei_Palafrenieri)">
    <dbpedia-owl:author rdf:resource="http://dbpedia.org/resource/Caravaggio" />
    <dbpprop:artist rdf:resource="http://dbpedia.org/resource/Caravaggio" />
  </rdf:Description>
  <rdf:Description rdf:about="http://dbpedia.org/resource/The_Incredulity_of_Saint_Thomas_(Caravaggio)">
    <dbpedia-owl:author rdf:resource="http://dbpedia.org/resource/Caravaggio" />
  </rdf:Description>
  <rdf:Description rdf:about="http://dbpedia.org/resource/Portrait_of_Pope_Paul_V">
    <dbpedia-owl:author rdf:resource="http://dbpedia.org/resource/Caravaggio" />
  </rdf:Description>
  <rdf:Description rdf:about="http://dbpedia.org/resource/Saint_Jerome_in_Meditation_(Caravaggio)">
    <dbpedia-owl:author rdf:resource="http://dbpedia.org/resource/Caravaggio" />
  </rdf:Description>
  <rdf:Description rdf:about="http://dbpedia.org/resource/Sacrifice_of_Isaac_(Caravaggio)">
    <dbpedia-owl:author rdf:resource="http://dbpedia.org/resource/Caravaggio" />
    <dbpprop:artist rdf:resource="http://dbpedia.org/resource/Caravaggio" />
  </rdf:Description>
  <rdf:Description rdf:about="http://dbpedia.org/resource/The_Crowning_with_Thorns_(Caravaggio)">
    <dbpedia-owl:author rdf:resource="http://dbpedia.org/resource/Caravaggio" />
  </rdf:Description>
  <rdf:Description rdf:about="http://dbpedia.org/resource/Christ_on_the_Mount_of_Olives_(Caravaggio)">
    <dbpedia-owl:author rdf:resource="http://dbpedia.org/resource/Caravaggio" />
  </rdf:Description>
  <rdf:Description rdf:about="http://dbpedia.org/resource/Salome_with_the_Head_of_John_the_Baptist_(Caravaggio),_London">
    <dbpedia-owl:author rdf:resource="http://dbpedia.org/resource/Caravaggio" />
  </rdf:Description>
  <rdf:Description rdf:about="http://dbpedia.org/resource/Portrait_of_a_Courtesan_(Caravaggio)">
    <dbpedia-owl:author rdf:resource="http://dbpedia.org/resource/Caravaggio" />
    <dbpprop:artist rdf:resource="http://dbpedia.org/resource/Caravaggio" />
  </rdf:Description>
  <rdf:Description rdf:about="http://dbpedia.org/resource/Andy_Gotts">
    <dbpedia-owl:influencedBy rdf:resource="http://dbpedia.org/resource/Caravaggio" />
    <dbpprop:influencedBy rdf:resource="http://dbpedia.org/resource/Caravaggio" />
  </rdf:Description>
  <rdf:Description rdf:about="http://dbpedia.org/resource/Domenico_Fetti">
    <dbpedia-owl:influencedBy rdf:resource="http://dbpedia.org/resource/Caravaggio" />
    <dbpprop:influencedBy rdf:resource="http://dbpedia.org/resource/Caravaggio" />
  </rdf:Description>
  <rdf:Description rdf:about="http://dbpedia.org/resource/The_Seven_Works_of_Mercy_(Caravaggio)">
    <dbpedia-owl:author rdf:resource="http://dbpedia.org/resource/Caravaggio" />
  </rdf:Description>
  <rdf:Description rdf:about="http://dbpedia.org/resource/Michelangelo_da_Caravaggio">
    <dbpedia-owl:wikiPageRedirects rdf:resource="http://dbpedia.org/resource/Caravaggio" />
  </rdf:Description>
  <rdf:Description rdf:about="http://dbpedia.org/resource/Carravagio">
    <dbpedia-owl:wikiPageRedirects rdf:resource="http://dbpedia.org/resource/Caravaggio" />
  </rdf:Description>
  <rdf:Description rdf:about="http://dbpedia.org/resource/Michelangelo_Caravaggio">
    <dbpedia-owl:wikiPageRedirects rdf:resource="http://dbpedia.org/resource/Caravaggio" />
  </rdf:Description>
  <rdf:Description rdf:about="http://dbpedia.org/resource/Caravaggio_(Michaelangelo_Morigi)">
    <dbpedia-owl:wikiPageRedirects rdf:resource="http://dbpedia.org/resource/Caravaggio" />
  </rdf:Description>
  <rdf:Description rdf:about="http://dbpedia.org/resource/Caravage">
    <dbpedia-owl:wikiPageRedirects rdf:resource="http://dbpedia.org/resource/Caravaggio" />
  </rdf:Description>
  <rdf:Description rdf:about="http://dbpedia.org/resource/Caravaggiesque">
    <dbpedia-owl:wikiPageRedirects rdf:resource="http://dbpedia.org/resource/Caravaggio" />
  </rdf:Description>
  <rdf:Description rdf:about="http://dbpedia.org/resource/Caravaggio_Merisi">
    <dbpedia-owl:wikiPageRedirects rdf:resource="http://dbpedia.org/resource/Caravaggio" />
  </rdf:Description>
  <rdf:Description rdf:about="http://dbpedia.org/resource/Caravaggism">
    <dbpedia-owl:wikiPageRedirects rdf:resource="http://dbpedia.org/resource/Caravaggio" />
  </rdf:Description>
  <rdf:Description rdf:about="http://dbpedia.org/resource/Caravagio">
    <dbpedia-owl:wikiPageRedirects rdf:resource="http://dbpedia.org/resource/Caravaggio" />
  </rdf:Description>
  <rdf:Description rdf:about="http://dbpedia.org/resource/Carravaggio">
    <dbpedia-owl:wikiPageRedirects rdf:resource="http://dbpedia.org/resource/Caravaggio" />
  </rdf:Description>
  <rdf:Description rdf:about="http://dbpedia.org/resource/Carvaggio">
    <dbpedia-owl:wikiPageRedirects rdf:resource="http://dbpedia.org/resource/Caravaggio" />
  </rdf:Description>
  <rdf:Description rdf:about="http://dbpedia.org/resource/Cravaggio">
    <dbpedia-owl:wikiPageRedirects rdf:resource="http://dbpedia.org/resource/Caravaggio" />
  </rdf:Description>
  <rdf:Description rdf:about="http://dbpedia.org/resource/Michael_Agnolo_van_Caravaggio">
    <dbpedia-owl:wikiPageRedirects rdf:resource="http://dbpedia.org/resource/Caravaggio" />
  </rdf:Description>
  <rdf:Description rdf:about="http://dbpedia.org/resource/Michelangelo_Merisi_Caravaggio">
    <dbpedia-owl:wikiPageRedirects rdf:resource="http://dbpedia.org/resource/Caravaggio" />
  </rdf:Description>
  <rdf:Description rdf:about="http://dbpedia.org/resource/Michelangelo_Merisi_Da_Caravaggio">
    <dbpedia-owl:wikiPageRedirects rdf:resource="http://dbpedia.org/resource/Caravaggio" />
  </rdf:Description>
  <rdf:Description rdf:about="http://dbpedia.org/resource/Michelangelo_Merisi_Da_Carravaggio">
    <dbpedia-owl:wikiPageRedirects rdf:resource="http://dbpedia.org/resource/Caravaggio" />
  </rdf:Description>
  <rdf:Description rdf:about="http://dbpedia.org/resource/Michelangelo_Merisi_De_Caravaggio">
    <dbpedia-owl:wikiPageRedirects rdf:resource="http://dbpedia.org/resource/Caravaggio" />
  </rdf:Description>
  <rdf:Description rdf:about="http://dbpedia.org/resource/Michelangelo_Nerosi_da_Caravaggio">
    <dbpedia-owl:wikiPageRedirects rdf:resource="http://dbpedia.org/resource/Caravaggio" />
  </rdf:Description>
  <rdf:Description rdf:about="http://dbpedia.org/resource/Artemisia_Gentileschi">
    <dbpedia-owl:influencedBy rdf:resource="http://dbpedia.org/resource/Caravaggio" />
  </rdf:Description>
  <rdf:Description rdf:about="http://dbpedia.org/resource/Bryten_Goss">
    <dbpedia-owl:influencedBy rdf:resource="http://dbpedia.org/resource/Caravaggio" />
    <dbpprop:influencedBy rdf:resource="http://dbpedia.org/resource/Caravaggio" />
  </rdf:Description>
  <rdf:Description rdf:about="http://dbpedia.org/resource/Leona_Wood">
    <dbpedia-owl:influencedBy rdf:resource="http://dbpedia.org/resource/Caravaggio" />
    <dbpprop:influencedBy rdf:resource="http://dbpedia.org/resource/Caravaggio" />
  </rdf:Description>
  <rdf:Description rdf:about="http://dbpedia.org/resource/Manon_Cleary">
    <dbpedia-owl:influencedBy rdf:resource="http://dbpedia.org/resource/Caravaggio" />
    <dbpprop:influencedBy rdf:resource="http://dbpedia.org/resource/Caravaggio" />
  </rdf:Description>
  <rdf:Description rdf:about="http://it.dbpedia.org/resource/Michelangelo_Merisi_da_Caravaggio">
    <owl:sameAs rdf:resource="http://dbpedia.org/resource/Caravaggio" />
  </rdf:Description>
  <rdf:Description rdf:about="http://dbpedia.org/resource/Judith_Beheading_Holofernes_(Caravaggio)">
    <dbpedia-owl:author rdf:resource="http://dbpedia.org/resource/Caravaggio" />
    <dbpprop:artist rdf:resource="http://dbpedia.org/resource/Caravaggio" />
  </rdf:Description>
  <rdf:Description rdf:about="http://dbpedia.org/resource/Annunciation_(Caravaggio)">
    <dbpedia-owl:author rdf:resource="http://dbpedia.org/resource/Caravaggio" />
    <dbpprop:artist rdf:resource="http://dbpedia.org/resource/Caravaggio" />
  </rdf:Description>
  <rdf:Description rdf:about="http://dbpedia.org/resource/Supper_at_Emmaus_(Caravaggio),_London">
    <dbpedia-owl:author rdf:resource="http://dbpedia.org/resource/Caravaggio" />
  </rdf:Description>
  <rdf:Description rdf:about="http://dbpedia.org/resource/Boy_with_a_Basket_of_Fruit">
    <dbpedia-owl:author rdf:resource="http://dbpedia.org/resource/Caravaggio" />
  </rdf:Description>
  <rdf:Description rdf:about="http://dbpedia.org/resource/Burial_of_St._Lucy_(Caravaggio)">
    <dbpedia-owl:author rdf:resource="http://dbpedia.org/resource/Caravaggio" />
    <dbpprop:artist rdf:resource="http://dbpedia.org/resource/Caravaggio" />
  </rdf:Description>
  <rdf:Description rdf:about="http://dbpedia.org/resource/Mary_Magdalen_in_Ecstasy">
    <dbpedia-owl:author rdf:resource="http://dbpedia.org/resource/Caravaggio" />
    <dbpprop:artist rdf:resource="http://dbpedia.org/resource/Caravaggio" />
  </rdf:Description>
  <rdf:Description rdf:about="http://dbpedia.org/resource/Nativity_with_St._Francis_and_St._Lawrence">
    <dbpedia-owl:author rdf:resource="http://dbpedia.org/resource/Caravaggio" />
  </rdf:Description>
  <rdf:Description rdf:about="http://dbpedia.org/resource/Sleeping_Cupid_(Caravaggio)">
    <dbpedia-owl:author rdf:resource="http://dbpedia.org/resource/Caravaggio" />
  </rdf:Description>
  <rdf:Description rdf:about="http://dbpedia.org/resource/The_Conversion_of_Saint_Paul_(Caravaggio)">
    <dbpedia-owl:author rdf:resource="http://dbpedia.org/resource/Caravaggio" />
  </rdf:Description>
  <rdf:Description rdf:about="http://dbpedia.org/resource/The_Raising_of_Lazarus_(Caravaggio)">
    <dbpedia-owl:author rdf:resource="http://dbpedia.org/resource/Caravaggio" />
  </rdf:Description>
  <rdf:Description rdf:about="http://dbpedia.org/resource/Michelangelo_Merisi">
    <dbpedia-owl:wikiPageRedirects rdf:resource="http://dbpedia.org/resource/Caravaggio" />
  </rdf:Description>
  <rdf:Description rdf:about="http://dbpedia.org/resource/Michelangelo_Merisi_da_Caravaggio">
    <dbpedia-owl:wikiPageRedirects rdf:resource="http://dbpedia.org/resource/Caravaggio" />
  </rdf:Description>
  <rdf:Description rdf:about="http://dbpedia.org/resource/Michelangelo_Amerighi_Caravaggio">
    <dbpedia-owl:wikiPageRedirects rdf:resource="http://dbpedia.org/resource/Caravaggio" />
  </rdf:Description>
  <rdf:Description rdf:about="http://dbpedia.org/resource/Ecstacy_of_saint_francis">
    <dbpedia-owl:wikiPageRedirects rdf:resource="http://dbpedia.org/resource/Caravaggio" />
  </rdf:Description>
  <rdf:Description rdf:about="http://dbpedia.org/resource/Adoration_of_the_Shepherds_(Caravaggio)">
    <dbpedia-owl:author rdf:resource="http://dbpedia.org/resource/Caravaggio" />
    <dbpprop:artist rdf:resource="http://dbpedia.org/resource/Caravaggio" />
  </rdf:Description>
  <rdf:Description rdf:about="http://dbpedia.org/resource/Boy_Peeling_Fruit_(Caravaggio)">
    <dbpedia-owl:author rdf:resource="http://dbpedia.org/resource/Caravaggio" />
  </rdf:Description>
  <rdf:Description rdf:about="http://dbpedia.org/resource/The_Denial_of_Saint_Peter_(Caravaggio)">
    <dbpedia-owl:author rdf:resource="http://dbpedia.org/resource/Caravaggio" />
  </rdf:Description>
  <rdf:Description rdf:about="http://dbpedia.org/resource/Conversion_on_the_Way_to_Damascus">
    <dbpedia-owl:author rdf:resource="http://dbpedia.org/resource/Caravaggio" />
  </rdf:Description>
  <rdf:Description rdf:about="http://dbpedia.org/resource/Saint_Jerome_Writing_(Valletta)">
    <dbpedia-owl:author rdf:resource="http://dbpedia.org/resource/Caravaggio" />
  </rdf:Description>
  <rdf:Description rdf:about="http://dbpedia.org/resource/The_Crucifixion_of_Saint_Andrew_(Caravaggio)">
    <dbpedia-owl:author rdf:resource="http://dbpedia.org/resource/Caravaggio" />
    <dbpprop:artist rdf:resource="http://dbpedia.org/resource/Caravaggio" />
  </rdf:Description>
  <rdf:Description rdf:about="http://dbpedia.org/resource/Portrait_of_Alof_de_Wignacourt_and_his_Page">
    <dbpedia-owl:author rdf:resource="http://dbpedia.org/resource/Caravaggio" />
    <dbpprop:artist rdf:resource="http://dbpedia.org/resource/Caravaggio" />
  </rdf:Description>
  <rdf:Description rdf:about="http://dbpedia.org/resource/The_Inspiration_of_Saint_Matthew">
    <dbpedia-owl:author rdf:resource="http://dbpedia.org/resource/Caravaggio" />
  </rdf:Description>
  <rdf:Description rdf:about="http://cs.dbpedia.org/resource/Caravaggio">
    <owl:sameAs rdf:resource="http://dbpedia.org/resource/Caravaggio" />
  </rdf:Description>
  <rdf:Description rdf:about="http://el.dbpedia.org/resource/Καραβάτζιο">
    <owl:sameAs rdf:resource="http://dbpedia.org/resource/Caravaggio" />
  </rdf:Description>
  <rdf:Description rdf:about="http://fr.dbpedia.org/resource/Le_Caravage">
    <owl:sameAs rdf:resource="http://dbpedia.org/resource/Caravaggio" />
  </rdf:Description>
  <rdf:Description rdf:about="http://ko.dbpedia.org/resource/카라바조">
    <owl:sameAs rdf:resource="http://dbpedia.org/resource/Caravaggio" />
  </rdf:Description>
  <rdf:Description rdf:about="http://pl.dbpedia.org/resource/Caravaggio">
    <owl:sameAs rdf:resource="http://dbpedia.org/resource/Caravaggio" />
  </rdf:Description>
  <rdf:Description rdf:about="http://en.wikipedia.org/wiki/Caravaggio">
    <foaf:primaryTopic rdf:resource="http://dbpedia.org/resource/Caravaggio" />
  </rdf:Description>
  <rdf:Description rdf:about="http://dbpedia.org/resource/Michaelangelo_(Caravaggio)_Morigi">
    <dbpedia-owl:wikiPageRedirects rdf:resource="http://dbpedia.org/resource/Caravaggio" />
  </rdf:Description>
  <rdf:Description rdf:about="http://dbpedia.org/resource/Morigi,_Michaelangelo_(Caravaggio)">
    <dbpedia-owl:wikiPageRedirects rdf:resource="http://dbpedia.org/resource/Caravaggio" />
  </rdf:Description>
  <rdf:Description rdf:about="http://dbpedia.org/resource/Kaja_Norum">
    <dbpedia-owl:influencedBy rdf:resource="http://dbpedia.org/resource/Caravaggio" />
    <dbpprop:influencedBy rdf:resource="http://dbpedia.org/resource/Caravaggio" />
  </rdf:Description>
  <rdf:Description rdf:about="http://dbpedia.org/resource/Michelangelo_da_Merisi">
    <dbpedia-owl:wikiPageRedirects rdf:resource="http://dbpedia.org/resource/Caravaggio" />
  </rdf:Description>
  <rdf:Description rdf:about="http://nl.dbpedia.org/resource/Caravaggio_(schilder)">
    <owl:sameAs rdf:resource="http://dbpedia.org/resource/Caravaggio" />
  </rdf:Description>
  <rdf:Description rdf:about="http://eu.dbpedia.org/resource/Caravaggio">
    <owl:sameAs rdf:resource="http://dbpedia.org/resource/Caravaggio" />
  </rdf:Description>
  <rdf:Description rdf:about="http://dbpedia.org/resource/Malta__CaravaggioJeromeValletta.jpg__1">
    <dbpedia-owl:author rdf:resource="http://dbpedia.org/resource/Caravaggio" />
  </rdf:Description>
  <rdf:Description rdf:about="http://dbpedia.org/resource/Michaelangelo_Merisi">
    <dbpedia-owl:wikiPageRedirects rdf:resource="http://dbpedia.org/resource/Caravaggio" />
  </rdf:Description>
  <rdf:Description rdf:about="http://dbpedia.org/resource/Paolo_Facchinetti__8">
    <dbpedia-owl:team rdf:resource="http://dbpedia.org/resource/Caravaggio" />
  </rdf:Description>
  <rdf:Description rdf:about="http://dbpedia.org/resource/Michaelangelo_da_Carravagio">
    <dbpedia-owl:wikiPageRedirects rdf:resource="http://dbpedia.org/resource/Caravaggio" />
  </rdf:Description>
  <rdf:Description rdf:about="http://zh.dbpedia.org/resource/卡拉瓦乔">
    <owl:sameAs rdf:resource="http://dbpedia.org/resource/Caravaggio" />
  </rdf:Description>
  <rdf:Description rdf:about="http://an.dbpedia.org/resource/Caravaggio">
    <owl:sameAs rdf:resource="http://dbpedia.org/resource/Caravaggio" />
  </rdf:Description>
  <rdf:Description rdf:about="http://ar.dbpedia.org/resource/كارافاجيو">
    <owl:sameAs rdf:resource="http://dbpedia.org/resource/Caravaggio" />
  </rdf:Description>
  <rdf:Description rdf:about="http://arz.dbpedia.org/resource/كارافاجيو">
    <owl:sameAs rdf:resource="http://dbpedia.org/resource/Caravaggio" />
  </rdf:Description>
  <rdf:Description rdf:about="http://az.dbpedia.org/resource/Karavacco">
    <owl:sameAs rdf:resource="http://dbpedia.org/resource/Caravaggio" />
  </rdf:Description>
  <rdf:Description rdf:about="http://be.dbpedia.org/resource/Караваджа">
    <owl:sameAs rdf:resource="http://dbpedia.org/resource/Caravaggio" />
  </rdf:Description>
  <rdf:Description rdf:about="http://bg.dbpedia.org/resource/Микеланджело_да_Караваджо">
    <owl:sameAs rdf:resource="http://dbpedia.org/resource/Caravaggio" />
  </rdf:Description>
  <rdf:Description rdf:about="http://br.dbpedia.org/resource/Caravaggio">
    <owl:sameAs rdf:resource="http://dbpedia.org/resource/Caravaggio" />
  </rdf:Description>
  <rdf:Description rdf:about="http://bs.dbpedia.org/resource/Caravaggio">
    <owl:sameAs rdf:resource="http://dbpedia.org/resource/Caravaggio" />
  </rdf:Description>
  <rdf:Description rdf:about="http://ca.dbpedia.org/resource/Caravaggio">
    <owl:sameAs rdf:resource="http://dbpedia.org/resource/Caravaggio" />
  </rdf:Description>
  <rdf:Description rdf:about="http://cy.dbpedia.org/resource/Caravaggio">
    <owl:sameAs rdf:resource="http://dbpedia.org/resource/Caravaggio" />
  </rdf:Description>
  <rdf:Description rdf:about="http://da.dbpedia.org/resource/Michelangelo_di_Caravaggio">
    <owl:sameAs rdf:resource="http://dbpedia.org/resource/Caravaggio" />
  </rdf:Description>
  <rdf:Description rdf:about="http://eo.dbpedia.org/resource/Michelangelo_Merisi_da_Caravaggio">
    <owl:sameAs rdf:resource="http://dbpedia.org/resource/Caravaggio" />
  </rdf:Description>
  <rdf:Description rdf:about="http://et.dbpedia.org/resource/Michelangelo_Caravaggio">
    <owl:sameAs rdf:resource="http://dbpedia.org/resource/Caravaggio" />
  </rdf:Description>
  <rdf:Description rdf:about="http://fa.dbpedia.org/resource/کاراواجو">
    <owl:sameAs rdf:resource="http://dbpedia.org/resource/Caravaggio" />
  </rdf:Description>
  <rdf:Description rdf:about="http://fi.dbpedia.org/resource/Caravaggio">
    <owl:sameAs rdf:resource="http://dbpedia.org/resource/Caravaggio" />
  </rdf:Description>
  <rdf:Description rdf:about="http://fy.dbpedia.org/resource/Caravaggio_(skilder)">
    <owl:sameAs rdf:resource="http://dbpedia.org/resource/Caravaggio" />
  </rdf:Description>
  <rdf:Description rdf:about="http://ga.dbpedia.org/resource/Caravaggio">
    <owl:sameAs rdf:resource="http://dbpedia.org/resource/Caravaggio" />
  </rdf:Description>
  <rdf:Description rdf:about="http://gl.dbpedia.org/resource/Caravaggio">
    <owl:sameAs rdf:resource="http://dbpedia.org/resource/Caravaggio" />
  </rdf:Description>
  <rdf:Description rdf:about="http://he.dbpedia.org/resource/קאראווג&#39;ו">
    <owl:sameAs rdf:resource="http://dbpedia.org/resource/Caravaggio" />
  </rdf:Description>
  <rdf:Description rdf:about="http://hr.dbpedia.org/resource/Caravaggio">
    <owl:sameAs rdf:resource="http://dbpedia.org/resource/Caravaggio" />
  </rdf:Description>
  <rdf:Description rdf:about="http://hu.dbpedia.org/resource/Caravaggio">
    <owl:sameAs rdf:resource="http://dbpedia.org/resource/Caravaggio" />
  </rdf:Description>
  <rdf:Description rdf:about="http://hy.dbpedia.org/resource/Կարավաջո">
    <owl:sameAs rdf:resource="http://dbpedia.org/resource/Caravaggio" />
  </rdf:Description>
  <rdf:Description rdf:about="http://id.dbpedia.org/resource/Lukisan_Caravaggio">
    <owl:sameAs rdf:resource="http://dbpedia.org/resource/Caravaggio" />
  </rdf:Description>
  <rdf:Description rdf:about="http://io.dbpedia.org/resource/Caravaggio">
    <owl:sameAs rdf:resource="http://dbpedia.org/resource/Caravaggio" />
  </rdf:Description>
  <rdf:Description rdf:about="http://is.dbpedia.org/resource/Caravaggio">
    <owl:sameAs rdf:resource="http://dbpedia.org/resource/Caravaggio" />
  </rdf:Description>
  <rdf:Description rdf:about="http://ka.dbpedia.org/resource/კარავაჯო">
    <owl:sameAs rdf:resource="http://dbpedia.org/resource/Caravaggio" />
  </rdf:Description>
  <rdf:Description rdf:about="http://la.dbpedia.org/resource/Michael_Angelus_Merisi_Caravaggius">
    <owl:sameAs rdf:resource="http://dbpedia.org/resource/Caravaggio" />
  </rdf:Description>
  <rdf:Description rdf:about="http://lt.dbpedia.org/resource/Michelangelo_Merisi_da_Caravaggio">
    <owl:sameAs rdf:resource="http://dbpedia.org/resource/Caravaggio" />
  </rdf:Description>
  <rdf:Description rdf:about="http://lv.dbpedia.org/resource/Karavadžo">
    <owl:sameAs rdf:resource="http://dbpedia.org/resource/Caravaggio" />
  </rdf:Description>
  <rdf:Description rdf:about="http://ms.dbpedia.org/resource/Caravaggio">
    <owl:sameAs rdf:resource="http://dbpedia.org/resource/Caravaggio" />
  </rdf:Description>
  <rdf:Description rdf:about="http://nap.dbpedia.org/resource/Caravaggio">
    <owl:sameAs rdf:resource="http://dbpedia.org/resource/Caravaggio" />
  </rdf:Description>
  <rdf:Description rdf:about="http://nn.dbpedia.org/resource/Caravaggio">
    <owl:sameAs rdf:resource="http://dbpedia.org/resource/Caravaggio" />
  </rdf:Description>
  <rdf:Description rdf:about="http://no.dbpedia.org/resource/Caravaggio">
    <owl:sameAs rdf:resource="http://dbpedia.org/resource/Caravaggio" />
  </rdf:Description>
  <rdf:Description rdf:about="http://oc.dbpedia.org/resource/Caravaggio">
    <owl:sameAs rdf:resource="http://dbpedia.org/resource/Caravaggio" />
  </rdf:Description>
  <rdf:Description rdf:about="http://qu.dbpedia.org/resource/Caravaggio">
    <owl:sameAs rdf:resource="http://dbpedia.org/resource/Caravaggio" />
  </rdf:Description>
  <rdf:Description rdf:about="http://ro.dbpedia.org/resource/Caravaggio">
    <owl:sameAs rdf:resource="http://dbpedia.org/resource/Caravaggio" />
  </rdf:Description>
  <rdf:Description rdf:about="http://scn.dbpedia.org/resource/Michelangilu_Merisi_di_Caravaggiu">
    <owl:sameAs rdf:resource="http://dbpedia.org/resource/Caravaggio" />
  </rdf:Description>
  <rdf:Description rdf:about="http://sh.dbpedia.org/resource/Caravaggio">
    <owl:sameAs rdf:resource="http://dbpedia.org/resource/Caravaggio" />
  </rdf:Description>
  <rdf:Description rdf:about="http://simple.dbpedia.org/resource/Caravaggio">
    <owl:sameAs rdf:resource="http://dbpedia.org/resource/Caravaggio" />
  </rdf:Description>
  <rdf:Description rdf:about="http://sk.dbpedia.org/resource/Michelangelo_Merisi_da_Caravaggio">
    <owl:sameAs rdf:resource="http://dbpedia.org/resource/Caravaggio" />
  </rdf:Description>
  <rdf:Description rdf:about="http://sr.dbpedia.org/resource/Каравађо">
    <owl:sameAs rdf:resource="http://dbpedia.org/resource/Caravaggio" />
  </rdf:Description>
  <rdf:Description rdf:about="http://sv.dbpedia.org/resource/Caravaggio">
    <owl:sameAs rdf:resource="http://dbpedia.org/resource/Caravaggio" />
  </rdf:Description>
  <rdf:Description rdf:about="http://th.dbpedia.org/resource/การาวัจโจ">
    <owl:sameAs rdf:resource="http://dbpedia.org/resource/Caravaggio" />
  </rdf:Description>
  <rdf:Description rdf:about="http://tr.dbpedia.org/resource/Caravaggio">
    <owl:sameAs rdf:resource="http://dbpedia.org/resource/Caravaggio" />
  </rdf:Description>
  <rdf:Description rdf:about="http://tt.dbpedia.org/resource/Микеланджело_Караваджо">
    <owl:sameAs rdf:resource="http://dbpedia.org/resource/Caravaggio" />
  </rdf:Description>
  <rdf:Description rdf:about="http://uk.dbpedia.org/resource/Мікеланджело_да_Караваджо">
    <owl:sameAs rdf:resource="http://dbpedia.org/resource/Caravaggio" />
  </rdf:Description>
  <rdf:Description rdf:about="http://vi.dbpedia.org/resource/Caravaggio">
    <owl:sameAs rdf:resource="http://dbpedia.org/resource/Caravaggio" />
  </rdf:Description>
  <rdf:Description rdf:about="http://war.dbpedia.org/resource/Caravaggio">
    <owl:sameAs rdf:resource="http://dbpedia.org/resource/Caravaggio" />
  </rdf:Description>
  <rdf:Description rdf:about="http://als.dbpedia.org/resource/Michelangelo_Merisi_da_Caravaggio">
    <owl:sameAs rdf:resource="http://dbpedia.org/resource/Caravaggio" />
  </rdf:Description>
  <rdf:Description rdf:about="http://ba.dbpedia.org/resource/Микеланджело_Караваджо">
    <owl:sameAs rdf:resource="http://dbpedia.org/resource/Caravaggio" />
  </rdf:Description>
  <rdf:Description rdf:about="http://lmo.dbpedia.org/resource/Michelangelo_Merisi">
    <owl:sameAs rdf:resource="http://dbpedia.org/resource/Caravaggio" />
  </rdf:Description>
  <rdf:Description rdf:about="http://be_x_old.dbpedia.org/resource/Караваджа">
    <owl:sameAs rdf:resource="http://dbpedia.org/resource/Caravaggio" />
  </rdf:Description>
  <rdf:Description rdf:about="http://bo.dbpedia.org/resource/ཨིལ་ཁས་ར་ཝ་ཇིའོ།">
    <owl:sameAs rdf:resource="http://dbpedia.org/resource/Caravaggio" />
  </rdf:Description>
  <rdf:Description rdf:about="http://lad.dbpedia.org/resource/Il_Karavaggio">
    <owl:sameAs rdf:resource="http://dbpedia.org/resource/Caravaggio" />
  </rdf:Description>
  <rdf:Description rdf:about="http://mt.dbpedia.org/resource/Michelangelo_Merisi_da_Caravaggio">
    <owl:sameAs rdf:resource="http://dbpedia.org/resource/Caravaggio" />
  </rdf:Description>
  <rdf:Description rdf:about="http://sc.dbpedia.org/resource/Michelangelo_Merisi_da_Caravaggio">
    <owl:sameAs rdf:resource="http://dbpedia.org/resource/Caravaggio" />
  </rdf:Description>
  <rdf:Description rdf:about="http://zh_min_nan.dbpedia.org/resource/Michelangelo_Merisi_da_Caravaggio">
    <owl:sameAs rdf:resource="http://dbpedia.org/resource/Caravaggio" />
  </rdf:Description>
  <rdf:Description rdf:about="http://wikidata.dbpedia.org/resource/Q42207">
    <owl:sameAs rdf:resource="http://dbpedia.org/resource/Caravaggio" />
  </rdf:Description>
</rdf:RDF>
