<?xml version="1.0" encoding="utf-8" ?>
<rdf:RDF
	xmlns:rdf="http://www.w3.org/1999/02/22-rdf-syntax-ns#"
	xmlns:rdfs="http://www.w3.org/2000/01/rdf-schema#"
	xmlns:owl="http://www.w3.org/2002/07/owl#"
	xmlns:dcterms="http://purl.org/dc/terms/"
	xmlns:dbpedia-owl="http://dbpedia.org/ontology/"
	xmlns:foaf="http://xmlns.com/foaf/0.1/"
	xmlns:dbpprop="http://dbpedia.org/property/"
	xmlns:dc="http://purl.org/dc/elements/1.1/"
	xmlns:ns8="http://www.w3.org/ns/prov#" >
  <rdf:Description rdf:about="http://de.dbpedia.org/resource/Carl_Fredrik_Hill">
    <owl:sameAs rdf:resource="http://dbpedia.org/resource/Carl_Fredrik_Hill" />
  </rdf:Description>
  <rdf:Description rdf:about="http://fr.dbpedia.org/resource/Carl_Fredrik_Hill">
    <owl:sameAs rdf:resource="http://dbpedia.org/resource/Carl_Fredrik_Hill" />
  </rdf:Description>
  <rdf:Description rdf:about="http://pl.dbpedia.org/resource/Carl_Fredrik_Hill">
    <owl:sameAs rdf:resource="http://dbpedia.org/resource/Carl_Fredrik_Hill" />
  </rdf:Description>
  <rdf:Description rdf:about="http://dbpedia.org/resource/The_Cemetery">
    <dbpedia-owl:author rdf:resource="http://dbpedia.org/resource/Carl_Fredrik_Hill" />
    <dbpprop:artist rdf:resource="http://dbpedia.org/resource/Carl_Fredrik_Hill" />
  </rdf:Description>
  <rdf:Description rdf:about="http://dbpedia.org/resource/Carl_Fredrik_Hill">
    <rdf:type rdf:resource="http://www.w3.org/2002/07/owl#Thing" />
    <rdf:type rdf:resource="http://dbpedia.org/class/yago/Object100002684" />
    <rdf:type rdf:resource="http://dbpedia.org/class/yago/CausalAgent100007347" />
    <rdf:type rdf:resource="http://dbpedia.org/class/yago/Organism100004475" />
    <rdf:type rdf:resource="http://dbpedia.org/class/yago/YagoLegalActor" />
    <rdf:type rdf:resource="http://dbpedia.org/class/yago/Artist109812338" />
    <rdf:type rdf:resource="http://dbpedia.org/class/yago/19th-centurySwedishPeople" />
    <rdf:type rdf:resource="http://dbpedia.org/class/yago/Painter110391653" />
    <rdf:type rdf:resource="http://dbpedia.org/class/yago/LandscapeArtists" />
    <rdf:type rdf:resource="http://schema.org/Person" />
    <rdf:type rdf:resource="http://dbpedia.org/class/yago/PhysicalEntity100001930" />
    <rdf:type rdf:resource="http://dbpedia.org/class/yago/Person100007846" />
    <rdf:type rdf:resource="http://dbpedia.org/ontology/Person" />
    <rdf:type rdf:resource="http://dbpedia.org/ontology/Artist" />
    <rdf:type rdf:resource="http://dbpedia.org/ontology/Agent" />
    <rdf:type rdf:resource="http://dbpedia.org/class/yago/Creator109614315" />
    <rdf:type rdf:resource="http://dbpedia.org/class/yago/Whole100003553" />
    <rdf:type rdf:resource="http://xmlns.com/foaf/0.1/Person" />
    <rdf:type rdf:resource="http://dbpedia.org/class/yago/YagoLegalActorGeo" />
    <rdf:type rdf:resource="http://dbpedia.org/class/yago/SwedishPainters" />
    <rdf:type rdf:resource="http://dbpedia.org/class/yago/LivingThing100004258" />
    <rdf:type rdf:resource="http://dbpedia.org/class/yago/PeopleFromLund" />
    <owl:sameAs rdf:resource="http://rdf.freebase.com/ns/m.012rm7" />
    <owl:sameAs rdf:resource="http://pl.dbpedia.org/resource/Carl_Fredrik_Hill" />
    <owl:sameAs rdf:resource="http://fr.dbpedia.org/resource/Carl_Fredrik_Hill" />
    <owl:sameAs rdf:resource="http://ru.dbpedia.org/resource/Хилл,_Карл_Фредрик" />
    <owl:sameAs rdf:resource="http://www.wikidata.org/entity/Q858483" />
    <owl:sameAs rdf:resource="http://sv.dbpedia.org/resource/Carl_Fredrik_Hill" />
    <owl:sameAs rdf:resource="http://dbpedia.org/resource/Carl_Fredrik_Hill" />
    <owl:sameAs rdf:resource="http://de.dbpedia.org/resource/Carl_Fredrik_Hill" />
    <owl:sameAs rdf:resource="http://hu.dbpedia.org/resource/Carl_Fredrik_Hill" />
    <owl:sameAs rdf:resource="http://yago-knowledge.org/resource/Carl_Fredrik_Hill" />
    <dcterms:subject rdf:resource="http://dbpedia.org/resource/Category:Outsider_artists" />
    <dcterms:subject rdf:resource="http://dbpedia.org/resource/Category:Landscape_artists" />
    <dcterms:subject rdf:resource="http://dbpedia.org/resource/Category:19th-century_Swedish_people" />
    <dcterms:subject rdf:resource="http://dbpedia.org/resource/Category:Swedish_painters" />
    <dcterms:subject rdf:resource="http://dbpedia.org/resource/Category:1911_deaths" />
    <dcterms:subject rdf:resource="http://dbpedia.org/resource/Category:People_from_Lund" />
    <dcterms:subject rdf:resource="http://dbpedia.org/resource/Category:1849_births" />
    <dbpedia-owl:abstract xml:lang="pl">Carl Fredrik Hill – szwedzki malarz pejzażysta. Urodził się w rodzinie profesora matematyki, po studiach w Akademii Sztuk Pięknych w Sztokholmie wyjechał do Francji. Tam znalazł się pod wpływem twórczości Corota i barbizończyków i wypracował własny styl. Malował przede wszystkim sentymentalne pejzaże odznaczające się intensywną kolorystyką. Jego próby wystawiania w paryskim Salonie były nieudane, większość prac została odrzucona. W latach 1875-1878 twórczość Hilla stopniowo ewoluowała w kierunku ekspresjonizmu, a artysta koncentrował się na poszukiwaniu nowych środków wyrazu. Kariera malarza załamała się w 1878 roku, gdy stwierdzono u niego nieuleczalną chorobę psychiczną. Przez resztę życia znajdował się pod opieką rodziny i był niezdolny do samodzielnego życia. W czasie choroby nadal intensywnie pracował zajmując się głównie grafiką, rysował ołówkiem, piórkiem, posługiwał się akwarelami i pastelami. Z tego okresu zachowało się kilka tysięcy jego prac, z których większość znajduje się obecnie w Szwecji m. in. w Nationalmuseum w Sztokholmie, Malmö konstmuseum i Muzeum Sztuki w Göteborgu. Artysta uważany jest obecnie za czołowego szwedzkiego ekspresjonistę i prekursora surrealizmu. Jego twórczością inspirowało się wielu artystów, m. in. Arnulf Rainer, Per Kirkeby, Georg Baselitz, Torsten Andersson i Donald Baechler.</dbpedia-owl:abstract>
    <dbpedia-owl:abstract xml:lang="sv">Carl Fredrik Hill, född 31 maj 1849 i Lund, död där 22 februari 1911, var en svensk konstnär. Hill var en av Sveriges främsta landskapsmålare.</dbpedia-owl:abstract>
    <dbpedia-owl:abstract xml:lang="fr">Carl Frederik Hill, né le 31 mai 1849 à Lund (Suède) et mort le 22 février 1911 à Lund, est un peintre et dessinateur suédois. Après avoir tenté une carrière de peintre paysagiste, la majorité de son œuvre, excécutée dans la clandestinité et à la suite de troubles psychiatriques, est reliée aux productions d&#39;Art brut.</dbpedia-owl:abstract>
    <dbpedia-owl:abstract xml:lang="de">Carl Fredrik Hill war ein schwedischer Maler und besonders durch seine Zeichnungen bekannt. Er wird der Epoche des Impressionismus zugeordnet.</dbpedia-owl:abstract>
    <dbpedia-owl:abstract xml:lang="ru">Карл Фре́дрик Хилл — шведский живописец и график.</dbpedia-owl:abstract>
    <dbpedia-owl:abstract xml:lang="en">Carl Fredrik Hill (31 May 1849 - 22 February 1911) was a Swedish painter.</dbpedia-owl:abstract>
    <dbpedia-owl:birthDate rdf:datatype="http://www.w3.org/2001/XMLSchema#date">1849-05-31</dbpedia-owl:birthDate>
    <dbpedia-owl:deathDate rdf:datatype="http://www.w3.org/2001/XMLSchema#date">1911-02-22</dbpedia-owl:deathDate>
    <dbpedia-owl:wikiPageID rdf:datatype="http://www.w3.org/2001/XMLSchema#integer">146850</dbpedia-owl:wikiPageID>
    <dbpedia-owl:wikiPageRevisionID rdf:datatype="http://www.w3.org/2001/XMLSchema#integer">544346669</dbpedia-owl:wikiPageRevisionID>
    <rdfs:label xml:lang="sv">Carl Fredrik Hill</rdfs:label>
    <rdfs:label xml:lang="fr">Carl Fredrik Hill</rdfs:label>
    <rdfs:label xml:lang="pl">Carl Fredrik Hill</rdfs:label>
    <rdfs:label xml:lang="en">Carl Fredrik Hill</rdfs:label>
    <rdfs:label xml:lang="ru">Хилл, Карл Фредрик</rdfs:label>
    <rdfs:label xml:lang="de">Carl Fredrik Hill</rdfs:label>
    <foaf:depiction rdf:resource="http://upload.wikimedia.org/wikipedia/commons/3/3f/Hill_portrait.jpg" />
    <rdfs:comment xml:lang="en">Carl Fredrik Hill (31 May 1849 - 22 February 1911) was a Swedish painter.</rdfs:comment>
    <rdfs:comment xml:lang="ru">Карл Фре́дрик Хилл — шведский живописец и график.</rdfs:comment>
    <rdfs:comment xml:lang="sv">Carl Fredrik Hill, född 31 maj 1849 i Lund, död där 22 februari 1911, var en svensk konstnär. Hill var en av Sveriges främsta landskapsmålare.</rdfs:comment>
    <rdfs:comment xml:lang="de">Carl Fredrik Hill war ein schwedischer Maler und besonders durch seine Zeichnungen bekannt. Er wird der Epoche des Impressionismus zugeordnet.</rdfs:comment>
    <rdfs:comment xml:lang="pl">Carl Fredrik Hill – szwedzki malarz pejzażysta. Urodził się w rodzinie profesora matematyki, po studiach w Akademii Sztuk Pięknych w Sztokholmie wyjechał do Francji. Tam znalazł się pod wpływem twórczości Corota i barbizończyków i wypracował własny styl. Malował przede wszystkim sentymentalne pejzaże odznaczające się intensywną kolorystyką. Jego próby wystawiania w paryskim Salonie były nieudane, większość prac została odrzucona.</rdfs:comment>
    <rdfs:comment xml:lang="fr">Carl Frederik Hill, né le 31 mai 1849 à Lund (Suède) et mort le 22 février 1911 à Lund, est un peintre et dessinateur suédois. Après avoir tenté une carrière de peintre paysagiste, la majorité de son œuvre, excécutée dans la clandestinité et à la suite de troubles psychiatriques, est reliée aux productions d&#39;Art brut.</rdfs:comment>
    <foaf:name xml:lang="en">Carl Fredrik Hill</foaf:name>
    <dbpedia-owl:thumbnail rdf:resource="http://upload.wikimedia.org/wikipedia/commons/thumb/3/3f/Hill_portrait.jpg/200px-Hill_portrait.jpg" />
    <dbpprop:dateOfBirth rdf:datatype="http://www.w3.org/2001/XMLSchema#integer">31</dbpprop:dateOfBirth>
    <dbpprop:dateOfDeath rdf:datatype="http://www.w3.org/2001/XMLSchema#integer">22</dbpprop:dateOfDeath>
    <dbpprop:name xml:lang="en">Hill, Carl Fredrik</dbpprop:name>
    <dbpprop:shortDescription xml:lang="en">Swedish artist</dbpprop:shortDescription>
    <foaf:givenName xml:lang="en">Carl Fredrik</foaf:givenName>
    <foaf:isPrimaryTopicOf rdf:resource="http://en.wikipedia.org/wiki/Carl_Fredrik_Hill" />
    <dc:description xml:lang="en">Swedish artist</dc:description>
    <ns8:wasDerivedFrom rdf:resource="http://en.wikipedia.org/wiki/Carl_Fredrik_Hill?oldid=544346669" />
    <dbpprop:hasPhotoCollection rdf:resource="http://wifo5-03.informatik.uni-mannheim.de/flickrwrappr/photos/Carl_Fredrik_Hill" />
    <foaf:surname xml:lang="en">Hill</foaf:surname>
  </rdf:Description>
  <rdf:Description rdf:about="http://en.wikipedia.org/wiki/Carl_Fredrik_Hill">
    <foaf:primaryTopic rdf:resource="http://dbpedia.org/resource/Carl_Fredrik_Hill" />
  </rdf:Description>
  <rdf:Description rdf:about="http://ru.dbpedia.org/resource/Хилл,_Карл_Фредрик">
    <owl:sameAs rdf:resource="http://dbpedia.org/resource/Carl_Fredrik_Hill" />
  </rdf:Description>
  <rdf:Description rdf:about="http://wikidata.dbpedia.org/resource/Q858483">
    <owl:sameAs rdf:resource="http://dbpedia.org/resource/Carl_Fredrik_Hill" />
  </rdf:Description>
  <rdf:Description rdf:about="http://hu.dbpedia.org/resource/Carl_Fredrik_Hill">
    <owl:sameAs rdf:resource="http://dbpedia.org/resource/Carl_Fredrik_Hill" />
  </rdf:Description>
  <rdf:Description rdf:about="http://sv.dbpedia.org/resource/Carl_Fredrik_Hill">
    <owl:sameAs rdf:resource="http://dbpedia.org/resource/Carl_Fredrik_Hill" />
  </rdf:Description>
</rdf:RDF>
