<?xml version="1.0" encoding="utf-8" ?>
<rdf:RDF
	xmlns:rdf="http://www.w3.org/1999/02/22-rdf-syntax-ns#"
	xmlns:rdfs="http://www.w3.org/2000/01/rdf-schema#"
	xmlns:owl="http://www.w3.org/2002/07/owl#"
	xmlns:dbpedia-owl="http://dbpedia.org/ontology/"
	xmlns:dbpprop="http://dbpedia.org/property/" >
  <rdf:Description rdf:about="http://dbpedia.org/resource/Mirth_&amp;_Girth">
    <dbpedia-owl:author rdf:resource="http://dbpedia.org/resource/David_K._Nelson" />
    <dbpprop:artist rdf:resource="http://dbpedia.org/resource/David_K._Nelson" />
  </rdf:Description>
  <rdf:Description rdf:about="http://dbpedia.org/resource/David_K._Nelson">
    <rdf:type rdf:resource="http://schema.org/Person" />
    <rdf:type rdf:resource="http://xmlns.com/foaf/0.1/Person" />
    <rdf:type rdf:resource="http://dbpedia.org/ontology/Artist" />
    <rdf:type rdf:resource="http://dbpedia.org/ontology/Agent" />
    <rdf:type rdf:resource="http://www.w3.org/2002/07/owl#Thing" />
    <rdf:type rdf:resource="http://dbpedia.org/ontology/Person" />
    <owl:sameAs rdf:resource="http://dbpedia.org/resource/David_K._Nelson" />
  </rdf:Description>
</rdf:RDF>
