<?xml version="1.0" encoding="utf-8" ?>
<rdf:RDF
	xmlns:rdf="http://www.w3.org/1999/02/22-rdf-syntax-ns#"
	xmlns:rdfs="http://www.w3.org/2000/01/rdf-schema#"
	xmlns:owl="http://www.w3.org/2002/07/owl#"
	xmlns:dcterms="http://purl.org/dc/terms/"
	xmlns:dbpedia-owl="http://dbpedia.org/ontology/"
	xmlns:foaf="http://xmlns.com/foaf/0.1/"
	xmlns:dbpprop="http://dbpedia.org/property/"
	xmlns:dc="http://purl.org/dc/elements/1.1/"
	xmlns:ns8="http://www.w3.org/ns/prov#" >
  <rdf:Description rdf:about="http://pl.dbpedia.org/resource/Domenico_Veneziano">
    <owl:sameAs rdf:resource="http://dbpedia.org/resource/Domenico_Veneziano" />
  </rdf:Description>
  <rdf:Description rdf:about="http://dbpedia.org/resource/Santa_Lucia_de&#39;_Magnoli_Altarpiece">
    <dbpedia-owl:author rdf:resource="http://dbpedia.org/resource/Domenico_Veneziano" />
    <dbpprop:artist rdf:resource="http://dbpedia.org/resource/Domenico_Veneziano" />
  </rdf:Description>
  <rdf:Description rdf:about="http://es.dbpedia.org/resource/Domenico_Veneziano">
    <owl:sameAs rdf:resource="http://dbpedia.org/resource/Domenico_Veneziano" />
  </rdf:Description>
  <rdf:Description rdf:about="http://de.dbpedia.org/resource/Domenico_Veneziano">
    <owl:sameAs rdf:resource="http://dbpedia.org/resource/Domenico_Veneziano" />
  </rdf:Description>
  <rdf:Description rdf:about="http://fr.dbpedia.org/resource/Domenico_Veneziano">
    <owl:sameAs rdf:resource="http://dbpedia.org/resource/Domenico_Veneziano" />
  </rdf:Description>
  <rdf:Description rdf:about="http://it.dbpedia.org/resource/Domenico_Veneziano">
    <owl:sameAs rdf:resource="http://dbpedia.org/resource/Domenico_Veneziano" />
  </rdf:Description>
  <rdf:Description rdf:about="http://ko.dbpedia.org/resource/도메니코_베네치아노">
    <owl:sameAs rdf:resource="http://dbpedia.org/resource/Domenico_Veneziano" />
  </rdf:Description>
  <rdf:Description rdf:about="http://pt.dbpedia.org/resource/Domenico_Veneziano">
    <owl:sameAs rdf:resource="http://dbpedia.org/resource/Domenico_Veneziano" />
  </rdf:Description>
  <rdf:Description rdf:about="http://ru.dbpedia.org/resource/Доменико_Венециано">
    <owl:sameAs rdf:resource="http://dbpedia.org/resource/Domenico_Veneziano" />
  </rdf:Description>
  <rdf:Description rdf:about="http://dbpedia.org/resource/Domenico_Veneziano">
    <rdf:type rdf:resource="http://dbpedia.org/ontology/Person" />
    <rdf:type rdf:resource="http://dbpedia.org/class/yago/Person100007846" />
    <rdf:type rdf:resource="http://dbpedia.org/class/yago/Artist109812338" />
    <rdf:type rdf:resource="http://dbpedia.org/class/yago/CausalAgent100007347" />
    <rdf:type rdf:resource="http://dbpedia.org/class/yago/Organism100004475" />
    <rdf:type rdf:resource="http://dbpedia.org/class/yago/YagoLegalActor" />
    <rdf:type rdf:resource="http://dbpedia.org/class/yago/VenetianPainters" />
    <rdf:type rdf:resource="http://www.w3.org/2002/07/owl#Thing" />
    <rdf:type rdf:resource="http://xmlns.com/foaf/0.1/Person" />
    <rdf:type rdf:resource="http://dbpedia.org/class/yago/ItalianPainters" />
    <rdf:type rdf:resource="http://dbpedia.org/class/yago/Object100002684" />
    <rdf:type rdf:resource="http://dbpedia.org/class/yago/TuscanPainters" />
    <rdf:type rdf:resource="http://dbpedia.org/class/yago/LivingThing100004258" />
    <rdf:type rdf:resource="http://schema.org/Person" />
    <rdf:type rdf:resource="http://dbpedia.org/class/yago/Whole100003553" />
    <rdf:type rdf:resource="http://dbpedia.org/class/yago/RenaissancePainters" />
    <rdf:type rdf:resource="http://dbpedia.org/class/yago/PhysicalEntity100001930" />
    <rdf:type rdf:resource="http://dbpedia.org/class/yago/Painter110391653" />
    <rdf:type rdf:resource="http://dbpedia.org/class/yago/YagoLegalActorGeo" />
    <rdf:type rdf:resource="http://dbpedia.org/class/yago/Creator109614315" />
    <rdf:type rdf:resource="http://dbpedia.org/ontology/Artist" />
    <rdf:type rdf:resource="http://dbpedia.org/ontology/Agent" />
    <owl:sameAs rdf:resource="http://sv.dbpedia.org/resource/Domenico_Veneziano" />
    <owl:sameAs rdf:resource="http://ko.dbpedia.org/resource/도메니코_베네치아노" />
    <owl:sameAs rdf:resource="http://no.dbpedia.org/resource/Domenico_Veneziano" />
    <owl:sameAs rdf:resource="http://pl.dbpedia.org/resource/Domenico_Veneziano" />
    <owl:sameAs rdf:resource="http://pt.dbpedia.org/resource/Domenico_Veneziano" />
    <owl:sameAs rdf:resource="http://de.dbpedia.org/resource/Domenico_Veneziano" />
    <owl:sameAs rdf:resource="http://it.dbpedia.org/resource/Domenico_Veneziano" />
    <owl:sameAs rdf:resource="http://tr.dbpedia.org/resource/Domenico_Veneziano" />
    <owl:sameAs rdf:resource="http://yago-knowledge.org/resource/Domenico_Veneziano" />
    <owl:sameAs rdf:resource="http://es.dbpedia.org/resource/Domenico_Veneziano" />
    <owl:sameAs rdf:resource="http://nl.dbpedia.org/resource/Domenico_Veneziano" />
    <owl:sameAs rdf:resource="http://www.wikidata.org/entity/Q368546" />
    <owl:sameAs rdf:resource="http://ca.dbpedia.org/resource/Domenico_Veneziano" />
    <owl:sameAs rdf:resource="http://lt.dbpedia.org/resource/Domenico_Veneziano" />
    <owl:sameAs rdf:resource="http://rdf.freebase.com/ns/m.01fs5z" />
    <owl:sameAs rdf:resource="http://lv.dbpedia.org/resource/Domeniko_Veneciano" />
    <owl:sameAs rdf:resource="http://fr.dbpedia.org/resource/Domenico_Veneziano" />
    <owl:sameAs rdf:resource="http://eu.dbpedia.org/resource/Domenico_Veneziano" />
    <owl:sameAs rdf:resource="http://ml.dbpedia.org/resource/ഡൊമനിക്കോ_വെനീസിയാനോ" />
    <owl:sameAs rdf:resource="http://dbpedia.org/resource/Domenico_Veneziano" />
    <owl:sameAs rdf:resource="http://ru.dbpedia.org/resource/Доменико_Венециано" />
    <dcterms:subject rdf:resource="http://dbpedia.org/resource/Category:Italian_Renaissance_painters" />
    <dcterms:subject rdf:resource="http://dbpedia.org/resource/Category:1410s_births" />
    <dcterms:subject rdf:resource="http://dbpedia.org/resource/Category:Italian_painters" />
    <dcterms:subject rdf:resource="http://dbpedia.org/resource/Category:Venetian_painters" />
    <dcterms:subject rdf:resource="http://dbpedia.org/resource/Category:Tuscan_painters" />
    <dcterms:subject rdf:resource="http://dbpedia.org/resource/Category:1461_deaths" />
    <dbpedia-owl:abstract xml:lang="pl">Domenico Veneziano właściwie Domenico di Bartolomeo da Venezia – włoski malarz renesansowy. Z pochodzenia był Wenecjaninem, a tworzył we Florencji. Być może to właśnie związki z Wenecją, która zawsze słynęła z kolorystyki, wpłynęły na zainteresowanie malarza chromatyką. Domenico Venziano eksperymentował także w zakresie techniki malarskiej, dodając do farb olej. Giorgio Vasari napisał, że Domenico Veneziano został zamordowany przez innego malarza, Andrea del Castagno. Wydaje się dziś jednak, że była to nieprawda, gdyż Castagno zmarł cztery lata przed swoją rzekomą ofiarą. Do kaplicy rodziny Uzzano przy kościele Santa Lucia de&#39;Magnoli, około 1445 roku namalował ołtarz, składający się z głównej sceny, ukazującej Madonnę z Dzieciątkiem i świętymi oraz z pięciu mniejszych obrazów, pierwotnie umieszczonych na predelli, a dziś rozrzuconych po różnych muzeach. W centrum przedstawienia zasiada Maryja na tronie; po bokach stoją święci: św. Franciszek, św. Jan Chrzciciel, św. Zenobiusz i św. Łucja. Postacie umieszczone są na tle architektury o cechach jeszcze gotyckich. Kolorystyka jest pastelowa, jasna, złożona z różu, błękitu, żółci i zieleni. Jedyny kontrast stanowi czerwień stroju Jana Chrzciciela, którego zresztą cała postać wyraźnie odcina się od pozostałych świętych, wytwornych i subtelnych.</dbpedia-owl:abstract>
    <dbpedia-owl:abstract xml:lang="de">Domenico Veneziano (* um 1410 in Venedig; † um 1461 in Florenz) war ein italienischer Maler. Er gilt als bedeutender Meister der florentinischen Frührenaissance. Seine Ausbildung machte er bei Masolino da Panicale, Masaccio und Donatello. Er hat nicht viele Werke geschaffen. Lediglich zwei sind von ihm signiert: zwei Tafeln eines Altares aus Santa Lucia de Bardi und ein Freskofragment eines Tabernakels, das die Madonna mit dem Kind darstellt sowie die „Anbetung der Könige“, Tondo der Medici, Tempera auf Holz, ∅ 84 cm, Berlin, Staatliche Museen Preußischer Kulturbesitz, Gemäldegalerie</dbpedia-owl:abstract>
    <dbpedia-owl:abstract xml:lang="en">Domenico Veneziano (c. 1410 – May 15, 1461) was an Italian painter of the early Renaissance, active mostly in Perugia and Tuscany. Little is known of his birth, though he is thought to have been born in Venice, hence his last name. He then moved to Florence in 1422-23 as a boy, to become a pupil of Gentile da Fabriano. He is said to have worked with Pisanello in Rome around 1423-1430. His work was influenced by the style of Benozzo Gozzoli. In a letter from him to Piero de&#39; Medici, dated from Perugia in 1438, where he likewise resided for many years, he mentions his long connection with the fortunes of the Medici family, and begs to be allowed to paint an altar-piece for the head of that house. He was a contemporary with Fra Angelico and Fra Filippo Lippi, since those two artists and himself are known to have valued the frescoes of Buonfigli at Perugia. Between 1439 and 1441 he painted a masterpiece of the Adoration of the Magi. Another masterpiece is considered to be the St. Lucy Altarpiece (c. 1445-1447), originally in the Santa Lucia dei Magnoli in Florence but has been moved to the Uffizi. The painting, tempera on panel, displays such an unusual palette for this period that Vasari wrote that it had been painted in oil. He is also known for a round panel of the Adoration of the Magi (1439–1441) which was probably commissioned for the palace of the wealthy Medici family and now in Berlin. He influenced Andrea Mantegna. Other important works are the Madonna del Roseto in the National Museum of Art of Romania and the Madonna Berenson in the Villa I Tatti in Florence, both around 1432-1437. Vasari alleged that Veneziano was murdered by Andrea del Castagno. However, Castagno died c. 1457, four years before Veneziano. He worked at the decorations of the Portinari chapel in the hospital of Santa Maria Nuova in Florence from 1439–1445, and had as his assistants Piero della Francesca and Bicci di Lorenzo. It is certain that whilst employed there he used linseed oil as his medium, since the hospital books of that dato make many allusions to this item in his expenses. His latter days were spent in Florence, where he died on 15 May 1461, .</dbpedia-owl:abstract>
    <dbpedia-owl:abstract xml:lang="ru">Доменико Венециано — итальянский художник флорентийской школы. Родился около 1410 предположительно в Венеции. Умер около 1461 предположительно во Флоренции. Полное имя Доменико ди Бартоломео да Венеция. Один из основателей флорентийской школы XV века. О его жизни известно очень мало. Даже Вазари было известно очень не многое, поэтому его жизнеописание он заполнил сложными теориями и анекдотами. Самостоятельно начал работать в 1432 г.. В 1439 г. приехал во Флоренцию, где и продолжал работать до самой смерти, кроме небольшого перерыва. Сохранились две работы, подписанные Доменико. Одна из них — сильно повреждённая фреска «Дева и дитя на троне» (Лондонская Национальная галерея). Вторая — часть алтаря церкви Санта Лючия деи Магноли, обычно называемая Магноли. Первый документ, относящийся к жизни Доменико Венециано — его письмо адресованное Пьеро ди Медичи, написанное в апреле 1438 из Перуджи. В Перудже художник работал в доме семьи Баглиони. В 1439 он уезжает во Флоренцию, где совместно с Пьеро делла Франческа расписывает фреску в церкви госпиталя Санта Мария Нуова. В 1445 художник по неизвестной причине прекращает работать. Позднее его фрески завершают Алессо Бальдовинетти в 1461 и Андреа дель Кастаньо в 1451—1453. Весь этот цикл был уничтожен в XVIII веке. Согласно Вазари после завершения работы над алтарём Магноли в 1447, художник отправляется в Марчез, где совместно с Пьеро делла Франческа работает над фресками церкви Санта Мариа в Лорето. Из-за эпидемии чумы Доменико покидает Марчез, и возвращается во Флоренцию. Фрески не были завершены, и позднее их уничтожили. Последняя известная работа художника — фреска в часовне Кавальканти, позднее в церкви Санта Кроче. В 1566 году церковь перестроили, а фреску перенесли со стены. После работы над фреской в Санта Кроче Доменико вместе с Анжелико Фра и Липпи Фра Филиппо в 1454 году вызвали в Перуджу, чтобы консультировать Бонфигли, который расписывал часовню Приора. В 1457 году Доменико продолжал консультировать художников. Его работ, датированных поздним периодом, не сохранилось.</dbpedia-owl:abstract>
    <dbpedia-owl:abstract xml:lang="sv">Domenico Veneziano, egentligen Domenico di Bartolomeo da Venezia, född cirka 1400 i Venedig, död 1461 i Florens, var en italiensk målare under ungrenässansen.</dbpedia-owl:abstract>
    <dbpedia-owl:abstract xml:lang="pt">Domenico Veneziano foi um pintor italiano do começo do Renascimento, que trabalhou principalmente em Perúgia e na Toscana. Influenciou Andrea Mantegna e foi o professor de Piero della Francesca. Acredita-se que tenha nascido em Veneza, daí seu sobrenome. Mudou-se para Florença ainda menino e tornou-se aluno de Gentile da Fabriano. Trabalhou com Pisanello em Roma. Pode-se perceber a influência de Benozzo Gozzoli em seu trabalho. Seu trabalho se caracteriza pelo uso da perspectiva e da cor. Sua obra-prima é Madonna e o Menino com Santos, que estava originalmente na Santa Lucia dei Magnoli, em Florença, mas foi transportado para a Galeria Uffizi. Nela, Domenico usa da perspectiva e dos conhecimentos de arquitetura da época. Outro trabalho importante é a Adoração dos Magos, feita em um tondo, provavelmente encomendada pela Família Médici.</dbpedia-owl:abstract>
    <dbpedia-owl:abstract xml:lang="es">Domenico di Bartolomeo da Venezia fue un pintor quattrocentista italiano, que realizó grandes aportaciones al manejo del color en el Renacimiento. Su obra más famosa es el Retablo de Santa Lucía de&#39; Magnoli.</dbpedia-owl:abstract>
    <dbpedia-owl:abstract xml:lang="it">L&#39;uso di colori chiarissimi, impregnati di luce, sarà punto di partenza per Piero della Francesca, inoltre da lui partirà la tendenza lineare, di Andrea del Castagno e di Antonio e Piero del Pollaiolo.</dbpedia-owl:abstract>
    <dbpedia-owl:abstract xml:lang="fr">Domenico Veneziano est un peintre italien du XV siècle probablement né à Venise.</dbpedia-owl:abstract>
    <dbpedia-owl:abstract xml:lang="nl">Domenico Veneziano was een Italiaans kunstschilder. Hij behoorde tot de belangrijkste meesters van de Florentijnse renaissance. Hij volgde onderwijs bij Masolino da Panicale, Tommaso Masaccio en Donatello. Hij heeft niet veel werken gemaakt. Slechts twee zijn ondertekend door hem: twee panelen van een altaar uit Santa Lucia de Bardi en een fresco van een tabernakel dat Madonna met het kind voorstelt.</dbpedia-owl:abstract>
    <dbpedia-owl:wikiPageID rdf:datatype="http://www.w3.org/2001/XMLSchema#integer">216985</dbpedia-owl:wikiPageID>
    <dbpedia-owl:wikiPageRevisionID rdf:datatype="http://www.w3.org/2001/XMLSchema#integer">543695642</dbpedia-owl:wikiPageRevisionID>
    <rdfs:label xml:lang="nl">Domenico Veneziano</rdfs:label>
    <rdfs:label xml:lang="it">Domenico Veneziano</rdfs:label>
    <rdfs:label xml:lang="es">Domenico Veneziano</rdfs:label>
    <rdfs:label xml:lang="de">Domenico Veneziano</rdfs:label>
    <rdfs:label xml:lang="fr">Domenico Veneziano</rdfs:label>
    <rdfs:label xml:lang="ru">Доменико Венециано</rdfs:label>
    <rdfs:label xml:lang="pt">Domenico Veneziano</rdfs:label>
    <rdfs:label xml:lang="sv">Domenico Veneziano</rdfs:label>
    <rdfs:label xml:lang="en">Domenico Veneziano</rdfs:label>
    <rdfs:label xml:lang="pl">Domenico Veneziano</rdfs:label>
    <foaf:depiction rdf:resource="http://upload.wikimedia.org/wikipedia/commons/9/90/Domenico_Veneziano_002.jpg" />
    <rdfs:comment xml:lang="sv">Domenico Veneziano, egentligen Domenico di Bartolomeo da Venezia, född cirka 1400 i Venedig, död 1461 i Florens, var en italiensk målare under ungrenässansen.</rdfs:comment>
    <rdfs:comment xml:lang="ru">Доменико Венециано — итальянский художник флорентийской школы. Родился около 1410 предположительно в Венеции. Умер около 1461 предположительно во Флоренции. Полное имя Доменико ди Бартоломео да Венеция. Один из основателей флорентийской школы XV века. О его жизни известно очень мало. Даже Вазари было известно очень не многое, поэтому его жизнеописание он заполнил сложными теориями и анекдотами. Самостоятельно начал работать в 1432 г.. В 1439 г.</rdfs:comment>
    <rdfs:comment xml:lang="en">Domenico Veneziano (c. 1410 – May 15, 1461) was an Italian painter of the early Renaissance, active mostly in Perugia and Tuscany. Little is known of his birth, though he is thought to have been born in Venice, hence his last name. He then moved to Florence in 1422-23 as a boy, to become a pupil of Gentile da Fabriano. He is said to have worked with Pisanello in Rome around 1423-1430. His work was influenced by the style of Benozzo Gozzoli.</rdfs:comment>
    <rdfs:comment xml:lang="pl">Domenico Veneziano właściwie Domenico di Bartolomeo da Venezia – włoski malarz renesansowy. Z pochodzenia był Wenecjaninem, a tworzył we Florencji. Być może to właśnie związki z Wenecją, która zawsze słynęła z kolorystyki, wpłynęły na zainteresowanie malarza chromatyką. Domenico Venziano eksperymentował także w zakresie techniki malarskiej, dodając do farb olej. Giorgio Vasari napisał, że Domenico Veneziano został zamordowany przez innego malarza, Andrea del Castagno.</rdfs:comment>
    <rdfs:comment xml:lang="fr">Domenico Veneziano est un peintre italien du XV siècle probablement né à Venise.</rdfs:comment>
    <rdfs:comment xml:lang="de">Domenico Veneziano (* um 1410 in Venedig; † um 1461 in Florenz) war ein italienischer Maler. Er gilt als bedeutender Meister der florentinischen Frührenaissance. Seine Ausbildung machte er bei Masolino da Panicale, Masaccio und Donatello. Er hat nicht viele Werke geschaffen.</rdfs:comment>
    <rdfs:comment xml:lang="it">L&#39;uso di colori chiarissimi, impregnati di luce, sarà punto di partenza per Piero della Francesca, inoltre da lui partirà la tendenza lineare, di Andrea del Castagno e di Antonio e Piero del Pollaiolo.</rdfs:comment>
    <rdfs:comment xml:lang="pt">Domenico Veneziano foi um pintor italiano do começo do Renascimento, que trabalhou principalmente em Perúgia e na Toscana. Influenciou Andrea Mantegna e foi o professor de Piero della Francesca. Acredita-se que tenha nascido em Veneza, daí seu sobrenome. Mudou-se para Florença ainda menino e tornou-se aluno de Gentile da Fabriano. Trabalhou com Pisanello em Roma. Pode-se perceber a influência de Benozzo Gozzoli em seu trabalho. Seu trabalho se caracteriza pelo uso da perspectiva e da cor.</rdfs:comment>
    <rdfs:comment xml:lang="nl">Domenico Veneziano was een Italiaans kunstschilder. Hij behoorde tot de belangrijkste meesters van de Florentijnse renaissance. Hij volgde onderwijs bij Masolino da Panicale, Tommaso Masaccio en Donatello. Hij heeft niet veel werken gemaakt. Slechts twee zijn ondertekend door hem: twee panelen van een altaar uit Santa Lucia de Bardi en een fresco van een tabernakel dat Madonna met het kind voorstelt.</rdfs:comment>
    <rdfs:comment xml:lang="es">Domenico di Bartolomeo da Venezia fue un pintor quattrocentista italiano, que realizó grandes aportaciones al manejo del color en el Renacimiento. Su obra más famosa es el Retablo de Santa Lucía de&#39; Magnoli.</rdfs:comment>
    <foaf:name xml:lang="en">Domenico Veneziano</foaf:name>
    <dbpedia-owl:thumbnail rdf:resource="http://upload.wikimedia.org/wikipedia/commons/thumb/9/90/Domenico_Veneziano_002.jpg/200px-Domenico_Veneziano_002.jpg" />
    <dbpprop:dateOfDeath rdf:datatype="http://www.w3.org/2001/XMLSchema#integer">1461</dbpprop:dateOfDeath>
    <dbpprop:name xml:lang="en">Veneziano, Domenico</dbpprop:name>
    <dbpprop:shortDescription xml:lang="en">Italian painter</dbpprop:shortDescription>
    <foaf:givenName xml:lang="en">Domenico</foaf:givenName>
    <foaf:isPrimaryTopicOf rdf:resource="http://en.wikipedia.org/wiki/Domenico_Veneziano" />
    <dc:description xml:lang="en">Italian painter</dc:description>
    <ns8:wasDerivedFrom rdf:resource="http://en.wikipedia.org/wiki/Domenico_Veneziano?oldid=543695642" />
    <dbpprop:hasPhotoCollection rdf:resource="http://wifo5-03.informatik.uni-mannheim.de/flickrwrappr/photos/Domenico_Veneziano" />
    <foaf:surname xml:lang="en">Veneziano</foaf:surname>
  </rdf:Description>
  <rdf:Description rdf:about="http://en.wikipedia.org/wiki/Domenico_Veneziano">
    <foaf:primaryTopic rdf:resource="http://dbpedia.org/resource/Domenico_Veneziano" />
  </rdf:Description>
  <rdf:Description rdf:about="http://dbpedia.org/resource/Domenico_di_Bartolommeo_Veneziano">
    <dbpedia-owl:wikiPageRedirects rdf:resource="http://dbpedia.org/resource/Domenico_Veneziano" />
  </rdf:Description>
  <rdf:Description rdf:about="http://nl.dbpedia.org/resource/Domenico_Veneziano">
    <owl:sameAs rdf:resource="http://dbpedia.org/resource/Domenico_Veneziano" />
  </rdf:Description>
  <rdf:Description rdf:about="http://eu.dbpedia.org/resource/Domenico_Veneziano">
    <owl:sameAs rdf:resource="http://dbpedia.org/resource/Domenico_Veneziano" />
  </rdf:Description>
  <rdf:Description rdf:about="http://wikidata.dbpedia.org/resource/Q368546">
    <owl:sameAs rdf:resource="http://dbpedia.org/resource/Domenico_Veneziano" />
  </rdf:Description>
  <rdf:Description rdf:about="http://ca.dbpedia.org/resource/Domenico_Veneziano">
    <owl:sameAs rdf:resource="http://dbpedia.org/resource/Domenico_Veneziano" />
  </rdf:Description>
  <rdf:Description rdf:about="http://lt.dbpedia.org/resource/Domenico_Veneziano">
    <owl:sameAs rdf:resource="http://dbpedia.org/resource/Domenico_Veneziano" />
  </rdf:Description>
  <rdf:Description rdf:about="http://lv.dbpedia.org/resource/Domeniko_Veneciano">
    <owl:sameAs rdf:resource="http://dbpedia.org/resource/Domenico_Veneziano" />
  </rdf:Description>
  <rdf:Description rdf:about="http://ml.dbpedia.org/resource/ഡൊമനിക്കോ_വെനീസിയാനോ">
    <owl:sameAs rdf:resource="http://dbpedia.org/resource/Domenico_Veneziano" />
  </rdf:Description>
  <rdf:Description rdf:about="http://no.dbpedia.org/resource/Domenico_Veneziano">
    <owl:sameAs rdf:resource="http://dbpedia.org/resource/Domenico_Veneziano" />
  </rdf:Description>
  <rdf:Description rdf:about="http://sv.dbpedia.org/resource/Domenico_Veneziano">
    <owl:sameAs rdf:resource="http://dbpedia.org/resource/Domenico_Veneziano" />
  </rdf:Description>
  <rdf:Description rdf:about="http://tr.dbpedia.org/resource/Domenico_Veneziano">
    <owl:sameAs rdf:resource="http://dbpedia.org/resource/Domenico_Veneziano" />
  </rdf:Description>
</rdf:RDF>
