<?xml version="1.0" encoding="utf-8" ?>
<rdf:RDF
	xmlns:rdf="http://www.w3.org/1999/02/22-rdf-syntax-ns#"
	xmlns:rdfs="http://www.w3.org/2000/01/rdf-schema#"
	xmlns:owl="http://www.w3.org/2002/07/owl#"
	xmlns:dcterms="http://purl.org/dc/terms/"
	xmlns:dbpedia-owl="http://dbpedia.org/ontology/"
	xmlns:foaf="http://xmlns.com/foaf/0.1/"
	xmlns:dbpprop="http://dbpedia.org/property/"
	xmlns:dc="http://purl.org/dc/elements/1.1/"
	xmlns:ns8="http://www.w3.org/ns/prov#" >
  <rdf:Description rdf:about="http://dbpedia.org/resource/Michelangelo">
    <dbpedia-owl:training rdf:resource="http://dbpedia.org/resource/Domenico_Ghirlandaio" />
  </rdf:Description>
  <rdf:Description rdf:about="http://cs.dbpedia.org/resource/Domenico_Ghirlandaio">
    <owl:sameAs rdf:resource="http://dbpedia.org/resource/Domenico_Ghirlandaio" />
  </rdf:Description>
  <rdf:Description rdf:about="http://pl.dbpedia.org/resource/Domenico_Ghirlandaio">
    <owl:sameAs rdf:resource="http://dbpedia.org/resource/Domenico_Ghirlandaio" />
  </rdf:Description>
  <rdf:Description rdf:about="http://dbpedia.org/resource/Domenico_Ghirlandaio">
    <rdf:type rdf:resource="http://dbpedia.org/class/yago/ItalianPainters" />
    <rdf:type rdf:resource="http://dbpedia.org/class/yago/TuscanPainters" />
    <rdf:type rdf:resource="http://umbel.org/umbel/rc/PersonWithOccupation" />
    <rdf:type rdf:resource="http://umbel.org/umbel/rc/Artist" />
    <rdf:type rdf:resource="http://xmlns.com/foaf/0.1/Person" />
    <rdf:type rdf:resource="http://dbpedia.org/class/yago/Whole100003553" />
    <rdf:type rdf:resource="http://dbpedia.org/class/yago/Object100002684" />
    <rdf:type rdf:resource="http://dbpedia.org/class/yago/CausalAgent100007347" />
    <rdf:type rdf:resource="http://dbpedia.org/class/yago/Organism100004475" />
    <rdf:type rdf:resource="http://dbpedia.org/class/yago/YagoLegalActor" />
    <rdf:type rdf:resource="http://dbpedia.org/class/yago/LivingThing100004258" />
    <rdf:type rdf:resource="http://dbpedia.org/class/yago/YagoLegalActorGeo" />
    <rdf:type rdf:resource="http://dbpedia.org/class/yago/Creator109614315" />
    <rdf:type rdf:resource="http://dbpedia.org/class/yago/PhysicalEntity100001930" />
    <rdf:type rdf:resource="http://www.w3.org/2002/07/owl#Thing" />
    <rdf:type rdf:resource="http://dbpedia.org/class/yago/PeopleFromFlorence" />
    <rdf:type rdf:resource="http://dbpedia.org/class/yago/RenaissancePainters" />
    <rdf:type rdf:resource="http://dbpedia.org/class/yago/Artist109812338" />
    <rdf:type rdf:resource="http://dbpedia.org/ontology/Person" />
    <rdf:type rdf:resource="http://dbpedia.org/class/yago/Person100007846" />
    <rdf:type rdf:resource="http://dbpedia.org/class/yago/Painter110391653" />
    <rdf:type rdf:resource="http://schema.org/Person" />
    <rdf:type rdf:resource="http://dbpedia.org/ontology/Artist" />
    <rdf:type rdf:resource="http://dbpedia.org/ontology/Agent" />
    <owl:sameAs rdf:resource="http://sv.dbpedia.org/resource/Domenico_Ghirlandaio" />
    <owl:sameAs rdf:resource="http://ar.dbpedia.org/resource/دومنيكو_غرلاندايو" />
    <owl:sameAs rdf:resource="http://he.dbpedia.org/resource/דומניקו_גירלנדיו" />
    <owl:sameAs rdf:resource="http://dbpedia.org/resource/Domenico_Ghirlandaio" />
    <owl:sameAs rdf:resource="http://no.dbpedia.org/resource/Domenico_Ghirlandaio" />
    <owl:sameAs rdf:resource="http://uk.dbpedia.org/resource/Доменіко_Гірляндайо" />
    <owl:sameAs rdf:resource="http://ro.dbpedia.org/resource/Domenico_Ghirlandaio" />
    <owl:sameAs rdf:resource="http://rdf.freebase.com/ns/m.01cc3w" />
    <owl:sameAs rdf:resource="http://ca.dbpedia.org/resource/Domenico_Ghirlandaio" />
    <owl:sameAs rdf:resource="http://hu.dbpedia.org/resource/Domenico_Ghirlandaio" />
    <owl:sameAs rdf:resource="http://ja.dbpedia.org/resource/ドメニコ・ギルランダイオ" />
    <owl:sameAs rdf:resource="http://bs.dbpedia.org/resource/Domenico_Ghirlandaio" />
    <owl:sameAs rdf:resource="http://sr.dbpedia.org/resource/Доменико_Гирландајо" />
    <owl:sameAs rdf:resource="http://da.dbpedia.org/resource/Domenico_Ghirlandaio" />
    <owl:sameAs rdf:resource="http://fr.dbpedia.org/resource/Domenico_Ghirlandaio" />
    <owl:sameAs rdf:resource="http://es.dbpedia.org/resource/Domenico_Ghirlandaio" />
    <owl:sameAs rdf:resource="http://af.dbpedia.org/resource/Domenico_Ghirlandaio" />
    <owl:sameAs rdf:resource="http://sl.dbpedia.org/resource/Domenico_Ghirlandaio" />
    <owl:sameAs rdf:resource="http://bo.dbpedia.org/resource/དོ་མེ་ནི་ཀོ་གིར་ལན་ད་ཡོ།" />
    <owl:sameAs rdf:resource="http://www.wikidata.org/entity/Q191423" />
    <owl:sameAs rdf:resource="http://lt.dbpedia.org/resource/Domenico_Ghirlandaio" />
    <owl:sameAs rdf:resource="http://yago-knowledge.org/resource/Domenico_Ghirlandaio" />
    <owl:sameAs rdf:resource="http://ko.dbpedia.org/resource/도메니코_기를란다요" />
    <owl:sameAs rdf:resource="http://be.dbpedia.org/resource/Даменіка_Гірландая" />
    <owl:sameAs rdf:resource="http://pl.dbpedia.org/resource/Domenico_Ghirlandaio" />
    <owl:sameAs rdf:resource="http://ru.dbpedia.org/resource/Доменико_Гирландайо" />
    <owl:sameAs rdf:resource="http://nn.dbpedia.org/resource/Domenico_Ghirlandaio" />
    <owl:sameAs rdf:resource="http://de.dbpedia.org/resource/Domenico_Ghirlandaio" />
    <owl:sameAs rdf:resource="http://id.dbpedia.org/resource/Domenico_Ghirlandaio" />
    <owl:sameAs rdf:resource="http://cs.dbpedia.org/resource/Domenico_Ghirlandaio" />
    <owl:sameAs rdf:resource="http://hr.dbpedia.org/resource/Domenico_Ghirlandaio" />
    <owl:sameAs rdf:resource="http://sq.dbpedia.org/resource/Domenico_Ghirlandaio" />
    <owl:sameAs rdf:resource="http://el.dbpedia.org/resource/Ντομένικο_Γκιρλαντάιο" />
    <owl:sameAs rdf:resource="http://fi.dbpedia.org/resource/Domenico_Ghirlandaio" />
    <owl:sameAs rdf:resource="http://nl.dbpedia.org/resource/Domenico_Ghirlandaio" />
    <owl:sameAs rdf:resource="http://pt.dbpedia.org/resource/Domenico_Ghirlandaio" />
    <owl:sameAs rdf:resource="http://tr.dbpedia.org/resource/Domenico_Ghirlandaio" />
    <owl:sameAs rdf:resource="http://th.dbpedia.org/resource/โดเมนีโก_กีร์ลันดาโย" />
    <owl:sameAs rdf:resource="http://bg.dbpedia.org/resource/Доменико_Гирландайо" />
    <owl:sameAs rdf:resource="http://sk.dbpedia.org/resource/Domenico_Ghirlandaio" />
    <owl:sameAs rdf:resource="http://la.dbpedia.org/resource/Dominicus_Ghirlandaio" />
    <owl:sameAs rdf:resource="http://eu.dbpedia.org/resource/Domenico_Ghirlandaio" />
    <owl:sameAs rdf:resource="http://hy.dbpedia.org/resource/Դոմենիկո_Գիրլանդայո" />
    <owl:sameAs rdf:resource="http://it.dbpedia.org/resource/Domenico_Ghirlandaio" />
    <dcterms:subject rdf:resource="http://dbpedia.org/resource/Category:Florentine_painters" />
    <dcterms:subject rdf:resource="http://dbpedia.org/resource/Category:Renaissance_painters" />
    <dcterms:subject rdf:resource="http://dbpedia.org/resource/Category:1449_births" />
    <dcterms:subject rdf:resource="http://dbpedia.org/resource/Category:1494_deaths" />
    <dbpedia-owl:abstract xml:lang="de">Domenico Ghirlandaio (* 1449 in Florenz; † 11. Januar 1494 ebenda; eigentlich Domenico di Tommaso Curradi di Doffo Bigordi) war ein florentinischer Maler der Renaissance.</dbpedia-owl:abstract>
    <dbpedia-owl:abstract xml:lang="pl">Domenico Ghirlandaio, właściwie Domenico di Tommaso Bigordi, włoski malarz z okresu quattrocento, przedstawiciel szkoły florenckiej. Dominik Ghirlandaio urodził się w rodzinie Tomasza, znanego florenckiego złotnika, którego przydomek Ghirlandaio, znaczył twórca girland, ozdoby kobiecej głowy, którą wymyślił. Uczył się za namową ojca złotnictwa, które porzucił na rzecz malarstwa i nauki u Alessio Baldovinettiego i Andrei del Verrocchio. Współpracował ze swymi młodszymi braćmi, Benedetto i Davide. Warsztat Ghirladaio był najbardziej znanym i najlepiej prosperującym warsztatem malarskim we Florencji, który zyskiwał wiele intratnych zleceń. Jego najważniejsze dzieła to freski chóru kościoła Santa Maria Novella, freski w Pizie, San Gimignano i w rzymskiej Kaplicy Sykstyńskiej, obraz Starzec i chłopiec. Jego najsłynniejszym uczniem był Michał Anioł, a jego syn Ridolfo Ghirlandaio był znanym malarzem włoskiego renesansu. Styl Domanica Ghirlandaia cechowała prostota, klarowność, czasem dekoracyjny linearyzm. W kompozycji scen wielofiguralnych nawiązywał do dzieł Filippa Lippiego. Inspirował się także twórczością artystów flamandzkich. W obrazach o tematyce religijnej starał się, podobnie jak jego poprzednicy, przemycić fragmenty życia współczesnego w ubiorze postaci, przedstawianych wnętrzach czy też w samych postaciach nadając im rysy twarzy współczesnych Florentczyków. Przykładem mogą byc freski w kościele Santa Trinita, na których pojawiają się członkowie rodu Sassettich. Ghirlandaio malował także izolowane portrety. Jednym z najbardziej znanych jest wizerunek Giovanny degli Albizzi Tornabuoni (Madryt). Zastosowane tu zostało tradycyjne dla florenckich portretów arystokratycznych ujęcie profilowe. Artysta uwiecznił ową damę również w scenie Nawiedzenia w Santa Maria Novella w takiej samej pozie i ubiorze (widać ją po prawej stronie sceny).</dbpedia-owl:abstract>
    <dbpedia-owl:abstract xml:lang="sv">Domenico Ghirlandaio, egentligen Domenico di Tommaso Bigordi, född 1449 i Florens, Italien, död 11 januari 1494 i Florens, var en italiensk målare under ungrenässansen. Han tillhörde den florentinska skolan. Ghirlandaio hade av sin far skolats till guldsmed men vann sin berömmelse framför allt i egenskap av freskmålare. Han gick i lära hos Alesso Baldovinetti och tog intryck av tidens naturalistiska strävanden i Florens hos konstnärer som Andrea del Verrocchio, Paolo Uccello och Andrea del Castagno. Han tog även intryck av äldre målare som Giotto di Bondone och Masaccio. Som monumentalmålare var han sin tids främste, och han ledde i Florens en stor verkstad och utförde där bland annat freskerna i Santa Maria Novella och Ognissanti-kyrkan freskerna (1472-1473) ovanför familjen Vespuccis altare samt senare Sankt Hieronymus och Nattvarden (båda 1480) i samma kyrka. Ghirlandaio var i Rom 1481-1482 och utförde två fresker i Sixtinska kapellet. Den bevarade fresken, Apostlarna Petrus och Andreas kallelse, är ett exempel på Ghirlandaios vana att införliva porträtt av sådana han kände som vittnen till en religiös händelse. Återkommen till Florens infogade han i freskerna i Sassettikapellet i Santa Trinità porträtt av medlemmar av familjerna Medici, Sassetti och Spini. Övriga verk av Ghirlandaio är bland andra Bebådelsen, Jungfru Marie födelse, Madonnan med heliga (1484) och Herdarnas tillbedjan (1485) varav flera finns i Uffizierna. Därutöver verkade han även i San Gimignano och Pisa. Bland Ghirlandaios verkstadsmedarbetare fanns brodern Davide (1452-1525). Sonen Ridolfo (1483-1561) var en obetydlig florentinsk målare. Av större betydelse är det faktum, att Michelangelo, liksom Francesco Granacci och Bastiano Mainardi, var en av Ghirlandaios elever och av honom lärde sig att behärska freskmåleriets teknik.</dbpedia-owl:abstract>
    <dbpedia-owl:abstract xml:lang="en">Domenico Ghirlandaio (1449 – 11 January 1494) was an Italian Renaissance painter from Florence. Among his many apprentices was Michelangelo.</dbpedia-owl:abstract>
    <dbpedia-owl:abstract xml:lang="fr">Domenico di Tommaso Curradi di Doffo Bigordi, appelé couramment Domenico Bigordi dit Domenico Ghirlandaio, né le 11 janvier 1449 à Florence, mort le 14 janvier 1494 à Florence, est un peintre italien de l&#39;école florentine.</dbpedia-owl:abstract>
    <dbpedia-owl:abstract xml:lang="ja">ドメニコ・ギルランダイオ（Domenico Ghirlandaio, 1449年 - 1494年1月11日）は、ルネサンス期のイタリアの画家。 15世紀後半のフィレンツェの人気画家であったギルランダイオの作品は宗教画が主であるが、その画面には当時のフィレンツェの実在の人物や日常生活が描き込まれ、宗教的な厳粛さよりは世俗性が勝っている。 本名はドメニコ・ビゴルディ。イタリアのゴシック期、ルネサンス期の画家には、もっぱら通称で呼ばれる者が多いが、この画家もその一人で、「ドメニコ・ギルランダイオ」とは、「花飾りのドメニコ」の意である。画家の父親で彫金家であった父親のトンマーソが、当時フィレンツェの若い女性の間に流行していた花の髪飾りを作ることに長けていたため、この通称がついたという。彫金家であった父は、息子も彫金家になることを希望したが、ギルランダイオは絵画の道に進んだ。修業時代のことはよくわかっておらず、絵画の師も不明である。ギルランダイオは、若き日のミケランジェロが最初に師事した画家としても知られている。 代表作としては、フィレンツェのサンタ・マリア・ノヴェッラ教会（マサッチオの壁画でも知られる）の内陣を飾るマリア伝の壁画群があり、バチカンのシスティーナ礼拝堂側壁の壁画制作にも、サンドロ・ボッティチェッリ、ルカ・シニョレッリ、ペルジーノらとともに参加している。 上述のサンタ・マリア・ノヴェッラ聖堂のマリア伝壁画のうち、『マリアの誕生』の図がもっともよく知られている。この作品は、聖堂の主祭壇のある内陣壁面を飾る宗教画であるが、主題である「マリアの誕生」よりも目立つ形で画面中央付近に描かれているのは、絵の注文主であるトルナブオーニ家の5人の女性たちである。絵の注文主ジョヴァンニ・トルナブオーニはメディチ家のロレンツォ・イル・マニフィコ（豪華公）の叔父であり、当時のフィレンツェの有力者であった。宗教画のなかに制作当時の世俗の人物を描き入れたのは、注文主の強い意向によるものであろう。</dbpedia-owl:abstract>
    <dbpedia-owl:abstract xml:lang="nl">Domenico Ghirlandaio, van oorsprong Domenico Bigordi geheten is een Italiaans kunstschilder. Zijn werken behoren tot de vroege renaissance.</dbpedia-owl:abstract>
    <dbpedia-owl:abstract xml:lang="ru">Доме́нико Гирланда́йо — один из ведущих флорентийских художников кватроченто, основатель художественной династии, которую продолжили его брат Давид и сын Ридольфо. Глава художественной мастерской, где подвизался юный Микеланджело. Автор фресковых циклов, в которых выпукло, со всевозможными подробностями показана домашняя жизнь библейских персонажей (в их роли выступают знатные граждане Флоренции в костюмах того времени).</dbpedia-owl:abstract>
    <dbpedia-owl:abstract xml:lang="it">Operò soprattutto nella città natale, divenendo tra i protagonisti del Rinascimento all&#39;epoca di Lorenzo il Magnifico. Verso il 1480 in particolare divenne di fatto il ritrattista ufficiale dell&#39;alta società fiorentina, grazie al suo stile preciso, piacevole e veloce. Capo di una nutrita ed efficiente bottega, in cui mosse i primi passi nel campo dell&#39;arte anche il tredicenne Michelangelo Buonarroti, è ricordato soprattutto per i grandi cicli affrescati, quali alcune scene della Cappella Sistina a Roma, la Cappella Sassetti e la Cappella Tornabuoni nella sua città natale. Domenico fece così parte della cosiddetta "terza generazione" del Rinascimento fiorentino, assieme a maestri quali Verrocchio, i fratelli del Pollaiolo e il giovane Sandro Botticelli. I suoi fratelli David e Benedetto furono pure valenti pittori attivi nella sua bottega, così come il cognato Sebastiano Mainardi da San Gimignano. Anche il figlio Ridolfo fu importante pittore attivo nella Firenze tardo rinascimentale.</dbpedia-owl:abstract>
    <dbpedia-owl:abstract xml:lang="es">Domenico Bigordi o Domenico Curradi, más conocido por el apodo Ghirlandaio fue un pintor cuatrocentista italiano. Entre sus muchos aprendices estuvo Miguel Ángel. Trabajó sobre todo en su ciudad natal, encontrándose entre los protagonistas del renacimiento en la época de Lorenzo el Magnífico. Hacia 1480 se convirtió de hecho en el retratista oficial de la alta sociedad florentina, gracias a su estilo preciso, amable y veloz. Jefe de un nutrido y eficiente taller, en el que dio sus primeros pasos en el campo del arte un Miguel Ángel de trece años, es recordado sobre todo por los grandes ciclos de frescos, como son algunas escenas de la Capilla Sixtina en Roma, la Capilla Sassetti y la Capilla Tornabuoni en su ciudad natal. Domenico formó parte así de la llamada "tercera generación" del renacimiento en Florencia, junto a maestros como Verrocchio, los hermanos Pollaiolo y el joven Sandro Botticelli. Sus hermanos Davide y Benedetto fueron también pintores activos en su taller, así como su cuñado Sebastiano Mainardi de San Gimignano. También su hijo Ridolfo fue un importante pintor activo en la Florencia del renacimiento tardío.</dbpedia-owl:abstract>
    <dbpedia-owl:abstract xml:lang="pt">Domenico Ghirlandaio foi um pintor renascentista italiano contemporâneo de Botticelli e Filippino Lippi. Formou toda uma geração de excelentes artistas. Michelangelo foi um dos seus aprendizes. Seu nome completo era Domenico di Tommaso Curradi di Doffo Bigordi. Era filho de Tommaso Bigordi e da sua primeira mulher, Antonia di ser Paolo Paoli. Ele era o mais velho de seis crianças. O seu nome artístico derivava da sua "alcunha": Il Ghirlandaio (o fabricante de guirlandas). Foi aprendiz de Alessio Baldovinetti no estudo da pintura e do mosaico. Trabalhou em Florença, em obras no Palazzo Vecchio, e em Roma, onde criou, para o Papa Sisto IV, um afresco para a Capela Sistina, chamado Cristo chamando Pedro, André e seus Apóstolos. Suas outras obras em Roma estão perdidas. Na Toscana, sua obra mais famosa é uma série de afrescos para a Igreja de Santa Maria Novella, na capela da Família Sassetti. A série retrata a vida da Madonna e de São João Batista, com vários detalhes de cenas históricas, uma especialidade de Ghirlandaio. Um dos grandes legados de Ghirlandaio foi ter sido um dos primeiros professores de Michelângelo. Outro aprendiz famoso foi Francesco Granacci.</dbpedia-owl:abstract>
    <dbpedia-owl:birthDate rdf:datatype="http://www.w3.org/2001/XMLSchema#date">1449-01-11</dbpedia-owl:birthDate>
    <dbpedia-owl:birthPlace rdf:resource="http://dbpedia.org/resource/Florence" />
    <dbpedia-owl:birthPlace rdf:resource="http://dbpedia.org/resource/Italy" />
    <dbpedia-owl:deathDate rdf:datatype="http://www.w3.org/2001/XMLSchema#date">1494-01-11</dbpedia-owl:deathDate>
    <dbpedia-owl:deathPlace rdf:resource="http://dbpedia.org/resource/Italy" />
    <dbpedia-owl:deathPlace rdf:resource="http://dbpedia.org/resource/Florence" />
    <dbpedia-owl:movement rdf:resource="http://dbpedia.org/resource/Italian_Renaissance" />
    <dbpedia-owl:nationality rdf:resource="http://dbpedia.org/resource/Italy" />
    <dbpedia-owl:wikiPageID rdf:datatype="http://www.w3.org/2001/XMLSchema#integer">199689</dbpedia-owl:wikiPageID>
    <dbpedia-owl:wikiPageRevisionID rdf:datatype="http://www.w3.org/2001/XMLSchema#integer">548460612</dbpedia-owl:wikiPageRevisionID>
    <rdfs:label xml:lang="pl">Domenico Ghirlandaio</rdfs:label>
    <rdfs:label xml:lang="ru">Доменико Гирландайо</rdfs:label>
    <rdfs:label xml:lang="nl">Domenico Ghirlandaio</rdfs:label>
    <rdfs:label xml:lang="sv">Domenico Ghirlandaio</rdfs:label>
    <rdfs:label xml:lang="en">Domenico Ghirlandaio</rdfs:label>
    <rdfs:label xml:lang="fr">Domenico Ghirlandaio</rdfs:label>
    <rdfs:label xml:lang="ja">ドメニコ・ギルランダイオ</rdfs:label>
    <rdfs:label xml:lang="de">Domenico Ghirlandaio</rdfs:label>
    <rdfs:label xml:lang="pt">Domenico Ghirlandaio</rdfs:label>
    <rdfs:label xml:lang="es">Domenico Ghirlandaio</rdfs:label>
    <rdfs:label xml:lang="it">Domenico Ghirlandaio</rdfs:label>
    <foaf:depiction rdf:resource="http://upload.wikimedia.org/wikipedia/commons/0/03/Pala_degli_innocenti,_ghirlandaio,_autoritratto.jpg" />
    <rdfs:comment xml:lang="it">Operò soprattutto nella città natale, divenendo tra i protagonisti del Rinascimento all&#39;epoca di Lorenzo il Magnifico. Verso il 1480 in particolare divenne di fatto il ritrattista ufficiale dell&#39;alta società fiorentina, grazie al suo stile preciso, piacevole e veloce.</rdfs:comment>
    <rdfs:comment xml:lang="ja">ドメニコ・ギルランダイオ（Domenico Ghirlandaio, 1449年 - 1494年1月11日）は、ルネサンス期のイタリアの画家。 15世紀後半のフィレンツェの人気画家であったギルランダイオの作品は宗教画が主であるが、その画面には当時のフィレンツェの実在の人物や日常生活が描き込まれ、宗教的な厳粛さよりは世俗性が勝っている。 本名はドメニコ・ビゴルディ。イタリアのゴシック期、ルネサンス期の画家には、もっぱら通称で呼ばれる者が多いが、この画家もその一人で、「ドメニコ・ギルランダイオ」とは、「花飾りのドメニコ」の意である。画家の父親で彫金家であった父親のトンマーソが、当時フィレンツェの若い女性の間に流行していた花の髪飾りを作ることに長けていたため、この通称がついたという。彫金家であった父は、息子も彫金家になることを希望したが、ギルランダイオは絵画の道に進んだ。修業時代のことはよくわかっておらず、絵画の師も不明である。ギルランダイオは、若き日のミケランジェロが最初に師事した画家としても知られている。 代表作としては、フィレンツェのサンタ・マリア・ノヴェッラ教会（マサッチオの壁画でも知られる）の内陣を飾るマリア伝の壁画群があり、バチカンのシスティーナ礼拝堂側壁の壁画制作にも、サンドロ・ボッティチェッリ、ルカ・シニョレッリ、ペルジーノらとともに参加している。 上述のサンタ・マリア・ノヴェッラ聖堂のマリア伝壁画のうち、『マリアの誕生』の図がもっともよく知られている。この作品は、聖堂の主祭壇のある内陣壁面を飾る宗教画であるが、主題である「マリアの誕生」よりも目立つ形で画面中央付近に描かれているのは、絵の注文主であるトルナブオーニ家の5人の女性たちである。絵の注文主ジョヴァンニ・トルナブオーニはメディチ家のロレンツォ・イル・マニフィコ（豪華公）の叔父であり、当時のフィレンツェの有力者であった。宗教画のなかに制作当時の世俗の人物を描き入れたのは、注文主の強い意向によるものであろう。</rdfs:comment>
    <rdfs:comment xml:lang="de">Domenico Ghirlandaio (* 1449 in Florenz; † 11. Januar 1494 ebenda; eigentlich Domenico di Tommaso Curradi di Doffo Bigordi) war ein florentinischer Maler der Renaissance.</rdfs:comment>
    <rdfs:comment xml:lang="fr">Domenico di Tommaso Curradi di Doffo Bigordi, appelé couramment Domenico Bigordi dit Domenico Ghirlandaio, né le 11 janvier 1449 à Florence, mort le 14 janvier 1494 à Florence, est un peintre italien de l&#39;école florentine.</rdfs:comment>
    <rdfs:comment xml:lang="nl">Domenico Ghirlandaio, van oorsprong Domenico Bigordi geheten is een Italiaans kunstschilder. Zijn werken behoren tot de vroege renaissance.</rdfs:comment>
    <rdfs:comment xml:lang="ru">Доме́нико Гирланда́йо — один из ведущих флорентийских художников кватроченто, основатель художественной династии, которую продолжили его брат Давид и сын Ридольфо. Глава художественной мастерской, где подвизался юный Микеланджело. Автор фресковых циклов, в которых выпукло, со всевозможными подробностями показана домашняя жизнь библейских персонажей (в их роли выступают знатные граждане Флоренции в костюмах того времени).</rdfs:comment>
    <rdfs:comment xml:lang="pt">Domenico Ghirlandaio foi um pintor renascentista italiano contemporâneo de Botticelli e Filippino Lippi. Formou toda uma geração de excelentes artistas. Michelangelo foi um dos seus aprendizes. Seu nome completo era Domenico di Tommaso Curradi di Doffo Bigordi. Era filho de Tommaso Bigordi e da sua primeira mulher, Antonia di ser Paolo Paoli. Ele era o mais velho de seis crianças. O seu nome artístico derivava da sua "alcunha": Il Ghirlandaio (o fabricante de guirlandas).</rdfs:comment>
    <rdfs:comment xml:lang="es">Domenico Bigordi o Domenico Curradi, más conocido por el apodo Ghirlandaio fue un pintor cuatrocentista italiano. Entre sus muchos aprendices estuvo Miguel Ángel. Trabajó sobre todo en su ciudad natal, encontrándose entre los protagonistas del renacimiento en la época de Lorenzo el Magnífico. Hacia 1480 se convirtió de hecho en el retratista oficial de la alta sociedad florentina, gracias a su estilo preciso, amable y veloz.</rdfs:comment>
    <rdfs:comment xml:lang="pl">Domenico Ghirlandaio, właściwie Domenico di Tommaso Bigordi, włoski malarz z okresu quattrocento, przedstawiciel szkoły florenckiej. Dominik Ghirlandaio urodził się w rodzinie Tomasza, znanego florenckiego złotnika, którego przydomek Ghirlandaio, znaczył twórca girland, ozdoby kobiecej głowy, którą wymyślił. Uczył się za namową ojca złotnictwa, które porzucił na rzecz malarstwa i nauki u Alessio Baldovinettiego i Andrei del Verrocchio.</rdfs:comment>
    <rdfs:comment xml:lang="en">Domenico Ghirlandaio (1449 – 11 January 1494) was an Italian Renaissance painter from Florence. Among his many apprentices was Michelangelo.</rdfs:comment>
    <rdfs:comment xml:lang="sv">Domenico Ghirlandaio, egentligen Domenico di Tommaso Bigordi, född 1449 i Florens, Italien, död 11 januari 1494 i Florens, var en italiensk målare under ungrenässansen. Han tillhörde den florentinska skolan. Ghirlandaio hade av sin far skolats till guldsmed men vann sin berömmelse framför allt i egenskap av freskmålare.</rdfs:comment>
    <foaf:name xml:lang="en">Domenico Ghirlandaio</foaf:name>
    <dbpedia-owl:thumbnail rdf:resource="http://upload.wikimedia.org/wikipedia/commons/thumb/0/03/Pala_degli_innocenti,_ghirlandaio,_autoritratto.jpg/200px-Pala_degli_innocenti,_ghirlandaio,_autoritratto.jpg" />
    <dbpedia-owl:wikiPageExternalLink rdf:resource="http://maps.google.com/maps/ms?ie=UTF8&amp;hl=en&amp;msa=0&amp;msid=116169465073997154563.00048bbe6e9d875861b56&amp;z=16" />
    <dbpedia-owl:wikiPageExternalLink rdf:resource="http://www.domenico-ghirlandaio.org" />
    <dbpedia-owl:wikiPageExternalLink rdf:resource="http://www.museothyssen.org/thyssen/videoplayer/40" />
    <dbpedia-owl:wikiPageExternalLink rdf:resource="http://www.ghirlandaio.it" />
    <dbpedia-owl:wikiPageExternalLink rdf:resource="http://www.aiwaz.net/gallery/ghirlandaio-domenico/gc120" />
    <dbpedia-owl:wikiPageExternalLink rdf:resource="http://www.paradoxplace.com/Perspectives/Italian%20Images/Montages/Firenze/SS%20Trinita.htm" />
    <dbpedia-owl:wikiPageExternalLink rdf:resource="http://www.wga.hu/html/g/ghirland/domenico/index.html" />
    <dbpprop:alternativeNames xml:lang="en">Bigordi, Domenico; Domenico Bigordi; Domenico Ghirlandaio; Ghirlandajo, Domenico; Grillandajo, Domenico; Ghirlandaio, Domenico di Tommaso; Bigordi, Domenico di Tommaso; Bighordi, Domenico; Ghirlandaio, Domenico del; Grillandai, Domenico; Ghirlandaio, il; Domenico di Tommaso di Currado di Doffo Bigordi; Domenico di Tommaso Bigordi; Corradi, Domenico</dbpprop:alternativeNames>
    <dbpprop:bgcolour xml:lang="en">#EEDD82</dbpprop:bgcolour>
    <dbpprop:birthDate rdf:datatype="http://www.w3.org/2001/XMLSchema#integer">1449</dbpprop:birthDate>
    <dbpprop:birthName xml:lang="en">Domenico di Tommaso Curradi di Doffo Bigordi</dbpprop:birthName>
    <dbpprop:birthPlace rdf:resource="http://dbpedia.org/resource/Florence" />
    <dbpprop:birthPlace rdf:resource="http://dbpedia.org/resource/Italy" />
    <dbpprop:caption xml:lang="en">Supposed self-portrait, from Adoration of the Magi, 1488</dbpprop:caption>
    <dbpprop:dateOfBirth rdf:datatype="http://www.w3.org/2001/XMLSchema#integer">11</dbpprop:dateOfBirth>
    <dbpprop:dateOfDeath rdf:datatype="http://www.w3.org/2001/XMLSchema#integer">11</dbpprop:dateOfDeath>
    <dbpprop:deathDate rdf:datatype="http://www.w3.org/2001/XMLSchema#date">1494-01-11</dbpprop:deathDate>
    <dbpprop:deathPlace xml:lang="en">Florence, Italy</dbpprop:deathPlace>
    <dbpprop:field xml:lang="en">Painter</dbpprop:field>
    <dbpprop:imagesize rdf:datatype="http://www.w3.org/2001/XMLSchema#integer">200</dbpprop:imagesize>
    <dbpprop:movement rdf:resource="http://dbpedia.org/resource/Italian_Renaissance" />
    <dbpprop:name xml:lang="en">Domenico Ghirlandaio</dbpprop:name>
    <dbpprop:name xml:lang="en">Ghirlandaio, Domenico</dbpprop:name>
    <dbpprop:nationality xml:lang="en">Italian</dbpprop:nationality>
    <dbpprop:placeOfBirth xml:lang="en">Florence, Italy</dbpprop:placeOfBirth>
    <dbpprop:placeOfDeath xml:lang="en">Florence, Italy</dbpprop:placeOfDeath>
    <dbpprop:shortDescription xml:lang="en">Italian painter</dbpprop:shortDescription>
    <dbpprop:works xml:lang="en">Paintings in: Church of Ognissanti, Palazzo Vecchio, Santa Trinita, Tornabuoni Chapel in Florence and Sistine Chapel, Rome</dbpprop:works>
    <dbpprop:yearOfBirth rdf:datatype="http://www.w3.org/2001/XMLSchema#integer">1449</dbpprop:yearOfBirth>
    <foaf:givenName xml:lang="en">Domenico</foaf:givenName>
    <foaf:isPrimaryTopicOf rdf:resource="http://en.wikipedia.org/wiki/Domenico_Ghirlandaio" />
    <dc:description xml:lang="en">Italian painter</dc:description>
    <ns8:wasDerivedFrom rdf:resource="http://en.wikipedia.org/wiki/Domenico_Ghirlandaio?oldid=548460612" />
    <dbpprop:hasPhotoCollection rdf:resource="http://wifo5-03.informatik.uni-mannheim.de/flickrwrappr/photos/Domenico_Ghirlandaio" />
    <foaf:surname xml:lang="en">Ghirlandaio</foaf:surname>
  </rdf:Description>
  <rdf:Description rdf:about="http://de.dbpedia.org/resource/Domenico_Ghirlandaio">
    <owl:sameAs rdf:resource="http://dbpedia.org/resource/Domenico_Ghirlandaio" />
  </rdf:Description>
  <rdf:Description rdf:about="http://el.dbpedia.org/resource/Ντομένικο_Γκιρλαντάιο">
    <owl:sameAs rdf:resource="http://dbpedia.org/resource/Domenico_Ghirlandaio" />
  </rdf:Description>
  <rdf:Description rdf:about="http://fr.dbpedia.org/resource/Domenico_Ghirlandaio">
    <owl:sameAs rdf:resource="http://dbpedia.org/resource/Domenico_Ghirlandaio" />
  </rdf:Description>
  <rdf:Description rdf:about="http://ko.dbpedia.org/resource/도메니코_기를란다요">
    <owl:sameAs rdf:resource="http://dbpedia.org/resource/Domenico_Ghirlandaio" />
  </rdf:Description>
  <rdf:Description rdf:about="http://dbpedia.org/resource/Domenico">
    <dbpedia-owl:wikiPageDisambiguates rdf:resource="http://dbpedia.org/resource/Domenico_Ghirlandaio" />
  </rdf:Description>
  <rdf:Description rdf:about="http://dbpedia.org/resource/Saint_Jerome_in_His_Study_(Ghirlandaio)">
    <dbpedia-owl:author rdf:resource="http://dbpedia.org/resource/Domenico_Ghirlandaio" />
  </rdf:Description>
  <rdf:Description rdf:about="http://dbpedia.org/resource/The_Crossing_of_the_Red_Sea_(Sistine_Chapel)">
    <dbpedia-owl:author rdf:resource="http://dbpedia.org/resource/Domenico_Ghirlandaio" />
  </rdf:Description>
  <rdf:Description rdf:about="http://dbpedia.org/resource/Adoration_of_the_Magi_(Ospedale_degli_Innocenti)">
    <dbpedia-owl:author rdf:resource="http://dbpedia.org/resource/Domenico_Ghirlandaio" />
  </rdf:Description>
  <rdf:Description rdf:about="http://dbpedia.org/resource/Visitation_(Ghirlandaio)">
    <dbpedia-owl:author rdf:resource="http://dbpedia.org/resource/Domenico_Ghirlandaio" />
  </rdf:Description>
  <rdf:Description rdf:about="http://dbpedia.org/resource/Portrait_of_Giovanna_Tornabuoni">
    <dbpedia-owl:author rdf:resource="http://dbpedia.org/resource/Domenico_Ghirlandaio" />
  </rdf:Description>
  <rdf:Description rdf:about="http://dbpedia.org/resource/Domenico_Curradi">
    <dbpedia-owl:wikiPageRedirects rdf:resource="http://dbpedia.org/resource/Domenico_Ghirlandaio" />
  </rdf:Description>
  <rdf:Description rdf:about="http://dbpedia.org/resource/Vocation_of_the_Apostles">
    <dbpedia-owl:author rdf:resource="http://dbpedia.org/resource/Domenico_Ghirlandaio" />
  </rdf:Description>
  <rdf:Description rdf:about="http://dbpedia.org/resource/Ghirlandaio">
    <dbpedia-owl:wikiPageDisambiguates rdf:resource="http://dbpedia.org/resource/Domenico_Ghirlandaio" />
  </rdf:Description>
  <rdf:Description rdf:about="http://it.dbpedia.org/resource/Domenico_Ghirlandaio">
    <owl:sameAs rdf:resource="http://dbpedia.org/resource/Domenico_Ghirlandaio" />
  </rdf:Description>
  <rdf:Description rdf:about="http://pt.dbpedia.org/resource/Domenico_Ghirlandaio">
    <owl:sameAs rdf:resource="http://dbpedia.org/resource/Domenico_Ghirlandaio" />
  </rdf:Description>
  <rdf:Description rdf:about="http://ru.dbpedia.org/resource/Доменико_Гирландайо">
    <owl:sameAs rdf:resource="http://dbpedia.org/resource/Domenico_Ghirlandaio" />
  </rdf:Description>
  <rdf:Description rdf:about="http://dbpedia.org/resource/Last_Supper_(Ghirlandaio)">
    <dbpedia-owl:author rdf:resource="http://dbpedia.org/resource/Domenico_Ghirlandaio" />
    <dbpprop:artist rdf:resource="http://dbpedia.org/resource/Domenico_Ghirlandaio" />
  </rdf:Description>
  <rdf:Description rdf:about="http://dbpedia.org/resource/Domenico_Ghirlandajo">
    <dbpedia-owl:wikiPageRedirects rdf:resource="http://dbpedia.org/resource/Domenico_Ghirlandaio" />
  </rdf:Description>
  <rdf:Description rdf:about="http://dbpedia.org/resource/Domenico_Ghirlandaio,_Domenico_di_Tommaso_Bigordi">
    <dbpedia-owl:wikiPageRedirects rdf:resource="http://dbpedia.org/resource/Domenico_Ghirlandaio" />
  </rdf:Description>
  <rdf:Description rdf:about="http://es.dbpedia.org/resource/Domenico_Ghirlandaio">
    <owl:sameAs rdf:resource="http://dbpedia.org/resource/Domenico_Ghirlandaio" />
  </rdf:Description>
  <rdf:Description rdf:about="http://ja.dbpedia.org/resource/ドメニコ・ギルランダイオ">
    <owl:sameAs rdf:resource="http://dbpedia.org/resource/Domenico_Ghirlandaio" />
  </rdf:Description>
  <rdf:Description rdf:about="http://en.wikipedia.org/wiki/Domenico_Ghirlandaio">
    <foaf:primaryTopic rdf:resource="http://dbpedia.org/resource/Domenico_Ghirlandaio" />
  </rdf:Description>
  <rdf:Description rdf:about="http://dbpedia.org/resource/Domenico_Bigordi">
    <dbpedia-owl:wikiPageRedirects rdf:resource="http://dbpedia.org/resource/Domenico_Ghirlandaio" />
  </rdf:Description>
  <rdf:Description rdf:about="http://dbpedia.org/resource/Domenico_Bigordi_Ghirlandaio">
    <dbpedia-owl:wikiPageRedirects rdf:resource="http://dbpedia.org/resource/Domenico_Ghirlandaio" />
  </rdf:Description>
  <rdf:Description rdf:about="http://dbpedia.org/resource/Domenico_Di_Tommaso_Bigordi">
    <dbpedia-owl:wikiPageRedirects rdf:resource="http://dbpedia.org/resource/Domenico_Ghirlandaio" />
  </rdf:Description>
  <rdf:Description rdf:about="http://dbpedia.org/resource/Domenico_di_Tommaso_di_Currado_di_Doffo_Bigordi">
    <dbpedia-owl:wikiPageRedirects rdf:resource="http://dbpedia.org/resource/Domenico_Ghirlandaio" />
  </rdf:Description>
  <rdf:Description rdf:about="http://dbpedia.org/resource/Ghirlandiao">
    <dbpedia-owl:wikiPageRedirects rdf:resource="http://dbpedia.org/resource/Domenico_Ghirlandaio" />
  </rdf:Description>
  <rdf:Description rdf:about="http://nl.dbpedia.org/resource/Domenico_Ghirlandaio">
    <owl:sameAs rdf:resource="http://dbpedia.org/resource/Domenico_Ghirlandaio" />
  </rdf:Description>
  <rdf:Description rdf:about="http://eu.dbpedia.org/resource/Domenico_Ghirlandaio">
    <owl:sameAs rdf:resource="http://dbpedia.org/resource/Domenico_Ghirlandaio" />
  </rdf:Description>
  <rdf:Description rdf:about="http://wikidata.dbpedia.org/resource/Q191423">
    <owl:sameAs rdf:resource="http://dbpedia.org/resource/Domenico_Ghirlandaio" />
  </rdf:Description>
  <rdf:Description rdf:about="http://af.dbpedia.org/resource/Domenico_Ghirlandaio">
    <owl:sameAs rdf:resource="http://dbpedia.org/resource/Domenico_Ghirlandaio" />
  </rdf:Description>
  <rdf:Description rdf:about="http://ar.dbpedia.org/resource/دومنيكو_غرلاندايو">
    <owl:sameAs rdf:resource="http://dbpedia.org/resource/Domenico_Ghirlandaio" />
  </rdf:Description>
  <rdf:Description rdf:about="http://be.dbpedia.org/resource/Даменіка_Гірландая">
    <owl:sameAs rdf:resource="http://dbpedia.org/resource/Domenico_Ghirlandaio" />
  </rdf:Description>
  <rdf:Description rdf:about="http://bg.dbpedia.org/resource/Доменико_Гирландайо">
    <owl:sameAs rdf:resource="http://dbpedia.org/resource/Domenico_Ghirlandaio" />
  </rdf:Description>
  <rdf:Description rdf:about="http://bs.dbpedia.org/resource/Domenico_Ghirlandaio">
    <owl:sameAs rdf:resource="http://dbpedia.org/resource/Domenico_Ghirlandaio" />
  </rdf:Description>
  <rdf:Description rdf:about="http://ca.dbpedia.org/resource/Domenico_Ghirlandaio">
    <owl:sameAs rdf:resource="http://dbpedia.org/resource/Domenico_Ghirlandaio" />
  </rdf:Description>
  <rdf:Description rdf:about="http://da.dbpedia.org/resource/Domenico_Ghirlandaio">
    <owl:sameAs rdf:resource="http://dbpedia.org/resource/Domenico_Ghirlandaio" />
  </rdf:Description>
  <rdf:Description rdf:about="http://fi.dbpedia.org/resource/Domenico_Ghirlandaio">
    <owl:sameAs rdf:resource="http://dbpedia.org/resource/Domenico_Ghirlandaio" />
  </rdf:Description>
  <rdf:Description rdf:about="http://he.dbpedia.org/resource/דומניקו_גירלנדיו">
    <owl:sameAs rdf:resource="http://dbpedia.org/resource/Domenico_Ghirlandaio" />
  </rdf:Description>
  <rdf:Description rdf:about="http://hr.dbpedia.org/resource/Domenico_Ghirlandaio">
    <owl:sameAs rdf:resource="http://dbpedia.org/resource/Domenico_Ghirlandaio" />
  </rdf:Description>
  <rdf:Description rdf:about="http://hu.dbpedia.org/resource/Domenico_Ghirlandaio">
    <owl:sameAs rdf:resource="http://dbpedia.org/resource/Domenico_Ghirlandaio" />
  </rdf:Description>
  <rdf:Description rdf:about="http://hy.dbpedia.org/resource/Դոմենիկո_Գիրլանդայո">
    <owl:sameAs rdf:resource="http://dbpedia.org/resource/Domenico_Ghirlandaio" />
  </rdf:Description>
  <rdf:Description rdf:about="http://id.dbpedia.org/resource/Domenico_Ghirlandaio">
    <owl:sameAs rdf:resource="http://dbpedia.org/resource/Domenico_Ghirlandaio" />
  </rdf:Description>
  <rdf:Description rdf:about="http://la.dbpedia.org/resource/Dominicus_Ghirlandaio">
    <owl:sameAs rdf:resource="http://dbpedia.org/resource/Domenico_Ghirlandaio" />
  </rdf:Description>
  <rdf:Description rdf:about="http://lt.dbpedia.org/resource/Domenico_Ghirlandaio">
    <owl:sameAs rdf:resource="http://dbpedia.org/resource/Domenico_Ghirlandaio" />
  </rdf:Description>
  <rdf:Description rdf:about="http://nn.dbpedia.org/resource/Domenico_Ghirlandaio">
    <owl:sameAs rdf:resource="http://dbpedia.org/resource/Domenico_Ghirlandaio" />
  </rdf:Description>
  <rdf:Description rdf:about="http://no.dbpedia.org/resource/Domenico_Ghirlandaio">
    <owl:sameAs rdf:resource="http://dbpedia.org/resource/Domenico_Ghirlandaio" />
  </rdf:Description>
  <rdf:Description rdf:about="http://ro.dbpedia.org/resource/Domenico_Ghirlandaio">
    <owl:sameAs rdf:resource="http://dbpedia.org/resource/Domenico_Ghirlandaio" />
  </rdf:Description>
  <rdf:Description rdf:about="http://sk.dbpedia.org/resource/Domenico_Ghirlandaio">
    <owl:sameAs rdf:resource="http://dbpedia.org/resource/Domenico_Ghirlandaio" />
  </rdf:Description>
  <rdf:Description rdf:about="http://sl.dbpedia.org/resource/Domenico_Ghirlandaio">
    <owl:sameAs rdf:resource="http://dbpedia.org/resource/Domenico_Ghirlandaio" />
  </rdf:Description>
  <rdf:Description rdf:about="http://sq.dbpedia.org/resource/Domenico_Ghirlandaio">
    <owl:sameAs rdf:resource="http://dbpedia.org/resource/Domenico_Ghirlandaio" />
  </rdf:Description>
  <rdf:Description rdf:about="http://sr.dbpedia.org/resource/Доменико_Гирландајо">
    <owl:sameAs rdf:resource="http://dbpedia.org/resource/Domenico_Ghirlandaio" />
  </rdf:Description>
  <rdf:Description rdf:about="http://sv.dbpedia.org/resource/Domenico_Ghirlandaio">
    <owl:sameAs rdf:resource="http://dbpedia.org/resource/Domenico_Ghirlandaio" />
  </rdf:Description>
  <rdf:Description rdf:about="http://th.dbpedia.org/resource/โดเมนีโก_กีร์ลันดาโย">
    <owl:sameAs rdf:resource="http://dbpedia.org/resource/Domenico_Ghirlandaio" />
  </rdf:Description>
  <rdf:Description rdf:about="http://tr.dbpedia.org/resource/Domenico_Ghirlandaio">
    <owl:sameAs rdf:resource="http://dbpedia.org/resource/Domenico_Ghirlandaio" />
  </rdf:Description>
  <rdf:Description rdf:about="http://uk.dbpedia.org/resource/Доменіко_Гірляндайо">
    <owl:sameAs rdf:resource="http://dbpedia.org/resource/Domenico_Ghirlandaio" />
  </rdf:Description>
  <rdf:Description rdf:about="http://bo.dbpedia.org/resource/དོ་མེ་ནི་ཀོ་གིར་ལན་ད་ཡོ།">
    <owl:sameAs rdf:resource="http://dbpedia.org/resource/Domenico_Ghirlandaio" />
  </rdf:Description>
</rdf:RDF>
