<?xml version="1.0" encoding="utf-8" ?>
<rdf:RDF
	xmlns:rdf="http://www.w3.org/1999/02/22-rdf-syntax-ns#"
	xmlns:rdfs="http://www.w3.org/2000/01/rdf-schema#"
	xmlns:owl="http://www.w3.org/2002/07/owl#"
	xmlns:dcterms="http://purl.org/dc/terms/"
	xmlns:dbpedia-owl="http://dbpedia.org/ontology/"
	xmlns:foaf="http://xmlns.com/foaf/0.1/"
	xmlns:dbpprop="http://dbpedia.org/property/"
	xmlns:dc="http://purl.org/dc/elements/1.1/"
	xmlns:ns8="http://www.w3.org/ns/prov#" >
  <rdf:Description rdf:about="http://en.wikipedia.org/wiki/Edward_Hicks">
    <foaf:primaryTopic rdf:resource="http://dbpedia.org/resource/Edward_Hicks" />
  </rdf:Description>
  <rdf:Description rdf:about="http://dbpedia.org/resource/Hicks">
    <dbpedia-owl:wikiPageDisambiguates rdf:resource="http://dbpedia.org/resource/Edward_Hicks" />
  </rdf:Description>
  <rdf:Description rdf:about="http://es.dbpedia.org/resource/Edward_Hicks">
    <owl:sameAs rdf:resource="http://dbpedia.org/resource/Edward_Hicks" />
  </rdf:Description>
  <rdf:Description rdf:about="http://pl.dbpedia.org/resource/Edward_Hicks">
    <owl:sameAs rdf:resource="http://dbpedia.org/resource/Edward_Hicks" />
  </rdf:Description>
  <rdf:Description rdf:about="http://dbpedia.org/resource/Edward_Hicks">
    <rdf:type rdf:resource="http://dbpedia.org/class/yago/ReligiousPerson109628382" />
    <rdf:type rdf:resource="http://schema.org/Person" />
    <rdf:type rdf:resource="http://dbpedia.org/class/yago/AmericanQuakers" />
    <rdf:type rdf:resource="http://dbpedia.org/class/yago/YagoLegalActorGeo" />
    <rdf:type rdf:resource="http://dbpedia.org/class/yago/LivingThing100004258" />
    <rdf:type rdf:resource="http://dbpedia.org/class/yago/Object100002684" />
    <rdf:type rdf:resource="http://dbpedia.org/class/yago/PeopleFromPennsylvania" />
    <rdf:type rdf:resource="http://dbpedia.org/class/yago/Creator109614315" />
    <rdf:type rdf:resource="http://dbpedia.org/ontology/Person" />
    <rdf:type rdf:resource="http://dbpedia.org/class/yago/Person100007846" />
    <rdf:type rdf:resource="http://dbpedia.org/ontology/Artist" />
    <rdf:type rdf:resource="http://dbpedia.org/ontology/Agent" />
    <rdf:type rdf:resource="http://dbpedia.org/class/yago/Whole100003553" />
    <rdf:type rdf:resource="http://dbpedia.org/class/yago/Na%C3%AFvePainters" />
    <rdf:type rdf:resource="http://dbpedia.org/class/yago/CausalAgent100007347" />
    <rdf:type rdf:resource="http://dbpedia.org/class/yago/Organism100004475" />
    <rdf:type rdf:resource="http://dbpedia.org/class/yago/YagoLegalActor" />
    <rdf:type rdf:resource="http://dbpedia.org/class/yago/AmericanPainters" />
    <rdf:type rdf:resource="http://www.w3.org/2002/07/owl#Thing" />
    <rdf:type rdf:resource="http://dbpedia.org/class/yago/PhysicalEntity100001930" />
    <rdf:type rdf:resource="http://xmlns.com/foaf/0.1/Person" />
    <rdf:type rdf:resource="http://dbpedia.org/class/yago/Painter110391653" />
    <rdf:type rdf:resource="http://dbpedia.org/class/yago/Artist109812338" />
    <owl:sameAs rdf:resource="http://nn.dbpedia.org/resource/Edward_Hicks" />
    <owl:sameAs rdf:resource="http://dbpedia.org/resource/Edward_Hicks" />
    <owl:sameAs rdf:resource="http://es.dbpedia.org/resource/Edward_Hicks" />
    <owl:sameAs rdf:resource="http://yago-knowledge.org/resource/Edward_Hicks" />
    <owl:sameAs rdf:resource="http://no.dbpedia.org/resource/Edward_Hicks" />
    <owl:sameAs rdf:resource="http://pl.dbpedia.org/resource/Edward_Hicks" />
    <owl:sameAs rdf:resource="http://fr.dbpedia.org/resource/Edward_Hicks" />
    <owl:sameAs rdf:resource="http://fi.dbpedia.org/resource/Edward_Hicks" />
    <owl:sameAs rdf:resource="http://sv.dbpedia.org/resource/Edward_Hicks" />
    <owl:sameAs rdf:resource="http://rdf.freebase.com/ns/m.052540" />
    <owl:sameAs rdf:resource="http://www.wikidata.org/entity/Q2723190" />
    <owl:sameAs rdf:resource="http://eo.dbpedia.org/resource/Edward_Hicks" />
    <owl:sameAs rdf:resource="http://ja.dbpedia.org/resource/エドワード・ヒックス" />
    <owl:sameAs rdf:resource="http://tr.dbpedia.org/resource/Edward_Hicks" />
    <dcterms:subject rdf:resource="http://dbpedia.org/resource/Category:Na%C3%AFve_painters" />
    <dcterms:subject rdf:resource="http://dbpedia.org/resource/Category:19th-century_Quakers" />
    <dcterms:subject rdf:resource="http://dbpedia.org/resource/Category:People_from_Bucks_County,_Pennsylvania" />
    <dcterms:subject rdf:resource="http://dbpedia.org/resource/Category:Converts_to_Quakerism" />
    <dcterms:subject rdf:resource="http://dbpedia.org/resource/Category:Artists_from_Pennsylvania" />
    <dcterms:subject rdf:resource="http://dbpedia.org/resource/Category:American_Quakers" />
    <dcterms:subject rdf:resource="http://dbpedia.org/resource/Category:1780_births" />
    <dcterms:subject rdf:resource="http://dbpedia.org/resource/Category:American_painters" />
    <dcterms:subject rdf:resource="http://dbpedia.org/resource/Category:1849_deaths" />
    <dbpedia-owl:abstract xml:lang="ja">エドワード・ヒックス（Edward Hicks、1780年4月4日 - 1849年8月23日）は、アメリカのフォーク・アート画家、敬虔なクエーカー教徒（キリスト友会のメンバー）。</dbpedia-owl:abstract>
    <dbpedia-owl:abstract xml:lang="es">Edward Hicks fue un pintor folclórico estadounidense, un distinguido ministro cristiano de la Sociedad de Amigos, y también se convirtió en un ícono de los cuáqueros a causa de sus pinturas.</dbpedia-owl:abstract>
    <dbpedia-owl:abstract xml:lang="fr">Edward Hicks est un peintre américain naïf et primitif, membre de la Société religieuse des Amis (quakers).</dbpedia-owl:abstract>
    <dbpedia-owl:abstract xml:lang="pl">Edward Hicks − amerykański malarz, reprezentant sztuki naiwnej. Mieszkał w Pensylwanii, w młodości zajmował się zawodowo malowaniem powozów i szyldów. Przez długie lata działał jako protestancki kaznodzieja, stąd częstym motywem jego prac były sceny biblijne. Malował także pejzaże stron rodzinnych oraz sceny historyczne.</dbpedia-owl:abstract>
    <dbpedia-owl:abstract xml:lang="sv">Edward Hicks, född 4 april 1780 i Bucks County, Pennsylvania, död 23 augusti 1849, var en amerikansk målare och kväkare.</dbpedia-owl:abstract>
    <dbpedia-owl:abstract xml:lang="en">Edward Hicks (April 4, 1780 – August 23, 1849) was an American folk painter and distinguished minister of the Society of Friends. He became a Quaker icon because of his paintings.</dbpedia-owl:abstract>
    <dbpedia-owl:birthDate rdf:datatype="http://www.w3.org/2001/XMLSchema#date">1780-04-04</dbpedia-owl:birthDate>
    <dbpedia-owl:deathDate rdf:datatype="http://www.w3.org/2001/XMLSchema#date">1849-08-23</dbpedia-owl:deathDate>
    <dbpedia-owl:wikiPageID rdf:datatype="http://www.w3.org/2001/XMLSchema#integer">1445354</dbpedia-owl:wikiPageID>
    <dbpedia-owl:wikiPageRevisionID rdf:datatype="http://www.w3.org/2001/XMLSchema#integer">540408645</dbpedia-owl:wikiPageRevisionID>
    <rdfs:label xml:lang="ja">エドワード・ヒックス</rdfs:label>
    <rdfs:label xml:lang="sv">Edward Hicks</rdfs:label>
    <rdfs:label xml:lang="es">Edward Hicks</rdfs:label>
    <rdfs:label xml:lang="fr">Edward Hicks</rdfs:label>
    <rdfs:label xml:lang="en">Edward Hicks</rdfs:label>
    <rdfs:label xml:lang="pl">Edward Hicks</rdfs:label>
    <foaf:depiction rdf:resource="http://upload.wikimedia.org/wikipedia/commons/6/62/Edward_Hicks_-_Peaceable_Kingdom.jpg" />
    <rdfs:comment xml:lang="sv">Edward Hicks, född 4 april 1780 i Bucks County, Pennsylvania, död 23 augusti 1849, var en amerikansk målare och kväkare.</rdfs:comment>
    <rdfs:comment xml:lang="pl">Edward Hicks − amerykański malarz, reprezentant sztuki naiwnej. Mieszkał w Pensylwanii, w młodości zajmował się zawodowo malowaniem powozów i szyldów. Przez długie lata działał jako protestancki kaznodzieja, stąd częstym motywem jego prac były sceny biblijne. Malował także pejzaże stron rodzinnych oraz sceny historyczne.</rdfs:comment>
    <rdfs:comment xml:lang="ja">エドワード・ヒックス（Edward Hicks、1780年4月4日 - 1849年8月23日）は、アメリカのフォーク・アート画家、敬虔なクエーカー教徒（キリスト友会のメンバー）。</rdfs:comment>
    <rdfs:comment xml:lang="fr">Edward Hicks est un peintre américain naïf et primitif, membre de la Société religieuse des Amis (quakers).</rdfs:comment>
    <rdfs:comment xml:lang="en">Edward Hicks (April 4, 1780 – August 23, 1849) was an American folk painter and distinguished minister of the Society of Friends. He became a Quaker icon because of his paintings.</rdfs:comment>
    <rdfs:comment xml:lang="es">Edward Hicks fue un pintor folclórico estadounidense, un distinguido ministro cristiano de la Sociedad de Amigos, y también se convirtió en un ícono de los cuáqueros a causa de sus pinturas.</rdfs:comment>
    <foaf:name xml:lang="en">Edward Hicks</foaf:name>
    <dbpedia-owl:thumbnail rdf:resource="http://upload.wikimedia.org/wikipedia/commons/thumb/6/62/Edward_Hicks_-_Peaceable_Kingdom.jpg/200px-Edward_Hicks_-_Peaceable_Kingdom.jpg" />
    <dbpedia-owl:wikiPageExternalLink rdf:resource="http://www.nga.gov/cgi-bin/psearch?Request=S&amp;imageset=1&amp;Person=14800" />
    <dbpedia-owl:wikiPageExternalLink rdf:resource="http://www.newarkmuseum.org/americanart/html/tour/galleries/country_portraits.htm" />
    <dbpedia-owl:wikiPageExternalLink rdf:resource="http://www.worcesterart.org/Collection/American/1934.65.html" />
    <dbpedia-owl:wikiPageExternalLink rdf:resource="http://www.history.org/History/museums/abby_art.cfm." />
    <dbpedia-owl:wikiPageExternalLink rdf:resource="http://www.philamuseum.org/collections/american_art/1950-92-7.shtml" />
    <dbpedia-owl:wikiPageExternalLink rdf:resource="http://www.reynoldahouse.org" />
    <dbpedia-owl:wikiPageExternalLink rdf:resource="http://www.folkartmuseum.org" />
    <dbpprop:dateOfBirth rdf:datatype="http://www.w3.org/2001/XMLSchema#date">1780-04-04</dbpprop:dateOfBirth>
    <dbpprop:dateOfDeath rdf:datatype="http://www.w3.org/2001/XMLSchema#date">1849-08-23</dbpprop:dateOfDeath>
    <dbpprop:name xml:lang="en">Hicks, Edward</dbpprop:name>
    <dbpprop:shortDescription xml:lang="en">American artist</dbpprop:shortDescription>
    <foaf:givenName xml:lang="en">Edward</foaf:givenName>
    <foaf:isPrimaryTopicOf rdf:resource="http://en.wikipedia.org/wiki/Edward_Hicks" />
    <dc:description xml:lang="en">American artist</dc:description>
    <ns8:wasDerivedFrom rdf:resource="http://en.wikipedia.org/wiki/Edward_Hicks?oldid=540408645" />
    <dbpprop:hasPhotoCollection rdf:resource="http://wifo5-03.informatik.uni-mannheim.de/flickrwrappr/photos/Edward_Hicks" />
    <foaf:surname xml:lang="en">Hicks</foaf:surname>
  </rdf:Description>
  <rdf:Description rdf:about="http://fr.dbpedia.org/resource/Edward_Hicks">
    <owl:sameAs rdf:resource="http://dbpedia.org/resource/Edward_Hicks" />
  </rdf:Description>
  <rdf:Description rdf:about="http://ja.dbpedia.org/resource/エドワード・ヒックス">
    <owl:sameAs rdf:resource="http://dbpedia.org/resource/Edward_Hicks" />
  </rdf:Description>
  <rdf:Description rdf:about="http://dbpedia.org/resource/Hicks,_Edward">
    <dbpedia-owl:wikiPageRedirects rdf:resource="http://dbpedia.org/resource/Edward_Hicks" />
  </rdf:Description>
  <rdf:Description rdf:about="http://dbpedia.org/resource/Martin_Johnson_Heade">
    <dbpedia-owl:influencedBy rdf:resource="http://dbpedia.org/resource/Edward_Hicks" />
    <dbpprop:influencedBy rdf:resource="http://dbpedia.org/resource/Edward_Hicks" />
  </rdf:Description>
  <rdf:Description rdf:about="http://dbpedia.org/resource/The_Cornell_Farm">
    <dbpedia-owl:author rdf:resource="http://dbpedia.org/resource/Edward_Hicks" />
    <dbpprop:artist rdf:resource="http://dbpedia.org/resource/Edward_Hicks" />
  </rdf:Description>
  <rdf:Description rdf:about="http://wikidata.dbpedia.org/resource/Q2723190">
    <owl:sameAs rdf:resource="http://dbpedia.org/resource/Edward_Hicks" />
  </rdf:Description>
  <rdf:Description rdf:about="http://eo.dbpedia.org/resource/Edward_Hicks">
    <owl:sameAs rdf:resource="http://dbpedia.org/resource/Edward_Hicks" />
  </rdf:Description>
  <rdf:Description rdf:about="http://fi.dbpedia.org/resource/Edward_Hicks">
    <owl:sameAs rdf:resource="http://dbpedia.org/resource/Edward_Hicks" />
  </rdf:Description>
  <rdf:Description rdf:about="http://nn.dbpedia.org/resource/Edward_Hicks">
    <owl:sameAs rdf:resource="http://dbpedia.org/resource/Edward_Hicks" />
  </rdf:Description>
  <rdf:Description rdf:about="http://no.dbpedia.org/resource/Edward_Hicks">
    <owl:sameAs rdf:resource="http://dbpedia.org/resource/Edward_Hicks" />
  </rdf:Description>
  <rdf:Description rdf:about="http://sv.dbpedia.org/resource/Edward_Hicks">
    <owl:sameAs rdf:resource="http://dbpedia.org/resource/Edward_Hicks" />
  </rdf:Description>
  <rdf:Description rdf:about="http://tr.dbpedia.org/resource/Edward_Hicks">
    <owl:sameAs rdf:resource="http://dbpedia.org/resource/Edward_Hicks" />
  </rdf:Description>
</rdf:RDF>
