<?xml version="1.0" encoding="utf-8" ?>
<rdf:RDF
	xmlns:rdf="http://www.w3.org/1999/02/22-rdf-syntax-ns#"
	xmlns:rdfs="http://www.w3.org/2000/01/rdf-schema#"
	xmlns:owl="http://www.w3.org/2002/07/owl#"
	xmlns:dcterms="http://purl.org/dc/terms/"
	xmlns:dbpedia-owl="http://dbpedia.org/ontology/"
	xmlns:foaf="http://xmlns.com/foaf/0.1/"
	xmlns:dbpprop="http://dbpedia.org/property/"
	xmlns:dc="http://purl.org/dc/elements/1.1/"
	xmlns:ns8="http://www.w3.org/ns/prov#" >
  <rdf:Description rdf:about="http://es.dbpedia.org/resource/Francesco_Guardi">
    <owl:sameAs rdf:resource="http://dbpedia.org/resource/Francesco_Guardi" />
  </rdf:Description>
  <rdf:Description rdf:about="http://ru.dbpedia.org/resource/Гварди,_Франческо">
    <owl:sameAs rdf:resource="http://dbpedia.org/resource/Francesco_Guardi" />
  </rdf:Description>
  <rdf:Description rdf:about="http://dbpedia.org/resource/Guardi">
    <dbpedia-owl:wikiPageRedirects rdf:resource="http://dbpedia.org/resource/Francesco_Guardi" />
  </rdf:Description>
  <rdf:Description rdf:about="http://it.dbpedia.org/resource/Francesco_Guardi">
    <owl:sameAs rdf:resource="http://dbpedia.org/resource/Francesco_Guardi" />
  </rdf:Description>
  <rdf:Description rdf:about="http://pt.dbpedia.org/resource/Francesco_Guardi">
    <owl:sameAs rdf:resource="http://dbpedia.org/resource/Francesco_Guardi" />
  </rdf:Description>
  <rdf:Description rdf:about="http://cs.dbpedia.org/resource/Francesco_Guardi">
    <owl:sameAs rdf:resource="http://dbpedia.org/resource/Francesco_Guardi" />
  </rdf:Description>
  <rdf:Description rdf:about="http://pl.dbpedia.org/resource/Francesco_Guardi">
    <owl:sameAs rdf:resource="http://dbpedia.org/resource/Francesco_Guardi" />
  </rdf:Description>
  <rdf:Description rdf:about="http://de.dbpedia.org/resource/Francesco_Guardi">
    <owl:sameAs rdf:resource="http://dbpedia.org/resource/Francesco_Guardi" />
  </rdf:Description>
  <rdf:Description rdf:about="http://fr.dbpedia.org/resource/Francesco_Guardi">
    <owl:sameAs rdf:resource="http://dbpedia.org/resource/Francesco_Guardi" />
  </rdf:Description>
  <rdf:Description rdf:about="http://dbpedia.org/resource/The_Doge_on_the_Bucintoro_near_the_Riva_di_Sant&#39;Elena_(painting)">
    <dbpedia-owl:author rdf:resource="http://dbpedia.org/resource/Francesco_Guardi" />
    <dbpprop:artist rdf:resource="http://dbpedia.org/resource/Francesco_Guardi" />
  </rdf:Description>
  <rdf:Description rdf:about="http://dbpedia.org/resource/Francesco_Guardi">
    <rdf:type rdf:resource="http://www.w3.org/2002/07/owl#Thing" />
    <rdf:type rdf:resource="http://dbpedia.org/class/yago/Painter110391653" />
    <rdf:type rdf:resource="http://dbpedia.org/class/yago/PeopleFromVenice(city)" />
    <rdf:type rdf:resource="http://schema.org/Person" />
    <rdf:type rdf:resource="http://dbpedia.org/class/yago/CausalAgent100007347" />
    <rdf:type rdf:resource="http://dbpedia.org/class/yago/Organism100004475" />
    <rdf:type rdf:resource="http://dbpedia.org/class/yago/YagoLegalActor" />
    <rdf:type rdf:resource="http://dbpedia.org/class/yago/Creator109614315" />
    <rdf:type rdf:resource="http://dbpedia.org/class/yago/PhysicalEntity100001930" />
    <rdf:type rdf:resource="http://dbpedia.org/class/yago/YagoLegalActorGeo" />
    <rdf:type rdf:resource="http://dbpedia.org/class/yago/LandscapeArtists" />
    <rdf:type rdf:resource="http://dbpedia.org/class/yago/VenetianPainters" />
    <rdf:type rdf:resource="http://dbpedia.org/ontology/Person" />
    <rdf:type rdf:resource="http://dbpedia.org/class/yago/Person100007846" />
    <rdf:type rdf:resource="http://dbpedia.org/ontology/Artist" />
    <rdf:type rdf:resource="http://dbpedia.org/ontology/Agent" />
    <rdf:type rdf:resource="http://dbpedia.org/class/yago/Artist109812338" />
    <rdf:type rdf:resource="http://xmlns.com/foaf/0.1/Person" />
    <rdf:type rdf:resource="http://dbpedia.org/class/yago/ItalianPainters" />
    <rdf:type rdf:resource="http://dbpedia.org/class/yago/LivingThing100004258" />
    <rdf:type rdf:resource="http://dbpedia.org/class/yago/Whole100003553" />
    <rdf:type rdf:resource="http://dbpedia.org/class/yago/Object100002684" />
    <owl:sameAs rdf:resource="http://www.wikidata.org/entity/Q318769" />
    <owl:sameAs rdf:resource="http://hu.dbpedia.org/resource/Francesco_Guardi" />
    <owl:sameAs rdf:resource="http://sh.dbpedia.org/resource/Francesco_Guardi" />
    <owl:sameAs rdf:resource="http://es.dbpedia.org/resource/Francesco_Guardi" />
    <owl:sameAs rdf:resource="http://pt.dbpedia.org/resource/Francesco_Guardi" />
    <owl:sameAs rdf:resource="http://yago-knowledge.org/resource/Francesco_Guardi" />
    <owl:sameAs rdf:resource="http://pl.dbpedia.org/resource/Francesco_Guardi" />
    <owl:sameAs rdf:resource="http://ro.dbpedia.org/resource/Francesco_Guardi" />
    <owl:sameAs rdf:resource="http://hr.dbpedia.org/resource/Francesco_Guardi" />
    <owl:sameAs rdf:resource="http://no.dbpedia.org/resource/Francesco_Guardi" />
    <owl:sameAs rdf:resource="http://he.dbpedia.org/resource/פרנצ&#39;סקו_גוארדי" />
    <owl:sameAs rdf:resource="http://uk.dbpedia.org/resource/Франческо_Гварді" />
    <owl:sameAs rdf:resource="http://ru.dbpedia.org/resource/Гварди,_Франческо" />
    <owl:sameAs rdf:resource="http://eu.dbpedia.org/resource/Francesco_Guardi" />
    <owl:sameAs rdf:resource="http://rdf.freebase.com/ns/m.03hhjy" />
    <owl:sameAs rdf:resource="http://ca.dbpedia.org/resource/Francesco_Guardi" />
    <owl:sameAs rdf:resource="http://nn.dbpedia.org/resource/Francesco_Guardi" />
    <owl:sameAs rdf:resource="http://fr.dbpedia.org/resource/Francesco_Guardi" />
    <owl:sameAs rdf:resource="http://it.dbpedia.org/resource/Francesco_Guardi" />
    <owl:sameAs rdf:resource="http://da.dbpedia.org/resource/Francesco_Guardi" />
    <owl:sameAs rdf:resource="http://nl.dbpedia.org/resource/Francesco_Guardi" />
    <owl:sameAs rdf:resource="http://lt.dbpedia.org/resource/Francesco_Guardi" />
    <owl:sameAs rdf:resource="http://be.dbpedia.org/resource/Франчэска_Гвардзі" />
    <owl:sameAs rdf:resource="http://dbpedia.org/resource/Francesco_Guardi" />
    <owl:sameAs rdf:resource="http://de.dbpedia.org/resource/Francesco_Guardi" />
    <owl:sameAs rdf:resource="http://cs.dbpedia.org/resource/Francesco_Guardi" />
    <owl:sameAs rdf:resource="http://sv.dbpedia.org/resource/Francesco_Guardi" />
    <dcterms:subject rdf:resource="http://dbpedia.org/resource/Category:Landscape_artists" />
    <dcterms:subject rdf:resource="http://dbpedia.org/resource/Category:1712_births" />
    <dcterms:subject rdf:resource="http://dbpedia.org/resource/Category:Italian_painters" />
    <dcterms:subject rdf:resource="http://dbpedia.org/resource/Category:Italian_vedutisti" />
    <dcterms:subject rdf:resource="http://dbpedia.org/resource/Category:1793_deaths" />
    <dcterms:subject rdf:resource="http://dbpedia.org/resource/Category:People_from_Venice_(city)" />
    <dcterms:subject rdf:resource="http://dbpedia.org/resource/Category:Venetian_painters" />
    <dbpedia-owl:abstract xml:lang="nl">Francesco Lazzaro Guardi was een Italiaanse schilder van veduta en representant van de Venetiaanse School. Hij en zijn broers Niccolò en Giovanni Antonio worden beschouwd als laatste vertegenwoordigers van de klassieke Venetiaanse school binnen de schilderkunst.</dbpedia-owl:abstract>
    <dbpedia-owl:abstract xml:lang="sv">Francesco Guardi, född i oktober 1712 i Venedig, Italien, död där i januari 1793, var en italiensk målare, främst verksam inom vedutamåleriet.</dbpedia-owl:abstract>
    <dbpedia-owl:abstract xml:lang="ru">Франче́ско Гва́рди — итальянский художник, видный представитель венецианской школы ведутистов.</dbpedia-owl:abstract>
    <dbpedia-owl:abstract xml:lang="pl">Francesco Lazzaro Guardi – wenecki malarz rokokowy, uważany za jednego z ostatnich klasycznych malarzy szkoły weneckiej. Był bratem malarza wedut Giovanniego Antonia Guardi. Guardi, podobnie jak jego dwaj bracia, malował architekturę i pejzaże Wenecji. Specjalizował się w tworzeniu wedut, czyli rozległych panoram miejskich. Jego prace charakteryzuje topograficzna dokładność i perfekcyjne posługiwanie się światłem i kolorem.</dbpedia-owl:abstract>
    <dbpedia-owl:abstract xml:lang="es">Francesco Lazzaro Guardi fue un pintor de vedute (pintura de paisajes) veneciano. Está considerado entre los últimos practicantes, junto con sus hermanos, de la clásica escuela de pintura veneciana. Su pintura se caracteriza por colores expresivos y contornos esfumados.</dbpedia-owl:abstract>
    <dbpedia-owl:abstract xml:lang="it">L&#39;artista, al contrario del Canaletto, non mira, nelle sue pitture, a risultati di nitida percezione, ma propone un&#39;interpretazione del dato reale soggettiva ed evocativa, realizzando immagini di città evanescenti e irreali; raggiungendo a volte una sensibilità definibile pre-romantica, grazie allo sfaldamento delle forme e a malinconiche penombre.</dbpedia-owl:abstract>
    <dbpedia-owl:abstract xml:lang="fr">Francesco Guardi était un peintre italien du XVIII siècle. Il est considéré, avec Canaletto et Bellotto, comme l&#39;un des représentants les plus significatifs du « védutisme » italien (ou peinture de paysages urbains).</dbpedia-owl:abstract>
    <dbpedia-owl:abstract xml:lang="de">Francesco Guardi war ein italienischer Veduten- und Landschaftsmaler des Rokoko. Francesco Guardi war ein Sohn des norditalienischen Barockmalers Domenico Guardi (1678-1716) aus dem Trentino und der Maria Claudia Pichler. Seine Brüder waren Giovanni Antonio Guardi (1699–1760) und Nicolò Guardi, seine Schwester Cecilia Guardi heiratete Giovanni Battista Tiepolo (1696–1770), der 1756 Vorsitzender der Akademie wurde. Francesco Guardi war dort seit 1747 Mitglied. Er bildete seinen Sohn Jacopo wiederum zum Maler aus. Bis zum Tod seines Bruders Antonio 1760 arbeitete Francesco in der Malerwerkstatt der Familie, in der auch der jüngere Bruder Nicolò tätig war. Er malte zu Beginn seiner Karriere zunächst Altarbilder, als Schüler und Nachfolger von Canaletto konzentrierte er sich aber, nachdem dieser die Stadt verlassen hatte, auf Veduten. Er wählte zunächst die gleichen Motive, vor allem Venezianische Ansichten, die Canaletto schon oft und mit großem Erfolg gemalt hatte. Allerdings unterscheiden sich seine Bilder von denen des späten Canaletto durch meist lebhafte Licht- und Schatteneffekte, eine dramatisch gesteigerte, freier und impulsiv erscheinende Malweise mit teils pastosem Farbauftrag, der impressionistische Malerei - auch im Gefühl für Licht und Farbigkeit – vorwegzunehmen scheint. Guardi hielt sich, anders als Canaletto, zu Gunsten einer malerischen Wirkung weniger genau an topographische Gegebenheiten. Einige seiner Bilder sind Capriccios, malerische Zusammenstellung von sowohl existierenden als auch erfundenen Architekturen und Landschaften. Guardi erhielt Aufträge von privaten Mäzenen und durch die Republik Venedig, so den Zyklus der zwölf Feste für den Dogen Alvise IV. Mocenigo. 1782 dokumentierte er in vier Gemälden den Besuch von Papst Pius VI. in Venedig. Anlässlich des Besuchs des russischen Großfürstenpaares in der Stadt malte er die Festlichkeiten, die zu deren Ehren veranstaltet wurden. Bilder wie diese sind heute wertvolle kunsthistorische Zeugnisse über Leben und Alltag aber auch Feste im Venedig des 18. Jahrhunderts. Von Guardi gibt es außer den Veduten und den Bildern venezianischer Feste eine große Zahl von Genreszenen, wie den Sprechsaal der Nonnen von San Zaccaria, die ein lebhaftes und farbiges Bild der Moden, Sitten und Gebräuche der venezianischen Aristokratie überliefern. Seine Bilder haben eine klare, gleichmäßige Beleuchtung und zeichnen sich durch ihre stimmungsvolle Atmosphäre aus. Sie sind in der Farbe kräftiger und reicher als die seines Lehrers, aber weniger detailliert in der Zeichnung. Trotz solcher Unterschiede wurden seine Bilder immer wieder seinem berühmteren Lehrer zugeschrieben.</dbpedia-owl:abstract>
    <dbpedia-owl:abstract xml:lang="pt">Francesco Lazzaro Guardi foi um pintor veneziano e um dos maiores paisagistas do período Rococó.</dbpedia-owl:abstract>
    <dbpedia-owl:abstract xml:lang="en">Francesco Lazzaro Guardi (October 5, 1712 – January 1, 1793) was a Venetian painter of veduta, a member of the Venetian School. He is considered to be among the last practitioners, along with his brothers, of the classic Venetian school of painting.</dbpedia-owl:abstract>
    <dbpedia-owl:birthDate rdf:datatype="http://www.w3.org/2001/XMLSchema#date">1712-10-05</dbpedia-owl:birthDate>
    <dbpedia-owl:birthPlace rdf:resource="http://dbpedia.org/resource/Venice" />
    <dbpedia-owl:deathDate rdf:datatype="http://www.w3.org/2001/XMLSchema#date">1793-01-01</dbpedia-owl:deathDate>
    <dbpedia-owl:field rdf:resource="http://dbpedia.org/resource/Painting" />
    <dbpedia-owl:influenced rdf:resource="http://dbpedia.org/resource/Francesco_Simonini" />
    <dbpedia-owl:influenced rdf:resource="http://dbpedia.org/resource/Francesco_Giuseppe_Casanova" />
    <dbpedia-owl:movement rdf:resource="http://dbpedia.org/resource/Venetian_school_(art)" />
    <dbpedia-owl:wikiPageID rdf:datatype="http://www.w3.org/2001/XMLSchema#integer">854569</dbpedia-owl:wikiPageID>
    <dbpedia-owl:wikiPageRevisionID rdf:datatype="http://www.w3.org/2001/XMLSchema#integer">543816359</dbpedia-owl:wikiPageRevisionID>
    <rdfs:label xml:lang="it">Francesco Guardi</rdfs:label>
    <rdfs:label xml:lang="pl">Francesco Guardi</rdfs:label>
    <rdfs:label xml:lang="sv">Francesco Guardi</rdfs:label>
    <rdfs:label xml:lang="en">Francesco Guardi</rdfs:label>
    <rdfs:label xml:lang="de">Francesco Guardi</rdfs:label>
    <rdfs:label xml:lang="fr">Francesco Guardi</rdfs:label>
    <rdfs:label xml:lang="nl">Francesco Guardi</rdfs:label>
    <rdfs:label xml:lang="ru">Гварди, Франческо</rdfs:label>
    <rdfs:label xml:lang="es">Francesco Guardi</rdfs:label>
    <rdfs:label xml:lang="pt">Francesco Guardi</rdfs:label>
    <foaf:depiction rdf:resource="http://upload.wikimedia.org/wikipedia/commons/a/a4/Pietro_Longhi_055.jpg" />
    <rdfs:comment xml:lang="de">Francesco Guardi war ein italienischer Veduten- und Landschaftsmaler des Rokoko. Francesco Guardi war ein Sohn des norditalienischen Barockmalers Domenico Guardi (1678-1716) aus dem Trentino und der Maria Claudia Pichler. Seine Brüder waren Giovanni Antonio Guardi (1699–1760) und Nicolò Guardi, seine Schwester Cecilia Guardi heiratete Giovanni Battista Tiepolo (1696–1770), der 1756 Vorsitzender der Akademie wurde. Francesco Guardi war dort seit 1747 Mitglied.</rdfs:comment>
    <rdfs:comment xml:lang="nl">Francesco Lazzaro Guardi was een Italiaanse schilder van veduta en representant van de Venetiaanse School. Hij en zijn broers Niccolò en Giovanni Antonio worden beschouwd als laatste vertegenwoordigers van de klassieke Venetiaanse school binnen de schilderkunst.</rdfs:comment>
    <rdfs:comment xml:lang="it">L&#39;artista, al contrario del Canaletto, non mira, nelle sue pitture, a risultati di nitida percezione, ma propone un&#39;interpretazione del dato reale soggettiva ed evocativa, realizzando immagini di città evanescenti e irreali; raggiungendo a volte una sensibilità definibile pre-romantica, grazie allo sfaldamento delle forme e a malinconiche penombre.</rdfs:comment>
    <rdfs:comment xml:lang="es">Francesco Lazzaro Guardi fue un pintor de vedute (pintura de paisajes) veneciano. Está considerado entre los últimos practicantes, junto con sus hermanos, de la clásica escuela de pintura veneciana. Su pintura se caracteriza por colores expresivos y contornos esfumados.</rdfs:comment>
    <rdfs:comment xml:lang="pt">Francesco Lazzaro Guardi foi um pintor veneziano e um dos maiores paisagistas do período Rococó.</rdfs:comment>
    <rdfs:comment xml:lang="sv">Francesco Guardi, född i oktober 1712 i Venedig, Italien, död där i januari 1793, var en italiensk målare, främst verksam inom vedutamåleriet.</rdfs:comment>
    <rdfs:comment xml:lang="pl">Francesco Lazzaro Guardi – wenecki malarz rokokowy, uważany za jednego z ostatnich klasycznych malarzy szkoły weneckiej. Był bratem malarza wedut Giovanniego Antonia Guardi. Guardi, podobnie jak jego dwaj bracia, malował architekturę i pejzaże Wenecji. Specjalizował się w tworzeniu wedut, czyli rozległych panoram miejskich. Jego prace charakteryzuje topograficzna dokładność i perfekcyjne posługiwanie się światłem i kolorem.</rdfs:comment>
    <rdfs:comment xml:lang="fr">Francesco Guardi était un peintre italien du XVIII siècle. Il est considéré, avec Canaletto et Bellotto, comme l&#39;un des représentants les plus significatifs du « védutisme » italien (ou peinture de paysages urbains).</rdfs:comment>
    <rdfs:comment xml:lang="en">Francesco Lazzaro Guardi (October 5, 1712 – January 1, 1793) was a Venetian painter of veduta, a member of the Venetian School. He is considered to be among the last practitioners, along with his brothers, of the classic Venetian school of painting.</rdfs:comment>
    <rdfs:comment xml:lang="ru">Франче́ско Гва́рди — итальянский художник, видный представитель венецианской школы ведутистов.</rdfs:comment>
    <foaf:name xml:lang="en">Francesco Guardi</foaf:name>
    <dbpedia-owl:thumbnail rdf:resource="http://upload.wikimedia.org/wikipedia/commons/thumb/a/a4/Pietro_Longhi_055.jpg/200px-Pietro_Longhi_055.jpg" />
    <dbpedia-owl:wikiPageExternalLink rdf:resource="http://libmma.contentdm.oclc.org/cdm/compoundobject/collection/p15324coll10/id/49680" />
    <dbpedia-owl:wikiPageExternalLink rdf:resource="http://wallacelive.wallacecollection.org/eMuseumPlus?service=RedirectService&amp;sp=Scollection&amp;sp=SfieldValue&amp;sp=0&amp;sp=2&amp;sp=2&amp;sp=Slightbox_3x4&amp;sp=0&amp;sp=Sdetail&amp;sp=0&amp;sp=F" />
    <dbpedia-owl:wikiPageExternalLink rdf:resource="http://www.wga.hu/frames-e.html?/bio/g/guardi/francesc/biograph.html" />
    <dbpprop:bgcolour xml:lang="en">#6495ED</dbpprop:bgcolour>
    <dbpprop:birthDate rdf:datatype="http://www.w3.org/2001/XMLSchema#date">1712-10-05</dbpprop:birthDate>
    <dbpprop:birthPlace rdf:resource="http://dbpedia.org/resource/Venice" />
    <dbpprop:caption xml:lang="en">Francesco Guardi portrayed by Roberto Longhi</dbpprop:caption>
    <dbpprop:dateOfBirth rdf:datatype="http://www.w3.org/2001/XMLSchema#date">1712-10-05</dbpprop:dateOfBirth>
    <dbpprop:dateOfDeath rdf:datatype="http://www.w3.org/2001/XMLSchema#date">1793-01-01</dbpprop:dateOfDeath>
    <dbpprop:deathDate rdf:datatype="http://www.w3.org/2001/XMLSchema#date">1793-01-01</dbpprop:deathDate>
    <dbpprop:deathPlace xml:lang="en">Venice</dbpprop:deathPlace>
    <dbpprop:field rdf:resource="http://dbpedia.org/resource/Painting" />
    <dbpprop:imagesize rdf:datatype="http://www.w3.org/2001/XMLSchema#integer">200</dbpprop:imagesize>
    <dbpprop:influenced rdf:resource="http://dbpedia.org/resource/Francesco_Giuseppe_Casanova" />
    <dbpprop:influenced rdf:resource="http://dbpedia.org/resource/Francesco_Simonini" />
    <dbpprop:movement rdf:resource="http://dbpedia.org/resource/Venetian_school_(art)" />
    <dbpprop:name xml:lang="en">Francesco Guardi</dbpprop:name>
    <dbpprop:name xml:lang="en">Guardi, Francesco</dbpprop:name>
    <dbpprop:nationality xml:lang="en">Italian</dbpprop:nationality>
    <dbpprop:placeOfBirth rdf:resource="http://dbpedia.org/resource/Venice" />
    <dbpprop:shortDescription xml:lang="en">Italian painter</dbpprop:shortDescription>
    <foaf:givenName xml:lang="en">Francesco</foaf:givenName>
    <foaf:isPrimaryTopicOf rdf:resource="http://en.wikipedia.org/wiki/Francesco_Guardi" />
    <dc:description xml:lang="en">Italian painter</dc:description>
    <ns8:wasDerivedFrom rdf:resource="http://en.wikipedia.org/wiki/Francesco_Guardi?oldid=543816359" />
    <dbpprop:hasPhotoCollection rdf:resource="http://wifo5-03.informatik.uni-mannheim.de/flickrwrappr/photos/Francesco_Guardi" />
    <foaf:surname xml:lang="en">Guardi</foaf:surname>
  </rdf:Description>
  <rdf:Description rdf:about="http://dbpedia.org/resource/8124_Guardi">
    <dbpprop:namedAfter rdf:resource="http://dbpedia.org/resource/Francesco_Guardi" />
  </rdf:Description>
  <rdf:Description rdf:about="http://dbpedia.org/resource/Francesco">
    <dbpedia-owl:wikiPageDisambiguates rdf:resource="http://dbpedia.org/resource/Francesco_Guardi" />
  </rdf:Description>
  <rdf:Description rdf:about="http://en.wikipedia.org/wiki/Francesco_Guardi">
    <foaf:primaryTopic rdf:resource="http://dbpedia.org/resource/Francesco_Guardi" />
  </rdf:Description>
  <rdf:Description rdf:about="http://nl.dbpedia.org/resource/Francesco_Guardi">
    <owl:sameAs rdf:resource="http://dbpedia.org/resource/Francesco_Guardi" />
  </rdf:Description>
  <rdf:Description rdf:about="http://eu.dbpedia.org/resource/Francesco_Guardi">
    <owl:sameAs rdf:resource="http://dbpedia.org/resource/Francesco_Guardi" />
  </rdf:Description>
  <rdf:Description rdf:about="http://wikidata.dbpedia.org/resource/Q318769">
    <owl:sameAs rdf:resource="http://dbpedia.org/resource/Francesco_Guardi" />
  </rdf:Description>
  <rdf:Description rdf:about="http://be.dbpedia.org/resource/Франчэска_Гвардзі">
    <owl:sameAs rdf:resource="http://dbpedia.org/resource/Francesco_Guardi" />
  </rdf:Description>
  <rdf:Description rdf:about="http://ca.dbpedia.org/resource/Francesco_Guardi">
    <owl:sameAs rdf:resource="http://dbpedia.org/resource/Francesco_Guardi" />
  </rdf:Description>
  <rdf:Description rdf:about="http://da.dbpedia.org/resource/Francesco_Guardi">
    <owl:sameAs rdf:resource="http://dbpedia.org/resource/Francesco_Guardi" />
  </rdf:Description>
  <rdf:Description rdf:about="http://he.dbpedia.org/resource/פרנצ&#39;סקו_גוארדי">
    <owl:sameAs rdf:resource="http://dbpedia.org/resource/Francesco_Guardi" />
  </rdf:Description>
  <rdf:Description rdf:about="http://hr.dbpedia.org/resource/Francesco_Guardi">
    <owl:sameAs rdf:resource="http://dbpedia.org/resource/Francesco_Guardi" />
  </rdf:Description>
  <rdf:Description rdf:about="http://hu.dbpedia.org/resource/Francesco_Guardi">
    <owl:sameAs rdf:resource="http://dbpedia.org/resource/Francesco_Guardi" />
  </rdf:Description>
  <rdf:Description rdf:about="http://lt.dbpedia.org/resource/Francesco_Guardi">
    <owl:sameAs rdf:resource="http://dbpedia.org/resource/Francesco_Guardi" />
  </rdf:Description>
  <rdf:Description rdf:about="http://nn.dbpedia.org/resource/Francesco_Guardi">
    <owl:sameAs rdf:resource="http://dbpedia.org/resource/Francesco_Guardi" />
  </rdf:Description>
  <rdf:Description rdf:about="http://no.dbpedia.org/resource/Francesco_Guardi">
    <owl:sameAs rdf:resource="http://dbpedia.org/resource/Francesco_Guardi" />
  </rdf:Description>
  <rdf:Description rdf:about="http://ro.dbpedia.org/resource/Francesco_Guardi">
    <owl:sameAs rdf:resource="http://dbpedia.org/resource/Francesco_Guardi" />
  </rdf:Description>
  <rdf:Description rdf:about="http://sh.dbpedia.org/resource/Francesco_Guardi">
    <owl:sameAs rdf:resource="http://dbpedia.org/resource/Francesco_Guardi" />
  </rdf:Description>
  <rdf:Description rdf:about="http://sv.dbpedia.org/resource/Francesco_Guardi">
    <owl:sameAs rdf:resource="http://dbpedia.org/resource/Francesco_Guardi" />
  </rdf:Description>
  <rdf:Description rdf:about="http://uk.dbpedia.org/resource/Франческо_Гварді">
    <owl:sameAs rdf:resource="http://dbpedia.org/resource/Francesco_Guardi" />
  </rdf:Description>
</rdf:RDF>
