<?xml version="1.0" encoding="utf-8" ?>
<rdf:RDF
	xmlns:rdf="http://www.w3.org/1999/02/22-rdf-syntax-ns#"
	xmlns:rdfs="http://www.w3.org/2000/01/rdf-schema#"
	xmlns:owl="http://www.w3.org/2002/07/owl#"
	xmlns:dcterms="http://purl.org/dc/terms/"
	xmlns:dbpedia-owl="http://dbpedia.org/ontology/"
	xmlns:foaf="http://xmlns.com/foaf/0.1/"
	xmlns:dbpprop="http://dbpedia.org/property/"
	xmlns:dc="http://purl.org/dc/elements/1.1/"
	xmlns:ns8="http://www.w3.org/ns/prov#" >
  <rdf:Description rdf:about="http://dbpedia.org/resource/The_Heart_of_the_Andes">
    <dbpedia-owl:author rdf:resource="http://dbpedia.org/resource/Frederic_Edwin_Church" />
    <dbpprop:artist rdf:resource="http://dbpedia.org/resource/Frederic_Edwin_Church" />
  </rdf:Description>
  <rdf:Description rdf:about="http://dbpedia.org/resource/Thomas_Cole">
    <dbpedia-owl:influenced rdf:resource="http://dbpedia.org/resource/Frederic_Edwin_Church" />
  </rdf:Description>
  <rdf:Description rdf:about="http://es.dbpedia.org/resource/Frederic_Edwin_Church">
    <owl:sameAs rdf:resource="http://dbpedia.org/resource/Frederic_Edwin_Church" />
  </rdf:Description>
  <rdf:Description rdf:about="http://de.dbpedia.org/resource/Frederic_Edwin_Church">
    <owl:sameAs rdf:resource="http://dbpedia.org/resource/Frederic_Edwin_Church" />
  </rdf:Description>
  <rdf:Description rdf:about="http://fr.dbpedia.org/resource/Frederic_Edwin_Church">
    <owl:sameAs rdf:resource="http://dbpedia.org/resource/Frederic_Edwin_Church" />
  </rdf:Description>
  <rdf:Description rdf:about="http://it.dbpedia.org/resource/Frederic_Edwin_Church">
    <owl:sameAs rdf:resource="http://dbpedia.org/resource/Frederic_Edwin_Church" />
  </rdf:Description>
  <rdf:Description rdf:about="http://pt.dbpedia.org/resource/Frederic_Edwin_Church">
    <owl:sameAs rdf:resource="http://dbpedia.org/resource/Frederic_Edwin_Church" />
  </rdf:Description>
  <rdf:Description rdf:about="http://dbpedia.org/resource/Church,_Frederick_Edwin">
    <dbpedia-owl:wikiPageRedirects rdf:resource="http://dbpedia.org/resource/Frederic_Edwin_Church" />
  </rdf:Description>
  <rdf:Description rdf:about="http://dbpedia.org/resource/El_Rio_de_Luz">
    <dbpedia-owl:author rdf:resource="http://dbpedia.org/resource/Frederic_Edwin_Church" />
    <dbpprop:artist rdf:resource="http://dbpedia.org/resource/Frederic_Edwin_Church" />
  </rdf:Description>
  <rdf:Description rdf:about="http://dbpedia.org/resource/Frederic_Edwin_Church">
    <rdf:type rdf:resource="http://dbpedia.org/class/yago/PhysicalEntity100001930" />
    <rdf:type rdf:resource="http://dbpedia.org/class/yago/Person100007846" />
    <rdf:type rdf:resource="http://dbpedia.org/ontology/Person" />
    <rdf:type rdf:resource="http://dbpedia.org/class/yago/CausalAgent100007347" />
    <rdf:type rdf:resource="http://dbpedia.org/class/yago/Organism100004475" />
    <rdf:type rdf:resource="http://dbpedia.org/class/yago/YagoLegalActor" />
    <rdf:type rdf:resource="http://dbpedia.org/class/yago/Whole100003553" />
    <rdf:type rdf:resource="http://dbpedia.org/class/yago/Object100002684" />
    <rdf:type rdf:resource="http://dbpedia.org/class/yago/Artist109812338" />
    <rdf:type rdf:resource="http://dbpedia.org/class/yago/Creator109614315" />
    <rdf:type rdf:resource="http://dbpedia.org/class/yago/Painter110391653" />
    <rdf:type rdf:resource="http://dbpedia.org/class/yago/AmericanPainters" />
    <rdf:type rdf:resource="http://dbpedia.org/class/yago/YagoLegalActorGeo" />
    <rdf:type rdf:resource="http://dbpedia.org/class/yago/LivingThing100004258" />
    <rdf:type rdf:resource="http://xmlns.com/foaf/0.1/Person" />
    <rdf:type rdf:resource="http://dbpedia.org/class/yago/LandscapeArtists" />
    <rdf:type rdf:resource="http://schema.org/Person" />
    <rdf:type rdf:resource="http://www.w3.org/2002/07/owl#Thing" />
    <rdf:type rdf:resource="http://umbel.org/umbel/rc/Artist" />
    <rdf:type rdf:resource="http://umbel.org/umbel/rc/PersonWithOccupation" />
    <rdf:type rdf:resource="http://dbpedia.org/ontology/Artist" />
    <rdf:type rdf:resource="http://dbpedia.org/ontology/Agent" />
    <owl:sameAs rdf:resource="http://www.wikidata.org/entity/Q366212" />
    <owl:sameAs rdf:resource="http://yago-knowledge.org/resource/Frederic_Edwin_Church" />
    <owl:sameAs rdf:resource="http://pnb.dbpedia.org/resource/فریڈرک_چرچ" />
    <owl:sameAs rdf:resource="http://rdf.freebase.com/ns/m.01pkdk" />
    <owl:sameAs rdf:resource="http://fi.dbpedia.org/resource/Frederic_Edwin_Church" />
    <owl:sameAs rdf:resource="http://hu.dbpedia.org/resource/Frederic_Edwin_Church" />
    <owl:sameAs rdf:resource="http://it.dbpedia.org/resource/Frederic_Edwin_Church" />
    <owl:sameAs rdf:resource="http://nl.dbpedia.org/resource/Frederic_Edwin_Church" />
    <owl:sameAs rdf:resource="http://no.dbpedia.org/resource/Frederic_Church" />
    <owl:sameAs rdf:resource="http://de.dbpedia.org/resource/Frederic_Edwin_Church" />
    <owl:sameAs rdf:resource="http://nn.dbpedia.org/resource/Frederic_Church" />
    <owl:sameAs rdf:resource="http://ru.dbpedia.org/resource/Чёрч,_Фредерик_Эдвин" />
    <owl:sameAs rdf:resource="http://es.dbpedia.org/resource/Frederic_Edwin_Church" />
    <owl:sameAs rdf:resource="http://dbpedia.org/resource/Frederic_Edwin_Church" />
    <owl:sameAs rdf:resource="http://pl.dbpedia.org/resource/Frederic_Edwin_Church" />
    <owl:sameAs rdf:resource="http://cs.dbpedia.org/resource/Frederic_Edwin_Church" />
    <owl:sameAs rdf:resource="http://pt.dbpedia.org/resource/Frederic_Edwin_Church" />
    <owl:sameAs rdf:resource="http://ca.dbpedia.org/resource/Frederic_Edwin_Church" />
    <owl:sameAs rdf:resource="http://sv.dbpedia.org/resource/Frederic_Edwin_Church" />
    <owl:sameAs rdf:resource="http://sh.dbpedia.org/resource/Frederic_Edwin_Church" />
    <owl:sameAs rdf:resource="http://fr.dbpedia.org/resource/Frederic_Edwin_Church" />
    <owl:sameAs rdf:resource="http://bg.dbpedia.org/resource/Фредерик_Едуин_Чърч" />
    <owl:sameAs rdf:resource="http://et.dbpedia.org/resource/Frederic_Edwin_Church" />
    <dcterms:subject rdf:resource="http://dbpedia.org/resource/Category:Luminism" />
    <dcterms:subject rdf:resource="http://dbpedia.org/resource/Category:Hudson_River_School" />
    <dcterms:subject rdf:resource="http://dbpedia.org/resource/Category:Landscape_artists" />
    <dcterms:subject rdf:resource="http://dbpedia.org/resource/Category:American_painters" />
    <dcterms:subject rdf:resource="http://dbpedia.org/resource/Category:1900_deaths" />
    <dcterms:subject rdf:resource="http://dbpedia.org/resource/Category:1826_births" />
    <dbpedia-owl:abstract xml:lang="fr">Frederic Edwin Church, né à Hartford le 4 mai 1826 et mort le 7 avril 1900, est un peintre paysagiste américain. Il fut une figure centrale de l&#39;« École du fleuve Hudson » qui regroupait des paysagistes américains. L&#39;aisance financière de son père lui permit de se consacrer précocément à l&#39;art. À 18 ans, il devint l&#39;élève de Thomas Cole à Palenville. Cinq ans plus tard, en 1849, il fut élu membre de la National Academy of Design. Peu après, il vendit sa première œuvre importante au Wadsworth Atheneum de Hartford. Church s&#39;installa à New York où il eut un premier élève, William James Stillman. Du printemps jusqu&#39;à l&#39;automne, Church voyageait, souvent à pied, en dessinant. Chaque hiver, il s&#39;installait dans son atelier pour peindre et il vendait ses tableaux. Church devint connu pour ses paysages colossaux, souvent d&#39;endroits exotiques. Son tableau Le Cœur des Andes, qui est aujourd&#39;hui propriété du Metropolitan Museum of Art de New York, mesure plus d&#39;un mètre cinquante en hauteur et près de trois en longueur. Church dévoila ce tableau en 1859 à New York devant un public ébahi. Il l&#39;installa dans un pièce spécialement éclairée, munie de rideaux et de frondes de palmiers, et fit payer l&#39;entrée du public. Ce fut un succès immédiat. Il le vendit ensuite pour $, ce qui fut à l&#39;époque le prix le plus élevé jamais atteint par un tableau d&#39;un peintre américain vivant. En 1860, Church acheta une ferme à Hudson et épousa Isabel Carnes. Ses deux premiers enfants moururent de diphtérie en mars 1863, mais ils eurent un autre enfant, Frederic junior, en 1865.</dbpedia-owl:abstract>
    <dbpedia-owl:abstract xml:lang="es">Frederic Edwin Church fue un pintor paisajista estadounidense. Fue una figura central de la Escuela del río Hudson de pintores paisajistas estadounidense. Fue alumno de Thomas Cole en Palenville, New York. Se le conoció, sobre todo, por pintar vistas colosales, a menudo en ubicaciones exóticas. Su pintura Corazón de los Andes, actualmente en la colección del Museo Metropolitano de Arte mide 1,5 m × 3 m Frederic Edwin Church No solo se centro en los paisajes de su paìs sino que también viajo a Sudamérica pintando lo que quizás sea su obra más conocida 		 			Frederic Edwin Church The Icebergs. jpg 			 The Icebergs, 1861, Museo de Arte de Dallas 			 		 		 			Morning in the Tropics-1877-Frederic Edwin Church. jpg 			 Mañana en los trópicos (Morning in the Tropics), 1877, Galería Nacional de Arte (Washington)</dbpedia-owl:abstract>
    <dbpedia-owl:abstract xml:lang="sv">Frederic Edwin Church, född 4 maj 1826 i Hartford, Conneticut, död 7 april 1900, var en amerikansk landskapsmålare och konstsamlare. Frederich Church kom från en välbärgad familj och han fick därför möjlighet att vid en tidig ålder utveckla och ägna sig åt sitt konstnärliga intresse. Church visade sig snabbt vara en naturbegåvning och ett underbarn när det gällde måleri. Som artonåring träffade han en av USA:s mest framstående landskapskonstnärer, Thomas Cole, som tog honom till sig och lärde honom utifrån den så kallade Hudson River-skolan. Efter Coles död 1848 fortsatte Church sitt arbete i Hudson River-skolans anda och samma år blev han invald som den yngste medlemmen i National Academy of Design. Church bosatte sig i New York men från vår till höst varje år tillbringade han på vandringar i naturen där han samlade intryck och inspiration till sina målningar. Varje vinter återvände han til New York för att sälja sina verk. Likt sin lärare, Cole, gjorde Church utkast till sina målningar under vandringar i naturen för att underlätta alteljéarbetet. Under senare år gjorde han långa resor till Sydamerika och längs Medelhavets kust där han hittade nya vackra och romantiska paradislandskap att avbilda. År 1860 gifte sig Church med Isabel Carnes och köpte en gård i Hudson, New York. Deras två första barn, en son och en dotter, dog båda i difteri år 1865. Paret fick dock ytterligare fyra barn och hela familjen brukade följa med på de långa resorna i Europa och Mellanöstern. Hans konstamling, med egna, men framför allt andras konstverk samt konsthantverksföremål från hela världen finns i den bostad, "Olana" han lät bygga vid Hudsonfloden i delstaten New York, USA.</dbpedia-owl:abstract>
    <dbpedia-owl:abstract xml:lang="ru">Фредерик Эдвин Чёрч — американский художник-пейзажист, романтик, видный представитель школы реки Гудзон.</dbpedia-owl:abstract>
    <dbpedia-owl:abstract xml:lang="pl">Frederic Edwin Church – amerykański malarz pejzażysta, czołowy przedstawiciel drugiego pokolenia Hudson River School.</dbpedia-owl:abstract>
    <dbpedia-owl:abstract xml:lang="nl">Frederic Edwin Church was een Amerikaans landschapschilder. Church was een centraal figuur in de romantische Hudson River School en staat bekend om zijn monumentale landschappen waarin hij de detailobservatie van een natuurvorser combineert met de gevoeligheid van een romanticus. Veel van zijn werken zijn erg atmosferisch.</dbpedia-owl:abstract>
    <dbpedia-owl:abstract xml:lang="de">Frederic Edwin Church war ein bedeutender Vertreter der Hudson River School, einer Gruppierung amerikanischer Künstler, die für präzis gemalte, oft dramatische und allegorische Landschaftsbilder bekannt wurde. Thomas Cole, der Begründer der Gruppe, war sein Lehrer. Ähnlich wie dieser, legte auch Church darauf Wert, seinen Werken eine Bedeutung zu geben, die über die reine Abbildung der Natur hinausging.</dbpedia-owl:abstract>
    <dbpedia-owl:abstract xml:lang="it"></dbpedia-owl:abstract>
    <dbpedia-owl:abstract xml:lang="en">Frederic Edwin Church (May 4, 1826 – April 7, 1900) was an American landscape painter born in Hartford, Connecticut. He was a central figure in the Hudson River School of American landscape painters. While committed to the natural sciences, he was "always concerned with including a spiritual dimension in his works."</dbpedia-owl:abstract>
    <dbpedia-owl:abstract xml:lang="pt">Frederic Edwin Church foi um pintor paisagista norte-americano, nascido em Hartford, Connecticut. Foi a figura central da Escola do Rio Hudson de pintores e paisagistas norte-americanos. Foi aluno de Thomas Cole em Palenville, Nova York. Tornou-se conhecido, sobretudo, por pintar paisagens colossais, com frequência em localizações exóticas. Sua pintura O Coração dos Andes, atualmente na coleção do Metropolitan Museum of Art mede 1,67 metros de altura por 3 metros de largura.</dbpedia-owl:abstract>
    <dbpedia-owl:birthDate rdf:datatype="http://www.w3.org/2001/XMLSchema#date">1826-05-04</dbpedia-owl:birthDate>
    <dbpedia-owl:birthPlace rdf:resource="http://dbpedia.org/resource/Hartford,_Connecticut" />
    <dbpedia-owl:deathDate rdf:datatype="http://www.w3.org/2001/XMLSchema#date">1900-04-07</dbpedia-owl:deathDate>
    <dbpedia-owl:field rdf:resource="http://dbpedia.org/resource/Landscape_art" />
    <dbpedia-owl:field rdf:resource="http://dbpedia.org/resource/Painting" />
    <dbpedia-owl:individualisedPnd xml:lang="de">119075164</dbpedia-owl:individualisedPnd>
    <dbpedia-owl:influencedBy rdf:resource="http://dbpedia.org/resource/Thomas_Cole" />
    <dbpedia-owl:movement rdf:resource="http://dbpedia.org/resource/Hudson_River_School" />
    <dbpedia-owl:nationality rdf:resource="http://dbpedia.org/resource/United_States" />
    <dbpedia-owl:wikiPageID rdf:datatype="http://www.w3.org/2001/XMLSchema#integer">277766</dbpedia-owl:wikiPageID>
    <dbpedia-owl:wikiPageRevisionID rdf:datatype="http://www.w3.org/2001/XMLSchema#integer">548572151</dbpedia-owl:wikiPageRevisionID>
    <rdfs:label xml:lang="en">Frederic Edwin Church</rdfs:label>
    <rdfs:label xml:lang="es">Frederic Edwin Church</rdfs:label>
    <rdfs:label xml:lang="pt">Frederic Edwin Church</rdfs:label>
    <rdfs:label xml:lang="fr">Frederic Edwin Church</rdfs:label>
    <rdfs:label xml:lang="it">Frederic Edwin Church</rdfs:label>
    <rdfs:label xml:lang="sv">Frederic Edwin Church</rdfs:label>
    <rdfs:label xml:lang="ru">Чёрч, Фредерик Эдвин</rdfs:label>
    <rdfs:label xml:lang="pl">Frederic Edwin Church</rdfs:label>
    <rdfs:label xml:lang="de">Frederic Edwin Church</rdfs:label>
    <rdfs:label xml:lang="nl">Frederic Edwin Church</rdfs:label>
    <foaf:depiction rdf:resource="http://upload.wikimedia.org/wikipedia/commons/9/97/Frederic_Edwin_Church_-_Brady-Handy.jpg" />
    <rdfs:comment xml:lang="en">Frederic Edwin Church (May 4, 1826 – April 7, 1900) was an American landscape painter born in Hartford, Connecticut. He was a central figure in the Hudson River School of American landscape painters. While committed to the natural sciences, he was "always concerned with including a spiritual dimension in his works."</rdfs:comment>
    <rdfs:comment xml:lang="ru">Фредерик Эдвин Чёрч — американский художник-пейзажист, романтик, видный представитель школы реки Гудзон.</rdfs:comment>
    <rdfs:comment xml:lang="fr">Frederic Edwin Church, né à Hartford le 4 mai 1826 et mort le 7 avril 1900, est un peintre paysagiste américain. Il fut une figure centrale de l&#39;« École du fleuve Hudson » qui regroupait des paysagistes américains. L&#39;aisance financière de son père lui permit de se consacrer précocément à l&#39;art. À 18 ans, il devint l&#39;élève de Thomas Cole à Palenville. Cinq ans plus tard, en 1849, il fut élu membre de la National Academy of Design.</rdfs:comment>
    <rdfs:comment xml:lang="de">Frederic Edwin Church war ein bedeutender Vertreter der Hudson River School, einer Gruppierung amerikanischer Künstler, die für präzis gemalte, oft dramatische und allegorische Landschaftsbilder bekannt wurde. Thomas Cole, der Begründer der Gruppe, war sein Lehrer. Ähnlich wie dieser, legte auch Church darauf Wert, seinen Werken eine Bedeutung zu geben, die über die reine Abbildung der Natur hinausging.</rdfs:comment>
    <rdfs:comment xml:lang="pt">Frederic Edwin Church foi um pintor paisagista norte-americano, nascido em Hartford, Connecticut. Foi a figura central da Escola do Rio Hudson de pintores e paisagistas norte-americanos. Foi aluno de Thomas Cole em Palenville, Nova York. Tornou-se conhecido, sobretudo, por pintar paisagens colossais, com frequência em localizações exóticas. Sua pintura O Coração dos Andes, atualmente na coleção do Metropolitan Museum of Art mede 1,67 metros de altura por 3 metros de largura.</rdfs:comment>
    <rdfs:comment xml:lang="nl">Frederic Edwin Church was een Amerikaans landschapschilder. Church was een centraal figuur in de romantische Hudson River School en staat bekend om zijn monumentale landschappen waarin hij de detailobservatie van een natuurvorser combineert met de gevoeligheid van een romanticus. Veel van zijn werken zijn erg atmosferisch.</rdfs:comment>
    <rdfs:comment xml:lang="sv">Frederic Edwin Church, född 4 maj 1826 i Hartford, Conneticut, död 7 april 1900, var en amerikansk landskapsmålare och konstsamlare. Frederich Church kom från en välbärgad familj och han fick därför möjlighet att vid en tidig ålder utveckla och ägna sig åt sitt konstnärliga intresse. Church visade sig snabbt vara en naturbegåvning och ett underbarn när det gällde måleri.</rdfs:comment>
    <rdfs:comment xml:lang="es">Frederic Edwin Church fue un pintor paisajista estadounidense. Fue una figura central de la Escuela del río Hudson de pintores paisajistas estadounidense. Fue alumno de Thomas Cole en Palenville, New York. Se le conoció, sobre todo, por pintar vistas colosales, a menudo en ubicaciones exóticas.</rdfs:comment>
    <rdfs:comment xml:lang="it"></rdfs:comment>
    <rdfs:comment xml:lang="pl">Frederic Edwin Church – amerykański malarz pejzażysta, czołowy przedstawiciel drugiego pokolenia Hudson River School.</rdfs:comment>
    <foaf:name xml:lang="en">Frederic Edwin Church</foaf:name>
    <dbpedia-owl:thumbnail rdf:resource="http://upload.wikimedia.org/wikipedia/commons/thumb/9/97/Frederic_Edwin_Church_-_Brady-Handy.jpg/200px-Frederic_Edwin_Church_-_Brady-Handy.jpg" />
    <dbpedia-owl:wikiPageExternalLink rdf:resource="http://www.reynoldahouse.org/discover/collections/selected_works.php" />
    <dbpedia-owl:wikiPageExternalLink rdf:resource="http://www.lyrics007.com/Marc%20Cohn%20Lyrics/Olana%20Lyrics.html," />
    <dbpedia-owl:wikiPageExternalLink rdf:resource="http://www.museumsyndicate.com/artist.php?artist=421" />
    <dbpedia-owl:wikiPageExternalLink rdf:resource="http://www.metmuseum.org/toah/hd/chur/hd_chur.htm" />
    <dbpedia-owl:wikiPageExternalLink rdf:resource="http://www.artrenewal.org/pages/artist.php?artistid=673" />
    <dbpedia-owl:wikiPageExternalLink rdf:resource="http://www.nysparks.com/sites/info.asp?siteID=21" />
    <dbpedia-owl:wikiPageExternalLink rdf:resource="http://www.theartnewspaper.com/articles/%E2%80%9CLost-Church-painting-is-found/20905" />
    <dbpedia-owl:wikiPageExternalLink rdf:resource="http://www.oxfordartonline.com/subscriber/article/grove/art/T017654?q=frederic+church&amp;search=quick&amp;pos=1&amp;_start=1#firsthit" />
    <dbpedia-owl:wikiPageExternalLink rdf:resource="http://www.olana.org/" />
    <dbpedia-owl:wikiPageExternalLink rdf:resource="http://www.bostonartclub.com" />
    <dbpedia-owl:wikiPageExternalLink rdf:resource="http://online.wsj.com/article/SB10001424052748703389004575033112932891000.html" />
    <dbpprop:bgcolour xml:lang="en">#6495ED</dbpprop:bgcolour>
    <dbpprop:birthDate rdf:datatype="http://www.w3.org/2001/XMLSchema#date">1826-05-04</dbpprop:birthDate>
    <dbpprop:birthPlace rdf:resource="http://dbpedia.org/resource/Hartford,_Connecticut" />
    <dbpprop:caption xml:lang="en">Frederic Edwin Church</dbpprop:caption>
    <dbpprop:dateOfBirth rdf:datatype="http://www.w3.org/2001/XMLSchema#date">1826-05-04</dbpprop:dateOfBirth>
    <dbpprop:dateOfDeath rdf:datatype="http://www.w3.org/2001/XMLSchema#date">1900-04-07</dbpprop:dateOfDeath>
    <dbpprop:deathDate rdf:datatype="http://www.w3.org/2001/XMLSchema#date">1900-04-07</dbpprop:deathDate>
    <dbpprop:field rdf:resource="http://dbpedia.org/resource/Painting" />
    <dbpprop:field rdf:resource="http://dbpedia.org/resource/Landscape_art" />
    <dbpprop:influencedBy rdf:resource="http://dbpedia.org/resource/Thomas_Cole" />
    <dbpprop:movement rdf:resource="http://dbpedia.org/resource/Hudson_River_School" />
    <dbpprop:name xml:lang="en">Church, Frederic Edwin</dbpprop:name>
    <dbpprop:name xml:lang="en">Frederic Edwin Church</dbpprop:name>
    <dbpprop:nationality rdf:resource="http://dbpedia.org/resource/United_States" />
    <dbpprop:placeOfBirth rdf:resource="http://dbpedia.org/resource/Hartford,_Connecticut" />
    <dbpprop:shortDescription xml:lang="en">American artist</dbpprop:shortDescription>
    <foaf:homepage rdf:resource="http://www.bostonartclub.com" />
    <foaf:givenName xml:lang="en">Frederic Edwin</foaf:givenName>
    <foaf:isPrimaryTopicOf rdf:resource="http://en.wikipedia.org/wiki/Frederic_Edwin_Church" />
    <dc:description xml:lang="en">American artist</dc:description>
    <ns8:wasDerivedFrom rdf:resource="http://en.wikipedia.org/wiki/Frederic_Edwin_Church?oldid=548572151" />
    <dbpprop:hasPhotoCollection rdf:resource="http://wifo5-03.informatik.uni-mannheim.de/flickrwrappr/photos/Frederic_Edwin_Church" />
    <foaf:surname xml:lang="en">Church</foaf:surname>
  </rdf:Description>
  <rdf:Description rdf:about="http://dbpedia.org/resource/Jervis_McEntee">
    <dbpedia-owl:influencedBy rdf:resource="http://dbpedia.org/resource/Frederic_Edwin_Church" />
    <dbpprop:influencedBy rdf:resource="http://dbpedia.org/resource/Frederic_Edwin_Church" />
  </rdf:Description>
  <rdf:Description rdf:about="http://cs.dbpedia.org/resource/Frederic_Edwin_Church">
    <owl:sameAs rdf:resource="http://dbpedia.org/resource/Frederic_Edwin_Church" />
  </rdf:Description>
  <rdf:Description rdf:about="http://pl.dbpedia.org/resource/Frederic_Edwin_Church">
    <owl:sameAs rdf:resource="http://dbpedia.org/resource/Frederic_Edwin_Church" />
  </rdf:Description>
  <rdf:Description rdf:about="http://ru.dbpedia.org/resource/Чёрч,_Фредерик_Эдвин">
    <owl:sameAs rdf:resource="http://dbpedia.org/resource/Frederic_Edwin_Church" />
  </rdf:Description>
  <rdf:Description rdf:about="http://dbpedia.org/resource/10343_Church">
    <dbpprop:namedAfter rdf:resource="http://dbpedia.org/resource/Frederic_Edwin_Church" />
  </rdf:Description>
  <rdf:Description rdf:about="http://dbpedia.org/resource/Frederic_Church">
    <dbpedia-owl:wikiPageRedirects rdf:resource="http://dbpedia.org/resource/Frederic_Edwin_Church" />
  </rdf:Description>
  <rdf:Description rdf:about="http://dbpedia.org/resource/Frederick_Edwin_Church">
    <dbpedia-owl:wikiPageRedirects rdf:resource="http://dbpedia.org/resource/Frederic_Edwin_Church" />
  </rdf:Description>
  <rdf:Description rdf:about="http://en.wikipedia.org/wiki/Frederic_Edwin_Church">
    <foaf:primaryTopic rdf:resource="http://dbpedia.org/resource/Frederic_Edwin_Church" />
  </rdf:Description>
  <rdf:Description rdf:about="http://dbpedia.org/resource/Frederic_E._Church">
    <dbpedia-owl:wikiPageRedirects rdf:resource="http://dbpedia.org/resource/Frederic_Edwin_Church" />
  </rdf:Description>
  <rdf:Description rdf:about="http://dbpedia.org/resource/Frederick_E._Church">
    <dbpedia-owl:wikiPageRedirects rdf:resource="http://dbpedia.org/resource/Frederic_Edwin_Church" />
  </rdf:Description>
  <rdf:Description rdf:about="http://nl.dbpedia.org/resource/Frederic_Edwin_Church">
    <owl:sameAs rdf:resource="http://dbpedia.org/resource/Frederic_Edwin_Church" />
  </rdf:Description>
  <rdf:Description rdf:about="http://wikidata.dbpedia.org/resource/Q366212">
    <owl:sameAs rdf:resource="http://dbpedia.org/resource/Frederic_Edwin_Church" />
  </rdf:Description>
  <rdf:Description rdf:about="http://bg.dbpedia.org/resource/Фредерик_Едуин_Чърч">
    <owl:sameAs rdf:resource="http://dbpedia.org/resource/Frederic_Edwin_Church" />
  </rdf:Description>
  <rdf:Description rdf:about="http://ca.dbpedia.org/resource/Frederic_Edwin_Church">
    <owl:sameAs rdf:resource="http://dbpedia.org/resource/Frederic_Edwin_Church" />
  </rdf:Description>
  <rdf:Description rdf:about="http://et.dbpedia.org/resource/Frederic_Edwin_Church">
    <owl:sameAs rdf:resource="http://dbpedia.org/resource/Frederic_Edwin_Church" />
  </rdf:Description>
  <rdf:Description rdf:about="http://fi.dbpedia.org/resource/Frederic_Edwin_Church">
    <owl:sameAs rdf:resource="http://dbpedia.org/resource/Frederic_Edwin_Church" />
  </rdf:Description>
  <rdf:Description rdf:about="http://hu.dbpedia.org/resource/Frederic_Edwin_Church">
    <owl:sameAs rdf:resource="http://dbpedia.org/resource/Frederic_Edwin_Church" />
  </rdf:Description>
  <rdf:Description rdf:about="http://nn.dbpedia.org/resource/Frederic_Church">
    <owl:sameAs rdf:resource="http://dbpedia.org/resource/Frederic_Edwin_Church" />
  </rdf:Description>
  <rdf:Description rdf:about="http://no.dbpedia.org/resource/Frederic_Church">
    <owl:sameAs rdf:resource="http://dbpedia.org/resource/Frederic_Edwin_Church" />
  </rdf:Description>
  <rdf:Description rdf:about="http://pnb.dbpedia.org/resource/فریڈرک_چرچ">
    <owl:sameAs rdf:resource="http://dbpedia.org/resource/Frederic_Edwin_Church" />
  </rdf:Description>
  <rdf:Description rdf:about="http://sh.dbpedia.org/resource/Frederic_Edwin_Church">
    <owl:sameAs rdf:resource="http://dbpedia.org/resource/Frederic_Edwin_Church" />
  </rdf:Description>
  <rdf:Description rdf:about="http://sv.dbpedia.org/resource/Frederic_Edwin_Church">
    <owl:sameAs rdf:resource="http://dbpedia.org/resource/Frederic_Edwin_Church" />
  </rdf:Description>
</rdf:RDF>
