<?xml version="1.0" encoding="utf-8" ?>
<rdf:RDF
	xmlns:rdf="http://www.w3.org/1999/02/22-rdf-syntax-ns#"
	xmlns:rdfs="http://www.w3.org/2000/01/rdf-schema#"
	xmlns:owl="http://www.w3.org/2002/07/owl#"
	xmlns:dcterms="http://purl.org/dc/terms/"
	xmlns:dbpedia-owl="http://dbpedia.org/ontology/"
	xmlns:foaf="http://xmlns.com/foaf/0.1/"
	xmlns:dbpprop="http://dbpedia.org/property/"
	xmlns:dc="http://purl.org/dc/elements/1.1/"
	xmlns:ns8="http://www.w3.org/ns/prov#" >
  <rdf:Description rdf:about="http://pl.dbpedia.org/resource/Georg_Friedrich_Kersting">
    <owl:sameAs rdf:resource="http://dbpedia.org/resource/Georg_Friedrich_Kersting" />
  </rdf:Description>
  <rdf:Description rdf:about="http://dbpedia.org/resource/Caspar_David_Friedrich_in_his_Studio">
    <dbpedia-owl:author rdf:resource="http://dbpedia.org/resource/Georg_Friedrich_Kersting" />
    <dbpprop:artist rdf:resource="http://dbpedia.org/resource/Georg_Friedrich_Kersting" />
  </rdf:Description>
  <rdf:Description rdf:about="http://en.wikipedia.org/wiki/Georg_Friedrich_Kersting">
    <foaf:primaryTopic rdf:resource="http://dbpedia.org/resource/Georg_Friedrich_Kersting" />
  </rdf:Description>
  <rdf:Description rdf:about="http://dbpedia.org/resource/Georg_Friedrich_Kersting">
    <rdf:type rdf:resource="http://dbpedia.org/class/yago/CausalAgent100007347" />
    <rdf:type rdf:resource="http://dbpedia.org/class/yago/Painter110391653" />
    <rdf:type rdf:resource="http://dbpedia.org/class/yago/Organism100004475" />
    <rdf:type rdf:resource="http://dbpedia.org/class/yago/YagoLegalActor" />
    <rdf:type rdf:resource="http://dbpedia.org/class/yago/GermanPainters" />
    <rdf:type rdf:resource="http://xmlns.com/foaf/0.1/Person" />
    <rdf:type rdf:resource="http://dbpedia.org/class/yago/YagoLegalActorGeo" />
    <rdf:type rdf:resource="http://dbpedia.org/class/yago/Object100002684" />
    <rdf:type rdf:resource="http://dbpedia.org/ontology/Artist" />
    <rdf:type rdf:resource="http://dbpedia.org/ontology/Agent" />
    <rdf:type rdf:resource="http://dbpedia.org/ontology/Person" />
    <rdf:type rdf:resource="http://dbpedia.org/class/yago/Person100007846" />
    <rdf:type rdf:resource="http://dbpedia.org/class/yago/PeopleFromMecklenburg-Schwerin" />
    <rdf:type rdf:resource="http://dbpedia.org/class/yago/Artist109812338" />
    <rdf:type rdf:resource="http://schema.org/Person" />
    <rdf:type rdf:resource="http://www.w3.org/2002/07/owl#Thing" />
    <rdf:type rdf:resource="http://dbpedia.org/class/yago/PhysicalEntity100001930" />
    <rdf:type rdf:resource="http://dbpedia.org/class/yago/Whole100003553" />
    <rdf:type rdf:resource="http://dbpedia.org/class/yago/LivingThing100004258" />
    <rdf:type rdf:resource="http://dbpedia.org/class/yago/Creator109614315" />
    <owl:sameAs rdf:resource="http://yago-knowledge.org/resource/Georg_Friedrich_Kersting" />
    <owl:sameAs rdf:resource="http://nl.dbpedia.org/resource/Georg_Friedrich_Kersting" />
    <owl:sameAs rdf:resource="http://fr.dbpedia.org/resource/Georg_Friedrich_Kersting" />
    <owl:sameAs rdf:resource="http://pl.dbpedia.org/resource/Georg_Friedrich_Kersting" />
    <owl:sameAs rdf:resource="http://rdf.freebase.com/ns/m.03wfh0h" />
    <owl:sameAs rdf:resource="http://ca.dbpedia.org/resource/Georg_Friedrich_Kersting" />
    <owl:sameAs rdf:resource="http://www.wikidata.org/entity/Q215590" />
    <owl:sameAs rdf:resource="http://dbpedia.org/resource/Georg_Friedrich_Kersting" />
    <owl:sameAs rdf:resource="http://de.dbpedia.org/resource/Georg_Friedrich_Kersting" />
    <owl:sameAs rdf:resource="http://eo.dbpedia.org/resource/Georg_Friedrich_Kersting" />
    <dcterms:subject rdf:resource="http://dbpedia.org/resource/Category:Royal_Danish_Academy_of_Fine_Arts_alumni" />
    <dcterms:subject rdf:resource="http://dbpedia.org/resource/Category:1785_births" />
    <dcterms:subject rdf:resource="http://dbpedia.org/resource/Category:People_from_Mecklenburg-Schwerin" />
    <dcterms:subject rdf:resource="http://dbpedia.org/resource/Category:Freikorps_personnel_of_the_Napoleonic_Wars" />
    <dcterms:subject rdf:resource="http://dbpedia.org/resource/Category:Prussian_Army_personnel_of_the_Napoleonic_Wars" />
    <dcterms:subject rdf:resource="http://dbpedia.org/resource/Category:German_painters" />
    <dcterms:subject rdf:resource="http://dbpedia.org/resource/Category:1847_deaths" />
    <dbpedia-owl:abstract xml:lang="en">Georg Friedrich Kersting (31 October 1785 – 1 July 1847) was a German painter, best known for his Biedermeier-style interior paintings and his association with fellow artist Caspar David Friedrich.</dbpedia-owl:abstract>
    <dbpedia-owl:abstract xml:lang="de">Georg Friedrich Kersting war ein deutscher Maler. Kersting war unter anderem mit Caspar David Friedrich befreundet und von diesem beeinflusst. Er gehörte zu dem Kreis der Romantiker und entwickelte sich zu einem der bedeutendsten Vertreter der Interieurmalerei des Biedermeier.</dbpedia-owl:abstract>
    <dbpedia-owl:abstract xml:lang="fr">Georg Friedrich Kersting, né le 31 octobre 1785 à Güstrow, dans le duché de Mecklenburg-Schwerin (en), et mort le 1 juillet 1847, est un peintre et dessinateur allemand, surtout connu pour ses peintures d&#39;intérieur de l&#39;époque Biedermeier et par son association avec son compatriote, l&#39;artiste Caspar David Friedrich.</dbpedia-owl:abstract>
    <dbpedia-owl:abstract xml:lang="nl">Georg Friedrich Kersting was een Duits kunstschilder. Hij werd vooral bekend door zijn interieurs in Biedermeier-stijl en zijn vriendschap met de romantische kunstschilder Caspar David Friedrich.</dbpedia-owl:abstract>
    <dbpedia-owl:abstract xml:lang="pl">Georg Friedrich Kersting, malarz niemiecki. Był zaprzyjaźniony z Casparem Davidem Friedrichem i znajdował się pod jego wpływem. Był jednym z najwybitniejszych przedstawicieli malarstwa wnętrz okresu Biedermeiera. Urodził się w wielodzietnej rodzinie mistrza szklarskiego. Dzięki wsparciu rodziny w ciągu trzech lat studiował na Królewskiej Akademii Sztuki w Kopenhadze. Studia kontynuował na Akademii sztuk Pięknych w Dreźnie. Wraz z Casparem Davidem Friedrichem 1810 wędrował po Karkonoszach. Obrazy wnętrz przyniosły mu sławę. Zainteresował się nim Johann Wolfgang Goethe i zorganizował loterię dla wsparcia młodego malarza. Po klęsce Napoleona w Rosji 1812 przystąpił do ochotniczego Korpusu Lützowa i uczestniczył w walkach z wojskami Napoleona, za co został odznaczony Krzyżem Żelaznym. W latach 1816-1818 pracował w Warszawie jako nauczyciel rysunków dzieci Adama Jerzego Czartoryskiego i Anny Zofii Sapiehy. 22 czerwca 1818 został kierownikiem pracowni malarskiej w Królewskiej Saskiej Manufakturze Porcelany w Miśni. W tym samym roku poślubił Agnes Sergel. W roku 1822 przystąpił do loży wolnomularskiej Phoebus Apoll w Güstrow.</dbpedia-owl:abstract>
    <dbpedia-owl:birthDate rdf:datatype="http://www.w3.org/2001/XMLSchema#date">1785-10-31</dbpedia-owl:birthDate>
    <dbpedia-owl:deathDate rdf:datatype="http://www.w3.org/2001/XMLSchema#date">1847-07-01</dbpedia-owl:deathDate>
    <dbpedia-owl:field rdf:resource="http://dbpedia.org/resource/Painting" />
    <dbpedia-owl:movement rdf:resource="http://dbpedia.org/resource/Biedermeier" />
    <dbpedia-owl:nationality rdf:resource="http://dbpedia.org/resource/Germany" />
    <dbpedia-owl:wikiPageID rdf:datatype="http://www.w3.org/2001/XMLSchema#integer">16266623</dbpedia-owl:wikiPageID>
    <dbpedia-owl:wikiPageRevisionID rdf:datatype="http://www.w3.org/2001/XMLSchema#integer">540756893</dbpedia-owl:wikiPageRevisionID>
    <rdfs:label xml:lang="nl">Georg Friedrich Kersting</rdfs:label>
    <rdfs:label xml:lang="en">Georg Friedrich Kersting</rdfs:label>
    <rdfs:label xml:lang="fr">Georg Friedrich Kersting</rdfs:label>
    <rdfs:label xml:lang="de">Georg Friedrich Kersting</rdfs:label>
    <rdfs:label xml:lang="pl">Georg Friedrich Kersting</rdfs:label>
    <foaf:depiction rdf:resource="http://upload.wikimedia.org/wikipedia/commons/f/ff/Georg_Friedrich_Kersting_002.jpg" />
    <rdfs:comment xml:lang="pl">Georg Friedrich Kersting, malarz niemiecki. Był zaprzyjaźniony z Casparem Davidem Friedrichem i znajdował się pod jego wpływem. Był jednym z najwybitniejszych przedstawicieli malarstwa wnętrz okresu Biedermeiera. Urodził się w wielodzietnej rodzinie mistrza szklarskiego. Dzięki wsparciu rodziny w ciągu trzech lat studiował na Królewskiej Akademii Sztuki w Kopenhadze. Studia kontynuował na Akademii sztuk Pięknych w Dreźnie. Wraz z Casparem Davidem Friedrichem 1810 wędrował po Karkonoszach.</rdfs:comment>
    <rdfs:comment xml:lang="en">Georg Friedrich Kersting (31 October 1785 – 1 July 1847) was a German painter, best known for his Biedermeier-style interior paintings and his association with fellow artist Caspar David Friedrich.</rdfs:comment>
    <rdfs:comment xml:lang="nl">Georg Friedrich Kersting was een Duits kunstschilder. Hij werd vooral bekend door zijn interieurs in Biedermeier-stijl en zijn vriendschap met de romantische kunstschilder Caspar David Friedrich.</rdfs:comment>
    <rdfs:comment xml:lang="fr">Georg Friedrich Kersting, né le 31 octobre 1785 à Güstrow, dans le duché de Mecklenburg-Schwerin (en), et mort le 1 juillet 1847, est un peintre et dessinateur allemand, surtout connu pour ses peintures d&#39;intérieur de l&#39;époque Biedermeier et par son association avec son compatriote, l&#39;artiste Caspar David Friedrich.</rdfs:comment>
    <rdfs:comment xml:lang="de">Georg Friedrich Kersting war ein deutscher Maler. Kersting war unter anderem mit Caspar David Friedrich befreundet und von diesem beeinflusst. Er gehörte zu dem Kreis der Romantiker und entwickelte sich zu einem der bedeutendsten Vertreter der Interieurmalerei des Biedermeier.</rdfs:comment>
    <foaf:name xml:lang="en">Georg Friedrich Kersting</foaf:name>
    <dbpedia-owl:thumbnail rdf:resource="http://upload.wikimedia.org/wikipedia/commons/thumb/f/ff/Georg_Friedrich_Kersting_002.jpg/200px-Georg_Friedrich_Kersting_002.jpg" />
    <dbpedia-owl:wikiPageExternalLink rdf:resource="http://libmma.contentdm.oclc.org/cdm/compoundobject/collection/p15324coll10/id/71300" />
    <dbpedia-owl:wikiPageExternalLink rdf:resource="http://www.bildindex.de/rx/apsisa.dll/registerinhalt?sid=&amp;cnt=&amp;rid=2&amp;aid=*&amp;query=+xdbpics%3Aalle%20+r1a_name%3A&#39;K*&#39;%20%20+r1a_name%3A%22kersting,%20georg%20friedrich%22&amp;no=1&amp;count=50&amp;sort=no&amp;rid=2" />
    <dbpprop:bgcolour xml:lang="en">#6495ED</dbpprop:bgcolour>
    <dbpprop:birthDate rdf:datatype="http://www.w3.org/2001/XMLSchema#date">1785-10-31</dbpprop:birthDate>
    <dbpprop:caption xml:lang="en">Kersting&#39;s Caspar David Friedrich in his Studio, 1819</dbpprop:caption>
    <dbpprop:dateOfBirth rdf:datatype="http://www.w3.org/2001/XMLSchema#integer">31</dbpprop:dateOfBirth>
    <dbpprop:dateOfDeath rdf:datatype="http://www.w3.org/2001/XMLSchema#integer">1</dbpprop:dateOfDeath>
    <dbpprop:deathDate rdf:datatype="http://www.w3.org/2001/XMLSchema#date">1847-07-01</dbpprop:deathDate>
    <dbpprop:field rdf:resource="http://dbpedia.org/resource/Painting" />
    <dbpprop:movement rdf:resource="http://dbpedia.org/resource/Biedermeier" />
    <dbpprop:name xml:lang="en">Kersting, Georg Friedrich</dbpprop:name>
    <dbpprop:name xml:lang="en">Georg Friedrich Kersting</dbpprop:name>
    <dbpprop:nationality rdf:resource="http://dbpedia.org/resource/Germany" />
    <dbpprop:shortDescription xml:lang="en">German artist</dbpprop:shortDescription>
    <foaf:givenName xml:lang="en">Georg Friedrich</foaf:givenName>
    <foaf:isPrimaryTopicOf rdf:resource="http://en.wikipedia.org/wiki/Georg_Friedrich_Kersting" />
    <dc:description xml:lang="en">German artist</dc:description>
    <ns8:wasDerivedFrom rdf:resource="http://en.wikipedia.org/wiki/Georg_Friedrich_Kersting?oldid=540756893" />
    <dbpprop:hasPhotoCollection rdf:resource="http://wifo5-03.informatik.uni-mannheim.de/flickrwrappr/photos/Georg_Friedrich_Kersting" />
    <foaf:surname xml:lang="en">Kersting</foaf:surname>
  </rdf:Description>
  <rdf:Description rdf:about="http://de.dbpedia.org/resource/Georg_Friedrich_Kersting">
    <owl:sameAs rdf:resource="http://dbpedia.org/resource/Georg_Friedrich_Kersting" />
  </rdf:Description>
  <rdf:Description rdf:about="http://fr.dbpedia.org/resource/Georg_Friedrich_Kersting">
    <owl:sameAs rdf:resource="http://dbpedia.org/resource/Georg_Friedrich_Kersting" />
  </rdf:Description>
  <rdf:Description rdf:about="http://nl.dbpedia.org/resource/Georg_Friedrich_Kersting">
    <owl:sameAs rdf:resource="http://dbpedia.org/resource/Georg_Friedrich_Kersting" />
  </rdf:Description>
  <rdf:Description rdf:about="http://wikidata.dbpedia.org/resource/Q215590">
    <owl:sameAs rdf:resource="http://dbpedia.org/resource/Georg_Friedrich_Kersting" />
  </rdf:Description>
  <rdf:Description rdf:about="http://ca.dbpedia.org/resource/Georg_Friedrich_Kersting">
    <owl:sameAs rdf:resource="http://dbpedia.org/resource/Georg_Friedrich_Kersting" />
  </rdf:Description>
  <rdf:Description rdf:about="http://eo.dbpedia.org/resource/Georg_Friedrich_Kersting">
    <owl:sameAs rdf:resource="http://dbpedia.org/resource/Georg_Friedrich_Kersting" />
  </rdf:Description>
</rdf:RDF>
