<?xml version="1.0" encoding="utf-8" ?>
<rdf:RDF
	xmlns:rdf="http://www.w3.org/1999/02/22-rdf-syntax-ns#"
	xmlns:rdfs="http://www.w3.org/2000/01/rdf-schema#"
	xmlns:owl="http://www.w3.org/2002/07/owl#"
	xmlns:dcterms="http://purl.org/dc/terms/"
	xmlns:dbpedia-owl="http://dbpedia.org/ontology/"
	xmlns:foaf="http://xmlns.com/foaf/0.1/"
	xmlns:dbpprop="http://dbpedia.org/property/"
	xmlns:dc="http://purl.org/dc/elements/1.1/"
	xmlns:ns8="http://www.w3.org/ns/prov#" >
  <rdf:Description rdf:about="http://dbpedia.org/resource/Armada_Portrait">
    <dbpedia-owl:author rdf:resource="http://dbpedia.org/resource/George_Gower" />
    <dbpprop:artist rdf:resource="http://dbpedia.org/resource/George_Gower" />
  </rdf:Description>
  <rdf:Description rdf:about="http://it.dbpedia.org/resource/George_Gower">
    <owl:sameAs rdf:resource="http://dbpedia.org/resource/George_Gower" />
  </rdf:Description>
  <rdf:Description rdf:about="http://es.dbpedia.org/resource/George_Gower">
    <owl:sameAs rdf:resource="http://dbpedia.org/resource/George_Gower" />
  </rdf:Description>
  <rdf:Description rdf:about="http://dbpedia.org/resource/George_Gower">
    <rdf:type rdf:resource="http://dbpedia.org/class/yago/Creator109614315" />
    <rdf:type rdf:resource="http://dbpedia.org/class/yago/PortraitArtists" />
    <rdf:type rdf:resource="http://dbpedia.org/class/yago/CourtPainters" />
    <rdf:type rdf:resource="http://dbpedia.org/class/yago/PeopleOfTheTudorPeriod" />
    <rdf:type rdf:resource="http://schema.org/Person" />
    <rdf:type rdf:resource="http://dbpedia.org/class/yago/Artist109812338" />
    <rdf:type rdf:resource="http://xmlns.com/foaf/0.1/Person" />
    <rdf:type rdf:resource="http://dbpedia.org/class/yago/YagoLegalActorGeo" />
    <rdf:type rdf:resource="http://dbpedia.org/class/yago/Object100002684" />
    <rdf:type rdf:resource="http://dbpedia.org/class/yago/Painter110391653" />
    <rdf:type rdf:resource="http://dbpedia.org/class/yago/EnglishPainters" />
    <rdf:type rdf:resource="http://dbpedia.org/class/yago/Whole100003553" />
    <rdf:type rdf:resource="http://dbpedia.org/class/yago/16th-centuryArtists" />
    <rdf:type rdf:resource="http://dbpedia.org/class/yago/CausalAgent100007347" />
    <rdf:type rdf:resource="http://dbpedia.org/ontology/Person" />
    <rdf:type rdf:resource="http://dbpedia.org/class/yago/Organism100004475" />
    <rdf:type rdf:resource="http://dbpedia.org/class/yago/YagoLegalActor" />
    <rdf:type rdf:resource="http://dbpedia.org/class/yago/Person100007846" />
    <rdf:type rdf:resource="http://dbpedia.org/class/yago/16th-centuryEnglishPeople" />
    <rdf:type rdf:resource="http://dbpedia.org/class/yago/PhysicalEntity100001930" />
    <rdf:type rdf:resource="http://dbpedia.org/ontology/Artist" />
    <rdf:type rdf:resource="http://dbpedia.org/ontology/Agent" />
    <rdf:type rdf:resource="http://www.w3.org/2002/07/owl#Thing" />
    <rdf:type rdf:resource="http://dbpedia.org/class/yago/PortraitMiniaturists" />
    <rdf:type rdf:resource="http://dbpedia.org/class/yago/LivingThing100004258" />
    <rdf:type rdf:resource="http://dbpedia.org/class/yago/Miniaturist110320106" />
    <owl:sameAs rdf:resource="http://www.wikidata.org/entity/Q2126008" />
    <owl:sameAs rdf:resource="http://yago-knowledge.org/resource/George_Gower" />
    <owl:sameAs rdf:resource="http://eo.dbpedia.org/resource/George_Gower" />
    <owl:sameAs rdf:resource="http://nl.dbpedia.org/resource/George_Gower" />
    <owl:sameAs rdf:resource="http://es.dbpedia.org/resource/George_Gower" />
    <owl:sameAs rdf:resource="http://sv.dbpedia.org/resource/George_Gower" />
    <owl:sameAs rdf:resource="http://it.dbpedia.org/resource/George_Gower" />
    <owl:sameAs rdf:resource="http://dbpedia.org/resource/George_Gower" />
    <owl:sameAs rdf:resource="http://rdf.freebase.com/ns/m.03cj86t" />
    <dcterms:subject rdf:resource="http://dbpedia.org/resource/Category:English_painters" />
    <dcterms:subject rdf:resource="http://dbpedia.org/resource/Category:Leveson-Gower_family" />
    <dcterms:subject rdf:resource="http://dbpedia.org/resource/Category:Portrait_miniaturists" />
    <dcterms:subject rdf:resource="http://dbpedia.org/resource/Category:16th-century_artists" />
    <dcterms:subject rdf:resource="http://dbpedia.org/resource/Category:1540s_births" />
    <dcterms:subject rdf:resource="http://dbpedia.org/resource/Category:1596_deaths" />
    <dcterms:subject rdf:resource="http://dbpedia.org/resource/Category:People_of_the_Tudor_period" />
    <dcterms:subject rdf:resource="http://dbpedia.org/resource/Category:16th-century_English_people" />
    <dcterms:subject rdf:resource="http://dbpedia.org/resource/Category:Portrait_artists" />
    <dcterms:subject rdf:resource="http://dbpedia.org/resource/Category:Court_painters" />
    <dbpedia-owl:abstract xml:lang="it"></dbpedia-owl:abstract>
    <dbpedia-owl:abstract xml:lang="es">George Gower fue un pintor de retratos inglés el cual llegó a ejercer el cargo de pintor oficial de la reina Isabel I de Inglaterra en 1581.</dbpedia-owl:abstract>
    <dbpedia-owl:abstract xml:lang="nl">George Gower (ca. 1540 – Londen, 1596) was een Engels decoratie- en portretschilder die in 1581 Serjeant Painter werd aan het hof van Elizabeth I. Over Gowers leven is weinig bekend. Hij was een kleinzoon van ene Sir John Gower uit Stettenham, Yorkshire. Tot zijn vroegste werken behoren twee portretten uit 1573 van Sir Thomas Kytson en zijn vrouw, Elizabeth Cornwallis, Lady Kytson. Deze twee werken bevinden zich in de Tate Gallery, Londen). Gower vervaardigde een zelfportret in 1579. Zijn benoeming tot Serjeant Painter in 1581 stelde hem in staat portretten te schilderen van de Engelse adel. De functie was overigens primair bedoeld voor de vervaardiging van decoraties in paleizen, op meubilair, koetsen, schepen en dergelijke en de serjeant painter, hoewel benoemd voor het leven, was niet de officiële hofschilder. Niettemin beoefenden zij vaak de portretkunst. Van Gowers decoratiewerk is niets bewaard gebleven, anders dan zijn (of aan hem toegeschreven) portretten. Gowers bekendste werk is het Armada-portret van Elizabeth I, vervaardigd ter herinnering aan de nederlaag van de Spaanse Armada.</dbpedia-owl:abstract>
    <dbpedia-owl:abstract xml:lang="sv">George Gower, född 1540, död 1596, var en brittisk konstnär som var hovmålare åt drottning Elisabeth I.</dbpedia-owl:abstract>
    <dbpedia-owl:abstract xml:lang="en">George Gower (c.1540–1596) was an English portrait painter who became Serjeant Painter to Queen Elizabeth I in 1581.</dbpedia-owl:abstract>
    <dbpedia-owl:wikiPageID rdf:datatype="http://www.w3.org/2001/XMLSchema#integer">13787565</dbpedia-owl:wikiPageID>
    <dbpedia-owl:wikiPageRevisionID rdf:datatype="http://www.w3.org/2001/XMLSchema#integer">541071793</dbpedia-owl:wikiPageRevisionID>
    <rdfs:label xml:lang="en">George Gower</rdfs:label>
    <rdfs:label xml:lang="sv">George Gower</rdfs:label>
    <rdfs:label xml:lang="nl">George Gower</rdfs:label>
    <rdfs:label xml:lang="it">George Gower</rdfs:label>
    <rdfs:label xml:lang="es">George Gower</rdfs:label>
    <foaf:depiction rdf:resource="http://upload.wikimedia.org/wikipedia/commons/9/94/George_Gower_Self-portrait_1579.jpg" />
    <rdfs:comment xml:lang="sv">George Gower, född 1540, död 1596, var en brittisk konstnär som var hovmålare åt drottning Elisabeth I.</rdfs:comment>
    <rdfs:comment xml:lang="es">George Gower fue un pintor de retratos inglés el cual llegó a ejercer el cargo de pintor oficial de la reina Isabel I de Inglaterra en 1581.</rdfs:comment>
    <rdfs:comment xml:lang="en">George Gower (c.1540–1596) was an English portrait painter who became Serjeant Painter to Queen Elizabeth I in 1581.</rdfs:comment>
    <rdfs:comment xml:lang="it"></rdfs:comment>
    <rdfs:comment xml:lang="nl">George Gower (ca. 1540 – Londen, 1596) was een Engels decoratie- en portretschilder die in 1581 Serjeant Painter werd aan het hof van Elizabeth I. Over Gowers leven is weinig bekend. Hij was een kleinzoon van ene Sir John Gower uit Stettenham, Yorkshire. Tot zijn vroegste werken behoren twee portretten uit 1573 van Sir Thomas Kytson en zijn vrouw, Elizabeth Cornwallis, Lady Kytson. Deze twee werken bevinden zich in de Tate Gallery, Londen). Gower vervaardigde een zelfportret in 1579.</rdfs:comment>
    <foaf:name xml:lang="en">George Gower</foaf:name>
    <dbpedia-owl:thumbnail rdf:resource="http://upload.wikimedia.org/wikipedia/commons/thumb/9/94/George_Gower_Self-portrait_1579.jpg/200px-George_Gower_Self-portrait_1579.jpg" />
    <dbpedia-owl:wikiPageExternalLink rdf:resource="http://www.tate.org.uk/servlet/ArtistWorks?cgroupid=999999961&amp;artistid=220&amp;page=1" />
    <dbpedia-owl:wikiPageExternalLink rdf:resource="http://getty.edu/vow/ULANFullDisplay?find=&amp;role=&amp;nation=&amp;subjectid=500032228" />
    <dbpedia-owl:wikiPageExternalLink rdf:resource="http://www.nmm.ac.uk/mag/pages/mnuInDepth/Biography.cfm?biog=213" />
    <dbpprop:dateOfDeath rdf:datatype="http://www.w3.org/2001/XMLSchema#integer">1596</dbpprop:dateOfDeath>
    <dbpprop:name xml:lang="en">Gower, George</dbpprop:name>
    <dbpprop:shortDescription xml:lang="en">British artist</dbpprop:shortDescription>
    <foaf:givenName xml:lang="en">George</foaf:givenName>
    <foaf:isPrimaryTopicOf rdf:resource="http://en.wikipedia.org/wiki/George_Gower" />
    <dc:description xml:lang="en">British artist</dc:description>
    <ns8:wasDerivedFrom rdf:resource="http://en.wikipedia.org/wiki/George_Gower?oldid=541071793" />
    <dbpprop:hasPhotoCollection rdf:resource="http://wifo5-03.informatik.uni-mannheim.de/flickrwrappr/photos/George_Gower" />
    <foaf:surname xml:lang="en">Gower</foaf:surname>
  </rdf:Description>
  <rdf:Description rdf:about="http://en.wikipedia.org/wiki/George_Gower">
    <foaf:primaryTopic rdf:resource="http://dbpedia.org/resource/George_Gower" />
  </rdf:Description>
  <rdf:Description rdf:about="http://nl.dbpedia.org/resource/George_Gower">
    <owl:sameAs rdf:resource="http://dbpedia.org/resource/George_Gower" />
  </rdf:Description>
  <rdf:Description rdf:about="http://wikidata.dbpedia.org/resource/Q2126008">
    <owl:sameAs rdf:resource="http://dbpedia.org/resource/George_Gower" />
  </rdf:Description>
  <rdf:Description rdf:about="http://eo.dbpedia.org/resource/George_Gower">
    <owl:sameAs rdf:resource="http://dbpedia.org/resource/George_Gower" />
  </rdf:Description>
  <rdf:Description rdf:about="http://sv.dbpedia.org/resource/George_Gower">
    <owl:sameAs rdf:resource="http://dbpedia.org/resource/George_Gower" />
  </rdf:Description>
</rdf:RDF>
