<?xml version="1.0" encoding="utf-8" ?>
<rdf:RDF
	xmlns:rdf="http://www.w3.org/1999/02/22-rdf-syntax-ns#"
	xmlns:rdfs="http://www.w3.org/2000/01/rdf-schema#"
	xmlns:owl="http://www.w3.org/2002/07/owl#"
	xmlns:dcterms="http://purl.org/dc/terms/"
	xmlns:dbpedia-owl="http://dbpedia.org/ontology/"
	xmlns:foaf="http://xmlns.com/foaf/0.1/"
	xmlns:dbpprop="http://dbpedia.org/property/"
	xmlns:dc="http://purl.org/dc/elements/1.1/"
	xmlns:ns8="http://www.w3.org/ns/prov#" >
  <rdf:Description rdf:about="http://es.dbpedia.org/resource/George_Caleb_Bingham">
    <owl:sameAs rdf:resource="http://dbpedia.org/resource/George_Caleb_Bingham" />
  </rdf:Description>
  <rdf:Description rdf:about="http://pl.dbpedia.org/resource/George_Caleb_Bingham">
    <owl:sameAs rdf:resource="http://dbpedia.org/resource/George_Caleb_Bingham" />
  </rdf:Description>
  <rdf:Description rdf:about="http://dbpedia.org/resource/William_Bishop_(politician)">
    <dbpprop:before rdf:resource="http://dbpedia.org/resource/George_Caleb_Bingham" />
  </rdf:Description>
  <rdf:Description rdf:about="http://de.dbpedia.org/resource/George_Caleb_Bingham">
    <owl:sameAs rdf:resource="http://dbpedia.org/resource/George_Caleb_Bingham" />
  </rdf:Description>
  <rdf:Description rdf:about="http://fr.dbpedia.org/resource/George_Caleb_Bingham">
    <owl:sameAs rdf:resource="http://dbpedia.org/resource/George_Caleb_Bingham" />
  </rdf:Description>
  <rdf:Description rdf:about="http://it.dbpedia.org/resource/George_Caleb_Bingham">
    <owl:sameAs rdf:resource="http://dbpedia.org/resource/George_Caleb_Bingham" />
  </rdf:Description>
  <rdf:Description rdf:about="http://dbpedia.org/resource/John_Lewis_Krimmel">
    <dbpedia-owl:influenced rdf:resource="http://dbpedia.org/resource/George_Caleb_Bingham" />
    <dbpprop:influenced rdf:resource="http://dbpedia.org/resource/George_Caleb_Bingham" />
  </rdf:Description>
  <rdf:Description rdf:about="http://dbpedia.org/resource/George_Caleb_Bingham">
    <rdf:type rdf:resource="http://dbpedia.org/class/yago/PeopleFromAugustaCounty,Virginia" />
    <rdf:type rdf:resource="http://www.w3.org/2002/07/owl#Thing" />
    <rdf:type rdf:resource="http://dbpedia.org/class/yago/StateTreasurer110652605" />
    <rdf:type rdf:resource="http://dbpedia.org/class/yago/PeopleFromColumbia,Missouri" />
    <rdf:type rdf:resource="http://dbpedia.org/class/yago/Whole100003553" />
    <rdf:type rdf:resource="http://dbpedia.org/class/yago/Object100002684" />
    <rdf:type rdf:resource="http://dbpedia.org/class/yago/LivingThing100004258" />
    <rdf:type rdf:resource="http://dbpedia.org/class/yago/StateTreasurersOfMissouri" />
    <rdf:type rdf:resource="http://dbpedia.org/class/yago/Treasurer110727256" />
    <rdf:type rdf:resource="http://dbpedia.org/class/yago/MoneyHandler109624980" />
    <rdf:type rdf:resource="http://dbpedia.org/class/yago/Painter110391653" />
    <rdf:type rdf:resource="http://schema.org/Person" />
    <rdf:type rdf:resource="http://dbpedia.org/class/yago/Creator109614315" />
    <rdf:type rdf:resource="http://xmlns.com/foaf/0.1/Person" />
    <rdf:type rdf:resource="http://dbpedia.org/class/yago/YagoLegalActorGeo" />
    <rdf:type rdf:resource="http://dbpedia.org/class/yago/PeopleFromTheKansasCityMetropolitanArea" />
    <rdf:type rdf:resource="http://dbpedia.org/ontology/Person" />
    <rdf:type rdf:resource="http://dbpedia.org/class/yago/Person100007846" />
    <rdf:type rdf:resource="http://dbpedia.org/class/yago/PhysicalEntity100001930" />
    <rdf:type rdf:resource="http://dbpedia.org/class/yago/CausalAgent100007347" />
    <rdf:type rdf:resource="http://dbpedia.org/class/yago/Organism100004475" />
    <rdf:type rdf:resource="http://dbpedia.org/class/yago/YagoLegalActor" />
    <rdf:type rdf:resource="http://dbpedia.org/ontology/Artist" />
    <rdf:type rdf:resource="http://dbpedia.org/ontology/Agent" />
    <rdf:type rdf:resource="http://dbpedia.org/class/yago/AmericanPainters" />
    <rdf:type rdf:resource="http://dbpedia.org/class/yago/Artist109812338" />
    <owl:sameAs rdf:resource="http://nl.dbpedia.org/resource/George_Caleb_Bingham" />
    <owl:sameAs rdf:resource="http://de.dbpedia.org/resource/George_Caleb_Bingham" />
    <owl:sameAs rdf:resource="http://rdf.freebase.com/ns/m.01jj7m" />
    <owl:sameAs rdf:resource="http://yago-knowledge.org/resource/George_Caleb_Bingham" />
    <owl:sameAs rdf:resource="http://it.dbpedia.org/resource/George_Caleb_Bingham" />
    <owl:sameAs rdf:resource="http://es.dbpedia.org/resource/George_Caleb_Bingham" />
    <owl:sameAs rdf:resource="http://fr.dbpedia.org/resource/George_Caleb_Bingham" />
    <owl:sameAs rdf:resource="http://ca.dbpedia.org/resource/George_Caleb_Bingham" />
    <owl:sameAs rdf:resource="http://www.wikidata.org/entity/Q598030" />
    <owl:sameAs rdf:resource="http://dbpedia.org/resource/George_Caleb_Bingham" />
    <owl:sameAs rdf:resource="http://pl.dbpedia.org/resource/George_Caleb_Bingham" />
    <dcterms:subject rdf:resource="http://dbpedia.org/resource/Category:1879_deaths" />
    <dcterms:subject rdf:resource="http://dbpedia.org/resource/Category:State_treasurers_of_Missouri" />
    <dcterms:subject rdf:resource="http://dbpedia.org/resource/Category:People_from_Columbia,_Missouri" />
    <dcterms:subject rdf:resource="http://dbpedia.org/resource/Category:American_painters" />
    <dcterms:subject rdf:resource="http://dbpedia.org/resource/Category:University_of_Missouri_faculty" />
    <dcterms:subject rdf:resource="http://dbpedia.org/resource/Category:Luminism" />
    <dcterms:subject rdf:resource="http://dbpedia.org/resource/Category:People_from_Augusta_County,_Virginia" />
    <dcterms:subject rdf:resource="http://dbpedia.org/resource/Category:People_from_the_Kansas_City_metropolitan_area" />
    <dcterms:subject rdf:resource="http://dbpedia.org/resource/Category:1811_births" />
    <dbpedia-owl:abstract xml:lang="de">George Caleb Bingham war ein Maler der Düsseldorfer Malerschule und des amerikanischen Realismus sowie Politiker in Missouri.</dbpedia-owl:abstract>
    <dbpedia-owl:abstract xml:lang="pl">George Caleb Bingham - amerykański malarz należący do artystów pejzażowych nurtu luminizmu Urodził się jako jeden z siedmiu dzieci Henry Vest Bingham i Mary Amend. Był samoukiem. W 1838 roku wyjechał do Filadelfii a następnie do Nowego Jorku, gdzie poznawał malarstwo Wiliama Mounta. Początkowo malował sceny z życia zwykłych ludzi. Wówczas powstał cykl obrazów z przewoźnikami z rzeki Missouri. Swoje prace wystawiał w National Academy of Design. Dzieła zostały zauważone przez krytykę. W 1845 roku American Art Union zakupiła cztery dzieła artysty m. in. Handlarze futer na Missouri Pod koniec lat 40. Bingham malował obrazy o tematyce politycznej. Przedstawiał amerykanów podczas wyborów, ich zachowania i reakcje. W 1856 roku Wyjechał do Europy, do Düsseldorfu, gdzie studiował malarstwo. Po powrocie do Stanów zajął się polityką w miasteczku Missouri. Dzięki politycznym zainteresowaniom nawiązał kontakty z politykami z Waszyngtonu. Wykonał wiele portretów kongresmenów. Należał do partii Wigów. W czasie wojny secesyjnej walczył po stronie Unii, będąc adiutantem generała. Uwagi</dbpedia-owl:abstract>
    <dbpedia-owl:abstract xml:lang="fr">George Caleb Bingham est un peintre américain.</dbpedia-owl:abstract>
    <dbpedia-owl:abstract xml:lang="es">George Caleb Bingham fue un pintor estadounidense. Bingham pasó su infancia en Franklin, Misuri, donde su padre tenía una plantación de tabaco. Se formó como ebanista. Trabajó como retratista por todo el país. Luego estudió teología, derecho y arte, esto último en la Academia de Arte de Filadelfia, entre 1837 y 1838. George Bingham es el pintor del mito americano, representando escenas que destacan el papel positivo de los colonos en la contribución de la civilización a las tierras salvajes. Escenas de caza y vida diaria sobre los ríos (serie de los «barqueros») contribuyeron a forjar su renombre nacional a partir de 1840. Fue contratado por el Partido Demócrata y expresó su pasión por la política pintando una serie de cuadros que representan la alegría popular en los períodos de elecciones. George fue elegido para la Asamblea General del Estado de Misuri en 1848. Acudió a estudiar y formarse en Europa en 1856. Hasta 1859 estudió arte con los miembros de la escuela de Düsseldorf en la Academia de Bellas Artes de Düsseldorf, Alemania. Según los críticos, esto hizo que abandonara su estilo estadounidense rústico y evolucionara hacia un trazo más incisivo. A su regreso, comenzó a pintar menos, volviéndose hacia la política en los años posteriores a la Guerra Civil y sirviendo como tesorero del estado. También fue presidente del Consejo de comisionados de policía para Kansas City, Misuri en 1874, siendo nombrado primer jefe de policía. Hacia el final de su vida fue profesor de arte en la Universidad de Misuri–Columbia.</dbpedia-owl:abstract>
    <dbpedia-owl:abstract xml:lang="nl">Georg Caleb Bingham was een van de belangrijkste kunstschilders van het Amerikaanse Westen. Bingham volgde een opleiding aan de Pennsylvania Academy of the Fine Arts in Philadelphia. Na zijn studie reisde hij door Europa en later door Noord-Amerika om zich daarna in Missouri te vestigen. Hij schilderde landschappen en bezienswaardigheden, maar legde met name taferelen vast van de (snel verdwijnende) manier van leven. Het meest bekend is hij van zijn genrestukken van vlettermannen en pelsjagers in Missouri. Om zijn stijl te verbeteren ging hij terug naar Europa. Zijn tijd in Düsseldorf bracht volgens sommigen een tegenovergesteld effect: de karakteristieke eenvoud van zijn stijl ging verloren. Naast schilderen was hij politiek geëngageerd. In 1848 werd hij gekozen in de General Assembly van de staat Missouri, en na zijn terugkeer uit Europa in 1859, werd hij op verschillende politieke posten benoemd, hetgeen hem tegen het eind van zijn leven de bijnaam general Bingham opleverde.</dbpedia-owl:abstract>
    <dbpedia-owl:abstract xml:lang="it"></dbpedia-owl:abstract>
    <dbpedia-owl:abstract xml:lang="en">George Caleb Bingham (March 20, 1811 – July 7, 1879) was an American artist whose paintings of American life in the frontier lands along the Missouri River exemplify the Luminist style. Left to languish in obscurity, Bingham&#39;s work was rediscovered in the 1930s. By the time of his bicentennial in 2011, he was considered one of the greatest American painters of the 19th century. That year the George Caleb Bingham Catalogue Raisonné Supplement Of Paintings &amp; Drawings announced the authentication of ten recently discovered paintings by Bingham; like all but about 5% of his works, they are unsigned.</dbpedia-owl:abstract>
    <dbpedia-owl:birthDate rdf:datatype="http://www.w3.org/2001/XMLSchema#date">1811-03-20</dbpedia-owl:birthDate>
    <dbpedia-owl:birthPlace rdf:resource="http://dbpedia.org/resource/Augusta_County,_Virginia" />
    <dbpedia-owl:deathDate rdf:datatype="http://www.w3.org/2001/XMLSchema#date">1879-07-07</dbpedia-owl:deathDate>
    <dbpedia-owl:field rdf:resource="http://dbpedia.org/resource/Painting" />
    <dbpedia-owl:movement rdf:resource="http://dbpedia.org/resource/Luminism_(American_art_style)" />
    <dbpedia-owl:nationality rdf:resource="http://dbpedia.org/resource/United_States" />
    <dbpedia-owl:wikiPageID rdf:datatype="http://www.w3.org/2001/XMLSchema#integer">237980</dbpedia-owl:wikiPageID>
    <dbpedia-owl:wikiPageRevisionID rdf:datatype="http://www.w3.org/2001/XMLSchema#integer">544468118</dbpedia-owl:wikiPageRevisionID>
    <rdfs:label xml:lang="fr">George Caleb Bingham</rdfs:label>
    <rdfs:label xml:lang="nl">George Caleb Bingham</rdfs:label>
    <rdfs:label xml:lang="de">George Caleb Bingham</rdfs:label>
    <rdfs:label xml:lang="es">George Caleb Bingham</rdfs:label>
    <rdfs:label xml:lang="it">George Caleb Bingham</rdfs:label>
    <rdfs:label xml:lang="en">George Caleb Bingham</rdfs:label>
    <rdfs:label xml:lang="pl">George Caleb Bingham</rdfs:label>
    <foaf:depiction rdf:resource="http://upload.wikimedia.org/wikipedia/commons/c/cf/George_Caleb_Bingham_-_Self-Portrait_of_the_Artist.jpg" />
    <rdfs:comment xml:lang="de">George Caleb Bingham war ein Maler der Düsseldorfer Malerschule und des amerikanischen Realismus sowie Politiker in Missouri.</rdfs:comment>
    <rdfs:comment xml:lang="es">George Caleb Bingham fue un pintor estadounidense. Bingham pasó su infancia en Franklin, Misuri, donde su padre tenía una plantación de tabaco. Se formó como ebanista. Trabajó como retratista por todo el país. Luego estudió teología, derecho y arte, esto último en la Academia de Arte de Filadelfia, entre 1837 y 1838. George Bingham es el pintor del mito americano, representando escenas que destacan el papel positivo de los colonos en la contribución de la civilización a las tierras salvajes.</rdfs:comment>
    <rdfs:comment xml:lang="en">George Caleb Bingham (March 20, 1811 – July 7, 1879) was an American artist whose paintings of American life in the frontier lands along the Missouri River exemplify the Luminist style. Left to languish in obscurity, Bingham&#39;s work was rediscovered in the 1930s. By the time of his bicentennial in 2011, he was considered one of the greatest American painters of the 19th century.</rdfs:comment>
    <rdfs:comment xml:lang="fr">George Caleb Bingham est un peintre américain.</rdfs:comment>
    <rdfs:comment xml:lang="nl">Georg Caleb Bingham was een van de belangrijkste kunstschilders van het Amerikaanse Westen. Bingham volgde een opleiding aan de Pennsylvania Academy of the Fine Arts in Philadelphia. Na zijn studie reisde hij door Europa en later door Noord-Amerika om zich daarna in Missouri te vestigen. Hij schilderde landschappen en bezienswaardigheden, maar legde met name taferelen vast van de (snel verdwijnende) manier van leven.</rdfs:comment>
    <rdfs:comment xml:lang="pl">George Caleb Bingham - amerykański malarz należący do artystów pejzażowych nurtu luminizmu Urodził się jako jeden z siedmiu dzieci Henry Vest Bingham i Mary Amend. Był samoukiem. W 1838 roku wyjechał do Filadelfii a następnie do Nowego Jorku, gdzie poznawał malarstwo Wiliama Mounta. Początkowo malował sceny z życia zwykłych ludzi. Wówczas powstał cykl obrazów z przewoźnikami z rzeki Missouri. Swoje prace wystawiał w National Academy of Design. Dzieła zostały zauważone przez krytykę.</rdfs:comment>
    <rdfs:comment xml:lang="it"></rdfs:comment>
    <foaf:name xml:lang="en">George Caleb Bingham</foaf:name>
    <dbpedia-owl:thumbnail rdf:resource="http://upload.wikimedia.org/wikipedia/commons/thumb/c/cf/George_Caleb_Bingham_-_Self-Portrait_of_the_Artist.jpg/200px-George_Caleb_Bingham_-_Self-Portrait_of_the_Artist.jpg" />
    <dbpedia-owl:wikiPageExternalLink rdf:resource="http://collections.umfa.utah.edu/index.php/Detail/Entity/Show/entity_id/2323" />
    <dbpedia-owl:wikiPageExternalLink rdf:resource="http://www.slam.org/emuseum/code/emuseum.asp?style=Browse&amp;currentrecord=1&amp;page=search&amp;profile=objects&amp;searchdesc=57:1934&amp;quicksearch=57:1934&amp;newvalues=1&amp;newstyle=single&amp;newcurrentrecord=1" />
    <dbpedia-owl:wikiPageExternalLink rdf:resource="http://collection.corcoran.org/collection/work/cottage-scenery?apcat=1" />
    <dbpedia-owl:wikiPageExternalLink rdf:resource="http://www.georgecalebbingham.org/index.htm" />
    <dbpedia-owl:wikiPageExternalLink rdf:resource="http://www.slam.org/emuseum/code/emuseum.asp?style=Browse&amp;currentrecord=1&amp;page=search&amp;profile=objects&amp;searchdesc=The%20Belated%20Wayfarers&amp;quicksearch=The%20Belated%20Wayfarers&amp;newvalues=1&amp;newstyle=single&amp;newcurrentrecord=1" />
    <dbpedia-owl:wikiPageExternalLink rdf:resource="http://www.slam.org/emuseum/code/emuseum.asp?style=Browse&amp;currentrecord=1&amp;page=search&amp;profile=objects&amp;searchdesc=The%20Dull%20Story&amp;quicksearch=The%20Dull%20Story&amp;newvalues=1&amp;newstyle=single&amp;newcurrentrecord=1" />
    <dbpedia-owl:wikiPageExternalLink rdf:resource="http://www.slam.org/emuseum/code/emuseum.asp?style=Browse&amp;currentrecord=1&amp;page=search&amp;profile=objects&amp;searchdesc=george%20caleb......&amp;quicksearch=george%20caleb&amp;newvalues=1&amp;newstyle=single&amp;newcurrentrecord=1" />
    <dbpedia-owl:wikiPageExternalLink rdf:resource="http://www.slam.org/emuseum/code/emuseum.asp?style=Browse&amp;currentrecord=1&amp;page=search&amp;profile=objects&amp;searchdesc=Judge%20Henry%20Lewis&amp;quicksearch=Judge%20Henry%20Lewis&amp;newvalues=1&amp;newstyle=single&amp;newcurrentrecord=1" />
    <dbpedia-owl:wikiPageExternalLink rdf:resource="http://www.slam.org/emuseum/code/emuseum.asp?style=Browse&amp;currentrecord=1&amp;page=search&amp;profile=objects&amp;searchdesc=Landscape%20with%20Cattle&amp;quicksearch=Landscape%20with%20Cattle&amp;newvalues=1&amp;newstyle=single&amp;newcurrentrecord=1" />
    <dbpedia-owl:wikiPageExternalLink rdf:resource="http://www.slam.org/emuseum/code/emuseum.asp?style=Browse&amp;currentrecord=1&amp;page=search&amp;profile=objects&amp;searchdesc=Mrs.%20Henry%20Lewis&amp;quicksearch=Mrs.%20Henry%20Lewis&amp;newvalues=1&amp;newstyle=single&amp;newcurrentrecord=1" />
    <dbpedia-owl:wikiPageExternalLink rdf:resource="http://www.slam.org/emuseum/code/emuseum.asp?style=Browse&amp;currentrecord=1&amp;page=search&amp;profile=objects&amp;searchdesc=Old%20Field%20Horse&amp;quicksearch=Old%20Field%20Horse&amp;newvalues=1&amp;newstyle=single&amp;newcurrentrecord=1" />
    <dbpedia-owl:wikiPageExternalLink rdf:resource="http://www.slam.org/emuseum/code/emuseum.asp?style=Browse&amp;currentrecord=1&amp;page=search&amp;profile=objects&amp;searchdesc=Oscar%20Fitzland%20Potter&amp;quicksearch=Oscar%20Fitzland%20Potter&amp;newvalues=1&amp;newstyle=single&amp;newcurrentrecord=1" />
    <dbpprop:after rdf:resource="http://dbpedia.org/resource/William_Bishop_(politician)" />
    <dbpprop:before rdf:resource="http://dbpedia.org/resource/Alfred_William_Morrison" />
    <dbpprop:bgcolour xml:lang="en">#6495ED</dbpprop:bgcolour>
    <dbpprop:birthDate rdf:datatype="http://www.w3.org/2001/XMLSchema#date">1811-03-20</dbpprop:birthDate>
    <dbpprop:birthPlace rdf:resource="http://dbpedia.org/resource/Augusta_County,_Virginia" />
    <dbpprop:caption xml:lang="en">A self-portrait by George Caleb Bingham, painted 1834-35</dbpprop:caption>
    <dbpprop:dateOfBirth rdf:datatype="http://www.w3.org/2001/XMLSchema#date">1811-03-20</dbpprop:dateOfBirth>
    <dbpprop:dateOfDeath rdf:datatype="http://www.w3.org/2001/XMLSchema#date">1879-07-07</dbpprop:dateOfDeath>
    <dbpprop:deathDate rdf:datatype="http://www.w3.org/2001/XMLSchema#date">1879-07-07</dbpprop:deathDate>
    <dbpprop:field rdf:resource="http://dbpedia.org/resource/Painting" />
    <dbpprop:movement rdf:resource="http://dbpedia.org/resource/Luminism_(American_art_style)" />
    <dbpprop:name xml:lang="en">Bingham, George Caleb</dbpprop:name>
    <dbpprop:name xml:lang="en">George Caleb Bingham</dbpprop:name>
    <dbpprop:nationality rdf:resource="http://dbpedia.org/resource/United_States" />
    <dbpprop:placeOfBirth rdf:resource="http://dbpedia.org/resource/Augusta_County,_Virginia" />
    <dbpprop:shortDescription xml:lang="en">American artist</dbpprop:shortDescription>
    <dbpprop:title rdf:resource="http://dbpedia.org/resource/State_Treasurer_of_Missouri" />
    <dbpprop:training xml:lang="en">taught by study of prints of Old Masters and copybooks</dbpprop:training>
    <dbpprop:years rdf:datatype="http://www.w3.org/2001/XMLSchema#integer">1862</dbpprop:years>
    <foaf:givenName xml:lang="en">George Caleb</foaf:givenName>
    <foaf:isPrimaryTopicOf rdf:resource="http://en.wikipedia.org/wiki/George_Caleb_Bingham" />
    <dc:description xml:lang="en">American artist</dc:description>
    <ns8:wasDerivedFrom rdf:resource="http://en.wikipedia.org/wiki/George_Caleb_Bingham?oldid=544468118" />
    <dbpprop:hasPhotoCollection rdf:resource="http://wifo5-03.informatik.uni-mannheim.de/flickrwrappr/photos/George_Caleb_Bingham" />
    <foaf:surname xml:lang="en">Bingham</foaf:surname>
  </rdf:Description>
  <rdf:Description rdf:about="http://dbpedia.org/resource/Alfred_William_Morrison">
    <dbpprop:after rdf:resource="http://dbpedia.org/resource/George_Caleb_Bingham" />
  </rdf:Description>
  <rdf:Description rdf:about="http://dbpedia.org/resource/Fur_Traders_Descending_the_Missouri">
    <dbpedia-owl:author rdf:resource="http://dbpedia.org/resource/George_Caleb_Bingham" />
    <dbpprop:artist rdf:resource="http://dbpedia.org/resource/George_Caleb_Bingham" />
  </rdf:Description>
  <rdf:Description rdf:about="http://en.wikipedia.org/wiki/George_Caleb_Bingham">
    <foaf:primaryTopic rdf:resource="http://dbpedia.org/resource/George_Caleb_Bingham" />
  </rdf:Description>
  <rdf:Description rdf:about="http://nl.dbpedia.org/resource/George_Caleb_Bingham">
    <owl:sameAs rdf:resource="http://dbpedia.org/resource/George_Caleb_Bingham" />
  </rdf:Description>
  <rdf:Description rdf:about="http://wikidata.dbpedia.org/resource/Q598030">
    <owl:sameAs rdf:resource="http://dbpedia.org/resource/George_Caleb_Bingham" />
  </rdf:Description>
  <rdf:Description rdf:about="http://ca.dbpedia.org/resource/George_Caleb_Bingham">
    <owl:sameAs rdf:resource="http://dbpedia.org/resource/George_Caleb_Bingham" />
  </rdf:Description>
</rdf:RDF>
