<?xml version="1.0" encoding="utf-8" ?>
<rdf:RDF
	xmlns:rdf="http://www.w3.org/1999/02/22-rdf-syntax-ns#"
	xmlns:rdfs="http://www.w3.org/2000/01/rdf-schema#"
	xmlns:owl="http://www.w3.org/2002/07/owl#"
	xmlns:dcterms="http://purl.org/dc/terms/"
	xmlns:dbpedia-owl="http://dbpedia.org/ontology/"
	xmlns:foaf="http://xmlns.com/foaf/0.1/"
	xmlns:dbpprop="http://dbpedia.org/property/"
	xmlns:dc="http://purl.org/dc/elements/1.1/"
	xmlns:ns8="http://www.w3.org/ns/prov#" >
  <rdf:Description rdf:about="http://dbpedia.org/resource/Grant_Wood">
    <rdf:type rdf:resource="http://dbpedia.org/class/yago/LGBTArtistsFromTheUnitedStates" />
    <rdf:type rdf:resource="http://dbpedia.org/class/yago/PeopleFromJonesCounty,Iowa" />
    <rdf:type rdf:resource="http://dbpedia.org/class/yago/Whole100003553" />
    <rdf:type rdf:resource="http://dbpedia.org/class/yago/PhysicalEntity100001930" />
    <rdf:type rdf:resource="http://schema.org/Person" />
    <rdf:type rdf:resource="http://dbpedia.org/class/yago/PeopleFromCedarRapids,Iowa" />
    <rdf:type rdf:resource="http://dbpedia.org/class/yago/Artist109812338" />
    <rdf:type rdf:resource="http://dbpedia.org/class/yago/Creator109614315" />
    <rdf:type rdf:resource="http://dbpedia.org/class/yago/CausalAgent100007347" />
    <rdf:type rdf:resource="http://dbpedia.org/class/yago/Organism100004475" />
    <rdf:type rdf:resource="http://dbpedia.org/class/yago/YagoLegalActor" />
    <rdf:type rdf:resource="http://dbpedia.org/class/yago/PeopleOfTheNewDealArtsProjects" />
    <rdf:type rdf:resource="http://dbpedia.org/class/yago/YagoLegalActorGeo" />
    <rdf:type rdf:resource="http://www.w3.org/2002/07/owl#Thing" />
    <rdf:type rdf:resource="http://xmlns.com/foaf/0.1/Person" />
    <rdf:type rdf:resource="http://dbpedia.org/class/yago/Person100007846" />
    <rdf:type rdf:resource="http://dbpedia.org/class/yago/GayArtists" />
    <rdf:type rdf:resource="http://dbpedia.org/ontology/Person" />
    <rdf:type rdf:resource="http://dbpedia.org/ontology/Artist" />
    <rdf:type rdf:resource="http://dbpedia.org/ontology/Agent" />
    <rdf:type rdf:resource="http://dbpedia.org/class/yago/PeopleFromParkRidge,Illinois" />
    <rdf:type rdf:resource="http://dbpedia.org/class/yago/LivingThing100004258" />
    <rdf:type rdf:resource="http://dbpedia.org/class/yago/AmericanPrintmakers" />
    <rdf:type rdf:resource="http://dbpedia.org/class/yago/AmericanPainters" />
    <rdf:type rdf:resource="http://dbpedia.org/class/yago/Object100002684" />
    <rdf:type rdf:resource="http://dbpedia.org/class/yago/Painter110391653" />
    <rdf:type rdf:resource="http://dbpedia.org/class/yago/ArtistsFromIowa" />
    <rdf:type rdf:resource="http://dbpedia.org/class/yago/Printmaker110475687" />
    <owl:sameAs rdf:resource="http://es.dbpedia.org/resource/Grant_Wood" />
    <owl:sameAs rdf:resource="http://tr.dbpedia.org/resource/Grant_Wood" />
    <owl:sameAs rdf:resource="http://it.dbpedia.org/resource/Grant_Wood" />
    <owl:sameAs rdf:resource="http://sv.dbpedia.org/resource/Grant_Wood" />
    <owl:sameAs rdf:resource="http://dbpedia.org/resource/Grant_Wood" />
    <owl:sameAs rdf:resource="http://sh.dbpedia.org/resource/Grant_Wood" />
    <owl:sameAs rdf:resource="http://no.dbpedia.org/resource/Grant_Wood" />
    <owl:sameAs rdf:resource="http://nn.dbpedia.org/resource/Grant_Wood" />
    <owl:sameAs rdf:resource="http://www.wikidata.org/entity/Q217434" />
    <owl:sameAs rdf:resource="http://war.dbpedia.org/resource/Grant_Wood" />
    <owl:sameAs rdf:resource="http://be_x_old.dbpedia.org/resource/Грант_Ўуд" />
    <owl:sameAs rdf:resource="http://da.dbpedia.org/resource/Grant_Wood" />
    <owl:sameAs rdf:resource="http://yago-knowledge.org/resource/Grant_Wood" />
    <owl:sameAs rdf:resource="http://nl.dbpedia.org/resource/Grant_Wood" />
    <owl:sameAs rdf:resource="http://la.dbpedia.org/resource/Grant_Wood" />
    <owl:sameAs rdf:resource="http://zh.dbpedia.org/resource/格兰特·伍德" />
    <owl:sameAs rdf:resource="http://pl.dbpedia.org/resource/Grant_Wood" />
    <owl:sameAs rdf:resource="http://de.dbpedia.org/resource/Grant_Wood" />
    <owl:sameAs rdf:resource="http://ja.dbpedia.org/resource/グラント・ウッド" />
    <owl:sameAs rdf:resource="http://he.dbpedia.org/resource/גרנט_ווד" />
    <owl:sameAs rdf:resource="http://ru.dbpedia.org/resource/Вуд,_Грант" />
    <owl:sameAs rdf:resource="http://az.dbpedia.org/resource/Qrant_Vud" />
    <owl:sameAs rdf:resource="http://cs.dbpedia.org/resource/Grant_Wood" />
    <owl:sameAs rdf:resource="http://fr.dbpedia.org/resource/Grant_Wood" />
    <owl:sameAs rdf:resource="http://rdf.freebase.com/ns/m.01k69k" />
    <owl:sameAs rdf:resource="http://sw.cyc.com/concept/Mx4rwLH5E5wpEbGdrcN5Y29ycA" />
    <owl:sameAs rdf:resource="http://hu.dbpedia.org/resource/Grant_Wood" />
    <owl:sameAs rdf:resource="http://be.dbpedia.org/resource/Грант_Вуд" />
    <owl:sameAs rdf:resource="http://fi.dbpedia.org/resource/Grant_Wood" />
    <owl:sameAs rdf:resource="http://ka.dbpedia.org/resource/გრანტ_ვუდი" />
    <dcterms:subject rdf:resource="http://dbpedia.org/resource/Category:People_from_Park_Ridge,_Illinois" />
    <dcterms:subject rdf:resource="http://dbpedia.org/resource/Category:People_from_Jones_County,_Iowa" />
    <dcterms:subject rdf:resource="http://dbpedia.org/resource/Category:LGBT_artists_from_the_United_States" />
    <dcterms:subject rdf:resource="http://dbpedia.org/resource/Category:Archives_of_American_Art_related" />
    <dcterms:subject rdf:resource="http://dbpedia.org/resource/Category:People_of_the_New_Deal_arts_projects" />
    <dcterms:subject rdf:resource="http://dbpedia.org/resource/Category:Artists_from_Iowa" />
    <dcterms:subject rdf:resource="http://dbpedia.org/resource/Category:Gay_artists" />
    <dcterms:subject rdf:resource="http://dbpedia.org/resource/Category:1891_births" />
    <dcterms:subject rdf:resource="http://dbpedia.org/resource/Category:School_of_the_Art_Institute_of_Chicago_alumni" />
    <dcterms:subject rdf:resource="http://dbpedia.org/resource/Category:1942_deaths" />
    <dcterms:subject rdf:resource="http://dbpedia.org/resource/Category:People_from_Cedar_Rapids,_Iowa" />
    <dcterms:subject rdf:resource="http://dbpedia.org/resource/Category:American_printmakers" />
    <dcterms:subject rdf:resource="http://dbpedia.org/resource/Category:American_painters" />
    <dcterms:subject rdf:resource="http://dbpedia.org/resource/Category:University_of_Iowa_faculty" />
    <dbpedia-owl:abstract xml:lang="sv">Grant Wood, född 13 februari 1892 i Anamosa, Iowa, USA, död 12 februari 1942, amerikansk målare. Woods stil hade påverkats av besök i Europa på 1920-talet, av det flamländska och tyska 1400- och 1500-talsmåleriet samt rörelsen nya sakligheten. Den tekniska precision och stilisering som utmärker hans verk har också drag av amerikansk folkkonst. Hans mest kända målningar är Amerikansk gotik (1930) och Revolutionens döttrar (1932), där det också ingår ett starkt satiriskt drag.</dbpedia-owl:abstract>
    <dbpedia-owl:abstract xml:lang="zh">格兰特·伍德（Grant Wood，1891年2月13日－1942年2月12日），美國畫家，出生于艾奥瓦州阿纳穆斯。1930年因创作画《美国哥特式》而一举成名，该作品也是美国艺术史上最著名的作品之一，也是为数不多的公认的文化标志之一，与列奥纳多·达·芬奇的《蒙娜丽莎》和爱德华·孟克的《呐喊》相提并论。画中体现了美国农民庄严自豪。他的灵感来自于古老农舍的哥特式窗户，但画中人物的脸是此画举世瞩目的地方。</dbpedia-owl:abstract>
    <dbpedia-owl:abstract xml:lang="ru">Грант Деволсон Вуд — американский художник, известный в основном картинами, посвящёнными сельской жизни американского Среднего Запада. Автор знаменитой картины «Американская готика» В 1913 Вуд поступил в Школу Искусств Чикагского Университета, занимался изготовлением ювелирных изделий из серебра. С 1920 по 1928 совершил четыре поездки в Европу, где изучал различные живописные стили, в частности импрессионизм и постимпрессионизм. Больше всего на него повлияло, однако, творчество Яна Ван Эйка, у которого он взял четкость и ясность своей новой техники. В 1932 Вуд основал Каменный город колонию искусств Stone City Art Colony недалеко от своего родного города, целью которой было помочь художникам выжить во время Великой Депрессии. Вуд преподавал живопись в Школе Искусств Айовского Университета с 1934 по 1941. Также он курировал проекты настенной росписи, консультировал студентов, писал собственные произведения. 12 февраля 1942, за день до своего пятьдесят первого дня рождения, Вуд скончался в университетском госпитале от рака поджелудочной железы. Самая известная картина Гранта Вуда (1891 – 1942) «Американская Готика» (1930) - одно из наиболее узнаваемых произведений американского искусства. Наверно, по уровню культурной знаковости эту картину можно без преувеличений сравнить с «Моной Лизой» да Винчи или с «Криком» Эдварда Мунка. Впервые она выставлялась Чикагском Институте Искусств в 1930 г. , там же она хранится и сегодня. За эту картину Вуд получил премию в размере 300 долларов, и почти мгновенную славу. Образ стал расхожим, его используют и в рекламе, и в мультфильмах, и в карикатурах. Самобытность и многогранность этого произведения, обеспечившие ему всемирную славу, прежде всего в самом, очень мощном визуальном образе, но и помимо этого, в возможности самых различных трактовок – вплоть до прямо противоположных. Художественные критики, благосклонно настроенные по отношению к данному произведению, например, Гертруда Стайн и Кристофер Морли, считали его острой сатирой на замкнутость и узколобость жителей маленьких провинциальных городков. Сам же Вуд отрицал такое прочтение: с наступлением Великой Депрессии он видел в сельской Америке мужество и упрямство первопроходцев, пионерский дух и решимость в преодолении любых препятствий. Ещё одна трактовка предполагает смешение почтительности и легкой насмешки. Вуд вдохновлялся неоготическим стилем особнячка Элдона (южная Айова), особенно четко эти неоготические черты просматриваются в арочном окошке на втором этаже. Вуд решил изобразить этот дом, а на переднем плане людей, которые, по его мнению, должны были бы жить в нем. На картине изображен фермер рядом со своей дочерью, старой девой. Художнику позировали его дантист и его сестра Нэн (1900-1990). Сестра Вуда как раз и настаивала на версии, что на картине изображена дочь фермера, а никак не жена, так как ей хотелось думать о себе как о более молодой женщине. На женщине передник с рисунком колониальных времен, вилы в руке фермера призваны олицетворять тяжелый труд, позы и выражение героев картины заставляют думать о традиционном, патриархальном укладе жизни. Пристальные, напряженные, почти застывшие взгляды карих и голубых глаз завораживают и пугают. Что они видят? Заботы и хлопоты повседневности, неурожаи, бытовые проблемы, болезни? Или несмотря на всю пристальность взглядов, они зафиксированы на пустоте – время остановилось, и герои проваливаются в черную дыру небытия из своего перегруженного материальностью мира? Композиционная строгость и проработанность деталей отсылают нас к Северному Возрождению, которое Грант особенно пристально изучал во время своих посещений Европы. Также он бережно относится и к достоверности в передаче атмосферы и деталей быта Среднего Запада, и это ключевая черта направления Регионализма. Имя Вуда тесно связано с Американским движением, вошедшим в историю искусства под именем регионализма, изначально распространившимся на Среднем Западе. Представители этого движения предпочитали изображать в реалистичной форме сцены из жизни американской глубинки в противовес европейскому абстракционизму. Вуд был одним из трех художников, более всего ассоциируемых с этим движением. Остальные, Джон Стюарт Карри и Томас Харт Бентон, благодаря покровительству Вуда получили места преподавателей в колледжах Висконсина и Канзаса.</dbpedia-owl:abstract>
    <dbpedia-owl:abstract xml:lang="fr">Grant Wood est un peintre américain. Il est surtout connu pour ses peintures du Middle West rural américain.</dbpedia-owl:abstract>
    <dbpedia-owl:abstract xml:lang="en">Grant DeVolson Wood (February 13, 1891 – February 12, 1942) was an American painter born four miles east of Anamosa, Iowa. He is best known for his paintings depicting the rural American Midwest, particularly the painting American Gothic, an iconic image of the 20th century.</dbpedia-owl:abstract>
    <dbpedia-owl:abstract xml:lang="de">Grant DeVolson Wood, genannt Grant Wood, war ein US-amerikanischer Maler des amerikanischen Regionalismus der 1930er Jahre. Sein Bild aus dem Jahr 1930, American Gothic, machte ihn international bekannt.</dbpedia-owl:abstract>
    <dbpedia-owl:abstract xml:lang="pl">Grant Wood − jeden z najwybitniejszych malarzy amerykańskich. Najwybitniejszym jego dziełem jest obraz American Gothic. W swojej sztuce łączył wątki anglosaskiego gotycyzmu z prowincjonalnym prymitywizmem. W stanie Iowa gdzie mieszkał przez całe życie założył kolonię artystów.</dbpedia-owl:abstract>
    <dbpedia-owl:abstract xml:lang="it"></dbpedia-owl:abstract>
    <dbpedia-owl:abstract xml:lang="nl">Grant DeVolsen Wood was een Amerikaans kunstschilder. Hij wordt gerekend tot de stroming van het realisme.</dbpedia-owl:abstract>
    <dbpedia-owl:abstract xml:lang="ja">グラント・ウッド（Grant Wood, 1891年2月13日 - 1942年2月12日）はアメリカ合衆国アイオワ州出身の画家。</dbpedia-owl:abstract>
    <dbpedia-owl:abstract xml:lang="es">Grant DeVolson Wood fue un pintor estadounidense. Se le conoce sobre todo por sus pinturas representando el Medio Oeste rural estadounidense. Se le considera uno de los pintores de la Escuela Ashcan, que a través de Arshile Gorky llevó al Expresionismo abstracto posterior a la Segunda Guerra Mundial. Su familia se trasladó a Cedar Rapids después de que el padre muriera en 1901. Muy pronto comenzó a trabajar como aprendiz en una metalistería local. Después de graduarse en la Washington High School (Cedar Rapids, Iowa), Wood ingresó en una escuela de arte de Minneapolis en 1910, y regresó un año más tarde para enseñar en una escuela de una sola habitación. En 1913 acudió al Art Institute of Chicago e hizo algún trabajo como platero. Regresó de nuevo a Cedar Rapids para enseñar a estudiantes de la Junior High después de servir en el ejército como pintor de camuflaje. Desde 1920 hasta 1928 hizo cuatro viajes a Europa, donde estudió muchos estilos de pintura, especialmente el impresionismo. Pero fue la obra de Jan Van Eyck la que le influyó para adquirir la claridad de esta nueva técnica e incorporarla a sus nuevas obras. Desde 1924 hasta 1935 Wood vivió en la planta alta de un garaje que él convirtió en su estudio personal en "5 Turner Alley" (el taller no tuvo dirección hasta que Wood hizo una él mismo). En 1932, Wood ayudó a fundar la Stone City Art Colony cerca de su ciudad natal para ayudar a los artistas durante la Gran Depresión. Se convirtió en un gran defensor del regionalismo en las artes, dando conferencias por todo el país sobre este tema. Wood enseñó pintura en la Escuela de Arte de la Universidad de Iowa desde 1934, lo que le llevó a trasladarse a Iowa City. Durante ese tiempo, supervisó proyectos de pintura mural, tuteló a estudiantes, produjo una variedad de obras propias, y se convirtió en pieza clave de la comunidad cultural de la Universidad. El 12 de febrero de 1942, el día anterior a su 51. º cumpleaños, Wood murió en el hospital de la universidad.</dbpedia-owl:abstract>
    <dbpedia-owl:birthPlace rdf:resource="http://dbpedia.org/resource/Anamosa,_Iowa" />
    <dbpedia-owl:deathPlace rdf:resource="http://dbpedia.org/resource/Iowa_City,_Iowa" />
    <dbpedia-owl:field rdf:resource="http://dbpedia.org/resource/Painting" />
    <dbpedia-owl:influencedBy rdf:resource="http://dbpedia.org/resource/Jan_van_Eyck" />
    <dbpedia-owl:movement rdf:resource="http://dbpedia.org/resource/Regionalism_(art)" />
    <dbpedia-owl:training rdf:resource="http://dbpedia.org/resource/School_of_the_Art_Institute_of_Chicago" />
    <dbpedia-owl:wikiPageID rdf:datatype="http://www.w3.org/2001/XMLSchema#integer">242596</dbpedia-owl:wikiPageID>
    <dbpedia-owl:wikiPageRevisionID rdf:datatype="http://www.w3.org/2001/XMLSchema#integer">545809765</dbpedia-owl:wikiPageRevisionID>
    <rdfs:label xml:lang="de">Grant Wood</rdfs:label>
    <rdfs:label xml:lang="it">Grant Wood</rdfs:label>
    <rdfs:label xml:lang="pl">Grant Wood</rdfs:label>
    <rdfs:label xml:lang="ru">Вуд, Грант</rdfs:label>
    <rdfs:label xml:lang="en">Grant Wood</rdfs:label>
    <rdfs:label xml:lang="fr">Grant Wood</rdfs:label>
    <rdfs:label xml:lang="nl">Grant Wood</rdfs:label>
    <rdfs:label xml:lang="ja">グラント・ウッド</rdfs:label>
    <rdfs:label xml:lang="zh">格兰特·伍德</rdfs:label>
    <rdfs:label xml:lang="sv">Grant Wood</rdfs:label>
    <rdfs:label xml:lang="es">Grant Wood</rdfs:label>
    <foaf:depiction rdf:resource="http://upload.wikimedia.org/wikipedia/commons/0/02/Grant_Wood.jpg" />
    <rdfs:comment xml:lang="es">Grant DeVolson Wood fue un pintor estadounidense. Se le conoce sobre todo por sus pinturas representando el Medio Oeste rural estadounidense. Se le considera uno de los pintores de la Escuela Ashcan, que a través de Arshile Gorky llevó al Expresionismo abstracto posterior a la Segunda Guerra Mundial. Su familia se trasladó a Cedar Rapids después de que el padre muriera en 1901. Muy pronto comenzó a trabajar como aprendiz en una metalistería local.</rdfs:comment>
    <rdfs:comment xml:lang="ja">グラント・ウッド（Grant Wood, 1891年2月13日 - 1942年2月12日）はアメリカ合衆国アイオワ州出身の画家。</rdfs:comment>
    <rdfs:comment xml:lang="ru">Грант Деволсон Вуд — американский художник, известный в основном картинами, посвящёнными сельской жизни американского Среднего Запада. Автор знаменитой картины «Американская готика» В 1913 Вуд поступил в Школу Искусств Чикагского Университета, занимался изготовлением ювелирных изделий из серебра. С 1920 по 1928 совершил четыре поездки в Европу, где изучал различные живописные стили, в частности импрессионизм и постимпрессионизм.</rdfs:comment>
    <rdfs:comment xml:lang="it"></rdfs:comment>
    <rdfs:comment xml:lang="nl">Grant DeVolsen Wood was een Amerikaans kunstschilder. Hij wordt gerekend tot de stroming van het realisme.</rdfs:comment>
    <rdfs:comment xml:lang="de">Grant DeVolson Wood, genannt Grant Wood, war ein US-amerikanischer Maler des amerikanischen Regionalismus der 1930er Jahre. Sein Bild aus dem Jahr 1930, American Gothic, machte ihn international bekannt.</rdfs:comment>
    <rdfs:comment xml:lang="sv">Grant Wood, född 13 februari 1892 i Anamosa, Iowa, USA, död 12 februari 1942, amerikansk målare. Woods stil hade påverkats av besök i Europa på 1920-talet, av det flamländska och tyska 1400- och 1500-talsmåleriet samt rörelsen nya sakligheten. Den tekniska precision och stilisering som utmärker hans verk har också drag av amerikansk folkkonst. Hans mest kända målningar är Amerikansk gotik (1930) och Revolutionens döttrar (1932), där det också ingår ett starkt satiriskt drag.</rdfs:comment>
    <rdfs:comment xml:lang="zh">格兰特·伍德（Grant Wood，1891年2月13日－1942年2月12日），美國畫家，出生于艾奥瓦州阿纳穆斯。1930年因创作画《美国哥特式》而一举成名，该作品也是美国艺术史上最著名的作品之一，也是为数不多的公认的文化标志之一，与列奥纳多·达·芬奇的《蒙娜丽莎》和爱德华·孟克的《呐喊》相提并论。画中体现了美国农民庄严自豪。他的灵感来自于古老农舍的哥特式窗户，但画中人物的脸是此画举世瞩目的地方。</rdfs:comment>
    <rdfs:comment xml:lang="fr">Grant Wood est un peintre américain. Il est surtout connu pour ses peintures du Middle West rural américain.</rdfs:comment>
    <rdfs:comment xml:lang="pl">Grant Wood − jeden z najwybitniejszych malarzy amerykańskich. Najwybitniejszym jego dziełem jest obraz American Gothic. W swojej sztuce łączył wątki anglosaskiego gotycyzmu z prowincjonalnym prymitywizmem. W stanie Iowa gdzie mieszkał przez całe życie założył kolonię artystów.</rdfs:comment>
    <rdfs:comment xml:lang="en">Grant DeVolson Wood (February 13, 1891 – February 12, 1942) was an American painter born four miles east of Anamosa, Iowa. He is best known for his paintings depicting the rural American Midwest, particularly the painting American Gothic, an iconic image of the 20th century.</rdfs:comment>
    <foaf:name xml:lang="en">Grant Wood</foaf:name>
    <foaf:name xml:lang="en">Grant DeVolson Wood</foaf:name>
    <dbpedia-owl:thumbnail rdf:resource="http://upload.wikimedia.org/wikipedia/commons/thumb/0/02/Grant_Wood.jpg/200px-Grant_Wood.jpg" />
    <dbpedia-owl:wikiPageExternalLink rdf:resource="http://www.bobolinkbooks.com/DesignHist/WoodWright.html" />
    <dbpedia-owl:wikiPageExternalLink rdf:resource="http://www.tendreams.org/wood.htm" />
    <dbpedia-owl:wikiPageExternalLink rdf:resource="http://www.aaa.si.edu/collectionsonline/woodgrap/" />
    <dbpedia-owl:wikiPageExternalLink rdf:resource="http://xroads.virginia.edu/~MA98/haven/wood/home.html" />
    <dbpedia-owl:wikiPageExternalLink rdf:resource="http://digital.lib.uiowa.edu/grantwood" />
    <dbpedia-owl:wikiPageExternalLink rdf:resource="http://figgeart.org/Grant-Wood.aspx" />
    <dbpedia-owl:wikiPageExternalLink rdf:resource="http://www.artcyclopedia.com/artists/wood_grant.html" />
    <dbpedia-owl:wikiPageExternalLink rdf:resource="http://www.grantwoodstudio.org/index.html" />
    <dbpedia-owl:wikiPageExternalLink rdf:resource="http://weeklystandard.com/Content/Public/Articles/000/000/011/904sbwjz.asp" />
    <dbpedia-owl:wikiPageExternalLink rdf:resource="http://webs.cedar-rapids.net/kwradio/" />
    <dbpedia-owl:wikiPageExternalLink rdf:resource="http://www.crma.org/collection/wood/wood.htm" />
    <dbpedia-owl:wikiPageExternalLink rdf:resource="http://www.siouxcityartcenter.com/exhibitions/introduction.asp?key=131" />
    <dbpedia-owl:wikiPageExternalLink rdf:resource="http://www.museumsyndicate.com/artist.php?artist=62" />
    <dbpprop:birthDate rdf:datatype="http://www.w3.org/2001/XMLSchema#date">1891-02-13</dbpprop:birthDate>
    <dbpprop:birthName xml:lang="en">Grant DeVolson Wood</dbpprop:birthName>
    <dbpprop:birthPlace rdf:resource="http://dbpedia.org/resource/Anamosa,_Iowa" />
    <dbpprop:caption xml:lang="en">Self-portrait, 1932</dbpprop:caption>
    <dbpprop:dateOfBirth rdf:datatype="http://www.w3.org/2001/XMLSchema#integer">1891</dbpprop:dateOfBirth>
    <dbpprop:dateOfDeath rdf:datatype="http://www.w3.org/2001/XMLSchema#integer">1942</dbpprop:dateOfDeath>
    <dbpprop:deathDate rdf:datatype="http://www.w3.org/2001/XMLSchema#date">1942-02-12</dbpprop:deathDate>
    <dbpprop:deathPlace rdf:resource="http://dbpedia.org/resource/Iowa_City,_Iowa" />
    <dbpprop:field rdf:resource="http://dbpedia.org/resource/Painting" />
    <dbpprop:influencedBy rdf:resource="http://dbpedia.org/resource/Jan_van_Eyck" />
    <dbpprop:movement rdf:resource="http://dbpedia.org/resource/Regionalism_(art)" />
    <dbpprop:name xml:lang="en">Wood, Grant DeVolson</dbpprop:name>
    <dbpprop:name xml:lang="en">Grant Wood</dbpprop:name>
    <dbpprop:nationality xml:lang="en">American</dbpprop:nationality>
    <dbpprop:placeOfBirth rdf:resource="http://dbpedia.org/resource/Anamosa,_Iowa" />
    <dbpprop:placeOfDeath rdf:resource="http://dbpedia.org/resource/Iowa_City,_Iowa" />
    <dbpprop:shortDescription xml:lang="en">American painter</dbpprop:shortDescription>
    <dbpprop:training rdf:resource="http://dbpedia.org/resource/School_of_the_Art_Institute_of_Chicago" />
    <dbpprop:works xml:lang="en">American Gothic</dbpprop:works>
    <dbpprop:wordnet_type rdf:resource="http://www.w3.org/2006/03/wn/wn20/instances/synset-artist-noun-1" />
    <foaf:givenName xml:lang="en">Grant DeVolson</foaf:givenName>
    <foaf:isPrimaryTopicOf rdf:resource="http://en.wikipedia.org/wiki/Grant_Wood" />
    <dc:description xml:lang="en">American painter</dc:description>
    <ns8:wasDerivedFrom rdf:resource="http://en.wikipedia.org/wiki/Grant_Wood?oldid=545809765" />
    <dbpprop:hasPhotoCollection rdf:resource="http://wifo5-03.informatik.uni-mannheim.de/flickrwrappr/photos/Grant_Wood" />
    <foaf:surname xml:lang="en">Wood</foaf:surname>
  </rdf:Description>
  <rdf:Description rdf:about="http://dbpedia.org/resource/Grant_DeVolson_Wood">
    <dbpedia-owl:wikiPageRedirects rdf:resource="http://dbpedia.org/resource/Grant_Wood" />
  </rdf:Description>
  <rdf:Description rdf:about="http://it.dbpedia.org/resource/Grant_Wood">
    <owl:sameAs rdf:resource="http://dbpedia.org/resource/Grant_Wood" />
  </rdf:Description>
  <rdf:Description rdf:about="http://de.dbpedia.org/resource/Grant_Wood">
    <owl:sameAs rdf:resource="http://dbpedia.org/resource/Grant_Wood" />
  </rdf:Description>
  <rdf:Description rdf:about="http://fr.dbpedia.org/resource/Grant_Wood">
    <owl:sameAs rdf:resource="http://dbpedia.org/resource/Grant_Wood" />
  </rdf:Description>
  <rdf:Description rdf:about="http://ru.dbpedia.org/resource/Вуд,_Грант">
    <owl:sameAs rdf:resource="http://dbpedia.org/resource/Grant_Wood" />
  </rdf:Description>
  <rdf:Description rdf:about="http://dbpedia.org/resource/American_Gothic">
    <dbpedia-owl:author rdf:resource="http://dbpedia.org/resource/Grant_Wood" />
    <dbpprop:artist rdf:resource="http://dbpedia.org/resource/Grant_Wood" />
  </rdf:Description>
  <rdf:Description rdf:about="http://ja.dbpedia.org/resource/グラント・ウッド">
    <owl:sameAs rdf:resource="http://dbpedia.org/resource/Grant_Wood" />
  </rdf:Description>
  <rdf:Description rdf:about="http://pl.dbpedia.org/resource/Grant_Wood">
    <owl:sameAs rdf:resource="http://dbpedia.org/resource/Grant_Wood" />
  </rdf:Description>
  <rdf:Description rdf:about="http://dbpedia.org/resource/Charles_Wish">
    <dbpedia-owl:influencedBy rdf:resource="http://dbpedia.org/resource/Grant_Wood" />
  </rdf:Description>
  <rdf:Description rdf:about="http://es.dbpedia.org/resource/Grant_Wood">
    <owl:sameAs rdf:resource="http://dbpedia.org/resource/Grant_Wood" />
  </rdf:Description>
  <rdf:Description rdf:about="http://en.wikipedia.org/wiki/Grant_Wood">
    <foaf:primaryTopic rdf:resource="http://dbpedia.org/resource/Grant_Wood" />
  </rdf:Description>
  <rdf:Description rdf:about="http://dbpedia.org/resource/Daughters_of_Revolution">
    <dbpedia-owl:author rdf:resource="http://dbpedia.org/resource/Grant_Wood" />
    <dbpprop:artist rdf:resource="http://dbpedia.org/resource/Grant_Wood" />
  </rdf:Description>
  <rdf:Description rdf:about="http://cs.dbpedia.org/resource/Grant_Wood">
    <owl:sameAs rdf:resource="http://dbpedia.org/resource/Grant_Wood" />
  </rdf:Description>
  <rdf:Description rdf:about="http://nl.dbpedia.org/resource/Grant_Wood">
    <owl:sameAs rdf:resource="http://dbpedia.org/resource/Grant_Wood" />
  </rdf:Description>
  <rdf:Description rdf:about="http://zh.dbpedia.org/resource/格兰特·伍德">
    <owl:sameAs rdf:resource="http://dbpedia.org/resource/Grant_Wood" />
  </rdf:Description>
  <rdf:Description rdf:about="http://az.dbpedia.org/resource/Qrant_Vud">
    <owl:sameAs rdf:resource="http://dbpedia.org/resource/Grant_Wood" />
  </rdf:Description>
  <rdf:Description rdf:about="http://be.dbpedia.org/resource/Грант_Вуд">
    <owl:sameAs rdf:resource="http://dbpedia.org/resource/Grant_Wood" />
  </rdf:Description>
  <rdf:Description rdf:about="http://da.dbpedia.org/resource/Grant_Wood">
    <owl:sameAs rdf:resource="http://dbpedia.org/resource/Grant_Wood" />
  </rdf:Description>
  <rdf:Description rdf:about="http://fi.dbpedia.org/resource/Grant_Wood">
    <owl:sameAs rdf:resource="http://dbpedia.org/resource/Grant_Wood" />
  </rdf:Description>
  <rdf:Description rdf:about="http://he.dbpedia.org/resource/גרנט_ווד">
    <owl:sameAs rdf:resource="http://dbpedia.org/resource/Grant_Wood" />
  </rdf:Description>
  <rdf:Description rdf:about="http://hu.dbpedia.org/resource/Grant_Wood">
    <owl:sameAs rdf:resource="http://dbpedia.org/resource/Grant_Wood" />
  </rdf:Description>
  <rdf:Description rdf:about="http://ka.dbpedia.org/resource/გრანტ_ვუდი">
    <owl:sameAs rdf:resource="http://dbpedia.org/resource/Grant_Wood" />
  </rdf:Description>
  <rdf:Description rdf:about="http://la.dbpedia.org/resource/Grant_Wood">
    <owl:sameAs rdf:resource="http://dbpedia.org/resource/Grant_Wood" />
  </rdf:Description>
  <rdf:Description rdf:about="http://nn.dbpedia.org/resource/Grant_Wood">
    <owl:sameAs rdf:resource="http://dbpedia.org/resource/Grant_Wood" />
  </rdf:Description>
  <rdf:Description rdf:about="http://no.dbpedia.org/resource/Grant_Wood">
    <owl:sameAs rdf:resource="http://dbpedia.org/resource/Grant_Wood" />
  </rdf:Description>
  <rdf:Description rdf:about="http://sh.dbpedia.org/resource/Grant_Wood">
    <owl:sameAs rdf:resource="http://dbpedia.org/resource/Grant_Wood" />
  </rdf:Description>
  <rdf:Description rdf:about="http://sv.dbpedia.org/resource/Grant_Wood">
    <owl:sameAs rdf:resource="http://dbpedia.org/resource/Grant_Wood" />
  </rdf:Description>
  <rdf:Description rdf:about="http://tr.dbpedia.org/resource/Grant_Wood">
    <owl:sameAs rdf:resource="http://dbpedia.org/resource/Grant_Wood" />
  </rdf:Description>
  <rdf:Description rdf:about="http://war.dbpedia.org/resource/Grant_Wood">
    <owl:sameAs rdf:resource="http://dbpedia.org/resource/Grant_Wood" />
  </rdf:Description>
  <rdf:Description rdf:about="http://be_x_old.dbpedia.org/resource/Грант_Ўуд">
    <owl:sameAs rdf:resource="http://dbpedia.org/resource/Grant_Wood" />
  </rdf:Description>
  <rdf:Description rdf:about="http://wikidata.dbpedia.org/resource/Q217434">
    <owl:sameAs rdf:resource="http://dbpedia.org/resource/Grant_Wood" />
  </rdf:Description>
</rdf:RDF>
