<?xml version="1.0" encoding="utf-8" ?>
<rdf:RDF
	xmlns:rdf="http://www.w3.org/1999/02/22-rdf-syntax-ns#"
	xmlns:rdfs="http://www.w3.org/2000/01/rdf-schema#"
	xmlns:owl="http://www.w3.org/2002/07/owl#"
	xmlns:dcterms="http://purl.org/dc/terms/"
	xmlns:dbpedia-owl="http://dbpedia.org/ontology/"
	xmlns:foaf="http://xmlns.com/foaf/0.1/"
	xmlns:dbpprop="http://dbpedia.org/property/"
	xmlns:dc="http://purl.org/dc/elements/1.1/"
	xmlns:ns8="http://www.w3.org/ns/prov#" >
  <rdf:Description rdf:about="http://dbpedia.org/resource/Herbert_James_Draper">
    <rdf:type rdf:resource="http://dbpedia.org/class/yago/Person100007846" />
    <rdf:type rdf:resource="http://dbpedia.org/ontology/Person" />
    <rdf:type rdf:resource="http://schema.org/Person" />
    <rdf:type rdf:resource="http://xmlns.com/foaf/0.1/Person" />
    <rdf:type rdf:resource="http://dbpedia.org/class/yago/YagoLegalActorGeo" />
    <rdf:type rdf:resource="http://dbpedia.org/class/yago/Painter110391653" />
    <rdf:type rdf:resource="http://dbpedia.org/class/yago/PortraitArtists" />
    <rdf:type rdf:resource="http://dbpedia.org/class/yago/Illustrator109812068" />
    <rdf:type rdf:resource="http://dbpedia.org/class/yago/PeopleEducatedAtBruceCastleSchool" />
    <rdf:type rdf:resource="http://dbpedia.org/class/yago/PhysicalEntity100001930" />
    <rdf:type rdf:resource="http://dbpedia.org/class/yago/Object100002684" />
    <rdf:type rdf:resource="http://dbpedia.org/class/yago/Artist109812338" />
    <rdf:type rdf:resource="http://dbpedia.org/class/yago/LivingThing100004258" />
    <rdf:type rdf:resource="http://dbpedia.org/class/yago/CausalAgent100007347" />
    <rdf:type rdf:resource="http://dbpedia.org/class/yago/Organism100004475" />
    <rdf:type rdf:resource="http://dbpedia.org/class/yago/YagoLegalActor" />
    <rdf:type rdf:resource="http://www.w3.org/2002/07/owl#Thing" />
    <rdf:type rdf:resource="http://dbpedia.org/class/yago/EnglishIllustrators" />
    <rdf:type rdf:resource="http://dbpedia.org/class/yago/Creator109614315" />
    <rdf:type rdf:resource="http://dbpedia.org/class/yago/Whole100003553" />
    <rdf:type rdf:resource="http://dbpedia.org/class/yago/EnglishPainters" />
    <rdf:type rdf:resource="http://dbpedia.org/ontology/Artist" />
    <rdf:type rdf:resource="http://dbpedia.org/ontology/Agent" />
    <owl:sameAs rdf:resource="http://yago-knowledge.org/resource/Herbert_James_Draper" />
    <owl:sameAs rdf:resource="http://fr.dbpedia.org/resource/Herbert_Draper" />
    <owl:sameAs rdf:resource="http://pl.dbpedia.org/resource/Herbert_James_Draper" />
    <owl:sameAs rdf:resource="http://www.wikidata.org/entity/Q918605" />
    <owl:sameAs rdf:resource="http://nl.dbpedia.org/resource/Herbert_James_Draper" />
    <owl:sameAs rdf:resource="http://it.dbpedia.org/resource/Herbert_James_Draper" />
    <owl:sameAs rdf:resource="http://ca.dbpedia.org/resource/Herbert_James_Draper" />
    <owl:sameAs rdf:resource="http://dbpedia.org/resource/Herbert_James_Draper" />
    <owl:sameAs rdf:resource="http://de.dbpedia.org/resource/Herbert_James_Draper" />
    <owl:sameAs rdf:resource="http://no.dbpedia.org/resource/Herbert_James_Draper" />
    <owl:sameAs rdf:resource="http://ru.dbpedia.org/resource/Дрейпер,_Герберт_Джеймс" />
    <owl:sameAs rdf:resource="http://fa.dbpedia.org/resource/هربرت_جیمز_دراپر" />
    <owl:sameAs rdf:resource="http://es.dbpedia.org/resource/Herbert_James_Draper" />
    <owl:sameAs rdf:resource="http://rdf.freebase.com/ns/m.06qy69" />
    <dcterms:subject rdf:resource="http://dbpedia.org/resource/Category:1863_births" />
    <dcterms:subject rdf:resource="http://dbpedia.org/resource/Category:English_painters" />
    <dcterms:subject rdf:resource="http://dbpedia.org/resource/Category:English_illustrators" />
    <dcterms:subject rdf:resource="http://dbpedia.org/resource/Category:1920_deaths" />
    <dcterms:subject rdf:resource="http://dbpedia.org/resource/Category:Artists_from_London" />
    <dcterms:subject rdf:resource="http://dbpedia.org/resource/Category:People_educated_at_Bruce_Castle_School" />
    <dcterms:subject rdf:resource="http://dbpedia.org/resource/Category:Portrait_artists" />
    <dbpedia-owl:abstract xml:lang="nl">Herbert James Draper was een Engels kunstschilder uit het Victoriaans tijdperk.</dbpedia-owl:abstract>
    <dbpedia-owl:abstract xml:lang="es">Herbert James Draper fue un pintor inglés de la era victoriana. Estudió arte en la Real Academia de Londres y se comprometió en varios viajes educativos a Roma y a París entre 1888 y 1892. En 1890 incluso trabajó de ilustrador. En 1891 se casó con Ida con la cual tuvo una hija. En 1894 comenzó su periodo más productivo, principalmente se enfocó en temas mitológicos de la antigua Grecia. Su obra El lamento de Icarus de 1898 ganó la medalla de oro en la Exposición Universal de París en 1900.</dbpedia-owl:abstract>
    <dbpedia-owl:abstract xml:lang="ru">Герберт Джеймс Дрейпер (1863—1920) — английский художник, известен своими женскими образами, которые он заимствовал из мифологии и литературы.</dbpedia-owl:abstract>
    <dbpedia-owl:abstract xml:lang="fr">Herbert James Draper était un peintre britannique de l&#39;époque victorienne.</dbpedia-owl:abstract>
    <dbpedia-owl:abstract xml:lang="pl">Herbert James Draper – angielski malarz, grafik i ilustrator wiktoriański. Studiował w Royal Academy w Londynie, w latach 1888 – 1892 przebywał na stypendium artystycznym w Rzymie i Paryżu. Od 1887 r. wystawiał w Royal Academy, ale nigdy nie był jej członkiem. Malował obrazy nawiązujące do greckiej mitologii, były one często porównywane do prac prerafaelitów. Obraz Drapera The Lament of Icarus z 1898 otrzymał złoty medal na wystawie światowej w Paryżu w 1900 (Paris Exposition Universelle). Artysta osiągnął znaczną popularność, lecz wkrótce po śmierci został zapomniany. Pod koniec XX w. ponownie wzrosło zainteresowanie jego twórczością. Przypisy</dbpedia-owl:abstract>
    <dbpedia-owl:abstract xml:lang="it"></dbpedia-owl:abstract>
    <dbpedia-owl:abstract xml:lang="de">Herbert James Draper war ein englischer Maler des Viktorianischen Zeitalters.</dbpedia-owl:abstract>
    <dbpedia-owl:abstract xml:lang="en">Herbert James Draper (1863 – 22 September 1920) was an English Classicist painter whose career began in the Victorian era and extended through the first two decades of the 20th century.</dbpedia-owl:abstract>
    <dbpedia-owl:deathDate rdf:datatype="http://www.w3.org/2001/XMLSchema#date">1920-09-22</dbpedia-owl:deathDate>
    <dbpedia-owl:wikiPageID rdf:datatype="http://www.w3.org/2001/XMLSchema#integer">2155616</dbpedia-owl:wikiPageID>
    <dbpedia-owl:wikiPageRevisionID rdf:datatype="http://www.w3.org/2001/XMLSchema#integer">540426329</dbpedia-owl:wikiPageRevisionID>
    <rdfs:label xml:lang="es">Herbert James Draper</rdfs:label>
    <rdfs:label xml:lang="it">Herbert James Draper</rdfs:label>
    <rdfs:label xml:lang="de">Herbert James Draper</rdfs:label>
    <rdfs:label xml:lang="nl">Herbert James Draper</rdfs:label>
    <rdfs:label xml:lang="ru">Дрейпер, Герберт Джеймс</rdfs:label>
    <rdfs:label xml:lang="en">Herbert James Draper</rdfs:label>
    <rdfs:label xml:lang="pl">Herbert James Draper</rdfs:label>
    <rdfs:label xml:lang="fr">Herbert Draper</rdfs:label>
    <foaf:depiction rdf:resource="http://upload.wikimedia.org/wikipedia/commons/3/3f/Draper-The_Water_Nymph.jpg" />
    <rdfs:comment xml:lang="ru">Герберт Джеймс Дрейпер (1863—1920) — английский художник, известен своими женскими образами, которые он заимствовал из мифологии и литературы.</rdfs:comment>
    <rdfs:comment xml:lang="en">Herbert James Draper (1863 – 22 September 1920) was an English Classicist painter whose career began in the Victorian era and extended through the first two decades of the 20th century.</rdfs:comment>
    <rdfs:comment xml:lang="fr">Herbert James Draper était un peintre britannique de l&#39;époque victorienne.</rdfs:comment>
    <rdfs:comment xml:lang="es">Herbert James Draper fue un pintor inglés de la era victoriana. Estudió arte en la Real Academia de Londres y se comprometió en varios viajes educativos a Roma y a París entre 1888 y 1892. En 1890 incluso trabajó de ilustrador. En 1891 se casó con Ida con la cual tuvo una hija. En 1894 comenzó su periodo más productivo, principalmente se enfocó en temas mitológicos de la antigua Grecia. Su obra El lamento de Icarus de 1898 ganó la medalla de oro en la Exposición Universal de París en 1900.</rdfs:comment>
    <rdfs:comment xml:lang="it"></rdfs:comment>
    <rdfs:comment xml:lang="de">Herbert James Draper war ein englischer Maler des Viktorianischen Zeitalters.</rdfs:comment>
    <rdfs:comment xml:lang="nl">Herbert James Draper was een Engels kunstschilder uit het Victoriaans tijdperk.</rdfs:comment>
    <rdfs:comment xml:lang="pl">Herbert James Draper – angielski malarz, grafik i ilustrator wiktoriański. Studiował w Royal Academy w Londynie, w latach 1888 – 1892 przebywał na stypendium artystycznym w Rzymie i Paryżu. Od 1887 r. wystawiał w Royal Academy, ale nigdy nie był jej członkiem. Malował obrazy nawiązujące do greckiej mitologii, były one często porównywane do prac prerafaelitów. Obraz Drapera The Lament of Icarus z 1898 otrzymał złoty medal na wystawie światowej w Paryżu w 1900 (Paris Exposition Universelle).</rdfs:comment>
    <foaf:name xml:lang="en">Herbert James Draper</foaf:name>
    <dbpedia-owl:thumbnail rdf:resource="http://upload.wikimedia.org/wikipedia/commons/thumb/3/3f/Draper-The_Water_Nymph.jpg/200px-Draper-The_Water_Nymph.jpg" />
    <dbpedia-owl:wikiPageExternalLink rdf:resource="http://www.artcyclopedia.com/artists/draper_herbert.html" />
    <dbpedia-owl:wikiPageExternalLink rdf:resource="http://www.artrenewal.org/pages/artist.php?artistid=98" />
    <dbpedia-owl:wikiPageExternalLink rdf:resource="http://www.tate.org.uk/servlet/ViewWork?workid=4002" />
    <dbpedia-owl:wikiPageExternalLink rdf:resource="http://www.victorianweb.org/painting/draper/index.html" />
    <dbpprop:dateOfBirth rdf:datatype="http://www.w3.org/2001/XMLSchema#integer">1863</dbpprop:dateOfBirth>
    <dbpprop:dateOfDeath rdf:datatype="http://www.w3.org/2001/XMLSchema#integer">22</dbpprop:dateOfDeath>
    <dbpprop:name xml:lang="en">Draper, Herbert James</dbpprop:name>
    <dbpprop:shortDescription xml:lang="en">British artist</dbpprop:shortDescription>
    <foaf:givenName xml:lang="en">Herbert James</foaf:givenName>
    <foaf:isPrimaryTopicOf rdf:resource="http://en.wikipedia.org/wiki/Herbert_James_Draper" />
    <dc:description xml:lang="en">British artist</dc:description>
    <ns8:wasDerivedFrom rdf:resource="http://en.wikipedia.org/wiki/Herbert_James_Draper?oldid=540426329" />
    <dbpprop:hasPhotoCollection rdf:resource="http://wifo5-03.informatik.uni-mannheim.de/flickrwrappr/photos/Herbert_James_Draper" />
    <foaf:surname xml:lang="en">Draper</foaf:surname>
  </rdf:Description>
  <rdf:Description rdf:about="http://fr.dbpedia.org/resource/Herbert_Draper">
    <owl:sameAs rdf:resource="http://dbpedia.org/resource/Herbert_James_Draper" />
  </rdf:Description>
  <rdf:Description rdf:about="http://pl.dbpedia.org/resource/Herbert_James_Draper">
    <owl:sameAs rdf:resource="http://dbpedia.org/resource/Herbert_James_Draper" />
  </rdf:Description>
  <rdf:Description rdf:about="http://ru.dbpedia.org/resource/Дрейпер,_Герберт_Джеймс">
    <owl:sameAs rdf:resource="http://dbpedia.org/resource/Herbert_James_Draper" />
  </rdf:Description>
  <rdf:Description rdf:about="http://dbpedia.org/resource/The_Lament_for_Icarus">
    <dbpedia-owl:author rdf:resource="http://dbpedia.org/resource/Herbert_James_Draper" />
    <dbpprop:artist rdf:resource="http://dbpedia.org/resource/Herbert_James_Draper" />
  </rdf:Description>
  <rdf:Description rdf:about="http://it.dbpedia.org/resource/Herbert_James_Draper">
    <owl:sameAs rdf:resource="http://dbpedia.org/resource/Herbert_James_Draper" />
  </rdf:Description>
  <rdf:Description rdf:about="http://de.dbpedia.org/resource/Herbert_James_Draper">
    <owl:sameAs rdf:resource="http://dbpedia.org/resource/Herbert_James_Draper" />
  </rdf:Description>
  <rdf:Description rdf:about="http://es.dbpedia.org/resource/Herbert_James_Draper">
    <owl:sameAs rdf:resource="http://dbpedia.org/resource/Herbert_James_Draper" />
  </rdf:Description>
  <rdf:Description rdf:about="http://dbpedia.org/resource/Herbert_draper">
    <dbpedia-owl:wikiPageRedirects rdf:resource="http://dbpedia.org/resource/Herbert_James_Draper" />
  </rdf:Description>
  <rdf:Description rdf:about="http://en.wikipedia.org/wiki/Herbert_James_Draper">
    <foaf:primaryTopic rdf:resource="http://dbpedia.org/resource/Herbert_James_Draper" />
  </rdf:Description>
  <rdf:Description rdf:about="http://wikidata.dbpedia.org/resource/Q918605">
    <owl:sameAs rdf:resource="http://dbpedia.org/resource/Herbert_James_Draper" />
  </rdf:Description>
  <rdf:Description rdf:about="http://nl.dbpedia.org/resource/Herbert_James_Draper">
    <owl:sameAs rdf:resource="http://dbpedia.org/resource/Herbert_James_Draper" />
  </rdf:Description>
  <rdf:Description rdf:about="http://ca.dbpedia.org/resource/Herbert_James_Draper">
    <owl:sameAs rdf:resource="http://dbpedia.org/resource/Herbert_James_Draper" />
  </rdf:Description>
  <rdf:Description rdf:about="http://fa.dbpedia.org/resource/هربرت_جیمز_دراپر">
    <owl:sameAs rdf:resource="http://dbpedia.org/resource/Herbert_James_Draper" />
  </rdf:Description>
  <rdf:Description rdf:about="http://no.dbpedia.org/resource/Herbert_James_Draper">
    <owl:sameAs rdf:resource="http://dbpedia.org/resource/Herbert_James_Draper" />
  </rdf:Description>
</rdf:RDF>
