<?xml version="1.0" encoding="utf-8" ?>
<rdf:RDF
	xmlns:rdf="http://www.w3.org/1999/02/22-rdf-syntax-ns#"
	xmlns:rdfs="http://www.w3.org/2000/01/rdf-schema#"
	xmlns:owl="http://www.w3.org/2002/07/owl#"
	xmlns:dcterms="http://purl.org/dc/terms/"
	xmlns:dbpedia-owl="http://dbpedia.org/ontology/"
	xmlns:foaf="http://xmlns.com/foaf/0.1/"
	xmlns:dbpprop="http://dbpedia.org/property/"
	xmlns:dc="http://purl.org/dc/elements/1.1/"
	xmlns:ns8="http://www.w3.org/ns/prov#" >
  <rdf:Description rdf:about="http://dbpedia.org/resource/Arkhip_Kuindzhi">
    <dbpedia-owl:influencedBy rdf:resource="http://dbpedia.org/resource/Ivan_Shishkin" />
    <dbpprop:influencedBy rdf:resource="http://dbpedia.org/resource/Ivan_Shishkin" />
  </rdf:Description>
  <rdf:Description rdf:about="http://en.wikipedia.org/wiki/Ivan_Shishkin">
    <foaf:primaryTopic rdf:resource="http://dbpedia.org/resource/Ivan_Shishkin" />
  </rdf:Description>
  <rdf:Description rdf:about="http://dbpedia.org/resource/Shishkin">
    <dbpedia-owl:wikiPageDisambiguates rdf:resource="http://dbpedia.org/resource/Ivan_Shishkin" />
  </rdf:Description>
  <rdf:Description rdf:about="http://dbpedia.org/resource/Ivan_Shishkin">
    <rdf:type rdf:resource="http://dbpedia.org/class/yago/LandscapeArtists" />
    <rdf:type rdf:resource="http://dbpedia.org/class/yago/Person100007846" />
    <rdf:type rdf:resource="http://dbpedia.org/ontology/Person" />
    <rdf:type rdf:resource="http://dbpedia.org/ontology/Artist" />
    <rdf:type rdf:resource="http://dbpedia.org/ontology/Agent" />
    <rdf:type rdf:resource="http://dbpedia.org/class/yago/Artist109812338" />
    <rdf:type rdf:resource="http://xmlns.com/foaf/0.1/Person" />
    <rdf:type rdf:resource="http://dbpedia.org/class/yago/RussianArtists" />
    <rdf:type rdf:resource="http://dbpedia.org/class/yago/RussianPainters" />
    <rdf:type rdf:resource="http://dbpedia.org/class/yago/RealistPainters" />
    <rdf:type rdf:resource="http://dbpedia.org/class/yago/PaintersFromSaintPetersburg" />
    <rdf:type rdf:resource="http://dbpedia.org/class/yago/PhysicalEntity100001930" />
    <rdf:type rdf:resource="http://dbpedia.org/class/yago/Painter110391653" />
    <rdf:type rdf:resource="http://dbpedia.org/class/yago/LivingThing100004258" />
    <rdf:type rdf:resource="http://schema.org/Person" />
    <rdf:type rdf:resource="http://dbpedia.org/class/yago/YagoLegalActorGeo" />
    <rdf:type rdf:resource="http://dbpedia.org/class/yago/Object100002684" />
    <rdf:type rdf:resource="http://www.w3.org/2002/07/owl#Thing" />
    <rdf:type rdf:resource="http://dbpedia.org/class/yago/CausalAgent100007347" />
    <rdf:type rdf:resource="http://dbpedia.org/class/yago/Organism100004475" />
    <rdf:type rdf:resource="http://dbpedia.org/class/yago/YagoLegalActor" />
    <rdf:type rdf:resource="http://dbpedia.org/class/yago/Creator109614315" />
    <rdf:type rdf:resource="http://dbpedia.org/class/yago/PeopleFromYelabuga" />
    <rdf:type rdf:resource="http://dbpedia.org/class/yago/Whole100003553" />
    <owl:sameAs rdf:resource="http://sr.dbpedia.org/resource/Иван_Шишкин" />
    <owl:sameAs rdf:resource="http://fy.dbpedia.org/resource/Ivan_Sjisjkin" />
    <owl:sameAs rdf:resource="http://haw.dbpedia.org/resource/Ivan_Shishkin" />
    <owl:sameAs rdf:resource="http://ro.dbpedia.org/resource/Ivan_Șișkin" />
    <owl:sameAs rdf:resource="http://yago-knowledge.org/resource/Ivan_Shishkin" />
    <owl:sameAs rdf:resource="http://uk.dbpedia.org/resource/Шишкін_Іван_Іванович" />
    <owl:sameAs rdf:resource="http://nn.dbpedia.org/resource/Ivan_Sjisjkin" />
    <owl:sameAs rdf:resource="http://sk.dbpedia.org/resource/Ivan_Ivanovič_Šiškin" />
    <owl:sameAs rdf:resource="http://lv.dbpedia.org/resource/Ivans_Šiškins" />
    <owl:sameAs rdf:resource="http://cs.dbpedia.org/resource/Ivan_Ivanovič_Šiškin" />
    <owl:sameAs rdf:resource="http://he.dbpedia.org/resource/איוואן_שישקין" />
    <owl:sameAs rdf:resource="http://rdf.freebase.com/ns/m.059y1y" />
    <owl:sameAs rdf:resource="http://fr.dbpedia.org/resource/Ivan_Chichkine" />
    <owl:sameAs rdf:resource="http://pnb.dbpedia.org/resource/آئیوان_ششکن" />
    <owl:sameAs rdf:resource="http://sw.dbpedia.org/resource/Ivan_Shishkin" />
    <owl:sameAs rdf:resource="http://bn.dbpedia.org/resource/ইভান_শিশকিন" />
    <owl:sameAs rdf:resource="http://mi.dbpedia.org/resource/Ivan_Shishkin" />
    <owl:sameAs rdf:resource="http://la.dbpedia.org/resource/Ioannes_Šiškin" />
    <owl:sameAs rdf:resource="http://eo.dbpedia.org/resource/Ivan_Ŝiŝkin" />
    <owl:sameAs rdf:resource="http://lt.dbpedia.org/resource/Ivanas_Šiškinas" />
    <owl:sameAs rdf:resource="http://ru.dbpedia.org/resource/Шишкин,_Иван_Иванович" />
    <owl:sameAs rdf:resource="http://zh.dbpedia.org/resource/伊凡·伊凡諾維奇·希施金" />
    <owl:sameAs rdf:resource="http://et.dbpedia.org/resource/Ivan_Šiškin" />
    <owl:sameAs rdf:resource="http://ga.dbpedia.org/resource/Ivan_Shishkin" />
    <owl:sameAs rdf:resource="http://bg.dbpedia.org/resource/Иван_Шишкин" />
    <owl:sameAs rdf:resource="http://se.dbpedia.org/resource/Ivan_Šiškin" />
    <owl:sameAs rdf:resource="http://mk.dbpedia.org/resource/Иван_Иванович_Шишкин" />
    <owl:sameAs rdf:resource="http://ja.dbpedia.org/resource/イヴァン・シーシキン" />
    <owl:sameAs rdf:resource="http://gv.dbpedia.org/resource/Ivan_Shishkin" />
    <owl:sameAs rdf:resource="http://de.dbpedia.org/resource/Iwan_Iwanowitsch_Schischkin" />
    <owl:sameAs rdf:resource="http://www.wikidata.org/entity/Q193064" />
    <owl:sameAs rdf:resource="http://es.dbpedia.org/resource/Iván_Shishkin" />
    <owl:sameAs rdf:resource="http://hu.dbpedia.org/resource/Ivan_Ivanovics_Siskin" />
    <owl:sameAs rdf:resource="http://dbpedia.org/resource/Ivan_Shishkin" />
    <owl:sameAs rdf:resource="http://sv.dbpedia.org/resource/Ivan_Sjisjkin" />
    <owl:sameAs rdf:resource="http://no.dbpedia.org/resource/Ivan_Sjisjkin" />
    <owl:sameAs rdf:resource="http://kl.dbpedia.org/resource/Ivan_Sjisjkin" />
    <owl:sameAs rdf:resource="http://fi.dbpedia.org/resource/Ivan_Šiškin" />
    <owl:sameAs rdf:resource="http://nl.dbpedia.org/resource/Ivan_Sjisjkin" />
    <owl:sameAs rdf:resource="http://pl.dbpedia.org/resource/Iwan_Szyszkin" />
    <owl:sameAs rdf:resource="http://pt.dbpedia.org/resource/Ivan_Shishkin" />
    <owl:sameAs rdf:resource="http://it.dbpedia.org/resource/Ivan_Ivanovič_Šiškin" />
    <dcterms:subject rdf:resource="http://dbpedia.org/resource/Category:Landscape_artists" />
    <dcterms:subject rdf:resource="http://dbpedia.org/resource/Category:Russian_painters" />
    <dcterms:subject rdf:resource="http://dbpedia.org/resource/Category:Russian_artists" />
    <dcterms:subject rdf:resource="http://dbpedia.org/resource/Category:Realist_painters" />
    <dcterms:subject rdf:resource="http://dbpedia.org/resource/Category:1832_births" />
    <dcterms:subject rdf:resource="http://dbpedia.org/resource/Category:1898_deaths" />
    <dcterms:subject rdf:resource="http://dbpedia.org/resource/Category:Peredvizhniki" />
    <dcterms:subject rdf:resource="http://dbpedia.org/resource/Category:People_from_Yelabuga" />
    <dcterms:subject rdf:resource="http://dbpedia.org/resource/Category:Painters_from_Saint_Petersburg" />
    <dcterms:subject rdf:resource="http://dbpedia.org/resource/Category:Repin_Institute_of_Arts_alumni" />
    <dbpedia-owl:abstract xml:lang="zh">伊凡·伊凡諾維奇·希施金（俄语：Иван Иванович Шишкин，1832年1月13日－1898年3月8日），生于叶拉布加，俄羅斯風景畫家。 1832年出生於葉拉布加商人家庭，童年在維亞特省度過，對當地的自然景色和森林留下深刻的印象。畢業於 Kazan Gymnasium，就讀莫斯科繪畫雕刻建築學院（Moscow School of Painting, Sculpture and Architecture）四年，又因獲得帝國獎學金（Imperial scholarship）前往歐洲學習，五年後成為帝國學院（Imperial Academy）的成員，與列維坦、艾瓦佐夫斯基和庫因哲等人成為當代最著名的風景畫家。</dbpedia-owl:abstract>
    <dbpedia-owl:abstract xml:lang="it"></dbpedia-owl:abstract>
    <dbpedia-owl:abstract xml:lang="ja">イヴァン・イヴァノヴィチ・シーシキン（イワン・シシキン、ロシア語: Иван Иванович Шишкин, Ivan Ivanovich Shishkin, 1832年1月25日 – 1898年3月20日）は、風景画で名高いロシアの画家。移動派にも深く関与した。</dbpedia-owl:abstract>
    <dbpedia-owl:abstract xml:lang="pl">Iwan Iwanowicz Szyszkin, ros. Иван Иванович Шишкин – rosyjski malarz, pejzażysta, współzałozyciel stowarzyszenia Pieriedwiżników. Urodził się w Jełabudze, w rodzinie kupieckiej. Ukończył gimnazjum w Kazaniu. Jego ojciec po długich wahaniach zgodził się na podjęcie przezeń nauki malarstwa. Przez cztery lata studiował w Moskiewskiej Szkole Malarstwa, Rzeźby i Architektury, a następnie, w latach 1856-1860 w petersburskiej Cesarskiej Akademii Sztuk, którą ukończył z najwyższymi wyróżnieniami i złotym medalem za dwa obrazy pod wspólnym tytułem Widok z wyspy Valaam. Kukko. Akademia umożliwiła mu także w nagrodę kontynuację studiów za granicą. Przez trzy lata Szyszkin mieszkał i pracował w Szwajcarii i w Niemczech, a także w Czechach, Francji, Belgii i Holandii. Tam zainteresował się technikami litografii i akwaforty, jego prace wzbudziły wielki podziw publiczności i krytyki w Düsseldorfie w 1865 m. in. za precyzję kreskowania i filigranowy rysunek detali. Mimo to jego technika malowania pejzaży, skłonność do szczegółowego oddawania wszelkich detali, nie znajdowała poparcia i zrozumienia u malarzy zachodnioeuropejskich, co powiększało jego zniechęcenie i pogłębiało tęsknotę za Rosją. Pod koniec pobytu w Niemczech namalował w 1865 r. Pejzaż pod Düsseldorfem, olejny obraz wystawiony i nagrodzony dwa lata później w Paryżu na Wystawie Światowej. Obraz ten stał się też przepustką dla Szyszkina do członkostwa w petersburskiej Cesarskiej Akademii Sztuk, które przyznano mu po jego powrocie do Rosji w 1865 r. Przyłączył się do utworzonego w 1870 "Towarzystwa Wystaw Objazdowych" a także stowarzyszenia rosyjskich akwarelistów. W tym czasie prowadził także klasę pejzażu w Wyższej Szkole Sztuki. Wkrótce został także profesorem Akademii. Wystawiał swoje prace w Akademii Sztuk, na Wystawie Ogólnorosyjskiej w Moskwie, w Niżnym Nowogrodzie oraz na Wystawach Światowych w Paryżu i Wiedniu. Szyszkin w swoich technikach malarskich do perfekcji opanował studium natury, wsławił się doskonałością w malowaniu drzew i lasów, był też wybitnym rysownikiem i grafikiem. Życie osobiste Szyszkina obfitowało w tragedie. Dwukrotnie żonaty, dwukrotnie owdowiał. Przedwcześnie zmarli także jego synowie. Swoich problemów jednak nie przelewał na płótno, jego pejzaże są pełne słońca i życia, co zresztą niektórzy jego przeciwnicy krytykowali, twierdząc, iż jego obrazy są jedynie kolorowymi pocztówkami. Sam zmarł w roku 1898 przy sztalugach, rozpoczynając nowy obraz.</dbpedia-owl:abstract>
    <dbpedia-owl:abstract xml:lang="nl">Ivan Ivanovitsj Sjisjkin was een Russisch landschapsschilder. Hij behoorde tot de groep van de Zwervers. Sjisjkin begon zijn studie aan de Moskouse school voor schilderkunst, beeldhouwkunst en architectuur. Na vier jaar ging hij studeren aan de Keizerlijke Academie der Kunsten in Sint-Petersburg, alwaar hij in 1860 afstudeerde. In 1865 werd Sjisjkin benoemd tot lid van de Academie, en later werd hij professor. Gedurende enige tijd leefde Sjisjkin in Zwitserland en Duitsland. Na zijn terugkeer naar Rusland, sloot hij zich aan bij de Zwervers. Sjisjkin is beroemd geworden door zijn romantische bosgezichten, soms met spelende jonge beertjes.</dbpedia-owl:abstract>
    <dbpedia-owl:abstract xml:lang="fr">Ivan Ivanovitch Chichkine né en 1832 à Ielabouga et mort en 1898 à Saint-Pétersbourg, est un peintre russe du XIXe siècle.</dbpedia-owl:abstract>
    <dbpedia-owl:abstract xml:lang="sv">Ivan Ivanovitj Sjisjkin, född 25 januari 1832 i Jelabuga, död 20 mars 1898 i Sankt Petersburg, var en rysk målare. Sjisjkin studerade 1857–61 vid konstakademien i Sankt Petersburg, där han 1860 fick stora guldmedaljen. Han studerade i München och Zürich till 1866, företog ständiga studieresor i Ryssland och utnämndes 1873 till professor. Han tillhörde peredvizjnikerna och anses som en av Rysslands främsta landskapsmålare. De bästa av hans verk införlivades med Tretjakovgalleriet i Moskva.</dbpedia-owl:abstract>
    <dbpedia-owl:abstract xml:lang="ru">Ива́н Ива́нович Ши́шкин — русский художник-пейзажист, живописец, рисовальщик и гравёр-аквафортист. Академик, профессор, руководитель пейзажной мастерской Академии художеств. Член-учредитель Товарищества передвижных художественных выставок.</dbpedia-owl:abstract>
    <dbpedia-owl:abstract xml:lang="en">Ivan Ivanovich Shishkin (Russian: Ива́н Ива́нович Ши́шкин; 25 January 1832 – 20 March 1898) was a Russian landscape painter closely associated with the Peredvizhniki movement. Shishkin was born in Yelabuga of Vyatka Governorate (today Republic of Tatarstan), and graduated from the Kazan gymnasium. Then he studied at the Moscow School of Painting, Sculpture and Architecture for 4 years, attended the Saint Petersburg Imperial Academy of Arts from 1856 to 1860,which he graduated with the highest honours and a gold medal. He received the Imperial scholarship for his further studies in Europe. Five years later Shishkin became a member of the Imperial Academy in St. Petersburg and was professor of painting from 1873 to 1898. At the same time, Shishkin headed the landscape painting class at the Highest Art School in St. Petersburg. For some time, Shishkin lived and worked in Switzerland and Germany on scholarship from the St. Petersburg Imperial Academy of Arts. On his return to Saint Petersburg, he became a member of the Circle of the Itinerants and of the Society of Russian Watercolorists. He also took part in exhibitions at the Academy of Arts, the All Russian Exhibition in Moscow (1882), the Nizhniy Novgorod (1896), and the World Fairs (Paris, 1867 and 1878, and Vienna, 1873). Shishkin&#39;s painting method was based on analytical studies of nature. He became famous for his forest landscapes, and was also an outstanding draftsman and a printmaker. Ivan Shishkin owned a dacha in Vyra, south of St. Petersburg. There he painted some of his finest landscapes. His works are notable for poetic depiction of seasons in the woods, wild nature, animals and birds. He died in 1898, in St. Petersburg, Russia, while working on his new painting. A minor planet 3558 Shishkin, discovered by Soviet astronomer Lyudmila Zhuravlyova in 1978 is named after him.</dbpedia-owl:abstract>
    <dbpedia-owl:abstract xml:lang="es">Iván Ivánovich Shishkin fue un pintor paisajista, grabador y miembro fundador de la Sociedad de Exposiciones Artísticas Itinerantes.</dbpedia-owl:abstract>
    <dbpedia-owl:abstract xml:lang="de">Iwan Iwanowitsch Schischkin war ein russischer Maler und Grafiker sowie ein Mitglied der Peredwischniki.</dbpedia-owl:abstract>
    <dbpedia-owl:birthDate rdf:datatype="http://www.w3.org/2001/XMLSchema#date">1832-01-25</dbpedia-owl:birthDate>
    <dbpedia-owl:birthPlace rdf:resource="http://dbpedia.org/resource/Russian_Empire" />
    <dbpedia-owl:birthPlace rdf:resource="http://dbpedia.org/resource/Yelabuga" />
    <dbpedia-owl:deathDate rdf:datatype="http://www.w3.org/2001/XMLSchema#date">1898-03-20</dbpedia-owl:deathDate>
    <dbpedia-owl:deathPlace rdf:resource="http://dbpedia.org/resource/Saint_Petersburg" />
    <dbpedia-owl:deathPlace rdf:resource="http://dbpedia.org/resource/Russian_Empire" />
    <dbpedia-owl:influenced rdf:resource="http://dbpedia.org/resource/Isaac_Levitan" />
    <dbpedia-owl:influenced rdf:resource="http://dbpedia.org/resource/Arkhip_Kuindzhi" />
    <dbpedia-owl:movement rdf:resource="http://dbpedia.org/resource/Realism_(arts)" />
    <dbpedia-owl:training rdf:resource="http://dbpedia.org/resource/Moscow_School_of_Painting,_Sculpture_and_Architecture" />
    <dbpedia-owl:training rdf:resource="http://dbpedia.org/resource/Imperial_Academy_of_Arts" />
    <dbpedia-owl:wikiPageID rdf:datatype="http://www.w3.org/2001/XMLSchema#integer">1553905</dbpedia-owl:wikiPageID>
    <dbpedia-owl:wikiPageRevisionID rdf:datatype="http://www.w3.org/2001/XMLSchema#integer">548234582</dbpedia-owl:wikiPageRevisionID>
    <rdfs:label xml:lang="it">Ivan Ivanovič Šiškin</rdfs:label>
    <rdfs:label xml:lang="nl">Ivan Sjisjkin</rdfs:label>
    <rdfs:label xml:lang="sv">Ivan Sjisjkin</rdfs:label>
    <rdfs:label xml:lang="pl">Iwan Szyszkin</rdfs:label>
    <rdfs:label xml:lang="ru">Шишкин, Иван Иванович</rdfs:label>
    <rdfs:label xml:lang="fr">Ivan Chichkine</rdfs:label>
    <rdfs:label xml:lang="zh">伊凡·伊凡諾維奇·希施金</rdfs:label>
    <rdfs:label xml:lang="ja">イヴァン・シーシキン</rdfs:label>
    <rdfs:label xml:lang="de">Iwan Iwanowitsch Schischkin</rdfs:label>
    <rdfs:label xml:lang="es">Iván Shishkin</rdfs:label>
    <rdfs:label xml:lang="en">Ivan Shishkin</rdfs:label>
    <foaf:depiction rdf:resource="http://upload.wikimedia.org/wikipedia/commons/0/0c/Iwan_Nikolajewitsch_Kramskoj_005.jpg" />
    <rdfs:comment xml:lang="ja">イヴァン・イヴァノヴィチ・シーシキン（イワン・シシキン、ロシア語: Иван Иванович Шишкин, Ivan Ivanovich Shishkin, 1832年1月25日 – 1898年3月20日）は、風景画で名高いロシアの画家。移動派にも深く関与した。</rdfs:comment>
    <rdfs:comment xml:lang="nl">Ivan Ivanovitsj Sjisjkin was een Russisch landschapsschilder. Hij behoorde tot de groep van de Zwervers. Sjisjkin begon zijn studie aan de Moskouse school voor schilderkunst, beeldhouwkunst en architectuur. Na vier jaar ging hij studeren aan de Keizerlijke Academie der Kunsten in Sint-Petersburg, alwaar hij in 1860 afstudeerde. In 1865 werd Sjisjkin benoemd tot lid van de Academie, en later werd hij professor. Gedurende enige tijd leefde Sjisjkin in Zwitserland en Duitsland.</rdfs:comment>
    <rdfs:comment xml:lang="sv">Ivan Ivanovitj Sjisjkin, född 25 januari 1832 i Jelabuga, död 20 mars 1898 i Sankt Petersburg, var en rysk målare. Sjisjkin studerade 1857–61 vid konstakademien i Sankt Petersburg, där han 1860 fick stora guldmedaljen. Han studerade i München och Zürich till 1866, företog ständiga studieresor i Ryssland och utnämndes 1873 till professor. Han tillhörde peredvizjnikerna och anses som en av Rysslands främsta landskapsmålare. De bästa av hans verk införlivades med Tretjakovgalleriet i Moskva.</rdfs:comment>
    <rdfs:comment xml:lang="es">Iván Ivánovich Shishkin fue un pintor paisajista, grabador y miembro fundador de la Sociedad de Exposiciones Artísticas Itinerantes.</rdfs:comment>
    <rdfs:comment xml:lang="zh">伊凡·伊凡諾維奇·希施金（俄语：Иван Иванович Шишкин，1832年1月13日－1898年3月8日），生于叶拉布加，俄羅斯風景畫家。 1832年出生於葉拉布加商人家庭，童年在維亞特省度過，對當地的自然景色和森林留下深刻的印象。畢業於 Kazan Gymnasium，就讀莫斯科繪畫雕刻建築學院（Moscow School of Painting, Sculpture and Architecture）四年，又因獲得帝國獎學金（Imperial scholarship）前往歐洲學習，五年後成為帝國學院（Imperial Academy）的成員，與列維坦、艾瓦佐夫斯基和庫因哲等人成為當代最著名的風景畫家。</rdfs:comment>
    <rdfs:comment xml:lang="it"></rdfs:comment>
    <rdfs:comment xml:lang="de">Iwan Iwanowitsch Schischkin war ein russischer Maler und Grafiker sowie ein Mitglied der Peredwischniki.</rdfs:comment>
    <rdfs:comment xml:lang="pl">Iwan Iwanowicz Szyszkin, ros. Иван Иванович Шишкин – rosyjski malarz, pejzażysta, współzałozyciel stowarzyszenia Pieriedwiżników. Urodził się w Jełabudze, w rodzinie kupieckiej. Ukończył gimnazjum w Kazaniu. Jego ojciec po długich wahaniach zgodził się na podjęcie przezeń nauki malarstwa.</rdfs:comment>
    <rdfs:comment xml:lang="ru">Ива́н Ива́нович Ши́шкин — русский художник-пейзажист, живописец, рисовальщик и гравёр-аквафортист. Академик, профессор, руководитель пейзажной мастерской Академии художеств. Член-учредитель Товарищества передвижных художественных выставок.</rdfs:comment>
    <rdfs:comment xml:lang="en">Ivan Ivanovich Shishkin (Russian: Ива́н Ива́нович Ши́шкин; 25 January 1832 – 20 March 1898) was a Russian landscape painter closely associated with the Peredvizhniki movement. Shishkin was born in Yelabuga of Vyatka Governorate (today Republic of Tatarstan), and graduated from the Kazan gymnasium.</rdfs:comment>
    <rdfs:comment xml:lang="fr">Ivan Ivanovitch Chichkine né en 1832 à Ielabouga et mort en 1898 à Saint-Pétersbourg, est un peintre russe du XIXe siècle.</rdfs:comment>
    <foaf:name xml:lang="en">Ivan Shishkin</foaf:name>
    <dbpedia-owl:thumbnail rdf:resource="http://upload.wikimedia.org/wikipedia/commons/thumb/0/0c/Iwan_Nikolajewitsch_Kramskoj_005.jpg/200px-Iwan_Nikolajewitsch_Kramskoj_005.jpg" />
    <dbpedia-owl:wikiPageExternalLink rdf:resource="http://www.tanais.info/art/en/shishkin.html" />
    <dbpedia-owl:wikiPageExternalLink rdf:resource="http://www.tanais.info/art/en/shishkin19more.html" />
    <dbpedia-owl:wikiPageExternalLink rdf:resource="http://www.tanais.info/art/en/shishkin35more.html" />
    <dbpedia-owl:wikiPageExternalLink rdf:resource="http://www.tanais.info/art/en/shishkin46more.html" />
    <dbpedia-owl:wikiPageExternalLink rdf:resource="http://www.fineart-china.com/oil%20painting%20artist/Ivan%20Shishkin.html" />
    <dbpprop:alt xml:lang="en">Portrait of Ivan Shishkin</dbpprop:alt>
    <dbpprop:awards xml:lang="en">Silver Medal</dbpprop:awards>
    <dbpprop:awards xml:lang="en">Grand Golden Medal</dbpprop:awards>
    <dbpprop:awards xml:lang="en">Minor Golden Medal</dbpprop:awards>
    <dbpprop:bgcolour xml:lang="en">#6495ED</dbpprop:bgcolour>
    <dbpprop:birthDate rdf:datatype="http://www.w3.org/2001/XMLSchema#date">1832-01-25</dbpprop:birthDate>
    <dbpprop:birthPlace rdf:resource="http://dbpedia.org/resource/Russian_Empire" />
    <dbpprop:birthPlace rdf:resource="http://dbpedia.org/resource/Yelabuga" />
    <dbpprop:caption xml:lang="en">Ivan Shishkin, c. 1880</dbpprop:caption>
    <dbpprop:dateOfBirth rdf:datatype="http://www.w3.org/2001/XMLSchema#integer">25</dbpprop:dateOfBirth>
    <dbpprop:dateOfDeath rdf:datatype="http://www.w3.org/2001/XMLSchema#integer">20</dbpprop:dateOfDeath>
    <dbpprop:deathDate rdf:datatype="http://www.w3.org/2001/XMLSchema#date">1898-03-20</dbpprop:deathDate>
    <dbpprop:deathPlace xml:lang="en">St. Petersburg, Russia</dbpprop:deathPlace>
    <dbpprop:field xml:lang="en">Painting</dbpprop:field>
    <dbpprop:influenced rdf:resource="http://dbpedia.org/resource/Isaac_Levitan" />
    <dbpprop:influenced rdf:resource="http://dbpedia.org/resource/Arkhip_Kuindzhi" />
    <dbpprop:movement rdf:resource="http://dbpedia.org/resource/Realism_(arts)" />
    <dbpprop:name xml:lang="en">Ivan Shishkin</dbpprop:name>
    <dbpprop:name xml:lang="en">Shishkin, Ivan</dbpprop:name>
    <dbpprop:nationality xml:lang="en">Russian</dbpprop:nationality>
    <dbpprop:patrons rdf:resource="http://dbpedia.org/resource/Pavel_Tretyakov" />
    <dbpprop:placeOfBirth rdf:resource="http://dbpedia.org/resource/Russian_Empire" />
    <dbpprop:placeOfBirth rdf:resource="http://dbpedia.org/resource/Yelabuga" />
    <dbpprop:placeOfDeath xml:lang="en">St. Petersburg, Russia</dbpprop:placeOfDeath>
    <dbpprop:shortDescription xml:lang="en">Russian artist</dbpprop:shortDescription>
    <dbpprop:training rdf:resource="http://dbpedia.org/resource/Moscow_School_of_Painting,_Sculpture_and_Architecture" />
    <dbpprop:training rdf:resource="http://dbpedia.org/resource/Imperial_Academy_of_Arts" />
    <dbpprop:works xml:lang="en">A Rye Field</dbpprop:works>
    <dbpprop:works xml:lang="en">Morning in a Pine Forest</dbpprop:works>
    <foaf:givenName xml:lang="en">Ivan</foaf:givenName>
    <foaf:isPrimaryTopicOf rdf:resource="http://en.wikipedia.org/wiki/Ivan_Shishkin" />
    <dc:description xml:lang="en">Russian artist</dc:description>
    <ns8:wasDerivedFrom rdf:resource="http://en.wikipedia.org/wiki/Ivan_Shishkin?oldid=548234582" />
    <dbpprop:hasPhotoCollection rdf:resource="http://wifo5-03.informatik.uni-mannheim.de/flickrwrappr/photos/Ivan_Shishkin" />
    <foaf:surname xml:lang="en">Shishkin</foaf:surname>
  </rdf:Description>
  <rdf:Description rdf:about="http://de.dbpedia.org/resource/Iwan_Iwanowitsch_Schischkin">
    <owl:sameAs rdf:resource="http://dbpedia.org/resource/Ivan_Shishkin" />
  </rdf:Description>
  <rdf:Description rdf:about="http://es.dbpedia.org/resource/Iván_Shishkin">
    <owl:sameAs rdf:resource="http://dbpedia.org/resource/Ivan_Shishkin" />
  </rdf:Description>
  <rdf:Description rdf:about="http://fr.dbpedia.org/resource/Ivan_Chichkine">
    <owl:sameAs rdf:resource="http://dbpedia.org/resource/Ivan_Shishkin" />
  </rdf:Description>
  <rdf:Description rdf:about="http://dbpedia.org/resource/John_Blanche">
    <dbpedia-owl:influencedBy rdf:resource="http://dbpedia.org/resource/Ivan_Shishkin" />
    <dbpprop:influencedBy rdf:resource="http://dbpedia.org/resource/Ivan_Shishkin" />
  </rdf:Description>
  <rdf:Description rdf:about="http://dbpedia.org/resource/3558_Shishkin">
    <dbpprop:namedAfter rdf:resource="http://dbpedia.org/resource/Ivan_Shishkin" />
  </rdf:Description>
  <rdf:Description rdf:about="http://cs.dbpedia.org/resource/Ivan_Ivanovič_Šiškin">
    <owl:sameAs rdf:resource="http://dbpedia.org/resource/Ivan_Shishkin" />
  </rdf:Description>
  <rdf:Description rdf:about="http://ja.dbpedia.org/resource/イヴァン・シーシキン">
    <owl:sameAs rdf:resource="http://dbpedia.org/resource/Ivan_Shishkin" />
  </rdf:Description>
  <rdf:Description rdf:about="http://ru.dbpedia.org/resource/Шишкин,_Иван_Иванович">
    <owl:sameAs rdf:resource="http://dbpedia.org/resource/Ivan_Shishkin" />
  </rdf:Description>
  <rdf:Description rdf:about="http://pl.dbpedia.org/resource/Iwan_Szyszkin">
    <owl:sameAs rdf:resource="http://dbpedia.org/resource/Ivan_Shishkin" />
  </rdf:Description>
  <rdf:Description rdf:about="http://dbpedia.org/resource/Morning_in_a_Pine_Forest">
    <dbpedia-owl:author rdf:resource="http://dbpedia.org/resource/Ivan_Shishkin" />
    <dbpprop:artist rdf:resource="http://dbpedia.org/resource/Ivan_Shishkin" />
  </rdf:Description>
  <rdf:Description rdf:about="http://it.dbpedia.org/resource/Ivan_Ivanovič_Šiškin">
    <owl:sameAs rdf:resource="http://dbpedia.org/resource/Ivan_Shishkin" />
  </rdf:Description>
  <rdf:Description rdf:about="http://dbpedia.org/resource/A_rye_field">
    <dbpedia-owl:wikiPageRedirects rdf:resource="http://dbpedia.org/resource/Ivan_Shishkin" />
  </rdf:Description>
  <rdf:Description rdf:about="http://pt.dbpedia.org/resource/Ivan_Shishkin">
    <owl:sameAs rdf:resource="http://dbpedia.org/resource/Ivan_Shishkin" />
  </rdf:Description>
  <rdf:Description rdf:about="http://nl.dbpedia.org/resource/Ivan_Sjisjkin">
    <owl:sameAs rdf:resource="http://dbpedia.org/resource/Ivan_Shishkin" />
  </rdf:Description>
  <rdf:Description rdf:about="http://wikidata.dbpedia.org/resource/Q193064">
    <owl:sameAs rdf:resource="http://dbpedia.org/resource/Ivan_Shishkin" />
  </rdf:Description>
  <rdf:Description rdf:about="http://zh.dbpedia.org/resource/伊凡·伊凡諾維奇·希施金">
    <owl:sameAs rdf:resource="http://dbpedia.org/resource/Ivan_Shishkin" />
  </rdf:Description>
  <rdf:Description rdf:about="http://bg.dbpedia.org/resource/Иван_Шишкин">
    <owl:sameAs rdf:resource="http://dbpedia.org/resource/Ivan_Shishkin" />
  </rdf:Description>
  <rdf:Description rdf:about="http://bn.dbpedia.org/resource/ইভান_শিশকিন">
    <owl:sameAs rdf:resource="http://dbpedia.org/resource/Ivan_Shishkin" />
  </rdf:Description>
  <rdf:Description rdf:about="http://eo.dbpedia.org/resource/Ivan_Ŝiŝkin">
    <owl:sameAs rdf:resource="http://dbpedia.org/resource/Ivan_Shishkin" />
  </rdf:Description>
  <rdf:Description rdf:about="http://et.dbpedia.org/resource/Ivan_Šiškin">
    <owl:sameAs rdf:resource="http://dbpedia.org/resource/Ivan_Shishkin" />
  </rdf:Description>
  <rdf:Description rdf:about="http://fi.dbpedia.org/resource/Ivan_Šiškin">
    <owl:sameAs rdf:resource="http://dbpedia.org/resource/Ivan_Shishkin" />
  </rdf:Description>
  <rdf:Description rdf:about="http://fy.dbpedia.org/resource/Ivan_Sjisjkin">
    <owl:sameAs rdf:resource="http://dbpedia.org/resource/Ivan_Shishkin" />
  </rdf:Description>
  <rdf:Description rdf:about="http://ga.dbpedia.org/resource/Ivan_Shishkin">
    <owl:sameAs rdf:resource="http://dbpedia.org/resource/Ivan_Shishkin" />
  </rdf:Description>
  <rdf:Description rdf:about="http://gv.dbpedia.org/resource/Ivan_Shishkin">
    <owl:sameAs rdf:resource="http://dbpedia.org/resource/Ivan_Shishkin" />
  </rdf:Description>
  <rdf:Description rdf:about="http://he.dbpedia.org/resource/איוואן_שישקין">
    <owl:sameAs rdf:resource="http://dbpedia.org/resource/Ivan_Shishkin" />
  </rdf:Description>
  <rdf:Description rdf:about="http://hu.dbpedia.org/resource/Ivan_Ivanovics_Siskin">
    <owl:sameAs rdf:resource="http://dbpedia.org/resource/Ivan_Shishkin" />
  </rdf:Description>
  <rdf:Description rdf:about="http://la.dbpedia.org/resource/Ioannes_Šiškin">
    <owl:sameAs rdf:resource="http://dbpedia.org/resource/Ivan_Shishkin" />
  </rdf:Description>
  <rdf:Description rdf:about="http://lt.dbpedia.org/resource/Ivanas_Šiškinas">
    <owl:sameAs rdf:resource="http://dbpedia.org/resource/Ivan_Shishkin" />
  </rdf:Description>
  <rdf:Description rdf:about="http://lv.dbpedia.org/resource/Ivans_Šiškins">
    <owl:sameAs rdf:resource="http://dbpedia.org/resource/Ivan_Shishkin" />
  </rdf:Description>
  <rdf:Description rdf:about="http://mi.dbpedia.org/resource/Ivan_Shishkin">
    <owl:sameAs rdf:resource="http://dbpedia.org/resource/Ivan_Shishkin" />
  </rdf:Description>
  <rdf:Description rdf:about="http://mk.dbpedia.org/resource/Иван_Иванович_Шишкин">
    <owl:sameAs rdf:resource="http://dbpedia.org/resource/Ivan_Shishkin" />
  </rdf:Description>
  <rdf:Description rdf:about="http://nn.dbpedia.org/resource/Ivan_Sjisjkin">
    <owl:sameAs rdf:resource="http://dbpedia.org/resource/Ivan_Shishkin" />
  </rdf:Description>
  <rdf:Description rdf:about="http://no.dbpedia.org/resource/Ivan_Sjisjkin">
    <owl:sameAs rdf:resource="http://dbpedia.org/resource/Ivan_Shishkin" />
  </rdf:Description>
  <rdf:Description rdf:about="http://pnb.dbpedia.org/resource/آئیوان_ششکن">
    <owl:sameAs rdf:resource="http://dbpedia.org/resource/Ivan_Shishkin" />
  </rdf:Description>
  <rdf:Description rdf:about="http://ro.dbpedia.org/resource/Ivan_Șișkin">
    <owl:sameAs rdf:resource="http://dbpedia.org/resource/Ivan_Shishkin" />
  </rdf:Description>
  <rdf:Description rdf:about="http://sk.dbpedia.org/resource/Ivan_Ivanovič_Šiškin">
    <owl:sameAs rdf:resource="http://dbpedia.org/resource/Ivan_Shishkin" />
  </rdf:Description>
  <rdf:Description rdf:about="http://sr.dbpedia.org/resource/Иван_Шишкин">
    <owl:sameAs rdf:resource="http://dbpedia.org/resource/Ivan_Shishkin" />
  </rdf:Description>
  <rdf:Description rdf:about="http://sv.dbpedia.org/resource/Ivan_Sjisjkin">
    <owl:sameAs rdf:resource="http://dbpedia.org/resource/Ivan_Shishkin" />
  </rdf:Description>
  <rdf:Description rdf:about="http://sw.dbpedia.org/resource/Ivan_Shishkin">
    <owl:sameAs rdf:resource="http://dbpedia.org/resource/Ivan_Shishkin" />
  </rdf:Description>
  <rdf:Description rdf:about="http://uk.dbpedia.org/resource/Шишкін_Іван_Іванович">
    <owl:sameAs rdf:resource="http://dbpedia.org/resource/Ivan_Shishkin" />
  </rdf:Description>
  <rdf:Description rdf:about="http://haw.dbpedia.org/resource/Ivan_Shishkin">
    <owl:sameAs rdf:resource="http://dbpedia.org/resource/Ivan_Shishkin" />
  </rdf:Description>
  <rdf:Description rdf:about="http://kl.dbpedia.org/resource/Ivan_Sjisjkin">
    <owl:sameAs rdf:resource="http://dbpedia.org/resource/Ivan_Shishkin" />
  </rdf:Description>
  <rdf:Description rdf:about="http://se.dbpedia.org/resource/Ivan_Šiškin">
    <owl:sameAs rdf:resource="http://dbpedia.org/resource/Ivan_Shishkin" />
  </rdf:Description>
</rdf:RDF>
