<?xml version="1.0" encoding="utf-8" ?>
<rdf:RDF
	xmlns:rdf="http://www.w3.org/1999/02/22-rdf-syntax-ns#"
	xmlns:rdfs="http://www.w3.org/2000/01/rdf-schema#"
	xmlns:owl="http://www.w3.org/2002/07/owl#"
	xmlns:dcterms="http://purl.org/dc/terms/"
	xmlns:dbpedia-owl="http://dbpedia.org/ontology/"
	xmlns:foaf="http://xmlns.com/foaf/0.1/"
	xmlns:dbpprop="http://dbpedia.org/property/"
	xmlns:dc="http://purl.org/dc/elements/1.1/"
	xmlns:ns8="http://www.w3.org/ns/prov#" >
  <rdf:Description rdf:about="http://dbpedia.org/resource/Alice_Pike_Barney">
    <dbpedia-owl:influenced rdf:resource="http://dbpedia.org/resource/James_Abbott_McNeill_Whistler" />
    <dbpprop:influenced rdf:resource="http://dbpedia.org/resource/James_Abbott_McNeill_Whistler" />
  </rdf:Description>
  <rdf:Description rdf:about="http://dbpedia.org/resource/Gwen_John">
    <dbpedia-owl:influencedBy rdf:resource="http://dbpedia.org/resource/James_Abbott_McNeill_Whistler" />
    <dbpedia-owl:training rdf:resource="http://dbpedia.org/resource/James_Abbott_McNeill_Whistler" />
    <dbpprop:influencedBy rdf:resource="http://dbpedia.org/resource/James_Abbott_McNeill_Whistler" />
    <dbpprop:training rdf:resource="http://dbpedia.org/resource/James_Abbott_McNeill_Whistler" />
  </rdf:Description>
  <rdf:Description rdf:about="http://dbpedia.org/resource/Oscar_Wilde">
    <dbpedia-owl:influencedBy rdf:resource="http://dbpedia.org/resource/James_Abbott_McNeill_Whistler" />
    <dbpprop:influences rdf:resource="http://dbpedia.org/resource/James_Abbott_McNeill_Whistler" />
  </rdf:Description>
  <rdf:Description rdf:about="http://dbpedia.org/resource/James_Abbott_McNeill_Whistler">
    <rdf:type rdf:resource="http://dbpedia.org/class/yago/Communicator109610660" />
    <rdf:type rdf:resource="http://dbpedia.org/class/yago/LivingThing100004258" />
    <rdf:type rdf:resource="http://dbpedia.org/class/yago/PhysicalEntity100001930" />
    <rdf:type rdf:resource="http://dbpedia.org/class/yago/YagoLegalActorGeo" />
    <rdf:type rdf:resource="http://dbpedia.org/class/yago/Traveler109629752" />
    <rdf:type rdf:resource="http://dbpedia.org/class/yago/AmericanPrintmakers" />
    <rdf:type rdf:resource="http://dbpedia.org/class/yago/Etcher110064977" />
    <rdf:type rdf:resource="http://dbpedia.org/class/yago/AmericanPeopleOfScottishDescent" />
    <rdf:type rdf:resource="http://dbpedia.org/class/yago/Exile110071332" />
    <rdf:type rdf:resource="http://dbpedia.org/class/yago/PeopleFromSpringfield,Massachusetts" />
    <rdf:type rdf:resource="http://dbpedia.org/class/yago/Artist109812338" />
    <rdf:type rdf:resource="http://schema.org/Person" />
    <rdf:type rdf:resource="http://dbpedia.org/ontology/Person" />
    <rdf:type rdf:resource="http://dbpedia.org/class/yago/Person100007846" />
    <rdf:type rdf:resource="http://dbpedia.org/ontology/Artist" />
    <rdf:type rdf:resource="http://dbpedia.org/ontology/Agent" />
    <rdf:type rdf:resource="http://dbpedia.org/class/yago/AmericanExpatriatesInTheUnitedKingdom" />
    <rdf:type rdf:resource="http://dbpedia.org/class/yago/Printmaker110475687" />
    <rdf:type rdf:resource="http://umbel.org/umbel/rc/PersonWithOccupation" />
    <rdf:type rdf:resource="http://dbpedia.org/class/yago/Whole100003553" />
    <rdf:type rdf:resource="http://umbel.org/umbel/rc/Artist" />
    <rdf:type rdf:resource="http://www.w3.org/2002/07/owl#Thing" />
    <rdf:type rdf:resource="http://xmlns.com/foaf/0.1/Person" />
    <rdf:type rdf:resource="http://dbpedia.org/class/yago/Painter110391653" />
    <rdf:type rdf:resource="http://dbpedia.org/class/yago/AmericanPainters" />
    <rdf:type rdf:resource="http://dbpedia.org/class/yago/Object100002684" />
    <rdf:type rdf:resource="http://dbpedia.org/class/yago/AmericanEtchers" />
    <rdf:type rdf:resource="http://dbpedia.org/class/yago/Creator109614315" />
    <rdf:type rdf:resource="http://dbpedia.org/class/yago/ArtistAuthors" />
    <rdf:type rdf:resource="http://dbpedia.org/class/yago/PeopleFromLowell,Massachusetts" />
    <rdf:type rdf:resource="http://dbpedia.org/class/yago/CausalAgent100007347" />
    <rdf:type rdf:resource="http://dbpedia.org/class/yago/Organism100004475" />
    <rdf:type rdf:resource="http://dbpedia.org/class/yago/Writer110794014" />
    <rdf:type rdf:resource="http://dbpedia.org/class/yago/YagoLegalActor" />
    <rdf:type rdf:resource="http://dbpedia.org/class/yago/Absentee109757653" />
    <owl:sameAs rdf:resource="http://hy.dbpedia.org/resource/Ջեյմս_Էբբոտ_Մաք-Նեյլ_Ուիսթլեր" />
    <owl:sameAs rdf:resource="http://pt.dbpedia.org/resource/James_McNeill_Whistler" />
    <owl:sameAs rdf:resource="http://ko.dbpedia.org/resource/제임스_애벗_맥닐_휘슬러" />
    <owl:sameAs rdf:resource="http://simple.dbpedia.org/resource/James_Whistler" />
    <owl:sameAs rdf:resource="http://th.dbpedia.org/resource/เจมส์_แม็คนีลล์_วิสต์เลอร์" />
    <owl:sameAs rdf:resource="http://zh.dbpedia.org/resource/詹姆斯·惠斯勒" />
    <owl:sameAs rdf:resource="http://id.dbpedia.org/resource/James_McNeill_Whistler" />
    <owl:sameAs rdf:resource="http://no.dbpedia.org/resource/James_McNeill_Whistler" />
    <owl:sameAs rdf:resource="http://sv.dbpedia.org/resource/James_McNeill_Whistler" />
    <owl:sameAs rdf:resource="http://ro.dbpedia.org/resource/James_Abbott_McNeill_Whistler" />
    <owl:sameAs rdf:resource="http://yago-knowledge.org/resource/James_Abbott_McNeill_Whistler" />
    <owl:sameAs rdf:resource="http://da.dbpedia.org/resource/James_McNeill_Whistler" />
    <owl:sameAs rdf:resource="http://eu.dbpedia.org/resource/James_Abbott_McNeill_Whistler" />
    <owl:sameAs rdf:resource="http://mr.dbpedia.org/resource/जेम्स_मॅकनील_व्हिसलर" />
    <owl:sameAs rdf:resource="http://ru.dbpedia.org/resource/Уистлер,_Джеймс_Эббот_Мак-Нейл" />
    <owl:sameAs rdf:resource="http://es.dbpedia.org/resource/James_McNeill_Whistler" />
    <owl:sameAs rdf:resource="http://et.dbpedia.org/resource/James_McNeill_Whistler" />
    <owl:sameAs rdf:resource="http://uk.dbpedia.org/resource/Джеймс_Вістлер" />
    <owl:sameAs rdf:resource="http://he.dbpedia.org/resource/ג&#39;יימס_מקניל_ויסלר" />
    <owl:sameAs rdf:resource="http://ja.dbpedia.org/resource/ジェームズ・マクニール・ホイッスラー" />
    <owl:sameAs rdf:resource="http://fi.dbpedia.org/resource/James_McNeill_Whistler" />
    <owl:sameAs rdf:resource="http://pl.dbpedia.org/resource/James_McNeill_Whistler" />
    <owl:sameAs rdf:resource="http://sh.dbpedia.org/resource/James_McNeill_Whistler" />
    <owl:sameAs rdf:resource="http://tr.dbpedia.org/resource/James_Abbott_McNeill_Whistler" />
    <owl:sameAs rdf:resource="http://dbpedia.org/resource/James_Abbott_McNeill_Whistler" />
    <owl:sameAs rdf:resource="http://rdf.freebase.com/ns/m.0jt1_" />
    <owl:sameAs rdf:resource="http://cs.dbpedia.org/resource/James_McNeill_Whistler" />
    <owl:sameAs rdf:resource="http://ca.dbpedia.org/resource/James_McNeill_Whistler" />
    <owl:sameAs rdf:resource="http://fa.dbpedia.org/resource/جیمز_مک‌نیل_ویسلر" />
    <owl:sameAs rdf:resource="http://it.dbpedia.org/resource/James_Abbott_McNeill_Whistler" />
    <owl:sameAs rdf:resource="http://zh_yue.dbpedia.org/resource/占斯惠斯勒" />
    <owl:sameAs rdf:resource="http://hr.dbpedia.org/resource/James_McNeill_Whistler" />
    <owl:sameAs rdf:resource="http://nl.dbpedia.org/resource/James_McNeill_Whistler" />
    <owl:sameAs rdf:resource="http://nn.dbpedia.org/resource/James_Whistler" />
    <owl:sameAs rdf:resource="http://de.dbpedia.org/resource/James_McNeill_Whistler" />
    <owl:sameAs rdf:resource="http://www.wikidata.org/entity/Q203643" />
    <owl:sameAs rdf:resource="http://sr.dbpedia.org/resource/Џејмс_Макнил_Вислер" />
    <owl:sameAs rdf:resource="http://gl.dbpedia.org/resource/James_McNeill_Whistler" />
    <owl:sameAs rdf:resource="http://fr.dbpedia.org/resource/James_Abbott_McNeill_Whistler" />
    <dcterms:subject rdf:resource="http://dbpedia.org/resource/Category:American_Impressionism" />
    <dcterms:subject rdf:resource="http://dbpedia.org/resource/Category:Tonalism" />
    <dcterms:subject rdf:resource="http://dbpedia.org/resource/Category:Royal_Society_of_Portrait_Painters" />
    <dcterms:subject rdf:resource="http://dbpedia.org/resource/Category:American_etchers" />
    <dcterms:subject rdf:resource="http://dbpedia.org/resource/Category:Artist_authors" />
    <dcterms:subject rdf:resource="http://dbpedia.org/resource/Category:American_printmakers" />
    <dcterms:subject rdf:resource="http://dbpedia.org/resource/Category:American_people_of_Scottish_descent" />
    <dcterms:subject rdf:resource="http://dbpedia.org/resource/Category:1834_births" />
    <dcterms:subject rdf:resource="http://dbpedia.org/resource/Category:American_expatriates_in_the_United_Kingdom" />
    <dcterms:subject rdf:resource="http://dbpedia.org/resource/Category:People_from_Springfield,_Massachusetts" />
    <dcterms:subject rdf:resource="http://dbpedia.org/resource/Category:1903_deaths" />
    <dcterms:subject rdf:resource="http://dbpedia.org/resource/Category:Officiers_of_the_L%C3%A9gion_d&#39;honneur" />
    <dcterms:subject rdf:resource="http://dbpedia.org/resource/Category:American_painters" />
    <dcterms:subject rdf:resource="http://dbpedia.org/resource/Category:People_from_Lowell,_Massachusetts" />
    <dbpedia-owl:abstract xml:lang="pl">James Abbott McNeill Whistler – amerykański malarz i grafik, aktywny głównie w Anglii. Syn oficera, kontynuował rodzinną tradycję uczęszczając przez kilka lat do West Point, skąd go zwolniono za braki w dziedzinie chemii. W 1855 wyjechał do Paryża, gdzie zetknął się z Édouardem Manetem, Charles&#39;em Baudelaire&#39;em i Henri Fantin-Latourem. W 1859 przyjechał do Londynu, następnie wiele podróżował. W 1863 wystawiał w Salonie Odrzuconych. W 1890 osiadł w Paryżu. Jego twórczość, związana z wczesną fazą impresjonizmu, wykazuje także wpływ Gustave`a Courbeta oraz grafiki japońskiej, której był jednym z pierwszych odkrywców i entuzjastów. W swych obrazach kładł nacisk na zagadnienia kolorystyczne, zestawiając układy barwne na wzór kompozycji muzycznych, stosował subtelne, prawie monochromatyczne zestawienia kolorów. Jako grafik uprawiał akwafortę i litografię.</dbpedia-owl:abstract>
    <dbpedia-owl:abstract xml:lang="it"></dbpedia-owl:abstract>
    <dbpedia-owl:abstract xml:lang="ja">ジェームズ・アボット・マクニール・ホイッスラー（James Abbott McNeill Whistler, 1834年7月10日-1903年7月17日）は、19世紀後半のアメリカ人の画家、版画家。おもにロンドンで活動した。印象派の画家たちと同世代であるが、その色調や画面構成などには浮世絵をはじめとする日本美術の影響が濃く、印象派とも伝統的アカデミズムとも一線を画した独自の絵画世界を展開した。</dbpedia-owl:abstract>
    <dbpedia-owl:abstract xml:lang="en">James Abbott McNeill Whistler (July 11, 1834 – July 17, 1903) was an American-born, British-based artist. Averse to sentimentality and moral allusion in painting, he was a leading proponent of the credo, "art for art&#39;s sake". His famous signature for his paintings was in the shape of a stylized butterfly possessing a long stinger for a tail. The symbol was apt, for it combined both aspects of his personality—his art was characterized by a subtle delicacy, while his public persona was combative. Finding a parallel between painting and music, Whistler entitled many of his paintings "arrangements", "harmonies", and "nocturnes", emphasizing the primacy of tonal harmony. His most famous painting is Whistler&#39;s Mother (1871), the revered and oft parodied portrait of motherhood. Whistler influenced the art world and the broader culture of his time with his artistic theories and his friendships with leading artists and writers.</dbpedia-owl:abstract>
    <dbpedia-owl:abstract xml:lang="pt">James Abbott McNeill Whistler foi um pintor norte-americano estabelecido na Inglaterra e na França.</dbpedia-owl:abstract>
    <dbpedia-owl:abstract xml:lang="nl">James Abbott McNeill Whistler was een Amerikaans kunstschilder, etser, lithograaf en schrijver. Whistler werd geboren in de Verenigde Staten en vertrok in 1855 naar Europa, zonder ooit nog naar de Verenigde Staten terug te keren. Hij vertrok eerst naar Parijs, maar verhuisde na enige tijd naar Londen, waar hij tot zijn dood zou blijven wonen. Hij is wellicht het bekendst geworden door het bijna geheel in zwart-wit uitgevoerde schilderij van zijn moeder, getiteld Arrangement in Gray and Black, No. 1 maar gewoonlijk kortweg Whistler&#39;s Mother genoemd. (Het werk komt prominent voor in Rowan Atkinsons film &#39;Bean&#39; uit 1997). De sterk atmosferische serie &#39;Nocturnes&#39; tonen Japanse invloed. Door zijn spaarzame kleurgebruik (vaak met schakeringen van één kleur) doet het werk bijna abstract aan, waardoor hij wel wordt beschouwd als een voorloper van de abstracte kunst. De kleur-analytische methode van de impressionisten lag hem niet. Zijn aandacht voor de esthetische werking van de kleur is eerder gebaseerd op de 17de-eeuwse Hollandse traditie, die hij zeer waardeerde. Zijn schilderij &#39;Het witte meisje&#39; uit 1862 zorgde voor ophef tijdens een tentoonstelling in Londen en op de &#39;Salon des Refusés&#39; in Parijs. Het werk is een typisch voorbeeld van zijn theorie dat de kunst zich vooral moest bezighouden met schoonheid in kleur en vormgeving en niet met de exacte weergave van mensen en zaken, zoals aanbevolen door de criticus John Ruskin. In 1878 deed Whistler Ruskin een proces aan wegens smaad nadat Ruskin bij zijn werk &#39;Nocturne in Black and Gold: The Falling Rocket&#39; hem een verwaande kwast had genoemd. Hij kreeg een minimale schadevergoeding, maar de zaak kostte hem een kapitaal. Hierna vertrok hij voor enkele jaren naar Venetië, waar hij vooral etsen maakte. Mooier nog vond hij Amsterdam. Tegen de kunstcriticus Jan Veth zei hij: "Jullie Hollandsche schilders weet niet wat gij verzuimt door niets van uw wóndervolle Amsterdam te maken, dat ik mooier vind dan Venetië. " Ook in Amsterdam voer hij door grachten en grachtjes en schilderde de huizen, liefst de huurkazernes, en liefst aan de achterzijde. Hij ging er om met Willem Witsen en George Breitner, op wie hij grote invloed uitoefende. Whistler was bevriend met verschillende Franse kunstenaars, waaronder Édouard Manet en Antonio de La Gandara. Ook was hij een prominent figuur in de esthetische beweging, samen met zijn vriend Oscar Wilde. Maar ook maakte hij in zijn leven veel vijanden. Hij cultiveerde die vijandschappen onder meer door het voeren van vele processen en schreef er een boekje over: The gentle art of making enemies.</dbpedia-owl:abstract>
    <dbpedia-owl:abstract xml:lang="ru">Уистлер, Джеймс Эббот Мак-Нейл style="background:transparent" |Ошибка: неверное или отсутствующее изображение|| |} |звания = |премии = |сайт = |викисклад = James McNeill Whistler }} У этого термина существуют и другие значения, см. Уистлер. Джеймс Эббот Макнил Уистлер — англо-американский художник, мастер живописного портрета в полный рост, а также офорта и литографии. Один из ключевых предшественников импрессионизма и символизма.</dbpedia-owl:abstract>
    <dbpedia-owl:abstract xml:lang="fr">James Abbott McNeill Whistler est un peintre américain, lié au mouvement symbolique et impressionniste.</dbpedia-owl:abstract>
    <dbpedia-owl:abstract xml:lang="sv">James Abbott McNeill Whistler, född 14 juli 1834 i Lowell, Massachusetts, USA, död 17 juli 1903 i Chelsea, Storbritannien, var en amerikansk-brittisk målare och grafiker.</dbpedia-owl:abstract>
    <dbpedia-owl:abstract xml:lang="es">James Abbott McNeill Whistler fue un pintor estadounidense, que vivió sobre todo en Francia e Inglaterra. Invitaron a su padre, George Washington Whistler, a Rusia en 1842 para construir el ferrocarril y aprendió francés en el colegio allí. Estuvo en la United States Military Academy en West Point varios años y fue expulsado por suspender un examen de química. Muchas de sus obras fueron controvertidas y fue una figura clave en el movimiento estético. Ilustró Les Chauves-Souris con Antonio de La Gandara, uno de sus muchos amigos, entre los que destacaban impresionistas como Édouard Manet u Oscar Wilde, de quien se rio cuando descubrió su homosexualidad y con quien se cree que mantuvo un romance, al igual que con Walter Richard Sickert, a quien acusaron de ser Jack el Destripador. Whistler compartió su amante, Joanna Hiffernan, con Gustave Courbet, como modelo. Los historiadores especulan que su L&#39;Origine du monde fue motivo para romper su amistad con Courbet. Está enterrado en St Nicholas&#39;s Church en Chiswick, Londres.</dbpedia-owl:abstract>
    <dbpedia-owl:abstract xml:lang="de">James Abbott McNeill Whistler war ein US-amerikanischer Maler.</dbpedia-owl:abstract>
    <dbpedia-owl:abstract xml:lang="zh">詹姆斯·惠斯勒（James McNeill Whistler，1834年7月11日－1903年7月17日），著名印象派畫家，父親是美國工程師，全家曾居於聖彼得堡。惠斯勒曾入讀西點軍校，之後自選畫家為職業。 惠斯勒出生于马萨诸塞州，21岁时怀着成为艺术家的雄心前往巴黎。他在伦敦建立起事业，从此未曾返回祖国。多年后，他成为19世纪美术史上最前卫的画家之一。作为一名旅居者，惠斯勒没有受到为道德而艺术的美国趋势的影响。相反，他甚至追求唯美主义，即“为艺术而艺术”（art for art&#39;s sake），这种理论认为美感应当是艺术追求的唯一目标。 在1870年代事业达到高峰之际，惠斯勒关注艺术作品的展现。他为自己的画设计画框，有时甚至自己安排展览。在为英国船王、他的主要赞助人弗雷德里克·雷兰（Frederick Richards Leyland）的伦敦住宅设计餐厅装饰时，他最终实现了塑造无所不包的整体美感的愿望。那间现在被称为孔雀厅的餐厅提高了惠斯勒作为唯美主义画家的声誉，显示出他对美感的追求远远超越了画框。 惠斯勒的畫作不太重視輪廓和素描，而注重彩色和音樂的效果，尤其喜歡在畫作命名上加上音樂的術語，例如《母親的畫像》又名《灰色與黑色的交嚮》。</dbpedia-owl:abstract>
    <dbpedia-owl:award rdf:resource="http://dbpedia.org/resource/Royal_Academy_of_Fine_Arts,_Munich" />
    <dbpedia-owl:award rdf:resource="http://dbpedia.org/resource/Legion_of_Honour" />
    <dbpedia-owl:birthDate rdf:datatype="http://www.w3.org/2001/XMLSchema#date">1834-07-10</dbpedia-owl:birthDate>
    <dbpedia-owl:birthPlace rdf:resource="http://dbpedia.org/resource/Lowell,_Massachusetts" />
    <dbpedia-owl:deathDate rdf:datatype="http://www.w3.org/2001/XMLSchema#date">1903-07-17</dbpedia-owl:deathDate>
    <dbpedia-owl:influenced rdf:resource="http://dbpedia.org/resource/William_Merritt_Chase" />
    <dbpedia-owl:influenced rdf:resource="http://dbpedia.org/resource/American_Impressionism" />
    <dbpedia-owl:influenced rdf:resource="http://dbpedia.org/resource/Tonalism" />
    <dbpedia-owl:influenced rdf:resource="http://dbpedia.org/resource/John_Singer_Sargent" />
    <dbpedia-owl:influencedBy rdf:resource="http://dbpedia.org/resource/Robert_Walter_Weir" />
    <dbpedia-owl:movement rdf:resource="http://dbpedia.org/resource/Tonalism" />
    <dbpedia-owl:nationality rdf:resource="http://dbpedia.org/resource/United_States" />
    <dbpedia-owl:training rdf:resource="http://dbpedia.org/resource/United_States_Military_Academy" />
    <dbpedia-owl:wikiPageID rdf:datatype="http://www.w3.org/2001/XMLSchema#integer">74097</dbpedia-owl:wikiPageID>
    <dbpedia-owl:wikiPageRevisionID rdf:datatype="http://www.w3.org/2001/XMLSchema#integer">545764657</dbpedia-owl:wikiPageRevisionID>
    <rdfs:label xml:lang="nl">James McNeill Whistler</rdfs:label>
    <rdfs:label xml:lang="es">James McNeill Whistler</rdfs:label>
    <rdfs:label xml:lang="ja">ジェームズ・マクニール・ホイッスラー</rdfs:label>
    <rdfs:label xml:lang="ru">Уистлер, Джеймс Эббот Мак-Нейл</rdfs:label>
    <rdfs:label xml:lang="zh">詹姆斯·惠斯勒</rdfs:label>
    <rdfs:label xml:lang="fr">James Abbott McNeill Whistler</rdfs:label>
    <rdfs:label xml:lang="en">James Abbott McNeill Whistler</rdfs:label>
    <rdfs:label xml:lang="it">James Abbott McNeill Whistler</rdfs:label>
    <rdfs:label xml:lang="pl">James McNeill Whistler</rdfs:label>
    <rdfs:label xml:lang="pt">James McNeill Whistler</rdfs:label>
    <rdfs:label xml:lang="sv">James McNeill Whistler</rdfs:label>
    <rdfs:label xml:lang="de">James McNeill Whistler</rdfs:label>
    <foaf:depiction rdf:resource="http://upload.wikimedia.org/wikipedia/commons/e/e1/Whistler_Selbstporträt.jpg" />
    <rdfs:comment xml:lang="de">James Abbott McNeill Whistler war ein US-amerikanischer Maler.</rdfs:comment>
    <rdfs:comment xml:lang="sv">James Abbott McNeill Whistler, född 14 juli 1834 i Lowell, Massachusetts, USA, död 17 juli 1903 i Chelsea, Storbritannien, var en amerikansk-brittisk målare och grafiker.</rdfs:comment>
    <rdfs:comment xml:lang="pt">James Abbott McNeill Whistler foi um pintor norte-americano estabelecido na Inglaterra e na França.</rdfs:comment>
    <rdfs:comment xml:lang="zh">詹姆斯·惠斯勒（James McNeill Whistler，1834年7月11日－1903年7月17日），著名印象派畫家，父親是美國工程師，全家曾居於聖彼得堡。惠斯勒曾入讀西點軍校，之後自選畫家為職業。 惠斯勒出生于马萨诸塞州，21岁时怀着成为艺术家的雄心前往巴黎。他在伦敦建立起事业，从此未曾返回祖国。多年后，他成为19世纪美术史上最前卫的画家之一。作为一名旅居者，惠斯勒没有受到为道德而艺术的美国趋势的影响。相反，他甚至追求唯美主义，即“为艺术而艺术”（art for art&#39;s sake），这种理论认为美感应当是艺术追求的唯一目标。 在1870年代事业达到高峰之际，惠斯勒关注艺术作品的展现。他为自己的画设计画框，有时甚至自己安排展览。在为英国船王、他的主要赞助人弗雷德里克·雷兰（Frederick Richards Leyland）的伦敦住宅设计餐厅装饰时，他最终实现了塑造无所不包的整体美感的愿望。那间现在被称为孔雀厅的餐厅提高了惠斯勒作为唯美主义画家的声誉，显示出他对美感的追求远远超越了画框。 惠斯勒的畫作不太重視輪廓和素描，而注重彩色和音樂的效果，尤其喜歡在畫作命名上加上音樂的術語，例如《母親的畫像》又名《灰色與黑色的交嚮》。</rdfs:comment>
    <rdfs:comment xml:lang="es">James Abbott McNeill Whistler fue un pintor estadounidense, que vivió sobre todo en Francia e Inglaterra. Invitaron a su padre, George Washington Whistler, a Rusia en 1842 para construir el ferrocarril y aprendió francés en el colegio allí. Estuvo en la United States Military Academy en West Point varios años y fue expulsado por suspender un examen de química. Muchas de sus obras fueron controvertidas y fue una figura clave en el movimiento estético.</rdfs:comment>
    <rdfs:comment xml:lang="nl">James Abbott McNeill Whistler was een Amerikaans kunstschilder, etser, lithograaf en schrijver. Whistler werd geboren in de Verenigde Staten en vertrok in 1855 naar Europa, zonder ooit nog naar de Verenigde Staten terug te keren. Hij vertrok eerst naar Parijs, maar verhuisde na enige tijd naar Londen, waar hij tot zijn dood zou blijven wonen.</rdfs:comment>
    <rdfs:comment xml:lang="en">James Abbott McNeill Whistler (July 11, 1834 – July 17, 1903) was an American-born, British-based artist. Averse to sentimentality and moral allusion in painting, he was a leading proponent of the credo, "art for art&#39;s sake". His famous signature for his paintings was in the shape of a stylized butterfly possessing a long stinger for a tail. The symbol was apt, for it combined both aspects of his personality—his art was characterized by a subtle delicacy, while his public persona was combative.</rdfs:comment>
    <rdfs:comment xml:lang="it"></rdfs:comment>
    <rdfs:comment xml:lang="ja">ジェームズ・アボット・マクニール・ホイッスラー（James Abbott McNeill Whistler, 1834年7月10日-1903年7月17日）は、19世紀後半のアメリカ人の画家、版画家。おもにロンドンで活動した。印象派の画家たちと同世代であるが、その色調や画面構成などには浮世絵をはじめとする日本美術の影響が濃く、印象派とも伝統的アカデミズムとも一線を画した独自の絵画世界を展開した。</rdfs:comment>
    <rdfs:comment xml:lang="fr">James Abbott McNeill Whistler est un peintre américain, lié au mouvement symbolique et impressionniste.</rdfs:comment>
    <rdfs:comment xml:lang="pl">James Abbott McNeill Whistler – amerykański malarz i grafik, aktywny głównie w Anglii. Syn oficera, kontynuował rodzinną tradycję uczęszczając przez kilka lat do West Point, skąd go zwolniono za braki w dziedzinie chemii. W 1855 wyjechał do Paryża, gdzie zetknął się z Édouardem Manetem, Charles&#39;em Baudelaire&#39;em i Henri Fantin-Latourem. W 1859 przyjechał do Londynu, następnie wiele podróżował. W 1863 wystawiał w Salonie Odrzuconych. W 1890 osiadł w Paryżu.</rdfs:comment>
    <rdfs:comment xml:lang="ru">Уистлер, Джеймс Эббот Мак-Нейл style="background:transparent" |Ошибка: неверное или отсутствующее изображение|| |} |звания = |премии = |сайт = |викисклад = James McNeill Whistler }} У этого термина существуют и другие значения, см. Уистлер. Джеймс Эббот Макнил Уистлер — англо-американский художник, мастер живописного портрета в полный рост, а также офорта и литографии. Один из ключевых предшественников импрессионизма и символизма.</rdfs:comment>
    <foaf:name xml:lang="en">James Abbott Mcneill Whistler</foaf:name>
    <foaf:name xml:lang="en">James McNeill Whistler</foaf:name>
    <dbpedia-owl:thumbnail rdf:resource="http://upload.wikimedia.org/wikipedia/commons/thumb/e/e1/Whistler_Selbstporträt.jpg/200px-Whistler_Selbstporträt.jpg" />
    <dbpedia-owl:wikiPageExternalLink rdf:resource="http://www.asia.si.edu/collections/americanHome.htm" />
    <dbpedia-owl:wikiPageExternalLink rdf:resource="http://www.asia.si.edu/exhibitions/online/peacock/default.htm" />
    <dbpedia-owl:wikiPageExternalLink rdf:resource="http://libmma.contentdm.oclc.org/cdm/search/field/subjec/searchterm/Whistler,%20James%20McNeill,%201834-1903%20--%20Exhibitions/mode/exact" />
    <dbpedia-owl:wikiPageExternalLink rdf:resource="http://www.ronkainen.se/whistler/" />
    <dbpedia-owl:wikiPageExternalLink rdf:resource="http://www.clarkart.edu/exhibitions/whistler/content/home.cfm" />
    <dbpedia-owl:wikiPageExternalLink rdf:resource="http://books.google.ie/books?id=YR6qgLTq0UAC&amp;pg=PA25&amp;lpg=PA25&amp;dq=whistler+art+and+art+critics&amp;source=web&amp;ots=g5zoifa8fW&amp;sig=TrVqlKQg2lkwXDNy2_OvJYR-g-w&amp;hl=en#PPA25,M1" />
    <dbpedia-owl:wikiPageExternalLink rdf:resource="http://www.gla.ac.uk/hunterian/collections/whistler/" />
    <dbpedia-owl:wikiPageExternalLink rdf:resource="http://mlq.dukejournals.org/cgi/pdf_extract/18/3/251" />
    <dbpedia-owl:wikiPageExternalLink rdf:resource="http://www.hillstead.org/collection/paint_whistler.html" />
    <dbpedia-owl:wikiPageExternalLink rdf:resource="http://www.swanngalleries.com/3dcat/2227-1of3/" />
    <dbpedia-owl:wikiPageExternalLink rdf:resource="http://iupjournals.org/victorian/vic42-4.html" />
    <dbpedia-owl:wikiPageExternalLink rdf:resource="http://etchings.arts.gla.ac.uk/" />
    <dbpedia-owl:wikiPageExternalLink rdf:resource="http://www.artchive.com/artchive/W/whistler.html" />
    <dbpedia-owl:wikiPageExternalLink rdf:resource="http://www.whistler.arts.gla.ac.uk/" />
    <dbpedia-owl:wikiPageExternalLink rdf:resource="http://www.whistlerhouse.org/" />
    <dbpedia-owl:wikiPageExternalLink rdf:resource="http://www.aaa.si.edu/collections/findingaids/wundrudo.htm" />
    <dbpedia-owl:wikiPageExternalLink rdf:resource="http://deyoung.famsf.org/blog/framework-gold-scab-eruption-frilthy-lucre-creditor-james-mcneill-whistler" />
    <dbpedia-owl:wikiPageExternalLink rdf:resource="http://www.artcyclopedia.com/artists/whistler_james_mcneill.html" />
    <dbpprop:alternativeNames xml:lang="en">Whistler, James Abbott</dbpprop:alternativeNames>
    <dbpprop:awards rdf:datatype="http://www.w3.org/2001/XMLSchema#integer">1892</dbpprop:awards>
    <dbpprop:awards rdf:datatype="http://www.w3.org/2001/XMLSchema#integer">1898</dbpprop:awards>
    <dbpprop:awards rdf:datatype="http://www.w3.org/2001/XMLSchema#integer">1884</dbpprop:awards>
    <dbpprop:bgcolour xml:lang="en">tan</dbpprop:bgcolour>
    <dbpprop:birthDate rdf:datatype="http://www.w3.org/2001/XMLSchema#date">1834-07-11</dbpprop:birthDate>
    <dbpprop:birthName xml:lang="en">James Abbott Whistler</dbpprop:birthName>
    <dbpprop:birthPlace xml:lang="en">Lowell, Massachusetts, U.S.</dbpprop:birthPlace>
    <dbpprop:caption xml:lang="en">, Detroit Institute of Arts</dbpprop:caption>
    <dbpprop:caption xml:lang="en">Arrangement in Gray: Portrait of the Painter</dbpprop:caption>
    <dbpprop:dateOfBirth rdf:datatype="http://www.w3.org/2001/XMLSchema#date">1834-07-10</dbpprop:dateOfBirth>
    <dbpprop:dateOfDeath rdf:datatype="http://www.w3.org/2001/XMLSchema#date">1903-07-17</dbpprop:dateOfDeath>
    <dbpprop:deathDate rdf:datatype="http://www.w3.org/2001/XMLSchema#date">1903-07-17</dbpprop:deathDate>
    <dbpprop:deathPlace xml:lang="en">London, England, UK</dbpprop:deathPlace>
    <dbpprop:field xml:lang="en">Painting</dbpprop:field>
    <dbpprop:imagesize rdf:datatype="http://www.w3.org/2001/XMLSchema#integer">200</dbpprop:imagesize>
    <dbpprop:influenced rdf:resource="http://dbpedia.org/resource/American_Impressionism" />
    <dbpprop:influenced rdf:resource="http://dbpedia.org/resource/Tonalism" />
    <dbpprop:influenced rdf:resource="http://dbpedia.org/resource/John_Singer_Sargent" />
    <dbpprop:influenced rdf:resource="http://dbpedia.org/resource/William_Merritt_Chase" />
    <dbpprop:influencedBy rdf:resource="http://dbpedia.org/resource/Robert_Walter_Weir" />
    <dbpprop:movement xml:lang="en">Founder of Tonalism</dbpprop:movement>
    <dbpprop:name xml:lang="en">James McNeill Whistler</dbpprop:name>
    <dbpprop:name xml:lang="en">Whistler, James Abbott Mcneill</dbpprop:name>
    <dbpprop:nationality rdf:resource="http://dbpedia.org/resource/United_States" />
    <dbpprop:placeOfBirth xml:lang="en">Lowell, Massachusetts, U.S.</dbpprop:placeOfBirth>
    <dbpprop:placeOfDeath xml:lang="en">London, England, UK</dbpprop:placeOfDeath>
    <dbpprop:shortDescription xml:lang="en">American painter</dbpprop:shortDescription>
    <dbpprop:training rdf:resource="http://dbpedia.org/resource/United_States_Military_Academy" />
    <dbpprop:works rdf:resource="http://dbpedia.org/resource/Whistler&#39;s_Mother" />
    <foaf:homepage rdf:resource="http://www.whistlerhouse.org/" />
    <foaf:givenName xml:lang="en">James Abbott Mcneill</foaf:givenName>
    <foaf:isPrimaryTopicOf rdf:resource="http://en.wikipedia.org/wiki/James_Abbott_McNeill_Whistler" />
    <dc:description xml:lang="en">American painter</dc:description>
    <ns8:wasDerivedFrom rdf:resource="http://en.wikipedia.org/wiki/James_Abbott_McNeill_Whistler?oldid=545764657" />
    <dbpprop:hasPhotoCollection rdf:resource="http://wifo5-03.informatik.uni-mannheim.de/flickrwrappr/photos/James_Abbott_McNeill_Whistler" />
    <foaf:surname xml:lang="en">Whistler</foaf:surname>
  </rdf:Description>
  <rdf:Description rdf:about="http://dbpedia.org/resource/James_McNeill_Whistler">
    <dbpedia-owl:wikiPageRedirects rdf:resource="http://dbpedia.org/resource/James_Abbott_McNeill_Whistler" />
  </rdf:Description>
  <rdf:Description rdf:about="http://dbpedia.org/resource/Leon_Dabo">
    <dbpedia-owl:influencedBy rdf:resource="http://dbpedia.org/resource/James_Abbott_McNeill_Whistler" />
    <dbpprop:influencedBy rdf:resource="http://dbpedia.org/resource/James_Abbott_McNeill_Whistler" />
  </rdf:Description>
  <rdf:Description rdf:about="http://dbpedia.org/resource/Dwight_William_Tryon">
    <dbpedia-owl:influencedBy rdf:resource="http://dbpedia.org/resource/James_Abbott_McNeill_Whistler" />
    <dbpprop:influencedBy rdf:resource="http://dbpedia.org/resource/James_Abbott_McNeill_Whistler" />
  </rdf:Description>
  <rdf:Description rdf:about="http://cs.dbpedia.org/resource/James_McNeill_Whistler">
    <owl:sameAs rdf:resource="http://dbpedia.org/resource/James_Abbott_McNeill_Whistler" />
  </rdf:Description>
  <rdf:Description rdf:about="http://ja.dbpedia.org/resource/ジェームズ・マクニール・ホイッスラー">
    <owl:sameAs rdf:resource="http://dbpedia.org/resource/James_Abbott_McNeill_Whistler" />
  </rdf:Description>
  <rdf:Description rdf:about="http://pl.dbpedia.org/resource/James_McNeill_Whistler">
    <owl:sameAs rdf:resource="http://dbpedia.org/resource/James_Abbott_McNeill_Whistler" />
  </rdf:Description>
  <rdf:Description rdf:about="http://ru.dbpedia.org/resource/Уистлер,_Джеймс_Эббот_Мак-Нейл">
    <owl:sameAs rdf:resource="http://dbpedia.org/resource/James_Abbott_McNeill_Whistler" />
  </rdf:Description>
  <rdf:Description rdf:about="http://dbpedia.org/resource/Symphony_in_White,_No._2:_The_Little_White_Girl">
    <dbpedia-owl:author rdf:resource="http://dbpedia.org/resource/James_Abbott_McNeill_Whistler" />
    <dbpprop:artist rdf:resource="http://dbpedia.org/resource/James_Abbott_McNeill_Whistler" />
  </rdf:Description>
  <rdf:Description rdf:about="http://dbpedia.org/resource/Symphony_in_White,_No._1:_The_White_Girl">
    <dbpedia-owl:author rdf:resource="http://dbpedia.org/resource/James_Abbott_McNeill_Whistler" />
    <dbpprop:artist rdf:resource="http://dbpedia.org/resource/James_Abbott_McNeill_Whistler" />
  </rdf:Description>
  <rdf:Description rdf:about="http://dbpedia.org/resource/James_Abbot_M&#39;Neill_Whistler">
    <dbpedia-owl:wikiPageRedirects rdf:resource="http://dbpedia.org/resource/James_Abbott_McNeill_Whistler" />
  </rdf:Description>
  <rdf:Description rdf:about="http://de.dbpedia.org/resource/James_McNeill_Whistler">
    <owl:sameAs rdf:resource="http://dbpedia.org/resource/James_Abbott_McNeill_Whistler" />
  </rdf:Description>
  <rdf:Description rdf:about="http://it.dbpedia.org/resource/James_Abbott_McNeill_Whistler">
    <owl:sameAs rdf:resource="http://dbpedia.org/resource/James_Abbott_McNeill_Whistler" />
  </rdf:Description>
  <rdf:Description rdf:about="http://dbpedia.org/resource/James_Wilson_Morrice">
    <dbpedia-owl:influencedBy rdf:resource="http://dbpedia.org/resource/James_Abbott_McNeill_Whistler" />
    <dbpprop:influencedBy rdf:resource="http://dbpedia.org/resource/James_Abbott_McNeill_Whistler" />
  </rdf:Description>
  <rdf:Description rdf:about="http://dbpedia.org/resource/William_Merritt_Chase">
    <dbpedia-owl:influencedBy rdf:resource="http://dbpedia.org/resource/James_Abbott_McNeill_Whistler" />
    <dbpprop:influencedBy rdf:resource="http://dbpedia.org/resource/James_Abbott_McNeill_Whistler" />
  </rdf:Description>
  <rdf:Description rdf:about="http://dbpedia.org/resource/Elizabeth_Forbes_(artist)">
    <dbpedia-owl:influencedBy rdf:resource="http://dbpedia.org/resource/James_Abbott_McNeill_Whistler" />
    <dbpprop:influencedBy rdf:resource="http://dbpedia.org/resource/James_Abbott_McNeill_Whistler" />
  </rdf:Description>
  <rdf:Description rdf:about="http://dbpedia.org/resource/Nocturne:_Blue_and_Gold_%E2%80%93_Old_Battersea_Bridge">
    <dbpedia-owl:author rdf:resource="http://dbpedia.org/resource/James_Abbott_McNeill_Whistler" />
    <dbpprop:artist rdf:resource="http://dbpedia.org/resource/James_Abbott_McNeill_Whistler" />
  </rdf:Description>
  <rdf:Description rdf:about="http://dbpedia.org/resource/Salon_des_Refus%C3%A9s">
    <dbpedia-owl:author rdf:resource="http://dbpedia.org/resource/James_Abbott_McNeill_Whistler" />
    <dbpprop:artist rdf:resource="http://dbpedia.org/resource/James_Abbott_McNeill_Whistler" />
  </rdf:Description>
  <rdf:Description rdf:about="http://dbpedia.org/resource/Whistler">
    <dbpedia-owl:wikiPageDisambiguates rdf:resource="http://dbpedia.org/resource/James_Abbott_McNeill_Whistler" />
  </rdf:Description>
  <rdf:Description rdf:about="http://es.dbpedia.org/resource/James_McNeill_Whistler">
    <owl:sameAs rdf:resource="http://dbpedia.org/resource/James_Abbott_McNeill_Whistler" />
  </rdf:Description>
  <rdf:Description rdf:about="http://fr.dbpedia.org/resource/James_Abbott_McNeill_Whistler">
    <owl:sameAs rdf:resource="http://dbpedia.org/resource/James_Abbott_McNeill_Whistler" />
  </rdf:Description>
  <rdf:Description rdf:about="http://ko.dbpedia.org/resource/제임스_애벗_맥닐_휘슬러">
    <owl:sameAs rdf:resource="http://dbpedia.org/resource/James_Abbott_McNeill_Whistler" />
  </rdf:Description>
  <rdf:Description rdf:about="http://pt.dbpedia.org/resource/James_McNeill_Whistler">
    <owl:sameAs rdf:resource="http://dbpedia.org/resource/James_Abbott_McNeill_Whistler" />
  </rdf:Description>
  <rdf:Description rdf:about="http://dbpedia.org/resource/Symphony_in_White,_No._3">
    <dbpedia-owl:author rdf:resource="http://dbpedia.org/resource/James_Abbott_McNeill_Whistler" />
    <dbpprop:artist rdf:resource="http://dbpedia.org/resource/James_Abbott_McNeill_Whistler" />
  </rdf:Description>
  <rdf:Description rdf:about="http://dbpedia.org/resource/Robert_Walter_Weir">
    <dbpedia-owl:influenced rdf:resource="http://dbpedia.org/resource/James_Abbott_McNeill_Whistler" />
    <dbpprop:influenced rdf:resource="http://dbpedia.org/resource/James_Abbott_McNeill_Whistler" />
  </rdf:Description>
  <rdf:Description rdf:about="http://dbpedia.org/resource/The_Princess_from_the_Land_of_Porcelain">
    <dbpedia-owl:author rdf:resource="http://dbpedia.org/resource/James_Abbott_McNeill_Whistler" />
    <dbpprop:artist rdf:resource="http://dbpedia.org/resource/James_Abbott_McNeill_Whistler" />
  </rdf:Description>
  <rdf:Description rdf:about="http://dbpedia.org/resource/Gustave_Courbet">
    <dbpedia-owl:influenced rdf:resource="http://dbpedia.org/resource/James_Abbott_McNeill_Whistler" />
    <dbpprop:influenced rdf:resource="http://dbpedia.org/resource/James_Abbott_McNeill_Whistler" />
  </rdf:Description>
  <rdf:Description rdf:about="http://dbpedia.org/resource/James_Abbot_McNeil_Whistler">
    <dbpedia-owl:wikiPageRedirects rdf:resource="http://dbpedia.org/resource/James_Abbott_McNeill_Whistler" />
  </rdf:Description>
  <rdf:Description rdf:about="http://dbpedia.org/resource/J._A._Mcn._Whistler">
    <dbpedia-owl:wikiPageRedirects rdf:resource="http://dbpedia.org/resource/James_Abbott_McNeill_Whistler" />
  </rdf:Description>
  <rdf:Description rdf:about="http://dbpedia.org/resource/Rinaldo_Cuneo">
    <dbpedia-owl:training rdf:resource="http://dbpedia.org/resource/James_Abbott_McNeill_Whistler" />
    <dbpprop:training rdf:resource="http://dbpedia.org/resource/James_Abbott_McNeill_Whistler" />
  </rdf:Description>
  <rdf:Description rdf:about="http://dbpedia.org/resource/Ethel_Whibley">
    <dbpedia-owl:occupation rdf:resource="http://dbpedia.org/resource/James_Abbott_McNeill_Whistler" />
  </rdf:Description>
  <rdf:Description rdf:about="http://dbpedia.org/resource/Nocturne_in_Black_and_Gold_%E2%80%93_The_Falling_Rocket">
    <dbpedia-owl:author rdf:resource="http://dbpedia.org/resource/James_Abbott_McNeill_Whistler" />
    <dbpprop:artist rdf:resource="http://dbpedia.org/resource/James_Abbott_McNeill_Whistler" />
  </rdf:Description>
  <rdf:Description rdf:about="http://dbpedia.org/resource/Nocturne:_Blue_and_Silver_%E2%80%93_Chelsea">
    <dbpedia-owl:author rdf:resource="http://dbpedia.org/resource/James_Abbott_McNeill_Whistler" />
    <dbpprop:artist rdf:resource="http://dbpedia.org/resource/James_Abbott_McNeill_Whistler" />
  </rdf:Description>
  <rdf:Description rdf:about="http://dbpedia.org/resource/McNeill">
    <dbpedia-owl:wikiPageDisambiguates rdf:resource="http://dbpedia.org/resource/James_Abbott_McNeill_Whistler" />
  </rdf:Description>
  <rdf:Description rdf:about="http://dbpedia.org/resource/James_MacNeill_Whistler">
    <dbpedia-owl:wikiPageRedirects rdf:resource="http://dbpedia.org/resource/James_Abbott_McNeill_Whistler" />
  </rdf:Description>
  <rdf:Description rdf:about="http://dbpedia.org/resource/Whistler&#39;s_Mother">
    <dbpedia-owl:author rdf:resource="http://dbpedia.org/resource/James_Abbott_McNeill_Whistler" />
    <dbpprop:artist rdf:resource="http://dbpedia.org/resource/James_Abbott_McNeill_Whistler" />
  </rdf:Description>
  <rdf:Description rdf:about="http://dbpedia.org/resource/James_Macneill_Whistler">
    <dbpedia-owl:wikiPageRedirects rdf:resource="http://dbpedia.org/resource/James_Abbott_McNeill_Whistler" />
  </rdf:Description>
  <rdf:Description rdf:about="http://dbpedia.org/resource/James_McNeil_Whistler">
    <dbpedia-owl:wikiPageRedirects rdf:resource="http://dbpedia.org/resource/James_Abbott_McNeill_Whistler" />
  </rdf:Description>
  <rdf:Description rdf:about="http://dbpedia.org/resource/Harmony_in_Blue_and_Gold">
    <dbpedia-owl:wikiPageRedirects rdf:resource="http://dbpedia.org/resource/James_Abbott_McNeill_Whistler" />
  </rdf:Description>
  <rdf:Description rdf:about="http://dbpedia.org/resource/JAM_Whistler">
    <dbpedia-owl:wikiPageRedirects rdf:resource="http://dbpedia.org/resource/James_Abbott_McNeill_Whistler" />
  </rdf:Description>
  <rdf:Description rdf:about="http://dbpedia.org/resource/James_A._McNeill_Whistler">
    <dbpedia-owl:wikiPageRedirects rdf:resource="http://dbpedia.org/resource/James_Abbott_McNeill_Whistler" />
  </rdf:Description>
  <rdf:Description rdf:about="http://dbpedia.org/resource/James_A_McNeill_Whistler">
    <dbpedia-owl:wikiPageRedirects rdf:resource="http://dbpedia.org/resource/James_Abbott_McNeill_Whistler" />
  </rdf:Description>
  <rdf:Description rdf:about="http://dbpedia.org/resource/James_Abbot_McNeill_Whistler">
    <dbpedia-owl:wikiPageRedirects rdf:resource="http://dbpedia.org/resource/James_Abbott_McNeill_Whistler" />
  </rdf:Description>
  <rdf:Description rdf:about="http://dbpedia.org/resource/James_Abbott_Mcneil_Whistler">
    <dbpedia-owl:wikiPageRedirects rdf:resource="http://dbpedia.org/resource/James_Abbott_McNeill_Whistler" />
  </rdf:Description>
  <rdf:Description rdf:about="http://dbpedia.org/resource/James_Abbott_Mcneill_Whistler">
    <dbpedia-owl:wikiPageRedirects rdf:resource="http://dbpedia.org/resource/James_Abbott_McNeill_Whistler" />
  </rdf:Description>
  <rdf:Description rdf:about="http://dbpedia.org/resource/James_Mcneil_Whistler">
    <dbpedia-owl:wikiPageRedirects rdf:resource="http://dbpedia.org/resource/James_Abbott_McNeill_Whistler" />
  </rdf:Description>
  <rdf:Description rdf:about="http://dbpedia.org/resource/James_Mcneill_Whistler">
    <dbpedia-owl:wikiPageRedirects rdf:resource="http://dbpedia.org/resource/James_Abbott_McNeill_Whistler" />
  </rdf:Description>
  <rdf:Description rdf:about="http://dbpedia.org/resource/Peacock_Room">
    <dbpedia-owl:wikiPageRedirects rdf:resource="http://dbpedia.org/resource/James_Abbott_McNeill_Whistler" />
  </rdf:Description>
  <rdf:Description rdf:about="http://dbpedia.org/resource/The_Peacock_Room">
    <dbpedia-owl:wikiPageRedirects rdf:resource="http://dbpedia.org/resource/James_Abbott_McNeill_Whistler" />
  </rdf:Description>
  <rdf:Description rdf:about="http://dbpedia.org/resource/Whistler,_James">
    <dbpedia-owl:wikiPageRedirects rdf:resource="http://dbpedia.org/resource/James_Abbott_McNeill_Whistler" />
  </rdf:Description>
  <rdf:Description rdf:about="http://en.wikipedia.org/wiki/James_Abbott_McNeill_Whistler">
    <foaf:primaryTopic rdf:resource="http://dbpedia.org/resource/James_Abbott_McNeill_Whistler" />
  </rdf:Description>
  <rdf:Description rdf:about="http://dbpedia.org/resource/Whistler,_James_McNeil">
    <dbpedia-owl:wikiPageRedirects rdf:resource="http://dbpedia.org/resource/James_Abbott_McNeill_Whistler" />
  </rdf:Description>
  <rdf:Description rdf:about="http://dbpedia.org/resource/Harrington_Mann">
    <dbpedia-owl:influencedBy rdf:resource="http://dbpedia.org/resource/James_Abbott_McNeill_Whistler" />
    <dbpprop:influencedBy rdf:resource="http://dbpedia.org/resource/James_Abbott_McNeill_Whistler" />
  </rdf:Description>
  <rdf:Description rdf:about="http://nl.dbpedia.org/resource/James_McNeill_Whistler">
    <owl:sameAs rdf:resource="http://dbpedia.org/resource/James_Abbott_McNeill_Whistler" />
  </rdf:Description>
  <rdf:Description rdf:about="http://eu.dbpedia.org/resource/James_Abbott_McNeill_Whistler">
    <owl:sameAs rdf:resource="http://dbpedia.org/resource/James_Abbott_McNeill_Whistler" />
  </rdf:Description>
  <rdf:Description rdf:about="http://wikidata.dbpedia.org/resource/Q203643">
    <owl:sameAs rdf:resource="http://dbpedia.org/resource/James_Abbott_McNeill_Whistler" />
  </rdf:Description>
  <rdf:Description rdf:about="http://zh.dbpedia.org/resource/詹姆斯·惠斯勒">
    <owl:sameAs rdf:resource="http://dbpedia.org/resource/James_Abbott_McNeill_Whistler" />
  </rdf:Description>
  <rdf:Description rdf:about="http://ca.dbpedia.org/resource/James_McNeill_Whistler">
    <owl:sameAs rdf:resource="http://dbpedia.org/resource/James_Abbott_McNeill_Whistler" />
  </rdf:Description>
  <rdf:Description rdf:about="http://da.dbpedia.org/resource/James_McNeill_Whistler">
    <owl:sameAs rdf:resource="http://dbpedia.org/resource/James_Abbott_McNeill_Whistler" />
  </rdf:Description>
  <rdf:Description rdf:about="http://et.dbpedia.org/resource/James_McNeill_Whistler">
    <owl:sameAs rdf:resource="http://dbpedia.org/resource/James_Abbott_McNeill_Whistler" />
  </rdf:Description>
  <rdf:Description rdf:about="http://fa.dbpedia.org/resource/جیمز_مک‌نیل_ویسلر">
    <owl:sameAs rdf:resource="http://dbpedia.org/resource/James_Abbott_McNeill_Whistler" />
  </rdf:Description>
  <rdf:Description rdf:about="http://fi.dbpedia.org/resource/James_McNeill_Whistler">
    <owl:sameAs rdf:resource="http://dbpedia.org/resource/James_Abbott_McNeill_Whistler" />
  </rdf:Description>
  <rdf:Description rdf:about="http://gl.dbpedia.org/resource/James_McNeill_Whistler">
    <owl:sameAs rdf:resource="http://dbpedia.org/resource/James_Abbott_McNeill_Whistler" />
  </rdf:Description>
  <rdf:Description rdf:about="http://he.dbpedia.org/resource/ג&#39;יימס_מקניל_ויסלר">
    <owl:sameAs rdf:resource="http://dbpedia.org/resource/James_Abbott_McNeill_Whistler" />
  </rdf:Description>
  <rdf:Description rdf:about="http://hr.dbpedia.org/resource/James_McNeill_Whistler">
    <owl:sameAs rdf:resource="http://dbpedia.org/resource/James_Abbott_McNeill_Whistler" />
  </rdf:Description>
  <rdf:Description rdf:about="http://hy.dbpedia.org/resource/Ջեյմս_Էբբոտ_Մաք-Նեյլ_Ուիսթլեր">
    <owl:sameAs rdf:resource="http://dbpedia.org/resource/James_Abbott_McNeill_Whistler" />
  </rdf:Description>
  <rdf:Description rdf:about="http://id.dbpedia.org/resource/James_McNeill_Whistler">
    <owl:sameAs rdf:resource="http://dbpedia.org/resource/James_Abbott_McNeill_Whistler" />
  </rdf:Description>
  <rdf:Description rdf:about="http://mr.dbpedia.org/resource/जेम्स_मॅकनील_व्हिसलर">
    <owl:sameAs rdf:resource="http://dbpedia.org/resource/James_Abbott_McNeill_Whistler" />
  </rdf:Description>
  <rdf:Description rdf:about="http://nn.dbpedia.org/resource/James_Whistler">
    <owl:sameAs rdf:resource="http://dbpedia.org/resource/James_Abbott_McNeill_Whistler" />
  </rdf:Description>
  <rdf:Description rdf:about="http://no.dbpedia.org/resource/James_McNeill_Whistler">
    <owl:sameAs rdf:resource="http://dbpedia.org/resource/James_Abbott_McNeill_Whistler" />
  </rdf:Description>
  <rdf:Description rdf:about="http://ro.dbpedia.org/resource/James_Abbott_McNeill_Whistler">
    <owl:sameAs rdf:resource="http://dbpedia.org/resource/James_Abbott_McNeill_Whistler" />
  </rdf:Description>
  <rdf:Description rdf:about="http://sh.dbpedia.org/resource/James_McNeill_Whistler">
    <owl:sameAs rdf:resource="http://dbpedia.org/resource/James_Abbott_McNeill_Whistler" />
  </rdf:Description>
  <rdf:Description rdf:about="http://simple.dbpedia.org/resource/James_Whistler">
    <owl:sameAs rdf:resource="http://dbpedia.org/resource/James_Abbott_McNeill_Whistler" />
  </rdf:Description>
  <rdf:Description rdf:about="http://sr.dbpedia.org/resource/Џејмс_Макнил_Вислер">
    <owl:sameAs rdf:resource="http://dbpedia.org/resource/James_Abbott_McNeill_Whistler" />
  </rdf:Description>
  <rdf:Description rdf:about="http://sv.dbpedia.org/resource/James_McNeill_Whistler">
    <owl:sameAs rdf:resource="http://dbpedia.org/resource/James_Abbott_McNeill_Whistler" />
  </rdf:Description>
  <rdf:Description rdf:about="http://th.dbpedia.org/resource/เจมส์_แม็คนีลล์_วิสต์เลอร์">
    <owl:sameAs rdf:resource="http://dbpedia.org/resource/James_Abbott_McNeill_Whistler" />
  </rdf:Description>
  <rdf:Description rdf:about="http://tr.dbpedia.org/resource/James_Abbott_McNeill_Whistler">
    <owl:sameAs rdf:resource="http://dbpedia.org/resource/James_Abbott_McNeill_Whistler" />
  </rdf:Description>
  <rdf:Description rdf:about="http://uk.dbpedia.org/resource/Джеймс_Вістлер">
    <owl:sameAs rdf:resource="http://dbpedia.org/resource/James_Abbott_McNeill_Whistler" />
  </rdf:Description>
  <rdf:Description rdf:about="http://zh_yue.dbpedia.org/resource/占斯惠斯勒">
    <owl:sameAs rdf:resource="http://dbpedia.org/resource/James_Abbott_McNeill_Whistler" />
  </rdf:Description>
</rdf:RDF>
