<?xml version="1.0" encoding="utf-8" ?>
<rdf:RDF
	xmlns:rdf="http://www.w3.org/1999/02/22-rdf-syntax-ns#"
	xmlns:rdfs="http://www.w3.org/2000/01/rdf-schema#"
	xmlns:owl="http://www.w3.org/2002/07/owl#"
	xmlns:dcterms="http://purl.org/dc/terms/"
	xmlns:dbpedia-owl="http://dbpedia.org/ontology/"
	xmlns:foaf="http://xmlns.com/foaf/0.1/"
	xmlns:dbpprop="http://dbpedia.org/property/"
	xmlns:dc="http://purl.org/dc/elements/1.1/"
	xmlns:ns8="http://www.w3.org/ns/prov#" >
  <rdf:Description rdf:about="http://dbpedia.org/resource/Jan_Steen">
    <rdf:type rdf:resource="http://dbpedia.org/class/yago/Whole100003553" />
    <rdf:type rdf:resource="http://dbpedia.org/class/yago/Painter110391653" />
    <rdf:type rdf:resource="http://dbpedia.org/class/yago/GenrePainter110123517" />
    <rdf:type rdf:resource="http://umbel.org/umbel/rc/Artist" />
    <rdf:type rdf:resource="http://umbel.org/umbel/rc/PersonWithOccupation" />
    <rdf:type rdf:resource="http://dbpedia.org/class/yago/CausalAgent100007347" />
    <rdf:type rdf:resource="http://dbpedia.org/class/yago/LivingThing100004258" />
    <rdf:type rdf:resource="http://dbpedia.org/class/yago/Organism100004475" />
    <rdf:type rdf:resource="http://dbpedia.org/class/yago/Creator109614315" />
    <rdf:type rdf:resource="http://dbpedia.org/class/yago/YagoLegalActor" />
    <rdf:type rdf:resource="http://dbpedia.org/class/yago/Object100002684" />
    <rdf:type rdf:resource="http://dbpedia.org/class/yago/DutchGenrePainters" />
    <rdf:type rdf:resource="http://xmlns.com/foaf/0.1/Person" />
    <rdf:type rdf:resource="http://www.w3.org/2002/07/owl#Thing" />
    <rdf:type rdf:resource="http://dbpedia.org/class/yago/DutchGoldenAgePainters" />
    <rdf:type rdf:resource="http://dbpedia.org/class/yago/Artist109812338" />
    <rdf:type rdf:resource="http://dbpedia.org/ontology/Artist" />
    <rdf:type rdf:resource="http://dbpedia.org/ontology/Agent" />
    <rdf:type rdf:resource="http://dbpedia.org/class/yago/DutchPainters" />
    <rdf:type rdf:resource="http://dbpedia.org/class/yago/Person100007846" />
    <rdf:type rdf:resource="http://dbpedia.org/ontology/Person" />
    <rdf:type rdf:resource="http://dbpedia.org/class/yago/PeopleFromLeiden" />
    <rdf:type rdf:resource="http://dbpedia.org/class/yago/YagoLegalActorGeo" />
    <rdf:type rdf:resource="http://schema.org/Person" />
    <rdf:type rdf:resource="http://dbpedia.org/class/yago/PhysicalEntity100001930" />
    <owl:sameAs rdf:resource="http://de.dbpedia.org/resource/Jan_Steen" />
    <owl:sameAs rdf:resource="http://br.dbpedia.org/resource/Jan_Steen" />
    <owl:sameAs rdf:resource="http://th.dbpedia.org/resource/ยาน_สตีน" />
    <owl:sameAs rdf:resource="http://da.dbpedia.org/resource/Jan_Steen" />
    <owl:sameAs rdf:resource="http://lt.dbpedia.org/resource/Jan_Steen" />
    <owl:sameAs rdf:resource="http://ja.dbpedia.org/resource/ヤン・ステーン" />
    <owl:sameAs rdf:resource="http://ka.dbpedia.org/resource/იან_სტენი" />
    <owl:sameAs rdf:resource="http://tr.dbpedia.org/resource/Jan_Steen" />
    <owl:sameAs rdf:resource="http://ca.dbpedia.org/resource/Jan_Steen" />
    <owl:sameAs rdf:resource="http://nn.dbpedia.org/resource/Jan_Steen" />
    <owl:sameAs rdf:resource="http://stq.dbpedia.org/resource/Jan_Steen" />
    <owl:sameAs rdf:resource="http://eo.dbpedia.org/resource/Jan_Steen" />
    <owl:sameAs rdf:resource="http://www.wikidata.org/entity/Q205863" />
    <owl:sameAs rdf:resource="http://hu.dbpedia.org/resource/Jan_Steen_(festő)" />
    <owl:sameAs rdf:resource="http://be.dbpedia.org/resource/Ян_Стэн" />
    <owl:sameAs rdf:resource="http://es.dbpedia.org/resource/Jan_Havicksz_Steen" />
    <owl:sameAs rdf:resource="http://it.dbpedia.org/resource/Jan_Steen" />
    <owl:sameAs rdf:resource="http://dbpedia.org/resource/Jan_Steen" />
    <owl:sameAs rdf:resource="http://cs.dbpedia.org/resource/Jan_Steen" />
    <owl:sameAs rdf:resource="http://fr.dbpedia.org/resource/Jan_Steen" />
    <owl:sameAs rdf:resource="http://fy.dbpedia.org/resource/Jan_Steen" />
    <owl:sameAs rdf:resource="http://be_x_old.dbpedia.org/resource/Ян_Стээн" />
    <owl:sameAs rdf:resource="http://eu.dbpedia.org/resource/Jan_Steen" />
    <owl:sameAs rdf:resource="http://vls.dbpedia.org/resource/Jan_Steen" />
    <owl:sameAs rdf:resource="http://nl.dbpedia.org/resource/Jan_Steen" />
    <owl:sameAs rdf:resource="http://sr.dbpedia.org/resource/Јан_Стен" />
    <owl:sameAs rdf:resource="http://sv.dbpedia.org/resource/Jan_Steen" />
    <owl:sameAs rdf:resource="http://uk.dbpedia.org/resource/Ян_Стен" />
    <owl:sameAs rdf:resource="http://rdf.freebase.com/ns/m.01h34g" />
    <owl:sameAs rdf:resource="http://yago-knowledge.org/resource/Jan_Steen" />
    <owl:sameAs rdf:resource="http://la.dbpedia.org/resource/Iohannes_Steen" />
    <owl:sameAs rdf:resource="http://zea.dbpedia.org/resource/Jan_Steên" />
    <owl:sameAs rdf:resource="http://ru.dbpedia.org/resource/Стен,_Ян" />
    <owl:sameAs rdf:resource="http://pl.dbpedia.org/resource/Jan_Steen" />
    <owl:sameAs rdf:resource="http://gl.dbpedia.org/resource/Jan_Steen" />
    <owl:sameAs rdf:resource="http://zh.dbpedia.org/resource/扬·斯特恩" />
    <owl:sameAs rdf:resource="http://bg.dbpedia.org/resource/Ян_Стен" />
    <owl:sameAs rdf:resource="http://pt.dbpedia.org/resource/Jan_Steen" />
    <owl:sameAs rdf:resource="http://fi.dbpedia.org/resource/Jan_Steen" />
    <dcterms:subject rdf:resource="http://dbpedia.org/resource/Category:Dutch_painters" />
    <dcterms:subject rdf:resource="http://dbpedia.org/resource/Category:Dutch_Golden_Age_painters" />
    <dcterms:subject rdf:resource="http://dbpedia.org/resource/Category:Members_of_the_Leiden_Guild_of_Saint_Luke" />
    <dcterms:subject rdf:resource="http://dbpedia.org/resource/Category:People_from_Leiden" />
    <dcterms:subject rdf:resource="http://dbpedia.org/resource/Category:1626_births" />
    <dcterms:subject rdf:resource="http://dbpedia.org/resource/Category:Members_of_the_Haarlem_Guild_of_Saint_Luke" />
    <dcterms:subject rdf:resource="http://dbpedia.org/resource/Category:1679_deaths" />
    <dcterms:subject rdf:resource="http://dbpedia.org/resource/Category:Dutch_genre_painters" />
    <dcterms:subject rdf:resource="http://dbpedia.org/resource/Category:Burials_at_Pieterskerk,_Leiden" />
    <dbpedia-owl:abstract xml:lang="fr">Jan Havickszoon Steen est un peintre néerlandais du siècle d’or. Représentant du baroque, il figure parmi les peintres de genre néerlandais les plus importants de son époque. Il a peint quelques centaines de tableaux, de qualités inégales, mais caractérisés, surtout, par la connaissance du cœur humain, l’humour, et une utilisation exubérante de la couleur. Il représente fréquemment des valeurs morales dans des scènes du quotidien, en recourant à des images la plupart du temps symboliques.</dbpedia-owl:abstract>
    <dbpedia-owl:abstract xml:lang="it">L&#39;introspezione psicologica, l&#39;ironia e l&#39;abbondanza di colore sono le caratteristiche che contraddistinguono il suo stile.</dbpedia-owl:abstract>
    <dbpedia-owl:abstract xml:lang="nl">Jan Havickszoon Steen was een kunstschilder uit Nederland in de 17e eeuw, de tijd van de Nederlandse barokke schilderkunst. Zijn werk is van ongelijke kwaliteit, maar mensenkennis, humor en uitbundig kleurgebruik zijn belangrijke kenmerken van zijn werk.</dbpedia-owl:abstract>
    <dbpedia-owl:abstract xml:lang="zh">扬·哈菲克松·斯特恩（Jan Havickszoon Steen，约1626年 – 1679年2月3日下葬）是17世纪（即荷兰黄金时代）荷兰风俗画油画家。他的作品以心理洞察力、幽默感以及丰富的色彩为特点。</dbpedia-owl:abstract>
    <dbpedia-owl:abstract xml:lang="sv">Jan Havicksz Steen, född omkring 1626 i Leiden, död 1679, var en nederländsk konstnär. Jan Steen var son till en bryggare. År 1646 började han studera vid födelsestadens universitet, men upphörde snart med studierna och övergick till att måla på heltid. Hans handledare var först tysken Nic Knupfer i Utrecht, Adriaen van Ostade i Haarlem och senare landskapsmålaren Jan van Goyen i Haag, med vars dotter Margareta han gifte sig. Ingen av de båda lärarna hade något större inflytande på honom, utan han fick enbart de målartekniska grunderna. I hans ungdomsverk skulle man kunna spåra en påverkan från Jan Molenaer. År 1649 flyttade Steen till Haag, där han bodde till år 1654 då han flyttade till Delft där han arrenderade ett bryggeri. Under åren 1661 - 1669 var han verksam i Haarlem, men återvände sedan till Leiden där han förut tidvis uppehållit sig och där han stannade till sin död. Att han ofta flyttade tyder på ett ombytligt sinne, eller så berodde det på hans fordringsägare - samtida dokument visar att han hade dålig ekonomi trots att han var en flitig och skicklig konstnär. Han hade därför sidoarbeten och der en tid bryggeriet De Slange i Delft och senare ett världshus i Leiden. Jan Steen målade bibliska, mytologiska och allegoriska ämnen, men överförda till samtida omgivningar. Undantagsvis målade han även landskap, kyrkointeriörer, stadsvyer och stilleben, men framför allt var han en genremålare och skildrade med bred humor och skarp iakttagelseförmåga sin tids seder och oseder, det holländska folklivet i dess olika faser, den rike borgarens såväl som bondens och tiggarens, scener från skolan, verkstaden, köket, salongen, dop- och bröllopsfester, bilder från krogen, bland supbröder och kortspelare, i broderlig sämja eller bråk sinsemellan, anständiga musikunderhållningar i hemmet eller mindre anständiga på värdshuset, vid glasens klang och bland fala tärnor - det vill säga ett ganska omfattande program som han hela tiden varierade. Hans verk är mycket ojämna. Samtidigt med utsökta, noggrant målade tavlor med upp till ett 30-tal figurer, så livfullt återgivna att de verkar som porträtt, med varmtonigt ljusdunkel och gärna varmt gula eller röda färger i kostymerna, vilken färgverkan ökas av reflexer från mässingskärl och förgyllda spegelramar, målade han under hela sin verksamhet klumpigt och rått dussintavlor i grumlig färg. I sina bästa målningar framstår han som den störste holländske karaktärsskildraren och humoristen som, ofta på gränsen för det passande, med ett sorglöst leende blottar modellens svagheter - en Hogarth och en Bellman på samma gång.</dbpedia-owl:abstract>
    <dbpedia-owl:abstract xml:lang="ja">ヤン・ステーン（Jan Steen,1626年 - 1679年1月1日）は、オランダ、ライデン生まれの画家である。17世紀のバロック期に活躍した。 彼は静物画、肖像画、歴史画、宗教画など様々なジャンルの作品を800ほど制作したが、特に有名なのは農民を描いた風俗画である。酔っ払った人々の乱痴気騒ぎ、結婚式、ピクニック、意地悪をされて泣く子供の姿などをユーモラスに描いている。また、教訓的な寓話やことわざを題材にしたことも多い。彼は兼業で居酒屋を経営しており、そこで人々を観察していたと思われる。</dbpedia-owl:abstract>
    <dbpedia-owl:abstract xml:lang="pl">Jan Havickszoon Steen – holenderski malarz okresu baroku..</dbpedia-owl:abstract>
    <dbpedia-owl:abstract xml:lang="pt">Jan Havickszoon Steen foi um pintor neerlandês do século XVII. Percepção psicológica, senso de humor e abundância de cores foram marcas dos seus trabalhos.</dbpedia-owl:abstract>
    <dbpedia-owl:abstract xml:lang="en">Jan Havickszoon Steen (c. 1626 – buried February 3, 1679) was a Dutch genre painter of the 17th century (also known as the Dutch Golden Age). Psychological insight, sense of humour and abundance of colour are marks of his trade.</dbpedia-owl:abstract>
    <dbpedia-owl:abstract xml:lang="es">Jan Havickszoon Steen fue un pintor holandés del siglo XVII (época conocida también como la Edad de Oro Holandesa).</dbpedia-owl:abstract>
    <dbpedia-owl:abstract xml:lang="de">Jan Havickszoon Steen (* um 1626 in Leiden; begraben am 3. Februar 1679 in Leiden) war ein holländischer Maler, ein Meister des holländischen Genrebildes. Er wirkte in der Epoche des Goldenen Zeitalters der Niederlande, eine rund einhundert Jahre andauernde wirtschaftliche und kulturelle Blütezeit im 17. Jahrhundert, in der zahllose Meisterwerke der Malerei entstanden.</dbpedia-owl:abstract>
    <dbpedia-owl:abstract xml:lang="ru">Ян Хавикзоон Стен — голландский живописец.</dbpedia-owl:abstract>
    <dbpedia-owl:birthPlace rdf:resource="http://dbpedia.org/resource/Dutch_Republic" />
    <dbpedia-owl:birthPlace rdf:resource="http://dbpedia.org/resource/Leiden" />
    <dbpedia-owl:birthPlace rdf:resource="http://dbpedia.org/resource/Holland" />
    <dbpedia-owl:deathPlace rdf:resource="http://dbpedia.org/resource/Leiden" />
    <dbpedia-owl:deathPlace rdf:resource="http://dbpedia.org/resource/Dutch_Republic" />
    <dbpedia-owl:deathPlace rdf:resource="http://dbpedia.org/resource/Holland" />
    <dbpedia-owl:movement rdf:resource="http://dbpedia.org/resource/Dutch_Golden_Age_painting" />
    <dbpedia-owl:nationality rdf:resource="http://dbpedia.org/resource/Dutch_Republic" />
    <dbpedia-owl:training rdf:resource="http://dbpedia.org/resource/Nikolaus_Kn%C3%BCpfer" />
    <dbpedia-owl:wikiPageID rdf:datatype="http://www.w3.org/2001/XMLSchema#integer">227132</dbpedia-owl:wikiPageID>
    <dbpedia-owl:wikiPageRevisionID rdf:datatype="http://www.w3.org/2001/XMLSchema#integer">547962390</dbpedia-owl:wikiPageRevisionID>
    <rdfs:label xml:lang="ja">ヤン・ステーン</rdfs:label>
    <rdfs:label xml:lang="pl">Jan Steen</rdfs:label>
    <rdfs:label xml:lang="en">Jan Steen</rdfs:label>
    <rdfs:label xml:lang="sv">Jan Steen</rdfs:label>
    <rdfs:label xml:lang="zh">扬·斯特恩</rdfs:label>
    <rdfs:label xml:lang="fr">Jan Steen</rdfs:label>
    <rdfs:label xml:lang="ru">Стен, Ян</rdfs:label>
    <rdfs:label xml:lang="it">Jan Steen</rdfs:label>
    <rdfs:label xml:lang="pt">Jan Steen</rdfs:label>
    <rdfs:label xml:lang="de">Jan Steen</rdfs:label>
    <rdfs:label xml:lang="nl">Jan Steen</rdfs:label>
    <rdfs:label xml:lang="es">Jan Havicksz Steen</rdfs:label>
    <foaf:depiction rdf:resource="http://upload.wikimedia.org/wikipedia/commons/d/d3/1670_Jan_Havicksz._Steen_-_zelfportret.jpg" />
    <rdfs:comment xml:lang="de">Jan Havickszoon Steen (* um 1626 in Leiden; begraben am 3. Februar 1679 in Leiden) war ein holländischer Maler, ein Meister des holländischen Genrebildes. Er wirkte in der Epoche des Goldenen Zeitalters der Niederlande, eine rund einhundert Jahre andauernde wirtschaftliche und kulturelle Blütezeit im 17. Jahrhundert, in der zahllose Meisterwerke der Malerei entstanden.</rdfs:comment>
    <rdfs:comment xml:lang="ja">ヤン・ステーン（Jan Steen,1626年 - 1679年1月1日）は、オランダ、ライデン生まれの画家である。17世紀のバロック期に活躍した。 彼は静物画、肖像画、歴史画、宗教画など様々なジャンルの作品を800ほど制作したが、特に有名なのは農民を描いた風俗画である。酔っ払った人々の乱痴気騒ぎ、結婚式、ピクニック、意地悪をされて泣く子供の姿などをユーモラスに描いている。また、教訓的な寓話やことわざを題材にしたことも多い。彼は兼業で居酒屋を経営しており、そこで人々を観察していたと思われる。</rdfs:comment>
    <rdfs:comment xml:lang="fr">Jan Havickszoon Steen est un peintre néerlandais du siècle d’or. Représentant du baroque, il figure parmi les peintres de genre néerlandais les plus importants de son époque. Il a peint quelques centaines de tableaux, de qualités inégales, mais caractérisés, surtout, par la connaissance du cœur humain, l’humour, et une utilisation exubérante de la couleur. Il représente fréquemment des valeurs morales dans des scènes du quotidien, en recourant à des images la plupart du temps symboliques.</rdfs:comment>
    <rdfs:comment xml:lang="it">L&#39;introspezione psicologica, l&#39;ironia e l&#39;abbondanza di colore sono le caratteristiche che contraddistinguono il suo stile.</rdfs:comment>
    <rdfs:comment xml:lang="zh">扬·哈菲克松·斯特恩（Jan Havickszoon Steen，约1626年 – 1679年2月3日下葬）是17世纪（即荷兰黄金时代）荷兰风俗画油画家。他的作品以心理洞察力、幽默感以及丰富的色彩为特点。</rdfs:comment>
    <rdfs:comment xml:lang="ru">Ян Хавикзоон Стен — голландский живописец.</rdfs:comment>
    <rdfs:comment xml:lang="pl">Jan Havickszoon Steen – holenderski malarz okresu baroku..</rdfs:comment>
    <rdfs:comment xml:lang="nl">Jan Havickszoon Steen was een kunstschilder uit Nederland in de 17e eeuw, de tijd van de Nederlandse barokke schilderkunst. Zijn werk is van ongelijke kwaliteit, maar mensenkennis, humor en uitbundig kleurgebruik zijn belangrijke kenmerken van zijn werk.</rdfs:comment>
    <rdfs:comment xml:lang="en">Jan Havickszoon Steen (c. 1626 – buried February 3, 1679) was a Dutch genre painter of the 17th century (also known as the Dutch Golden Age). Psychological insight, sense of humour and abundance of colour are marks of his trade.</rdfs:comment>
    <rdfs:comment xml:lang="es">Jan Havickszoon Steen fue un pintor holandés del siglo XVII (época conocida también como la Edad de Oro Holandesa).</rdfs:comment>
    <rdfs:comment xml:lang="pt">Jan Havickszoon Steen foi um pintor neerlandês do século XVII. Percepção psicológica, senso de humor e abundância de cores foram marcas dos seus trabalhos.</rdfs:comment>
    <rdfs:comment xml:lang="sv">Jan Havicksz Steen, född omkring 1626 i Leiden, död 1679, var en nederländsk konstnär. Jan Steen var son till en bryggare. År 1646 började han studera vid födelsestadens universitet, men upphörde snart med studierna och övergick till att måla på heltid. Hans handledare var först tysken Nic Knupfer i Utrecht, Adriaen van Ostade i Haarlem och senare landskapsmålaren Jan van Goyen i Haag, med vars dotter Margareta han gifte sig.</rdfs:comment>
    <foaf:name xml:lang="en">Jan Steen</foaf:name>
    <dbpedia-owl:thumbnail rdf:resource="http://upload.wikimedia.org/wikipedia/commons/thumb/d/d3/1670_Jan_Havicksz._Steen_-_zelfportret.jpg/200px-1670_Jan_Havicksz._Steen_-_zelfportret.jpg" />
    <dbpedia-owl:wikiPageExternalLink rdf:resource="http://libmma.contentdm.oclc.org/cdm/compoundobject/collection/p15324coll10/id/65202/rec/17" />
    <dbpedia-owl:wikiPageExternalLink rdf:resource="http://gallery.euroweb.hu/html/s/steen/" />
    <dbpedia-owl:wikiPageExternalLink rdf:resource="http://www.pubhist.com/person/101/jan-steen" />
    <dbpedia-owl:wikiPageExternalLink rdf:resource="http://www.artcyclopedia.com/artists/steen_jan.html" />
    <dbpedia-owl:wikiPageExternalLink rdf:resource="http://www.abcgallery.com/S/steen/steen.html" />
    <dbpprop:bgcolour xml:lang="en">#6495ED</dbpprop:bgcolour>
    <dbpprop:birthDate rdf:datatype="http://www.w3.org/2001/XMLSchema#integer">1626</dbpprop:birthDate>
    <dbpprop:birthName xml:lang="en">Jan Havickszoon Steen</dbpprop:birthName>
    <dbpprop:birthPlace rdf:resource="http://dbpedia.org/resource/Dutch_Republic" />
    <dbpprop:birthPlace rdf:resource="http://dbpedia.org/resource/Leiden" />
    <dbpprop:birthPlace rdf:resource="http://dbpedia.org/resource/Holland" />
    <dbpprop:caption xml:lang="en">Self portrait of Jan Steen</dbpprop:caption>
    <dbpprop:dateOfBirth rdf:datatype="http://www.w3.org/2001/XMLSchema#integer">1626</dbpprop:dateOfBirth>
    <dbpprop:dateOfDeath rdf:datatype="http://www.w3.org/2001/XMLSchema#integer">1679</dbpprop:dateOfDeath>
    <dbpprop:deathDate rdf:datatype="http://www.w3.org/2001/XMLSchema#integer">1679</dbpprop:deathDate>
    <dbpprop:deathPlace xml:lang="en">Leiden, Holland, Dutch Republic</dbpprop:deathPlace>
    <dbpprop:field xml:lang="en">Painting</dbpprop:field>
    <dbpprop:imagesize rdf:datatype="http://www.w3.org/2001/XMLSchema#integer">250</dbpprop:imagesize>
    <dbpprop:movement rdf:resource="http://dbpedia.org/resource/Dutch_Golden_Age_painting" />
    <dbpprop:name xml:lang="en">Steen, Jan</dbpprop:name>
    <dbpprop:name xml:lang="en">Jan Steen</dbpprop:name>
    <dbpprop:nationality rdf:resource="http://dbpedia.org/resource/Dutch_Republic" />
    <dbpprop:placeOfBirth rdf:resource="http://dbpedia.org/resource/Holland" />
    <dbpprop:placeOfBirth rdf:resource="http://dbpedia.org/resource/Dutch_Republic" />
    <dbpprop:placeOfBirth rdf:resource="http://dbpedia.org/resource/Leiden" />
    <dbpprop:placeOfDeath rdf:resource="http://dbpedia.org/resource/Leiden" />
    <dbpprop:placeOfDeath rdf:resource="http://dbpedia.org/resource/Dutch_Republic" />
    <dbpprop:placeOfDeath rdf:resource="http://dbpedia.org/resource/Holland" />
    <dbpprop:shortDescription xml:lang="en">Dutch painter</dbpprop:shortDescription>
    <dbpprop:training rdf:resource="http://dbpedia.org/resource/Nikolaus_Kn%C3%BCpfer" />
    <foaf:givenName xml:lang="en">Jan</foaf:givenName>
    <foaf:isPrimaryTopicOf rdf:resource="http://en.wikipedia.org/wiki/Jan_Steen" />
    <dc:description xml:lang="en">Dutch painter</dc:description>
    <ns8:wasDerivedFrom rdf:resource="http://en.wikipedia.org/wiki/Jan_Steen?oldid=547962390" />
    <dbpprop:hasPhotoCollection rdf:resource="http://wifo5-03.informatik.uni-mannheim.de/flickrwrappr/photos/Jan_Steen" />
    <foaf:surname xml:lang="en">Steen</foaf:surname>
  </rdf:Description>
  <rdf:Description rdf:about="http://dbpedia.org/resource/Gabri%C3%ABl_Metsu">
    <dbpedia-owl:influencedBy rdf:resource="http://dbpedia.org/resource/Jan_Steen" />
    <dbpprop:influencedBy rdf:resource="http://dbpedia.org/resource/Jan_Steen" />
  </rdf:Description>
  <rdf:Description rdf:about="http://it.dbpedia.org/resource/Jan_Steen">
    <owl:sameAs rdf:resource="http://dbpedia.org/resource/Jan_Steen" />
  </rdf:Description>
  <rdf:Description rdf:about="http://ja.dbpedia.org/resource/ヤン・ステーン">
    <owl:sameAs rdf:resource="http://dbpedia.org/resource/Jan_Steen" />
  </rdf:Description>
  <rdf:Description rdf:about="http://pt.dbpedia.org/resource/Jan_Steen">
    <owl:sameAs rdf:resource="http://dbpedia.org/resource/Jan_Steen" />
  </rdf:Description>
  <rdf:Description rdf:about="http://dbpedia.org/resource/The_Feast_of_Saint_Nicholas">
    <dbpedia-owl:author rdf:resource="http://dbpedia.org/resource/Jan_Steen" />
    <dbpprop:artist rdf:resource="http://dbpedia.org/resource/Jan_Steen" />
  </rdf:Description>
  <rdf:Description rdf:about="http://de.dbpedia.org/resource/Jan_Steen">
    <owl:sameAs rdf:resource="http://dbpedia.org/resource/Jan_Steen" />
  </rdf:Description>
  <rdf:Description rdf:about="http://fr.dbpedia.org/resource/Jan_Steen">
    <owl:sameAs rdf:resource="http://dbpedia.org/resource/Jan_Steen" />
  </rdf:Description>
  <rdf:Description rdf:about="http://cs.dbpedia.org/resource/Jan_Steen">
    <owl:sameAs rdf:resource="http://dbpedia.org/resource/Jan_Steen" />
  </rdf:Description>
  <rdf:Description rdf:about="http://pl.dbpedia.org/resource/Jan_Steen">
    <owl:sameAs rdf:resource="http://dbpedia.org/resource/Jan_Steen" />
  </rdf:Description>
  <rdf:Description rdf:about="http://dbpedia.org/resource/Jan_Havickszoon_Steen">
    <dbpedia-owl:wikiPageRedirects rdf:resource="http://dbpedia.org/resource/Jan_Steen" />
  </rdf:Description>
  <rdf:Description rdf:about="http://es.dbpedia.org/resource/Jan_Havicksz_Steen">
    <owl:sameAs rdf:resource="http://dbpedia.org/resource/Jan_Steen" />
  </rdf:Description>
  <rdf:Description rdf:about="http://ru.dbpedia.org/resource/Стен,_Ян">
    <owl:sameAs rdf:resource="http://dbpedia.org/resource/Jan_Steen" />
  </rdf:Description>
  <rdf:Description rdf:about="http://dbpedia.org/resource/The_Embarrassment_of_Riches:_An_Interpretation_of_Dutch_Culture_in_the_Golden_Age">
    <dbpedia-owl:coverArtist rdf:resource="http://dbpedia.org/resource/Jan_Steen" />
    <dbpprop:coverArtist rdf:resource="http://dbpedia.org/resource/Jan_Steen" />
  </rdf:Description>
  <rdf:Description rdf:about="http://dbpedia.org/resource/Steen">
    <dbpedia-owl:wikiPageDisambiguates rdf:resource="http://dbpedia.org/resource/Jan_Steen" />
  </rdf:Description>
  <rdf:Description rdf:about="http://en.wikipedia.org/wiki/Jan_Steen">
    <foaf:primaryTopic rdf:resource="http://dbpedia.org/resource/Jan_Steen" />
  </rdf:Description>
  <rdf:Description rdf:about="http://nl.dbpedia.org/resource/Jan_Steen">
    <owl:sameAs rdf:resource="http://dbpedia.org/resource/Jan_Steen" />
  </rdf:Description>
  <rdf:Description rdf:about="http://eu.dbpedia.org/resource/Jan_Steen">
    <owl:sameAs rdf:resource="http://dbpedia.org/resource/Jan_Steen" />
  </rdf:Description>
  <rdf:Description rdf:about="http://wikidata.dbpedia.org/resource/Q205863">
    <owl:sameAs rdf:resource="http://dbpedia.org/resource/Jan_Steen" />
  </rdf:Description>
  <rdf:Description rdf:about="http://zh.dbpedia.org/resource/扬·斯特恩">
    <owl:sameAs rdf:resource="http://dbpedia.org/resource/Jan_Steen" />
  </rdf:Description>
  <rdf:Description rdf:about="http://be.dbpedia.org/resource/Ян_Стэн">
    <owl:sameAs rdf:resource="http://dbpedia.org/resource/Jan_Steen" />
  </rdf:Description>
  <rdf:Description rdf:about="http://bg.dbpedia.org/resource/Ян_Стен">
    <owl:sameAs rdf:resource="http://dbpedia.org/resource/Jan_Steen" />
  </rdf:Description>
  <rdf:Description rdf:about="http://br.dbpedia.org/resource/Jan_Steen">
    <owl:sameAs rdf:resource="http://dbpedia.org/resource/Jan_Steen" />
  </rdf:Description>
  <rdf:Description rdf:about="http://ca.dbpedia.org/resource/Jan_Steen">
    <owl:sameAs rdf:resource="http://dbpedia.org/resource/Jan_Steen" />
  </rdf:Description>
  <rdf:Description rdf:about="http://da.dbpedia.org/resource/Jan_Steen">
    <owl:sameAs rdf:resource="http://dbpedia.org/resource/Jan_Steen" />
  </rdf:Description>
  <rdf:Description rdf:about="http://eo.dbpedia.org/resource/Jan_Steen">
    <owl:sameAs rdf:resource="http://dbpedia.org/resource/Jan_Steen" />
  </rdf:Description>
  <rdf:Description rdf:about="http://fi.dbpedia.org/resource/Jan_Steen">
    <owl:sameAs rdf:resource="http://dbpedia.org/resource/Jan_Steen" />
  </rdf:Description>
  <rdf:Description rdf:about="http://fy.dbpedia.org/resource/Jan_Steen">
    <owl:sameAs rdf:resource="http://dbpedia.org/resource/Jan_Steen" />
  </rdf:Description>
  <rdf:Description rdf:about="http://gl.dbpedia.org/resource/Jan_Steen">
    <owl:sameAs rdf:resource="http://dbpedia.org/resource/Jan_Steen" />
  </rdf:Description>
  <rdf:Description rdf:about="http://hu.dbpedia.org/resource/Jan_Steen_(festő)">
    <owl:sameAs rdf:resource="http://dbpedia.org/resource/Jan_Steen" />
  </rdf:Description>
  <rdf:Description rdf:about="http://ka.dbpedia.org/resource/იან_სტენი">
    <owl:sameAs rdf:resource="http://dbpedia.org/resource/Jan_Steen" />
  </rdf:Description>
  <rdf:Description rdf:about="http://la.dbpedia.org/resource/Iohannes_Steen">
    <owl:sameAs rdf:resource="http://dbpedia.org/resource/Jan_Steen" />
  </rdf:Description>
  <rdf:Description rdf:about="http://lt.dbpedia.org/resource/Jan_Steen">
    <owl:sameAs rdf:resource="http://dbpedia.org/resource/Jan_Steen" />
  </rdf:Description>
  <rdf:Description rdf:about="http://nn.dbpedia.org/resource/Jan_Steen">
    <owl:sameAs rdf:resource="http://dbpedia.org/resource/Jan_Steen" />
  </rdf:Description>
  <rdf:Description rdf:about="http://sr.dbpedia.org/resource/Јан_Стен">
    <owl:sameAs rdf:resource="http://dbpedia.org/resource/Jan_Steen" />
  </rdf:Description>
  <rdf:Description rdf:about="http://sv.dbpedia.org/resource/Jan_Steen">
    <owl:sameAs rdf:resource="http://dbpedia.org/resource/Jan_Steen" />
  </rdf:Description>
  <rdf:Description rdf:about="http://th.dbpedia.org/resource/ยาน_สตีน">
    <owl:sameAs rdf:resource="http://dbpedia.org/resource/Jan_Steen" />
  </rdf:Description>
  <rdf:Description rdf:about="http://tr.dbpedia.org/resource/Jan_Steen">
    <owl:sameAs rdf:resource="http://dbpedia.org/resource/Jan_Steen" />
  </rdf:Description>
  <rdf:Description rdf:about="http://uk.dbpedia.org/resource/Ян_Стен">
    <owl:sameAs rdf:resource="http://dbpedia.org/resource/Jan_Steen" />
  </rdf:Description>
  <rdf:Description rdf:about="http://be_x_old.dbpedia.org/resource/Ян_Стээн">
    <owl:sameAs rdf:resource="http://dbpedia.org/resource/Jan_Steen" />
  </rdf:Description>
  <rdf:Description rdf:about="http://stq.dbpedia.org/resource/Jan_Steen">
    <owl:sameAs rdf:resource="http://dbpedia.org/resource/Jan_Steen" />
  </rdf:Description>
  <rdf:Description rdf:about="http://vls.dbpedia.org/resource/Jan_Steen">
    <owl:sameAs rdf:resource="http://dbpedia.org/resource/Jan_Steen" />
  </rdf:Description>
  <rdf:Description rdf:about="http://zea.dbpedia.org/resource/Jan_Steên">
    <owl:sameAs rdf:resource="http://dbpedia.org/resource/Jan_Steen" />
  </rdf:Description>
</rdf:RDF>
