<?xml version="1.0" encoding="utf-8" ?>
<rdf:RDF
	xmlns:rdf="http://www.w3.org/1999/02/22-rdf-syntax-ns#"
	xmlns:rdfs="http://www.w3.org/2000/01/rdf-schema#"
	xmlns:owl="http://www.w3.org/2002/07/owl#"
	xmlns:dcterms="http://purl.org/dc/terms/"
	xmlns:dbpedia-owl="http://dbpedia.org/ontology/"
	xmlns:foaf="http://xmlns.com/foaf/0.1/"
	xmlns:dbpprop="http://dbpedia.org/property/"
	xmlns:dc="http://purl.org/dc/elements/1.1/"
	xmlns:ns8="http://www.w3.org/ns/prov#" >
  <rdf:Description rdf:about="http://dbpedia.org/resource/John_Martin_(painter)">
    <rdf:type rdf:resource="http://dbpedia.org/class/yago/Painter110391653" />
    <rdf:type rdf:resource="http://schema.org/Person" />
    <rdf:type rdf:resource="http://dbpedia.org/class/yago/Whole100003553" />
    <rdf:type rdf:resource="http://dbpedia.org/class/yago/Object100002684" />
    <rdf:type rdf:resource="http://dbpedia.org/class/yago/Person100007846" />
    <rdf:type rdf:resource="http://dbpedia.org/class/yago/YagoLegalActorGeo" />
    <rdf:type rdf:resource="http://dbpedia.org/ontology/Person" />
    <rdf:type rdf:resource="http://dbpedia.org/ontology/Artist" />
    <rdf:type rdf:resource="http://dbpedia.org/ontology/Agent" />
    <rdf:type rdf:resource="http://dbpedia.org/class/yago/PeopleFromNorthumberland" />
    <rdf:type rdf:resource="http://dbpedia.org/class/yago/Creator109614315" />
    <rdf:type rdf:resource="http://dbpedia.org/class/yago/PhysicalEntity100001930" />
    <rdf:type rdf:resource="http://www.w3.org/2002/07/owl#Thing" />
    <rdf:type rdf:resource="http://dbpedia.org/class/yago/CausalAgent100007347" />
    <rdf:type rdf:resource="http://dbpedia.org/class/yago/Organism100004475" />
    <rdf:type rdf:resource="http://dbpedia.org/class/yago/YagoLegalActor" />
    <rdf:type rdf:resource="http://dbpedia.org/class/yago/EnglishPainters" />
    <rdf:type rdf:resource="http://dbpedia.org/class/yago/LivingThing100004258" />
    <rdf:type rdf:resource="http://xmlns.com/foaf/0.1/Person" />
    <rdf:type rdf:resource="http://dbpedia.org/class/yago/Artist109812338" />
    <owl:sameAs rdf:resource="http://www.wikidata.org/entity/Q937096" />
    <owl:sameAs rdf:resource="http://rdf.freebase.com/ns/m.0383lx" />
    <owl:sameAs rdf:resource="http://bg.dbpedia.org/resource/Джон_Мартин" />
    <owl:sameAs rdf:resource="http://cs.dbpedia.org/resource/John_Martin" />
    <owl:sameAs rdf:resource="http://de.dbpedia.org/resource/John_Martin_(Maler)" />
    <owl:sameAs rdf:resource="http://yago-knowledge.org/resource/John_Martin_(painter)" />
    <owl:sameAs rdf:resource="http://dbpedia.org/resource/John_Martin_(painter)" />
    <owl:sameAs rdf:resource="http://it.dbpedia.org/resource/John_Martin_(pittore)" />
    <owl:sameAs rdf:resource="http://pl.dbpedia.org/resource/John_Martin" />
    <owl:sameAs rdf:resource="http://pt.dbpedia.org/resource/John_Martin" />
    <owl:sameAs rdf:resource="http://ja.dbpedia.org/resource/ジョン・マーティン" />
    <owl:sameAs rdf:resource="http://es.dbpedia.org/resource/John_Martin" />
    <owl:sameAs rdf:resource="http://fr.dbpedia.org/resource/John_Martin" />
    <dcterms:subject rdf:resource="http://dbpedia.org/resource/Category:1789_births" />
    <dcterms:subject rdf:resource="http://dbpedia.org/resource/Category:Order_of_Leopold_recipients" />
    <dcterms:subject rdf:resource="http://dbpedia.org/resource/Category:English_painters" />
    <dcterms:subject rdf:resource="http://dbpedia.org/resource/Category:1854_deaths" />
    <dcterms:subject rdf:resource="http://dbpedia.org/resource/Category:People_from_Northumberland" />
    <dcterms:subject rdf:resource="http://dbpedia.org/resource/Category:Artists_from_London" />
    <dbpedia-owl:abstract xml:lang="en">John Martin (19 July 1789 – 17 February 1854) was an English Romantic painter, engraver and illustrator.</dbpedia-owl:abstract>
    <dbpedia-owl:abstract xml:lang="ja">ジョン・マーティン（英：John Martin, 1789年7月19日 - 1854年2月17日）は、19世紀の英国人のロマン派の画家、版画家、都市計画家。イングランド最北部のノーサンバーランド州 ヘイドン・ブリッジの郊外、イースト・ランデンズで十三人兄弟の末っ子として生まる。 ニューカッスルで絵画の技法を学んだ後ロンドンに出て、ガラスや磁器の絵付けに従事した。1811年、23歳の時からロイヤル·アカデミーに絵画を出品し、1812年の『忘却の水を探し求めるサダク』の様に画面いっぱいに壮大な風景を描き出し、それによって天変地異の圧倒的な力や破局的な様相を現出させてる画風で注目を集め、更に1820年作の『ベルシャザルの饗宴』の成功で人気画家となった。旧約聖書、ミルトンの『失楽園』の挿絵入り本や油絵をもとにした版画作品は広く流布した。1828年頃から次第に画から離れ、ロンドンの上下水道や鉄道線などの都市計画や発明に関わるようになったが、その結果破産同然となった。死の数年前から絵の作成を再開し代表作のひとつとなる『最後の審判三部作』を発表した。</dbpedia-owl:abstract>
    <dbpedia-owl:abstract xml:lang="es">John Martin. Fue uno de los artistas ingleses más importantes de su época. Es conocido sobre todo por sus impresionantes y variados grabados. A él le debemos grabados del Antiguo y Nuevo Testamento y de impresionantes paisajes naturales (claramente influenciado por la corriente estética kantiana de lo sublime). Su fama fue incuestionable cuando realizó en 1821 el tema bíblico: El festín de Baltasar. Asimismo, es digno de recordar otras impresionantes obras como El paraíso perdido, estampas que ilustran el poema del poeta inglés John Milton. Ya por último, cabe mencionar sus aguafuertes sobre dinosaurios, donde se esforzó para recrear lo más fielmente su posible hábitat.</dbpedia-owl:abstract>
    <dbpedia-owl:abstract xml:lang="pl">John Martin – angielski malarz i grawer. Twórca romantycznych pejzaży i monumentalnych, inspirowanych Biblią obrazów o apokaliptycznej tematyce.</dbpedia-owl:abstract>
    <dbpedia-owl:abstract xml:lang="fr">John Martin est un célèbre peintre anglais de la première moitié du XIX siècle. Ses œuvres, inspirées par le romantisme, mettent le plus souvent en scène des paysages et tableaux apocalyptiques tout droit sortis de la Bible, sa principale référence.</dbpedia-owl:abstract>
    <dbpedia-owl:abstract xml:lang="pt">John Martin foi um renomado pintor romântico inglês do século XIX.</dbpedia-owl:abstract>
    <dbpedia-owl:abstract xml:lang="it"></dbpedia-owl:abstract>
    <dbpedia-owl:abstract xml:lang="de">John Martin war ein englischer Maler und Grafiker.</dbpedia-owl:abstract>
    <dbpedia-owl:birthDate rdf:datatype="http://www.w3.org/2001/XMLSchema#date">1789-07-19</dbpedia-owl:birthDate>
    <dbpedia-owl:deathDate rdf:datatype="http://www.w3.org/2001/XMLSchema#date">1854-02-17</dbpedia-owl:deathDate>
    <dbpedia-owl:wikiPageID rdf:datatype="http://www.w3.org/2001/XMLSchema#integer">749803</dbpedia-owl:wikiPageID>
    <dbpedia-owl:wikiPageRevisionID rdf:datatype="http://www.w3.org/2001/XMLSchema#integer">545517860</dbpedia-owl:wikiPageRevisionID>
    <rdfs:label xml:lang="ja">ジョン・マーティン</rdfs:label>
    <rdfs:label xml:lang="pl">John Martin</rdfs:label>
    <rdfs:label xml:lang="fr">John Martin</rdfs:label>
    <rdfs:label xml:lang="it">John Martin (pittore)</rdfs:label>
    <rdfs:label xml:lang="pt">John Martin</rdfs:label>
    <rdfs:label xml:lang="es">John Martin</rdfs:label>
    <rdfs:label xml:lang="en">John Martin (painter)</rdfs:label>
    <rdfs:label xml:lang="de">John Martin (Maler)</rdfs:label>
    <foaf:depiction rdf:resource="http://upload.wikimedia.org/wikipedia/commons/2/2b/John_Martin_by_Henry_Warren.jpg" />
    <rdfs:comment xml:lang="de">John Martin war ein englischer Maler und Grafiker.</rdfs:comment>
    <rdfs:comment xml:lang="it"></rdfs:comment>
    <rdfs:comment xml:lang="es">John Martin. Fue uno de los artistas ingleses más importantes de su época. Es conocido sobre todo por sus impresionantes y variados grabados. A él le debemos grabados del Antiguo y Nuevo Testamento y de impresionantes paisajes naturales (claramente influenciado por la corriente estética kantiana de lo sublime). Su fama fue incuestionable cuando realizó en 1821 el tema bíblico: El festín de Baltasar.</rdfs:comment>
    <rdfs:comment xml:lang="en">John Martin (19 July 1789 – 17 February 1854) was an English Romantic painter, engraver and illustrator.</rdfs:comment>
    <rdfs:comment xml:lang="ja">ジョン・マーティン（英：John Martin, 1789年7月19日 - 1854年2月17日）は、19世紀の英国人のロマン派の画家、版画家、都市計画家。イングランド最北部のノーサンバーランド州 ヘイドン・ブリッジの郊外、イースト・ランデンズで十三人兄弟の末っ子として生まる。 ニューカッスルで絵画の技法を学んだ後ロンドンに出て、ガラスや磁器の絵付けに従事した。1811年、23歳の時からロイヤル·アカデミーに絵画を出品し、1812年の『忘却の水を探し求めるサダク』の様に画面いっぱいに壮大な風景を描き出し、それによって天変地異の圧倒的な力や破局的な様相を現出させてる画風で注目を集め、更に1820年作の『ベルシャザルの饗宴』の成功で人気画家となった。旧約聖書、ミルトンの『失楽園』の挿絵入り本や油絵をもとにした版画作品は広く流布した。1828年頃から次第に画から離れ、ロンドンの上下水道や鉄道線などの都市計画や発明に関わるようになったが、その結果破産同然となった。死の数年前から絵の作成を再開し代表作のひとつとなる『最後の審判三部作』を発表した。</rdfs:comment>
    <rdfs:comment xml:lang="pt">John Martin foi um renomado pintor romântico inglês do século XIX.</rdfs:comment>
    <rdfs:comment xml:lang="pl">John Martin – angielski malarz i grawer. Twórca romantycznych pejzaży i monumentalnych, inspirowanych Biblią obrazów o apokaliptycznej tematyce.</rdfs:comment>
    <rdfs:comment xml:lang="fr">John Martin est un célèbre peintre anglais de la première moitié du XIX siècle. Ses œuvres, inspirées par le romantisme, mettent le plus souvent en scène des paysages et tableaux apocalyptiques tout droit sortis de la Bible, sa principale référence.</rdfs:comment>
    <foaf:name xml:lang="en">John Martin</foaf:name>
    <dbpedia-owl:thumbnail rdf:resource="http://upload.wikimedia.org/wikipedia/commons/thumb/2/2b/John_Martin_by_Henry_Warren.jpg/200px-John_Martin_by_Henry_Warren.jpg" />
    <dbpedia-owl:wikiPageExternalLink rdf:resource="http://ariane2.bibl.ulaval.ca/ariane/?index=AU&amp;requete=Larriv%C3%A9e%2C+Dany)" />
    <dbpedia-owl:wikiPageExternalLink rdf:resource="http://www.bris.ac.uk/Depts/Union/Helicon/johnmartin.html" />
    <dbpedia-owl:wikiPageExternalLink rdf:resource="http://www.1911encyclopedia.org/John_Martin" />
    <dbpedia-owl:wikiPageExternalLink rdf:resource="http://www.archive.org/details/dictionaryofnati36stepuoft" />
    <dbpedia-owl:wikiPageExternalLink rdf:resource="http://www.phryne.com/artists/17-20-22.HTM" />
    <dbpedia-owl:wikiPageExternalLink rdf:resource="http://elencantoocultodelavida.blogspot.com/2011/04/john-martin-el-excelso-pintor-con.html" />
    <dbpedia-owl:wikiPageExternalLink rdf:resource="http://www.wojm.org.uk" />
    <dbpedia-owl:wikiPageExternalLink rdf:resource="http://www.library.qmul.ac.uk/archives" />
    <dbpprop:article xml:lang="en">John Martin</dbpprop:article>
    <dbpprop:dateOfBirth rdf:datatype="http://www.w3.org/2001/XMLSchema#integer">19</dbpprop:dateOfBirth>
    <dbpprop:dateOfDeath rdf:datatype="http://www.w3.org/2001/XMLSchema#integer">17</dbpprop:dateOfDeath>
    <dbpprop:lccn xml:lang="en">n/50/40933</dbpprop:lccn>
    <dbpprop:name xml:lang="en">Martin, John</dbpprop:name>
    <dbpprop:pnd rdf:datatype="http://www.w3.org/2001/XMLSchema#integer">139364277</dbpprop:pnd>
    <dbpprop:shortDescription xml:lang="en">British artist</dbpprop:shortDescription>
    <dbpprop:url rdf:resource="http://www.1911encyclopedia.org/John_Martin" />
    <foaf:givenName xml:lang="en">John</foaf:givenName>
    <foaf:isPrimaryTopicOf rdf:resource="http://en.wikipedia.org/wiki/John_Martin_(painter)" />
    <dc:description xml:lang="en">British artist</dc:description>
    <ns8:wasDerivedFrom rdf:resource="http://en.wikipedia.org/wiki/John_Martin_(painter)?oldid=545517860" />
    <dbpprop:hasPhotoCollection rdf:resource="http://wifo5-03.informatik.uni-mannheim.de/flickrwrappr/photos/John_Martin_(painter)" />
    <foaf:surname xml:lang="en">Martin</foaf:surname>
  </rdf:Description>
  <rdf:Description rdf:about="http://dbpedia.org/resource/John_Martin">
    <dbpedia-owl:wikiPageDisambiguates rdf:resource="http://dbpedia.org/resource/John_Martin_(painter)" />
  </rdf:Description>
  <rdf:Description rdf:about="http://es.dbpedia.org/resource/John_Martin">
    <owl:sameAs rdf:resource="http://dbpedia.org/resource/John_Martin_(painter)" />
  </rdf:Description>
  <rdf:Description rdf:about="http://it.dbpedia.org/resource/John_Martin_(pittore)">
    <owl:sameAs rdf:resource="http://dbpedia.org/resource/John_Martin_(painter)" />
  </rdf:Description>
  <rdf:Description rdf:about="http://ja.dbpedia.org/resource/ジョン・マーティン">
    <owl:sameAs rdf:resource="http://dbpedia.org/resource/John_Martin_(painter)" />
  </rdf:Description>
  <rdf:Description rdf:about="http://pt.dbpedia.org/resource/John_Martin">
    <owl:sameAs rdf:resource="http://dbpedia.org/resource/John_Martin_(painter)" />
  </rdf:Description>
  <rdf:Description rdf:about="http://dbpedia.org/resource/John_Harris_(artist)">
    <dbpedia-owl:influencedBy rdf:resource="http://dbpedia.org/resource/John_Martin_(painter)" />
    <dbpprop:influencedBy rdf:resource="http://dbpedia.org/resource/John_Martin_(painter)" />
  </rdf:Description>
  <rdf:Description rdf:about="http://dbpedia.org/resource/Manfred_on_the_Jungfrau_(1837)">
    <dbpedia-owl:author rdf:resource="http://dbpedia.org/resource/John_Martin_(painter)" />
    <dbpprop:artist rdf:resource="http://dbpedia.org/resource/John_Martin_(painter)" />
  </rdf:Description>
  <rdf:Description rdf:about="http://cs.dbpedia.org/resource/John_Martin">
    <owl:sameAs rdf:resource="http://dbpedia.org/resource/John_Martin_(painter)" />
  </rdf:Description>
  <rdf:Description rdf:about="http://pl.dbpedia.org/resource/John_Martin">
    <owl:sameAs rdf:resource="http://dbpedia.org/resource/John_Martin_(painter)" />
  </rdf:Description>
  <rdf:Description rdf:about="http://en.wikipedia.org/wiki/John_Martin_(painter)">
    <foaf:primaryTopic rdf:resource="http://dbpedia.org/resource/John_Martin_(painter)" />
  </rdf:Description>
  <rdf:Description rdf:about="http://dbpedia.org/resource/The_End_of_the_World_(painting)">
    <dbpedia-owl:author rdf:resource="http://dbpedia.org/resource/John_Martin_(painter)" />
    <dbpprop:artist rdf:resource="http://dbpedia.org/resource/John_Martin_(painter)" />
  </rdf:Description>
  <rdf:Description rdf:about="http://de.dbpedia.org/resource/John_Martin_(Maler)">
    <owl:sameAs rdf:resource="http://dbpedia.org/resource/John_Martin_(painter)" />
  </rdf:Description>
  <rdf:Description rdf:about="http://fr.dbpedia.org/resource/John_Martin">
    <owl:sameAs rdf:resource="http://dbpedia.org/resource/John_Martin_(painter)" />
  </rdf:Description>
  <rdf:Description rdf:about="http://wikidata.dbpedia.org/resource/Q937096">
    <owl:sameAs rdf:resource="http://dbpedia.org/resource/John_Martin_(painter)" />
  </rdf:Description>
  <rdf:Description rdf:about="http://bg.dbpedia.org/resource/Джон_Мартин">
    <owl:sameAs rdf:resource="http://dbpedia.org/resource/John_Martin_(painter)" />
  </rdf:Description>
</rdf:RDF>
