<?xml version="1.0" encoding="utf-8" ?>
<rdf:RDF
	xmlns:rdf="http://www.w3.org/1999/02/22-rdf-syntax-ns#"
	xmlns:rdfs="http://www.w3.org/2000/01/rdf-schema#"
	xmlns:owl="http://www.w3.org/2002/07/owl#"
	xmlns:dcterms="http://purl.org/dc/terms/"
	xmlns:dbpedia-owl="http://dbpedia.org/ontology/"
	xmlns:foaf="http://xmlns.com/foaf/0.1/"
	xmlns:dbpprop="http://dbpedia.org/property/"
	xmlns:dc="http://purl.org/dc/elements/1.1/"
	xmlns:ns8="http://www.w3.org/ns/prov#" >
  <rdf:Description rdf:about="http://dbpedia.org/resource/Christ_in_the_House_of_His_Parents">
    <dbpedia-owl:author rdf:resource="http://dbpedia.org/resource/John_Everett_Millais" />
    <dbpprop:artist rdf:resource="http://dbpedia.org/resource/John_Everett_Millais" />
  </rdf:Description>
  <rdf:Description rdf:about="http://dbpedia.org/resource/Framley_Parsonage">
    <dbpedia-owl:illustrator rdf:resource="http://dbpedia.org/resource/John_Everett_Millais" />
    <dbpprop:illustrator rdf:resource="http://dbpedia.org/resource/John_Everett_Millais" />
  </rdf:Description>
  <rdf:Description rdf:about="http://dbpedia.org/resource/Autumn_Leaves_(painting)">
    <dbpedia-owl:author rdf:resource="http://dbpedia.org/resource/John_Everett_Millais" />
    <dbpprop:artist rdf:resource="http://dbpedia.org/resource/John_Everett_Millais" />
  </rdf:Description>
  <rdf:Description rdf:about="http://dbpedia.org/resource/The_Blind_Girl">
    <dbpedia-owl:author rdf:resource="http://dbpedia.org/resource/John_Everett_Millais" />
    <dbpprop:artist rdf:resource="http://dbpedia.org/resource/John_Everett_Millais" />
  </rdf:Description>
  <rdf:Description rdf:about="http://dbpedia.org/resource/Isabella_(Millais_painting)">
    <dbpedia-owl:author rdf:resource="http://dbpedia.org/resource/John_Everett_Millais" />
    <dbpprop:artist rdf:resource="http://dbpedia.org/resource/John_Everett_Millais" />
  </rdf:Description>
  <rdf:Description rdf:about="http://de.dbpedia.org/resource/John_Everett_Millais">
    <owl:sameAs rdf:resource="http://dbpedia.org/resource/John_Everett_Millais" />
  </rdf:Description>
  <rdf:Description rdf:about="http://fr.dbpedia.org/resource/John_Everett_Millais">
    <owl:sameAs rdf:resource="http://dbpedia.org/resource/John_Everett_Millais" />
  </rdf:Description>
  <rdf:Description rdf:about="http://dbpedia.org/resource/Esther_(Millais_painting)">
    <dbpedia-owl:author rdf:resource="http://dbpedia.org/resource/John_Everett_Millais" />
    <dbpprop:artist rdf:resource="http://dbpedia.org/resource/John_Everett_Millais" />
  </rdf:Description>
  <rdf:Description rdf:about="http://dbpedia.org/resource/The_Ruling_Passion">
    <dbpedia-owl:author rdf:resource="http://dbpedia.org/resource/John_Everett_Millais" />
    <dbpprop:artist rdf:resource="http://dbpedia.org/resource/John_Everett_Millais" />
  </rdf:Description>
  <rdf:Description rdf:about="http://dbpedia.org/resource/John_Ruskin_(painting)">
    <dbpedia-owl:author rdf:resource="http://dbpedia.org/resource/John_Everett_Millais" />
  </rdf:Description>
  <rdf:Description rdf:about="http://dbpedia.org/resource/Mariana_(Millais)">
    <dbpedia-owl:author rdf:resource="http://dbpedia.org/resource/John_Everett_Millais" />
    <dbpprop:artist rdf:resource="http://dbpedia.org/resource/John_Everett_Millais" />
  </rdf:Description>
  <rdf:Description rdf:about="http://dbpedia.org/resource/The_Rescue_(painting)">
    <dbpedia-owl:author rdf:resource="http://dbpedia.org/resource/John_Everett_Millais" />
    <dbpprop:artist rdf:resource="http://dbpedia.org/resource/John_Everett_Millais" />
  </rdf:Description>
  <rdf:Description rdf:about="http://dbpedia.org/resource/The_Vale_of_Rest">
    <dbpedia-owl:author rdf:resource="http://dbpedia.org/resource/John_Everett_Millais" />
    <dbpprop:artist rdf:resource="http://dbpedia.org/resource/John_Everett_Millais" />
  </rdf:Description>
  <rdf:Description rdf:about="http://el.dbpedia.org/resource/Τζων_Έβερετ_Μιλαί">
    <owl:sameAs rdf:resource="http://dbpedia.org/resource/John_Everett_Millais" />
  </rdf:Description>
  <rdf:Description rdf:about="http://it.dbpedia.org/resource/John_Everett_Millais">
    <owl:sameAs rdf:resource="http://dbpedia.org/resource/John_Everett_Millais" />
  </rdf:Description>
  <rdf:Description rdf:about="http://pt.dbpedia.org/resource/John_Everett_Millais">
    <owl:sameAs rdf:resource="http://dbpedia.org/resource/John_Everett_Millais" />
  </rdf:Description>
  <rdf:Description rdf:about="http://ru.dbpedia.org/resource/Милле,_Джон_Эверетт">
    <owl:sameAs rdf:resource="http://dbpedia.org/resource/John_Everett_Millais" />
  </rdf:Description>
  <rdf:Description rdf:about="http://dbpedia.org/resource/Phineas_Finn">
    <dbpedia-owl:illustrator rdf:resource="http://dbpedia.org/resource/John_Everett_Millais" />
    <dbpprop:illustrator rdf:resource="http://dbpedia.org/resource/John_Everett_Millais" />
  </rdf:Description>
  <rdf:Description rdf:about="http://dbpedia.org/resource/The_Small_House_at_Allington">
    <dbpedia-owl:illustrator rdf:resource="http://dbpedia.org/resource/John_Everett_Millais" />
    <dbpprop:illustrator rdf:resource="http://dbpedia.org/resource/John_Everett_Millais" />
  </rdf:Description>
  <rdf:Description rdf:about="http://dbpedia.org/resource/Les_Edwards">
    <dbpedia-owl:influencedBy rdf:resource="http://dbpedia.org/resource/John_Everett_Millais" />
  </rdf:Description>
  <rdf:Description rdf:about="http://dbpedia.org/resource/Bubbles_(painting)">
    <dbpedia-owl:author rdf:resource="http://dbpedia.org/resource/John_Everett_Millais" />
  </rdf:Description>
  <rdf:Description rdf:about="http://dbpedia.org/resource/A_Dream_of_the_Past:_Sir_Isumbras_at_the_Ford">
    <dbpedia-owl:author rdf:resource="http://dbpedia.org/resource/John_Everett_Millais" />
    <dbpprop:artist rdf:resource="http://dbpedia.org/resource/John_Everett_Millais" />
  </rdf:Description>
  <rdf:Description rdf:about="http://dbpedia.org/resource/A_Huguenot">
    <dbpedia-owl:author rdf:resource="http://dbpedia.org/resource/John_Everett_Millais" />
    <dbpprop:artist rdf:resource="http://dbpedia.org/resource/John_Everett_Millais" />
  </rdf:Description>
  <rdf:Description rdf:about="http://dbpedia.org/resource/The_Boyhood_of_Raleigh">
    <dbpedia-owl:author rdf:resource="http://dbpedia.org/resource/John_Everett_Millais" />
    <dbpprop:artist rdf:resource="http://dbpedia.org/resource/John_Everett_Millais" />
  </rdf:Description>
  <rdf:Description rdf:about="http://dbpedia.org/resource/John_Millais">
    <dbpedia-owl:wikiPageRedirects rdf:resource="http://dbpedia.org/resource/John_Everett_Millais" />
  </rdf:Description>
  <rdf:Description rdf:about="http://dbpedia.org/resource/Byam_Shaw">
    <dbpedia-owl:influencedBy rdf:resource="http://dbpedia.org/resource/John_Everett_Millais" />
    <dbpprop:influencedBy rdf:resource="http://dbpedia.org/resource/John_Everett_Millais" />
  </rdf:Description>
  <rdf:Description rdf:about="http://dbpedia.org/resource/Ferdinand_Lured_by_Ariel">
    <dbpedia-owl:author rdf:resource="http://dbpedia.org/resource/John_Everett_Millais" />
    <dbpprop:artist rdf:resource="http://dbpedia.org/resource/John_Everett_Millais" />
  </rdf:Description>
  <rdf:Description rdf:about="http://dbpedia.org/resource/The_Proscribed_Royalist,_1651">
    <dbpedia-owl:author rdf:resource="http://dbpedia.org/resource/John_Everett_Millais" />
    <dbpprop:artist rdf:resource="http://dbpedia.org/resource/John_Everett_Millais" />
  </rdf:Description>
  <rdf:Description rdf:about="http://es.dbpedia.org/resource/John_Everett_Millais">
    <owl:sameAs rdf:resource="http://dbpedia.org/resource/John_Everett_Millais" />
  </rdf:Description>
  <rdf:Description rdf:about="http://ja.dbpedia.org/resource/ジョン・エヴァレット・ミレー">
    <owl:sameAs rdf:resource="http://dbpedia.org/resource/John_Everett_Millais" />
  </rdf:Description>
  <rdf:Description rdf:about="http://dbpedia.org/resource/Sir_John_Everett_Millais">
    <dbpedia-owl:wikiPageRedirects rdf:resource="http://dbpedia.org/resource/John_Everett_Millais" />
  </rdf:Description>
  <rdf:Description rdf:about="http://dbpedia.org/resource/Sir_John_Millais">
    <dbpedia-owl:wikiPageRedirects rdf:resource="http://dbpedia.org/resource/John_Everett_Millais" />
  </rdf:Description>
  <rdf:Description rdf:about="http://dbpedia.org/resource/JE_Millais">
    <dbpedia-owl:wikiPageRedirects rdf:resource="http://dbpedia.org/resource/John_Everett_Millais" />
  </rdf:Description>
  <rdf:Description rdf:about="http://dbpedia.org/resource/Sir_John_Everett_Millais,_1st_Baronet">
    <dbpedia-owl:wikiPageRedirects rdf:resource="http://dbpedia.org/resource/John_Everett_Millais" />
  </rdf:Description>
  <rdf:Description rdf:about="http://dbpedia.org/resource/Sir_John_Millais,_1st_Baronet">
    <dbpedia-owl:wikiPageRedirects rdf:resource="http://dbpedia.org/resource/John_Everett_Millais" />
  </rdf:Description>
  <rdf:Description rdf:about="http://dbpedia.org/resource/Peace_Concluded">
    <dbpedia-owl:author rdf:resource="http://dbpedia.org/resource/John_Everett_Millais" />
    <dbpprop:artist rdf:resource="http://dbpedia.org/resource/John_Everett_Millais" />
  </rdf:Description>
  <rdf:Description rdf:about="http://pl.dbpedia.org/resource/John_Everett_Millais">
    <owl:sameAs rdf:resource="http://dbpedia.org/resource/John_Everett_Millais" />
  </rdf:Description>
  <rdf:Description rdf:about="http://dbpedia.org/resource/John_Everett_Millais">
    <rdf:type rdf:resource="http://dbpedia.org/class/yago/Whole100003553" />
    <rdf:type rdf:resource="http://dbpedia.org/class/yago/YagoLegalActorGeo" />
    <rdf:type rdf:resource="http://dbpedia.org/class/yago/Object100002684" />
    <rdf:type rdf:resource="http://dbpedia.org/class/yago/Honoree110183757" />
    <rdf:type rdf:resource="http://dbpedia.org/class/yago/Pre-RaphaelitePainters" />
    <rdf:type rdf:resource="http://dbpedia.org/class/yago/EnlistedPerson110058777" />
    <rdf:type rdf:resource="http://dbpedia.org/class/yago/LivingThing100004258" />
    <rdf:type rdf:resource="http://dbpedia.org/class/yago/Painter110391653" />
    <rdf:type rdf:resource="http://dbpedia.org/class/yago/Soldier110622053" />
    <rdf:type rdf:resource="http://dbpedia.org/class/yago/Worker109632518" />
    <rdf:type rdf:resource="http://dbpedia.org/class/yago/Creator109614315" />
    <rdf:type rdf:resource="http://dbpedia.org/class/yago/CausalAgent100007347" />
    <rdf:type rdf:resource="http://dbpedia.org/class/yago/Organism100004475" />
    <rdf:type rdf:resource="http://dbpedia.org/class/yago/YagoLegalActor" />
    <rdf:type rdf:resource="http://dbpedia.org/class/yago/Leader109623038" />
    <rdf:type rdf:resource="http://www.w3.org/2002/07/owl#Thing" />
    <rdf:type rdf:resource="http://dbpedia.org/class/yago/EnglishIllustrators" />
    <rdf:type rdf:resource="http://schema.org/Person" />
    <rdf:type rdf:resource="http://dbpedia.org/class/yago/Aristocrat109807754" />
    <rdf:type rdf:resource="http://dbpedia.org/class/yago/RoyalAcademicians" />
    <rdf:type rdf:resource="http://dbpedia.org/class/yago/Serviceman110582746" />
    <rdf:type rdf:resource="http://dbpedia.org/class/yago/PhysicalEntity100001930" />
    <rdf:type rdf:resource="http://dbpedia.org/class/yago/BritishPeopleOfHuguenotDescent" />
    <rdf:type rdf:resource="http://dbpedia.org/class/yago/Recipient109627906" />
    <rdf:type rdf:resource="http://umbel.org/umbel/rc/PersonWithOccupation" />
    <rdf:type rdf:resource="http://umbel.org/umbel/rc/Artist" />
    <rdf:type rdf:resource="http://dbpedia.org/class/yago/SkilledWorker110605985" />
    <rdf:type rdf:resource="http://dbpedia.org/class/yago/PeopleFromSouthampton" />
    <rdf:type rdf:resource="http://dbpedia.org/class/yago/BaronetsInTheBaronetageOfTheUnitedKingdom" />
    <rdf:type rdf:resource="http://dbpedia.org/class/yago/Acquirer109764201" />
    <rdf:type rdf:resource="http://dbpedia.org/class/yago/Artist109812338" />
    <rdf:type rdf:resource="http://dbpedia.org/class/yago/EnglishPainters" />
    <rdf:type rdf:resource="http://dbpedia.org/class/yago/Artists&#39;RiflesSoldiers" />
    <rdf:type rdf:resource="http://dbpedia.org/class/yago/Academician109759501" />
    <rdf:type rdf:resource="http://dbpedia.org/class/yago/Illustrator109812068" />
    <rdf:type rdf:resource="http://dbpedia.org/class/yago/Baronet109840639" />
    <rdf:type rdf:resource="http://dbpedia.org/class/yago/Person100007846" />
    <rdf:type rdf:resource="http://xmlns.com/foaf/0.1/Person" />
    <rdf:type rdf:resource="http://dbpedia.org/ontology/Person" />
    <rdf:type rdf:resource="http://dbpedia.org/ontology/Artist" />
    <rdf:type rdf:resource="http://dbpedia.org/ontology/Agent" />
    <owl:sameAs rdf:resource="http://sv.dbpedia.org/resource/John_Everett_Millais" />
    <owl:sameAs rdf:resource="http://sh.dbpedia.org/resource/John_Everett_Millais" />
    <owl:sameAs rdf:resource="http://hu.dbpedia.org/resource/John_Everett_Millais" />
    <owl:sameAs rdf:resource="http://fi.dbpedia.org/resource/John_Everett_Millais" />
    <owl:sameAs rdf:resource="http://nrm.dbpedia.org/resource/John_Everett_Millais" />
    <owl:sameAs rdf:resource="http://eu.dbpedia.org/resource/John_Everett_Millais" />
    <owl:sameAs rdf:resource="http://yago-knowledge.org/resource/John_Everett_Millais" />
    <owl:sameAs rdf:resource="http://he.dbpedia.org/resource/ג&#39;ון_אוורט_מיליי" />
    <owl:sameAs rdf:resource="http://ru.dbpedia.org/resource/Милле,_Джон_Эверетт" />
    <owl:sameAs rdf:resource="http://nl.dbpedia.org/resource/John_Everett_Millais" />
    <owl:sameAs rdf:resource="http://de.dbpedia.org/resource/John_Everett_Millais" />
    <owl:sameAs rdf:resource="http://www.wikidata.org/entity/Q159606" />
    <owl:sameAs rdf:resource="http://be_x_old.dbpedia.org/resource/Джон_Эвэрэт_Мілэй" />
    <owl:sameAs rdf:resource="http://nn.dbpedia.org/resource/John_Everett_Millais" />
    <owl:sameAs rdf:resource="http://dbpedia.org/resource/John_Everett_Millais" />
    <owl:sameAs rdf:resource="http://ja.dbpedia.org/resource/ジョン・エヴァレット・ミレー" />
    <owl:sameAs rdf:resource="http://th.dbpedia.org/resource/จอห์น_เอเวอเรตต์_มิเล" />
    <owl:sameAs rdf:resource="http://no.dbpedia.org/resource/John_Everett_Millais" />
    <owl:sameAs rdf:resource="http://da.dbpedia.org/resource/John_Everett_Millais" />
    <owl:sameAs rdf:resource="http://be.dbpedia.org/resource/Джон_Эверэт_Міле" />
    <owl:sameAs rdf:resource="http://it.dbpedia.org/resource/John_Everett_Millais" />
    <owl:sameAs rdf:resource="http://ca.dbpedia.org/resource/John_Everett_Millais" />
    <owl:sameAs rdf:resource="http://pt.dbpedia.org/resource/John_Everett_Millais" />
    <owl:sameAs rdf:resource="http://an.dbpedia.org/resource/John_Everett_Millais" />
    <owl:sameAs rdf:resource="http://fr.dbpedia.org/resource/John_Everett_Millais" />
    <owl:sameAs rdf:resource="http://pl.dbpedia.org/resource/John_Everett_Millais" />
    <owl:sameAs rdf:resource="http://simple.dbpedia.org/resource/John_Everett_Millais" />
    <owl:sameAs rdf:resource="http://el.dbpedia.org/resource/Τζων_Έβερετ_Μιλαί" />
    <owl:sameAs rdf:resource="http://rdf.freebase.com/ns/m.0q0f4" />
    <owl:sameAs rdf:resource="http://ro.dbpedia.org/resource/John_Everett_Millais" />
    <owl:sameAs rdf:resource="http://vep.dbpedia.org/resource/Mille_Džon_Everett" />
    <owl:sameAs rdf:resource="http://sr.dbpedia.org/resource/Џон_Еверет_Миле" />
    <owl:sameAs rdf:resource="http://bg.dbpedia.org/resource/Джон_Миле" />
    <owl:sameAs rdf:resource="http://id.dbpedia.org/resource/John_Everett_Millais" />
    <owl:sameAs rdf:resource="http://zh.dbpedia.org/resource/約翰·艾佛雷特·米萊" />
    <owl:sameAs rdf:resource="http://es.dbpedia.org/resource/John_Everett_Millais" />
    <owl:sameAs rdf:resource="http://tr.dbpedia.org/resource/John_Everett_Millais" />
    <owl:sameAs rdf:resource="http://pms.dbpedia.org/resource/John_Everett_Millais" />
    <dcterms:subject rdf:resource="http://dbpedia.org/resource/Category:1829_births" />
    <dcterms:subject rdf:resource="http://dbpedia.org/resource/Category:English_people_of_Huguenot_descent" />
    <dcterms:subject rdf:resource="http://dbpedia.org/resource/Category:English_illustrators" />
    <dcterms:subject rdf:resource="http://dbpedia.org/resource/Category:Royal_Society_of_Portrait_Painters" />
    <dcterms:subject rdf:resource="http://dbpedia.org/resource/Category:People_from_Southampton" />
    <dcterms:subject rdf:resource="http://dbpedia.org/resource/Category:Royal_Academicians" />
    <dcterms:subject rdf:resource="http://dbpedia.org/resource/Category:Burials_at_St_Paul&#39;s_Cathedral" />
    <dcterms:subject rdf:resource="http://dbpedia.org/resource/Category:Baronets_in_the_Baronetage_of_the_United_Kingdom" />
    <dcterms:subject rdf:resource="http://dbpedia.org/resource/Category:Cancer_deaths_in_England" />
    <dcterms:subject rdf:resource="http://dbpedia.org/resource/Category:Artists&#39;_Rifles_soldiers" />
    <dcterms:subject rdf:resource="http://dbpedia.org/resource/Category:English_painters" />
    <dcterms:subject rdf:resource="http://dbpedia.org/resource/Category:Pre-Raphaelite_painters" />
    <dcterms:subject rdf:resource="http://dbpedia.org/resource/Category:1896_deaths" />
    <dcterms:subject rdf:resource="http://dbpedia.org/resource/Category:Deaths_from_laryngeal_cancer" />
    <dbpedia-owl:abstract xml:lang="ja">サー・ジョン・エヴァレット・ミレー（Sir John Everett Millais, 1829年6月8日 － 1896年8月13日）は、19世紀のイギリスの画家。ラファエル前派の一員に数えられる。ミレイと表記されることも多い。</dbpedia-owl:abstract>
    <dbpedia-owl:abstract xml:lang="ru">Джон Э́веретт Милле́ — крупный английский живописец, один из основателей Братства прерафаэлитов.</dbpedia-owl:abstract>
    <dbpedia-owl:abstract xml:lang="sv">Sir John Everett Millais, född 8 juni 1829 i Southampton, Hampshire, död 13 augusti 1896 i Kensington, London, var en brittisk målare, tillsammans med William Holman Hunt och Dante Gabriel Rossetti grundare av det Prerafaelitiska brödraskapet 1848. Millais vänskap med John Ruskin slutade med hans giftermål med Ruskins före detta hustru. Millais utvecklades så småningom i riktning från Ruskins och prerafaeliternas idéer och blev sin tids störste akademiske målare och president för Royal Academy. Hans ungdomsverk Jesus i sina föräldrars hus (1850) orsakade skandal genom den realistiska framställningen av den heliga familjen.</dbpedia-owl:abstract>
    <dbpedia-owl:abstract xml:lang="en">Sir John Everett Millais, 1st Baronet, PRA was an English painter and illustrator and one of the founders of the Pre-Raphaelite Brotherhood.</dbpedia-owl:abstract>
    <dbpedia-owl:abstract xml:lang="fr">John Everett Millais, 1 baronnet, est un peintre et illustrateur britannique préraphaélite.</dbpedia-owl:abstract>
    <dbpedia-owl:abstract xml:lang="es">Sir John Everett Millais, fue un pintor e ilustrador británico, uno de los miembros fundadores de la Hermandad Prerrafaelita.</dbpedia-owl:abstract>
    <dbpedia-owl:abstract xml:lang="zh">約翰·艾佛雷特·米萊（John Everett Millais，1829年6月8日－1896年8月13日），英國畫家與插圖畫家，也是前拉斐爾派的創始人之一。</dbpedia-owl:abstract>
    <dbpedia-owl:abstract xml:lang="pt">&#39; SIR John Everett Millais,1. º Baronete foi um pintor e ilustrador inglês. Fundou, juntamente com Dante Gabriel Rossetti e William Holman Hunt, em 1848, a Irmandade Pré-Rafaelita, um grupo artístico entre o espírito revivalista do romantismo e as novas vanguardas do século XX.</dbpedia-owl:abstract>
    <dbpedia-owl:abstract xml:lang="nl">John Everett Millais was een Britse schilder en tekenaar. Hij was één van de oprichters van de kunstenaarsvereniging Pre-Raphaelite Brotherhood. Millais was tijdens zijn leven een van de meest succesvolle schilders van het Victoriaanse Groot-Brittannië.</dbpedia-owl:abstract>
    <dbpedia-owl:abstract xml:lang="pl">Sir John Everett Millais − brytyjski malarz i ilustrator. Był wybitnie utalentowanym dzieckiem, malował już w wieku czterech lat. Mając lat jedenaście podjął studia w Royal Academy, gdzie ze względu na wiek nazywany był The Child (Dzieciak). W roku 1848 wraz z Dante Gabrielem Rossettim i Williamem Holmanem Huntem założył Bractwo Prerafaelitów. Jedna z jego prac z okresu działalności wśród prerafaelitów, Chrystus w domu swoich Rodziców, charakteryzowała się dużym realizmem, wywołała sprzeciw i oburzenie. W 1852 Millais wystawił Ofelię, która przyniosła mu sukces. Malarz zastosował tu technikę nakładania farby na jeszcze wilgotne podłoże, by uwypuklić świetliste odcienie i konkretne szczegóły. W 1855 artysta poślubił Effie Gray, byłą żonę krytyka sztuki Johna Ruskina. Jej rozwód wywołał wielki skandal, w związku z czym małżeństwo wyjechało na kilka lat do Szkocji. Po powrocie do Anglii w 1862 styl Millaisa uległ zmianie. Artysta starał się zarzucić surowość tematyczną i stylistyczną na rzecz konwencjonalnego malarstwa epoki wiktoriańskiej. Przyczyną zmian była najprawdopodobniej Effie Gray, która wymagała od męża, by malował szybciej i na bardziej popularne tematy. Wiązało się to z koniecznością zapewnienia utrzymania szybko powiększającej się rodzinie, małżonkowie dochowali się ośmiorga dzieci. W 1863 Millais został członkiem rzeczywistym Royal Academy, malował obrazy historyczne i portrety, także dziecięce. Do końca życia cieszył się znaczną popularnością, w 1896 niecałe pół roku przed śmiercią został wybrany przewodniczącym Royal Academy.</dbpedia-owl:abstract>
    <dbpedia-owl:abstract xml:lang="de">John Everett Millais [ˈmilɛː] war ein britischer Maler aus dem Kreis der Präraffaeliten. Millais war der erste Künstler, dem der erbliche Titel Baronet verliehen wurde.</dbpedia-owl:abstract>
    <dbpedia-owl:abstract xml:lang="it"></dbpedia-owl:abstract>
    <dbpedia-owl:birthDate rdf:datatype="http://www.w3.org/2001/XMLSchema#date">1829-06-08</dbpedia-owl:birthDate>
    <dbpedia-owl:birthPlace rdf:resource="http://dbpedia.org/resource/England" />
    <dbpedia-owl:birthPlace rdf:resource="http://dbpedia.org/resource/Southampton" />
    <dbpedia-owl:deathDate rdf:datatype="http://www.w3.org/2001/XMLSchema#date">1896-08-13</dbpedia-owl:deathDate>
    <dbpedia-owl:deathPlace rdf:resource="http://dbpedia.org/resource/Kensington" />
    <dbpedia-owl:field rdf:resource="http://dbpedia.org/resource/Painting" />
    <dbpedia-owl:field rdf:resource="http://dbpedia.org/resource/Printmaking" />
    <dbpedia-owl:field rdf:resource="http://dbpedia.org/resource/Drawing" />
    <dbpedia-owl:movement rdf:resource="http://dbpedia.org/resource/Pre-Raphaelite_Brotherhood" />
    <dbpedia-owl:training rdf:resource="http://dbpedia.org/resource/Royal_Academy_of_Arts" />
    <dbpedia-owl:wikiPageID rdf:datatype="http://www.w3.org/2001/XMLSchema#integer">103152</dbpedia-owl:wikiPageID>
    <dbpedia-owl:wikiPageRevisionID rdf:datatype="http://www.w3.org/2001/XMLSchema#integer">547521027</dbpedia-owl:wikiPageRevisionID>
    <rdfs:label xml:lang="zh">約翰·艾佛雷特·米萊</rdfs:label>
    <rdfs:label xml:lang="ja">ジョン・エヴァレット・ミレー</rdfs:label>
    <rdfs:label xml:lang="it">John Everett Millais</rdfs:label>
    <rdfs:label xml:lang="ru">Милле, Джон Эверетт</rdfs:label>
    <rdfs:label xml:lang="nl">John Everett Millais</rdfs:label>
    <rdfs:label xml:lang="pt">John Everett Millais</rdfs:label>
    <rdfs:label xml:lang="pl">John Everett Millais</rdfs:label>
    <rdfs:label xml:lang="fr">John Everett Millais</rdfs:label>
    <rdfs:label xml:lang="en">John Everett Millais</rdfs:label>
    <rdfs:label xml:lang="es">John Everett Millais</rdfs:label>
    <rdfs:label xml:lang="sv">John Everett Millais</rdfs:label>
    <rdfs:label xml:lang="de">John Everett Millais</rdfs:label>
    <foaf:depiction rdf:resource="http://upload.wikimedia.org/wikipedia/commons/7/7b/John_everett_millais.jpg" />
    <rdfs:comment xml:lang="de">John Everett Millais [ˈmilɛː] war ein britischer Maler aus dem Kreis der Präraffaeliten. Millais war der erste Künstler, dem der erbliche Titel Baronet verliehen wurde.</rdfs:comment>
    <rdfs:comment xml:lang="sv">Sir John Everett Millais, född 8 juni 1829 i Southampton, Hampshire, död 13 augusti 1896 i Kensington, London, var en brittisk målare, tillsammans med William Holman Hunt och Dante Gabriel Rossetti grundare av det Prerafaelitiska brödraskapet 1848. Millais vänskap med John Ruskin slutade med hans giftermål med Ruskins före detta hustru. Millais utvecklades så småningom i riktning från Ruskins och prerafaeliternas idéer och blev sin tids störste akademiske målare och president för Royal Academy.</rdfs:comment>
    <rdfs:comment xml:lang="en">Sir John Everett Millais, 1st Baronet, PRA was an English painter and illustrator and one of the founders of the Pre-Raphaelite Brotherhood.</rdfs:comment>
    <rdfs:comment xml:lang="it"></rdfs:comment>
    <rdfs:comment xml:lang="ja">サー・ジョン・エヴァレット・ミレー（Sir John Everett Millais, 1829年6月8日 － 1896年8月13日）は、19世紀のイギリスの画家。ラファエル前派の一員に数えられる。ミレイと表記されることも多い。</rdfs:comment>
    <rdfs:comment xml:lang="es">Sir John Everett Millais, fue un pintor e ilustrador británico, uno de los miembros fundadores de la Hermandad Prerrafaelita.</rdfs:comment>
    <rdfs:comment xml:lang="ru">Джон Э́веретт Милле́ — крупный английский живописец, один из основателей Братства прерафаэлитов.</rdfs:comment>
    <rdfs:comment xml:lang="zh">約翰·艾佛雷特·米萊（John Everett Millais，1829年6月8日－1896年8月13日），英國畫家與插圖畫家，也是前拉斐爾派的創始人之一。</rdfs:comment>
    <rdfs:comment xml:lang="pt">&#39; SIR John Everett Millais,1. º Baronete foi um pintor e ilustrador inglês. Fundou, juntamente com Dante Gabriel Rossetti e William Holman Hunt, em 1848, a Irmandade Pré-Rafaelita, um grupo artístico entre o espírito revivalista do romantismo e as novas vanguardas do século XX.</rdfs:comment>
    <rdfs:comment xml:lang="nl">John Everett Millais was een Britse schilder en tekenaar. Hij was één van de oprichters van de kunstenaarsvereniging Pre-Raphaelite Brotherhood. Millais was tijdens zijn leven een van de meest succesvolle schilders van het Victoriaanse Groot-Brittannië.</rdfs:comment>
    <rdfs:comment xml:lang="fr">John Everett Millais, 1 baronnet, est un peintre et illustrateur britannique préraphaélite.</rdfs:comment>
    <rdfs:comment xml:lang="pl">Sir John Everett Millais − brytyjski malarz i ilustrator. Był wybitnie utalentowanym dzieckiem, malował już w wieku czterech lat. Mając lat jedenaście podjął studia w Royal Academy, gdzie ze względu na wiek nazywany był The Child (Dzieciak). W roku 1848 wraz z Dante Gabrielem Rossettim i Williamem Holmanem Huntem założył Bractwo Prerafaelitów.</rdfs:comment>
    <foaf:name xml:lang="en">Sir John Everett Millais, Bt</foaf:name>
    <foaf:name xml:lang="en">John Everett Millais</foaf:name>
    <dbpedia-owl:thumbnail rdf:resource="http://upload.wikimedia.org/wikipedia/commons/thumb/7/7b/John_everett_millais.jpg/200px-John_everett_millais.jpg" />
    <dbpedia-owl:wikiPageExternalLink rdf:resource="http://www.tate.org.uk/tateetc/issue11/familyaffair.htm" />
    <dbpedia-owl:wikiPageExternalLink rdf:resource="http://www.tate.org.uk/ophelia/" />
    <dbpedia-owl:wikiPageExternalLink rdf:resource="http://www.tate.org.uk/tateetc/issue11/poeticencounters.htm" />
    <dbpedia-owl:wikiPageExternalLink rdf:resource="http://www.artrenewal.org/asp/database/art.asp?aid=77" />
    <dbpedia-owl:wikiPageExternalLink rdf:resource="http://www.millais.info/" />
    <dbpedia-owl:wikiPageExternalLink rdf:resource="http://entertainment.timesonline.co.uk/tol/arts_and_entertainment/the_tls/article2730770.ece" />
    <dbpedia-owl:wikiPageExternalLink rdf:resource="http://www.liverpoolmuseums.org.uk/online/featuredartists/millais/" />
    <dbpedia-owl:wikiPageExternalLink rdf:resource="http://www.preraphaelites.org/the-collection/artist-biography/john-everett-millais/" />
    <dbpedia-owl:wikiPageExternalLink rdf:resource="http://smarthistory.khanacademy.org/sir-john-everett-millais-christ-in-the-house-of-his-parents.html" />
    <dbpedia-owl:wikiPageExternalLink rdf:resource="http://smarthistory.khanacademy.org/sir-john-everett-millais-ophelia.html" />
    <dbpedia-owl:wikiPageExternalLink rdf:resource="http://www.archive.org/details/lifeandlettersof000613mbp" />
    <dbpedia-owl:wikiPageExternalLink rdf:resource="http://smarthistory.khanacademy.org/millais-mariana.html" />
    <dbpedia-owl:wikiPageExternalLink rdf:resource="http://smarthistory.khanacademy.org/millais-the-vale-of-rest.html" />
    <dbpedia-owl:wikiPageExternalLink rdf:resource="http://www.archive.org/details/lifelettersofsir01milliala" />
    <dbpedia-owl:wikiPageExternalLink rdf:resource="http://farm3.static.flickr.com/2278/1807198227_0cd3840f2e_o.jpg" />
    <dbpedia-owl:wikiPageExternalLink rdf:resource="http://pre-raphs.bmagonline.org/" />
    <dbpedia-owl:wikiPageExternalLink rdf:resource="http://www.archive.org/details/sirjohneverettmi00baldrich" />
    <dbpedia-owl:wikiPageExternalLink rdf:resource="http://smarthistory.org/blog/89/two-paintings-by-the-pre-raphaelite-john-everett-millais" />
    <dbpedia-owl:wikiPageExternalLink rdf:resource="http://www.all-art.org/neoclasscism/millais1.html" />
    <dbpedia-owl:wikiPageExternalLink rdf:resource="http://www.worldcat.org/oclc/18463706&amp;referer=brief_results" />
    <dbpprop:align xml:lang="en">right</dbpprop:align>
    <dbpprop:bgcolour xml:lang="en">#6495ED</dbpprop:bgcolour>
    <dbpprop:birthDate rdf:datatype="http://www.w3.org/2001/XMLSchema#date">1829-06-08</dbpprop:birthDate>
    <dbpprop:birthPlace xml:lang="en">Southampton, England</dbpprop:birthPlace>
    <dbpprop:dateOfBirth rdf:datatype="http://www.w3.org/2001/XMLSchema#integer">8</dbpprop:dateOfBirth>
    <dbpprop:dateOfDeath rdf:datatype="http://www.w3.org/2001/XMLSchema#integer">13</dbpprop:dateOfDeath>
    <dbpprop:deathDate rdf:datatype="http://www.w3.org/2001/XMLSchema#date">1896-08-13</dbpprop:deathDate>
    <dbpprop:deathPlace xml:lang="en">Kensington, London</dbpprop:deathPlace>
    <dbpprop:field rdf:resource="http://dbpedia.org/resource/Painting" />
    <dbpprop:field rdf:resource="http://dbpedia.org/resource/Printmaking" />
    <dbpprop:field rdf:resource="http://dbpedia.org/resource/Drawing" />
    <dbpprop:imagesize rdf:datatype="http://www.w3.org/2001/XMLSchema#integer">280</dbpprop:imagesize>
    <dbpprop:movement rdf:resource="http://dbpedia.org/resource/Pre-Raphaelite_Brotherhood" />
    <dbpprop:name xml:lang="en">Millais, John Everett</dbpprop:name>
    <dbpprop:name xml:lang="en">Sir John Everett Millais, Bt</dbpprop:name>
    <dbpprop:placeOfBirth xml:lang="en">Southampton, England</dbpprop:placeOfBirth>
    <dbpprop:placeOfDeath xml:lang="en">Kensington, London</dbpprop:placeOfDeath>
    <dbpprop:shortDescription xml:lang="en">Pre-Raphaelite artist</dbpprop:shortDescription>
    <dbpprop:title xml:lang="en">&#39;&#39;&#39;</dbpprop:title>
    <dbpprop:title rdf:resource="http://dbpedia.org/resource/Millais_baronets" />
    <dbpprop:title rdf:resource="http://dbpedia.org/resource/Royal_Academy_of_Arts" />
    <dbpprop:training rdf:resource="http://dbpedia.org/resource/Royal_Academy_of_Arts" />
    <dbpprop:video xml:lang="en">Millais&#39; The Vale of Rest, all from Smarthistory</dbpprop:video>
    <dbpprop:video rdf:resource="http://smarthistory.khanacademy.org/millais-mariana.html" />
    <dbpprop:video rdf:resource="http://smarthistory.khanacademy.org/sir-john-everett-millais-ophelia.html" />
    <dbpprop:video rdf:resource="http://smarthistory.khanacademy.org/sir-john-everett-millais-christ-in-the-house-of-his-parents.html" />
    <dbpprop:width rdf:datatype="http://www.w3.org/2001/XMLSchema#integer">210</dbpprop:width>
    <dbpprop:works rdf:resource="http://dbpedia.org/resource/Ophelia_(painting)" />
    <dbpprop:works rdf:resource="http://dbpedia.org/resource/Christ_in_the_House_of_His_Parents" />
    <dbpprop:years xml:lang="en">&#39;&#39;&#39;1885–1896</dbpprop:years>
    <dbpprop:years rdf:datatype="http://www.w3.org/2001/XMLSchema#integer">1896</dbpprop:years>
    <dbpprop:wordnet_type rdf:resource="http://www.w3.org/2006/03/wn/wn20/instances/synset-artist-noun-1" />
    <foaf:givenName xml:lang="en">John Everett</foaf:givenName>
    <foaf:isPrimaryTopicOf rdf:resource="http://en.wikipedia.org/wiki/John_Everett_Millais" />
    <dc:description xml:lang="en">Pre-Raphaelite artist</dc:description>
    <ns8:wasDerivedFrom rdf:resource="http://en.wikipedia.org/wiki/John_Everett_Millais?oldid=547521027" />
    <dbpprop:hasPhotoCollection rdf:resource="http://wifo5-03.informatik.uni-mannheim.de/flickrwrappr/photos/John_Everett_Millais" />
    <dbpprop:headerimage rdf:datatype="http://www.w3.org/2001/XMLSchema#integer">210</dbpprop:headerimage>
    <foaf:surname xml:lang="en">Millais</foaf:surname>
  </rdf:Description>
  <rdf:Description rdf:about="http://dbpedia.org/resource/Ophelia_(painting)">
    <dbpedia-owl:author rdf:resource="http://dbpedia.org/resource/John_Everett_Millais" />
    <dbpprop:artist rdf:resource="http://dbpedia.org/resource/John_Everett_Millais" />
  </rdf:Description>
  <rdf:Description rdf:about="http://dbpedia.org/resource/Millais">
    <dbpedia-owl:wikiPageRedirects rdf:resource="http://dbpedia.org/resource/John_Everett_Millais" />
  </rdf:Description>
  <rdf:Description rdf:about="http://dbpedia.org/resource/The_Order_of_Release">
    <dbpedia-owl:author rdf:resource="http://dbpedia.org/resource/John_Everett_Millais" />
    <dbpprop:artist rdf:resource="http://dbpedia.org/resource/John_Everett_Millais" />
  </rdf:Description>
  <rdf:Description rdf:about="http://dbpedia.org/resource/Victory_O_Lord!">
    <dbpedia-owl:author rdf:resource="http://dbpedia.org/resource/John_Everett_Millais" />
    <dbpprop:artist rdf:resource="http://dbpedia.org/resource/John_Everett_Millais" />
  </rdf:Description>
  <rdf:Description rdf:about="http://dbpedia.org/resource/John_Everett,_1st_Baronet_Millais">
    <dbpedia-owl:wikiPageRedirects rdf:resource="http://dbpedia.org/resource/John_Everett_Millais" />
  </rdf:Description>
  <rdf:Description rdf:about="http://en.wikipedia.org/wiki/John_Everett_Millais">
    <foaf:primaryTopic rdf:resource="http://dbpedia.org/resource/John_Everett_Millais" />
  </rdf:Description>
  <rdf:Description rdf:about="http://dbpedia.org/resource/The_Black_Brunswicker_(Millais)">
    <dbpedia-owl:author rdf:resource="http://dbpedia.org/resource/John_Everett_Millais" />
    <dbpprop:artist rdf:resource="http://dbpedia.org/resource/John_Everett_Millais" />
  </rdf:Description>
  <rdf:Description rdf:about="http://nl.dbpedia.org/resource/John_Everett_Millais">
    <owl:sameAs rdf:resource="http://dbpedia.org/resource/John_Everett_Millais" />
  </rdf:Description>
  <rdf:Description rdf:about="http://eu.dbpedia.org/resource/John_Everett_Millais">
    <owl:sameAs rdf:resource="http://dbpedia.org/resource/John_Everett_Millais" />
  </rdf:Description>
  <rdf:Description rdf:about="http://wikidata.dbpedia.org/resource/Q159606">
    <owl:sameAs rdf:resource="http://dbpedia.org/resource/John_Everett_Millais" />
  </rdf:Description>
  <rdf:Description rdf:about="http://zh.dbpedia.org/resource/約翰·艾佛雷特·米萊">
    <owl:sameAs rdf:resource="http://dbpedia.org/resource/John_Everett_Millais" />
  </rdf:Description>
  <rdf:Description rdf:about="http://an.dbpedia.org/resource/John_Everett_Millais">
    <owl:sameAs rdf:resource="http://dbpedia.org/resource/John_Everett_Millais" />
  </rdf:Description>
  <rdf:Description rdf:about="http://be.dbpedia.org/resource/Джон_Эверэт_Міле">
    <owl:sameAs rdf:resource="http://dbpedia.org/resource/John_Everett_Millais" />
  </rdf:Description>
  <rdf:Description rdf:about="http://bg.dbpedia.org/resource/Джон_Миле">
    <owl:sameAs rdf:resource="http://dbpedia.org/resource/John_Everett_Millais" />
  </rdf:Description>
  <rdf:Description rdf:about="http://ca.dbpedia.org/resource/John_Everett_Millais">
    <owl:sameAs rdf:resource="http://dbpedia.org/resource/John_Everett_Millais" />
  </rdf:Description>
  <rdf:Description rdf:about="http://da.dbpedia.org/resource/John_Everett_Millais">
    <owl:sameAs rdf:resource="http://dbpedia.org/resource/John_Everett_Millais" />
  </rdf:Description>
  <rdf:Description rdf:about="http://fi.dbpedia.org/resource/John_Everett_Millais">
    <owl:sameAs rdf:resource="http://dbpedia.org/resource/John_Everett_Millais" />
  </rdf:Description>
  <rdf:Description rdf:about="http://he.dbpedia.org/resource/ג&#39;ון_אוורט_מיליי">
    <owl:sameAs rdf:resource="http://dbpedia.org/resource/John_Everett_Millais" />
  </rdf:Description>
  <rdf:Description rdf:about="http://hu.dbpedia.org/resource/John_Everett_Millais">
    <owl:sameAs rdf:resource="http://dbpedia.org/resource/John_Everett_Millais" />
  </rdf:Description>
  <rdf:Description rdf:about="http://id.dbpedia.org/resource/John_Everett_Millais">
    <owl:sameAs rdf:resource="http://dbpedia.org/resource/John_Everett_Millais" />
  </rdf:Description>
  <rdf:Description rdf:about="http://nn.dbpedia.org/resource/John_Everett_Millais">
    <owl:sameAs rdf:resource="http://dbpedia.org/resource/John_Everett_Millais" />
  </rdf:Description>
  <rdf:Description rdf:about="http://no.dbpedia.org/resource/John_Everett_Millais">
    <owl:sameAs rdf:resource="http://dbpedia.org/resource/John_Everett_Millais" />
  </rdf:Description>
  <rdf:Description rdf:about="http://pms.dbpedia.org/resource/John_Everett_Millais">
    <owl:sameAs rdf:resource="http://dbpedia.org/resource/John_Everett_Millais" />
  </rdf:Description>
  <rdf:Description rdf:about="http://ro.dbpedia.org/resource/John_Everett_Millais">
    <owl:sameAs rdf:resource="http://dbpedia.org/resource/John_Everett_Millais" />
  </rdf:Description>
  <rdf:Description rdf:about="http://sh.dbpedia.org/resource/John_Everett_Millais">
    <owl:sameAs rdf:resource="http://dbpedia.org/resource/John_Everett_Millais" />
  </rdf:Description>
  <rdf:Description rdf:about="http://simple.dbpedia.org/resource/John_Everett_Millais">
    <owl:sameAs rdf:resource="http://dbpedia.org/resource/John_Everett_Millais" />
  </rdf:Description>
  <rdf:Description rdf:about="http://sr.dbpedia.org/resource/Џон_Еверет_Миле">
    <owl:sameAs rdf:resource="http://dbpedia.org/resource/John_Everett_Millais" />
  </rdf:Description>
  <rdf:Description rdf:about="http://sv.dbpedia.org/resource/John_Everett_Millais">
    <owl:sameAs rdf:resource="http://dbpedia.org/resource/John_Everett_Millais" />
  </rdf:Description>
  <rdf:Description rdf:about="http://th.dbpedia.org/resource/จอห์น_เอเวอเรตต์_มิเล">
    <owl:sameAs rdf:resource="http://dbpedia.org/resource/John_Everett_Millais" />
  </rdf:Description>
  <rdf:Description rdf:about="http://tr.dbpedia.org/resource/John_Everett_Millais">
    <owl:sameAs rdf:resource="http://dbpedia.org/resource/John_Everett_Millais" />
  </rdf:Description>
  <rdf:Description rdf:about="http://be_x_old.dbpedia.org/resource/Джон_Эвэрэт_Мілэй">
    <owl:sameAs rdf:resource="http://dbpedia.org/resource/John_Everett_Millais" />
  </rdf:Description>
  <rdf:Description rdf:about="http://nrm.dbpedia.org/resource/John_Everett_Millais">
    <owl:sameAs rdf:resource="http://dbpedia.org/resource/John_Everett_Millais" />
  </rdf:Description>
  <rdf:Description rdf:about="http://vep.dbpedia.org/resource/Mille_Džon_Everett">
    <owl:sameAs rdf:resource="http://dbpedia.org/resource/John_Everett_Millais" />
  </rdf:Description>
</rdf:RDF>
