<?xml version="1.0" encoding="utf-8" ?>
<rdf:RDF
	xmlns:rdf="http://www.w3.org/1999/02/22-rdf-syntax-ns#"
	xmlns:rdfs="http://www.w3.org/2000/01/rdf-schema#"
	xmlns:owl="http://www.w3.org/2002/07/owl#"
	xmlns:dcterms="http://purl.org/dc/terms/"
	xmlns:dbpedia-owl="http://dbpedia.org/ontology/"
	xmlns:foaf="http://xmlns.com/foaf/0.1/"
	xmlns:dbpprop="http://dbpedia.org/property/"
	xmlns:ns7="http://www.w3.org/ns/prov#" >
  <rdf:Description rdf:about="http://dbpedia.org/resource/Bardia_Mural">
    <dbpprop:artist rdf:resource="http://dbpedia.org/resource/John_Frederick_Brill" />
  </rdf:Description>
  <rdf:Description rdf:about="http://dbpedia.org/resource/John_Frederick_Brill">
    <rdf:type rdf:resource="http://dbpedia.org/class/yago/PhysicalEntity100001930" />
    <rdf:type rdf:resource="http://dbpedia.org/class/yago/Creator109614315" />
    <rdf:type rdf:resource="http://xmlns.com/foaf/0.1/Person" />
    <rdf:type rdf:resource="http://dbpedia.org/class/yago/Artist109812338" />
    <rdf:type rdf:resource="http://dbpedia.org/class/yago/BritishMuralists" />
    <rdf:type rdf:resource="http://dbpedia.org/class/yago/Intellectual109621545" />
    <rdf:type rdf:resource="http://dbpedia.org/class/yago/Scholar110557854" />
    <rdf:type rdf:resource="http://dbpedia.org/class/yago/Painter110391653" />
    <rdf:type rdf:resource="http://dbpedia.org/class/yago/Alumnus109786338" />
    <rdf:type rdf:resource="http://dbpedia.org/class/yago/Person100007846" />
    <rdf:type rdf:resource="http://dbpedia.org/class/yago/AlumniOfTheRoyalCollegeOfArt" />
    <rdf:type rdf:resource="http://dbpedia.org/class/yago/CausalAgent100007347" />
    <rdf:type rdf:resource="http://dbpedia.org/class/yago/Whole100003553" />
    <rdf:type rdf:resource="http://dbpedia.org/class/yago/Organism100004475" />
    <rdf:type rdf:resource="http://dbpedia.org/class/yago/YagoLegalActor" />
    <rdf:type rdf:resource="http://dbpedia.org/class/yago/Muralist110338498" />
    <rdf:type rdf:resource="http://dbpedia.org/class/yago/YagoLegalActorGeo" />
    <rdf:type rdf:resource="http://dbpedia.org/class/yago/LivingThing100004258" />
    <rdf:type rdf:resource="http://dbpedia.org/class/yago/AlumniOfTheUniversityOfWestminster" />
    <rdf:type rdf:resource="http://dbpedia.org/class/yago/Object100002684" />
    <owl:sameAs rdf:resource="http://www.wikidata.org/entity/Q6234105" />
    <owl:sameAs rdf:resource="http://yago-knowledge.org/resource/John_Frederick_Brill" />
    <owl:sameAs rdf:resource="http://rdf.freebase.com/ns/m.0dfnjw" />
    <owl:sameAs rdf:resource="http://dbpedia.org/resource/John_Frederick_Brill" />
    <dcterms:subject rdf:resource="http://dbpedia.org/resource/Category:British_muralists" />
    <dcterms:subject rdf:resource="http://dbpedia.org/resource/Category:Alumni_of_the_Royal_College_of_Art" />
    <dcterms:subject rdf:resource="http://dbpedia.org/resource/Category:1942_deaths" />
    <dcterms:subject rdf:resource="http://dbpedia.org/resource/Category:Alumni_of_the_University_of_Westminster" />
    <dbpedia-owl:abstract xml:lang="en">John Frederick Brill (died 1942) was an English soldier and painter who created the Bardia Mural. A photograph of John Brill painting his mother can be found here. On 1 July 1942, the Axis launched an attack with the target being the capture of Alexandria, which was to become known as the First battle of El Alamein. The allied forces fought hard and the line held until the evening of that day. It was also on that day that John Frederick Brill, who was a Private in the British Army, 5th Battalion of the East Yorkshire Regiment, died at the age of just 22. On 21 April 1942, some 9 weeks earlier he signed the Bardia Mural, which he is said to have created, depicting his memories of home. Some might say it depicts the memories of the world he would die to protect. He was buried at the El Alamein War Cemetery.</dbpedia-owl:abstract>
    <dbpedia-owl:wikiPageID rdf:datatype="http://www.w3.org/2001/XMLSchema#integer">5324595</dbpedia-owl:wikiPageID>
    <dbpedia-owl:wikiPageRevisionID rdf:datatype="http://www.w3.org/2001/XMLSchema#integer">450882548</dbpedia-owl:wikiPageRevisionID>
    <rdfs:label xml:lang="en">John Frederick Brill</rdfs:label>
    <rdfs:comment xml:lang="en">John Frederick Brill (died 1942) was an English soldier and painter who created the Bardia Mural. A photograph of John Brill painting his mother can be found here. On 1 July 1942, the Axis launched an attack with the target being the capture of Alexandria, which was to become known as the First battle of El Alamein. The allied forces fought hard and the line held until the evening of that day.</rdfs:comment>
    <foaf:name xml:lang="en">John Frederick Brill</foaf:name>
    <dbpedia-owl:wikiPageExternalLink rdf:resource="http://www.don-simmonds.co.uk/" />
    <dbpprop:dateOfDeath rdf:datatype="http://www.w3.org/2001/XMLSchema#integer">1942</dbpprop:dateOfDeath>
    <dbpprop:name xml:lang="en">Brill, John Frederick</dbpprop:name>
    <foaf:givenName xml:lang="en">John Frederick</foaf:givenName>
    <foaf:isPrimaryTopicOf rdf:resource="http://en.wikipedia.org/wiki/John_Frederick_Brill" />
    <ns7:wasDerivedFrom rdf:resource="http://en.wikipedia.org/wiki/John_Frederick_Brill?oldid=450882548" />
    <dbpprop:hasPhotoCollection rdf:resource="http://wifo5-03.informatik.uni-mannheim.de/flickrwrappr/photos/John_Frederick_Brill" />
    <foaf:surname xml:lang="en">Brill</foaf:surname>
  </rdf:Description>
  <rdf:Description rdf:about="http://en.wikipedia.org/wiki/John_Frederick_Brill">
    <foaf:primaryTopic rdf:resource="http://dbpedia.org/resource/John_Frederick_Brill" />
  </rdf:Description>
  <rdf:Description rdf:about="http://wikidata.dbpedia.org/resource/Q6234105">
    <owl:sameAs rdf:resource="http://dbpedia.org/resource/John_Frederick_Brill" />
  </rdf:Description>
</rdf:RDF>
