<?xml version="1.0" encoding="utf-8" ?>
<rdf:RDF
	xmlns:rdf="http://www.w3.org/1999/02/22-rdf-syntax-ns#"
	xmlns:rdfs="http://www.w3.org/2000/01/rdf-schema#"
	xmlns:owl="http://www.w3.org/2002/07/owl#"
	xmlns:dcterms="http://purl.org/dc/terms/"
	xmlns:dbpedia-owl="http://dbpedia.org/ontology/"
	xmlns:foaf="http://xmlns.com/foaf/0.1/"
	xmlns:dbpprop="http://dbpedia.org/property/"
	xmlns:ns7="http://www.w3.org/ns/prov#" >
  <rdf:Description rdf:about="http://dbpedia.org/resource/José_Rodrigues">
    <owl:sameAs rdf:resource="http://dbpedia.org/resource/Jos%C3%A9_Rodrigues" />
  </rdf:Description>
  <rdf:Description rdf:about="http://en.wikipedia.org/wiki/José_Rodrigues">
    <foaf:primaryTopic rdf:resource="http://dbpedia.org/resource/Jos%C3%A9_Rodrigues" />
  </rdf:Description>
  <rdf:Description rdf:about="http://dbpedia.org/resource/Jos%C3%A9_Rodrigues">
    <rdf:type rdf:resource="http://dbpedia.org/class/yago/PeopleFromLisbon" />
    <rdf:type rdf:resource="http://xmlns.com/foaf/0.1/Person" />
    <rdf:type rdf:resource="http://dbpedia.org/class/yago/Artist109812338" />
    <rdf:type rdf:resource="http://dbpedia.org/class/yago/Object100002684" />
    <rdf:type rdf:resource="http://dbpedia.org/ontology/Artist" />
    <rdf:type rdf:resource="http://dbpedia.org/ontology/Agent" />
    <rdf:type rdf:resource="http://www.w3.org/2002/07/owl#Thing" />
    <rdf:type rdf:resource="http://dbpedia.org/ontology/Person" />
    <rdf:type rdf:resource="http://dbpedia.org/class/yago/Person100007846" />
    <rdf:type rdf:resource="http://dbpedia.org/class/yago/Whole100003553" />
    <rdf:type rdf:resource="http://dbpedia.org/class/yago/LivingThing100004258" />
    <rdf:type rdf:resource="http://dbpedia.org/class/yago/Painter110391653" />
    <rdf:type rdf:resource="http://dbpedia.org/class/yago/PortuguesePainters" />
    <rdf:type rdf:resource="http://dbpedia.org/class/yago/PhysicalEntity100001930" />
    <rdf:type rdf:resource="http://dbpedia.org/class/yago/YagoLegalActorGeo" />
    <rdf:type rdf:resource="http://dbpedia.org/class/yago/19th-centuryPortuguesePeople" />
    <rdf:type rdf:resource="http://schema.org/Person" />
    <rdf:type rdf:resource="http://dbpedia.org/class/yago/CausalAgent100007347" />
    <rdf:type rdf:resource="http://dbpedia.org/class/yago/Organism100004475" />
    <rdf:type rdf:resource="http://dbpedia.org/class/yago/YagoLegalActor" />
    <rdf:type rdf:resource="http://dbpedia.org/class/yago/Creator109614315" />
    <owl:sameAs rdf:resource="http://yago-knowledge.org/resource/José_Rodrigues" />
    <owl:sameAs rdf:resource="http://dbpedia.org/resource/Jos%C3%A9_Rodrigues" />
    <owl:sameAs rdf:resource="http://pt.dbpedia.org/resource/José_Rodrigues" />
    <owl:sameAs rdf:resource="http://pl.dbpedia.org/resource/José_Rodrigues" />
    <owl:sameAs rdf:resource="http://www.wikidata.org/entity/Q2837500" />
    <owl:sameAs rdf:resource="http://cs.dbpedia.org/resource/José_Rodrigues" />
    <owl:sameAs rdf:resource="http://rdf.freebase.com/ns/m.03hk59m" />
    <owl:sameAs rdf:resource="http://fr.dbpedia.org/resource/José_Rodrigues" />
    <owl:sameAs rdf:resource="http://es.dbpedia.org/resource/José_Rodrigues" />
    <dcterms:subject rdf:resource="http://dbpedia.org/resource/Category:1887_deaths" />
    <dcterms:subject rdf:resource="http://dbpedia.org/resource/Category:People_from_Lisbon" />
    <dcterms:subject rdf:resource="http://dbpedia.org/resource/Category:Paintings_by_Jos%C3%A9_Rodrigues" />
    <dcterms:subject rdf:resource="http://dbpedia.org/resource/Category:19th-century_Portuguese_people" />
    <dcterms:subject rdf:resource="http://dbpedia.org/resource/Category:Portuguese_painters" />
    <dcterms:subject rdf:resource="http://dbpedia.org/resource/Category:1828_births" />
    <dbpedia-owl:abstract xml:lang="pl">José Rodrigues de Carvalho – portugalski malarz romantyczny. Jego najbardziej znane dzieło to O Cego Rabequista z 1855 roku.</dbpedia-owl:abstract>
    <dbpedia-owl:abstract xml:lang="es">José Rodrigues fue un pintor portugués del romanticismo nacido en Lisboa el 16 de julio de 1828 y fallecido en Lisboa el 19 de octubre de 1887.</dbpedia-owl:abstract>
    <dbpedia-owl:abstract xml:lang="pt">José Rodrigues de Carvalho foi um pintor português da época romântica. Considerada a sua obra mais famosa, O cego rabequista, pintada em 1855, foi exibida na Exposição Universal de Paris em 1855 e na Exposição Internacional do Porto em 1865, conquistando o segundo lugar.</dbpedia-owl:abstract>
    <dbpedia-owl:abstract xml:lang="en">José Rodrigues de Carvalho (Lisbon, July 16 - 1828 — Lisbon, October 19, 1887) was a Portuguese painter. Considered his most famous work, O Pobre Rabequista (The poor rabequista), painted in 1855, was first shown in Paris at the Universal Exhibition in 1855 and at the International Exposition of Porto in 1865, where he won the second award.</dbpedia-owl:abstract>
    <dbpedia-owl:award rdf:resource="http://dbpedia.org/resource/Maria_II_of_Portugal" />
    <dbpedia-owl:birthDate rdf:datatype="http://www.w3.org/2001/XMLSchema#date">1828-07-16</dbpedia-owl:birthDate>
    <dbpedia-owl:birthPlace rdf:resource="http://dbpedia.org/resource/Lisbon" />
    <dbpedia-owl:birthPlace rdf:resource="http://dbpedia.org/resource/Portugal" />
    <dbpedia-owl:deathDate rdf:datatype="http://www.w3.org/2001/XMLSchema#date">1887-02-18</dbpedia-owl:deathDate>
    <dbpedia-owl:deathPlace rdf:resource="http://dbpedia.org/resource/Lisbon" />
    <dbpedia-owl:movement rdf:resource="http://dbpedia.org/resource/Realism_(arts)" />
    <dbpedia-owl:nationality rdf:resource="http://dbpedia.org/resource/Portugal" />
    <dbpedia-owl:wikiPageID rdf:datatype="http://www.w3.org/2001/XMLSchema#integer">15153773</dbpedia-owl:wikiPageID>
    <dbpedia-owl:wikiPageRevisionID rdf:datatype="http://www.w3.org/2001/XMLSchema#integer">542264829</dbpedia-owl:wikiPageRevisionID>
    <rdfs:label xml:lang="en">José Rodrigues</rdfs:label>
    <rdfs:label xml:lang="pt">José Rodrigues</rdfs:label>
    <rdfs:label xml:lang="pl">José Rodrigues</rdfs:label>
    <rdfs:label xml:lang="es">José Rodrigues</rdfs:label>
    <foaf:depiction rdf:resource="http://upload.wikimedia.org/wikipedia/commons/7/72/Auto_retrato_de_José_Rodrigues_2100_01.JPG" />
    <rdfs:comment xml:lang="pl">José Rodrigues de Carvalho – portugalski malarz romantyczny. Jego najbardziej znane dzieło to O Cego Rabequista z 1855 roku.</rdfs:comment>
    <rdfs:comment xml:lang="pt">José Rodrigues de Carvalho foi um pintor português da época romântica. Considerada a sua obra mais famosa, O cego rabequista, pintada em 1855, foi exibida na Exposição Universal de Paris em 1855 e na Exposição Internacional do Porto em 1865, conquistando o segundo lugar.</rdfs:comment>
    <rdfs:comment xml:lang="en">José Rodrigues de Carvalho (Lisbon, July 16 - 1828 — Lisbon, October 19, 1887) was a Portuguese painter. Considered his most famous work, O Pobre Rabequista (The poor rabequista), painted in 1855, was first shown in Paris at the Universal Exhibition in 1855 and at the International Exposition of Porto in 1865, where he won the second award.</rdfs:comment>
    <rdfs:comment xml:lang="es">José Rodrigues fue un pintor portugués del romanticismo nacido en Lisboa el 16 de julio de 1828 y fallecido en Lisboa el 19 de octubre de 1887.</rdfs:comment>
    <foaf:name xml:lang="en">José Rodrigues</foaf:name>
    <foaf:name xml:lang="en">Jose Rodrigues</foaf:name>
    <dbpedia-owl:thumbnail rdf:resource="http://upload.wikimedia.org/wikipedia/commons/thumb/7/72/Auto_retrato_de_José_Rodrigues_2100_01.JPG/200px-Auto_retrato_de_José_Rodrigues_2100_01.JPG" />
    <dbpedia-owl:wikiPageExternalLink rdf:resource="http://app.parlamento.pt/visita/visita_virtual/portugues/index.html" />
    <dbpedia-owl:wikiPageExternalLink rdf:resource="http://www.parlamento.pt/VisitaVirtual/Paginas/BiogJoseRodrigues.aspx" />
    <dbpedia-owl:wikiPageExternalLink rdf:resource="http://www.museudochiado-ipmuseus.pt/mdc/04/sec19.html" />
    <dbpedia-owl:wikiPageExternalLink rdf:resource="http://www.museudochiado-ipmuseus.pt/mdc/04/sec19_02.html" />
    <dbpedia-owl:wikiPageExternalLink rdf:resource="http://www.cm-lisboa.pt/index.php?id_categoria=8&amp;id_item=115" />
    <dbpedia-owl:wikiPageExternalLink rdf:resource="http://commons.wikimedia.org/wiki/Category:Jos%C3%A9_Rodrigues" />
    <dbpedia-owl:wikiPageExternalLink rdf:resource="http://www.sgmf.pt/NR/rdonlyres/475FB16B-566A-4DA8-97EB-338C53E9ACF1/2961/ensaios2_jos%C3%A9albertoseabracarvalho.pdf" />
    <dbpprop:awards xml:lang="en">Academy of Fine Arts - Gold medal</dbpprop:awards>
    <dbpprop:awards xml:lang="en">by the Queen Dona Maria II - Gold medal</dbpprop:awards>
    <dbpprop:awards xml:lang="en">Portuguese Industrial Association - Silver Medal 
Academic of Merit - Academy of Fine Arts</dbpprop:awards>
    <dbpprop:bgcolour xml:lang="en">#EEDD82</dbpprop:bgcolour>
    <dbpprop:birthDate rdf:datatype="http://www.w3.org/2001/XMLSchema#date">1828-07-16</dbpprop:birthDate>
    <dbpprop:birthName xml:lang="en">José Rodrigues de Carvalho</dbpprop:birthName>
    <dbpprop:birthPlace rdf:resource="http://dbpedia.org/resource/Lisbon" />
    <dbpprop:birthPlace rdf:resource="http://dbpedia.org/resource/Portugal" />
    <dbpprop:caption xml:lang="en">Self portrait of José Rodrigues</dbpprop:caption>
    <dbpprop:dateOfBirth rdf:datatype="http://www.w3.org/2001/XMLSchema#date">1828-07-16</dbpprop:dateOfBirth>
    <dbpprop:dateOfDeath rdf:datatype="http://www.w3.org/2001/XMLSchema#date">1887-02-18</dbpprop:dateOfDeath>
    <dbpprop:deathDate rdf:datatype="http://www.w3.org/2001/XMLSchema#date">1887-02-18</dbpprop:deathDate>
    <dbpprop:deathPlace rdf:resource="http://dbpedia.org/resource/Lisbon" />
    <dbpprop:field xml:lang="en">painting</dbpprop:field>
    <dbpprop:imagesize rdf:datatype="http://www.w3.org/2001/XMLSchema#integer">200</dbpprop:imagesize>
    <dbpprop:movement rdf:resource="http://dbpedia.org/resource/Realism_(arts)" />
    <dbpprop:name xml:lang="en">José Rodrigues</dbpprop:name>
    <dbpprop:name xml:lang="en">Rodrigues, Jose</dbpprop:name>
    <dbpprop:nationality rdf:resource="http://dbpedia.org/resource/Portugal" />
    <dbpprop:placeOfBirth rdf:resource="http://dbpedia.org/resource/Portugal" />
    <dbpprop:placeOfBirth rdf:resource="http://dbpedia.org/resource/Lisbon" />
    <dbpprop:placeOfDeath rdf:resource="http://dbpedia.org/resource/Lisbon" />
    <dbpprop:training xml:lang="en">Academy of Fine Arts</dbpprop:training>
    <dbpprop:works xml:lang="en">See Gallery http://commons.wikimedia.org/wiki/Category:Jos%C3%A9_Rodrigues</dbpprop:works>
    <dbpprop:wordnet_type rdf:resource="http://www.w3.org/2006/03/wn/wn20/instances/synset-artist-noun-1" />
    <foaf:givenName xml:lang="en">Jose</foaf:givenName>
    <foaf:isPrimaryTopicOf rdf:resource="http://en.wikipedia.org/wiki/José_Rodrigues" />
    <ns7:wasDerivedFrom rdf:resource="http://en.wikipedia.org/wiki/José_Rodrigues?oldid=542264829" />
    <dbpprop:hasPhotoCollection rdf:resource="http://wifo5-03.informatik.uni-mannheim.de/flickrwrappr/photos/José_Rodrigues" />
    <foaf:surname xml:lang="en">Rodrigues</foaf:surname>
  </rdf:Description>
  <rdf:Description rdf:about="http://dbpedia.org/resource/O_Pobre_Rabequista">
    <dbpedia-owl:author rdf:resource="http://dbpedia.org/resource/Jos%C3%A9_Rodrigues" />
    <dbpprop:artist rdf:resource="http://dbpedia.org/resource/Jos%C3%A9_Rodrigues" />
  </rdf:Description>
  <rdf:Description rdf:about="http://dbpedia.org/resource/Jose_Rodrigues">
    <dbpedia-owl:wikiPageRedirects rdf:resource="http://dbpedia.org/resource/Jos%C3%A9_Rodrigues" />
  </rdf:Description>
</rdf:RDF>
