<?xml version="1.0" encoding="utf-8" ?>
<rdf:RDF
	xmlns:rdf="http://www.w3.org/1999/02/22-rdf-syntax-ns#"
	xmlns:rdfs="http://www.w3.org/2000/01/rdf-schema#"
	xmlns:owl="http://www.w3.org/2002/07/owl#"
	xmlns:dcterms="http://purl.org/dc/terms/"
	xmlns:dbpedia-owl="http://dbpedia.org/ontology/"
	xmlns:foaf="http://xmlns.com/foaf/0.1/"
	xmlns:dbpprop="http://dbpedia.org/property/"
	xmlns:dc="http://purl.org/dc/elements/1.1/"
	xmlns:ns8="http://www.w3.org/ns/prov#" >
  <rdf:Description rdf:about="http://dbpedia.org/resource/Kasimir_Malevich">
    <dbpedia-owl:wikiPageRedirects rdf:resource="http://dbpedia.org/resource/Kazimir_Malevich" />
  </rdf:Description>
  <rdf:Description rdf:about="http://dbpedia.org/resource/Casimir_Malevich">
    <dbpedia-owl:wikiPageRedirects rdf:resource="http://dbpedia.org/resource/Kazimir_Malevich" />
  </rdf:Description>
  <rdf:Description rdf:about="http://ja.dbpedia.org/resource/カジミール・マレーヴィチ">
    <owl:sameAs rdf:resource="http://dbpedia.org/resource/Kazimir_Malevich" />
  </rdf:Description>
  <rdf:Description rdf:about="http://ru.dbpedia.org/resource/Малевич,_Казимир_Северинович">
    <owl:sameAs rdf:resource="http://dbpedia.org/resource/Kazimir_Malevich" />
  </rdf:Description>
  <rdf:Description rdf:about="http://es.dbpedia.org/resource/Kazimir_Malévich">
    <owl:sameAs rdf:resource="http://dbpedia.org/resource/Kazimir_Malevich" />
  </rdf:Description>
  <rdf:Description rdf:about="http://it.dbpedia.org/resource/Kazimir_Severinovič_Malevič">
    <owl:sameAs rdf:resource="http://dbpedia.org/resource/Kazimir_Malevich" />
  </rdf:Description>
  <rdf:Description rdf:about="http://pl.dbpedia.org/resource/Kazimierz_Malewicz">
    <owl:sameAs rdf:resource="http://dbpedia.org/resource/Kazimir_Malevich" />
  </rdf:Description>
  <rdf:Description rdf:about="http://pt.dbpedia.org/resource/Kazimir_Malevich">
    <owl:sameAs rdf:resource="http://dbpedia.org/resource/Kazimir_Malevich" />
  </rdf:Description>
  <rdf:Description rdf:about="http://dbpedia.org/resource/Daniil_Kharms">
    <dbpedia-owl:influencedBy rdf:resource="http://dbpedia.org/resource/Kazimir_Malevich" />
    <dbpprop:influences rdf:resource="http://dbpedia.org/resource/Kazimir_Malevich" />
  </rdf:Description>
  <rdf:Description rdf:about="http://dbpedia.org/resource/Kazimir_Malevich">
    <rdf:type rdf:resource="http://dbpedia.org/class/yago/UkrainianPeopleOfPolishDescent" />
    <rdf:type rdf:resource="http://dbpedia.org/class/yago/Creator109614315" />
    <rdf:type rdf:resource="http://dbpedia.org/class/yago/SovietPainters" />
    <rdf:type rdf:resource="http://dbpedia.org/class/yago/ModernPainters" />
    <rdf:type rdf:resource="http://dbpedia.org/class/yago/ImperialRussianPeopleOfPolishDescent" />
    <rdf:type rdf:resource="http://dbpedia.org/class/yago/PolishArtists" />
    <rdf:type rdf:resource="http://schema.org/Person" />
    <rdf:type rdf:resource="http://dbpedia.org/class/yago/UkrainianArtists" />
    <rdf:type rdf:resource="http://dbpedia.org/class/yago/YagoLegalActorGeo" />
    <rdf:type rdf:resource="http://dbpedia.org/class/yago/LivingThing100004258" />
    <rdf:type rdf:resource="http://dbpedia.org/class/yago/PaintersFromSaintPetersburg" />
    <rdf:type rdf:resource="http://dbpedia.org/class/yago/PhysicalEntity100001930" />
    <rdf:type rdf:resource="http://dbpedia.org/class/yago/Object100002684" />
    <rdf:type rdf:resource="http://umbel.org/umbel/rc/Artist" />
    <rdf:type rdf:resource="http://dbpedia.org/class/yago/PeopleFromKiev" />
    <rdf:type rdf:resource="http://umbel.org/umbel/rc/PersonWithOccupation" />
    <rdf:type rdf:resource="http://dbpedia.org/class/yago/SovietArtists" />
    <rdf:type rdf:resource="http://dbpedia.org/class/yago/PolishPainters" />
    <rdf:type rdf:resource="http://dbpedia.org/class/yago/19th-centuryPainters" />
    <rdf:type rdf:resource="http://dbpedia.org/class/yago/Painter110391653" />
    <rdf:type rdf:resource="http://dbpedia.org/class/yago/CausalAgent100007347" />
    <rdf:type rdf:resource="http://dbpedia.org/class/yago/Organism100004475" />
    <rdf:type rdf:resource="http://dbpedia.org/class/yago/YagoLegalActor" />
    <rdf:type rdf:resource="http://dbpedia.org/ontology/Artist" />
    <rdf:type rdf:resource="http://dbpedia.org/ontology/Agent" />
    <rdf:type rdf:resource="http://dbpedia.org/class/yago/Whole100003553" />
    <rdf:type rdf:resource="http://dbpedia.org/ontology/Person" />
    <rdf:type rdf:resource="http://dbpedia.org/class/yago/Person100007846" />
    <rdf:type rdf:resource="http://www.w3.org/2002/07/owl#Thing" />
    <rdf:type rdf:resource="http://dbpedia.org/class/yago/Artist109812338" />
    <rdf:type rdf:resource="http://dbpedia.org/class/yago/UkrainianPainters" />
    <rdf:type rdf:resource="http://dbpedia.org/class/yago/20th-centuryPainters" />
    <rdf:type rdf:resource="http://dbpedia.org/class/yago/ImperialRussianPainters" />
    <rdf:type rdf:resource="http://dbpedia.org/class/yago/FuturistPainters" />
    <rdf:type rdf:resource="http://xmlns.com/foaf/0.1/Person" />
    <owl:sameAs rdf:resource="http://hu.dbpedia.org/resource/Kazimir_Szeverinovics_Malevics" />
    <owl:sameAs rdf:resource="http://da.dbpedia.org/resource/Kazimir_Malevitj" />
    <owl:sameAs rdf:resource="http://ca.dbpedia.org/resource/Kazimir_Malèvitx" />
    <owl:sameAs rdf:resource="http://pl.dbpedia.org/resource/Kazimierz_Malewicz" />
    <owl:sameAs rdf:resource="http://hy.dbpedia.org/resource/Կազիմիր_Մալևիչ" />
    <owl:sameAs rdf:resource="http://de.dbpedia.org/resource/Kasimir_Sewerinowitsch_Malewitsch" />
    <owl:sameAs rdf:resource="http://lv.dbpedia.org/resource/Kazimirs_Maļevičs" />
    <owl:sameAs rdf:resource="http://zh.dbpedia.org/resource/卡济米尔·谢韦里诺维奇·马列维奇" />
    <owl:sameAs rdf:resource="http://be.dbpedia.org/resource/Казімір_Севярынавіч_Малевіч" />
    <owl:sameAs rdf:resource="http://simple.dbpedia.org/resource/Kazimir_Malevich" />
    <owl:sameAs rdf:resource="http://es.dbpedia.org/resource/Kazimir_Malévich" />
    <owl:sameAs rdf:resource="http://fi.dbpedia.org/resource/Kazimir_Malevitš" />
    <owl:sameAs rdf:resource="http://war.dbpedia.org/resource/Kazimir_Malevich" />
    <owl:sameAs rdf:resource="http://pt.dbpedia.org/resource/Kazimir_Malevich" />
    <owl:sameAs rdf:resource="http://bg.dbpedia.org/resource/Казимир_Малевич" />
    <owl:sameAs rdf:resource="http://rdf.freebase.com/ns/m.04dvd" />
    <owl:sameAs rdf:resource="http://eu.dbpedia.org/resource/Kasimir_Malevitx" />
    <owl:sameAs rdf:resource="http://yago-knowledge.org/resource/Kazimir_Malevich" />
    <owl:sameAs rdf:resource="http://be_x_old.dbpedia.org/resource/Казімер_Малевіч" />
    <owl:sameAs rdf:resource="http://uk.dbpedia.org/resource/Малевич_Казимир_Северинович" />
    <owl:sameAs rdf:resource="http://sr.dbpedia.org/resource/Казимир_Маљевич" />
    <owl:sameAs rdf:resource="http://ja.dbpedia.org/resource/カジミール・マレーヴィチ" />
    <owl:sameAs rdf:resource="http://lt.dbpedia.org/resource/Kazimiras_Malevičius" />
    <owl:sameAs rdf:resource="http://la.dbpedia.org/resource/Casimirus_Malewicz" />
    <owl:sameAs rdf:resource="http://www.wikidata.org/entity/Q130777" />
    <owl:sameAs rdf:resource="http://dbpedia.org/resource/Kazimir_Malevich" />
    <owl:sameAs rdf:resource="http://ar.dbpedia.org/resource/كازيمير_ماليفيتش" />
    <owl:sameAs rdf:resource="http://sv.dbpedia.org/resource/Kazimir_Malevitj" />
    <owl:sameAs rdf:resource="http://et.dbpedia.org/resource/Kazimir_Malevitš" />
    <owl:sameAs rdf:resource="http://hr.dbpedia.org/resource/Kazimir_Maljevič" />
    <owl:sameAs rdf:resource="http://pnb.dbpedia.org/resource/کازیمیر_میلوچ" />
    <owl:sameAs rdf:resource="http://nl.dbpedia.org/resource/Kazimir_Malevitsj" />
    <owl:sameAs rdf:resource="http://tr.dbpedia.org/resource/Kazimir_Maleviç" />
    <owl:sameAs rdf:resource="http://ro.dbpedia.org/resource/Kazimir_Malevici" />
    <owl:sameAs rdf:resource="http://sh.dbpedia.org/resource/Kazimir_Maljevič" />
    <owl:sameAs rdf:resource="http://ka.dbpedia.org/resource/კაზიმირ_მალევიჩი" />
    <owl:sameAs rdf:resource="http://cs.dbpedia.org/resource/Kazimir_Malevič" />
    <owl:sameAs rdf:resource="http://bs.dbpedia.org/resource/Kazimir_Maljevič" />
    <owl:sameAs rdf:resource="http://fy.dbpedia.org/resource/Kazimir_Malevitsj" />
    <owl:sameAs rdf:resource="http://gl.dbpedia.org/resource/Kasimir_Malevich" />
    <owl:sameAs rdf:resource="http://it.dbpedia.org/resource/Kazimir_Severinovič_Malevič" />
    <owl:sameAs rdf:resource="http://sl.dbpedia.org/resource/Kazimir_Severinovič_Malevič" />
    <owl:sameAs rdf:resource="http://nn.dbpedia.org/resource/Kasimir_Malevitsj" />
    <owl:sameAs rdf:resource="http://ko.dbpedia.org/resource/카지미르_말레비치" />
    <owl:sameAs rdf:resource="http://sk.dbpedia.org/resource/Kazimir_Severinovič_Malevič" />
    <owl:sameAs rdf:resource="http://no.dbpedia.org/resource/Kasimir_Malevitsj" />
    <owl:sameAs rdf:resource="http://el.dbpedia.org/resource/Καζιμίρ_Μαλέβιτς" />
    <owl:sameAs rdf:resource="http://he.dbpedia.org/resource/קזימיר_מלביץ&#39;" />
    <owl:sameAs rdf:resource="http://szl.dbpedia.org/resource/Kazimir_Malewicz" />
    <owl:sameAs rdf:resource="http://fr.dbpedia.org/resource/Kasimir_Malevitch" />
    <owl:sameAs rdf:resource="http://ru.dbpedia.org/resource/Малевич,_Казимир_Северинович" />
    <owl:sameAs rdf:resource="http://mk.dbpedia.org/resource/Казимир_Малевич" />
    <dcterms:subject rdf:resource="http://dbpedia.org/resource/Category:19th-century_painters" />
    <dcterms:subject rdf:resource="http://dbpedia.org/resource/Category:Deaths_from_prostate_cancer" />
    <dcterms:subject rdf:resource="http://dbpedia.org/resource/Category:Polish_artists" />
    <dcterms:subject rdf:resource="http://dbpedia.org/resource/Category:20th-century_painters" />
    <dcterms:subject rdf:resource="http://dbpedia.org/resource/Category:Ukrainian_painters" />
    <dcterms:subject rdf:resource="http://dbpedia.org/resource/Category:Ukrainian_artists" />
    <dcterms:subject rdf:resource="http://dbpedia.org/resource/Category:Cancer_deaths_in_Russia" />
    <dcterms:subject rdf:resource="http://dbpedia.org/resource/Category:People_from_Kiev" />
    <dcterms:subject rdf:resource="http://dbpedia.org/resource/Category:Soviet_artists" />
    <dcterms:subject rdf:resource="http://dbpedia.org/resource/Category:Russian_avant-garde" />
    <dcterms:subject rdf:resource="http://dbpedia.org/resource/Category:Painters_from_Saint_Petersburg" />
    <dcterms:subject rdf:resource="http://dbpedia.org/resource/Category:Modern_painters" />
    <dcterms:subject rdf:resource="http://dbpedia.org/resource/Category:Soviet_painters" />
    <dcterms:subject rdf:resource="http://dbpedia.org/resource/Category:Polish_painters" />
    <dcterms:subject rdf:resource="http://dbpedia.org/resource/Category:1879_births" />
    <dcterms:subject rdf:resource="http://dbpedia.org/resource/Category:Imperial_Russian_painters" />
    <dcterms:subject rdf:resource="http://dbpedia.org/resource/Category:Ukrainian_avant-garde" />
    <dcterms:subject rdf:resource="http://dbpedia.org/resource/Category:Ukrainian_people_of_Polish_descent" />
    <dcterms:subject rdf:resource="http://dbpedia.org/resource/Category:Futurist_painters" />
    <dcterms:subject rdf:resource="http://dbpedia.org/resource/Category:Imperial_Russian_people_of_Polish_descent" />
    <dcterms:subject rdf:resource="http://dbpedia.org/resource/Category:1935_deaths" />
    <dbpedia-owl:abstract xml:lang="fr">Kazimir Severinovitch Malevitch, né à Kiev le 11 février/ 23 février 1878 de parents d&#39;origine polonaise et décédé le 15 mai 1935 à Léningrad, est un des premiers artistes abstraits du XX siècle. , dessinateur, sculpteur et théoricien, Malevitch fut le créateur d&#39;un courant artistique qu&#39;il dénomma « suprématisme ».</dbpedia-owl:abstract>
    <dbpedia-owl:abstract xml:lang="de">Kasimir Sewerinowitsch Malewitsch war Maler und Hauptvertreter der Russischen Avantgarde, Wegbereiter des Konstruktivismus und Begründer des Suprematismus. Beeinflusst wurde er von den französischen Spätimpressionisten, Fauves und Kubisten. Sein abstraktes suprematistisches Gemälde Das Schwarze Quadrat auf weißem Grund aus dem Jahr 1915 ist ein Meilenstein der Malerei der Moderne und wird als „Ikone der Moderne“ bezeichnet.</dbpedia-owl:abstract>
    <dbpedia-owl:abstract xml:lang="ru">Казими́р Севери́нович Мале́вич — российский и советский художник-авангардист польского происхождения, педагог, теоретик искусства, философ. Основоположник супрематизма — направления в абстрактном искусстве.</dbpedia-owl:abstract>
    <dbpedia-owl:abstract xml:lang="zh">卡济米尔·谢韦里诺维奇·马列维奇（俄语：Казимир Северинович Малевич，1878年2月23日－1935年5月15日）是俄國至上主義倡導者、構成主義、幾何抽象派畫家，代表作《飛機起飛》（1915年，紐約現代美術館）、《青色三角形與黑色長方形》（1915年）、《白底上的黑色方块》（1913年）、《白色上的白色》（1918年） 其创作于1916年的作品《绝对主义的创作》于2008年11月3日在纽约苏富比以6000万美元成交，买主为一名俄罗斯收藏家。</dbpedia-owl:abstract>
    <dbpedia-owl:abstract xml:lang="es">Kazimir Severínovich Malévich, (en ruso, Казимир Северинович Малевич), fue un pintor ruso, creador del suprematismo, uno de los movimientos de la vanguardia rusa del siglo XX.</dbpedia-owl:abstract>
    <dbpedia-owl:abstract xml:lang="pt">Kazimir Severinovich Malevich, (em russo: Казимир Северинович Малевич foi um pintor abstrato soviético. Fez parte da vanguarda russa e foi o mentor do movimento conhecido como Suprematismo.</dbpedia-owl:abstract>
    <dbpedia-owl:abstract xml:lang="it">Studiò all&#39;Accademia privata di Rerberg a Mosca. Nel 1913 fondò l&#39;avanguardia artistica chiamata Suprematismo.</dbpedia-owl:abstract>
    <dbpedia-owl:abstract xml:lang="pl">Kazimierz Malewicz – rosyjski malarz i teoretyk sztuki, pochodzenia polskiego, przedstawiciel rosyjskiej awangardy artystycznej, twórca suprematyzmu. Kazimierz Malewicz wywarł znaczny wpływ na rosyjskich konstruktywistów i polską awangardę lat 20. XX wieku, był zapowiedzią minimalistów. Do jego najsłynniejszych dzieł zalicza się Czarny kwadrat na białym tle, pokazany po raz pierwszy w 1915 Piotrogrodzie. Pomysł tego obrazu miał się narodzić w 1913, podczas pracy nad scenografią i kostiumami do „futurystycznej opery” Zwycięstwo nad słońcem.</dbpedia-owl:abstract>
    <dbpedia-owl:abstract xml:lang="en">Kazimir Severinovich Malevich was a Russian painter and art theoretician. He was a pioneer of geometric abstract art and the originator of the avant-garde, Suprematist movement.</dbpedia-owl:abstract>
    <dbpedia-owl:abstract xml:lang="ja">カジミール・セヴェリーノヴィチ・マレーヴィチ（ロシア語: Казимир Северинович Малевич；ウクライナ語: Казимір Северинович Малевич、1878年2月23日（ユリウス暦2月11日） - 1935年5月15日）は、ウクライナ・ロシア・ソ連の芸術家。特に画家として知られ、戦前に抽象絵画を手掛けた最初の人物である。</dbpedia-owl:abstract>
    <dbpedia-owl:abstract xml:lang="nl">Kazimir Severinovitsj Malevitsj was een Russisch en Sovjetkunstschilder die grote bekendheid in West-Europa kreeg als docent en als theoreticus van het constructivisme en het suprematisme, als moderne kunstrichtingen.</dbpedia-owl:abstract>
    <dbpedia-owl:abstract xml:lang="sv">Kazimir Severinovitj Malevitj, född 23 februari 1878/1879 i Kiev, död 15 maj 1935 i Sankt Petersburg, rysk målare, grundare av suprematismen.</dbpedia-owl:abstract>
    <dbpedia-owl:birthDate rdf:datatype="http://www.w3.org/2001/XMLSchema#date">1879-02-23</dbpedia-owl:birthDate>
    <dbpedia-owl:birthPlace rdf:resource="http://dbpedia.org/resource/Kiev_Governorate" />
    <dbpedia-owl:deathDate rdf:datatype="http://www.w3.org/2001/XMLSchema#date">1935-05-15</dbpedia-owl:deathDate>
    <dbpedia-owl:deathPlace rdf:resource="http://dbpedia.org/resource/Saint_Petersburg" />
    <dbpedia-owl:movement rdf:resource="http://dbpedia.org/resource/Suprematism" />
    <dbpedia-owl:nationality rdf:resource="http://dbpedia.org/resource/Russian_Empire" />
    <dbpedia-owl:nationality rdf:resource="http://dbpedia.org/resource/Soviet_Union" />
    <dbpedia-owl:nationality rdf:resource="http://dbpedia.org/resource/History_of_Poland_(1795%E2%80%931918)" />
    <dbpedia-owl:training rdf:resource="http://dbpedia.org/resource/Moscow_School_of_Painting,_Sculpture_and_Architecture" />
    <dbpedia-owl:wikiPageID rdf:datatype="http://www.w3.org/2001/XMLSchema#integer">17300</dbpedia-owl:wikiPageID>
    <dbpedia-owl:wikiPageRevisionID rdf:datatype="http://www.w3.org/2001/XMLSchema#integer">546656935</dbpedia-owl:wikiPageRevisionID>
    <rdfs:label xml:lang="ru">Малевич, Казимир Северинович</rdfs:label>
    <rdfs:label xml:lang="pl">Kazimierz Malewicz</rdfs:label>
    <rdfs:label xml:lang="de">Kasimir Sewerinowitsch Malewitsch</rdfs:label>
    <rdfs:label xml:lang="nl">Kazimir Malevitsj</rdfs:label>
    <rdfs:label xml:lang="en">Kazimir Malevich</rdfs:label>
    <rdfs:label xml:lang="fr">Kasimir Malevitch</rdfs:label>
    <rdfs:label xml:lang="pt">Kazimir Malevich</rdfs:label>
    <rdfs:label xml:lang="zh">卡济米尔·谢韦里诺维奇·马列维奇</rdfs:label>
    <rdfs:label xml:lang="it">Kazimir Severinovič Malevič</rdfs:label>
    <rdfs:label xml:lang="ja">カジミール・マレーヴィチ</rdfs:label>
    <rdfs:label xml:lang="sv">Kazimir Malevitj</rdfs:label>
    <rdfs:label xml:lang="es">Kazimir Malévich</rdfs:label>
    <foaf:depiction rdf:resource="http://upload.wikimedia.org/wikipedia/commons/f/f1/Self-Portrait_(1908_or_1910-1911).jpg" />
    <rdfs:comment xml:lang="de">Kasimir Sewerinowitsch Malewitsch war Maler und Hauptvertreter der Russischen Avantgarde, Wegbereiter des Konstruktivismus und Begründer des Suprematismus. Beeinflusst wurde er von den französischen Spätimpressionisten, Fauves und Kubisten. Sein abstraktes suprematistisches Gemälde Das Schwarze Quadrat auf weißem Grund aus dem Jahr 1915 ist ein Meilenstein der Malerei der Moderne und wird als „Ikone der Moderne“ bezeichnet.</rdfs:comment>
    <rdfs:comment xml:lang="nl">Kazimir Severinovitsj Malevitsj was een Russisch en Sovjetkunstschilder die grote bekendheid in West-Europa kreeg als docent en als theoreticus van het constructivisme en het suprematisme, als moderne kunstrichtingen.</rdfs:comment>
    <rdfs:comment xml:lang="ru">Казими́р Севери́нович Мале́вич — российский и советский художник-авангардист польского происхождения, педагог, теоретик искусства, философ. Основоположник супрематизма — направления в абстрактном искусстве.</rdfs:comment>
    <rdfs:comment xml:lang="en">Kazimir Severinovich Malevich was a Russian painter and art theoretician. He was a pioneer of geometric abstract art and the originator of the avant-garde, Suprematist movement.</rdfs:comment>
    <rdfs:comment xml:lang="es">Kazimir Severínovich Malévich, (en ruso, Казимир Северинович Малевич), fue un pintor ruso, creador del suprematismo, uno de los movimientos de la vanguardia rusa del siglo XX.</rdfs:comment>
    <rdfs:comment xml:lang="fr">Kazimir Severinovitch Malevitch, né à Kiev le 11 février/ 23 février 1878 de parents d&#39;origine polonaise et décédé le 15 mai 1935 à Léningrad, est un des premiers artistes abstraits du XX siècle. , dessinateur, sculpteur et théoricien, Malevitch fut le créateur d&#39;un courant artistique qu&#39;il dénomma « suprématisme ».</rdfs:comment>
    <rdfs:comment xml:lang="pl">Kazimierz Malewicz – rosyjski malarz i teoretyk sztuki, pochodzenia polskiego, przedstawiciel rosyjskiej awangardy artystycznej, twórca suprematyzmu. Kazimierz Malewicz wywarł znaczny wpływ na rosyjskich konstruktywistów i polską awangardę lat 20. XX wieku, był zapowiedzią minimalistów. Do jego najsłynniejszych dzieł zalicza się Czarny kwadrat na białym tle, pokazany po raz pierwszy w 1915 Piotrogrodzie.</rdfs:comment>
    <rdfs:comment xml:lang="ja">カジミール・セヴェリーノヴィチ・マレーヴィチ（ロシア語: Казимир Северинович Малевич；ウクライナ語: Казимір Северинович Малевич、1878年2月23日（ユリウス暦2月11日） - 1935年5月15日）は、ウクライナ・ロシア・ソ連の芸術家。特に画家として知られ、戦前に抽象絵画を手掛けた最初の人物である。</rdfs:comment>
    <rdfs:comment xml:lang="it">Studiò all&#39;Accademia privata di Rerberg a Mosca. Nel 1913 fondò l&#39;avanguardia artistica chiamata Suprematismo.</rdfs:comment>
    <rdfs:comment xml:lang="zh">卡济米尔·谢韦里诺维奇·马列维奇（俄语：Казимир Северинович Малевич，1878年2月23日－1935年5月15日）是俄國至上主義倡導者、構成主義、幾何抽象派畫家，代表作《飛機起飛》（1915年，紐約現代美術館）、《青色三角形與黑色長方形》（1915年）、《白底上的黑色方块》（1913年）、《白色上的白色》（1918年） 其创作于1916年的作品《绝对主义的创作》于2008年11月3日在纽约苏富比以6000万美元成交，买主为一名俄罗斯收藏家。</rdfs:comment>
    <rdfs:comment xml:lang="pt">Kazimir Severinovich Malevich, (em russo: Казимир Северинович Малевич foi um pintor abstrato soviético. Fez parte da vanguarda russa e foi o mentor do movimento conhecido como Suprematismo.</rdfs:comment>
    <rdfs:comment xml:lang="sv">Kazimir Severinovitj Malevitj, född 23 februari 1878/1879 i Kiev, död 15 maj 1935 i Sankt Petersburg, rysk målare, grundare av suprematismen.</rdfs:comment>
    <foaf:name xml:lang="en">Kazimir Malevich</foaf:name>
    <dbpedia-owl:thumbnail rdf:resource="http://upload.wikimedia.org/wikipedia/commons/thumb/f/f1/Self-Portrait_(1908_or_1910-1911).jpg/200px-Self-Portrait_(1908_or_1910-1911).jpg" />
    <dbpedia-owl:wikiPageExternalLink rdf:resource="http://www.bc.edu/bc_org/avp/cas/fnart/art/20_ptg.html" />
    <dbpedia-owl:wikiPageExternalLink rdf:resource="http://www.museum-online.ru/Avant-garde/Kazimir_Severinovich_Malevich/" />
    <dbpedia-owl:wikiPageExternalLink rdf:resource="http://www.andrei-nakov.org/en/malewicz.html" />
    <dbpedia-owl:wikiPageExternalLink rdf:resource="http://www.macalester.edu/russian/chadaga.html" />
    <dbpedia-owl:wikiPageExternalLink rdf:resource="http://www.leningradartist.com/outline.htm" />
    <dbpedia-owl:wikiPageExternalLink rdf:resource="http://www.leningradartist.com/books.htm" />
    <dbpedia-owl:wikiPageExternalLink rdf:resource="http://www.theartnewspaper.com/article.asp?id=8562" />
    <dbpedia-owl:wikiPageExternalLink rdf:resource="http://malevichwebsite.narod.ru/" />
    <dbpedia-owl:wikiPageExternalLink rdf:resource="http://www.kazimir-malevich.org" />
    <dbpedia-owl:wikiPageExternalLink rdf:resource="http://vash2008.mylivepage.ru/file/1774/6236_MuzeyVitebskFragment3.pdf" />
    <dbpedia-owl:wikiPageExternalLink rdf:resource="http://www.malevich.de" />
    <dbpedia-owl:wikiPageExternalLink rdf:resource="http://www.guggenheimcollection.org/site/artist_bio_94.html" />
    <dbpedia-owl:wikiPageExternalLink rdf:resource="http://www.das-schwarze-quadrat.de" />
    <dbpedia-owl:wikiPageExternalLink rdf:resource="http://www.ce-review.org/99/3/ondisplay3_hunter.html" />
    <dbpprop:bgcolour xml:lang="en">#DDD</dbpprop:bgcolour>
    <dbpprop:birthDate rdf:datatype="http://www.w3.org/2001/XMLSchema#date">1879-02-23</dbpprop:birthDate>
    <dbpprop:birthName xml:lang="en">Kazimir Severinovich Malevich</dbpprop:birthName>
    <dbpprop:birthPlace xml:lang="en">Kiev Governorate of Russian Empire, now Ukraine</dbpprop:birthPlace>
    <dbpprop:caption xml:lang="en">Self-portrait, 1912</dbpprop:caption>
    <dbpprop:dateOfBirth rdf:datatype="http://www.w3.org/2001/XMLSchema#integer">23</dbpprop:dateOfBirth>
    <dbpprop:dateOfDeath rdf:datatype="http://www.w3.org/2001/XMLSchema#integer">15</dbpprop:dateOfDeath>
    <dbpprop:deathDate rdf:datatype="http://www.w3.org/2001/XMLSchema#date">1935-05-15</dbpprop:deathDate>
    <dbpprop:deathPlace xml:lang="en">Leningrad, Soviet Union</dbpprop:deathPlace>
    <dbpprop:field xml:lang="en">Painting</dbpprop:field>
    <dbpprop:imagesize rdf:datatype="http://www.w3.org/2001/XMLSchema#integer">250</dbpprop:imagesize>
    <dbpprop:movement rdf:resource="http://dbpedia.org/resource/Suprematism" />
    <dbpprop:name xml:lang="en">Kazimir Malevich</dbpprop:name>
    <dbpprop:name xml:lang="en">Malevich, Kazimir</dbpprop:name>
    <dbpprop:nationality rdf:resource="http://dbpedia.org/resource/Soviet_Union" />
    <dbpprop:nationality rdf:resource="http://dbpedia.org/resource/History_of_Poland_(1795%E2%80%931918)" />
    <dbpprop:nationality rdf:resource="http://dbpedia.org/resource/Russian_Empire" />
    <dbpprop:placeOfBirth xml:lang="en">Kiev Governorate of Russian Empire</dbpprop:placeOfBirth>
    <dbpprop:placeOfDeath xml:lang="en">Leningrad, Soviet Union</dbpprop:placeOfDeath>
    <dbpprop:shortDescription xml:lang="en">Polish artist Russian artist</dbpprop:shortDescription>
    <dbpprop:training rdf:resource="http://dbpedia.org/resource/Moscow_School_of_Painting,_Sculpture_and_Architecture" />
    <dbpprop:works xml:lang="en">Black Square, 1915; White On White, 1918</dbpprop:works>
    <dbpprop:wordnet_type rdf:resource="http://www.w3.org/2006/03/wn/wn20/instances/synset-artist-noun-1" />
    <foaf:givenName xml:lang="en">Kazimir</foaf:givenName>
    <foaf:isPrimaryTopicOf rdf:resource="http://en.wikipedia.org/wiki/Kazimir_Malevich" />
    <dc:description xml:lang="en">Polish artist Russian artist</dc:description>
    <ns8:wasDerivedFrom rdf:resource="http://en.wikipedia.org/wiki/Kazimir_Malevich?oldid=546656935" />
    <dbpprop:hasPhotoCollection rdf:resource="http://wifo5-03.informatik.uni-mannheim.de/flickrwrappr/photos/Kazimir_Malevich" />
    <foaf:surname xml:lang="en">Malevich</foaf:surname>
  </rdf:Description>
  <rdf:Description rdf:about="http://cs.dbpedia.org/resource/Kazimir_Malevič">
    <owl:sameAs rdf:resource="http://dbpedia.org/resource/Kazimir_Malevich" />
  </rdf:Description>
  <rdf:Description rdf:about="http://el.dbpedia.org/resource/Καζιμίρ_Μαλέβιτς">
    <owl:sameAs rdf:resource="http://dbpedia.org/resource/Kazimir_Malevich" />
  </rdf:Description>
  <rdf:Description rdf:about="http://ko.dbpedia.org/resource/카지미르_말레비치">
    <owl:sameAs rdf:resource="http://dbpedia.org/resource/Kazimir_Malevich" />
  </rdf:Description>
  <rdf:Description rdf:about="http://dbpedia.org/resource/Black_Square">
    <dbpedia-owl:wikiPageRedirects rdf:resource="http://dbpedia.org/resource/Kazimir_Malevich" />
  </rdf:Description>
  <rdf:Description rdf:about="http://dbpedia.org/resource/Malevich">
    <dbpedia-owl:wikiPageRedirects rdf:resource="http://dbpedia.org/resource/Kazimir_Malevich" />
  </rdf:Description>
  <rdf:Description rdf:about="http://dbpedia.org/resource/Kasimir_Severinovich_Malevich">
    <dbpedia-owl:wikiPageRedirects rdf:resource="http://dbpedia.org/resource/Kazimir_Malevich" />
  </rdf:Description>
  <rdf:Description rdf:about="http://dbpedia.org/resource/John_McLaughlin_(artist)">
    <dbpedia-owl:influencedBy rdf:resource="http://dbpedia.org/resource/Kazimir_Malevich" />
    <dbpprop:influencedBy rdf:resource="http://dbpedia.org/resource/Kazimir_Malevich" />
  </rdf:Description>
  <rdf:Description rdf:about="http://dbpedia.org/resource/Kazimir_Malevit%C5%A1">
    <dbpedia-owl:wikiPageRedirects rdf:resource="http://dbpedia.org/resource/Kazimir_Malevich" />
  </rdf:Description>
  <rdf:Description rdf:about="http://dbpedia.org/resource/Kasimir_Malevitch">
    <dbpedia-owl:wikiPageRedirects rdf:resource="http://dbpedia.org/resource/Kazimir_Malevich" />
  </rdf:Description>
  <rdf:Description rdf:about="http://dbpedia.org/resource/Kazimierz_Malewicz">
    <dbpedia-owl:wikiPageRedirects rdf:resource="http://dbpedia.org/resource/Kazimir_Malevich" />
  </rdf:Description>
  <rdf:Description rdf:about="http://dbpedia.org/resource/Kazimir_Malevits">
    <dbpedia-owl:wikiPageRedirects rdf:resource="http://dbpedia.org/resource/Kazimir_Malevich" />
  </rdf:Description>
  <rdf:Description rdf:about="http://dbpedia.org/resource/Kazmir_Malevich">
    <dbpedia-owl:wikiPageRedirects rdf:resource="http://dbpedia.org/resource/Kazimir_Malevich" />
  </rdf:Description>
  <rdf:Description rdf:about="http://dbpedia.org/resource/Kazymyr_Malevych">
    <dbpedia-owl:wikiPageRedirects rdf:resource="http://dbpedia.org/resource/Kazimir_Malevich" />
  </rdf:Description>
  <rdf:Description rdf:about="http://dbpedia.org/resource/Ben_F._Laposky">
    <dbpedia-owl:influencedBy rdf:resource="http://dbpedia.org/resource/Kazimir_Malevich" />
    <dbpprop:influencedBy rdf:resource="http://dbpedia.org/resource/Kazimir_Malevich" />
  </rdf:Description>
  <rdf:Description rdf:about="http://dbpedia.org/resource/Kazimir_Severinovich_Malevich">
    <dbpedia-owl:wikiPageRedirects rdf:resource="http://dbpedia.org/resource/Kazimir_Malevich" />
  </rdf:Description>
  <rdf:Description rdf:about="http://de.dbpedia.org/resource/Kasimir_Sewerinowitsch_Malewitsch">
    <owl:sameAs rdf:resource="http://dbpedia.org/resource/Kazimir_Malevich" />
  </rdf:Description>
  <rdf:Description rdf:about="http://fr.dbpedia.org/resource/Kasimir_Malevitch">
    <owl:sameAs rdf:resource="http://dbpedia.org/resource/Kazimir_Malevich" />
  </rdf:Description>
  <rdf:Description rdf:about="http://dbpedia.org/resource/Suprematist_Composition">
    <dbpedia-owl:author rdf:resource="http://dbpedia.org/resource/Kazimir_Malevich" />
    <dbpprop:artist rdf:resource="http://dbpedia.org/resource/Kazimir_Malevich" />
  </rdf:Description>
  <rdf:Description rdf:about="http://dbpedia.org/resource/Kazimir,_Casimir_Malevich">
    <dbpedia-owl:wikiPageRedirects rdf:resource="http://dbpedia.org/resource/Kazimir_Malevich" />
  </rdf:Description>
  <rdf:Description rdf:about="http://dbpedia.org/resource/Ilya_Chashnik">
    <dbpedia-owl:influencedBy rdf:resource="http://dbpedia.org/resource/Kazimir_Malevich" />
    <dbpprop:influencedBy rdf:resource="http://dbpedia.org/resource/Kazimir_Malevich" />
  </rdf:Description>
  <rdf:Description rdf:about="http://en.wikipedia.org/wiki/Kazimir_Malevich">
    <foaf:primaryTopic rdf:resource="http://dbpedia.org/resource/Kazimir_Malevich" />
  </rdf:Description>
  <rdf:Description rdf:about="http://dbpedia.org/resource/Diet_Sayler">
    <dbpedia-owl:influencedBy rdf:resource="http://dbpedia.org/resource/Kazimir_Malevich" />
    <dbpprop:influencedBy rdf:resource="http://dbpedia.org/resource/Kazimir_Malevich" />
  </rdf:Description>
  <rdf:Description rdf:about="http://dbpedia.org/resource/Harvey_Quaytman">
    <dbpedia-owl:influencedBy rdf:resource="http://dbpedia.org/resource/Kazimir_Malevich" />
    <dbpprop:influencedBy rdf:resource="http://dbpedia.org/resource/Kazimir_Malevich" />
  </rdf:Description>
  <rdf:Description rdf:about="http://dbpedia.org/resource/White_On_White">
    <dbpedia-owl:author rdf:resource="http://dbpedia.org/resource/Kazimir_Malevich" />
    <dbpprop:artist rdf:resource="http://dbpedia.org/resource/Kazimir_Malevich" />
  </rdf:Description>
  <rdf:Description rdf:about="http://nl.dbpedia.org/resource/Kazimir_Malevitsj">
    <owl:sameAs rdf:resource="http://dbpedia.org/resource/Kazimir_Malevich" />
  </rdf:Description>
  <rdf:Description rdf:about="http://eu.dbpedia.org/resource/Kasimir_Malevitx">
    <owl:sameAs rdf:resource="http://dbpedia.org/resource/Kazimir_Malevich" />
  </rdf:Description>
  <rdf:Description rdf:about="http://wikidata.dbpedia.org/resource/Q130777">
    <owl:sameAs rdf:resource="http://dbpedia.org/resource/Kazimir_Malevich" />
  </rdf:Description>
  <rdf:Description rdf:about="http://zh.dbpedia.org/resource/卡济米尔·谢韦里诺维奇·马列维奇">
    <owl:sameAs rdf:resource="http://dbpedia.org/resource/Kazimir_Malevich" />
  </rdf:Description>
  <rdf:Description rdf:about="http://ar.dbpedia.org/resource/كازيمير_ماليفيتش">
    <owl:sameAs rdf:resource="http://dbpedia.org/resource/Kazimir_Malevich" />
  </rdf:Description>
  <rdf:Description rdf:about="http://be.dbpedia.org/resource/Казімір_Севярынавіч_Малевіч">
    <owl:sameAs rdf:resource="http://dbpedia.org/resource/Kazimir_Malevich" />
  </rdf:Description>
  <rdf:Description rdf:about="http://bg.dbpedia.org/resource/Казимир_Малевич">
    <owl:sameAs rdf:resource="http://dbpedia.org/resource/Kazimir_Malevich" />
  </rdf:Description>
  <rdf:Description rdf:about="http://bs.dbpedia.org/resource/Kazimir_Maljevič">
    <owl:sameAs rdf:resource="http://dbpedia.org/resource/Kazimir_Malevich" />
  </rdf:Description>
  <rdf:Description rdf:about="http://ca.dbpedia.org/resource/Kazimir_Malèvitx">
    <owl:sameAs rdf:resource="http://dbpedia.org/resource/Kazimir_Malevich" />
  </rdf:Description>
  <rdf:Description rdf:about="http://da.dbpedia.org/resource/Kazimir_Malevitj">
    <owl:sameAs rdf:resource="http://dbpedia.org/resource/Kazimir_Malevich" />
  </rdf:Description>
  <rdf:Description rdf:about="http://et.dbpedia.org/resource/Kazimir_Malevitš">
    <owl:sameAs rdf:resource="http://dbpedia.org/resource/Kazimir_Malevich" />
  </rdf:Description>
  <rdf:Description rdf:about="http://fi.dbpedia.org/resource/Kazimir_Malevitš">
    <owl:sameAs rdf:resource="http://dbpedia.org/resource/Kazimir_Malevich" />
  </rdf:Description>
  <rdf:Description rdf:about="http://fy.dbpedia.org/resource/Kazimir_Malevitsj">
    <owl:sameAs rdf:resource="http://dbpedia.org/resource/Kazimir_Malevich" />
  </rdf:Description>
  <rdf:Description rdf:about="http://gl.dbpedia.org/resource/Kasimir_Malevich">
    <owl:sameAs rdf:resource="http://dbpedia.org/resource/Kazimir_Malevich" />
  </rdf:Description>
  <rdf:Description rdf:about="http://he.dbpedia.org/resource/קזימיר_מלביץ&#39;">
    <owl:sameAs rdf:resource="http://dbpedia.org/resource/Kazimir_Malevich" />
  </rdf:Description>
  <rdf:Description rdf:about="http://hr.dbpedia.org/resource/Kazimir_Maljevič">
    <owl:sameAs rdf:resource="http://dbpedia.org/resource/Kazimir_Malevich" />
  </rdf:Description>
  <rdf:Description rdf:about="http://hu.dbpedia.org/resource/Kazimir_Szeverinovics_Malevics">
    <owl:sameAs rdf:resource="http://dbpedia.org/resource/Kazimir_Malevich" />
  </rdf:Description>
  <rdf:Description rdf:about="http://hy.dbpedia.org/resource/Կազիմիր_Մալևիչ">
    <owl:sameAs rdf:resource="http://dbpedia.org/resource/Kazimir_Malevich" />
  </rdf:Description>
  <rdf:Description rdf:about="http://ka.dbpedia.org/resource/კაზიმირ_მალევიჩი">
    <owl:sameAs rdf:resource="http://dbpedia.org/resource/Kazimir_Malevich" />
  </rdf:Description>
  <rdf:Description rdf:about="http://la.dbpedia.org/resource/Casimirus_Malewicz">
    <owl:sameAs rdf:resource="http://dbpedia.org/resource/Kazimir_Malevich" />
  </rdf:Description>
  <rdf:Description rdf:about="http://lt.dbpedia.org/resource/Kazimiras_Malevičius">
    <owl:sameAs rdf:resource="http://dbpedia.org/resource/Kazimir_Malevich" />
  </rdf:Description>
  <rdf:Description rdf:about="http://lv.dbpedia.org/resource/Kazimirs_Maļevičs">
    <owl:sameAs rdf:resource="http://dbpedia.org/resource/Kazimir_Malevich" />
  </rdf:Description>
  <rdf:Description rdf:about="http://mk.dbpedia.org/resource/Казимир_Малевич">
    <owl:sameAs rdf:resource="http://dbpedia.org/resource/Kazimir_Malevich" />
  </rdf:Description>
  <rdf:Description rdf:about="http://nn.dbpedia.org/resource/Kasimir_Malevitsj">
    <owl:sameAs rdf:resource="http://dbpedia.org/resource/Kazimir_Malevich" />
  </rdf:Description>
  <rdf:Description rdf:about="http://no.dbpedia.org/resource/Kasimir_Malevitsj">
    <owl:sameAs rdf:resource="http://dbpedia.org/resource/Kazimir_Malevich" />
  </rdf:Description>
  <rdf:Description rdf:about="http://pnb.dbpedia.org/resource/کازیمیر_میلوچ">
    <owl:sameAs rdf:resource="http://dbpedia.org/resource/Kazimir_Malevich" />
  </rdf:Description>
  <rdf:Description rdf:about="http://ro.dbpedia.org/resource/Kazimir_Malevici">
    <owl:sameAs rdf:resource="http://dbpedia.org/resource/Kazimir_Malevich" />
  </rdf:Description>
  <rdf:Description rdf:about="http://sh.dbpedia.org/resource/Kazimir_Maljevič">
    <owl:sameAs rdf:resource="http://dbpedia.org/resource/Kazimir_Malevich" />
  </rdf:Description>
  <rdf:Description rdf:about="http://simple.dbpedia.org/resource/Kazimir_Malevich">
    <owl:sameAs rdf:resource="http://dbpedia.org/resource/Kazimir_Malevich" />
  </rdf:Description>
  <rdf:Description rdf:about="http://sk.dbpedia.org/resource/Kazimir_Severinovič_Malevič">
    <owl:sameAs rdf:resource="http://dbpedia.org/resource/Kazimir_Malevich" />
  </rdf:Description>
  <rdf:Description rdf:about="http://sl.dbpedia.org/resource/Kazimir_Severinovič_Malevič">
    <owl:sameAs rdf:resource="http://dbpedia.org/resource/Kazimir_Malevich" />
  </rdf:Description>
  <rdf:Description rdf:about="http://sr.dbpedia.org/resource/Казимир_Маљевич">
    <owl:sameAs rdf:resource="http://dbpedia.org/resource/Kazimir_Malevich" />
  </rdf:Description>
  <rdf:Description rdf:about="http://sv.dbpedia.org/resource/Kazimir_Malevitj">
    <owl:sameAs rdf:resource="http://dbpedia.org/resource/Kazimir_Malevich" />
  </rdf:Description>
  <rdf:Description rdf:about="http://tr.dbpedia.org/resource/Kazimir_Maleviç">
    <owl:sameAs rdf:resource="http://dbpedia.org/resource/Kazimir_Malevich" />
  </rdf:Description>
  <rdf:Description rdf:about="http://uk.dbpedia.org/resource/Малевич_Казимир_Северинович">
    <owl:sameAs rdf:resource="http://dbpedia.org/resource/Kazimir_Malevich" />
  </rdf:Description>
  <rdf:Description rdf:about="http://war.dbpedia.org/resource/Kazimir_Malevich">
    <owl:sameAs rdf:resource="http://dbpedia.org/resource/Kazimir_Malevich" />
  </rdf:Description>
  <rdf:Description rdf:about="http://be_x_old.dbpedia.org/resource/Казімер_Малевіч">
    <owl:sameAs rdf:resource="http://dbpedia.org/resource/Kazimir_Malevich" />
  </rdf:Description>
  <rdf:Description rdf:about="http://szl.dbpedia.org/resource/Kazimir_Malewicz">
    <owl:sameAs rdf:resource="http://dbpedia.org/resource/Kazimir_Malevich" />
  </rdf:Description>
</rdf:RDF>
