<?xml version="1.0" encoding="utf-8" ?>
<rdf:RDF
	xmlns:rdf="http://www.w3.org/1999/02/22-rdf-syntax-ns#"
	xmlns:rdfs="http://www.w3.org/2000/01/rdf-schema#"
	xmlns:owl="http://www.w3.org/2002/07/owl#"
	xmlns:dcterms="http://purl.org/dc/terms/"
	xmlns:dbpedia-owl="http://dbpedia.org/ontology/"
	xmlns:foaf="http://xmlns.com/foaf/0.1/"
	xmlns:dbpprop="http://dbpedia.org/property/"
	xmlns:dc="http://purl.org/dc/elements/1.1/"
	xmlns:ns8="http://www.w3.org/ns/prov#" >
  <rdf:Description rdf:about="http://de.dbpedia.org/resource/Louis_Janmot">
    <owl:sameAs rdf:resource="http://dbpedia.org/resource/Louis_Janmot" />
  </rdf:Description>
  <rdf:Description rdf:about="http://fr.dbpedia.org/resource/Louis_Janmot">
    <owl:sameAs rdf:resource="http://dbpedia.org/resource/Louis_Janmot" />
  </rdf:Description>
  <rdf:Description rdf:about="http://ja.dbpedia.org/resource/ルイ・ジャンモ">
    <owl:sameAs rdf:resource="http://dbpedia.org/resource/Louis_Janmot" />
  </rdf:Description>
  <rdf:Description rdf:about="http://pl.dbpedia.org/resource/Louis_Janmot">
    <owl:sameAs rdf:resource="http://dbpedia.org/resource/Louis_Janmot" />
  </rdf:Description>
  <rdf:Description rdf:about="http://dbpedia.org/resource/Louis_Janmot">
    <rdf:type rdf:resource="http://xmlns.com/foaf/0.1/Person" />
    <rdf:type rdf:resource="http://www.w3.org/2002/07/owl#Thing" />
    <rdf:type rdf:resource="http://dbpedia.org/class/yago/Painter110391653" />
    <rdf:type rdf:resource="http://dbpedia.org/class/yago/Object100002684" />
    <rdf:type rdf:resource="http://dbpedia.org/class/yago/YagoLegalActorGeo" />
    <rdf:type rdf:resource="http://dbpedia.org/class/yago/PeopleFromLyon" />
    <rdf:type rdf:resource="http://dbpedia.org/class/yago/AlumniOfThe%C3%89coleDesBeaux-Arts" />
    <rdf:type rdf:resource="http://dbpedia.org/ontology/Artist" />
    <rdf:type rdf:resource="http://dbpedia.org/ontology/Agent" />
    <rdf:type rdf:resource="http://dbpedia.org/ontology/Person" />
    <rdf:type rdf:resource="http://dbpedia.org/class/yago/Artist109812338" />
    <rdf:type rdf:resource="http://dbpedia.org/class/yago/Alumnus109786338" />
    <rdf:type rdf:resource="http://dbpedia.org/class/yago/Person100007846" />
    <rdf:type rdf:resource="http://dbpedia.org/class/yago/Whole100003553" />
    <rdf:type rdf:resource="http://dbpedia.org/class/yago/LivingThing100004258" />
    <rdf:type rdf:resource="http://dbpedia.org/class/yago/Scholar110557854" />
    <rdf:type rdf:resource="http://schema.org/Person" />
    <rdf:type rdf:resource="http://dbpedia.org/class/yago/Creator109614315" />
    <rdf:type rdf:resource="http://dbpedia.org/class/yago/FrenchPainters" />
    <rdf:type rdf:resource="http://dbpedia.org/class/yago/Intellectual109621545" />
    <rdf:type rdf:resource="http://dbpedia.org/class/yago/CausalAgent100007347" />
    <rdf:type rdf:resource="http://dbpedia.org/class/yago/Organism100004475" />
    <rdf:type rdf:resource="http://dbpedia.org/class/yago/YagoLegalActor" />
    <rdf:type rdf:resource="http://dbpedia.org/class/yago/PhysicalEntity100001930" />
    <owl:sameAs rdf:resource="http://rdf.freebase.com/ns/m.080zxv" />
    <owl:sameAs rdf:resource="http://yago-knowledge.org/resource/Louis_Janmot" />
    <owl:sameAs rdf:resource="http://pl.dbpedia.org/resource/Louis_Janmot" />
    <owl:sameAs rdf:resource="http://ja.dbpedia.org/resource/ルイ・ジャンモ" />
    <owl:sameAs rdf:resource="http://www.wikidata.org/entity/Q1382422" />
    <owl:sameAs rdf:resource="http://it.dbpedia.org/resource/Louis_Janmot" />
    <owl:sameAs rdf:resource="http://dbpedia.org/resource/Louis_Janmot" />
    <owl:sameAs rdf:resource="http://de.dbpedia.org/resource/Louis_Janmot" />
    <owl:sameAs rdf:resource="http://fr.dbpedia.org/resource/Louis_Janmot" />
    <dcterms:subject rdf:resource="http://dbpedia.org/resource/Category:French_painters" />
    <dcterms:subject rdf:resource="http://dbpedia.org/resource/Category:Alumni_of_the_%C3%89cole_des_Beaux-Arts" />
    <dcterms:subject rdf:resource="http://dbpedia.org/resource/Category:1814_births" />
    <dcterms:subject rdf:resource="http://dbpedia.org/resource/Category:People_from_Lyon" />
    <dcterms:subject rdf:resource="http://dbpedia.org/resource/Category:1892_deaths" />
    <dbpedia-owl:abstract xml:lang="it"></dbpedia-owl:abstract>
    <dbpedia-owl:abstract xml:lang="en">Anne-François-Louis Janmot (21 May 1814–1 June 1892) was a French painter and poet.</dbpedia-owl:abstract>
    <dbpedia-owl:abstract xml:lang="fr">Anne-François-Louis Janmot, né et mort à Lyon les 21 mai 1814 et 1 juin 1892 est un poète et peintre de l&#39;École de Lyon.</dbpedia-owl:abstract>
    <dbpedia-owl:abstract xml:lang="ja">ルイ・ジャンモ（Louis Janmot、1814年5月21日 - 1892年6月1日）は、19世紀フランスのリヨン派の画家、詩人。ジャンモはロマン派と象徴主義の間を繋ぐ人物として見られており、ドイツのナザレ派やイギリスのラファエル前派と同様な神秘主義的、理想主義を有すると共にカトリック的傾向を強く有する画家であった。</dbpedia-owl:abstract>
    <dbpedia-owl:abstract xml:lang="de">Louis Janmot war ein französischer Maler und Dichter.</dbpedia-owl:abstract>
    <dbpedia-owl:abstract xml:lang="pl">Anne-François-Louis Janmot – francuski malarz i poeta. Urodził się w Lyonie, studiował sztukę w Ecole des Beaux-Arts w Lyonie, następnie w Paryżu i Rzymie. Był uczniem Jeana Ingresa, do Lyonu powrócił w 1836. Malował obrazy religijne i symboliczne, wykonywał też dekoracje kościelne. Twórczość Janmnota cechuje idealizm i mistycyzm, a także podobieństwo do prerafaelitów i nazareńczyków. Krytycy zwracali uwagę, że stosowana przez niego technika malarska ukształtowała się wpływem Ingresa, natomiast emocjonalnie i intelektualnie dzieła artysty przypominają warsztat Delacroix. Dziełem życia Janmota był cykl La Poème de l&#39;âme (Poemat o duszy), nad którym pracował w latach 1835-1855. Uzupełnieniem 18. obrazów był poemat napisany przez malarza. La Poème de l&#39;âme eksponowano na wystawie światowej w Paryżu w 1855 (Paris Exposition Universelle). Przypisy</dbpedia-owl:abstract>
    <dbpedia-owl:individualisedPnd xml:lang="de">119190672</dbpedia-owl:individualisedPnd>
    <dbpedia-owl:wikiPageID rdf:datatype="http://www.w3.org/2001/XMLSchema#integer">2757303</dbpedia-owl:wikiPageID>
    <dbpedia-owl:wikiPageRevisionID rdf:datatype="http://www.w3.org/2001/XMLSchema#integer">540919807</dbpedia-owl:wikiPageRevisionID>
    <rdfs:label xml:lang="de">Louis Janmot</rdfs:label>
    <rdfs:label xml:lang="en">Louis Janmot</rdfs:label>
    <rdfs:label xml:lang="pl">Louis Janmot</rdfs:label>
    <rdfs:label xml:lang="fr">Louis Janmot</rdfs:label>
    <rdfs:label xml:lang="it">Louis Janmot</rdfs:label>
    <rdfs:label xml:lang="ja">ルイ・ジャンモ</rdfs:label>
    <foaf:depiction rdf:resource="http://upload.wikimedia.org/wikipedia/commons/c/cf/Louis_Janmot_-_Portrait_de_l&#39;artiste.jpg" />
    <rdfs:comment xml:lang="pl">Anne-François-Louis Janmot – francuski malarz i poeta. Urodził się w Lyonie, studiował sztukę w Ecole des Beaux-Arts w Lyonie, następnie w Paryżu i Rzymie. Był uczniem Jeana Ingresa, do Lyonu powrócił w 1836. Malował obrazy religijne i symboliczne, wykonywał też dekoracje kościelne. Twórczość Janmnota cechuje idealizm i mistycyzm, a także podobieństwo do prerafaelitów i nazareńczyków.</rdfs:comment>
    <rdfs:comment xml:lang="fr">Anne-François-Louis Janmot, né et mort à Lyon les 21 mai 1814 et 1 juin 1892 est un poète et peintre de l&#39;École de Lyon.</rdfs:comment>
    <rdfs:comment xml:lang="de">Louis Janmot war ein französischer Maler und Dichter.</rdfs:comment>
    <rdfs:comment xml:lang="ja">ルイ・ジャンモ（Louis Janmot、1814年5月21日 - 1892年6月1日）は、19世紀フランスのリヨン派の画家、詩人。ジャンモはロマン派と象徴主義の間を繋ぐ人物として見られており、ドイツのナザレ派やイギリスのラファエル前派と同様な神秘主義的、理想主義を有すると共にカトリック的傾向を強く有する画家であった。</rdfs:comment>
    <rdfs:comment xml:lang="en">Anne-François-Louis Janmot (21 May 1814–1 June 1892) was a French painter and poet.</rdfs:comment>
    <rdfs:comment xml:lang="it"></rdfs:comment>
    <foaf:name xml:lang="en">Louis Janmot</foaf:name>
    <dbpedia-owl:thumbnail rdf:resource="http://upload.wikimedia.org/wikipedia/commons/thumb/c/cf/Louis_Janmot_-_Portrait_de_l&#39;artiste.jpg/200px-Louis_Janmot_-_Portrait_de_l&#39;artiste.jpg" />
    <dbpedia-owl:wikiPageExternalLink rdf:resource="https://www.artrenewal.org/pages/artist.php?artistid=959&amp;page=2" />
    <dbpedia-owl:wikiPageExternalLink rdf:resource="http://www.theartofpainting.be/AOS-Soul.htm" />
    <dbpedia-owl:wikiPageExternalLink rdf:resource="http://www.mba-lyon.fr/mba/sections/fr/collections-musee/peintures/oeuvres-peintures/xixe_siecle/le_poeme_de_lame?&amp;startingReq=/sections/fr/collections-musee/peintures/oeuvres-peintures&amp;from_url=http%3A//www.mba-lyon.fr/mba/sections/fr/collections-musee/peintures/oeuvres-peintures%3Fb_start%3Aint%3D40" />
    <dbpedia-owl:wikiPageExternalLink rdf:resource="http://www.mba-lyon.fr/" />
    <dbpprop:dateOfBirth rdf:datatype="http://www.w3.org/2001/XMLSchema#integer">1814</dbpprop:dateOfBirth>
    <dbpprop:dateOfDeath rdf:datatype="http://www.w3.org/2001/XMLSchema#integer">1892</dbpprop:dateOfDeath>
    <dbpprop:name xml:lang="en">Janmot, Louis</dbpprop:name>
    <dbpprop:shortDescription xml:lang="en">French painter</dbpprop:shortDescription>
    <foaf:givenName xml:lang="en">Louis</foaf:givenName>
    <foaf:isPrimaryTopicOf rdf:resource="http://en.wikipedia.org/wiki/Louis_Janmot" />
    <dc:description xml:lang="en">French painter</dc:description>
    <ns8:wasDerivedFrom rdf:resource="http://en.wikipedia.org/wiki/Louis_Janmot?oldid=540919807" />
    <dbpprop:hasPhotoCollection rdf:resource="http://wifo5-03.informatik.uni-mannheim.de/flickrwrappr/photos/Louis_Janmot" />
    <foaf:surname xml:lang="en">Janmot</foaf:surname>
  </rdf:Description>
  <rdf:Description rdf:about="http://en.wikipedia.org/wiki/Louis_Janmot">
    <foaf:primaryTopic rdf:resource="http://dbpedia.org/resource/Louis_Janmot" />
  </rdf:Description>
  <rdf:Description rdf:about="http://it.dbpedia.org/resource/Louis_Janmot">
    <owl:sameAs rdf:resource="http://dbpedia.org/resource/Louis_Janmot" />
  </rdf:Description>
  <rdf:Description rdf:about="http://dbpedia.org/resource/Flower_of_the_Fields">
    <dbpedia-owl:author rdf:resource="http://dbpedia.org/resource/Louis_Janmot" />
    <dbpprop:artist rdf:resource="http://dbpedia.org/resource/Louis_Janmot" />
  </rdf:Description>
  <rdf:Description rdf:about="http://wikidata.dbpedia.org/resource/Q1382422">
    <owl:sameAs rdf:resource="http://dbpedia.org/resource/Louis_Janmot" />
  </rdf:Description>
</rdf:RDF>
