<?xml version="1.0" encoding="utf-8" ?>
<rdf:RDF
	xmlns:rdf="http://www.w3.org/1999/02/22-rdf-syntax-ns#"
	xmlns:rdfs="http://www.w3.org/2000/01/rdf-schema#"
	xmlns:owl="http://www.w3.org/2002/07/owl#"
	xmlns:dcterms="http://purl.org/dc/terms/"
	xmlns:dbpedia-owl="http://dbpedia.org/ontology/"
	xmlns:foaf="http://xmlns.com/foaf/0.1/"
	xmlns:dbpprop="http://dbpedia.org/property/"
	xmlns:dc="http://purl.org/dc/elements/1.1/"
	xmlns:ns8="http://www.w3.org/ns/prov#" >
  <rdf:Description rdf:about="http://es.dbpedia.org/resource/Melchior_d&#39;Hondecoeter">
    <owl:sameAs rdf:resource="http://dbpedia.org/resource/Melchior_d&#39;Hondecoeter" />
  </rdf:Description>
  <rdf:Description rdf:about="http://pl.dbpedia.org/resource/Melchior_de_Hondecoeter">
    <owl:sameAs rdf:resource="http://dbpedia.org/resource/Melchior_d&#39;Hondecoeter" />
  </rdf:Description>
  <rdf:Description rdf:about="http://dbpedia.org/resource/Melchior_de_Hondecoeter">
    <dbpedia-owl:wikiPageRedirects rdf:resource="http://dbpedia.org/resource/Melchior_d&#39;Hondecoeter" />
  </rdf:Description>
  <rdf:Description rdf:about="http://dbpedia.org/resource/The_Floating_Feather">
    <dbpedia-owl:author rdf:resource="http://dbpedia.org/resource/Melchior_d&#39;Hondecoeter" />
    <dbpprop:artist rdf:resource="http://dbpedia.org/resource/Melchior_d&#39;Hondecoeter" />
  </rdf:Description>
  <rdf:Description rdf:about="http://fr.dbpedia.org/resource/Melchior_d&#39;Hondecoeter">
    <owl:sameAs rdf:resource="http://dbpedia.org/resource/Melchior_d&#39;Hondecoeter" />
  </rdf:Description>
  <rdf:Description rdf:about="http://dbpedia.org/resource/Melchior_Hondecoeter">
    <dbpedia-owl:wikiPageRedirects rdf:resource="http://dbpedia.org/resource/Melchior_d&#39;Hondecoeter" />
  </rdf:Description>
  <rdf:Description rdf:about="http://dbpedia.org/resource/Melchior">
    <dbpedia-owl:wikiPageDisambiguates rdf:resource="http://dbpedia.org/resource/Melchior_d&#39;Hondecoeter" />
  </rdf:Description>
  <rdf:Description rdf:about="http://dbpedia.org/resource/Melchior_d&#39;Hondecoeter">
    <rdf:type rdf:resource="http://dbpedia.org/class/yago/Object100002684" />
    <rdf:type rdf:resource="http://dbpedia.org/class/yago/Artist109812338" />
    <rdf:type rdf:resource="http://dbpedia.org/class/yago/CausalAgent100007347" />
    <rdf:type rdf:resource="http://dbpedia.org/class/yago/Organism100004475" />
    <rdf:type rdf:resource="http://dbpedia.org/class/yago/YagoLegalActor" />
    <rdf:type rdf:resource="http://www.w3.org/2002/07/owl#Thing" />
    <rdf:type rdf:resource="http://dbpedia.org/class/yago/Whole100003553" />
    <rdf:type rdf:resource="http://dbpedia.org/class/yago/LivingThing100004258" />
    <rdf:type rdf:resource="http://dbpedia.org/class/yago/DutchGoldenAgePainters" />
    <rdf:type rdf:resource="http://dbpedia.org/class/yago/Painter110391653" />
    <rdf:type rdf:resource="http://dbpedia.org/class/yago/PeopleFromUtrecht(city)" />
    <rdf:type rdf:resource="http://dbpedia.org/class/yago/PhysicalEntity100001930" />
    <rdf:type rdf:resource="http://schema.org/Person" />
    <rdf:type rdf:resource="http://xmlns.com/foaf/0.1/Person" />
    <rdf:type rdf:resource="http://dbpedia.org/class/yago/Person100007846" />
    <rdf:type rdf:resource="http://dbpedia.org/class/yago/Creator109614315" />
    <rdf:type rdf:resource="http://dbpedia.org/ontology/Person" />
    <rdf:type rdf:resource="http://dbpedia.org/class/yago/DutchBirdArtists" />
    <rdf:type rdf:resource="http://dbpedia.org/ontology/Artist" />
    <rdf:type rdf:resource="http://dbpedia.org/ontology/Agent" />
    <rdf:type rdf:resource="http://dbpedia.org/class/yago/YagoLegalActorGeo" />
    <owl:sameAs rdf:resource="http://rdf.freebase.com/ns/m.05g6py" />
    <owl:sameAs rdf:resource="http://pl.dbpedia.org/resource/Melchior_de_Hondecoeter" />
    <owl:sameAs rdf:resource="http://sv.dbpedia.org/resource/Melchior_d&#39;Hondecoeter" />
    <owl:sameAs rdf:resource="http://ru.dbpedia.org/resource/Хондекутер,_Мельхиор_де" />
    <owl:sameAs rdf:resource="http://nl.dbpedia.org/resource/Melchior_de_Hondecoeter" />
    <owl:sameAs rdf:resource="http://de.dbpedia.org/resource/Melchior_de_Hondecoeter" />
    <owl:sameAs rdf:resource="http://dbpedia.org/resource/Melchior_d&#39;Hondecoeter" />
    <owl:sameAs rdf:resource="http://www.wikidata.org/entity/Q304411" />
    <owl:sameAs rdf:resource="http://es.dbpedia.org/resource/Melchior_d&#39;Hondecoeter" />
    <owl:sameAs rdf:resource="http://la.dbpedia.org/resource/Melchior_de_Hondecoeter" />
    <owl:sameAs rdf:resource="http://it.dbpedia.org/resource/Melchior_d&#39;Hondecoeter" />
    <owl:sameAs rdf:resource="http://yago-knowledge.org/resource/Melchior_d&#39;Hondecoeter" />
    <owl:sameAs rdf:resource="http://fr.dbpedia.org/resource/Melchior_d&#39;Hondecoeter" />
    <dcterms:subject rdf:resource="http://dbpedia.org/resource/Category:1695_deaths" />
    <dcterms:subject rdf:resource="http://dbpedia.org/resource/Category:Dutch_Golden_Age_painters" />
    <dcterms:subject rdf:resource="http://dbpedia.org/resource/Category:1630s_births" />
    <dcterms:subject rdf:resource="http://dbpedia.org/resource/Category:Dutch_bird_artists" />
    <dcterms:subject rdf:resource="http://dbpedia.org/resource/Category:People_from_Utrecht_(city)" />
    <dbpedia-owl:abstract xml:lang="nl">| |- | |- |} Melchior de Hondecoeter of d&#39;Hondecoeter was een Nederlands kunstschilder. De Hondecoeter specialiseerde zich in afbeeldingen van vogels, vooral pluimvee en exotische vogels, afkomstig uit verschillende werelddelen, zittend op een balustrade of lopend in een park. Zijn werk heeft geen politieke of moralistische betekenis. Het creëren van een levendige voorstelling was mogelijk zijn belangrijkste doelstelling. Zijn werk is decoratief van aard: niet alleen ganzen, kramsvogel, patrijs, duif, eend, ekster, pauw, maar ook de Afrikaanse, Aziatische saruskraanvogel, Australische kleine geelkuifkaketoe en zelfs een Indonesische vrouwenlori en twee grijskopagapornissen uit Madagaskar bevolken Hondecoeters schilderijen.</dbpedia-owl:abstract>
    <dbpedia-owl:abstract xml:lang="pl">Melchior de Hondecoeter lub d&#39;Hondecoeter – barokowy malarz holenderski, animalista. Urodził się w rodzinie o tradycjach artystycznych, jego dziadek Gillis de Hondecoeter, ojciec Gijsbert de Hondecoeter i stryj Jan Baptist Weenix również byli malarzami. Nauczycielem Melchora był początkowo ojciec, a po jego śmierci stryj. W latach 1659-1563 artysta pracował w Hadze, później przeniósł się do Amsterdamu, gdzie w 1663 ożenił się z Susanne Tradel. Pracował m. in. na zlecenie Wilhelma III Orańskiego wykonując malowidła do pałacu Soestdijk, oficjalnej siedziby książąt Oranii-Nassau. Melchior de Hondecoeter znany jest głównie z przedstawień ptaków, szczególnie drobiu i ptaków egzotycznych, były to wielkie malowidła dekoracyjne jak i mniejsze formy. Jego prace odznaczają się bogatą, żywą kolorystyką i realistycznym bogactwem szczegółów. Pierwsze obrazy miały proste kompozycje, później za tło służyły podwórza, dziedzińce i barokowe ogrody wzbogacone o elementy architektoniczne. Wiele obrazów przedstawia dynamiczne sceny, takie jak walki kogutów czy ataki ptaków drapieżnych, częstym tematem są także sceny z polowań. Ze względu na artystyczne mistrzostwo Hondecoetera nazywano Rafaelem ptaków. Prace malarza posiadają Rijksmuseum w Amsterdamie, Ermitaż w Sankt Petersburgu, Wallace Collection i Belton House w Anglii oraz inne muzea i kolekcje w europejskie i amerykańskie. W Muzeum Narodowym w Warszawie znajduje się obraz Ptactwo domowe z bażantem i pawiami. W zbiorach Muzeum Miejskiego w Gdańsku do 1945 znajdowała się martwa natura Hondecoetera, została jednak zagrabiona przez Armię Czerwoną i wywieziona do Związku Radzieckiego, obraz odnalazł się we Francji po czym z sukcesem został w 2010 rewindykowany do Polski.</dbpedia-owl:abstract>
    <dbpedia-owl:abstract xml:lang="fr">Melchior d&#39;Hondecoeter est un peintre hollandais. Il fut un spécialiste de la peinture d&#39;oiseaux exotiques.</dbpedia-owl:abstract>
    <dbpedia-owl:abstract xml:lang="ru">Мельхиор де Хондекутер (нидерл.  Melchior d&#39;Hondecoeter, около 1636 — 3.4.1695) — нидерландский художник-анималист. Родился в Утрехте, с 1659 работал в Гааге, с 1663 — в Амстердаме. На своих картинах рисовал преимущественно птиц — часто экзотических или в виде охотничьих трофеев — на фоне парковых ландшафов. Современники прозвали его «Птичьим Рафаэлем» (нидерл.  Raphaël van de vogels). Несколько его работ («Птицы в парке», «Домашние птицы», «Охотничьи трофеи») хранится в коллекции «Эрмитажа».</dbpedia-owl:abstract>
    <dbpedia-owl:abstract xml:lang="es">Melchior d&#39;Hondecoeter (Utrecht, 1636 - Ámsterdam, 3 de abril de 1695), fue un pintor holandés de género animalístico, especialista en pájaros exóticos (se le dio el sombrenombre de El Rafael de los pájaros). Es el más célebre de una familia de artistas procedente de Amberes, que se desplazó a Holanda a causa de su religión protestante. Su padre fue Gijsbert d&#39;Hondecoeter y su abuelo, Gillis d&#39;Hondecoeter. Tras estudiar con su padre (fallecido en 1653), tuvo como maestro a Jan Baptist Weenix (que estaba casado con la hermana del fallecido). Trabajó en La Haya, donde se hizo miembro del Sint-Lucasgilde ("Gremio de San Lucas", 1659), y se trasladó a Ámsterdam (1664). Recibió el encargo de decorar el palacio de Adolphe Visscher en Driemond con más de cincuenta cuadro de aves. También trabajó para Guillermo III, en la menagerie del palacio de Het Loo, y en los palacios de Bensberg y Oraniestein. En la última época de su vida, superado por sus competidores se vio reducido casi a la pobreza, debiendo pasar a vivir en casa de su hija.</dbpedia-owl:abstract>
    <dbpedia-owl:abstract xml:lang="en">Melchior d&#39;Hondecoeter (c. 1636 – 3 April 1695), Dutch animalier painter, was born in Utrecht and died in Amsterdam. After the start of his career, he painted virtually exclusively bird subjects, usually exotic or game, in park-like landscapes. Hondecoeter’s paintings featured geese (brent goose, Egyptian brent and red-breasted brent), fieldfares, partridges, pigeons, ducks, magpies and peacocks, but also African grey crowned cranes, Asian sarus cranes, Indonesian Yellow-crested Cockatoos, an Indonesian Purple-naped Lory and Grey-headed Lovebirds from Madagascar.</dbpedia-owl:abstract>
    <dbpedia-owl:abstract xml:lang="it"></dbpedia-owl:abstract>
    <dbpedia-owl:abstract xml:lang="sv">Melchior d&#39;Hondecoeter, född 1636, död 4 april 1695, var en holländsk konstnär, son till konstnären Gijsbert Gilliszon Hondecoeter och sonson till Gillis Claeszon Hondecoeter. d&#39;Hondecoeter var 1600-talets främste fågelmålare i Holland, genom sina praktfulla bilder av döda eller levande fåglar, i första hand höns men även kalkoner, ankor, påfåglar och mer exotiska fåglar. Hans målningar har ofta ett dramatiskt moment, kamp mellan tuppar, djur på rov och så vidare. Hans oljemålning "Döda fåglar" finns på Nationalmuseum i Stockholm.</dbpedia-owl:abstract>
    <dbpedia-owl:abstract xml:lang="de">Melchior de Hondecoeter, auch Melchior d’Hondecoeter war ein niederländischer Tiermaler.</dbpedia-owl:abstract>
    <dbpedia-owl:wikiPageID rdf:datatype="http://www.w3.org/2001/XMLSchema#integer">1607084</dbpedia-owl:wikiPageID>
    <dbpedia-owl:wikiPageRevisionID rdf:datatype="http://www.w3.org/2001/XMLSchema#integer">540600291</dbpedia-owl:wikiPageRevisionID>
    <rdfs:label xml:lang="fr">Melchior d&#39;Hondecoeter</rdfs:label>
    <rdfs:label xml:lang="nl">Melchior de Hondecoeter</rdfs:label>
    <rdfs:label xml:lang="sv">Melchior d&#39;Hondecoeter</rdfs:label>
    <rdfs:label xml:lang="de">Melchior de Hondecoeter</rdfs:label>
    <rdfs:label xml:lang="en">Melchior d&#39;Hondecoeter</rdfs:label>
    <rdfs:label xml:lang="ru">Хондекутер, Мельхиор де</rdfs:label>
    <rdfs:label xml:lang="it">Melchior d&#39;Hondecoeter</rdfs:label>
    <rdfs:label xml:lang="es">Melchior d&#39;Hondecoeter</rdfs:label>
    <rdfs:label xml:lang="pl">Melchior de Hondecoeter</rdfs:label>
    <foaf:depiction rdf:resource="http://upload.wikimedia.org/wikipedia/commons/2/22/Portrait_of_Melchior_d&#39;Hondecoeter_001.jpg" />
    <rdfs:comment xml:lang="nl">| |- | |- |} Melchior de Hondecoeter of d&#39;Hondecoeter was een Nederlands kunstschilder. De Hondecoeter specialiseerde zich in afbeeldingen van vogels, vooral pluimvee en exotische vogels, afkomstig uit verschillende werelddelen, zittend op een balustrade of lopend in een park. Zijn werk heeft geen politieke of moralistische betekenis. Het creëren van een levendige voorstelling was mogelijk zijn belangrijkste doelstelling.</rdfs:comment>
    <rdfs:comment xml:lang="ru">Мельхиор де Хондекутер (нидерл.  Melchior d&#39;Hondecoeter, около 1636 — 3.4.1695) — нидерландский художник-анималист. Родился в Утрехте, с 1659 работал в Гааге, с 1663 — в Амстердаме. На своих картинах рисовал преимущественно птиц — часто экзотических или в виде охотничьих трофеев — на фоне парковых ландшафов. Современники прозвали его «Птичьим Рафаэлем» (нидерл.  Raphaël van de vogels). Несколько его работ («Птицы в парке», «Домашние птицы», «Охотничьи трофеи») хранится в коллекции «Эрмитажа».</rdfs:comment>
    <rdfs:comment xml:lang="es">Melchior d&#39;Hondecoeter (Utrecht, 1636 - Ámsterdam, 3 de abril de 1695), fue un pintor holandés de género animalístico, especialista en pájaros exóticos (se le dio el sombrenombre de El Rafael de los pájaros). Es el más célebre de una familia de artistas procedente de Amberes, que se desplazó a Holanda a causa de su religión protestante. Su padre fue Gijsbert d&#39;Hondecoeter y su abuelo, Gillis d&#39;Hondecoeter.</rdfs:comment>
    <rdfs:comment xml:lang="fr">Melchior d&#39;Hondecoeter est un peintre hollandais. Il fut un spécialiste de la peinture d&#39;oiseaux exotiques.</rdfs:comment>
    <rdfs:comment xml:lang="pl">Melchior de Hondecoeter lub d&#39;Hondecoeter – barokowy malarz holenderski, animalista. Urodził się w rodzinie o tradycjach artystycznych, jego dziadek Gillis de Hondecoeter, ojciec Gijsbert de Hondecoeter i stryj Jan Baptist Weenix również byli malarzami. Nauczycielem Melchora był początkowo ojciec, a po jego śmierci stryj. W latach 1659-1563 artysta pracował w Hadze, później przeniósł się do Amsterdamu, gdzie w 1663 ożenił się z Susanne Tradel. Pracował m. in.</rdfs:comment>
    <rdfs:comment xml:lang="de">Melchior de Hondecoeter, auch Melchior d’Hondecoeter war ein niederländischer Tiermaler.</rdfs:comment>
    <rdfs:comment xml:lang="sv">Melchior d&#39;Hondecoeter, född 1636, död 4 april 1695, var en holländsk konstnär, son till konstnären Gijsbert Gilliszon Hondecoeter och sonson till Gillis Claeszon Hondecoeter. d&#39;Hondecoeter var 1600-talets främste fågelmålare i Holland, genom sina praktfulla bilder av döda eller levande fåglar, i första hand höns men även kalkoner, ankor, påfåglar och mer exotiska fåglar. Hans målningar har ofta ett dramatiskt moment, kamp mellan tuppar, djur på rov och så vidare.</rdfs:comment>
    <rdfs:comment xml:lang="it"></rdfs:comment>
    <rdfs:comment xml:lang="en">Melchior d&#39;Hondecoeter (c. 1636 – 3 April 1695), Dutch animalier painter, was born in Utrecht and died in Amsterdam. After the start of his career, he painted virtually exclusively bird subjects, usually exotic or game, in park-like landscapes.</rdfs:comment>
    <foaf:name xml:lang="en">Melchior D&#39; Hondecoeter</foaf:name>
    <dbpedia-owl:thumbnail rdf:resource="http://upload.wikimedia.org/wikipedia/commons/thumb/2/22/Portrait_of_Melchior_d&#39;Hondecoeter_001.jpg/200px-Portrait_of_Melchior_d&#39;Hondecoeter_001.jpg" />
    <dbpedia-owl:wikiPageExternalLink rdf:resource="http://www.pubhist.com/person/764/melchior-d-hondecoeter" />
    <dbpedia-owl:wikiPageExternalLink rdf:resource="http://www.1911encyclopedia.org/Melchior_d&#39;Hondecoeter" />
    <dbpedia-owl:wikiPageExternalLink rdf:resource="http://www.intolerance-berlin.de/en/installation.html" />
    <dbpedia-owl:wikiPageExternalLink rdf:resource="http://www.rijksmuseum.nl/tentoonstellingen/hondecoeter?lang=en" />
    <dbpprop:article xml:lang="en">Melchior d&#39;Hondecoeter</dbpprop:article>
    <dbpprop:dateOfDeath rdf:datatype="http://www.w3.org/2001/XMLSchema#integer">1695</dbpprop:dateOfDeath>
    <dbpprop:name xml:lang="en">Hondecoeter, Melchior D&#39;</dbpprop:name>
    <dbpprop:shortDescription xml:lang="en">Dutch painter</dbpprop:shortDescription>
    <dbpprop:url rdf:resource="http://www.1911encyclopedia.org/Melchior_d&#39;Hondecoeter" />
    <foaf:givenName xml:lang="en">Melchior D&#39;</foaf:givenName>
    <foaf:isPrimaryTopicOf rdf:resource="http://en.wikipedia.org/wiki/Melchior_d&#39;Hondecoeter" />
    <dc:description xml:lang="en">Dutch painter</dc:description>
    <ns8:wasDerivedFrom rdf:resource="http://en.wikipedia.org/wiki/Melchior_d&#39;Hondecoeter?oldid=540600291" />
    <dbpprop:hasPhotoCollection rdf:resource="http://wifo5-03.informatik.uni-mannheim.de/flickrwrappr/photos/Melchior_d&#39;Hondecoeter" />
    <foaf:surname xml:lang="en">Hondecoeter</foaf:surname>
  </rdf:Description>
  <rdf:Description rdf:about="http://de.dbpedia.org/resource/Melchior_de_Hondecoeter">
    <owl:sameAs rdf:resource="http://dbpedia.org/resource/Melchior_d&#39;Hondecoeter" />
  </rdf:Description>
  <rdf:Description rdf:about="http://it.dbpedia.org/resource/Melchior_d&#39;Hondecoeter">
    <owl:sameAs rdf:resource="http://dbpedia.org/resource/Melchior_d&#39;Hondecoeter" />
  </rdf:Description>
  <rdf:Description rdf:about="http://dbpedia.org/resource/Melchior_d&#39;_Hondecoeter">
    <dbpedia-owl:wikiPageRedirects rdf:resource="http://dbpedia.org/resource/Melchior_d&#39;Hondecoeter" />
  </rdf:Description>
  <rdf:Description rdf:about="http://en.wikipedia.org/wiki/Melchior_d&#39;Hondecoeter">
    <foaf:primaryTopic rdf:resource="http://dbpedia.org/resource/Melchior_d&#39;Hondecoeter" />
  </rdf:Description>
  <rdf:Description rdf:about="http://dbpedia.org/resource/Melchior_Hondekoeter">
    <dbpedia-owl:wikiPageRedirects rdf:resource="http://dbpedia.org/resource/Melchior_d&#39;Hondecoeter" />
  </rdf:Description>
  <rdf:Description rdf:about="http://dbpedia.org/resource/Melchior_de_Hondekoeter">
    <dbpedia-owl:wikiPageRedirects rdf:resource="http://dbpedia.org/resource/Melchior_d&#39;Hondecoeter" />
  </rdf:Description>
  <rdf:Description rdf:about="http://ru.dbpedia.org/resource/Хондекутер,_Мельхиор_де">
    <owl:sameAs rdf:resource="http://dbpedia.org/resource/Melchior_d&#39;Hondecoeter" />
  </rdf:Description>
  <rdf:Description rdf:about="http://nl.dbpedia.org/resource/Melchior_de_Hondecoeter">
    <owl:sameAs rdf:resource="http://dbpedia.org/resource/Melchior_d&#39;Hondecoeter" />
  </rdf:Description>
  <rdf:Description rdf:about="http://wikidata.dbpedia.org/resource/Q304411">
    <owl:sameAs rdf:resource="http://dbpedia.org/resource/Melchior_d&#39;Hondecoeter" />
  </rdf:Description>
  <rdf:Description rdf:about="http://la.dbpedia.org/resource/Melchior_de_Hondecoeter">
    <owl:sameAs rdf:resource="http://dbpedia.org/resource/Melchior_d&#39;Hondecoeter" />
  </rdf:Description>
  <rdf:Description rdf:about="http://sv.dbpedia.org/resource/Melchior_d&#39;Hondecoeter">
    <owl:sameAs rdf:resource="http://dbpedia.org/resource/Melchior_d&#39;Hondecoeter" />
  </rdf:Description>
</rdf:RDF>
