<?xml version="1.0" encoding="utf-8" ?>
<rdf:RDF
	xmlns:rdf="http://www.w3.org/1999/02/22-rdf-syntax-ns#"
	xmlns:rdfs="http://www.w3.org/2000/01/rdf-schema#"
	xmlns:owl="http://www.w3.org/2002/07/owl#"
	xmlns:dcterms="http://purl.org/dc/terms/"
	xmlns:dbpedia-owl="http://dbpedia.org/ontology/"
	xmlns:foaf="http://xmlns.com/foaf/0.1/"
	xmlns:dbpprop="http://dbpedia.org/property/"
	xmlns:ns7="http://www.w3.org/ns/prov#" >
  <rdf:Description rdf:about="http://en.wikipedia.org/wiki/Niccolò_Antonio_Colantonio">
    <foaf:primaryTopic rdf:resource="http://dbpedia.org/resource/Niccol%C3%B2_Antonio_Colantonio" />
  </rdf:Description>
  <rdf:Description rdf:about="http://dbpedia.org/resource/Colantonio_del_Fiore">
    <dbpedia-owl:wikiPageRedirects rdf:resource="http://dbpedia.org/resource/Niccol%C3%B2_Antonio_Colantonio" />
  </rdf:Description>
  <rdf:Description rdf:about="http://dbpedia.org/resource/Niccolò_Antonio_Colantonio">
    <owl:sameAs rdf:resource="http://dbpedia.org/resource/Niccol%C3%B2_Antonio_Colantonio" />
  </rdf:Description>
  <rdf:Description rdf:about="http://dbpedia.org/resource/Niccol%C3%B2_Colantonio">
    <dbpedia-owl:wikiPageRedirects rdf:resource="http://dbpedia.org/resource/Niccol%C3%B2_Antonio_Colantonio" />
  </rdf:Description>
  <rdf:Description rdf:about="http://dbpedia.org/resource/Colantonio_del_fiore">
    <dbpedia-owl:wikiPageRedirects rdf:resource="http://dbpedia.org/resource/Niccol%C3%B2_Antonio_Colantonio" />
  </rdf:Description>
  <rdf:Description rdf:about="http://dbpedia.org/resource/Niccolo_Colantonio">
    <dbpedia-owl:wikiPageRedirects rdf:resource="http://dbpedia.org/resource/Niccol%C3%B2_Antonio_Colantonio" />
  </rdf:Description>
  <rdf:Description rdf:about="http://dbpedia.org/resource/Delivery_of_the_Franciscan_Rule">
    <dbpedia-owl:author rdf:resource="http://dbpedia.org/resource/Niccol%C3%B2_Antonio_Colantonio" />
    <dbpprop:artist rdf:resource="http://dbpedia.org/resource/Niccol%C3%B2_Antonio_Colantonio" />
  </rdf:Description>
  <rdf:Description rdf:about="http://dbpedia.org/resource/Niccol%C3%B2_Antonio_Colantonio">
    <rdf:type rdf:resource="http://dbpedia.org/class/yago/Artist109812338" />
    <rdf:type rdf:resource="http://dbpedia.org/class/yago/PhysicalEntity100001930" />
    <rdf:type rdf:resource="http://dbpedia.org/class/yago/Painter110391653" />
    <rdf:type rdf:resource="http://dbpedia.org/class/yago/NeapolitanPainters" />
    <rdf:type rdf:resource="http://dbpedia.org/class/yago/LivingThing100004258" />
    <rdf:type rdf:resource="http://dbpedia.org/class/yago/Creator109614315" />
    <rdf:type rdf:resource="http://dbpedia.org/class/yago/Object100002684" />
    <rdf:type rdf:resource="http://dbpedia.org/class/yago/QuattrocentoPainters" />
    <rdf:type rdf:resource="http://dbpedia.org/class/yago/Whole100003553" />
    <rdf:type rdf:resource="http://dbpedia.org/class/yago/YagoLegalActorGeo" />
    <rdf:type rdf:resource="http://dbpedia.org/class/yago/Person100007846" />
    <rdf:type rdf:resource="http://dbpedia.org/class/yago/PeopleFromNaples" />
    <rdf:type rdf:resource="http://dbpedia.org/class/yago/ItalianPainters" />
    <rdf:type rdf:resource="http://dbpedia.org/class/yago/CausalAgent100007347" />
    <rdf:type rdf:resource="http://dbpedia.org/class/yago/Organism100004475" />
    <rdf:type rdf:resource="http://dbpedia.org/class/yago/YagoLegalActor" />
    <owl:sameAs rdf:resource="http://yago-knowledge.org/resource/Niccolò_Antonio_Colantonio" />
    <owl:sameAs rdf:resource="http://ru.dbpedia.org/resource/Колантонио" />
    <owl:sameAs rdf:resource="http://es.dbpedia.org/resource/Colantonio" />
    <owl:sameAs rdf:resource="http://rdf.freebase.com/ns/m.0525xd" />
    <owl:sameAs rdf:resource="http://dbpedia.org/resource/Niccol%C3%B2_Antonio_Colantonio" />
    <owl:sameAs rdf:resource="http://pt.dbpedia.org/resource/Colantonio" />
    <owl:sameAs rdf:resource="http://it.dbpedia.org/resource/Colantonio" />
    <owl:sameAs rdf:resource="http://www.wikidata.org/entity/Q2273503" />
    <owl:sameAs rdf:resource="http://pl.dbpedia.org/resource/Niccolò_Antonio_Colantonio" />
    <owl:sameAs rdf:resource="http://fr.dbpedia.org/resource/Colantonio" />
    <dcterms:subject rdf:resource="http://dbpedia.org/resource/Category:15th-century_deaths" />
    <dcterms:subject rdf:resource="http://dbpedia.org/resource/Category:Quattrocento_painters" />
    <dcterms:subject rdf:resource="http://dbpedia.org/resource/Category:Year_of_death_unknown" />
    <dcterms:subject rdf:resource="http://dbpedia.org/resource/Category:Italian_painters" />
    <dcterms:subject rdf:resource="http://dbpedia.org/resource/Category:Neapolitan_painters" />
    <dcterms:subject rdf:resource="http://dbpedia.org/resource/Category:1420s_births" />
    <dcterms:subject rdf:resource="http://dbpedia.org/resource/Category:People_from_Naples" />
    <dbpedia-owl:abstract xml:lang="es">Niccolò Antonio, llamado Colantonio, fue un pintor napolitano, conocido por ser uno de los maestros de Antonello da Messina según el humanista napolitano Pietro Summonte, que en una carta fechada el 20 de marzo de 1524 informaba del estado en que se encontraba el arte en Nápoles y de las influencias flamencas, señalando a Colantonio como uno de esos maestros cuya técnica flamenca habría sido asimilada por Antonello.</dbpedia-owl:abstract>
    <dbpedia-owl:abstract xml:lang="en">Colantonio (born Niccolò Antonio) was an Italian painter, who was the outstanding native figure in the art of Naples in the Early Renaissance. Details of his life are obscure, though the Neapolitan Renaissance humanist Pietro Summonte (1463–1526) gave brief details in a letter to the Venetian Marcantonio Michiel in 1524. A birth-date of about 1420 is guesswork. Colantonio was active in Naples between about 1440 and 1460 or later. He was perhaps first patronized by René d&#39;Anjou, who ruled in Naples between 1438 and 1442. His last recorded commission is one by Queen Isabella in 1460, unless he is the Colantonio paid for decorating a room in the Castel Capuano in 1487. However Summonte says that he died young. His paintings show the mingling of several cultures, as Alfonso V of Aragon had brought to Naples artists from Iberia, including the Valencian Jacomart, Burgundy, Provence, and Flanders. He synthesised his own style from all these sources and he was one of the first artists in Southern Italy to learn the techniques of Early Netherlandish painting. He may have learnt these techniques from the Flemish artist Barthélemy d&#39;Eyck — a putative relative of Jan van Eyck — who seems to have been in Naples around 1440. His main surviving works are two large altarpieces. The first was in oil for San Lorenzo Maggiore, probably commissioned about 1445 by Alfonso, which was dispersed in the Napoleonic period. The main panel is Delivery of the Franciscan Rule, whose composition was probably inspired by a late thirteenth century fresco above the door of the Chapter House there, showing the saint giving his Rule to the Minor Friars and the Poor Clares. The fresco can be seen in the monastery Museum. The Colantonio painting hangs in the Museo di Capodimonte in Naples, along with Saint Jerome in his study, full of Netherlandish detail, which was also part of the altarpiece. This was strongly influenced by a Jan van Eyck of the same subject, then belonging to King Alfonso and in Naples. Other smaller panels are in various other collections. The second altarpiece still hangs in the church of San Pietro Martire in Naples, showing the Life of St Vincent Ferrer in eleven scenes, including figures which are portraits of Isabella and other members of the royal family. He is also attributed with a Deposition for San Domenico Maggiore, which draws on Rogier van der Weyden’s tapestries of scenes from the Passion (untraced), now lost but with some of the compositions known, which were then hanging in the Castel Nuovo in Naples. Outside Naples, he is known mainly for having been the teacher of the Sicilian Antonello da Messina, as Summonte records, probably some time between 1445 and 1455, who spread elements of his style, and northern oil painting technique, to other parts of Italy. The important Spanish painter Pedro Berruguete may also have been a pupil. There is a small Crucifixion in the Thyssen-Bornemisza Museum in Madrid that has been attributed to Colantonio by Roberto Longhi and various other experts (mostly Italian), and by others to Antonello, but is currently attributed to an "Anonymous Valencian Artist" by the museum.</dbpedia-owl:abstract>
    <dbpedia-owl:abstract xml:lang="ru">Колантонио (Никколо Антонио) — первый итальянский художник, начавший писать маслом. Известен главным образом тем, что был учителем Антонелло да Мессина.</dbpedia-owl:abstract>
    <dbpedia-owl:abstract xml:lang="fr">Colantonio, né Niccolò Antonio, est un peintre italien de la première Renaissance, actif entre 1440 et 1470 environ, qui a été le maître d&#39;Antonello de Messine.</dbpedia-owl:abstract>
    <dbpedia-owl:abstract xml:lang="pl">Niccolò Antonio Colantonio zw. Colantonio (ur. ok. 1420 w Neapolu, zm. 1460) – włoski malarz, nauczyciel Messiny. Prawdopodobnie był uczniem flamandzkiego miniaturzysty Barthelema d&#39;Eycka z Liege, sprowadzonego do Królestwa Neapolu przez mecenasa sztuki, księcia Prowansji Rene Andegaweńskiego. Na dworze królewskim przebywał jedynie cztery lata. W 1442 roku na tronie Neapolu zasiadł Alfons V Aragoński, który otaczał się artystami hiszpańskimi. Mieszanka stylów flamandzko-francusko-katalońskich miała wpływ na twórczość malarską Colantonio. Wpływy te widoczne są w dwóch tablicach, jedynych ocalałych dziełach artysty o udokumentowanych atrybucjach, przeznaczonych jako nastawy ołtarzowe: Święty Hieronim w pracowni z 1444 roku i Święty Franciszek wręczający regułę zakonną z 1445. Na pierwszej widoczne są wpływy flamandzkie, przejawiające się głównie w dbałości o szczegóły; na drugiej można dojrzeć cechy szkoły hiszpańskiej. Obie tablice znajdują się w neapolitańskim Museo di Capodimonte. Jego uczniami byli m. in. Antonello da Messina i Angiolillo Arcuccio.</dbpedia-owl:abstract>
    <dbpedia-owl:abstract xml:lang="pt">Colantonio (Niccolò Antonio, 1420 — ?) foi um pintor italiano, conhecido por ter sido o professor de Antonello da Messina. Há poucos detalhes sobre sua vida. Colantonio trabalhou em Nápoles entre 1440 e 1470. Suas pinturas mostram a fusão de várias culturas, pois Afonso V de Aragão tinha trazido para Nápoles artistas de várias partes do mundo: Península Ibérica, Borgonha, Provença e Flandres. Ele sintetizou tudo em um estilo único e foi um dos primeiros artistas do sul da Itália a aprender a técnica flamenga da pintura a óleo. É possível que tenha aprendido a técnica com o flamengo Barthélemy d&#39;Eyck, um parente de Jan van Eyck, que tinha estado em Nápoles em 1440. Sua obra mais famosa está no Museu de Capodimonte, em Nápoles, junto com outras de suas obras. Colantonio pode também ter sido o professor do pintor espanhol Pedro Berruguete.</dbpedia-owl:abstract>
    <dbpedia-owl:abstract xml:lang="it"></dbpedia-owl:abstract>
    <dbpedia-owl:abstract xml:lang="sv">Colantonio (egentligen Niccolò Antonio), född 1420, död cirka 1470, var en italiensk målare, aktiv i Neapel 1440–1470. Han var sannolikt lärare till Antonello da Messina.</dbpedia-owl:abstract>
    <dbpedia-owl:wikiPageID rdf:datatype="http://www.w3.org/2001/XMLSchema#integer">1445662</dbpedia-owl:wikiPageID>
    <dbpedia-owl:wikiPageRevisionID rdf:datatype="http://www.w3.org/2001/XMLSchema#integer">540630225</dbpedia-owl:wikiPageRevisionID>
    <rdfs:label xml:lang="es">Colantonio</rdfs:label>
    <rdfs:label xml:lang="ru">Колантонио</rdfs:label>
    <rdfs:label xml:lang="pt">Colantonio</rdfs:label>
    <rdfs:label xml:lang="it">Colantonio</rdfs:label>
    <rdfs:label xml:lang="pl">Niccolò Antonio Colantonio</rdfs:label>
    <rdfs:label xml:lang="en">Niccolò Antonio Colantonio</rdfs:label>
    <rdfs:label xml:lang="fr">Colantonio</rdfs:label>
    <rdfs:label xml:lang="sv">Colantonio</rdfs:label>
    <foaf:depiction rdf:resource="http://upload.wikimedia.org/wikipedia/commons/f/fb/Colantonio_002.jpg" />
    <rdfs:comment xml:lang="pt">Colantonio (Niccolò Antonio, 1420 — ?) foi um pintor italiano, conhecido por ter sido o professor de Antonello da Messina. Há poucos detalhes sobre sua vida. Colantonio trabalhou em Nápoles entre 1440 e 1470. Suas pinturas mostram a fusão de várias culturas, pois Afonso V de Aragão tinha trazido para Nápoles artistas de várias partes do mundo: Península Ibérica, Borgonha, Provença e Flandres.</rdfs:comment>
    <rdfs:comment xml:lang="pl">Niccolò Antonio Colantonio zw. Colantonio (ur. ok. 1420 w Neapolu, zm. 1460) – włoski malarz, nauczyciel Messiny. Prawdopodobnie był uczniem flamandzkiego miniaturzysty Barthelema d&#39;Eycka z Liege, sprowadzonego do Królestwa Neapolu przez mecenasa sztuki, księcia Prowansji Rene Andegaweńskiego. Na dworze królewskim przebywał jedynie cztery lata. W 1442 roku na tronie Neapolu zasiadł Alfons V Aragoński, który otaczał się artystami hiszpańskimi.</rdfs:comment>
    <rdfs:comment xml:lang="it"></rdfs:comment>
    <rdfs:comment xml:lang="fr">Colantonio, né Niccolò Antonio, est un peintre italien de la première Renaissance, actif entre 1440 et 1470 environ, qui a été le maître d&#39;Antonello de Messine.</rdfs:comment>
    <rdfs:comment xml:lang="sv">Colantonio (egentligen Niccolò Antonio), född 1420, död cirka 1470, var en italiensk målare, aktiv i Neapel 1440–1470. Han var sannolikt lärare till Antonello da Messina.</rdfs:comment>
    <rdfs:comment xml:lang="es">Niccolò Antonio, llamado Colantonio, fue un pintor napolitano, conocido por ser uno de los maestros de Antonello da Messina según el humanista napolitano Pietro Summonte, que en una carta fechada el 20 de marzo de 1524 informaba del estado en que se encontraba el arte en Nápoles y de las influencias flamencas, señalando a Colantonio como uno de esos maestros cuya técnica flamenca habría sido asimilada por Antonello.</rdfs:comment>
    <rdfs:comment xml:lang="ru">Колантонио (Никколо Антонио) — первый итальянский художник, начавший писать маслом. Известен главным образом тем, что был учителем Антонелло да Мессина.</rdfs:comment>
    <rdfs:comment xml:lang="en">Colantonio (born Niccolò Antonio) was an Italian painter, who was the outstanding native figure in the art of Naples in the Early Renaissance. Details of his life are obscure, though the Neapolitan Renaissance humanist Pietro Summonte (1463–1526) gave brief details in a letter to the Venetian Marcantonio Michiel in 1524. A birth-date of about 1420 is guesswork. Colantonio was active in Naples between about 1440 and 1460 or later.</rdfs:comment>
    <dbpedia-owl:thumbnail rdf:resource="http://upload.wikimedia.org/wikipedia/commons/thumb/f/fb/Colantonio_002.jpg/200px-Colantonio_002.jpg" />
    <dbpedia-owl:wikiPageExternalLink rdf:resource="http://www.oxfordartonline.com/subscriber/article/grove/art/T018515" />
    <dbpedia-owl:wikiPageExternalLink rdf:resource="http://books.google.co.uk/books?id=ub_XZK1F-8UC&amp;pg=PA12&amp;dq=Colantonio+naples&amp;hl=en&amp;ei=BJnOTtyHJ8TY8AOk9NDiDw&amp;sa=X&amp;oi=book_result&amp;ct=result&amp;resnum=1&amp;ved=0CC8Q6AEwAA#v=onepage&amp;q=Colantonio%20naples&amp;f=false" />
    <foaf:isPrimaryTopicOf rdf:resource="http://en.wikipedia.org/wiki/Niccolò_Antonio_Colantonio" />
    <ns7:wasDerivedFrom rdf:resource="http://en.wikipedia.org/wiki/Niccolò_Antonio_Colantonio?oldid=540630225" />
    <dbpprop:hasPhotoCollection rdf:resource="http://wifo5-03.informatik.uni-mannheim.de/flickrwrappr/photos/Niccolò_Antonio_Colantonio" />
  </rdf:Description>
  <rdf:Description rdf:about="http://dbpedia.org/resource/Colantonio">
    <dbpedia-owl:wikiPageRedirects rdf:resource="http://dbpedia.org/resource/Niccol%C3%B2_Antonio_Colantonio" />
  </rdf:Description>
  <rdf:Description rdf:about="http://dbpedia.org/resource/Niccolo_Antonio_Colantonio">
    <dbpedia-owl:wikiPageRedirects rdf:resource="http://dbpedia.org/resource/Niccol%C3%B2_Antonio_Colantonio" />
  </rdf:Description>
</rdf:RDF>
