<?xml version="1.0" encoding="utf-8" ?>
<rdf:RDF
	xmlns:rdf="http://www.w3.org/1999/02/22-rdf-syntax-ns#"
	xmlns:rdfs="http://www.w3.org/2000/01/rdf-schema#"
	xmlns:owl="http://www.w3.org/2002/07/owl#"
	xmlns:dcterms="http://purl.org/dc/terms/"
	xmlns:dbpedia-owl="http://dbpedia.org/ontology/"
	xmlns:foaf="http://xmlns.com/foaf/0.1/"
	xmlns:dbpprop="http://dbpedia.org/property/"
	xmlns:dc="http://purl.org/dc/elements/1.1/"
	xmlns:ns8="http://www.w3.org/ns/prov#" >
  <rdf:Description rdf:about="http://dbpedia.org/resource/Albert_Gleizes">
    <dbpedia-owl:influencedBy rdf:resource="http://dbpedia.org/resource/Paul_C%C3%A9zanne" />
    <dbpprop:influencedBy rdf:resource="http://dbpedia.org/resource/Paul_C%C3%A9zanne" />
  </rdf:Description>
  <rdf:Description rdf:about="http://dbpedia.org/resource/Camille_Pissarro">
    <dbpedia-owl:influenced rdf:resource="http://dbpedia.org/resource/Paul_C%C3%A9zanne" />
    <dbpprop:influenced rdf:resource="http://dbpedia.org/resource/Paul_C%C3%A9zanne" />
  </rdf:Description>
  <rdf:Description rdf:about="http://dbpedia.org/resource/Paul_C%C3%A9zanne">
    <rdf:type rdf:resource="http://dbpedia.org/class/yago/Artist109812338" />
    <rdf:type rdf:resource="http://dbpedia.org/class/yago/Alumnus109786338" />
    <rdf:type rdf:resource="http://dbpedia.org/class/yago/Scholar110557854" />
    <rdf:type rdf:resource="http://dbpedia.org/class/yago/LivingThing100004258" />
    <rdf:type rdf:resource="http://www.w3.org/2002/07/owl#Thing" />
    <rdf:type rdf:resource="http://dbpedia.org/class/yago/Painter110391653" />
    <rdf:type rdf:resource="http://dbpedia.org/class/yago/CausalAgent100007347" />
    <rdf:type rdf:resource="http://umbel.org/umbel/rc/Artist" />
    <rdf:type rdf:resource="http://dbpedia.org/class/yago/Organism100004475" />
    <rdf:type rdf:resource="http://dbpedia.org/class/yago/YagoLegalActor" />
    <rdf:type rdf:resource="http://dbpedia.org/class/yago/Creator109614315" />
    <rdf:type rdf:resource="http://umbel.org/umbel/rc/PersonWithOccupation" />
    <rdf:type rdf:resource="http://dbpedia.org/class/yago/Object100002684" />
    <rdf:type rdf:resource="http://dbpedia.org/class/yago/Aix-MarseilleUniversityAlumni" />
    <rdf:type rdf:resource="http://dbpedia.org/class/yago/StillLifePainters" />
    <rdf:type rdf:resource="http://dbpedia.org/class/yago/FrenchPeopleOfItalianDescent" />
    <rdf:type rdf:resource="http://dbpedia.org/class/yago/YagoLegalActorGeo" />
    <rdf:type rdf:resource="http://dbpedia.org/ontology/Artist" />
    <rdf:type rdf:resource="http://dbpedia.org/ontology/Agent" />
    <rdf:type rdf:resource="http://schema.org/Person" />
    <rdf:type rdf:resource="http://dbpedia.org/class/yago/Person100007846" />
    <rdf:type rdf:resource="http://dbpedia.org/class/yago/Post-impressionistPainters" />
    <rdf:type rdf:resource="http://dbpedia.org/class/yago/Intellectual109621545" />
    <rdf:type rdf:resource="http://dbpedia.org/ontology/Person" />
    <rdf:type rdf:resource="http://dbpedia.org/class/yago/PeopleFromAix-en-Provence" />
    <rdf:type rdf:resource="http://dbpedia.org/class/yago/PhysicalEntity100001930" />
    <rdf:type rdf:resource="http://dbpedia.org/class/yago/Whole100003553" />
    <rdf:type rdf:resource="http://dbpedia.org/class/yago/FrenchPainters" />
    <rdf:type rdf:resource="http://xmlns.com/foaf/0.1/Person" />
    <owl:sameAs rdf:resource="http://www.wikidata.org/entity/Q35548" />
    <owl:sameAs rdf:resource="http://rdf.freebase.com/ns/m.063mx" />
    <owl:sameAs rdf:resource="http://el.dbpedia.org/resource/Πωλ_Σεζάν" />
    <owl:sameAs rdf:resource="http://dbpedia.org/resource/Paul_C%C3%A9zanne" />
    <owl:sameAs rdf:resource="http://cs.dbpedia.org/resource/Paul_Cézanne" />
    <owl:sameAs rdf:resource="http://yago-knowledge.org/resource/Paul_Cézanne" />
    <owl:sameAs rdf:resource="http://es.dbpedia.org/resource/Paul_Cézanne" />
    <owl:sameAs rdf:resource="http://ru.dbpedia.org/resource/Сезанн,_Поль" />
    <owl:sameAs rdf:resource="http://fr.dbpedia.org/resource/Paul_Cézanne" />
    <owl:sameAs rdf:resource="http://ko.dbpedia.org/resource/폴_세잔" />
    <owl:sameAs rdf:resource="http://pl.dbpedia.org/resource/Paul_Cézanne" />
    <owl:sameAs rdf:resource="http://it.dbpedia.org/resource/Paul_Cézanne" />
    <owl:sameAs rdf:resource="http://nl.dbpedia.org/resource/Paul_Cézanne" />
    <owl:sameAs rdf:resource="http://eu.dbpedia.org/resource/Paul_Cézanne" />
    <owl:sameAs rdf:resource="http://pt.dbpedia.org/resource/Paul_Cézanne" />
    <owl:sameAs rdf:resource="http://ja.dbpedia.org/resource/ポール・セザンヌ" />
    <owl:sameAs rdf:resource="http://de.dbpedia.org/resource/Paul_Cézanne" />
    <dcterms:subject rdf:resource="http://dbpedia.org/resource/Category:French_people_of_Italian_descent" />
    <dcterms:subject rdf:resource="http://dbpedia.org/resource/Category:Deaths_from_pneumonia" />
    <dcterms:subject rdf:resource="http://dbpedia.org/resource/Category:French_Roman_Catholics" />
    <dcterms:subject rdf:resource="http://dbpedia.org/resource/Category:Still_life_painters" />
    <dcterms:subject rdf:resource="http://dbpedia.org/resource/Category:1839_births" />
    <dcterms:subject rdf:resource="http://dbpedia.org/resource/Category:French_painters" />
    <dcterms:subject rdf:resource="http://dbpedia.org/resource/Category:People_from_Aix-en-Provence" />
    <dcterms:subject rdf:resource="http://dbpedia.org/resource/Category:Aix-Marseille_University_alumni" />
    <dcterms:subject rdf:resource="http://dbpedia.org/resource/Category:Infectious_disease_deaths_in_France" />
    <dcterms:subject rdf:resource="http://dbpedia.org/resource/Category:French_Impressionist_painters" />
    <dcterms:subject rdf:resource="http://dbpedia.org/resource/Category:1906_deaths" />
    <dcterms:subject rdf:resource="http://dbpedia.org/resource/Category:Post-impressionist_painters" />
    <dbpedia-owl:abstract xml:lang="ru">Поль Сеза́нн — французский художник-живописец, яркий представитель постимпрессионизма.</dbpedia-owl:abstract>
    <dbpedia-owl:abstract xml:lang="es">Paul Cézanne fue un pintor francés postimpresionista, considerado el padre de la pintura moderna, cuyas obras establecieron las bases de la transición entre la concepción artística decimonónica hacia el mundo artístico del siglo XX, nuevo y radicalmente diferente. Sin embargo, mientras vivió, Cézanne fue un pintor ignorado que trabajó en medio de un gran aislamiento. Desconfiaba de los críticos, tenía pocos amigos y, hasta 1895, expuso sólo de forma ocasional. Fue un «pintor de pintores»,que la crítica y el público ignoraban, siendo apreciado sólo por algunos impresionistas y, al final de su vida, por la nueva generación.</dbpedia-owl:abstract>
    <dbpedia-owl:abstract xml:lang="it"></dbpedia-owl:abstract>
    <dbpedia-owl:abstract xml:lang="nl">Paul Cézanne was een Franse kunstschilder. Cézanne behoort tot het postimpressionisme, een Europese kunststroming die volgt op het impressionisme. Zijn werk vormde een brug tussen het impressionisme en het kubisme.</dbpedia-owl:abstract>
    <dbpedia-owl:abstract xml:lang="sv">Paul Cézanne, född 19 januari 1839 i Aix-en-Provence, Frankrike, död 22 oktober 1906 i Aix-en-Provence, var en fransk målare. Han var en av de viktigaste europeiska bildkonstnärerna under det sena 1800-talet och inspirerade bland annat Pablo Picasso och utvecklingen mot kubism.</dbpedia-owl:abstract>
    <dbpedia-owl:abstract xml:lang="en">Paul Cézanne was a French artist and Post-Impressionist painter whose work laid the foundations of the transition from the 19th-century conception of artistic endeavour to a new and radically different world of art in the 20th century. Cézanne can be said to form the bridge between late 19th-century Impressionism and the early 20th century&#39;s new line of artistic enquiry, Cubism. Both Matisse and Picasso are said to have remarked that Cézanne "is the father of us all. " Cézanne&#39;s often repetitive, exploratory brushstrokes are highly characteristic and clearly recognizable. He used planes of colour and small brushstrokes that build up to form complex fields. The paintings convey Cézanne&#39;s intense study of his subjects.</dbpedia-owl:abstract>
    <dbpedia-owl:abstract xml:lang="de">Paul Cézanne war ein französischer Maler. Cézannes Werk wird unterschiedlichen Stilrichtungen zugeordnet: Während seine frühen Arbeiten noch von Romantik – wie die Wandbilder im Landhaus Jas de Bouffan – und Realismus geprägt sind, gelangte er durch intensive Auseinandersetzung mit impressionistischen Ausdrucksformen zu einer neuen Bildsprache, die den zerfließenden Bildeindruck impressionistischer Werke zu festigen versucht. Er gab die illusionistische Fernwirkung auf, brach die von den Vertretern der Akademischen Kunst aufgestellten Regeln und strebte eine Erneuerung klassischer Gestaltungsmethoden auf der Grundlage des impressionistischen Farbraumes und farbmodulatorischer Prinzipien an. Seine Malerei rief in der zeitgenössischen Kunstkritik Unverständnis und Spott hervor. Bis in die späten 1890er Jahre waren es hauptsächlich Künstlerkollegen wie Pissarro, Monet und Renoir sowie Kunstsammler und der Galerist Ambroise Vollard, denen sich Cézannes Schaffen erschloss und die zu den ersten Käufern seiner Gemälde zählten. Vollard eröffnete im Jahr 1895 in seiner Pariser Galerie die erste Einzelausstellung, die zu einer breiteren Auseinandersetzung mit dem Werk des Künstlers führte. Aus der Vielzahl der nach Cézannes Tod sich an dessen Werk orientierenden Künstler sind im Besonderen Pablo Picasso, Henri Matisse, Georges Braque und André Derain zu nennen. Die gegensätzliche Ausrichtung der malerischen Werke der genannten Künstler lässt die Komplexität des Cézanne&#39;schen Werks erkennen. Cézanne zählt mit seinen Werken aus kunsthistorischer Sicht zu den Wegbereitern der Klassischen Moderne. Cézannes Bildthemen waren oft Badende, die Landschaft um das Gebirge Montagne Sainte-Victoire, Stillleben und Porträts seines Modells, seiner Geliebten und späteren Frau, Hortense Fiquet.</dbpedia-owl:abstract>
    <dbpedia-owl:abstract xml:lang="pt">Paul Cézanne foi um pintor pós-impressionista francês, cujo trabalho forneceu as bases da transição das concepções do fazer artístico do século XIX para a arte radicalmente inovadora do século XX. Cézanne pode ser considerado como a ponte entre o impressionismo do final do século XIX e o cubismo do início do século XX. A frase atribuída a Matisse e a Picasso, de que Cézanne "é o pai de todos nós", deve ser levada em conta. Após uma fase inicial dedicada aos temas dramáticos e grandiloquentes próprios da escola romântica, Paul Cézanne criou um estilo próprio, influenciado por Delacroix. Introduziu nas suas obras distorções formais e alterações de perspectiva em benefício da composição ou para ressaltar o volume e peso dos objetos. Concebeu a cor de um modo sem precedentes, definindo diferentes volumes que foram essenciais para suas composições únicas. Cézanne não se subordinava às leis da perspectiva. E sim, as modificava. A sua concepção da composição era arquitectônica; segundo as suas próprias palavras, o seu próprio estilo consistia em ver a natureza segundo as suas formas fundamentais: a esfera, o cilindro e o cone. Cézanne preocupava-se mais com a captação destas formas do que com a representação do ambiente atmosférico. Não é difícil ver nesta atitude uma reação de carácter intelectual contra o gozo puramente colorido do impressionismo. Sobre ele, Renoir escreveu, rebatendo o crítico de arte Castagnary: Eu me enfureço ao pensar que ele [Castagnary Castagnary] não entendeu que Uma Moderna Olympia, de Cézanne, era uma obra prima clássica, mais próxima de Giorgione que de Claude Monet, e que diante dele estava um pintor já fora do Impressionismo. Cézanne cultivava sobretudo a paisagem e a representação de naturezas mortas, mas também pintou figuras humanas em grupo e retratos. Antes de começar as suas paisagens estudava-as e analisava os seus valores plásticos, reduzindo-as depois a diferentes volumes e planos que traçava à base de pinceladas paralelas. Árvores, casas e demais elementos da paisagem subordinam-se à unidade de composição. As suas paisagens são sutilmente geométricas. Cézanne pintou sobretudo a sua Provença natal (O Golfo de Marselha e as célebres versões sucessivas de O Monte de Sainte-Victoire). Nas suas numerosas naturezas mortas, tipicamente compostas por maçãs, levava a cabo uma exploração formal exaustiva que é a terra fecunda de onde surgirá o cubismo poucos anos mais tarde. Entre as representações de grupos humanos, são muito apreciadas as suas cinco versões de Os Jogadores de Cartas. A Mulher com Cafeteira, pela sua estrutura monumental e serena, marca o grande momento classicista de Cézanne.</dbpedia-owl:abstract>
    <dbpedia-owl:abstract xml:lang="zh">保羅·塞尚（Paul Cézanne，1839年—1906年）是一位著名法国畫家，風格介於印象派到立體主義畫派之間。他的作品對於19世紀的藝術觀念轉換到20世紀的藝術風格奠定基礎。他的作品對於亨利·馬蒂斯和巴勃羅·畢卡索產生重要的影響。他使用富有凝聚力的繪畫方式，其作品深刻影響並革新了20世紀美術，特別是1895年首次個人展和1907年作品的官方回顧展。</dbpedia-owl:abstract>
    <dbpedia-owl:abstract xml:lang="pl">Paul Cézanne (ur. 19 stycznia 1839, zm. 22 października 1906) – francuski malarz postimpresjonistyczny, którego twórczość stanowi pomost pomiędzy impresjonizmem i kubizmem.</dbpedia-owl:abstract>
    <dbpedia-owl:abstract xml:lang="fr">Paul Cézanne, né le 19 janvier 1839 à Aix-en-Provence, mort le 22 octobre 1906 dans la même ville, est un peintre français, membre du mouvement impressionniste, considéré comme le précurseur du cubisme. Il est l&#39;auteur de nombreux paysages de Provence, et particulièrement de la campagne d&#39;Aix-en-Provence. Il a notamment réalisé plusieurs toiles ayant pour sujet la montagne Sainte-Victoire. Ami d&#39;enfance de l&#39;écrivain Émile Zola qu&#39;il rencontra à Aix-en-Provence, il se brouillera avec lui dans ses dernières années.</dbpedia-owl:abstract>
    <dbpedia-owl:abstract xml:lang="ja">ポール・セザンヌ（Paul Cézanne、1839年1月19日 - 1906年10月22日（10月23日説もある））は、フランスの画家。当初はモネやルノワール等と共に印象派のグループの一員として活動していたが、1880年代からグループを離れ、伝統的な絵画の約束事にとらわれない独自の絵画様式を探求した。セザンヌはモネら印象派の画家たちと同時代の人物だが、ポスト印象派の画家として紹介されることが多く、キュビスムをはじめとする20世紀の美術に多大な影響を与えたことから、しばしば「近代絵画の父」として言及される。後進への手紙の中で「自然を円筒、球、円錐として捉えなさい」と書き、この言葉がのちのキュビスムの画家たちに大きな影響を与えた。 彼の肖像はその作品と共にユーロ導入前の最後の100フランス・フラン紙幣に描かれていた。</dbpedia-owl:abstract>
    <dbpedia-owl:birthDate rdf:datatype="http://www.w3.org/2001/XMLSchema#date">1839-01-19</dbpedia-owl:birthDate>
    <dbpedia-owl:birthPlace rdf:resource="http://dbpedia.org/resource/July_Monarchy" />
    <dbpedia-owl:birthPlace rdf:resource="http://dbpedia.org/resource/Aix-en-Provence" />
    <dbpedia-owl:deathDate rdf:datatype="http://www.w3.org/2001/XMLSchema#date">1906-10-22</dbpedia-owl:deathDate>
    <dbpedia-owl:deathPlace rdf:resource="http://dbpedia.org/resource/Aix-en-Provence" />
    <dbpedia-owl:deathPlace rdf:resource="http://dbpedia.org/resource/July_Monarchy" />
    <dbpedia-owl:influenced rdf:resource="http://dbpedia.org/resource/Georges_Braque" />
    <dbpedia-owl:influenced rdf:resource="http://dbpedia.org/resource/Arshile_Gorky" />
    <dbpedia-owl:influenced rdf:resource="http://dbpedia.org/resource/Henri_Matisse" />
    <dbpedia-owl:influenced rdf:resource="http://dbpedia.org/resource/Pablo_Picasso" />
    <dbpedia-owl:influenced rdf:resource="http://dbpedia.org/resource/Caziel" />
    <dbpedia-owl:influencedBy rdf:resource="http://dbpedia.org/resource/Camille_Pissarro" />
    <dbpedia-owl:influencedBy rdf:resource="http://dbpedia.org/resource/Eug%C3%A8ne_Delacroix" />
    <dbpedia-owl:influencedBy rdf:resource="http://dbpedia.org/resource/%C3%89douard_Manet" />
    <dbpedia-owl:movement rdf:resource="http://dbpedia.org/resource/Post-Impressionism" />
    <dbpedia-owl:training rdf:resource="http://dbpedia.org/resource/Acad%C3%A9mie_Suisse" />
    <dbpedia-owl:wikiPageID rdf:datatype="http://www.w3.org/2001/XMLSchema#integer">24472</dbpedia-owl:wikiPageID>
    <dbpedia-owl:wikiPageRevisionID rdf:datatype="http://www.w3.org/2001/XMLSchema#integer">547465939</dbpedia-owl:wikiPageRevisionID>
    <rdfs:label xml:lang="zh">保罗·塞尚</rdfs:label>
    <rdfs:label xml:lang="it">Paul Cézanne</rdfs:label>
    <rdfs:label xml:lang="sv">Paul Cézanne</rdfs:label>
    <rdfs:label xml:lang="en">Paul Cézanne</rdfs:label>
    <rdfs:label xml:lang="de">Paul Cézanne</rdfs:label>
    <rdfs:label xml:lang="nl">Paul Cézanne</rdfs:label>
    <rdfs:label xml:lang="ja">ポール・セザンヌ</rdfs:label>
    <rdfs:label xml:lang="ru">Сезанн, Поль</rdfs:label>
    <rdfs:label xml:lang="pl">Paul Cézanne</rdfs:label>
    <rdfs:label xml:lang="pt">Paul Cézanne</rdfs:label>
    <rdfs:label xml:lang="es">Paul Cézanne</rdfs:label>
    <rdfs:label xml:lang="fr">Paul Cézanne</rdfs:label>
    <foaf:depiction rdf:resource="http://upload.wikimedia.org/wikipedia/commons/8/8c/Paul_cezanne_1861.jpg" />
    <rdfs:comment xml:lang="de">Paul Cézanne war ein französischer Maler. Cézannes Werk wird unterschiedlichen Stilrichtungen zugeordnet: Während seine frühen Arbeiten noch von Romantik – wie die Wandbilder im Landhaus Jas de Bouffan – und Realismus geprägt sind, gelangte er durch intensive Auseinandersetzung mit impressionistischen Ausdrucksformen zu einer neuen Bildsprache, die den zerfließenden Bildeindruck impressionistischer Werke zu festigen versucht.</rdfs:comment>
    <rdfs:comment xml:lang="pl">Paul Cézanne (ur. 19 stycznia 1839, zm. 22 października 1906) – francuski malarz postimpresjonistyczny, którego twórczość stanowi pomost pomiędzy impresjonizmem i kubizmem.</rdfs:comment>
    <rdfs:comment xml:lang="ja">ポール・セザンヌ（Paul Cézanne、1839年1月19日 - 1906年10月22日（10月23日説もある））は、フランスの画家。当初はモネやルノワール等と共に印象派のグループの一員として活動していたが、1880年代からグループを離れ、伝統的な絵画の約束事にとらわれない独自の絵画様式を探求した。セザンヌはモネら印象派の画家たちと同時代の人物だが、ポスト印象派の画家として紹介されることが多く、キュビスムをはじめとする20世紀の美術に多大な影響を与えたことから、しばしば「近代絵画の父」として言及される。後進への手紙の中で「自然を円筒、球、円錐として捉えなさい」と書き、この言葉がのちのキュビスムの画家たちに大きな影響を与えた。 彼の肖像はその作品と共にユーロ導入前の最後の100フランス・フラン紙幣に描かれていた。</rdfs:comment>
    <rdfs:comment xml:lang="it"></rdfs:comment>
    <rdfs:comment xml:lang="zh">保羅·塞尚（Paul Cézanne，1839年—1906年）是一位著名法国畫家，風格介於印象派到立體主義畫派之間。他的作品對於19世紀的藝術觀念轉換到20世紀的藝術風格奠定基礎。他的作品對於亨利·馬蒂斯和巴勃羅·畢卡索產生重要的影響。他使用富有凝聚力的繪畫方式，其作品深刻影響並革新了20世紀美術，特別是1895年首次個人展和1907年作品的官方回顧展。</rdfs:comment>
    <rdfs:comment xml:lang="fr">Paul Cézanne, né le 19 janvier 1839 à Aix-en-Provence, mort le 22 octobre 1906 dans la même ville, est un peintre français, membre du mouvement impressionniste, considéré comme le précurseur du cubisme. Il est l&#39;auteur de nombreux paysages de Provence, et particulièrement de la campagne d&#39;Aix-en-Provence. Il a notamment réalisé plusieurs toiles ayant pour sujet la montagne Sainte-Victoire.</rdfs:comment>
    <rdfs:comment xml:lang="ru">Поль Сеза́нн — французский художник-живописец, яркий представитель постимпрессионизма.</rdfs:comment>
    <rdfs:comment xml:lang="en">Paul Cézanne was a French artist and Post-Impressionist painter whose work laid the foundations of the transition from the 19th-century conception of artistic endeavour to a new and radically different world of art in the 20th century. Cézanne can be said to form the bridge between late 19th-century Impressionism and the early 20th century&#39;s new line of artistic enquiry, Cubism. Both Matisse and Picasso are said to have remarked that Cézanne "is the father of us all.</rdfs:comment>
    <rdfs:comment xml:lang="es">Paul Cézanne fue un pintor francés postimpresionista, considerado el padre de la pintura moderna, cuyas obras establecieron las bases de la transición entre la concepción artística decimonónica hacia el mundo artístico del siglo XX, nuevo y radicalmente diferente. Sin embargo, mientras vivió, Cézanne fue un pintor ignorado que trabajó en medio de un gran aislamiento. Desconfiaba de los críticos, tenía pocos amigos y, hasta 1895, expuso sólo de forma ocasional.</rdfs:comment>
    <rdfs:comment xml:lang="pt">Paul Cézanne foi um pintor pós-impressionista francês, cujo trabalho forneceu as bases da transição das concepções do fazer artístico do século XIX para a arte radicalmente inovadora do século XX. Cézanne pode ser considerado como a ponte entre o impressionismo do final do século XIX e o cubismo do início do século XX. A frase atribuída a Matisse e a Picasso, de que Cézanne "é o pai de todos nós", deve ser levada em conta.</rdfs:comment>
    <rdfs:comment xml:lang="nl">Paul Cézanne was een Franse kunstschilder. Cézanne behoort tot het postimpressionisme, een Europese kunststroming die volgt op het impressionisme. Zijn werk vormde een brug tussen het impressionisme en het kubisme.</rdfs:comment>
    <rdfs:comment xml:lang="sv">Paul Cézanne, född 19 januari 1839 i Aix-en-Provence, Frankrike, död 22 oktober 1906 i Aix-en-Provence, var en fransk målare. Han var en av de viktigaste europeiska bildkonstnärerna under det sena 1800-talet och inspirerade bland annat Pablo Picasso och utvecklingen mot kubism.</rdfs:comment>
    <foaf:name xml:lang="en">Paul Cézanne</foaf:name>
    <foaf:name xml:lang="en">Paul Cezanne</foaf:name>
    <dbpedia-owl:thumbnail rdf:resource="http://upload.wikimedia.org/wikipedia/commons/thumb/8/8c/Paul_cezanne_1861.jpg/200px-Paul_cezanne_1861.jpg" />
    <dbpedia-owl:wikiPageExternalLink rdf:resource="http://smarthistory.org/blog/39/making-an-enhanced-podcast-with-camtasia/" />
    <dbpedia-owl:wikiPageExternalLink rdf:resource="http://www.grafico-qld.com/content/classic-cezanne" />
    <dbpedia-owl:wikiPageExternalLink rdf:resource="http://www.paul-cezanne.org" />
    <dbpedia-owl:wikiPageExternalLink rdf:resource="http://www.atelier-cezanne.com/aix-en-provence.html" />
    <dbpedia-owl:wikiPageExternalLink rdf:resource="http://www.celalkaraman.net/guncel/paul-cezanne-google-logosu" />
    <dbpedia-owl:wikiPageExternalLink rdf:resource="http://www.artble.com/artists/paul_cezanne" />
    <dbpedia-owl:wikiPageExternalLink rdf:resource="http://tomokiakimaru.web.fc2.com/cezanne_and_the_steam_railway_1.html" />
    <dbpedia-owl:wikiPageExternalLink rdf:resource="http://www.getty.edu/vow/ULANFullDisplay?find=paul+cezanne&amp;role=&amp;nation=&amp;prev_page=1&amp;subjectid=500004793" />
    <dbpedia-owl:wikiPageExternalLink rdf:resource="http://www.liverpoolmuseums.org.uk/walker/collections/19c/cezanne.aspx" />
    <dbpedia-owl:wikiPageExternalLink rdf:resource="http://web.archive.org/web/20080602015004/http:/www.cezanne-ecole.com/" />
    <dbpedia-owl:wikiPageExternalLink rdf:resource="http://www.ibiblio.org/wm/paint/auth/cezanne/" />
    <dbpedia-owl:wikiPageExternalLink rdf:resource="http://www.nga.gov/exhibitions/2006/cezanne/index.shtm" />
    <dbpedia-owl:wikiPageExternalLink rdf:resource="http://www.nga.gov/exhibitions/2006/cezanne/mapb.shtm" />
    <dbpprop:alt xml:lang="en">Photograph of Paul Cézanne</dbpprop:alt>
    <dbpprop:award rdf:resource="http://dbpedia.org/resource/C%C3%A9zanne_medal" />
    <dbpprop:bgcolour xml:lang="en">#6495ED</dbpprop:bgcolour>
    <dbpprop:birthDate rdf:datatype="http://www.w3.org/2001/XMLSchema#date">1839-01-19</dbpprop:birthDate>
    <dbpprop:birthPlace rdf:resource="http://dbpedia.org/resource/Aix-en-Provence" />
    <dbpprop:birthPlace rdf:resource="http://dbpedia.org/resource/July_Monarchy" />
    <dbpprop:caption xml:lang="en">Paul Cézanne, c. 1861</dbpprop:caption>
    <dbpprop:dateOfBirth rdf:datatype="http://www.w3.org/2001/XMLSchema#integer">19</dbpprop:dateOfBirth>
    <dbpprop:dateOfDeath rdf:datatype="http://www.w3.org/2001/XMLSchema#integer">22</dbpprop:dateOfDeath>
    <dbpprop:deathDate rdf:datatype="http://www.w3.org/2001/XMLSchema#date">1906-10-22</dbpprop:deathDate>
    <dbpprop:deathPlace xml:lang="en">Aix-en-Provence, France</dbpprop:deathPlace>
    <dbpprop:field xml:lang="en">Painting</dbpprop:field>
    <dbpprop:influenced rdf:resource="http://dbpedia.org/resource/Georges_Braque" />
    <dbpprop:influenced rdf:resource="http://dbpedia.org/resource/Pablo_Picasso" />
    <dbpprop:influenced rdf:resource="http://dbpedia.org/resource/Arshile_Gorky" />
    <dbpprop:influenced rdf:resource="http://dbpedia.org/resource/Caziel" />
    <dbpprop:influenced rdf:resource="http://dbpedia.org/resource/Henri_Matisse" />
    <dbpprop:influencedBy rdf:resource="http://dbpedia.org/resource/Eug%C3%A8ne_Delacroix" />
    <dbpprop:influencedBy rdf:resource="http://dbpedia.org/resource/Camille_Pissarro" />
    <dbpprop:influencedBy rdf:resource="http://dbpedia.org/resource/%C3%89douard_Manet" />
    <dbpprop:lccn xml:lang="en">n/79/055446</dbpprop:lccn>
    <dbpprop:movement rdf:resource="http://dbpedia.org/resource/Post-Impressionism" />
    <dbpprop:name xml:lang="en">Paul Cézanne</dbpprop:name>
    <dbpprop:name xml:lang="en">Cezanne, Paul</dbpprop:name>
    <dbpprop:nationality xml:lang="en">French</dbpprop:nationality>
    <dbpprop:placeOfBirth xml:lang="en">Aix-en-Provence, France</dbpprop:placeOfBirth>
    <dbpprop:placeOfDeath xml:lang="en">Aix-en-Provence, France</dbpprop:placeOfDeath>
    <dbpprop:shortDescription xml:lang="en">French painter</dbpprop:shortDescription>
    <dbpprop:training rdf:resource="http://dbpedia.org/resource/Acad%C3%A9mie_Suisse" />
    <dbpprop:viaf rdf:datatype="http://www.w3.org/2001/XMLSchema#integer">39374836</dbpprop:viaf>
    <dbpprop:works xml:lang="en">Apothéose de Delacroix</dbpprop:works>
    <dbpprop:works xml:lang="en">The Card Players</dbpprop:works>
    <dbpprop:works xml:lang="en">Mont Sainte-Victoire seen from Bellevue</dbpprop:works>
    <dbpprop:works xml:lang="en">Rideau, Cruchon et Compotier</dbpprop:works>
    <dbpprop:works xml:lang="en">The Bathers</dbpprop:works>
    <dbpprop:wordnet_type rdf:resource="http://www.w3.org/2006/03/wn/wn20/instances/synset-artist-noun-1" />
    <foaf:givenName xml:lang="en">Paul</foaf:givenName>
    <foaf:isPrimaryTopicOf rdf:resource="http://en.wikipedia.org/wiki/Paul_Cézanne" />
    <dc:description xml:lang="en">French painter</dc:description>
    <ns8:wasDerivedFrom rdf:resource="http://en.wikipedia.org/wiki/Paul_Cézanne?oldid=547465939" />
    <dbpprop:hasPhotoCollection rdf:resource="http://wifo5-03.informatik.uni-mannheim.de/flickrwrappr/photos/Paul_Cézanne" />
    <foaf:surname xml:lang="en">Cezanne</foaf:surname>
  </rdf:Description>
  <rdf:Description rdf:about="http://dbpedia.org/resource/Raoul_Dufy">
    <dbpedia-owl:influencedBy rdf:resource="http://dbpedia.org/resource/Paul_C%C3%A9zanne" />
    <dbpprop:influencedBy rdf:resource="http://dbpedia.org/resource/Paul_C%C3%A9zanne" />
  </rdf:Description>
  <rdf:Description rdf:about="http://dbpedia.org/resource/Oton_Gliha">
    <dbpedia-owl:influencedBy rdf:resource="http://dbpedia.org/resource/Paul_C%C3%A9zanne" />
    <dbpprop:influencedBy rdf:resource="http://dbpedia.org/resource/Paul_C%C3%A9zanne" />
  </rdf:Description>
  <rdf:Description rdf:about="http://dbpedia.org/resource/C%C3%A9zanne">
    <dbpedia-owl:wikiPageRedirects rdf:resource="http://dbpedia.org/resource/Paul_C%C3%A9zanne" />
  </rdf:Description>
  <rdf:Description rdf:about="http://dbpedia.org/resource/Carl_Rungius">
    <dbpedia-owl:influencedBy rdf:resource="http://dbpedia.org/resource/Paul_C%C3%A9zanne" />
  </rdf:Description>
  <rdf:Description rdf:about="http://dbpedia.org/resource/Ion_Theodorescu-Sion">
    <dbpedia-owl:influencedBy rdf:resource="http://dbpedia.org/resource/Paul_C%C3%A9zanne" />
    <dbpprop:influencedBy rdf:resource="http://dbpedia.org/resource/Paul_C%C3%A9zanne" />
  </rdf:Description>
  <rdf:Description rdf:about="http://dbpedia.org/resource/Motojir%C5%8D_Kajii">
    <dbpedia-owl:influencedBy rdf:resource="http://dbpedia.org/resource/Paul_C%C3%A9zanne" />
  </rdf:Description>
  <rdf:Description rdf:about="http://dbpedia.org/resource/Wallace_Stevens">
    <dbpedia-owl:influencedBy rdf:resource="http://dbpedia.org/resource/Paul_C%C3%A9zanne" />
    <dbpprop:influences rdf:resource="http://dbpedia.org/resource/Paul_C%C3%A9zanne" />
  </rdf:Description>
  <rdf:Description rdf:about="http://dbpedia.org/resource/Paul_Cézanne">
    <owl:sameAs rdf:resource="http://dbpedia.org/resource/Paul_C%C3%A9zanne" />
  </rdf:Description>
  <rdf:Description rdf:about="http://dbpedia.org/resource/Georges_Braque">
    <dbpedia-owl:influencedBy rdf:resource="http://dbpedia.org/resource/Paul_C%C3%A9zanne" />
    <dbpprop:influencedBy rdf:resource="http://dbpedia.org/resource/Paul_C%C3%A9zanne" />
  </rdf:Description>
  <rdf:Description rdf:about="http://dbpedia.org/resource/Helen_Berman">
    <dbpedia-owl:influencedBy rdf:resource="http://dbpedia.org/resource/Paul_C%C3%A9zanne" />
    <dbpprop:influencedBy rdf:resource="http://dbpedia.org/resource/Paul_C%C3%A9zanne" />
  </rdf:Description>
  <rdf:Description rdf:about="http://dbpedia.org/resource/Henri_Matisse">
    <dbpedia-owl:influencedBy rdf:resource="http://dbpedia.org/resource/Paul_C%C3%A9zanne" />
    <dbpprop:influencedBy rdf:resource="http://dbpedia.org/resource/Paul_C%C3%A9zanne" />
  </rdf:Description>
  <rdf:Description rdf:about="http://dbpedia.org/resource/Leo_Marchutz">
    <dbpedia-owl:influencedBy rdf:resource="http://dbpedia.org/resource/Paul_C%C3%A9zanne" />
  </rdf:Description>
  <rdf:Description rdf:about="http://dbpedia.org/resource/Rainer_Maria_Rilke">
    <dbpedia-owl:influencedBy rdf:resource="http://dbpedia.org/resource/Paul_C%C3%A9zanne" />
    <dbpprop:influences rdf:resource="http://dbpedia.org/resource/Paul_C%C3%A9zanne" />
  </rdf:Description>
  <rdf:Description rdf:about="http://dbpedia.org/resource/%C3%81ngel_Z%C3%A1rraga">
    <dbpedia-owl:influencedBy rdf:resource="http://dbpedia.org/resource/Paul_C%C3%A9zanne" />
    <dbpprop:influencedBy rdf:resource="http://dbpedia.org/resource/Paul_C%C3%A9zanne" />
  </rdf:Description>
  <rdf:Description rdf:about="http://dbpedia.org/resource/Andrew_Dasburg">
    <dbpedia-owl:influencedBy rdf:resource="http://dbpedia.org/resource/Paul_C%C3%A9zanne" />
    <dbpprop:influencedBy rdf:resource="http://dbpedia.org/resource/Paul_C%C3%A9zanne" />
  </rdf:Description>
  <rdf:Description rdf:about="http://dbpedia.org/resource/Antonia_Gerstacker">
    <dbpedia-owl:influencedBy rdf:resource="http://dbpedia.org/resource/Paul_C%C3%A9zanne" />
    <dbpprop:influencedBy rdf:resource="http://dbpedia.org/resource/Paul_C%C3%A9zanne" />
  </rdf:Description>
  <rdf:Description rdf:about="http://dbpedia.org/resource/Giorgio_Morandi">
    <dbpedia-owl:influencedBy rdf:resource="http://dbpedia.org/resource/Paul_C%C3%A9zanne" />
    <dbpprop:influencedBy rdf:resource="http://dbpedia.org/resource/Paul_C%C3%A9zanne" />
  </rdf:Description>
  <rdf:Description rdf:about="http://dbpedia.org/resource/Jean_Brenner">
    <dbpedia-owl:influencedBy rdf:resource="http://dbpedia.org/resource/Paul_C%C3%A9zanne" />
    <dbpprop:influencedBy rdf:resource="http://dbpedia.org/resource/Paul_C%C3%A9zanne" />
  </rdf:Description>
  <rdf:Description rdf:about="http://dbpedia.org/resource/Joan_Mitchell">
    <dbpedia-owl:influencedBy rdf:resource="http://dbpedia.org/resource/Paul_C%C3%A9zanne" />
    <dbpprop:influencedBy rdf:resource="http://dbpedia.org/resource/Paul_C%C3%A9zanne" />
  </rdf:Description>
  <rdf:Description rdf:about="http://dbpedia.org/resource/John_D._Graham">
    <dbpedia-owl:influencedBy rdf:resource="http://dbpedia.org/resource/Paul_C%C3%A9zanne" />
    <dbpprop:influencedBy rdf:resource="http://dbpedia.org/resource/Paul_C%C3%A9zanne" />
  </rdf:Description>
  <rdf:Description rdf:about="http://dbpedia.org/resource/Charles-Fran%C3%A7ois_Daubigny">
    <dbpedia-owl:influenced rdf:resource="http://dbpedia.org/resource/Paul_C%C3%A9zanne" />
    <dbpprop:influenced rdf:resource="http://dbpedia.org/resource/Paul_C%C3%A9zanne" />
  </rdf:Description>
  <rdf:Description rdf:about="http://dbpedia.org/resource/Roberto_Cueva_del_R%C3%ADo">
    <dbpedia-owl:influencedBy rdf:resource="http://dbpedia.org/resource/Paul_C%C3%A9zanne" />
    <dbpprop:influencedBy rdf:resource="http://dbpedia.org/resource/Paul_C%C3%A9zanne" />
  </rdf:Description>
  <rdf:Description rdf:about="http://dbpedia.org/resource/House_in_Provence">
    <dbpedia-owl:author rdf:resource="http://dbpedia.org/resource/Paul_C%C3%A9zanne" />
    <dbpprop:artist rdf:resource="http://dbpedia.org/resource/Paul_C%C3%A9zanne" />
  </rdf:Description>
  <rdf:Description rdf:about="http://dbpedia.org/resource/Rideau,_Cruchon_et_Compotier">
    <dbpedia-owl:author rdf:resource="http://dbpedia.org/resource/Paul_C%C3%A9zanne" />
    <dbpprop:artist rdf:resource="http://dbpedia.org/resource/Paul_C%C3%A9zanne" />
  </rdf:Description>
  <rdf:Description rdf:about="http://dbpedia.org/resource/Mont_Sainte-Victoire_seen_from_Bellevue">
    <dbpedia-owl:author rdf:resource="http://dbpedia.org/resource/Paul_C%C3%A9zanne" />
    <dbpprop:artist rdf:resource="http://dbpedia.org/resource/Paul_C%C3%A9zanne" />
  </rdf:Description>
  <rdf:Description rdf:about="http://dbpedia.org/resource/The_Boy_in_the_Red_Vest">
    <dbpedia-owl:author rdf:resource="http://dbpedia.org/resource/Paul_C%C3%A9zanne" />
  </rdf:Description>
  <rdf:Description rdf:about="http://dbpedia.org/resource/Mladen_Josi%C4%87">
    <dbpedia-owl:influencedBy rdf:resource="http://dbpedia.org/resource/Paul_C%C3%A9zanne" />
    <dbpprop:influencedBy rdf:resource="http://dbpedia.org/resource/Paul_C%C3%A9zanne" />
  </rdf:Description>
  <rdf:Description rdf:about="http://dbpedia.org/resource/The_Four_Seasons_(Poussin)">
    <dbpprop:source rdf:resource="http://dbpedia.org/resource/Paul_C%C3%A9zanne" />
  </rdf:Description>
  <rdf:Description rdf:about="http://dbpedia.org/resource/Arie_Smit">
    <dbpedia-owl:influencedBy rdf:resource="http://dbpedia.org/resource/Paul_C%C3%A9zanne" />
  </rdf:Description>
  <rdf:Description rdf:about="http://dbpedia.org/resource/Portrait_of_Gustave_Geffroy">
    <dbpedia-owl:author rdf:resource="http://dbpedia.org/resource/Paul_C%C3%A9zanne" />
    <dbpprop:artist rdf:resource="http://dbpedia.org/resource/Paul_C%C3%A9zanne" />
  </rdf:Description>
  <rdf:Description rdf:about="http://dbpedia.org/resource/Cezanne_(disambiguation)">
    <dbpedia-owl:wikiPageDisambiguates rdf:resource="http://dbpedia.org/resource/Paul_C%C3%A9zanne" />
  </rdf:Description>
  <rdf:Description rdf:about="http://dbpedia.org/resource/Gustave_Courbet">
    <dbpedia-owl:influenced rdf:resource="http://dbpedia.org/resource/Paul_C%C3%A9zanne" />
    <dbpprop:influenced rdf:resource="http://dbpedia.org/resource/Paul_C%C3%A9zanne" />
  </rdf:Description>
  <rdf:Description rdf:about="http://dbpedia.org/resource/Paul_Cezanne">
    <dbpedia-owl:wikiPageRedirects rdf:resource="http://dbpedia.org/resource/Paul_C%C3%A9zanne" />
  </rdf:Description>
  <rdf:Description rdf:about="http://dbpedia.org/resource/Cezanne">
    <dbpedia-owl:wikiPageRedirects rdf:resource="http://dbpedia.org/resource/Paul_C%C3%A9zanne" />
  </rdf:Description>
  <rdf:Description rdf:about="http://dbpedia.org/resource/Paul_cezane">
    <dbpedia-owl:wikiPageRedirects rdf:resource="http://dbpedia.org/resource/Paul_C%C3%A9zanne" />
  </rdf:Description>
  <rdf:Description rdf:about="http://dbpedia.org/resource/Sylvain_Chomlafel">
    <dbpedia-owl:birthPlace rdf:resource="http://dbpedia.org/resource/Paul_C%C3%A9zanne" />
    <dbpprop:birthPlace rdf:resource="http://dbpedia.org/resource/Paul_C%C3%A9zanne" />
    <dbpprop:placeOfBirth rdf:resource="http://dbpedia.org/resource/Paul_C%C3%A9zanne" />
  </rdf:Description>
  <rdf:Description rdf:about="http://dbpedia.org/resource/Adam_Kossowski">
    <dbpedia-owl:influencedBy rdf:resource="http://dbpedia.org/resource/Paul_C%C3%A9zanne" />
  </rdf:Description>
  <rdf:Description rdf:about="http://dbpedia.org/resource/Choy_Weng_Yang">
    <dbpedia-owl:influencedBy rdf:resource="http://dbpedia.org/resource/Paul_C%C3%A9zanne" />
    <dbpprop:influencedBy rdf:resource="http://dbpedia.org/resource/Paul_C%C3%A9zanne" />
  </rdf:Description>
  <rdf:Description rdf:about="http://dbpedia.org/resource/Horace_Day">
    <dbpedia-owl:influencedBy rdf:resource="http://dbpedia.org/resource/Paul_C%C3%A9zanne" />
    <dbpprop:influencedBy rdf:resource="http://dbpedia.org/resource/Paul_C%C3%A9zanne" />
  </rdf:Description>
  <rdf:Description rdf:about="http://dbpedia.org/resource/Jerolim_Mi%C5%A1e">
    <dbpedia-owl:influencedBy rdf:resource="http://dbpedia.org/resource/Paul_C%C3%A9zanne" />
    <dbpprop:influencedBy rdf:resource="http://dbpedia.org/resource/Paul_C%C3%A9zanne" />
  </rdf:Description>
  <rdf:Description rdf:about="http://dbpedia.org/resource/Marino_Tartaglia">
    <dbpedia-owl:influencedBy rdf:resource="http://dbpedia.org/resource/Paul_C%C3%A9zanne" />
    <dbpprop:influencedBy rdf:resource="http://dbpedia.org/resource/Paul_C%C3%A9zanne" />
  </rdf:Description>
  <rdf:Description rdf:about="http://dbpedia.org/resource/Ren%C3%A9_Victor_Auberjonois">
    <dbpedia-owl:influencedBy rdf:resource="http://dbpedia.org/resource/Paul_C%C3%A9zanne" />
    <dbpprop:influencedBy rdf:resource="http://dbpedia.org/resource/Paul_C%C3%A9zanne" />
  </rdf:Description>
  <rdf:Description rdf:about="http://dbpedia.org/resource/Forest_(painting)">
    <dbpedia-owl:author rdf:resource="http://dbpedia.org/resource/Paul_C%C3%A9zanne" />
    <dbpprop:artist rdf:resource="http://dbpedia.org/resource/Paul_C%C3%A9zanne" />
  </rdf:Description>
  <rdf:Description rdf:about="http://dbpedia.org/resource/The_Basket_of_Apples">
    <dbpedia-owl:author rdf:resource="http://dbpedia.org/resource/Paul_C%C3%A9zanne" />
    <dbpprop:artist rdf:resource="http://dbpedia.org/resource/Paul_C%C3%A9zanne" />
  </rdf:Description>
  <rdf:Description rdf:about="http://dbpedia.org/resource/The_Bathers_(C%C3%A9zanne)">
    <dbpedia-owl:author rdf:resource="http://dbpedia.org/resource/Paul_C%C3%A9zanne" />
    <dbpprop:artist rdf:resource="http://dbpedia.org/resource/Paul_C%C3%A9zanne" />
  </rdf:Description>
  <rdf:Description rdf:about="http://en.wikipedia.org/wiki/Paul_Cézanne">
    <foaf:primaryTopic rdf:resource="http://dbpedia.org/resource/Paul_C%C3%A9zanne" />
  </rdf:Description>
  <rdf:Description rdf:about="http://dbpedia.org/resource/Warfaze">
    <dbpedia-owl:formerBandMember rdf:resource="http://dbpedia.org/resource/Paul_C%C3%A9zanne" />
  </rdf:Description>
  <rdf:Description rdf:about="http://dbpedia.org/resource/Mont_Sainte-Victoire_and_the_Viaduct_of_the_Arc_River_Valley">
    <dbpedia-owl:author rdf:resource="http://dbpedia.org/resource/Paul_C%C3%A9zanne" />
    <dbpprop:artist rdf:resource="http://dbpedia.org/resource/Paul_C%C3%A9zanne" />
  </rdf:Description>
  <rdf:Description rdf:about="http://dbpedia.org/resource/Thomas_Furlong_(artist)">
    <dbpedia-owl:influencedBy rdf:resource="http://dbpedia.org/resource/Paul_C%C3%A9zanne" />
    <dbpprop:influencedBy rdf:resource="http://dbpedia.org/resource/Paul_C%C3%A9zanne" />
  </rdf:Description>
  <rdf:Description rdf:about="http://dbpedia.org/resource/Pieter_Wenning">
    <dbpedia-owl:influencedBy rdf:resource="http://dbpedia.org/resource/Paul_C%C3%A9zanne" />
    <dbpprop:influencedBy rdf:resource="http://dbpedia.org/resource/Paul_C%C3%A9zanne" />
  </rdf:Description>
  <rdf:Description rdf:about="http://dbpedia.org/resource/Still_Life_with_Teapot">
    <dbpedia-owl:author rdf:resource="http://dbpedia.org/resource/Paul_C%C3%A9zanne" />
    <dbpprop:artist rdf:resource="http://dbpedia.org/resource/Paul_C%C3%A9zanne" />
  </rdf:Description>
  <rdf:Description rdf:about="http://dbpedia.org/resource/Mont_Sainte-Victoire_with_Large_Pine">
    <dbpedia-owl:author rdf:resource="http://dbpedia.org/resource/Paul_C%C3%A9zanne" />
    <dbpprop:artist rdf:resource="http://dbpedia.org/resource/Paul_C%C3%A9zanne" />
  </rdf:Description>
  <rdf:Description rdf:about="http://dbpedia.org/resource/Anders_Osterlind">
    <dbpedia-owl:influencedBy rdf:resource="http://dbpedia.org/resource/Paul_C%C3%A9zanne" />
    <dbpprop:influencedBy rdf:resource="http://dbpedia.org/resource/Paul_C%C3%A9zanne" />
  </rdf:Description>
  <rdf:Description rdf:about="http://dbpedia.org/resource/Wilhelmina_Weber_Furlong">
    <dbpedia-owl:influencedBy rdf:resource="http://dbpedia.org/resource/Paul_C%C3%A9zanne" />
    <dbpprop:influencedBy rdf:resource="http://dbpedia.org/resource/Paul_C%C3%A9zanne" />
  </rdf:Description>
  <rdf:Description rdf:about="http://dbpedia.org/resource/Molly_Bobak">
    <dbpedia-owl:influencedBy rdf:resource="http://dbpedia.org/resource/Paul_C%C3%A9zanne" />
    <dbpprop:influencedBy rdf:resource="http://dbpedia.org/resource/Paul_C%C3%A9zanne" />
  </rdf:Description>
  <rdf:Description rdf:about="http://dbpedia.org/resource/C%C3%A9zanne_(crater)">
    <dbpprop:eponym rdf:resource="http://dbpedia.org/resource/Paul_C%C3%A9zanne" />
  </rdf:Description>
</rdf:RDF>
