<?xml version="1.0" encoding="utf-8" ?>
<rdf:RDF
	xmlns:rdf="http://www.w3.org/1999/02/22-rdf-syntax-ns#"
	xmlns:rdfs="http://www.w3.org/2000/01/rdf-schema#"
	xmlns:owl="http://www.w3.org/2002/07/owl#"
	xmlns:dcterms="http://purl.org/dc/terms/"
	xmlns:dbpedia-owl="http://dbpedia.org/ontology/"
	xmlns:foaf="http://xmlns.com/foaf/0.1/"
	xmlns:dbpprop="http://dbpedia.org/property/"
	xmlns:dc="http://purl.org/dc/elements/1.1/"
	xmlns:ns8="http://www.w3.org/ns/prov#" >
  <rdf:Description rdf:about="http://dbpedia.org/resource/The_Young_Botanist">
    <dbpedia-owl:author rdf:resource="http://dbpedia.org/resource/Paul_Peel" />
    <dbpprop:artist rdf:resource="http://dbpedia.org/resource/Paul_Peel" />
  </rdf:Description>
  <rdf:Description rdf:about="http://dbpedia.org/resource/Paul_Peel">
    <rdf:type rdf:resource="http://dbpedia.org/class/yago/Alumnus109786338" />
    <rdf:type rdf:resource="http://dbpedia.org/class/yago/Person100007846" />
    <rdf:type rdf:resource="http://www.w3.org/2002/07/owl#Thing" />
    <rdf:type rdf:resource="http://dbpedia.org/class/yago/Intellectual109621545" />
    <rdf:type rdf:resource="http://dbpedia.org/ontology/Person" />
    <rdf:type rdf:resource="http://dbpedia.org/ontology/Artist" />
    <rdf:type rdf:resource="http://dbpedia.org/ontology/Agent" />
    <rdf:type rdf:resource="http://xmlns.com/foaf/0.1/Person" />
    <rdf:type rdf:resource="http://dbpedia.org/class/yago/CanadianPainters" />
    <rdf:type rdf:resource="http://dbpedia.org/class/yago/YagoLegalActorGeo" />
    <rdf:type rdf:resource="http://dbpedia.org/class/yago/PeopleFromLondon,Ontario" />
    <rdf:type rdf:resource="http://dbpedia.org/class/yago/Scholar110557854" />
    <rdf:type rdf:resource="http://dbpedia.org/class/yago/PhysicalEntity100001930" />
    <rdf:type rdf:resource="http://dbpedia.org/class/yago/LivingThing100004258" />
    <rdf:type rdf:resource="http://schema.org/Person" />
    <rdf:type rdf:resource="http://dbpedia.org/class/yago/CanadianAlumniOfThe%C3%89coleDesBeaux-Arts" />
    <rdf:type rdf:resource="http://dbpedia.org/class/yago/Whole100003553" />
    <rdf:type rdf:resource="http://dbpedia.org/class/yago/Painter110391653" />
    <rdf:type rdf:resource="http://dbpedia.org/class/yago/Creator109614315" />
    <rdf:type rdf:resource="http://dbpedia.org/class/yago/CausalAgent100007347" />
    <rdf:type rdf:resource="http://dbpedia.org/class/yago/Object100002684" />
    <rdf:type rdf:resource="http://dbpedia.org/class/yago/Organism100004475" />
    <rdf:type rdf:resource="http://dbpedia.org/class/yago/Artist109812338" />
    <rdf:type rdf:resource="http://dbpedia.org/class/yago/YagoLegalActor" />
    <rdf:type rdf:resource="http://dbpedia.org/class/yago/NationalHistoricPersonsOfCanada" />
    <owl:sameAs rdf:resource="http://sv.dbpedia.org/resource/Paul_Peel" />
    <owl:sameAs rdf:resource="http://dbpedia.org/resource/Paul_Peel" />
    <owl:sameAs rdf:resource="http://ru.dbpedia.org/resource/Пил,_Пол" />
    <owl:sameAs rdf:resource="http://fr.dbpedia.org/resource/Paul_Peel" />
    <owl:sameAs rdf:resource="http://pl.dbpedia.org/resource/Paul_Peel" />
    <owl:sameAs rdf:resource="http://yago-knowledge.org/resource/Paul_Peel" />
    <owl:sameAs rdf:resource="http://www.wikidata.org/entity/Q609959" />
    <owl:sameAs rdf:resource="http://it.dbpedia.org/resource/Paul_Peel" />
    <owl:sameAs rdf:resource="http://de.dbpedia.org/resource/Paul_Peel" />
    <owl:sameAs rdf:resource="http://pt.dbpedia.org/resource/Paul_Peel" />
    <owl:sameAs rdf:resource="http://nl.dbpedia.org/resource/Paul_Peel" />
    <owl:sameAs rdf:resource="http://br.dbpedia.org/resource/Paul_Peel" />
    <owl:sameAs rdf:resource="http://rdf.freebase.com/ns/m.0747yg" />
    <dcterms:subject rdf:resource="http://dbpedia.org/resource/Category:Canadian_alumni_of_the_%C3%89cole_des_Beaux-Arts" />
    <dcterms:subject rdf:resource="http://dbpedia.org/resource/Category:1892_deaths" />
    <dcterms:subject rdf:resource="http://dbpedia.org/resource/Category:People_from_London,_Ontario" />
    <dcterms:subject rdf:resource="http://dbpedia.org/resource/Category:Pont-Aven_painters" />
    <dcterms:subject rdf:resource="http://dbpedia.org/resource/Category:1860_births" />
    <dcterms:subject rdf:resource="http://dbpedia.org/resource/Category:Persons_of_National_Historic_Significance_(Canada)" />
    <dcterms:subject rdf:resource="http://dbpedia.org/resource/Category:Canadian_painters" />
    <dbpedia-owl:abstract xml:lang="de">Paul Peel war ein kanadischer Maler. Sein Werk ist der akademischen Kunst verpflichtet. Er gewann 1890 eine Bronzemedaille am Salon de Paris mit dem Werk After the bath und wurde somit zu einem der ersten kanadischen Künstler, die schon zu Lebzeiten Weltberühmtheit erlangten. Er verstarb als 32-Jähriger an einer Lungenkrankheit.</dbpedia-owl:abstract>
    <dbpedia-owl:abstract xml:lang="ru">Пол Пил, англ.  Paul Peel — канадский художник в стиле академизма. Завоевав медаль на Парижском салоне в 1890 г, стал одним из первых канадских художников, получивших международное признание при жизни.</dbpedia-owl:abstract>
    <dbpedia-owl:abstract xml:lang="pt">Paul Peel (1860-1892) foi um pintor canadense do academicismo.</dbpedia-owl:abstract>
    <dbpedia-owl:abstract xml:lang="nl">Paul Peel was een Canadees kunstschilder.</dbpedia-owl:abstract>
    <dbpedia-owl:abstract xml:lang="en">Paul Peel (7 November 1860 – 3 October 1892) was a Canadian academic painter. Having won a medal at the 1890 Paris Salon, he became one of the first Canadian artists to receive international recognition in his lifetime.</dbpedia-owl:abstract>
    <dbpedia-owl:abstract xml:lang="sv">Paul Peel, född den 7 november 1860 i London, Ontario, död den 3 oktober 1892, var en kanadensisk konstnär.</dbpedia-owl:abstract>
    <dbpedia-owl:abstract xml:lang="it">Lavorò sia in Nordamerica che in Europa. Dal punto di vista della formazione, il suo operato artistico è legato ai circoli accademici dell&#39;Art pompier, mentre stilisticmente l&#39;artista si avvicina all&#39;impressionismo, avendo lavorato di frequente anche in Francia. Vinse una medaglia di bronzo nel 1890 al Salon di Parigi con l&#39;opera After the bath, divenendo uno dei primi artisti canadesi a raggiungere, ancora in vita, notorietà a livello internazionale. Le figure dipinte dal Peel sono spesso rappresentate in nudo e vengono ritratte di preferenza in situazioni quotidiane, talvolta idealizzate; mostrano una predilezione del pittore per il motivo artistico dei bagnanti, donne o bambini. In tenera età, i suoi due figli posarono da modelli per i suoi quadri. Peel contrasse un&#39;infezione polmonare che lo portò alla morte, avvenuta durante il sonno quando il pittore aveva l&#39;età di 32 anni.</dbpedia-owl:abstract>
    <dbpedia-owl:abstract xml:lang="fr">Paul Peel né le 7 novembre 1860 à London et mort le 3 octobre 1892 à Paris, est un peintre académique canadien. Il est l&#39;un des premiers artistes canadiens à bénéficier d&#39;une reconnaissance internationale de son vivant</dbpedia-owl:abstract>
    <dbpedia-owl:abstract xml:lang="pl">Paull Peel – kanadyjski malarz. Jego pierwszym nauczycielem był ojciec. Studiował w Akademii Sztuk Pięknych w Filadelfii u Thomasa Eakinsa, później wyjechał do Paryża. Studiował w École des Beaux-Arts i Académie Julian. Jego nauczycielami byli malarze akademiccy Benjamin Constan i Henri-Lucien Doucet. Wiele podróżował po Kanadzie i Europie, był członkiem Ontario Society of Artists i Kanadyjskiej Akademii Królewskiej. Wystawiał w paryskim Salonie, był rozpoznawany jako twórca sentymentalnych aktów i obrazów dzieci. Jego prace odznaczają się subtelnym użyciem światła i koloru. Pod koniec życia jego prace zaczęły ewoluować w stronę impresjonizmu. Peel był żonaty z Isaure Verdier i miał z nią dwoje dzieci. Mieszkał na stałe w Paryżu. Zmarł przedwcześnie w 32. roku życia w wyniku infekcji płuc.</dbpedia-owl:abstract>
    <dbpedia-owl:birthDate rdf:datatype="http://www.w3.org/2001/XMLSchema#date">1860-11-07</dbpedia-owl:birthDate>
    <dbpedia-owl:deathDate rdf:datatype="http://www.w3.org/2001/XMLSchema#date">1892-10-03</dbpedia-owl:deathDate>
    <dbpedia-owl:wikiPageID rdf:datatype="http://www.w3.org/2001/XMLSchema#integer">2330219</dbpedia-owl:wikiPageID>
    <dbpedia-owl:wikiPageRevisionID rdf:datatype="http://www.w3.org/2001/XMLSchema#integer">540662458</dbpedia-owl:wikiPageRevisionID>
    <rdfs:label xml:lang="pl">Paul Peel</rdfs:label>
    <rdfs:label xml:lang="it">Paul Peel</rdfs:label>
    <rdfs:label xml:lang="fr">Paul Peel</rdfs:label>
    <rdfs:label xml:lang="ru">Пил, Пол</rdfs:label>
    <rdfs:label xml:lang="nl">Paul Peel</rdfs:label>
    <rdfs:label xml:lang="sv">Paul Peel</rdfs:label>
    <rdfs:label xml:lang="pt">Paul Peel</rdfs:label>
    <rdfs:label xml:lang="de">Paul Peel</rdfs:label>
    <rdfs:label xml:lang="en">Paul Peel</rdfs:label>
    <foaf:depiction rdf:resource="http://upload.wikimedia.org/wikipedia/commons/6/6d/Self_portrait_of_Paul_Peel.jpg" />
    <rdfs:comment xml:lang="en">Paul Peel (7 November 1860 – 3 October 1892) was a Canadian academic painter. Having won a medal at the 1890 Paris Salon, he became one of the first Canadian artists to receive international recognition in his lifetime.</rdfs:comment>
    <rdfs:comment xml:lang="pt">Paul Peel (1860-1892) foi um pintor canadense do academicismo.</rdfs:comment>
    <rdfs:comment xml:lang="pl">Paull Peel – kanadyjski malarz. Jego pierwszym nauczycielem był ojciec. Studiował w Akademii Sztuk Pięknych w Filadelfii u Thomasa Eakinsa, później wyjechał do Paryża. Studiował w École des Beaux-Arts i Académie Julian. Jego nauczycielami byli malarze akademiccy Benjamin Constan i Henri-Lucien Doucet. Wiele podróżował po Kanadzie i Europie, był członkiem Ontario Society of Artists i Kanadyjskiej Akademii Królewskiej.</rdfs:comment>
    <rdfs:comment xml:lang="fr">Paul Peel né le 7 novembre 1860 à London et mort le 3 octobre 1892 à Paris, est un peintre académique canadien. Il est l&#39;un des premiers artistes canadiens à bénéficier d&#39;une reconnaissance internationale de son vivant</rdfs:comment>
    <rdfs:comment xml:lang="nl">Paul Peel was een Canadees kunstschilder.</rdfs:comment>
    <rdfs:comment xml:lang="de">Paul Peel war ein kanadischer Maler. Sein Werk ist der akademischen Kunst verpflichtet. Er gewann 1890 eine Bronzemedaille am Salon de Paris mit dem Werk After the bath und wurde somit zu einem der ersten kanadischen Künstler, die schon zu Lebzeiten Weltberühmtheit erlangten. Er verstarb als 32-Jähriger an einer Lungenkrankheit.</rdfs:comment>
    <rdfs:comment xml:lang="ru">Пол Пил, англ.  Paul Peel — канадский художник в стиле академизма. Завоевав медаль на Парижском салоне в 1890 г, стал одним из первых канадских художников, получивших международное признание при жизни.</rdfs:comment>
    <rdfs:comment xml:lang="it">Lavorò sia in Nordamerica che in Europa. Dal punto di vista della formazione, il suo operato artistico è legato ai circoli accademici dell&#39;Art pompier, mentre stilisticmente l&#39;artista si avvicina all&#39;impressionismo, avendo lavorato di frequente anche in Francia. Vinse una medaglia di bronzo nel 1890 al Salon di Parigi con l&#39;opera After the bath, divenendo uno dei primi artisti canadesi a raggiungere, ancora in vita, notorietà a livello internazionale.</rdfs:comment>
    <rdfs:comment xml:lang="sv">Paul Peel, född den 7 november 1860 i London, Ontario, död den 3 oktober 1892, var en kanadensisk konstnär.</rdfs:comment>
    <foaf:name xml:lang="en">Paul Peel</foaf:name>
    <dbpedia-owl:thumbnail rdf:resource="http://upload.wikimedia.org/wikipedia/commons/thumb/6/6d/Self_portrait_of_Paul_Peel.jpg/200px-Self_portrait_of_Paul_Peel.jpg" />
    <dbpedia-owl:wikiPageExternalLink rdf:resource="http://www.thecanadianencyclopedia.com/index.cfm?PgNm=TCE&amp;Params=A1ARTA0006183" />
    <dbpedia-owl:wikiPageExternalLink rdf:resource="http://www.biographi.ca/009004-119.01-e.php?&amp;id_nbr=6359" />
    <dbpprop:dateOfBirth rdf:datatype="http://www.w3.org/2001/XMLSchema#integer">7</dbpprop:dateOfBirth>
    <dbpprop:dateOfDeath rdf:datatype="http://www.w3.org/2001/XMLSchema#integer">3</dbpprop:dateOfDeath>
    <dbpprop:name xml:lang="en">Peel, Paul</dbpprop:name>
    <dbpprop:shortDescription xml:lang="en">Canadian artist</dbpprop:shortDescription>
    <foaf:givenName xml:lang="en">Paul</foaf:givenName>
    <foaf:isPrimaryTopicOf rdf:resource="http://en.wikipedia.org/wiki/Paul_Peel" />
    <dc:description xml:lang="en">Canadian artist</dc:description>
    <ns8:wasDerivedFrom rdf:resource="http://en.wikipedia.org/wiki/Paul_Peel?oldid=540662458" />
    <dbpprop:hasPhotoCollection rdf:resource="http://wifo5-03.informatik.uni-mannheim.de/flickrwrappr/photos/Paul_Peel" />
    <foaf:surname xml:lang="en">Peel</foaf:surname>
  </rdf:Description>
  <rdf:Description rdf:about="http://dbpedia.org/resource/Peel">
    <dbpedia-owl:wikiPageDisambiguates rdf:resource="http://dbpedia.org/resource/Paul_Peel" />
  </rdf:Description>
  <rdf:Description rdf:about="http://it.dbpedia.org/resource/Paul_Peel">
    <owl:sameAs rdf:resource="http://dbpedia.org/resource/Paul_Peel" />
  </rdf:Description>
  <rdf:Description rdf:about="http://pt.dbpedia.org/resource/Paul_Peel">
    <owl:sameAs rdf:resource="http://dbpedia.org/resource/Paul_Peel" />
  </rdf:Description>
  <rdf:Description rdf:about="http://ru.dbpedia.org/resource/Пил,_Пол">
    <owl:sameAs rdf:resource="http://dbpedia.org/resource/Paul_Peel" />
  </rdf:Description>
  <rdf:Description rdf:about="http://pl.dbpedia.org/resource/Paul_Peel">
    <owl:sameAs rdf:resource="http://dbpedia.org/resource/Paul_Peel" />
  </rdf:Description>
  <rdf:Description rdf:about="http://de.dbpedia.org/resource/Paul_Peel">
    <owl:sameAs rdf:resource="http://dbpedia.org/resource/Paul_Peel" />
  </rdf:Description>
  <rdf:Description rdf:about="http://fr.dbpedia.org/resource/Paul_Peel">
    <owl:sameAs rdf:resource="http://dbpedia.org/resource/Paul_Peel" />
  </rdf:Description>
  <rdf:Description rdf:about="http://en.wikipedia.org/wiki/Paul_Peel">
    <foaf:primaryTopic rdf:resource="http://dbpedia.org/resource/Paul_Peel" />
  </rdf:Description>
  <rdf:Description rdf:about="http://nl.dbpedia.org/resource/Paul_Peel">
    <owl:sameAs rdf:resource="http://dbpedia.org/resource/Paul_Peel" />
  </rdf:Description>
  <rdf:Description rdf:about="http://wikidata.dbpedia.org/resource/Q609959">
    <owl:sameAs rdf:resource="http://dbpedia.org/resource/Paul_Peel" />
  </rdf:Description>
  <rdf:Description rdf:about="http://br.dbpedia.org/resource/Paul_Peel">
    <owl:sameAs rdf:resource="http://dbpedia.org/resource/Paul_Peel" />
  </rdf:Description>
  <rdf:Description rdf:about="http://sv.dbpedia.org/resource/Paul_Peel">
    <owl:sameAs rdf:resource="http://dbpedia.org/resource/Paul_Peel" />
  </rdf:Description>
</rdf:RDF>
