<?xml version="1.0" encoding="utf-8" ?>
<rdf:RDF
	xmlns:rdf="http://www.w3.org/1999/02/22-rdf-syntax-ns#"
	xmlns:rdfs="http://www.w3.org/2000/01/rdf-schema#"
	xmlns:owl="http://www.w3.org/2002/07/owl#"
	xmlns:dcterms="http://purl.org/dc/terms/"
	xmlns:dbpedia-owl="http://dbpedia.org/ontology/"
	xmlns:foaf="http://xmlns.com/foaf/0.1/"
	xmlns:dbpprop="http://dbpedia.org/property/"
	xmlns:dc="http://purl.org/dc/elements/1.1/"
	xmlns:ns8="http://www.w3.org/ns/prov#" >
  <rdf:Description rdf:about="http://dbpedia.org/resource/Pietro_Lorenzetti">
    <rdf:type rdf:resource="http://dbpedia.org/class/yago/Whole100003553" />
    <rdf:type rdf:resource="http://dbpedia.org/class/yago/Object100002684" />
    <rdf:type rdf:resource="http://dbpedia.org/class/yago/PeopleFromSiena" />
    <rdf:type rdf:resource="http://dbpedia.org/class/yago/CausalAgent100007347" />
    <rdf:type rdf:resource="http://dbpedia.org/class/yago/Organism100004475" />
    <rdf:type rdf:resource="http://dbpedia.org/class/yago/YagoLegalActor" />
    <rdf:type rdf:resource="http://dbpedia.org/class/yago/PhysicalEntity100001930" />
    <rdf:type rdf:resource="http://schema.org/Person" />
    <rdf:type rdf:resource="http://dbpedia.org/class/yago/Painter110391653" />
    <rdf:type rdf:resource="http://xmlns.com/foaf/0.1/Person" />
    <rdf:type rdf:resource="http://www.w3.org/2002/07/owl#Thing" />
    <rdf:type rdf:resource="http://dbpedia.org/class/yago/YagoLegalActorGeo" />
    <rdf:type rdf:resource="http://dbpedia.org/class/yago/Creator109614315" />
    <rdf:type rdf:resource="http://dbpedia.org/class/yago/TuscanPainters" />
    <rdf:type rdf:resource="http://dbpedia.org/class/yago/GothicPainters" />
    <rdf:type rdf:resource="http://dbpedia.org/ontology/Agent" />
    <rdf:type rdf:resource="http://dbpedia.org/class/yago/Person100007846" />
    <rdf:type rdf:resource="http://dbpedia.org/class/yago/Artist109812338" />
    <rdf:type rdf:resource="http://dbpedia.org/class/yago/LivingThing100004258" />
    <rdf:type rdf:resource="http://dbpedia.org/ontology/Person" />
    <owl:sameAs rdf:resource="http://da.dbpedia.org/resource/Pietro_Lorenzetti" />
    <owl:sameAs rdf:resource="http://pt.dbpedia.org/resource/Pietro_Lorenzetti" />
    <owl:sameAs rdf:resource="http://sv.dbpedia.org/resource/Pietro_Lorenzetti" />
    <owl:sameAs rdf:resource="http://dbpedia.org/resource/Pietro_Lorenzetti" />
    <owl:sameAs rdf:resource="http://it.dbpedia.org/resource/Pietro_Lorenzetti" />
    <owl:sameAs rdf:resource="http://nl.dbpedia.org/resource/Pietro_Lorenzetti" />
    <owl:sameAs rdf:resource="http://ja.dbpedia.org/resource/ピエトロ・ロレンツェッティ" />
    <owl:sameAs rdf:resource="http://de.dbpedia.org/resource/Pietro_Lorenzetti" />
    <owl:sameAs rdf:resource="http://rdf.freebase.com/ns/m.01zxpn" />
    <owl:sameAs rdf:resource="http://be.dbpedia.org/resource/П&#39;етра_Ларанцэці" />
    <owl:sameAs rdf:resource="http://fi.dbpedia.org/resource/Pietro_Lorenzetti" />
    <owl:sameAs rdf:resource="http://sr.dbpedia.org/resource/Пјетро_Лоренцети" />
    <owl:sameAs rdf:resource="http://ca.dbpedia.org/resource/Pietro_Lorenzetti" />
    <owl:sameAs rdf:resource="http://ru.dbpedia.org/resource/Лоренцетти,_Пьетро" />
    <owl:sameAs rdf:resource="http://eu.dbpedia.org/resource/Pietro_Lorenzetti" />
    <owl:sameAs rdf:resource="http://th.dbpedia.org/resource/ปีเอโตร_โลเรนเซตตี" />
    <owl:sameAs rdf:resource="http://es.dbpedia.org/resource/Pietro_Lorenzetti" />
    <owl:sameAs rdf:resource="http://no.dbpedia.org/resource/Pietro_Lorenzetti" />
    <owl:sameAs rdf:resource="http://fr.dbpedia.org/resource/Pietro_Lorenzetti" />
    <owl:sameAs rdf:resource="http://sl.dbpedia.org/resource/Pietro_Lorenzetti" />
    <owl:sameAs rdf:resource="http://pl.dbpedia.org/resource/Pietro_Lorenzetti" />
    <owl:sameAs rdf:resource="http://uk.dbpedia.org/resource/П&#39;єтро_Лоренцетті" />
    <owl:sameAs rdf:resource="http://yago-knowledge.org/resource/Pietro_Lorenzetti" />
    <owl:sameAs rdf:resource="http://www.wikidata.org/entity/Q309635" />
    <owl:sameAs rdf:resource="http://sh.dbpedia.org/resource/Pietro_Lorenzetti" />
    <owl:sameAs rdf:resource="http://zh_min_nan.dbpedia.org/resource/Pietro_Lorenzetti" />
    <owl:sameAs rdf:resource="http://sk.dbpedia.org/resource/Pietro_Lorenzetti" />
    <owl:sameAs rdf:resource="http://hr.dbpedia.org/resource/Pietro_Lorenzetti" />
    <owl:sameAs rdf:resource="http://lt.dbpedia.org/resource/Pietro_Lorenzetti" />
    <dcterms:subject rdf:resource="http://dbpedia.org/resource/Category:Gothic_painters" />
    <dcterms:subject rdf:resource="http://dbpedia.org/resource/Category:People_from_Siena" />
    <dcterms:subject rdf:resource="http://dbpedia.org/resource/Category:Sienese_painters" />
    <dcterms:subject rdf:resource="http://dbpedia.org/resource/Category:1348_deaths" />
    <dcterms:subject rdf:resource="http://dbpedia.org/resource/Category:1280s_births" />
    <dbpedia-owl:abstract xml:lang="pt">Pietro Lorenzetti foi um pintor italiano da escola sienesa. Ele trabalhou aproximadamente de 1306 até 1347. Seu irmão foi o pintor Ambrogio Lorenzetti. Foi influenciado por Giovanni Pisano, Giotto, e trabalhou com Simone Martini em Assis. Ele e seu irmão, Ambrogio Lorenzetti, ajudaram a introduzir o naturalismo na arte de Siena. Muitos dos seus trabalhos religiosos estão nas igrejas de Siena, Arezzo e Assis. Um dos seus últimos trabalhos é a Natividade da Virgem, agora no museu da Catedral de Siena. Sua obra-prima são os afrescos na parte inferior da Basílica de São Francisco de Assis. Os Irmãos Lorenzetti e seus contemporâneos de Florença, entre eles Giotto, junto com seus próprios seguidores Bernardo Daddi e Maso Di Banco, introduziram as representações pictóricas de terras, cidades e campo na arte da época. Sua biografia também foi escrita por Giorgio Vasari.</dbpedia-owl:abstract>
    <dbpedia-owl:abstract xml:lang="ja">ピエトロ・ロレンツェッティ（Pietro Lorenzetti or Pietro Laurati, 1280年頃 - 1348年）はイタリアの画家。おおよそ1306年から1345年にかけて活動した。</dbpedia-owl:abstract>
    <dbpedia-owl:abstract xml:lang="nl">Pietro Lorenzetti of Pietro Laurati was een Italiaans schilder die ongeveer tussen 1306 en 1345 actief was. Hij wordt tot de meesters van de school van Siena (scuola senese) gerekend. Lorenzetti werd beïnvloed door Giovanni Pisano en Giotto, en werkte samen met Simone Martini in Assisi. Hij en zijn broer, Ambrogio Lorenzetti, introduceerden het naturalisme in de Sienese kunst. In hun experimenten met driedimensionale en ruimtelijke composities waren ze voorlopers van de kunst van de renaissance. Veel van zijn religieuze werken bevonden zich in kerken in Siena, Arezzo en Assisi. Een van zijn laatste werken is de Geboorte van de Maagd (1342), nu in het Museo dell&#39;Opera del Duomo. Zijn meesterwerk is een fresco in tempera, de decoratie van de laagste kerk van de basiliek van San Francesco d&#39;Assisi. Hij schilderde er een reeks grote panelen over de Kruisiging, Kruisafneming en Graflegging. In deze werken voert hij grootse figuren op die emotioneel op elkaar reageren. Dit betekende een breuk met zijn vroegere Icoonkunst, vlakke uitbeeldingen van figuren zonder veel interactie. In dit schilderij en in andere werken van de kerk is de invloed merkbaar van Giotto&#39;s verhalende fresco&#39;s in de Bardi en Peruzzi kapellen van de Santa Croce in Florence. Giorgio Vasari nam in zijn &#39;Levens&#39; een biografie op van Lorenzetti.</dbpedia-owl:abstract>
    <dbpedia-owl:abstract xml:lang="en">Pietro Lorenzetti (or Pietro Laurati; c. 1280–1348) was an Italian painter, active between approximately 1306 and 1345. Together with his younger brother, the painter Ambrogio Lorenzetti, he helped introduce naturalism into Sienese art. In their artistry and experiments with three-dimensional and spatial arrangements, the two brothers foreshadowed the art of the Renaissance.</dbpedia-owl:abstract>
    <dbpedia-owl:abstract xml:lang="es">Pietro Lorenzetti fue un pintor italiano de estilo italo-gótico, activo aproximadamente entre 1306 y 1345.</dbpedia-owl:abstract>
    <dbpedia-owl:abstract xml:lang="it"></dbpedia-owl:abstract>
    <dbpedia-owl:abstract xml:lang="de">Pietro Lorenzetti war ein italienischer Maler und der ältere Bruder von Ambrogio Lorenzetti. Er gilt als Nachfolger Giottos, da er den Freskenzyklus der Unterkirche der Basilika San Francesco Assisi ab etwa 1325 fertigstellte. Im Palazzo Pubblico von Siena malte er mit seinem Bruder Ambrogio drei Wände der Sala dei Nove in einem Großauftrag aus. Die Fresken dort stellen in politisch schulmeisterlicher Manier allegorisch Die gute und die schlechte Regierung, mit ihren Auswirkungen auf die Bevölkerung in Stadt und Land dar (gemalt zwischen 1337 und 1339 im unteren Abschnitt heute schwer beschädigt). Vorbilder waren für ihn u.  a. Duccio, Giotto und Giovanni Pisano. Von Duccio übernahm er die Figurendarstellung wie z.  B. im Retabel der Pfarrkirche von Arezzo, von Giotto lernte er Raumdarstellung und Verkürzung und von Pisano die Leidenschaftlichkeit des Vortrags. Da nach 1348 jegliche Nachrichten über die Brüder Lorenzetti fehlen, wurden sie sehr wahrscheinlich Opfer der Pestepidemie von 1348.</dbpedia-owl:abstract>
    <dbpedia-owl:abstract xml:lang="ru">Пьетро Лоренцетти — итальянский художник, сиенская школа. Первое документальное упоминание о Пьетро Лоренцетти датируется 1306 годом, и если в нем речь идет именно об этом Пьетро, то он должен был быть на десять лет старше своего брата, художника Амброджо Лоренцетти. Документальные свидетельства о Пьетро довольно скудны, если не считать таковыми жизнеописание, составленное Джорджо Вазари. В связи с этим реконструкция его творчества и датировка большинства работ носят не точный, но предположительный характер. Пьетро традиционно считается менее изобретательным и более консервативным художником, чем его брат Амброджо, и это справедливо, но лишь отчасти. Подобно Симоне Мартини Пьетро Лоренцетти сформировался в среде зрелых работ Дуччо, но в отличие от Дуччо и Мартини его темперамент был более драматичным и страстным. Этот темперамент толкал его к поиску новых изобразительных средств, которые он нашел в работах Джотто. Пьетро Лоренцетти не отказался от сиенской традиции, но внес в ее тонкое религиозное аристократическое звучание сильные ноты человеческого драматизма.</dbpedia-owl:abstract>
    <dbpedia-owl:abstract xml:lang="fr">Pietro Lorenzetti ou Pietro Laurati est un peintre siennois du XIV siècle qui fut actif à partir de 1305.</dbpedia-owl:abstract>
    <dbpedia-owl:abstract xml:lang="pl">Pietro Lorenzetti – włoski malarz. Życie Pietra Lorenzettiego owiane jest tajemnicą; istnieje niewiele potwierdzonych danych na jego temat, wiadomo tylko, że działał, podobnie jak jego brat Ambrogio, w pierwszej połowie XIV wieku i zmarł w 1348 roku w czasie epidemii dżumy. Źródłem inspiracji dla twórczości Pietra, ze względów terytorialnych, było malarstwo Ducia di Buoninsegni, a następnie późniejsze doświadczenia wyniesione z innych miast toskańskich i z Umbrii, zwłaszcza z kościoła św. Franciszka w Asyżu, gdzie miał możność poznania nowatorskiego stylu wielkiego florenckiego twórcy. Był artystą bardziej tradycyjnym od brata, a jego malarstwo cechuje wyjątkowa dbałość o szczegół, harmonię i elegancję kompozycji w połączeniu z ekspresją wyrażania uczuć. Do najważniejszych dzieł Pietra należy fresk namalowany w kaplicy Orsinich w dolnym kościele w Asyżu, datowany na lata 1310–1315, który był prawdopodobnie inspirowany malowidłem Mistrza św. Mikołaja, znajdującym się w zewnętrznej części kaplicy. W dolnym kościele znajduje się ponadto jego obraz Madonny z Dzieciątkiem w otoczeniu świętych Jana Chrzciciela i Franciszka, dzieło pełne elegancji i wrażliwości, którego postaci przywołują na myśl modele Giotta. Pierwszym jego dziełem opatrzonym podpisem jest poliptyk w kościele parafialnym Santa Maria w Arezzo, wykonany na zlecenie biskupa Guida Tarlatiego w roku 1320. Malowidło, niezwykle ekspresyjne, o bogatej kolorystyce, przypomina stylem freski przedstawiające sceny męki Pańskiej w dolnym kościele w Asyżu, cykl o kontrowersyjnej atrybucji chronologicznej, choć jak sądzą niektórzy historycy sztuki, pochodzący z tego samego okresu. Jednym z najpiękniejszych dzieł artysty jest powstały w roku 1329 poliptyk Madonna karmelitów, w dużej części zachowany w sieneńskiej Pinakotece. Przedstawia on najważniejsze dzieje karmelitów, poczynając od Eliasza, a także epizody późniejsze, jak założenie około XII wieku przez grupę pielgrzymów – pustelników zakonu żebrzącego na górze Karmel w Galilei. W 1335 roku Pietro wykonał wraz z bratem na fasadzie sieneńskiego kościoła Santa Maria della Scala cykl fresków, które uległy zniszczeniu w XVIII wieku, a w 1336 roku rozpoczął, także z bratem, dekorację wirydarza i sali kapituły sieneńskiego klasztoru świętego Franciszka. Zachowały się tam do dziś wykonane ręką Pietra jedynie sceny z ukrzyżowania i zmartwychwstania Chrystusa. W ostatnich latach życia artysty powstały: poliptyk Błogosławiona Umila i Maestra, oba w Uffizi, oraz obraz Narodziny Marii.</dbpedia-owl:abstract>
    <dbpedia-owl:abstract xml:lang="sv">Pietro Lorenzetti, eller Pietro Laurati, född c:a 1280 i Siena, död 1348 i Siena, italiensk målare verksam i Siena omkring 1306-1346, tillhörde Sienaskolan. Han och brodern Ambrogio Lorenzetti bidrog till att införa naturalism i den sienesiska konsten. I deras konstnärliga arbete och experiment med tredimensionella och rumsliga arrangemang föregick de renässanskonsten. Han influerades av Giovanni Pisano. Många av hans religiösa verk kan ses i kyrkor i Siena. Lorenzetti räknas till Sienaskolans främsta konstnärer under det tidiga 1300-talet. Med utgångspunkt i Duccios och Giottos konst anammade han Simone Martinis nyskapelser och bildhuggaren Giovanni Pisanos uttryckskraft. I motsats till sin bror Ambrogio skapade Pietro stränga och symmetriska scener i vilka han effektfullt infogar grupper av tredimensionella figurer. Hans måleri kännetecknas av en uppmärksam verklighetsiakttagelse och en fin känsla för de under dagen och året skiftande ljusförhållandena. Under sin senare skaparperiod utvecklade han till fullo sin berättartalang. En biografi över Lorenzetti ingår i Giorgio Vasaris Berömda renässanskonstnärers liv (Delle Vite de&#39; più eccellenti pittori, scultori, ed architettori) (1550).</dbpedia-owl:abstract>
    <dbpedia-owl:wikiPageID rdf:datatype="http://www.w3.org/2001/XMLSchema#integer">356236</dbpedia-owl:wikiPageID>
    <dbpedia-owl:wikiPageRevisionID rdf:datatype="http://www.w3.org/2001/XMLSchema#integer">548341973</dbpedia-owl:wikiPageRevisionID>
    <rdfs:label xml:lang="nl">Pietro Lorenzetti</rdfs:label>
    <rdfs:label xml:lang="fr">Pietro Lorenzetti</rdfs:label>
    <rdfs:label xml:lang="sv">Pietro Lorenzetti</rdfs:label>
    <rdfs:label xml:lang="pt">Pietro Lorenzetti</rdfs:label>
    <rdfs:label xml:lang="it">Pietro Lorenzetti</rdfs:label>
    <rdfs:label xml:lang="ja">ピエトロ・ロレンツェッティ</rdfs:label>
    <rdfs:label xml:lang="en">Pietro Lorenzetti</rdfs:label>
    <rdfs:label xml:lang="de">Pietro Lorenzetti</rdfs:label>
    <rdfs:label xml:lang="ru">Лоренцетти, Пьетро</rdfs:label>
    <rdfs:label xml:lang="pl">Pietro Lorenzetti</rdfs:label>
    <rdfs:label xml:lang="es">Pietro Lorenzetti</rdfs:label>
    <foaf:depiction rdf:resource="http://upload.wikimedia.org/wikipedia/commons/3/34/Pietro_lorenzetti,_compianto_(dettaglio)_basilica_inferiore_di_assisi_(1310-1329).jpg" />
    <rdfs:comment xml:lang="ja">ピエトロ・ロレンツェッティ（Pietro Lorenzetti or Pietro Laurati, 1280年頃 - 1348年）はイタリアの画家。おおよそ1306年から1345年にかけて活動した。</rdfs:comment>
    <rdfs:comment xml:lang="it"></rdfs:comment>
    <rdfs:comment xml:lang="sv">Pietro Lorenzetti, eller Pietro Laurati, född c:a 1280 i Siena, död 1348 i Siena, italiensk målare verksam i Siena omkring 1306-1346, tillhörde Sienaskolan. Han och brodern Ambrogio Lorenzetti bidrog till att införa naturalism i den sienesiska konsten. I deras konstnärliga arbete och experiment med tredimensionella och rumsliga arrangemang föregick de renässanskonsten. Han influerades av Giovanni Pisano. Många av hans religiösa verk kan ses i kyrkor i Siena.</rdfs:comment>
    <rdfs:comment xml:lang="nl">Pietro Lorenzetti of Pietro Laurati was een Italiaans schilder die ongeveer tussen 1306 en 1345 actief was. Hij wordt tot de meesters van de school van Siena (scuola senese) gerekend. Lorenzetti werd beïnvloed door Giovanni Pisano en Giotto, en werkte samen met Simone Martini in Assisi. Hij en zijn broer, Ambrogio Lorenzetti, introduceerden het naturalisme in de Sienese kunst.</rdfs:comment>
    <rdfs:comment xml:lang="ru">Пьетро Лоренцетти — итальянский художник, сиенская школа. Первое документальное упоминание о Пьетро Лоренцетти датируется 1306 годом, и если в нем речь идет именно об этом Пьетро, то он должен был быть на десять лет старше своего брата, художника Амброджо Лоренцетти. Документальные свидетельства о Пьетро довольно скудны, если не считать таковыми жизнеописание, составленное Джорджо Вазари.</rdfs:comment>
    <rdfs:comment xml:lang="de">Pietro Lorenzetti war ein italienischer Maler und der ältere Bruder von Ambrogio Lorenzetti. Er gilt als Nachfolger Giottos, da er den Freskenzyklus der Unterkirche der Basilika San Francesco Assisi ab etwa 1325 fertigstellte. Im Palazzo Pubblico von Siena malte er mit seinem Bruder Ambrogio drei Wände der Sala dei Nove in einem Großauftrag aus.</rdfs:comment>
    <rdfs:comment xml:lang="en">Pietro Lorenzetti (or Pietro Laurati; c. 1280–1348) was an Italian painter, active between approximately 1306 and 1345. Together with his younger brother, the painter Ambrogio Lorenzetti, he helped introduce naturalism into Sienese art. In their artistry and experiments with three-dimensional and spatial arrangements, the two brothers foreshadowed the art of the Renaissance.</rdfs:comment>
    <rdfs:comment xml:lang="fr">Pietro Lorenzetti ou Pietro Laurati est un peintre siennois du XIV siècle qui fut actif à partir de 1305.</rdfs:comment>
    <rdfs:comment xml:lang="es">Pietro Lorenzetti fue un pintor italiano de estilo italo-gótico, activo aproximadamente entre 1306 y 1345.</rdfs:comment>
    <rdfs:comment xml:lang="pl">Pietro Lorenzetti – włoski malarz. Życie Pietra Lorenzettiego owiane jest tajemnicą; istnieje niewiele potwierdzonych danych na jego temat, wiadomo tylko, że działał, podobnie jak jego brat Ambrogio, w pierwszej połowie XIV wieku i zmarł w 1348 roku w czasie epidemii dżumy. Źródłem inspiracji dla twórczości Pietra, ze względów terytorialnych, było malarstwo Ducia di Buoninsegni, a następnie późniejsze doświadczenia wyniesione z innych miast toskańskich i z Umbrii, zwłaszcza z kościoła św.</rdfs:comment>
    <rdfs:comment xml:lang="pt">Pietro Lorenzetti foi um pintor italiano da escola sienesa. Ele trabalhou aproximadamente de 1306 até 1347. Seu irmão foi o pintor Ambrogio Lorenzetti. Foi influenciado por Giovanni Pisano, Giotto, e trabalhou com Simone Martini em Assis. Ele e seu irmão, Ambrogio Lorenzetti, ajudaram a introduzir o naturalismo na arte de Siena. Muitos dos seus trabalhos religiosos estão nas igrejas de Siena, Arezzo e Assis.</rdfs:comment>
    <foaf:name xml:lang="en">Pietro Lorenzetti</foaf:name>
    <dbpedia-owl:thumbnail rdf:resource="http://upload.wikimedia.org/wikipedia/commons/thumb/3/34/Pietro_lorenzetti,_compianto_(dettaglio)_basilica_inferiore_di_assisi_(1310-1329).jpg/200px-Pietro_lorenzetti,_compianto_(dettaglio)_basilica_inferiore_di_assisi_(1310-1329).jpg" />
    <dbpedia-owl:wikiPageExternalLink rdf:resource="http://www.wga.hu/frames-e.html?/html/l/lorenzet/pietro/index.html" />
    <dbpedia-owl:wikiPageExternalLink rdf:resource="http://www.aiwaz.net/gallery/lorenzetti-pietro/gc58" />
    <dbpprop:dateOfDeath rdf:datatype="http://www.w3.org/2001/XMLSchema#integer">1348</dbpprop:dateOfDeath>
    <dbpprop:name xml:lang="en">Lorenzetti, Pietro</dbpprop:name>
    <dbpprop:shortDescription xml:lang="en">Italian painter</dbpprop:shortDescription>
    <foaf:givenName xml:lang="en">Pietro</foaf:givenName>
    <foaf:isPrimaryTopicOf rdf:resource="http://en.wikipedia.org/wiki/Pietro_Lorenzetti" />
    <dc:description xml:lang="en">Italian painter</dc:description>
    <ns8:wasDerivedFrom rdf:resource="http://en.wikipedia.org/wiki/Pietro_Lorenzetti?oldid=548341973" />
    <dbpprop:hasPhotoCollection rdf:resource="http://wifo5-03.informatik.uni-mannheim.de/flickrwrappr/photos/Pietro_Lorenzetti" />
    <foaf:surname xml:lang="en">Lorenzetti</foaf:surname>
  </rdf:Description>
  <rdf:Description rdf:about="http://pl.dbpedia.org/resource/Pietro_Lorenzetti">
    <owl:sameAs rdf:resource="http://dbpedia.org/resource/Pietro_Lorenzetti" />
  </rdf:Description>
  <rdf:Description rdf:about="http://dbpedia.org/resource/Pietro_Laurati">
    <dbpedia-owl:wikiPageRedirects rdf:resource="http://dbpedia.org/resource/Pietro_Lorenzetti" />
  </rdf:Description>
  <rdf:Description rdf:about="http://es.dbpedia.org/resource/Pietro_Lorenzetti">
    <owl:sameAs rdf:resource="http://dbpedia.org/resource/Pietro_Lorenzetti" />
  </rdf:Description>
  <rdf:Description rdf:about="http://en.wikipedia.org/wiki/Pietro_Lorenzetti">
    <foaf:primaryTopic rdf:resource="http://dbpedia.org/resource/Pietro_Lorenzetti" />
  </rdf:Description>
  <rdf:Description rdf:about="http://de.dbpedia.org/resource/Pietro_Lorenzetti">
    <owl:sameAs rdf:resource="http://dbpedia.org/resource/Pietro_Lorenzetti" />
  </rdf:Description>
  <rdf:Description rdf:about="http://fr.dbpedia.org/resource/Pietro_Lorenzetti">
    <owl:sameAs rdf:resource="http://dbpedia.org/resource/Pietro_Lorenzetti" />
  </rdf:Description>
  <rdf:Description rdf:about="http://ja.dbpedia.org/resource/ピエトロ・ロレンツェッティ">
    <owl:sameAs rdf:resource="http://dbpedia.org/resource/Pietro_Lorenzetti" />
  </rdf:Description>
  <rdf:Description rdf:about="http://dbpedia.org/resource/Nativity_of_the_Virgin_(Pietro_Lorenzetti)">
    <dbpedia-owl:author rdf:resource="http://dbpedia.org/resource/Pietro_Lorenzetti" />
    <dbpprop:artist rdf:resource="http://dbpedia.org/resource/Pietro_Lorenzetti" />
  </rdf:Description>
  <rdf:Description rdf:about="http://dbpedia.org/resource/Duccio">
    <dbpedia-owl:influenced rdf:resource="http://dbpedia.org/resource/Pietro_Lorenzetti" />
    <dbpprop:influenced rdf:resource="http://dbpedia.org/resource/Pietro_Lorenzetti" />
  </rdf:Description>
  <rdf:Description rdf:about="http://dbpedia.org/resource/Lorenzetti">
    <dbpedia-owl:wikiPageDisambiguates rdf:resource="http://dbpedia.org/resource/Pietro_Lorenzetti" />
  </rdf:Description>
  <rdf:Description rdf:about="http://it.dbpedia.org/resource/Pietro_Lorenzetti">
    <owl:sameAs rdf:resource="http://dbpedia.org/resource/Pietro_Lorenzetti" />
  </rdf:Description>
  <rdf:Description rdf:about="http://pt.dbpedia.org/resource/Pietro_Lorenzetti">
    <owl:sameAs rdf:resource="http://dbpedia.org/resource/Pietro_Lorenzetti" />
  </rdf:Description>
  <rdf:Description rdf:about="http://ru.dbpedia.org/resource/Лоренцетти,_Пьетро">
    <owl:sameAs rdf:resource="http://dbpedia.org/resource/Pietro_Lorenzetti" />
  </rdf:Description>
  <rdf:Description rdf:about="http://dbpedia.org/resource/Lorenzetti,_Pietro_and_Ambrogio">
    <dbpedia-owl:wikiPageRedirects rdf:resource="http://dbpedia.org/resource/Pietro_Lorenzetti" />
  </rdf:Description>
  <rdf:Description rdf:about="http://dbpedia.org/resource/Pietro_and_Ambrogio_Lorenzetti">
    <dbpedia-owl:wikiPageRedirects rdf:resource="http://dbpedia.org/resource/Pietro_Lorenzetti" />
  </rdf:Description>
  <rdf:Description rdf:about="http://nl.dbpedia.org/resource/Pietro_Lorenzetti">
    <owl:sameAs rdf:resource="http://dbpedia.org/resource/Pietro_Lorenzetti" />
  </rdf:Description>
  <rdf:Description rdf:about="http://eu.dbpedia.org/resource/Pietro_Lorenzetti">
    <owl:sameAs rdf:resource="http://dbpedia.org/resource/Pietro_Lorenzetti" />
  </rdf:Description>
  <rdf:Description rdf:about="http://be.dbpedia.org/resource/П&#39;етра_Ларанцэці">
    <owl:sameAs rdf:resource="http://dbpedia.org/resource/Pietro_Lorenzetti" />
  </rdf:Description>
  <rdf:Description rdf:about="http://ca.dbpedia.org/resource/Pietro_Lorenzetti">
    <owl:sameAs rdf:resource="http://dbpedia.org/resource/Pietro_Lorenzetti" />
  </rdf:Description>
  <rdf:Description rdf:about="http://da.dbpedia.org/resource/Pietro_Lorenzetti">
    <owl:sameAs rdf:resource="http://dbpedia.org/resource/Pietro_Lorenzetti" />
  </rdf:Description>
  <rdf:Description rdf:about="http://fi.dbpedia.org/resource/Pietro_Lorenzetti">
    <owl:sameAs rdf:resource="http://dbpedia.org/resource/Pietro_Lorenzetti" />
  </rdf:Description>
  <rdf:Description rdf:about="http://hr.dbpedia.org/resource/Pietro_Lorenzetti">
    <owl:sameAs rdf:resource="http://dbpedia.org/resource/Pietro_Lorenzetti" />
  </rdf:Description>
  <rdf:Description rdf:about="http://lt.dbpedia.org/resource/Pietro_Lorenzetti">
    <owl:sameAs rdf:resource="http://dbpedia.org/resource/Pietro_Lorenzetti" />
  </rdf:Description>
  <rdf:Description rdf:about="http://no.dbpedia.org/resource/Pietro_Lorenzetti">
    <owl:sameAs rdf:resource="http://dbpedia.org/resource/Pietro_Lorenzetti" />
  </rdf:Description>
  <rdf:Description rdf:about="http://sh.dbpedia.org/resource/Pietro_Lorenzetti">
    <owl:sameAs rdf:resource="http://dbpedia.org/resource/Pietro_Lorenzetti" />
  </rdf:Description>
  <rdf:Description rdf:about="http://sk.dbpedia.org/resource/Pietro_Lorenzetti">
    <owl:sameAs rdf:resource="http://dbpedia.org/resource/Pietro_Lorenzetti" />
  </rdf:Description>
  <rdf:Description rdf:about="http://sl.dbpedia.org/resource/Pietro_Lorenzetti">
    <owl:sameAs rdf:resource="http://dbpedia.org/resource/Pietro_Lorenzetti" />
  </rdf:Description>
  <rdf:Description rdf:about="http://sr.dbpedia.org/resource/Пјетро_Лоренцети">
    <owl:sameAs rdf:resource="http://dbpedia.org/resource/Pietro_Lorenzetti" />
  </rdf:Description>
  <rdf:Description rdf:about="http://sv.dbpedia.org/resource/Pietro_Lorenzetti">
    <owl:sameAs rdf:resource="http://dbpedia.org/resource/Pietro_Lorenzetti" />
  </rdf:Description>
  <rdf:Description rdf:about="http://th.dbpedia.org/resource/ปีเอโตร_โลเรนเซตตี">
    <owl:sameAs rdf:resource="http://dbpedia.org/resource/Pietro_Lorenzetti" />
  </rdf:Description>
  <rdf:Description rdf:about="http://uk.dbpedia.org/resource/П&#39;єтро_Лоренцетті">
    <owl:sameAs rdf:resource="http://dbpedia.org/resource/Pietro_Lorenzetti" />
  </rdf:Description>
  <rdf:Description rdf:about="http://zh_min_nan.dbpedia.org/resource/Pietro_Lorenzetti">
    <owl:sameAs rdf:resource="http://dbpedia.org/resource/Pietro_Lorenzetti" />
  </rdf:Description>
  <rdf:Description rdf:about="http://wikidata.dbpedia.org/resource/Q309635">
    <owl:sameAs rdf:resource="http://dbpedia.org/resource/Pietro_Lorenzetti" />
  </rdf:Description>
</rdf:RDF>
