<?xml version="1.0" encoding="utf-8" ?>
<rdf:RDF
	xmlns:rdf="http://www.w3.org/1999/02/22-rdf-syntax-ns#"
	xmlns:rdfs="http://www.w3.org/2000/01/rdf-schema#"
	xmlns:owl="http://www.w3.org/2002/07/owl#"
	xmlns:dcterms="http://purl.org/dc/terms/"
	xmlns:dbpedia-owl="http://dbpedia.org/ontology/"
	xmlns:foaf="http://xmlns.com/foaf/0.1/"
	xmlns:dbpprop="http://dbpedia.org/property/"
	xmlns:dc="http://purl.org/dc/elements/1.1/"
	xmlns:ns8="http://www.w3.org/ns/prov#" >
  <rdf:Description rdf:about="http://dbpedia.org/resource/Ramon_Mart%C3%AD_Alsina">
    <rdf:type rdf:resource="http://dbpedia.org/class/yago/Artist109812338" />
    <rdf:type rdf:resource="http://dbpedia.org/ontology/Artist" />
    <rdf:type rdf:resource="http://dbpedia.org/ontology/Agent" />
    <rdf:type rdf:resource="http://dbpedia.org/ontology/Person" />
    <rdf:type rdf:resource="http://dbpedia.org/class/yago/PhysicalEntity100001930" />
    <rdf:type rdf:resource="http://dbpedia.org/class/yago/Person100007846" />
    <rdf:type rdf:resource="http://dbpedia.org/class/yago/Whole100003553" />
    <rdf:type rdf:resource="http://dbpedia.org/class/yago/CausalAgent100007347" />
    <rdf:type rdf:resource="http://dbpedia.org/class/yago/Organism100004475" />
    <rdf:type rdf:resource="http://dbpedia.org/class/yago/YagoLegalActor" />
    <rdf:type rdf:resource="http://dbpedia.org/class/yago/Object100002684" />
    <rdf:type rdf:resource="http://dbpedia.org/class/yago/Creator109614315" />
    <rdf:type rdf:resource="http://dbpedia.org/class/yago/CatalanPainters" />
    <rdf:type rdf:resource="http://xmlns.com/foaf/0.1/Person" />
    <rdf:type rdf:resource="http://dbpedia.org/class/yago/Painter110391653" />
    <rdf:type rdf:resource="http://dbpedia.org/class/yago/YagoLegalActorGeo" />
    <rdf:type rdf:resource="http://dbpedia.org/class/yago/LivingThing100004258" />
    <rdf:type rdf:resource="http://schema.org/Person" />
    <rdf:type rdf:resource="http://www.w3.org/2002/07/owl#Thing" />
    <owl:sameAs rdf:resource="http://pt.dbpedia.org/resource/Ramón_Martí_Alsina" />
    <owl:sameAs rdf:resource="http://es.dbpedia.org/resource/Ramón_Martí_Alsina" />
    <owl:sameAs rdf:resource="http://rdf.freebase.com/ns/m.09_r56" />
    <owl:sameAs rdf:resource="http://dbpedia.org/resource/Ramon_Mart%C3%AD_Alsina" />
    <owl:sameAs rdf:resource="http://www.wikidata.org/entity/Q2977133" />
    <owl:sameAs rdf:resource="http://fr.dbpedia.org/resource/Ramón_Martí_Alsina" />
    <owl:sameAs rdf:resource="http://yago-knowledge.org/resource/Ramon_Martí_Alsina" />
    <owl:sameAs rdf:resource="http://ru.dbpedia.org/resource/Марти-и-Альсина,_Рамон" />
    <dcterms:subject rdf:resource="http://dbpedia.org/resource/Category:Catalan_painters" />
    <dcterms:subject rdf:resource="http://dbpedia.org/resource/Category:1826_births" />
    <dcterms:subject rdf:resource="http://dbpedia.org/resource/Category:1894_deaths" />
    <dbpedia-owl:abstract xml:lang="fr">Ramón Martí i Alsina, né en 1826 à Barcelone en Espagne et décédé en 1894 à Barcelone, est un peintre catalan représentant du courant du réalisme espagnol.</dbpedia-owl:abstract>
    <dbpedia-owl:abstract xml:lang="pt">Ramon Martí i Alsina. Foi um pintor realista catalão. Considerado a figura mais importante do realismo artístico da Espanha, a tal ponto que Martí i Alsina faz parte das últimas tendências europeias e inovador na época. Ramon Martí i Alsina revolucionou o panorama obsoleto do século XIX, a aristocracia espanhola. Ele foi o verdadeiro criador da escola de paisagem catalã e pioneiro da pintura moderna na Espanha, defendendo, assim, mesmo antes de Carlos de Haes o estudo, a observação e a reprodução natural. Ele também foi mestre de toda uma geração de autores, incluindo nomes de relevo, tais como: Modest Urgell, Gómez Simó, Vayreda Joaquim, Galofre Baldomero, Luis José Pellicer, Armet Lluís e Torrescassana Francesc.</dbpedia-owl:abstract>
    <dbpedia-owl:abstract xml:lang="ru">Рамон Марти-и-Альсина — каталонский художник, представитель реалистического направления в искусстве.</dbpedia-owl:abstract>
    <dbpedia-owl:abstract xml:lang="es">Ramón Martí Alsina, también Ramon Martí i Alsina, fue un pintor realista español, considerado como la figura más importante del realismo artístico de España, hasta el punto de que Martí Alsina se enmarca dentro de las corrientes europeas más modernas y rompedoras del momento. Revolucionó el anquilosado panorama artístico español del siglo XIX. Fue el verdadero creador de la escuela paisajística catalana y pionero de la pintura moderna en España, preconizando -mucho antes incluso que Carlos de Haes- el estudio, la observación y la reproducción del natural. Fue, además, maestro de toda una generación de autores, entre los cuales nombres de tanto relieve como Modest Urgell, Simó Gómez, Joaquín Vayreda, Baldomero Galofré, José Luis Pellicer, Lluís Armet o Francesc Torrescassana.</dbpedia-owl:abstract>
    <dbpedia-owl:abstract xml:lang="en">Ramon Martí i Alsina (1826–1894), was a Catalan Realist painter. He studied in Barcelona at La Llotja school of art under Antoni Ferrant, Claudi Lorenzale and Lluís Rigalt, among others. He made several trips to Paris in successive stages over which he came to know the work of Courbet, the French Realists and the Barbizon school. Although he was primarily a realist, his early works were influenced by Romanticism and in his later works, he began adapting the tenets of Impressionism, hence some critics consider him an Eclectic painter. He is considered the best representative of Spanish Realism and is credited with introducing Courbet&#39;s ideas into Catalonia.</dbpedia-owl:abstract>
    <dbpedia-owl:deathPlace rdf:resource="http://dbpedia.org/resource/Catalonia" />
    <dbpedia-owl:deathPlace rdf:resource="http://dbpedia.org/resource/Spain" />
    <dbpedia-owl:deathPlace rdf:resource="http://dbpedia.org/resource/Barcelona" />
    <dbpedia-owl:field rdf:resource="http://dbpedia.org/resource/Painting" />
    <dbpedia-owl:influenced rdf:resource="http://dbpedia.org/resource/Joaquim_Vayreda" />
    <dbpedia-owl:influenced rdf:resource="http://dbpedia.org/resource/Modest_Urgell" />
    <dbpedia-owl:influencedBy rdf:resource="http://dbpedia.org/resource/Gustave_Courbet" />
    <dbpedia-owl:movement rdf:resource="http://dbpedia.org/resource/Spanish_Eclecticism" />
    <dbpedia-owl:movement rdf:resource="http://dbpedia.org/resource/Realism_(arts)" />
    <dbpedia-owl:nationality rdf:resource="http://dbpedia.org/resource/Spain" />
    <dbpedia-owl:nationality rdf:resource="http://dbpedia.org/resource/Catalonia" />
    <dbpedia-owl:wikiPageID rdf:datatype="http://www.w3.org/2001/XMLSchema#integer">3782766</dbpedia-owl:wikiPageID>
    <dbpedia-owl:wikiPageRevisionID rdf:datatype="http://www.w3.org/2001/XMLSchema#integer">541711837</dbpedia-owl:wikiPageRevisionID>
    <rdfs:label xml:lang="fr">Ramón Martí Alsina</rdfs:label>
    <rdfs:label xml:lang="es">Ramón Martí Alsina</rdfs:label>
    <rdfs:label xml:lang="ru">Марти-и-Альсина, Рамон</rdfs:label>
    <rdfs:label xml:lang="pt">Ramón Martí Alsina</rdfs:label>
    <rdfs:label xml:lang="en">Ramon Martí Alsina</rdfs:label>
    <foaf:depiction rdf:resource="http://upload.wikimedia.org/wikipedia/commons/7/71/MartiAlsina-autorretrat-1870.jpg" />
    <rdfs:comment xml:lang="pt">Ramon Martí i Alsina. Foi um pintor realista catalão. Considerado a figura mais importante do realismo artístico da Espanha, a tal ponto que Martí i Alsina faz parte das últimas tendências europeias e inovador na época. Ramon Martí i Alsina revolucionou o panorama obsoleto do século XIX, a aristocracia espanhola.</rdfs:comment>
    <rdfs:comment xml:lang="es">Ramón Martí Alsina, también Ramon Martí i Alsina, fue un pintor realista español, considerado como la figura más importante del realismo artístico de España, hasta el punto de que Martí Alsina se enmarca dentro de las corrientes europeas más modernas y rompedoras del momento. Revolucionó el anquilosado panorama artístico español del siglo XIX.</rdfs:comment>
    <rdfs:comment xml:lang="fr">Ramón Martí i Alsina, né en 1826 à Barcelone en Espagne et décédé en 1894 à Barcelone, est un peintre catalan représentant du courant du réalisme espagnol.</rdfs:comment>
    <rdfs:comment xml:lang="en">Ramon Martí i Alsina (1826–1894), was a Catalan Realist painter. He studied in Barcelona at La Llotja school of art under Antoni Ferrant, Claudi Lorenzale and Lluís Rigalt, among others. He made several trips to Paris in successive stages over which he came to know the work of Courbet, the French Realists and the Barbizon school.</rdfs:comment>
    <rdfs:comment xml:lang="ru">Рамон Марти-и-Альсина — каталонский художник, представитель реалистического направления в искусстве.</rdfs:comment>
    <foaf:name xml:lang="en">Ramon Marti Alsina</foaf:name>
    <foaf:name xml:lang="en">Ramon Martí i Alsina</foaf:name>
    <dbpedia-owl:thumbnail rdf:resource="http://upload.wikimedia.org/wikipedia/commons/thumb/7/71/MartiAlsina-autorretrat-1870.jpg/200px-MartiAlsina-autorretrat-1870.jpg" />
    <dbpedia-owl:wikiPageExternalLink rdf:resource="http://www.enciclopedia.cat/fitxa_v2.jsp?NDCHEC=0040647" />
    <dbpedia-owl:wikiPageExternalLink rdf:resource="http://www.artehistoria.com/frames.htm?http://www.artehistoria.com/genios/pintores/2665.htm" />
    <dbpprop:bgcolour xml:lang="en">#6495ED</dbpprop:bgcolour>
    <dbpprop:birthDate rdf:datatype="http://www.w3.org/2001/XMLSchema#integer">1826</dbpprop:birthDate>
    <dbpprop:birthName xml:lang="en">Ramon Martí i Alsina</dbpprop:birthName>
    <dbpprop:birthPlace rdf:resource="http://dbpedia.org/resource/Barcelona" />
    <dbpprop:birthPlace rdf:resource="http://dbpedia.org/resource/Spain" />
    <dbpprop:birthPlace rdf:resource="http://dbpedia.org/resource/Catalonia" />
    <dbpprop:caption xml:lang="en">Self-Portrait, 1870.</dbpprop:caption>
    <dbpprop:dateOfBirth rdf:datatype="http://www.w3.org/2001/XMLSchema#integer">1826</dbpprop:dateOfBirth>
    <dbpprop:dateOfDeath rdf:datatype="http://www.w3.org/2001/XMLSchema#integer">1894</dbpprop:dateOfDeath>
    <dbpprop:deathDate rdf:datatype="http://www.w3.org/2001/XMLSchema#integer">1894</dbpprop:deathDate>
    <dbpprop:deathPlace rdf:resource="http://dbpedia.org/resource/Spain" />
    <dbpprop:deathPlace rdf:resource="http://dbpedia.org/resource/Catalonia" />
    <dbpprop:deathPlace rdf:resource="http://dbpedia.org/resource/Barcelona" />
    <dbpprop:field rdf:resource="http://dbpedia.org/resource/Painting" />
    <dbpprop:influenced rdf:resource="http://dbpedia.org/resource/Joaquim_Vayreda" />
    <dbpprop:influenced rdf:resource="http://dbpedia.org/resource/Modest_Urgell" />
    <dbpprop:influencedBy xml:lang="en">Courbet</dbpprop:influencedBy>
    <dbpprop:lccn xml:lang="en">nr/96/11836</dbpprop:lccn>
    <dbpprop:movement rdf:resource="http://dbpedia.org/resource/Spanish_Eclecticism" />
    <dbpprop:movement rdf:resource="http://dbpedia.org/resource/Realism_(arts)" />
    <dbpprop:name xml:lang="en">Marti Alsina, Ramon</dbpprop:name>
    <dbpprop:name xml:lang="en">Ramon Martí i Alsina</dbpprop:name>
    <dbpprop:nationality rdf:resource="http://dbpedia.org/resource/Catalonia" />
    <dbpprop:nationality rdf:resource="http://dbpedia.org/resource/Spain" />
    <dbpprop:placeOfBirth rdf:datatype="http://www.w3.org/2001/XMLSchema#integer">1894</dbpprop:placeOfBirth>
    <dbpprop:placeOfDeath rdf:resource="http://dbpedia.org/resource/Spain" />
    <dbpprop:placeOfDeath rdf:resource="http://dbpedia.org/resource/Catalonia" />
    <dbpprop:placeOfDeath rdf:resource="http://dbpedia.org/resource/Barcelona" />
    <dbpprop:pnd rdf:datatype="http://www.w3.org/2001/XMLSchema#integer">143519662</dbpprop:pnd>
    <dbpprop:shortDescription xml:lang="en">Spanish artist</dbpprop:shortDescription>
    <dbpprop:viaf rdf:datatype="http://www.w3.org/2001/XMLSchema#integer">44195695</dbpprop:viaf>
    <foaf:givenName xml:lang="en">Ramon</foaf:givenName>
    <foaf:isPrimaryTopicOf rdf:resource="http://en.wikipedia.org/wiki/Ramon_Martí_Alsina" />
    <dc:description xml:lang="en">Spanish artist</dc:description>
    <ns8:wasDerivedFrom rdf:resource="http://en.wikipedia.org/wiki/Ramon_Martí_Alsina?oldid=541711837" />
    <dbpprop:hasPhotoCollection rdf:resource="http://wifo5-03.informatik.uni-mannheim.de/flickrwrappr/photos/Ramon_Martí_Alsina" />
    <foaf:surname xml:lang="en">Marti Alsina</foaf:surname>
  </rdf:Description>
  <rdf:Description rdf:about="http://dbpedia.org/resource/Ramon_Martí_Alsina">
    <owl:sameAs rdf:resource="http://dbpedia.org/resource/Ramon_Mart%C3%AD_Alsina" />
  </rdf:Description>
  <rdf:Description rdf:about="http://dbpedia.org/resource/Alsina">
    <dbpedia-owl:wikiPageDisambiguates rdf:resource="http://dbpedia.org/resource/Ramon_Mart%C3%AD_Alsina" />
  </rdf:Description>
  <rdf:Description rdf:about="http://dbpedia.org/resource/The_great_day_of_Girona">
    <dbpedia-owl:author rdf:resource="http://dbpedia.org/resource/Ramon_Mart%C3%AD_Alsina" />
    <dbpprop:artist rdf:resource="http://dbpedia.org/resource/Ramon_Mart%C3%AD_Alsina" />
  </rdf:Description>
  <rdf:Description rdf:about="http://en.wikipedia.org/wiki/Ramon_Martí_Alsina">
    <foaf:primaryTopic rdf:resource="http://dbpedia.org/resource/Ramon_Mart%C3%AD_Alsina" />
  </rdf:Description>
  <rdf:Description rdf:about="http://dbpedia.org/resource/Ram%C3%B3n_Mart%C3%AD_Alsina">
    <dbpedia-owl:wikiPageRedirects rdf:resource="http://dbpedia.org/resource/Ramon_Mart%C3%AD_Alsina" />
  </rdf:Description>
  <rdf:Description rdf:about="http://dbpedia.org/resource/Ramon_Marti_Alsina">
    <dbpedia-owl:wikiPageRedirects rdf:resource="http://dbpedia.org/resource/Ramon_Mart%C3%AD_Alsina" />
  </rdf:Description>
  <rdf:Description rdf:about="http://dbpedia.org/resource/Mart%C3%AD_Alsina">
    <dbpedia-owl:wikiPageRedirects rdf:resource="http://dbpedia.org/resource/Ramon_Mart%C3%AD_Alsina" />
  </rdf:Description>
</rdf:RDF>
