<?xml version="1.0" encoding="utf-8" ?>
<rdf:RDF
	xmlns:rdf="http://www.w3.org/1999/02/22-rdf-syntax-ns#"
	xmlns:rdfs="http://www.w3.org/2000/01/rdf-schema#"
	xmlns:owl="http://www.w3.org/2002/07/owl#"
	xmlns:dcterms="http://purl.org/dc/terms/"
	xmlns:dbpedia-owl="http://dbpedia.org/ontology/"
	xmlns:foaf="http://xmlns.com/foaf/0.1/"
	xmlns:dbpprop="http://dbpedia.org/property/"
	xmlns:dc="http://purl.org/dc/elements/1.1/"
	xmlns:ns8="http://www.w3.org/ns/prov#" >
  <rdf:Description rdf:about="http://dbpedia.org/resource/Galatea_(Raphael)">
    <dbpedia-owl:author rdf:resource="http://dbpedia.org/resource/Raphael" />
    <dbpprop:artist rdf:resource="http://dbpedia.org/resource/Raphael" />
  </rdf:Description>
  <rdf:Description rdf:about="http://dbpedia.org/resource/Raffaello_Sanzio_da_Urbino">
    <dbpedia-owl:wikiPageRedirects rdf:resource="http://dbpedia.org/resource/Raphael" />
  </rdf:Description>
  <rdf:Description rdf:about="http://dbpedia.org/resource/Rafael_Sancho">
    <dbpedia-owl:wikiPageRedirects rdf:resource="http://dbpedia.org/resource/Raphael" />
  </rdf:Description>
  <rdf:Description rdf:about="http://dbpedia.org/resource/Terranuova_Madonna">
    <dbpedia-owl:author rdf:resource="http://dbpedia.org/resource/Raphael" />
    <dbpprop:artist rdf:resource="http://dbpedia.org/resource/Raphael" />
  </rdf:Description>
  <rdf:Description rdf:about="http://dbpedia.org/resource/Raphael_Urbinas">
    <dbpedia-owl:wikiPageRedirects rdf:resource="http://dbpedia.org/resource/Raphael" />
  </rdf:Description>
  <rdf:Description rdf:about="http://dbpedia.org/resource/SS_Raffaello">
    <dbpprop:shipNamesake rdf:resource="http://dbpedia.org/resource/Raphael" />
  </rdf:Description>
  <rdf:Description rdf:about="http://dbpedia.org/resource/Bernard_van_Orley">
    <dbpedia-owl:influencedBy rdf:resource="http://dbpedia.org/resource/Raphael" />
    <dbpprop:influencedBy rdf:resource="http://dbpedia.org/resource/Raphael" />
  </rdf:Description>
  <rdf:Description rdf:about="http://dbpedia.org/resource/Disputation_of_the_Holy_Sacrament">
    <dbpedia-owl:author rdf:resource="http://dbpedia.org/resource/Raphael" />
    <dbpprop:artist rdf:resource="http://dbpedia.org/resource/Raphael" />
  </rdf:Description>
  <rdf:Description rdf:about="http://dbpedia.org/resource/Raphael_(crater)">
    <dbpprop:eponym rdf:resource="http://dbpedia.org/resource/Raphael" />
  </rdf:Description>
  <rdf:Description rdf:about="http://dbpedia.org/resource/Christ_Blessing_(Raphael)">
    <dbpedia-owl:author rdf:resource="http://dbpedia.org/resource/Raphael" />
    <dbpprop:artist rdf:resource="http://dbpedia.org/resource/Raphael" />
  </rdf:Description>
  <rdf:Description rdf:about="http://dbpedia.org/resource/Portrait_of_a_Young_Man_(Raphael)">
    <dbpedia-owl:author rdf:resource="http://dbpedia.org/resource/Raphael" />
    <dbpprop:artist rdf:resource="http://dbpedia.org/resource/Raphael" />
  </rdf:Description>
  <rdf:Description rdf:about="http://dbpedia.org/resource/St._George_(Raphael,_Louvre)">
    <dbpedia-owl:author rdf:resource="http://dbpedia.org/resource/Raphael" />
    <dbpprop:artist rdf:resource="http://dbpedia.org/resource/Raphael" />
  </rdf:Description>
  <rdf:Description rdf:about="http://dbpedia.org/resource/Art_patronage_of_Julius_II">
    <dbpedia-owl:author rdf:resource="http://dbpedia.org/resource/Raphael" />
    <dbpprop:artist rdf:resource="http://dbpedia.org/resource/Raphael" />
  </rdf:Description>
  <rdf:Description rdf:about="http://dbpedia.org/resource/Christ_Falling_on_the_Way_to_Calvary_(Raphael)">
    <dbpedia-owl:author rdf:resource="http://dbpedia.org/resource/Raphael" />
    <dbpprop:artist rdf:resource="http://dbpedia.org/resource/Raphael" />
  </rdf:Description>
  <rdf:Description rdf:about="http://dbpedia.org/resource/Resurrection_of_Christ_(Raphael)">
    <dbpedia-owl:author rdf:resource="http://dbpedia.org/resource/Raphael" />
    <dbpprop:artist rdf:resource="http://dbpedia.org/resource/Raphael" />
  </rdf:Description>
  <rdf:Description rdf:about="http://dbpedia.org/resource/Transfiguration_(Raphael)">
    <dbpedia-owl:author rdf:resource="http://dbpedia.org/resource/Raphael" />
    <dbpprop:artist rdf:resource="http://dbpedia.org/resource/Raphael" />
  </rdf:Description>
  <rdf:Description rdf:about="http://dbpedia.org/resource/The_Ecstasy_of_St._Cecilia_(Raphael)">
    <dbpedia-owl:author rdf:resource="http://dbpedia.org/resource/Raphael" />
  </rdf:Description>
  <rdf:Description rdf:about="http://dbpedia.org/resource/Cardinal_and_Theological_Virtues_(Raphael)">
    <dbpedia-owl:author rdf:resource="http://dbpedia.org/resource/Raphael" />
  </rdf:Description>
  <rdf:Description rdf:about="http://es.dbpedia.org/resource/Rafael_Sanzio">
    <owl:sameAs rdf:resource="http://dbpedia.org/resource/Raphael" />
  </rdf:Description>
  <rdf:Description rdf:about="http://dbpedia.org/resource/Mariotto_Albertinelli">
    <dbpedia-owl:influencedBy rdf:resource="http://dbpedia.org/resource/Raphael" />
    <dbpprop:influencedBy rdf:resource="http://dbpedia.org/resource/Raphael" />
  </rdf:Description>
  <rdf:Description rdf:about="http://dbpedia.org/resource/Raphael">
    <rdf:type rdf:resource="http://dbpedia.org/class/yago/PhysicalEntity100001930" />
    <rdf:type rdf:resource="http://dbpedia.org/class/yago/Artist109812338" />
    <rdf:type rdf:resource="http://dbpedia.org/class/yago/MaleAristocrat110285135" />
    <rdf:type rdf:resource="http://umbel.org/umbel/rc/Artist" />
    <rdf:type rdf:resource="http://umbel.org/umbel/rc/PersonWithOccupation" />
    <rdf:type rdf:resource="http://dbpedia.org/class/yago/ItalianPainters" />
    <rdf:type rdf:resource="http://dbpedia.org/class/yago/Whole100003553" />
    <rdf:type rdf:resource="http://dbpedia.org/class/yago/PeopleFromUrbino" />
    <rdf:type rdf:resource="http://dbpedia.org/class/yago/KnightsOfTheGoldenSpur" />
    <rdf:type rdf:resource="http://dbpedia.org/class/yago/YagoLegalActorGeo" />
    <rdf:type rdf:resource="http://dbpedia.org/class/yago/Leader109623038" />
    <rdf:type rdf:resource="http://schema.org/Person" />
    <rdf:type rdf:resource="http://dbpedia.org/class/yago/CausalAgent100007347" />
    <rdf:type rdf:resource="http://dbpedia.org/class/yago/Organism100004475" />
    <rdf:type rdf:resource="http://dbpedia.org/class/yago/YagoLegalActor" />
    <rdf:type rdf:resource="http://dbpedia.org/ontology/Artist" />
    <rdf:type rdf:resource="http://dbpedia.org/ontology/Agent" />
    <rdf:type rdf:resource="http://dbpedia.org/class/yago/ArchitectsOfRomanCatholicChurches" />
    <rdf:type rdf:resource="http://dbpedia.org/ontology/Person" />
    <rdf:type rdf:resource="http://dbpedia.org/class/yago/Person100007846" />
    <rdf:type rdf:resource="http://dbpedia.org/class/yago/Creator109614315" />
    <rdf:type rdf:resource="http://xmlns.com/foaf/0.1/Person" />
    <rdf:type rdf:resource="http://dbpedia.org/class/yago/LivingThing100004258" />
    <rdf:type rdf:resource="http://dbpedia.org/class/yago/Painter110391653" />
    <rdf:type rdf:resource="http://dbpedia.org/class/yago/Aristocrat109807754" />
    <rdf:type rdf:resource="http://dbpedia.org/class/yago/RenaissancePainters" />
    <rdf:type rdf:resource="http://dbpedia.org/class/yago/RomanCatholicChurchPainters" />
    <rdf:type rdf:resource="http://dbpedia.org/class/yago/PortraitArtists" />
    <rdf:type rdf:resource="http://dbpedia.org/class/yago/Object100002684" />
    <rdf:type rdf:resource="http://dbpedia.org/class/yago/Architect109805475" />
    <rdf:type rdf:resource="http://dbpedia.org/class/yago/Knight110238375" />
    <rdf:type rdf:resource="http://www.w3.org/2002/07/owl#Thing" />
    <owl:sameAs rdf:resource="http://oc.dbpedia.org/resource/Raffaello_Sanzio" />
    <owl:sameAs rdf:resource="http://tr.dbpedia.org/resource/Raffaello_Santi" />
    <owl:sameAs rdf:resource="http://pl.dbpedia.org/resource/Rafael_Santi" />
    <owl:sameAs rdf:resource="http://da.dbpedia.org/resource/Raffaello_Santi" />
    <owl:sameAs rdf:resource="http://pnb.dbpedia.org/resource/رافیل" />
    <owl:sameAs rdf:resource="http://pt.dbpedia.org/resource/Rafael_Sanzio" />
    <owl:sameAs rdf:resource="http://vls.dbpedia.org/resource/Rafaël" />
    <owl:sameAs rdf:resource="http://sq.dbpedia.org/resource/Raffael" />
    <owl:sameAs rdf:resource="http://ml.dbpedia.org/resource/റാഫേൽ" />
    <owl:sameAs rdf:resource="http://bo.dbpedia.org/resource/ར་ཧྥ་ཨེལ་ལོ་སན་ཛིའོ།" />
    <owl:sameAs rdf:resource="http://uk.dbpedia.org/resource/Рафаель_Санті" />
    <owl:sameAs rdf:resource="http://bxr.dbpedia.org/resource/Рафаэль_Санти" />
    <owl:sameAs rdf:resource="http://ms.dbpedia.org/resource/Raffaello_Sanzio" />
    <owl:sameAs rdf:resource="http://is.dbpedia.org/resource/Raffaello_Sanzio" />
    <owl:sameAs rdf:resource="http://scn.dbpedia.org/resource/Raffaellu_Sanziu" />
    <owl:sameAs rdf:resource="http://cs.dbpedia.org/resource/Rafael_Santi" />
    <owl:sameAs rdf:resource="http://bpy.dbpedia.org/resource/রাফায়েল" />
    <owl:sameAs rdf:resource="http://bn.dbpedia.org/resource/রাফায়েল" />
    <owl:sameAs rdf:resource="http://wuu.dbpedia.org/resource/拉斐尔" />
    <owl:sameAs rdf:resource="http://dbpedia.org/resource/Raphael" />
    <owl:sameAs rdf:resource="http://an.dbpedia.org/resource/Raffaello_Sanzio" />
    <owl:sameAs rdf:resource="http://de.dbpedia.org/resource/Raffael" />
    <owl:sameAs rdf:resource="http://sah.dbpedia.org/resource/Рафаэл" />
    <owl:sameAs rdf:resource="http://id.dbpedia.org/resource/Raffaello_Sanzio" />
    <owl:sameAs rdf:resource="http://xmf.dbpedia.org/resource/რაფაელ_სანტი" />
    <owl:sameAs rdf:resource="http://ce.dbpedia.org/resource/Рафаэль_Санти" />
    <owl:sameAs rdf:resource="http://ta.dbpedia.org/resource/ராபியேல்_சான்சியோ" />
    <owl:sameAs rdf:resource="http://gl.dbpedia.org/resource/Rafael" />
    <owl:sameAs rdf:resource="http://diq.dbpedia.org/resource/Rafaello_Sanzio" />
    <owl:sameAs rdf:resource="http://eo.dbpedia.org/resource/Rafaelo" />
    <owl:sameAs rdf:resource="http://vo.dbpedia.org/resource/Raffaello" />
    <owl:sameAs rdf:resource="http://hu.dbpedia.org/resource/Raffaello_Sanzio" />
    <owl:sameAs rdf:resource="http://sv.dbpedia.org/resource/Rafael_(konstnär)" />
    <owl:sameAs rdf:resource="http://kk.dbpedia.org/resource/Рафаэль_Санти" />
    <owl:sameAs rdf:resource="http://mr.dbpedia.org/resource/रफायेल" />
    <owl:sameAs rdf:resource="http://eu.dbpedia.org/resource/Rafael" />
    <owl:sameAs rdf:resource="http://roa_tara.dbpedia.org/resource/Raffaelle_Sanzio" />
    <owl:sameAs rdf:resource="http://tl.dbpedia.org/resource/Rafael_Sanzio" />
    <owl:sameAs rdf:resource="http://sk.dbpedia.org/resource/Raffael" />
    <owl:sameAs rdf:resource="http://lv.dbpedia.org/resource/Rafaēls" />
    <owl:sameAs rdf:resource="http://kaa.dbpedia.org/resource/Raphael" />
    <owl:sameAs rdf:resource="http://cy.dbpedia.org/resource/Raffaello_Sanzio" />
    <owl:sameAs rdf:resource="http://ia.dbpedia.org/resource/Raffaello" />
    <owl:sameAs rdf:resource="http://purl.org/collections/nl/am/p-31317" />
    <owl:sameAs rdf:resource="http://kbd.dbpedia.org/resource/Рафаэл_Санти" />
    <owl:sameAs rdf:resource="http://it.dbpedia.org/resource/Raffaello_Sanzio" />
    <owl:sameAs rdf:resource="http://hr.dbpedia.org/resource/Rafael" />
    <owl:sameAs rdf:resource="http://br.dbpedia.org/resource/Raffaello_Sanzio" />
    <owl:sameAs rdf:resource="http://ext.dbpedia.org/resource/Rafael_Sanzio" />
    <owl:sameAs rdf:resource="http://jv.dbpedia.org/resource/Raffaello_Sanzio" />
    <owl:sameAs rdf:resource="http://kl.dbpedia.org/resource/Raphael" />
    <owl:sameAs rdf:resource="http://he.dbpedia.org/resource/רפאל_(צייר)" />
    <owl:sameAs rdf:resource="http://yi.dbpedia.org/resource/ראפאעל" />
    <owl:sameAs rdf:resource="http://rdf.freebase.com/ns/m.0c43g" />
    <owl:sameAs rdf:resource="http://ur.dbpedia.org/resource/رافیل" />
    <owl:sameAs rdf:resource="http://arz.dbpedia.org/resource/رافايللو" />
    <owl:sameAs rdf:resource="http://fa.dbpedia.org/resource/رافائل" />
    <owl:sameAs rdf:resource="http://als.dbpedia.org/resource/Raffael" />
    <owl:sameAs rdf:resource="http://bat_smg.dbpedia.org/resource/Rafaelės" />
    <owl:sameAs rdf:resource="http://ca.dbpedia.org/resource/Raffaello_Sanzio" />
    <owl:sameAs rdf:resource="http://qu.dbpedia.org/resource/Raffaello_Sanzio" />
    <owl:sameAs rdf:resource="http://simple.dbpedia.org/resource/Raphael" />
    <owl:sameAs rdf:resource="http://li.dbpedia.org/resource/Rafaël" />
    <owl:sameAs rdf:resource="http://hy.dbpedia.org/resource/Ռաֆայել_Սանտի" />
    <owl:sameAs rdf:resource="http://sw.cyc.com/concept/Mx4rwGN24JwpEbGdrcN5Y29ycA" />
    <owl:sameAs rdf:resource="http://ja.dbpedia.org/resource/ラファエロ・サンティ" />
    <owl:sameAs rdf:resource="http://bg.dbpedia.org/resource/Рафаело_Санцио" />
    <owl:sameAs rdf:resource="http://fy.dbpedia.org/resource/Rafaël" />
    <owl:sameAs rdf:resource="http://new.dbpedia.org/resource/राफेल" />
    <owl:sameAs rdf:resource="http://hak.dbpedia.org/resource/Là-fî-ngì" />
    <owl:sameAs rdf:resource="http://fr.dbpedia.org/resource/Raphaël_(peintre)" />
    <owl:sameAs rdf:resource="http://mzn.dbpedia.org/resource/رافائل" />
    <owl:sameAs rdf:resource="http://es.dbpedia.org/resource/Rafael_Sanzio" />
    <owl:sameAs rdf:resource="http://ko.dbpedia.org/resource/라파엘로_산치오" />
    <owl:sameAs rdf:resource="http://www.wikidata.org/entity/Q5597" />
    <owl:sameAs rdf:resource="http://nn.dbpedia.org/resource/Rafael" />
    <owl:sameAs rdf:resource="http://nl.dbpedia.org/resource/Rafaël_Santi" />
    <owl:sameAs rdf:resource="http://ro.dbpedia.org/resource/Rafael" />
    <owl:sameAs rdf:resource="http://lt.dbpedia.org/resource/Rafaelis" />
    <owl:sameAs rdf:resource="http://mk.dbpedia.org/resource/Рафаело_Санти" />
    <owl:sameAs rdf:resource="http://pam.dbpedia.org/resource/Raphael" />
    <owl:sameAs rdf:resource="http://yago-knowledge.org/resource/Raphael" />
    <owl:sameAs rdf:resource="http://la.dbpedia.org/resource/Raphael_Sanctius_Urbinas" />
    <owl:sameAs rdf:resource="http://mhr.dbpedia.org/resource/Рафаэль_Санти" />
    <owl:sameAs rdf:resource="http://ar.dbpedia.org/resource/رفائيل" />
    <owl:sameAs rdf:resource="http://ckb.dbpedia.org/resource/ڕافایێل" />
    <owl:sameAs rdf:resource="http://sw.dbpedia.org/resource/Raphael" />
    <owl:sameAs rdf:resource="http://ka.dbpedia.org/resource/რაფაელ_სანტი" />
    <owl:sameAs rdf:resource="http://ilo.dbpedia.org/resource/Rafael_Sanzio" />
    <owl:sameAs rdf:resource="http://no.dbpedia.org/resource/Rafael" />
    <owl:sameAs rdf:resource="http://ast.dbpedia.org/resource/Raffaello_Sanzio" />
    <owl:sameAs rdf:resource="http://zh.dbpedia.org/resource/拉斐尔·圣齐奥" />
    <owl:sameAs rdf:resource="http://th.dbpedia.org/resource/ราฟาเอล" />
    <owl:sameAs rdf:resource="http://bs.dbpedia.org/resource/Raffaello_Santi" />
    <owl:sameAs rdf:resource="http://ba.dbpedia.org/resource/Рафаэль_Санти" />
    <owl:sameAs rdf:resource="http://ga.dbpedia.org/resource/Raffaello_Sanzio" />
    <owl:sameAs rdf:resource="http://sr.dbpedia.org/resource/Рафаел" />
    <owl:sameAs rdf:resource="http://zh_min_nan.dbpedia.org/resource/Raffaello_Sanzio" />
    <owl:sameAs rdf:resource="http://pa.dbpedia.org/resource/ਰਾਫੇਲ" />
    <owl:sameAs rdf:resource="http://af.dbpedia.org/resource/Raphael" />
    <owl:sameAs rdf:resource="http://io.dbpedia.org/resource/Raffaello_Sanzio" />
    <owl:sameAs rdf:resource="http://war.dbpedia.org/resource/Raffaello_Sanzio" />
    <owl:sameAs rdf:resource="http://fi.dbpedia.org/resource/Rafael" />
    <owl:sameAs rdf:resource="http://hif.dbpedia.org/resource/Raphael" />
    <owl:sameAs rdf:resource="http://pag.dbpedia.org/resource/Raphael" />
    <owl:sameAs rdf:resource="http://sh.dbpedia.org/resource/Rafael" />
    <owl:sameAs rdf:resource="http://stq.dbpedia.org/resource/Raffaelo_Santi" />
    <owl:sameAs rdf:resource="http://pms.dbpedia.org/resource/Raffaello_Sanzio" />
    <owl:sameAs rdf:resource="http://rue.dbpedia.org/resource/Рафаел" />
    <owl:sameAs rdf:resource="http://sl.dbpedia.org/resource/Raffaello_Santi" />
    <owl:sameAs rdf:resource="http://et.dbpedia.org/resource/Raffael" />
    <owl:sameAs rdf:resource="http://zh_yue.dbpedia.org/resource/拉斐爾" />
    <owl:sameAs rdf:resource="http://az.dbpedia.org/resource/Rafael_Santi" />
    <owl:sameAs rdf:resource="http://uz.dbpedia.org/resource/Rafael_Santi" />
    <owl:sameAs rdf:resource="http://be_x_old.dbpedia.org/resource/Рафаэль" />
    <owl:sameAs rdf:resource="http://lb.dbpedia.org/resource/Raffael" />
    <owl:sameAs rdf:resource="http://ru.dbpedia.org/resource/Рафаэль_Санти" />
    <owl:sameAs rdf:resource="http://haw.dbpedia.org/resource/Raffael_Santi" />
    <owl:sameAs rdf:resource="http://vi.dbpedia.org/resource/Raffaello" />
    <owl:sameAs rdf:resource="http://be.dbpedia.org/resource/Рафаэль_Санці" />
    <owl:sameAs rdf:resource="http://el.dbpedia.org/resource/Ραφαήλ" />
    <dcterms:subject rdf:resource="http://dbpedia.org/resource/Category:Architects_of_Roman_Catholic_churches" />
    <dcterms:subject rdf:resource="http://dbpedia.org/resource/Category:People_from_Urbino" />
    <dcterms:subject rdf:resource="http://dbpedia.org/resource/Category:1520_deaths" />
    <dcterms:subject rdf:resource="http://dbpedia.org/resource/Category:Knights_of_the_Golden_Spur" />
    <dcterms:subject rdf:resource="http://dbpedia.org/resource/Category:Raphael" />
    <dcterms:subject rdf:resource="http://dbpedia.org/resource/Category:Portrait_artists" />
    <dcterms:subject rdf:resource="http://dbpedia.org/resource/Category:Roman_Catholic_Church_painters" />
    <dcterms:subject rdf:resource="http://dbpedia.org/resource/Category:Italian_Roman_Catholics" />
    <dcterms:subject rdf:resource="http://dbpedia.org/resource/Category:Renaissance_painters" />
    <dcterms:subject rdf:resource="http://dbpedia.org/resource/Category:1483_births" />
    <dcterms:subject rdf:resource="http://dbpedia.org/resource/Category:Italian_painters" />
    <dbpedia-owl:abstract xml:lang="zh">拉斐爾·聖齊奧（意大利语：Raffaello Sanzio，1483年4月6日－1520年4月6日），本名拉斐爾·桑蒂（Raffaello Santi），常简称拉斐尔（拉丁语：Raphael），意大利画家、建築師。與李奧納多·達文西和米開朗基羅合稱「文藝復興藝術三杰」。拉斐爾所繪畫的畫以「秀美」著稱，畫作中的人物清秀，场景祥和。 他的著名宗教畫聖母系列將宗教的虔誠和非宗教的美貌有機地融為一體；他的畫即使是《聖喬治大戰惡龍》的场面看起來也是平靜安詳的。他為梵蒂岡教宗居室創作的大型壁畫《雅典學院》是經典之作，他將柏拉圖和亞里斯多德，將基督教和異教，統統融合在一起，創造出和諧的场面。同时也創作出許多著名的肖像如：「教皇利奥十世像」。他的性情平和、文雅，和他的畫作一样。拉斐爾於1520年高燒猝逝於羅馬，終年37歲，葬於萬神廟。</dbpedia-owl:abstract>
    <dbpedia-owl:abstract xml:lang="pl">Rafael, właśc. Raffaello Santi lub Raffaello Sanzio – włoski malarz i architekt, najmłodszy z trójki genialnych artystów włoskiego renesansu – obok Michała Anioła i Leonarda da Vinci, znany z licznych przedstawień Madonny.</dbpedia-owl:abstract>
    <dbpedia-owl:abstract xml:lang="ja">ラファエロ・サンティ（伊: Raffaello Santi、 1483年4月6日 - 1520年4月6日）は、盛期ルネサンスを代表するイタリアの画家、建築家。一般的には単にラファエロと呼ばれ、日本ではラファエッロ、ラファエルロ、ラファエル（Raphael）などという表記ゆれが見られる。ラファエロの作品はその明確さと分かりやすい構成とともに、雄大な人間性を謳う新プラトン主義を美術作品に昇華したとして高く評価されており、レオナルド・ダ・ヴィンチ、ミケランジェロとともに、盛期ルネサンスの三大巨匠といわれている。 。 ラファエロは異例なほどに大規模な工房を経営しており、37歳という若さで死去したとは考えられないほどに多数の作品を制作した。多くの作品がヴァチカン市国のヴァチカン宮殿に残されており、とくに「ラファエロの間」と総称される4部屋のフレスコ画は、ラファエロの最盛期作品における最大のコレクションとなっており、もっとも有名な作品の一つの『アテナイの学堂』も「ラファエロの間」のうち「署名の間」と呼ばれる部屋のフレスコ壁画である。ローマでの活動時代初期に描かれた作品の多くは、デザインこそラファエロのものだが、下絵以外の大部分は工房の職人が手がけたもので、ラファエロが最後まで自身で手がけたものよりも品質の面で劣るといわれている。ラファエロは存命時から高い評価を受けた影響力の高い芸術家だったが、ローマ以外の地ではラファエロの絵画やドローイングをもとにした版画でよく知られていた。ラファエロの死後、年長だが長命を保ったミケランジェロの作品が18世紀から19世紀にいたるまで西洋絵画界により大きな影響を与え続けたが、ラファエロの穏やかで調和に満ちた作品も非常に優れた模範的作風であると評価されていた。 マニエリスム期の画家、伝記作家ヴァザーリの著作『画家・彫刻家・建築家列伝』の記述を嚆矢として、ラファエロのキャリアは3期に大別されることが多い。ウルビーノで活動していたキャリア初期、フィレンツェの伝統的絵画の影響が見られる1504年から1508年にかけての4年間、そして死去するまでの二人のローマ教皇とその側近に緊密な後援を受けていたローマでの輝ける12年間である。</dbpedia-owl:abstract>
    <dbpedia-owl:abstract xml:lang="pt">Rafael Sanzio, frequentemente referido apenas como Rafael, foi um mestre da pintura e da arquitetura da escola de Florença durante o Renascimento italiano, celebrado pela perfeição e suavidade de suas obras. Também é conhecido por Raffaello Sanzio, Raffaello Santi, Raffaello de Urbino ou Rafael Sanzio de Urbino. Junto com Michelangelo e Leonardo Da Vinci forma a tríade de grandes mestres do Alto Renascimento. Urbino era então capital do ducado do mesmo nome e seu pai, Giovanni Santi, pintor de poucos méritos mas homem culto e bem relacionado na corte do duque Federico da Montefeltro. Transmitiu ao filho, de precoce talento, o amor pela pintura e as primeiras lições do ofício. O duque, personificação do ideal renascentista do príncipe culto, encorajara todas as formas artísticas e transformara Urbino em centro cultural, a que foram atraídos homens como Donato Bramante, Piero della Francesca e Leone Battista Alberti.</dbpedia-owl:abstract>
    <dbpedia-owl:abstract xml:lang="en">Raffaello Sanzio da Urbino (April 6 or March 28, 1483 – April 6, 1520), better known simply as Raphael, was an Italian painter and architect of the High Renaissance. His work is admired for its clarity of form and ease of composition and for its visual achievement of the Neoplatonic ideal of human grandeur. Together with Michelangelo and Leonardo da Vinci, he forms the traditional trinity of great masters of that period. Raphael was enormously productive, running an unusually large workshop, and despite his death at 37, a large body of his work remains. Many of his works are found in the Apostolic Palace of The Vatican, where the frescoed Raphael Rooms were the central, and the largest, work of his career. The best known work is The School of Athens in the Vatican Stanza della Segnatura. After his early years in Rome much of his work was self-designed, but for the most part executed by the workshop from his drawings, with considerable loss of quality. He was extremely influential in his lifetime, though outside Rome his work was mostly known from his collaborative printmaking. After his death, the influence of his great rival Michelangelo was more widespread until the 18th and 19th centuries, when Raphael&#39;s more serene and harmonious qualities were again regarded as the highest models. His career falls naturally into three phases and three styles, first described by Giorgio Vasari: his early years in Umbria, then a period of about four years (from 1504–1508) absorbing the artistic traditions of Florence, followed by his last hectic and triumphant twelve years in Rome, working for two Popes and their close associates.</dbpedia-owl:abstract>
    <dbpedia-owl:abstract xml:lang="es">Raffaello Sanzio, también conocido como Rafael de Urbino o, simplemente, como Rafael fue un pintor y arquitecto italiano del Alto Renacimiento. Además de su labor pictórica, que sería admirada e imitada durante siglos, realizó importantes aportes en la arquitectura y, como inspector de antigüedades, se interesó en el estudio y conservación de los vestigios grecorromanos. Hijo de un pintor de modesta relevancia, fue considerado un niño prodigio por su precoz habilidad y al quedar huérfano se formó en los talleres de varios artistas de prestigio. A los 25 años obtuvo su primer encargo oficial, la decoración de las Estancias Vaticanas, donde pintó algunos frescos como La escuela de Atenas, considerado una de sus obras cumbre. Es célebre por la perfección y gracia de sus artes visuales, destacando en trabajos de pintura y dibujo artístico. Junto con Miguel Ángel y Leonardo da Vinci forma el trío de los grandes maestros del período. Nació en Viernes Santo y falleció en esta misma festividad el día que cumplió 37 años. Fue un artista muy productivo, en parte gracias a que dirigió un taller conformado por numerosos colaboradores, y, a pesar de su muerte prematura, dejó una extensa obra que en gran parte aún se conserva. La mayor parte de su trabajo está alojado en los Museos Vaticanos, ya que decoró con frescos las habitaciones conocidas como las Estancias de Rafael, el principal encargo de su carrera, que quedó sin terminar a causa de su muerte y fue completado por ayudantes. Después de sus años de juventud en Roma, gran parte de su obra, a pesar de haber sido diseñada por él, fue ejecutada por su taller, con una considerable pérdida de calidad. Ejerció gran influencia en su época; aunque fuera de Roma su obra fue conocida sobre todo a través de la producción que hicieron los talleres de grabado que colaboraban con él. Después de su muerte, la influencia de su principal rival, Miguel Ángel, se intensificó hasta los siglos XVIII y XIX, cuando las cualidades más serenas y armoniosas de Rafael, fueron consideradas de nuevo como un modelo superior. Su carrera se dividió de manera natural en tres fases y tres estilos, descritos así por Giorgio Vasari: sus primeros años en Umbría, el periodo posterior de cuatro años en Florencia, donde absorbió las tradiciones artísticas de la ciudad, y finalmente su último y triunfal período de doce años en Roma, trabajando para los papas y su corte.</dbpedia-owl:abstract>
    <dbpedia-owl:abstract xml:lang="fr">Raffaello Sanzio, plus connu sous le nom de Raphaël (Raffaello), né le 6 avril 1483 à Urbino et mort le 6 avril 1520 à Rome, est un peintre et architecte italien de la Renaissance. Il est aussi appelé Raffaello Santi, Raffaello da Urbino, Raffaello Sanzio da Urbino.</dbpedia-owl:abstract>
    <dbpedia-owl:abstract xml:lang="sv">Rafael (italienska Raffaello, Raffaello Sanzio eller Raffaello Santi), född 28 mars eller 6 april 1483 i Urbino, Italien, död 6 april 1520 i Rom, var en italiensk konstnär, arkeolog och arkitekt under den romerska högrenässansen.</dbpedia-owl:abstract>
    <dbpedia-owl:abstract xml:lang="nl">| |- | |- | |- | |- | |- | |- | |- | |} Rafaël was een Italiaanse kunstenaar uit de hoogrenaissance. Rafaël is de naam waaronder hij nu wereldwijd bekend is. Zijn echte naam was Raffaello Sanzio. Hij is ook wel bekend onder namen als Raffaello Santi en Raffaello da Urbino. Zoals met vele kunstenaars uit de Italiaanse renaissance het geval is, wordt zijn leven beschreven in het beroemde boek Le Vite van de 16e-eeuwse schilder en schrijver Giorgio Vasari.</dbpedia-owl:abstract>
    <dbpedia-owl:abstract xml:lang="ru">} |звания = |премии = |сайт = |викисклад = Raffaello Sanzio }} Рафаэ́ль Са́нти — великий итальянский живописец, график и архитектор, представитель умбрийской школы.</dbpedia-owl:abstract>
    <dbpedia-owl:abstract xml:lang="it"></dbpedia-owl:abstract>
    <dbpedia-owl:abstract xml:lang="de">Raffael, auch Raffael da Urbino, Raffaello Santi [rafːaˈɛlːo ˈsanti], Raffaello Sanzio [ˈsantsi̯o] oder Raphael war ein italienischer Maler und Architekt der Hochrenaissance. Raffael erlangte vor allem als Maler für seine harmonischen und ausgewogenen Kompositionen und lieblichen Madonnenbilder Berühmtheit. Zu Lebzeiten genoss er das Privileg, nur unter seinem Vornamen bekannt zu sein, und noch heute kennen die wenigsten seinen Nachnamen. Bis weit in das 19.  Jahrhundert hinein galt er als der größte Maler. Neben seiner Laufbahn als Maler in Florenz und am päpstlichen Hof in Rom wurde er auch Bauleiter des Petersdoms und Aufseher über die römischen Antiken.</dbpedia-owl:abstract>
    <dbpedia-owl:birthDate rdf:datatype="http://www.w3.org/2001/XMLSchema#date">1483-03-28</dbpedia-owl:birthDate>
    <dbpedia-owl:birthPlace rdf:resource="http://dbpedia.org/resource/Italy" />
    <dbpedia-owl:birthPlace rdf:resource="http://dbpedia.org/resource/Urbino" />
    <dbpedia-owl:deathDate rdf:datatype="http://www.w3.org/2001/XMLSchema#date">1520-04-06</dbpedia-owl:deathDate>
    <dbpedia-owl:deathPlace rdf:resource="http://dbpedia.org/resource/Rome" />
    <dbpedia-owl:field rdf:resource="http://dbpedia.org/resource/Architecture" />
    <dbpedia-owl:field rdf:resource="http://dbpedia.org/resource/Painting" />
    <dbpedia-owl:movement rdf:resource="http://dbpedia.org/resource/High_Renaissance" />
    <dbpedia-owl:nationality rdf:resource="http://dbpedia.org/resource/Italy" />
    <dbpedia-owl:wikiPageID rdf:datatype="http://www.w3.org/2001/XMLSchema#integer">44525</dbpedia-owl:wikiPageID>
    <dbpedia-owl:wikiPageRevisionID rdf:datatype="http://www.w3.org/2001/XMLSchema#integer">546329918</dbpedia-owl:wikiPageRevisionID>
    <rdfs:label xml:lang="ru">Рафаэль Санти</rdfs:label>
    <rdfs:label xml:lang="zh">拉斐尔·圣齐奥</rdfs:label>
    <rdfs:label xml:lang="de">Raffael</rdfs:label>
    <rdfs:label xml:lang="pt">Rafael Sanzio</rdfs:label>
    <rdfs:label xml:lang="pl">Rafael Santi</rdfs:label>
    <rdfs:label xml:lang="es">Rafael Sanzio</rdfs:label>
    <rdfs:label xml:lang="nl">Rafaël Santi</rdfs:label>
    <rdfs:label xml:lang="it">Raffaello Sanzio</rdfs:label>
    <rdfs:label xml:lang="sv">Rafael (konstnär)</rdfs:label>
    <rdfs:label xml:lang="fr">Raphaël (peintre)</rdfs:label>
    <rdfs:label xml:lang="en">Raphael</rdfs:label>
    <rdfs:label xml:lang="ja">ラファエロ・サンティ</rdfs:label>
    <foaf:depiction rdf:resource="http://upload.wikimedia.org/wikipedia/commons/9/94/Sanzio_00.jpg" />
    <rdfs:comment xml:lang="pt">Rafael Sanzio, frequentemente referido apenas como Rafael, foi um mestre da pintura e da arquitetura da escola de Florença durante o Renascimento italiano, celebrado pela perfeição e suavidade de suas obras. Também é conhecido por Raffaello Sanzio, Raffaello Santi, Raffaello de Urbino ou Rafael Sanzio de Urbino. Junto com Michelangelo e Leonardo Da Vinci forma a tríade de grandes mestres do Alto Renascimento.</rdfs:comment>
    <rdfs:comment xml:lang="sv">Rafael (italienska Raffaello, Raffaello Sanzio eller Raffaello Santi), född 28 mars eller 6 april 1483 i Urbino, Italien, död 6 april 1520 i Rom, var en italiensk konstnär, arkeolog och arkitekt under den romerska högrenässansen.</rdfs:comment>
    <rdfs:comment xml:lang="ja">ラファエロ・サンティ（伊: Raffaello Santi、 1483年4月6日 - 1520年4月6日）は、盛期ルネサンスを代表するイタリアの画家、建築家。一般的には単にラファエロと呼ばれ、日本ではラファエッロ、ラファエルロ、ラファエル（Raphael）などという表記ゆれが見られる。ラファエロの作品はその明確さと分かりやすい構成とともに、雄大な人間性を謳う新プラトン主義を美術作品に昇華したとして高く評価されており、レオナルド・ダ・ヴィンチ、ミケランジェロとともに、盛期ルネサンスの三大巨匠といわれている。 。 ラファエロは異例なほどに大規模な工房を経営しており、37歳という若さで死去したとは考えられないほどに多数の作品を制作した。多くの作品がヴァチカン市国のヴァチカン宮殿に残されており、とくに「ラファエロの間」と総称される4部屋のフレスコ画は、ラファエロの最盛期作品における最大のコレクションとなっており、もっとも有名な作品の一つの『アテナイの学堂』も「ラファエロの間」のうち「署名の間」と呼ばれる部屋のフレスコ壁画である。ローマでの活動時代初期に描かれた作品の多くは、デザインこそラファエロのものだが、下絵以外の大部分は工房の職人が手がけたもので、ラファエロが最後まで自身で手がけたものよりも品質の面で劣るといわれている。ラファエロは存命時から高い評価を受けた影響力の高い芸術家だったが、ローマ以外の地ではラファエロの絵画やドローイングをもとにした版画でよく知られていた。ラファエロの死後、年長だが長命を保ったミケランジェロの作品が18世紀から19世紀にいたるまで西洋絵画界により大きな影響を与え続けたが、ラファエロの穏やかで調和に満ちた作品も非常に優れた模範的作風であると評価されていた。 マニエリスム期の画家、伝記作家ヴァザーリの著作『画家・彫刻家・建築家列伝』の記述を嚆矢として、ラファエロのキャリアは3期に大別されることが多い。ウルビーノで活動していたキャリア初期、フィレンツェの伝統的絵画の影響が見られる1504年から1508年にかけての4年間、そして死去するまでの二人のローマ教皇とその側近に緊密な後援を受けていたローマでの輝ける12年間である。</rdfs:comment>
    <rdfs:comment xml:lang="es">Raffaello Sanzio, también conocido como Rafael de Urbino o, simplemente, como Rafael fue un pintor y arquitecto italiano del Alto Renacimiento. Además de su labor pictórica, que sería admirada e imitada durante siglos, realizó importantes aportes en la arquitectura y, como inspector de antigüedades, se interesó en el estudio y conservación de los vestigios grecorromanos.</rdfs:comment>
    <rdfs:comment xml:lang="nl">| |- | |- | |- | |- | |- | |- | |- | |} Rafaël was een Italiaanse kunstenaar uit de hoogrenaissance. Rafaël is de naam waaronder hij nu wereldwijd bekend is. Zijn echte naam was Raffaello Sanzio. Hij is ook wel bekend onder namen als Raffaello Santi en Raffaello da Urbino. Zoals met vele kunstenaars uit de Italiaanse renaissance het geval is, wordt zijn leven beschreven in het beroemde boek Le Vite van de 16e-eeuwse schilder en schrijver Giorgio Vasari.</rdfs:comment>
    <rdfs:comment xml:lang="it"></rdfs:comment>
    <rdfs:comment xml:lang="en">Raffaello Sanzio da Urbino (April 6 or March 28, 1483 – April 6, 1520), better known simply as Raphael, was an Italian painter and architect of the High Renaissance. His work is admired for its clarity of form and ease of composition and for its visual achievement of the Neoplatonic ideal of human grandeur. Together with Michelangelo and Leonardo da Vinci, he forms the traditional trinity of great masters of that period.</rdfs:comment>
    <rdfs:comment xml:lang="pl">Rafael, właśc. Raffaello Santi lub Raffaello Sanzio – włoski malarz i architekt, najmłodszy z trójki genialnych artystów włoskiego renesansu – obok Michała Anioła i Leonarda da Vinci, znany z licznych przedstawień Madonny.</rdfs:comment>
    <rdfs:comment xml:lang="zh">拉斐爾·聖齊奧（意大利语：Raffaello Sanzio，1483年4月6日－1520年4月6日），本名拉斐爾·桑蒂（Raffaello Santi），常简称拉斐尔（拉丁语：Raphael），意大利画家、建築師。與李奧納多·達文西和米開朗基羅合稱「文藝復興藝術三杰」。拉斐爾所繪畫的畫以「秀美」著稱，畫作中的人物清秀，场景祥和。 他的著名宗教畫聖母系列將宗教的虔誠和非宗教的美貌有機地融為一體；他的畫即使是《聖喬治大戰惡龍》的场面看起來也是平靜安詳的。他為梵蒂岡教宗居室創作的大型壁畫《雅典學院》是經典之作，他將柏拉圖和亞里斯多德，將基督教和異教，統統融合在一起，創造出和諧的场面。同时也創作出許多著名的肖像如：「教皇利奥十世像」。他的性情平和、文雅，和他的畫作一样。拉斐爾於1520年高燒猝逝於羅馬，終年37歲，葬於萬神廟。</rdfs:comment>
    <rdfs:comment xml:lang="de">Raffael, auch Raffael da Urbino, Raffaello Santi [rafːaˈɛlːo ˈsanti], Raffaello Sanzio [ˈsantsi̯o] oder Raphael war ein italienischer Maler und Architekt der Hochrenaissance. Raffael erlangte vor allem als Maler für seine harmonischen und ausgewogenen Kompositionen und lieblichen Madonnenbilder Berühmtheit. Zu Lebzeiten genoss er das Privileg, nur unter seinem Vornamen bekannt zu sein, und noch heute kennen die wenigsten seinen Nachnamen. Bis weit in das 19.</rdfs:comment>
    <rdfs:comment xml:lang="fr">Raffaello Sanzio, plus connu sous le nom de Raphaël (Raffaello), né le 6 avril 1483 à Urbino et mort le 6 avril 1520 à Rome, est un peintre et architecte italien de la Renaissance. Il est aussi appelé Raffaello Santi, Raffaello da Urbino, Raffaello Sanzio da Urbino.</rdfs:comment>
    <rdfs:comment xml:lang="ru">} |звания = |премии = |сайт = |викисклад = Raffaello Sanzio }} Рафаэ́ль Са́нти — великий итальянский живописец, график и архитектор, представитель умбрийской школы.</rdfs:comment>
    <foaf:name xml:lang="en">Raphael</foaf:name>
    <dbpedia-owl:thumbnail rdf:resource="http://upload.wikimedia.org/wikipedia/commons/thumb/9/94/Sanzio_00.jpg/200px-Sanzio_00.jpg" />
    <dbpedia-owl:wikiPageExternalLink rdf:resource="http://posl.eu/dussler" />
    <dbpedia-owl:wikiPageExternalLink rdf:resource="http://www.raffael-projekt.com/index.htm" />
    <dbpedia-owl:wikiPageExternalLink rdf:resource="http://cima.ng-london.org.uk/documentation/" />
    <dbpedia-owl:wikiPageExternalLink rdf:resource="http://www.royalcollection.org.uk/eGallery/searchResults.asp?searchText=&amp;title=&amp;makerName=Raphael&amp;category=&amp;collector=&amp;theme=&amp;startYear=&amp;endYear=&amp;rccode=" />
    <dbpedia-owl:wikiPageExternalLink rdf:resource="http://search.famsf.org:8080/search.shtml?keywords=raphael&amp;artist=raimondi&amp;country=&amp;period=&amp;sort=&amp;submit.x=20&amp;submit.y=7" />
    <dbpedia-owl:wikiPageExternalLink rdf:resource="http://www.vam.ac.uk/collections/paintings/features/raphael/index.html" />
    <dbpedia-owl:wikiPageExternalLink rdf:resource="http://www.wga.hu/frames-e.html?/html/r/raphael/" />
    <dbpedia-owl:wikiPageExternalLink rdf:resource="http://libmma.contentdm.oclc.org/cdm/compoundobject/collection/p15324coll10/id/101232" />
    <dbpedia-owl:wikiPageExternalLink rdf:resource="http://www.teylersmuseum.eu/teylersuniversum/index.php?m=narratio&amp;id=6&amp;nvlng=en" />
    <dbpprop:alternativeNames xml:lang="en">Raphael Sanzio, Raffaello, "Raffaello Santi", "Raffaello da Urbino", "Rafael Sanzio da Urbino".</dbpprop:alternativeNames>
    <dbpprop:bgcolour xml:lang="en">#EEDD82</dbpprop:bgcolour>
    <dbpprop:birthDate rdf:datatype="http://www.w3.org/2001/XMLSchema#date">1483-03-28</dbpprop:birthDate>
    <dbpprop:birthName xml:lang="en">Raffaello Sanzio da Urbino</dbpprop:birthName>
    <dbpprop:birthPlace rdf:resource="http://dbpedia.org/resource/Urbino" />
    <dbpprop:birthPlace rdf:resource="http://dbpedia.org/resource/Marche" />
    <dbpprop:caption xml:lang="en">Portrait of Raphael</dbpprop:caption>
    <dbpprop:dateOfBirth rdf:datatype="http://www.w3.org/2001/XMLSchema#gMonthDay">--04-06</dbpprop:dateOfBirth>
    <dbpprop:dateOfDeath rdf:datatype="http://www.w3.org/2001/XMLSchema#date">1520-04-06</dbpprop:dateOfDeath>
    <dbpprop:deathDate rdf:datatype="http://www.w3.org/2001/XMLSchema#date">1520-04-06</dbpprop:deathDate>
    <dbpprop:deathPlace rdf:resource="http://dbpedia.org/resource/Italy" />
    <dbpprop:deathPlace rdf:resource="http://dbpedia.org/resource/Rome" />
    <dbpprop:field xml:lang="en">Painting and architecture</dbpprop:field>
    <dbpprop:lccn xml:lang="en">n/79/41756</dbpprop:lccn>
    <dbpprop:movement rdf:resource="http://dbpedia.org/resource/High_Renaissance" />
    <dbpprop:name xml:lang="en">Raphael</dbpprop:name>
    <dbpprop:nationality rdf:resource="http://dbpedia.org/resource/Italy" />
    <dbpprop:placeOfBirth xml:lang="en">Urbino, Italy</dbpprop:placeOfBirth>
    <dbpprop:placeOfDeath xml:lang="en">Rome</dbpprop:placeOfDeath>
    <dbpprop:shortDescription xml:lang="en">Italian Renaissance artist and architect</dbpprop:shortDescription>
    <dbpprop:viaf rdf:datatype="http://www.w3.org/2001/XMLSchema#integer">64055977</dbpprop:viaf>
    <dbpprop:wordnet_type rdf:resource="http://www.w3.org/2006/03/wn/wn20/instances/synset-artist-noun-1" />
    <foaf:isPrimaryTopicOf rdf:resource="http://en.wikipedia.org/wiki/Raphael" />
    <dc:description xml:lang="en">Italian Renaissance artist and architect</dc:description>
    <ns8:wasDerivedFrom rdf:resource="http://en.wikipedia.org/wiki/Raphael?oldid=546329918" />
    <dbpprop:hasPhotoCollection rdf:resource="http://wifo5-03.informatik.uni-mannheim.de/flickrwrappr/photos/Raphael" />
  </rdf:Description>
  <rdf:Description rdf:about="http://dbpedia.org/resource/Sistine_Madonna">
    <dbpedia-owl:author rdf:resource="http://dbpedia.org/resource/Raphael" />
  </rdf:Description>
  <rdf:Description rdf:about="http://dbpedia.org/resource/Portrait_of_Cardinal_Alessandro_Farnese">
    <dbpedia-owl:author rdf:resource="http://dbpedia.org/resource/Raphael" />
    <dbpprop:artist rdf:resource="http://dbpedia.org/resource/Raphael" />
  </rdf:Description>
  <rdf:Description rdf:about="http://cs.dbpedia.org/resource/Rafael_Santi">
    <owl:sameAs rdf:resource="http://dbpedia.org/resource/Raphael" />
  </rdf:Description>
  <rdf:Description rdf:about="http://de.dbpedia.org/resource/Raffael">
    <owl:sameAs rdf:resource="http://dbpedia.org/resource/Raphael" />
  </rdf:Description>
  <rdf:Description rdf:about="http://el.dbpedia.org/resource/Ραφαήλ">
    <owl:sameAs rdf:resource="http://dbpedia.org/resource/Raphael" />
  </rdf:Description>
  <rdf:Description rdf:about="http://fr.dbpedia.org/resource/Raphaël_(peintre)">
    <owl:sameAs rdf:resource="http://dbpedia.org/resource/Raphael" />
  </rdf:Description>
  <rdf:Description rdf:about="http://pl.dbpedia.org/resource/Rafael_Santi">
    <owl:sameAs rdf:resource="http://dbpedia.org/resource/Raphael" />
  </rdf:Description>
  <rdf:Description rdf:about="http://pt.dbpedia.org/resource/Rafael_Sanzio">
    <owl:sameAs rdf:resource="http://dbpedia.org/resource/Raphael" />
  </rdf:Description>
  <rdf:Description rdf:about="http://dbpedia.org/resource/Jean_Auguste_Dominique_Ingres">
    <dbpedia-owl:influencedBy rdf:resource="http://dbpedia.org/resource/Raphael" />
    <dbpprop:influences rdf:resource="http://dbpedia.org/resource/Raphael" />
  </rdf:Description>
  <rdf:Description rdf:about="http://dbpedia.org/resource/Melozzo_da_Forl%C3%AC">
    <dbpedia-owl:influenced rdf:resource="http://dbpedia.org/resource/Raphael" />
    <dbpprop:influenced rdf:resource="http://dbpedia.org/resource/Raphael" />
  </rdf:Description>
  <rdf:Description rdf:about="http://dbpedia.org/resource/St._Michael_(Raphael)">
    <dbpedia-owl:author rdf:resource="http://dbpedia.org/resource/Raphael" />
    <dbpprop:artist rdf:resource="http://dbpedia.org/resource/Raphael" />
  </rdf:Description>
  <rdf:Description rdf:about="http://dbpedia.org/resource/Portrait_of_Baldassare_Castiglione">
    <dbpedia-owl:author rdf:resource="http://dbpedia.org/resource/Raphael" />
    <dbpprop:artist rdf:resource="http://dbpedia.org/resource/Raphael" />
  </rdf:Description>
  <rdf:Description rdf:about="http://dbpedia.org/resource/La_donna_gravida">
    <dbpedia-owl:author rdf:resource="http://dbpedia.org/resource/Raphael" />
    <dbpprop:artist rdf:resource="http://dbpedia.org/resource/Raphael" />
  </rdf:Description>
  <rdf:Description rdf:about="http://dbpedia.org/resource/Madonna_della_seggiola">
    <dbpedia-owl:author rdf:resource="http://dbpedia.org/resource/Raphael" />
    <dbpprop:artist rdf:resource="http://dbpedia.org/resource/Raphael" />
  </rdf:Description>
  <rdf:Description rdf:about="http://dbpedia.org/resource/Aldobrandini_Madonna">
    <dbpedia-owl:author rdf:resource="http://dbpedia.org/resource/Raphael" />
    <dbpprop:artist rdf:resource="http://dbpedia.org/resource/Raphael" />
  </rdf:Description>
  <rdf:Description rdf:about="http://dbpedia.org/resource/Madonna_and_Child_Enthroned_with_Saints_(Raphael)">
    <dbpedia-owl:author rdf:resource="http://dbpedia.org/resource/Raphael" />
    <dbpprop:artist rdf:resource="http://dbpedia.org/resource/Raphael" />
  </rdf:Description>
  <rdf:Description rdf:about="http://dbpedia.org/resource/Madonna_dell&#39;Impannata">
    <dbpedia-owl:author rdf:resource="http://dbpedia.org/resource/Raphael" />
  </rdf:Description>
  <rdf:Description rdf:about="http://dbpedia.org/resource/Madonna_with_the_Blue_Diadem">
    <dbpedia-owl:author rdf:resource="http://dbpedia.org/resource/Raphael" />
  </rdf:Description>
  <rdf:Description rdf:about="http://dbpedia.org/resource/Portrait_of_Andrea_Navagero_and_Agostino_Beazzano">
    <dbpedia-owl:author rdf:resource="http://dbpedia.org/resource/Raphael" />
    <dbpprop:artist rdf:resource="http://dbpedia.org/resource/Raphael" />
  </rdf:Description>
  <rdf:Description rdf:about="http://dbpedia.org/resource/Portrait_of_Pietro_Bembo_(Raphael)">
    <dbpedia-owl:author rdf:resource="http://dbpedia.org/resource/Raphael" />
    <dbpprop:artist rdf:resource="http://dbpedia.org/resource/Raphael" />
  </rdf:Description>
  <rdf:Description rdf:about="http://dbpedia.org/resource/Portrait_of_a_Cardinal_(Raphael)">
    <dbpedia-owl:author rdf:resource="http://dbpedia.org/resource/Raphael" />
    <dbpprop:artist rdf:resource="http://dbpedia.org/resource/Raphael" />
  </rdf:Description>
  <rdf:Description rdf:about="http://dbpedia.org/resource/The_Holy_Family_of_Francis_I_(Raphael)">
    <dbpedia-owl:author rdf:resource="http://dbpedia.org/resource/Raphael" />
  </rdf:Description>
  <rdf:Description rdf:about="http://dbpedia.org/resource/The_Meeting_of_Leo_the_Great_and_Attila">
    <dbpedia-owl:author rdf:resource="http://dbpedia.org/resource/Raphael" />
    <dbpprop:artist rdf:resource="http://dbpedia.org/resource/Raphael" />
  </rdf:Description>
  <rdf:Description rdf:about="http://dbpedia.org/resource/Portrait_of_Cardinal_Bibbiena_(Raphael)">
    <dbpedia-owl:author rdf:resource="http://dbpedia.org/resource/Raphael" />
    <dbpprop:artist rdf:resource="http://dbpedia.org/resource/Raphael" />
  </rdf:Description>
  <rdf:Description rdf:about="http://dbpedia.org/resource/Rafael_Sanzio_da_Urbino">
    <dbpedia-owl:wikiPageRedirects rdf:resource="http://dbpedia.org/resource/Raphael" />
  </rdf:Description>
  <rdf:Description rdf:about="http://dbpedia.org/resource/La_fornarina">
    <dbpedia-owl:author rdf:resource="http://dbpedia.org/resource/Raphael" />
    <dbpprop:artist rdf:resource="http://dbpedia.org/resource/Raphael" />
  </rdf:Description>
  <rdf:Description rdf:about="http://dbpedia.org/resource/Portrait_of_Pope_Julius_II_(Raphael)">
    <dbpedia-owl:author rdf:resource="http://dbpedia.org/resource/Raphael" />
    <dbpprop:artist rdf:resource="http://dbpedia.org/resource/Raphael" />
  </rdf:Description>
  <rdf:Description rdf:about="http://dbpedia.org/resource/Ansidei_Madonna">
    <dbpedia-owl:author rdf:resource="http://dbpedia.org/resource/Raphael" />
    <dbpprop:artist rdf:resource="http://dbpedia.org/resource/Raphael" />
  </rdf:Description>
  <rdf:Description rdf:about="http://dbpedia.org/resource/Miss_Venezuela_1989">
    <dbpprop:acts rdf:resource="http://dbpedia.org/resource/Raphael" />
  </rdf:Description>
  <rdf:Description rdf:about="http://dbpedia.org/resource/The_Coronation_of_Charlemagne">
    <dbpedia-owl:author rdf:resource="http://dbpedia.org/resource/Raphael" />
  </rdf:Description>
  <rdf:Description rdf:about="http://dbpedia.org/resource/Madonna_del_cardellino">
    <dbpedia-owl:author rdf:resource="http://dbpedia.org/resource/Raphael" />
    <dbpprop:artist rdf:resource="http://dbpedia.org/resource/Raphael" />
  </rdf:Description>
  <rdf:Description rdf:about="http://dbpedia.org/resource/Raffael">
    <dbpedia-owl:wikiPageRedirects rdf:resource="http://dbpedia.org/resource/Raphael" />
  </rdf:Description>
  <rdf:Description rdf:about="http://dbpedia.org/resource/Baronci_Altarpiece">
    <dbpedia-owl:author rdf:resource="http://dbpedia.org/resource/Raphael" />
    <dbpprop:artist rdf:resource="http://dbpedia.org/resource/Raphael" />
  </rdf:Description>
  <rdf:Description rdf:about="http://dbpedia.org/resource/Madonna_del_Prato_(Raphael)">
    <dbpedia-owl:author rdf:resource="http://dbpedia.org/resource/Raphael" />
  </rdf:Description>
  <rdf:Description rdf:about="http://dbpedia.org/resource/Miraculous_catch_of_fish">
    <dbpprop:caption rdf:resource="http://dbpedia.org/resource/Raphael" />
  </rdf:Description>
  <rdf:Description rdf:about="http://dbpedia.org/resource/Young_Man_with_an_Apple_(Raphael)">
    <dbpedia-owl:author rdf:resource="http://dbpedia.org/resource/Raphael" />
  </rdf:Description>
  <rdf:Description rdf:about="http://dbpedia.org/resource/The_Marriage_of_the_Virgin_(Raphael)">
    <dbpedia-owl:author rdf:resource="http://dbpedia.org/resource/Raphael" />
    <dbpprop:artist rdf:resource="http://dbpedia.org/resource/Raphael" />
  </rdf:Description>
  <rdf:Description rdf:about="http://dbpedia.org/resource/The_Oath_of_Leo_III">
    <dbpedia-owl:author rdf:resource="http://dbpedia.org/resource/Raphael" />
  </rdf:Description>
  <rdf:Description rdf:about="http://dbpedia.org/resource/Raffaello_Sanzio">
    <dbpedia-owl:wikiPageRedirects rdf:resource="http://dbpedia.org/resource/Raphael" />
  </rdf:Description>
  <rdf:Description rdf:about="http://dbpedia.org/resource/Portrait_of_Elisabetta_Gonzaga">
    <dbpedia-owl:author rdf:resource="http://dbpedia.org/resource/Raphael" />
    <dbpprop:artist rdf:resource="http://dbpedia.org/resource/Raphael" />
  </rdf:Description>
  <rdf:Description rdf:about="http://dbpedia.org/resource/Stufetta_del_cardinal_Bibbiena">
    <dbpedia-owl:author rdf:resource="http://dbpedia.org/resource/Raphael" />
    <dbpprop:artist rdf:resource="http://dbpedia.org/resource/Raphael" />
  </rdf:Description>
  <rdf:Description rdf:about="http://dbpedia.org/resource/Ezekiel&#39;s_Vision_(Raphael)">
    <dbpedia-owl:author rdf:resource="http://dbpedia.org/resource/Raphael" />
    <dbpprop:artist rdf:resource="http://dbpedia.org/resource/Raphael" />
  </rdf:Description>
  <rdf:Description rdf:about="http://dbpedia.org/resource/Self-portrait_with_a_friend_(Raphael)">
    <dbpedia-owl:author rdf:resource="http://dbpedia.org/resource/Raphael" />
    <dbpprop:artist rdf:resource="http://dbpedia.org/resource/Raphael" />
  </rdf:Description>
  <rdf:Description rdf:about="http://dbpedia.org/resource/La_belle_jardini%C3%A8re">
    <dbpedia-owl:author rdf:resource="http://dbpedia.org/resource/Raphael" />
    <dbpprop:artist rdf:resource="http://dbpedia.org/resource/Raphael" />
  </rdf:Description>
  <rdf:Description rdf:about="http://dbpedia.org/resource/Madonna_with_Beardless_St._Joseph_(Raphael)">
    <dbpedia-owl:author rdf:resource="http://dbpedia.org/resource/Raphael" />
  </rdf:Description>
  <rdf:Description rdf:about="http://dbpedia.org/resource/Visitation_(Raphael)">
    <dbpedia-owl:author rdf:resource="http://dbpedia.org/resource/Raphael" />
    <dbpprop:artist rdf:resource="http://dbpedia.org/resource/Raphael" />
  </rdf:Description>
  <rdf:Description rdf:about="http://dbpedia.org/resource/La_velata">
    <dbpedia-owl:author rdf:resource="http://dbpedia.org/resource/Raphael" />
    <dbpprop:artist rdf:resource="http://dbpedia.org/resource/Raphael" />
  </rdf:Description>
  <rdf:Description rdf:about="http://dbpedia.org/resource/Portrait_of_Bindo_Altoviti_(Raphael)">
    <dbpedia-owl:author rdf:resource="http://dbpedia.org/resource/Raphael" />
  </rdf:Description>
  <rdf:Description rdf:about="http://dbpedia.org/resource/Portrait_of_a_Man_(Raphael)">
    <dbpedia-owl:author rdf:resource="http://dbpedia.org/resource/Raphael" />
    <dbpprop:artist rdf:resource="http://dbpedia.org/resource/Raphael" />
  </rdf:Description>
  <rdf:Description rdf:about="http://dbpedia.org/resource/Raphael_(disambiguation)">
    <dbpedia-owl:wikiPageDisambiguates rdf:resource="http://dbpedia.org/resource/Raphael" />
  </rdf:Description>
  <rdf:Description rdf:about="http://dbpedia.org/resource/Villa_Madama">
    <dbpedia-owl:architect rdf:resource="http://dbpedia.org/resource/Raphael" />
    <dbpprop:architect rdf:resource="http://dbpedia.org/resource/Raphael" />
  </rdf:Description>
  <rdf:Description rdf:about="http://dbpedia.org/resource/Solly_Madonna">
    <dbpedia-owl:author rdf:resource="http://dbpedia.org/resource/Raphael" />
    <dbpprop:artist rdf:resource="http://dbpedia.org/resource/Raphael" />
  </rdf:Description>
  <rdf:Description rdf:about="http://dbpedia.org/resource/The_Battle_of_Ostia">
    <dbpedia-owl:author rdf:resource="http://dbpedia.org/resource/Raphael" />
  </rdf:Description>
  <rdf:Description rdf:about="http://dbpedia.org/resource/Portrait_of_Tommaso_Inghirami">
    <dbpedia-owl:author rdf:resource="http://dbpedia.org/resource/Raphael" />
    <dbpprop:artist rdf:resource="http://dbpedia.org/resource/Raphael" />
  </rdf:Description>
  <rdf:Description rdf:about="http://dbpedia.org/resource/Portrait_of_Emilia_Pia_da_Montefeltro">
    <dbpedia-owl:author rdf:resource="http://dbpedia.org/resource/Raphael" />
    <dbpprop:artist rdf:resource="http://dbpedia.org/resource/Raphael" />
  </rdf:Description>
  <rdf:Description rdf:about="http://dbpedia.org/resource/Portrait_of_Guidobaldo_da_Montefeltro">
    <dbpedia-owl:author rdf:resource="http://dbpedia.org/resource/Raphael" />
    <dbpprop:artist rdf:resource="http://dbpedia.org/resource/Raphael" />
  </rdf:Description>
  <rdf:Description rdf:about="http://dbpedia.org/resource/Portrait_of_Agnolo_Doni">
    <dbpedia-owl:author rdf:resource="http://dbpedia.org/resource/Raphael" />
    <dbpprop:artist rdf:resource="http://dbpedia.org/resource/Raphael" />
  </rdf:Description>
  <rdf:Description rdf:about="http://dbpedia.org/resource/Portrait_of_Maddalena_Doni">
    <dbpedia-owl:author rdf:resource="http://dbpedia.org/resource/Raphael" />
    <dbpprop:artist rdf:resource="http://dbpedia.org/resource/Raphael" />
  </rdf:Description>
  <rdf:Description rdf:about="http://dbpedia.org/resource/The_Prophet_Isaiah_(Raphael)">
    <dbpedia-owl:author rdf:resource="http://dbpedia.org/resource/Raphael" />
    <dbpprop:artist rdf:resource="http://dbpedia.org/resource/Raphael" />
  </rdf:Description>
  <rdf:Description rdf:about="http://dbpedia.org/resource/Madonna_of_the_Candelabra">
    <dbpedia-owl:author rdf:resource="http://dbpedia.org/resource/Raphael" />
    <dbpprop:artist rdf:resource="http://dbpedia.org/resource/Raphael" />
  </rdf:Description>
  <rdf:Description rdf:about="http://dbpedia.org/resource/Barbara_Longhi">
    <dbpedia-owl:influencedBy rdf:resource="http://dbpedia.org/resource/Raphael" />
    <dbpprop:influencedBy rdf:resource="http://dbpedia.org/resource/Raphael" />
  </rdf:Description>
  <rdf:Description rdf:about="http://dbpedia.org/resource/Madonna_of_Foligno_(Raphael)">
    <dbpedia-owl:author rdf:resource="http://dbpedia.org/resource/Raphael" />
  </rdf:Description>
  <rdf:Description rdf:about="http://ja.dbpedia.org/resource/ラファエロ・サンティ">
    <owl:sameAs rdf:resource="http://dbpedia.org/resource/Raphael" />
  </rdf:Description>
  <rdf:Description rdf:about="http://ru.dbpedia.org/resource/Рафаэль_Санти">
    <owl:sameAs rdf:resource="http://dbpedia.org/resource/Raphael" />
  </rdf:Description>
  <rdf:Description rdf:about="http://dbpedia.org/resource/Raphael_Sanzio">
    <dbpedia-owl:wikiPageRedirects rdf:resource="http://dbpedia.org/resource/Raphael" />
  </rdf:Description>
  <rdf:Description rdf:about="http://dbpedia.org/resource/9957_Raffaellosanti">
    <dbpprop:namedAfter rdf:resource="http://dbpedia.org/resource/Raphael" />
  </rdf:Description>
  <rdf:Description rdf:about="http://dbpedia.org/resource/Alba_Madonna">
    <dbpedia-owl:author rdf:resource="http://dbpedia.org/resource/Raphael" />
    <dbpprop:artist rdf:resource="http://dbpedia.org/resource/Raphael" />
  </rdf:Description>
  <rdf:Description rdf:about="http://dbpedia.org/resource/Canigiani_Holy_Family_(Raphael)">
    <dbpedia-owl:author rdf:resource="http://dbpedia.org/resource/Raphael" />
    <dbpprop:artist rdf:resource="http://dbpedia.org/resource/Raphael" />
  </rdf:Description>
  <rdf:Description rdf:about="http://dbpedia.org/resource/Conestabile_Madonna">
    <dbpedia-owl:author rdf:resource="http://dbpedia.org/resource/Raphael" />
    <dbpprop:artist rdf:resource="http://dbpedia.org/resource/Raphael" />
  </rdf:Description>
  <rdf:Description rdf:about="http://dbpedia.org/resource/Madonna_and_Child_with_the_Book">
    <dbpedia-owl:author rdf:resource="http://dbpedia.org/resource/Raphael" />
    <dbpprop:artist rdf:resource="http://dbpedia.org/resource/Raphael" />
  </rdf:Description>
  <rdf:Description rdf:about="http://dbpedia.org/resource/Madonna_del_Granduca">
    <dbpedia-owl:author rdf:resource="http://dbpedia.org/resource/Raphael" />
    <dbpprop:artist rdf:resource="http://dbpedia.org/resource/Raphael" />
  </rdf:Description>
  <rdf:Description rdf:about="http://dbpedia.org/resource/Madonna_of_the_Pinks">
    <dbpedia-owl:author rdf:resource="http://dbpedia.org/resource/Raphael" />
  </rdf:Description>
  <rdf:Description rdf:about="http://dbpedia.org/resource/Madonna_of_the_Rose_(Raphael)">
    <dbpedia-owl:author rdf:resource="http://dbpedia.org/resource/Raphael" />
  </rdf:Description>
  <rdf:Description rdf:about="http://dbpedia.org/resource/Madonna_with_the_Fish">
    <dbpedia-owl:author rdf:resource="http://dbpedia.org/resource/Raphael" />
  </rdf:Description>
  <rdf:Description rdf:about="http://dbpedia.org/resource/Mond_Crucifixion">
    <dbpedia-owl:author rdf:resource="http://dbpedia.org/resource/Raphael" />
    <dbpprop:artist rdf:resource="http://dbpedia.org/resource/Raphael" />
  </rdf:Description>
  <rdf:Description rdf:about="http://dbpedia.org/resource/Niccolini-Cowper_Madonna">
    <dbpedia-owl:author rdf:resource="http://dbpedia.org/resource/Raphael" />
    <dbpprop:artist rdf:resource="http://dbpedia.org/resource/Raphael" />
  </rdf:Description>
  <rdf:Description rdf:about="http://dbpedia.org/resource/Oddi_Altarpiece_(Raphael)">
    <dbpedia-owl:author rdf:resource="http://dbpedia.org/resource/Raphael" />
    <dbpprop:artist rdf:resource="http://dbpedia.org/resource/Raphael" />
  </rdf:Description>
  <rdf:Description rdf:about="http://dbpedia.org/resource/Saint_Catherine_of_Alexandria_(Raphael)">
    <dbpedia-owl:author rdf:resource="http://dbpedia.org/resource/Raphael" />
    <dbpprop:artist rdf:resource="http://dbpedia.org/resource/Raphael" />
  </rdf:Description>
  <rdf:Description rdf:about="http://dbpedia.org/resource/Small_Cowper_Madonna">
    <dbpedia-owl:author rdf:resource="http://dbpedia.org/resource/Raphael" />
    <dbpprop:artist rdf:resource="http://dbpedia.org/resource/Raphael" />
  </rdf:Description>
  <rdf:Description rdf:about="http://dbpedia.org/resource/St._Sebastian_(Raphael)">
    <dbpedia-owl:author rdf:resource="http://dbpedia.org/resource/Raphael" />
    <dbpprop:artist rdf:resource="http://dbpedia.org/resource/Raphael" />
  </rdf:Description>
  <rdf:Description rdf:about="http://dbpedia.org/resource/The_Deposition_(Raphael)">
    <dbpedia-owl:author rdf:resource="http://dbpedia.org/resource/Raphael" />
  </rdf:Description>
  <rdf:Description rdf:about="http://dbpedia.org/resource/Three_Graces_(Raphael)">
    <dbpedia-owl:author rdf:resource="http://dbpedia.org/resource/Raphael" />
    <dbpprop:artist rdf:resource="http://dbpedia.org/resource/Raphael" />
  </rdf:Description>
  <rdf:Description rdf:about="http://dbpedia.org/resource/Vision_of_a_Knight_(Raphael)">
    <dbpedia-owl:author rdf:resource="http://dbpedia.org/resource/Raphael" />
    <dbpprop:artist rdf:resource="http://dbpedia.org/resource/Raphael" />
  </rdf:Description>
  <rdf:Description rdf:about="http://dbpedia.org/resource/Young_Woman_with_Unicorn">
    <dbpedia-owl:author rdf:resource="http://dbpedia.org/resource/Raphael" />
  </rdf:Description>
  <rdf:Description rdf:about="http://dbpedia.org/resource/The_Vision_of_the_Cross">
    <dbpedia-owl:author rdf:resource="http://dbpedia.org/resource/Raphael" />
  </rdf:Description>
  <rdf:Description rdf:about="http://dbpedia.org/resource/Madonna_of_Loreto_(Raphael)">
    <dbpedia-owl:author rdf:resource="http://dbpedia.org/resource/Raphael" />
  </rdf:Description>
  <rdf:Description rdf:about="http://dbpedia.org/resource/Saint_George_and_the_Dragon_(Raphael)">
    <dbpedia-owl:author rdf:resource="http://dbpedia.org/resource/Raphael" />
    <dbpprop:artist rdf:resource="http://dbpedia.org/resource/Raphael" />
  </rdf:Description>
  <rdf:Description rdf:about="http://dbpedia.org/resource/Raffaello_da_Urbino">
    <dbpedia-owl:wikiPageRedirects rdf:resource="http://dbpedia.org/resource/Raphael" />
  </rdf:Description>
  <rdf:Description rdf:about="http://dbpedia.org/resource/Raphael_Santi">
    <dbpedia-owl:wikiPageRedirects rdf:resource="http://dbpedia.org/resource/Raphael" />
  </rdf:Description>
  <rdf:Description rdf:about="http://dbpedia.org/resource/Raffaello_Santi">
    <dbpedia-owl:wikiPageRedirects rdf:resource="http://dbpedia.org/resource/Raphael" />
  </rdf:Description>
  <rdf:Description rdf:about="http://dbpedia.org/resource/Rafael_Sanzio">
    <dbpedia-owl:wikiPageRedirects rdf:resource="http://dbpedia.org/resource/Raphael" />
  </rdf:Description>
  <rdf:Description rdf:about="http://dbpedia.org/resource/The_School_of_Athens">
    <dbpedia-owl:author rdf:resource="http://dbpedia.org/resource/Raphael" />
  </rdf:Description>
  <rdf:Description rdf:about="http://dbpedia.org/resource/Portrait_of_a_Young_Woman_(La_Muta)">
    <dbpedia-owl:author rdf:resource="http://dbpedia.org/resource/Raphael" />
    <dbpprop:artist rdf:resource="http://dbpedia.org/resource/Raphael" />
  </rdf:Description>
  <rdf:Description rdf:about="http://dbpedia.org/resource/The_Mass_at_Bolsena">
    <dbpedia-owl:author rdf:resource="http://dbpedia.org/resource/Raphael" />
    <dbpprop:artist rdf:resource="http://dbpedia.org/resource/Raphael" />
  </rdf:Description>
  <rdf:Description rdf:about="http://dbpedia.org/resource/Colonna_Madonna">
    <dbpedia-owl:author rdf:resource="http://dbpedia.org/resource/Raphael" />
    <dbpprop:artist rdf:resource="http://dbpedia.org/resource/Raphael" />
  </rdf:Description>
  <rdf:Description rdf:about="http://dbpedia.org/resource/Deliverance_of_Saint_Peter">
    <dbpedia-owl:author rdf:resource="http://dbpedia.org/resource/Raphael" />
    <dbpprop:artist rdf:resource="http://dbpedia.org/resource/Raphael" />
  </rdf:Description>
  <rdf:Description rdf:about="http://dbpedia.org/resource/Esterhazy_Madonna">
    <dbpedia-owl:author rdf:resource="http://dbpedia.org/resource/Raphael" />
  </rdf:Description>
  <rdf:Description rdf:about="http://dbpedia.org/resource/Portrait_of_Perugino_(Raphael)">
    <dbpedia-owl:author rdf:resource="http://dbpedia.org/resource/Raphael" />
  </rdf:Description>
  <rdf:Description rdf:about="http://dbpedia.org/resource/Tempi_Madonna_(Raphael)">
    <dbpedia-owl:author rdf:resource="http://dbpedia.org/resource/Raphael" />
    <dbpprop:artist rdf:resource="http://dbpedia.org/resource/Raphael" />
  </rdf:Description>
  <rdf:Description rdf:about="http://dbpedia.org/resource/The_Expulsion_of_Heliodorus_from_the_Temple">
    <dbpedia-owl:author rdf:resource="http://dbpedia.org/resource/Raphael" />
    <dbpprop:artist rdf:resource="http://dbpedia.org/resource/Raphael" />
  </rdf:Description>
  <rdf:Description rdf:about="http://dbpedia.org/resource/The_Parnassus">
    <dbpedia-owl:author rdf:resource="http://dbpedia.org/resource/Raphael" />
    <dbpprop:artist rdf:resource="http://dbpedia.org/resource/Raphael" />
  </rdf:Description>
  <rdf:Description rdf:about="http://dbpedia.org/resource/Madonna_della_tenda">
    <dbpedia-owl:author rdf:resource="http://dbpedia.org/resource/Raphael" />
  </rdf:Description>
  <rdf:Description rdf:about="http://dbpedia.org/resource/Portrait_of_Leo_X_(Raphael)">
    <dbpedia-owl:author rdf:resource="http://dbpedia.org/resource/Raphael" />
    <dbpprop:artist rdf:resource="http://dbpedia.org/resource/Raphael" />
  </rdf:Description>
  <rdf:Description rdf:about="http://dbpedia.org/resource/Sibyls_(Raphael)">
    <dbpedia-owl:author rdf:resource="http://dbpedia.org/resource/Raphael" />
  </rdf:Description>
  <rdf:Description rdf:about="http://it.dbpedia.org/resource/Raffaello_Sanzio">
    <owl:sameAs rdf:resource="http://dbpedia.org/resource/Raphael" />
  </rdf:Description>
  <rdf:Description rdf:about="http://dbpedia.org/resource/Raffaelo">
    <dbpedia-owl:wikiPageRedirects rdf:resource="http://dbpedia.org/resource/Raphael" />
  </rdf:Description>
  <rdf:Description rdf:about="http://dbpedia.org/resource/Raffaelo_Santi">
    <dbpedia-owl:wikiPageRedirects rdf:resource="http://dbpedia.org/resource/Raphael" />
  </rdf:Description>
  <rdf:Description rdf:about="http://dbpedia.org/resource/Raphael_Sanzi">
    <dbpedia-owl:wikiPageRedirects rdf:resource="http://dbpedia.org/resource/Raphael" />
  </rdf:Description>
  <rdf:Description rdf:about="http://dbpedia.org/resource/Raphaello_Sanzio">
    <dbpedia-owl:wikiPageRedirects rdf:resource="http://dbpedia.org/resource/Raphael" />
  </rdf:Description>
  <rdf:Description rdf:about="http://dbpedia.org/resource/Rapheal">
    <dbpedia-owl:wikiPageRedirects rdf:resource="http://dbpedia.org/resource/Raphael" />
  </rdf:Description>
  <rdf:Description rdf:about="http://dbpedia.org/resource/Sanzio">
    <dbpedia-owl:wikiPageRedirects rdf:resource="http://dbpedia.org/resource/Raphael" />
  </rdf:Description>
  <rdf:Description rdf:about="http://en.wikipedia.org/wiki/Raphael">
    <foaf:primaryTopic rdf:resource="http://dbpedia.org/resource/Raphael" />
  </rdf:Description>
  <rdf:Description rdf:about="http://ko.dbpedia.org/resource/라파엘로_산치오">
    <owl:sameAs rdf:resource="http://dbpedia.org/resource/Raphael" />
  </rdf:Description>
  <rdf:Description rdf:about="http://nl.dbpedia.org/resource/Rafaël_Santi">
    <owl:sameAs rdf:resource="http://dbpedia.org/resource/Raphael" />
  </rdf:Description>
  <rdf:Description rdf:about="http://eu.dbpedia.org/resource/Rafael">
    <owl:sameAs rdf:resource="http://dbpedia.org/resource/Raphael" />
  </rdf:Description>
  <rdf:Description rdf:about="http://dbpedia.org/resource/Fran%C3%A7ois_de_Poilly">
    <dbpedia-owl:influencedBy rdf:resource="http://dbpedia.org/resource/Raphael" />
    <dbpprop:influencedBy rdf:resource="http://dbpedia.org/resource/Raphael" />
  </rdf:Description>
  <rdf:Description rdf:about="http://dbpedia.org/resource/St._Michael_Vanquishing_Satan">
    <dbpedia-owl:author rdf:resource="http://dbpedia.org/resource/Raphael" />
    <dbpprop:artist rdf:resource="http://dbpedia.org/resource/Raphael" />
  </rdf:Description>
  <rdf:Description rdf:about="http://wikidata.dbpedia.org/resource/Q5597">
    <owl:sameAs rdf:resource="http://dbpedia.org/resource/Raphael" />
  </rdf:Description>
  <rdf:Description rdf:about="http://zh.dbpedia.org/resource/拉斐尔·圣齐奥">
    <owl:sameAs rdf:resource="http://dbpedia.org/resource/Raphael" />
  </rdf:Description>
  <rdf:Description rdf:about="http://af.dbpedia.org/resource/Raphael">
    <owl:sameAs rdf:resource="http://dbpedia.org/resource/Raphael" />
  </rdf:Description>
  <rdf:Description rdf:about="http://an.dbpedia.org/resource/Raffaello_Sanzio">
    <owl:sameAs rdf:resource="http://dbpedia.org/resource/Raphael" />
  </rdf:Description>
  <rdf:Description rdf:about="http://ar.dbpedia.org/resource/رفائيل">
    <owl:sameAs rdf:resource="http://dbpedia.org/resource/Raphael" />
  </rdf:Description>
  <rdf:Description rdf:about="http://arz.dbpedia.org/resource/رافايللو">
    <owl:sameAs rdf:resource="http://dbpedia.org/resource/Raphael" />
  </rdf:Description>
  <rdf:Description rdf:about="http://ast.dbpedia.org/resource/Raffaello_Sanzio">
    <owl:sameAs rdf:resource="http://dbpedia.org/resource/Raphael" />
  </rdf:Description>
  <rdf:Description rdf:about="http://az.dbpedia.org/resource/Rafael_Santi">
    <owl:sameAs rdf:resource="http://dbpedia.org/resource/Raphael" />
  </rdf:Description>
  <rdf:Description rdf:about="http://be.dbpedia.org/resource/Рафаэль_Санці">
    <owl:sameAs rdf:resource="http://dbpedia.org/resource/Raphael" />
  </rdf:Description>
  <rdf:Description rdf:about="http://bg.dbpedia.org/resource/Рафаело_Санцио">
    <owl:sameAs rdf:resource="http://dbpedia.org/resource/Raphael" />
  </rdf:Description>
  <rdf:Description rdf:about="http://bn.dbpedia.org/resource/রাফায়েল">
    <owl:sameAs rdf:resource="http://dbpedia.org/resource/Raphael" />
  </rdf:Description>
  <rdf:Description rdf:about="http://br.dbpedia.org/resource/Raffaello_Sanzio">
    <owl:sameAs rdf:resource="http://dbpedia.org/resource/Raphael" />
  </rdf:Description>
  <rdf:Description rdf:about="http://bs.dbpedia.org/resource/Raffaello_Santi">
    <owl:sameAs rdf:resource="http://dbpedia.org/resource/Raphael" />
  </rdf:Description>
  <rdf:Description rdf:about="http://ca.dbpedia.org/resource/Raffaello_Sanzio">
    <owl:sameAs rdf:resource="http://dbpedia.org/resource/Raphael" />
  </rdf:Description>
  <rdf:Description rdf:about="http://cy.dbpedia.org/resource/Raffaello_Sanzio">
    <owl:sameAs rdf:resource="http://dbpedia.org/resource/Raphael" />
  </rdf:Description>
  <rdf:Description rdf:about="http://da.dbpedia.org/resource/Raffaello_Santi">
    <owl:sameAs rdf:resource="http://dbpedia.org/resource/Raphael" />
  </rdf:Description>
  <rdf:Description rdf:about="http://eo.dbpedia.org/resource/Rafaelo">
    <owl:sameAs rdf:resource="http://dbpedia.org/resource/Raphael" />
  </rdf:Description>
  <rdf:Description rdf:about="http://et.dbpedia.org/resource/Raffael">
    <owl:sameAs rdf:resource="http://dbpedia.org/resource/Raphael" />
  </rdf:Description>
  <rdf:Description rdf:about="http://fa.dbpedia.org/resource/رافائل">
    <owl:sameAs rdf:resource="http://dbpedia.org/resource/Raphael" />
  </rdf:Description>
  <rdf:Description rdf:about="http://fi.dbpedia.org/resource/Rafael">
    <owl:sameAs rdf:resource="http://dbpedia.org/resource/Raphael" />
  </rdf:Description>
  <rdf:Description rdf:about="http://fy.dbpedia.org/resource/Rafaël">
    <owl:sameAs rdf:resource="http://dbpedia.org/resource/Raphael" />
  </rdf:Description>
  <rdf:Description rdf:about="http://ga.dbpedia.org/resource/Raffaello_Sanzio">
    <owl:sameAs rdf:resource="http://dbpedia.org/resource/Raphael" />
  </rdf:Description>
  <rdf:Description rdf:about="http://gl.dbpedia.org/resource/Rafael">
    <owl:sameAs rdf:resource="http://dbpedia.org/resource/Raphael" />
  </rdf:Description>
  <rdf:Description rdf:about="http://hak.dbpedia.org/resource/Là-fî-ngì">
    <owl:sameAs rdf:resource="http://dbpedia.org/resource/Raphael" />
  </rdf:Description>
  <rdf:Description rdf:about="http://he.dbpedia.org/resource/רפאל_(צייר)">
    <owl:sameAs rdf:resource="http://dbpedia.org/resource/Raphael" />
  </rdf:Description>
  <rdf:Description rdf:about="http://hif.dbpedia.org/resource/Raphael">
    <owl:sameAs rdf:resource="http://dbpedia.org/resource/Raphael" />
  </rdf:Description>
  <rdf:Description rdf:about="http://hr.dbpedia.org/resource/Rafael">
    <owl:sameAs rdf:resource="http://dbpedia.org/resource/Raphael" />
  </rdf:Description>
  <rdf:Description rdf:about="http://hu.dbpedia.org/resource/Raffaello_Sanzio">
    <owl:sameAs rdf:resource="http://dbpedia.org/resource/Raphael" />
  </rdf:Description>
  <rdf:Description rdf:about="http://hy.dbpedia.org/resource/Ռաֆայել_Սանտի">
    <owl:sameAs rdf:resource="http://dbpedia.org/resource/Raphael" />
  </rdf:Description>
  <rdf:Description rdf:about="http://ia.dbpedia.org/resource/Raffaello">
    <owl:sameAs rdf:resource="http://dbpedia.org/resource/Raphael" />
  </rdf:Description>
  <rdf:Description rdf:about="http://id.dbpedia.org/resource/Raffaello_Sanzio">
    <owl:sameAs rdf:resource="http://dbpedia.org/resource/Raphael" />
  </rdf:Description>
  <rdf:Description rdf:about="http://ilo.dbpedia.org/resource/Rafael_Sanzio">
    <owl:sameAs rdf:resource="http://dbpedia.org/resource/Raphael" />
  </rdf:Description>
  <rdf:Description rdf:about="http://io.dbpedia.org/resource/Raffaello_Sanzio">
    <owl:sameAs rdf:resource="http://dbpedia.org/resource/Raphael" />
  </rdf:Description>
  <rdf:Description rdf:about="http://is.dbpedia.org/resource/Raffaello_Sanzio">
    <owl:sameAs rdf:resource="http://dbpedia.org/resource/Raphael" />
  </rdf:Description>
  <rdf:Description rdf:about="http://jv.dbpedia.org/resource/Raffaello_Sanzio">
    <owl:sameAs rdf:resource="http://dbpedia.org/resource/Raphael" />
  </rdf:Description>
  <rdf:Description rdf:about="http://ka.dbpedia.org/resource/რაფაელ_სანტი">
    <owl:sameAs rdf:resource="http://dbpedia.org/resource/Raphael" />
  </rdf:Description>
  <rdf:Description rdf:about="http://kk.dbpedia.org/resource/Рафаэль_Санти">
    <owl:sameAs rdf:resource="http://dbpedia.org/resource/Raphael" />
  </rdf:Description>
  <rdf:Description rdf:about="http://la.dbpedia.org/resource/Raphael_Sanctius_Urbinas">
    <owl:sameAs rdf:resource="http://dbpedia.org/resource/Raphael" />
  </rdf:Description>
  <rdf:Description rdf:about="http://lb.dbpedia.org/resource/Raffael">
    <owl:sameAs rdf:resource="http://dbpedia.org/resource/Raphael" />
  </rdf:Description>
  <rdf:Description rdf:about="http://lt.dbpedia.org/resource/Rafaelis">
    <owl:sameAs rdf:resource="http://dbpedia.org/resource/Raphael" />
  </rdf:Description>
  <rdf:Description rdf:about="http://lv.dbpedia.org/resource/Rafaēls">
    <owl:sameAs rdf:resource="http://dbpedia.org/resource/Raphael" />
  </rdf:Description>
  <rdf:Description rdf:about="http://mk.dbpedia.org/resource/Рафаело_Санти">
    <owl:sameAs rdf:resource="http://dbpedia.org/resource/Raphael" />
  </rdf:Description>
  <rdf:Description rdf:about="http://ml.dbpedia.org/resource/റാഫേൽ">
    <owl:sameAs rdf:resource="http://dbpedia.org/resource/Raphael" />
  </rdf:Description>
  <rdf:Description rdf:about="http://mr.dbpedia.org/resource/रफायेल">
    <owl:sameAs rdf:resource="http://dbpedia.org/resource/Raphael" />
  </rdf:Description>
  <rdf:Description rdf:about="http://ms.dbpedia.org/resource/Raffaello_Sanzio">
    <owl:sameAs rdf:resource="http://dbpedia.org/resource/Raphael" />
  </rdf:Description>
  <rdf:Description rdf:about="http://mzn.dbpedia.org/resource/رافائل">
    <owl:sameAs rdf:resource="http://dbpedia.org/resource/Raphael" />
  </rdf:Description>
  <rdf:Description rdf:about="http://nn.dbpedia.org/resource/Rafael">
    <owl:sameAs rdf:resource="http://dbpedia.org/resource/Raphael" />
  </rdf:Description>
  <rdf:Description rdf:about="http://no.dbpedia.org/resource/Rafael">
    <owl:sameAs rdf:resource="http://dbpedia.org/resource/Raphael" />
  </rdf:Description>
  <rdf:Description rdf:about="http://oc.dbpedia.org/resource/Raffaello_Sanzio">
    <owl:sameAs rdf:resource="http://dbpedia.org/resource/Raphael" />
  </rdf:Description>
  <rdf:Description rdf:about="http://pam.dbpedia.org/resource/Raphael">
    <owl:sameAs rdf:resource="http://dbpedia.org/resource/Raphael" />
  </rdf:Description>
  <rdf:Description rdf:about="http://pms.dbpedia.org/resource/Raffaello_Sanzio">
    <owl:sameAs rdf:resource="http://dbpedia.org/resource/Raphael" />
  </rdf:Description>
  <rdf:Description rdf:about="http://pnb.dbpedia.org/resource/رافیل">
    <owl:sameAs rdf:resource="http://dbpedia.org/resource/Raphael" />
  </rdf:Description>
  <rdf:Description rdf:about="http://qu.dbpedia.org/resource/Raffaello_Sanzio">
    <owl:sameAs rdf:resource="http://dbpedia.org/resource/Raphael" />
  </rdf:Description>
  <rdf:Description rdf:about="http://ro.dbpedia.org/resource/Rafael">
    <owl:sameAs rdf:resource="http://dbpedia.org/resource/Raphael" />
  </rdf:Description>
  <rdf:Description rdf:about="http://rue.dbpedia.org/resource/Рафаел">
    <owl:sameAs rdf:resource="http://dbpedia.org/resource/Raphael" />
  </rdf:Description>
  <rdf:Description rdf:about="http://scn.dbpedia.org/resource/Raffaellu_Sanziu">
    <owl:sameAs rdf:resource="http://dbpedia.org/resource/Raphael" />
  </rdf:Description>
  <rdf:Description rdf:about="http://sh.dbpedia.org/resource/Rafael">
    <owl:sameAs rdf:resource="http://dbpedia.org/resource/Raphael" />
  </rdf:Description>
  <rdf:Description rdf:about="http://simple.dbpedia.org/resource/Raphael">
    <owl:sameAs rdf:resource="http://dbpedia.org/resource/Raphael" />
  </rdf:Description>
  <rdf:Description rdf:about="http://sk.dbpedia.org/resource/Raffael">
    <owl:sameAs rdf:resource="http://dbpedia.org/resource/Raphael" />
  </rdf:Description>
  <rdf:Description rdf:about="http://sl.dbpedia.org/resource/Raffaello_Santi">
    <owl:sameAs rdf:resource="http://dbpedia.org/resource/Raphael" />
  </rdf:Description>
  <rdf:Description rdf:about="http://sq.dbpedia.org/resource/Raffael">
    <owl:sameAs rdf:resource="http://dbpedia.org/resource/Raphael" />
  </rdf:Description>
  <rdf:Description rdf:about="http://sr.dbpedia.org/resource/Рафаел">
    <owl:sameAs rdf:resource="http://dbpedia.org/resource/Raphael" />
  </rdf:Description>
  <rdf:Description rdf:about="http://sv.dbpedia.org/resource/Rafael_(konstnär)">
    <owl:sameAs rdf:resource="http://dbpedia.org/resource/Raphael" />
  </rdf:Description>
  <rdf:Description rdf:about="http://sw.dbpedia.org/resource/Raphael">
    <owl:sameAs rdf:resource="http://dbpedia.org/resource/Raphael" />
  </rdf:Description>
  <rdf:Description rdf:about="http://ta.dbpedia.org/resource/ராபியேல்_சான்சியோ">
    <owl:sameAs rdf:resource="http://dbpedia.org/resource/Raphael" />
  </rdf:Description>
  <rdf:Description rdf:about="http://th.dbpedia.org/resource/ราฟาเอล">
    <owl:sameAs rdf:resource="http://dbpedia.org/resource/Raphael" />
  </rdf:Description>
  <rdf:Description rdf:about="http://tl.dbpedia.org/resource/Rafael_Sanzio">
    <owl:sameAs rdf:resource="http://dbpedia.org/resource/Raphael" />
  </rdf:Description>
  <rdf:Description rdf:about="http://tr.dbpedia.org/resource/Raffaello_Santi">
    <owl:sameAs rdf:resource="http://dbpedia.org/resource/Raphael" />
  </rdf:Description>
  <rdf:Description rdf:about="http://uk.dbpedia.org/resource/Рафаель_Санті">
    <owl:sameAs rdf:resource="http://dbpedia.org/resource/Raphael" />
  </rdf:Description>
  <rdf:Description rdf:about="http://ur.dbpedia.org/resource/رافیل">
    <owl:sameAs rdf:resource="http://dbpedia.org/resource/Raphael" />
  </rdf:Description>
  <rdf:Description rdf:about="http://uz.dbpedia.org/resource/Rafael_Santi">
    <owl:sameAs rdf:resource="http://dbpedia.org/resource/Raphael" />
  </rdf:Description>
  <rdf:Description rdf:about="http://vi.dbpedia.org/resource/Raffaello">
    <owl:sameAs rdf:resource="http://dbpedia.org/resource/Raphael" />
  </rdf:Description>
  <rdf:Description rdf:about="http://war.dbpedia.org/resource/Raffaello_Sanzio">
    <owl:sameAs rdf:resource="http://dbpedia.org/resource/Raphael" />
  </rdf:Description>
  <rdf:Description rdf:about="http://xmf.dbpedia.org/resource/რაფაელ_სანტი">
    <owl:sameAs rdf:resource="http://dbpedia.org/resource/Raphael" />
  </rdf:Description>
  <rdf:Description rdf:about="http://yi.dbpedia.org/resource/ראפאעל">
    <owl:sameAs rdf:resource="http://dbpedia.org/resource/Raphael" />
  </rdf:Description>
  <rdf:Description rdf:about="http://als.dbpedia.org/resource/Raffael">
    <owl:sameAs rdf:resource="http://dbpedia.org/resource/Raphael" />
  </rdf:Description>
  <rdf:Description rdf:about="http://ba.dbpedia.org/resource/Рафаэль_Санти">
    <owl:sameAs rdf:resource="http://dbpedia.org/resource/Raphael" />
  </rdf:Description>
  <rdf:Description rdf:about="http://bat_smg.dbpedia.org/resource/Rafaelės">
    <owl:sameAs rdf:resource="http://dbpedia.org/resource/Raphael" />
  </rdf:Description>
  <rdf:Description rdf:about="http://be_x_old.dbpedia.org/resource/Рафаэль">
    <owl:sameAs rdf:resource="http://dbpedia.org/resource/Raphael" />
  </rdf:Description>
  <rdf:Description rdf:about="http://bo.dbpedia.org/resource/ར་ཧྥ་ཨེལ་ལོ་སན་ཛིའོ།">
    <owl:sameAs rdf:resource="http://dbpedia.org/resource/Raphael" />
  </rdf:Description>
  <rdf:Description rdf:about="http://bpy.dbpedia.org/resource/রাফায়েল">
    <owl:sameAs rdf:resource="http://dbpedia.org/resource/Raphael" />
  </rdf:Description>
  <rdf:Description rdf:about="http://bxr.dbpedia.org/resource/Рафаэль_Санти">
    <owl:sameAs rdf:resource="http://dbpedia.org/resource/Raphael" />
  </rdf:Description>
  <rdf:Description rdf:about="http://ce.dbpedia.org/resource/Рафаэль_Санти">
    <owl:sameAs rdf:resource="http://dbpedia.org/resource/Raphael" />
  </rdf:Description>
  <rdf:Description rdf:about="http://ckb.dbpedia.org/resource/ڕافایێل">
    <owl:sameAs rdf:resource="http://dbpedia.org/resource/Raphael" />
  </rdf:Description>
  <rdf:Description rdf:about="http://diq.dbpedia.org/resource/Rafaello_Sanzio">
    <owl:sameAs rdf:resource="http://dbpedia.org/resource/Raphael" />
  </rdf:Description>
  <rdf:Description rdf:about="http://ext.dbpedia.org/resource/Rafael_Sanzio">
    <owl:sameAs rdf:resource="http://dbpedia.org/resource/Raphael" />
  </rdf:Description>
  <rdf:Description rdf:about="http://haw.dbpedia.org/resource/Raffael_Santi">
    <owl:sameAs rdf:resource="http://dbpedia.org/resource/Raphael" />
  </rdf:Description>
  <rdf:Description rdf:about="http://kaa.dbpedia.org/resource/Raphael">
    <owl:sameAs rdf:resource="http://dbpedia.org/resource/Raphael" />
  </rdf:Description>
  <rdf:Description rdf:about="http://kbd.dbpedia.org/resource/Рафаэл_Санти">
    <owl:sameAs rdf:resource="http://dbpedia.org/resource/Raphael" />
  </rdf:Description>
  <rdf:Description rdf:about="http://kl.dbpedia.org/resource/Raphael">
    <owl:sameAs rdf:resource="http://dbpedia.org/resource/Raphael" />
  </rdf:Description>
  <rdf:Description rdf:about="http://li.dbpedia.org/resource/Rafaël">
    <owl:sameAs rdf:resource="http://dbpedia.org/resource/Raphael" />
  </rdf:Description>
  <rdf:Description rdf:about="http://mhr.dbpedia.org/resource/Рафаэль_Санти">
    <owl:sameAs rdf:resource="http://dbpedia.org/resource/Raphael" />
  </rdf:Description>
  <rdf:Description rdf:about="http://new.dbpedia.org/resource/राफेल">
    <owl:sameAs rdf:resource="http://dbpedia.org/resource/Raphael" />
  </rdf:Description>
  <rdf:Description rdf:about="http://pa.dbpedia.org/resource/ਰਾਫੇਲ">
    <owl:sameAs rdf:resource="http://dbpedia.org/resource/Raphael" />
  </rdf:Description>
  <rdf:Description rdf:about="http://pag.dbpedia.org/resource/Raphael">
    <owl:sameAs rdf:resource="http://dbpedia.org/resource/Raphael" />
  </rdf:Description>
  <rdf:Description rdf:about="http://roa_tara.dbpedia.org/resource/Raffaelle_Sanzio">
    <owl:sameAs rdf:resource="http://dbpedia.org/resource/Raphael" />
  </rdf:Description>
  <rdf:Description rdf:about="http://sah.dbpedia.org/resource/Рафаэл">
    <owl:sameAs rdf:resource="http://dbpedia.org/resource/Raphael" />
  </rdf:Description>
  <rdf:Description rdf:about="http://stq.dbpedia.org/resource/Raffaelo_Santi">
    <owl:sameAs rdf:resource="http://dbpedia.org/resource/Raphael" />
  </rdf:Description>
  <rdf:Description rdf:about="http://vls.dbpedia.org/resource/Rafaël">
    <owl:sameAs rdf:resource="http://dbpedia.org/resource/Raphael" />
  </rdf:Description>
  <rdf:Description rdf:about="http://vo.dbpedia.org/resource/Raffaello">
    <owl:sameAs rdf:resource="http://dbpedia.org/resource/Raphael" />
  </rdf:Description>
  <rdf:Description rdf:about="http://wuu.dbpedia.org/resource/拉斐尔">
    <owl:sameAs rdf:resource="http://dbpedia.org/resource/Raphael" />
  </rdf:Description>
  <rdf:Description rdf:about="http://zh_min_nan.dbpedia.org/resource/Raffaello_Sanzio">
    <owl:sameAs rdf:resource="http://dbpedia.org/resource/Raphael" />
  </rdf:Description>
  <rdf:Description rdf:about="http://zh_yue.dbpedia.org/resource/拉斐爾">
    <owl:sameAs rdf:resource="http://dbpedia.org/resource/Raphael" />
  </rdf:Description>
</rdf:RDF>
