<?xml version="1.0" encoding="utf-8" ?>
<rdf:RDF
	xmlns:rdf="http://www.w3.org/1999/02/22-rdf-syntax-ns#"
	xmlns:rdfs="http://www.w3.org/2000/01/rdf-schema#"
	xmlns:owl="http://www.w3.org/2002/07/owl#"
	xmlns:dcterms="http://purl.org/dc/terms/"
	xmlns:dbpedia-owl="http://dbpedia.org/ontology/"
	xmlns:foaf="http://xmlns.com/foaf/0.1/"
	xmlns:dbpprop="http://dbpedia.org/property/"
	xmlns:dc="http://purl.org/dc/elements/1.1/"
	xmlns:ns8="http://www.w3.org/ns/prov#" >
  <rdf:Description rdf:about="http://en.wikipedia.org/wiki/Rudolph_F._Zallinger">
    <foaf:primaryTopic rdf:resource="http://dbpedia.org/resource/Rudolph_F._Zallinger" />
  </rdf:Description>
  <rdf:Description rdf:about="http://dbpedia.org/resource/Rudolph_Franz_Zallinger">
    <dbpedia-owl:wikiPageRedirects rdf:resource="http://dbpedia.org/resource/Rudolph_F._Zallinger" />
  </rdf:Description>
  <rdf:Description rdf:about="http://dbpedia.org/resource/Rudolph_Zallinger">
    <dbpedia-owl:wikiPageRedirects rdf:resource="http://dbpedia.org/resource/Rudolph_F._Zallinger" />
  </rdf:Description>
  <rdf:Description rdf:about="http://dbpedia.org/resource/Rudy_Zallinger">
    <dbpedia-owl:wikiPageRedirects rdf:resource="http://dbpedia.org/resource/Rudolph_F._Zallinger" />
  </rdf:Description>
  <rdf:Description rdf:about="http://dbpedia.org/resource/Rudolph_F._Zallinger">
    <rdf:type rdf:resource="http://dbpedia.org/ontology/Artist" />
    <rdf:type rdf:resource="http://dbpedia.org/class/yago/YagoLegalActorGeo" />
    <rdf:type rdf:resource="http://dbpedia.org/class/yago/LivingThing100004258" />
    <rdf:type rdf:resource="http://dbpedia.org/ontology/Agent" />
    <rdf:type rdf:resource="http://dbpedia.org/class/yago/CausalAgent100007347" />
    <rdf:type rdf:resource="http://dbpedia.org/class/yago/Organism100004475" />
    <rdf:type rdf:resource="http://dbpedia.org/class/yago/YagoLegalActor" />
    <rdf:type rdf:resource="http://dbpedia.org/class/yago/RussianArtists" />
    <rdf:type rdf:resource="http://dbpedia.org/ontology/Person" />
    <rdf:type rdf:resource="http://dbpedia.org/class/yago/AmericanPainters" />
    <rdf:type rdf:resource="http://dbpedia.org/class/yago/Person100007846" />
    <rdf:type rdf:resource="http://schema.org/Person" />
    <rdf:type rdf:resource="http://dbpedia.org/class/yago/Whole100003553" />
    <rdf:type rdf:resource="http://dbpedia.org/class/yago/AmericanMuralists" />
    <rdf:type rdf:resource="http://xmlns.com/foaf/0.1/Person" />
    <rdf:type rdf:resource="http://www.w3.org/2002/07/owl#Thing" />
    <rdf:type rdf:resource="http://dbpedia.org/class/yago/Object100002684" />
    <rdf:type rdf:resource="http://dbpedia.org/class/yago/Creator109614315" />
    <rdf:type rdf:resource="http://dbpedia.org/class/yago/AnimalArtists" />
    <rdf:type rdf:resource="http://dbpedia.org/class/yago/Painter110391653" />
    <rdf:type rdf:resource="http://dbpedia.org/class/yago/PhysicalEntity100001930" />
    <rdf:type rdf:resource="http://dbpedia.org/class/yago/Artist109812338" />
    <rdf:type rdf:resource="http://dbpedia.org/class/yago/Muralist110338498" />
    <owl:sameAs rdf:resource="http://it.dbpedia.org/resource/Rudolph_F._Zallinger" />
    <owl:sameAs rdf:resource="http://rdf.freebase.com/ns/m.027skr0" />
    <owl:sameAs rdf:resource="http://yago-knowledge.org/resource/Rudolph_F._Zallinger" />
    <owl:sameAs rdf:resource="http://ca.dbpedia.org/resource/Rudolph_F._Zallinger" />
    <owl:sameAs rdf:resource="http://dbpedia.org/resource/Rudolph_F._Zallinger" />
    <owl:sameAs rdf:resource="http://www.wikidata.org/entity/Q7377412" />
    <dcterms:subject rdf:resource="http://dbpedia.org/resource/Category:American_tempera_painters" />
    <dcterms:subject rdf:resource="http://dbpedia.org/resource/Category:American_muralists" />
    <dcterms:subject rdf:resource="http://dbpedia.org/resource/Category:Animal_artists" />
    <dcterms:subject rdf:resource="http://dbpedia.org/resource/Category:1995_deaths" />
    <dcterms:subject rdf:resource="http://dbpedia.org/resource/Category:Paleoart" />
    <dcterms:subject rdf:resource="http://dbpedia.org/resource/Category:American_painters" />
    <dcterms:subject rdf:resource="http://dbpedia.org/resource/Category:Russian_artists" />
    <dcterms:subject rdf:resource="http://dbpedia.org/resource/Category:1919_births" />
    <dbpedia-owl:abstract xml:lang="en">Rudolph Franz Zallinger (November 12, 1919 - August 1, 1995) was an American-based artist notable for his mural The Age of Reptiles (1947) at Yale&#39;s Peabody Museum of Natural History and for the popular illustration known as March of Progress (1965), one of the world&#39;s most recognizable scientific images. His painting of the Tyrannosaurus Rex heavily influenced the design of Toho Studios&#39; "Godzilla" when the film was made in 1954 (two of Zallinger&#39;s dinosaurs - the T. Rex and the Brontosaurus are seen as part of the slide demonstration during Dr. Yamane&#39;s lecture in the Diet. A third slide showing Zallinger&#39;s Stegosaurus was planned but eventually not used in the film).</dbpedia-owl:abstract>
    <dbpedia-owl:birthDate rdf:datatype="http://www.w3.org/2001/XMLSchema#date">1919-11-12</dbpedia-owl:birthDate>
    <dbpedia-owl:deathDate rdf:datatype="http://www.w3.org/2001/XMLSchema#date">1995-08-01</dbpedia-owl:deathDate>
    <dbpedia-owl:wikiPageID rdf:datatype="http://www.w3.org/2001/XMLSchema#integer">8990816</dbpedia-owl:wikiPageID>
    <dbpedia-owl:wikiPageRevisionID rdf:datatype="http://www.w3.org/2001/XMLSchema#integer">547783271</dbpedia-owl:wikiPageRevisionID>
    <rdfs:label xml:lang="en">Rudolph F. Zallinger</rdfs:label>
    <foaf:depiction rdf:resource="http://upload.wikimedia.org/wikipedia/commons/5/57/The_age_of_reptiles_(full-low).png" />
    <rdfs:comment xml:lang="en">Rudolph Franz Zallinger (November 12, 1919 - August 1, 1995) was an American-based artist notable for his mural The Age of Reptiles (1947) at Yale&#39;s Peabody Museum of Natural History and for the popular illustration known as March of Progress (1965), one of the world&#39;s most recognizable scientific images. His painting of the Tyrannosaurus Rex heavily influenced the design of Toho Studios&#39; "Godzilla" when the film was made in 1954 (two of Zallinger&#39;s dinosaurs - the T.</rdfs:comment>
    <foaf:name xml:lang="en">Rudolph Zallinger</foaf:name>
    <dbpedia-owl:thumbnail rdf:resource="http://upload.wikimedia.org/wikipedia/commons/thumb/5/57/The_age_of_reptiles_(full-low).png/200px-The_age_of_reptiles_(full-low).png" />
    <dbpprop:dateOfBirth rdf:datatype="http://www.w3.org/2001/XMLSchema#date">1919-11-12</dbpprop:dateOfBirth>
    <dbpprop:dateOfDeath rdf:datatype="http://www.w3.org/2001/XMLSchema#date">1995-08-01</dbpprop:dateOfDeath>
    <dbpprop:name xml:lang="en">Zallinger, Rudolph</dbpprop:name>
    <dbpprop:shortDescription xml:lang="en">American painter</dbpprop:shortDescription>
    <foaf:givenName xml:lang="en">Rudolph</foaf:givenName>
    <foaf:isPrimaryTopicOf rdf:resource="http://en.wikipedia.org/wiki/Rudolph_F._Zallinger" />
    <dc:description xml:lang="en">American painter</dc:description>
    <ns8:wasDerivedFrom rdf:resource="http://en.wikipedia.org/wiki/Rudolph_F._Zallinger?oldid=547783271" />
    <dbpprop:hasPhotoCollection rdf:resource="http://wifo5-03.informatik.uni-mannheim.de/flickrwrappr/photos/Rudolph_F._Zallinger" />
    <foaf:surname xml:lang="en">Zallinger</foaf:surname>
  </rdf:Description>
  <rdf:Description rdf:about="http://dbpedia.org/resource/The_Age_of_Reptiles">
    <dbpedia-owl:author rdf:resource="http://dbpedia.org/resource/Rudolph_F._Zallinger" />
    <dbpprop:artist rdf:resource="http://dbpedia.org/resource/Rudolph_F._Zallinger" />
  </rdf:Description>
  <rdf:Description rdf:about="http://ca.dbpedia.org/resource/Rudolph_F._Zallinger">
    <owl:sameAs rdf:resource="http://dbpedia.org/resource/Rudolph_F._Zallinger" />
  </rdf:Description>
  <rdf:Description rdf:about="http://it.dbpedia.org/resource/Rudolph_F._Zallinger">
    <owl:sameAs rdf:resource="http://dbpedia.org/resource/Rudolph_F._Zallinger" />
  </rdf:Description>
  <rdf:Description rdf:about="http://wikidata.dbpedia.org/resource/Q7377412">
    <owl:sameAs rdf:resource="http://dbpedia.org/resource/Rudolph_F._Zallinger" />
  </rdf:Description>
</rdf:RDF>
