<?xml version="1.0" encoding="utf-8" ?>
<rdf:RDF
	xmlns:rdf="http://www.w3.org/1999/02/22-rdf-syntax-ns#"
	xmlns:rdfs="http://www.w3.org/2000/01/rdf-schema#"
	xmlns:owl="http://www.w3.org/2002/07/owl#"
	xmlns:dcterms="http://purl.org/dc/terms/"
	xmlns:dbpedia-owl="http://dbpedia.org/ontology/"
	xmlns:foaf="http://xmlns.com/foaf/0.1/"
	xmlns:dbpprop="http://dbpedia.org/property/"
	xmlns:dc="http://purl.org/dc/elements/1.1/"
	xmlns:ns8="http://www.w3.org/ns/prov#" >
  <rdf:Description rdf:about="http://dbpedia.org/resource/Sant&#39;Ambrogio_Altarpiece_(Botticelli)">
    <dbpedia-owl:author rdf:resource="http://dbpedia.org/resource/Sandro_Botticelli" />
  </rdf:Description>
  <rdf:Description rdf:about="http://dbpedia.org/resource/Madonna_and_Child_and_Two_Angels_(Botticelli)">
    <dbpedia-owl:author rdf:resource="http://dbpedia.org/resource/Sandro_Botticelli" />
  </rdf:Description>
  <rdf:Description rdf:about="http://dbpedia.org/resource/Alessandro_di_Mariano_di_Vanni_Filipepi">
    <dbpedia-owl:wikiPageRedirects rdf:resource="http://dbpedia.org/resource/Sandro_Botticelli" />
  </rdf:Description>
  <rdf:Description rdf:about="http://it.dbpedia.org/resource/Sandro_Botticelli">
    <owl:sameAs rdf:resource="http://dbpedia.org/resource/Sandro_Botticelli" />
  </rdf:Description>
  <rdf:Description rdf:about="http://ko.dbpedia.org/resource/산드로_보티첼리">
    <owl:sameAs rdf:resource="http://dbpedia.org/resource/Sandro_Botticelli" />
  </rdf:Description>
  <rdf:Description rdf:about="http://pt.dbpedia.org/resource/Sandro_Botticelli">
    <owl:sameAs rdf:resource="http://dbpedia.org/resource/Sandro_Botticelli" />
  </rdf:Description>
  <rdf:Description rdf:about="http://ru.dbpedia.org/resource/Сандро_Боттичелли">
    <owl:sameAs rdf:resource="http://dbpedia.org/resource/Sandro_Botticelli" />
  </rdf:Description>
  <rdf:Description rdf:about="http://dbpedia.org/resource/Madonna_of_the_Book_(Botticelli)">
    <dbpedia-owl:author rdf:resource="http://dbpedia.org/resource/Sandro_Botticelli" />
  </rdf:Description>
  <rdf:Description rdf:about="http://dbpedia.org/resource/Portrait_of_a_Young_Man_(Botticelli,_London)">
    <dbpedia-owl:author rdf:resource="http://dbpedia.org/resource/Sandro_Botticelli" />
  </rdf:Description>
  <rdf:Description rdf:about="http://dbpedia.org/resource/St._Sebastian_(Botticelli)">
    <dbpedia-owl:author rdf:resource="http://dbpedia.org/resource/Sandro_Botticelli" />
  </rdf:Description>
  <rdf:Description rdf:about="http://dbpedia.org/resource/Dante_Alighieri">
    <dbpedia-owl:influenced rdf:resource="http://dbpedia.org/resource/Sandro_Botticelli" />
  </rdf:Description>
  <rdf:Description rdf:about="http://dbpedia.org/resource/Sandro_Botticelli">
    <rdf:type rdf:resource="http://dbpedia.org/class/yago/CausalAgent100007347" />
    <rdf:type rdf:resource="http://dbpedia.org/class/yago/Organism100004475" />
    <rdf:type rdf:resource="http://dbpedia.org/class/yago/YagoLegalActor" />
    <rdf:type rdf:resource="http://dbpedia.org/class/yago/PhysicalEntity100001930" />
    <rdf:type rdf:resource="http://dbpedia.org/class/yago/Painter110391653" />
    <rdf:type rdf:resource="http://schema.org/Person" />
    <rdf:type rdf:resource="http://dbpedia.org/class/yago/RomanCatholicChurchPainters" />
    <rdf:type rdf:resource="http://dbpedia.org/class/yago/Creator109614315" />
    <rdf:type rdf:resource="http://dbpedia.org/class/yago/LivingThing100004258" />
    <rdf:type rdf:resource="http://dbpedia.org/class/yago/ItalianPainters" />
    <rdf:type rdf:resource="http://dbpedia.org/class/yago/TuscanPainters" />
    <rdf:type rdf:resource="http://dbpedia.org/class/yago/PeopleFromFlorence" />
    <rdf:type rdf:resource="http://dbpedia.org/class/yago/Whole100003553" />
    <rdf:type rdf:resource="http://umbel.org/umbel/rc/PersonWithOccupation" />
    <rdf:type rdf:resource="http://umbel.org/umbel/rc/Artist" />
    <rdf:type rdf:resource="http://dbpedia.org/class/yago/Person100007846" />
    <rdf:type rdf:resource="http://dbpedia.org/ontology/Person" />
    <rdf:type rdf:resource="http://dbpedia.org/ontology/Artist" />
    <rdf:type rdf:resource="http://dbpedia.org/ontology/Agent" />
    <rdf:type rdf:resource="http://dbpedia.org/class/yago/YagoLegalActorGeo" />
    <rdf:type rdf:resource="http://dbpedia.org/class/yago/Artist109812338" />
    <rdf:type rdf:resource="http://www.w3.org/2002/07/owl#Thing" />
    <rdf:type rdf:resource="http://dbpedia.org/class/yago/Object100002684" />
    <rdf:type rdf:resource="http://xmlns.com/foaf/0.1/Person" />
    <owl:sameAs rdf:resource="http://hy.dbpedia.org/resource/Սանդրո_Բոտիչելլի" />
    <owl:sameAs rdf:resource="http://ca.dbpedia.org/resource/Sandro_Botticelli" />
    <owl:sameAs rdf:resource="http://fa.dbpedia.org/resource/ساندرو_بوتیچلی" />
    <owl:sameAs rdf:resource="http://nn.dbpedia.org/resource/Sandro_Botticelli" />
    <owl:sameAs rdf:resource="http://be.dbpedia.org/resource/Сандра_Бацічэлі" />
    <owl:sameAs rdf:resource="http://mk.dbpedia.org/resource/Сандро_Ботичели" />
    <owl:sameAs rdf:resource="http://pt.dbpedia.org/resource/Sandro_Botticelli" />
    <owl:sameAs rdf:resource="http://eo.dbpedia.org/resource/Sandro_Botticelli" />
    <owl:sameAs rdf:resource="http://zh.dbpedia.org/resource/桑德罗·波提切利" />
    <owl:sameAs rdf:resource="http://sl.dbpedia.org/resource/Sandro_Botticelli" />
    <owl:sameAs rdf:resource="http://lv.dbpedia.org/resource/Sandro_Botičelli" />
    <owl:sameAs rdf:resource="http://ext.dbpedia.org/resource/Sandro_Botticelli" />
    <owl:sameAs rdf:resource="http://sv.dbpedia.org/resource/Sandro_Botticelli" />
    <owl:sameAs rdf:resource="http://hu.dbpedia.org/resource/Sandro_Botticelli" />
    <owl:sameAs rdf:resource="http://la.dbpedia.org/resource/Alexander_Botticelli" />
    <owl:sameAs rdf:resource="http://az.dbpedia.org/resource/Sandro_Botiçelli" />
    <owl:sameAs rdf:resource="http://war.dbpedia.org/resource/Sandro_Botticelli" />
    <owl:sameAs rdf:resource="http://sr.dbpedia.org/resource/Сандро_Ботичели" />
    <owl:sameAs rdf:resource="http://be_x_old.dbpedia.org/resource/Сандра_Батычэльлі" />
    <owl:sameAs rdf:resource="http://he.dbpedia.org/resource/סנדרו_בוטיצ&#39;לי" />
    <owl:sameAs rdf:resource="http://cy.dbpedia.org/resource/Sandro_Botticelli" />
    <owl:sameAs rdf:resource="http://vls.dbpedia.org/resource/Sandro_Botticelli" />
    <owl:sameAs rdf:resource="http://yago-knowledge.org/resource/Sandro_Botticelli" />
    <owl:sameAs rdf:resource="http://es.dbpedia.org/resource/Sandro_Botticelli" />
    <owl:sameAs rdf:resource="http://simple.dbpedia.org/resource/Sandro_Botticelli" />
    <owl:sameAs rdf:resource="http://tr.dbpedia.org/resource/Sandro_Botticelli" />
    <owl:sameAs rdf:resource="http://io.dbpedia.org/resource/Sandro_Botticelli" />
    <owl:sameAs rdf:resource="http://ru.dbpedia.org/resource/Сандро_Боттичелли" />
    <owl:sameAs rdf:resource="http://bg.dbpedia.org/resource/Сандро_Ботичели" />
    <owl:sameAs rdf:resource="http://ka.dbpedia.org/resource/სანდრო_ბოტიჩელი" />
    <owl:sameAs rdf:resource="http://dbpedia.org/resource/Sandro_Botticelli" />
    <owl:sameAs rdf:resource="http://de.dbpedia.org/resource/Sandro_Botticelli" />
    <owl:sameAs rdf:resource="http://nl.dbpedia.org/resource/Sandro_Botticelli" />
    <owl:sameAs rdf:resource="http://lb.dbpedia.org/resource/Sandro_Botticelli" />
    <owl:sameAs rdf:resource="http://id.dbpedia.org/resource/Sandro_Botticelli" />
    <owl:sameAs rdf:resource="http://mr.dbpedia.org/resource/सांद्रो_बोत्तिचेल्ली" />
    <owl:sameAs rdf:resource="http://bo.dbpedia.org/resource/སན་ཌོ་པའོ་ཊི་ཅེ་ལི།" />
    <owl:sameAs rdf:resource="http://da.dbpedia.org/resource/Sandro_Botticelli" />
    <owl:sameAs rdf:resource="http://bs.dbpedia.org/resource/Sandro_Botticelli" />
    <owl:sameAs rdf:resource="http://cs.dbpedia.org/resource/Sandro_Botticelli" />
    <owl:sameAs rdf:resource="http://br.dbpedia.org/resource/Sandro_Botticelli" />
    <owl:sameAs rdf:resource="http://vo.dbpedia.org/resource/Sandro_Botticelli" />
    <owl:sameAs rdf:resource="http://www.wikidata.org/entity/Q5669" />
    <owl:sameAs rdf:resource="http://scn.dbpedia.org/resource/Sandru_Botticelli" />
    <owl:sameAs rdf:resource="http://oc.dbpedia.org/resource/Sandro_Botticelli" />
    <owl:sameAs rdf:resource="http://et.dbpedia.org/resource/Sandro_Botticelli" />
    <owl:sameAs rdf:resource="http://is.dbpedia.org/resource/Sandro_Botticelli" />
    <owl:sameAs rdf:resource="http://ko.dbpedia.org/resource/산드로_보티첼리" />
    <owl:sameAs rdf:resource="http://ro.dbpedia.org/resource/Sandro_Botticelli" />
    <owl:sameAs rdf:resource="http://lt.dbpedia.org/resource/Sandro_Botticelli" />
    <owl:sameAs rdf:resource="http://fur.dbpedia.org/resource/Sandri_Botticelli" />
    <owl:sameAs rdf:resource="http://sk.dbpedia.org/resource/Sandro_Botticelli" />
    <owl:sameAs rdf:resource="http://eu.dbpedia.org/resource/Sandro_Botticelli" />
    <owl:sameAs rdf:resource="http://no.dbpedia.org/resource/Sandro_Botticelli" />
    <owl:sameAs rdf:resource="http://pl.dbpedia.org/resource/Sandro_Botticelli" />
    <owl:sameAs rdf:resource="http://vi.dbpedia.org/resource/Sandro_Botticelli" />
    <owl:sameAs rdf:resource="http://hr.dbpedia.org/resource/Sandro_Botticelli" />
    <owl:sameAs rdf:resource="http://nap.dbpedia.org/resource/Sandro_Botticelli" />
    <owl:sameAs rdf:resource="http://el.dbpedia.org/resource/Σάντρο_Μποττιτσέλλι" />
    <owl:sameAs rdf:resource="http://gl.dbpedia.org/resource/Sandro_Botticelli" />
    <owl:sameAs rdf:resource="http://kk.dbpedia.org/resource/Сандро_Боттичелли" />
    <owl:sameAs rdf:resource="http://fr.dbpedia.org/resource/Sandro_Botticelli" />
    <owl:sameAs rdf:resource="http://sq.dbpedia.org/resource/Sandro_Botticelli" />
    <owl:sameAs rdf:resource="http://ga.dbpedia.org/resource/Sandro_Botticelli" />
    <owl:sameAs rdf:resource="http://rdf.freebase.com/ns/m.0jr3g" />
    <owl:sameAs rdf:resource="http://fi.dbpedia.org/resource/Sandro_Botticelli" />
    <owl:sameAs rdf:resource="http://af.dbpedia.org/resource/Sandro_Botticelli" />
    <owl:sameAs rdf:resource="http://it.dbpedia.org/resource/Sandro_Botticelli" />
    <owl:sameAs rdf:resource="http://ja.dbpedia.org/resource/サンドロ・ボッティチェッリ" />
    <owl:sameAs rdf:resource="http://srn.dbpedia.org/resource/Sandro_Botticelli" />
    <owl:sameAs rdf:resource="http://ar.dbpedia.org/resource/ساندرو_بوتيتشيلي" />
    <owl:sameAs rdf:resource="http://sh.dbpedia.org/resource/Sandro_Botticelli" />
    <owl:sameAs rdf:resource="http://qu.dbpedia.org/resource/Sandro_Botticelli" />
    <owl:sameAs rdf:resource="http://uk.dbpedia.org/resource/Сандро_Боттічеллі" />
    <owl:sameAs rdf:resource="http://th.dbpedia.org/resource/ซันโดร_บอตตีเชลลี" />
    <dcterms:subject rdf:resource="http://dbpedia.org/resource/Category:Apocalypticists" />
    <dcterms:subject rdf:resource="http://dbpedia.org/resource/Category:Roman_Catholic_Church_painters" />
    <dcterms:subject rdf:resource="http://dbpedia.org/resource/Category:Italian_Roman_Catholics" />
    <dcterms:subject rdf:resource="http://dbpedia.org/resource/Category:Florentine_painters" />
    <dcterms:subject rdf:resource="http://dbpedia.org/resource/Category:1510_deaths" />
    <dcterms:subject rdf:resource="http://dbpedia.org/resource/Category:1440s_births" />
    <dcterms:subject rdf:resource="http://dbpedia.org/resource/Category:Italian_Renaissance_painters" />
    <dbpedia-owl:abstract xml:lang="de">Sandro Botticelli war ein italienischer Maler und Zeichner der frühen Renaissance. Im Geist der Frührenaissance und des Humanismus malte Botticelli, beeinflusst von Filippo Lippi, Masaccio und Antonio Pollaiuolo, religiöse Bilder, Altarbilder sowie Bilder aus dem Themenbereich der griechischen Mythologie und Allegorien mit Gegenwartsbezug. Von herausragender Bedeutung ist seine Porträtkunst, die nachhaltig das Image der Medici und ihrer Parteigänger geprägt hat. Sein Spätwerk trägt emotional expressive Züge mit Rückbezug auf die Gotik. Einige Elemente seiner Malerei wurden später von den Präraffaeliten im 19. Jahrhundert wieder aufgegriffen. Auch der Jugendstil nahm in Linie und Ornament Anleihen von ihm auf.</dbpedia-owl:abstract>
    <dbpedia-owl:abstract xml:lang="es">Alessandro di Mariano di Vanni Filipepi, apodado Sandro Botticelli, fue un pintor cuatrocentista italiano. Menos de cien años después, este movimiento, bajo el mecenazgo de Lorenzo de Médici, fue considerado por Giorgio Vasari como una "edad de oro", un pensamiento que convenientemente encabezaba su Vita de Botticelli. Su reputación póstuma disminuyó, siendo recuperada a finales del siglo XIX; desde entonces, su obra se ha considerado representativa de la gracia lineal de la pintura del primer Renacimiento, y El nacimiento de Venus y La primavera son, actualmente, dos de las obras maestras florentinas más conocidas.</dbpedia-owl:abstract>
    <dbpedia-owl:abstract xml:lang="en">Alessandro di Mariano di Vanni Filipepi, better known as Sandro Botticelli (c. 1445 – May 17, 1510), was an Italian painter of the Early Renaissance. He belonged to the Florentine school under the patronage of Lorenzo de&#39; Medici, a movement that Giorgio Vasari would characterize less than a hundred years later as a "golden age", a thought, suitably enough, he expressed at the head of his Vita of Botticelli. Botticelli&#39;s posthumous reputation suffered until the late 19th century; since then his work has been seen to represent the linear grace of Early Renaissance painting. Among his best known works are The Birth of Venus and Primavera.</dbpedia-owl:abstract>
    <dbpedia-owl:abstract xml:lang="sv">Sandro Botticelli – Sandro Botticelli, född som Alessandro di Mariano di Vanni Filipepi den 1 mars 1445 i Florens, Italien, död 17 maj 1510 i Florens, var en italiensk målare verksam under ungrenässansen.</dbpedia-owl:abstract>
    <dbpedia-owl:abstract xml:lang="pl">Sandro Botticelli, właśc. Alessandro di Mariano Filipepi – włoski malarz szkoły florenckiej, który tworzył we wczesnym oraz dojrzałym okresie odrodzenia.</dbpedia-owl:abstract>
    <dbpedia-owl:abstract xml:lang="ja">サンドロ・ボッティチェッリ（Sandro Botticelli, 1445年3月1日? - 1510年5月17日）は、ルネサンス期のイタリアのフィレンツェ生まれの画家で、本名はアレッサンドロ・ディ・マリアーノ・フィリペーピ (Alessandro di Mariano Filipepi) といい、ボッティチェッリは兄が太っていたことから付いた「小さな樽」という意味のあだ名である。ボッティチェルリ、ボッティチェリ、ボティチェリなどと表記されることもある。</dbpedia-owl:abstract>
    <dbpedia-owl:abstract xml:lang="pt">Alessandro di Mariano di Vanni Filipepi, dito Sandro Botticelli, foi um célebre pintor italiano da Escola Florentina do Renascimento. Igualmente receptivo às aquisições do introduzidas por Masaccio na pintura do Quatrocento e às tendências do Gótico tardio, seguiu os preceitos da perspectiva central e estudou as esculturas da Antiguidade, evoluindo posteriormente para a acentuação das formas decorativas e da atenção dispensada à harmonia linear do traçado e ao vigor e pureza do colorido. Suas obras tardias revelariam ainda um expressionismo trágico, de agitação visionária, fruto certamente da pregação de Savonarola. Protegido dos Médici, para os quais executou preciosos registros da pintura de cunho mitológico, foi bem relacionado no círculo florentino, trabalhando também para o Vaticano, produzindo afrescos para a Capela Sistina. Foi ainda destacado retratista, e seu talento excepcional de transpor para a linguagem formal as concepções de seus clientes tornou-o um dos pintores mais disputados de seu tempo. Sua reputação, alvo de um curto reavivar de interesse no século XVI, logo esvaiu-se, e somente com o reaparecimento de uma crescente curiosidade pelo Renascimento, registrada no século XIX, e, em particular, pela interpretação filosófica de suas obras, é que sua arte volta a adquirir o êxito e a fama que mantém até hoje.</dbpedia-owl:abstract>
    <dbpedia-owl:abstract xml:lang="zh">桑德罗·波提切利（Sandro Botticelli，1445年3月1日－1510年5月17日），原名亚历桑德罗·菲利佩皮（Alessandro Filipepi）是欧洲文艺复兴早期的佛罗伦萨画派艺术家。</dbpedia-owl:abstract>
    <dbpedia-owl:abstract xml:lang="fr">Alessandro di Mariano di Vanni Filipepi, dit Sandro Botticelli, est un peintre italien né à une date située entre le 1 mars 1444 et le 1 mars 1445 et mort en mai 1510, à Florence. Botticelli est l&#39;un des peintres les plus importants de la Renaissance italienne et de l&#39;histoire de l&#39;art.</dbpedia-owl:abstract>
    <dbpedia-owl:abstract xml:lang="ru">Са́ндро Боттиче́лли — прозвище флорентийского художника Алесса́ндро ди Мариа́но ди Ва́нни Филипе́пи (итал.  Alessandro di Mariano di Vanni Filipepi). Боттичелли родился в семье дубильщика Мариано ди Джованни Филипепи и его жены Смеральды в квартале Санта-Мария Новелла во Флоренции. Прозвище «Боттичелли» (бочонок) перешло к нему от старшего брата Джованни, который был толстяком.</dbpedia-owl:abstract>
    <dbpedia-owl:abstract xml:lang="nl">Alessandro Filipepi, beter bekend als Sandro Botticelli was een kunstschilder uit de Italiaanse renaissance.</dbpedia-owl:abstract>
    <dbpedia-owl:abstract xml:lang="it"></dbpedia-owl:abstract>
    <dbpedia-owl:award rdf:resource="http://dbpedia.org/resource/Oscar" />
    <dbpedia-owl:birthPlace rdf:resource="http://dbpedia.org/resource/Florence" />
    <dbpedia-owl:birthPlace rdf:resource="http://dbpedia.org/resource/Italy" />
    <dbpedia-owl:birthPlace rdf:resource="http://dbpedia.org/resource/Republic_of_Florence" />
    <dbpedia-owl:deathPlace rdf:resource="http://dbpedia.org/resource/Italy" />
    <dbpedia-owl:deathPlace rdf:resource="http://dbpedia.org/resource/Republic_of_Florence" />
    <dbpedia-owl:deathPlace rdf:resource="http://dbpedia.org/resource/Florence" />
    <dbpedia-owl:field rdf:resource="http://dbpedia.org/resource/Painting" />
    <dbpedia-owl:influencedBy rdf:resource="http://dbpedia.org/resource/Filippo_Lippi" />
    <dbpedia-owl:movement rdf:resource="http://dbpedia.org/resource/Italian_Renaissance" />
    <dbpedia-owl:training rdf:resource="http://dbpedia.org/resource/Andrea_del_Verrocchio" />
    <dbpedia-owl:training rdf:resource="http://dbpedia.org/resource/Filippo_Lippi" />
    <dbpedia-owl:wikiPageID rdf:datatype="http://www.w3.org/2001/XMLSchema#integer">73515</dbpedia-owl:wikiPageID>
    <dbpedia-owl:wikiPageRevisionID rdf:datatype="http://www.w3.org/2001/XMLSchema#integer">548547157</dbpedia-owl:wikiPageRevisionID>
    <rdfs:label xml:lang="de">Sandro Botticelli</rdfs:label>
    <rdfs:label xml:lang="zh">桑德罗·波提切利</rdfs:label>
    <rdfs:label xml:lang="ja">サンドロ・ボッティチェッリ</rdfs:label>
    <rdfs:label xml:lang="pt">Sandro Botticelli</rdfs:label>
    <rdfs:label xml:lang="sv">Sandro Botticelli</rdfs:label>
    <rdfs:label xml:lang="it">Sandro Botticelli</rdfs:label>
    <rdfs:label xml:lang="nl">Sandro Botticelli</rdfs:label>
    <rdfs:label xml:lang="en">Sandro Botticelli</rdfs:label>
    <rdfs:label xml:lang="fr">Sandro Botticelli</rdfs:label>
    <rdfs:label xml:lang="es">Sandro Botticelli</rdfs:label>
    <rdfs:label xml:lang="pl">Sandro Botticelli</rdfs:label>
    <rdfs:label xml:lang="ru">Сандро Боттичелли</rdfs:label>
    <foaf:depiction rdf:resource="http://upload.wikimedia.org/wikipedia/commons/d/d4/Sandro_Botticelli_083.jpg" />
    <rdfs:comment xml:lang="ja">サンドロ・ボッティチェッリ（Sandro Botticelli, 1445年3月1日? - 1510年5月17日）は、ルネサンス期のイタリアのフィレンツェ生まれの画家で、本名はアレッサンドロ・ディ・マリアーノ・フィリペーピ (Alessandro di Mariano Filipepi) といい、ボッティチェッリは兄が太っていたことから付いた「小さな樽」という意味のあだ名である。ボッティチェルリ、ボッティチェリ、ボティチェリなどと表記されることもある。</rdfs:comment>
    <rdfs:comment xml:lang="nl">Alessandro Filipepi, beter bekend als Sandro Botticelli was een kunstschilder uit de Italiaanse renaissance.</rdfs:comment>
    <rdfs:comment xml:lang="pt">Alessandro di Mariano di Vanni Filipepi, dito Sandro Botticelli, foi um célebre pintor italiano da Escola Florentina do Renascimento. Igualmente receptivo às aquisições do introduzidas por Masaccio na pintura do Quatrocento e às tendências do Gótico tardio, seguiu os preceitos da perspectiva central e estudou as esculturas da Antiguidade, evoluindo posteriormente para a acentuação das formas decorativas e da atenção dispensada à harmonia linear do traçado e ao vigor e pureza do colorido.</rdfs:comment>
    <rdfs:comment xml:lang="it"></rdfs:comment>
    <rdfs:comment xml:lang="sv">Sandro Botticelli – Sandro Botticelli, född som Alessandro di Mariano di Vanni Filipepi den 1 mars 1445 i Florens, Italien, död 17 maj 1510 i Florens, var en italiensk målare verksam under ungrenässansen.</rdfs:comment>
    <rdfs:comment xml:lang="es">Alessandro di Mariano di Vanni Filipepi, apodado Sandro Botticelli, fue un pintor cuatrocentista italiano. Menos de cien años después, este movimiento, bajo el mecenazgo de Lorenzo de Médici, fue considerado por Giorgio Vasari como una "edad de oro", un pensamiento que convenientemente encabezaba su Vita de Botticelli.</rdfs:comment>
    <rdfs:comment xml:lang="ru">Са́ндро Боттиче́лли — прозвище флорентийского художника Алесса́ндро ди Мариа́но ди Ва́нни Филипе́пи (итал.  Alessandro di Mariano di Vanni Filipepi). Боттичелли родился в семье дубильщика Мариано ди Джованни Филипепи и его жены Смеральды в квартале Санта-Мария Новелла во Флоренции. Прозвище «Боттичелли» (бочонок) перешло к нему от старшего брата Джованни, который был толстяком.</rdfs:comment>
    <rdfs:comment xml:lang="pl">Sandro Botticelli, właśc. Alessandro di Mariano Filipepi – włoski malarz szkoły florenckiej, który tworzył we wczesnym oraz dojrzałym okresie odrodzenia.</rdfs:comment>
    <rdfs:comment xml:lang="en">Alessandro di Mariano di Vanni Filipepi, better known as Sandro Botticelli (c. 1445 – May 17, 1510), was an Italian painter of the Early Renaissance. He belonged to the Florentine school under the patronage of Lorenzo de&#39; Medici, a movement that Giorgio Vasari would characterize less than a hundred years later as a "golden age", a thought, suitably enough, he expressed at the head of his Vita of Botticelli.</rdfs:comment>
    <rdfs:comment xml:lang="zh">桑德罗·波提切利（Sandro Botticelli，1445年3月1日－1510年5月17日），原名亚历桑德罗·菲利佩皮（Alessandro Filipepi）是欧洲文艺复兴早期的佛罗伦萨画派艺术家。</rdfs:comment>
    <rdfs:comment xml:lang="de">Sandro Botticelli war ein italienischer Maler und Zeichner der frühen Renaissance. Im Geist der Frührenaissance und des Humanismus malte Botticelli, beeinflusst von Filippo Lippi, Masaccio und Antonio Pollaiuolo, religiöse Bilder, Altarbilder sowie Bilder aus dem Themenbereich der griechischen Mythologie und Allegorien mit Gegenwartsbezug. Von herausragender Bedeutung ist seine Porträtkunst, die nachhaltig das Image der Medici und ihrer Parteigänger geprägt hat.</rdfs:comment>
    <rdfs:comment xml:lang="fr">Alessandro di Mariano di Vanni Filipepi, dit Sandro Botticelli, est un peintre italien né à une date située entre le 1 mars 1444 et le 1 mars 1445 et mort en mai 1510, à Florence. Botticelli est l&#39;un des peintres les plus importants de la Renaissance italienne et de l&#39;histoire de l&#39;art.</rdfs:comment>
    <foaf:name xml:lang="en">Sandro Botticelli</foaf:name>
    <dbpedia-owl:thumbnail rdf:resource="http://upload.wikimedia.org/wikipedia/commons/thumb/d/d4/Sandro_Botticelli_083.jpg/200px-Sandro_Botticelli_083.jpg" />
    <dbpedia-owl:wikiPageExternalLink rdf:resource="http://www.artble.com/artists/sandro_botticelli" />
    <dbpedia-owl:wikiPageExternalLink rdf:resource="http://www.wga.hu/frames-e.html?/bio/b/botticel/biograph.html" />
    <dbpedia-owl:wikiPageExternalLink rdf:resource="http://www.aiwaz.net/gallery/botticelli-sandro/gc122" />
    <dbpedia-owl:wikiPageExternalLink rdf:resource="http://www.worldofdante.org/" />
    <dbpedia-owl:wikiPageExternalLink rdf:resource="http://www.all-art.org/early_renaissance/botticelli1.html" />
    <dbpedia-owl:wikiPageExternalLink rdf:resource="http://www.3pipe.net/2012/06/echoes-of-botticelli-in-early-modern.html" />
    <dbpedia-owl:wikiPageExternalLink rdf:resource="http://www.sandrobotticelli.net" />
    <dbpprop:alternativeNames xml:lang="en">Alessandro di Mariano di Vanni Filipepi</dbpprop:alternativeNames>
    <dbpprop:awards rdf:resource="http://dbpedia.org/resource/Oscar" />
    <dbpprop:bgcolour xml:lang="en">#99BADD</dbpprop:bgcolour>
    <dbpprop:birthDate xml:lang="en">c. 1445</dbpprop:birthDate>
    <dbpprop:birthName xml:lang="en">Alessandro di Mariano di Vanni Filipepi</dbpprop:birthName>
    <dbpprop:birthPlace xml:lang="en">Florence, Republic of Florence,</dbpprop:birthPlace>
    <dbpprop:caption xml:lang="en">Probable self-portrait of Botticelli, in his Adoration of the Magi .</dbpprop:caption>
    <dbpprop:dateOfBirth xml:lang="en">c. 1445</dbpprop:dateOfBirth>
    <dbpprop:dateOfDeath rdf:datatype="http://www.w3.org/2001/XMLSchema#integer">1510</dbpprop:dateOfDeath>
    <dbpprop:deathPlace xml:lang="en">Florence, Republic of Florence,</dbpprop:deathPlace>
    <dbpprop:field rdf:resource="http://dbpedia.org/resource/Painting" />
    <dbpprop:influencedBy rdf:resource="http://dbpedia.org/resource/Filippo_Lippi" />
    <dbpprop:movement rdf:resource="http://dbpedia.org/resource/Italian_Renaissance" />
    <dbpprop:name xml:lang="en">Botticelli, Sandro</dbpprop:name>
    <dbpprop:name xml:lang="en">Sandro Botticelli</dbpprop:name>
    <dbpprop:nationality xml:lang="en">Italian</dbpprop:nationality>
    <dbpprop:placeOfBirth xml:lang="en">Florence, Republic of Florence,</dbpprop:placeOfBirth>
    <dbpprop:placeOfDeath xml:lang="en">Florence, Republic of Florence,</dbpprop:placeOfDeath>
    <dbpprop:shortDescription xml:lang="en">Florentine painter</dbpprop:shortDescription>
    <dbpprop:training rdf:resource="http://dbpedia.org/resource/Filippo_Lippi" />
    <dbpprop:training xml:lang="en">Andrea del Verrocchio</dbpprop:training>
    <dbpprop:works xml:lang="en">Other Works</dbpprop:works>
    <dbpprop:works rdf:resource="http://dbpedia.org/resource/Adoration_of_the_Magi_of_1475_(Botticelli)" />
    <dbpprop:works xml:lang="en">The Birth of Venus</dbpprop:works>
    <dbpprop:works rdf:resource="http://dbpedia.org/resource/Primavera_(painting)" />
    <dbpprop:wordnet_type rdf:resource="http://www.w3.org/2006/03/wn/wn20/instances/synset-artist-noun-1" />
    <foaf:givenName xml:lang="en">Sandro</foaf:givenName>
    <foaf:isPrimaryTopicOf rdf:resource="http://en.wikipedia.org/wiki/Sandro_Botticelli" />
    <dc:description xml:lang="en">Florentine painter</dc:description>
    <ns8:wasDerivedFrom rdf:resource="http://en.wikipedia.org/wiki/Sandro_Botticelli?oldid=548547157" />
    <dbpprop:hasPhotoCollection rdf:resource="http://wifo5-03.informatik.uni-mannheim.de/flickrwrappr/photos/Sandro_Botticelli" />
    <foaf:surname xml:lang="en">Botticelli</foaf:surname>
  </rdf:Description>
  <rdf:Description rdf:about="http://dbpedia.org/resource/The_Story_of_Virginia_(Botticelli)">
    <dbpedia-owl:author rdf:resource="http://dbpedia.org/resource/Sandro_Botticelli" />
    <dbpprop:artist rdf:resource="http://dbpedia.org/resource/Sandro_Botticelli" />
  </rdf:Description>
  <rdf:Description rdf:about="http://dbpedia.org/resource/Last_Communion_of_St_Jerome_(Botticelli)">
    <dbpedia-owl:author rdf:resource="http://dbpedia.org/resource/Sandro_Botticelli" />
  </rdf:Description>
  <rdf:Description rdf:about="http://dbpedia.org/resource/The_Mystical_Nativity">
    <dbpedia-owl:author rdf:resource="http://dbpedia.org/resource/Sandro_Botticelli" />
  </rdf:Description>
  <rdf:Description rdf:about="http://dbpedia.org/resource/Virgin_and_Child_with_the_Infant_St._John_the_Baptist_(Botticelli)">
    <dbpedia-owl:author rdf:resource="http://dbpedia.org/resource/Sandro_Botticelli" />
    <dbpprop:artist rdf:resource="http://dbpedia.org/resource/Sandro_Botticelli" />
  </rdf:Description>
  <rdf:Description rdf:about="http://cs.dbpedia.org/resource/Sandro_Botticelli">
    <owl:sameAs rdf:resource="http://dbpedia.org/resource/Sandro_Botticelli" />
  </rdf:Description>
  <rdf:Description rdf:about="http://ja.dbpedia.org/resource/サンドロ・ボッティチェッリ">
    <owl:sameAs rdf:resource="http://dbpedia.org/resource/Sandro_Botticelli" />
  </rdf:Description>
  <rdf:Description rdf:about="http://pl.dbpedia.org/resource/Sandro_Botticelli">
    <owl:sameAs rdf:resource="http://dbpedia.org/resource/Sandro_Botticelli" />
  </rdf:Description>
  <rdf:Description rdf:about="http://dbpedia.org/resource/Baptism_of_St._Zenobius_(Botticelli)">
    <dbpedia-owl:author rdf:resource="http://dbpedia.org/resource/Sandro_Botticelli" />
  </rdf:Description>
  <rdf:Description rdf:about="http://dbpedia.org/resource/Madonna_and_Child_with_an_Angel_(Botticelli)">
    <dbpedia-owl:author rdf:resource="http://dbpedia.org/resource/Sandro_Botticelli" />
  </rdf:Description>
  <rdf:Description rdf:about="http://dbpedia.org/resource/Portrait_of_Giuliano_de&#39;_Medici_(Botticelli,_Berlin)">
    <dbpedia-owl:author rdf:resource="http://dbpedia.org/resource/Sandro_Botticelli" />
  </rdf:Description>
  <rdf:Description rdf:about="http://dbpedia.org/resource/Portrait_of_a_Young_Woman_of_Frankfurt_(Botticelli)">
    <dbpedia-owl:author rdf:resource="http://dbpedia.org/resource/Sandro_Botticelli" />
  </rdf:Description>
  <rdf:Description rdf:about="http://dbpedia.org/resource/Portrait_of_a_Lady_known_as_Esmeralda_Brandini">
    <dbpedia-owl:author rdf:resource="http://dbpedia.org/resource/Sandro_Botticelli" />
    <dbpprop:artist rdf:resource="http://dbpedia.org/resource/Sandro_Botticelli" />
  </rdf:Description>
  <rdf:Description rdf:about="http://dbpedia.org/resource/Holy_Trinity_(Botticelli)">
    <dbpedia-owl:author rdf:resource="http://dbpedia.org/resource/Sandro_Botticelli" />
  </rdf:Description>
  <rdf:Description rdf:about="http://dbpedia.org/resource/Portrait_of_a_Man_with_a_Medal_of_Cosimo_the_Elder">
    <dbpedia-owl:author rdf:resource="http://dbpedia.org/resource/Sandro_Botticelli" />
  </rdf:Description>
  <rdf:Description rdf:about="http://dbpedia.org/resource/Madonna_Adoring_the_Child_with_Five_Angels_(Botticelli)">
    <dbpedia-owl:author rdf:resource="http://dbpedia.org/resource/Sandro_Botticelli" />
  </rdf:Description>
  <rdf:Description rdf:about="http://dbpedia.org/resource/Lamentation_over_the_Dead_Christ_with_Saints_(Botticelli)">
    <dbpedia-owl:author rdf:resource="http://dbpedia.org/resource/Sandro_Botticelli" />
  </rdf:Description>
  <rdf:Description rdf:about="http://dbpedia.org/resource/Sandro_Filipepi">
    <dbpedia-owl:wikiPageRedirects rdf:resource="http://dbpedia.org/resource/Sandro_Botticelli" />
  </rdf:Description>
  <rdf:Description rdf:about="http://dbpedia.org/resource/Bottichelli">
    <dbpedia-owl:wikiPageRedirects rdf:resource="http://dbpedia.org/resource/Sandro_Botticelli" />
  </rdf:Description>
  <rdf:Description rdf:about="http://dbpedia.org/resource/Madonna_in_Glory_with_Seraphim_(Botticelli)">
    <dbpedia-owl:author rdf:resource="http://dbpedia.org/resource/Sandro_Botticelli" />
  </rdf:Description>
  <rdf:Description rdf:about="http://dbpedia.org/resource/Pallas_and_the_Centaur">
    <dbpedia-owl:author rdf:resource="http://dbpedia.org/resource/Sandro_Botticelli" />
  </rdf:Description>
  <rdf:Description rdf:about="http://dbpedia.org/resource/Punishment_of_the_Rebels">
    <dbpedia-owl:author rdf:resource="http://dbpedia.org/resource/Sandro_Botticelli" />
  </rdf:Description>
  <rdf:Description rdf:about="http://dbpedia.org/resource/Temptations_of_Christ_(Botticelli)">
    <dbpedia-owl:author rdf:resource="http://dbpedia.org/resource/Sandro_Botticelli" />
  </rdf:Description>
  <rdf:Description rdf:about="http://dbpedia.org/resource/The_Trials_of_Moses_(Botticelli)">
    <dbpedia-owl:author rdf:resource="http://dbpedia.org/resource/Sandro_Botticelli" />
  </rdf:Description>
  <rdf:Description rdf:about="http://dbpedia.org/resource/Madonna_del_Padiglione_(Botticelli)">
    <dbpedia-owl:author rdf:resource="http://dbpedia.org/resource/Sandro_Botticelli" />
    <dbpprop:artist rdf:resource="http://dbpedia.org/resource/Sandro_Botticelli" />
  </rdf:Description>
  <rdf:Description rdf:about="http://dbpedia.org/resource/Last_Miracle_and_the_Death_of_St._Zenobius_(Botticelli)">
    <dbpedia-owl:author rdf:resource="http://dbpedia.org/resource/Sandro_Botticelli" />
  </rdf:Description>
  <rdf:Description rdf:about="http://dbpedia.org/resource/Madonna_della_Loggia_(Botticelli)">
    <dbpedia-owl:author rdf:resource="http://dbpedia.org/resource/Sandro_Botticelli" />
  </rdf:Description>
  <rdf:Description rdf:about="http://dbpedia.org/resource/The_Birth_of_Venus_(Botticelli)">
    <dbpedia-owl:author rdf:resource="http://dbpedia.org/resource/Sandro_Botticelli" />
  </rdf:Description>
  <rdf:Description rdf:about="http://dbpedia.org/resource/Fortitude_(Botticelli)">
    <dbpedia-owl:author rdf:resource="http://dbpedia.org/resource/Sandro_Botticelli" />
  </rdf:Description>
  <rdf:Description rdf:about="http://dbpedia.org/resource/Portrait_of_a_Young_Man_(Botticelli,_Pitti_Palace)">
    <dbpedia-owl:author rdf:resource="http://dbpedia.org/resource/Sandro_Botticelli" />
  </rdf:Description>
  <rdf:Description rdf:about="http://dbpedia.org/resource/Botticelli">
    <dbpedia-owl:wikiPageRedirects rdf:resource="http://dbpedia.org/resource/Sandro_Botticelli" />
  </rdf:Description>
  <rdf:Description rdf:about="http://dbpedia.org/resource/Alessandro_Botticelli">
    <dbpedia-owl:wikiPageRedirects rdf:resource="http://dbpedia.org/resource/Sandro_Botticelli" />
  </rdf:Description>
  <rdf:Description rdf:about="http://dbpedia.org/resource/Alessandro_di_Mariano_Filipepi">
    <dbpedia-owl:wikiPageRedirects rdf:resource="http://dbpedia.org/resource/Sandro_Botticelli" />
  </rdf:Description>
  <rdf:Description rdf:about="http://dbpedia.org/resource/Madonna_and_Child_(Botticelli,_Avignon)">
    <dbpedia-owl:author rdf:resource="http://dbpedia.org/resource/Sandro_Botticelli" />
  </rdf:Description>
  <rdf:Description rdf:about="http://dbpedia.org/resource/Madonna_of_the_Magnificat">
    <dbpedia-owl:author rdf:resource="http://dbpedia.org/resource/Sandro_Botticelli" />
    <dbpprop:artist rdf:resource="http://dbpedia.org/resource/Sandro_Botticelli" />
  </rdf:Description>
  <rdf:Description rdf:about="http://es.dbpedia.org/resource/Sandro_Botticelli">
    <owl:sameAs rdf:resource="http://dbpedia.org/resource/Sandro_Botticelli" />
  </rdf:Description>
  <rdf:Description rdf:about="http://dbpedia.org/resource/Annunciation_(Botticelli,_Glasgow)">
    <dbpedia-owl:author rdf:resource="http://dbpedia.org/resource/Sandro_Botticelli" />
    <dbpprop:artist rdf:resource="http://dbpedia.org/resource/Sandro_Botticelli" />
  </rdf:Description>
  <rdf:Description rdf:about="http://dbpedia.org/resource/The_Story_of_Lucretia_(Botticelli)">
    <dbpedia-owl:author rdf:resource="http://dbpedia.org/resource/Sandro_Botticelli" />
    <dbpprop:artist rdf:resource="http://dbpedia.org/resource/Sandro_Botticelli" />
  </rdf:Description>
  <rdf:Description rdf:about="http://dbpedia.org/resource/Adoration_of_the_Magi_of_1475_(Botticelli)">
    <dbpedia-owl:author rdf:resource="http://dbpedia.org/resource/Sandro_Botticelli" />
  </rdf:Description>
  <rdf:Description rdf:about="http://dbpedia.org/resource/Calumny_of_Apelles_(Botticelli)">
    <dbpedia-owl:author rdf:resource="http://dbpedia.org/resource/Sandro_Botticelli" />
  </rdf:Description>
  <rdf:Description rdf:about="http://dbpedia.org/resource/Cestello_Annunciation_(Botticelli)">
    <dbpedia-owl:author rdf:resource="http://dbpedia.org/resource/Sandro_Botticelli" />
  </rdf:Description>
  <rdf:Description rdf:about="http://dbpedia.org/resource/Madonna_of_the_Pomegranate">
    <dbpedia-owl:author rdf:resource="http://dbpedia.org/resource/Sandro_Botticelli" />
    <dbpprop:artist rdf:resource="http://dbpedia.org/resource/Sandro_Botticelli" />
  </rdf:Description>
  <rdf:Description rdf:about="http://dbpedia.org/resource/Lamentation_over_the_Dead_Christ_(Botticelli)">
    <dbpedia-owl:author rdf:resource="http://dbpedia.org/resource/Sandro_Botticelli" />
  </rdf:Description>
  <rdf:Description rdf:about="http://dbpedia.org/resource/A_Young_Man_Being_Introduced_to_the_Seven_Liberal_Arts_(Botticelli)">
    <dbpedia-owl:author rdf:resource="http://dbpedia.org/resource/Sandro_Botticelli" />
  </rdf:Description>
  <rdf:Description rdf:about="http://dbpedia.org/resource/Primavera_(painting)">
    <dbpedia-owl:author rdf:resource="http://dbpedia.org/resource/Sandro_Botticelli" />
  </rdf:Description>
  <rdf:Description rdf:about="http://dbpedia.org/resource/Sandro">
    <dbpedia-owl:wikiPageDisambiguates rdf:resource="http://dbpedia.org/resource/Sandro_Botticelli" />
  </rdf:Description>
  <rdf:Description rdf:about="http://de.dbpedia.org/resource/Sandro_Botticelli">
    <owl:sameAs rdf:resource="http://dbpedia.org/resource/Sandro_Botticelli" />
  </rdf:Description>
  <rdf:Description rdf:about="http://fr.dbpedia.org/resource/Sandro_Botticelli">
    <owl:sameAs rdf:resource="http://dbpedia.org/resource/Sandro_Botticelli" />
  </rdf:Description>
  <rdf:Description rdf:about="http://en.wikipedia.org/wiki/Sandro_Botticelli">
    <foaf:primaryTopic rdf:resource="http://dbpedia.org/resource/Sandro_Botticelli" />
  </rdf:Description>
  <rdf:Description rdf:about="http://dbpedia.org/resource/Alessandro_Di_Mariano">
    <dbpedia-owl:wikiPageRedirects rdf:resource="http://dbpedia.org/resource/Sandro_Botticelli" />
  </rdf:Description>
  <rdf:Description rdf:about="http://dbpedia.org/resource/Alessandro_Di_Mariano_Del_Filipepi">
    <dbpedia-owl:wikiPageRedirects rdf:resource="http://dbpedia.org/resource/Sandro_Botticelli" />
  </rdf:Description>
  <rdf:Description rdf:about="http://dbpedia.org/resource/Alessandro_Di_Mariano_Filipepi">
    <dbpedia-owl:wikiPageRedirects rdf:resource="http://dbpedia.org/resource/Sandro_Botticelli" />
  </rdf:Description>
  <rdf:Description rdf:about="http://dbpedia.org/resource/Alessandro_Filipepi">
    <dbpedia-owl:wikiPageRedirects rdf:resource="http://dbpedia.org/resource/Sandro_Botticelli" />
  </rdf:Description>
  <rdf:Description rdf:about="http://dbpedia.org/resource/Allessandro_Botticelli">
    <dbpedia-owl:wikiPageRedirects rdf:resource="http://dbpedia.org/resource/Sandro_Botticelli" />
  </rdf:Description>
  <rdf:Description rdf:about="http://dbpedia.org/resource/Boticelli">
    <dbpedia-owl:wikiPageRedirects rdf:resource="http://dbpedia.org/resource/Sandro_Botticelli" />
  </rdf:Description>
  <rdf:Description rdf:about="http://dbpedia.org/resource/Botticello">
    <dbpedia-owl:wikiPageRedirects rdf:resource="http://dbpedia.org/resource/Sandro_Botticelli" />
  </rdf:Description>
  <rdf:Description rdf:about="http://dbpedia.org/resource/Di_Mariano">
    <dbpedia-owl:wikiPageRedirects rdf:resource="http://dbpedia.org/resource/Sandro_Botticelli" />
  </rdf:Description>
  <rdf:Description rdf:about="http://dbpedia.org/resource/Di_Vanni">
    <dbpedia-owl:wikiPageRedirects rdf:resource="http://dbpedia.org/resource/Sandro_Botticelli" />
  </rdf:Description>
  <rdf:Description rdf:about="http://dbpedia.org/resource/Filipepi">
    <dbpedia-owl:wikiPageRedirects rdf:resource="http://dbpedia.org/resource/Sandro_Botticelli" />
  </rdf:Description>
  <rdf:Description rdf:about="http://dbpedia.org/resource/Il_Botticello">
    <dbpedia-owl:wikiPageRedirects rdf:resource="http://dbpedia.org/resource/Sandro_Botticelli" />
  </rdf:Description>
  <rdf:Description rdf:about="http://dbpedia.org/resource/Little_Barrel">
    <dbpedia-owl:wikiPageRedirects rdf:resource="http://dbpedia.org/resource/Sandro_Botticelli" />
  </rdf:Description>
  <rdf:Description rdf:about="http://dbpedia.org/resource/The_Little_Barrel">
    <dbpedia-owl:wikiPageRedirects rdf:resource="http://dbpedia.org/resource/Sandro_Botticelli" />
  </rdf:Description>
  <rdf:Description rdf:about="http://dbpedia.org/resource/Botticelli_(crater)">
    <dbpprop:eponym rdf:resource="http://dbpedia.org/resource/Sandro_Botticelli" />
  </rdf:Description>
  <rdf:Description rdf:about="http://dbpedia.org/resource/Botticelli_(disambiguation)">
    <dbpedia-owl:wikiPageDisambiguates rdf:resource="http://dbpedia.org/resource/Sandro_Botticelli" />
  </rdf:Description>
  <rdf:Description rdf:about="http://el.dbpedia.org/resource/Σάντρο_Μποττιτσέλλι">
    <owl:sameAs rdf:resource="http://dbpedia.org/resource/Sandro_Botticelli" />
  </rdf:Description>
  <rdf:Description rdf:about="http://nl.dbpedia.org/resource/Sandro_Botticelli">
    <owl:sameAs rdf:resource="http://dbpedia.org/resource/Sandro_Botticelli" />
  </rdf:Description>
  <rdf:Description rdf:about="http://eu.dbpedia.org/resource/Sandro_Botticelli">
    <owl:sameAs rdf:resource="http://dbpedia.org/resource/Sandro_Botticelli" />
  </rdf:Description>
  <rdf:Description rdf:about="http://dbpedia.org/resource/Saint_Augustine_in_His_Study_(Botticelli,_Uffizi)">
    <dbpedia-owl:author rdf:resource="http://dbpedia.org/resource/Sandro_Botticelli" />
  </rdf:Description>
  <rdf:Description rdf:about="http://dbpedia.org/resource/Saint_Augustine_in_His_Study_(Botticelli,_Ognissanti)">
    <dbpedia-owl:author rdf:resource="http://dbpedia.org/resource/Sandro_Botticelli" />
    <dbpprop:artist rdf:resource="http://dbpedia.org/resource/Sandro_Botticelli" />
  </rdf:Description>
  <rdf:Description rdf:about="http://dbpedia.org/resource/Venus_and_the_Three_Graces_Presenting_Gifts_to_a_Young_Woman">
    <dbpedia-owl:author rdf:resource="http://dbpedia.org/resource/Sandro_Botticelli" />
  </rdf:Description>
  <rdf:Description rdf:about="http://wikidata.dbpedia.org/resource/Q5669">
    <owl:sameAs rdf:resource="http://dbpedia.org/resource/Sandro_Botticelli" />
  </rdf:Description>
  <rdf:Description rdf:about="http://zh.dbpedia.org/resource/桑德罗·波提切利">
    <owl:sameAs rdf:resource="http://dbpedia.org/resource/Sandro_Botticelli" />
  </rdf:Description>
  <rdf:Description rdf:about="http://af.dbpedia.org/resource/Sandro_Botticelli">
    <owl:sameAs rdf:resource="http://dbpedia.org/resource/Sandro_Botticelli" />
  </rdf:Description>
  <rdf:Description rdf:about="http://ar.dbpedia.org/resource/ساندرو_بوتيتشيلي">
    <owl:sameAs rdf:resource="http://dbpedia.org/resource/Sandro_Botticelli" />
  </rdf:Description>
  <rdf:Description rdf:about="http://az.dbpedia.org/resource/Sandro_Botiçelli">
    <owl:sameAs rdf:resource="http://dbpedia.org/resource/Sandro_Botticelli" />
  </rdf:Description>
  <rdf:Description rdf:about="http://be.dbpedia.org/resource/Сандра_Бацічэлі">
    <owl:sameAs rdf:resource="http://dbpedia.org/resource/Sandro_Botticelli" />
  </rdf:Description>
  <rdf:Description rdf:about="http://bg.dbpedia.org/resource/Сандро_Ботичели">
    <owl:sameAs rdf:resource="http://dbpedia.org/resource/Sandro_Botticelli" />
  </rdf:Description>
  <rdf:Description rdf:about="http://br.dbpedia.org/resource/Sandro_Botticelli">
    <owl:sameAs rdf:resource="http://dbpedia.org/resource/Sandro_Botticelli" />
  </rdf:Description>
  <rdf:Description rdf:about="http://bs.dbpedia.org/resource/Sandro_Botticelli">
    <owl:sameAs rdf:resource="http://dbpedia.org/resource/Sandro_Botticelli" />
  </rdf:Description>
  <rdf:Description rdf:about="http://ca.dbpedia.org/resource/Sandro_Botticelli">
    <owl:sameAs rdf:resource="http://dbpedia.org/resource/Sandro_Botticelli" />
  </rdf:Description>
  <rdf:Description rdf:about="http://cy.dbpedia.org/resource/Sandro_Botticelli">
    <owl:sameAs rdf:resource="http://dbpedia.org/resource/Sandro_Botticelli" />
  </rdf:Description>
  <rdf:Description rdf:about="http://da.dbpedia.org/resource/Sandro_Botticelli">
    <owl:sameAs rdf:resource="http://dbpedia.org/resource/Sandro_Botticelli" />
  </rdf:Description>
  <rdf:Description rdf:about="http://eo.dbpedia.org/resource/Sandro_Botticelli">
    <owl:sameAs rdf:resource="http://dbpedia.org/resource/Sandro_Botticelli" />
  </rdf:Description>
  <rdf:Description rdf:about="http://et.dbpedia.org/resource/Sandro_Botticelli">
    <owl:sameAs rdf:resource="http://dbpedia.org/resource/Sandro_Botticelli" />
  </rdf:Description>
  <rdf:Description rdf:about="http://fa.dbpedia.org/resource/ساندرو_بوتیچلی">
    <owl:sameAs rdf:resource="http://dbpedia.org/resource/Sandro_Botticelli" />
  </rdf:Description>
  <rdf:Description rdf:about="http://fi.dbpedia.org/resource/Sandro_Botticelli">
    <owl:sameAs rdf:resource="http://dbpedia.org/resource/Sandro_Botticelli" />
  </rdf:Description>
  <rdf:Description rdf:about="http://ga.dbpedia.org/resource/Sandro_Botticelli">
    <owl:sameAs rdf:resource="http://dbpedia.org/resource/Sandro_Botticelli" />
  </rdf:Description>
  <rdf:Description rdf:about="http://gl.dbpedia.org/resource/Sandro_Botticelli">
    <owl:sameAs rdf:resource="http://dbpedia.org/resource/Sandro_Botticelli" />
  </rdf:Description>
  <rdf:Description rdf:about="http://he.dbpedia.org/resource/סנדרו_בוטיצ&#39;לי">
    <owl:sameAs rdf:resource="http://dbpedia.org/resource/Sandro_Botticelli" />
  </rdf:Description>
  <rdf:Description rdf:about="http://hr.dbpedia.org/resource/Sandro_Botticelli">
    <owl:sameAs rdf:resource="http://dbpedia.org/resource/Sandro_Botticelli" />
  </rdf:Description>
  <rdf:Description rdf:about="http://hu.dbpedia.org/resource/Sandro_Botticelli">
    <owl:sameAs rdf:resource="http://dbpedia.org/resource/Sandro_Botticelli" />
  </rdf:Description>
  <rdf:Description rdf:about="http://hy.dbpedia.org/resource/Սանդրո_Բոտիչելլի">
    <owl:sameAs rdf:resource="http://dbpedia.org/resource/Sandro_Botticelli" />
  </rdf:Description>
  <rdf:Description rdf:about="http://id.dbpedia.org/resource/Sandro_Botticelli">
    <owl:sameAs rdf:resource="http://dbpedia.org/resource/Sandro_Botticelli" />
  </rdf:Description>
  <rdf:Description rdf:about="http://io.dbpedia.org/resource/Sandro_Botticelli">
    <owl:sameAs rdf:resource="http://dbpedia.org/resource/Sandro_Botticelli" />
  </rdf:Description>
  <rdf:Description rdf:about="http://is.dbpedia.org/resource/Sandro_Botticelli">
    <owl:sameAs rdf:resource="http://dbpedia.org/resource/Sandro_Botticelli" />
  </rdf:Description>
  <rdf:Description rdf:about="http://ka.dbpedia.org/resource/სანდრო_ბოტიჩელი">
    <owl:sameAs rdf:resource="http://dbpedia.org/resource/Sandro_Botticelli" />
  </rdf:Description>
  <rdf:Description rdf:about="http://kk.dbpedia.org/resource/Сандро_Боттичелли">
    <owl:sameAs rdf:resource="http://dbpedia.org/resource/Sandro_Botticelli" />
  </rdf:Description>
  <rdf:Description rdf:about="http://la.dbpedia.org/resource/Alexander_Botticelli">
    <owl:sameAs rdf:resource="http://dbpedia.org/resource/Sandro_Botticelli" />
  </rdf:Description>
  <rdf:Description rdf:about="http://lb.dbpedia.org/resource/Sandro_Botticelli">
    <owl:sameAs rdf:resource="http://dbpedia.org/resource/Sandro_Botticelli" />
  </rdf:Description>
  <rdf:Description rdf:about="http://lt.dbpedia.org/resource/Sandro_Botticelli">
    <owl:sameAs rdf:resource="http://dbpedia.org/resource/Sandro_Botticelli" />
  </rdf:Description>
  <rdf:Description rdf:about="http://lv.dbpedia.org/resource/Sandro_Botičelli">
    <owl:sameAs rdf:resource="http://dbpedia.org/resource/Sandro_Botticelli" />
  </rdf:Description>
  <rdf:Description rdf:about="http://mk.dbpedia.org/resource/Сандро_Ботичели">
    <owl:sameAs rdf:resource="http://dbpedia.org/resource/Sandro_Botticelli" />
  </rdf:Description>
  <rdf:Description rdf:about="http://mr.dbpedia.org/resource/सांद्रो_बोत्तिचेल्ली">
    <owl:sameAs rdf:resource="http://dbpedia.org/resource/Sandro_Botticelli" />
  </rdf:Description>
  <rdf:Description rdf:about="http://nap.dbpedia.org/resource/Sandro_Botticelli">
    <owl:sameAs rdf:resource="http://dbpedia.org/resource/Sandro_Botticelli" />
  </rdf:Description>
  <rdf:Description rdf:about="http://nn.dbpedia.org/resource/Sandro_Botticelli">
    <owl:sameAs rdf:resource="http://dbpedia.org/resource/Sandro_Botticelli" />
  </rdf:Description>
  <rdf:Description rdf:about="http://no.dbpedia.org/resource/Sandro_Botticelli">
    <owl:sameAs rdf:resource="http://dbpedia.org/resource/Sandro_Botticelli" />
  </rdf:Description>
  <rdf:Description rdf:about="http://oc.dbpedia.org/resource/Sandro_Botticelli">
    <owl:sameAs rdf:resource="http://dbpedia.org/resource/Sandro_Botticelli" />
  </rdf:Description>
  <rdf:Description rdf:about="http://qu.dbpedia.org/resource/Sandro_Botticelli">
    <owl:sameAs rdf:resource="http://dbpedia.org/resource/Sandro_Botticelli" />
  </rdf:Description>
  <rdf:Description rdf:about="http://ro.dbpedia.org/resource/Sandro_Botticelli">
    <owl:sameAs rdf:resource="http://dbpedia.org/resource/Sandro_Botticelli" />
  </rdf:Description>
  <rdf:Description rdf:about="http://scn.dbpedia.org/resource/Sandru_Botticelli">
    <owl:sameAs rdf:resource="http://dbpedia.org/resource/Sandro_Botticelli" />
  </rdf:Description>
  <rdf:Description rdf:about="http://sh.dbpedia.org/resource/Sandro_Botticelli">
    <owl:sameAs rdf:resource="http://dbpedia.org/resource/Sandro_Botticelli" />
  </rdf:Description>
  <rdf:Description rdf:about="http://simple.dbpedia.org/resource/Sandro_Botticelli">
    <owl:sameAs rdf:resource="http://dbpedia.org/resource/Sandro_Botticelli" />
  </rdf:Description>
  <rdf:Description rdf:about="http://sk.dbpedia.org/resource/Sandro_Botticelli">
    <owl:sameAs rdf:resource="http://dbpedia.org/resource/Sandro_Botticelli" />
  </rdf:Description>
  <rdf:Description rdf:about="http://sl.dbpedia.org/resource/Sandro_Botticelli">
    <owl:sameAs rdf:resource="http://dbpedia.org/resource/Sandro_Botticelli" />
  </rdf:Description>
  <rdf:Description rdf:about="http://sq.dbpedia.org/resource/Sandro_Botticelli">
    <owl:sameAs rdf:resource="http://dbpedia.org/resource/Sandro_Botticelli" />
  </rdf:Description>
  <rdf:Description rdf:about="http://sr.dbpedia.org/resource/Сандро_Ботичели">
    <owl:sameAs rdf:resource="http://dbpedia.org/resource/Sandro_Botticelli" />
  </rdf:Description>
  <rdf:Description rdf:about="http://sv.dbpedia.org/resource/Sandro_Botticelli">
    <owl:sameAs rdf:resource="http://dbpedia.org/resource/Sandro_Botticelli" />
  </rdf:Description>
  <rdf:Description rdf:about="http://th.dbpedia.org/resource/ซันโดร_บอตตีเชลลี">
    <owl:sameAs rdf:resource="http://dbpedia.org/resource/Sandro_Botticelli" />
  </rdf:Description>
  <rdf:Description rdf:about="http://tr.dbpedia.org/resource/Sandro_Botticelli">
    <owl:sameAs rdf:resource="http://dbpedia.org/resource/Sandro_Botticelli" />
  </rdf:Description>
  <rdf:Description rdf:about="http://uk.dbpedia.org/resource/Сандро_Боттічеллі">
    <owl:sameAs rdf:resource="http://dbpedia.org/resource/Sandro_Botticelli" />
  </rdf:Description>
  <rdf:Description rdf:about="http://vi.dbpedia.org/resource/Sandro_Botticelli">
    <owl:sameAs rdf:resource="http://dbpedia.org/resource/Sandro_Botticelli" />
  </rdf:Description>
  <rdf:Description rdf:about="http://war.dbpedia.org/resource/Sandro_Botticelli">
    <owl:sameAs rdf:resource="http://dbpedia.org/resource/Sandro_Botticelli" />
  </rdf:Description>
  <rdf:Description rdf:about="http://be_x_old.dbpedia.org/resource/Сандра_Батычэльлі">
    <owl:sameAs rdf:resource="http://dbpedia.org/resource/Sandro_Botticelli" />
  </rdf:Description>
  <rdf:Description rdf:about="http://bo.dbpedia.org/resource/སན་ཌོ་པའོ་ཊི་ཅེ་ལི།">
    <owl:sameAs rdf:resource="http://dbpedia.org/resource/Sandro_Botticelli" />
  </rdf:Description>
  <rdf:Description rdf:about="http://ext.dbpedia.org/resource/Sandro_Botticelli">
    <owl:sameAs rdf:resource="http://dbpedia.org/resource/Sandro_Botticelli" />
  </rdf:Description>
  <rdf:Description rdf:about="http://fur.dbpedia.org/resource/Sandri_Botticelli">
    <owl:sameAs rdf:resource="http://dbpedia.org/resource/Sandro_Botticelli" />
  </rdf:Description>
  <rdf:Description rdf:about="http://srn.dbpedia.org/resource/Sandro_Botticelli">
    <owl:sameAs rdf:resource="http://dbpedia.org/resource/Sandro_Botticelli" />
  </rdf:Description>
  <rdf:Description rdf:about="http://vls.dbpedia.org/resource/Sandro_Botticelli">
    <owl:sameAs rdf:resource="http://dbpedia.org/resource/Sandro_Botticelli" />
  </rdf:Description>
  <rdf:Description rdf:about="http://vo.dbpedia.org/resource/Sandro_Botticelli">
    <owl:sameAs rdf:resource="http://dbpedia.org/resource/Sandro_Botticelli" />
  </rdf:Description>
</rdf:RDF>
