<?xml version="1.0" encoding="utf-8" ?>
<rdf:RDF
	xmlns:rdf="http://www.w3.org/1999/02/22-rdf-syntax-ns#"
	xmlns:rdfs="http://www.w3.org/2000/01/rdf-schema#"
	xmlns:owl="http://www.w3.org/2002/07/owl#"
	xmlns:dcterms="http://purl.org/dc/terms/"
	xmlns:dbpedia-owl="http://dbpedia.org/ontology/"
	xmlns:foaf="http://xmlns.com/foaf/0.1/"
	xmlns:dbpprop="http://dbpedia.org/property/"
	xmlns:dc="http://purl.org/dc/elements/1.1/"
	xmlns:ns8="http://www.w3.org/ns/prov#" >
  <rdf:Description rdf:about="http://dbpedia.org/resource/T._E._Breitenbach">
    <rdf:type rdf:resource="http://dbpedia.org/class/yago/Whole100003553" />
    <rdf:type rdf:resource="http://dbpedia.org/class/yago/Painter110391653" />
    <rdf:type rdf:resource="http://dbpedia.org/class/yago/Gambler110118844" />
    <rdf:type rdf:resource="http://dbpedia.org/class/yago/Object100002684" />
    <rdf:type rdf:resource="http://dbpedia.org/class/yago/CausalAgent100007347" />
    <rdf:type rdf:resource="http://dbpedia.org/class/yago/Organism100004475" />
    <rdf:type rdf:resource="http://dbpedia.org/class/yago/YagoLegalActor" />
    <rdf:type rdf:resource="http://dbpedia.org/class/yago/PeopleFromQueens" />
    <rdf:type rdf:resource="http://dbpedia.org/class/yago/Creator109614315" />
    <rdf:type rdf:resource="http://dbpedia.org/ontology/Artist" />
    <rdf:type rdf:resource="http://dbpedia.org/ontology/Agent" />
    <rdf:type rdf:resource="http://dbpedia.org/class/yago/Person100007846" />
    <rdf:type rdf:resource="http://dbpedia.org/class/yago/LivingPeople" />
    <rdf:type rdf:resource="http://dbpedia.org/ontology/Person" />
    <rdf:type rdf:resource="http://dbpedia.org/class/yago/AmericanPainters" />
    <rdf:type rdf:resource="http://dbpedia.org/class/yago/Winner110782791" />
    <rdf:type rdf:resource="http://dbpedia.org/class/yago/PrizeWinner109627807" />
    <rdf:type rdf:resource="http://dbpedia.org/class/yago/Artist109812338" />
    <rdf:type rdf:resource="http://dbpedia.org/class/yago/YagoLegalActorGeo" />
    <rdf:type rdf:resource="http://dbpedia.org/class/yago/PhysicalEntity100001930" />
    <rdf:type rdf:resource="http://www.w3.org/2002/07/owl#Thing" />
    <rdf:type rdf:resource="http://xmlns.com/foaf/0.1/Person" />
    <rdf:type rdf:resource="http://dbpedia.org/class/yago/LivingThing100004258" />
    <rdf:type rdf:resource="http://dbpedia.org/class/yago/ArtistsFromNewYorkCity" />
    <rdf:type rdf:resource="http://dbpedia.org/class/yago/RomePrizeWinners" />
    <rdf:type rdf:resource="http://schema.org/Person" />
    <owl:sameAs rdf:resource="http://dbpedia.org/resource/T._E._Breitenbach" />
    <owl:sameAs rdf:resource="http://rdf.freebase.com/ns/m.04_0995" />
    <owl:sameAs rdf:resource="http://www.wikidata.org/entity/Q7668217" />
    <owl:sameAs rdf:resource="http://yago-knowledge.org/resource/T._E._Breitenbach" />
    <dcterms:subject rdf:resource="http://dbpedia.org/resource/Category:American_painters" />
    <dcterms:subject rdf:resource="http://dbpedia.org/resource/Category:Living_people" />
    <dcterms:subject rdf:resource="http://dbpedia.org/resource/Category:Artists_from_New_York_City" />
    <dcterms:subject rdf:resource="http://dbpedia.org/resource/Category:1951_births" />
    <dcterms:subject rdf:resource="http://dbpedia.org/resource/Category:Rome_Prize_winners" />
    <dcterms:subject rdf:resource="http://dbpedia.org/resource/Category:University_of_Notre_Dame_alumni" />
    <dcterms:subject rdf:resource="http://dbpedia.org/resource/Category:People_from_Queens" />
    <dbpedia-owl:abstract xml:lang="en">Thomas E. Breitenbach (born July 29, 1951 in Queens, New York) is a self-taught American artist best known for his painting Proverbidioms, a raucous and comical depiction of over 300 common proverbs and clichés. He also collaborated with Jim Morrison of The Doors, shortly before Morrison&#39;s death, on a painting intended for use on his An American Prayer album. Breitenbach studied architecture and fine arts (in an independent study program) at the University of Notre Dame, before leaving to become the youngest person to receive the Rome Prize Fellowship in visual arts. Breitenbach declined the second year of the fellowship and, inspired by the castles and museums of Europe, returned home determined to build a castle-studio to house his art and eventually become a museum. During the planning stages he painted Proverbidioms and later published it.</dbpedia-owl:abstract>
    <dbpedia-owl:award rdf:resource="http://dbpedia.org/resource/Rome_Prize" />
    <dbpedia-owl:birthDate rdf:datatype="http://www.w3.org/2001/XMLSchema#date">1951-07-29</dbpedia-owl:birthDate>
    <dbpedia-owl:birthPlace rdf:resource="http://dbpedia.org/resource/Queens" />
    <dbpedia-owl:field rdf:resource="http://dbpedia.org/resource/Painting" />
    <dbpedia-owl:nationality rdf:resource="http://dbpedia.org/resource/United_States" />
    <dbpedia-owl:wikiPageID rdf:datatype="http://www.w3.org/2001/XMLSchema#integer">20275942</dbpedia-owl:wikiPageID>
    <dbpedia-owl:wikiPageRevisionID rdf:datatype="http://www.w3.org/2001/XMLSchema#integer">480941283</dbpedia-owl:wikiPageRevisionID>
    <rdfs:label xml:lang="en">T. E. Breitenbach</rdfs:label>
    <foaf:depiction rdf:resource="http://upload.wikimedia.org/wikipedia/commons/7/77/TEBreitenbachPortrait.jpg" />
    <rdfs:comment xml:lang="en">Thomas E. Breitenbach (born July 29, 1951 in Queens, New York) is a self-taught American artist best known for his painting Proverbidioms, a raucous and comical depiction of over 300 common proverbs and clichés. He also collaborated with Jim Morrison of The Doors, shortly before Morrison&#39;s death, on a painting intended for use on his An American Prayer album.</rdfs:comment>
    <foaf:name xml:lang="en">T. E. Breitenbach</foaf:name>
    <foaf:name xml:lang="en">Thomas E. Breitenbach</foaf:name>
    <dbpedia-owl:thumbnail rdf:resource="http://upload.wikimedia.org/wikipedia/commons/thumb/7/77/TEBreitenbachPortrait.jpg/200px-TEBreitenbachPortrait.jpg" />
    <dbpedia-owl:wikiPageExternalLink rdf:resource="http://tebreitenbach.com/gallery/pictureofhealth.htm" />
    <dbpedia-owl:wikiPageExternalLink rdf:resource="http://tebreitenbach.com/gallery/the%20artist.htm" />
    <dbpedia-owl:wikiPageExternalLink rdf:resource="http://tebreitenbach.com/musicals/musicals.htm" />
    <dbpedia-owl:wikiPageExternalLink rdf:resource="http://tebreitenbach.com/archives/index.htm" />
    <dbpedia-owl:wikiPageExternalLink rdf:resource="http://tebreitenbach.com/gallery/eats.htm" />
    <dbpedia-owl:wikiPageExternalLink rdf:resource="http://tebreitenbach.com/gallery/morrisontrip.htm" />
    <dbpedia-owl:wikiPageExternalLink rdf:resource="http://tebreitenbach.com/gallery/mythofthecave.htm" />
    <dbpedia-owl:wikiPageExternalLink rdf:resource="http://tebreitenbach.com/gallery/wings.htm" />
    <dbpedia-owl:wikiPageExternalLink rdf:resource="http://www.tebreitenbach.com/morrisonletter.htm" />
    <dbpedia-owl:wikiPageExternalLink rdf:resource="http://tebreitenbach.com/gallery/muchruins.htm" />
    <dbpedia-owl:wikiPageExternalLink rdf:resource="http://tebreitenbach.com/gallery/proverbs4.htm" />
    <dbpedia-owl:wikiPageExternalLink rdf:resource="http://tebreitenbach.com/gallery/ultimate.htm" />
    <dbpedia-owl:wikiPageExternalLink rdf:resource="http://tebreitenbach.com/gallery/sporttease.htm" />
    <dbpedia-owl:wikiPageExternalLink rdf:resource="http://tebreitenbach.com/gallery/thingsofthegarden-o.htm" />
    <dbpedia-owl:wikiPageExternalLink rdf:resource="http://tebreitenbach.com/morrison.htm" />
    <dbpedia-owl:wikiPageExternalLink rdf:resource="http://tebreitenbach.com/store" />
    <dbpedia-owl:wikiPageExternalLink rdf:resource="http://tebreitenbach.com/gallery/knowasarc.htm" />
    <dbpedia-owl:wikiPageExternalLink rdf:resource="http://tebreitenbach.com/gallery/proverbs-o.htm" />
    <dbpedia-owl:wikiPageExternalLink rdf:resource="http://tebreitenbach.com/gallery/misusedcupid.htm" />
    <dbpedia-owl:wikiPageExternalLink rdf:resource="http://tebreitenbach.com/gallery/shakespearience-o.htm" />
    <dbpedia-owl:wikiPageExternalLink rdf:resource="http://tebreitenbach.com/gallery/temptations.htm" />
    <dbpedia-owl:wikiPageExternalLink rdf:resource="http://tebreitenbach.com/gallery/proverbs2-o.htm" />
    <dbpedia-owl:wikiPageExternalLink rdf:resource="http://tebreitenbach.com/gallery/catchpenny.htm" />
    <dbpedia-owl:wikiPageExternalLink rdf:resource="http://tebreitenbach.com/gallery/crucifixion.htm" />
    <dbpedia-owl:wikiPageExternalLink rdf:resource="http://tebreitenbach.com/gallery/housecalls.htm" />
    <dbpedia-owl:wikiPageExternalLink rdf:resource="http://tebreitenbach.com/archives/articles/Von_Brueghel_bis_Breitenbach.pdf" />
    <dbpedia-owl:wikiPageExternalLink rdf:resource="http://tebreitenbach.com/archives/catalogue.htm" />
    <dbpedia-owl:wikiPageExternalLink rdf:resource="http://tebreitenbach.com/av/youtube-all.htm" />
    <dbpedia-owl:wikiPageExternalLink rdf:resource="http://tebreitenbach.com/breitenbach.htm#proverbidioms" />
    <dbpedia-owl:wikiPageExternalLink rdf:resource="http://proverbidioms.com" />
    <dbpprop:awards rdf:resource="http://dbpedia.org/resource/Rome_Prize" />
    <dbpprop:bgcolour xml:lang="en">#99DD99</dbpprop:bgcolour>
    <dbpprop:birthDate rdf:datatype="http://www.w3.org/2001/XMLSchema#date">1951-07-29</dbpprop:birthDate>
    <dbpprop:birthName xml:lang="en">Thomas E. Breitenbach</dbpprop:birthName>
    <dbpprop:birthPlace rdf:resource="http://dbpedia.org/resource/United_States" />
    <dbpprop:birthPlace rdf:resource="http://dbpedia.org/resource/Queens" />
    <dbpprop:dateOfBirth rdf:datatype="http://www.w3.org/2001/XMLSchema#date">1951-07-29</dbpprop:dateOfBirth>
    <dbpprop:field rdf:resource="http://dbpedia.org/resource/Painting" />
    <dbpprop:imagesize rdf:datatype="http://www.w3.org/2001/XMLSchema#integer">200</dbpprop:imagesize>
    <dbpprop:name xml:lang="en">Breitenbach, Thomas E.</dbpprop:name>
    <dbpprop:name xml:lang="en">T. E. Breitenbach</dbpprop:name>
    <dbpprop:nationality xml:lang="en">American</dbpprop:nationality>
    <dbpprop:placeOfBirth rdf:resource="http://dbpedia.org/resource/Queens" />
    <dbpprop:shortDescription xml:lang="en">American artist</dbpprop:shortDescription>
    <dbpprop:training xml:lang="en">Self-taught</dbpprop:training>
    <foaf:givenName xml:lang="en">Thomas E.</foaf:givenName>
    <foaf:isPrimaryTopicOf rdf:resource="http://en.wikipedia.org/wiki/T._E._Breitenbach" />
    <dc:description xml:lang="en">American artist</dc:description>
    <ns8:wasDerivedFrom rdf:resource="http://en.wikipedia.org/wiki/T._E._Breitenbach?oldid=480941283" />
    <dbpprop:hasPhotoCollection rdf:resource="http://wifo5-03.informatik.uni-mannheim.de/flickrwrappr/photos/T._E._Breitenbach" />
    <foaf:surname xml:lang="en">Breitenbach</foaf:surname>
  </rdf:Description>
  <rdf:Description rdf:about="http://dbpedia.org/resource/Breitenbach">
    <dbpedia-owl:wikiPageDisambiguates rdf:resource="http://dbpedia.org/resource/T._E._Breitenbach" />
  </rdf:Description>
  <rdf:Description rdf:about="http://dbpedia.org/resource/The_Jim_Morrison_Triptych">
    <dbpedia-owl:author rdf:resource="http://dbpedia.org/resource/T._E._Breitenbach" />
    <dbpprop:artist rdf:resource="http://dbpedia.org/resource/T._E._Breitenbach" />
  </rdf:Description>
  <rdf:Description rdf:about="http://en.wikipedia.org/wiki/T._E._Breitenbach">
    <foaf:primaryTopic rdf:resource="http://dbpedia.org/resource/T._E._Breitenbach" />
  </rdf:Description>
  <rdf:Description rdf:about="http://wikidata.dbpedia.org/resource/Q7668217">
    <owl:sameAs rdf:resource="http://dbpedia.org/resource/T._E._Breitenbach" />
  </rdf:Description>
</rdf:RDF>
