<?xml version="1.0" encoding="utf-8" ?>
<rdf:RDF
	xmlns:rdf="http://www.w3.org/1999/02/22-rdf-syntax-ns#"
	xmlns:rdfs="http://www.w3.org/2000/01/rdf-schema#"
	xmlns:owl="http://www.w3.org/2002/07/owl#"
	xmlns:dcterms="http://purl.org/dc/terms/"
	xmlns:dbpedia-owl="http://dbpedia.org/ontology/"
	xmlns:foaf="http://xmlns.com/foaf/0.1/"
	xmlns:dbpprop="http://dbpedia.org/property/"
	xmlns:dc="http://purl.org/dc/elements/1.1/"
	xmlns:ns8="http://www.w3.org/ns/prov#" >
  <rdf:Description rdf:about="http://dbpedia.org/resource/Th%C3%A9odore">
    <dbpedia-owl:wikiPageDisambiguates rdf:resource="http://dbpedia.org/resource/Th%C3%A9odore_G%C3%A9ricault" />
  </rdf:Description>
  <rdf:Description rdf:about="http://dbpedia.org/resource/Insane_Woman">
    <dbpedia-owl:author rdf:resource="http://dbpedia.org/resource/Th%C3%A9odore_G%C3%A9ricault" />
    <dbpprop:artist rdf:resource="http://dbpedia.org/resource/Th%C3%A9odore_G%C3%A9ricault" />
  </rdf:Description>
  <rdf:Description rdf:about="http://dbpedia.org/resource/Th%C3%A9odore_G%C3%A9ricault">
    <rdf:type rdf:resource="http://dbpedia.org/class/yago/AlumniOfThe%C3%89coleDesBeaux-Arts" />
    <rdf:type rdf:resource="http://dbpedia.org/class/yago/PeopleFromRouen" />
    <rdf:type rdf:resource="http://dbpedia.org/ontology/Artist" />
    <rdf:type rdf:resource="http://dbpedia.org/ontology/Agent" />
    <rdf:type rdf:resource="http://dbpedia.org/class/yago/Artist109812338" />
    <rdf:type rdf:resource="http://dbpedia.org/ontology/Person" />
    <rdf:type rdf:resource="http://dbpedia.org/class/yago/Person100007846" />
    <rdf:type rdf:resource="http://www.w3.org/2002/07/owl#Thing" />
    <rdf:type rdf:resource="http://umbel.org/umbel/rc/Artist" />
    <rdf:type rdf:resource="http://dbpedia.org/class/yago/FrenchPrintmakers" />
    <rdf:type rdf:resource="http://umbel.org/umbel/rc/PersonWithOccupation" />
    <rdf:type rdf:resource="http://dbpedia.org/class/yago/Alumnus109786338" />
    <rdf:type rdf:resource="http://dbpedia.org/class/yago/CausalAgent100007347" />
    <rdf:type rdf:resource="http://dbpedia.org/class/yago/Organism100004475" />
    <rdf:type rdf:resource="http://dbpedia.org/class/yago/YagoLegalActor" />
    <rdf:type rdf:resource="http://dbpedia.org/class/yago/Scholar110557854" />
    <rdf:type rdf:resource="http://dbpedia.org/class/yago/YagoLegalActorGeo" />
    <rdf:type rdf:resource="http://dbpedia.org/class/yago/Painter110391653" />
    <rdf:type rdf:resource="http://xmlns.com/foaf/0.1/Person" />
    <rdf:type rdf:resource="http://dbpedia.org/class/yago/Printmaker110475687" />
    <rdf:type rdf:resource="http://dbpedia.org/class/yago/Object100002684" />
    <rdf:type rdf:resource="http://dbpedia.org/class/yago/Whole100003553" />
    <rdf:type rdf:resource="http://dbpedia.org/class/yago/LivingThing100004258" />
    <rdf:type rdf:resource="http://dbpedia.org/class/yago/PhysicalEntity100001930" />
    <rdf:type rdf:resource="http://dbpedia.org/class/yago/Intellectual109621545" />
    <rdf:type rdf:resource="http://dbpedia.org/class/yago/Lyc%C3%A9eLouis-le-GrandAlumni" />
    <rdf:type rdf:resource="http://schema.org/Person" />
    <rdf:type rdf:resource="http://dbpedia.org/class/yago/FrenchRomanticPainters" />
    <rdf:type rdf:resource="http://dbpedia.org/class/yago/Creator109614315" />
    <owl:sameAs rdf:resource="http://el.dbpedia.org/resource/Ζαν-Λουί-Τεοντόρ_Ζερικώ" />
    <owl:sameAs rdf:resource="http://nl.dbpedia.org/resource/Théodore_Géricault" />
    <owl:sameAs rdf:resource="http://cs.dbpedia.org/resource/Théodore_Géricault" />
    <owl:sameAs rdf:resource="http://it.dbpedia.org/resource/Théodore_Géricault" />
    <owl:sameAs rdf:resource="http://fr.dbpedia.org/resource/Théodore_Géricault" />
    <owl:sameAs rdf:resource="http://es.dbpedia.org/resource/Théodore_Géricault" />
    <owl:sameAs rdf:resource="http://rdf.freebase.com/ns/m.02k2xv" />
    <owl:sameAs rdf:resource="http://ko.dbpedia.org/resource/테오도르_제리코" />
    <owl:sameAs rdf:resource="http://www.wikidata.org/entity/Q184212" />
    <owl:sameAs rdf:resource="http://ja.dbpedia.org/resource/テオドール・ジェリコー" />
    <owl:sameAs rdf:resource="http://eu.dbpedia.org/resource/Theodore_Gericault" />
    <owl:sameAs rdf:resource="http://pt.dbpedia.org/resource/Théodore_Géricault" />
    <owl:sameAs rdf:resource="http://pl.dbpedia.org/resource/Théodore_Géricault" />
    <owl:sameAs rdf:resource="http://de.dbpedia.org/resource/Théodore_Géricault" />
    <owl:sameAs rdf:resource="http://dbpedia.org/resource/Th%C3%A9odore_G%C3%A9ricault" />
    <owl:sameAs rdf:resource="http://ru.dbpedia.org/resource/Жерико,_Теодор" />
    <owl:sameAs rdf:resource="http://yago-knowledge.org/resource/Théodore_Géricault" />
    <dcterms:subject rdf:resource="http://dbpedia.org/resource/Category:1791_births" />
    <dcterms:subject rdf:resource="http://dbpedia.org/resource/Category:People_from_Rouen" />
    <dcterms:subject rdf:resource="http://dbpedia.org/resource/Category:1824_deaths" />
    <dcterms:subject rdf:resource="http://dbpedia.org/resource/Category:French_romantic_painters" />
    <dcterms:subject rdf:resource="http://dbpedia.org/resource/Category:Burials_at_P%C3%A8re_Lachaise_Cemetery" />
    <dcterms:subject rdf:resource="http://dbpedia.org/resource/Category:Lyc%C3%A9e_Louis-le-Grand_alumni" />
    <dcterms:subject rdf:resource="http://dbpedia.org/resource/Category:French_printmakers" />
    <dcterms:subject rdf:resource="http://dbpedia.org/resource/Category:Alumni_of_the_%C3%89cole_des_Beaux-Arts" />
    <dbpedia-owl:abstract xml:lang="zh">傑利柯·西奧多（法語：Théodore Géricault；1791年9月26日－1824年1月26日）是法國浪漫主義畫派的先驅，對浪漫主義畫派和現實主義畫派的發展有重要影響。 傑利柯善於描繪體育運動題材，早期受古典主義畫派畫家蓋蘭的指導，描繪大型巴洛克風格的巨幅畫，創作了一批軍事題材的繪畫，深受魯本斯和格羅的影響，構圖有強烈的運動感。早期代表作為《一個輕騎兵》，描繪了騎士和馬的運動感。1816年訪問意大利，到了佛羅倫薩和羅馬，甚為欣賞米開朗基羅的風格。1818年他創作了著名的《梅杜薩之筏》，描繪了梅杜薩號船遇難後，殘存的人們在木筏上漂流多日，遇到遠方船隻後呼救的情景。這幅畫以它三角型的構圖和豐富的色彩，表達了強烈的震撼力，成為浪漫主義畫派的開山作品。 晚年時他描繪了五幅精神偏執狂人的肖像，探究人類在異常狀態下的精神表現，這幾幅作品的題材在繪畫史上非常罕見，對後期現實主義畫派的出現有很大的影響。</dbpedia-owl:abstract>
    <dbpedia-owl:abstract xml:lang="fr">Théodore Géricault, né le 26 septembre 1791 à Rouen et mort le 26 janvier 1824 à Paris, est un peintre et sculpteur français. Incarnation de l’artiste romantique, sa vie courte et tourmentée a donné naissance à de nombreux mythes.</dbpedia-owl:abstract>
    <dbpedia-owl:abstract xml:lang="nl">Théodore Géricault was een Frans kunstschilder uit de negentiende-eeuwse romantiek. Géricault kreeg les in schilderkunst van Claude Vernet en Pierre-Narcisse Guérin. Zijn vroege werk verraadt invloeden van Peter Paul Rubens en een interesse in het weergeven van emoties van mensen. Wanneer hij in 1816-17 naar Florence en Rome gaat raakt hij gefascineerd door zowel Michelangelo als de barok. Zijn bekendste werk is Le radeau de la Méduse (Het vlot van de Medusa). De Méduse was een schip dat in 1816 te pletter voer op de Marokkaanse klippen. 149 schipbreukelingen zwalkten gedurende 27 dagen rond vooraleer ze gevonden werden. Dit schilderij geeft het vlot en de 149 overgebleven schipbreukelingen weer (en vooral de staat waarin ze verkeren) op het moment dat het gevonden wordt. Op de Salon in Parijs werd het schilderij als een schandaal onthaald. Net zoals Géricault probeerde Delacroix ook een schandaalschilderij te maken met zijn "Danteboot". Toch was het eerder "La liberté guidant le peuple" waardoor we ons vandaag de dag Delacroix herinneren. Géricault bestudeerde lijken en zieken, interviewde de overlevenden en liet het vlot nabouwen, om zo natuurgetrouw, zij het met toevoeging van romantische theatraliteit, het vlot te schilderen. In het schilderij vinden we twee driehoeken terug, namelijk die met het zeil, en anderzijds de hoopvol zwaaiende man rechts. Verder zitten er ook twee contrasterende elementen in: de overleden (zieke?) man links en de hoopvol, levendige man, zwaaiend met een doek rechts. Ook de donkere kleuren tegenover de lichtere kleuren stralen een sfeer van onrust uit. Het schilderij staat symbool voor het volk dat zijn eigen redding bewerkstelligt in plaats van het passief reactionair bewind na de Franse Revolutie. Het zou ook kunnen geïnterpreteerd worden als de kunstenaar die rondzwalkt op de eindeloze zee van zijn gevoelens, wat past in de sfeer van de kunstenaars uit de romantiek. Het werk betekent een belangrijke stap van neoclassicisme naar romantiek. Het schilderij bleek, onder meer door het geladen thema, minder succesvol in Frankrijk dan in Engeland, waar het rond 1820 veel bijval kreeg. Na zijn terugkeer in Frankrijk inspireerde dat hem tot het schilderen van een reeks portretten van waanzinnigen, met elk een eigen stoornis. Een bekend voorbeeld hiervan is het Portret van een kleptomaan. In 1824, na een lange lijdensweg, verzwakt door ongevallen en chronische TBC, stierf Géricault op 32-jarige leeftijd.</dbpedia-owl:abstract>
    <dbpedia-owl:abstract xml:lang="en">Jean-Louis André Théodore Géricault (26 September 1791 – 26 January 1824) was a profoundly influential French artist, painter and lithographer, known for The Raft of the Medusa and other paintings. Although he died young, he became one of the pioneers of the Romantic movement.</dbpedia-owl:abstract>
    <dbpedia-owl:abstract xml:lang="sv">Jean Louis André Théodore Géricault, född 26 september 1791 i Rouen, död 26 januari 1824 i Paris, var en fransk målare och litograf, en av romantikens främsta företrädare. Géricault utbildades i Claude Joseph Vernets realistiska tradition och inspirerades av nyklassicisten Pierre Guérin. Hans första framgång kom med Kavalleriofficeren 1812, ett verk som avslöjade påverkan från Rubens och ett tidigt intresse för samtida motiv. Genom en resa till Florens och Rom 1816-17 kom Géricault i kontakt med Michelangelo och barocken. I sitt konstnärsskap återkom Géricault ofta till det militära temat från sina första målningar och de litografier han utförde på detta tema efter sin resa till Italien räknas till de tidigaste mästerverken i detta medium. Hans förmodligen mest berömda verk är Medusas flotte från 1819 som med stor pregnans återger följden av en samtida förlisning då en korrupt fransk kapten övergav sin besättning och lämnade dem att dö. I detta verk kombinerade han en nyklassisk komposition (i till exempel figurerna) med romantikens dramatiska grepp (till exempel den dominerande diagonalen och det lilla fartyget i bildens högerkant). Konstverket blev ingen större framgång i Frankrike varför Géricault tog det med sig till Storbritannien där det väckte stor beundran. Åter i Frankrike började Géricault en serie porträtt av sinnessjuka där varje porträtt återger olika former av psykiskt lidande. Försvagad av ridolyckor och kroniska tuberkulösa infektioner avled Géricault i Paris 1824 efter en längre tids sjukdom. Hans grav på Père-Lachaise återger honom med pensel i hand ovanför en relief av hans berömda Medusas flotte.</dbpedia-owl:abstract>
    <dbpedia-owl:abstract xml:lang="it"></dbpedia-owl:abstract>
    <dbpedia-owl:abstract xml:lang="de">Jean-Louis André Théodore Géricault war ein französischer Maler und Vertreter der Romantik.</dbpedia-owl:abstract>
    <dbpedia-owl:abstract xml:lang="ru">Жан Луи́ Андре́ Теодо́р Жерико́ — французский живописец эпохи романтизма.</dbpedia-owl:abstract>
    <dbpedia-owl:abstract xml:lang="ja">テオドール･ジェリコー（Théodore Géricault, 1791年9月26日-1824年1月26日）は19世紀前半に活動したフランスの画家。同時代に起きた生々しい事件を題材とした『メデューズ号の筏（いかだ）』が代表作である。彼の作品はドラクロワなどにも影響を与え、ロマン派絵画の先駆者と見なされるが、画業半ばの32歳で早世している。</dbpedia-owl:abstract>
    <dbpedia-owl:abstract xml:lang="es">Jean-Louis André Théodore Géricault, conocido como Théodore Géricault, fue un pintor francés. Prototipo de artista romántico, tuvo una vida corta y atormentada que dio lugar a varios mitos sobre él.</dbpedia-owl:abstract>
    <dbpedia-owl:abstract xml:lang="pl">Théodore Géricault – francuski malarz i grafik okresu romantyzmu, zwany "malarzem koni i wariatów". Studiował w Paryżu, gdzie kopiował dzieła starych mistrzów w Luwrze, zachwycając się w szczególności płótnami Rubensa. W latach 1816–17 podróżował do Włoch. Jego podziw wzbudziła twórczość Michała Anioła i sztuka baroku. Zmarł przedwcześnie na skutek obrażeń odniesionych w wyniku upadku z konia. Pochowany został na paryskim Cmentarzu Père-Lachaise. Jego grób zdobi płaskorzeźba Tratwa Meduzy. Tworzył portrety, sceny batalistyczne, liczne przedstawienia koni. Jego obrazy odzwierciedlają barwną, energiczną i ekstrawagancką osobowość artysty. Cechuje je wyjątkowy dynamizm, bogaty koloryt, duża siła wyrazu. Malarz tworzył w ekstatycznym napięciu, próbując oddać najbardziej gwałtowne emocje. Na zamówienie doktora Georgeta w l. 1822-23 wykonał serię portretów pacjentów szpitala psychiatrycznego. Wizerunki te miały przypuszczalnie posłużyć jako ilustracja jego teorii dotyczącej klasyfikacji szaleństwa. Są to obrazy zawierające ogromny ładunek emocji. Jako jeden z pierwszych twórców we Francji zajmował się techniką litografii. Twórczość Géricaulta silnie oddziałała na Eugène&#39;a Delacroix. Wiele jego obrazów znajduje się w Luwrze.</dbpedia-owl:abstract>
    <dbpedia-owl:abstract xml:lang="pt">Jean-Louis André Théodore Géricault foi um pintor francês do Romantismo. Géricault mudou-se para Paris com o pai, um conhecido jurista, depois da morte da mãe, e aos 10 anos ingressou no Liceu Imperial. Terminados os estudos, teve aulas com o pintor Vernet e anos mais tarde já trabalhava no ateliê de Pierre-Narcisse Guérin, junto com Delacroix. Em seus primeiros quadros, Géricault demonstrou uma grande admiração por David e pelos cânones estéticos neoclássicos. Dedicou-se a copiar Rubens, Velázquez e Caravaggio. Seu primeiro quadro importante foi Oficial de Caçadores a Cavalo Durante a Carga, com o qual ganhou a medalha de ouro da Academia em 1812. Esta obra reflete a influência de Gros e o cromatismo impactante e vigoroso que se observa em Rubens. Depois de fazer o serviço militar como mosqueteiro imperial na armada real, Géricault viajou para a Itália, onde estudou profundamente as obras de Michelangelo e Rafael. Na volta, em 1817, o pintor iniciou aquela que seria sua obra-prima, A Balsa da Medusa. Embora o tema do naufrágio seja coerente com o desespero romântico, o certo é que com este quadro Géricault fez-se eco da crítica ao regime, compadecendo-se dos sobreviventes e dos mortos no naufrágio ocorrido por culpa do governo. Sabe-se que sua obsessão chegou a levá-lo a falar com os sobreviventes nos hospitais e inclusive a fazer esboços dos mortos no necrotério. A doença, a loucura e o desespero passaram então a ser uma constante em seus quadros. O efeito do claro-escuro, que o pintor tanto admirava em Caravaggio, inspiraram-no a criar ambientes patéticos e de intenso sofrimento. Anos depois, em Londres, Géricault retomou sua paixão pelos cavalos, pintando o O Derby de Epson, que de certa forma antecipou sua preocupação em captar o movimento. Também fez quadros de doentes mentais num hospital. Após uma tentativa de suicídio, o pintor voltou a Paris, onde poucos meses depois, vítima de um acidente, acabou morrendo.</dbpedia-owl:abstract>
    <dbpedia-owl:birthDate rdf:datatype="http://www.w3.org/2001/XMLSchema#date">1791-09-26</dbpedia-owl:birthDate>
    <dbpedia-owl:birthPlace rdf:resource="http://dbpedia.org/resource/Normandy" />
    <dbpedia-owl:birthPlace rdf:resource="http://dbpedia.org/resource/Rouen" />
    <dbpedia-owl:deathDate rdf:datatype="http://www.w3.org/2001/XMLSchema#date">1824-01-26</dbpedia-owl:deathDate>
    <dbpedia-owl:field rdf:resource="http://dbpedia.org/resource/Painting" />
    <dbpedia-owl:field rdf:resource="http://dbpedia.org/resource/Lithography" />
    <dbpedia-owl:movement rdf:resource="http://dbpedia.org/resource/Romanticism" />
    <dbpedia-owl:wikiPageID rdf:datatype="http://www.w3.org/2001/XMLSchema#integer">511567</dbpedia-owl:wikiPageID>
    <dbpedia-owl:wikiPageRevisionID rdf:datatype="http://www.w3.org/2001/XMLSchema#integer">539553097</dbpedia-owl:wikiPageRevisionID>
    <rdfs:label xml:lang="nl">Théodore Géricault</rdfs:label>
    <rdfs:label xml:lang="it">Théodore Géricault</rdfs:label>
    <rdfs:label xml:lang="de">Théodore Géricault</rdfs:label>
    <rdfs:label xml:lang="pt">Théodore Géricault</rdfs:label>
    <rdfs:label xml:lang="fr">Théodore Géricault</rdfs:label>
    <rdfs:label xml:lang="ja">テオドール・ジェリコー</rdfs:label>
    <rdfs:label xml:lang="es">Théodore Géricault</rdfs:label>
    <rdfs:label xml:lang="pl">Théodore Géricault</rdfs:label>
    <rdfs:label xml:lang="ru">Жерико, Теодор</rdfs:label>
    <rdfs:label xml:lang="sv">Théodore Géricault</rdfs:label>
    <rdfs:label xml:lang="zh">傑利柯</rdfs:label>
    <rdfs:label xml:lang="en">Théodore Géricault</rdfs:label>
    <foaf:depiction rdf:resource="http://upload.wikimedia.org/wikipedia/commons/8/8a/Théodore_Géricault_by_Alexandre_Colin_1816.jpg" />
    <rdfs:comment xml:lang="it"></rdfs:comment>
    <rdfs:comment xml:lang="ru">Жан Луи́ Андре́ Теодо́р Жерико́ — французский живописец эпохи романтизма.</rdfs:comment>
    <rdfs:comment xml:lang="sv">Jean Louis André Théodore Géricault, född 26 september 1791 i Rouen, död 26 januari 1824 i Paris, var en fransk målare och litograf, en av romantikens främsta företrädare. Géricault utbildades i Claude Joseph Vernets realistiska tradition och inspirerades av nyklassicisten Pierre Guérin. Hans första framgång kom med Kavalleriofficeren 1812, ett verk som avslöjade påverkan från Rubens och ett tidigt intresse för samtida motiv.</rdfs:comment>
    <rdfs:comment xml:lang="zh">傑利柯·西奧多（法語：Théodore Géricault；1791年9月26日－1824年1月26日）是法國浪漫主義畫派的先驅，對浪漫主義畫派和現實主義畫派的發展有重要影響。 傑利柯善於描繪體育運動題材，早期受古典主義畫派畫家蓋蘭的指導，描繪大型巴洛克風格的巨幅畫，創作了一批軍事題材的繪畫，深受魯本斯和格羅的影響，構圖有強烈的運動感。早期代表作為《一個輕騎兵》，描繪了騎士和馬的運動感。1816年訪問意大利，到了佛羅倫薩和羅馬，甚為欣賞米開朗基羅的風格。1818年他創作了著名的《梅杜薩之筏》，描繪了梅杜薩號船遇難後，殘存的人們在木筏上漂流多日，遇到遠方船隻後呼救的情景。這幅畫以它三角型的構圖和豐富的色彩，表達了強烈的震撼力，成為浪漫主義畫派的開山作品。 晚年時他描繪了五幅精神偏執狂人的肖像，探究人類在異常狀態下的精神表現，這幾幅作品的題材在繪畫史上非常罕見，對後期現實主義畫派的出現有很大的影響。</rdfs:comment>
    <rdfs:comment xml:lang="fr">Théodore Géricault, né le 26 septembre 1791 à Rouen et mort le 26 janvier 1824 à Paris, est un peintre et sculpteur français. Incarnation de l’artiste romantique, sa vie courte et tourmentée a donné naissance à de nombreux mythes.</rdfs:comment>
    <rdfs:comment xml:lang="ja">テオドール･ジェリコー（Théodore Géricault, 1791年9月26日-1824年1月26日）は19世紀前半に活動したフランスの画家。同時代に起きた生々しい事件を題材とした『メデューズ号の筏（いかだ）』が代表作である。彼の作品はドラクロワなどにも影響を与え、ロマン派絵画の先駆者と見なされるが、画業半ばの32歳で早世している。</rdfs:comment>
    <rdfs:comment xml:lang="pl">Théodore Géricault – francuski malarz i grafik okresu romantyzmu, zwany "malarzem koni i wariatów". Studiował w Paryżu, gdzie kopiował dzieła starych mistrzów w Luwrze, zachwycając się w szczególności płótnami Rubensa. W latach 1816–17 podróżował do Włoch. Jego podziw wzbudziła twórczość Michała Anioła i sztuka baroku. Zmarł przedwcześnie na skutek obrażeń odniesionych w wyniku upadku z konia. Pochowany został na paryskim Cmentarzu Père-Lachaise. Jego grób zdobi płaskorzeźba Tratwa Meduzy.</rdfs:comment>
    <rdfs:comment xml:lang="pt">Jean-Louis André Théodore Géricault foi um pintor francês do Romantismo. Géricault mudou-se para Paris com o pai, um conhecido jurista, depois da morte da mãe, e aos 10 anos ingressou no Liceu Imperial. Terminados os estudos, teve aulas com o pintor Vernet e anos mais tarde já trabalhava no ateliê de Pierre-Narcisse Guérin, junto com Delacroix. Em seus primeiros quadros, Géricault demonstrou uma grande admiração por David e pelos cânones estéticos neoclássicos.</rdfs:comment>
    <rdfs:comment xml:lang="nl">Théodore Géricault was een Frans kunstschilder uit de negentiende-eeuwse romantiek. Géricault kreeg les in schilderkunst van Claude Vernet en Pierre-Narcisse Guérin. Zijn vroege werk verraadt invloeden van Peter Paul Rubens en een interesse in het weergeven van emoties van mensen. Wanneer hij in 1816-17 naar Florence en Rome gaat raakt hij gefascineerd door zowel Michelangelo als de barok. Zijn bekendste werk is Le radeau de la Méduse (Het vlot van de Medusa).</rdfs:comment>
    <rdfs:comment xml:lang="de">Jean-Louis André Théodore Géricault war ein französischer Maler und Vertreter der Romantik.</rdfs:comment>
    <rdfs:comment xml:lang="es">Jean-Louis André Théodore Géricault, conocido como Théodore Géricault, fue un pintor francés. Prototipo de artista romántico, tuvo una vida corta y atormentada que dio lugar a varios mitos sobre él.</rdfs:comment>
    <rdfs:comment xml:lang="en">Jean-Louis André Théodore Géricault (26 September 1791 – 26 January 1824) was a profoundly influential French artist, painter and lithographer, known for The Raft of the Medusa and other paintings. Although he died young, he became one of the pioneers of the Romantic movement.</rdfs:comment>
    <foaf:name xml:lang="en">Theodore Gericault</foaf:name>
    <foaf:name xml:lang="en">Théodore Géricault</foaf:name>
    <dbpedia-owl:thumbnail rdf:resource="http://upload.wikimedia.org/wikipedia/commons/thumb/8/8a/Théodore_Géricault_by_Alexandre_Colin_1816.jpg/200px-Théodore_Géricault_by_Alexandre_Colin_1816.jpg" />
    <dbpedia-owl:wikiPageExternalLink rdf:resource="http://www.dissertationen.unizh.ch/2004/fehlmann/a-fehlmann.html" />
    <dbpprop:bgcolour xml:lang="en">#76A8FF</dbpprop:bgcolour>
    <dbpprop:birthDate rdf:datatype="http://www.w3.org/2001/XMLSchema#date">1791-09-26</dbpprop:birthDate>
    <dbpprop:birthPlace xml:lang="en">Rouen, Normandy, France</dbpprop:birthPlace>
    <dbpprop:caption xml:lang="en">Théodore Géricault by Alexandre-Marie Colin, 1816</dbpprop:caption>
    <dbpprop:dateOfBirth rdf:datatype="http://www.w3.org/2001/XMLSchema#integer">26</dbpprop:dateOfBirth>
    <dbpprop:dateOfDeath rdf:datatype="http://www.w3.org/2001/XMLSchema#integer">26</dbpprop:dateOfDeath>
    <dbpprop:deathDate rdf:datatype="http://www.w3.org/2001/XMLSchema#date">1824-01-26</dbpprop:deathDate>
    <dbpprop:deathPlace xml:lang="en">Paris, France</dbpprop:deathPlace>
    <dbpprop:field rdf:resource="http://dbpedia.org/resource/Painting" />
    <dbpprop:field rdf:resource="http://dbpedia.org/resource/Lithography" />
    <dbpprop:imagesize rdf:datatype="http://www.w3.org/2001/XMLSchema#integer">200</dbpprop:imagesize>
    <dbpprop:movement rdf:resource="http://dbpedia.org/resource/Romanticism" />
    <dbpprop:name xml:lang="en">Gericault, Theodore</dbpprop:name>
    <dbpprop:name xml:lang="en">Théodore Géricault</dbpprop:name>
    <dbpprop:nationality xml:lang="en">French</dbpprop:nationality>
    <dbpprop:placeOfBirth xml:lang="en">Rouen, Normandy, France</dbpprop:placeOfBirth>
    <dbpprop:placeOfDeath xml:lang="en">Paris, France</dbpprop:placeOfDeath>
    <dbpprop:shortDescription xml:lang="en">French painter</dbpprop:shortDescription>
    <dbpprop:works xml:lang="en">The Raft of the Medusa</dbpprop:works>
    <foaf:givenName xml:lang="en">Theodore</foaf:givenName>
    <foaf:isPrimaryTopicOf rdf:resource="http://en.wikipedia.org/wiki/Théodore_Géricault" />
    <dc:description xml:lang="en">French painter</dc:description>
    <ns8:wasDerivedFrom rdf:resource="http://en.wikipedia.org/wiki/Théodore_Géricault?oldid=539553097" />
    <dbpprop:hasPhotoCollection rdf:resource="http://wifo5-03.informatik.uni-mannheim.de/flickrwrappr/photos/Théodore_Géricault" />
    <foaf:surname xml:lang="en">Gericault</foaf:surname>
  </rdf:Description>
  <rdf:Description rdf:about="http://dbpedia.org/resource/Théodore_Géricault">
    <owl:sameAs rdf:resource="http://dbpedia.org/resource/Th%C3%A9odore_G%C3%A9ricault" />
  </rdf:Description>
  <rdf:Description rdf:about="http://dbpedia.org/resource/John_Blanche">
    <dbpedia-owl:influencedBy rdf:resource="http://dbpedia.org/resource/Th%C3%A9odore_G%C3%A9ricault" />
    <dbpprop:influencedBy rdf:resource="http://dbpedia.org/resource/Th%C3%A9odore_G%C3%A9ricault" />
  </rdf:Description>
  <rdf:Description rdf:about="http://dbpedia.org/resource/The_1821_Derby_at_Epsom">
    <dbpedia-owl:author rdf:resource="http://dbpedia.org/resource/Th%C3%A9odore_G%C3%A9ricault" />
    <dbpprop:artist rdf:resource="http://dbpedia.org/resource/Th%C3%A9odore_G%C3%A9ricault" />
  </rdf:Description>
  <rdf:Description rdf:about="http://dbpedia.org/resource/Jean_Louis_Andr%C3%A9_Th%C3%A9odore_G%C3%A9ricault">
    <dbpedia-owl:wikiPageRedirects rdf:resource="http://dbpedia.org/resource/Th%C3%A9odore_G%C3%A9ricault" />
  </rdf:Description>
  <rdf:Description rdf:about="http://dbpedia.org/resource/Jean-Louis-Andr%C3%A9-Th%C3%A9odore_G%C3%A9ricault">
    <dbpedia-owl:wikiPageRedirects rdf:resource="http://dbpedia.org/resource/Th%C3%A9odore_G%C3%A9ricault" />
  </rdf:Description>
  <rdf:Description rdf:about="http://dbpedia.org/resource/Th%C3%A9odore_Gericault">
    <dbpedia-owl:wikiPageRedirects rdf:resource="http://dbpedia.org/resource/Th%C3%A9odore_G%C3%A9ricault" />
  </rdf:Description>
  <rdf:Description rdf:about="http://dbpedia.org/resource/Portrait_of_a_Kleptomaniac">
    <dbpedia-owl:author rdf:resource="http://dbpedia.org/resource/Th%C3%A9odore_G%C3%A9ricault" />
  </rdf:Description>
  <rdf:Description rdf:about="http://dbpedia.org/resource/The_Raft_of_the_Medusa">
    <dbpedia-owl:author rdf:resource="http://dbpedia.org/resource/Th%C3%A9odore_G%C3%A9ricault" />
    <dbpprop:artist rdf:resource="http://dbpedia.org/resource/Th%C3%A9odore_G%C3%A9ricault" />
  </rdf:Description>
  <rdf:Description rdf:about="http://dbpedia.org/resource/Theodore_Gericault">
    <dbpedia-owl:wikiPageRedirects rdf:resource="http://dbpedia.org/resource/Th%C3%A9odore_G%C3%A9ricault" />
  </rdf:Description>
  <rdf:Description rdf:about="http://dbpedia.org/resource/The_Charging_Chasseur">
    <dbpedia-owl:author rdf:resource="http://dbpedia.org/resource/Th%C3%A9odore_G%C3%A9ricault" />
    <dbpprop:artist rdf:resource="http://dbpedia.org/resource/Th%C3%A9odore_G%C3%A9ricault" />
  </rdf:Description>
  <rdf:Description rdf:about="http://dbpedia.org/resource/G%C3%A9ricault">
    <dbpedia-owl:wikiPageRedirects rdf:resource="http://dbpedia.org/resource/Th%C3%A9odore_G%C3%A9ricault" />
  </rdf:Description>
  <rdf:Description rdf:about="http://dbpedia.org/resource/Gericault">
    <dbpedia-owl:wikiPageRedirects rdf:resource="http://dbpedia.org/resource/Th%C3%A9odore_G%C3%A9ricault" />
  </rdf:Description>
  <rdf:Description rdf:about="http://dbpedia.org/resource/Jean_Louis_Andre_Theodore_Gericault">
    <dbpedia-owl:wikiPageRedirects rdf:resource="http://dbpedia.org/resource/Th%C3%A9odore_G%C3%A9ricault" />
  </rdf:Description>
  <rdf:Description rdf:about="http://en.wikipedia.org/wiki/Théodore_Géricault">
    <foaf:primaryTopic rdf:resource="http://dbpedia.org/resource/Th%C3%A9odore_G%C3%A9ricault" />
  </rdf:Description>
  <rdf:Description rdf:about="http://dbpedia.org/resource/Gerecault">
    <dbpedia-owl:wikiPageRedirects rdf:resource="http://dbpedia.org/resource/Th%C3%A9odore_G%C3%A9ricault" />
  </rdf:Description>
  <rdf:Description rdf:about="http://dbpedia.org/resource/Jean-Louis-Andre-Theodore_Gericault">
    <dbpedia-owl:wikiPageRedirects rdf:resource="http://dbpedia.org/resource/Th%C3%A9odore_G%C3%A9ricault" />
  </rdf:Description>
</rdf:RDF>
