<?xml version="1.0" encoding="utf-8" ?>
<rdf:RDF
	xmlns:rdf="http://www.w3.org/1999/02/22-rdf-syntax-ns#"
	xmlns:rdfs="http://www.w3.org/2000/01/rdf-schema#"
	xmlns:owl="http://www.w3.org/2002/07/owl#"
	xmlns:dcterms="http://purl.org/dc/terms/"
	xmlns:dbpedia-owl="http://dbpedia.org/ontology/"
	xmlns:foaf="http://xmlns.com/foaf/0.1/"
	xmlns:dbpprop="http://dbpedia.org/property/"
	xmlns:dc="http://purl.org/dc/elements/1.1/"
	xmlns:ns8="http://www.w3.org/ns/prov#" >
  <rdf:Description rdf:about="http://en.wikipedia.org/wiki/Thomas_Luny">
    <foaf:primaryTopic rdf:resource="http://dbpedia.org/resource/Thomas_Luny" />
  </rdf:Description>
  <rdf:Description rdf:about="http://dbpedia.org/resource/Bombardment_of_Algiers_(painting)">
    <dbpedia-owl:author rdf:resource="http://dbpedia.org/resource/Thomas_Luny" />
    <dbpprop:artist rdf:resource="http://dbpedia.org/resource/Thomas_Luny" />
  </rdf:Description>
  <rdf:Description rdf:about="http://de.dbpedia.org/resource/Thomas_Luny">
    <owl:sameAs rdf:resource="http://dbpedia.org/resource/Thomas_Luny" />
  </rdf:Description>
  <rdf:Description rdf:about="http://fr.dbpedia.org/resource/Thomas_Luny">
    <owl:sameAs rdf:resource="http://dbpedia.org/resource/Thomas_Luny" />
  </rdf:Description>
  <rdf:Description rdf:about="http://dbpedia.org/resource/Thomas_Luny">
    <rdf:type rdf:resource="http://dbpedia.org/class/yago/Painter110391653" />
    <rdf:type rdf:resource="http://dbpedia.org/class/yago/LivingThing100004258" />
    <rdf:type rdf:resource="http://dbpedia.org/class/yago/Whole100003553" />
    <rdf:type rdf:resource="http://dbpedia.org/class/yago/MarineArtists" />
    <rdf:type rdf:resource="http://dbpedia.org/class/yago/Artist109812338" />
    <rdf:type rdf:resource="http://dbpedia.org/class/yago/Object100002684" />
    <rdf:type rdf:resource="http://www.w3.org/2002/07/owl#Thing" />
    <rdf:type rdf:resource="http://dbpedia.org/class/yago/EnglishPainters" />
    <rdf:type rdf:resource="http://dbpedia.org/class/yago/Creator109614315" />
    <rdf:type rdf:resource="http://dbpedia.org/class/yago/PeopleFromStEwe" />
    <rdf:type rdf:resource="http://dbpedia.org/class/yago/PhysicalEntity100001930" />
    <rdf:type rdf:resource="http://dbpedia.org/ontology/Artist" />
    <rdf:type rdf:resource="http://dbpedia.org/ontology/Agent" />
    <rdf:type rdf:resource="http://dbpedia.org/class/yago/CausalAgent100007347" />
    <rdf:type rdf:resource="http://dbpedia.org/class/yago/Organism100004475" />
    <rdf:type rdf:resource="http://xmlns.com/foaf/0.1/Person" />
    <rdf:type rdf:resource="http://dbpedia.org/class/yago/YagoLegalActor" />
    <rdf:type rdf:resource="http://dbpedia.org/ontology/Person" />
    <rdf:type rdf:resource="http://schema.org/Person" />
    <rdf:type rdf:resource="http://dbpedia.org/class/yago/Person100007846" />
    <rdf:type rdf:resource="http://dbpedia.org/class/yago/YagoLegalActorGeo" />
    <owl:sameAs rdf:resource="http://yago-knowledge.org/resource/Thomas_Luny" />
    <owl:sameAs rdf:resource="http://www.wikidata.org/entity/Q1389224" />
    <owl:sameAs rdf:resource="http://dbpedia.org/resource/Thomas_Luny" />
    <owl:sameAs rdf:resource="http://rdf.freebase.com/ns/m.02z0mb7" />
    <owl:sameAs rdf:resource="http://de.dbpedia.org/resource/Thomas_Luny" />
    <owl:sameAs rdf:resource="http://fr.dbpedia.org/resource/Thomas_Luny" />
    <dcterms:subject rdf:resource="http://dbpedia.org/resource/Category:1759_births" />
    <dcterms:subject rdf:resource="http://dbpedia.org/resource/Category:Marine_artists" />
    <dcterms:subject rdf:resource="http://dbpedia.org/resource/Category:English_painters" />
    <dcterms:subject rdf:resource="http://dbpedia.org/resource/Category:People_from_St_Ewe" />
    <dcterms:subject rdf:resource="http://dbpedia.org/resource/Category:1837_deaths" />
    <dbpedia-owl:abstract xml:lang="en">Thomas Luny (1759–1837), born in Cornwall, probably at St Ewe, was an English artist and painter, mostly of seascapes and other marine-based works. At the age of eleven, Luny left Cornwall to live in London. There he became the apprentice of Francis Holman, a marine painter who would have a great and long lasting artistic influence on Luny: Luny remained until 1780 in Holman&#39;s London studio, which, was first situated in Broad Street, St. George’s, and later relocated to Old Gravel Lane. In September 1777, Luny left Holman&#39;s studio for a while, to journey to France. During this particular expedition, Luny almost certainly strayed from France itself; his first exhibited picture in London, seen at the Society of Artists that same year, was given the title A distant view of the island of Madeira and Porto Santo, suggesting that an engraving had inspired his choice of subject. Similarly, it is unlikely that Luny was on hand for the Battle of the Nile, 1798, and the bombardment of Algiers, 1816, both of which he illustrated with dramatic atmosphere and credible realism. After leaving Holman&#39;s studio in 1780, Luny moved to Leadenhall Street during 1783. It was around this time that Luny was frequently exhibiting at the Royal Academy, in a total of twenty-nine exhibitions between 1780 and 1802. In Leadenhall Street, Luny became acquainted with a "Mr. Merle", a dealer and framer of paintings who promoted Luny&#39;s paintings for over twenty years, to great success. Luny also found a wealthy source of business in Leadenhall Street, where the British East India Company had their headquarters; their officers commissioned many paintings and portraits from Luny. This relationship between the Company and Luny also had several non-monetary benefits for Luny; it seems probable that, considering the great detail and realistic look of many of his sketches of locations such as Naples, Gibraltar, and Charleston, South Carolina, Luny was occasionally invited as a guest on the Company&#39;s ships on special occasions and voyages. Several years later, in 1807, Luny decided to move again, this time to Teignmouth in Devon. While he received a number of commissions (mostly from ex-mariners, local gentry and the like), and he seemed to be as successful in his work as he was in London, Luny was by that time suffering with arthritis in both of his hands. This, however, did not seem to have much impact on the quality of his artistic work, and it did not appear to serve to slow or deter him in his work in the slightest. In fact, he continued painting until his death on September 30, 1837. His work is exhibited at the National Maritime Museum at Greenwich, in the Royal Albert Memorial Museum in Exeter and at The Mariners&#39; Museum in Newport News, Virginia. It is estimated that he produced over 3,000 works in his lifetime, with over 2,200 between 1807 and his death.</dbpedia-owl:abstract>
    <dbpedia-owl:abstract xml:lang="fr">Thomas Luny, né en 1759 et mort en 1837, est un peintre de marine britannique. On estime qu&#39;il a peint plus de tableaux au cours de sa carrière, dont entre 1807 et sa mort.</dbpedia-owl:abstract>
    <dbpedia-owl:abstract xml:lang="de">Thomas Luny war ein britischer Maler des 19. Jahrhunderts. Unter anderem malte er die Seeschlacht bei Abukir.</dbpedia-owl:abstract>
    <dbpedia-owl:wikiPageID rdf:datatype="http://www.w3.org/2001/XMLSchema#integer">12937774</dbpedia-owl:wikiPageID>
    <dbpedia-owl:wikiPageRevisionID rdf:datatype="http://www.w3.org/2001/XMLSchema#integer">544934880</dbpedia-owl:wikiPageRevisionID>
    <rdfs:label xml:lang="de">Thomas Luny</rdfs:label>
    <rdfs:label xml:lang="en">Thomas Luny</rdfs:label>
    <rdfs:label xml:lang="fr">Thomas Luny</rdfs:label>
    <foaf:depiction rdf:resource="http://upload.wikimedia.org/wikipedia/commons/0/02/Thomas_Luny,_by_Thomas_Luny.jpg" />
    <rdfs:comment xml:lang="en">Thomas Luny (1759–1837), born in Cornwall, probably at St Ewe, was an English artist and painter, mostly of seascapes and other marine-based works. At the age of eleven, Luny left Cornwall to live in London. There he became the apprentice of Francis Holman, a marine painter who would have a great and long lasting artistic influence on Luny: Luny remained until 1780 in Holman&#39;s London studio, which, was first situated in Broad Street, St. George’s, and later relocated to Old Gravel Lane.</rdfs:comment>
    <rdfs:comment xml:lang="fr">Thomas Luny, né en 1759 et mort en 1837, est un peintre de marine britannique. On estime qu&#39;il a peint plus de tableaux au cours de sa carrière, dont entre 1807 et sa mort.</rdfs:comment>
    <rdfs:comment xml:lang="de">Thomas Luny war ein britischer Maler des 19. Jahrhunderts. Unter anderem malte er die Seeschlacht bei Abukir.</rdfs:comment>
    <foaf:name xml:lang="en">Thomas Luny</foaf:name>
    <dbpedia-owl:thumbnail rdf:resource="http://upload.wikimedia.org/wikipedia/commons/thumb/0/02/Thomas_Luny,_by_Thomas_Luny.jpg/200px-Thomas_Luny,_by_Thomas_Luny.jpg" />
    <dbpedia-owl:wikiPageExternalLink rdf:resource="http://www.rehs.com/thomas_luny_battle_of_cape_st_vincent.html" />
    <dbpprop:dateOfBirth rdf:datatype="http://www.w3.org/2001/XMLSchema#integer">1759</dbpprop:dateOfBirth>
    <dbpprop:dateOfDeath rdf:datatype="http://www.w3.org/2001/XMLSchema#integer">1837</dbpprop:dateOfDeath>
    <dbpprop:name xml:lang="en">Luny, Thomas</dbpprop:name>
    <dbpprop:shortDescription xml:lang="en">British artist</dbpprop:shortDescription>
    <foaf:givenName xml:lang="en">Thomas</foaf:givenName>
    <foaf:isPrimaryTopicOf rdf:resource="http://en.wikipedia.org/wiki/Thomas_Luny" />
    <dc:description xml:lang="en">British artist</dc:description>
    <ns8:wasDerivedFrom rdf:resource="http://en.wikipedia.org/wiki/Thomas_Luny?oldid=544934880" />
    <dbpprop:hasPhotoCollection rdf:resource="http://wifo5-03.informatik.uni-mannheim.de/flickrwrappr/photos/Thomas_Luny" />
    <foaf:surname xml:lang="en">Luny</foaf:surname>
  </rdf:Description>
  <rdf:Description rdf:about="http://wikidata.dbpedia.org/resource/Q1389224">
    <owl:sameAs rdf:resource="http://dbpedia.org/resource/Thomas_Luny" />
  </rdf:Description>
</rdf:RDF>
