<?xml version="1.0" encoding="utf-8" ?>
<rdf:RDF
	xmlns:rdf="http://www.w3.org/1999/02/22-rdf-syntax-ns#"
	xmlns:rdfs="http://www.w3.org/2000/01/rdf-schema#"
	xmlns:owl="http://www.w3.org/2002/07/owl#"
	xmlns:dcterms="http://purl.org/dc/terms/"
	xmlns:dbpedia-owl="http://dbpedia.org/ontology/"
	xmlns:foaf="http://xmlns.com/foaf/0.1/"
	xmlns:dbpprop="http://dbpedia.org/property/"
	xmlns:dc="http://purl.org/dc/elements/1.1/"
	xmlns:ns8="http://www.w3.org/ns/prov#" >
  <rdf:Description rdf:about="http://dbpedia.org/resource/Bourke_Street_(painting)">
    <dbpedia-owl:author rdf:resource="http://dbpedia.org/resource/Tom_Roberts" />
    <dbpprop:artist rdf:resource="http://dbpedia.org/resource/Tom_Roberts" />
  </rdf:Description>
  <rdf:Description rdf:about="http://dbpedia.org/resource/Tom_Roberts">
    <rdf:type rdf:resource="http://dbpedia.org/class/yago/CausalAgent100007347" />
    <rdf:type rdf:resource="http://dbpedia.org/class/yago/Organism100004475" />
    <rdf:type rdf:resource="http://dbpedia.org/class/yago/Whole100003553" />
    <rdf:type rdf:resource="http://dbpedia.org/class/yago/YagoLegalActor" />
    <rdf:type rdf:resource="http://dbpedia.org/class/yago/Person100007846" />
    <rdf:type rdf:resource="http://dbpedia.org/ontology/Person" />
    <rdf:type rdf:resource="http://dbpedia.org/ontology/Agent" />
    <rdf:type rdf:resource="http://dbpedia.org/class/yago/Artist109812338" />
    <rdf:type rdf:resource="http://dbpedia.org/class/yago/Painter110391653" />
    <rdf:type rdf:resource="http://xmlns.com/foaf/0.1/Person" />
    <rdf:type rdf:resource="http://www.w3.org/2002/07/owl#Thing" />
    <rdf:type rdf:resource="http://dbpedia.org/class/yago/YagoLegalActorGeo" />
    <rdf:type rdf:resource="http://dbpedia.org/class/yago/AustralianPainters" />
    <rdf:type rdf:resource="http://dbpedia.org/class/yago/LivingThing100004258" />
    <rdf:type rdf:resource="http://dbpedia.org/class/yago/Object100002684" />
    <rdf:type rdf:resource="http://dbpedia.org/class/yago/Creator109614315" />
    <rdf:type rdf:resource="http://schema.org/Person" />
    <rdf:type rdf:resource="http://dbpedia.org/class/yago/PeopleFromDorchester,Dorset" />
    <rdf:type rdf:resource="http://dbpedia.org/class/yago/ArtistsFromMelbourne" />
    <rdf:type rdf:resource="http://dbpedia.org/class/yago/PhysicalEntity100001930" />
    <owl:sameAs rdf:resource="http://sh.dbpedia.org/resource/Tom_Roberts" />
    <owl:sameAs rdf:resource="http://sw.cyc.com/concept/Mx4rwNQXcZwpEbGdrcN5Y29ycA" />
    <owl:sameAs rdf:resource="http://yago-knowledge.org/resource/Tom_Roberts" />
    <owl:sameAs rdf:resource="http://nl.dbpedia.org/resource/Tom_Roberts" />
    <owl:sameAs rdf:resource="http://ru.dbpedia.org/resource/Робертс,_Том" />
    <owl:sameAs rdf:resource="http://fr.dbpedia.org/resource/Tom_Roberts" />
    <owl:sameAs rdf:resource="http://simple.dbpedia.org/resource/Tom_Roberts" />
    <owl:sameAs rdf:resource="http://dbpedia.org/resource/Tom_Roberts" />
    <owl:sameAs rdf:resource="http://it.dbpedia.org/resource/Tom_Roberts" />
    <owl:sameAs rdf:resource="http://rdf.freebase.com/ns/m.03jwbx" />
    <owl:sameAs rdf:resource="http://www.wikidata.org/entity/Q1291901" />
    <dcterms:subject rdf:resource="http://dbpedia.org/resource/Category:People_from_Dorchester,_Dorset" />
    <dcterms:subject rdf:resource="http://dbpedia.org/resource/Category:Paintings_by_Tom_Roberts" />
    <dcterms:subject rdf:resource="http://dbpedia.org/resource/Category:1931_deaths" />
    <dcterms:subject rdf:resource="http://dbpedia.org/resource/Category:Artists_from_Melbourne" />
    <dcterms:subject rdf:resource="http://dbpedia.org/resource/Category:Australian_painters" />
    <dcterms:subject rdf:resource="http://dbpedia.org/resource/Category:1856_births" />
    <dbpedia-owl:abstract xml:lang="it"></dbpedia-owl:abstract>
    <dbpedia-owl:abstract xml:lang="ru">Томас Уильям Робертс — известный австралийский художник, один из крупнейших представителей Гейдельбергской школы, реалистического течения в австралийской живописи конца XIX века.</dbpedia-owl:abstract>
    <dbpedia-owl:abstract xml:lang="fr">Thomas William Roberts est l&#39;un des plus célèbres peintres australiens. Né à Dorchester, dans le Dorset en Angleterre, il a immigré en Australie en 1869, pour venir vivre à Collingwood, un quartier de banlieue de Melbourne. À Melbourne il étudia la peinture en cours du soir sous la direction de Louis Buvelot et d&#39;Eugen von Guerard avant de retourner étudier à plein temps à la Royal Academy of Arts à Londres de 1881 à 1884 puis, dans les années 1880-1890, il travaille à Melbourne. Roberts a peint un nombre considérable de paysages et de portraits, certains avec son ami Frederick McCubbin. Ses travaux probablement les plus célèbres à son époque étaient deux grands travaux, Shearing the Rams en 1890 et The Big Picture en 1903 - un scène de l&#39;inauguration du premier parlement du Commonwealth of Australia. Roberts a été l&#39;un des premiers peintres à identifier le caractère spécial du paysage australien. Un grand nombre de ses travaux peuvent être vus à la National Gallery of Australia, mais The Big Picture se trouve au Parliament House (Canberra).</dbpedia-owl:abstract>
    <dbpedia-owl:abstract xml:lang="en">Thomas William "Tom" Roberts (9 March 1856 – 14 September 1931) was a prominent Australian artist and a key member of the Heidelberg School.</dbpedia-owl:abstract>
    <dbpedia-owl:abstract xml:lang="nl">Thomas William Roberts was een Australisch kunstschilder. Hij wordt geassocieerd met het realisme zowel als het impressionisme.</dbpedia-owl:abstract>
    <dbpedia-owl:alias xml:lang="en">Nickname Bulldog</dbpedia-owl:alias>
    <dbpedia-owl:birthDate rdf:datatype="http://www.w3.org/2001/XMLSchema#date">1856-03-09</dbpedia-owl:birthDate>
    <dbpedia-owl:birthPlace rdf:resource="http://dbpedia.org/resource/Dorset" />
    <dbpedia-owl:birthPlace rdf:resource="http://dbpedia.org/resource/Dorchester,_Dorset" />
    <dbpedia-owl:birthPlace rdf:resource="http://dbpedia.org/resource/England" />
    <dbpedia-owl:birthYear rdf:datatype="http://www.w3.org/2001/XMLSchema#gYear">1856-01-01T00:00:00+02:00</dbpedia-owl:birthYear>
    <dbpedia-owl:deathDate rdf:datatype="http://www.w3.org/2001/XMLSchema#date">1931-09-14</dbpedia-owl:deathDate>
    <dbpedia-owl:deathPlace rdf:resource="http://dbpedia.org/resource/Kallista,_Victoria" />
    <dbpedia-owl:deathYear rdf:datatype="http://www.w3.org/2001/XMLSchema#gYear">1931-01-01T00:00:00+02:00</dbpedia-owl:deathYear>
    <dbpedia-owl:occupation rdf:resource="http://dbpedia.org/resource/Tom_Roberts__1" />
    <dbpedia-owl:restingPlace rdf:resource="http://dbpedia.org/resource/Longford,_Tasmania" />
    <dbpedia-owl:restingPlace rdf:resource="http://dbpedia.org/resource/Tasmania" />
    <dbpedia-owl:restingPlace rdf:resource="http://dbpedia.org/resource/Illawarra" />
    <dbpedia-owl:wikiPageID rdf:datatype="http://www.w3.org/2001/XMLSchema#integer">866899</dbpedia-owl:wikiPageID>
    <dbpedia-owl:wikiPageRevisionID rdf:datatype="http://www.w3.org/2001/XMLSchema#integer">547382367</dbpedia-owl:wikiPageRevisionID>
    <rdfs:label xml:lang="en">Tom Roberts</rdfs:label>
    <rdfs:label xml:lang="fr">Tom Roberts</rdfs:label>
    <rdfs:label xml:lang="it">Tom Roberts</rdfs:label>
    <rdfs:label xml:lang="ru">Робертс, Том</rdfs:label>
    <rdfs:label xml:lang="nl">Tom Roberts</rdfs:label>
    <foaf:depiction rdf:resource="http://upload.wikimedia.org/wikipedia/commons/e/e2/Tom_Roberts.jpg" />
    <rdfs:comment xml:lang="nl">Thomas William Roberts was een Australisch kunstschilder. Hij wordt geassocieerd met het realisme zowel als het impressionisme.</rdfs:comment>
    <rdfs:comment xml:lang="fr">Thomas William Roberts est l&#39;un des plus célèbres peintres australiens. Né à Dorchester, dans le Dorset en Angleterre, il a immigré en Australie en 1869, pour venir vivre à Collingwood, un quartier de banlieue de Melbourne. À Melbourne il étudia la peinture en cours du soir sous la direction de Louis Buvelot et d&#39;Eugen von Guerard avant de retourner étudier à plein temps à la Royal Academy of Arts à Londres de 1881 à 1884 puis, dans les années 1880-1890, il travaille à Melbourne.</rdfs:comment>
    <rdfs:comment xml:lang="en">Thomas William "Tom" Roberts (9 March 1856 – 14 September 1931) was a prominent Australian artist and a key member of the Heidelberg School.</rdfs:comment>
    <rdfs:comment xml:lang="ru">Томас Уильям Робертс — известный австралийский художник, один из крупнейших представителей Гейдельбергской школы, реалистического течения в австралийской живописи конца XIX века.</rdfs:comment>
    <rdfs:comment xml:lang="it"></rdfs:comment>
    <foaf:name xml:lang="en">Tom Roberts</foaf:name>
    <dbpedia-owl:thumbnail rdf:resource="http://upload.wikimedia.org/wikipedia/commons/thumb/e/e2/Tom_Roberts.jpg/200px-Tom_Roberts.jpg" />
    <dbpedia-owl:wikiPageExternalLink rdf:resource="http://www.adb.online.anu.edu.au/biogs/A110419b.htm" />
    <dbpedia-owl:wikiPageExternalLink rdf:resource="http://www.artgallery.nsw.gov.au/work/27.1983/" />
    <dbpedia-owl:wikiPageExternalLink rdf:resource="http://www.artgallery.nsw.gov.au/work/6928/" />
    <dbpedia-owl:wikiPageExternalLink rdf:resource="http://www.artgallery.nsw.gov.au/work/9078/" />
    <dbpedia-owl:wikiPageExternalLink rdf:resource="http://www.ngv.vic.gov.au/explore/ngv-collection/search?q=Tom+Roberts" />
    <dbpedia-owl:wikiPageExternalLink rdf:resource="http://www.artistsfootsteps.com/html/Artists_roberts.htm" />
    <dbpedia-owl:wikiPageExternalLink rdf:resource="http://www.pictureaustralia.org/search/Roberts%20Tom%201856-1931" />
    <dbpprop:birthDate rdf:datatype="http://www.w3.org/2001/XMLSchema#date">1856-03-09</dbpprop:birthDate>
    <dbpprop:birthPlace xml:lang="en">Dorchester, Dorset, England</dbpprop:birthPlace>
    <dbpprop:caption xml:lang="en">Portrait taken c.1920-1925</dbpprop:caption>
    <dbpprop:dateOfBirth rdf:datatype="http://www.w3.org/2001/XMLSchema#integer">9</dbpprop:dateOfBirth>
    <dbpprop:dateOfDeath rdf:datatype="http://www.w3.org/2001/XMLSchema#integer">14</dbpprop:dateOfDeath>
    <dbpprop:deathDate rdf:datatype="http://www.w3.org/2001/XMLSchema#date">1931-09-14</dbpprop:deathDate>
    <dbpprop:deathPlace xml:lang="en">&#39;Talisman&#39; in Kallista</dbpprop:deathPlace>
    <dbpprop:imageSize xml:lang="en">frameless</dbpprop:imageSize>
    <dbpprop:name xml:lang="en">Tom Roberts</dbpprop:name>
    <dbpprop:name xml:lang="en">Roberts, Tom</dbpprop:name>
    <dbpprop:occupation xml:lang="en">Artist</dbpprop:occupation>
    <dbpprop:otherNames xml:lang="en">Nickname Bulldog</dbpprop:otherNames>
    <dbpprop:parents xml:lang="en">Richard Roberts  Matilda</dbpprop:parents>
    <dbpprop:placeOfBirth xml:lang="en">Dorchester, Dorset, England</dbpprop:placeOfBirth>
    <dbpprop:placeOfDeath xml:lang="en">&#39;Talisman&#39; in Kallista</dbpprop:placeOfDeath>
    <dbpprop:restingPlace xml:lang="en">Illawarra churchyard, near Longford, Tasmania</dbpprop:restingPlace>
    <dbpprop:shortDescription xml:lang="en">Australian artist</dbpprop:shortDescription>
    <foaf:givenName xml:lang="en">Tom</foaf:givenName>
    <foaf:isPrimaryTopicOf rdf:resource="http://en.wikipedia.org/wiki/Tom_Roberts" />
    <dc:description xml:lang="en">Australian artist</dc:description>
    <ns8:wasDerivedFrom rdf:resource="http://en.wikipedia.org/wiki/Tom_Roberts?oldid=547382367" />
    <dbpprop:hasPhotoCollection rdf:resource="http://wifo5-03.informatik.uni-mannheim.de/flickrwrappr/photos/Tom_Roberts" />
    <foaf:surname xml:lang="en">Roberts</foaf:surname>
  </rdf:Description>
  <rdf:Description rdf:about="http://dbpedia.org/resource/Shearing_the_Rams">
    <dbpedia-owl:author rdf:resource="http://dbpedia.org/resource/Tom_Roberts" />
    <dbpprop:artist rdf:resource="http://dbpedia.org/resource/Tom_Roberts" />
  </rdf:Description>
  <rdf:Description rdf:about="http://dbpedia.org/resource/The_Big_Picture_(painting)">
    <dbpedia-owl:author rdf:resource="http://dbpedia.org/resource/Tom_Roberts" />
    <dbpprop:artist rdf:resource="http://dbpedia.org/resource/Tom_Roberts" />
  </rdf:Description>
  <rdf:Description rdf:about="http://dbpedia.org/resource/The_Golden_Fleece_(painting)">
    <dbpedia-owl:author rdf:resource="http://dbpedia.org/resource/Tom_Roberts" />
    <dbpprop:artist rdf:resource="http://dbpedia.org/resource/Tom_Roberts" />
  </rdf:Description>
  <rdf:Description rdf:about="http://fr.dbpedia.org/resource/Tom_Roberts">
    <owl:sameAs rdf:resource="http://dbpedia.org/resource/Tom_Roberts" />
  </rdf:Description>
  <rdf:Description rdf:about="http://dbpedia.org/resource/Bailed_Up">
    <dbpedia-owl:author rdf:resource="http://dbpedia.org/resource/Tom_Roberts" />
    <dbpprop:artist rdf:resource="http://dbpedia.org/resource/Tom_Roberts" />
  </rdf:Description>
  <rdf:Description rdf:about="http://dbpedia.org/resource/A_break_away!">
    <dbpedia-owl:author rdf:resource="http://dbpedia.org/resource/Tom_Roberts" />
    <dbpprop:artist rdf:resource="http://dbpedia.org/resource/Tom_Roberts" />
  </rdf:Description>
  <rdf:Description rdf:about="http://dbpedia.org/resource/Roberts,_Tom_William">
    <dbpedia-owl:wikiPageRedirects rdf:resource="http://dbpedia.org/resource/Tom_Roberts" />
  </rdf:Description>
  <rdf:Description rdf:about="http://dbpedia.org/resource/Tom_William_Roberts">
    <dbpedia-owl:wikiPageRedirects rdf:resource="http://dbpedia.org/resource/Tom_Roberts" />
  </rdf:Description>
  <rdf:Description rdf:about="http://dbpedia.org/resource/Coming_South">
    <dbpedia-owl:author rdf:resource="http://dbpedia.org/resource/Tom_Roberts" />
    <dbpprop:artist rdf:resource="http://dbpedia.org/resource/Tom_Roberts" />
  </rdf:Description>
  <rdf:Description rdf:about="http://en.wikipedia.org/wiki/Tom_Roberts">
    <foaf:primaryTopic rdf:resource="http://dbpedia.org/resource/Tom_Roberts" />
  </rdf:Description>
  <rdf:Description rdf:about="http://it.dbpedia.org/resource/Tom_Roberts">
    <owl:sameAs rdf:resource="http://dbpedia.org/resource/Tom_Roberts" />
  </rdf:Description>
  <rdf:Description rdf:about="http://ru.dbpedia.org/resource/Робертс,_Том">
    <owl:sameAs rdf:resource="http://dbpedia.org/resource/Tom_Roberts" />
  </rdf:Description>
  <rdf:Description rdf:about="http://dbpedia.org/resource/Thomas_William_Roberts">
    <dbpedia-owl:wikiPageRedirects rdf:resource="http://dbpedia.org/resource/Tom_Roberts" />
  </rdf:Description>
  <rdf:Description rdf:about="http://nl.dbpedia.org/resource/Tom_Roberts">
    <owl:sameAs rdf:resource="http://dbpedia.org/resource/Tom_Roberts" />
  </rdf:Description>
  <rdf:Description rdf:about="http://wikidata.dbpedia.org/resource/Q1291901">
    <owl:sameAs rdf:resource="http://dbpedia.org/resource/Tom_Roberts" />
  </rdf:Description>
  <rdf:Description rdf:about="http://sh.dbpedia.org/resource/Tom_Roberts">
    <owl:sameAs rdf:resource="http://dbpedia.org/resource/Tom_Roberts" />
  </rdf:Description>
  <rdf:Description rdf:about="http://simple.dbpedia.org/resource/Tom_Roberts">
    <owl:sameAs rdf:resource="http://dbpedia.org/resource/Tom_Roberts" />
  </rdf:Description>
</rdf:RDF>
