<?xml version="1.0" encoding="utf-8" ?>
<rdf:RDF
	xmlns:rdf="http://www.w3.org/1999/02/22-rdf-syntax-ns#"
	xmlns:rdfs="http://www.w3.org/2000/01/rdf-schema#"
	xmlns:owl="http://www.w3.org/2002/07/owl#"
	xmlns:dcterms="http://purl.org/dc/terms/"
	xmlns:dbpedia-owl="http://dbpedia.org/ontology/"
	xmlns:foaf="http://xmlns.com/foaf/0.1/"
	xmlns:dbpprop="http://dbpedia.org/property/"
	xmlns:dc="http://purl.org/dc/elements/1.1/"
	xmlns:ns8="http://www.w3.org/ns/prov#" >
  <rdf:Description rdf:about="http://es.dbpedia.org/resource/Umberto_Boccioni">
    <owl:sameAs rdf:resource="http://dbpedia.org/resource/Umberto_Boccioni" />
  </rdf:Description>
  <rdf:Description rdf:about="http://ja.dbpedia.org/resource/ウンベルト・ボッチョーニ">
    <owl:sameAs rdf:resource="http://dbpedia.org/resource/Umberto_Boccioni" />
  </rdf:Description>
  <rdf:Description rdf:about="http://dbpedia.org/resource/The_City_Rises_(Boccioni)">
    <dbpedia-owl:author rdf:resource="http://dbpedia.org/resource/Umberto_Boccioni" />
  </rdf:Description>
  <rdf:Description rdf:about="http://el.dbpedia.org/resource/Ουμπέρτο_Μποτσιόνι">
    <owl:sameAs rdf:resource="http://dbpedia.org/resource/Umberto_Boccioni" />
  </rdf:Description>
  <rdf:Description rdf:about="http://it.dbpedia.org/resource/Umberto_Boccioni">
    <owl:sameAs rdf:resource="http://dbpedia.org/resource/Umberto_Boccioni" />
  </rdf:Description>
  <rdf:Description rdf:about="http://pt.dbpedia.org/resource/Umberto_Boccioni">
    <owl:sameAs rdf:resource="http://dbpedia.org/resource/Umberto_Boccioni" />
  </rdf:Description>
  <rdf:Description rdf:about="http://ru.dbpedia.org/resource/Боччони,_Умберто">
    <owl:sameAs rdf:resource="http://dbpedia.org/resource/Umberto_Boccioni" />
  </rdf:Description>
  <rdf:Description rdf:about="http://cs.dbpedia.org/resource/Umberto_Boccioni">
    <owl:sameAs rdf:resource="http://dbpedia.org/resource/Umberto_Boccioni" />
  </rdf:Description>
  <rdf:Description rdf:about="http://pl.dbpedia.org/resource/Umberto_Boccioni">
    <owl:sameAs rdf:resource="http://dbpedia.org/resource/Umberto_Boccioni" />
  </rdf:Description>
  <rdf:Description rdf:about="http://dbpedia.org/resource/The_Street_Enters_the_House">
    <dbpedia-owl:author rdf:resource="http://dbpedia.org/resource/Umberto_Boccioni" />
    <dbpprop:artist rdf:resource="http://dbpedia.org/resource/Umberto_Boccioni" />
  </rdf:Description>
  <rdf:Description rdf:about="http://dbpedia.org/resource/Umberto_Boccioni">
    <rdf:type rdf:resource="http://dbpedia.org/class/yago/PhysicalEntity100001930" />
    <rdf:type rdf:resource="http://dbpedia.org/class/yago/Artist109812338" />
    <rdf:type rdf:resource="http://dbpedia.org/class/yago/Painter110391653" />
    <rdf:type rdf:resource="http://dbpedia.org/class/yago/CausalAgent100007347" />
    <rdf:type rdf:resource="http://dbpedia.org/class/yago/Organism100004475" />
    <rdf:type rdf:resource="http://dbpedia.org/class/yago/YagoLegalActor" />
    <rdf:type rdf:resource="http://schema.org/Person" />
    <rdf:type rdf:resource="http://dbpedia.org/class/yago/ItalianAtheists" />
    <rdf:type rdf:resource="http://dbpedia.org/class/yago/Object100002684" />
    <rdf:type rdf:resource="http://dbpedia.org/class/yago/NonreligiousPerson109625789" />
    <rdf:type rdf:resource="http://dbpedia.org/class/yago/Whole100003553" />
    <rdf:type rdf:resource="http://dbpedia.org/class/yago/YagoLegalActorGeo" />
    <rdf:type rdf:resource="http://dbpedia.org/class/yago/Atheist109820044" />
    <rdf:type rdf:resource="http://dbpedia.org/class/yago/PeopleFromReggioCalabria" />
    <rdf:type rdf:resource="http://dbpedia.org/class/yago/FuturistSculptors" />
    <rdf:type rdf:resource="http://dbpedia.org/class/yago/ItalianFuturistPainters" />
    <rdf:type rdf:resource="http://dbpedia.org/class/yago/Person100007846" />
    <rdf:type rdf:resource="http://dbpedia.org/ontology/Person" />
    <rdf:type rdf:resource="http://dbpedia.org/class/yago/ItalianSculptors" />
    <rdf:type rdf:resource="http://dbpedia.org/ontology/Artist" />
    <rdf:type rdf:resource="http://dbpedia.org/ontology/Agent" />
    <rdf:type rdf:resource="http://dbpedia.org/class/yago/LivingThing100004258" />
    <rdf:type rdf:resource="http://xmlns.com/foaf/0.1/Person" />
    <rdf:type rdf:resource="http://dbpedia.org/class/yago/Sculptor110566072" />
    <rdf:type rdf:resource="http://dbpedia.org/class/yago/Creator109614315" />
    <rdf:type rdf:resource="http://dbpedia.org/class/yago/Disbeliever110015897" />
    <rdf:type rdf:resource="http://www.w3.org/2002/07/owl#Thing" />
    <owl:sameAs rdf:resource="http://ja.dbpedia.org/resource/ウンベルト・ボッチョーニ" />
    <owl:sameAs rdf:resource="http://nl.dbpedia.org/resource/Umberto_Boccioni" />
    <owl:sameAs rdf:resource="http://fi.dbpedia.org/resource/Umberto_Boccioni" />
    <owl:sameAs rdf:resource="http://pt.dbpedia.org/resource/Umberto_Boccioni" />
    <owl:sameAs rdf:resource="http://be.dbpedia.org/resource/Умберта_Бачоні" />
    <owl:sameAs rdf:resource="http://rdf.freebase.com/ns/m.01m_nb" />
    <owl:sameAs rdf:resource="http://yago-knowledge.org/resource/Umberto_Boccioni" />
    <owl:sameAs rdf:resource="http://eu.dbpedia.org/resource/Umberto_Boccioni" />
    <owl:sameAs rdf:resource="http://la.dbpedia.org/resource/Humbertus_Boccioni" />
    <owl:sameAs rdf:resource="http://ar.dbpedia.org/resource/أومبرتو_بوكيوني" />
    <owl:sameAs rdf:resource="http://fa.dbpedia.org/resource/اومبرتو_بوچونی" />
    <owl:sameAs rdf:resource="http://www.wikidata.org/entity/Q152797" />
    <owl:sameAs rdf:resource="http://sh.dbpedia.org/resource/Umberto_Boccioni" />
    <owl:sameAs rdf:resource="http://sv.dbpedia.org/resource/Umberto_Boccioni" />
    <owl:sameAs rdf:resource="http://es.dbpedia.org/resource/Umberto_Boccioni" />
    <owl:sameAs rdf:resource="http://pl.dbpedia.org/resource/Umberto_Boccioni" />
    <owl:sameAs rdf:resource="http://ro.dbpedia.org/resource/Umberto_Boccioni" />
    <owl:sameAs rdf:resource="http://cs.dbpedia.org/resource/Umberto_Boccioni" />
    <owl:sameAs rdf:resource="http://fr.dbpedia.org/resource/Umberto_Boccioni" />
    <owl:sameAs rdf:resource="http://ca.dbpedia.org/resource/Umberto_Boccioni" />
    <owl:sameAs rdf:resource="http://bg.dbpedia.org/resource/Умберто_Бочони" />
    <owl:sameAs rdf:resource="http://nn.dbpedia.org/resource/Umberto_Boccioni" />
    <owl:sameAs rdf:resource="http://de.dbpedia.org/resource/Umberto_Boccioni" />
    <owl:sameAs rdf:resource="http://da.dbpedia.org/resource/Umberto_Boccioni" />
    <owl:sameAs rdf:resource="http://it.dbpedia.org/resource/Umberto_Boccioni" />
    <owl:sameAs rdf:resource="http://hu.dbpedia.org/resource/Umberto_Boccioni" />
    <owl:sameAs rdf:resource="http://he.dbpedia.org/resource/אומברטו_בוצ&#39;וני" />
    <owl:sameAs rdf:resource="http://et.dbpedia.org/resource/Umberto_Boccioni" />
    <owl:sameAs rdf:resource="http://ru.dbpedia.org/resource/Боччони,_Умберто" />
    <owl:sameAs rdf:resource="http://th.dbpedia.org/resource/อุมแบร์โต_บอชโชนี" />
    <owl:sameAs rdf:resource="http://dbpedia.org/resource/Umberto_Boccioni" />
    <owl:sameAs rdf:resource="http://no.dbpedia.org/resource/Umberto_Boccioni" />
    <owl:sameAs rdf:resource="http://hr.dbpedia.org/resource/Umberto_Boccioni" />
    <owl:sameAs rdf:resource="http://ga.dbpedia.org/resource/Umberto_Boccioni" />
    <owl:sameAs rdf:resource="http://io.dbpedia.org/resource/Umberto_Boccioni" />
    <owl:sameAs rdf:resource="http://zh.dbpedia.org/resource/翁貝托·薄邱尼" />
    <owl:sameAs rdf:resource="http://el.dbpedia.org/resource/Ουμπέρτο_Μποτσιόνι" />
    <dcterms:subject rdf:resource="http://dbpedia.org/resource/Category:Italian_painters" />
    <dcterms:subject rdf:resource="http://dbpedia.org/resource/Category:Italian_artists" />
    <dcterms:subject rdf:resource="http://dbpedia.org/resource/Category:People_from_Reggio_Calabria" />
    <dcterms:subject rdf:resource="http://dbpedia.org/resource/Category:1916_deaths" />
    <dcterms:subject rdf:resource="http://dbpedia.org/resource/Category:Italian_sculptors" />
    <dcterms:subject rdf:resource="http://dbpedia.org/resource/Category:Deaths_by_horse-riding_accident" />
    <dcterms:subject rdf:resource="http://dbpedia.org/resource/Category:Italian_military_personnel_killed_in_World_War_I" />
    <dcterms:subject rdf:resource="http://dbpedia.org/resource/Category:Futurist_sculptors" />
    <dcterms:subject rdf:resource="http://dbpedia.org/resource/Category:Italian_Futurist_painters" />
    <dcterms:subject rdf:resource="http://dbpedia.org/resource/Category:1882_births" />
    <dcterms:subject rdf:resource="http://dbpedia.org/resource/Category:Futurist_painters" />
    <dbpedia-owl:abstract xml:lang="zh">翁貝托·薄邱尼（義大利語：Umberto Boccioni，1882年8月19日－1916年8月17日）是義大利的畫家、雕塑家以及未來主義提倡者。</dbpedia-owl:abstract>
    <dbpedia-owl:abstract xml:lang="es">Umberto Boccioni fue un pintor y escultor italiano, teórico y principal exponente del movimiento futurista.</dbpedia-owl:abstract>
    <dbpedia-owl:abstract xml:lang="nl">Umberto Boccioni was een Italiaanse schilder en beeldhouwer. Hij was een belangrijke exponent van het Futurisme.</dbpedia-owl:abstract>
    <dbpedia-owl:abstract xml:lang="fr">Umberto Boccioni est un peintre et sculpteur futuriste italien, né le 19 octobre 1882 à Reggio de Calabre, mort le 16 août 1916 à Vérone.</dbpedia-owl:abstract>
    <dbpedia-owl:abstract xml:lang="en">Umberto Boccioni (19 October 1882 – 17 August 1916) was an influential Italian painter and sculptor. He helped shape the revolutionary aesthetic of the Futurism movement as one of its principal figures. Despite his short life, his approach to the dynamism of form and the deconstruction of solid mass guided artists long after his death. His works are held by many public art museums, and in 1988 the Museum of Modern Art in New York organized a major retrospective of 100 pieces.</dbpedia-owl:abstract>
    <dbpedia-owl:abstract xml:lang="ru">Умбе́рто Боччо́ни — итальянский художник, скульптор и теоретик футуризма.</dbpedia-owl:abstract>
    <dbpedia-owl:abstract xml:lang="ja">ウンベルト・ボッチョーニ（Umberto Boccioni、1882年10月19日 - 1916年8月17日）はイタリアの画家、彫刻家、理論家。彼はマルクス主義者のアナキストであり、未来派の主要メンバーでもあった。</dbpedia-owl:abstract>
    <dbpedia-owl:abstract xml:lang="sv">Umberto Boccioni, född 19 oktober 1882, död 16 augusti 1916 i Verona, var en italiensk futurist, målare och skulptör som studerade för Giacomo Balla i Rom. Inspirerad av Marinettis futuristiska manifest 1909 utgav Boccioni året därpå De futuristiska målarnas manifest. Han medverkade i en utställning av futuristisk konst i Paris 1912 och sammanfattade futurismens ideal i boken Pittura, scultura futuriste (1914). Karakteristiska verk är Staden vaknar (1910) och skulpturen Kontinuitetens former i rummet (1913) som är avbildad på baksidan av italienska 20 centen (euro). Wikimedia Commons har media som rör Umberto BoccioniBilder &amp; media</dbpedia-owl:abstract>
    <dbpedia-owl:abstract xml:lang="pt">Umberto Boccioni foi um pintor e escultor italiano, do movimento futurista. É talvez o mais célebre futurista italiano. Estudou pintura impressionista e pós-impressionista em Paris, e depois em Veneza, na Academia de Belas Artes. Realizou atividades de ilustrador e produtor de cartazes. Foi aluno de Giacomo Balla, outro integrante da vanguarda futurista. Boccioni começa a realizar esculturas a partir de 1912. A maioria de suas obras eram realizadas em gesso, e muitas foram destruídas. A sua escultura Formas Únicas de Continuidade no Espaço é um marco do movimento futurista e da cultura do modernismo europeia, sinónimo de vanguarda e inovação, colocando-o na linha frontal da História de Arte da primeira metade do século XX. A escultura aparece no verso de algumas moedas italianas. Publicou diversos textos sobre a estética Futurista, onde destaca-se o livro Pittura Scultura Futuriste, que concentra todo o ideário artístico do movimento, escrito em 1914. Boccioni falece em 1916, em Sorte,Verona, devido a uma queda de cavalo.</dbpedia-owl:abstract>
    <dbpedia-owl:abstract xml:lang="de">Umberto Boccioni war ein italienischer Maler und Bildhauer des Futurismus.</dbpedia-owl:abstract>
    <dbpedia-owl:abstract xml:lang="it"></dbpedia-owl:abstract>
    <dbpedia-owl:abstract xml:lang="pl">Umberto Boccioni – włoski malarz i rzeźbiarz; jeden z twórców futuryzmu, współautor Manifestu futuryzmu (1909).</dbpedia-owl:abstract>
    <dbpedia-owl:birthDate rdf:datatype="http://www.w3.org/2001/XMLSchema#date">1882-10-19</dbpedia-owl:birthDate>
    <dbpedia-owl:deathDate rdf:datatype="http://www.w3.org/2001/XMLSchema#date">1916-08-17</dbpedia-owl:deathDate>
    <dbpedia-owl:individualisedPnd xml:lang="de">118512188</dbpedia-owl:individualisedPnd>
    <dbpedia-owl:influencedBy rdf:resource="http://dbpedia.org/resource/Giacomo_Balla" />
    <dbpedia-owl:movement rdf:resource="http://dbpedia.org/resource/Futurism" />
    <dbpedia-owl:nationality rdf:resource="http://dbpedia.org/resource/Italians" />
    <dbpedia-owl:training rdf:resource="http://dbpedia.org/resource/Accademia_di_Belle_Arti_Firenze" />
    <dbpedia-owl:wikiPageID rdf:datatype="http://www.w3.org/2001/XMLSchema#integer">262823</dbpedia-owl:wikiPageID>
    <dbpedia-owl:wikiPageRevisionID rdf:datatype="http://www.w3.org/2001/XMLSchema#integer">545018799</dbpedia-owl:wikiPageRevisionID>
    <rdfs:label xml:lang="sv">Umberto Boccioni</rdfs:label>
    <rdfs:label xml:lang="pl">Umberto Boccioni</rdfs:label>
    <rdfs:label xml:lang="ja">ウンベルト・ボッチョーニ</rdfs:label>
    <rdfs:label xml:lang="it">Umberto Boccioni</rdfs:label>
    <rdfs:label xml:lang="de">Umberto Boccioni</rdfs:label>
    <rdfs:label xml:lang="es">Umberto Boccioni</rdfs:label>
    <rdfs:label xml:lang="fr">Umberto Boccioni</rdfs:label>
    <rdfs:label xml:lang="en">Umberto Boccioni</rdfs:label>
    <rdfs:label xml:lang="zh">翁貝托·薄邱尼</rdfs:label>
    <rdfs:label xml:lang="ru">Боччони, Умберто</rdfs:label>
    <rdfs:label xml:lang="pt">Umberto Boccioni</rdfs:label>
    <rdfs:label xml:lang="nl">Umberto Boccioni</rdfs:label>
    <foaf:depiction rdf:resource="http://upload.wikimedia.org/wikipedia/commons/5/5d/Umberto-Boccioni.jpg" />
    <rdfs:comment xml:lang="zh">翁貝托·薄邱尼（義大利語：Umberto Boccioni，1882年8月19日－1916年8月17日）是義大利的畫家、雕塑家以及未來主義提倡者。</rdfs:comment>
    <rdfs:comment xml:lang="en">Umberto Boccioni (19 October 1882 – 17 August 1916) was an influential Italian painter and sculptor. He helped shape the revolutionary aesthetic of the Futurism movement as one of its principal figures. Despite his short life, his approach to the dynamism of form and the deconstruction of solid mass guided artists long after his death. His works are held by many public art museums, and in 1988 the Museum of Modern Art in New York organized a major retrospective of 100 pieces.</rdfs:comment>
    <rdfs:comment xml:lang="fr">Umberto Boccioni est un peintre et sculpteur futuriste italien, né le 19 octobre 1882 à Reggio de Calabre, mort le 16 août 1916 à Vérone.</rdfs:comment>
    <rdfs:comment xml:lang="pl">Umberto Boccioni – włoski malarz i rzeźbiarz; jeden z twórców futuryzmu, współautor Manifestu futuryzmu (1909).</rdfs:comment>
    <rdfs:comment xml:lang="de">Umberto Boccioni war ein italienischer Maler und Bildhauer des Futurismus.</rdfs:comment>
    <rdfs:comment xml:lang="nl">Umberto Boccioni was een Italiaanse schilder en beeldhouwer. Hij was een belangrijke exponent van het Futurisme.</rdfs:comment>
    <rdfs:comment xml:lang="pt">Umberto Boccioni foi um pintor e escultor italiano, do movimento futurista. É talvez o mais célebre futurista italiano. Estudou pintura impressionista e pós-impressionista em Paris, e depois em Veneza, na Academia de Belas Artes. Realizou atividades de ilustrador e produtor de cartazes. Foi aluno de Giacomo Balla, outro integrante da vanguarda futurista. Boccioni começa a realizar esculturas a partir de 1912. A maioria de suas obras eram realizadas em gesso, e muitas foram destruídas.</rdfs:comment>
    <rdfs:comment xml:lang="ja">ウンベルト・ボッチョーニ（Umberto Boccioni、1882年10月19日 - 1916年8月17日）はイタリアの画家、彫刻家、理論家。彼はマルクス主義者のアナキストであり、未来派の主要メンバーでもあった。</rdfs:comment>
    <rdfs:comment xml:lang="sv">Umberto Boccioni, född 19 oktober 1882, död 16 augusti 1916 i Verona, var en italiensk futurist, målare och skulptör som studerade för Giacomo Balla i Rom. Inspirerad av Marinettis futuristiska manifest 1909 utgav Boccioni året därpå De futuristiska målarnas manifest. Han medverkade i en utställning av futuristisk konst i Paris 1912 och sammanfattade futurismens ideal i boken Pittura, scultura futuriste (1914).</rdfs:comment>
    <rdfs:comment xml:lang="it"></rdfs:comment>
    <rdfs:comment xml:lang="ru">Умбе́рто Боччо́ни — итальянский художник, скульптор и теоретик футуризма.</rdfs:comment>
    <rdfs:comment xml:lang="es">Umberto Boccioni fue un pintor y escultor italiano, teórico y principal exponente del movimiento futurista.</rdfs:comment>
    <foaf:name xml:lang="en">Umberto Boccioni</foaf:name>
    <dbpedia-owl:thumbnail rdf:resource="http://upload.wikimedia.org/wikipedia/commons/thumb/5/5d/Umberto-Boccioni.jpg/200px-Umberto-Boccioni.jpg" />
    <dbpedia-owl:wikiPageExternalLink rdf:resource="http://www.sprengel-museum.de/v1/englisch/02munds/boccioni/ub_ls_a.html" />
    <dbpedia-owl:wikiPageExternalLink rdf:resource="http://hdl.handle.net/10020/cifa880380" />
    <dbpedia-owl:wikiPageExternalLink rdf:resource="http://libmma.contentdm.oclc.org/cdm/compoundobject/collection/p15324coll10/id/63590/rec/293" />
    <dbpprop:bgcolour xml:lang="en">#6495ED</dbpprop:bgcolour>
    <dbpprop:birthDate rdf:datatype="http://www.w3.org/2001/XMLSchema#date">1882-10-19</dbpprop:birthDate>
    <dbpprop:birthPlace rdf:resource="http://dbpedia.org/resource/Reggio_Calabria" />
    <dbpprop:birthPlace rdf:resource="http://dbpedia.org/resource/Italy" />
    <dbpprop:caption xml:lang="en">Umberto Boccioni self-portrait</dbpprop:caption>
    <dbpprop:dateOfBirth rdf:datatype="http://www.w3.org/2001/XMLSchema#integer">19</dbpprop:dateOfBirth>
    <dbpprop:dateOfDeath rdf:datatype="http://www.w3.org/2001/XMLSchema#integer">17</dbpprop:dateOfDeath>
    <dbpprop:deathDate rdf:datatype="http://www.w3.org/2001/XMLSchema#gMonthDay">--08-17</dbpprop:deathDate>
    <dbpprop:deathPlace rdf:resource="http://dbpedia.org/resource/Verona" />
    <dbpprop:deathPlace rdf:resource="http://dbpedia.org/resource/Italy" />
    <dbpprop:influencedBy rdf:resource="http://dbpedia.org/resource/Giacomo_Balla" />
    <dbpprop:lccn xml:lang="en">n/79/54518</dbpprop:lccn>
    <dbpprop:movement rdf:resource="http://dbpedia.org/resource/Futurism" />
    <dbpprop:name xml:lang="en">Boccioni, Umberto</dbpprop:name>
    <dbpprop:name xml:lang="en">Umberto Boccioni</dbpprop:name>
    <dbpprop:nationality rdf:resource="http://dbpedia.org/resource/Italians" />
    <dbpprop:shortDescription xml:lang="en">Italian painter</dbpprop:shortDescription>
    <dbpprop:training rdf:resource="http://dbpedia.org/resource/Accademia_di_Belle_Arti_Firenze" />
    <dbpprop:viaf rdf:datatype="http://www.w3.org/2001/XMLSchema#integer">51685971</dbpprop:viaf>
    <dbpprop:works rdf:resource="http://dbpedia.org/resource/The_Street_Enters_the_House" />
    <dbpprop:works rdf:resource="http://dbpedia.org/resource/Unique_Forms_of_Continuity_in_Space" />
    <dbpprop:works rdf:resource="http://dbpedia.org/resource/The_City_Rises_(Boccioni)" />
    <foaf:givenName xml:lang="en">Umberto</foaf:givenName>
    <foaf:isPrimaryTopicOf rdf:resource="http://en.wikipedia.org/wiki/Umberto_Boccioni" />
    <dc:description xml:lang="en">Italian painter</dc:description>
    <ns8:wasDerivedFrom rdf:resource="http://en.wikipedia.org/wiki/Umberto_Boccioni?oldid=545018799" />
    <dbpprop:hasPhotoCollection rdf:resource="http://wifo5-03.informatik.uni-mannheim.de/flickrwrappr/photos/Umberto_Boccioni" />
    <foaf:surname xml:lang="en">Boccioni</foaf:surname>
  </rdf:Description>
  <rdf:Description rdf:about="http://dbpedia.org/resource/Boccioni">
    <dbpedia-owl:wikiPageRedirects rdf:resource="http://dbpedia.org/resource/Umberto_Boccioni" />
  </rdf:Description>
  <rdf:Description rdf:about="http://dbpedia.org/resource/Umberto">
    <dbpedia-owl:wikiPageDisambiguates rdf:resource="http://dbpedia.org/resource/Umberto_Boccioni" />
  </rdf:Description>
  <rdf:Description rdf:about="http://dbpedia.org/resource/Unique_Forms_of_Continuity_in_Space">
    <dbpedia-owl:author rdf:resource="http://dbpedia.org/resource/Umberto_Boccioni" />
    <dbpprop:artist rdf:resource="http://dbpedia.org/resource/Umberto_Boccioni" />
  </rdf:Description>
  <rdf:Description rdf:about="http://de.dbpedia.org/resource/Umberto_Boccioni">
    <owl:sameAs rdf:resource="http://dbpedia.org/resource/Umberto_Boccioni" />
  </rdf:Description>
  <rdf:Description rdf:about="http://fr.dbpedia.org/resource/Umberto_Boccioni">
    <owl:sameAs rdf:resource="http://dbpedia.org/resource/Umberto_Boccioni" />
  </rdf:Description>
  <rdf:Description rdf:about="http://en.wikipedia.org/wiki/Umberto_Boccioni">
    <foaf:primaryTopic rdf:resource="http://dbpedia.org/resource/Umberto_Boccioni" />
  </rdf:Description>
  <rdf:Description rdf:about="http://dbpedia.org/resource/Development_of_a_Bottle_in_Space">
    <dbpedia-owl:author rdf:resource="http://dbpedia.org/resource/Umberto_Boccioni" />
    <dbpprop:artist rdf:resource="http://dbpedia.org/resource/Umberto_Boccioni" />
  </rdf:Description>
  <rdf:Description rdf:about="http://nl.dbpedia.org/resource/Umberto_Boccioni">
    <owl:sameAs rdf:resource="http://dbpedia.org/resource/Umberto_Boccioni" />
  </rdf:Description>
  <rdf:Description rdf:about="http://eu.dbpedia.org/resource/Umberto_Boccioni">
    <owl:sameAs rdf:resource="http://dbpedia.org/resource/Umberto_Boccioni" />
  </rdf:Description>
  <rdf:Description rdf:about="http://dbpedia.org/resource/Modern_Idol">
    <dbpedia-owl:author rdf:resource="http://dbpedia.org/resource/Umberto_Boccioni" />
    <dbpprop:artist rdf:resource="http://dbpedia.org/resource/Umberto_Boccioni" />
  </rdf:Description>
  <rdf:Description rdf:about="http://wikidata.dbpedia.org/resource/Q152797">
    <owl:sameAs rdf:resource="http://dbpedia.org/resource/Umberto_Boccioni" />
  </rdf:Description>
  <rdf:Description rdf:about="http://zh.dbpedia.org/resource/翁貝托·薄邱尼">
    <owl:sameAs rdf:resource="http://dbpedia.org/resource/Umberto_Boccioni" />
  </rdf:Description>
  <rdf:Description rdf:about="http://ar.dbpedia.org/resource/أومبرتو_بوكيوني">
    <owl:sameAs rdf:resource="http://dbpedia.org/resource/Umberto_Boccioni" />
  </rdf:Description>
  <rdf:Description rdf:about="http://be.dbpedia.org/resource/Умберта_Бачоні">
    <owl:sameAs rdf:resource="http://dbpedia.org/resource/Umberto_Boccioni" />
  </rdf:Description>
  <rdf:Description rdf:about="http://bg.dbpedia.org/resource/Умберто_Бочони">
    <owl:sameAs rdf:resource="http://dbpedia.org/resource/Umberto_Boccioni" />
  </rdf:Description>
  <rdf:Description rdf:about="http://ca.dbpedia.org/resource/Umberto_Boccioni">
    <owl:sameAs rdf:resource="http://dbpedia.org/resource/Umberto_Boccioni" />
  </rdf:Description>
  <rdf:Description rdf:about="http://da.dbpedia.org/resource/Umberto_Boccioni">
    <owl:sameAs rdf:resource="http://dbpedia.org/resource/Umberto_Boccioni" />
  </rdf:Description>
  <rdf:Description rdf:about="http://et.dbpedia.org/resource/Umberto_Boccioni">
    <owl:sameAs rdf:resource="http://dbpedia.org/resource/Umberto_Boccioni" />
  </rdf:Description>
  <rdf:Description rdf:about="http://fa.dbpedia.org/resource/اومبرتو_بوچونی">
    <owl:sameAs rdf:resource="http://dbpedia.org/resource/Umberto_Boccioni" />
  </rdf:Description>
  <rdf:Description rdf:about="http://fi.dbpedia.org/resource/Umberto_Boccioni">
    <owl:sameAs rdf:resource="http://dbpedia.org/resource/Umberto_Boccioni" />
  </rdf:Description>
  <rdf:Description rdf:about="http://ga.dbpedia.org/resource/Umberto_Boccioni">
    <owl:sameAs rdf:resource="http://dbpedia.org/resource/Umberto_Boccioni" />
  </rdf:Description>
  <rdf:Description rdf:about="http://he.dbpedia.org/resource/אומברטו_בוצ&#39;וני">
    <owl:sameAs rdf:resource="http://dbpedia.org/resource/Umberto_Boccioni" />
  </rdf:Description>
  <rdf:Description rdf:about="http://hr.dbpedia.org/resource/Umberto_Boccioni">
    <owl:sameAs rdf:resource="http://dbpedia.org/resource/Umberto_Boccioni" />
  </rdf:Description>
  <rdf:Description rdf:about="http://hu.dbpedia.org/resource/Umberto_Boccioni">
    <owl:sameAs rdf:resource="http://dbpedia.org/resource/Umberto_Boccioni" />
  </rdf:Description>
  <rdf:Description rdf:about="http://io.dbpedia.org/resource/Umberto_Boccioni">
    <owl:sameAs rdf:resource="http://dbpedia.org/resource/Umberto_Boccioni" />
  </rdf:Description>
  <rdf:Description rdf:about="http://la.dbpedia.org/resource/Humbertus_Boccioni">
    <owl:sameAs rdf:resource="http://dbpedia.org/resource/Umberto_Boccioni" />
  </rdf:Description>
  <rdf:Description rdf:about="http://nn.dbpedia.org/resource/Umberto_Boccioni">
    <owl:sameAs rdf:resource="http://dbpedia.org/resource/Umberto_Boccioni" />
  </rdf:Description>
  <rdf:Description rdf:about="http://no.dbpedia.org/resource/Umberto_Boccioni">
    <owl:sameAs rdf:resource="http://dbpedia.org/resource/Umberto_Boccioni" />
  </rdf:Description>
  <rdf:Description rdf:about="http://ro.dbpedia.org/resource/Umberto_Boccioni">
    <owl:sameAs rdf:resource="http://dbpedia.org/resource/Umberto_Boccioni" />
  </rdf:Description>
  <rdf:Description rdf:about="http://sh.dbpedia.org/resource/Umberto_Boccioni">
    <owl:sameAs rdf:resource="http://dbpedia.org/resource/Umberto_Boccioni" />
  </rdf:Description>
  <rdf:Description rdf:about="http://sv.dbpedia.org/resource/Umberto_Boccioni">
    <owl:sameAs rdf:resource="http://dbpedia.org/resource/Umberto_Boccioni" />
  </rdf:Description>
  <rdf:Description rdf:about="http://th.dbpedia.org/resource/อุมแบร์โต_บอชโชนี">
    <owl:sameAs rdf:resource="http://dbpedia.org/resource/Umberto_Boccioni" />
  </rdf:Description>
</rdf:RDF>
