<?xml version="1.0" encoding="utf-8" ?>
<rdf:RDF
	xmlns:rdf="http://www.w3.org/1999/02/22-rdf-syntax-ns#"
	xmlns:rdfs="http://www.w3.org/2000/01/rdf-schema#"
	xmlns:owl="http://www.w3.org/2002/07/owl#"
	xmlns:dcterms="http://purl.org/dc/terms/"
	xmlns:dbpedia-owl="http://dbpedia.org/ontology/"
	xmlns:foaf="http://xmlns.com/foaf/0.1/"
	xmlns:dbpprop="http://dbpedia.org/property/"
	xmlns:dc="http://purl.org/dc/elements/1.1/"
	xmlns:ns8="http://www.w3.org/ns/prov#" >
  <rdf:Description rdf:about="http://dbpedia.org/resource/Hart_Crane">
    <dbpedia-owl:influencedBy rdf:resource="http://dbpedia.org/resource/William_Blake" />
    <dbpprop:influences rdf:resource="http://dbpedia.org/resource/William_Blake" />
  </rdf:Description>
  <rdf:Description rdf:about="http://dbpedia.org/resource/Ted_Hughes">
    <dbpedia-owl:influencedBy rdf:resource="http://dbpedia.org/resource/William_Blake" />
    <dbpprop:influences rdf:resource="http://dbpedia.org/resource/William_Blake" />
  </rdf:Description>
  <rdf:Description rdf:about="http://dbpedia.org/resource/Alan_Moore">
    <dbpedia-owl:influencedBy rdf:resource="http://dbpedia.org/resource/William_Blake" />
    <dbpprop:influences rdf:resource="http://dbpedia.org/resource/William_Blake" />
  </rdf:Description>
  <rdf:Description rdf:about="http://dbpedia.org/resource/Aldous_Huxley">
    <dbpedia-owl:influencedBy rdf:resource="http://dbpedia.org/resource/William_Blake" />
    <dbpprop:influences rdf:resource="http://dbpedia.org/resource/William_Blake" />
  </rdf:Description>
  <rdf:Description rdf:about="http://dbpedia.org/resource/Tracy_Chevalier">
    <dbpedia-owl:influencedBy rdf:resource="http://dbpedia.org/resource/William_Blake" />
    <dbpprop:influences rdf:resource="http://dbpedia.org/resource/William_Blake" />
  </rdf:Description>
  <rdf:Description rdf:about="http://dbpedia.org/resource/Blakey_Vermeule">
    <dbpedia-owl:influencedBy rdf:resource="http://dbpedia.org/resource/William_Blake" />
    <dbpprop:influences rdf:resource="http://dbpedia.org/resource/William_Blake" />
  </rdf:Description>
  <rdf:Description rdf:about="http://dbpedia.org/resource/Clive_Barker">
    <dbpedia-owl:influencedBy rdf:resource="http://dbpedia.org/resource/William_Blake" />
    <dbpprop:influences rdf:resource="http://dbpedia.org/resource/William_Blake" />
  </rdf:Description>
  <rdf:Description rdf:about="http://dbpedia.org/resource/Kenneth_Patchen">
    <dbpedia-owl:influencedBy rdf:resource="http://dbpedia.org/resource/William_Blake" />
    <dbpprop:influences rdf:resource="http://dbpedia.org/resource/William_Blake" />
  </rdf:Description>
  <rdf:Description rdf:about="http://dbpedia.org/resource/Lucy_&amp;_Carly_%E2%80%93_The_Simon_Sisters_Sing_for_Children">
    <dbpprop:extra rdf:resource="http://dbpedia.org/resource/William_Blake" />
  </rdf:Description>
  <rdf:Description rdf:about="http://dbpedia.org/resource/David_Almond">
    <dbpedia-owl:influencedBy rdf:resource="http://dbpedia.org/resource/William_Blake" />
    <dbpprop:influences rdf:resource="http://dbpedia.org/resource/William_Blake" />
  </rdf:Description>
  <rdf:Description rdf:about="http://dbpedia.org/resource/Frank_Stanford">
    <dbpedia-owl:influencedBy rdf:resource="http://dbpedia.org/resource/William_Blake" />
    <dbpprop:influences rdf:resource="http://dbpedia.org/resource/William_Blake" />
  </rdf:Description>
  <rdf:Description rdf:about="http://dbpedia.org/resource/Garth_Von_Buchholz">
    <dbpedia-owl:influencedBy rdf:resource="http://dbpedia.org/resource/William_Blake" />
    <dbpprop:influences rdf:resource="http://dbpedia.org/resource/William_Blake" />
  </rdf:Description>
  <rdf:Description rdf:about="http://dbpedia.org/resource/Isa%C3%ADas_D&#39;Oleo_Ochoa">
    <dbpedia-owl:influencedBy rdf:resource="http://dbpedia.org/resource/William_Blake" />
    <dbpprop:influences rdf:resource="http://dbpedia.org/resource/William_Blake" />
  </rdf:Description>
  <rdf:Description rdf:about="http://dbpedia.org/resource/Jacques_Hamelink">
    <dbpedia-owl:influencedBy rdf:resource="http://dbpedia.org/resource/William_Blake" />
    <dbpprop:influences rdf:resource="http://dbpedia.org/resource/William_Blake" />
  </rdf:Description>
  <rdf:Description rdf:about="http://dbpedia.org/resource/Jaime_S%C3%A1enz">
    <dbpedia-owl:influencedBy rdf:resource="http://dbpedia.org/resource/William_Blake" />
    <dbpprop:influences rdf:resource="http://dbpedia.org/resource/William_Blake" />
  </rdf:Description>
  <rdf:Description rdf:about="http://dbpedia.org/resource/Julien_Green">
    <dbpedia-owl:influencedBy rdf:resource="http://dbpedia.org/resource/William_Blake" />
    <dbpprop:influences rdf:resource="http://dbpedia.org/resource/William_Blake" />
  </rdf:Description>
  <rdf:Description rdf:about="http://dbpedia.org/resource/Blake">
    <dbpedia-owl:wikiPageDisambiguates rdf:resource="http://dbpedia.org/resource/William_Blake" />
  </rdf:Description>
  <rdf:Description rdf:about="http://dbpedia.org/resource/Jesse_Ewles">
    <dbpprop:influences rdf:resource="http://dbpedia.org/resource/William_Blake" />
  </rdf:Description>
  <rdf:Description rdf:about="http://de.dbpedia.org/resource/William_Blake">
    <owl:sameAs rdf:resource="http://dbpedia.org/resource/William_Blake" />
  </rdf:Description>
  <rdf:Description rdf:about="http://fr.dbpedia.org/resource/William_Blake">
    <owl:sameAs rdf:resource="http://dbpedia.org/resource/William_Blake" />
  </rdf:Description>
  <rdf:Description rdf:about="http://ru.dbpedia.org/resource/Блейк,_Уильям">
    <owl:sameAs rdf:resource="http://dbpedia.org/resource/William_Blake" />
  </rdf:Description>
  <rdf:Description rdf:about="http://dbpedia.org/resource/Dante_Alighieri">
    <dbpedia-owl:influenced rdf:resource="http://dbpedia.org/resource/William_Blake" />
  </rdf:Description>
  <rdf:Description rdf:about="http://dbpedia.org/resource/John_Brooks_Wheelwright">
    <dbpedia-owl:influencedBy rdf:resource="http://dbpedia.org/resource/William_Blake" />
    <dbpprop:influences rdf:resource="http://dbpedia.org/resource/William_Blake" />
  </rdf:Description>
  <rdf:Description rdf:about="http://dbpedia.org/resource/G._K._Chesterton">
    <dbpedia-owl:influencedBy rdf:resource="http://dbpedia.org/resource/William_Blake" />
  </rdf:Description>
  <rdf:Description rdf:about="http://dbpedia.org/resource/Juliusz_S%C5%82owacki">
    <dbpedia-owl:influencedBy rdf:resource="http://dbpedia.org/resource/William_Blake" />
    <dbpprop:influences rdf:resource="http://dbpedia.org/resource/William_Blake" />
  </rdf:Description>
  <rdf:Description rdf:about="http://dbpedia.org/resource/Maurice_Sendak">
    <dbpedia-owl:influencedBy rdf:resource="http://dbpedia.org/resource/William_Blake" />
  </rdf:Description>
  <rdf:Description rdf:about="http://dbpedia.org/resource/Paulo_Coelho">
    <dbpedia-owl:influencedBy rdf:resource="http://dbpedia.org/resource/William_Blake" />
    <dbpprop:influences rdf:resource="http://dbpedia.org/resource/William_Blake" />
  </rdf:Description>
  <rdf:Description rdf:about="http://dbpedia.org/resource/Philip_Pullman">
    <dbpedia-owl:influencedBy rdf:resource="http://dbpedia.org/resource/William_Blake" />
    <dbpprop:influences rdf:resource="http://dbpedia.org/resource/William_Blake" />
  </rdf:Description>
  <rdf:Description rdf:about="http://dbpedia.org/resource/William_Blake">
    <rdf:type rdf:resource="http://dbpedia.org/class/yago/EnglishPoets" />
    <rdf:type rdf:resource="http://dbpedia.org/class/yago/Eater110042300" />
    <rdf:type rdf:resource="http://dbpedia.org/class/yago/Believer109847727" />
    <rdf:type rdf:resource="http://dbpedia.org/class/yago/ArtistAuthors" />
    <rdf:type rdf:resource="http://dbpedia.org/class/yago/Mystic110343554" />
    <rdf:type rdf:resource="http://dbpedia.org/class/yago/EnglishAbolitionists" />
    <rdf:type rdf:resource="http://dbpedia.org/class/yago/Vegetarian110747119" />
    <rdf:type rdf:resource="http://dbpedia.org/class/yago/Communicator109610660" />
    <rdf:type rdf:resource="http://dbpedia.org/class/yago/Abolitionist109756637" />
    <rdf:type rdf:resource="http://dbpedia.org/ontology/Writer" />
    <rdf:type rdf:resource="http://dbpedia.org/ontology/Artist" />
    <rdf:type rdf:resource="http://dbpedia.org/ontology/Agent" />
    <rdf:type rdf:resource="http://dbpedia.org/class/yago/Writer110794014" />
    <rdf:type rdf:resource="http://dbpedia.org/class/yago/EnglishRomanticPainters" />
    <rdf:type rdf:resource="http://dbpedia.org/class/yago/Person100007846" />
    <rdf:type rdf:resource="http://dbpedia.org/class/yago/CausalAgent100007347" />
    <rdf:type rdf:resource="http://dbpedia.org/class/yago/Organism100004475" />
    <rdf:type rdf:resource="http://dbpedia.org/class/yago/YagoLegalActor" />
    <rdf:type rdf:resource="http://dbpedia.org/ontology/Person" />
    <rdf:type rdf:resource="http://dbpedia.org/class/yago/Creator109614315" />
    <rdf:type rdf:resource="http://dbpedia.org/class/yago/Dissenter110018021" />
    <rdf:type rdf:resource="http://dbpedia.org/class/yago/ChristianAnarchists" />
    <rdf:type rdf:resource="http://dbpedia.org/class/yago/EnglishAnarchists" />
    <rdf:type rdf:resource="http://dbpedia.org/class/yago/Radical110503452" />
    <rdf:type rdf:resource="http://dbpedia.org/class/yago/Anarchist109791816" />
    <rdf:type rdf:resource="http://dbpedia.org/class/yago/Feminist110084635" />
    <rdf:type rdf:resource="http://dbpedia.org/class/yago/ReligiousPerson109628382" />
    <rdf:type rdf:resource="http://schema.org/Person" />
    <rdf:type rdf:resource="http://dbpedia.org/class/yago/Consumer109612848" />
    <rdf:type rdf:resource="http://dbpedia.org/class/yago/LivingThing100004258" />
    <rdf:type rdf:resource="http://dbpedia.org/class/yago/PhysicalEntity100001930" />
    <rdf:type rdf:resource="http://dbpedia.org/class/yago/Whole100003553" />
    <rdf:type rdf:resource="http://umbel.org/umbel/rc/Writer" />
    <rdf:type rdf:resource="http://dbpedia.org/class/yago/YagoLegalActorGeo" />
    <rdf:type rdf:resource="http://umbel.org/umbel/rc/Artist" />
    <rdf:type rdf:resource="http://dbpedia.org/class/yago/EnglishVegetarians" />
    <rdf:type rdf:resource="http://dbpedia.org/class/yago/WritersWhoIllustratedTheirOwnWriting" />
    <rdf:type rdf:resource="http://dbpedia.org/class/yago/MythopoeicWriters" />
    <rdf:type rdf:resource="http://dbpedia.org/class/yago/Visionary110756433" />
    <rdf:type rdf:resource="http://dbpedia.org/class/yago/EnglishFeminists" />
    <rdf:type rdf:resource="http://dbpedia.org/class/yago/Object100002684" />
    <rdf:type rdf:resource="http://dbpedia.org/class/yago/Diviner110020031" />
    <rdf:type rdf:resource="http://dbpedia.org/class/yago/Intellectual109621545" />
    <rdf:type rdf:resource="http://dbpedia.org/class/yago/Poet110444194" />
    <rdf:type rdf:resource="http://dbpedia.org/class/yago/ChristianMystics" />
    <rdf:type rdf:resource="http://xmlns.com/foaf/0.1/Person" />
    <rdf:type rdf:resource="http://dbpedia.org/class/yago/RomanticPoets" />
    <rdf:type rdf:resource="http://dbpedia.org/class/yago/Artist109812338" />
    <rdf:type rdf:resource="http://dbpedia.org/class/yago/Prophets" />
    <rdf:type rdf:resource="http://dbpedia.org/class/yago/Prophet110483530" />
    <rdf:type rdf:resource="http://dbpedia.org/class/yago/PeopleFromSoho" />
    <rdf:type rdf:resource="http://dbpedia.org/class/yago/Advocate109774783" />
    <rdf:type rdf:resource="http://dbpedia.org/class/yago/EnglishDissenters" />
    <rdf:type rdf:resource="http://dbpedia.org/class/yago/Painter110391653" />
    <rdf:type rdf:resource="http://dbpedia.org/class/yago/FreeLoveAdvocates" />
    <rdf:type rdf:resource="http://dbpedia.org/class/yago/User110741590" />
    <rdf:type rdf:resource="http://dbpedia.org/class/yago/Disputant109615465" />
    <rdf:type rdf:resource="http://dbpedia.org/class/yago/Watercolorist110770545" />
    <rdf:type rdf:resource="http://dbpedia.org/class/yago/Reformer110515194" />
    <rdf:type rdf:resource="http://dbpedia.org/class/yago/EnglishPainters" />
    <rdf:type rdf:resource="http://www.w3.org/2002/07/owl#Thing" />
    <rdf:type rdf:resource="http://dbpedia.org/class/yago/EnglishPrintmakers" />
    <rdf:type rdf:resource="http://dbpedia.org/class/yago/Printmaker110475687" />
    <rdf:type rdf:resource="http://dbpedia.org/class/yago/EnglishWatercolourists" />
    <rdf:type rdf:resource="http://dbpedia.org/class/yago/MaleFeminists" />
    <owl:sameAs rdf:resource="http://ml.dbpedia.org/resource/വില്യം_ബ്ലെയ്ക്ക്" />
    <owl:sameAs rdf:resource="http://ku.dbpedia.org/resource/William_Blake" />
    <owl:sameAs rdf:resource="http://gl.dbpedia.org/resource/William_Blake" />
    <owl:sameAs rdf:resource="http://nl.dbpedia.org/resource/William_Blake" />
    <owl:sameAs rdf:resource="http://sl.dbpedia.org/resource/William_Blake" />
    <owl:sameAs rdf:resource="http://ka.dbpedia.org/resource/უილიამ_ბლეიკი" />
    <owl:sameAs rdf:resource="http://ar.dbpedia.org/resource/ويليام_بليك" />
    <owl:sameAs rdf:resource="http://hr.dbpedia.org/resource/William_Blake" />
    <owl:sameAs rdf:resource="http://tr.dbpedia.org/resource/William_Blake" />
    <owl:sameAs rdf:resource="http://hy.dbpedia.org/resource/Ուիլյամ_Բլեյք" />
    <owl:sameAs rdf:resource="http://hu.dbpedia.org/resource/William_Blake" />
    <owl:sameAs rdf:resource="http://eu.dbpedia.org/resource/William_Blake" />
    <owl:sameAs rdf:resource="http://mk.dbpedia.org/resource/Вилијам_Блејк" />
    <owl:sameAs rdf:resource="http://lt.dbpedia.org/resource/William_Blake" />
    <owl:sameAs rdf:resource="http://simple.dbpedia.org/resource/William_Blake" />
    <owl:sameAs rdf:resource="http://bn.dbpedia.org/resource/উইলিয়াম_ব্লেক" />
    <owl:sameAs rdf:resource="http://be_x_old.dbpedia.org/resource/Ўільям_Блэйк" />
    <owl:sameAs rdf:resource="http://yago-knowledge.org/resource/William_Blake" />
    <owl:sameAs rdf:resource="http://nn.dbpedia.org/resource/William_Blake" />
    <owl:sameAs rdf:resource="http://pa.dbpedia.org/resource/ਵਿੱਲੀਅਮ_ਬਲੇਕ" />
    <owl:sameAs rdf:resource="http://uk.dbpedia.org/resource/Вільям_Блейк" />
    <owl:sameAs rdf:resource="http://sk.dbpedia.org/resource/William_Blake" />
    <owl:sameAs rdf:resource="http://be.dbpedia.org/resource/Уільям_Блэйк" />
    <owl:sameAs rdf:resource="http://ta.dbpedia.org/resource/வில்லியம்_பிளேக்" />
    <owl:sameAs rdf:resource="http://zh_min_nan.dbpedia.org/resource/William_Blake" />
    <owl:sameAs rdf:resource="http://el.dbpedia.org/resource/Ουίλλιαμ_Μπλέηκ" />
    <owl:sameAs rdf:resource="http://la.dbpedia.org/resource/Gulielmus_Blake" />
    <owl:sameAs rdf:resource="http://ca.dbpedia.org/resource/William_Blake" />
    <owl:sameAs rdf:resource="http://zh.dbpedia.org/resource/威廉·布莱克" />
    <owl:sameAs rdf:resource="http://he.dbpedia.org/resource/ויליאם_בלייק" />
    <owl:sameAs rdf:resource="http://fa.dbpedia.org/resource/ویلیام_بلیک" />
    <owl:sameAs rdf:resource="http://it.dbpedia.org/resource/William_Blake" />
    <owl:sameAs rdf:resource="http://ms.dbpedia.org/resource/William_Blake" />
    <owl:sameAs rdf:resource="http://ko.dbpedia.org/resource/윌리엄_블레이크" />
    <owl:sameAs rdf:resource="http://sh.dbpedia.org/resource/William_Blake" />
    <owl:sameAs rdf:resource="http://sr.dbpedia.org/resource/Вилијам_Блејк" />
    <owl:sameAs rdf:resource="http://www.wikidata.org/entity/Q41513" />
    <owl:sameAs rdf:resource="http://fr.dbpedia.org/resource/William_Blake" />
    <owl:sameAs rdf:resource="http://kn.dbpedia.org/resource/ವಿಲಿಯಂ_ಬ್ಲೇಕ್‌" />
    <owl:sameAs rdf:resource="http://pl.dbpedia.org/resource/William_Blake" />
    <owl:sameAs rdf:resource="http://ro.dbpedia.org/resource/William_Blake" />
    <owl:sameAs rdf:resource="http://ckb.dbpedia.org/resource/ویلیام_بلەیک" />
    <owl:sameAs rdf:resource="http://az.dbpedia.org/resource/Vilyam_Bleyk" />
    <owl:sameAs rdf:resource="http://vi.dbpedia.org/resource/William_Blake" />
    <owl:sameAs rdf:resource="http://eo.dbpedia.org/resource/William_Blake" />
    <owl:sameAs rdf:resource="http://th.dbpedia.org/resource/วิลเลียม_เบลก" />
    <owl:sameAs rdf:resource="http://rdf.freebase.com/ns/m.03f70xs" />
    <owl:sameAs rdf:resource="http://es.dbpedia.org/resource/William_Blake" />
    <owl:sameAs rdf:resource="http://bg.dbpedia.org/resource/Уилям_Блейк" />
    <owl:sameAs rdf:resource="http://bs.dbpedia.org/resource/William_Blake" />
    <owl:sameAs rdf:resource="http://ia.dbpedia.org/resource/William_Blake" />
    <owl:sameAs rdf:resource="http://fi.dbpedia.org/resource/William_Blake" />
    <owl:sameAs rdf:resource="http://pt.dbpedia.org/resource/William_Blake" />
    <owl:sameAs rdf:resource="http://gd.dbpedia.org/resource/William_Blake" />
    <owl:sameAs rdf:resource="http://hi.dbpedia.org/resource/विलियम_ब्लेक" />
    <owl:sameAs rdf:resource="http://si.dbpedia.org/resource/විලියම්_බ්ලේක්" />
    <owl:sameAs rdf:resource="http://id.dbpedia.org/resource/William_Blake" />
    <owl:sameAs rdf:resource="http://xmf.dbpedia.org/resource/უილიამ_ბლეიქი" />
    <owl:sameAs rdf:resource="http://da.dbpedia.org/resource/William_Blake" />
    <owl:sameAs rdf:resource="http://lv.dbpedia.org/resource/Viljams_Bleiks" />
    <owl:sameAs rdf:resource="http://kk.dbpedia.org/resource/Уильям_Блейк" />
    <owl:sameAs rdf:resource="http://fy.dbpedia.org/resource/William_Blake" />
    <owl:sameAs rdf:resource="http://diq.dbpedia.org/resource/William_Blake" />
    <owl:sameAs rdf:resource="http://no.dbpedia.org/resource/William_Blake" />
    <owl:sameAs rdf:resource="http://cs.dbpedia.org/resource/William_Blake" />
    <owl:sameAs rdf:resource="http://ru.dbpedia.org/resource/Блейк,_Уильям" />
    <owl:sameAs rdf:resource="http://sv.dbpedia.org/resource/William_Blake" />
    <owl:sameAs rdf:resource="http://dbpedia.org/resource/William_Blake" />
    <owl:sameAs rdf:resource="http://ja.dbpedia.org/resource/ウィリアム・ブレイク" />
    <owl:sameAs rdf:resource="http://et.dbpedia.org/resource/William_Blake" />
    <owl:sameAs rdf:resource="http://war.dbpedia.org/resource/William_Blake" />
    <owl:sameAs rdf:resource="http://sc.dbpedia.org/resource/William_Blake" />
    <owl:sameAs rdf:resource="http://is.dbpedia.org/resource/William_Blake" />
    <owl:sameAs rdf:resource="http://de.dbpedia.org/resource/William_Blake" />
    <owl:sameAs rdf:resource="http://www4.wiwiss.fu-berlin.de/gutendata/resource/people/Blake_William_1757-1827" />
    <owl:sameAs rdf:resource="http://uz.dbpedia.org/resource/William_Blake" />
    <owl:sameAs rdf:resource="http://sw.cyc.com/concept/Mx4rv3rAT5wpEbGdrcN5Y29ycA" />
    <dcterms:subject rdf:resource="http://dbpedia.org/resource/Category:English_poets" />
    <dcterms:subject rdf:resource="http://dbpedia.org/resource/Category:English_feminists" />
    <dcterms:subject rdf:resource="http://dbpedia.org/resource/Category:Blue_plaques_in_the_London_Borough_of_Barnet" />
    <dcterms:subject rdf:resource="http://dbpedia.org/resource/Category:English_Dissenters" />
    <dcterms:subject rdf:resource="http://dbpedia.org/resource/Category:Christian_anarchists" />
    <dcterms:subject rdf:resource="http://dbpedia.org/resource/Category:Romantic_poets" />
    <dcterms:subject rdf:resource="http://dbpedia.org/resource/Category:Male_feminists" />
    <dcterms:subject rdf:resource="http://dbpedia.org/resource/Category:English_painters" />
    <dcterms:subject rdf:resource="http://dbpedia.org/resource/Category:English_printmakers" />
    <dcterms:subject rdf:resource="http://dbpedia.org/resource/Category:Mythopoeic_writers" />
    <dcterms:subject rdf:resource="http://dbpedia.org/resource/Category:1757_births" />
    <dcterms:subject rdf:resource="http://dbpedia.org/resource/Category:English_anarchists" />
    <dcterms:subject rdf:resource="http://dbpedia.org/resource/Category:Writers_who_illustrated_their_own_writing" />
    <dcterms:subject rdf:resource="http://dbpedia.org/resource/Category:Christian_mystics" />
    <dcterms:subject rdf:resource="http://dbpedia.org/resource/Category:English_watercolourists" />
    <dcterms:subject rdf:resource="http://dbpedia.org/resource/Category:1827_deaths" />
    <dcterms:subject rdf:resource="http://dbpedia.org/resource/Category:Prophets" />
    <dcterms:subject rdf:resource="http://dbpedia.org/resource/Category:English_abolitionists" />
    <dcterms:subject rdf:resource="http://dbpedia.org/resource/Category:Artist_authors" />
    <dcterms:subject rdf:resource="http://dbpedia.org/resource/Category:Christian_radicals" />
    <dcterms:subject rdf:resource="http://dbpedia.org/resource/Category:Free_love_advocates" />
    <dcterms:subject rdf:resource="http://dbpedia.org/resource/Category:People_from_Soho" />
    <dcterms:subject rdf:resource="http://dbpedia.org/resource/Category:William_Blake" />
    <dcterms:subject rdf:resource="http://dbpedia.org/resource/Category:Burials_at_Bunhill_Fields" />
    <dcterms:subject rdf:resource="http://dbpedia.org/resource/Category:English_Swedenborgians" />
    <dcterms:subject rdf:resource="http://dbpedia.org/resource/Category:English_romantic_painters" />
    <dcterms:subject rdf:resource="http://dbpedia.org/resource/Category:Death_of_God_theologians" />
    <dbpedia-owl:abstract xml:lang="pt">William Blake foi um poeta, tipógrafo e pintor inglês, sendo sua pintura definida como pintura fantástica. Blake viveu num período significativo da história, marcado pelo Iluminismo e pela Revolução Industrial na Inglaterra. A literatura estava no auge do que se pode chamar de clássico "augustano", uma espécie de paraíso para os conformados às convenções sociais, mas não para Blake que, nesse sentido era romântico, "enxergava o que muitos se negavam a ver: a pobreza, a injustiça social, a negatividade do poder da Igreja Anglicana e do estado."</dbpedia-owl:abstract>
    <dbpedia-owl:abstract xml:lang="de">William Blake war ein englischer Dichter, Naturmystiker, Maler und der Erfinder der Reliefradierung. Sowohl sein künstlerisches als auch sein literarisches Werk wurde von seinen Zeitgenossen weitgehend abgelehnt. Erst Mitte des 19. Jahrhundert wurden seine sehr innovativen Arbeiten von den Präraffaeliten entdeckt, fanden allgemein Anerkennung und später auch in der Popkultur Verbreitung.</dbpedia-owl:abstract>
    <dbpedia-owl:abstract xml:lang="fr">William Blake est un peintre et un poète pré-romantique britannique. Bien que considéré comme peintre — il a peint quelques tableaux à l&#39;huile, préférant l&#39;aquarelle, le dessin, la gravure, la lithographie —, il s&#39;est surtout consacré à la poésie. Il est l&#39;auteur d&#39;une œuvre inspirée de visions bibliques à caractère prophétique. Son style halluciné est moderne et le distingue de ses pairs bien que ses thèmes soient classiques.</dbpedia-owl:abstract>
    <dbpedia-owl:abstract xml:lang="zh">威廉·布莱克（William Blake，1757年11月28日－1827年8月12日），英国诗人、画家，浪漫主义文学代表人物之一。 布莱克出生于伦敦一个贫寒的袜商家庭，未受过正规教育，14岁当雕版学徒，后于1779年入英国皇家艺术学院学习美术，1782年结婚。不久以后，布莱克印刷了自己的第一本诗集——Poetical Sketches。1784年，在父亲过世后，布莱克开始与著名出版商约瑟夫·约翰逊合作。在约翰逊的合作者中包括当时英国许多优秀人物，如：约瑟夫·普莱斯利、玛丽·沃斯通克拉夫特和托马斯·佩恩等等。 布莱克同玛丽·沃斯通克拉夫特很快成为了好友，并应邀为其作品创作插图。1788年后，他陆续出版了四本诗集。 1825年开始，布莱克陷入疾病的折磨，之后，他决意要在死去之前完成为但丁神曲的插图工作，但是直到死去，他也未能完成这一浩大的工程。</dbpedia-owl:abstract>
    <dbpedia-owl:abstract xml:lang="nl">William Blake was een Brits schrijver, dichter, tekenaar, schilder en graveur. Blake groeide op in een warm en onconventioneel middenstandsgezin in Londen. Zijn vader James was van Ierse afkomst en heette eigenlijk O&#39;Neill. De jonge William was een obstinate jongen; hij ging niet naar school en ontving zijn opleiding grotendeels van zijn moeder. Hij las alles wat los en vast zat, waaronder Shakespeare, Milton, Ben Jonson en de Bijbel en deed ook de nodige kennis op van Frans, Italiaans, Latijn, Grieks en Hebreeuws. Al spoedig werd zijn artistieke talent herkend en aangemoedigd. Ook bleek hij een mystieke inslag te hebben en zag visioenen, waardoor hij zich in zijn latere leven ook zou laten leiden. Op veertienjarige leeftijd ging hij in de leer bij de graficus James Basire. Deze liet hem schetsen en tekeningen maken van Westminster Abbey en andere oude kerken in Londen. In die tijd onderging hij de invloed van de gotiek. Toen hij 21 was, werd hij toegelaten tot de Royal Academy. Hij wilde echter meer zijn dan alleen graficus en verzette zich bovendien tegen de heersende conventionele kunstopvattingen. Na zijn huwelijk met Catherine Boucher in 1782 wist hij op aandringen en met steun van enkele vrienden een eerste publicatie te laten verschijnen: Poetical sketches (1783). Hoewel zijn mystieke inslag leidde tot met veel symboliek beladen en vaak duister werk, waarin hij een eigen mythologie ontwikkelde, verscheen in 1789 zijn Songs of Innocence met eenvoudige lyrische gedichten. In 1794 werd hier in een heruitgave Songs of Experience aan toegevoegd. Dit laatste werk werd nooit apart uitgegeven maar altijd als eenheid met het eerdere, onder de titel Songs of Innocence and of Experience showing the Two Contrary States of the Human Soul. Zijn belangrijkste prozawerk, met gravures, The Marriage of Heaven and Hell ontstond in 1790. In dit werk uit zich zijn verlangen naar vrijheid. De erin opgenomen Proverbs of Hell bevatten een beknopte weergave van zijn levens- en kunstbeschouwing; zijn revolutionaire ideeën verwoordde hij in The French Revolution (1791), America (1793) en Visions of the Daughters of Albion (1793). In zijn latere werken als Milton (1804-1808) en Jerusalem (1804-1820) maakte zijn wanhoop plaats voor een filosofie waarin de redding wordt gezien in liefde en vergeving. In 1794 maakte hij het schilderij &#39;The Ancient of Days&#39;. Het doek heeft een grootte van 23,3 cm × 16,8 cm. De techniek die Blake gebruikte was reliëfetsen met waterverf. Het werk wordt bewaard in het British Museum in Londen. Uit het werk van Blake blijkt dat hij de verbeelding belangrijker vindt dan de rede. Blake plaatste vraagtekens bij alle heersende waarden van zijn tijd, op het gebied van kunst, religie en filosofie. Zijn poëzie loopt vooruit op de grote veranderingen die zouden komen: het loslaten van de conventies van de 18e eeuw. Zijn moeilijke mystieke gedichten worden weinig gelezen. Wellicht kon hij in de werken geen goede uitdrukkingsvorm vinden voor zijn ideeën. In de kortere gedichten weet hij zich echter volkomen open te stellen voor de lezer. William Blake stierf in 1827 en werd begraven op Bunhill Fields in Londen.</dbpedia-owl:abstract>
    <dbpedia-owl:abstract xml:lang="en">William Blake (28 November 1757 – 12 August 1827) was an English poet, painter, and printmaker. Largely unrecognised during his lifetime, Blake is now considered a seminal figure in the history of the poetry and visual arts of the Romantic Age. His prophetic poetry has been said to form "what is in proportion to its merits the least read body of poetry in the English language". His visual artistry led one contemporary art critic to proclaim him "far and away the greatest artist Britain has ever produced". In 2002, Blake was placed at number 38 in the BBC&#39;s poll of the 100 Greatest Britons. Although he lived in London his entire life except for three years spent in Felpham he produced a diverse and symbolically rich corpus, which embraced the imagination as "the body of God", or "Human existence itself". Considered mad by contemporaries for his idiosyncratic views, Blake is held in high regard by later critics for his expressiveness and creativity, and for the philosophical and mystical undercurrents within his work. His paintings and poetry have been characterised as part of the Romantic movement and "Pre-Romantic", for its large appearance in the 18th century. Reverent of the Bible but hostile to the Church of England – indeed, to all forms of organised religion – Blake was influenced by the ideals and ambitions of the French and American revolutions, as well as by such thinkers as Jakob Böhme and Emanuel Swedenborg. Despite these known influences, the singularity of Blake&#39;s work makes him difficult to classify. The 19th-century scholar William Rossetti characterised him as a "glorious luminary," and "a man not forestalled by predecessors, nor to be classed with contemporaries, nor to be replaced by known or readily surmisable successors".</dbpedia-owl:abstract>
    <dbpedia-owl:abstract xml:lang="sv">William Blake, född 28 november 1757 i London, död 12 augusti 1827 i London, var en brittisk poet, mystiker, konstnär och publicist, eller "upphovsman och tryckare," som han signerade många av sina böcker.</dbpedia-owl:abstract>
    <dbpedia-owl:abstract xml:lang="es">William Blake fue un poeta, pintor, grabador y místico inglés. Aunque permaneció en gran parte desconocido durante el transcurso de su vida, actualmente el trabajo de Blake cuenta con una alta consideración. Por la relación que en su obra tienen la poesía y sus grabados respectivos suele ponerse a Blake como ejemplo del «artista total». Según el periódico The Guardian, «William Blake es con gran margen el mayor artista que Gran Bretaña ha producido». Considerar los logros de Blake en poesía o en las artes visuales por separado sería perjudicial para entender la magnitud de su obra: Blake veía estas dos disciplinas como dos medios de un esfuerzo espiritual unificado, y son inseparables para apreciar correctamente su trabajo. Por esta razón, las ediciones ilustradas de la obra de Blake no habían sido especialmente valoradas en el pasado, hasta que los avances en las técnicas de impresión han permitido una mayor difusión, al hacerse éstas más accesibles.</dbpedia-owl:abstract>
    <dbpedia-owl:abstract xml:lang="ru">Уильям Блэйк — английский поэт и художник, мистик и визионер. 60px Необходимо проверить качество перевода и привести статью в соответствие со стилистическими правилами Википедии. Вы можете помочь улучшить эту статью, исправив в ней ошибки. Оригинал на английском языке — William Blake.</dbpedia-owl:abstract>
    <dbpedia-owl:abstract xml:lang="pl">William Blake – XVIII-wieczny angielski poeta, pisarz, rytownik, malarz, drukarz i mistyk, prekursor romantyzmu. Przez współczesnych nazywany często mad Blake (szalony Blake), zaliczany czasem do grona tzw. poetów wyklętych w literaturze angielskiej.</dbpedia-owl:abstract>
    <dbpedia-owl:abstract xml:lang="ja">ウィリアム・ブレイク（William Blake, 1757年11月28日 - 1827年8月12日）は、イギリスの画家、詩人、銅版画職人。預言書『ミルトン』の序詞「古代あの足が(And did those feet in ancient time)」が1918年にヒューバート・パリーによって音楽が付けられたものが聖歌『エルサレム』としてまたは事実上のイングランドの国歌として現在のイギリスではたいへんよく知られている。</dbpedia-owl:abstract>
    <dbpedia-owl:abstract xml:lang="it">Largamente sottovalutata mentre egli era in vita, oggi l&#39;opera di Blake è considerata estremamente significativa e fonte di ispirazione sia nell&#39;ambito della poesia sia delle arti visive. Secondo Northrop Frye, che si dedicò allo studio dell&#39;intero corpus poetico di Blake, i suoi versi simili a profezie costituiscono "Quello che, in rapporto ai reali meriti, è il corpus poetico in lingua inglese meno letto". Altri hanno invece lodato l&#39;arte pittorica di Blake e un critico contemporaneo lo ha proclamato "Di gran lunga il più grande artista che la Gran Bretagna abbia mai prodotto. " Considerato un tempo pazzo per le sue idee stravaganti, attualmente è invece molto apprezzato per la sua espressività, la sua creatività e per la visione filosofica che sta alla base del suo lavoro. Come un giorno ha suggerito egli stesso, (EN) « The imagination is not a State: it is the Human existence itself.  » (IT) « L&#39;immaginazione non è uno stato mentale: è l&#39;esistenza umana stessa.  » Anche se la sua pittura e la sua poesia sono state solitamente valutate separatamente, Blake spesso se ne servì di concerto per creare opere che di colpo sfidassero e sostituissero le convenzioni in uso. Si definiva capace di discutere e confrontarsi con i profeti dell&#39;Antico Testamento e profuse un grande sforzo per creare le illustrazioni per il Libro di Giobbe, ma l&#39;amore dell&#39;artista per la Bibbia si affiancava ad un&#39;aperta ostilità verso la Chiesa d&#39;Inghilterra, e le sue convinzioni religiose erano influenzate dall&#39;attrazione per il Misticismo e dalla fascinazione verso il movimento romantico che a quel tempo era in pieno sviluppo. Alla resa dei conti, la difficoltà che si incontra nel tentativo di inserire William Blake in un qualsiasi periodo o movimento della storia dell&#39;arte è forse la caratteristica che meglio riesce a definirlo. Blake ha svolto un ruolo cruciale per lo sviluppo del moderno concetto di immaginazione nella cultura occidentale. La sua convinzione che l&#39;umanità possa superare i limiti a lei posti dai cinque sensi è forse il suo più grande lascito: (EN) « If the doors of perception were cleansed, every thing would appear to man as it is, infinite.  » (IT) « Se le porte della percezione fossero purificate, tutto apparirebbe all&#39;uomo come in effetti è, infinito.  » Mentre un tempo questa prospettiva era considerata aberrante, al giorno d&#39;oggi è stata incorporata nella moderna definizione del termine. In particolare della citazione "the doors of perception" si è spesso sentita l&#39;eco nella letteratura e nella musica del XX secolo e, per fare due esempi, Jim Morrison con la sua band The Doors e Aldous Huxley con il suo saggio The Doors of Perception, pagano un evidente omaggio al pensiero di Blake.</dbpedia-owl:abstract>
    <dbpedia-owl:birthDate rdf:datatype="http://www.w3.org/2001/XMLSchema#date">1757-11-28</dbpedia-owl:birthDate>
    <dbpedia-owl:birthPlace rdf:resource="http://dbpedia.org/resource/London" />
    <dbpedia-owl:deathDate rdf:datatype="http://www.w3.org/2001/XMLSchema#date">1827-08-12</dbpedia-owl:deathDate>
    <dbpedia-owl:deathPlace rdf:resource="http://dbpedia.org/resource/London" />
    <dbpedia-owl:influenced rdf:resource="http://dbpedia.org/resource/Pete_Doherty" />
    <dbpedia-owl:influenced rdf:resource="http://dbpedia.org/resource/Ben_Okri" />
    <dbpedia-owl:influenced rdf:resource="http://dbpedia.org/resource/W._B._Yeats" />
    <dbpedia-owl:influenced rdf:resource="http://dbpedia.org/resource/Samuel_Palmer" />
    <dbpedia-owl:influenced rdf:resource="http://dbpedia.org/resource/Clive_Barker" />
    <dbpedia-owl:influenced rdf:resource="http://dbpedia.org/resource/Kenzabur%C5%8D_%C5%8Ce" />
    <dbpedia-owl:influenced rdf:resource="http://dbpedia.org/resource/E._P._Thompson" />
    <dbpedia-owl:influenced rdf:resource="http://dbpedia.org/resource/Northrop_Frye" />
    <dbpedia-owl:influenced rdf:resource="http://dbpedia.org/resource/John_Gardner_(American_writer)" />
    <dbpedia-owl:influenced rdf:resource="http://dbpedia.org/resource/Raoul_Vaneigem" />
    <dbpedia-owl:influenced rdf:resource="http://dbpedia.org/resource/Patti_Smith" />
    <dbpedia-owl:influenced rdf:resource="http://dbpedia.org/resource/Jim_Morrison" />
    <dbpedia-owl:influenced rdf:resource="http://dbpedia.org/resource/W._S._Merwin" />
    <dbpedia-owl:influenced rdf:resource="http://dbpedia.org/resource/Paulo_Coelho" />
    <dbpedia-owl:influenced rdf:resource="http://dbpedia.org/resource/Cardiacs" />
    <dbpedia-owl:influenced rdf:resource="http://dbpedia.org/resource/Ralph_Vaughan_Williams" />
    <dbpedia-owl:influenced rdf:resource="http://dbpedia.org/resource/Kahlil_Gibran" />
    <dbpedia-owl:influenced rdf:resource="http://dbpedia.org/resource/Allen_Ginsberg" />
    <dbpedia-owl:influenced rdf:resource="http://dbpedia.org/resource/Bob_Dylan" />
    <dbpedia-owl:influenced rdf:resource="http://dbpedia.org/resource/Hart_Crane" />
    <dbpedia-owl:influenced rdf:resource="http://dbpedia.org/resource/Aldous_Huxley" />
    <dbpedia-owl:influencedBy rdf:resource="http://dbpedia.org/resource/Mary_Wollstonecraft" />
    <dbpedia-owl:influencedBy rdf:resource="http://dbpedia.org/resource/Jakob_B%C3%B6hme" />
    <dbpedia-owl:influencedBy rdf:resource="http://dbpedia.org/resource/John_Milton" />
    <dbpedia-owl:influencedBy rdf:resource="http://dbpedia.org/resource/Henry_Fuseli" />
    <dbpedia-owl:influencedBy rdf:resource="http://dbpedia.org/resource/Bible" />
    <dbpedia-owl:influencedBy rdf:resource="http://dbpedia.org/resource/Dante_Alighieri" />
    <dbpedia-owl:influencedBy rdf:resource="http://dbpedia.org/resource/Emanuel_Swedenborg" />
    <dbpedia-owl:movement rdf:resource="http://dbpedia.org/resource/Romanticism" />
    <dbpedia-owl:notableWork rdf:resource="http://dbpedia.org/resource/And_did_those_feet_in_ancient_time" />
    <dbpedia-owl:notableWork rdf:resource="http://dbpedia.org/resource/Vala,_or_The_Four_Zoas" />
    <dbpedia-owl:notableWork rdf:resource="http://dbpedia.org/resource/The_Marriage_of_Heaven_and_Hell" />
    <dbpedia-owl:notableWork rdf:resource="http://dbpedia.org/resource/Milton_a_Poem" />
    <dbpedia-owl:notableWork rdf:resource="http://dbpedia.org/resource/Songs_of_Innocence_and_of_Experience" />
    <dbpedia-owl:notableWork rdf:resource="http://dbpedia.org/resource/Jerusalem_The_Emanation_of_the_Giant_Albion" />
    <dbpedia-owl:occupation rdf:resource="http://dbpedia.org/resource/Printmaking" />
    <dbpedia-owl:spouse rdf:resource="http://dbpedia.org/resource/Catherine_Blake" />
    <dbpedia-owl:wikiPageID rdf:datatype="http://www.w3.org/2001/XMLSchema#integer">33175</dbpedia-owl:wikiPageID>
    <dbpedia-owl:wikiPageRevisionID rdf:datatype="http://www.w3.org/2001/XMLSchema#integer">548468616</dbpedia-owl:wikiPageRevisionID>
    <rdfs:label xml:lang="it">William Blake</rdfs:label>
    <rdfs:label xml:lang="ru">Блейк, Уильям</rdfs:label>
    <rdfs:label xml:lang="es">William Blake</rdfs:label>
    <rdfs:label xml:lang="pl">William Blake</rdfs:label>
    <rdfs:label xml:lang="en">William Blake</rdfs:label>
    <rdfs:label xml:lang="nl">William Blake</rdfs:label>
    <rdfs:label xml:lang="fr">William Blake</rdfs:label>
    <rdfs:label xml:lang="de">William Blake</rdfs:label>
    <rdfs:label xml:lang="sv">William Blake</rdfs:label>
    <rdfs:label xml:lang="zh">威廉·布莱克</rdfs:label>
    <rdfs:label xml:lang="ja">ウィリアム・ブレイク</rdfs:label>
    <rdfs:label xml:lang="pt">William Blake</rdfs:label>
    <foaf:depiction rdf:resource="http://upload.wikimedia.org/wikipedia/commons/0/00/William_Blake_by_Thomas_Phillips.jpg" />
    <rdfs:comment xml:lang="nl">William Blake was een Brits schrijver, dichter, tekenaar, schilder en graveur. Blake groeide op in een warm en onconventioneel middenstandsgezin in Londen. Zijn vader James was van Ierse afkomst en heette eigenlijk O&#39;Neill. De jonge William was een obstinate jongen; hij ging niet naar school en ontving zijn opleiding grotendeels van zijn moeder.</rdfs:comment>
    <rdfs:comment xml:lang="ja">ウィリアム・ブレイク（William Blake, 1757年11月28日 - 1827年8月12日）は、イギリスの画家、詩人、銅版画職人。預言書『ミルトン』の序詞「古代あの足が(And did those feet in ancient time)」が1918年にヒューバート・パリーによって音楽が付けられたものが聖歌『エルサレム』としてまたは事実上のイングランドの国歌として現在のイギリスではたいへんよく知られている。</rdfs:comment>
    <rdfs:comment xml:lang="sv">William Blake, född 28 november 1757 i London, död 12 augusti 1827 i London, var en brittisk poet, mystiker, konstnär och publicist, eller "upphovsman och tryckare," som han signerade många av sina böcker.</rdfs:comment>
    <rdfs:comment xml:lang="de">William Blake war ein englischer Dichter, Naturmystiker, Maler und der Erfinder der Reliefradierung. Sowohl sein künstlerisches als auch sein literarisches Werk wurde von seinen Zeitgenossen weitgehend abgelehnt. Erst Mitte des 19. Jahrhundert wurden seine sehr innovativen Arbeiten von den Präraffaeliten entdeckt, fanden allgemein Anerkennung und später auch in der Popkultur Verbreitung.</rdfs:comment>
    <rdfs:comment xml:lang="it">Largamente sottovalutata mentre egli era in vita, oggi l&#39;opera di Blake è considerata estremamente significativa e fonte di ispirazione sia nell&#39;ambito della poesia sia delle arti visive. Secondo Northrop Frye, che si dedicò allo studio dell&#39;intero corpus poetico di Blake, i suoi versi simili a profezie costituiscono "Quello che, in rapporto ai reali meriti, è il corpus poetico in lingua inglese meno letto".</rdfs:comment>
    <rdfs:comment xml:lang="en">William Blake (28 November 1757 – 12 August 1827) was an English poet, painter, and printmaker. Largely unrecognised during his lifetime, Blake is now considered a seminal figure in the history of the poetry and visual arts of the Romantic Age. His prophetic poetry has been said to form "what is in proportion to its merits the least read body of poetry in the English language".</rdfs:comment>
    <rdfs:comment xml:lang="pl">William Blake – XVIII-wieczny angielski poeta, pisarz, rytownik, malarz, drukarz i mistyk, prekursor romantyzmu. Przez współczesnych nazywany często mad Blake (szalony Blake), zaliczany czasem do grona tzw. poetów wyklętych w literaturze angielskiej.</rdfs:comment>
    <rdfs:comment xml:lang="fr">William Blake est un peintre et un poète pré-romantique britannique. Bien que considéré comme peintre — il a peint quelques tableaux à l&#39;huile, préférant l&#39;aquarelle, le dessin, la gravure, la lithographie —, il s&#39;est surtout consacré à la poésie. Il est l&#39;auteur d&#39;une œuvre inspirée de visions bibliques à caractère prophétique. Son style halluciné est moderne et le distingue de ses pairs bien que ses thèmes soient classiques.</rdfs:comment>
    <rdfs:comment xml:lang="ru">Уильям Блэйк — английский поэт и художник, мистик и визионер. 60px Необходимо проверить качество перевода и привести статью в соответствие со стилистическими правилами Википедии. Вы можете помочь улучшить эту статью, исправив в ней ошибки. Оригинал на английском языке — William Blake.</rdfs:comment>
    <rdfs:comment xml:lang="es">William Blake fue un poeta, pintor, grabador y místico inglés. Aunque permaneció en gran parte desconocido durante el transcurso de su vida, actualmente el trabajo de Blake cuenta con una alta consideración. Por la relación que en su obra tienen la poesía y sus grabados respectivos suele ponerse a Blake como ejemplo del «artista total». Según el periódico The Guardian, «William Blake es con gran margen el mayor artista que Gran Bretaña ha producido».</rdfs:comment>
    <rdfs:comment xml:lang="pt">William Blake foi um poeta, tipógrafo e pintor inglês, sendo sua pintura definida como pintura fantástica. Blake viveu num período significativo da história, marcado pelo Iluminismo e pela Revolução Industrial na Inglaterra.</rdfs:comment>
    <rdfs:comment xml:lang="zh">威廉·布莱克（William Blake，1757年11月28日－1827年8月12日），英国诗人、画家，浪漫主义文学代表人物之一。 布莱克出生于伦敦一个贫寒的袜商家庭，未受过正规教育，14岁当雕版学徒，后于1779年入英国皇家艺术学院学习美术，1782年结婚。不久以后，布莱克印刷了自己的第一本诗集——Poetical Sketches。1784年，在父亲过世后，布莱克开始与著名出版商约瑟夫·约翰逊合作。在约翰逊的合作者中包括当时英国许多优秀人物，如：约瑟夫·普莱斯利、玛丽·沃斯通克拉夫特和托马斯·佩恩等等。 布莱克同玛丽·沃斯通克拉夫特很快成为了好友，并应邀为其作品创作插图。1788年后，他陆续出版了四本诗集。 1825年开始，布莱克陷入疾病的折磨，之后，他决意要在死去之前完成为但丁神曲的插图工作，但是直到死去，他也未能完成这一浩大的工程。</rdfs:comment>
    <foaf:name xml:lang="en">William Blake</foaf:name>
    <dbpedia-owl:thumbnail rdf:resource="http://upload.wikimedia.org/wikipedia/commons/thumb/0/00/William_Blake_by_Thomas_Phillips.jpg/200px-William_Blake_by_Thomas_Phillips.jpg" />
    <dbpedia-owl:wikiPageExternalLink rdf:resource="http://library.vicu.utoronto.ca/special/bentley/blake_collection.htm" />
    <dbpedia-owl:wikiPageExternalLink rdf:resource="http://www.bbc.co.uk/poetryseason/poets/william_blake.shtml" />
    <dbpedia-owl:wikiPageExternalLink rdf:resource="http://research.hrc.utexas.edu:8080/hrcxtf/view?docId=ead/00185.xml&amp;query=blake,%20william&amp;query-join=and" />
    <dbpedia-owl:wikiPageExternalLink rdf:resource="http://www.poets.org/poet.php/prmPID/116" />
    <dbpedia-owl:wikiPageExternalLink rdf:resource="http://smarthistory.khanacademy.org/blakes-the-spiritual-form-of-nelson-guiding-leviathan.html" />
    <dbpedia-owl:wikiPageExternalLink rdf:resource="http://www.blakearchive.org/" />
    <dbpedia-owl:wikiPageExternalLink rdf:resource="http://www.graat.fr/krouboread3%5B1%5D.pdf" />
    <dbpedia-owl:wikiPageExternalLink rdf:resource="http://www3.cpdl.org/wiki/index.php/William_Blake" />
    <dbpedia-owl:wikiPageExternalLink rdf:resource="http://www.poetryfoundation.org/bio/william-blake" />
    <dbpedia-owl:wikiPageExternalLink rdf:resource="http://news.bbc.co.uk/1/hi/entertainment/arts_and_culture/8451731.stm" />
    <dbpedia-owl:wikiPageExternalLink rdf:resource="http://epublications.marquette.edu/cgi/viewcontent.cgi?article=1076&amp;context=english_fac" />
    <dbpedia-owl:wikiPageExternalLink rdf:resource="http://www.friendsofblake.org/" />
    <dbpedia-owl:wikiPageExternalLink rdf:resource="http://www.blakesociety.org/" />
    <dbpedia-owl:wikiPageExternalLink rdf:resource="http://www.english.ufl.edu/imagetext/archives/v3_2" />
    <dbpprop:birthDate rdf:datatype="http://www.w3.org/2001/XMLSchema#date">1757-11-28</dbpprop:birthDate>
    <dbpprop:birthPlace xml:lang="en">London, England</dbpprop:birthPlace>
    <dbpprop:caption xml:lang="en">William Blake in a portrait</dbpprop:caption>
    <dbpprop:caption xml:lang="en">by Thomas Phillips</dbpprop:caption>
    <dbpprop:colwidth rdf:datatype="http://www.w3.org/2001/XMLSchema#integer">40</dbpprop:colwidth>
    <dbpprop:dateOfBirth rdf:datatype="http://www.w3.org/2001/XMLSchema#integer">28</dbpprop:dateOfBirth>
    <dbpprop:dateOfDeath rdf:datatype="http://www.w3.org/2001/XMLSchema#integer">12</dbpprop:dateOfDeath>
    <dbpprop:deathDate rdf:datatype="http://www.w3.org/2001/XMLSchema#date">1827-08-12</dbpprop:deathDate>
    <dbpprop:deathPlace xml:lang="en">London, England</dbpprop:deathPlace>
    <dbpprop:genre xml:lang="en">Visionary, poetry</dbpprop:genre>
    <dbpprop:id xml:lang="en">William_Blake</dbpprop:id>
    <dbpprop:indent xml:lang="en">y</dbpprop:indent>
    <dbpprop:influenced rdf:resource="http://dbpedia.org/resource/Raoul_Vaneigem" />
    <dbpprop:influenced rdf:resource="http://dbpedia.org/resource/Ralph_Vaughan_Williams" />
    <dbpprop:influenced rdf:resource="http://dbpedia.org/resource/Clive_Barker" />
    <dbpprop:influenced rdf:resource="http://dbpedia.org/resource/Hart_Crane" />
    <dbpprop:influenced rdf:resource="http://dbpedia.org/resource/Allen_Ginsberg" />
    <dbpprop:influenced rdf:resource="http://dbpedia.org/resource/Pete_Doherty" />
    <dbpprop:influenced rdf:resource="http://dbpedia.org/resource/W._S._Merwin" />
    <dbpprop:influenced rdf:resource="http://dbpedia.org/resource/Kenzabur%C5%8D_%C5%8Ce" />
    <dbpprop:influenced rdf:resource="http://dbpedia.org/resource/Kahlil_Gibran" />
    <dbpprop:influenced rdf:resource="http://dbpedia.org/resource/Samuel_Palmer" />
    <dbpprop:influenced rdf:resource="http://dbpedia.org/resource/E._P._Thompson" />
    <dbpprop:influenced rdf:resource="http://dbpedia.org/resource/W._B._Yeats" />
    <dbpprop:influenced rdf:resource="http://dbpedia.org/resource/Patti_Smith" />
    <dbpprop:influenced rdf:resource="http://dbpedia.org/resource/Northrop_Frye" />
    <dbpprop:influenced rdf:resource="http://dbpedia.org/resource/Aldous_Huxley" />
    <dbpprop:influenced rdf:resource="http://dbpedia.org/resource/Cardiacs" />
    <dbpprop:influenced rdf:resource="http://dbpedia.org/resource/Bob_Dylan" />
    <dbpprop:influenced rdf:resource="http://dbpedia.org/resource/John_Gardner_(American_writer)" />
    <dbpprop:influenced rdf:resource="http://dbpedia.org/resource/Paulo_Coelho" />
    <dbpprop:influenced rdf:resource="http://dbpedia.org/resource/Jim_Morrison" />
    <dbpprop:influenced rdf:resource="http://dbpedia.org/resource/Ben_Okri" />
    <dbpprop:influences rdf:resource="http://dbpedia.org/resource/Mary_Wollstonecraft" />
    <dbpprop:influences rdf:resource="http://dbpedia.org/resource/Jakob_B%C3%B6hme" />
    <dbpprop:influences rdf:resource="http://dbpedia.org/resource/John_Milton" />
    <dbpprop:influences rdf:resource="http://dbpedia.org/resource/Bible" />
    <dbpprop:influences rdf:resource="http://dbpedia.org/resource/Henry_Fuseli" />
    <dbpprop:influences rdf:resource="http://dbpedia.org/resource/Dante_Alighieri" />
    <dbpprop:influences rdf:resource="http://dbpedia.org/resource/Emanuel_Swedenborg" />
    <dbpprop:movement rdf:resource="http://dbpedia.org/resource/Romanticism" />
    <dbpprop:name xml:lang="en">Blake, William</dbpprop:name>
    <dbpprop:name xml:lang="en">William Blake</dbpprop:name>
    <dbpprop:notableworks xml:lang="en">Songs of Innocence and of Experience, The Marriage of Heaven and Hell, The Four Zoas, Jerusalem, Milton a Poem, And did those feet in ancient time</dbpprop:notableworks>
    <dbpprop:occupation xml:lang="en">Poet, painter, printmaker</dbpprop:occupation>
    <dbpprop:placeOfBirth xml:lang="en">London, England</dbpprop:placeOfBirth>
    <dbpprop:placeOfDeath xml:lang="en">London, England</dbpprop:placeOfDeath>
    <dbpprop:shortDescription xml:lang="en">Poet, Painter, Printmaker</dbpprop:shortDescription>
    <dbpprop:spouse rdf:resource="http://dbpedia.org/resource/Catherine_Blake" />
    <dbpprop:wordnet_type rdf:resource="http://www.w3.org/2006/03/wn/wn20/instances/synset-writer-noun-1" />
    <foaf:givenName xml:lang="en">William</foaf:givenName>
    <foaf:isPrimaryTopicOf rdf:resource="http://en.wikipedia.org/wiki/William_Blake" />
    <dc:description xml:lang="en">Poet, Painter, Printmaker</dc:description>
    <ns8:wasDerivedFrom rdf:resource="http://en.wikipedia.org/wiki/William_Blake?oldid=548468616" />
    <dbpprop:hasPhotoCollection rdf:resource="http://wifo5-03.informatik.uni-mannheim.de/flickrwrappr/photos/William_Blake" />
    <foaf:surname xml:lang="en">Blake</foaf:surname>
  </rdf:Description>
  <rdf:Description rdf:about="http://dbpedia.org/resource/Against_His-Story,_Against_Leviathan">
    <dbpedia-owl:coverArtist rdf:resource="http://dbpedia.org/resource/William_Blake" />
    <dbpprop:coverArtist rdf:resource="http://dbpedia.org/resource/William_Blake" />
  </rdf:Description>
  <rdf:Description rdf:about="http://dbpedia.org/resource/Blake:_Prophet_Against_Empire">
    <dbpedia-owl:coverArtist rdf:resource="http://dbpedia.org/resource/William_Blake" />
    <dbpprop:coverArtist rdf:resource="http://dbpedia.org/resource/William_Blake" />
  </rdf:Description>
  <rdf:Description rdf:about="http://dbpedia.org/resource/Life_of_William_Blake">
    <dbpedia-owl:nonFictionSubject rdf:resource="http://dbpedia.org/resource/William_Blake" />
    <dbpprop:subject rdf:resource="http://dbpedia.org/resource/William_Blake" />
  </rdf:Description>
  <rdf:Description rdf:about="http://es.dbpedia.org/resource/William_Blake">
    <owl:sameAs rdf:resource="http://dbpedia.org/resource/William_Blake" />
  </rdf:Description>
  <rdf:Description rdf:about="http://dbpedia.org/resource/Allen_Ginsberg">
    <dbpedia-owl:influencedBy rdf:resource="http://dbpedia.org/resource/William_Blake" />
    <dbpprop:influences rdf:resource="http://dbpedia.org/resource/William_Blake" />
  </rdf:Description>
  <rdf:Description rdf:about="http://dbpedia.org/resource/Kenzabur%C5%8D_%C5%8Ce">
    <dbpedia-owl:influencedBy rdf:resource="http://dbpedia.org/resource/William_Blake" />
    <dbpprop:influences rdf:resource="http://dbpedia.org/resource/William_Blake" />
  </rdf:Description>
  <rdf:Description rdf:about="http://dbpedia.org/resource/Les_Edwards">
    <dbpedia-owl:influencedBy rdf:resource="http://dbpedia.org/resource/William_Blake" />
  </rdf:Description>
  <rdf:Description rdf:about="http://dbpedia.org/resource/Northrop_Frye">
    <dbpedia-owl:influencedBy rdf:resource="http://dbpedia.org/resource/William_Blake" />
    <dbpprop:influences rdf:resource="http://dbpedia.org/resource/William_Blake" />
  </rdf:Description>
  <rdf:Description rdf:about="http://dbpedia.org/resource/Norman_O._Brown">
    <dbpedia-owl:influencedBy rdf:resource="http://dbpedia.org/resource/William_Blake" />
    <dbpprop:influences rdf:resource="http://dbpedia.org/resource/William_Blake" />
  </rdf:Description>
  <rdf:Description rdf:about="http://dbpedia.org/resource/Ben_Okri">
    <dbpedia-owl:influencedBy rdf:resource="http://dbpedia.org/resource/William_Blake" />
    <dbpprop:influences rdf:resource="http://dbpedia.org/resource/William_Blake" />
  </rdf:Description>
  <rdf:Description rdf:about="http://dbpedia.org/resource/Emanuel_Swedenborg">
    <dbpprop:influenced rdf:resource="http://dbpedia.org/resource/William_Blake" />
  </rdf:Description>
  <rdf:Description rdf:about="http://dbpedia.org/resource/The_French_Revolution_(poem)">
    <dbpprop:author rdf:resource="http://dbpedia.org/resource/William_Blake" />
  </rdf:Description>
  <rdf:Description rdf:about="http://dbpedia.org/resource/Illuminated_printing">
    <dbpedia-owl:wikiPageRedirects rdf:resource="http://dbpedia.org/resource/William_Blake" />
  </rdf:Description>
  <rdf:Description rdf:about="http://dbpedia.org/resource/Nancy_Bogen">
    <dbpedia-owl:influencedBy rdf:resource="http://dbpedia.org/resource/William_Blake" />
  </rdf:Description>
  <rdf:Description rdf:about="http://dbpedia.org/resource/Freydoon_Rassouli">
    <dbpedia-owl:influencedBy rdf:resource="http://dbpedia.org/resource/William_Blake" />
    <dbpprop:influencedBy rdf:resource="http://dbpedia.org/resource/William_Blake" />
  </rdf:Description>
  <rdf:Description rdf:about="http://dbpedia.org/resource/The_Best_of_Emerson,_Lake_&amp;_Palmer">
    <dbpprop:writer rdf:resource="http://dbpedia.org/resource/William_Blake" />
  </rdf:Description>
  <rdf:Description rdf:about="http://dbpedia.org/resource/W._Blake">
    <dbpedia-owl:wikiPageRedirects rdf:resource="http://dbpedia.org/resource/William_Blake" />
  </rdf:Description>
  <rdf:Description rdf:about="http://dbpedia.org/resource/B._W._Powe">
    <dbpedia-owl:influencedBy rdf:resource="http://dbpedia.org/resource/William_Blake" />
  </rdf:Description>
  <rdf:Description rdf:about="http://dbpedia.org/resource/Melinda_Camber_Porter">
    <dbpedia-owl:influencedBy rdf:resource="http://dbpedia.org/resource/William_Blake" />
    <dbpprop:influencedBy rdf:resource="http://dbpedia.org/resource/William_Blake" />
  </rdf:Description>
  <rdf:Description rdf:about="http://dbpedia.org/resource/Peter_Lamborn_Wilson">
    <dbpedia-owl:influencedBy rdf:resource="http://dbpedia.org/resource/William_Blake" />
    <dbpprop:influences rdf:resource="http://dbpedia.org/resource/William_Blake" />
  </rdf:Description>
  <rdf:Description rdf:about="http://dbpedia.org/resource/Terence_McKenna">
    <dbpedia-owl:influencedBy rdf:resource="http://dbpedia.org/resource/William_Blake" />
    <dbpprop:influences rdf:resource="http://dbpedia.org/resource/William_Blake" />
  </rdf:Description>
  <rdf:Description rdf:about="http://dbpedia.org/resource/The_Night_of_Enitharmon&#39;s_Joy">
    <dbpedia-owl:author rdf:resource="http://dbpedia.org/resource/William_Blake" />
    <dbpprop:artist rdf:resource="http://dbpedia.org/resource/William_Blake" />
  </rdf:Description>
  <rdf:Description rdf:about="http://dbpedia.org/resource/William_Blake&#39;s_History">
    <dbpedia-owl:wikiPageRedirects rdf:resource="http://dbpedia.org/resource/William_Blake" />
  </rdf:Description>
  <rdf:Description rdf:about="http://dbpedia.org/resource/Raoul_Vaneigem">
    <dbpedia-owl:influencedBy rdf:resource="http://dbpedia.org/resource/William_Blake" />
    <dbpprop:influences rdf:resource="http://dbpedia.org/resource/William_Blake" />
  </rdf:Description>
  <rdf:Description rdf:about="http://dbpedia.org/resource/Pity_(William_Blake)">
    <dbpedia-owl:author rdf:resource="http://dbpedia.org/resource/William_Blake" />
    <dbpprop:artist rdf:resource="http://dbpedia.org/resource/William_Blake" />
  </rdf:Description>
  <rdf:Description rdf:about="http://dbpedia.org/resource/Henry_Fuseli">
    <dbpedia-owl:influenced rdf:resource="http://dbpedia.org/resource/William_Blake" />
    <dbpprop:influenced rdf:resource="http://dbpedia.org/resource/William_Blake" />
  </rdf:Description>
  <rdf:Description rdf:about="http://dbpedia.org/resource/Joseph_Webb">
    <dbpedia-owl:influencedBy rdf:resource="http://dbpedia.org/resource/William_Blake" />
    <dbpprop:influencedBy rdf:resource="http://dbpedia.org/resource/William_Blake" />
  </rdf:Description>
  <rdf:Description rdf:about="http://cs.dbpedia.org/resource/William_Blake">
    <owl:sameAs rdf:resource="http://dbpedia.org/resource/William_Blake" />
  </rdf:Description>
  <rdf:Description rdf:about="http://ko.dbpedia.org/resource/윌리엄_블레이크">
    <owl:sameAs rdf:resource="http://dbpedia.org/resource/William_Blake" />
  </rdf:Description>
  <rdf:Description rdf:about="http://pl.dbpedia.org/resource/William_Blake">
    <owl:sameAs rdf:resource="http://dbpedia.org/resource/William_Blake" />
  </rdf:Description>
  <rdf:Description rdf:about="http://dbpedia.org/resource/Blake_(disambiguation)">
    <dbpedia-owl:wikiPageDisambiguates rdf:resource="http://dbpedia.org/resource/William_Blake" />
  </rdf:Description>
  <rdf:Description rdf:about="http://dbpedia.org/resource/Blake,_William">
    <dbpedia-owl:wikiPageRedirects rdf:resource="http://dbpedia.org/resource/William_Blake" />
  </rdf:Description>
  <rdf:Description rdf:about="http://dbpedia.org/resource/Willam_blake">
    <dbpedia-owl:wikiPageRedirects rdf:resource="http://dbpedia.org/resource/William_Blake" />
  </rdf:Description>
  <rdf:Description rdf:about="http://el.dbpedia.org/resource/Ουίλλιαμ_Μπλέηκ">
    <owl:sameAs rdf:resource="http://dbpedia.org/resource/William_Blake" />
  </rdf:Description>
  <rdf:Description rdf:about="http://it.dbpedia.org/resource/William_Blake">
    <owl:sameAs rdf:resource="http://dbpedia.org/resource/William_Blake" />
  </rdf:Description>
  <rdf:Description rdf:about="http://ja.dbpedia.org/resource/ウィリアム・ブレイク">
    <owl:sameAs rdf:resource="http://dbpedia.org/resource/William_Blake" />
  </rdf:Description>
  <rdf:Description rdf:about="http://pt.dbpedia.org/resource/William_Blake">
    <owl:sameAs rdf:resource="http://dbpedia.org/resource/William_Blake" />
  </rdf:Description>
  <rdf:Description rdf:about="http://en.wikipedia.org/wiki/William_Blake">
    <foaf:primaryTopic rdf:resource="http://dbpedia.org/resource/William_Blake" />
  </rdf:Description>
  <rdf:Description rdf:about="http://dbpedia.org/resource/William_Blake_(disambiguation)">
    <dbpedia-owl:wikiPageDisambiguates rdf:resource="http://dbpedia.org/resource/William_Blake" />
  </rdf:Description>
  <rdf:Description rdf:about="http://dbpedia.org/resource/William_blake">
    <dbpedia-owl:wikiPageRedirects rdf:resource="http://dbpedia.org/resource/William_Blake" />
  </rdf:Description>
  <rdf:Description rdf:about="http://nl.dbpedia.org/resource/William_Blake">
    <owl:sameAs rdf:resource="http://dbpedia.org/resource/William_Blake" />
  </rdf:Description>
  <rdf:Description rdf:about="http://eu.dbpedia.org/resource/William_Blake">
    <owl:sameAs rdf:resource="http://dbpedia.org/resource/William_Blake" />
  </rdf:Description>
  <rdf:Description rdf:about="http://dbpedia.org/resource/Jerusalem_(EP)">
    <dbpprop:writer rdf:resource="http://dbpedia.org/resource/William_Blake" />
  </rdf:Description>
  <rdf:Description rdf:about="http://dbpedia.org/resource/Arild_Rosenkrantz">
    <dbpedia-owl:influencedBy rdf:resource="http://dbpedia.org/resource/William_Blake" />
  </rdf:Description>
  <rdf:Description rdf:about="http://zh.dbpedia.org/resource/威廉·布莱克">
    <owl:sameAs rdf:resource="http://dbpedia.org/resource/William_Blake" />
  </rdf:Description>
  <rdf:Description rdf:about="http://ar.dbpedia.org/resource/ويليام_بليك">
    <owl:sameAs rdf:resource="http://dbpedia.org/resource/William_Blake" />
  </rdf:Description>
  <rdf:Description rdf:about="http://az.dbpedia.org/resource/Vilyam_Bleyk">
    <owl:sameAs rdf:resource="http://dbpedia.org/resource/William_Blake" />
  </rdf:Description>
  <rdf:Description rdf:about="http://be.dbpedia.org/resource/Уільям_Блэйк">
    <owl:sameAs rdf:resource="http://dbpedia.org/resource/William_Blake" />
  </rdf:Description>
  <rdf:Description rdf:about="http://bg.dbpedia.org/resource/Уилям_Блейк">
    <owl:sameAs rdf:resource="http://dbpedia.org/resource/William_Blake" />
  </rdf:Description>
  <rdf:Description rdf:about="http://bn.dbpedia.org/resource/উইলিয়াম_ব্লেক">
    <owl:sameAs rdf:resource="http://dbpedia.org/resource/William_Blake" />
  </rdf:Description>
  <rdf:Description rdf:about="http://bs.dbpedia.org/resource/William_Blake">
    <owl:sameAs rdf:resource="http://dbpedia.org/resource/William_Blake" />
  </rdf:Description>
  <rdf:Description rdf:about="http://ca.dbpedia.org/resource/William_Blake">
    <owl:sameAs rdf:resource="http://dbpedia.org/resource/William_Blake" />
  </rdf:Description>
  <rdf:Description rdf:about="http://da.dbpedia.org/resource/William_Blake">
    <owl:sameAs rdf:resource="http://dbpedia.org/resource/William_Blake" />
  </rdf:Description>
  <rdf:Description rdf:about="http://eo.dbpedia.org/resource/William_Blake">
    <owl:sameAs rdf:resource="http://dbpedia.org/resource/William_Blake" />
  </rdf:Description>
  <rdf:Description rdf:about="http://et.dbpedia.org/resource/William_Blake">
    <owl:sameAs rdf:resource="http://dbpedia.org/resource/William_Blake" />
  </rdf:Description>
  <rdf:Description rdf:about="http://fa.dbpedia.org/resource/ویلیام_بلیک">
    <owl:sameAs rdf:resource="http://dbpedia.org/resource/William_Blake" />
  </rdf:Description>
  <rdf:Description rdf:about="http://fi.dbpedia.org/resource/William_Blake">
    <owl:sameAs rdf:resource="http://dbpedia.org/resource/William_Blake" />
  </rdf:Description>
  <rdf:Description rdf:about="http://fy.dbpedia.org/resource/William_Blake">
    <owl:sameAs rdf:resource="http://dbpedia.org/resource/William_Blake" />
  </rdf:Description>
  <rdf:Description rdf:about="http://gd.dbpedia.org/resource/William_Blake">
    <owl:sameAs rdf:resource="http://dbpedia.org/resource/William_Blake" />
  </rdf:Description>
  <rdf:Description rdf:about="http://gl.dbpedia.org/resource/William_Blake">
    <owl:sameAs rdf:resource="http://dbpedia.org/resource/William_Blake" />
  </rdf:Description>
  <rdf:Description rdf:about="http://he.dbpedia.org/resource/ויליאם_בלייק">
    <owl:sameAs rdf:resource="http://dbpedia.org/resource/William_Blake" />
  </rdf:Description>
  <rdf:Description rdf:about="http://hi.dbpedia.org/resource/विलियम_ब्लेक">
    <owl:sameAs rdf:resource="http://dbpedia.org/resource/William_Blake" />
  </rdf:Description>
  <rdf:Description rdf:about="http://hr.dbpedia.org/resource/William_Blake">
    <owl:sameAs rdf:resource="http://dbpedia.org/resource/William_Blake" />
  </rdf:Description>
  <rdf:Description rdf:about="http://hu.dbpedia.org/resource/William_Blake">
    <owl:sameAs rdf:resource="http://dbpedia.org/resource/William_Blake" />
  </rdf:Description>
  <rdf:Description rdf:about="http://hy.dbpedia.org/resource/Ուիլյամ_Բլեյք">
    <owl:sameAs rdf:resource="http://dbpedia.org/resource/William_Blake" />
  </rdf:Description>
  <rdf:Description rdf:about="http://ia.dbpedia.org/resource/William_Blake">
    <owl:sameAs rdf:resource="http://dbpedia.org/resource/William_Blake" />
  </rdf:Description>
  <rdf:Description rdf:about="http://id.dbpedia.org/resource/William_Blake">
    <owl:sameAs rdf:resource="http://dbpedia.org/resource/William_Blake" />
  </rdf:Description>
  <rdf:Description rdf:about="http://is.dbpedia.org/resource/William_Blake">
    <owl:sameAs rdf:resource="http://dbpedia.org/resource/William_Blake" />
  </rdf:Description>
  <rdf:Description rdf:about="http://ka.dbpedia.org/resource/უილიამ_ბლეიკი">
    <owl:sameAs rdf:resource="http://dbpedia.org/resource/William_Blake" />
  </rdf:Description>
  <rdf:Description rdf:about="http://kk.dbpedia.org/resource/Уильям_Блейк">
    <owl:sameAs rdf:resource="http://dbpedia.org/resource/William_Blake" />
  </rdf:Description>
  <rdf:Description rdf:about="http://kn.dbpedia.org/resource/ವಿಲಿಯಂ_ಬ್ಲೇಕ್‌">
    <owl:sameAs rdf:resource="http://dbpedia.org/resource/William_Blake" />
  </rdf:Description>
  <rdf:Description rdf:about="http://ku.dbpedia.org/resource/William_Blake">
    <owl:sameAs rdf:resource="http://dbpedia.org/resource/William_Blake" />
  </rdf:Description>
  <rdf:Description rdf:about="http://la.dbpedia.org/resource/Gulielmus_Blake">
    <owl:sameAs rdf:resource="http://dbpedia.org/resource/William_Blake" />
  </rdf:Description>
  <rdf:Description rdf:about="http://lt.dbpedia.org/resource/William_Blake">
    <owl:sameAs rdf:resource="http://dbpedia.org/resource/William_Blake" />
  </rdf:Description>
  <rdf:Description rdf:about="http://lv.dbpedia.org/resource/Viljams_Bleiks">
    <owl:sameAs rdf:resource="http://dbpedia.org/resource/William_Blake" />
  </rdf:Description>
  <rdf:Description rdf:about="http://mk.dbpedia.org/resource/Вилијам_Блејк">
    <owl:sameAs rdf:resource="http://dbpedia.org/resource/William_Blake" />
  </rdf:Description>
  <rdf:Description rdf:about="http://ml.dbpedia.org/resource/വില്യം_ബ്ലെയ്ക്ക്">
    <owl:sameAs rdf:resource="http://dbpedia.org/resource/William_Blake" />
  </rdf:Description>
  <rdf:Description rdf:about="http://ms.dbpedia.org/resource/William_Blake">
    <owl:sameAs rdf:resource="http://dbpedia.org/resource/William_Blake" />
  </rdf:Description>
  <rdf:Description rdf:about="http://nn.dbpedia.org/resource/William_Blake">
    <owl:sameAs rdf:resource="http://dbpedia.org/resource/William_Blake" />
  </rdf:Description>
  <rdf:Description rdf:about="http://no.dbpedia.org/resource/William_Blake">
    <owl:sameAs rdf:resource="http://dbpedia.org/resource/William_Blake" />
  </rdf:Description>
  <rdf:Description rdf:about="http://ro.dbpedia.org/resource/William_Blake">
    <owl:sameAs rdf:resource="http://dbpedia.org/resource/William_Blake" />
  </rdf:Description>
  <rdf:Description rdf:about="http://sh.dbpedia.org/resource/William_Blake">
    <owl:sameAs rdf:resource="http://dbpedia.org/resource/William_Blake" />
  </rdf:Description>
  <rdf:Description rdf:about="http://simple.dbpedia.org/resource/William_Blake">
    <owl:sameAs rdf:resource="http://dbpedia.org/resource/William_Blake" />
  </rdf:Description>
  <rdf:Description rdf:about="http://sk.dbpedia.org/resource/William_Blake">
    <owl:sameAs rdf:resource="http://dbpedia.org/resource/William_Blake" />
  </rdf:Description>
  <rdf:Description rdf:about="http://sl.dbpedia.org/resource/William_Blake">
    <owl:sameAs rdf:resource="http://dbpedia.org/resource/William_Blake" />
  </rdf:Description>
  <rdf:Description rdf:about="http://sr.dbpedia.org/resource/Вилијам_Блејк">
    <owl:sameAs rdf:resource="http://dbpedia.org/resource/William_Blake" />
  </rdf:Description>
  <rdf:Description rdf:about="http://sv.dbpedia.org/resource/William_Blake">
    <owl:sameAs rdf:resource="http://dbpedia.org/resource/William_Blake" />
  </rdf:Description>
  <rdf:Description rdf:about="http://ta.dbpedia.org/resource/வில்லியம்_பிளேக்">
    <owl:sameAs rdf:resource="http://dbpedia.org/resource/William_Blake" />
  </rdf:Description>
  <rdf:Description rdf:about="http://th.dbpedia.org/resource/วิลเลียม_เบลก">
    <owl:sameAs rdf:resource="http://dbpedia.org/resource/William_Blake" />
  </rdf:Description>
  <rdf:Description rdf:about="http://tr.dbpedia.org/resource/William_Blake">
    <owl:sameAs rdf:resource="http://dbpedia.org/resource/William_Blake" />
  </rdf:Description>
  <rdf:Description rdf:about="http://uk.dbpedia.org/resource/Вільям_Блейк">
    <owl:sameAs rdf:resource="http://dbpedia.org/resource/William_Blake" />
  </rdf:Description>
  <rdf:Description rdf:about="http://uz.dbpedia.org/resource/William_Blake">
    <owl:sameAs rdf:resource="http://dbpedia.org/resource/William_Blake" />
  </rdf:Description>
  <rdf:Description rdf:about="http://vi.dbpedia.org/resource/William_Blake">
    <owl:sameAs rdf:resource="http://dbpedia.org/resource/William_Blake" />
  </rdf:Description>
  <rdf:Description rdf:about="http://war.dbpedia.org/resource/William_Blake">
    <owl:sameAs rdf:resource="http://dbpedia.org/resource/William_Blake" />
  </rdf:Description>
  <rdf:Description rdf:about="http://xmf.dbpedia.org/resource/უილიამ_ბლეიქი">
    <owl:sameAs rdf:resource="http://dbpedia.org/resource/William_Blake" />
  </rdf:Description>
  <rdf:Description rdf:about="http://be_x_old.dbpedia.org/resource/Ўільям_Блэйк">
    <owl:sameAs rdf:resource="http://dbpedia.org/resource/William_Blake" />
  </rdf:Description>
  <rdf:Description rdf:about="http://ckb.dbpedia.org/resource/ویلیام_بلەیک">
    <owl:sameAs rdf:resource="http://dbpedia.org/resource/William_Blake" />
  </rdf:Description>
  <rdf:Description rdf:about="http://diq.dbpedia.org/resource/William_Blake">
    <owl:sameAs rdf:resource="http://dbpedia.org/resource/William_Blake" />
  </rdf:Description>
  <rdf:Description rdf:about="http://pa.dbpedia.org/resource/ਵਿੱਲੀਅਮ_ਬਲੇਕ">
    <owl:sameAs rdf:resource="http://dbpedia.org/resource/William_Blake" />
  </rdf:Description>
  <rdf:Description rdf:about="http://sc.dbpedia.org/resource/William_Blake">
    <owl:sameAs rdf:resource="http://dbpedia.org/resource/William_Blake" />
  </rdf:Description>
  <rdf:Description rdf:about="http://si.dbpedia.org/resource/විලියම්_බ්ලේක්">
    <owl:sameAs rdf:resource="http://dbpedia.org/resource/William_Blake" />
  </rdf:Description>
  <rdf:Description rdf:about="http://zh_min_nan.dbpedia.org/resource/William_Blake">
    <owl:sameAs rdf:resource="http://dbpedia.org/resource/William_Blake" />
  </rdf:Description>
  <rdf:Description rdf:about="http://dbpedia.org/resource/Learning_to_Cope_With_Cowardice">
    <dbpprop:writer rdf:resource="http://dbpedia.org/resource/William_Blake" />
  </rdf:Description>
  <rdf:Description rdf:about="http://wikidata.dbpedia.org/resource/Q41513">
    <owl:sameAs rdf:resource="http://dbpedia.org/resource/William_Blake" />
  </rdf:Description>
</rdf:RDF>
