<?xml version="1.0" encoding="utf-8" ?>
<rdf:RDF
	xmlns:rdf="http://www.w3.org/1999/02/22-rdf-syntax-ns#"
	xmlns:rdfs="http://www.w3.org/2000/01/rdf-schema#"
	xmlns:owl="http://www.w3.org/2002/07/owl#"
	xmlns:dcterms="http://purl.org/dc/terms/"
	xmlns:dbpedia-owl="http://dbpedia.org/ontology/"
	xmlns:foaf="http://xmlns.com/foaf/0.1/"
	xmlns:dbpprop="http://dbpedia.org/property/"
	xmlns:dc="http://purl.org/dc/elements/1.1/"
	xmlns:ns8="http://www.w3.org/ns/prov#" >
  <rdf:Description rdf:about="http://dbpedia.org/resource/Sigismunda_mourning_over_the_Heart_of_Guiscardo">
    <dbpedia-owl:author rdf:resource="http://dbpedia.org/resource/William_Hogarth" />
    <dbpprop:artist rdf:resource="http://dbpedia.org/resource/William_Hogarth" />
  </rdf:Description>
  <rdf:Description rdf:about="http://dbpedia.org/resource/Marriage_%C3%A0-la-mode:_3._The_Inspection">
    <dbpedia-owl:author rdf:resource="http://dbpedia.org/resource/William_Hogarth" />
  </rdf:Description>
  <rdf:Description rdf:about="http://dbpedia.org/resource/The_Distrest_Poet">
    <dbpedia-owl:author rdf:resource="http://dbpedia.org/resource/William_Hogarth" />
    <dbpprop:artist rdf:resource="http://dbpedia.org/resource/William_Hogarth" />
  </rdf:Description>
  <rdf:Description rdf:about="http://dbpedia.org/resource/Marriage_%C3%A0-la-mode:_2._The_T%C3%AAte_%C3%A0_T%C3%AAte">
    <dbpedia-owl:author rdf:resource="http://dbpedia.org/resource/William_Hogarth" />
  </rdf:Description>
  <rdf:Description rdf:about="http://de.dbpedia.org/resource/William_Hogarth">
    <owl:sameAs rdf:resource="http://dbpedia.org/resource/William_Hogarth" />
  </rdf:Description>
  <rdf:Description rdf:about="http://fr.dbpedia.org/resource/William_Hogarth">
    <owl:sameAs rdf:resource="http://dbpedia.org/resource/William_Hogarth" />
  </rdf:Description>
  <rdf:Description rdf:about="http://dbpedia.org/resource/John_Lewis_Krimmel">
    <dbpedia-owl:influencedBy rdf:resource="http://dbpedia.org/resource/William_Hogarth" />
    <dbpprop:influencedBy rdf:resource="http://dbpedia.org/resource/William_Hogarth" />
  </rdf:Description>
  <rdf:Description rdf:about="http://dbpedia.org/resource/William_Hogarth">
    <rdf:type rdf:resource="http://dbpedia.org/class/yago/EnglishEngravers" />
    <rdf:type rdf:resource="http://xmlns.com/foaf/0.1/Person" />
    <rdf:type rdf:resource="http://dbpedia.org/class/yago/Object100002684" />
    <rdf:type rdf:resource="http://dbpedia.org/class/yago/PeopleAssociatedWithTheRoyalSocietyOfArts" />
    <rdf:type rdf:resource="http://dbpedia.org/class/yago/EnglishPrintmakers" />
    <rdf:type rdf:resource="http://dbpedia.org/class/yago/Whole100003553" />
    <rdf:type rdf:resource="http://dbpedia.org/class/yago/Entertainer109616922" />
    <rdf:type rdf:resource="http://dbpedia.org/class/yago/PhysicalEntity100001930" />
    <rdf:type rdf:resource="http://dbpedia.org/class/yago/Parodist110400998" />
    <rdf:type rdf:resource="http://dbpedia.org/class/yago/Creator109614315" />
    <rdf:type rdf:resource="http://dbpedia.org/class/yago/Engraver110058155" />
    <rdf:type rdf:resource="http://dbpedia.org/class/yago/YagoLegalActorGeo" />
    <rdf:type rdf:resource="http://dbpedia.org/class/yago/Printmaker110475687" />
    <rdf:type rdf:resource="http://dbpedia.org/class/yago/LivingThing100004258" />
    <rdf:type rdf:resource="http://dbpedia.org/class/yago/Cartoonist109898346" />
    <rdf:type rdf:resource="http://dbpedia.org/class/yago/Caricaturist109896170" />
    <rdf:type rdf:resource="http://dbpedia.org/class/yago/EnglishPainters" />
    <rdf:type rdf:resource="http://dbpedia.org/class/yago/EnglishCartoonists" />
    <rdf:type rdf:resource="http://dbpedia.org/class/yago/Illustrator109812068" />
    <rdf:type rdf:resource="http://dbpedia.org/class/yago/Worker109632518" />
    <rdf:type rdf:resource="http://dbpedia.org/class/yago/CourtPainters" />
    <rdf:type rdf:resource="http://dbpedia.org/class/yago/CausalAgent100007347" />
    <rdf:type rdf:resource="http://dbpedia.org/class/yago/Organism100004475" />
    <rdf:type rdf:resource="http://dbpedia.org/class/yago/YagoLegalActor" />
    <rdf:type rdf:resource="http://dbpedia.org/class/yago/EnglishIllustrators" />
    <rdf:type rdf:resource="http://dbpedia.org/ontology/Agent" />
    <rdf:type rdf:resource="http://dbpedia.org/ontology/Person" />
    <rdf:type rdf:resource="http://dbpedia.org/class/yago/Person100007846" />
    <rdf:type rdf:resource="http://dbpedia.org/class/yago/Humorist110191943" />
    <rdf:type rdf:resource="http://schema.org/Person" />
    <rdf:type rdf:resource="http://dbpedia.org/class/yago/18th-centuryEnglishPeople" />
    <rdf:type rdf:resource="http://dbpedia.org/class/yago/EnglishArtists" />
    <rdf:type rdf:resource="http://dbpedia.org/class/yago/EnglishCaricaturists" />
    <rdf:type rdf:resource="http://dbpedia.org/class/yago/17th-centuryEnglishPeople" />
    <rdf:type rdf:resource="http://www.w3.org/2002/07/owl#Thing" />
    <rdf:type rdf:resource="http://dbpedia.org/class/yago/SkilledWorker110605985" />
    <rdf:type rdf:resource="http://dbpedia.org/class/yago/Painter110391653" />
    <rdf:type rdf:resource="http://dbpedia.org/class/yago/ArtistsFromLondon" />
    <rdf:type rdf:resource="http://dbpedia.org/class/yago/Artist109812338" />
    <rdf:type rdf:resource="http://dbpedia.org/class/yago/Draftsman110029068" />
    <owl:sameAs rdf:resource="http://als.dbpedia.org/resource/William_Hogarth" />
    <owl:sameAs rdf:resource="http://ca.dbpedia.org/resource/William_Hogarth" />
    <owl:sameAs rdf:resource="http://dbpedia.org/resource/William_Hogarth" />
    <owl:sameAs rdf:resource="http://da.dbpedia.org/resource/William_Hogarth" />
    <owl:sameAs rdf:resource="http://pl.dbpedia.org/resource/William_Hogarth" />
    <owl:sameAs rdf:resource="http://be_x_old.dbpedia.org/resource/Ўільям_Гогарт" />
    <owl:sameAs rdf:resource="http://no.dbpedia.org/resource/William_Hogarth" />
    <owl:sameAs rdf:resource="http://cs.dbpedia.org/resource/William_Hogarth" />
    <owl:sameAs rdf:resource="http://hy.dbpedia.org/resource/Ուիլյամ_Հոգարտ" />
    <owl:sameAs rdf:resource="http://hi.dbpedia.org/resource/विलियम_होगार्थ" />
    <owl:sameAs rdf:resource="http://be.dbpedia.org/resource/Уільям_Хогарт" />
    <owl:sameAs rdf:resource="http://ro.dbpedia.org/resource/William_Hogarth" />
    <owl:sameAs rdf:resource="http://new.dbpedia.org/resource/विलियम_होगार्थ" />
    <owl:sameAs rdf:resource="http://ko.dbpedia.org/resource/윌리엄_호가스" />
    <owl:sameAs rdf:resource="http://nl.dbpedia.org/resource/William_Hogarth" />
    <owl:sameAs rdf:resource="http://sr.dbpedia.org/resource/Вилијам_Хогарт" />
    <owl:sameAs rdf:resource="http://it.dbpedia.org/resource/William_Hogarth" />
    <owl:sameAs rdf:resource="http://simple.dbpedia.org/resource/William_Hogarth" />
    <owl:sameAs rdf:resource="http://hu.dbpedia.org/resource/William_Hogarth" />
    <owl:sameAs rdf:resource="http://fa.dbpedia.org/resource/ویلیام_هوگارت" />
    <owl:sameAs rdf:resource="http://bpy.dbpedia.org/resource/উইলিয়াম_হগার্থ" />
    <owl:sameAs rdf:resource="http://is.dbpedia.org/resource/William_Hogarth" />
    <owl:sameAs rdf:resource="http://sv.dbpedia.org/resource/William_Hogarth" />
    <owl:sameAs rdf:resource="http://es.dbpedia.org/resource/William_Hogarth" />
    <owl:sameAs rdf:resource="http://de.dbpedia.org/resource/William_Hogarth" />
    <owl:sameAs rdf:resource="http://el.dbpedia.org/resource/Ουΐλλιαμ_Χόγκαρθ" />
    <owl:sameAs rdf:resource="http://zh_yue.dbpedia.org/resource/William_Hogarth" />
    <owl:sameAs rdf:resource="http://sw.cyc.com/concept/Mx4rwMa-oZwpEbGdrcN5Y29ycA" />
    <owl:sameAs rdf:resource="http://ja.dbpedia.org/resource/ウィリアム・ホガース" />
    <owl:sameAs rdf:resource="http://eu.dbpedia.org/resource/William_Hogarth" />
    <owl:sameAs rdf:resource="http://ru.dbpedia.org/resource/Хогарт,_Уильям" />
    <owl:sameAs rdf:resource="http://ar.dbpedia.org/resource/وليم_هوجرت" />
    <owl:sameAs rdf:resource="http://war.dbpedia.org/resource/William_Hogarth" />
    <owl:sameAs rdf:resource="http://pt.dbpedia.org/resource/William_Hogarth" />
    <owl:sameAs rdf:resource="http://zh.dbpedia.org/resource/威廉·贺加斯" />
    <owl:sameAs rdf:resource="http://fi.dbpedia.org/resource/William_Hogarth" />
    <owl:sameAs rdf:resource="http://yago-knowledge.org/resource/William_Hogarth" />
    <owl:sameAs rdf:resource="http://eo.dbpedia.org/resource/William_Hogarth" />
    <owl:sameAs rdf:resource="http://zh_min_nan.dbpedia.org/resource/William_Hogarth" />
    <owl:sameAs rdf:resource="http://sk.dbpedia.org/resource/William_Hogarth" />
    <owl:sameAs rdf:resource="http://he.dbpedia.org/resource/ויליאם_הוגארת" />
    <owl:sameAs rdf:resource="http://sh.dbpedia.org/resource/William_Hogarth" />
    <owl:sameAs rdf:resource="http://fr.dbpedia.org/resource/William_Hogarth" />
    <owl:sameAs rdf:resource="http://uk.dbpedia.org/resource/Вільям_Гоґарт" />
    <owl:sameAs rdf:resource="http://vi.dbpedia.org/resource/William_Hogarth" />
    <owl:sameAs rdf:resource="http://tr.dbpedia.org/resource/William_Hogarth" />
    <owl:sameAs rdf:resource="http://www.wikidata.org/entity/Q171344" />
    <owl:sameAs rdf:resource="http://ta.dbpedia.org/resource/வில்லியம்_ஹோகார்த்" />
    <owl:sameAs rdf:resource="http://rdf.freebase.com/ns/m.0p_rx" />
    <owl:sameAs rdf:resource="http://hr.dbpedia.org/resource/William_Hogarth" />
    <owl:sameAs rdf:resource="http://mk.dbpedia.org/resource/Вилијам_Хогарт" />
    <owl:sameAs rdf:resource="http://bg.dbpedia.org/resource/Уилям_Хогарт" />
    <owl:sameAs rdf:resource="http://nn.dbpedia.org/resource/William_Hogarth" />
    <owl:sameAs rdf:resource="http://la.dbpedia.org/resource/Gulielmus_Hogarth" />
    <dcterms:subject rdf:resource="http://dbpedia.org/resource/Category:People_associated_with_the_Royal_Society_of_Arts" />
    <dcterms:subject rdf:resource="http://dbpedia.org/resource/Category:17th-century_English_people" />
    <dcterms:subject rdf:resource="http://dbpedia.org/resource/Category:1764_deaths" />
    <dcterms:subject rdf:resource="http://dbpedia.org/resource/Category:English_engravers" />
    <dcterms:subject rdf:resource="http://dbpedia.org/resource/Category:18th_century_in_London" />
    <dcterms:subject rdf:resource="http://dbpedia.org/resource/Category:Artists_from_London" />
    <dcterms:subject rdf:resource="http://dbpedia.org/resource/Category:English_illustrators" />
    <dcterms:subject rdf:resource="http://dbpedia.org/resource/Category:English_artists" />
    <dcterms:subject rdf:resource="http://dbpedia.org/resource/Category:English_caricaturists" />
    <dcterms:subject rdf:resource="http://dbpedia.org/resource/Category:Artist_authors" />
    <dcterms:subject rdf:resource="http://dbpedia.org/resource/Category:English_cartoonists" />
    <dcterms:subject rdf:resource="http://dbpedia.org/resource/Category:18th-century_English_people" />
    <dcterms:subject rdf:resource="http://dbpedia.org/resource/Category:Court_painters" />
    <dcterms:subject rdf:resource="http://dbpedia.org/resource/Category:1697_births" />
    <dcterms:subject rdf:resource="http://dbpedia.org/resource/Category:English_painters" />
    <dcterms:subject rdf:resource="http://dbpedia.org/resource/Category:English_printmakers" />
    <dbpedia-owl:abstract xml:lang="zh">威廉·贺加斯（英语：William Hogarth，1697年11月10日－1764年10月26日）是英国著名画家、版画家、讽刺画家和欧洲连环漫画的先驱。他的作品范围极广，从卓越的现实主义肖像画到连环画系列。他的许多作品经常讽刺和嘲笑当时的政治和风俗。后来这种风格被称为“贺加斯风格”。</dbpedia-owl:abstract>
    <dbpedia-owl:abstract xml:lang="it">È lo stesso artista a rivelarci le fonti da cui attinge per le sue opere, ovvero il teatro e la contemporanea letteratura inglese: « Ho voluto comporre pitture su tela simili a rappresentazioni sulle scene; e spero che vengano giudicate con lo stesso criterio; ho cercato di trattare il mio soggetto come autore drammatico; il mio quadro è il mio palcoscenico, e attori sono uomini e donne che per mezzo di atti e gesti figurano una pantomima.  » Hogarth, si inserisce in un contesto culturale in cui con l&#39;affermazione della borghesia e dei valori sociali di buon senso e rispettabilità, gli artisti inseriscono nei loro quadri una morale concreta e facilmente identificabile, unita al gusto del racconto e ad un&#39;analisi attenta degli aspetti reali e quotidiani.</dbpedia-owl:abstract>
    <dbpedia-owl:abstract xml:lang="de">William Hogarth, FRSA war ein sozialkritischer englischer Maler und Grafiker. Er gilt neben Thomas Gainsborough und Joshua Reynolds als bedeutendster englischer Maler des 18. Jahrhunderts. Als Vorläufer der modernen Karikaturisten prangerte er in Gemälden und Kupferstichen, die oft als mehrteilige Bildergeschichten erschienen, die Sitten und Gebräuche seiner Zeit schonungslos und mit beißender Ironie an.</dbpedia-owl:abstract>
    <dbpedia-owl:abstract xml:lang="en">William Hogarth (10 November 1697 – 26 October 1764) was an English painter, printmaker, pictorial satirist, social critic, and editorial cartoonist who has been credited with pioneering western sequential art. His work ranged from realistic portraiture to comic strip-like series of pictures called "modern moral subjects". Knowledge of his work is so pervasive that satirical political illustrations in this style are often referred to as "Hogarthian".</dbpedia-owl:abstract>
    <dbpedia-owl:abstract xml:lang="pl">William Hogarth – angielski malarz, miedziorytnik, twórca rysunkowych satyr i rycin, wolnomularz. Tworzył rysunki przypominające dzisiejsze komiksy. Syn nauczyciela szkolnego, parającego się też pisarstwem. W młodości uczeń Ellisa Gamble w Leicester Fields, od którego uczył się techniki miedziorytniczej, tworząc druki reklamowe itp. Hogarth żył w okresie, kiedy praca artystyczna była intensywnie komercjalizowana, wystawy już nie odbywały się w kościołach i w domach koneserów, ale w oknach sklepowych, tawernach, publicznych budynkach, a kopie dzieł twórców były już sprzedawane w drukarniach. Zdobył popularność jako portrecista i twórca scen figuralnych. W 1746 namalował aktora Davida Garricka jako Ryszarda III, za co został wynagrodzony kwotą £200, co stanowiło więcej, pisał, niż jakikolwiek angielski artysta kiedykolwiek otrzymał za jeden portret. W tym samym roku wyjątkowe powodzenie miał szkic przedstawiający Simona Frasera, 11. Lorda Lovat, uwięzionego za zdradę, a następnie ściętego na Tower Hill. Od 1731 Hogarth wydawał cykle rycin Progresses, były to satyryczne grafiki o moralizatorskim przesłaniu. W 1753 opublikował traktat The Analisys of Beauty (Analiza piękna), w 1757 został mianowany nadwornym malarzem króla Jerzego II. Hogarth był twórcą cyklicznych opowieści, których bohaterami byli ludzie źli, zepsuci i zdemoralizowani. W swoich dziełach tępił lenistwo i zepsucie, pokazując, że do dobrobytu prowadzą uczciwość, pracowitość i pobożność. Rozpusta czy nieuczciwość według dzieł Hogartha są przyczyną upadku, nędzy, szaleństwa czy śmierci. Artysta wywarł wpływ na wielu malarzy moralistów, m. in. Jeana Greuze&#39;a, Jacques&#39;a Davida i, zdaniem części krytyków, Francisca Goyę. Jego prace znajdują się przede wszystkim w zbiorach angielskich i amerykańskich.</dbpedia-owl:abstract>
    <dbpedia-owl:abstract xml:lang="sv">William Hogarth, född 10 november 1697 i London, död 26 oktober 1764 i London, var en engelsk målare, grafiker och karikatyrtecknare.</dbpedia-owl:abstract>
    <dbpedia-owl:abstract xml:lang="pt">William Hogarth foi um pintor, gravador e ilustrador inglês. Seu trabalho se estendeu de excelentes retratos realistas a histórias em quadrinhos como séries de imagens chamadas "assuntos morais modernos". Muito do seu trabalho, embora às vezes vicioso, satirizavam a política contemporânea e as alfândegas. Ilustrações de tal estilo são muitas vezes referidas como Hogartianas. 		 			Hogarth-satire-on-false-pespective-1753. jpg 			 Sátira sobre a Falsa Perspectiva de William Hogarth, 1754. 			 		 		 			HogarthMarriage. jpg 			 Breakfeast Scene de Marriage à la Mode, um dos seus mais famosos quadros é o óleo sobre tela e se encontra na National Gallery de Londres. , 1743.</dbpedia-owl:abstract>
    <dbpedia-owl:abstract xml:lang="ja">ウィリアム・ホガース（William Hogarth, 1697年11月10日 - 1764年10月26日）は、ロココ時代のイギリスの画家。 イギリスは、絵画史の面では長らく不毛の土地であり、ルネサンス期、バロック期を通じてハンス・ホルバイン、アンソニー・ヴァン・ダイクといった外国出身の画家を除いて、見るべき画家はいなかった。イギリス人画家による、イギリス独自の様式をもった絵画が生まれるのはようやく18世紀、ヨーロッパ大陸ではロココ美術が全盛の時であった。ホガースは、そうした18世紀のイギリス画壇を代表する国民的画家である。</dbpedia-owl:abstract>
    <dbpedia-owl:abstract xml:lang="nl">William Hogarth was een Engels kunstschilder en prentkunstenaar in de periode van de barok. Hij werd opgeleid als goudsmid en graveur, maar vervaardigde later ook paneel- en muurschilderingen, genrestukken en portretten, historiestukken en Bijbelse taferelen. In de periode 1718–1720 vestigde hij zich als zelfstandig graveur. Zijn eerste schilderwerk in olieverf ontstond pas in 1728. De daarin toegepaste thema&#39;s zijn gebaseerd op Engelse treurspelen uit die periode en zijn ook in de composities daarop georiënteerd, zoals The Beggar&#39;s Opera (ca. 1730, Tate Gallery, Londen. Hogarth brak met de traditie om de buitenlandse schilders als Holbein, Van Dijck en Lely na te volgen, waarop de kunstsmaak van de Engelsen zich altijd had gericht. Zijn prentwerk werd beïnvloed door de Franse kunstschilder, tekenaar en graveur Jacques Callot.</dbpedia-owl:abstract>
    <dbpedia-owl:abstract xml:lang="es">William Hogarth fue un artista británico, grabador, ilustrador y pintor satírico. Se le considera pionero de las historietas occidentales. Su obra varía desde el excelente retrato realista a una serie de pinturas al estilo de los cómics llamadas «costumbres morales modernas». Mucha de su obra, que llega a veces a ser despiadada, se burla de las costumbres y la política contemporáneos. Es el gran maestro de la sátira social y política, en contacto directo con la literatura contemporánea de un Henry Fielding. Se le considera uno de los «padres» de la escuela artística británica, tras varios siglos de predominio de artistas extranjeros en el país.</dbpedia-owl:abstract>
    <dbpedia-owl:abstract xml:lang="ru">Уи́льям Хо́гарт — английский художник, основатель и крупный представитель национальной школы живописи, иллюстратор, автор сатирических гравюр, открыватель новых жанров в живописи и графике. Многие свои произведения художник, испытавший на себе влияние идей философов Просвещения, подчинил задаче воспитания с помощью художественного творчества нравственного начала в человеке и искоренения пороков.</dbpedia-owl:abstract>
    <dbpedia-owl:abstract xml:lang="fr">William Hogarth est un peintre et graveur anglais du XVIII siècle.</dbpedia-owl:abstract>
    <dbpedia-owl:birthDate rdf:datatype="http://www.w3.org/2001/XMLSchema#date">1697-11-10</dbpedia-owl:birthDate>
    <dbpedia-owl:birthPlace rdf:resource="http://dbpedia.org/resource/Kingdom_of_Great_Britain" />
    <dbpedia-owl:birthYear rdf:datatype="http://www.w3.org/2001/XMLSchema#gYear">1697-01-01T00:00:00+02:00</dbpedia-owl:birthYear>
    <dbpedia-owl:deathDate rdf:datatype="http://www.w3.org/2001/XMLSchema#date">1764-10-26</dbpedia-owl:deathDate>
    <dbpedia-owl:deathPlace rdf:resource="http://dbpedia.org/resource/Kingdom_of_Great_Britain" />
    <dbpedia-owl:deathYear rdf:datatype="http://www.w3.org/2001/XMLSchema#gYear">1764-01-01T00:00:00+02:00</dbpedia-owl:deathYear>
    <dbpedia-owl:occupation rdf:resource="http://dbpedia.org/resource/Engraving" />
    <dbpedia-owl:occupation rdf:resource="http://dbpedia.org/resource/William_Hogarth__1" />
    <dbpedia-owl:occupation rdf:resource="http://dbpedia.org/resource/Satire" />
    <dbpedia-owl:occupation rdf:resource="http://dbpedia.org/resource/Painting" />
    <dbpedia-owl:restingPlace rdf:resource="http://dbpedia.org/resource/Chiswick" />
    <dbpedia-owl:spouse rdf:resource="http://dbpedia.org/resource/James_Thornhill" />
    <dbpedia-owl:wikiPageID rdf:datatype="http://www.w3.org/2001/XMLSchema#integer">103020</dbpedia-owl:wikiPageID>
    <dbpedia-owl:wikiPageRevisionID rdf:datatype="http://www.w3.org/2001/XMLSchema#integer">548403860</dbpedia-owl:wikiPageRevisionID>
    <rdfs:label xml:lang="pt">William Hogarth</rdfs:label>
    <rdfs:label xml:lang="ru">Хогарт, Уильям</rdfs:label>
    <rdfs:label xml:lang="pl">William Hogarth</rdfs:label>
    <rdfs:label xml:lang="nl">William Hogarth</rdfs:label>
    <rdfs:label xml:lang="sv">William Hogarth</rdfs:label>
    <rdfs:label xml:lang="it">William Hogarth</rdfs:label>
    <rdfs:label xml:lang="de">William Hogarth</rdfs:label>
    <rdfs:label xml:lang="fr">William Hogarth</rdfs:label>
    <rdfs:label xml:lang="ja">ウィリアム・ホガース</rdfs:label>
    <rdfs:label xml:lang="zh">威廉·贺加斯</rdfs:label>
    <rdfs:label xml:lang="en">William Hogarth</rdfs:label>
    <rdfs:label xml:lang="es">William Hogarth</rdfs:label>
    <foaf:depiction rdf:resource="http://upload.wikimedia.org/wikipedia/commons/5/5a/William_Hogarth_006.jpg" />
    <rdfs:comment xml:lang="en">William Hogarth (10 November 1697 – 26 October 1764) was an English painter, printmaker, pictorial satirist, social critic, and editorial cartoonist who has been credited with pioneering western sequential art. His work ranged from realistic portraiture to comic strip-like series of pictures called "modern moral subjects". Knowledge of his work is so pervasive that satirical political illustrations in this style are often referred to as "Hogarthian".</rdfs:comment>
    <rdfs:comment xml:lang="fr">William Hogarth est un peintre et graveur anglais du XVIII siècle.</rdfs:comment>
    <rdfs:comment xml:lang="zh">威廉·贺加斯（英语：William Hogarth，1697年11月10日－1764年10月26日）是英国著名画家、版画家、讽刺画家和欧洲连环漫画的先驱。他的作品范围极广，从卓越的现实主义肖像画到连环画系列。他的许多作品经常讽刺和嘲笑当时的政治和风俗。后来这种风格被称为“贺加斯风格”。</rdfs:comment>
    <rdfs:comment xml:lang="ru">Уи́льям Хо́гарт — английский художник, основатель и крупный представитель национальной школы живописи, иллюстратор, автор сатирических гравюр, открыватель новых жанров в живописи и графике. Многие свои произведения художник, испытавший на себе влияние идей философов Просвещения, подчинил задаче воспитания с помощью художественного творчества нравственного начала в человеке и искоренения пороков.</rdfs:comment>
    <rdfs:comment xml:lang="nl">William Hogarth was een Engels kunstschilder en prentkunstenaar in de periode van de barok. Hij werd opgeleid als goudsmid en graveur, maar vervaardigde later ook paneel- en muurschilderingen, genrestukken en portretten, historiestukken en Bijbelse taferelen. In de periode 1718–1720 vestigde hij zich als zelfstandig graveur. Zijn eerste schilderwerk in olieverf ontstond pas in 1728.</rdfs:comment>
    <rdfs:comment xml:lang="it">È lo stesso artista a rivelarci le fonti da cui attinge per le sue opere, ovvero il teatro e la contemporanea letteratura inglese: « Ho voluto comporre pitture su tela simili a rappresentazioni sulle scene; e spero che vengano giudicate con lo stesso criterio; ho cercato di trattare il mio soggetto come autore drammatico; il mio quadro è il mio palcoscenico, e attori sono uomini e donne che per mezzo di atti e gesti figurano una pantomima.</rdfs:comment>
    <rdfs:comment xml:lang="pt">William Hogarth foi um pintor, gravador e ilustrador inglês. Seu trabalho se estendeu de excelentes retratos realistas a histórias em quadrinhos como séries de imagens chamadas "assuntos morais modernos". Muito do seu trabalho, embora às vezes vicioso, satirizavam a política contemporânea e as alfândegas. Ilustrações de tal estilo são muitas vezes referidas como Hogartianas. 		 			Hogarth-satire-on-false-pespective-1753. jpg 			 Sátira sobre a Falsa Perspectiva de William Hogarth, 1754.</rdfs:comment>
    <rdfs:comment xml:lang="es">William Hogarth fue un artista británico, grabador, ilustrador y pintor satírico. Se le considera pionero de las historietas occidentales. Su obra varía desde el excelente retrato realista a una serie de pinturas al estilo de los cómics llamadas «costumbres morales modernas». Mucha de su obra, que llega a veces a ser despiadada, se burla de las costumbres y la política contemporáneos.</rdfs:comment>
    <rdfs:comment xml:lang="de">William Hogarth, FRSA war ein sozialkritischer englischer Maler und Grafiker. Er gilt neben Thomas Gainsborough und Joshua Reynolds als bedeutendster englischer Maler des 18. Jahrhunderts. Als Vorläufer der modernen Karikaturisten prangerte er in Gemälden und Kupferstichen, die oft als mehrteilige Bildergeschichten erschienen, die Sitten und Gebräuche seiner Zeit schonungslos und mit beißender Ironie an.</rdfs:comment>
    <rdfs:comment xml:lang="pl">William Hogarth – angielski malarz, miedziorytnik, twórca rysunkowych satyr i rycin, wolnomularz. Tworzył rysunki przypominające dzisiejsze komiksy. Syn nauczyciela szkolnego, parającego się też pisarstwem. W młodości uczeń Ellisa Gamble w Leicester Fields, od którego uczył się techniki miedziorytniczej, tworząc druki reklamowe itp.</rdfs:comment>
    <rdfs:comment xml:lang="ja">ウィリアム・ホガース（William Hogarth, 1697年11月10日 - 1764年10月26日）は、ロココ時代のイギリスの画家。 イギリスは、絵画史の面では長らく不毛の土地であり、ルネサンス期、バロック期を通じてハンス・ホルバイン、アンソニー・ヴァン・ダイクといった外国出身の画家を除いて、見るべき画家はいなかった。イギリス人画家による、イギリス独自の様式をもった絵画が生まれるのはようやく18世紀、ヨーロッパ大陸ではロココ美術が全盛の時であった。ホガースは、そうした18世紀のイギリス画壇を代表する国民的画家である。</rdfs:comment>
    <rdfs:comment xml:lang="sv">William Hogarth, född 10 november 1697 i London, död 26 oktober 1764 i London, var en engelsk målare, grafiker och karikatyrtecknare.</rdfs:comment>
    <foaf:name xml:lang="en">William  Hogarth</foaf:name>
    <foaf:name xml:lang="en">William Hogarth</foaf:name>
    <dbpedia-owl:thumbnail rdf:resource="http://upload.wikimedia.org/wikipedia/commons/thumb/5/5a/William_Hogarth_006.jpg/200px-William_Hogarth_006.jpg" />
    <dbpedia-owl:wikiPageExternalLink rdf:resource="http://www.gresham.ac.uk/lectures-and-events/hogarths-london" />
    <dbpedia-owl:wikiPageExternalLink rdf:resource="http://www.william-hogarth.de" />
    <dbpedia-owl:wikiPageExternalLink rdf:resource="http://books.google.com/books?id=nwgIAAAAMAAJ&amp;dq=%22William+Hogarth%22" />
    <dbpedia-owl:wikiPageExternalLink rdf:resource="http://www.gutenberg.org/etext/22500" />
    <dbpedia-owl:wikiPageExternalLink rdf:resource="http://www.artoftheprint.com/artistpages/hogarth_william_arakesprogresscompletesetofeight.htm" />
    <dbpedia-owl:wikiPageExternalLink rdf:resource="http://www.youtube.com/watch?v=QMtz9ciE9M0" />
    <dbpedia-owl:wikiPageExternalLink rdf:resource="http://www.litencyc.com/php/sworks.php?rec=true&amp;UID=12984" />
    <dbpedia-owl:wikiPageExternalLink rdf:resource="http://www.museen-sh.de/ml/digicult.php?digiID=200.6887466&amp;s=2" />
    <dbpedia-owl:wikiPageExternalLink rdf:resource="http://maps.google.co.uk/maps?f=q&amp;hl=en&amp;q=51.485794,+-0.250366&amp;layer=&amp;ie=UTF8&amp;om=1&amp;z=18&amp;ll=51.485913,-0.250368&amp;spn=0.001466,0.005407&amp;t=k" />
    <dbpedia-owl:wikiPageExternalLink rdf:resource="http://www.artble.com/artists/william_hogarth" />
    <dbpedia-owl:wikiPageExternalLink rdf:resource="http://www.paul-holberton.net/hogarth-france-and-british-art,product,view,66,2,,.html" />
    <dbpedia-owl:wikiPageExternalLink rdf:resource="http://www.tate.org.uk/britain/exhibitions/hogarth/" />
    <dbpedia-owl:wikiPageExternalLink rdf:resource="http://www.nationalgallery.org.uk/artists/william-hogarth" />
    <dbpedia-owl:wikiPageExternalLink rdf:resource="http://em.oxfordjournals.org/content/37/4/577.full?i.jkey=Tz66pLM8Tg9PduD&amp;keytype=ref" />
    <dbpedia-owl:wikiPageExternalLink rdf:resource="http://www.wikigallery.org/wiki/artist37721/William-Hogarth/page-1" />
    <dbpedia-owl:wikiPageExternalLink rdf:resource="http://channel.tate.org.uk/media/26405873001" />
    <dbpedia-owl:wikiPageExternalLink rdf:resource="http://exhibits.library.northwestern.edu/spec/hogarth/index.html" />
    <dbpprop:birthDate rdf:datatype="http://www.w3.org/2001/XMLSchema#date">1697-11-10</dbpprop:birthDate>
    <dbpprop:birthPlace xml:lang="en">London, England</dbpprop:birthPlace>
    <dbpprop:caption xml:lang="en">William Hogarth, Painter and his Pug, 1745</dbpprop:caption>
    <dbpprop:dateOfBirth rdf:datatype="http://www.w3.org/2001/XMLSchema#integer">1697</dbpprop:dateOfBirth>
    <dbpprop:dateOfDeath rdf:datatype="http://www.w3.org/2001/XMLSchema#integer">1764</dbpprop:dateOfDeath>
    <dbpprop:deathDate rdf:datatype="http://www.w3.org/2001/XMLSchema#date">1764-10-26</dbpprop:deathDate>
    <dbpprop:deathPlace xml:lang="en">London, England</dbpprop:deathPlace>
    <dbpprop:name xml:lang="en">Hogarth, William</dbpprop:name>
    <dbpprop:name xml:lang="en">William  Hogarth</dbpprop:name>
    <dbpprop:occupation rdf:resource="http://dbpedia.org/resource/Engraving" />
    <dbpprop:occupation rdf:resource="http://dbpedia.org/resource/Satire" />
    <dbpprop:occupation rdf:resource="http://dbpedia.org/resource/Painting" />
    <dbpprop:placeOfBirth xml:lang="en">London, England, Great Britain</dbpprop:placeOfBirth>
    <dbpprop:placeOfDeath xml:lang="en">London, England, Great Britain</dbpprop:placeOfDeath>
    <dbpprop:restingPlace xml:lang="en">St. Nicholas&#39;s Churchyard, Chiswick Mall, Chiswick, London</dbpprop:restingPlace>
    <dbpprop:shortDescription rdf:resource="http://dbpedia.org/resource/Engraving" />
    <dbpprop:shortDescription rdf:resource="http://dbpedia.org/resource/Satire" />
    <dbpprop:shortDescription rdf:resource="http://dbpedia.org/resource/Painting" />
    <dbpprop:spouse xml:lang="en">Jane Thornhill, daughter of Sir James Thornhill</dbpprop:spouse>
    <foaf:givenName xml:lang="en">William</foaf:givenName>
    <foaf:isPrimaryTopicOf rdf:resource="http://en.wikipedia.org/wiki/William_Hogarth" />
    <dc:description xml:lang="en">Painter, engraver, satirist</dc:description>
    <ns8:wasDerivedFrom rdf:resource="http://en.wikipedia.org/wiki/William_Hogarth?oldid=548403860" />
    <dbpprop:hasPhotoCollection rdf:resource="http://wifo5-03.informatik.uni-mannheim.de/flickrwrappr/photos/William_Hogarth" />
    <foaf:surname xml:lang="en">Hogarth</foaf:surname>
  </rdf:Description>
  <rdf:Description rdf:about="http://cs.dbpedia.org/resource/William_Hogarth">
    <owl:sameAs rdf:resource="http://dbpedia.org/resource/William_Hogarth" />
  </rdf:Description>
  <rdf:Description rdf:about="http://ko.dbpedia.org/resource/윌리엄_호가스">
    <owl:sameAs rdf:resource="http://dbpedia.org/resource/William_Hogarth" />
  </rdf:Description>
  <rdf:Description rdf:about="http://pl.dbpedia.org/resource/William_Hogarth">
    <owl:sameAs rdf:resource="http://dbpedia.org/resource/William_Hogarth" />
  </rdf:Description>
  <rdf:Description rdf:about="http://ru.dbpedia.org/resource/Хогарт,_Уильям">
    <owl:sameAs rdf:resource="http://dbpedia.org/resource/William_Hogarth" />
  </rdf:Description>
  <rdf:Description rdf:about="http://dbpedia.org/resource/The_March_of_the_Guards_to_Finchley">
    <dbpedia-owl:author rdf:resource="http://dbpedia.org/resource/William_Hogarth" />
    <dbpprop:artist rdf:resource="http://dbpedia.org/resource/William_Hogarth" />
  </rdf:Description>
  <rdf:Description rdf:about="http://es.dbpedia.org/resource/William_Hogarth">
    <owl:sameAs rdf:resource="http://dbpedia.org/resource/William_Hogarth" />
  </rdf:Description>
  <rdf:Description rdf:about="http://ja.dbpedia.org/resource/ウィリアム・ホガース">
    <owl:sameAs rdf:resource="http://dbpedia.org/resource/William_Hogarth" />
  </rdf:Description>
  <rdf:Description rdf:about="http://dbpedia.org/resource/Hogarth_Painting_the_Comic_Muse">
    <dbpedia-owl:author rdf:resource="http://dbpedia.org/resource/William_Hogarth" />
    <dbpprop:artist rdf:resource="http://dbpedia.org/resource/William_Hogarth" />
  </rdf:Description>
  <rdf:Description rdf:about="http://dbpedia.org/resource/The_Enraged_Musician">
    <dbpedia-owl:author rdf:resource="http://dbpedia.org/resource/William_Hogarth" />
    <dbpprop:artist rdf:resource="http://dbpedia.org/resource/William_Hogarth" />
  </rdf:Description>
  <rdf:Description rdf:about="http://dbpedia.org/resource/Marriage_%C3%A0-la-mode:_6._The_Lady&#39;s_Death">
    <dbpedia-owl:author rdf:resource="http://dbpedia.org/resource/William_Hogarth" />
  </rdf:Description>
  <rdf:Description rdf:about="http://dbpedia.org/resource/A_Just_View_of_the_British_Stage">
    <dbpedia-owl:author rdf:resource="http://dbpedia.org/resource/William_Hogarth" />
    <dbpprop:artist rdf:resource="http://dbpedia.org/resource/William_Hogarth" />
  </rdf:Description>
  <rdf:Description rdf:about="http://dbpedia.org/resource/Strolling_Actresses_Dressing_in_a_Barn">
    <dbpedia-owl:author rdf:resource="http://dbpedia.org/resource/William_Hogarth" />
    <dbpprop:artist rdf:resource="http://dbpedia.org/resource/William_Hogarth" />
  </rdf:Description>
  <rdf:Description rdf:about="http://dbpedia.org/resource/The_Shrimp_Girl">
    <dbpedia-owl:author rdf:resource="http://dbpedia.org/resource/William_Hogarth" />
    <dbpprop:artist rdf:resource="http://dbpedia.org/resource/William_Hogarth" />
  </rdf:Description>
  <rdf:Description rdf:about="http://dbpedia.org/resource/Satire_on_False_Perspective">
    <dbpedia-owl:author rdf:resource="http://dbpedia.org/resource/William_Hogarth" />
  </rdf:Description>
  <rdf:Description rdf:about="http://dbpedia.org/resource/Bedlam_(film)">
    <dbpedia-owl:writer rdf:resource="http://dbpedia.org/resource/William_Hogarth" />
    <dbpprop:writer rdf:resource="http://dbpedia.org/resource/William_Hogarth" />
  </rdf:Description>
  <rdf:Description rdf:about="http://dbpedia.org/resource/Columbus_Breaking_the_Egg">
    <dbpedia-owl:author rdf:resource="http://dbpedia.org/resource/William_Hogarth" />
    <dbpprop:artist rdf:resource="http://dbpedia.org/resource/William_Hogarth" />
  </rdf:Description>
  <rdf:Description rdf:about="http://dbpedia.org/resource/Characters_and_Caricaturas">
    <dbpedia-owl:author rdf:resource="http://dbpedia.org/resource/William_Hogarth" />
    <dbpprop:artist rdf:resource="http://dbpedia.org/resource/William_Hogarth" />
  </rdf:Description>
  <rdf:Description rdf:about="http://dbpedia.org/resource/David_Garrick_as_Richard_III">
    <dbpedia-owl:author rdf:resource="http://dbpedia.org/resource/William_Hogarth" />
    <dbpprop:artist rdf:resource="http://dbpedia.org/resource/William_Hogarth" />
  </rdf:Description>
  <rdf:Description rdf:about="http://dbpedia.org/resource/The_Gate_of_Calais">
    <dbpedia-owl:author rdf:resource="http://dbpedia.org/resource/William_Hogarth" />
    <dbpprop:artist rdf:resource="http://dbpedia.org/resource/William_Hogarth" />
  </rdf:Description>
  <rdf:Description rdf:about="http://dbpedia.org/resource/John_Quidor">
    <dbpedia-owl:influencedBy rdf:resource="http://dbpedia.org/resource/William_Hogarth" />
    <dbpprop:influencedBy rdf:resource="http://dbpedia.org/resource/William_Hogarth" />
  </rdf:Description>
  <rdf:Description rdf:about="http://dbpedia.org/resource/Taste_in_High_Life">
    <dbpedia-owl:author rdf:resource="http://dbpedia.org/resource/William_Hogarth" />
    <dbpprop:artist rdf:resource="http://dbpedia.org/resource/William_Hogarth" />
  </rdf:Description>
  <rdf:Description rdf:about="http://it.dbpedia.org/resource/William_Hogarth">
    <owl:sameAs rdf:resource="http://dbpedia.org/resource/William_Hogarth" />
  </rdf:Description>
  <rdf:Description rdf:about="http://pt.dbpedia.org/resource/William_Hogarth">
    <owl:sameAs rdf:resource="http://dbpedia.org/resource/William_Hogarth" />
  </rdf:Description>
  <rdf:Description rdf:about="http://dbpedia.org/resource/Emblematical_Print_on_the_South_Sea_Scheme">
    <dbpedia-owl:author rdf:resource="http://dbpedia.org/resource/William_Hogarth" />
    <dbpprop:artist rdf:resource="http://dbpedia.org/resource/William_Hogarth" />
  </rdf:Description>
  <rdf:Description rdf:about="http://dbpedia.org/resource/Credulity,_Superstition,_and_Fanaticism">
    <dbpedia-owl:author rdf:resource="http://dbpedia.org/resource/William_Hogarth" />
    <dbpprop:artist rdf:resource="http://dbpedia.org/resource/William_Hogarth" />
  </rdf:Description>
  <rdf:Description rdf:about="http://dbpedia.org/resource/Marriage_%C3%A0-la-mode:_5._The_Bagnio">
    <dbpedia-owl:author rdf:resource="http://dbpedia.org/resource/William_Hogarth" />
  </rdf:Description>
  <rdf:Description rdf:about="http://dbpedia.org/resource/Marriage_%C3%A0-la-mode:_4._The_Toilette">
    <dbpedia-owl:author rdf:resource="http://dbpedia.org/resource/William_Hogarth" />
  </rdf:Description>
  <rdf:Description rdf:about="http://dbpedia.org/resource/The_Bench_(Hogarth)">
    <dbpedia-owl:author rdf:resource="http://dbpedia.org/resource/William_Hogarth" />
    <dbpprop:artist rdf:resource="http://dbpedia.org/resource/William_Hogarth" />
  </rdf:Description>
  <rdf:Description rdf:about="http://en.wikipedia.org/wiki/William_Hogarth">
    <foaf:primaryTopic rdf:resource="http://dbpedia.org/resource/William_Hogarth" />
  </rdf:Description>
  <rdf:Description rdf:about="http://dbpedia.org/resource/Hogarth">
    <dbpedia-owl:wikiPageDisambiguates rdf:resource="http://dbpedia.org/resource/William_Hogarth" />
  </rdf:Description>
  <rdf:Description rdf:about="http://dbpedia.org/resource/Marriage_%C3%A0-la-mode:_1._The_Marriage_Settlement">
    <dbpedia-owl:author rdf:resource="http://dbpedia.org/resource/William_Hogarth" />
  </rdf:Description>
  <rdf:Description rdf:about="http://dbpedia.org/resource/Hogarthean">
    <dbpedia-owl:wikiPageRedirects rdf:resource="http://dbpedia.org/resource/William_Hogarth" />
  </rdf:Description>
  <rdf:Description rdf:about="http://dbpedia.org/resource/Hogarthian">
    <dbpedia-owl:wikiPageRedirects rdf:resource="http://dbpedia.org/resource/William_Hogarth" />
  </rdf:Description>
  <rdf:Description rdf:about="http://dbpedia.org/resource/W._Hogarth">
    <dbpedia-owl:wikiPageRedirects rdf:resource="http://dbpedia.org/resource/William_Hogarth" />
  </rdf:Description>
  <rdf:Description rdf:about="http://dbpedia.org/resource/Captain_Lord_George_Graham_in_his_Cabin">
    <dbpedia-owl:author rdf:resource="http://dbpedia.org/resource/William_Hogarth" />
    <dbpprop:artist rdf:resource="http://dbpedia.org/resource/William_Hogarth" />
  </rdf:Description>
  <rdf:Description rdf:about="http://nl.dbpedia.org/resource/William_Hogarth">
    <owl:sameAs rdf:resource="http://dbpedia.org/resource/William_Hogarth" />
  </rdf:Description>
  <rdf:Description rdf:about="http://eu.dbpedia.org/resource/William_Hogarth">
    <owl:sameAs rdf:resource="http://dbpedia.org/resource/William_Hogarth" />
  </rdf:Description>
  <rdf:Description rdf:about="http://wikidata.dbpedia.org/resource/Q171344">
    <owl:sameAs rdf:resource="http://dbpedia.org/resource/William_Hogarth" />
  </rdf:Description>
  <rdf:Description rdf:about="http://el.dbpedia.org/resource/Ουΐλλιαμ_Χόγκαρθ">
    <owl:sameAs rdf:resource="http://dbpedia.org/resource/William_Hogarth" />
  </rdf:Description>
  <rdf:Description rdf:about="http://zh.dbpedia.org/resource/威廉·贺加斯">
    <owl:sameAs rdf:resource="http://dbpedia.org/resource/William_Hogarth" />
  </rdf:Description>
  <rdf:Description rdf:about="http://ar.dbpedia.org/resource/وليم_هوجرت">
    <owl:sameAs rdf:resource="http://dbpedia.org/resource/William_Hogarth" />
  </rdf:Description>
  <rdf:Description rdf:about="http://be.dbpedia.org/resource/Уільям_Хогарт">
    <owl:sameAs rdf:resource="http://dbpedia.org/resource/William_Hogarth" />
  </rdf:Description>
  <rdf:Description rdf:about="http://bg.dbpedia.org/resource/Уилям_Хогарт">
    <owl:sameAs rdf:resource="http://dbpedia.org/resource/William_Hogarth" />
  </rdf:Description>
  <rdf:Description rdf:about="http://ca.dbpedia.org/resource/William_Hogarth">
    <owl:sameAs rdf:resource="http://dbpedia.org/resource/William_Hogarth" />
  </rdf:Description>
  <rdf:Description rdf:about="http://da.dbpedia.org/resource/William_Hogarth">
    <owl:sameAs rdf:resource="http://dbpedia.org/resource/William_Hogarth" />
  </rdf:Description>
  <rdf:Description rdf:about="http://eo.dbpedia.org/resource/William_Hogarth">
    <owl:sameAs rdf:resource="http://dbpedia.org/resource/William_Hogarth" />
  </rdf:Description>
  <rdf:Description rdf:about="http://fa.dbpedia.org/resource/ویلیام_هوگارت">
    <owl:sameAs rdf:resource="http://dbpedia.org/resource/William_Hogarth" />
  </rdf:Description>
  <rdf:Description rdf:about="http://fi.dbpedia.org/resource/William_Hogarth">
    <owl:sameAs rdf:resource="http://dbpedia.org/resource/William_Hogarth" />
  </rdf:Description>
  <rdf:Description rdf:about="http://he.dbpedia.org/resource/ויליאם_הוגארת">
    <owl:sameAs rdf:resource="http://dbpedia.org/resource/William_Hogarth" />
  </rdf:Description>
  <rdf:Description rdf:about="http://hi.dbpedia.org/resource/विलियम_होगार्थ">
    <owl:sameAs rdf:resource="http://dbpedia.org/resource/William_Hogarth" />
  </rdf:Description>
  <rdf:Description rdf:about="http://hr.dbpedia.org/resource/William_Hogarth">
    <owl:sameAs rdf:resource="http://dbpedia.org/resource/William_Hogarth" />
  </rdf:Description>
  <rdf:Description rdf:about="http://hu.dbpedia.org/resource/William_Hogarth">
    <owl:sameAs rdf:resource="http://dbpedia.org/resource/William_Hogarth" />
  </rdf:Description>
  <rdf:Description rdf:about="http://hy.dbpedia.org/resource/Ուիլյամ_Հոգարտ">
    <owl:sameAs rdf:resource="http://dbpedia.org/resource/William_Hogarth" />
  </rdf:Description>
  <rdf:Description rdf:about="http://is.dbpedia.org/resource/William_Hogarth">
    <owl:sameAs rdf:resource="http://dbpedia.org/resource/William_Hogarth" />
  </rdf:Description>
  <rdf:Description rdf:about="http://la.dbpedia.org/resource/Gulielmus_Hogarth">
    <owl:sameAs rdf:resource="http://dbpedia.org/resource/William_Hogarth" />
  </rdf:Description>
  <rdf:Description rdf:about="http://mk.dbpedia.org/resource/Вилијам_Хогарт">
    <owl:sameAs rdf:resource="http://dbpedia.org/resource/William_Hogarth" />
  </rdf:Description>
  <rdf:Description rdf:about="http://nn.dbpedia.org/resource/William_Hogarth">
    <owl:sameAs rdf:resource="http://dbpedia.org/resource/William_Hogarth" />
  </rdf:Description>
  <rdf:Description rdf:about="http://no.dbpedia.org/resource/William_Hogarth">
    <owl:sameAs rdf:resource="http://dbpedia.org/resource/William_Hogarth" />
  </rdf:Description>
  <rdf:Description rdf:about="http://ro.dbpedia.org/resource/William_Hogarth">
    <owl:sameAs rdf:resource="http://dbpedia.org/resource/William_Hogarth" />
  </rdf:Description>
  <rdf:Description rdf:about="http://sh.dbpedia.org/resource/William_Hogarth">
    <owl:sameAs rdf:resource="http://dbpedia.org/resource/William_Hogarth" />
  </rdf:Description>
  <rdf:Description rdf:about="http://simple.dbpedia.org/resource/William_Hogarth">
    <owl:sameAs rdf:resource="http://dbpedia.org/resource/William_Hogarth" />
  </rdf:Description>
  <rdf:Description rdf:about="http://sk.dbpedia.org/resource/William_Hogarth">
    <owl:sameAs rdf:resource="http://dbpedia.org/resource/William_Hogarth" />
  </rdf:Description>
  <rdf:Description rdf:about="http://sr.dbpedia.org/resource/Вилијам_Хогарт">
    <owl:sameAs rdf:resource="http://dbpedia.org/resource/William_Hogarth" />
  </rdf:Description>
  <rdf:Description rdf:about="http://sv.dbpedia.org/resource/William_Hogarth">
    <owl:sameAs rdf:resource="http://dbpedia.org/resource/William_Hogarth" />
  </rdf:Description>
  <rdf:Description rdf:about="http://ta.dbpedia.org/resource/வில்லியம்_ஹோகார்த்">
    <owl:sameAs rdf:resource="http://dbpedia.org/resource/William_Hogarth" />
  </rdf:Description>
  <rdf:Description rdf:about="http://tr.dbpedia.org/resource/William_Hogarth">
    <owl:sameAs rdf:resource="http://dbpedia.org/resource/William_Hogarth" />
  </rdf:Description>
  <rdf:Description rdf:about="http://uk.dbpedia.org/resource/Вільям_Гоґарт">
    <owl:sameAs rdf:resource="http://dbpedia.org/resource/William_Hogarth" />
  </rdf:Description>
  <rdf:Description rdf:about="http://vi.dbpedia.org/resource/William_Hogarth">
    <owl:sameAs rdf:resource="http://dbpedia.org/resource/William_Hogarth" />
  </rdf:Description>
  <rdf:Description rdf:about="http://war.dbpedia.org/resource/William_Hogarth">
    <owl:sameAs rdf:resource="http://dbpedia.org/resource/William_Hogarth" />
  </rdf:Description>
  <rdf:Description rdf:about="http://als.dbpedia.org/resource/William_Hogarth">
    <owl:sameAs rdf:resource="http://dbpedia.org/resource/William_Hogarth" />
  </rdf:Description>
  <rdf:Description rdf:about="http://be_x_old.dbpedia.org/resource/Ўільям_Гогарт">
    <owl:sameAs rdf:resource="http://dbpedia.org/resource/William_Hogarth" />
  </rdf:Description>
  <rdf:Description rdf:about="http://bpy.dbpedia.org/resource/উইলিয়াম_হগার্থ">
    <owl:sameAs rdf:resource="http://dbpedia.org/resource/William_Hogarth" />
  </rdf:Description>
  <rdf:Description rdf:about="http://new.dbpedia.org/resource/विलियम_होगार्थ">
    <owl:sameAs rdf:resource="http://dbpedia.org/resource/William_Hogarth" />
  </rdf:Description>
  <rdf:Description rdf:about="http://zh_min_nan.dbpedia.org/resource/William_Hogarth">
    <owl:sameAs rdf:resource="http://dbpedia.org/resource/William_Hogarth" />
  </rdf:Description>
  <rdf:Description rdf:about="http://zh_yue.dbpedia.org/resource/William_Hogarth">
    <owl:sameAs rdf:resource="http://dbpedia.org/resource/William_Hogarth" />
  </rdf:Description>
</rdf:RDF>
